2.53768,3.606117,1.2986412,7.8415427,-0.10892379,-0.4880035,1.7476437,0.093036294
1.6688437,4.957718,1.410022,7.8523183,-0.108014464,-0.5455618,2.6634135,-0.1437191
1.470146,4.5793056,1.4752879,7.859897,-0.13138604,-0.56593776,2.5143623,0.06375098
2.4654322,4.1740365,1.2757082,7.905651,-0.1324377,-0.61570597,1.545618,-0.21068466
2.0721035,2.0519052,1.1364293,7.9942946,-0.10421324,-0.5733352,1.4563513,0.03747797
1.5918384,2.2585793,0.84917164,7.9887056,-0.11753011,-0.602052,2.139696,0.36566114
1.7914329,2.2181408,0.9364159,7.9254856,-0.15964639,-0.48688602,2.1556828,0.88148975
2.018763,2.1107314,0.8706645,7.882573,-0.15449643,-0.4894855,2.3212016,0.7926084
1.4666848,2.0809672,1.2361844,7.8554673,-0.14814496,-0.52599,2.1997058,-0.39108878
1.4588153,2.037559,1.2074432,7.935198,-0.13940763,-0.5175381,0.63009477,-0.35501543
2.5120165,4.466841,0.9582572,8.136051,-0.1589266,-0.42687726,1.4879498,0.7228532
1.9148492,2.9418597,0.41515136,8.347864,-0.1476655,-0.5083401,1.7556238,0.66474724
1.8936744,2.3673677,0.4731816,8.23096,-0.12889028,-0.52337694,0.516068,0.061441243
2.6594741,4.8624015,0.6051111,8.23985,-0.121784925,-0.4865291,2.5520213,0.664709
2.6918046,6.4432683,0.5903456,8.410613,-0.157179,-0.5095937,-0.47869468,0.6539788
1.7850529,2.1399994,0.12892962,8.317785,-0.087824225,-0.4699192,-0.673928,-0.4234619
1.5091828,2.0908964,0.24911094,8.310751,-0.114382625,-0.47468448,-0.5860325,0.09847057
1.623204,2.0117717,0.35490775,8.411961,-0.20390534,-0.37601757,-0.032304943,0.32230413
2.8113701,2.1315937,0.6862786,8.386208,-0.23722208,-0.30202365,-0.9483529,0.48591864
1.6716784,2.7717857,0.62727296,8.314083,-0.18865514,-0.38413143,0.13922739,-0.35902786
1.873741,2.5307846,0.42391264,8.208092,-0.24881363,-0.40435505,0.7263658,0.24703121
2.2101214,3.3969886,0.20164037,8.381629,-0.22044456,-0.4533255,1.0026429,0.57152426
2.5214953,4.1316557,0.32305193,8.449537,-0.14159667,-0.45989776,2.0435936,0.84653497
2.3690486,5.242199,0.0034056902,8.379465,-0.11051345,-0.50698185,1.8986075,0.6453824
2.6251857,4.8738837,0.2365098,8.2766285,-0.08122456,-0.5043359,1.2250867,0.5761206
2.2409105,4.531061,0.18143988,8.355238,-0.091053486,-0.5034621,0.45990062,0.60798955
2.5635004,6.403533,0.39790964,8.381694,-0.12167859,-0.48435903,1.1312695,0.18761593
2.0633318,3.6280541,0.33062005,8.396395,-0.13745773,-0.57520676,0.8764247,0.11204052
2.0036974,3.2612917,0.3995149,8.321819,-0.13382864,-0.56628513,1.0453546,-0.03460431
1.9710289,3.523108,0.48155916,8.269175,-0.13975203,-0.53029823,0.8491374,0.35568422
2.2794762,4.6632257,0.5183697,8.264468,-0.13597262,-0.5109024,1.3196471,0.69355893
2.4920793,4.7493167,0.4730457,8.323444,-0.12739658,-0.5177412,2.4229593,0.8860738
2.292601,2.7659397,0.067201495,8.401331,-0.07484472,-0.5562377,0.16785336,0.89644396
1.7521319,2.4417362,-0.07817173,8.344458,-0.07270801,-0.57604575,0.68219924,0.823478
1.7076008,2.4487655,0.017691612,8.444677,-0.10337055,-0.5611141,0.40954554,0.50871515
1.6599172,2.2148964,-0.033558488,8.436011,-0.07479942,-0.5582068,0.9078095,0.76368785
1.8262293,2.0930557,-0.1309756,8.481323,-0.061023593,-0.5713451,0.5249051,0.5776267
1.5354303,2.134673,0.32143712,8.363419,-0.07789326,-0.5536778,0.38662052,0.5826076
1.1586385,2.414813,0.6379783,8.292721,-0.05759275,-0.60233307,2.3899653,-0.0008240938
1.0136623,2.384313,0.6456878,8.363218,-0.035945773,-0.62744,2.6217365,-0.43792182
0.8713325,2.8665264,0.7714081,8.444903,-0.056369066,-0.6502373,1.2189903,-0.46503714
0.7922157,2.130923,0.7618363,8.396151,-0.0038261414,-0.6736388,1.6199634,-0.4391142
0.6474414,2.271605,0.6937052,8.438536,0.04020977,-0.7748103,2.1695578,-0.41035694
0.7055391,2.1208038,0.69738245,8.372807,0.12413812,-0.840013,1.3345568,0.24059021
0.8090477,2.1365316,0.6691648,8.299209,0.08550191,-0.78815293,0.68146133,-0.32148516
0.70082647,2.0979497,0.75271153,8.358725,0.054267645,-0.72765493,0.004099369,0.44452077
0.6700183,2.2248113,0.76523364,8.324001,0.078305006,-0.74652696,0.064715624,-0.03786549
0.5540736,2.112929,0.7813606,8.443374,0.11042714,-0.74133253,1.0981824,0.35257983
0.60338163,2.1353571,0.8419111,8.21529,0.0787549,-0.72618556,1.1290228,0.19825906
0.65583885,2.554047,0.8335891,8.110836,0.15841603,-0.7767277,1.1661568,0.5356896
0.6517104,2.5209394,0.78365946,8.18409,0.18728971,-0.7769265,0.60637414,0.7994251
0.5690942,2.288757,0.74970603,8.201878,0.20597744,-0.7794137,0.6122999,0.1325627
0.63893163,2.8060198,0.83793426,8.262445,0.18034697,-0.80044127,1.0219963,0.42136788
0.578943,2.3040342,0.71814346,8.27681,0.14891267,-0.7264173,0.049898505,0.022997975
0.5814051,2.3405082,0.6389289,8.390944,0.16918683,-0.7537246,0.22626293,0.119589806
0.6014108,2.526011,0.61787164,8.29865,0.21941948,-0.76987576,0.11126375,0.44301736
0.5480313,2.6118643,0.6445551,8.334857,0.23416162,-0.81691456,2.2961397,0.75985885
0.5819885,2.1964715,0.6979345,8.151199,0.26254463,-0.80918264,-0.10524666,0.7838664
0.52687716,2.5877035,0.789824,8.153273,0.31419158,-0.8363569,0.32857752,0.775702
0.5465252,3.1817179,0.75528944,8.204693,0.33254504,-0.8768158,0.19284642,0.77238333
0.540093,3.1682425,0.65391123,8.299507,0.2728362,-0.8934319,1.2049973,0.59056437
0.6831462,3.5418258,0.6418878,8.254904,0.2839501,-0.87829566,0.041300416,0.2338866
0.7296141,3.6151803,0.47541022,8.33461,0.3370607,-0.81046844,-0.12880445,0.90580654
0.6061653,2.7757854,0.42440724,8.583536,0.22454381,-0.8135078,0.69594705,0.98085
0.53767383,2.5822592,0.45449364,8.578415,0.21233201,-0.7707219,0.97389674,0.98167837
0.5534641,2.3759995,0.51926935,8.549795,0.16190338,-0.7945714,1.2528889,0.666469
0.6062,2.6112385,0.5862148,8.599338,0.13284588,-0.80097437,2.1778922,0.47477484
0.8563026,3.578188,0.35600805,8.584761,0.15028,-0.77240133,0.6775149,0.42739642
0.8277308,2.6437452,-0.14850718,8.693355,0.14666891,-0.7317784,1.0729725,0.63496506
0.89778924,2.5803647,0.09651327,8.6216,0.101444006,-0.73852515,1.0527446,0.94391036
0.9321114,2.2745209,0.020051956,8.541351,0.066598415,-0.6779156,1.544591,0.94576526
0.91301787,2.125948,0.018811703,8.545516,0.073019266,-0.65112114,1.5392435,0.96892047
1.2085217,2.650362,0.47282183,8.31807,-0.012022734,-0.66956687,0.9473126,0.3783319
1.2372361,2.5043173,0.4809245,8.358105,-0.018032312,-0.66526985,1.5576677,0.5544604
1.3181113,2.1951425,0.4583794,8.275576,-0.03528917,-0.6138842,0.7322483,0.6273825
1.2633018,2.117621,0.36975527,8.394226,-0.047044754,-0.63062,1.3577337,-0.33843952
1.3778208,2.379375,0.39554036,8.244207,-0.029631376,-0.600034,2.1245162,0.54440475
1.1964765,2.2928653,0.48939037,8.268213,-0.020796418,-0.6213279,2.246852,0.91248536
1.0484045,2.1328692,0.39709508,8.3013935,0.006818056,-0.6263299,2.6180062,0.9946662
1.0862454,2.7995255,0.55507636,8.315992,-0.02795875,-0.60394096,2.3955631,0.99707437
1.0573463,2.6741495,0.5507264,8.363172,-0.02387762,-0.5860629,0.9930787,-0.47716206
0.74106175,2.5688832,0.75535226,8.428471,-0.029655933,-0.6664157,0.7684418,0.0325917
0.61194944,2.5997748,0.79921055,8.532577,-0.017069697,-0.6351788,0.78808,0.4269759
0.6097236,2.751659,0.80516934,8.507384,0.0024044514,-0.6364989,2.016784,0.29891837
0.77432823,3.1560397,0.7957547,8.374599,-0.037114978,-0.6009555,2.612934,0.34330142
0.6633494,2.1617355,0.9081304,8.353462,-0.04443848,-0.54417205,0.7802806,0.14741033
0.8347676,2.6707656,0.88764393,8.290079,-0.007997155,-0.64872766,1.8530545,0.30038422
0.7830614,2.3049293,0.8452022,8.297985,-0.019322038,-0.5629394,-0.18885326,0.09320462
0.9698291,2.8252854,0.89528346,8.370066,-0.08139479,-0.55091405,-0.118146,-0.21488416
0.90386087,3.4328032,0.8813915,8.375286,-0.063035846,-0.56015444,2.8105237,0.55558157
0.87128747,3.5083044,0.8970338,8.334467,-0.027778864,-0.62498784,2.6496162,0.45497596
1.0136533,3.4532864,0.7955015,8.335354,-0.022156477,-0.637146,1.3746235,-0.25772792
1.1955649,4.664487,0.8142221,8.351582,0.06671643,-0.69796133,1.6930835,0.567551
0.9965453,4.0346785,0.96563256,8.247198,0.052523613,-0.7231803,1.9959426,0.4429376
1.2867944,5.5754957,0.95547307,8.057975,0.05294752,-0.7093613,1.1139576,0.21193218
1.3664238,4.43025,0.77820015,8.164174,0.011215448,-0.6613443,2.6325765,0.2936331
1.4981785,3.8598666,0.60820436,8.236078,-0.066321254,-0.66334033,2.7509723,0.31963217
2.0578804,4.107999,0.43170857,8.301195,-0.089509845,-0.6109979,1.8978252,-0.014692277
2.140394,4.0462694,0.3730936,8.383774,-0.11763716,-0.5439625,-0.518653,0.22526711
2.48383,3.7307253,0.13585448,8.414505,-0.11325395,-0.5303185,0.13808167,0.057017326
2.2177596,3.7440882,-0.003266275,8.346442,-0.07873368,-0.4532988,-0.8571659,0.41217512
2.0823085,3.2695663,0.22628868,8.332687,-0.10565364,-0.50277567,1.6435008,0.33560598
1.8535786,4.0945873,0.3059138,8.245094,-0.10365188,-0.5265477,1.3036449,0.6358539
2.197806,6.471089,0.58932877,8.249155,-0.06935942,-0.5298753,1.3274896,0.55009913
2.050525,6.1078873,0.7821473,8.109112,-0.088098764,-0.52290154,2.181852,0.7309642
2.355409,4.1099215,0.8349123,8.145128,-0.10126662,-0.49423242,0.038000703,-0.038482845
1.9032483,4.62523,0.8340666,8.125162,-0.08012211,-0.52484775,-0.31596917,0.12403351
1.8916376,4.5999436,0.88663507,8.068114,-0.07620478,-0.54016924,2.8038118,0.054314435
2.4013548,6.84599,0.8353441,8.174021,-0.11175561,-0.5577202,0.17364943,-0.06570345
2.0896673,6.9289947,0.99193573,8.06949,-0.07580078,-0.5936012,2.7114894,0.0766238
2.6305168,2.6947155,0.9236088,8.032795,-0.03388834,-0.62422085,0.67691064,0.62021637
1.4154239,2.8802483,0.9794363,7.9230785,-0.08017373,-0.6054659,2.1588502,0.12833023
1.2646129,2.7024145,0.9289892,8.017569,-0.051804185,-0.6212504,2.51053,0.20245838
2.5904415,3.4456568,0.93254554,8.041428,-0.0781579,-0.5055566,0.06052363,0.098294675
1.511997,3.8855948,0.6306963,8.139954,-0.100268364,-0.47536016,0.56790113,0.07675153
2.198614,2.1678803,0.7901645,8.061327,-0.042618275,-0.5624716,1.1219966,-0.25992453
2.3890028,6.3760185,0.55820084,8.160055,-0.04448974,-0.5237117,-0.40531546,0.18962502
2.6313856,5.981124,0.715873,8.074811,-0.04150462,-0.5605254,2.358142,0.34432077
2.7520132,5.582225,0.51610255,8.146956,-0.036291122,-0.55732703,1.5301757,0.91543746
2.3855262,2.5330684,0.35749972,8.187441,-0.0594604,-0.5186391,1.2907066,0.87970996
2.0009246,3.1585126,-0.1665166,8.394661,-0.05548942,-0.5927744,0.12720144,0.6999887
1.9762868,3.0457506,0.34166753,8.087312,-0.039603353,-0.4861281,0.6276349,0.96420276
2.273309,3.6936948,0.27362716,8.049816,0.031493664,-0.5664015,2.8343313,0.91270447
2.0382051,2.9955459,0.3549962,8.192881,0.023380041,-0.6051073,-0.09078425,-0.032858968
2.6454525,6.0152874,0.33705926,8.29385,-0.0037523508,-0.610621,0.011538982,0.10394585
2.7404625,8.131078,0.9664247,7.57517,0.32912087,-0.9556196,1.8063664,0.6891272
2.9262044,9.312824,1.035429,7.528204,0.32872367,-1.001298,1.5310347,0.74941134
2.7116637,8.69576,1.0501442,7.4029665,0.37447,-0.99504423,1.5601585,0.27738714
2.428802,8.506482,0.9100373,7.48149,0.36409426,-1.0373836,1.1486864,-0.019832015
1.3571243,2.1875076,0.8775377,7.4879575,0.4087217,-1.0739715,1.1624777,0.075490415
2.1193938,5.9747887,0.9298098,7.2969885,0.40849948,-1.121247,1.4876935,0.51894236
1.3948015,3.3921707,0.9983249,7.3861966,0.42433786,-1.0692794,1.329247,0.24510723
1.5066979,4.4347067,1.0238128,7.207364,0.4701059,-1.0753274,1.8031197,-0.13015783
2.1598003,2.34282,1.0676475,7.255215,0.4708767,-1.0623791,1.1709654,0.8967564
1.9939876,8.984274,1.1053944,7.2205343,0.42841864,-1.0574651,1.49945,-0.06036365
2.9167964,2.2442126,1.0980954,7.257478,0.43359995,-1.0581937,0.97827077,0.558877
0.79947495,2.1156893,1.1864018,7.228942,0.4389906,-1.1435435,1.2205155,0.36071426
0.7679713,3.0690331,1.1487603,7.2650256,0.44556308,-1.1336353,1.5507162,-0.15762648
1.0102432,2.8092408,1.1004956,7.33416,0.46613503,-1.1539233,1.696933,0.1651144
0.95519286,3.0222702,1.1445081,7.2715964,0.436064,-1.0602776,1.9790685,0.2516415
1.0521106,3.221696,1.1731372,7.2376533,0.41706514,-1.0731093,2.5716152,0.27331054
1.0735551,2.4032717,1.1738634,7.2183547,0.39423537,-1.0464504,2.448623,0.20532292
1.4149191,2.0026915,1.1742876,7.1609545,0.38972664,-1.0065062,2.2046332,0.8889483
2.0382788,2.5287557,1.1126571,7.164198,0.38069034,-1.0488839,1.7684174,0.10712147
1.6628839,2.6255,1.1306715,7.2409,0.39864254,-1.0500917,1.0757358,0.6788367
2.00457,4.2382636,1.2147098,7.2393966,0.37548113,-1.0619857,0.85790265,0.74405026
2.740953,2.9932237,1.1048772,7.3814116,0.40861368,-1.0999303,1.0027502,-0.2902344
2.647809,2.7732692,1.1430569,7.3929706,0.30452037,-1.0304716,0.6038344,0.017571688
2.8380027,2.5521233,1.1949315,7.391656,0.4144373,-1.129819,1.59056,-0.013393879
0.8670995,3.166667,1.3106804,7.2799754,0.4263277,-1.105324,1.8654418,0.66944635
0.8654376,3.9427423,1.3595004,7.2023506,0.41756654,-1.0920918,2.6794372,0.707505
2.6960528,9.714176,1.3371053,7.156318,0.4010675,-1.0425357,2.7858942,0.1241771
2.756677,6.2230134,1.4424388,6.8894253,0.39845538,-1.0576484,1.8006783,-0.067628264
1.867069,6.8303723,1.5784631,6.9007883,0.38875127,-1.0354815,1.8964298,0.5235493
2.028449,9.641448,1.6709099,6.7897778,0.38305688,-1.0460339,2.7638288,-0.1452783
2.2734737,8.276187,1.5203087,6.8541718,0.37949514,-1.023467,1.8967683,-0.25218204
1.6727744,6.7617064,1.5381796,6.8310122,0.36200833,-0.99983263,2.6307209,-0.1242834
2.607343,7.409383,1.6654601,6.7831182,0.3930912,-1.0004182,2.4352953,0.2056784
2.7659879,8.835466,1.697326,6.7902737,0.37168884,-1.0065899,2.240936,-0.41941258
1.7141505,5.6789517,1.5803933,6.7581463,0.37558627,-0.98456264,0.6336595,-0.41395557
1.8840578,2.7161276,1.5810697,6.9218674,0.3564818,-1.0195382,2.9716847,0.99672806
1.5453924,5.0239887,1.5807755,6.9474945,0.3374684,-1.0219884,1.3516483,0.7151463
1.4313197,4.6960373,1.5753665,6.8902903,0.3572762,-0.9461906,2.5911567,-0.36731464
1.558819,4.7871437,1.5439844,6.926092,0.35145807,-0.94397616,1.2601042,0.38532424
1.8306527,5.219605,1.4854891,6.894359,0.3490553,-0.9480109,2.4146638,-0.12630877
2.0402327,3.739337,1.5655668,6.8895917,0.34263158,-0.9467931,0.24825299,-0.40946525
0.8249547,3.241956,1.5626838,6.846278,0.41830778,-1.1353917,0.5879557,0.109941304
0.7830417,4.396927,1.6582589,6.8446074,0.43666244,-1.1101983,0.8087884,-0.21589297
1.04989,7.2609153,1.6706705,6.864043,0.4749434,-1.1162817,0.795678,-0.22374654
2.1047728,7.1354275,1.5240428,6.922377,0.4676509,-1.108561,2.7047405,-0.3351719
0.5138827,2.864132,1.6018982,6.90378,0.4563489,-1.1850955,2.7189617,-0.48832718
0.7513709,2.7842681,1.6020846,6.8573694,0.3531301,-1.0518699,2.837521,0.7233007
2.6262255,2.6037107,1.6865432,6.870142,0.35998273,-1.0558429,1.9988875,-0.08698586
2.7269073,4.039933,1.6793609,6.8323846,0.37022734,-1.0147252,1.8413987,-0.14102733
2.6210155,7.2899346,1.7699664,6.8622627,0.33299446,-1.0128405,1.4321396,-0.028197408
2.949596,2.7790189,1.7807331,6.7283897,0.3454213,-0.99983215,2.2483802,-0.14798969
2.6963196,3.7789507,1.7492113,6.8853493,0.35975718,-1.0032518,2.300728,0.31730568
2.74555,2.6357086,1.7111392,6.859473,0.34607005,-1.0094771,2.1636543,0.5995449
2.6692755,2.4100592,1.563426,6.8946085,0.3422699,-1.0476384,1.4880064,-0.25364834
2.4270945,2.1131065,1.7312694,6.808995,0.35006666,-1.0233054,1.9489975,0.6601156
2.3689067,9.802673,1.7900946,6.7568035,0.2958269,-1.0222442,2.5310543,0.5555874
2.3469505,7.359887,1.7736568,6.7937202,0.29770637,-1.0054017,1.521153,0.38204217
2.4905312,5.819987,1.7701287,6.846942,0.27961683,-0.88996553,1.9123335,0.8147248
2.1093946,5.0766244,1.8787823,6.8937454,0.21556401,-0.8875959,2.9672348,0.54282784
1.4508648,6.695624,1.9034195,6.9415607,0.1602664,-0.85748696,1.7079072,-0.3696713
1.5152097,6.7331953,1.9014251,7.031489,0.1910851,-0.8774338,2.8600614,0.12087655
1.5671396,8.616325,1.9016144,6.960988,0.22552872,-0.8861885,2.3233967,-0.31721038
2.5275311,6.1950116,1.7491207,6.9872227,0.19778132,-0.85673,2.5194297,-0.049567938
2.6370177,4.927999,1.8997643,7.014007,0.16169763,-0.8375008,1.978401,-0.10606387
2.4956594,2.24498,1.773632,7.076314,0.16999817,-0.85377026,0.8146657,-0.31218857
1.4340528,2.193098,1.6419663,7.01029,0.19140935,-0.8285389,2.3427732,0.5795374
2.3760877,2.1684196,1.6142321,7.1292896,0.13746095,-0.7841313,2.362113,0.0740633
1.1892045,2.2427886,1.6176133,7.1618814,0.12041664,-0.8246703,1.6398213,0.40965462
1.6979785,2.2887743,1.4154351,7.2798676,0.15231872,-0.83040285,0.59682035,-0.4074331
2.331363,4.97127,1.5221176,7.3334126,0.19737649,-0.8620391,1.6331413,0.78345096
2.059237,5.656131,1.4623117,7.351364,0.20415139,-0.85007787,1.6085954,-0.39223236
1.8363708,8.6973915,1.6401772,7.1473527,0.2483244,-0.95119214,2.4755464,-0.028966099
2.7719367,3.943726,1.5848718,7.065792,0.29904366,-0.9513686,0.68484914,0.3121534
2.5679822,4.669479,1.7292604,7.038753,0.2623818,-0.93215895,1.7414579,0.35519135
2.4189405,5.8315444,1.565537,7.220725,0.25948954,-0.95910597,2.5295146,-0.261549
2.705098,5.4332027,1.6120968,7.145631,0.25166106,-0.89141154,0.52420306,-0.1932266
2.8544426,7.3109255,1.706285,6.9406333,0.25192595,-0.89901495,0.8832903,0.47088504
1.8199352,5.7953787,1.7296653,7.012433,0.22779942,-0.8346541,1.584491,-0.4153186
2.1769361,5.170759,1.6926835,6.8788424,0.26272583,-0.94945955,1.6788793,-0.4965557
1.9645212,6.997709,1.6907716,7.079586,0.19454598,-0.9362347,2.4835334,0.40474176
2.7123244,2.4902754,1.7572904,7.0175414,0.20973492,-0.8900981,1.5534582,-0.28698522
2.863306,6.297139,1.790498,7.034647,0.22644186,-0.8572936,1.3367741,0.2714128
2.9611745,7.4461365,1.7964563,7.0167384,0.21673703,-0.85048485,1.3117268,0.10549706
2.929803,4.5897017,1.8069022,6.9036903,0.25139427,-0.8681586,0.93140197,-0.11148107
1.2137698,5.7591,1.8037906,7.067411,0.22858572,-0.89824295,2.9433706,-0.22664237
1.4163034,6.122652,1.780005,7.008906,0.208431,-0.89506507,2.9924278,-0.27620086
1.1825552,6.958143,1.8889391,7.028335,0.2043829,-0.91344213,2.9938753,0.12859464
1.0365331,8.331215,1.9264507,7.1087146,0.25478005,-0.94359016,2.0410068,-0.31077495
1.0647898,8.703859,1.9180031,7.0956354,0.21837878,-0.82588243,2.5189178,0.12461734
1.4268945,9.935729,1.7392356,7.1395583,0.2793944,-0.83844185,2.7282548,-0.42845726
1.3748931,9.977957,1.7577033,7.110627,0.26954913,-0.8460736,2.7561235,-0.35729814
1.4047312,6.0514884,1.780067,7.0998616,0.25673127,-0.92981124,2.4477384,-0.00015729666
1.3897295,9.606465,1.8535447,7.100873,0.24358249,-0.93044806,1.9359772,-0.4877412
1.2984271,7.54665,1.8174605,7.0562487,0.2456739,-0.8856437,1.6535635,-0.49058363
1.4520961,7.9734497,1.6961441,7.116039,0.25037742,-0.93410087,2.9587345,0.62512803
1.502961,8.542439,1.7212088,6.9838142,0.30511498,-0.9853115,2.1776907,-0.3118146
2.9816217,9.225563,1.6231866,6.972638,0.3056774,-0.9292555,1.285212,0.03605169
1.4275146,8.85267,1.6835358,6.973754,0.30420303,-0.98084927,2.6534905,-0.16486794
1.2235863,4.067342,1.6104362,6.9162893,0.28798628,-0.99416757,1.8907068,-0.19455224
2.1399717,4.1389856,1.6012702,6.8785763,0.34535575,-0.9911094,2.3888993,-0.20725006
0.77838665,3.9560125,1.7481637,6.850724,0.36614037,-1.0110397,1.9089952,0.16203624
0.5203283,3.6631432,1.8429997,6.851541,0.38973665,-1.041646,2.771789,-0.09626436
0.60887086,4.860444,1.8314495,6.8556643,0.39079952,-1.0529702,2.8501554,-0.34277314
0.8058139,4.509307,1.7867534,6.8375654,0.41108012,-1.0310315,0.84748197,0.25452453
0.82020557,4.6491714,1.8365235,6.7210855,0.40060472,-1.0491235,1.9038274,-0.04603839
0.9653815,4.9029913,1.7510803,6.6802692,0.40210295,-1.0597022,2.9133973,-0.37710044
2.7339454,4.7822113,1.7047801,6.7547092,0.41876793,-1.048331,1.8583686,-0.37260205
1.6836983,2.7189188,1.663413,6.673622,0.39413905,-1.0938604,2.3832157,0.61773074
1.9465096,4.1149135,1.6176784,6.822214,0.38733053,-1.047209,1.808408,0.071935415
1.7708256,5.05447,1.5855544,6.691863,0.39453983,-1.0633569,2.0733721,-0.108867645
1.4255685,2.6574125,1.6842046,6.6087174,0.4319129,-1.1503494,1.25736,-0.03887725
1.789404,4.195342,1.566988,6.6366954,0.4753735,-1.0466583,0.09717107,0.26613098
1.8608291,2.326458,1.6434741,6.5415545,0.48321676,-1.1687003,-0.13476348,0.04197222
1.8539143,4.391252,1.7022247,6.4272423,0.50635123,-1.1264253,2.8771834,0.09457272
1.8929619,6.408121,1.6438718,6.599661,0.5052352,-1.190752,1.8005009,0.06770116
1.542452,7.8590455,1.4821281,6.7070374,0.5039747,-1.184674,1.9379387,0.47005165
1.8868601,8.332039,1.6133475,6.6228123,0.50765634,-1.1716621,2.227368,0.25846505
2.9979582,7.924422,1.5979326,6.658243,0.5074322,-1.1855896,1.0750129,0.35734177
2.9984756,6.9254293,1.6154094,6.7952957,0.5127461,-1.1518915,2.5733874,0.93737197
2.99632,4.7979317,1.4719651,6.8151984,0.50867796,-1.1835898,2.48359,0.885133
1.2888838,2.3676233,1.3995512,6.8739414,0.47814512,-1.1509917,2.7956939,0.055468142
1.3975937,2.8113418,1.2122474,6.914918,0.49209213,-1.1498795,1.3706081,0.5369712
2.0831833,6.0445766,1.2849224,6.979313,0.49085832,-1.1579973,1.8541281,0.46230674
1.8321226,6.101984,1.0987761,7.065935,0.5249648,-1.1937336,1.1500106,0.6328809
1.858362,6.3800864,1.1949205,6.959568,0.51465106,-1.1978743,2.063139,-0.27767092
2.1277463,6.922668,0.33328927,7.8764014,0.514071,-1.0895739,-0.003915906,0.976743
2.1754286,2.9618826,0.24454796,7.8940363,0.52255535,-1.1168323,0.10774171,0.86736345
2.6349554,4.9927244,0.35511672,7.7248774,0.57178164,-1.1541066,1.0910206,0.97570395
2.6625419,6.4823213,0.3338833,7.7495933,0.5688124,-1.1343924,0.6443635,0.9333128
2.5900562,2.4749641,0.4507711,7.7117085,0.56061745,-1.0847114,-0.467193,0.9606056
1.3804932,2.0227168,0.31899893,7.76484,0.5618086,-1.1407056,-0.6517705,0.9377842
2.8797503,2.068588,0.25207245,7.9446206,0.51325727,-1.1396484,-0.3346929,0.7360691
2.8981678,9.464397,0.3493433,7.9418235,0.53612447,-1.1109581,-0.68461776,0.9779005
2.925867,8.925901,0.41504645,7.819335,0.48234057,-1.0863733,-0.52148783,0.4686005
2.948379,5.4003553,0.60503983,7.7188883,0.4790709,-1.0599706,1.3227129,0.9266945
1.3817034,5.3011074,0.663265,7.7814603,0.46085978,-1.1151263,2.0825036,0.7986436
1.3797033,5.7299213,0.7276398,7.772601,0.39274478,-1.0642357,2.0216854,0.6942096
1.1083503,3.7042308,0.8036685,7.79488,0.40034533,-1.0908713,2.2237585,0.1762265
1.0364988,3.2911975,0.68675506,7.872869,0.440583,-1.0845323,2.4127443,0.0895288
1.173666,3.4066463,0.58753693,7.8597775,0.37995815,-1.0071418,0.322904,0.12667191
1.2929636,3.5024514,0.5468154,7.7869997,0.4450121,-1.0676941,0.19703841,0.897043
1.42229,4.031211,0.5005202,7.8017426,0.42429352,-1.0401517,1.1014621,0.5369371
1.1992888,5.273422,0.5797496,7.9349413,0.4293716,-1.0089064,0.67393816,0.6837547
1.2488958,5.3844476,0.62468123,7.763079,0.4569509,-1.0770217,2.989744,0.926002
2.007923,2.9735258,0.3330245,7.766133,0.46802735,-1.0677772,2.9711423,0.71991944
1.9636648,6.342085,0.33238602,7.891452,0.41405654,-1.0604464,2.4291413,0.46560776
2.5032682,3.8034358,0.46201754,7.9791746,0.42459202,-1.0017877,-0.690568,0.83108497
2.726636,6.262076,0.52517164,7.899705,0.41915965,-1.004371,-0.7603712,0.62382424
2.8703887,4.7662373,0.4360566,7.8846326,0.41909885,-0.9710913,0.5920681,0.7820375
2.9890273,3.8573308,0.43254519,7.953494,0.41470838,-1.0470958,0.50678146,0.6186943
2.6426923,8.71768,0.39630485,7.868427,0.42837548,-1.0172014,0.46192527,0.98823214
2.086905,4.9470286,0.38454783,7.8528414,0.39177728,-0.95523024,0.62189126,0.9992173
1.908958,7.6285777,0.4052632,7.8553677,0.38307667,-0.97238016,2.146287,0.8265412
2.46872,5.5150805,0.53485703,7.8102565,0.37285233,-0.9635508,1.7141669,0.78390384
2.1914825,4.53269,0.597816,7.793222,0.3274696,-0.9667845,1.9865887,0.7716708
1.6611058,3.0659587,0.5862651,7.9540844,0.29482985,-0.94449043,-0.59663975,0.2286799
2.1627092,5.9652605,0.6314558,7.847372,0.29067016,-0.8843632,-0.79059124,0.50350606
1.8605974,4.8031034,0.5571413,7.8317885,0.27307272,-0.92713666,1.0782182,0.5460931
1.9249526,5.024826,0.4028535,7.8846197,0.27365923,-0.94676304,1.1714747,0.677804
2.1879592,3.6720748,0.5176492,7.7042246,0.34387732,-0.9528918,0.061308503,0.10991895
2.1397514,3.5624804,0.5541606,7.8254576,0.3457229,-1.0652206,0.643852,-0.009952277
2.213885,4.444683,0.4733535,7.9521694,0.3590188,-1.0375586,0.9688864,0.707597
1.9092677,4.1288757,0.34644473,7.8289495,0.40454245,-1.0360862,0.41018105,0.31956488
1.9542878,3.5205727,0.36719108,7.8394985,0.4001069,-1.0150547,1.1376143,0.8586314
2.354839,3.222046,0.4359591,7.855932,0.36306977,-0.9933226,0.07369411,0.11958271
2.3494456,3.7325957,0.42313194,7.8853025,0.3393731,-0.9828353,0.49259734,0.6878096
1.6428665,3.094211,0.49956238,7.975962,0.33742356,-0.9759054,0.4285084,0.19108272
1.6356554,5.481925,0.57707703,8.083132,0.28119302,-0.94207764,2.4375951,0.26506865
1.5648845,8.770269,0.44168043,8.058773,0.29279494,-0.9154892,2.1962428,0.65392685
2.933406,3.935851,0.640831,7.9033556,0.2538638,-0.86692,1.1974957,0.68724597
1.5714159,5.5154314,0.8144889,7.7656183,0.2472477,-0.84026337,2.8389404,-0.035589397
1.9300537,6.6784663,0.96077526,7.7082205,0.21450663,-0.8528781,2.6572433,-0.07670593
1.9238505,7.9611225,0.9055562,7.8072615,0.114346504,-0.79786015,2.406964,-0.22671938
1.9114335,5.3263407,0.88724554,7.846058,0.083280325,-0.7316878,0.8571179,-0.20532107
1.538173,4.95763,0.8036783,7.993522,0.091217995,-0.65889096,1.6258132,0.72475994
1.3916779,5.118187,0.8881196,7.9922295,0.07322931,-0.67376614,2.602014,0.30052483
1.4051684,4.0563574,0.772707,8.027678,0.044738054,-0.7158618,1.7141345,0.25223
1.2936873,4.0938077,0.6968062,8.141849,0.053319454,-0.7262292,1.8161085,0.5749295
1.467014,4.168001,0.66077113,8.191923,0.03186822,-0.71400476,2.4747238,0.68430555
1.811065,3.772726,0.48280156,8.185282,0.02593422,-0.683362,0.811121,0.3733604
2.2321086,4.896908,0.4539597,8.181946,0.038989067,-0.70059323,0.25760806,0.11762178
2.0285316,3.7289708,0.37470412,8.12957,0.04813814,-0.69513345,1.3016415,0.73022413
2.1631038,2.6003783,0.13636923,8.036357,0.11260009,-0.71044683,0.76804316,0.5769377
1.9204723,3.67242,0.20817423,8.002638,0.1249969,-0.7413318,1.0167682,0.65370524
1.5516424,3.0944004,0.35218418,8.146973,0.14841723,-0.7747729,0.8150338,0.67365074
1.6927081,3.8973508,0.59625816,8.077429,0.1488316,-0.8307276,1.4749022,-0.28702667
1.7252481,3.7382002,0.570802,8.038028,0.17121959,-0.830328,1.6949408,-0.35095674
1.9736544,5.6767483,0.7187352,7.914673,0.2252605,-0.8611274,1.4258547,0.7831855
1.6097964,5.1409044,0.71454334,7.8252583,0.22730684,-0.8591876,1.93396,0.29941648
1.6724793,7.2203126,0.76518786,7.8876677,0.25906086,-0.7973187,-0.009181976,0.74670553
2.9568949,3.1318374,0.65082455,7.9069214,0.22931623,-0.7732754,-0.4835571,0.7501315
1.3739501,4.0027885,0.37933218,8.176061,0.23986244,-0.82407856,-0.16817695,0.60482955
1.3356905,4.8607683,0.4839257,8.146171,0.2651422,-0.86941767,-0.28065604,0.13872921
1.1800498,3.2688088,0.530143,8.067537,0.2803955,-0.88114667,-0.41530067,0.45277512
1.2404501,3.189776,0.49939907,8.000972,0.26485062,-0.8770375,-0.26669186,0.21750069
2.231006,2.4610353,0.48872256,7.928193,0.26337886,-0.89333844,1.2685847,0.995561
2.2146468,3.6155972,0.41973042,7.9888706,0.22039938,-0.8297143,-0.02837634,0.8488445
2.1418376,2.9993145,0.44167352,7.95669,0.13154101,-0.7275517,0.884408,0.6982107
2.3828697,4.426876,0.4071939,7.9905353,0.114169836,-0.7526727,1.3225021,0.8872709
2.1276026,3.5734644,0.14134037,7.977916,0.18676853,-0.7454057,0.6063509,0.96461535
1.9045689,4.953227,0.12937331,8.081949,0.1782372,-0.6603582,0.012179017,0.96396685
1.867378,5.151748,0.07141185,8.125843,0.17456341,-0.6480515,-0.29949576,0.9594767
1.8364255,5.7634954,0.033137918,8.294806,0.19536805,-0.7347193,-0.34293967,0.9431069
1.6702366,3.9567032,-0.3300271,8.529693,0.14582968,-0.66312695,-0.54807734,0.70313764
1.5243514,3.948206,-0.4591208,8.567262,0.11236,-0.65192103,-0.37734646,0.9678385
1.4505138,4.6443233,-0.553905,8.57847,0.15043211,-0.68520904,0.7399498,0.9686992
2.8578012,6.1265254,-0.48168153,8.684757,0.057759523,-0.65820193,0.3863151,0.96983314
2.9753847,4.015181,-0.64101624,8.681423,0.042462587,-0.64905214,0.45389366,0.77636087
1.6908846,3.3276758,-0.64942956,8.639025,0.064404726,-0.683609,0.4942739,0.6614964
2.1448236,3.917529,-0.4335053,8.553269,0.043457985,-0.61574674,0.421131,0.69947505
2.0199742,2.8733768,-0.34997648,8.420923,-0.006944537,-0.6459217,0.4383458,0.7472751
2.8975573,3.0208795,-0.12604457,8.440355,0.014307499,-0.6073959,0.1796372,0.6841974
1.7964077,2.788722,-0.16497624,8.411888,-0.010559797,-0.5698197,-0.34095907,0.3752346
2.0352392,3.2274866,-0.29556406,8.42793,0.0032715797,-0.5659456,-0.44437265,0.55718637
2.6628044,3.1418023,-0.11564851,8.334982,0.029144287,-0.5711448,-0.36720586,0.8263264
2.7178242,5.1667795,0.13769758,8.287014,0.025678635,-0.58339214,0.059972882,0.40665996
2.9425886,9.000363,0.19887471,8.42297,-0.0020725727,-0.6066632,0.23130631,0.7516744
2.9796078,6.8897467,0.14567065,8.3882065,0.014595509,-0.6180682,0.8280293,0.5232482
2.982649,6.2068257,0.045869708,8.505061,-0.0016518831,-0.6647625,1.3139005,0.7805083
2.9942148,8.684463,0.016209722,8.451373,0.03913164,-0.59457016,0.043040037,0.7105315
2.9673498,7.9706626,-0.08503145,8.487223,0.042819023,-0.62994385,0.26991165,0.50473595
2.9228296,7.918332,0.031220317,8.428914,0.06242585,-0.63698125,-0.6059084,0.37500548
2.6916704,8.45865,0.21321511,8.4360485,0.013305664,-0.6624656,0.16897988,0.46469492
2.3974214,8.764679,0.2061019,8.344383,0.03944826,-0.679791,0.35047853,0.090963125
2.5871584,6.4814777,0.20943224,8.324644,0.048698664,-0.6109712,0.35835087,0.67308116
2.5188797,5.6449375,-0.13703305,8.391996,0.022511482,-0.61941385,0.1857773,0.8118235
2.3775358,4.8986692,-0.069676876,8.415201,0.0048048496,-0.6258335,0.5186826,0.80402756
2.616088,5.7117715,-0.014035702,8.485802,0.003230095,-0.68743324,-0.31658208,0.86548555
2.2687747,2.761785,-0.36323744,8.527378,0.09575391,-0.6581664,-0.60197073,0.94126713
2.429522,8.876783,-0.3357979,8.719114,0.042495728,-0.7051611,2.542625,0.94841456
2.1801734,8.8881855,-0.32393885,8.675623,0.10179591,-0.7284241,0.84968555,0.96387315
1.9059987,7.572473,-0.48372912,8.712607,0.09246111,-0.6809261,0.7479944,0.9176328
1.7689557,7.014235,-0.47848797,8.832564,0.10547972,-0.66145515,2.640845,0.9929304
2.0458434,6.9224153,-0.55858946,8.765003,0.096517086,-0.68505096,2.287682,0.3882441
1.7395641,6.4018927,-0.37441134,8.756269,0.06412196,-0.7068529,2.1921985,0.98766494
1.8403219,8.067324,-0.39661747,8.708616,0.15482926,-0.7476702,2.0740435,0.6111622
1.9061898,8.339979,-0.32994485,8.618969,0.1643331,-0.74311876,2.3300607,0.9779986
2.1138232,8.259808,-0.30056477,8.661636,0.052702904,-0.70561624,2.095751,0.89336157
1.9400696,7.3421497,-0.23412383,8.687112,0.056923866,-0.6525872,1.3957498,0.87773585
1.8878076,9.237413,-0.16225314,8.731824,0.060625553,-0.6714194,1.569566,0.86710835
1.7393935,8.815348,-0.107527375,8.767421,0.0732429,-0.6519091,1.5864613,0.96011555
1.9850181,9.12463,-0.19529152,8.72032,0.076281786,-0.70081425,0.5647203,0.8679099
1.9018518,9.496941,-0.07367498,8.788144,0.08491945,-0.7155137,0.86680794,0.70052254
2.01895,7.9202156,-0.22837043,8.708071,0.09553528,-0.7475076,0.5439526,0.817675
2.1257355,8.244617,-0.45150334,8.750416,0.08729148,-0.6790962,0.34079993,0.5037215
2.124813,6.6450434,-0.66336304,8.691785,0.08728361,-0.66650295,-0.61964226,0.25499606
2.4274235,4.7554502,-0.6386585,8.758545,0.11563659,-0.6774967,-0.9806272,0.96163213
2.8189225,6.6447077,-0.65723884,8.702826,0.12946224,-0.64887714,-0.9191171,0.7593602
2.606141,9.424469,-0.3913622,8.631673,0.13227177,-0.62232566,-0.9405672,0.6147505
1.8453984,4.8521237,-0.2764063,8.582432,0.08967519,-0.64126635,-0.72976995,0.6497017
0.9369143,3.1894617,0.7465937,8.45671,-0.002275467,-0.70343494,1.7885764,-0.17470142
1.0501578,3.037397,0.7643796,8.246123,-0.0055918694,-0.6941924,0.16086853,-0.3435678
0.9752587,2.408739,0.9341686,8.137426,-0.03552103,-0.641438,2.5045817,0.18251455
1.3300585,3.052341,0.8240943,8.151768,-0.016421318,-0.6320145,0.42902362,-0.07922244
1.300499,3.321431,0.8429525,8.142526,-0.0132780075,-0.63767314,0.55220735,0.39016926
1.1234072,4.945257,0.79980206,8.290855,-0.00086700916,-0.64197826,2.7054946,0.17285514
1.4017953,4.98817,0.8314427,8.226707,-0.039022684,-0.5883775,1.6036701,0.562199
2.0330155,4.2008677,0.4989077,8.171333,-0.01581645,-0.59026384,0.07928789,-0.41233617
2.0434809,2.5729206,0.6334481,8.116995,-0.07951486,-0.57769465,-0.24907625,0.05095625
2.6882222,2.3277168,0.6540911,8.234821,-0.14471292,-0.50667286,0.27917576,-0.09427181
1.8085269,2.4209678,0.43650055,8.223924,-0.12881553,-0.5692427,1.3496516,-0.15141946
1.667717,3.0669618,0.8128332,8.233883,-0.15721679,-0.5149276,1.6129317,0.80571413
1.9087744,2.7938309,0.48394156,8.253601,-0.10472214,-0.5501766,0.5778971,0.30969644
2.8290522,7.8504453,0.43601143,8.285272,-0.07965994,-0.46860933,2.182933,0.2893852
2.8278506,7.191147,0.55036044,8.176191,0.026159525,-0.59217453,0.82011783,-0.043783426
2.316001,2.630631,0.59213173,8.127535,-0.065229416,-0.6123824,1.0726805,-0.21784562
2.07171,3.5927005,0.5480025,8.218689,-0.030388713,-0.6310222,-0.24880272,-0.026859224
2.7308593,3.8813803,0.35904253,8.3497925,-0.049945712,-0.59554815,0.4709865,0.6657269
2.7354445,2.9861634,0.26414263,8.3494625,-0.05736339,-0.62376785,0.43991625,0.4578308
2.8025866,5.883854,0.4078691,8.340994,-0.071847916,-0.57555866,0.902045,0.47038722
2.4369159,5.4493227,0.61148953,8.431086,-0.124465585,-0.572917,0.08324516,0.054750085
1.9910738,6.765405,0.66696024,8.231046,-0.10044813,-0.44165564,-0.2686134,0.0050364733
2.704242,3.5319462,0.39366162,8.260614,-0.0385648,-0.513716,-0.6375411,-0.18681651
2.927646,2.8172493,0.58007646,8.296543,-0.08339858,-0.5290313,-0.566844,0.3878243
1.4841901,2.1666722,0.51590633,8.182704,-0.052829742,-0.4996543,-0.40968943,0.32754767
2.3405974,2.2647235,0.7772286,8.09971,-0.098297834,-0.54727554,2.429174,-0.47114405
2.267304,2.465371,0.93039834,8.079375,-0.14556825,-0.57459307,0.4812336,-0.4092933
2.0001955,3.8941097,0.8567014,8.088585,-0.07661104,-0.6228404,0.5975474,-0.3550159
2.4948196,4.2897215,0.89987767,8.119995,-0.022751331,-0.66555166,0.4254924,0.5305724
1.4154027,2.561102,0.81825626,8.079519,-0.020861983,-0.58330035,0.7986902,0.74531317
2.84092,4.488635,0.7797737,8.10812,-0.023241043,-0.56790614,-0.014256656,-0.1258389
2.786227,2.4132128,0.8268955,8.276781,-0.040263534,-0.58992887,-0.4528582,-0.45375735
2.7142932,4.451252,0.4794135,8.281268,-0.037056208,-0.56328726,0.09659386,-0.4000729
2.0898564,4.8219876,0.5259999,8.148124,-0.070718884,-0.5704882,2.2033165,0.73155856
2.8963702,5.1104054,0.41648114,8.238994,-0.07410133,-0.53158426,2.7309449,0.5842954
2.9553797,7.0723324,0.7254071,8.212081,-0.09075105,-0.46742296,1.9804993,0.61279535
2.9507818,7.6223454,0.6764997,8.400025,-0.13973689,-0.44093132,-0.22463256,-0.393134
2.7958412,3.2162688,0.8507353,8.429905,-0.18620491,-0.49300838,-0.013192952,-0.3470109
0.89064515,3.4226093,1.0198045,8.36585,-0.12668025,-0.5191784,2.110534,0.3401274
0.7385341,3.9442792,0.9997581,8.538912,-0.11576307,-0.5293102,2.2565827,0.69834936
0.9038589,4.1616545,0.888759,8.574509,-0.15223002,-0.45922256,1.0691266,-0.07322478
0.93659496,4.5778217,0.8946562,8.627452,-0.14354813,-0.4434166,2.4142535,0.49195373
0.9556588,4.5202503,0.8582368,8.737664,-0.13595438,-0.49858522,2.2016006,-0.31703538
0.9444986,4.5430174,0.8942902,8.769593,-0.18938863,-0.4486854,1.7914164,0.43142557
0.92180425,4.7287383,0.8512106,8.7744465,-0.1807133,-0.5206485,2.3849888,0.2400502
0.95642483,4.598674,0.8605306,8.727802,-0.19441903,-0.4201846,1.2766266,0.10170519
0.9783621,4.4671173,0.9661454,8.742686,-0.19777846,-0.4892876,1.9401472,-0.49311483
0.84662986,4.814389,1.0185852,8.77441,-0.18557298,-0.5099535,0.6103438,-0.47271913
0.77184474,4.2009497,0.88033104,8.834504,-0.1355691,-0.53104544,0.68035173,-0.18066108
0.72793794,4.8001842,0.97128296,8.785273,-0.11164868,-0.54835534,0.69659626,-0.180534
0.7791796,4.9435353,1.0432973,8.816159,-0.15389967,-0.48509455,1.781044,-0.4114038
0.83436644,5.7357616,0.89026105,8.800781,-0.09860563,-0.5294771,1.977988,0.39476526
0.8871589,5.406643,0.9151223,8.775854,-0.0965538,-0.58090734,2.126576,-0.2879153
0.9148414,6.9749017,0.95532715,8.824844,-0.056344748,-0.5821729,0.9168476,-0.07678306
1.0164316,6.977221,0.848294,8.651601,0.01585579,-0.588274,1.3836117,-0.02666694
1.0521829,6.8583603,0.77829266,8.722824,-0.03397453,-0.57661366,2.6595197,0.50612664
0.88203096,5.1044216,0.8410075,8.730204,-0.09505117,-0.619154,2.851066,0.16383761
0.8627252,4.4465694,0.94532,8.579249,-0.085776925,-0.59763575,2.8491967,0.05892241
0.76779157,4.4686394,0.9575219,8.7159395,-0.11042321,-0.5293579,2.818258,-0.16307521
0.5795779,3.6094747,1.1430278,8.624978,-0.09156418,-0.5589771,1.9055893,-0.17853484
0.5866453,2.7093103,0.9486023,8.615908,-0.09208107,-0.60842896,1.8962147,0.276474
0.5826431,2.9845076,0.9230311,8.676236,-0.11261654,-0.47856307,2.4192262,0.10073888
0.6063248,2.9705477,0.7400985,8.708164,-0.072264194,-0.54979753,2.4192483,0.9238894
0.5750117,3.7721407,0.7910794,8.678876,-0.036751628,-0.56550384,2.2943327,0.892653
0.6677447,3.0030115,0.66854763,8.676552,-0.061337948,-0.5808139,2.7555265,0.28322256
0.7254123,3.6059518,0.7008271,8.806107,-0.14307106,-0.53916407,1.7304103,-0.24051276
0.8049929,4.5885816,0.7662308,9.009484,-0.15519595,-0.51705647,-0.2642774,-0.39972156
0.7378025,4.925616,0.70475054,9.0101185,-0.13402236,-0.5150795,1.9226053,-0.1343435
0.78249764,5.2381334,0.78341794,9.002484,-0.13339865,-0.51190305,1.7496717,0.11654878
0.752899,5.3212414,0.89785004,9.007099,-0.1909622,-0.46858597,0.9442575,-0.48098835
0.8571337,5.0530863,1.0224254,8.964184,-0.21631575,-0.45767593,1.5733364,-0.48296383
0.8608281,4.3152895,0.79170394,8.850046,-0.20687652,-0.37804842,-0.05226493,-0.15586543
0.8097844,4.219123,0.7766999,8.903465,-0.22747457,-0.38635635,-0.063381195,-0.061403036
0.8104944,3.3406253,0.58518517,8.945786,-0.21554363,-0.39625955,-0.093089044,0.17142212
0.9614674,3.7380133,0.83485794,8.931101,-0.253973,-0.3514483,-0.043946087,-0.39978445
0.8766937,3.2745235,0.835171,8.790254,-0.27278507,-0.40376186,0.89175916,0.14227378
0.8351634,2.265174,0.6248038,8.80653,-0.2744609,-0.3951807,2.6010609,0.68649876
0.6471984,2.0832303,0.7138784,8.857764,-0.2782781,-0.34570003,0.7082716,-0.07654008
0.6279175,2.127954,0.77347624,8.737077,-0.25672138,-0.33564043,2.742488,-0.14688584
0.68361104,3.5059576,0.9010407,8.877525,-0.27833426,-0.35350513,1.9513314,0.15903175
0.84551305,3.1758218,0.6169996,8.883915,-0.33134913,-0.2909422,2.2836733,-0.31045872
1.0730519,3.22126,0.3665545,8.87797,-0.32228255,-0.29157758,2.677548,0.7355974
1.2048659,2.7889528,0.4004774,8.75124,-0.33727455,-0.2710445,1.9459879,0.6964252
1.244476,3.0148263,0.48733878,8.750453,-0.33363962,-0.33455467,1.6042831,0.64455664
1.1067458,3.929443,0.6863868,8.68074,-0.26759255,-0.3999648,1.8688266,0.4851824
1.5018251,4.399654,0.16477299,8.663085,-0.26811218,-0.38879204,2.4609685,0.16196436
1.4601395,2.4243448,-0.026248217,8.6728115,-0.30110228,-0.3661282,2.3471062,0.9440218
1.3774111,2.2579525,-0.33444744,8.724015,-0.21954513,-0.37945652,-0.10080451,0.5124161
1.2643908,3.0122452,-0.1931293,8.743061,-0.14966166,-0.34003353,-0.49771422,0.94541764
1.1347309,2.536078,-0.2423448,8.779992,-0.14301181,-0.3133633,-0.37968928,0.9607663
1.1746372,2.2922754,-0.28698647,8.711712,-0.12425029,-0.3536291,-0.8363588,0.9707227
1.225299,2.1361146,-0.21930039,8.710189,-0.10893273,-0.36617756,-0.710271,0.9835794
0.9248154,2.1405447,-0.26750875,8.725374,-0.102953196,-0.4413252,1.4748704,0.9709811
0.9106725,3.0583634,-0.39368033,8.990044,-0.093046784,-0.47462797,0.89461887,0.8541174
1.1549263,4.244583,-0.031989515,8.95006,-0.086355925,-0.45179558,0.70083857,0.26329923
1.0593491,4.1316233,-0.16054118,8.988611,-0.10335982,-0.47685194,0.5522189,0.9286802
1.0800383,4.139818,-0.11851704,8.972635,-0.100069165,-0.42403698,0.5452095,0.59866214
1.0430984,3.3357978,-0.21702993,8.91383,-0.10574651,-0.49758577,1.34941,0.83030295
1.0675981,3.3735375,-0.109333515,8.921128,-0.11923981,-0.47346258,0.53468275,0.6240109
1.0931501,3.1357393,-0.04087019,8.84192,-0.13331485,-0.45105982,0.013661742,0.55694246
1.0937715,3.0079792,-0.06987661,8.930213,-0.13856435,-0.47041297,-0.4277385,0.052455127
1.1230186,4.1012335,-0.12401575,8.885906,-0.12579012,-0.47203135,0.12536871,0.4008795
1.2164161,4.0646935,-0.10677934,8.910117,-0.1512909,-0.4422922,0.5109091,0.5239296
1.1996806,4.079062,0.20172143,8.95915,-0.15694499,-0.50610805,0.2719003,0.41703892
1.238047,3.925264,-0.112185,8.916771,-0.1319865,-0.49068928,2.5097075,0.92002594
1.2730131,3.4958963,-0.19579232,8.802042,-0.11703992,-0.51552296,2.3128874,0.7142613
1.3898911,3.5546086,-0.2382679,8.847782,-0.13121426,-0.51284456,1.3459482,0.88452756
1.3926018,3.4715984,-0.12609005,8.579161,-0.110708356,-0.46669722,0.7894999,0.8552507
1.1686742,3.3584557,0.06451702,8.639628,-0.15461564,-0.4415877,0.9015739,0.8833046
1.39102,2.9557507,-0.025799036,8.642254,-0.18656564,-0.44672585,1.7523899,0.75085557
1.4992344,2.8896277,0.060206532,8.669903,-0.25240397,-0.46804833,1.5302067,0.5589427
1.7309048,4.002157,-0.110464096,8.666593,-0.28756583,-0.338408,1.6615407,0.87619746
1.5362141,4.859236,0.15340018,8.6620245,-0.25867832,-0.267174,1.4865448,0.845947
1.6780728,4.8884525,0.16539574,8.704884,-0.2511449,-0.45896602,2.006956,0.9595071
1.6437725,3.276285,0.22290826,8.759282,-0.23073971,-0.42042375,2.19336,-0.48536223
1.7613997,3.768368,0.1933235,8.548389,-0.24905622,-0.37944794,2.36591,0.99318945
2.3297882,4.191946,0.07131457,8.496611,-0.23828554,-0.34380817,2.230241,0.98495305
1.9410129,5.4109573,0.03646159,8.580914,-0.24799585,-0.35767984,2.8832934,0.9387615
1.7152426,3.7107148,0.44849038,8.497492,-0.25025237,-0.4279213,2.6739862,0.8731048
1.640979,4.2952695,0.5455265,8.451366,-0.23312938,-0.4298532,0.8038442,0.26069355
2.6033962,2.97406,0.40556848,8.445923,-0.29552042,-0.3880229,0.3473978,0.32982135
2.9609206,3.6441648,0.3674202,8.433379,-0.2779193,-0.3506074,1.3027308,0.36212933
2.6706014,4.039955,0.61043656,8.350315,-0.22117484,-0.36693025,0.44225383,0.79589987
2.3658926,4.091514,0.7581148,8.463446,-0.246441,-0.41547155,0.2770269,-0.49703184
1.8188944,3.8618438,0.70089054,8.434375,-0.2244606,-0.49395847,1.726783,0.8954029
0.5480516,6.3671913,0.7871003,7.511268,1.0559542,-1.6689552,0.8796971,0.6505151
0.6160921,8.2041645,0.73977983,7.546528,1.0442123,-1.6585112,2.3035278,0.8015466
0.629836,8.749222,0.7882261,7.629601,1.0432849,-1.6875058,2.588175,0.770545
0.6183822,7.960097,0.8112681,7.4911046,1.047133,-1.612586,-0.6782298,0.073634505
0.55134165,8.375039,0.819528,7.5876775,1.0621705,-1.7452335,1.7596533,-0.23772052
0.6946986,9.443878,0.80402756,7.6505833,1.044858,-1.6845639,0.19309974,0.75340414
0.58499163,8.709814,0.7560389,7.6343575,1.0544093,-1.6626395,-0.034481883,-0.012931228
0.6043802,8.845987,0.75550413,7.64448,1.051189,-1.6621578,-0.43162245,-0.21259245
0.65936726,8.177673,0.76688516,7.5255184,1.033957,-1.6364658,2.3434641,0.29850304
0.7299032,8.152574,0.66357684,7.5406733,1.028738,-1.6287,0.7572144,0.48160714
0.86787415,8.055365,0.6802455,7.61438,1.014503,-1.6810375,1.2427113,0.35587448
0.63945144,8.96951,0.7771683,7.625393,1.0253682,-1.6463364,-0.18031424,0.07840878
0.65586215,7.7864356,0.7053009,7.5335083,1.0524719,-1.6365471,-0.32801932,0.31488925
0.7178842,7.9498687,0.7043102,7.505207,1.0759201,-1.6413661,0.22219026,0.28168058
0.679983,5.4228554,0.77833104,7.3926187,1.01665,-1.6134155,0.29110408,0.86788714
0.739836,4.6350756,0.7601142,7.391842,0.9855063,-1.6075704,-0.037559092,0.12062085
0.6560327,4.655946,0.78678536,7.36368,0.99355054,-1.6235969,0.40928507,0.8400483
0.6608928,4.293128,0.8334389,7.2651815,1.01159,-1.6954446,2.0184946,0.80163896
0.63140297,3.3825488,0.8430624,7.2707186,1.0246322,-1.6725506,-0.6549623,0.1718998
0.6283666,4.497532,0.8543749,7.1876516,1.0439126,-1.6475135,0.53204834,-0.058470607
0.6871869,2.4727447,0.85996795,7.0736647,1.0460639,-1.6640308,0.8536898,0.9687525
0.7197609,3.4838715,0.79964995,7.0623465,1.0590189,-1.7066798,0.8629825,-0.28031397
0.94324005,4.373129,0.76529527,6.9617887,1.1167855,-1.6851187,0.8990679,0.9996419
2.5631468,2.938038,0.7552836,7.0019693,1.1179035,-1.6749262,-0.72476035,0.9415846
2.6201928,5.952222,0.7686218,6.9443536,1.1692407,-1.701634,-0.5286295,-0.323854
2.8232656,7.0645494,0.75919414,7.076043,1.2080779,-1.7402581,-0.9375469,-0.4813814
2.9561949,2.6515372,0.7119341,7.083889,1.1771281,-1.7930369,-0.86140287,-0.28897092
2.6929662,3.5042138,0.820127,6.9532237,1.1855342,-1.827979,-0.520922,0.48269808
2.6001456,5.562579,0.7806761,6.947548,1.2179518,-1.7908733,-0.705034,0.55967677
2.2658765,6.130961,0.81988716,6.8976617,1.152797,-1.8317693,2.267082,0.6552141
2.0884366,3.8030572,0.838789,6.8983335,1.1486664,-1.7671359,2.298321,0.79710186
2.1913905,4.294327,0.9777131,6.634548,1.1106508,-1.6896456,2.2838874,0.9467921
0.84048057,2.7415352,0.9768357,6.6190004,1.0815532,-1.7208073,2.1300337,0.9617388
0.88698643,2.151106,0.9299612,6.7045217,1.1038535,-1.773642,2.6655383,0.72938037
0.8892338,2.3802829,1.0005937,6.7152576,1.1062322,-1.7616124,2.1132936,0.057070196
1.0949895,2.8365054,0.97386265,6.702549,1.1007547,-1.782856,0.78741145,-0.17474884
1.9090357,3.91757,0.92345643,6.7360535,1.1022484,-1.7352617,1.572921,0.9540343
1.2866008,4.2177324,0.9143853,6.729244,1.0747631,-1.7291322,0.6139512,0.7856431
1.7679082,2.747428,0.98817563,6.65874,1.0286303,-1.6935427,1.4750423,0.6004083
1.4886228,2.8942676,1.0167203,6.6631336,1.0060203,-1.6826899,0.882048,0.8862636
1.7199837,2.6999948,1.031559,6.7373276,0.9806206,-1.671912,1.9710786,0.57637143
1.4586273,9.7795925,1.0060201,6.6648054,1.0030084,-1.622541,1.6847501,0.7629118
1.2781365,2.0332456,0.98980427,6.6706424,0.99237466,-1.6561651,1.948698,0.88241994
1.280833,8.348638,0.9995644,6.754655,0.9995949,-1.6324563,1.183454,0.6275883
1.3398963,8.408045,1.0662832,6.718418,0.9704678,-1.6670696,0.6215924,0.32425237
1.3408663,6.22038,1.0965221,6.6180286,0.9962728,-1.6494553,2.5835214,0.5530082
1.80249,7.060262,1.0946584,6.575082,1.0103824,-1.6501282,2.4954114,-0.15028441
2.179429,9.293879,1.0641294,6.5201263,0.97429395,-1.6120921,2.5249112,0.95074093
1.9440308,9.716777,1.0107329,6.545251,0.9621203,-1.5965692,0.73447084,0.90850997
2.232415,9.884662,1.0256019,6.4883885,0.9701364,-1.5925107,1.792079,0.85653305
2.1996064,5.5106926,1.0471034,6.506316,0.9215274,-1.506804,1.544538,0.8014966
1.4896014,5.3920655,0.86604047,6.765482,0.9215276,-1.5218956,1.2674813,0.84494936
2.3850791,3.5807762,0.9359187,6.836214,0.9268997,-1.5764297,0.86040354,0.86407137
2.8353848,4.2526107,1.0090036,6.876769,0.91713285,-1.503368,-0.57071275,0.8791512
2.5261369,4.3129177,1.074192,6.73849,0.89252377,-1.4904401,-0.54699856,0.8100059
2.571404,2.9470367,1.0915985,6.8506203,0.9027536,-1.4941666,-0.8595351,0.17958552
2.9192724,4.2124414,1.124835,6.8293104,0.8872845,-1.4893076,-0.5277544,0.7196436
2.9018521,2.9686651,1.1690717,6.826879,0.8464911,-1.4762518,-0.05846554,0.055803895
2.3770041,2.3883986,1.1353047,6.792508,0.890934,-1.4933796,0.17121255,-0.37805545
2.5383837,4.713126,1.154927,6.777938,0.8478534,-1.5262802,0.5354402,-0.23224902
2.8823621,4.7597246,1.1605496,6.724577,0.8706901,-1.4852424,-0.28810352,0.8352946
2.8781295,7.9407268,1.2015405,6.6632824,0.88411903,-1.4794393,0.1932751,0.7548498
1.726104,2.1115065,1.1963339,6.6087146,0.85720086,-1.5213045,0.66731787,0.72298884
1.0386202,2.0681453,1.17174,6.6529336,0.85378695,-1.5452902,1.876688,0.7331141
0.7214846,4.1437593,1.2356236,6.7377725,0.8702173,-1.5040936,2.436938,0.693046
0.7120944,2.4856565,1.3089719,6.572149,0.840575,-1.5032085,1.2489312,0.2503528
0.58044505,2.6301289,1.3498099,6.561492,0.8422425,-1.4952931,1.9465811,-0.28410426
0.7778823,7.0011125,1.2738404,6.755764,0.85180354,-1.4918811,1.7065358,-0.11232388
0.7362641,6.4184346,1.2784865,6.732156,0.83921695,-1.4441655,1.70386,0.6107538
0.8981634,6.972015,1.2625046,6.7014327,0.84470487,-1.4460207,1.2634609,-0.46527013
0.84173524,7.6314197,1.237885,6.7887077,0.90438867,-1.528765,1.6597323,0.26951933
0.8722398,7.0201273,1.2265332,6.7648363,0.8985679,-1.5418365,0.96341777,0.049404263
0.7365918,4.992761,1.3016076,6.7790008,0.90428925,-1.5854603,1.7233281,0.52273464
0.55159116,4.188159,1.3110282,6.589809,0.9124377,-1.5665326,1.6308568,0.6645199
0.84077203,5.6558285,1.2491164,6.57467,0.9176047,-1.5136228,2.7216449,0.7536886
0.56429356,4.668781,1.3798604,6.573968,0.8611288,-1.5010452,1.6687341,-0.2611161
0.565877,5.371316,1.3958113,6.560019,0.89322734,-1.5417068,1.3337805,-0.0021192431
0.585726,6.6747985,1.3989081,6.6567345,0.882282,-1.5138394,1.6130764,0.10972494
0.62144184,6.829664,1.4415576,6.5142603,0.8959496,-1.5723506,2.4610624,-0.06949553
0.58685863,6.281592,1.4221351,6.5410595,0.9213228,-1.567657,1.8994415,0.16691267
0.5844753,4.324112,1.3788562,6.6112194,0.83465314,-1.4275875,0.742453,-0.38237536
0.6702431,5.513259,1.3493686,6.695929,0.82145524,-1.4764076,2.8938754,-0.4016552
0.6803028,3.3922634,1.3426423,6.632266,0.8590114,-1.5439694,2.6927903,0.6378957
0.6282247,2.4850137,1.2869141,6.6466556,0.84118295,-1.4976633,1.5542696,0.94844127
0.8078759,2.9117994,1.267138,6.6029034,0.855484,-1.5165625,2.3946903,-0.43616024
1.2038714,2.8662517,1.2478867,6.564292,0.86221886,-1.4999971,2.127956,0.7567177
1.3177665,5.2120943,1.1778803,6.600477,0.8331504,-1.5007653,1.6602886,0.8506503
1.4728473,3.9802387,1.1974173,6.5842896,0.85746217,-1.5458802,1.8994946,-0.07456276
2.3922744,6.5564985,1.1461568,6.640481,0.9013355,-1.5267287,2.3169467,0.28544575
2.220956,2.215673,1.1394899,6.571705,0.95013213,-1.5163754,0.024298668,0.9422591
1.7464458,2.288664,1.1158104,6.642645,0.9151106,-1.595926,0.6490228,0.47423625
1.5011771,4.922191,1.0895789,6.621835,0.92638135,-1.5816749,1.3086193,0.4091736
1.5659088,6.520488,1.0683799,6.528324,0.9487648,-1.583433,1.844723,-0.023845017
1.5432975,8.744987,1.0843742,6.6697016,0.9520912,-1.5874755,2.030009,-0.08255863
2.4298203,9.263611,1.0217617,6.7851157,0.9187026,-1.6130513,1.482799,-0.110761106
2.639413,7.968103,1.0260744,6.788783,0.90948534,-1.5827926,1.0868018,-0.32406855
2.696803,7.857588,0.99658024,6.8208466,0.9097798,-1.5716838,0.008197427,0.46246028
2.769616,6.6323,1.1072211,6.6126304,0.90718555,-1.538979,0.24273312,0.6004758
2.8367593,6.1512637,1.1317272,6.636071,0.89084864,-1.4877694,1.4753788,0.64520216
2.8097646,3.3143764,1.2429972,6.644454,0.9081967,-1.4857893,-0.7380434,0.88439655
2.877749,2.1690602,1.2257304,6.642542,0.9195442,-1.565376,0.13868248,0.8937701
2.1771936,2.6606545,1.2449107,6.5630198,0.93295336,-1.6082592,1.26787,0.59006846
2.9955573,4.3689365,1.1563952,6.5282507,0.92453647,-1.5198593,0.10193682,0.20718277
2.1719875,6.4368486,1.2268445,6.4764996,0.90569544,-1.4725488,-0.23472577,0.6658144
2.3434644,7.876889,1.2247844,6.481311,0.9144497,-1.5691884,0.7641319,0.32508516
2.6437554,8.145008,1.1112978,6.5155725,0.9065323,-1.5399609,2.1320953,0.4929915
1.7651287,5.450279,1.1538794,6.4121284,0.9086449,-1.5355353,1.0238667,0.64144754
1.6058576,6.9482284,1.205466,6.4125805,0.9227824,-1.5654078,0.7024139,0.4270923
1.7529707,6.656818,1.1191864,6.4298906,0.9234383,-1.5224721,1.8616886,0.30598938
2.0072923,6.8670516,1.2493715,6.321669,0.9454889,-1.490794,-0.5384164,0.8382319
1.9253168,2.8257496,1.1828914,6.270685,0.96468854,-1.5253899,2.1960638,0.6510773
1.7284697,3.92103,1.272052,6.425836,0.98227,-1.6610038,0.31761122,-0.11833519
1.3267307,5.476513,1.1112087,6.50501,0.95228887,-1.5805756,-0.38188183,0.24123085
1.5731027,6.3941483,1.126729,6.451009,0.95084953,-1.5060598,-0.5722161,0.2804268
1.0789859,8.1847,1.1134167,6.49327,1.0157526,-1.6174465,1.3319356,0.5872822
2.9945607,9.724285,1.1103778,6.536026,0.99953485,-1.5970778,1.5169508,0.4787675
2.6900017,8.06359,1.197073,6.5078607,0.9533994,-1.5916092,-0.06161481,0.41401172
2.5552175,3.2388716,1.1851676,6.50815,0.9612081,-1.5951174,1.2831907,0.4263152
2.162962,3.3385918,1.2115371,6.5046005,0.9479859,-1.5423857,0.9737567,0.66585994
2.1874833,4.1723757,1.1620369,6.5465436,0.96045876,-1.562917,-0.28823066,0.5863669
2.4198,5.7679505,1.1139436,6.551835,0.9744122,-1.5760072,-0.1610356,0.85532117
1.1156418,7.9786544,1.1666732,6.5208063,0.99547195,-1.6629223,2.1279504,-0.26748103
1.3240374,4.4940677,1.1135881,6.602459,0.9702625,-1.6528246,1.7731023,0.88430357
1.3191266,7.2327332,1.1369758,6.587199,0.99768233,-1.609612,2.0840774,-0.37633717
1.2492325,6.9824734,1.1098504,6.6903524,0.930177,-1.548229,1.6571622,0.44528317
2.0058503,4.078889,0.9934939,6.002797,1.6295881,-2.2016044,-0.8759883,0.761016
2.6250799,5.259161,1.0435317,5.9637146,1.6194181,-2.202499,-0.40232837,0.48528302
2.684835,4.0661135,1.072341,5.9364815,1.6000011,-2.1901493,-0.047211826,0.5723183
2.085445,4.212768,1.0712037,5.9634933,1.5492756,-2.1298647,0.2528919,0.7145133
1.6799275,3.652656,1.1417308,5.9059286,1.5552661,-2.2213054,-0.236215,0.60922384
1.9444284,4.401035,1.105711,5.77009,1.576071,-2.1459484,0.913244,0.9049947
2.4858959,9.932489,1.1271832,5.6554403,1.5717852,-2.2117991,2.5846477,0.5269866
2.3358598,6.1417565,1.2910244,5.646778,1.4990654,-2.1488252,-0.18465471,0.801635
2.2912588,6.0432653,1.230989,5.595524,1.5522935,-2.1424372,-0.42476785,-0.19897744
1.3947462,2.3344817,1.2164941,5.5741987,1.5331602,-2.1079767,0.35981524,0.945966
1.9552722,4.5194774,1.2174764,5.669855,1.5443358,-2.221734,1.9721756,0.9009912
2.4298458,3.889535,1.2340107,5.568232,1.6095221,-2.2084937,0.9543406,0.32164526
2.3854148,3.7378416,1.2120647,5.6434364,1.6272273,-2.2309904,0.9797127,0.35039055
0.91064084,6.545829,1.1948595,5.651375,1.628216,-2.239894,1.0672474,-0.008985043
0.9543256,6.5124726,1.2281637,5.627963,1.6184285,-2.2405105,0.80740845,0.5629586
1.0693612,2.7518916,1.2255964,5.617544,1.5946729,-2.1987238,2.5624647,0.2812662
2.1313114,7.0794,1.1620891,5.634515,1.6441047,-2.261053,0.6587899,0.33817124
1.7609785,6.19862,1.1499043,5.64954,1.6729004,-2.3332567,0.64869773,0.6916026
1.3380162,8.064633,1.1546626,5.583319,1.7133303,-2.3270743,0.50719166,0.3187949
1.2720836,6.9502606,1.1795611,5.543887,1.6977453,-2.3331099,-0.008530915,0.15784162
2.1706872,8.591093,1.063067,5.682953,1.7176785,-2.3268766,-0.20096093,0.06063342
1.5972962,8.268612,1.0597305,5.7030897,1.706877,-2.3121629,0.124094605,-0.21100265
2.050182,6.877377,1.0339217,5.732737,1.725218,-2.3257384,0.97508574,0.95989466
1.9154594,3.688555,1.0747018,5.790665,1.72591,-2.299015,0.13061118,0.8168855
1.0897804,5.3552504,1.0925918,5.764249,1.7228737,-2.3140593,0.23123765,0.85101223
2.7608204,3.289185,1.160289,5.764098,1.7344565,-2.287825,0.066669345,0.9337847
1.5470206,2.8477526,1.0812187,5.739256,1.7542055,-2.330546,-0.4102807,-0.32950085
1.8894796,4.6178308,0.97985196,5.867271,1.7492762,-2.3549426,-0.38163114,0.99395394
1.8311214,7.7573724,0.97438383,5.8598337,1.7638879,-2.3254108,-0.7762729,0.96734893
1.8534129,5.797934,0.9450252,5.786596,1.7594864,-2.2655811,-0.5761465,0.8729687
1.234896,7.0851684,0.9757178,5.7478843,1.7959547,-2.3098044,0.76048446,0.78872323
1.7140079,7.018192,0.99437714,5.81591,1.7610974,-2.3218439,-0.9649816,0.46728015
1.1108683,3.083566,0.9465692,5.8843327,1.7800443,-2.3852875,-0.10852224,0.7035842
1.789174,2.5682006,0.9688791,5.9781613,1.7693884,-2.36184,2.2300975,0.97709644
1.6815686,6.340022,0.93365777,5.9161024,1.7777483,-2.4212856,-0.17208433,0.51965904
1.4406601,7.4816046,0.8818221,6.1068406,1.8233688,-2.4754992,1.1991906,0.20021027
1.9773469,4.822649,0.88582087,6.134763,1.8752413,-2.4907572,0.6548574,0.8912277
1.5726417,6.0702763,0.8749416,6.0238686,1.8528504,-2.4874473,0.71813035,0.25265682
1.4922838,7.698288,0.8437331,6.0687127,1.8791058,-2.4276237,0.62679446,0.71514785
1.9921601,7.57158,0.86074317,6.0007644,1.8952224,-2.4297729,-0.9155746,0.5341331
2.0898018,8.655714,0.8394773,5.935648,1.9137886,-2.4157004,-0.9207851,0.3711201
2.2507358,9.105577,0.8384173,5.9260426,1.915833,-2.416109,-0.9670313,0.721275
2.0186965,6.023961,0.8695251,5.8639526,1.921155,-2.401896,-0.94612706,0.9729595
1.2974126,8.041254,0.85455763,5.8813133,1.9189575,-2.4602046,2.5231597,0.6840193
2.0066078,9.310455,0.8469739,5.812369,1.9104853,-2.480874,2.0276499,0.98540413
1.7188067,7.7958727,0.890332,5.888282,1.8997681,-2.449567,-0.72360826,0.9771069
2.7255769,8.02681,0.8675842,5.9448237,1.879776,-2.4358912,0.21197462,0.7334455
2.3655152,7.688894,0.8928871,5.9783726,1.9123192,-2.4908652,-0.31886107,0.4804021
2.8126557,7.2389426,0.9251704,5.9841523,1.9205685,-2.515734,-0.29832882,0.28544772
1.3406919,4.166662,0.9056902,5.937816,1.9501498,-2.5506816,-0.2320872,0.46879494
2.0839787,2.9038224,0.8973055,5.976783,1.9620888,-2.55493,-0.043570936,0.71416664
1.0757449,2.6258678,0.9057263,5.8838334,1.9742935,-2.569735,1.6307144,0.9748999
1.8743975,3.2610173,0.90058565,5.9669647,1.9631896,-2.5251803,-0.15126216,0.9947158
2.0903454,9.760494,0.9001008,5.980793,1.935185,-2.5367734,-0.773386,0.050666094
1.1239314,6.3847847,0.8984642,5.9986057,1.9717622,-2.5743208,0.80747163,0.06517744
0.7053976,4.3006926,0.8647704,6.23162,1.889508,-2.539271,-0.094433665,0.3381945
0.6062492,8.523702,0.9388957,6.182885,1.8785372,-2.5013947,-0.2179451,-0.17090979
0.893281,8.684979,0.9242666,6.1691284,1.893851,-2.4901147,-0.052592993,0.11564356
2.0004475,4.564607,0.88038445,6.1757593,1.804539,-2.4281132,1.8775814,-0.063467145
1.6946814,4.202611,0.8756468,6.160219,1.7892199,-2.423259,1.0665236,0.999719
1.5247512,4.500765,0.86410785,6.25185,1.7891171,-2.3754845,-0.3312449,0.86163306
1.7120907,5.897723,0.8327589,6.240774,1.7738249,-2.4177628,0.034606338,0.28551614
1.9873252,5.234363,0.7705655,6.2862825,1.8084927,-2.391997,-0.6349354,0.52111864
1.125685,6.874358,0.74871063,6.3779902,1.76424,-2.3652678,0.9226699,0.7903682
2.623725,7.615989,0.75286555,6.4000177,1.8084235,-2.353239,-0.04334885,0.8040981
2.7341933,7.0747457,0.73737943,6.395167,1.8269458,-2.441724,0.69851875,0.7671155
1.8582908,8.209058,0.74921584,6.209647,1.8357553,-2.442948,0.6292449,0.58788836
1.1941216,8.182554,0.74293613,6.3307695,1.8610513,-2.525483,0.58769214,0.45580924
1.0394142,4.1590195,0.6944692,6.4811077,1.7806618,-2.4022326,0.9338825,0.90085423
1.4896042,4.310828,0.7082199,6.561568,1.7600055,-2.3490362,2.2959108,0.8168597
1.633628,5.506239,0.7015331,6.601031,1.7084961,-2.3321376,1.4469483,0.88065696
1.5842273,4.497039,0.71894765,6.5903645,1.7134252,-2.3562565,1.3396931,0.9225522
1.9910355,2.782664,0.7340778,6.5118065,1.7512484,-2.3536406,0.77081394,0.9897945
1.1934259,3.804275,0.7460841,6.503319,1.7503967,-2.4250736,0.76921344,0.99284124
0.849712,9.344711,0.85272574,6.5430593,1.6951497,-2.3269649,0.09029806,-0.1258055
0.8616737,9.743758,0.82970786,6.4822006,1.7352128,-2.340964,1.046459,0.63678956
0.7784426,6.0940895,0.8578403,6.445671,1.7434337,-2.4196506,1.5906849,0.32097685
1.3750651,6.62747,0.7270777,6.4660873,1.727001,-2.378447,0.34505785,0.17784804
1.748569,4.0057783,0.74507236,6.571618,1.7261086,-2.3321805,-0.8545192,0.092500985
2.1895308,2.1856852,0.7757772,6.560774,1.7228022,-2.2900882,-0.64759123,0.6860931
0.83102465,3.3157058,0.7709528,6.6189156,1.6676829,-2.28046,1.0805326,0.14333361
0.86717856,6.5021467,0.76707387,6.560359,1.6803949,-2.3132224,0.8524039,0.96418214
0.83674616,2.601416,0.73137736,6.7021923,1.697767,-2.309804,0.8185414,0.51341426
0.85240245,9.140143,0.72084975,6.614518,1.7506793,-2.314733,-0.6171705,0.4922526
0.9072895,4.5738816,0.7535722,6.3888736,1.7167437,-2.2565985,-0.8246561,0.70021415
2.1767344,3.8564796,0.7685832,6.410989,1.7274957,-2.2470384,-0.81942946,0.69175315
2.8410907,3.6659636,0.8416387,6.4087677,1.6633468,-2.1841993,-0.5224556,0.94000065
2.8827324,8.825624,0.79021895,6.4451027,1.6519661,-2.1847425,-0.6618594,0.5816679
2.874865,7.9060636,0.85067594,6.4152074,1.5936508,-2.1867085,-0.7326243,0.5128763
2.7019367,3.4362664,0.83354044,6.4330316,1.6498401,-2.198257,-0.6659292,0.883538
2.636202,6.634843,0.7003801,6.4953394,1.6419461,-2.1859403,-0.68948746,0.5858513
2.8769035,6.8910956,0.7195102,6.744107,1.5992639,-2.1046412,-0.93391395,0.92481184
1.1167878,8.639217,0.66621006,6.5766287,1.6257975,-2.1350327,-0.7189903,0.81161404
2.3802114,7.784906,0.7353188,6.59093,1.6509581,-2.234162,-0.6715596,0.8407545
2.4701746,8.293974,0.7924292,6.482959,1.6391494,-2.2424223,-0.6528357,0.6537936
2.2207532,2.7883277,0.8753147,6.504313,1.6366062,-2.2198217,-0.45432818,0.8011708
2.3096,6.684848,0.87621784,6.422923,1.5763733,-2.2333536,-0.42160457,0.55348575
2.1688333,5.052386,0.85195756,6.3844643,1.5743732,-2.174951,1.0770841,0.34329152
1.9264065,7.2630334,0.8342581,6.332144,1.541621,-2.175025,0.94900274,0.8688338
1.5082153,7.8236375,0.8091196,6.3370824,1.5826223,-2.1466265,-0.5108019,0.6172538
1.8079661,9.413414,0.79224133,6.2857122,1.6165302,-2.2001562,0.46792364,0.8175725
1.9930183,7.1017447,0.77776647,6.222938,1.636945,-2.2293344,0.86618006,0.59654784
1.6497929,9.021608,0.8226731,6.200115,1.6669784,-2.2638376,0.8141608,0.78399515
1.5573101,5.2258687,0.85919106,6.2111073,1.6630576,-2.2473793,-0.18953413,0.88946426
2.7090478,6.4160647,0.9045048,6.225504,1.6969125,-2.2264233,-0.55648625,0.77553654
2.355937,9.992466,0.86791253,6.237961,1.7075319,-2.2568958,-0.7901289,-0.13072658
2.063282,9.959751,0.81540704,6.3924894,1.6489582,-2.238595,-0.90080297,-0.10701087
2.123338,9.797964,0.80321956,6.3575525,1.6081085,-2.2719254,-0.6963822,-0.12057018
2.1692934,8.208469,0.73557305,6.5190816,1.6302478,-2.1896052,-0.7657693,-0.17046061
0.937539,6.144982,0.78712916,6.54406,1.6215532,-2.253036,0.7187263,0.5731367
0.9876668,7.5843897,0.78046155,6.681118,1.6114538,-2.2573357,0.6789969,0.3012445
2.7938445,5.117102,0.7459452,6.776019,1.5939302,-2.2532773,0.298159,0.30732846
2.2307286,3.0046966,0.74200535,6.7291875,1.6429601,-2.21567,-0.8985964,0.59877574
2.3156962,6.8620267,0.75769925,6.7029543,1.569963,-2.207429,0.12135041,0.94764817
2.536161,6.858517,0.72852373,6.7108936,1.5800147,-2.1763666,-0.71210027,-0.22933951
1.6320184,4.1975346,0.6629822,6.6382103,1.5737505,-2.1291466,0.09668112,0.63132465
1.3697147,4.733462,0.7480396,6.547193,1.5158305,-2.087535,-0.111623466,0.58077574
1.2874625,8.07188,0.6480576,6.719991,1.5156555,-2.1270263,0.59234035,0.6005037
2.725801,8.262028,0.636286,6.8733807,1.5084279,-2.1282945,0.32740808,0.7115083
2.5150597,5.0688434,0.68579745,6.9782186,1.529185,-2.223339,0.06814873,0.76282644
1.2701705,3.4659758,0.6781018,6.986248,1.5415838,-2.2272267,0.13692999,-0.3636164
0.9447036,5.198424,0.6575661,6.9912653,1.5493596,-2.2179406,1.5223341,0.58603835
1.3164303,7.0889535,0.6038935,6.9355354,1.5452712,-2.1409826,0.02586615,0.6295359
2.511351,7.853946,0.60146296,6.95046,1.5887296,-2.1555371,-0.5027221,-0.120612204
2.6437685,6.027857,0.6755514,6.7989197,1.6362126,-2.206747,-0.8900958,0.08099967
2.8062248,3.9722564,1.1644185,5.632766,1.8287783,-2.3662133,-0.9643102,0.38376516
2.610927,2.1147106,1.1579399,5.6835485,1.8204322,-2.3677375,-0.9118182,0.90773106
2.192813,2.1007447,1.1304941,5.730729,1.7631779,-2.2929451,-0.93502104,0.7994853
2.105253,2.2740192,1.1253877,5.6458917,1.7641776,-2.2802851,-0.96885955,0.029744923
2.497192,4.4169297,1.1549978,5.580285,1.7416565,-2.2936697,-0.6583983,0.9749998
2.6345947,8.860218,1.0961034,5.6383166,1.731564,-2.297689,-0.1300866,-0.3928292
2.3585055,9.209738,1.1350582,5.610237,1.7181783,-2.3167667,-0.7372757,-0.0022414923
1.4997109,8.360607,1.1343694,5.5538406,1.6894717,-2.2410092,0.916042,0.4194733
1.9295266,3.2257333,1.1256676,5.7208056,1.6541812,-2.2679656,0.9972888,0.60055757
2.860767,5.0336742,1.1648054,5.794241,1.6232522,-2.2731683,1.0896208,0.88294077
1.6916606,3.6154194,1.2365589,5.5883417,1.5638793,-2.121119,-0.24672109,0.8630004
2.0152054,3.579195,1.2755766,5.598338,1.5052829,-2.1252909,1.7788527,0.8414998
2.3255603,3.3266377,1.2308717,5.6518316,1.517967,-2.0954802,1.6091926,0.69390035
2.824266,5.0494823,1.2375908,5.7732253,1.5670135,-2.0938854,-0.1913253,0.17962575
2.7427347,9.86463,1.2353528,5.767634,1.42816,-2.0869107,1.888727,0.5527978
2.7045703,4.7777514,1.2738793,5.7622705,1.4382663,-2.0165763,2.082534,0.7124119
2.8260374,4.629923,1.3168364,5.7400084,1.4114695,-2.02106,0.42597628,0.37874013
2.07058,5.3887653,1.2701535,5.65572,1.41435,-2.056326,1.0666649,0.74477863
2.4185953,5.89815,1.2532866,5.675524,1.4572973,-2.0979886,1.6243551,0.97796774
1.8310564,5.2951097,1.2403224,5.804631,1.4623537,-2.0934255,0.5923251,-0.011678278
2.2448578,6.411044,1.2119231,5.816105,1.4619284,-2.0841656,-0.42534435,0.20475644
1.7347033,7.802914,1.1953952,5.829566,1.4522989,-2.089193,1.5715704,0.49690807
2.5008879,8.574301,1.1770718,5.7998266,1.3901386,-1.9520805,0.16171205,0.92597365
2.1857977,9.893299,1.1893144,5.804578,1.3252387,-1.9976478,0.42242885,0.9590585
1.9606214,8.603119,1.1734083,5.8008013,1.3156579,-1.8324113,-0.37650114,0.16596073
1.9976977,7.187384,1.1826897,5.7782106,1.3313534,-1.9304127,-0.59289587,0.44057184
1.8777615,6.545126,1.3042052,5.755707,1.2896111,-1.932156,-0.07501078,-0.45489
1.5397806,6.301547,1.2721756,5.7538986,1.2948363,-1.9173923,0.7325524,0.9294176
1.4743645,9.386021,1.255441,5.749628,1.3175766,-1.895316,1.0923667,0.5254381
1.895478,7.720479,1.2015824,5.8413925,1.2826662,-1.9179006,0.5604954,0.8431486
2.1647146,7.8827453,1.1718061,5.8925157,1.3403928,-1.9831494,0.94581115,0.29305696
2.700777,9.762903,1.175467,5.8863974,1.3286474,-1.9334764,0.55514944,0.5003251
2.9216063,5.2083807,1.2232885,5.8421097,1.3758132,-1.9726492,2.4322083,0.4703275
2.6778271,4.967658,1.2679458,5.871028,1.365458,-1.9694053,1.5718706,0.47946215
0.87458026,5.9043813,1.252079,5.8925714,1.3527279,-1.9929931,2.1193097,0.6770811
0.91664475,2.8547943,1.2436175,5.902149,1.3688397,-2.034351,2.1298428,0.65532947
1.3396873,4.1562977,1.2714171,5.86248,1.3324378,-1.9788524,1.9100018,0.80982685
1.3831493,6.3714447,1.2343025,5.8659873,1.338175,-1.9576919,2.5508845,0.5341008
1.9353793,3.9864097,1.208858,5.9092197,1.3517821,-1.9313238,-0.05441457,0.83582973
1.9820145,7.6385345,1.2285542,5.792799,1.3600307,-1.9419667,2.6681051,0.58633447
1.46564,8.586416,1.1778746,5.8295875,1.3411648,-1.933026,2.3992896,0.8168721
1.6457713,8.528753,1.1441419,5.8779526,1.3350511,-1.9669846,1.6066658,0.43203104
2.2347078,8.212872,1.1537552,5.745621,1.3995607,-1.9637126,0.4046117,0.61124325
2.0669472,9.255993,1.2078075,5.605611,1.3983035,-1.955293,1.0552449,0.67791295
1.9181584,9.519436,1.2519422,5.62169,1.4109523,-2.0514853,1.7495663,0.27204096
2.2706542,7.709637,1.2209051,5.695474,1.4172878,-2.0692043,0.81192553,0.4946164
2.251584,8.110149,1.1548929,5.820183,1.4445488,-2.075492,0.85798275,0.77199006
2.404507,9.079065,1.1254826,5.8528967,1.4423008,-2.0894675,1.4760704,0.8321296
1.5157046,8.777355,1.2379942,5.7984943,1.4242823,-2.0705986,0.445495,0.43999964
1.7156701,7.921549,1.1492369,5.8727207,1.4297991,-2.107113,0.13266444,0.12490088
2.0072274,3.1388955,1.1389024,5.934328,1.4864054,-2.0963085,-0.57547414,0.08625072
1.7807804,2.761475,1.1528642,5.916024,1.4916968,-2.1050265,-0.34759682,-0.25648984
0.9888606,2.4037938,1.1239412,5.9464636,1.4836454,-2.1191812,1.2555444,0.85359716
1.923682,7.3379354,1.1370845,5.869942,1.4542925,-2.0981817,1.6976998,0.39087653
1.8151615,7.3728933,1.1316214,5.8316364,1.4451041,-2.1038446,1.4835398,0.35566992
1.6000686,7.1655116,1.1653876,5.800406,1.4207673,-2.0660942,1.9543726,-0.10978785
1.630516,8.613989,1.1915188,5.8066583,1.4321103,-2.0577068,2.3299913,0.8644942
1.9648006,7.304989,1.2459464,5.825463,1.3904002,-2.0653791,-0.5443717,0.14378321
1.3907051,9.123436,1.3018706,5.7014904,1.4267151,-2.0983734,2.4772243,0.017334461
2.460843,8.598505,1.3421786,5.6784296,1.417299,-1.9957474,-0.9908424,-0.11265224
2.6463735,6.109693,1.4279523,5.65015,1.4210606,-1.9668176,-0.9907483,0.61698246
2.5241482,6.9593444,1.3656971,5.5363455,1.466608,-2.0059197,-0.8057444,0.47296035
2.8408928,8.911266,1.4242926,5.4706087,1.393961,-1.9755499,-0.4578994,0.35528457
2.7060504,7.9253016,1.3874974,5.5526867,1.4319105,-2.0135098,-0.32363057,0.23106772
2.8477376,5.9919662,1.4302447,5.5193663,1.4219656,-2.0497136,-0.45674253,0.43156767
2.5132678,5.05628,1.411351,5.543308,1.4348898,-2.1070898,1.2688076,0.82281375
2.23734,6.280056,1.383687,5.3841043,1.4646676,-2.0925913,1.4273951,0.74395967
1.8461494,8.891716,1.3635607,5.306162,1.4708714,-2.0955434,0.74398434,0.7519156
1.5047995,8.864893,1.367686,5.3114924,1.5089931,-2.1062129,1.4150867,0.7370994
1.314172,4.5772104,1.4713383,5.274931,1.5022655,-2.087654,-0.38847864,-0.15198693
2.5173,4.591177,1.467499,5.307021,1.46931,-2.1546478,1.965929,0.698544
2.0802178,2.9099813,1.4782462,5.298081,1.4559243,-2.0714889,2.6187406,0.7343681
1.3492184,3.8468666,1.3169127,5.3562865,1.4857564,-2.0546305,0.8052572,0.8093821
1.860002,8.6833,1.2832217,5.348268,1.5003138,-2.0686738,0.87254953,0.3341422
2.0334277,8.19206,1.2834036,5.372304,1.4896963,-2.0732863,0.8500048,0.6330248
2.0043824,7.3987303,1.3266201,5.4574475,1.4567871,-2.1025045,1.3756602,0.7026216
2.6913311,6.8437304,1.321357,5.472128,1.4818947,-2.1116824,1.8863478,0.7449794
1.5750211,7.88534,1.3714955,5.491453,1.4748311,-2.1272984,1.561043,0.036036074
2.2433605,9.569946,1.3334551,5.428751,1.4369121,-2.094563,2.583219,0.061061084
2.1217108,9.554799,1.3213546,5.481635,1.4236517,-2.0634136,2.6116462,0.5859535
1.5697426,8.670595,1.2911413,5.50639,1.4337375,-1.9719554,-0.0059820414,0.6183001
2.5722,9.28635,1.3044877,5.687937,1.4339621,-2.0272818,-0.45630634,0.7150904
2.498563,2.6748052,1.3272882,5.740158,1.4155667,-2.0986023,-0.48001766,0.29582834
2.0681267,2.9495368,1.319798,5.7531486,1.4624674,-2.0567546,-0.052274644,0.5708884
2.6625204,6.661576,1.331281,5.5869946,1.4398606,-2.1076958,-0.21288872,0.58683133
2.5673597,5.395722,1.4022148,5.5318193,1.4375515,-2.0521047,0.20034266,-0.28923994
2.8140733,7.322595,1.4246578,5.4649243,1.4303398,-2.0688076,0.5926535,0.83986664
2.357458,6.9969206,1.433198,5.410876,1.4261515,-2.0692687,0.53778446,-0.050379574
1.735236,6.924566,1.4415295,5.3434806,1.4177303,-2.0652063,1.4971547,-0.001286149
2.2640352,8.277804,1.3859782,5.4247885,1.4626982,-2.0659416,2.7632914,0.10585046
1.6707988,9.738162,1.3756223,5.320134,1.45541,-2.0513327,2.7386596,0.6972344
1.8350189,8.226463,1.3416932,5.488456,1.3871045,-2.050795,1.8424699,0.89953244
2.0571177,6.7592983,1.4038768,5.505314,1.3915071,-2.0150268,0.9143734,-0.38615233
2.2721748,6.0748825,1.4663706,5.4245567,1.3686903,-1.9838822,-0.2584126,-0.079012185
2.0546057,7.528814,1.3627048,5.4042177,1.3908718,-1.9601448,1.1647904,0.63736856
2.093965,6.120128,1.3227353,5.4689503,1.3945563,-2.027801,1.5103872,0.7151606
2.0141933,8.111406,1.3114052,5.473232,1.4002988,-1.9788907,0.9968555,0.698365
2.0313034,7.1169496,1.286191,5.5392256,1.3690012,-1.9528342,1.0371306,0.9601083
1.8233218,9.114796,1.2662714,5.579142,1.3303401,-1.8848271,-0.16090745,0.87035227
1.9135314,9.490927,1.2342048,5.594283,1.3497891,-1.8937894,-0.41041481,0.8743106
2.0511513,8.644033,1.2305589,5.5965786,1.3595862,-1.8648825,0.34283245,0.33284545
2.1620224,9.36886,1.2435055,5.6010184,1.3769763,-1.8938739,-0.62293494,0.28131592
2.2085342,7.911119,1.2912197,5.611003,1.362865,-1.9104521,2.921084,0.9358568
1.8386761,8.206235,1.3064325,5.4964323,1.3740118,-1.9266391,2.9118626,0.9805919
1.5296085,6.451317,1.4237716,5.597473,1.3126523,-1.9631128,2.6784728,0.6759728
1.128817,6.530401,1.3942282,5.5448623,1.3427281,-1.9811833,2.7769399,-0.3856178
1.7188368,6.550934,1.4032269,5.5867205,1.3652358,-2.0399904,0.46866405,0.30360878
2.67891,4.6845465,1.4061036,5.5356135,1.4041352,-2.02695,0.44484532,0.23610103
1.0993237,3.9567494,1.4410839,5.5027027,1.3637543,-2.027194,0.70426226,0.1846441
2.4779644,6.7723308,1.4821177,5.33298,1.365175,-1.989876,0.57953787,-0.027505636
2.4996676,2.1164534,1.4989469,5.3701773,1.3524573,-1.9873686,0.7444228,0.26562393
2.5353417,9.999241,1.5246792,5.343501,1.3443351,-2.009379,0.38406968,0.011061192
2.4195466,9.99852,1.450134,5.3680353,1.3673103,-2.0239048,1.6437283,-0.0032586455
2.722449,2.0094998,1.45379,5.4792776,1.396934,-2.0462239,0.5025455,0.18599266
1.6078857,2.010972,1.4194808,5.4822893,1.3833754,-2.0230134,1.1506009,-0.06565809
2.6885598,9.179045,1.415725,5.482895,1.332084,-1.9222138,0.6896759,-0.14759874
2.4265592,8.75247,1.4242129,5.485552,1.3504684,-2.0167599,0.43000925,0.6820538
1.5089828,8.852173,1.3289039,5.5846996,1.3701086,-1.9898634,1.8283081,0.72984314
1.5382538,3.4782286,1.2972224,5.818183,1.3663423,-2.0369058,1.8546553,0.19279015
1.3941222,4.196388,1.3117776,5.7632866,1.3643682,-2.0364892,0.61956656,0.22777975
1.1614251,3.7684584,1.3393931,5.7098026,1.3461964,-1.9946712,0.46460688,-0.33268327
2.8425388,9.544359,1.306323,5.849842,1.3322921,-2.010737,1.4535298,0.19864511
2.9558232,8.442004,1.3192153,5.751416,1.330554,-1.8787668,1.2824187,0.20486802
2.9308105,5.581415,1.448807,5.748317,1.289438,-1.9190319,-0.7153297,0.66221774
2.631304,4.695921,1.4002316,5.767352,1.3215799,-1.8966641,-0.71627927,0.3839867
1.0094831,5.0349903,1.0104444,6.3775597,1.3466959,-1.9447929,2.2102854,0.36084008
1.2657838,5.283779,0.9972565,6.2838306,1.3529825,-1.9490907,2.433302,0.7398702
2.1413085,6.2355285,1.0378633,6.039283,1.3451686,-1.9423555,1.8407149,0.9511218
1.8187833,7.1281137,1.126548,5.788206,1.3752813,-1.9619128,1.8545156,0.9844575
2.3725572,6.453112,1.159411,5.7923694,1.4191508,-1.9275208,2.948416,0.92586017
2.6580396,6.8226647,1.1236234,6.001112,1.3765872,-1.9499943,2.375217,0.62353086
2.9045029,8.149645,1.0925841,6.18011,1.3677716,-1.8802755,-0.82839406,0.7515676
2.6678474,8.037075,1.1238408,6.1782846,1.2821014,-1.8830483,0.9135585,0.3732655
2.7882307,8.824385,1.1038902,6.1485405,1.2325492,-1.8489548,1.2071409,0.7337651
2.3288758,8.491426,1.1214898,6.167059,1.2316005,-1.8374331,1.3213143,0.72275305
2.256017,7.7346067,1.0615072,6.1711125,1.262758,-1.8948005,0.8859056,0.40339613
2.2356713,8.866253,1.0738795,6.1454897,1.2504613,-1.8591927,0.86044025,0.68364084
2.239529,9.795391,1.1440713,6.0118804,1.2277298,-1.9137406,2.5344527,0.35657144
2.0172768,9.779788,1.1831033,6.0571203,1.1982112,-1.85407,0.60297453,0.463153
2.463465,9.7334,1.1411469,6.1112146,1.2178473,-1.8452904,0.4287244,0.50265586
2.2785287,9.3946905,1.1342006,6.0998507,1.1894944,-1.8348856,0.7557229,0.6027014
2.7733746,9.182341,1.1394639,6.0479627,1.2036958,-1.8409834,1.1428576,0.46077102
2.0898242,8.558453,1.1464803,6.0545487,1.1968985,-1.8328453,1.3519623,0.1846981
1.674763,8.677878,1.1525357,6.1873684,1.2166018,-1.9215702,0.40372682,0.06426036
1.6267958,9.600405,1.1935711,6.108797,1.2359004,-1.9107454,0.24931479,-0.2891692
2.4370356,8.984867,1.21226,6.1807413,1.2376053,-1.9079792,0.95974267,-0.26049447
1.5399104,8.009693,1.0925431,6.162094,1.2394722,-1.8347702,0.23081768,0.17599851
1.5927804,8.027821,1.0740006,6.1929083,1.2328253,-1.8862091,-0.021560252,-0.032431155
1.8044965,4.2323627,1.0815184,6.2091947,1.2295079,-1.8856944,1.3833122,0.8635676
1.9900792,4.684148,1.031599,6.3026247,1.2314701,-1.8169532,2.2220829,0.68549466
1.6181617,8.065055,1.0393977,6.3165636,1.1883173,-1.8001316,2.4793618,0.737031
1.3488822,6.9339266,1.0799603,6.245385,1.214436,-1.8443309,2.1945157,0.55044174
1.4628909,6.029029,1.076644,6.161829,1.225929,-1.7894099,0.8191662,0.8949138
1.641784,8.455337,0.9690008,6.250131,1.272053,-1.8911088,0.7102101,0.90706885
1.8288672,8.221684,0.9327316,6.4339743,1.2631309,-1.8612293,1.2485495,-0.26748368
1.4349977,3.8828573,0.9109292,6.5361357,1.2402391,-1.8498971,-0.6824018,0.41354167
1.2027751,8.550566,0.98381925,6.554388,1.2645388,-1.8340734,-0.5323533,0.6021383
2.60146,3.8855414,1.0051355,6.3913193,1.2555885,-1.8779477,0.96613884,0.94636595
2.519625,4.5963583,1.0103238,6.4480877,1.1972389,-1.7975962,0.31178522,0.7882596
2.4335494,4.720813,1.0033436,6.4834466,1.2215748,-1.7813498,0.11525297,0.7036028
2.3213344,4.1915355,0.90414274,6.5807195,1.2121732,-1.8133014,0.16529512,0.66365004
1.9625155,9.679822,0.91742706,6.462118,1.166986,-1.7788439,0.6032022,0.45690155
2.338561,9.629241,0.89596665,6.5375504,1.1517618,-1.7817917,0.76107323,0.365332
2.1265116,7.7413936,0.82830286,6.5920486,1.126976,-1.724638,1.8064532,0.946906
2.4238155,5.5991187,0.826905,6.6353707,1.1744428,-1.7332112,1.9071519,0.9639921
2.3365233,7.1634364,0.8783027,6.58152,1.1937585,-1.7300237,-0.57021797,0.9897641
1.7509476,6.194215,0.91687083,6.567848,1.1835227,-1.7402794,-0.009887874,0.9999002
2.1083162,6.990844,1.060807,6.3574867,1.1353815,-1.7414236,-0.7304858,-0.49225235
2.5428576,7.034845,1.0994201,6.378232,1.1960802,-1.760412,-0.8601408,0.9993911
2.6138148,4.863861,1.0989273,6.4140024,1.1815765,-1.7326908,0.33633995,-0.4856244
0.98286027,3.4444103,1.0725119,6.367408,1.1481876,-1.6999966,-0.0077167153,0.9759977
2.9210207,6.2713757,1.0926538,6.414833,1.2288959,-1.8572444,1.6590433,0.9441507
2.995344,5.5165424,1.1019824,6.377965,1.2267501,-1.7799985,0.49234354,0.74041677
2.9138036,5.7208877,1.1019328,6.1514845,1.2489548,-1.7745625,0.6341554,0.93886137
2.3990333,9.885366,1.0155861,6.1727986,1.2655494,-1.8316216,-0.12310183,0.9933603
2.2853796,8.959431,1.0925775,6.108061,1.2624066,-1.844228,-0.12024057,-0.17380846
1.5166901,8.92947,1.0925138,6.1206465,1.2707705,-1.8607149,-0.017790914,-0.37284994
2.5515473,9.840746,1.1533141,6.1268873,1.2535944,-1.8527734,0.011341691,-0.06698963
2.459375,9.412556,1.131783,6.135606,1.2695041,-1.9143107,0.10253286,-0.30733305
2.6033816,7.087703,1.0696266,6.276114,1.2938874,-1.9676409,-0.061921,-0.1210866
2.6110797,9.477251,1.112812,6.230604,1.3231478,-1.9431624,-0.35827684,-0.24726084
2.610756,9.216055,1.137969,6.1523237,1.2965829,-1.9637387,0.121608615,0.09399009
1.8263252,6.273884,1.098062,6.1957035,1.2009659,-1.8903868,-0.33180404,0.2920208
1.6662958,5.9340057,1.0717323,6.1883197,1.1971445,-1.8016982,0.57418025,0.5027981
2.1683176,5.642186,1.1184268,6.2317953,1.215909,-1.8034302,0.85019314,0.4884078
2.487106,4.876566,1.1638956,6.239959,1.1989424,-1.79049,2.1775317,0.8436239
2.4188368,7.7540116,1.1613517,6.2563953,1.1560335,-1.8194416,1.9346125,0.48787987
2.4983084,5.509797,1.1351538,6.2892833,1.1612763,-1.724972,2.1382034,0.97766304
1.3525717,8.4069,1.1599984,6.203462,1.1932085,-1.7763029,0.54932356,0.877954
1.2349427,2.2799568,1.1221938,6.151387,1.193192,-1.7679029,0.6187371,0.9656712
1.022609,2.4721313,1.1634979,6.18107,1.1767485,-1.7732029,1.4663954,-0.17283875
0.8727996,2.0034251,1.1662731,6.203559,1.1794717,-1.7691841,0.713537,0.9601519
1.6725359,2.0001698,1.2240486,6.1603823,1.1597223,-1.7898427,2.0857096,-0.2787947
2.3031921,4.7874184,1.2118759,6.170264,1.1645007,-1.7928703,1.9538958,0.16618139
2.399588,7.9050336,1.207732,6.1019135,1.1362674,-1.8075202,1.5774827,0.3051014
2.8880777,6.8854403,1.1846743,6.123683,1.1580589,-1.8299437,1.9420929,0.9047898
2.8312793,8.641087,1.1776845,6.209084,1.1862864,-1.8014235,0.13388038,0.6269356
2.9153557,7.423442,1.247642,6.1019716,1.190686,-1.8029885,-0.17998016,0.8003278
2.9083014,8.927763,1.266429,6.0421247,1.2202561,-1.7901413,-0.06335974,0.50152266
2.9486182,8.261997,1.2010627,6.1301785,1.2534027,-1.7855997,-0.46204752,0.8558953
2.7645805,6.602704,1.2887285,6.10791,1.2247725,-1.8244789,0.3961072,0.5835167
2.7927766,8.46166,1.2263567,6.062207,1.2326193,-1.8704582,0.38342345,0.42955405
2.6355474,7.31529,1.2454131,5.9787602,1.2677009,-1.9029219,0.46712494,0.3164196
2.688271,7.400806,1.1921892,6.002075,1.2728629,-1.8719113,0.2426188,0.77223897
2.50547,8.225687,1.2077534,6.0326414,1.2355108,-1.8710171,0.19476604,0.8347275
2.545762,9.8707485,1.1387393,6.0125833,1.250514,-1.8560241,2.552294,0.4913836
2.498518,9.658291,1.1294515,6.0004983,1.2567444,-1.8770255,2.3081095,0.48691577
2.4135084,6.865398,1.2212298,6.1421623,1.2382052,-1.881449,0.15593016,0.20678031
1.6151509,9.045705,1.1248164,6.1090307,1.2352598,-1.8585858,0.31279314,0.29900742
1.9323915,9.194948,1.123436,6.024767,1.2399213,-1.8597398,-0.15254748,0.16407001
1.9651206,3.9479136,1.177465,6.130665,1.2474291,-1.867906,2.8898652,0.53118014
0.95118797,7.6629243,1.1731622,6.2049556,1.2518086,-1.8409976,2.7802696,0.87831044
0.84806937,9.8299465,1.3275924,6.158052,1.239794,-1.9229803,2.2523608,0.92137074
1.023947,2.0066779,1.2246032,6.144063,1.226357,-1.9247366,2.4801264,0.76109684
1.7098775,2.000114,1.2537491,6.021218,1.2312562,-1.8625908,1.5779095,0.7044661
0.70735604,2.000104,1.2535686,6.0178137,1.2342343,-1.9114586,0.8737757,0.68023753
1.8422276,2.0003517,1.2365341,6.104355,1.2348592,-1.8941435,1.4947426,-0.2451646
1.7533247,2.408128,1.2572184,6.0696335,1.2452731,-1.8967731,1.2221148,0.9633553
2.3210368,3.8741188,1.2605071,6.0839806,1.2327244,-1.881858,0.44912112,-0.30098546
2.583097,3.739736,1.21543,6.1805744,1.2372546,-1.879207,0.5032122,0.9380003
2.729636,3.2254226,1.2306657,6.138067,1.2244525,-1.8862158,0.87492716,0.98705745
2.8057418,5.8265734,1.210969,6.1315594,1.1749151,-1.7668748,2.245095,0.37796843
1.555267,5.9375753,1.2117646,5.952777,1.2040379,-1.817135,-0.7643651,-0.22132802
1.7075367,2.4317832,1.2416985,6.0550694,1.2477434,-1.8876467,-0.7031332,0.056490958
1.1500106,4.9399023,1.3216641,5.9469986,1.2454133,-1.8920708,2.6195533,0.12633681
1.1264008,3.7312417,1.3795352,5.8967943,1.2059336,-1.9018202,2.858533,0.1476767
0.9353966,2.7397196,1.2963881,5.8882895,1.2557824,-1.9209383,1.8867061,0.20425385
1.0183833,4.157659,1.3242297,5.877803,1.2676783,-1.9183893,1.142432,0.30824137
1.8214653,2.633172,1.2906001,5.7533474,1.3553567,-1.9256889,-0.30000347,0.67851365
1.947696,3.662086,1.3489888,5.637188,1.3425059,-1.8946261,0.43719816,-0.30579925
1.9055432,4.9931774,1.4072263,5.484321,1.432292,-2.051785,0.45933676,-0.13960779
1.4709368,3.3749084,1.4842227,5.3861437,1.4397423,-2.1278644,1.5077193,-0.13247865
2.2931387,7.9316387,1.433681,5.408973,1.417793,-2.148584,1.1388879,0.40735036
2.2711768,3.4676795,1.4490151,5.2387733,1.4984698,-2.0904002,1.012542,0.19070774
1.8097653,8.307717,1.3233652,5.3634825,1.495209,-2.1509461,0.71471334,-0.15454695
1.9024155,8.665994,1.2946734,5.3949103,1.5187383,-2.1526647,0.5619978,0.39012027
2.3912847,9.382149,1.2806735,5.3878584,1.5071707,-2.118879,0.35478103,0.56134176
2.7920754,7.647701,1.3525558,5.384573,1.5500784,-2.1787674,0.43098068,0.57057726
2.5713801,4.4839344,1.3839078,5.4192123,1.5542951,-2.152224,1.3942618,0.45252705
2.5692031,7.0731583,1.3888245,5.426161,1.5646126,-2.2000618,-0.5075489,-0.36453927
2.7037964,3.1958342,1.421232,5.414486,1.5988395,-2.1643212,-0.02895379,-0.44361746
2.3789704,7.3089004,1.4084668,5.3748837,1.5599835,-2.23172,-0.10251093,-0.45336476
0.8490364,7.0958104,1.4185379,5.3429255,1.5970752,-2.2436666,2.7524421,0.6697774
2.9461818,2.5568216,1.4099276,5.3701534,1.5909076,-2.2422156,0.14951932,0.70412946
2.5702422,3.8654099,1.3470948,5.3062706,1.6814241,-2.3475664,1.2134919,0.7620615
1.2430567,3.506051,1.2950077,5.3418083,1.6805167,-2.3436484,0.723938,0.81129456
2.484211,9.4670925,1.3118467,5.2142534,1.7066641,-2.312023,0.8450643,0.027593017
2.4091146,7.29309,1.2980404,5.178213,1.6959698,-2.2953506,1.6209614,0.9517777
1.5797626,5.711322,1.314146,5.224278,1.7116733,-2.2809596,0.82213295,0.040715218
2.6080282,6.6193504,1.316334,5.185313,1.7513895,-2.3607388,-0.14210546,0.6321343
2.7963996,4.99768,-0.16760457,8.3297825,0.0488317,-0.62365794,1.1789114,0.9940932
1.8386531,3.6274137,-0.22374332,8.376064,-0.022417545,-0.5888953,0.9535204,0.52986145
2.2052593,4.4599667,-0.20019692,8.285435,-0.007850289,-0.5484724,0.7072966,0.95730114
2.0886164,5.706808,-0.099877,8.358309,-0.01674366,-0.60261464,1.5987597,0.7698411
2.2989957,5.3792915,0.03673446,8.329627,-0.012789488,-0.57800794,1.3663697,0.4069059
2.4262233,4.91482,0.050132632,8.252939,-0.02983272,-0.5613365,1.5752306,0.7241143
2.5259516,4.8780675,-0.20445347,8.39347,-0.024899125,-0.56852317,2.0270586,0.8631054
2.6509411,6.1457367,-0.19050205,8.473492,-0.02807188,-0.54907656,0.0038787127,0.67001784
2.5904055,7.574343,-0.07353699,8.512498,-0.07047856,-0.58093214,2.2529416,0.64824986
2.7569132,5.3919196,-0.23634708,8.488679,-0.016266704,-0.59232616,0.81537163,0.6229247
2.377738,4.643334,0.0384773,8.46361,-0.037932873,-0.5880785,0.51210713,0.84565115
2.019579,6.137576,0.18082047,8.408869,-0.034999847,-0.57121587,0.7365407,0.4116887
1.9502316,6.3744354,0.43612504,8.375589,-0.08387399,-0.60155964,2.201363,0.44004714
1.507963,7.6480656,0.49547434,8.5725355,-0.042090654,-0.5368333,1.5763047,0.52209723
1.3884715,6.2041597,0.42921793,8.642925,-0.080234766,-0.5220299,1.3654082,0.60656166
1.4053037,6.4524937,0.6069789,8.67354,-0.15964937,-0.3797698,2.6358497,0.5739846
1.450776,5.047656,0.43953335,8.636955,-0.13749564,-0.5034723,1.4170749,0.18594909
1.4768968,5.5881267,0.3835609,8.645219,-0.15986955,-0.49884486,1.3767924,0.075380206
1.5230868,5.0340776,0.04699552,8.768616,-0.16035771,-0.4731307,0.7498183,0.5505506
1.5571147,4.912691,0.11544168,8.864019,-0.17249024,-0.48498392,-0.4679225,0.12387401
1.7116491,4.913612,-0.06597805,8.861347,-0.22909951,-0.4107027,-0.39994484,-0.4155957
1.7187971,4.707999,-0.09964323,9.032452,-0.2277385,-0.41673565,-0.38842773,-0.34003788
1.38856,5.1215878,-0.25291264,9.0801735,-0.18867707,-0.4686079,-0.65898824,-0.17243677
1.0707858,3.8359923,0.20809579,8.835259,-0.15670311,-0.47249484,-0.5242151,0.030060053
1.2141888,3.9015355,0.23279941,8.746362,-0.18217325,-0.45206642,1.5699024,0.74070215
0.96829,2.712476,0.47478175,8.745073,-0.24249363,-0.40934038,1.4813466,-0.07889342
1.0116591,2.5129976,0.49355364,8.705444,-0.19417882,-0.44881105,0.40854383,-0.13324839
0.949906,2.2571507,0.2911055,8.625511,-0.17833006,-0.4564824,2.2482774,0.7306056
0.8032311,2.5562046,0.6777171,8.703356,-0.203547,-0.42180943,2.0450053,0.65150535
0.80540925,2.328265,0.53404856,8.656719,-0.19943058,-0.4809456,1.6912124,0.44537336
0.8452196,2.7006207,0.61163473,8.733112,-0.17675698,-0.4980116,2.0682962,0.25839293
0.73107576,2.753583,0.6155567,8.731758,-0.06488037,-0.4998064,1.177352,0.051442385
0.56669164,3.172377,0.68318295,8.76418,-0.07099235,-0.5216055,2.887628,0.20839244
0.5353444,2.9988422,0.7832831,8.761421,-0.07036054,-0.6354523,1.9043772,0.66517925
0.53595674,3.1188636,0.7267995,8.861057,-0.011190414,-0.6626737,1.8641648,0.33054674
0.5161898,2.9821174,0.49895537,8.853146,0.029037237,-0.6447451,1.49633,0.35768878
0.511638,2.626248,0.5212078,8.828819,0.01611495,-0.63703656,0.3503058,0.017528474
0.57189286,2.6365936,0.5014323,8.69117,0.02259183,-0.6408467,0.98736286,-0.14313275
0.73659754,3.3319452,0.4610746,8.600298,0.12569642,-0.6916077,0.66778433,0.59028983
0.59785,3.2277503,0.5100999,8.584785,0.2397852,-0.80459595,-0.025806606,0.5860143
0.58558714,4.3816767,0.5563204,8.824028,0.2361455,-0.86531734,0.14845538,0.36160296
0.5215943,3.2492385,0.7219658,8.668852,0.19304442,-0.87272954,1.7158339,0.23229736
0.51466745,4.210087,0.5838926,8.780972,0.22825766,-0.8624821,0.35572183,0.29389834
0.52898926,5.093601,0.55754375,8.715082,0.23152518,-0.86234355,2.2744126,0.64047384
0.5441303,5.1506896,0.5601306,8.753212,0.21258187,-0.8280754,1.7823093,0.73497033
0.6826526,5.4233356,0.27377617,8.971235,0.19781232,-0.774492,1.878289,0.91562545
0.6876034,4.8752127,0.21818507,8.997204,0.18813753,-0.8347652,1.9042878,0.82275116
0.6745744,4.5066795,0.2255938,8.899087,0.2493949,-0.8418174,2.4718409,0.82659364
0.6915201,5.6512666,0.17484081,8.958025,0.2991197,-0.8933227,-0.1325528,0.44315857
0.7168163,4.486042,0.17275095,9.016586,0.29993963,-0.9588182,0.2827462,0.500846
0.757463,4.691348,0.13932955,8.854485,0.31427884,-0.9538014,0.50937986,0.4189862
0.76709235,3.98955,0.1228838,8.83084,0.3006482,-0.9575782,0.91970146,0.13525009
0.7817067,3.0574276,0.04037547,8.814137,0.28905034,-0.97624755,-0.15109962,-0.07631576
0.9583689,3.7842479,-0.081376076,8.811913,0.33712363,-0.9771385,1.3317058,0.87750936
0.89372206,3.4755433,-0.1838243,8.792451,0.28598595,-0.9527168,1.6205986,0.8233893
0.894487,3.891295,-0.18431324,8.741807,0.34488773,-0.91751957,1.7022557,0.9155439
0.8168383,4.501025,-0.074857235,8.749618,0.37075853,-0.94991493,-0.19152111,0.77620316
1.0379126,4.3667946,-0.21312511,8.738935,0.44684625,-1.0217197,-0.31028384,0.7590965
0.9064999,4.9014425,-0.14558661,8.694224,0.50757265,-1.0794256,2.4719105,0.87391925
0.8104931,4.7470827,-0.09531307,8.658463,0.49877977,-1.0701618,1.4818382,0.939872
0.94680417,7.3624034,0.17806959,8.609756,0.4891677,-1.0657837,0.8380439,0.6656685
1.0095472,7.384161,0.25272608,8.586971,0.44955993,-1.0666218,1.9183018,0.6906202
1.0374159,7.4597573,0.2928456,8.572102,0.40656877,-1.0407152,1.1917949,0.6726738
1.0184455,8.361849,0.3543676,8.589645,0.352777,-0.9738059,0.334803,0.48899627
1.1362813,8.485644,0.307266,8.562248,0.4071536,-1.0240507,0.8015698,-0.42243063
1.1352491,8.454485,0.35518205,8.610746,0.35025716,-1.0194844,1.226476,0.270357
1.3050039,7.5458074,0.2605685,8.525443,0.37253094,-1.0168529,-0.42458236,0.40178204
1.2382972,9.219523,0.24419856,8.486581,0.39604473,-0.92188835,-0.45378494,0.3064158
1.3096933,8.259104,0.12514508,8.500024,0.37764788,-0.9396031,0.20111322,0.6154643
1.2899599,7.0013223,0.14717245,8.608504,0.35544586,-0.90943265,-0.516353,0.2146464
1.213911,9.260457,0.3023373,8.559305,0.34699154,-0.99535656,2.3772817,0.2702819
1.206216,9.794275,0.2522428,8.806047,0.31353784,-0.94646287,0.11510539,-0.12119269
1.2087543,9.81333,0.25603426,8.747012,0.32389593,-0.9158864,1.0720692,0.99125576
1.3280839,9.229789,0.11709118,8.8104515,0.3065002,-0.9715333,1.5542123,-0.34577274
1.2860466,8.18502,0.15724552,8.751928,0.28832197,-0.95042086,1.273659,0.9370421
1.3146982,7.509842,0.15800452,8.700825,0.25085664,-0.954407,1.2250297,0.4782483
0.92969465,3.6338463,-0.025171518,8.721302,0.217839,-0.92806196,1.5873318,0.6669593
0.85867137,2.781688,-0.008121729,8.717087,0.304492,-0.90811634,2.3521764,0.7638078
0.8059162,3.3553596,-0.084162414,8.797625,0.36015916,-0.96132064,-0.11753243,0.36509484
0.8666317,4.8453484,-0.0020246506,8.826951,0.31401324,-0.932811,-0.074787736,0.6346059
0.93988836,4.775751,-0.034268618,8.722292,0.38116002,-0.9420526,-0.09238815,0.62597215
0.94447756,4.6188536,-0.08491993,8.748884,0.38757277,-0.93796945,-0.44849497,0.8803115
0.92005885,4.6948605,-0.11922175,8.808982,0.40136147,-0.9512806,-0.08951658,0.83755565
0.8061781,5.4750624,0.033391,8.807427,0.43982887,-0.99462295,-0.1584627,0.8945434
0.9049809,6.623493,0.1747806,8.792427,0.3893764,-1.0376337,-0.14535552,-0.45772937
0.8827605,5.913655,0.17334354,8.747339,0.44519234,-1.049184,-0.81340826,0.6718273
0.79560167,5.2586255,0.15294349,8.772167,0.43854403,-1.0041053,-0.58105433,0.14807326
0.9348735,5.7051005,0.046880722,8.741992,0.44849086,-1.0093608,0.32906735,0.59230363
0.9452876,5.6473613,-0.097759604,8.62958,0.48555684,-1.0066605,0.05815971,0.60396886
1.1025736,6.499626,-0.0738852,8.772584,0.47762656,-1.0797551,0.0037394762,0.580847
1.0449537,6.2839127,-0.057630062,8.788258,0.4381094,-1.0935793,1.795553,0.5709765
0.9930244,6.959283,0.077516556,8.786594,0.48208022,-1.091698,0.0704571,0.7656635
0.8926892,6.5075226,0.082570076,8.792185,0.50689816,-1.0867836,1.1271067,0.53844
0.8785926,5.355343,0.14798248,8.683886,0.45846343,-1.1109638,0.84432137,0.8118535
0.79856867,5.68896,0.11853397,8.666249,0.51755905,-1.0620035,0.5681547,0.8572043
0.767828,5.778403,-0.007458687,8.839656,0.5345168,-1.1218736,1.7380371,0.9374156
0.71546316,5.203514,0.09320235,8.838823,0.47025585,-1.1028917,0.20490289,0.51024806
0.8352434,5.110857,-0.069021106,8.813078,0.45524025,-1.0956248,1.2243662,0.9600254
0.9249058,5.3137646,0.03414774,8.634283,0.50006914,-1.1409491,1.2438967,0.92989683
1.2121655,4.9002953,-0.024871945,8.739048,0.4987321,-1.1795292,1.0607119,0.34107018
0.93674594,4.2524295,-0.108873844,8.743181,0.48495865,-1.1762785,1.8257077,0.5388684
0.9283916,4.4114995,-0.1581006,8.830494,0.52649164,-1.1749611,-0.13223445,0.78150463
0.9280794,4.2443337,-0.11615813,8.797534,0.52332354,-1.1691681,0.4006796,0.33937478
1.0963795,4.764101,-0.17805254,8.754211,0.547498,-1.1742983,0.21163785,0.7605207
1.1105869,4.561946,-0.14445293,8.770613,0.5437739,-1.2146993,-0.29005158,0.850206
1.103185,5.102761,-0.18741715,8.79026,0.5634732,-1.2226385,1.8330114,0.60819626
1.0862248,4.4230037,-0.1336335,8.69098,0.48567677,-1.1534214,0.7125578,0.75964916
1.0589514,5.3673916,-0.14762348,8.708462,0.48567152,-1.1074681,1.3023548,0.5763625
1.0790737,5.677431,-0.18445933,8.816854,0.49862957,-1.1259701,0.037900925,0.6455984
1.0265851,4.28467,-0.07136536,8.596743,0.5372596,-1.0938246,-0.08291304,0.69541097
1.0717403,3.5774117,-0.22703403,8.699366,0.5493336,-1.1096594,-0.49126422,0.8213172
1.0014901,4.7444563,-0.26748288,8.7122345,0.5540023,-1.1015162,-0.30959904,0.8679192
1.08917,3.8437808,-0.27014643,8.580458,0.56767225,-1.1836336,0.56706476,0.94441736
1.0030518,4.052987,-0.1594001,8.675566,0.6347339,-1.1985238,0.20812201,0.9591855
1.12341,4.83239,-0.11497563,8.567008,0.60746694,-1.18191,0.066102624,0.99417996
1.1652813,4.301389,-0.10439825,8.51746,0.55738354,-1.1413958,-0.50712776,0.35832262
1.4807742,5.705579,-0.3615172,8.570831,0.60442495,-1.1561604,-0.8542765,0.4273169
1.2400672,6.0638666,-0.40865785,8.666594,0.66331744,-1.1954546,-0.832435,0.91614354
1.2277423,5.9642267,-0.41096997,8.753632,0.57671165,-1.0557075,-0.46220273,0.664006
1.1111684,4.125446,-0.40371996,8.679813,0.5352478,-1.1254574,0.33249712,0.93970203
1.1856489,5.340315,-0.17747116,8.643358,0.5445905,-1.1534567,0.5168953,0.8889692
1.0856183,4.3164616,-0.23361224,8.659594,0.546031,-1.1340714,-0.013382256,0.89129865
1.1196115,4.69989,-0.30718106,8.680611,0.52704525,-1.1079445,-0.18269974,0.5612068
1.1275885,3.3629346,-0.3785088,8.699953,0.5390153,-1.1424673,-0.4524647,0.7776234
1.2814407,4.008023,-0.3341263,8.67719,0.45954394,-1.109873,-0.46036774,0.3384304
0.7506387,2.8795292,0.48415947,8.466507,0.13176966,-0.7702453,2.031187,0.84829617
0.7252029,2.795106,0.5265138,8.360874,0.17530608,-0.79838777,1.9550531,0.524631
1.0168002,2.9040537,0.67981553,8.171831,0.15927434,-0.8578315,2.1343112,0.72729945
1.3780357,3.6626124,0.5405661,8.134503,0.15670323,-0.8574023,1.8690667,-0.20881933
1.5911382,2.3980703,0.61597085,7.985591,0.17590928,-0.8441603,0.40273595,0.44855952
1.5758395,3.2737572,0.5709777,7.870535,0.16445565,-0.831074,0.9430884,0.23036075
2.0999107,2.3021383,0.8525814,7.8035607,0.20766473,-0.8428128,1.6262538,0.8802248
1.5959942,2.3636994,0.8632593,7.786476,0.11943865,-0.7490282,2.2407568,0.84237015
2.1948485,2.2959158,0.96804404,7.639914,0.11792445,-0.7537129,1.5670798,0.9239001
1.7943691,2.349377,0.98303556,7.5894175,0.121482134,-0.7435746,2.4978428,0.91268766
1.6806756,4.6728163,0.900702,7.738442,0.14962816,-0.78242064,0.8269026,0.14807332
2.7348728,2.9162376,1.084276,7.6468835,0.14959717,-0.7743652,2.7656066,0.6946012
2.8961575,7.702836,1.0822487,7.6349797,0.1849649,-0.8014896,2.9103446,0.20209807
1.5632993,5.918665,1.0364759,7.6812787,0.19348192,-0.8619399,1.4511147,0.33617234
1.7802987,7.1630344,1.0503473,7.7595797,0.14960146,-0.8515582,2.545738,0.023884475
1.9404294,6.390494,1.017174,7.7456374,0.14475298,-0.7395108,1.1167958,-0.41237834
2.4003506,5.4581976,1.2085087,7.815594,0.035116196,-0.78594255,1.5278625,-0.3185506
2.6245415,2.7789412,1.3094301,7.685205,0.034106493,-0.76185846,1.2296753,0.14078301
2.4235947,2.9458222,1.3263288,7.7096786,0.033084154,-0.6405256,-0.23995274,-0.03340316
2.058118,2.1878343,0.97849655,7.68267,-0.008054137,-0.59645605,2.8172343,-0.025503278
1.9947551,2.398371,1.00759,7.682101,0.06309605,-0.60169864,-0.45927262,-0.41249388
2.1842506,3.5321746,1.0177834,7.847811,0.06895542,-0.68150854,-0.45277852,0.06069213
2.1103835,5.269039,0.8506036,7.7988744,0.10726261,-0.627249,-0.4007299,0.43419194
2.47443,2.5223818,0.81234264,7.7810826,0.13351011,-0.71118283,-0.551141,-0.099680126
2.5236921,2.526403,0.9186659,7.7733088,0.14798164,-0.7216563,-0.65006423,0.3458619
2.5666113,7.48188,0.877066,7.783648,0.146142,-0.7055423,0.10881734,0.1974597
2.226499,5.3918915,0.96289635,7.841056,0.13566923,-0.79345894,-0.050956786,0.29851556
2.0830455,7.506335,0.70343566,7.898934,0.15292192,-0.7740464,0.07606268,-0.009495795
2.4663193,5.000607,0.74744415,7.8874297,0.14394188,-0.7604704,0.05394876,0.5258621
0.84232676,3.120326,1.0615978,7.777426,0.15577126,-0.82972074,2.0457482,0.55615616
0.88895905,2.6842635,1.132587,7.8459105,0.092823744,-0.789068,0.92354393,0.18056
0.8446716,3.3829002,1.1947346,7.943389,0.13496685,-0.78356934,-0.7376589,-0.42131567
0.7199264,3.627483,1.1140935,8.1016865,0.14217329,-0.7220254,2.2332845,-0.4265362
0.68075216,3.4841237,1.1274474,8.116051,0.12508488,-0.734776,-0.089196265,-0.38461748
0.6338965,3.1290977,1.1020432,8.136328,0.10338187,-0.77250624,0.29116178,-0.4657544
0.5616086,2.8490386,1.0299127,8.211962,0.11099553,-0.7748225,1.6575725,-0.49487576
0.5393547,2.4765716,1.0044401,8.216188,0.1048975,-0.7855015,1.7851892,-0.417336
0.8555136,3.2848728,0.8903303,8.270302,0.16249323,-0.79809713,1.5853262,-0.4947069
0.9771915,3.8440826,0.8733437,8.167,0.12407899,-0.78078365,1.6053674,-0.49979994
0.91017413,3.0015268,1.0041072,8.099181,0.11046314,-0.7503784,1.5223575,0.89516735
0.997959,4.7568054,0.95910835,7.984409,0.13815999,-0.7627914,2.7169838,0.33849144
0.9920701,4.092533,1.0941515,7.940658,0.101545334,-0.76782775,2.1091478,0.36925578
0.9266789,3.7121022,1.095056,7.9309716,0.10079527,-0.7418392,1.6477757,0.46686602
0.88306,2.9262471,1.1204519,7.9469137,0.06619334,-0.6737523,2.8053303,0.9868419
0.88824594,3.9623451,1.1380363,8.078415,0.0276165,-0.66108346,2.9270556,0.9529042
0.9412502,3.9584494,1.1530874,8.0413885,0.0581882,-0.79611516,2.006215,-0.44046608
1.0611494,2.435134,1.0106914,8.063789,0.053263426,-0.7940695,1.833353,-0.27694917
0.63070977,3.906678,1.2410469,8.073799,0.073410034,-0.71931744,0.6993495,-0.3044066
0.6995028,3.9345431,1.2301552,8.062877,0.09955621,-0.7517545,-0.14551234,-0.31744432
0.6365262,3.925434,1.2379215,7.9482155,0.14019823,-0.7347486,1.1963382,-0.11393365
0.64613396,3.511091,1.3905656,7.9239526,0.15400505,-0.89973664,1.5241027,-0.1434592
0.50621086,3.2438178,1.3184338,7.8891296,0.15156817,-0.8031144,2.320069,-0.27147084
0.71427447,3.5250468,1.2950773,7.897572,0.16010213,-0.7936201,2.8016527,-0.18658233
0.6329123,3.2633896,1.2756522,8.089119,0.058999777,-0.7988615,2.862346,0.42119664
0.63648,3.200873,1.2500224,8.023007,0.13633156,-0.7849014,2.6658032,0.039397717
0.66955006,4.1179304,1.0542505,8.169203,0.19843674,-0.82295895,2.2433953,-0.4008845
0.66194797,3.2306266,1.1573515,8.040731,0.15391612,-0.81786084,2.3244717,-0.108122766
0.7222047,4.4417443,1.2010312,7.996976,0.12883043,-0.8361075,1.7073255,0.17984223
0.6676062,4.211423,1.2607756,7.990298,0.13433266,-0.8001833,2.5842588,-0.31462526
0.7187854,4.466969,1.3326926,7.9214196,0.15670729,-0.7990527,0.9962938,-0.3957753
0.55814373,4.1298428,1.3541937,7.996392,0.12441659,-0.8075142,1.4219887,-0.4991601
0.5860281,3.5039256,1.3434196,7.935555,0.12083125,-0.8497944,1.5615847,-0.33967054
0.6591101,3.9106922,1.3303807,7.937621,0.11599016,-0.76432633,1.4350548,-0.037101418
1.0147374,3.6287193,1.2848549,7.7858496,0.12526011,-0.74008465,1.4925728,0.20711553
0.99291784,2.8436542,1.3021982,7.8005466,0.08134985,-0.8211062,1.3421297,-0.20986208
0.9326355,2.9631674,1.0729766,7.756289,0.12641788,-0.79764485,1.0751266,-0.108762264
0.9135362,2.2094378,1.1048024,7.7909026,0.10961461,-0.7826123,1.7516506,-0.27045864
1.9788883,3.92317,0.94519615,7.782474,0.2046082,-0.81277204,1.3508704,0.103630304
2.0349917,9.814786,0.9107945,7.954845,0.18110776,-0.81332684,0.2517755,0.86864686
1.6969327,2.021743,0.7327304,7.8770814,0.19053721,-0.91675305,0.77645516,-0.41759944
1.6631851,3.1269388,0.65821576,7.790769,0.21799159,-0.8991442,2.455579,-0.37866488
1.975423,3.6362257,0.7602799,7.81358,0.21534872,-0.7944975,0.43933034,0.83799815
2.7975023,6.0863433,0.800365,7.787034,0.25829458,-0.78873444,-0.5734648,0.46608472
1.513835,4.783323,0.8459408,7.775178,0.22907972,-0.78272676,-0.5802286,0.6655841
1.7374943,2.1641216,0.8411052,7.8148894,0.14124584,-0.7257509,-0.57927734,0.2576182
1.4176328,3.1401632,0.83809674,7.7806687,0.15141797,-0.83896685,0.36565125,-0.14512596
1.3627725,4.77592,1.0949314,7.794704,0.14561653,-0.83222747,1.0202477,-0.020398766
1.3885857,3.9881911,1.1643813,7.6455646,0.09023166,-0.66246724,1.6180418,0.2062884
1.5245275,4.351062,1.2716377,7.6150312,0.097414255,-0.82318115,2.2616987,0.28067446
1.7503159,3.6616488,1.188766,7.608575,0.14580846,-0.84102535,0.83660316,0.1968435
2.041513,2.987409,1.0217834,7.8160853,0.109310865,-0.81600904,0.7192478,0.08058596
1.9414451,2.798404,0.5676285,7.693712,0.17064643,-0.8141222,1.9512916,0.54957676
1.8990908,2.3365974,0.528528,7.7485266,0.20997667,-0.74293447,1.4924147,0.89594936
1.6930366,2.2819057,0.53484106,7.706606,0.14676452,-0.74809504,2.713697,0.8985528
1.6118276,2.2587647,0.52048826,7.716505,0.14715195,-0.74767876,2.7303753,0.7912551
1.8504666,2.3455086,0.65589607,7.7212453,0.14871144,-0.75380397,2.432558,0.93832886
1.4751513,3.9570053,0.85966253,7.8142695,0.17839956,-0.7963095,1.7979159,0.70418763
2.6435688,4.336293,0.72875786,7.9297767,0.16695619,-0.784533,1.5626802,0.82379067
2.6469624,5.2056594,0.6620594,7.9651775,0.17238021,-0.7978649,2.2178042,0.70011735
2.6206243,5.945185,0.6642332,7.8777194,0.177809,-0.76668954,1.5542212,0.89927864
2.9467633,2.9064837,0.89569557,7.843667,0.109714985,-0.76117706,1.3888829,0.8138212
2.965444,3.346052,0.8393227,7.9413,0.061665058,-0.70352316,1.4169748,0.3612371
2.4725108,4.151657,0.83685946,8.010307,0.062461138,-0.71364117,0.8171772,0.64974785
2.6179245,4.023592,0.6165347,8.040665,0.05671096,-0.71085167,0.99998045,0.6316534
1.5962179,3.8097663,0.65543604,8.063824,0.057002544,-0.706872,2.6697822,0.23720288
1.8702266,4.130378,0.6060684,8.073416,0.0848515,-0.7489519,0.29258013,0.68052447
2.634717,3.8197422,0.6536157,7.9930725,0.042155504,-0.6886437,1.9748309,0.61012006
2.2912667,3.9242752,0.6553539,8.016361,0.026229382,-0.6764307,0.95695865,0.72109985
2.3413687,3.0832953,0.647426,8.066497,0.035422802,-0.6776738,0.66335416,0.25803757
2.83726,2.5355697,0.40932035,8.164146,0.025289774,-0.6424527,1.0976856,0.60377395
1.6281339,2.527182,0.30577874,8.257629,-0.004344821,-0.66491556,1.3649626,0.6327348
1.6774565,3.7960668,0.29854763,8.364641,-0.045227766,-0.5908165,1.1138659,0.56749856
1.5134149,3.6046972,0.3705039,8.351633,-0.050165772,-0.61729026,1.7740891,0.7583468
1.4635346,4.497755,0.5872823,8.365677,-0.013810396,-0.6137419,2.6406293,0.60909307
1.4434963,5.1468678,0.51897025,8.25648,0.022768974,-0.63028383,2.705597,0.8335906
1.605133,5.5462103,0.44996393,8.274071,0.021589518,-0.6194544,2.7871537,0.20328999
1.626901,6.3377676,0.57586825,8.212168,0.05994129,-0.6697202,0.19340408,0.40006924
2.4708571,3.0928698,0.55106163,8.101639,0.050019026,-0.71975136,1.4982722,0.34927368
2.2417092,2.237652,0.31141317,8.039079,0.014946461,-0.6808467,0.39464307,0.33441567
2.0294766,2.4595559,0.3331082,8.135208,0.03251767,-0.73685265,1.7013206,0.29833752
2.420137,4.129525,0.11503804,8.194536,0.06712675,-0.7326169,0.4930836,0.6192118
1.7040302,3.186718,0.30923307,8.1995945,0.10083008,-0.72424245,0.6467258,0.4109596
2.4576955,2.908959,0.24777341,8.217598,0.09787536,-0.77600837,1.0842757,0.99732625
1.9916074,7.1697283,0.33326375,8.203962,0.16945434,-0.7803738,1.729666,0.5858921
2.980106,7.0707726,0.31941032,8.224214,0.18437243,-0.8068688,0.7119477,0.8903568
2.945739,5.771734,0.29822004,8.147255,0.16822982,-0.78588057,0.31004655,0.8282018
2.8402162,4.0870237,0.31902957,8.128873,0.17863822,-0.81552553,0.35203004,0.73296154
2.8973942,5.045805,0.33942306,8.110654,0.15622449,-0.78628874,1.2998395,0.9394113
2.353014,4.900623,0.31342793,8.083799,0.16569066,-0.7948432,1.6809618,0.21773374
1.4898844,2.3264296,0.48243165,8.047434,0.14071155,-0.8489516,1.8344703,0.24784827
1.3819745,2.9478948,0.45799577,8.030311,0.14639354,-0.7913914,2.1781747,0.8450506
1.505787,3.7328181,0.4071933,8.021238,0.1435113,-0.7419193,2.217775,0.79917824
1.6097294,3.4721785,0.5425341,8.002859,0.1508627,-0.7420213,0.517393,0.64625704
2.5634174,3.9982424,0.5792775,7.8939495,0.18944025,-0.7654221,0.15917647,0.40204465
2.5292175,2.374858,0.49234772,7.8447857,0.19388938,-0.8259778,0.36199152,-0.027948916
1.6383158,8.000769,1.4990213,6.5152884,0.5767231,-1.1117558,1.7807875,0.8951516
2.8849232,7.789963,1.6058877,6.535148,0.58751965,-1.2212768,2.2402046,0.08188695
2.870608,7.3658967,1.5760508,6.5265427,0.5961759,-1.2041341,1.224102,0.8712113
2.7687926,6.4287977,1.5844471,6.5514603,0.6054287,-1.2418978,1.8046722,0.30227304
2.7460818,6.4850187,1.5301497,6.507587,0.6176069,-1.2170382,1.8953645,0.81287825
2.6408482,5.6749053,1.5716624,6.529168,0.64921474,-1.3212172,1.7138047,0.8680494
0.9866453,5.1068335,1.5381496,6.537095,0.665046,-1.3439674,1.1114948,0.33123374
1.7172871,3.5828457,1.5294878,6.35789,0.6758342,-1.3395941,1.4729745,0.2647637
1.4017682,2.6805797,1.5387309,6.2485967,0.67153597,-1.3441176,1.5594485,0.31355608
1.6859984,6.9705963,1.5326061,6.2164717,0.6984956,-1.3849497,1.7088525,0.4098493
2.1171837,8.881895,1.4963341,6.2071304,0.73519707,-1.3670572,2.7019482,0.5784831
2.4027584,9.774538,1.4573958,6.181635,0.7750695,-1.4320087,1.9681566,0.7592006
2.4856048,9.803612,1.3484232,6.2702236,0.7847693,-1.4014206,1.7381885,0.58162
2.3644965,9.809601,1.3477976,6.2952147,0.82314515,-1.4315264,2.3749526,0.27577978
2.500824,9.699783,1.3446965,6.334987,0.83252454,-1.5013618,0.64341354,0.6359937
2.5385401,9.067963,1.3198967,6.3755903,0.8327193,-1.4678967,0.8185028,-0.034801066
2.7084248,8.636981,1.3769963,6.3468437,0.8144946,-1.4479511,1.2147484,0.8728466
2.9433038,6.728602,1.3734529,6.4422894,0.80155325,-1.4479239,1.3228607,0.7195749
2.7589035,6.6075363,1.3552871,6.404971,0.8334193,-1.3938534,1.1408725,0.8209127
2.9350653,5.6181545,1.437705,6.4012146,0.8070717,-1.4752879,0.6161065,0.23767674
2.6846266,5.0998936,1.4179251,6.4046264,0.8375819,-1.4755437,-0.47928673,0.094000995
2.5574393,3.5517702,1.4469366,6.347989,0.83598924,-1.4930105,0.9800216,0.39097136
2.8668299,4.0952225,1.3918192,6.400384,0.8732581,-1.5773273,0.63262963,0.23391902
2.59409,4.7374864,1.3577619,6.44207,0.9001918,-1.5283027,0.91428316,0.7530743
1.6532867,7.6504965,1.2659051,6.4554806,0.84935975,-1.517697,1.9311364,0.22691292
1.5669281,2.9860191,1.2673697,6.4273148,0.8516767,-1.5114958,1.788899,-0.078472525
1.5342934,6.320989,1.1958952,6.498431,0.854934,-1.5163813,0.6396755,-0.36242938
1.4856888,5.9648633,1.1820486,6.506965,0.8531971,-1.4845226,0.53486466,-0.29277045
2.0171618,5.359578,1.1518035,6.5340033,0.85397625,-1.444762,0.3725276,-0.18849078
1.7747674,7.883189,1.209382,6.5413766,0.7923112,-1.4876835,1.7851901,0.90698147
1.4221677,3.746365,1.2560749,6.5834217,0.80238056,-1.4657657,1.1474128,0.17037964
2.15048,5.7866306,1.301368,6.432763,0.79671955,-1.4487853,1.3262317,0.35188735
1.597718,6.094993,1.3358793,6.332979,0.81469035,-1.4706849,1.0846431,0.34968805
1.437633,3.8312454,1.4189141,6.3382587,0.77754426,-1.4905154,2.027949,-0.06444383
1.4136388,7.788786,1.3947177,6.405264,0.827687,-1.4975679,2.1504743,0.073192716
2.6312265,8.313879,1.3812017,6.400634,0.82217884,-1.5235664,1.4769735,0.540974
2.7818627,8.108007,1.43051,6.3664913,0.8280344,-1.4773412,0.87430656,0.45690358
1.9145123,3.5307484,1.3469386,6.437237,0.79572177,-1.4404609,2.4956703,0.31448317
1.0801785,4.4712934,1.4209313,6.4356966,0.7833657,-1.4635223,1.7432368,0.9478967
1.1865107,2.173972,1.4687896,6.4199543,0.74425745,-1.4336674,0.7750236,0.900805
1.1564617,3.3193958,1.4516182,6.354002,0.74828863,-1.4853756,2.3957872,0.5472138
1.1233325,5.786404,1.4526181,6.3721924,0.781059,-1.4299054,2.063059,-0.33253872
1.1240225,4.646577,1.4723239,6.4385805,0.73104215,-1.4402008,2.6499436,-0.27600968
0.97976255,2.5233555,1.4980156,6.3465786,0.7334571,-1.3640566,0.92990434,0.54474676
1.2910976,2.991298,1.4966383,6.2369094,0.76650286,-1.4926368,2.7242208,-0.15646291
1.4567606,2.5966136,1.5327845,6.2191153,0.78763556,-1.4573647,2.57823,0.8211465
1.1554152,3.474245,1.5028081,6.1413946,0.8122456,-1.447193,2.5744567,0.40209842
1.3606315,2.4274735,1.5969281,5.943416,0.80849767,-1.5170485,1.8096566,0.22976947
2.105445,6.9054966,1.5527387,5.987856,0.8385341,-1.4826726,1.9626503,-0.26863715
1.5164311,7.2303233,1.6006215,5.9648185,0.8251262,-1.4879344,2.2437818,0.98664474
2.7540066,7.628043,1.5477176,6.1530457,0.833354,-1.4755322,1.2325456,0.95273864
2.9065886,6.553232,1.602207,6.1584454,0.84377265,-1.4832677,2.0846238,0.7683207
2.898769,9.416708,1.4627321,6.1722116,0.86286736,-1.4787302,2.5307934,-0.080950916
2.919605,9.625086,1.50735,6.0150504,0.866632,-1.481486,0.12166822,-0.11550456
2.0791829,5.799692,1.6191661,6.0083523,0.8613572,-1.5244577,0.9489194,0.33734572
2.4399986,4.9980183,1.6188054,5.9824214,0.90280867,-1.5340235,0.6332581,0.26986873
2.3984935,4.615526,1.546454,6.044718,0.90358377,-1.5105714,0.14283001,0.41948426
2.4232512,3.445758,1.4932973,6.1173553,0.9423804,-1.5142351,-0.4923085,-0.2732281
2.2430668,4.0348034,1.5409119,6.0452385,0.8743086,-1.5582284,1.017386,0.6078515
2.6664593,6.6036096,1.6111145,5.9821877,0.90795994,-1.5921397,1.3309326,0.6255746
2.8661036,5.923648,1.5762649,5.97303,0.94741845,-1.6240748,1.4164913,0.94205546
2.3843153,2.5783734,1.5917051,6.0167255,0.9489355,-1.6052415,0.8972677,0.28678972
1.2265061,2.2843676,1.5345438,5.8648224,0.9574747,-1.6649773,2.2576783,-0.10152736
1.1321417,4.721842,1.5258505,6.0272665,0.9517267,-1.6444046,2.316946,0.27804852
1.789798,2.6011548,1.4586618,5.9901257,0.94002223,-1.6128548,2.5664485,-0.120566726
1.4520979,6.310656,1.44222,6.1020374,0.92012906,-1.5673563,2.873907,0.11478424
1.8748306,2.823726,1.514245,6.077625,0.8740859,-1.4416704,0.12268114,-0.047538966
1.9128243,5.389986,1.5029557,6.2878804,0.8178594,-1.4310393,0.27039278,0.33848965
1.9117007,4.5701494,1.469578,6.3139935,0.78133535,-1.4210217,0.46865594,0.24748737
2.0611792,5.535768,1.4696603,6.3278584,0.76383495,-1.4912395,1.2263904,0.4628142
1.5218507,3.4479184,1.4500432,6.211069,0.78003263,-1.3903329,0.10840976,-0.112606525
1.1683731,3.4942632,1.3888009,6.3884335,0.76050425,-1.3854809,2.4744833,-0.028845131
1.9976526,8.699981,1.3267975,6.4221554,0.78667665,-1.4069355,2.357474,0.9303787
2.825713,7.926186,1.2987509,6.569804,0.7807102,-1.3694463,1.72773,0.7286594
2.8177485,6.3110523,1.2808514,6.766409,0.7458732,-1.3472624,0.93457246,0.9179785
2.7009404,6.683923,1.1808882,6.660217,0.73941827,-1.3083439,2.0653965,0.92005646
1.6231734,4.69099,1.1467285,6.684622,0.7712424,-1.3313838,1.5265656,0.8951235
2.4477596,7.405727,1.1992574,6.5695696,0.7480092,-1.3892574,1.8935499,0.9255611
1.9593561,7.574854,1.1805589,6.6598825,0.71277165,-1.3628304,1.4453003,-0.18800896
2.4661179,2.641257,1.1838357,6.8357387,0.6969154,-1.3575865,1.308455,-0.07007551
1.991312,3.2186778,1.1548247,6.844216,0.69631886,-1.3499941,1.2887113,0.66231513
1.9209945,7.5501766,1.0698404,6.9024973,0.6953292,-1.3486576,0.94896257,0.33596897
2.2199368,8.6343975,1.0406065,6.897325,0.7043433,-1.3901922,0.5914805,0.3485794
1.6789783,6.2084846,1.0375948,6.894577,0.7361572,-1.4014037,0.82705307,0.24145734
2.192927,4.3533993,1.0659714,6.932705,0.7932689,-1.3886101,0.8785863,0.94645953
1.7167336,3.6700702,1.0641408,6.8987064,0.7567272,-1.4427552,0.98318064,0.5340812
1.6284401,4.1411195,1.1013863,6.8295927,0.7786646,-1.4418751,1.0927815,0.62792623
1.2663313,2.8674376,1.0899355,6.794245,0.78284335,-1.468277,0.7577802,0.34088218
1.543239,2.2828746,1.1919582,6.804145,0.7741983,-1.4332083,2.6336944,0.40951824
1.3949054,7.188066,1.1677465,6.6609144,0.79587436,-1.4357557,0.026900768,-0.0011203289
1.9143921,3.787047,1.1405792,6.787887,0.723506,-1.3806328,0.4037572,0.4274423
2.1715908,2.7144246,1.1291189,6.772912,0.70848036,-1.3127098,1.6828411,0.6430912
2.1525316,7.444399,1.1247213,6.9178276,0.701231,-1.3870978,0.25206828,0.30338258
2.5039103,4.12801,1.1887989,6.793289,0.724314,-1.3698175,1.3371916,0.2117784
2.475373,3.3613353,1.2003131,6.894281,0.73506093,-1.331612,-0.18083966,0.9123062
2.859658,5.29484,1.1976037,6.923279,0.74164987,-1.3448975,0.5914569,-0.065594435
2.7723246,5.7721367,1.2446194,6.8623915,0.65822387,-1.3126435,-0.105106354,0.0023753047
2.7320964,5.720777,1.3508081,6.7978883,0.6536236,-1.3058549,0.13983619,0.3412407
2.8865852,2.5904164,1.3471143,6.818491,0.6319537,-1.2885042,0.33674347,0.05999148
2.8852198,3.490407,1.3670251,6.719227,0.6107962,-1.1661007,-0.71901345,0.22433937
2.8727598,3.1864138,1.4327183,6.684868,0.61413074,-1.2048469,0.7427267,0.59369564
2.7195072,4.588746,1.4429941,6.688568,0.62136555,-1.2120376,-0.49090254,0.4320743
2.7843919,5.4585295,1.4346657,6.6918945,0.63232493,-1.2097523,0.37297654,0.07728225
2.9209528,2.7252676,1.4546568,6.638785,0.6481812,-1.2250106,-0.47775227,0.17135233
2.7376237,9.623274,1.4611449,6.4897065,0.6326406,-1.3201015,0.85068274,-0.018582284
2.2459135,9.546389,1.3208747,6.4936657,0.6872077,-1.2972846,2.7048151,-0.24540538
2.1508908,2.9979856,1.3773961,6.604405,0.68193173,-1.3088338,2.7140265,0.95689046
0.7532385,3.794658,1.4362321,6.657072,0.7100136,-1.3268623,2.9011488,-0.17618111
0.71899027,2.8762927,1.3868589,6.629738,0.6604209,-1.2852273,1.5847275,-0.14721382
0.9484206,2.640699,1.6082649,6.6320267,0.5524261,-1.2826068,1.7614543,-0.22809386
1.5453982,3.208671,1.5855045,6.474839,0.53078365,-1.1392694,2.5391755,-0.22499639
1.4564435,5.817637,1.5719454,6.591511,0.5154462,-1.1399429,2.8008938,-0.20103645
2.7138574,7.148222,1.6175287,6.6487904,0.5083952,-1.1671226,1.0449913,0.042061985
2.6820154,6.9099927,1.5604281,6.5638876,0.55152726,-1.149782,1.4255159,-0.09963989
2.6988456,6.8480935,1.599313,6.623967,0.54617286,-1.2399749,0.9346421,0.7207128
1.8892748,3.1387904,1.4992287,6.712892,0.49677706,-1.187852,0.41096723,0.47114766
0.9879359,2.268089,1.4785132,6.7189164,0.5085342,-1.1258401,2.6057334,0.75493824
2.0479083,3.2452865,1.5151815,6.773962,0.5023911,-1.1884743,1.3643618,-0.4029561
2.7953866,4.0690413,1.5917869,6.73637,0.52062654,-1.1765258,1.38957,0.96428466
2.4678712,4.6659875,1.4536834,6.7625074,0.5467386,-1.1639796,2.0479584,0.6202681
2.4471674,8.485082,1.4221864,6.68598,0.5476098,-1.2373075,2.3383534,-0.004593849
2.3828578,8.546787,1.4527199,6.592537,0.5646162,-1.1889901,0.2932719,-0.24188554
1.787646,6.699949,1.4400976,6.60784,0.53015447,-1.1597761,1.5883627,0.7628019
1.8025305,5.041317,1.4588277,6.7749987,0.48986912,-1.1251111,2.366015,-0.18810302
1.7090105,3.292099,1.3723681,6.8795576,0.52474976,-1.1488545,1.9269445,0.953295
2.8437212,5.0209208,0.19234753,8.32643,0.2617588,-0.9385648,-0.35222894,0.49988943
2.664056,5.0745435,0.26285696,8.254936,0.28977346,-0.9918418,0.3363992,0.20941907
1.5053418,3.616878,0.28874564,8.052538,0.28692174,-0.9536686,1.5377855,0.45955223
1.1783345,3.4210238,0.29933727,8.220121,0.29168296,-0.9601631,0.8066733,0.58829474
1.2401145,2.787117,0.173877,8.210224,0.2854693,-0.8927183,1.0878077,0.6115854
1.5528929,3.0013494,0.15282345,8.073202,0.2711463,-0.8925297,0.96216,0.7771559
1.5847359,2.8388662,0.09147799,8.095959,0.26527476,-0.91792965,0.9729434,0.6619469
2.1343126,2.3521845,0.28308415,7.9626155,0.279716,-0.9457331,1.5847743,0.7384019
1.6053154,2.408064,0.44745243,7.7844915,0.35478354,-1.0460625,1.6067915,0.7113956
2.278852,2.4489608,0.47767925,7.908777,0.34793353,-0.9490149,-0.0740366,0.8461375
1.7862116,3.5001588,0.30386376,7.8866105,0.3666525,-0.93456984,0.047833443,0.83665204
2.127595,2.8508637,0.3760407,7.846875,0.30204105,-0.94413376,0.6798614,0.83676076
2.1761682,6.3531904,0.36308277,7.8895783,0.35151768,-0.9764204,0.966143,0.4729665
2.5768561,2.585371,0.41472292,7.801,0.39428473,-0.9839277,0.5241624,0.64414406
2.935474,3.031474,0.2939098,7.957686,0.45171452,-0.9905977,-0.44785994,0.92696095
2.2099385,6.1013923,0.27261245,7.8473353,0.46252108,-0.999841,-0.06005633,0.8992256
2.1963665,6.28221,0.2839657,8.026663,0.42137122,-1.0016856,0.11894369,0.69839764
2.2542782,5.2704716,0.45490766,7.9202123,0.34125662,-1.0137181,0.66317,0.7165426
2.502339,4.8115053,0.46513093,7.961181,0.38301802,-1.0553503,1.2440605,0.7612773
1.7466779,6.3541865,0.2768414,8.106726,0.36307907,-0.9893441,1.2288797,0.87423754
1.361654,3.497398,0.15276992,8.139986,0.35540485,-1.0090055,0.9041083,0.3306706
1.377442,2.6332126,0.2321254,8.060213,0.30709863,-0.9864018,1.6030881,0.76497793
1.3075002,3.4704504,0.37351966,8.104207,0.28382373,-0.93487644,2.1749012,0.19514114
1.2635019,2.4516451,0.54236853,7.9488187,0.25175,-0.8892391,1.1810296,0.879207
2.6721072,3.8539722,0.4548416,7.8839374,0.29311657,-0.8814945,0.8903692,0.6415849
2.3298693,3.3821878,0.47974157,7.958193,0.25950503,-0.8444364,0.5760993,0.9674754
2.1008716,2.261218,0.15645254,7.935832,0.26128125,-0.8529241,0.8267747,0.41026914
1.7794279,2.3804011,0.43805015,8.05189,0.25822783,-0.9181104,1.733345,-0.48585418
2.33545,3.6813366,0.3534559,7.9596233,0.21534395,-0.74750566,0.74971855,0.89760506
1.8585622,4.7899017,0.42243075,7.8639464,0.21786904,-0.80985856,0.8174013,-0.02862382
2.3669548,2.460305,0.6455772,7.788568,0.26595092,-0.7911682,-0.22453696,0.9769943
2.4069972,2.583765,0.6651592,7.597236,0.2584877,-0.78730464,0.79304194,0.8907466
2.604209,2.849378,0.7709434,7.653168,0.2517097,-0.88145137,1.0624299,0.710811
2.0080934,4.957796,0.8464868,7.744427,0.22706866,-0.87671375,1.5767417,0.73140585
2.3245292,3.4724584,0.7552657,7.80869,0.24020147,-0.8721211,2.4746785,0.51954436
1.9416997,5.2247124,0.9036062,7.7665553,0.15034223,-0.7273836,-0.28607696,0.55835485
2.7873833,3.3212843,1.0209827,7.701066,0.16953349,-0.8511145,1.7379456,-0.22829604
2.669455,6.248678,0.9522129,7.718658,0.2036922,-0.8482013,0.4991107,0.9631536
2.1528559,5.668523,0.9964179,7.740153,0.15628219,-0.82204604,0.17227042,-0.37554088
2.242385,2.3421476,0.95850825,7.7129817,0.16745138,-0.84390926,1.3950284,0.63612175
2.6505775,3.556618,1.0067089,7.692107,0.1428082,-0.83536434,2.3853784,0.105335295
2.2758164,3.4149678,1.0036819,7.8418684,0.2082982,-0.88344884,2.2827032,0.12430787
1.9529448,3.9624429,1.1413009,7.5011783,0.21253014,-0.81849074,0.14839065,0.15391701
1.6096935,2.2347748,1.0930152,7.5780973,0.14376807,-0.8602071,1.3319471,-0.060855925
2.0607686,2.7324114,1.2077031,7.5011487,0.12555718,-0.74039555,2.4768643,-0.07702416
1.8478043,2.5246148,1.1075335,7.5480375,0.13560414,-0.7721348,1.6110027,0.8430784
2.0095053,2.3713894,1.2030077,7.5172772,0.12887931,-0.78878474,1.4453635,0.4075811
1.4916692,3.3838987,1.1692128,7.663557,0.12103748,-0.76728773,2.4660976,-0.14380494
1.0878061,3.1860294,1.2251139,7.6666174,0.176543,-0.8500211,2.8631241,-0.4690941
0.8462148,3.3093982,1.2875047,7.674007,0.20180297,-0.86998796,2.736325,-0.4152364
0.7156075,2.1539257,1.2396469,7.7544003,0.13448882,-0.8394065,1.6324952,-0.30159837
0.7932718,2.1580615,1.1800177,7.7993436,0.13352132,-0.83936,1.8897038,-0.2625094
0.82263315,2.6738849,1.1314564,7.804276,0.14716887,-0.8105912,1.8462071,0.12784588
0.99369454,2.701741,1.1641223,7.72845,0.1500752,-0.8156898,2.2803648,-0.20424902
1.2212379,2.5263374,1.0738356,7.6752887,0.15699387,-0.7833886,0.6212933,0.24516463
1.1002064,2.3428066,1.308773,7.6748834,0.065758705,-0.76377773,1.9296527,0.050967574
2.4610898,2.317339,1.0989563,7.784895,0.067787886,-0.7483444,1.1117876,-0.37493712
1.1463063,2.2614937,0.9945979,7.750158,0.11508393,-0.7830272,2.027509,0.4876554
1.202368,2.560217,0.95396113,7.745293,0.11817479,-0.78831124,2.185865,0.26184666
1.1038659,3.1671507,1.0164762,7.7579303,0.15760374,-0.78097034,2.8507462,0.34446156
1.4256397,3.6139517,1.199142,7.742185,0.088297606,-0.79724383,2.4934149,0.88651705
1.3448036,4.843975,1.2750235,7.721158,0.10954523,-0.765419,1.5369561,0.59052444
1.3222022,4.418977,1.3749275,7.625816,0.076423645,-0.7702029,2.67353,0.07109684
2.5428936,2.5480745,1.3273954,7.592529,0.1135335,-0.7801013,1.4100635,0.8087379
2.670184,4.083577,1.3103578,7.6841235,0.11762285,-0.7799983,1.4649951,-0.4303257
2.580823,2.354828,1.2258306,7.551364,0.12718463,-0.80514884,1.7728915,0.77707636
2.1952677,2.4502735,1.2070284,7.5287733,0.14890575,-0.81887364,1.5725839,0.68265176
2.0172915,2.4217813,1.1122236,7.4954157,0.16528034,-0.8085568,2.0024495,0.97491217
2.2167017,2.3869927,1.1443188,7.4476194,0.15938044,-0.76487064,1.517884,0.4719242
2.7328448,6.3209476,1.0279968,7.764826,0.1304729,-0.757617,0.39065182,0.769227
2.6068327,6.711254,0.893085,7.6679726,0.18359733,-0.85185957,2.1695123,0.85845053
2.886609,2.0492468,1.1590295,7.752734,0.19057322,-0.8859923,1.152955,0.17347997
2.947568,7.4115667,1.1629,7.732894,0.11646962,-0.8560188,1.1893599,0.11216706
2.8891616,2.594619,0.97389555,7.828748,0.1378355,-0.7522006,0.93875885,-0.036697984
2.677539,5.8228855,0.95515907,7.862652,0.12414813,-0.7345743,0.30238056,-0.16940144
1.3509167,5.2976494,1.057441,7.8950195,0.13494968,-0.7374809,1.0833564,0.15278363
1.2682893,5.609559,1.0793247,7.872623,0.11028504,-0.74273396,1.2737751,0.019714773
1.4980483,4.7913113,0.99384403,7.9759893,0.06265283,-0.7171416,1.8835037,-0.098532766
2.3954394,4.7938504,1.0697389,7.980048,0.04859662,-0.7616935,1.9107721,-0.4094699
2.7803802,6.3176236,1.0994477,7.846922,0.08513379,-0.7092612,2.004737,-0.44732556
2.932234,6.4484944,1.096566,7.8385296,0.09565377,-0.7235484,0.4039011,-0.10577881
2.854517,5.424512,1.124346,7.8260794,0.10039544,-0.7443931,1.2726612,-0.20152134
2.8178318,5.9038997,1.064986,7.8857517,0.06374812,-0.7334144,1.181809,-0.33786836
2.6276789,5.471132,0.91253257,7.865257,0.07878351,-0.7221856,0.21636844,0.04509902
2.7120862,4.9260926,1.1328859,7.885584,0.06281233,-0.6958947,0.78970015,0.088861346
1.4982638,3.2801948,1.0300236,7.7462554,0.06589413,-0.711292,-0.26917392,-0.14565116
1.9330382,2.3339906,1.0152533,7.8541846,0.066679,-0.727993,-0.09600878,-0.11754048
1.6988368,2.1271257,1.0995736,7.6475196,0.04272175,-0.6375797,0.059668183,0.0052028894
2.3361483,3.1902895,1.1139331,7.6844435,0.055011988,-0.63618255,2.4179974,0.8955331
2.5191047,4.6629715,1.1527503,7.7717757,-0.0033608675,-0.5808425,1.1021891,0.7403102
2.9071565,4.577198,1.0728991,7.8973227,0.022322416,-0.6115556,0.9333223,0.4166727
1.9317559,4.572177,0.9053292,8.003916,0.022175789,-0.63638496,0.12924325,-0.347809
1.5050385,5.207553,1.018393,7.9862385,0.03784418,-0.6395519,2.157373,-0.34505826
1.5610366,4.7382927,1.0564547,7.920522,0.04093814,-0.74570656,0.52630925,-0.40839815
1.9015219,4.119723,1.1612105,7.7619524,0.07851124,-0.7456665,2.411661,-0.3512249
2.737985,5.3835626,1.1120868,7.934315,0.093538284,-0.755116,-0.06402558,0.3322326
2.9025092,7.7863054,1.5236888,7.6159782,0.12227297,-0.75900316,1.3857305,0.19364196
2.9654307,5.5047073,1.4949064,7.5380096,0.110882044,-0.7078929,0.58043087,-0.06871605
2.751007,3.7126994,1.6082006,7.5271883,0.07630229,-0.74953675,2.7691538,-0.23419195
2.4823227,6.189296,1.3773415,7.5057325,0.08060813,-0.7791929,0.9843973,0.09804046
1.982821,4.9113007,1.5116057,7.5172215,0.062440872,-0.72876215,2.992598,0.3239224
2.5289106,3.9230018,1.4502814,7.429729,0.13118005,-0.7291882,-0.22356653,-0.40436527
1.9253914,5.579891,1.4617426,7.326939,0.11393976,-0.74470043,0.9712912,-0.0109221935
1.9383556,2.5437324,1.2904353,7.3759713,0.09901643,-0.70596576,2.2948704,-0.026246905
1.5830762,2.735699,1.2651103,7.3796763,0.11103678,-0.81827927,2.5142045,-0.1584853
1.7897918,5.663206,1.4766061,7.3661685,0.09922147,-0.80358267,2.5828629,0.039768696
1.8352143,2.2913964,1.4158826,7.308875,0.15600729,-0.82262754,2.091895,0.028303742
2.3931117,5.4222527,1.4208512,7.2677336,0.16703057,-0.8208914,1.6316073,0.20707345
2.4074264,4.3756323,1.528322,7.383665,0.20146227,-0.9014473,1.3393686,0.5364256
2.3934488,3.0940335,1.2301421,7.376299,0.19057274,-0.88348055,0.52470803,0.4219767
2.5429506,5.8550534,1.3039565,7.3264465,0.2407732,-0.8824296,0.36882842,-0.008791029
2.0454383,5.3212757,1.251095,7.4308863,0.23964596,-0.9392648,1.945662,-0.052807927
2.4520943,6.9407697,1.1907547,7.511714,0.26095963,-1.0070239,0.39925265,0.08939445
2.3319397,2.1637962,0.87938845,7.617823,0.31168938,-0.915468,-0.82556224,-0.20460758
2.7925797,2.2343922,1.0393796,7.66481,0.3146944,-0.94478035,2.340067,0.6900166
2.6639495,6.956836,0.82333827,7.623955,0.32876754,-0.9594307,1.3435447,-0.01786971
2.6787148,8.531963,0.72732306,7.5957136,0.33009434,-0.9469962,0.66829836,0.864468
2.5647397,4.390025,0.77713037,7.5923767,0.3512957,-0.9831729,1.5978158,0.97061896
1.6115017,3.705109,0.7241564,7.5908713,0.34948158,-0.95949745,1.7882359,0.7330172
2.126843,2.924708,0.62967086,7.5364075,0.37382746,-0.9715347,1.2218316,0.6035142
1.1366994,2.270801,0.6625643,7.57226,0.37511563,-0.962538,1.4610806,0.6063225
2.5750067,2.31194,0.8473315,7.572864,0.384753,-1.0563644,1.3689964,0.57364035
2.9958496,9.546752,0.88741577,7.7007346,0.39136624,-1.100014,1.4027383,0.7777755
2.9993036,6.570681,0.62525535,7.919625,0.42423368,-1.1056707,1.2566743,0.3999672
2.978799,4.074621,0.5159886,7.831588,0.5354357,-1.1028653,-0.62734175,0.7132623
2.9938009,7.2234707,0.9373255,6.867053,1.1389053,-1.7622906,-0.11003631,0.2772715
0.6288591,2.5680795,0.8677292,6.901021,1.1218445,-1.7146692,-0.12907195,0.8568262
2.8978071,2.508425,0.85130477,6.908704,1.1035461,-1.7124466,0.08383453,0.8919046
2.837589,6.1618547,0.8731353,6.902123,1.0813458,-1.6282909,-0.62806195,0.72679174
2.8428307,6.4025173,0.8300214,6.8556724,1.0546148,-1.6038418,-0.5918622,0.7765533
2.6138198,6.3211713,0.84602237,7.0936646,1.0149965,-1.6622964,-0.33683324,-0.3268134
2.3119507,4.9639797,0.83385456,6.9132066,1.0229454,-1.6041119,-0.15737832,0.22600311
2.0579762,3.1378064,0.8406117,6.906815,0.9992354,-1.6073233,-0.43579137,0.49298048
0.92686,4.511776,0.9188063,6.8765464,0.9969778,-1.6124892,2.0371444,0.3222065
0.9429834,5.3028116,1.0227239,6.8278437,1.003931,-1.6033962,-0.45127404,-0.33236516
1.2955444,4.4382935,0.98273146,6.8482766,0.9330871,-1.5649145,1.8755333,-0.44323596
2.1040196,4.218034,0.9757509,6.8240614,0.9425392,-1.5791045,-0.07960379,0.019113004
1.1554106,4.0188093,0.98825836,6.7688503,0.9135699,-1.5371704,-0.20448089,-0.08974746
1.0673937,2.423444,0.99319935,6.779726,0.90839934,-1.5127628,1.8549604,0.08004105
0.8903063,4.3473577,1.0621955,6.863072,0.8827827,-1.5774467,1.5554821,0.039874375
2.703132,3.127877,1.1585999,6.791396,0.8653312,-1.5455256,0.2114203,0.97562647
1.1191144,5.017249,1.176919,6.616962,0.9120908,-1.5449055,0.51947,-0.47135675
2.814437,4.5343637,1.1891017,6.604709,0.91209435,-1.5192342,0.4499271,0.9717349
2.583538,2.3834233,1.192384,6.5498323,0.9299865,-1.4952302,0.43678427,0.97730315
2.2179375,2.3672478,1.2128346,6.5704193,0.947387,-1.5719455,0.71177745,-0.35742596
2.9579668,3.3478913,1.1671853,6.671936,0.9295509,-1.5527585,-0.5919087,0.7207804
2.593003,2.3761518,1.103415,6.7102623,0.901531,-1.4696414,-0.6918453,0.47074032
2.8119164,3.6284401,1.1624327,6.6480947,0.90710163,-1.4460497,-0.32644665,0.6642662
2.8332038,2.4808638,1.1154401,6.6227837,0.8912194,-1.4310312,0.40290546,0.89442205
1.2172482,3.1656232,1.2029939,6.6494536,0.8098812,-1.4184519,0.8755145,0.8353143
1.3324859,3.172997,1.3580532,6.485461,0.7425449,-1.3704412,1.8941171,0.6760385
1.0861324,2.7389684,1.3084164,6.49929,0.73975945,-1.3563348,2.4575016,0.69194424
1.9724188,3.038161,1.2675943,6.647213,0.73732543,-1.4116464,2.0749815,0.48362076
1.1286991,3.6521478,1.2532027,6.6427593,0.7448356,-1.3889995,2.7663467,0.4120285
0.71039116,2.4323783,1.3123701,6.664365,0.7306695,-1.4651749,1.776586,0.1818831
0.65316194,3.1701045,1.303637,6.7849207,0.7240877,-1.3924148,1.8879421,0.17569864
0.5713638,2.2849543,1.290231,6.752507,0.75532126,-1.4397283,2.0618067,0.4263211
0.5755758,3.0795312,1.3087251,7.004428,0.7378669,-1.3803496,2.2886462,0.7944193
0.8745739,6.127361,1.3635287,6.9613237,0.73751307,-1.3651378,2.7468529,0.9270513
0.8627243,6.442252,1.3993015,6.9228344,0.6969118,-1.2948585,2.1113827,0.51767564
0.823546,6.770662,1.3491693,6.945791,0.6925049,-1.3307016,2.154398,0.18072551
0.95911825,8.589497,1.4182079,6.8508086,0.70341635,-1.3518488,2.7416024,0.8396269
1.085132,9.716772,1.3346033,6.7696867,0.7437763,-1.3456805,2.6634517,-0.26750588
1.4540405,2.1677673,1.2624881,6.6823983,0.7190392,-1.395761,1.8411498,0.9341824
1.7958087,4.3202515,1.1828358,6.765091,0.69917464,-1.3699198,2.123725,-0.3022282
2.9768782,8.240765,1.270406,6.7638035,0.6650262,-1.2687213,1.4832325,0.7470902
2.793136,9.18595,1.2279477,6.773501,0.63284755,-1.2546031,1.2266052,0.37008953
2.2707977,9.297373,1.1658089,6.7900543,0.6137171,-1.245245,1.6641214,0.6519425
2.8531582,4.115489,1.1606536,6.834925,0.65895486,-1.19102,2.0622113,0.46316922
2.875283,2.4512944,1.4157319,6.791428,0.66716695,-1.2667398,-0.81792873,0.3418948
2.9346316,5.2503343,1.4197698,6.7547946,0.66039634,-1.2713523,-0.11694181,0.17289895
2.7960885,4.564685,1.3405039,6.7213545,0.6765268,-1.2942098,0.26707816,0.42753744
2.9051266,3.6394339,1.2797918,6.786057,0.6580584,-1.2689874,2.7966676,0.8077705
2.591745,6.7129297,1.2364247,6.790963,0.66872215,-1.3164995,2.2198184,0.9415295
2.2046914,6.9314866,1.2212946,6.759349,0.641392,-1.3134952,1.6897714,0.8444407
2.2475963,7.739374,1.20088,6.7259564,0.6719394,-1.338658,0.7967242,-0.0584051
2.4331932,6.8413124,1.1974146,6.7455993,0.71750927,-1.3224847,0.43307853,-0.13134015
2.5891573,6.2620053,1.1921554,6.7959194,0.71504116,-1.3179343,0.94002676,-0.34870067
2.4183831,5.8812733,1.2169347,6.8582797,0.6883044,-1.417217,0.66778374,-0.15484494
1.4152404,2.8180406,1.2076719,6.745958,0.74744964,-1.4148855,0.70703673,0.40228033
1.6795293,4.5022545,1.1777649,6.662552,0.75796723,-1.4598224,1.4054317,0.27592814
1.7719823,4.3751793,1.1402457,6.6178308,0.7960777,-1.4522052,0.65068305,0.3137908
1.5467603,2.3086874,1.1978757,6.588464,0.78748083,-1.447655,0.3782134,0.2510854
0.9013934,2.1050274,1.1505871,6.631711,0.7587862,-1.400559,1.7135623,0.19276822
2.3040907,2.2474408,1.2498727,6.6615553,0.7696216,-1.4068022,1.131011,0.70317554
2.1094189,2.2346072,1.2643828,6.7389593,0.7707827,-1.4366851,0.1636138,0.4353906
1.664185,2.421626,1.3156531,6.579649,0.7695148,-1.4866543,0.69224644,0.40330988
2.7717876,6.4678936,1.3913648,6.4620433,0.7776232,-1.3923783,0.70583856,0.29975784
1.4845636,5.8547554,1.2180371,6.4878464,0.78315973,-1.434767,1.9014459,0.07665086
1.1365359,2.2377796,1.1872253,6.66788,0.76168656,-1.4591285,1.9483254,0.36848408
1.727101,2.9122179,1.2200918,6.6155744,0.77596927,-1.4374695,0.6053574,0.1563971
1.8075317,3.6117566,1.2160106,6.787262,0.73682547,-1.4258883,0.102023005,-0.1511041
2.660251,4.6604524,1.2366409,6.666151,0.7388294,-1.4154251,1.0044231,0.49702847
1.7638353,8.691172,1.2429328,6.7301927,0.6489732,-1.3129145,1.2837896,0.24541748
2.105875,8.740629,1.1995292,6.717496,0.66036224,-1.2976041,0.8429692,-0.2835593
1.9109653,6.8450994,1.0793018,6.8996463,0.6554158,-1.3315988,0.22052824,-0.18765253
2.7706587,6.2805557,1.1436553,6.9296184,0.66098,-1.3497909,0.96392155,0.14073235
2.5063798,9.303956,1.173178,6.9292526,0.612869,-1.2716203,0.71641016,0.6027267
2.4526014,8.499815,1.1940036,6.817278,0.6081548,-1.252097,1.8125753,0.46086705
2.447651,7.9280486,1.2760901,6.7671604,0.60993505,-1.2820637,1.0209923,0.3212316
2.2381065,6.3559923,1.3130488,6.8014336,0.60381293,-1.2802981,1.3214049,0.121109426
2.3754785,6.3192406,1.2683532,6.7668676,0.60410047,-1.234566,1.7708371,0.4376732
2.0724025,4.9895544,1.3114426,6.755786,0.6002495,-1.2186799,1.899142,0.5894338
1.6968379,3.2777176,1.3129115,6.732047,0.60921884,-1.2889148,1.8054307,0.5815897
1.5511706,3.5687218,1.2325797,6.8644037,0.6313412,-1.3071316,2.6398084,-0.20231488
1.2139976,3.37887,1.1945696,6.9031124,0.695801,-1.3531735,2.8355107,0.23837107
1.4887884,2.5507169,1.0797372,6.8950624,0.698375,-1.3938923,1.4520891,0.6736747
2.0805771,2.188767,1.1617627,6.6914062,0.71740055,-1.3710619,1.31932,0.7453712
2.1081083,2.9299304,1.111382,6.753653,0.75096965,-1.3616035,0.8653754,0.7077918
2.6046698,3.6167934,1.1485226,6.895776,0.79358006,-1.4210787,2.5845833,0.73889256
2.6649318,3.5178175,1.16945,6.804909,0.7970643,-1.4475334,-0.1658538,0.6859243
2.5588272,3.2157276,1.1959522,6.799886,0.783931,-1.4361014,1.4207954,0.069615304
2.6518204,2.5664768,1.1389866,6.7920094,0.84407353,-1.4534049,-0.17441654,0.046005785
2.5619993,6.365959,1.0242629,6.753289,0.8443556,-1.4355206,-0.2181325,0.9185648
2.920585,4.159896,1.0134404,7.065358,0.82676363,-1.445005,0.5595021,0.24713278
2.8763113,4.292057,0.8909104,7.1926775,0.8044355,-1.4261867,0.8631501,0.90170693
0.98196244,5.4187107,0.9425256,7.195942,0.80496216,-1.3809818,2.1547468,0.9077487
1.3238928,3.5770273,0.78058445,7.231962,0.82464886,-1.4802387,2.0161922,0.8851546
1.0500965,4.921705,0.7824912,7.202366,0.87290883,-1.4946731,1.7535763,0.85788417
0.86932844,5.8486567,0.8137398,7.3760543,0.8558011,-1.5012528,0.22854447,0.3098657
0.7452972,4.8595953,0.7891954,7.4185085,0.8746426,-1.5005481,0.70014656,0.82019496
0.76925176,3.2729187,0.7672329,7.515148,0.8421788,-1.4857802,1.6699984,0.3677038
0.52421993,3.1662855,0.6709323,7.7459245,0.8563552,-1.5397115,0.01081264,0.34082985
0.69929767,3.9444027,0.68355215,7.696962,0.85466003,-1.4976454,0.9127947,-0.20266044
0.6666379,3.8401103,0.7224599,7.7018514,0.8766079,-1.5892799,0.73382723,0.22900683
0.54245794,5.297456,0.79171205,7.6953354,0.8943715,-1.4995469,0.6526896,0.68238425
0.66814566,5.121625,0.7836244,7.503909,0.8929131,-1.5282123,1.6690028,0.6288512
0.7691517,3.7853084,0.81979465,7.3783374,0.8923538,-1.5147599,1.3772783,0.81401134
0.6226789,4.5283804,0.8506286,7.4439635,0.83163095,-1.4029995,1.3491094,0.48719835
0.9726323,3.3619838,0.85812116,7.298438,0.75428796,-1.4036003,2.9984057,0.58346117
0.91099846,2.9555194,0.8905573,7.289501,0.7471869,-1.3382025,-0.37475675,0.8309213
0.80365014,2.947321,0.92358947,7.458494,0.6831634,-1.3245738,-0.64026487,0.012180448
0.76323396,3.615335,0.8988799,7.5398936,0.6639707,-1.295177,0.031337142,0.6496531
0.8022589,2.6843433,0.8766329,7.408523,0.6606331,-1.3470984,2.298686,0.5296037
0.81801814,3.6683645,0.89353335,7.452954,0.6770487,-1.2899306,2.6014333,0.5785496
0.6596628,3.9598985,0.9325478,7.4483323,0.6635041,-1.2899426,2.2885206,0.87816226
0.9141175,2.5789967,0.7970998,7.3675985,0.62179303,-1.3030555,2.144615,0.37749773
2.2139735,2.5135543,0.82759905,7.3711157,0.6096821,-1.3196359,0.51408064,0.42358708
2.4791822,8.131893,0.90678525,7.279902,0.63872886,-1.2799144,0.8062215,0.09365028
2.3218791,8.704464,0.67804,7.245298,0.63634753,-1.2835007,0.40856385,-0.0043289363
1.9123709,7.316019,0.8620343,7.251748,0.67270136,-1.2338398,-0.6869128,0.4922229
1.2995684,3.047185,0.7049855,7.3294854,0.6732502,-1.2659669,-0.49857295,0.41059726
1.2854587,4.846732,0.7208928,7.481881,0.6511874,-1.2792203,0.9629718,0.6862868
2.7588418,3.618875,0.665866,7.3917556,0.6038532,-1.2240503,1.5426104,0.8343122
2.4478505,7.8914733,0.7401582,7.454539,0.58940935,-1.2296467,0.1357392,0.55790627
2.6254148,5.9296465,0.7507868,7.4995594,0.57647204,-1.2040561,0.003188014,0.24584138
1.437077,4.4883327,0.6725309,7.492078,0.63353324,-1.2175343,1.298404,0.98694146
1.3527501,2.8524783,0.73790383,7.5687213,0.58250904,-1.2250402,0.9991025,0.9897208
1.4756429,2.588657,0.7464552,7.3573556,0.55361557,-1.2280312,1.5650318,0.2123406
1.5967091,4.6807203,0.7259028,7.3942213,0.5225258,-1.1350172,2.7548134,0.7245188
2.2712836,6.1191096,0.5528505,6.9476795,1.3817856,-1.9487267,-0.17700702,0.9173081
2.2119431,5.967552,0.48746955,7.031953,1.3606496,-1.9026909,0.29628742,0.9069879
2.313164,7.3062215,0.54519916,7.1309643,1.2746124,-1.8613611,0.13475037,0.5879549
1.3911531,8.354184,0.61357737,7.0349383,1.257299,-1.8601667,0.4998579,0.31064403
2.369371,7.3938274,0.63675296,7.0295563,1.2347424,-1.8763285,-0.07580453,0.5232818
2.2536173,7.4073772,0.6541817,7.041833,1.2348979,-1.8508003,-0.8839784,0.6686642
1.5589546,6.1912208,0.6664789,6.86907,1.2438426,-1.7859251,-0.7992021,0.25908542
2.3964157,6.5337706,0.6618097,6.9813623,1.2421381,-1.8163533,-0.3769185,0.62695444
1.6863596,3.7138543,0.6728804,6.988674,1.2186267,-1.830207,-0.3588342,0.72910273
1.9976051,4.2619686,0.6852963,7.014648,1.2384202,-1.8198775,-0.33778965,0.70045114
1.6961867,5.647092,0.72961533,6.8285475,1.2424114,-1.801927,-0.6559467,0.77847743
0.9161838,5.130225,0.79201436,6.8170857,1.2278645,-1.8449438,1.5477071,0.009403944
1.0438982,6.5702944,0.9018338,6.809826,1.1887331,-1.8530606,1.1800406,0.73649204
1.0214876,4.6946692,0.8921107,6.7142124,1.1337519,-1.7740567,0.9708543,0.3901499
2.1007223,3.412381,0.92509556,6.733981,1.2002299,-1.8214419,-0.4584595,0.92660165
1.4913298,4.2041845,0.87524915,6.643724,1.1853874,-1.8195915,2.8300695,0.8824189
1.441425,4.8029556,0.88027036,6.662486,1.2181818,-1.8242834,2.070368,0.9112005
1.8393519,4.5861278,0.8773335,6.68565,1.1794989,-1.8104172,1.4405892,0.73168635
1.9343797,6.1184564,0.8024204,6.774187,1.2369888,-1.876049,0.0042467117,0.1994412
2.0894556,3.7921262,0.81643295,6.8790116,1.2084396,-1.9110754,-0.40498918,0.11809534
1.2386792,3.3422468,0.7283845,6.9262347,1.2528291,-1.9062105,-0.5246988,-0.023069799
2.1305845,3.4003415,0.79551196,6.770636,1.2565923,-1.8959364,0.9164219,0.9809749
2.3172538,7.1198077,0.790632,6.726127,1.2285397,-1.9067645,1.0975988,0.844717
1.8555713,8.150041,0.83048105,6.7074676,1.2286766,-1.9297447,0.49788868,0.67935264
1.6302168,5.5683546,0.830245,6.718174,1.2340558,-1.8482096,0.900481,0.6332383
1.8333414,3.8928828,0.8982227,6.6334667,1.2370441,-1.8707676,0.19483137,0.818869
1.3622437,3.8750153,0.8300923,6.6556635,1.2142489,-1.8381071,0.10090828,0.29624504
1.6975892,3.7572908,0.93460476,6.5608563,1.1514959,-1.751075,2.245461,0.17861342
1.9939771,3.691244,0.9449445,6.7490444,1.1434286,-1.8052146,1.1735196,0.997342
1.8755603,5.0554,0.9202719,6.732086,1.1388419,-1.8282038,-0.7981229,-0.39564416
2.128603,2.63919,0.94234085,6.7688704,1.1675084,-1.8317856,-0.22745872,0.17739755
1.9097061,2.347706,0.9389291,6.736218,1.1770933,-1.8552574,0.19644189,0.2505293
1.5089773,2.515416,0.9059186,6.661796,1.1922078,-1.8265777,-0.18194032,0.7045939
2.851022,5.8760204,0.90228057,6.6651964,1.1760955,-1.8068947,0.5893885,0.39378798
1.2556522,6.5363197,0.9141463,6.661466,1.1250553,-1.7604694,1.5569715,0.79796207
1.2359924,3.4541306,0.9166019,6.733496,1.1207492,-1.769411,0.5515475,0.66518223
1.5309983,2.7428074,0.9159286,6.6235895,1.147804,-1.7750211,0.90962017,0.5689399
2.492696,7.1645045,0.97064257,6.5825205,1.1395242,-1.8200531,0.86056197,0.98397744
2.359262,6.961481,1.0143695,6.309643,1.2200451,-1.8311975,0.5874475,0.27894938
2.570426,6.765853,1.0227666,6.3146477,1.2269549,-1.7457215,-0.19694209,0.8520814
2.919106,7.5934186,1.0486526,6.312618,1.2100058,-1.7594604,-0.48171103,0.50655186
1.0375571,6.0525355,1.2229791,6.2152734,1.1393654,-1.7883072,1.3186288,0.08205575
1.1232952,7.748378,1.251245,6.2496634,1.1724148,-1.8345801,1.2636108,0.4342686
1.1271265,6.7332106,1.2415977,6.2486844,1.1558826,-1.8612884,0.98592126,-0.072491944
1.1434894,5.6778293,1.2382345,6.219926,1.1498623,-1.8345621,2.2413778,0.01113528
1.2095964,7.0080037,1.2178798,6.290674,1.137502,-1.7589173,2.144995,-0.14050788
1.2948524,5.5726547,1.1238947,6.44406,1.0714293,-1.7068288,2.304656,-0.4911252
1.1068752,5.119961,1.1381648,6.389879,1.0562804,-1.6076888,-0.074976385,-0.49245703
1.0052476,3.3600316,1.1329384,6.394558,1.0754673,-1.6427424,-0.40810955,-0.424788
0.68375367,3.0259418,1.1635919,6.6302066,0.96975684,-1.6209095,0.2595619,-0.47801378
0.5761448,3.290051,1.1921542,6.6407676,0.9418967,-1.6097398,1.0746052,-0.0981158
0.6382963,2.5428782,1.2059703,6.5312233,0.92700195,-1.5645807,1.8837352,-0.1319235
1.0439756,2.704557,1.2091947,6.3644867,0.98758507,-1.5832291,2.8550813,-0.45834428
2.0891705,2.3342214,1.2427766,6.3608994,0.9303508,-1.563586,2.5204525,0.33893573
2.231075,4.683243,1.2891462,6.4498854,0.952234,-1.6018018,0.9760381,0.7243116
2.7575448,2.592483,1.2966218,6.319935,0.9655261,-1.5961529,0.57008386,0.6081687
2.4453897,2.0351515,1.3490896,6.336424,1.0110798,-1.6776963,0.8247386,0.9439937
0.93142986,2.034891,1.3125858,6.371499,0.9853809,-1.614222,0.5197393,0.7192168
2.6977954,4.6818466,1.3247762,6.2807236,1.0131924,-1.6130732,-0.30736327,0.92428756
2.6411386,3.5162117,1.3411388,6.3022127,0.97592664,-1.5743728,-0.6719618,0.23606181
2.814144,6.574602,1.2964923,6.380266,0.967257,-1.5646663,-0.2733804,-0.31407452
2.8117769,4.12124,1.3560464,6.328491,0.9494567,-1.5338503,0.21317303,-0.46560276
2.2995048,6.4051023,1.287605,6.374818,0.9114301,-1.5276875,1.623838,0.86519027
2.3085518,5.987448,1.22294,6.425727,0.9267554,-1.568606,2.2579181,0.91196394
1.774828,5.8741903,1.1809163,6.2429533,0.9764385,-1.5434725,0.53497136,0.7226906
2.3241618,5.9740644,1.2639909,6.282217,0.9673202,-1.5864406,0.27846134,0.8364856
2.1058536,5.797579,1.3332534,6.351117,0.9054725,-1.6032151,1.757745,0.16153002
2.0909162,3.5940237,1.2971349,6.359024,0.9067035,-1.5671012,1.2985842,0.6985018
2.2025363,6.871477,1.335454,6.289876,0.86452985,-1.5325552,1.5512812,0.738587
1.5391166,4.18707,1.3722866,6.29823,0.86393857,-1.5590546,1.7138884,-0.15817136
2.2343616,9.270506,1.3040705,6.31038,0.8644593,-1.5136709,2.0227013,-0.064893395
2.0630815,9.537103,1.2796376,6.3171844,0.8470123,-1.4940805,2.1517847,0.9931797
2.2240891,9.363516,1.2857738,6.3927307,0.84868145,-1.5167694,2.2118084,0.9972545
2.919457,6.1139164,1.3204753,6.453985,0.88807726,-1.492338,2.0489318,0.99476266
2.7451081,5.388335,1.3156757,6.4151363,0.9016993,-1.465797,2.0466428,0.4721697
2.1348906,6.264734,1.2916296,6.4163113,0.8532634,-1.463078,-0.018027484,0.42269218
2.8204527,4.3895607,1.3351922,6.524784,0.8662646,-1.3501556,-0.6342503,0.61979496
2.955849,3.5457835,1.2679846,6.7049665,0.8636873,-1.4769623,-0.7015991,0.743057
2.2931762,2.5130775,1.156168,6.6453137,0.8605776,-1.4459399,-0.58269,0.16430485
2.87806,2.7093596,1.2049205,6.6260505,0.90060544,-1.5802631,-0.017399251,0.46761918
2.2381818,6.325716,1.2061388,6.6203747,0.89974284,-1.5741785,0.03143692,0.17806578
1.8459041,2.3649056,1.1848485,6.4440966,0.92913175,-1.539019,-0.24910462,0.26297474
1.5661508,7.5980206,1.1980059,6.4359007,0.9357612,-1.6022686,0.18003893,0.15366566
1.667437,8.905457,1.2829123,6.2433634,0.96140575,-1.657149,1.1595781,0.08286321
1.7708809,8.088442,1.1963906,6.3729086,1.0137956,-1.6911788,0.24540508,-0.25547233
1.2127376,3.7836466,1.222234,6.4092193,1.0079122,-1.7005304,0.6218246,0.16904134
2.9333344,2.5297294,1.1821156,6.401597,1.0487254,-1.5997176,-0.6832201,0.86244166
0.77995026,2.7147584,1.1636047,6.431688,1.0803137,-1.6670401,2.5536878,0.17910475
1.0380132,5.5561523,1.267283,6.3058376,1.0695715,-1.6767533,2.9091377,0.28697103
2.96795,2.9399443,1.2938972,6.2710953,1.1381698,-1.6977551,-0.822007,0.30158156
2.6254482,2.921444,1.2913013,6.253912,1.107472,-1.6936493,-0.7879806,-0.06704581
2.8419526,6.180549,1.2849312,6.3138056,1.1085284,-1.7311368,-0.95953673,-0.016158283
2.812703,7.117809,1.3608937,6.194171,1.0464764,-1.6734476,-0.73400736,0.27979994
2.787388,7.029534,1.3158088,6.0947704,1.0571632,-1.6876866,2.0860064,0.6072998
1.807758,7.841606,1.2545431,6.0042934,1.095402,-1.683008,2.7023513,0.9422412
2.1924462,9.620742,1.3639665,5.723901,1.1003788,-1.73352,2.980032,-0.1869568
1.9159871,8.9164295,1.4795356,5.8006015,1.0971193,-1.7319381,2.7951388,0.86200106
1.5574629,8.819104,1.6397405,5.7927127,1.0132048,-1.6676489,0.42878425,-0.17410329
2.7555943,6.605519,1.6522918,5.6476836,0.9927783,-1.6041816,2.9177437,0.6390761
2.6323714,6.3310804,1.6159801,5.7136517,1.0344045,-1.6260966,2.6647558,0.53953147
1.9437988,3.544967,1.6787362,5.670436,1.010889,-1.6165011,2.3290012,0.18620878
2.813226,3.829752,1.6741633,5.692793,1.0383439,-1.6731846,2.5335176,0.63355064
2.6349158,6.2460694,1.6647391,5.647359,1.0467689,-1.6693274,0.9194381,0.74112964
2.6723766,7.043262,1.6727588,5.6260214,1.0440016,-1.6621467,0.6937058,0.7962148
2.7166166,7.294544,1.6355143,5.6472845,1.04197,-1.6671995,0.7322638,0.9085758
2.33913,5.4187,1.6250882,5.636348,1.086484,-1.6512437,2.3359802,0.9509735
2.6589582,3.1558309,1.6578436,5.616122,1.087683,-1.6941807,0.20340621,0.019425273
2.6285455,7.633184,1.690561,5.599555,1.0827885,-1.721035,0.17747772,0.9843662
2.9501486,5.2485704,1.6931062,5.592433,1.108563,-1.7628024,1.3839414,0.33031982
2.7562597,5.2853837,1.6372995,5.59475,1.1115351,-1.7189703,1.8328753,0.23495305
2.8662264,5.0106025,1.6361701,5.589587,1.0769489,-1.6561265,-0.31066287,0.19972831
2.6992657,5.522525,1.5928955,5.6723795,1.0539918,-1.6713355,0.04683578,0.49981898
2.7504492,7.6319,1.6716027,5.597041,1.0399284,-1.693816,2.019236,0.39015275
1.4223847,2.5084543,1.6521487,5.564438,1.0464461,-1.6936411,1.1891222,0.53222036
1.9296486,7.962242,1.6860347,5.5528555,1.0570006,-1.721358,2.1051705,0.35831654
1.8957299,6.5598416,1.690228,5.2067385,1.1012201,-1.764261,1.8547957,0.47903472
1.8390439,4.976725,1.6924138,5.4755077,1.0839643,-1.7891283,1.089798,-0.3465274
2.1922832,6.265988,1.7007875,5.48641,1.0214212,-1.7006376,0.8710176,-0.122778
1.539828,2.8495295,1.7102997,5.379282,1.0419371,-1.7112976,2.1456232,-0.15777019
1.8884984,8.901191,1.6994176,5.4227304,1.0766346,-1.71674,1.8462396,0.23057193
2.283253,9.254464,1.672715,5.3837247,1.0511799,-1.6784048,2.7497454,0.6311593
1.907482,8.932875,1.7208693,5.3520393,1.0361288,-1.6258321,2.1011639,-0.37395567
2.0987906,5.3282213,1.716672,5.4866467,1.0380569,-1.6861801,2.8359978,-0.07467452
0.68121207,2.0574608,1.6544313,5.540314,1.048125,-1.7312663,2.9017448,0.13981903
1.8710469,2.0485587,1.6624267,5.5310974,1.0630937,-1.7094345,-0.3556533,0.23546374
0.6155574,8.107735,1.1455996,7.5518155,0.7043905,-1.279078,2.629128,-0.112966776
0.61769074,6.6305494,1.3005426,7.4763193,0.62516975,-1.2643375,2.744175,0.5581528
0.6773608,7.2958946,1.3615317,7.421986,0.60026,-1.3017261,2.7860892,0.29211175
0.66879857,7.026551,1.4819765,7.198309,0.57112193,-1.1730491,-0.3627205,0.36591238
0.84278834,4.274626,1.328516,7.0013003,0.5502231,-1.1357396,0.2067939,0.35570264
0.8004976,5.4026175,1.4342003,7.065094,0.5477481,-1.116662,1.8001115,0.46823335
0.9652225,6.9186683,1.4098859,7.1157494,0.40112758,-0.96834564,2.537072,0.17719924
1.2169986,5.4321737,1.4057479,7.245006,0.34789848,-0.9983847,2.5908508,0.82334495
2.8370996,2.830554,1.3996997,7.19409,0.33775115,-1.0177166,1.4737103,-0.17718291
2.6588066,3.7275877,1.3977661,7.2658734,0.32879257,-0.93661475,0.8971896,0.21074754
1.7069933,2.1289039,1.2121346,7.265235,0.31870198,-0.99238825,0.26572466,0.53570306
1.2400794,3.558865,1.1751668,7.287213,0.41340113,-0.98197985,1.2173638,0.39524448
2.5018055,5.191543,1.1096492,7.2609086,0.4103439,-0.9852195,0.6086,0.9782553
2.2212038,8.010794,1.0099266,7.2951565,0.39878368,-1.0447247,1.4868422,0.89867663
2.1971858,3.8282714,0.78662694,7.5050416,0.45741248,-1.0999346,1.7452009,0.80439806
1.8896216,2.5621119,0.7414453,7.484153,0.4555316,-1.0807554,0.5293926,0.4425056
1.1789011,2.5729868,0.6617584,7.638831,0.4715557,-1.0863973,0.76163054,0.8329599
2.0030098,2.4949646,0.6228627,7.599566,0.46389008,-1.1441771,1.9214439,0.40605104
1.4449265,2.496129,0.59210086,7.723614,0.40770173,-1.0630314,0.24739134,0.60385203
1.9707459,8.847149,0.57442975,7.7246513,0.4499855,-1.0540247,0.3371557,0.1448375
2.7777064,9.237382,0.5905211,7.771747,0.49251723,-1.1330087,0.18905783,0.6738715
2.8786106,3.2820387,0.62301016,7.7072916,0.48776388,-1.1624646,0.49821317,0.7231575
1.4142213,2.4632168,0.6322546,7.733671,0.5476415,-1.2294056,0.3419038,-0.3979292
1.1080415,7.0358505,0.822412,7.698449,0.5332458,-1.2231864,2.6685262,0.51041484
1.084182,7.010396,0.8121371,7.717713,0.5721917,-1.1559203,0.13658011,0.62643504
1.1004922,7.712273,0.77018106,7.6998134,0.5756569,-1.2479961,2.5882995,0.2589491
1.3220675,4.067659,0.75390077,7.4994173,0.5364227,-1.1919818,0.3822652,0.7638775
2.7590828,4.678097,0.66469157,7.6020336,0.58290935,-1.2763449,1.1466174,0.5736512
2.0541525,3.8863816,0.65299714,7.7067285,0.58196807,-1.2374551,0.32997322,0.6201829
1.5857376,3.904862,0.646029,7.6611896,0.52996063,-1.2143501,1.0131695,0.057309687
1.4326218,5.626651,0.59632134,7.7172823,0.5358372,-1.1448786,0.31442642,-0.108486176
2.7090874,3.0118103,0.565555,7.6755815,0.5204394,-1.154037,0.2236569,0.9764894
2.7156222,3.0180888,0.61959887,7.6985903,0.5520885,-1.2020853,0.31191826,0.5479579
2.7098475,3.593564,0.576139,7.7091813,0.5867605,-1.2477074,0.96213615,0.34967375
2.8278587,7.995027,0.46391022,7.662829,0.575639,-1.236935,0.33312452,0.646196
2.644503,4.865637,0.46557355,7.7004094,0.57582116,-1.1739612,1.090774,0.55901635
1.5219365,4.6919637,0.51008606,7.7396693,0.57599354,-1.2462113,1.8074017,0.885272
1.9196365,4.6667147,0.3743528,7.631581,0.6246083,-1.2054598,-0.82104236,0.41379523
2.011612,4.244994,0.43545198,7.697195,0.6588459,-1.1829389,-0.33174038,0.77589214
1.9431143,4.411769,0.3346138,7.6541457,0.7295096,-1.324036,-0.009798467,0.7597959
2.7257874,5.237941,0.47146702,7.6420774,0.74077153,-1.3065587,-0.38043737,0.7924392
2.7943895,2.965415,0.52054334,7.6360965,0.70294905,-1.2851704,-0.18078047,-0.09053588
1.3187964,3.5819607,0.5669577,7.523396,0.70708966,-1.3144822,2.2455068,0.97092164
1.3580835,5.0106153,0.60837317,7.3292546,0.7504356,-1.2951097,-0.052705765,0.9740013
1.2478102,3.8874085,0.60585093,7.4799986,0.66531277,-1.2804233,0.29844546,0.91228867
2.3554444,2.4558427,0.6354785,7.519965,0.6467061,-1.2666625,1.2532084,0.780141
1.1894825,2.5089445,0.6215248,7.385486,0.6643841,-1.2909396,1.4549446,0.8280376
1.1926095,2.5634742,0.6831684,7.4395766,0.6470511,-1.2701218,0.5850686,0.88256407
2.5234938,6.084771,0.5690061,7.4324555,0.6403973,-1.2126608,0.14304662,0.800751
2.3147974,5.428405,0.61935306,7.420295,0.64346504,-1.2292259,1.480803,0.84299064
2.0994925,3.7812448,0.64527965,7.438035,0.6350405,-1.2288119,-0.33488864,0.8411577
2.2183135,7.034245,0.68319666,7.432026,0.648052,-1.2247775,-0.17818373,0.69495356
2.1849885,4.8669844,0.79594016,7.382035,0.64663553,-1.2727296,0.9805583,0.7266338
1.4602484,2.747188,0.71984744,7.4399033,0.6185155,-1.288663,0.77609456,0.48424232
1.6490451,8.503529,0.7017422,7.4023128,0.6175506,-1.2406096,0.7763678,0.11653131
2.7656617,9.323208,0.6615288,7.5275836,0.5791793,-1.231041,0.68560314,0.99967575
2.6204054,9.292902,0.4085219,7.5525503,0.59778523,-1.1742687,2.696461,0.9994098
2.3415406,6.220043,0.52866566,7.4815216,0.5406904,-1.1094179,0.07770014,0.49594522
2.5715728,8.89259,0.7764288,7.51339,0.4863088,-1.132314,1.4915047,0.5927894
1.9618282,4.5894103,0.7436056,7.6927204,0.44596243,-1.1359472,0.84353626,0.7103369
1.9262551,5.874982,0.7151207,7.6019454,0.43178344,-1.141032,0.9982059,0.23482347
2.1549516,6.6101108,0.6155013,7.6407957,0.44230008,-1.1367205,0.8240582,0.17725277
2.160359,6.8179235,0.74616694,7.5543404,0.38633347,-1.0108116,0.57552254,0.19617712
2.8376617,2.5168908,0.50468564,7.863716,0.37508154,-0.9765482,1.5623116,0.018548965
1.1755923,3.2963312,0.61025846,7.8261347,0.36805248,-1.0326178,1.019614,0.79887986
1.2319498,3.3926377,0.63370204,7.855229,0.341511,-1.0066521,0.87632644,0.37660086
1.5086741,2.835919,0.52429676,7.8189855,0.38938951,-1.0271662,1.1909873,0.41051447
2.0205894,3.2893817,0.57213616,7.817075,0.37346888,-1.0268054,0.292135,0.03980404
2.2009478,4.2157083,0.50904155,7.824498,0.37805843,-1.0519011,0.937727,0.65348744
1.9912373,3.6955118,0.53060436,7.7670937,0.41516972,-1.093803,1.0080678,0.5749247
2.0460505,4.278675,0.5886793,7.800692,0.41093874,-1.0677671,0.67704177,0.51236844
2.0222661,4.3393173,0.58805513,7.554858,0.41149426,-1.0449874,0.69604635,0.63387084
1.2650702,2.4955683,0.63127196,7.585726,0.47554135,-1.0763558,2.916163,0.60251105
1.556981,2.17189,0.5890815,7.6897893,0.43195987,-1.0636983,-0.8247526,0.39925182
1.6360116,4.183153,0.69363797,7.6711383,0.4366212,-1.0658493,-0.24887466,0.21410364
2.532421,4.259239,0.6584295,7.634027,0.49659944,-1.077913,-0.04741198,0.8383298
2.9213173,4.7259593,0.70044065,7.574749,0.50692225,-1.151483,0.7969415,0.19680297
2.7347662,4.5265083,0.71681225,7.4694552,0.57964206,-1.1445866,-0.77349484,0.6649753
1.4756505,2.010988,0.3964721,7.667799,0.5529752,-1.117541,-0.5175673,0.36108333
1.95297,4.39464,0.43224502,7.7411976,0.5439322,-1.1417,-0.5009371,0.32115775
2.2026687,6.7652283,0.21826339,7.861167,0.5335424,-1.1485977,0.36893618,0.29102826
2.3218057,4.3498745,0.28646874,7.8276253,0.5530722,-1.1431668,0.65155506,0.9854779
2.3690197,5.8833065,0.37487948,7.799336,0.57467747,-1.2245353,1.1625001,0.9809922
1.1902046,4.5106335,0.46209204,7.9974885,0.5827701,-1.198362,-0.105172455,-0.11874303
1.0325167,4.310429,0.42775798,8.035406,0.6056316,-1.2803546,0.5113523,0.3094172
1.0523236,4.135772,0.4405961,8.072809,0.6009078,-1.268811,-0.09760463,-0.4454229
0.962586,5.937845,0.47115672,8.090569,0.5375984,-1.2192678,0.77463233,0.21829784
0.90487766,4.855149,0.49968326,8.108557,0.49690533,-1.144042,2.495568,0.9246886
0.86631894,4.6700373,0.36886597,8.342159,0.51540947,-1.0549403,2.6971262,0.90422106
0.83522177,4.842874,0.3175336,8.482242,0.5376823,-1.2242656,2.8264108,0.48157275
0.56993276,3.6820874,0.37587965,8.321443,0.6603441,-1.2502363,0.9437165,0.76380444
0.700436,3.9542165,0.40163493,8.321465,0.6167333,-1.2752357,1.4820261,-0.06859082
0.6797156,3.9259434,0.47580338,8.334131,0.5985303,-1.2797687,0.62530315,0.07968253
0.57427615,3.9585352,0.44780326,8.242443,0.626719,-1.2113204,1.064512,0.416314
0.5671011,4.7662582,0.42833912,8.503769,0.65192175,-1.3206282,0.42954075,0.04772991
0.5297515,4.559094,0.49183345,8.412497,0.64899063,-1.3127503,0.83367133,-0.01802814
0.63286316,4.7890053,0.48208308,8.350361,0.6696458,-1.3377161,0.14108014,0.36821616
0.59000486,6.1343675,0.4953748,8.344863,0.66683555,-1.2611092,0.58099866,0.35095596
0.56182355,7.987306,0.63409865,8.339762,0.66614294,-1.3274825,2.1545775,0.16521573
0.60962564,7.6787353,0.67061734,8.275292,0.6939845,-1.3632743,1.6720183,0.5080409
0.54290354,8.2187805,0.57300854,8.444272,0.7026179,-1.3484734,1.8020663,0.5352415
0.5633763,8.07308,0.59549713,8.388283,0.71192527,-1.3048737,2.4095535,0.6336436
0.57025945,7.9139156,0.6092894,8.525685,0.64321136,-1.3385944,0.69957316,0.077352405
0.6139918,7.852966,0.59874773,8.50486,0.62000895,-1.2891755,-0.12844926,0.2204051
0.5140936,7.6005216,0.6589563,8.482349,0.5963571,-1.2429911,1.5582938,0.24782664
0.5048732,8.440983,0.73924613,8.437244,0.6392708,-1.2663713,2.3435822,0.25303108
0.58529925,9.1696,0.82904375,8.409864,0.6253495,-1.2639723,2.9170914,0.7234876
0.50763255,8.93474,0.7681184,8.439002,0.5365205,-1.1924922,2.6651998,0.52840877
0.55588096,8.508261,0.84748936,8.321848,0.52301645,-1.1829515,0.69817066,0.28566468
0.56050324,8.413135,0.7509968,8.421593,0.5398519,-1.1709185,2.7229419,0.15159929
0.56419474,8.747082,0.8415189,8.479944,0.5274286,-1.0923705,0.6977916,0.9275538
0.5839358,7.954022,0.5913341,8.373983,0.59596515,-1.2315836,2.2605827,0.96331334
0.6344509,8.042511,0.6131089,8.481651,0.5713301,-1.1444535,1.8952978,0.989975
0.6535383,6.8234963,0.614133,8.42815,0.5701053,-1.2146595,1.9918511,0.3073061
0.5160819,6.350913,0.6546476,8.397924,0.5820837,-1.247683,2.559616,0.7509986
0.5116971,4.3771744,0.6179116,8.374693,0.6037545,-1.2782044,2.778156,-0.22074601
0.5123212,2.8947961,0.5302335,8.217983,0.57736325,-1.1975107,2.0467968,0.81685245
0.5694754,3.0794196,0.41602767,8.233088,0.574322,-1.183114,2.2102537,0.79293275
0.56158394,3.4198532,0.63013315,8.302689,0.46592283,-1.1603365,2.7064319,0.6412842
0.6243016,3.4703574,0.562106,8.2778845,0.4551108,-1.0694565,0.4188367,0.8434725
0.6400389,3.3984199,0.543452,8.319782,0.43421316,-1.0702732,0.12851846,0.5830898
0.6104388,2.7276125,0.47234106,8.270281,0.44454002,-1.0857494,1.138428,0.4762184
0.6299307,2.8712492,0.51749873,8.176886,0.4544959,-1.0916171,1.275825,0.6529219
0.6369571,2.3834407,0.61885214,8.06538,0.45911932,-1.1342407,2.030004,-0.13354245
0.8819581,4.4919767,0.6883179,8.076993,0.46857357,-1.1430063,-0.25054324,-0.22748765
1.0603731,2.4956656,0.59335876,8.046749,0.23816776,-0.94801617,1.62746,0.061361313
1.1497306,2.4749625,0.7448759,8.020483,0.2060852,-0.8729756,2.665529,-0.011562049
1.1029992,2.7697825,0.56241465,8.151491,0.21832061,-0.8733635,2.4111888,0.55208445
1.3413193,2.965667,0.6419265,7.9847116,0.224864,-0.91498756,2.9562066,0.66512537
1.2662017,2.9305358,0.59775364,7.936713,0.21335673,-0.8710482,2.4172134,0.64778805
1.287231,2.4064717,0.56910634,7.9129877,0.23295593,-0.9164872,2.40042,0.8986852
0.93072486,2.744718,0.596874,7.9769034,0.22643948,-0.8500738,2.399616,0.6192713
0.9968364,2.680129,0.5198674,8.167037,0.21847367,-0.8418293,0.26880348,0.20168996
0.96123695,2.3241425,0.47543406,8.259454,0.19867492,-0.87020206,0.5944333,-0.06889278
0.93220615,2.452785,0.4396124,8.342766,0.22008228,-0.95226073,0.55783916,-0.047890306
0.79563427,2.0956984,0.48665333,8.347388,0.22934937,-0.93558407,0.3069942,-0.026471019
0.77913,2.2065353,0.27353764,8.456203,0.22082067,-0.916168,0.4090805,-0.1876474
0.81153053,2.7780187,0.47213984,8.361141,0.25348902,-0.9378102,0.54122996,-0.016801119
0.82801974,3.3983397,0.4185449,8.449378,0.19623661,-0.84728837,1.5457015,0.2858616
0.6083428,3.1516452,0.66508317,8.33301,0.20837379,-0.8346801,2.3592553,0.5853815
0.66322696,3.5894709,0.67873955,8.438886,0.19432569,-0.8568139,2.223549,0.74767804
0.63682413,3.3812003,0.6028495,8.425358,0.23720431,-0.87792253,1.7721045,0.5927758
0.5949241,3.3272834,0.6334851,8.6658745,0.20775199,-0.8877764,0.5368843,0.09923124
0.5673264,2.1613362,0.5734675,8.470907,0.20708561,-0.8814812,0.3406875,0.1140275
0.566873,2.1323943,0.39233363,8.557238,0.19791245,-0.8653426,2.0846589,0.20774722
0.64573455,2.1061354,0.47759223,8.43277,0.18758321,-0.8873832,1.7406845,0.54476476
0.75596535,2.5948117,0.35210073,8.5563135,0.24084425,-0.8718145,0.69514906,0.49209857
0.76734865,4.6572456,0.35630608,8.625767,0.29600096,-0.8432803,-0.14396298,0.5298965
0.76063657,4.7212305,0.36970425,8.652124,0.26113367,-0.8109598,-0.26321715,0.38875318
0.7935337,4.5786133,0.2695831,8.721061,0.24052048,-0.8410995,-0.23966348,0.2872864
0.8078139,5.4218664,0.250072,8.756563,0.27172017,-0.8482659,0.23177922,0.58924747
0.85595405,4.260827,0.24501657,8.649885,0.28280854,-0.9192505,0.25208306,0.19296181
0.7764618,4.332896,0.312168,8.667595,0.26283026,-0.91390634,1.6684456,0.51888657
0.7697834,4.06887,0.28997743,8.690257,0.24474955,-0.9310117,2.0932517,0.7183088
0.7782641,3.760298,0.24353254,8.699844,0.33479452,-0.94924617,0.09538865,0.9929937
0.55533975,2.8418648,0.08815849,8.691821,0.3639233,-0.944643,0.17410207,0.43659538
0.53247917,3.1361995,0.24648988,8.690015,0.37108922,-0.95767283,-0.19404441,0.49495113
0.54567707,3.6545234,0.26737475,8.688563,0.3729515,-0.95522594,1.6276972,0.7770766
0.7128289,3.9356236,0.120701075,8.5993595,0.40958524,-1.0025909,1.2886755,0.73345757
0.878182,4.3203897,0.18594146,8.548026,0.38990688,-1.0415363,0.982175,0.69812703
0.9224713,4.0463247,0.23940158,8.496669,0.42197752,-1.0901747,0.50286376,-0.033509016
0.82750916,4.208016,0.29619026,8.476162,0.42678714,-1.0825446,0.353773,0.084260166
0.81344754,4.612197,0.26300097,8.463662,0.47373104,-1.0917552,0.1817249,0.6839087
0.8146236,4.340864,0.46496487,8.272297,0.48839974,-1.1494904,2.1659126,0.2648046
0.79961455,3.9610376,0.40024626,8.387422,0.48126101,-1.185845,0.39338195,0.17490035
0.8924106,3.669506,0.30472994,8.3663845,0.48415327,-1.1119967,0.21195376,0.24893868
0.79209256,3.7581291,0.2799368,8.300038,0.46524096,-1.0288453,-0.36042792,0.28696924
0.87611246,4.127653,0.35726,8.305349,0.4490621,-1.0529041,-0.3489148,0.30195534
0.8658917,2.7853556,0.3797474,8.356286,0.40575767,-1.0873566,0.013370037,0.2763332
0.8858415,2.6533713,0.23176956,8.302251,0.44553256,-1.100691,0.4641105,0.13612032
1.0605472,3.5561123,0.096609235,8.420748,0.4535606,-1.0845983,0.6976228,0.5583545
1.10056,3.6038425,-0.014208674,8.446375,0.44402575,-1.0617023,0.55067885,0.702461
1.1002302,3.451634,0.1720221,8.329075,0.3948958,-1.0232205,0.6497934,0.5973679
0.99215406,3.3208966,0.19770014,8.325409,0.40477967,-1.0172565,0.2500689,0.8707857
0.9697648,3.3759117,0.15371001,8.348774,0.41570592,-1.0187047,0.8211839,0.88224864
0.8802115,4.0801315,0.09681082,8.445046,0.4200673,-1.0087831,1.0128481,0.7678592
0.98076147,4.4103584,-0.0130018,8.481312,0.42859626,-1.0228175,0.62650454,0.8197626
0.91148186,5.0105886,0.24923337,8.519812,0.39944005,-1.0658283,1.8641603,0.69470334
0.8280251,4.7863803,0.28303528,8.534496,0.43556523,-1.0764022,1.1987925,0.57945776
0.86273617,6.1529846,0.43322885,8.523964,0.40751028,-1.0719326,1.8252151,0.60749745
0.8922996,7.056612,0.49064696,8.367056,0.40141463,-1.0156513,1.8041332,0.59147394
0.84260154,5.013835,0.30967522,8.404599,0.40840125,-1.0698724,1.5414715,0.6814712
0.8119292,4.9148855,0.24811208,8.58683,0.4164822,-1.1173271,0.98541903,0.48724473
0.7519537,4.667823,0.2837193,8.609886,0.46729064,-1.1249015,0.39977753,0.4647507
0.63399994,3.900111,0.29814732,8.578552,0.50143623,-1.1326616,-0.80494076,0.2194258
0.5849179,3.5798063,0.38092172,8.51338,0.50530267,-1.1332674,-0.17946357,0.42423183
0.60969913,3.8281107,0.4936509,8.350509,0.5141988,-1.1179702,-0.527056,0.32129544
0.6074711,3.924974,0.47328615,8.377311,0.52425504,-1.1350111,-0.472273,0.059589267
0.6317124,4.114491,0.38689184,8.34133,0.5189893,-1.1142629,1.5244772,0.23455524
0.6689024,3.599368,0.3934673,8.329914,0.5227227,-1.1051514,2.4805555,0.80438113
0.79323095,5.2075443,0.33869004,8.286892,0.4796698,-1.0590029,2.265905,0.75190735
0.7170279,5.6401887,0.60373855,8.307676,0.45017886,-1.0984294,1.6054952,0.91434145
0.73089933,5.7084966,0.5764952,8.3635435,0.45446587,-1.1078954,2.4034271,0.77419627
0.67483056,5.293458,0.6102427,8.332195,0.4795699,-1.1089005,2.3727777,0.16852307
0.7402439,4.0046453,0.63493896,8.20298,0.49998832,-1.1270782,1.1962636,-0.21449354
0.783139,4.683608,0.6555126,8.162291,0.4250574,-1.0708671,0.865499,0.92208636
0.8639143,3.6907198,0.60339236,8.057592,0.38459897,-1.0341607,2.0430655,0.76764596
1.0199082,4.7349753,0.47252572,8.209579,0.44676685,-1.0547101,2.3877556,0.5980189
0.8309331,5.648962,0.48719263,8.3468075,0.4362681,-1.0503083,2.2964473,0.7255665
0.81378114,5.467229,0.4889177,8.442648,0.44736767,-1.0688784,2.6452541,0.7839222
0.8001962,5.5637255,0.5048573,8.397286,0.44618106,-1.0613756,1.2466714,0.07583016
1.0197282,4.7857075,0.3081715,8.368329,0.45635104,-1.0629315,2.0279968,0.9365926
0.9006053,5.027968,0.2915573,8.288202,0.5322528,-1.0463862,-0.0007171035,0.9431627
0.95425653,5.139352,0.30245197,8.473408,0.5055554,-1.0679836,-0.48596275,0.82879233
1.028679,5.7310877,0.12525237,8.471389,0.46533537,-1.0570621,0.3551005,0.9626231
0.909076,4.308794,0.19562888,8.39586,0.49540353,-1.0388889,-0.22319174,0.9550803
1.1456662,4.440584,0.030065298,8.359592,0.49519753,-1.1330998,1.3841481,0.60398173
1.1619105,4.7878084,0.13933492,8.370937,0.47847033,-1.0766759,0.88474584,0.95821965
1.014524,4.4806366,0.060171604,8.448165,0.45718694,-1.0839407,1.2620511,0.8650526
1.1306863,3.833353,-0.04163581,8.555351,0.4396608,-1.1152965,2.14081,0.6285839
1.1565592,5.824519,0.049108267,8.644909,0.4412291,-1.1117189,0.661893,0.68342423
1.1386834,5.83632,-0.0801605,8.606289,0.50357604,-1.1422892,0.37290955,0.49141514
1.1419364,6.3528214,-0.060958624,8.738153,0.50923777,-1.1554713,0.41266942,0.94717085
1.2272774,7.028408,-0.14403653,8.783227,0.521904,-1.15047,1.3302424,0.5230557
1.2889856,6.8775935,-0.24221826,8.787863,0.50258493,-1.1029776,2.0751083,0.9090934
1.183668,8.131182,-0.08153319,8.696855,0.5165119,-1.1362188,1.0952806,0.91034365
1.283114,7.2354517,-0.2640069,8.705156,0.53750634,-1.1426693,1.0607436,0.7719861
1.3344202,5.53435,-0.3110515,8.70566,0.5347979,-1.1172234,1.6425674,0.8799424
1.1026497,7.139077,-0.04654318,8.652338,0.42478704,-0.96814084,2.0593975,0.9271256
1.1142262,7.196948,0.17981768,8.617841,0.39921594,-1.067518,1.9827371,0.8930814
1.1636313,8.118926,0.18869245,8.696457,0.41762996,-1.0381801,1.5237808,0.93947244
1.0307214,6.3145847,0.15584075,8.497173,0.41934037,-1.0349411,1.4581349,0.8718624
1.1274573,5.3979654,0.21775079,8.49808,0.42215538,-1.0842516,1.1369238,0.976166
1.0906234,4.453883,0.20068109,8.447663,0.4165144,-1.056147,2.8384485,0.8069967
1.2731179,5.7185116,0.3533051,8.26381,0.43383884,-1.0207593,-0.78724295,0.49528527
1.3193637,6.0103054,0.22415102,8.195291,0.4375918,-0.98071027,-0.69074565,0.6032269
1.2290708,3.9308236,0.31751978,8.172054,0.38542366,-0.9750521,-0.7305932,0.5265627
1.2515848,3.9992673,0.43089223,8.114214,0.37453938,-0.97603583,0.52584386,0.3195427
1.2312586,3.2173626,0.44851565,8.01507,0.36841083,-1.0455426,1.3035495,0.9341841
1.1921003,3.617613,0.42536426,8.018197,0.3717389,-1.0225421,1.5134823,0.9777875
1.4240165,3.281123,0.42376602,7.926296,0.4117334,-1.0518268,1.0529068,0.6987933
2.0253668,2.3179047,0.36600423,7.9095526,0.39907694,-1.0663328,0.8029585,0.6327572
1.9219438,2.199214,0.4843248,7.7542915,0.37323427,-1.0347836,1.4235094,0.7638072
1.5974705,2.1614184,0.35679603,7.7764225,0.43586874,-1.0567782,0.98735464,0.8182019
1.4681227,2.090776,0.32995844,7.8329754,0.39236498,-1.0560951,1.0242684,0.53915
1.7159992,2.346272,0.36033583,7.8077917,0.45719767,-1.0782176,-0.06912559,0.84880614
2.5356781,2.4508197,0.07125282,7.9797583,0.42506027,-1.0157793,0.6326542,0.65794873
2.8532746,5.9488955,-0.023982942,8.259599,0.4219694,-1.1038342,0.8885869,0.8128638
1.370249,4.6635065,-0.020326257,8.272043,0.49859214,-1.062922,0.619257,0.6579814
2.9885263,6.6588697,-0.10547936,8.246798,0.5365939,-1.0552365,-0.2703479,0.8444209
2.6042745,3.7498581,-0.22100085,8.386005,0.44899154,-1.0559313,-0.65373355,0.55974483
1.5169523,3.5971403,-0.19079489,8.397507,0.44397378,-1.07676,0.5862553,0.77120674
1.6034474,4.028603,-0.06909084,8.362905,0.3934431,-1.0489615,0.18099439,0.68335617
1.6078619,4.164339,-0.18136013,8.448535,0.34707427,-0.97054815,0.22178197,0.39649093
1.6477157,4.9831486,-0.32385373,8.504341,0.31076002,-0.9424305,0.03875327,0.8924545
1.7463515,5.1908636,-0.4671811,8.537819,0.29554653,-0.9091077,-0.10890216,0.84282136
1.6461985,7.1759515,-0.5075303,8.768854,0.30394387,-0.90259886,1.5867896,0.8796278
1.5820497,4.947818,-0.49565256,8.744436,0.30499434,-0.931695,1.3136652,0.84607816
1.5455645,4.5292196,-0.4712639,8.749231,0.27103806,-0.86425877,-0.6983714,0.9539881
1.3581424,4.5957,-0.38448322,8.740239,0.29189157,-0.842083,-0.5648961,0.42450333
