1.0132511,3.5062919,0.69415367,5.993098,1.9453313,-2.5374324,1.1208582,0.8675456
2.223439,3.0799475,0.72487736,5.8670273,1.8042266,-2.351164,0.95888925,0.8854642
2.8674774,6.285053,0.72025156,5.9065876,1.7723713,-2.3455272,-0.3515405,0.9044384
2.8084888,2.3109365,0.7215781,5.977322,1.7959232,-2.3641047,-0.7480835,0.7888448
2.5320537,2.5808673,0.7247176,5.998141,1.7435122,-2.3663383,-0.2682321,0.7153821
1.8670425,4.3917418,0.70718634,6.0854053,1.7302036,-2.4090881,0.8107995,0.4719934
2.042601,8.632652,0.68144655,5.9435987,1.7793889,-2.422597,1.9956889,0.9047828
1.4796369,8.807999,0.6645367,5.840805,1.77356,-2.3986502,2.8190572,0.95018506
1.5295798,7.6539826,0.6736162,5.774993,1.7289898,-2.3353343,1.402082,0.9807315
2.6825407,7.524892,0.6683533,5.9479237,1.7423551,-2.3486595,1.7470529,0.74180174
2.9179676,8.914009,0.65543294,6.034975,1.7249501,-2.357505,0.46579885,0.31054878
0.9901803,7.3493047,0.61868286,6.02631,1.7598989,-2.3335402,0.21889818,0.8191061
1.5099179,5.8788624,0.6800227,5.9114227,1.7480645,-2.330824,-0.33189976,0.8253522
1.945013,4.079118,0.6995374,5.9305487,1.7135177,-2.3096228,0.21371448,0.76401687
1.9469241,5.6126585,0.7343359,5.8612185,1.7141814,-2.3510334,2.053744,0.73692775
2.4742951,4.703765,0.75582516,5.893468,1.729698,-2.381794,2.670283,0.8806548
2.4781065,4.6863356,0.7286501,5.8189707,1.7684753,-2.3790221,-0.37954247,0.782102
2.4662273,9.309437,0.6967516,5.91436,1.7377996,-2.3765469,-0.13715649,0.6458603
1.7150503,4.0142937,0.69912195,5.8939767,1.7806065,-2.3406944,-0.87073547,0.67909753
2.1397352,4.8673377,0.7066181,5.9219337,1.7208433,-2.3674512,2.1937804,0.7482351
1.5111244,3.0328984,0.73797894,5.9751244,1.7244782,-2.37121,1.391156,0.7280983
1.4378672,4.1732078,0.73339987,6.018326,1.6698182,-2.347657,1.4580741,0.40195304
1.5425535,2.650543,0.7608397,6.0152864,1.6506488,-2.3166828,2.0291953,0.8576882
1.6330836,3.0692158,0.74287546,6.047554,1.6556315,-2.2979417,2.0582874,0.77965295
1.7262113,2.5313098,0.7849524,5.8798676,1.6373498,-2.2540362,1.5244117,0.72445846
2.049667,2.2204597,0.8130939,5.784425,1.6518924,-2.2684777,2.9189713,0.82721853
2.2075272,2.0019908,0.8125185,6.0097957,1.6495061,-2.2699919,-0.14406621,0.9162766
2.0480618,2.0021546,0.80043364,5.9051666,1.6441603,-2.2627153,-0.2865473,0.5549406
2.9234347,2.350265,0.7937598,5.917354,1.6293046,-2.2720158,-0.38854766,0.569237
2.7618506,9.601156,0.73522794,5.968274,1.5861607,-2.2707546,2.0082674,0.69762254
2.9705234,2.0693705,0.7609954,5.96451,1.5993626,-2.2728462,0.18082786,0.7941514
0.97498256,3.0674167,0.79747415,5.875904,1.6244729,-2.2867157,0.18914783,0.7567804
2.5933993,7.3070555,0.78599966,5.854148,1.636477,-2.2356665,-0.04506415,0.86300254
2.074757,7.327181,0.73141146,5.8748913,1.6272485,-2.2062838,0.112894654,0.5160035
1.6074582,7.238945,0.6992445,6.107113,1.5967159,-2.2112956,0.32159197,0.693625
1.612176,9.445194,0.72689724,5.8937593,1.5427647,-2.2045176,0.19192803,0.52507114
1.7173203,5.122485,0.71889424,5.9793534,1.6018369,-2.2282128,1.0092554,0.8004428
1.2132597,4.503435,0.7013674,5.976863,1.5921824,-2.179652,1.8874142,0.7496828
2.2365973,5.68499,0.6814141,6.04528,1.5861955,-2.1613472,-0.17508441,0.9021497
1.5678568,4.9255414,0.62501204,6.0300446,1.5730913,-2.1597366,1.5244994,0.837749
1.7068133,9.142223,0.5800781,6.0022697,1.6290696,-2.174049,0.32627666,0.94694984
2.032914,9.765752,0.5744097,5.9981494,1.675919,-2.2237117,-0.2891093,0.76521647
2.3715606,9.471138,0.58118117,6.0494328,1.6495867,-2.26137,1.7027519,0.9584433
1.5548897,2.745657,0.6332464,6.2002716,1.5991495,-2.264124,0.40839648,0.7611922
2.2509098,4.4636,0.7134869,6.1337147,1.6137443,-2.255012,0.99400985,0.8135941
1.422847,3.1428652,0.64168596,6.17151,1.633946,-2.2794678,2.0962887,0.7333485
1.5341792,5.0186796,0.69616365,5.995551,1.61556,-2.262335,0.6807902,0.9255308
2.6140957,6.011944,0.68711495,6.0751314,1.6895173,-2.330208,0.8500941,0.8052728
2.7633903,9.299895,0.63082576,6.092627,1.6429462,-2.2665634,0.9582275,0.7310394
1.3756087,7.542162,0.6651293,6.0519643,1.6426532,-2.2563784,0.61900795,0.41269118
1.197914,8.411909,0.6734917,6.1256065,1.641026,-2.2557125,-0.54603887,0.55475545
2.743407,9.21337,0.63604546,6.123581,1.6946294,-2.2591875,-0.8982362,0.12508118
2.7939568,5.2882605,0.62862587,6.134879,1.7010698,-2.2395527,-0.4189552,0.26458925
2.8472886,9.096294,0.7152896,6.0506234,1.7216704,-2.288253,-0.9114319,0.28189385
2.0691907,4.067796,0.72400117,5.9476495,1.7107415,-2.3070564,-0.85715926,0.48744678
2.5895126,3.1724553,0.75505567,6.238551,1.6981215,-2.3722906,2.4599118,0.12542987
2.4006472,2.3427703,0.7538793,6.114149,1.6669078,-2.3667593,1.9343848,0.80056167
2.934219,4.264711,0.83167195,5.9713707,1.7374158,-2.4268274,0.26976073,0.5566008
2.7458582,2.4990118,0.8262644,5.827121,1.7334905,-2.4367158,1.3418112,0.86129034
2.2814279,5.1886716,0.8289808,5.830738,1.7091353,-2.3794973,1.2276752,-0.3500591
1.2822722,5.468054,0.8544066,5.753304,1.7138612,-2.3650382,-0.11700332,-0.06129706
2.3728838,3.2134523,0.86368847,5.5422325,1.7533884,-2.348294,0.40137172,0.8814938
2.2196043,9.153125,0.8020742,5.545944,1.7464986,-2.3785079,2.8723326,0.7775754
2.4176693,7.3752866,0.8584125,5.533043,1.7154083,-2.3331482,2.9029417,0.77579486
2.2170267,8.888315,0.8459549,5.633906,1.7096584,-2.36514,2.5913165,0.83744717
1.5822079,9.288239,0.7720289,5.691678,1.7515817,-2.2978108,1.4653959,0.34299064
2.6000605,8.180706,0.7944963,5.6890507,1.6232238,-2.2724676,1.4078257,0.8991575
1.6984209,7.1841373,0.8143673,5.7766027,1.6455994,-2.266194,0.35751545,0.898252
2.465738,2.258716,0.8017111,5.854906,1.6304727,-2.2365372,0.88653886,0.95125914
2.3252606,2.5245616,0.8098092,5.878388,1.6619072,-2.286131,2.1521225,0.95303655
2.4028344,2.6436338,0.76564956,5.975605,1.7028298,-2.3465285,1.8877232,0.88446295
2.2676928,2.962925,0.7545986,5.9834504,1.6799517,-2.3284025,-0.20124227,0.41635084
1.9315398,7.749566,0.72944427,5.8980103,1.6657772,-2.3126583,-0.5003391,0.5398245
1.8007377,8.895384,0.6797626,5.895818,1.6836951,-2.3229945,2.1649306,0.5373244
2.5772698,8.60011,0.6746801,5.99576,1.7119389,-2.3310704,-0.64307237,0.2562276
2.9399254,7.5633755,0.7383143,5.9933553,1.6902578,-2.3053994,-0.71165717,0.64643025
2.9436853,4.1446877,0.712353,6.131998,1.6304147,-2.2341542,-0.43793726,0.8412144
0.6592081,4.26188,0.6890888,6.1956086,1.6129084,-2.2289357,-0.073703766,0.8675301
0.715909,5.259104,0.606189,6.4169426,1.5611532,-2.2150087,1.6978111,0.72645605
0.57876843,6.0752583,0.6404159,6.4781504,1.5483685,-2.142707,1.2670426,0.9662514
0.7834124,6.786986,0.5704309,6.5334873,1.5251744,-2.179791,-0.34194392,0.5959724
0.74974656,8.404595,0.59772944,6.666771,1.5367532,-2.1926255,0.69815826,0.12778705
1.0941694,6.146856,0.49196625,6.639271,1.4843194,-2.163443,0.4645207,0.7097503
1.0699036,6.6673713,0.48351467,6.7151175,1.5001702,-2.2022495,0.105276585,-0.14474201
1.9113337,2.3294027,0.4754901,6.823023,1.4685845,-2.1584268,-0.5372973,0.54923797
1.0357779,2.2730603,0.45015132,6.812588,1.4517529,-2.1732082,1.2935636,0.80830145
1.4474759,2.325823,0.34262896,6.9595976,1.491287,-2.1800177,1.4734952,0.75306
2.0293984,4.854005,0.3117206,6.964488,1.4905579,-2.1670933,-0.2536899,0.5058886
1.5364916,5.9851313,0.32743192,6.929734,1.4702785,-2.1676571,0.516788,0.31608486
1.4595971,5.848259,0.33517444,6.846776,1.467031,-2.1521032,0.50630116,0.635782
1.2243502,8.355292,0.33277845,6.7613564,1.5130565,-2.0855367,0.2202394,0.740736
1.0631459,8.046234,0.4105841,6.7214494,1.4785166,-2.0669093,-0.27056932,0.7121836
1.115407,8.593653,0.3342104,6.7904396,1.4727485,-2.0553236,-0.45898533,0.6846446
2.7464557,4.7279162,0.31754923,6.820855,1.480221,-2.067965,0.56925,0.66272426
2.8459234,6.512049,0.29713094,6.8302617,1.4345059,-2.0137413,-0.26089704,0.9447863
0.97098887,7.033923,0.26837826,7.1019154,1.4560499,-2.0146034,0.068878055,0.7432157
0.97107214,9.760942,0.270445,7.2734013,1.4068522,-2.029772,-0.8663444,0.74010956
0.9803674,9.822426,0.30674636,7.302284,1.392977,-2.1155467,2.3644698,0.8117709
0.9666999,9.456703,0.27845502,7.245491,1.3897078,-2.0753083,2.561443,0.58648264
0.87475926,9.277618,0.33711922,7.19643,1.4230306,-2.0435152,-0.33221614,0.9247079
0.7884196,9.661062,0.3320732,7.1688366,1.371917,-1.8997171,-0.39700335,0.6975405
0.7626748,9.894549,0.31676912,7.2943606,1.3102527,-1.8936667,0.17173493,0.8111898
0.8443973,9.655943,0.28965318,7.3292904,1.2699616,-1.9172219,1.2417674,0.7065909
0.89225435,8.449364,0.2696073,7.386938,1.2747838,-1.9201465,0.64802814,0.8663615
0.95474005,5.7685103,0.15851736,7.391365,1.3003862,-1.9351391,2.2527351,0.9019065
0.82118344,8.339621,0.1675632,7.4213324,1.2779961,-1.8997396,2.000262,0.9544871
0.83345187,6.3900566,0.17284882,7.456809,1.3088763,-1.9163431,-0.324068,0.11455679
0.96951914,9.248505,0.23473763,7.3899536,1.306416,-1.9579182,0.28214276,0.9489995
0.8813808,9.131257,0.18331134,7.345219,1.33062,-1.8972596,0.53549314,0.95686376
0.8820396,8.234539,0.21089518,7.2231083,1.3304179,-1.9462583,0.9108516,0.9826056
0.83166945,4.2277517,0.19466531,7.2335863,1.3306088,-1.9729326,1.3213346,0.8617332
0.9698727,5.9314985,0.17929983,7.2593656,1.3207667,-1.9513859,-0.17014104,0.30371368
2.8785672,6.2659426,0.19725382,7.285657,1.3140848,-1.9487106,1.0360851,0.38954014
2.8796186,3.9695282,0.106475234,7.5497203,1.2805066,-1.9154915,-0.83228093,-0.31802607
1.0680537,2.4167163,0.024137974,7.5464816,1.2681715,-1.9195313,-0.43811715,-0.22572798
0.92532104,4.393697,0.03866458,7.7077127,1.2357998,-1.9157712,-0.4392268,-0.007850051
0.7623365,2.4307027,0.067824125,7.7522306,1.1981413,-1.9121178,-0.6493157,-0.14102635
0.7504521,2.3222847,0.032742977,7.79636,1.1892018,-1.8893619,-0.52795815,-0.33783197
0.940083,2.8758583,-0.047661483,7.7848473,1.1888072,-1.8984934,0.5933858,0.51217437
0.7474105,4.25344,-0.032400846,7.8215637,1.1878479,-1.8524431,0.45104158,0.8928535
0.6985298,3.272562,-0.040062904,7.802416,1.2329936,-1.8691173,0.68659544,0.7801615
0.659896,5.6079445,0.086687684,7.730687,1.2841396,-1.9041144,-0.20815396,0.5921724
0.7577517,6.9998074,0.19475496,7.628196,1.1993964,-1.9196498,-0.15149897,0.3213489
0.89040816,6.330621,0.19590652,7.464299,1.1939437,-1.8845083,-0.053211868,0.3894325
1.0197605,9.422274,0.18058527,7.4364624,1.2182276,-1.8483803,-0.07053101,0.5239177
1.7036486,3.8551512,1.6050262,6.938037,-0.04749632,-0.5860448,0.8243922,-0.02239263
2.0072145,3.8218951,1.5179491,7.049635,-0.12039447,-0.57261467,0.3653456,-0.08883536
1.8360479,4.5742908,1.6760955,7.1011705,-0.14494193,-0.5630727,1.8603776,0.49975228
1.8779956,3.8315783,1.7194276,7.0563416,-0.15406585,-0.49831176,1.4587252,0.82893145
1.5744388,3.844535,1.7508559,7.021546,-0.13177061,-0.5660372,0.9896172,-0.17283762
1.7786908,3.4770467,1.6806908,7.021011,-0.16782498,-0.53194594,0.9403449,0.5137135
1.7767136,3.0973763,1.6194344,7.082991,-0.14479649,-0.56084657,1.8002324,0.0990563
2.260833,5.023042,1.7948108,7.050224,-0.15660715,-0.5597403,1.2769785,-0.017335176
2.4439447,5.92426,1.7122993,7.086474,-0.13463497,-0.5193217,2.5453472,-0.010141611
2.6295922,3.2629762,1.8154385,7.091447,-0.12938094,-0.5807431,2.6435084,0.73546255
2.963065,6.23176,1.6601119,7.064795,-0.08493829,-0.5618112,2.5479767,0.4962846
1.9547704,8.009592,1.8250871,7.044715,-0.087388635,-0.5651932,2.0030124,0.6672611
2.0052686,6.397173,1.8356078,7.047934,-0.12020159,-0.5810149,1.5766113,0.76364434
2.7738535,2.8186526,1.867899,7.012446,-0.1208905,-0.58803296,1.8389947,0.8665627
2.4135714,2.0646684,1.8744986,6.9302387,-0.1315186,-0.619493,1.8305509,-0.25007597
1.498239,2.1474283,1.7475209,6.952843,-0.122876406,-0.58469963,2.32997,0.4396025
1.5895818,2.0899675,1.7402477,6.9203672,-0.10614693,-0.6246288,2.9301848,0.52051187
1.9293087,3.1370153,1.7117543,6.89893,-0.101421714,-0.5912187,2.3241684,0.49197817
2.0150306,2.3550613,1.6446445,6.953368,-0.101769686,-0.65961504,2.50633,-0.094723225
1.9350265,2.658514,1.6158342,6.9118032,-0.013719678,-0.7167313,1.5648131,0.28883255
1.9158013,2.8557787,1.5212488,7.0339303,-0.041769743,-0.68446136,1.2478068,0.1775257
2.4194505,6.4249134,1.451134,6.9817095,-0.018921375,-0.65326643,1.0678744,-0.1661846
1.9889531,4.0131197,1.2762663,7.166603,-0.019651413,-0.6900563,1.0541639,0.14518476
2.347403,6.96383,1.2500808,7.192683,0.0022432804,-0.70338774,0.99912465,0.5496695
2.5858202,2.5289388,1.188441,7.1831007,0.044838667,-0.72019434,1.477907,0.4761061
2.5877416,2.632378,1.2106628,7.0232177,0.0077233315,-0.7111454,1.9503977,-0.45706558
2.850264,2.6033854,1.2164478,7.14506,0.062069654,-0.65373397,1.3885996,0.68718255
2.8389072,3.4356723,1.3207912,7.0577765,0.039702654,-0.7182722,1.768286,0.7560133
2.9454265,5.4631777,1.5065131,7.0537195,0.045129538,-0.7044723,1.0406756,0.4729669
2.8352668,3.2019274,1.4567747,7.107941,0.024500132,-0.7325413,1.7582035,0.53614974
1.9520134,6.5168953,1.5285468,6.959626,0.053152323,-0.73111415,1.2212379,0.40965885
2.2928362,6.7878485,1.6685996,6.8026433,0.06750059,-0.73987865,1.3056247,0.3285668
2.8069077,4.547496,1.6155803,6.8029976,0.106809855,-0.8193567,0.70000076,0.4135366
2.348874,3.841645,1.7464767,6.871314,0.0136806965,-0.79972935,1.5043209,-0.015844375
1.8438534,3.5064335,1.7178893,6.713464,0.029822826,-0.74222493,1.207722,-0.021755219
1.8002546,5.057285,1.6551971,6.676218,0.06420803,-0.73375607,2.6126692,0.619372
2.2172632,8.81228,1.571099,6.8717804,0.039979458,-0.70470095,1.672092,0.8355279
2.9443178,3.8029518,1.5467157,7.05748,0.0009455681,-0.73189664,1.854428,-0.21866688
2.9545007,7.887634,1.7799039,6.8120103,0.05335498,-0.72976637,2.1932116,0.6337693
2.9431934,2.2809584,1.5459013,6.9388375,0.046093464,-0.72524667,1.2097852,-0.091965795
2.0024445,9.416817,1.6295125,6.8330626,0.05904746,-0.74131227,1.0833385,-0.33120626
2.8649464,9.174141,1.6048295,6.7449007,0.09836602,-0.72118616,1.8451889,0.6598016
2.7231774,8.744508,1.5012369,6.810682,0.10312486,-0.8024044,1.3950355,0.25069147
2.031661,9.932012,1.4033563,6.865872,0.12230492,-0.82227564,0.3450688,0.06490135
2.7284784,9.34165,1.5050392,6.7948456,0.12773633,-0.7943921,1.8436966,0.27802765
1.1347568,3.8227735,1.4014113,6.7848816,0.11877179,-0.8081808,2.3383684,-0.2654338
0.92428786,4.5004206,1.7055483,7.0486846,0.08771658,-0.7494712,2.916205,0.5574229
0.8674488,5.187107,1.6732802,7.182466,0.036105394,-0.73730683,2.7137072,0.42816925
1.2949493,5.5400343,1.6420231,7.224227,0.024595976,-0.6925349,2.7717662,0.57527375
1.3277851,4.6551237,1.5388279,7.033592,0.020490646,-0.6888108,2.8869078,0.88800216
2.2116594,4.6542034,1.546526,6.786127,0.007124424,-0.7124579,1.7334354,-0.30847964
1.9987304,4.4451666,1.4263859,6.873926,0.07711196,-0.7256067,-0.19761276,-0.37869743
2.8129103,3.7615793,1.5689793,6.9830666,0.04271078,-0.63128567,-0.5207721,-0.41208
2.9046462,2.4652379,1.5910578,7.0597143,-0.03973639,-0.6577616,0.5469537,0.47314525
2.9109437,6.18283,1.5084343,7.0389376,-0.015812278,-0.5942788,1.3941817,0.94967914
2.9382634,9.18591,1.5053549,7.158997,-0.04051733,-0.5885277,2.5929132,0.3349321
2.9890907,9.514566,1.3865733,7.280863,-0.02679956,-0.6525805,2.1779995,0.87595224
2.5812938,9.44602,1.3285208,7.178313,-0.006403804,-0.6470599,2.1106136,-0.040677667
2.5230577,2.6938534,1.4263809,7.116277,-0.01026392,-0.7196212,2.2148013,-0.110165685
1.6344824,3.0591476,1.2855287,7.1633477,0.0021355152,-0.7258005,2.425772,0.27832788
1.7965517,2.1856334,1.2536464,7.02022,-0.013043165,-0.6860328,2.680968,0.12272644
2.0011215,2.1444385,1.2037773,7.148511,-0.04218793,-0.6860056,1.9338553,0.09094131
2.0553553,5.4062777,1.2138767,7.149352,0.019124031,-0.75533056,1.9152956,0.20004302
1.6699791,5.3682604,1.2131183,7.190874,0.008264065,-0.67595863,1.5399847,0.9143212
1.6315346,6.4810586,1.246928,7.267468,0.024574518,-0.7051511,1.9176171,0.9466537
2.4744859,6.627196,1.189498,7.238804,0.03169036,-0.69777966,2.8647535,0.29857516
2.1869836,5.069232,1.0836482,7.1916413,0.05079961,-0.72367334,2.708945,0.8953515
1.8668764,6.4303083,1.2764938,7.114009,0.060920715,-0.7216878,2.6773765,0.75140893
2.3127022,5.9132094,1.3108294,7.036592,0.019565105,-0.71037817,2.4081647,0.65146303
1.6557443,7.094551,1.3763623,7.064714,0.022436142,-0.69796634,1.5699625,0.5009961
2.604228,4.585228,1.4381788,7.100158,-0.016001344,-0.68368196,1.329346,0.45755017
2.7019055,7.763958,1.5111928,7.0798993,-0.0439049,-0.64778113,1.9597867,0.29586458
2.0942717,2.1523263,1.130326,7.2312536,-0.053138018,-0.6180198,2.3703473,0.6297147
1.8953588,4.7906656,1.3198893,7.1640925,-0.05837512,-0.64976215,2.1081321,0.62370586
1.7942734,3.1334858,1.1288826,7.1359725,-0.020795465,-0.6183796,2.0829809,0.815547
1.9281423,3.4717464,1.4971967,7.123494,-0.042122126,-0.66409254,2.068893,0.6671426
1.0537622,3.3116207,1.595088,7.0506916,-0.02239263,-0.68291736,1.1541326,0.68603826
1.0478029,3.517904,1.5594549,7.110675,-0.034828186,-0.667994,1.9159548,0.013200462
1.1519892,2.2438464,1.5008333,7.037758,-0.030712605,-0.67552996,1.9464536,0.030920923
1.1206937,2.2337914,1.4048002,7.1017904,-0.038366437,-0.6294775,-0.25627458,0.021951854
2.2118225,2.2422187,1.441369,7.0791926,-0.08404815,-0.63475037,1.298907,-0.26051056
2.0948324,2.5651655,1.5261309,7.0715933,-0.13034356,-0.6210723,2.2276132,0.036239505
1.9649155,2.4710019,1.5485644,7.0287175,-0.1269052,-0.54288244,2.1758256,0.8184359
1.7697941,2.1622295,1.6272659,7.1143184,-0.15556633,-0.5497451,1.2205114,-0.032342136
2.7724195,3.0289695,1.4608307,7.138217,-0.107257605,-0.5757613,1.0067508,0.34033483
2.300116,2.6056547,1.187448,7.2886043,-0.118825674,-0.59130096,1.4527593,0.4179077
2.665752,2.0219114,1.4516034,7.231684,-0.13385737,-0.54019046,1.1291816,0.5137923
2.7152228,9.97364,1.4825859,7.3174963,-0.12909389,-0.51814985,1.4519122,-0.07796067
2.4988499,9.523309,1.5721071,7.3629193,-0.19931912,-0.47990513,1.9685786,0.008526862
2.7787764,6.1402774,1.5617235,7.3597875,-0.18308687,-0.47261453,1.6829963,0.0059868693
2.3648953,6.2291417,1.6425772,7.2400484,-0.17954922,-0.4825108,2.5182724,0.6313224
2.2697556,6.8614454,1.7056732,7.181364,-0.1372745,-0.57161,2.0765374,0.4585414
2.3275998,6.9812746,1.7518978,7.114761,-0.16820824,-0.5713322,1.8562398,0.49113917
1.654543,7.441342,1.7977641,7.322332,-0.18592334,-0.5732019,1.9321916,-0.25803375
1.7181937,9.032795,1.867703,7.2583423,-0.17134392,-0.55016565,2.4278312,0.35669416
2.6152437,9.841448,1.9130988,7.235756,-0.17818189,-0.4715805,2.7828846,0.56542444
2.5819583,8.375687,1.7414482,7.238227,-0.18867004,-0.40778327,2.213354,0.6160991
2.1972537,6.4500422,1.7243707,7.291541,-0.21152472,-0.55933785,2.2316136,0.24422884
2.2418547,3.0382752,1.7102749,7.2740216,-0.22214687,-0.55360436,1.4292822,0.7180872
2.5625477,6.96199,1.7230039,7.2782717,-0.21127844,-0.5123906,1.5349634,-0.44060794
2.6579404,8.185176,1.6183658,7.357541,-0.19941401,-0.45542836,1.4723644,-0.17730391
1.3760955,4.5682645,1.5187535,7.3542476,-0.19654286,-0.52447987,1.0798497,-0.23960498
1.7309804,7.130277,1.5584679,7.605821,-0.20376801,-0.5243063,0.8194361,0.033302426
1.617611,9.458892,1.6758208,7.602466,-0.22589374,-0.53757715,2.103237,0.05707413
1.6469615,9.019405,1.5712993,7.593364,-0.19404519,-0.52145886,1.8545601,-0.011520982
1.6407969,8.382378,1.463963,7.5878654,-0.20193994,-0.46661377,2.6021857,-0.07704657
1.5153068,7.313794,1.5061188,7.632193,-0.19623375,-0.49166632,2.2481143,0.83229685
1.5988172,9.077925,1.609232,7.5810175,-0.21413386,-0.46584845,2.2033143,-0.3749817
1.5686196,9.252321,1.6965382,7.5453663,-0.22794104,-0.45436788,2.009025,0.5487255
1.5878668,8.627287,1.5771694,7.623658,-0.21610105,-0.48221922,2.0706058,-0.117465764
1.6101153,6.64159,1.5532854,7.591071,-0.21244776,-0.5116534,2.884783,0.4932102
2.3481736,5.6165924,1.5628724,7.438477,-0.23948216,-0.51345253,2.6347265,0.088985085
2.4427166,5.2190094,1.6733897,7.3918204,-0.2292335,-0.47879696,0.836367,0.6685144
2.7801778,9.267897,1.7345457,7.3760176,-0.21809196,-0.45434427,2.4209828,-0.18587586
2.8178487,9.357506,1.5793185,7.369663,-0.2180754,-0.44245386,1.8585968,0.93140304
1.1847103,3.4188857,1.465292,7.3380523,-0.17501569,-0.41568947,1.9484775,0.6885669
1.1218925,2.9507217,1.3631136,7.3942156,-0.16987586,-0.42840195,0.2545718,0.34682763
2.768023,2.2918196,1.3179989,7.5472007,-0.19440234,-0.5652559,0.53746593,0.3747238
2.7105021,3.0360408,0.8897431,7.4931116,-0.19844627,-0.46794796,1.1233449,0.45060885
2.589186,7.720043,1.3535717,7.571894,-0.2006638,-0.46568394,2.0840933,0.17224658
2.3702834,4.7205725,1.2155645,7.5914984,-0.18875492,-0.49624705,1.7172475,0.46707642
1.6930872,5.2486153,1.2195835,7.506385,-0.17274857,-0.5496049,1.8622231,0.013646424
2.9042854,4.166952,1.0193934,7.55863,-0.1369425,-0.5145447,1.9429221,-0.028027326
2.9867036,3.4822478,1.0952427,7.538154,-0.14022315,-0.55241585,0.65597105,0.36350858
1.1018579,2.4575953,0.7656815,7.5864697,-0.1236372,-0.55520916,0.82728505,0.27055442
0.63934934,8.55751,0.739342,6.576906,1.2961454,-1.9372176,-0.69640005,-0.1317429
0.63328564,5.7995877,0.7276521,6.523657,1.299557,-1.9219978,0.39123142,0.8878827
0.61495304,4.7846913,0.77305365,6.4114747,1.3183188,-2.0100894,1.4337275,0.90686035
0.6041485,9.982342,0.8846406,6.39635,1.3155725,-1.950795,-0.44218916,-0.11090562
0.8764841,9.094959,0.86020637,6.302745,1.3214302,-1.9273392,-0.2014814,0.90928614
0.7510581,7.339762,0.85586727,6.078492,1.3739564,-1.9528208,1.2417665,0.9043131
2.9006433,3.5057774,0.86525965,6.120623,1.3457539,-2.0325522,2.3821576,0.98547006
2.842863,3.616265,0.79786754,6.107749,1.30196,-1.9439255,2.4060445,0.90673065
2.5349476,2.3255632,0.7583859,6.214105,1.3201149,-1.9857254,0.5326148,0.84320927
2.4639158,3.078822,0.7678236,6.2844753,1.3123384,-1.9745705,1.5483611,0.96815896
2.8186297,4.4271975,0.6881242,6.285553,1.315597,-1.9682381,1.9245734,0.97804976
2.8508177,6.243992,0.7924216,6.3648043,1.2708719,-1.9527843,0.8279034,0.050816536
2.6615503,9.057912,0.67167604,6.425416,1.2624598,-1.9252989,-0.007641971,0.24348664
2.6033142,9.408149,0.540113,6.4228263,1.26422,-1.9133443,0.2376523,0.47538674
2.2981653,8.31728,0.5622505,6.445715,1.2608602,-1.8932197,0.15148735,0.6976924
2.6925192,9.256649,0.5379095,6.367085,1.2651565,-1.8839848,1.0507898,0.7790115
2.8253176,9.636541,0.5389725,6.3365192,1.3507872,-1.9459454,-0.06616086,0.7100502
2.4736595,6.669207,0.64213634,6.2147174,1.3342249,-1.9027678,0.35689843,0.87903965
1.4471842,7.985833,0.6442623,6.1268363,1.410142,-1.919073,-0.5942775,0.8120197
1.4989755,8.485741,0.6915729,6.070982,1.4278305,-2.0426226,0.8161814,0.46497738
1.4797776,7.910251,0.71038246,6.1381035,1.4079702,-2.0746117,0.36358666,0.794309
2.4991755,5.951044,0.66502845,6.2068768,1.4165044,-2.0625446,0.17576933,0.8114253
2.477282,6.115114,0.6445019,6.1535225,1.4714565,-2.078202,1.3833244,0.8295982
1.7930096,5.826304,0.6147717,6.204748,1.50158,-2.1361494,0.37560105,0.5023316
1.4580061,8.363131,0.58478856,6.246195,1.5075481,-2.1108706,-0.39062524,0.63242066
2.3775985,5.6350555,0.579599,6.3618803,1.4643574,-2.1093993,1.55197,0.88644433
1.9285182,6.221654,0.5506462,6.3803883,1.4485297,-2.115631,2.4182184,0.95194256
1.4204438,3.3152165,0.5975654,6.4783087,1.4333797,-2.1105819,0.10263479,0.7802528
1.547961,3.894678,0.6719587,6.3349843,1.4398651,-2.0968542,2.1755517,0.92936945
2.6459353,3.4744668,0.6872623,6.285705,1.4297853,-2.0747018,2.0378196,0.9863912
2.8026552,3.1576433,0.69707406,6.2006025,1.4572847,-2.0336542,2.4565165,0.9385309
2.4294188,3.6866848,0.69348633,6.2819977,1.3988323,-2.0340748,1.1251152,0.9203385
2.9817088,5.903126,0.77498937,6.281124,1.3512597,-2.038577,1.2816572,0.719895
2.8396735,6.0352974,0.6812372,6.413778,1.3747284,-2.0365586,0.4602095,0.8201344
2.379077,2.1538484,0.6855302,6.436241,1.2843871,-1.9746708,2.141062,0.7067175
2.645566,9.768036,0.6971283,6.358383,1.2717736,-1.9835125,0.36911738,-0.025055438
2.1686897,9.63332,0.6610044,6.408826,1.2792726,-2.0090194,0.8436023,0.6434921
1.7986374,9.040665,0.5946051,6.357292,1.3180954,-1.9655161,0.23646903,0.62643576
1.949244,6.339382,0.6180346,6.414168,1.2893198,-1.92016,1.8908904,0.8585162
2.4591362,7.917822,0.71747017,6.2674737,1.2795663,-1.9043429,-0.076223016,0.9563316
1.9077713,4.9514546,0.60962033,6.301549,1.2788429,-1.8959515,0.037598133,0.31716663
2.8386905,5.2946887,0.6963546,6.2847185,1.2789662,-1.9446852,0.8024123,0.95445466
1.125369,6.303623,0.6611347,6.4213777,1.2664168,-1.9143016,0.6964065,0.9756942
2.778848,7.737283,0.6220944,6.5243454,1.3230734,-1.9335185,-0.8513578,-0.020422041
2.671714,7.925292,0.55964696,6.4337234,1.2978907,-1.8741021,-0.62159836,0.41065764
1.4346962,5.351323,0.56108594,6.4141345,1.3022292,-1.881724,-0.6762233,0.6987741
1.4268205,8.787004,0.5206791,6.4394193,1.2783008,-1.8393005,0.8882644,0.72218347
2.9578807,9.67551,0.54870033,6.406712,1.3163805,-1.9358042,2.6041443,0.72648025
1.8052561,9.171957,0.5414257,6.3443117,1.2881603,-1.9092499,1.8751426,0.89506745
2.367114,8.066864,0.55364394,6.3959894,1.2973006,-1.9149258,0.57716286,0.73404455
1.6247878,7.414562,0.536005,6.441372,1.2804205,-1.8906497,0.9955349,0.56310344
1.8046397,7.1352415,0.5285512,6.5608835,1.2617004,-1.9154544,-0.10662663,0.40406597
1.8151168,8.057238,0.49992156,6.535227,1.2593803,-1.9038975,0.03752768,0.69678783
1.8939548,8.959194,0.468125,6.6091957,1.2514217,-1.9056625,0.3874402,0.6557872
1.3993626,4.5879993,0.3504784,6.7810335,1.2481651,-1.8968418,1.673384,0.8578867
2.043987,4.133117,0.46655083,6.771387,1.2212365,-1.9268173,0.9006891,0.7507653
1.233505,2.5131073,0.44466925,6.753722,1.2118294,-1.8734963,0.5485033,0.6710286
2.9215486,9.365147,0.51167655,6.5590262,1.2507732,-1.8569121,-0.107414484,0.43257344
1.4000785,9.611895,0.44605756,6.5640965,1.2413907,-1.8729126,0.9328166,0.9335747
2.3887455,8.225431,0.4535793,6.559563,1.2197509,-1.8579371,0.44860172,0.8773749
2.1246877,9.6786995,0.47046435,6.5215063,1.1765239,-1.8547271,0.8487184,0.37725997
2.1777248,9.217737,0.45917225,6.8157945,1.1282988,-1.8709388,1.0536065,0.23418093
2.5763717,8.56534,0.53025997,6.7593045,1.1222575,-1.8195605,0.4551134,0.22715342
2.5069387,4.649152,0.6153872,6.6871967,1.1632593,-1.8279843,0.34666908,-0.018105268
2.9532125,3.841288,0.64499116,6.7971096,1.1804154,-1.853359,0.36529398,-0.49079266
2.9584298,5.741909,0.64437795,6.683278,1.2366278,-1.8467072,-0.8765331,-0.4716066
2.8180306,6.1044674,0.7011137,6.643537,1.2207685,-1.8635535,-0.64095557,-0.34926677
2.9129276,4.363571,0.7088729,6.6307545,1.2106149,-1.8790653,-0.69854605,0.5093491
2.839442,2.7117043,0.61625445,6.568762,1.2112257,-1.8967274,-0.92188644,-0.12906957
2.9336278,4.497614,0.5437074,6.638936,1.2686241,-1.8726221,-0.5458496,-0.024738252
2.4203424,3.8756711,0.5356946,6.656856,1.2592294,-1.8680589,0.4521891,0.5850711
2.62276,3.8062582,0.52649045,6.5050316,1.2557728,-1.8271608,0.52005565,0.89616036
1.2844105,4.3046727,0.6515001,6.3836546,1.2250421,-1.8268486,-0.1926468,0.6622765
1.6319118,6.461249,0.62208414,6.369148,1.1791017,-1.8283243,1.7443423,0.57111204
1.4718647,2.7645016,0.5733963,6.4891148,1.1818814,-1.8416278,2.6097202,0.82267654
2.4156427,2.6155396,0.47143328,6.5887666,1.2295148,-1.808022,-0.9090766,0.81114817
1.6695247,7.719761,0.5387099,6.704443,1.183938,-1.8148953,1.3018084,0.5946963
1.1533983,7.78029,0.47986066,6.669074,1.2268081,-1.8271209,1.064497,0.7742845
1.5707222,2.8925495,0.45162845,6.6428814,1.1828322,-1.7893832,0.6686704,0.68281984
2.9810963,3.061335,0.5220034,6.7406693,1.1802268,-1.8289509,0.75058365,0.7453952
1.6954709,5.473211,0.5103737,6.716711,1.1916018,-1.8177783,0.38113177,0.7092289
2.9784307,5.0245285,0.57854366,6.810252,1.0931609,-1.800808,1.4654434,0.96075475
2.9837534,6.8140717,0.56953645,6.967257,1.1595337,-1.8201354,-0.05691278,-0.44397303
2.81234,5.2517486,0.56821394,6.867204,1.1550097,-1.8268974,-0.24763471,0.6251457
2.439217,2.6871343,0.57362914,6.727399,1.1160455,-1.833053,1.2107725,0.3716147
1.0885646,2.9899213,0.53013015,6.692228,1.1495614,-1.8469608,1.3246303,0.43600178
1.2813226,3.9027698,0.43374753,6.788826,1.1908453,-1.8742974,0.53025496,0.22926235
1.4578063,2.8844397,0.53384066,6.7612667,1.1441724,-1.8731086,1.5939715,0.79598033
1.4805322,6.2373123,0.5049007,6.74926,1.122211,-1.794278,1.4965694,0.9698043
2.5346894,5.4042478,0.4849844,6.694744,1.1320744,-1.7908825,1.3031409,0.42661798
1.5242355,7.6731505,0.56301594,6.8025866,1.1129947,-1.8723141,0.297732,0.51737976
2.856484,8.193069,0.4495951,6.8795214,1.1180289,-1.7791247,0.24668384,0.62349164
2.0639143,2.5042496,0.50774646,6.8128467,1.1146312,-1.7316469,0.8812721,0.20064116
2.55404,2.8918595,0.46302748,6.818527,1.072356,-1.6869719,-0.4002543,0.33464444
1.1253942,2.8002062,0.4409101,6.803523,1.0364337,-1.6969738,-0.44040096,0.5297383
1.2375269,3.6580238,0.5663824,6.682432,1.0673132,-1.7243236,2.8197763,0.96211743
2.9333625,7.339805,0.55382466,6.7508836,1.0664439,-1.7221851,2.8653698,0.9942777
2.948809,5.4815645,0.52621293,6.8427963,1.0788136,-1.7654724,0.53943455,0.9680673
2.4219618,5.2906704,0.52028704,6.708949,1.1202192,-1.7641655,-0.2128231,-0.112993956
1.401887,8.154581,0.6011119,6.683153,1.1443434,-1.8045448,-0.16669798,0.625788
1.0994463,4.753602,0.7233846,6.5005884,1.1488166,-1.7840135,1.4943728,0.8345294
1.4450979,4.414316,0.7558541,6.4298186,1.083076,-1.7838763,1.5375986,0.80054927
1.8600423,5.7484255,0.68829703,6.4332924,1.0382631,-1.7276473,2.3670957,0.45835793
2.2162137,5.7613688,0.7180836,6.36394,1.0508177,-1.7152833,1.8190801,0.8055515
1.9211693,4.256205,0.69524384,6.417782,1.0636318,-1.7290049,2.0426812,0.92432845
1.299737,2.6232424,0.7629039,6.302849,1.0759423,-1.7326216,0.7653469,0.9088459
1.2961426,3.772572,0.68572783,6.339855,1.0661337,-1.6950171,0.9974327,0.24484688
1.8461428,3.2305532,0.7265544,6.420687,1.0414374,-1.6466377,-0.86738557,0.24901783
1.485616,7.752681,0.76455426,6.3129654,1.0344048,-1.6263094,-0.8909607,0.72627497
1.7013779,5.9980583,0.69459534,6.3700275,1.0415258,-1.6998994,1.4637237,0.90417075
1.7025977,6.625433,0.6966667,6.300543,1.0668442,-1.7319062,1.3447435,0.78890324
1.5855328,7.3609066,0.7420013,6.2048373,1.0719237,-1.724805,0.7549988,0.8804345
2.454342,6.848488,0.873893,6.2848625,0.9590616,-1.6742077,0.6562849,0.7173958
1.7797842,7.9786644,0.7736759,6.3103046,1.0336859,-1.6546037,2.573591,0.62345695
0.67859435,2.0727344,0.85000753,6.457757,1.024518,-1.6912898,0.82723033,0.58839333
2.982616,2.2370634,0.8550322,6.387762,1.0405903,-1.7265345,1.3591578,0.5233226
2.9871047,2.570624,0.8878784,6.4254966,1.0213683,-1.7013772,0.76822615,0.6322193
2.4928782,2.5476787,0.7692032,6.438509,1.0400352,-1.7119555,1.0851865,0.46411383
2.8773696,9.54323,0.72999525,6.472698,1.0401108,-1.725046,1.2806387,0.3760047
2.5978866,4.1520214,0.7305434,6.4610796,1.1207426,-1.750379,0.8582846,0.5969744
2.6152377,4.5522084,0.699265,6.437516,1.1074398,-1.7544323,0.9772328,0.3019836
2.658687,4.069069,0.70491683,6.544015,1.097847,-1.7755384,1.767072,0.8634815
1.5721362,2.8613591,0.70095205,6.5171895,1.102251,-1.7700495,2.0353396,-0.30798474
2.9724224,4.7001896,0.68769884,6.604505,1.107655,-1.8007977,1.106461,0.9423585
1.392438,4.2192955,0.49957168,6.634666,1.1300342,-1.8191206,0.8291478,0.61651313
2.7753868,5.26179,0.14004183,7.1798596,1.9937837,-2.6002693,-0.48061603,0.27160013
2.5681236,6.493134,0.11971259,7.1303887,1.9815526,-2.5766795,0.2252121,0.8167547
0.7222693,4.534733,0.13545644,7.1233916,1.9776833,-2.5757499,-0.49904263,0.8192642
1.8606088,5.565684,0.095474005,7.1757135,1.9767046,-2.5668297,0.77194476,0.69931173
1.5583045,5.0599318,0.06294358,7.1558423,1.9730592,-2.5665731,1.6767573,0.7508911
0.5585676,3.3842258,0.1252656,7.204974,1.92536,-2.550367,-0.17304778,0.75175273
0.79781175,2.765979,0.089324,7.3821244,1.9296288,-2.6180773,1.4090903,0.7495949
1.2336421,6.7801843,0.09115505,7.373687,1.9563987,-2.615167,2.0962505,0.5727091
0.84967387,6.284454,0.0319103,7.4171476,1.9612474,-2.5971258,1.7039218,0.74339974
1.7364581,7.3334336,0.047481537,7.332708,1.9498312,-2.583589,2.0001822,0.8071897
1.8582644,5.452523,0.08757305,7.243428,1.9613378,-2.59582,1.3061249,0.8437742
2.2963033,3.4898834,0.0781343,7.249799,1.9743619,-2.5780811,-0.059976697,0.5240165
1.25582,6.339477,0.1484673,7.3112216,1.9146867,-2.5978174,0.8263285,0.5418534
0.63943577,3.5611029,0.15775037,7.1672096,1.9421844,-2.5812066,1.2899415,0.8803328
0.73341894,2.1110785,0.12927246,7.203702,1.9262612,-2.544215,1.3213267,0.8439213
1.0290444,5.046091,0.02929473,7.164039,1.8996654,-2.4959612,-0.466717,0.74890244
2.032104,9.030294,0.0048339367,7.2083273,1.8731797,-2.4686265,-0.15387052,0.9667144
2.1925716,8.809854,-0.026268482,7.3442354,1.892704,-2.4704225,-0.61797327,0.61165226
1.9246982,8.183715,0.007930994,7.29736,1.8723357,-2.5109072,0.24566376,0.49817705
1.2365086,9.084734,0.02984786,7.2965407,1.8676116,-2.4936461,-0.078255475,0.68983626
2.008248,7.668487,0.040964365,7.308164,1.8567648,-2.501781,0.42091894,0.7217357
1.8967669,8.189653,0.03198862,7.1572933,1.8943486,-2.491507,1.5474594,0.88291323
1.6084847,9.234418,0.009898424,7.104113,1.9086502,-2.5045896,1.1062028,0.9867008
1.7932568,6.4622307,0.048297286,7.190667,1.9307175,-2.4963918,-0.15422875,0.3654226
1.7662476,9.860065,0.03123045,7.250513,1.8912253,-2.4944725,-0.6643635,0.4173832
1.408513,8.932678,0.0583874,7.1544247,1.914103,-2.5508697,-0.3670072,0.27747244
1.5586213,9.687325,0.060223937,7.0696297,1.9916399,-2.573861,-0.46555853,0.37778652
1.2015145,7.587124,0.0418967,7.1383777,1.9960675,-2.5483847,-0.6323832,0.90413177
1.2280996,8.959168,0.05348611,7.22888,1.9307663,-2.5798483,0.9054711,0.97824347
1.1136656,9.721099,0.04378867,7.121313,1.9654093,-2.5789108,0.22514439,0.92427814
1.0678525,9.521458,0.111407876,7.2969174,1.9681187,-2.599694,-0.062868,0.3849609
0.98991644,7.539465,0.088911414,7.267645,1.8943148,-2.486479,-0.96930456,0.7730305
1.1024942,9.375382,0.08787167,7.1625605,1.894119,-2.4417977,-0.96681947,0.9071821
1.4365721,7.5327005,0.10170925,7.125364,1.8462884,-2.446331,-0.7989023,0.15871054
1.5632087,8.10615,0.17659283,6.9737034,1.8414152,-2.4408119,0.010093331,0.73169875
2.3906765,6.632095,0.18003511,6.932669,1.8000734,-2.395018,-0.13886374,0.85162914
1.5491999,9.6158085,0.15129757,6.81536,1.8447192,-2.3967347,-0.097503126,0.9679911
1.7076691,8.73991,0.16908777,6.8320103,1.7892749,-2.38999,-0.46640742,0.78529346
1.8462954,8.659884,0.13966799,6.8929935,1.7889636,-2.4123883,0.9843459,0.6140183
2.4896007,8.943062,0.15973735,6.8945293,1.7685492,-2.3721569,0.6944382,0.9456214
1.7725602,8.710386,0.24644744,6.8772926,1.7701643,-2.385879,-0.38940543,0.9528158
2.1953306,7.6434484,0.24998605,6.858164,1.7804391,-2.389389,-0.27968627,0.4782648
2.1291418,4.5079107,0.31382275,6.8174148,1.7621379,-2.3752265,-0.76377475,0.45059836
1.2261717,2.9074097,0.33625937,6.90373,1.7274477,-2.3776784,2.0587316,0.49675298
1.6162035,5.1009407,0.35960603,6.915771,1.6880066,-2.395678,0.994465,0.62979186
1.118993,7.7571855,0.40871084,6.7851152,1.674686,-2.3774676,0.752987,0.84337485
1.6795567,4.951187,0.3725778,6.725732,1.681725,-2.3589344,1.0672786,0.7917973
1.2144543,3.284125,0.39616072,6.636423,1.6771121,-2.3556206,1.830132,0.7271422
1.3439245,3.4943647,0.3937,6.7574253,1.682823,-2.339819,0.21328878,0.62494445
1.4566238,5.9157057,0.32204175,6.7509966,1.6842022,-2.3456306,1.9663837,0.8266554
1.0786648,5.815728,0.32907903,6.806702,1.6603975,-2.282761,1.9987462,0.8690362
1.6612338,6.44797,0.2907703,6.814804,1.627049,-2.2921464,0.21680582,0.90143013
1.8541055,6.5805955,0.34869385,6.878129,1.612726,-2.2847815,1.0660086,0.23645103
1.7498791,5.19667,0.36865497,6.731196,1.6628625,-2.2993093,1.4414701,0.67315423
1.1627855,5.357768,0.3691994,6.8082757,1.6210485,-2.3174212,1.3877206,0.6577636
2.3415809,8.496579,0.3119861,6.826874,1.6376297,-2.2659674,0.24774647,0.6727536
1.521064,8.971186,0.28219342,6.841123,1.6190143,-2.3096898,0.81956923,0.6582947
1.5061413,8.398426,0.2838639,6.744806,1.623687,-2.2468648,0.19328642,0.73565567
1.662559,7.6988554,0.26226914,6.674059,1.6740282,-2.2414546,-0.5338784,0.93635154
1.5257002,7.6846657,0.24203515,6.674899,1.6805046,-2.2639067,0.39862895,0.93443644
1.5424013,9.560483,0.31021953,6.633672,1.6566646,-2.275539,-0.2815855,0.85544753
2.290844,9.206889,0.33501852,6.681764,1.6353412,-2.2620459,1.7978752,0.94528055
1.5284473,9.596691,0.28257024,6.8722315,1.6149986,-2.2814426,1.8533912,0.8550966
1.9211829,7.3935165,0.2975285,6.6845512,1.61761,-2.2176676,0.4611386,0.86681795
1.7839156,8.301015,0.30699706,6.6665425,1.6001048,-2.2340388,0.3484732,0.7999027
1.3709389,8.18099,0.3644135,6.6600995,1.5787897,-2.2442927,0.41051102,0.6948991
1.9094198,8.472208,0.4277383,6.6675253,1.5544407,-2.2468731,0.03736353,0.69872034
2.7179737,2.2520158,0.45863795,6.6677446,1.5359068,-2.2117546,-0.55619997,0.37290442
1.1919814,7.4478307,0.50919366,6.6828513,1.545548,-2.2139769,0.7926674,0.4479347
1.9643526,3.6431797,0.50409627,6.6736536,1.5434184,-2.254471,0.69892895,0.41821295
1.9845965,5.6798735,0.45721424,6.5762124,1.6172504,-2.2134953,0.96597064,0.9333277
1.3476995,5.374391,0.38084757,6.607723,1.6255546,-2.2634645,-0.39681512,0.85284925
2.3215551,5.17286,0.3686489,6.7014804,1.5843084,-2.205832,2.0014498,0.8181844
2.9425282,2.3726008,0.36837983,6.816558,1.6076431,-2.2360802,0.8116038,0.8843
0.8304093,2.6977756,0.34115005,6.8733826,1.5958841,-2.257496,2.0104892,0.9122052
1.6851753,4.745012,0.34522426,6.853078,1.5780101,-2.2640824,0.6298933,0.597738
1.3677533,6.6144996,0.336725,6.8143325,1.5986173,-2.2382016,0.44859624,0.3110299
1.1313951,8.812126,0.37607288,6.7843037,1.6275253,-2.2340918,0.3702246,0.27397984
2.8473318,2.876726,0.42024422,6.7575297,1.573926,-2.2291827,-0.8450422,0.5956843
2.440357,2.6230679,0.34352016,6.835831,1.6342709,-2.2618127,-0.6439543,0.5612483
2.278732,5.051894,0.40204954,6.7580557,1.6514637,-2.2682555,-0.50979406,0.843871
1.8318437,8.188152,0.340899,6.7536836,1.6627898,-2.2592163,-0.9392947,0.075357616
2.0893338,3.0354905,0.41458714,6.6583123,1.611114,-2.2249062,-0.36685616,0.4238699
1.8396192,4.8125052,0.43544328,6.615653,1.6137838,-2.2183547,-0.046565354,0.74706566
1.237199,2.3482447,0.35170865,6.7833004,1.5604756,-2.200237,-0.37096113,0.68104863
2.484323,3.2550797,0.34643042,6.83873,1.5357137,-2.09501,-0.14851367,0.84194446
2.0729208,3.9436948,0.32393527,6.849599,1.5289481,-2.10956,0.4768827,0.9422271
2.143081,3.8937979,0.30340362,6.8638325,1.5143123,-2.104949,1.3615701,0.5066637
1.3270636,4.181086,0.29908514,6.8520617,1.542829,-2.1404018,-0.9143168,0.5424931
2.9062493,5.013378,0.41604018,6.7096357,1.5739598,-2.159751,-0.71002495,0.91623807
2.1712215,4.1587634,0.45442235,6.630288,1.5823569,-2.1783924,1.5529101,0.8541398
2.405501,3.3820562,0.48015225,6.6572886,1.5169058,-2.1553545,0.07089555,0.3781817
2.500248,5.0120296,0.47812414,6.638036,1.519062,-2.1884203,0.51517344,0.6606102
2.9279568,2.3842623,0.50965357,6.6194615,1.5073078,-2.1853032,0.5092126,0.33897042
1.3967006,9.865095,0.5253329,6.4863214,1.4780576,-2.1492321,0.31294525,0.7534057
1.6217074,6.505555,0.5046282,6.4567485,1.5328734,-2.1803346,0.42634344,0.64996946
1.9742718,6.1706223,0.54224193,6.410195,1.500751,-2.1837394,1.3806186,0.7381563
1.5012528,2.917204,0.47460544,6.4915743,1.5849714,-2.17417,0.6470258,0.85290885
2.349824,8.324163,0.4497732,6.52175,1.5146112,-2.1699266,1.4286454,0.6766653
2.7886405,7.55416,0.46501505,6.617979,1.5250151,-2.1936226,0.87957346,0.86909485
1.214699,8.536121,0.4818176,6.5854025,1.5249724,-2.1563513,0.24454165,0.85515094
2.6271465,7.1691375,0.44997263,6.489176,1.5006242,-2.0972085,0.77912235,0.9007977
2.6955671,3.348268,0.50640154,6.486246,1.4847431,-2.1222644,0.5459738,0.9716488
0.99827945,3.741262,0.5079267,6.579846,1.4798708,-2.0966282,1.0326207,0.897972
2.2249117,7.1492724,0.45364773,6.575103,1.4294791,-2.0712593,-0.003029704,0.78329766
1.8483016,7.248573,0.42201614,6.653918,1.4452336,-2.1090965,0.83722246,0.87312734
2.629766,6.166615,0.37381053,6.633582,1.5242372,-2.1046827,1.7666419,0.8116045
1.5194575,9.487217,0.3739233,6.5882025,1.4881179,-2.1242085,-0.005974531,0.8846086
2.765305,9.02708,0.39862037,6.5683327,1.525917,-2.1114159,0.63334286,0.8056488
1.52403,9.592019,0.41107666,6.536495,1.5427053,-2.1728477,0.7340846,0.78557837
1.477546,6.926864,0.45085192,6.5565224,1.4785235,-2.1205435,2.0233808,0.57016027
1.7400681,6.849066,0.47802615,6.565343,1.4573212,-2.1114852,1.4650309,0.81040835
1.6329759,6.1676717,0.4523002,6.435357,1.434355,-2.0577378,0.74170816,0.98044515
2.1227288,9.558664,0.4444784,6.463655,1.4350369,-2.0435894,-0.5801538,0.9334347
2.2779727,9.475082,0.552315,6.402706,1.4097946,-2.1074166,2.0450907,0.52807474
1.7603317,9.194483,0.5518143,6.358841,1.4191749,-2.1103377,0.49391592,0.8510947
2.5110874,9.4114685,0.5641717,6.350403,1.3972759,-2.0528655,1.9263182,0.78619623
2.166695,9.299161,0.54857135,6.3171787,1.4549322,-2.0507245,2.5945969,0.62673855
2.4075599,9.237882,0.5582831,6.4307413,1.3800509,-2.0399294,2.0542607,0.38294017
1.8835984,7.84209,0.5530652,6.466932,1.3582244,-2.0188708,-0.66627586,-0.27470002
1.2440186,2.2317762,0.59840727,6.575723,1.3193545,-2.0123792,1.3562236,0.17983508
2.151852,2.5271869,0.515028,6.702327,1.354017,-2.0547278,1.2975125,0.47011977
1.1495925,2.18748,0.53800404,6.739576,1.34151,-2.0242205,0.9249551,0.29878533
2.6124585,3.636252,0.5042424,6.7429485,1.3504176,-2.0394447,0.88674295,0.25698543
2.8018818,6.036421,0.51850724,6.660445,1.3862367,-2.037774,-0.1715101,0.5259876
2.0415797,6.983262,-0.32535887,7.9567986,0.70417047,-1.427249,0.7500943,0.8682387
1.878789,6.9782104,-0.19757354,7.723729,0.7826195,-1.4796014,0.68041193,0.819674
2.4580202,6.6920733,-0.044482708,7.639967,0.82128644,-1.4924093,-0.16033852,0.5037242
2.4971352,4.950659,-0.13445556,7.681538,0.8496566,-1.4783424,0.44623852,0.63903785
2.7211127,4.450515,-0.21947199,7.7260127,0.84121275,-1.4687322,-0.039904892,0.7134632
2.816692,9.162341,-0.24943733,7.8388786,0.80928063,-1.3953921,-0.8398756,0.9450568
1.6159505,5.4378386,-0.27357966,7.6903067,0.8685119,-1.456294,-0.40814888,-0.07514733
2.4457617,5.290763,-0.2294656,7.807483,0.8571408,-1.5558281,-0.13766623,0.835796
2.42897,5.420838,-0.23056811,7.771502,0.88198423,-1.575634,0.8237264,0.64917517
1.7169901,6.918219,-0.25924516,7.8232346,0.8699188,-1.5036322,1.1226094,0.7047994
1.5264477,7.172739,-0.24977595,7.816494,0.8513043,-1.5095632,0.322909,0.7313397
1.7455103,3.448275,-0.22341955,7.79483,0.85328746,-1.4912076,-0.052790225,0.805231
2.2881963,4.1009817,-0.02674812,7.636272,0.8781369,-1.4938481,0.036667943,0.0134964585
1.3103436,5.920843,-0.014969587,7.6561613,0.8007922,-1.4930413,-0.21467024,0.05698991
1.475876,9.348309,-0.04649204,7.7745037,0.7932329,-1.4829644,1.018985,0.6209594
1.6864635,4.406294,-0.011510611,7.5695553,0.8063936,-1.5120668,0.64551544,0.21912372
1.8268632,6.2921715,-0.008162916,7.551123,0.8361292,-1.5386682,1.3965042,0.8521249
1.2470858,4.3577995,0.09576225,7.505625,0.85779476,-1.5085211,1.1373091,0.854543
1.2036841,3.9684606,0.10689783,7.517697,0.8606832,-1.5192832,0.05901599,0.42236888
2.9922094,3.531654,0.21416736,7.4355507,0.85628366,-1.547462,0.2037704,0.28649342
1.280747,2.6092098,0.16291308,7.305188,0.84848666,-1.5505319,2.0380762,0.5392057
1.331058,3.702371,0.23365974,7.329647,0.865962,-1.5514601,0.587392,0.48066938
1.3556968,3.383788,0.2533071,7.3214993,0.8669815,-1.5590569,1.3085611,0.6314323
0.84863997,2.034575,0.13833499,7.479552,0.85829234,-1.5504286,1.2660048,0.49708492
0.7674913,2.042692,0.04088819,7.556138,0.8919468,-1.5612452,2.2653697,0.7608454
1.0476632,2.1215825,-0.058713973,7.8096848,0.83426785,-1.5594215,2.2896588,0.36635816
0.9746181,2.110933,-0.1590246,7.843014,0.8571162,-1.5700605,1.7615304,0.9359169
1.0258399,2.283349,-0.07874942,7.634275,0.9325547,-1.5367502,0.99498487,0.7203356
1.4913504,4.339692,-0.04491794,7.622855,0.9458976,-1.5993993,0.035877585,0.8614273
2.3834968,3.3014576,-0.12949824,7.587283,0.94652677,-1.5883981,0.7577895,0.74552155
1.8561451,4.071885,-0.08016324,7.5349083,0.94038105,-1.5697098,0.29185402,0.8386766
2.75208,4.246026,-0.07184839,7.524191,0.93228865,-1.5551865,0.42617297,0.7478794
2.6042476,9.480934,-0.08510101,7.543444,0.9162226,-1.5610474,0.53674245,0.7257223
2.8871183,5.980795,-0.132653,7.7023573,0.92110014,-1.550761,0.362486,0.6529623
2.863343,8.911783,-0.18184662,7.691134,0.8471916,-1.4565172,0.4041474,0.77637875
2.136325,2.0934587,-0.14799249,7.538063,0.88423085,-1.4503927,-0.09529632,0.93818796
1.5624688,7.9198356,-0.15439034,7.542022,0.86647296,-1.399991,-0.50194466,0.9213426
1.7818019,6.684275,-0.17132705,7.533711,0.8538704,-1.4430753,-0.691185,0.8813138
1.6913757,5.4552774,-0.16464317,7.4960623,0.8763387,-1.4139844,-0.5630488,0.98383415
2.6286972,4.729369,-0.1901102,7.5063853,0.8920498,-1.4036005,-0.9529223,0.9425926
2.5468466,2.4982724,-0.18662548,7.684014,0.8536248,-1.4108264,-0.87414175,0.3906492
2.1334085,2.370123,-0.18061125,7.6463785,0.8053031,-1.43924,-0.07987887,0.30300027
2.833894,8.65675,-0.077839196,7.702901,0.7573445,-1.470274,1.0808496,0.8627262
2.9348314,8.714121,-0.19446164,7.63935,0.82155776,-1.4510152,2.1913784,0.5999707
2.9322913,2.1933494,-0.016891181,7.550803,0.8093817,-1.4754506,-0.5433402,0.7837411
2.9712737,2.3063436,0.074022055,7.313366,0.7907815,-1.4049237,0.19540524,0.8566947
2.9726086,3.8755164,0.16209245,7.3617625,0.8110502,-1.409334,-0.20775026,0.030707955
2.821109,2.3046732,0.09615564,7.533486,0.7429478,-1.4041657,-0.37627292,0.6267828
2.847965,2.6277163,0.10883701,7.4906874,0.7866819,-1.4153742,-0.6010138,-0.03346795
2.1382747,5.7622557,0.060119867,7.503993,0.78713703,-1.4112301,-0.45369852,0.17179948
2.0138445,9.850143,0.106185436,7.4831433,0.7860129,-1.4495337,-0.8667966,0.021345377
2.1740646,2.0437577,0.039390802,7.2848654,0.8352318,-1.4320378,-0.14266342,0.15432304
2.1290274,4.994733,0.2993617,7.008911,0.8424549,-1.4697558,-0.7563955,0.29128158
2.2556052,9.606014,0.3058622,7.0114217,0.8490124,-1.4094045,-0.8995122,0.9815564
2.8418543,9.690532,0.3244729,7.0808163,0.84205127,-1.4132969,-0.8738075,0.9171704
2.4397826,6.3124456,0.37953794,7.1225476,0.836354,-1.4838202,-0.6589658,-0.2945471
2.444419,3.6218963,0.32832444,7.1109085,0.80701876,-1.4224441,-0.65588266,0.00056916475
0.95124817,3.1737957,0.4419967,7.1365676,0.8141749,-1.4718745,-0.7914286,0.09281552
1.3333899,4.2888355,0.27793527,7.1946063,0.8487134,-1.4727685,-0.016580462,0.73633945
1.9376934,5.7524433,0.3486557,7.1580486,0.79102516,-1.4701552,1.7111471,0.88486946
1.9311816,3.1096509,0.33547044,7.1921554,0.7841222,-1.4762368,1.8278253,0.90927386
1.7969631,5.273546,0.39118803,7.071307,0.7849519,-1.4828098,1.1680615,0.843647
1.8539491,4.843733,0.41200054,7.003597,0.7446103,-1.4321662,0.77713645,0.92376745
2.296154,6.4858575,0.3636707,7.151707,0.6828866,-1.394438,0.3211497,0.19414246
2.8446143,2.101589,0.48362255,6.9910426,0.70983386,-1.3525858,1.0223162,0.28375876
2.7369642,7.256936,0.4516083,7.0192556,0.70107484,-1.3527027,0.37012637,0.8443198
2.3285477,9.737036,0.4151709,6.9831777,0.7432184,-1.4182094,0.0011373758,0.8705659
1.7252611,5.965558,0.5546081,6.7291784,0.7513478,-1.3604093,0.95939255,0.811723
1.6900337,2.816664,0.6354176,6.863704,0.67108893,-1.3855743,1.4774809,0.65831137
1.317037,2.857535,0.6242621,7.104666,0.6335225,-1.3434553,-0.05470079,0.42812562
1.3182526,9.191029,0.6032889,7.0721164,0.6848631,-1.3451881,0.7254052,0.87368464
1.3854446,9.98171,0.6843411,6.958257,0.7132058,-1.3761091,0.38604236,0.2818079
2.8027868,6.1895576,0.53783095,7.0443444,0.69298935,-1.392797,2.0195646,0.7856381
2.1712282,3.5575318,0.585274,6.8662853,0.7457986,-1.4347419,1.3453474,0.80949426
2.193356,7.4169245,0.6124035,6.889496,0.7382693,-1.4172807,1.6632471,0.31543314
2.943221,9.096739,0.58272266,6.8056974,0.7669227,-1.3535252,1.3093271,0.7159203
1.7339299,9.5637,0.39795542,7.159938,0.773854,-1.4089053,1.0110621,0.9358121
1.9034698,8.991982,0.29724634,7.223584,0.6739521,-1.4189512,1.4474301,0.7390866
1.7463921,2.1284342,0.27347374,7.2422676,0.6929698,-1.3289069,-0.10518384,0.8160989
1.6715349,7.033753,0.35095024,7.251942,0.6890638,-1.4378223,1.060751,0.82615745
1.5853981,9.093121,0.39159608,7.24805,0.74922657,-1.4636271,0.5072706,0.46201408
1.4629941,3.3544722,0.37426877,7.202574,0.73679113,-1.5093052,1.4449623,0.4088905
1.154257,3.7767382,0.4802562,7.203814,0.79504204,-1.4899682,0.39650404,0.48922348
1.2084978,5.382372,0.3895471,7.361751,0.7759237,-1.5274878,1.609652,0.5270616
1.1480765,4.8515186,0.34614158,7.248339,0.78539705,-1.4656649,0.3300054,0.4973324
1.3270155,5.4160433,0.32449555,7.2560596,0.78675604,-1.4701886,1.1306953,0.8598243
1.2675388,5.248601,0.3558116,7.176239,0.8015182,-1.4676025,1.1168022,0.98979115
1.258182,8.361558,0.4572997,7.317677,0.76700497,-1.4378203,1.1207457,0.7471453
1.1276333,9.581319,0.438931,7.3464026,0.8013029,-1.4612993,-0.19527978,0.50178885
0.998307,9.765506,0.40679812,7.383262,0.8685298,-1.4731042,1.0915298,0.64406836
0.9349294,9.629208,0.38794506,7.6074543,0.8171079,-1.5136147,0.529114,0.5222182
0.86961555,8.935369,0.45422173,7.656461,0.8311629,-1.5176101,0.4946804,0.8106401
0.8864315,8.453363,0.39413345,7.5381017,0.8670542,-1.5092717,0.49035442,0.8301914
0.7715361,6.624129,0.34590364,7.4894624,0.86756825,-1.4712378,0.5076841,0.67188096
0.76292837,6.7128735,0.38761616,7.4269104,0.8925512,-1.5061445,0.024843335,0.6998097
0.5055923,8.314043,0.61534524,7.4950757,0.8727679,-1.4605325,0.74850166,0.8389107
0.5087789,6.534007,0.6241443,7.459371,0.8616555,-1.4718952,-0.20622152,0.83924973
0.5073855,5.773947,0.5032526,7.4776883,0.85818195,-1.4629748,1.5422034,0.66925156
0.5423505,4.2404747,0.50492907,7.3038898,0.808218,-1.5195568,1.3697963,0.47233808
0.54108846,3.6054072,0.59912634,7.325534,0.80416036,-1.4747472,0.85867596,0.14572161
0.5265459,3.6924818,0.6285417,7.243373,0.8411248,-1.5191985,0.7645323,-0.08707768
0.5760071,3.3649607,0.66174173,7.179042,0.8570976,-1.5790424,-0.19080585,0.056008637
0.5100098,3.277412,0.7039995,7.156996,0.8579047,-1.6116242,1.7794688,-0.042438865
0.52893823,3.237812,0.63714004,7.2814255,0.8660939,-1.6304173,1.4834018,0.25255322
0.6083582,6.1428785,0.6572182,7.2221756,0.86808705,-1.5850013,0.5386814,0.2958355
0.6322097,5.8295045,0.60599494,7.274455,0.88337636,-1.5681069,0.6343013,0.31284618
0.5899787,4.471119,0.57163596,7.2614145,0.9239745,-1.5576526,2.0921707,-0.30873492
0.57923734,4.4396677,0.47162163,7.4579763,0.9250965,-1.588705,0.70152044,0.9218961
0.55621934,4.7703667,0.5010307,7.41264,0.9101343,-1.47923,-0.6657356,0.94304633
0.54934126,6.2229524,0.38725162,7.5135593,0.865906,-1.3668993,-0.25486857,0.91988945
0.5927492,3.7709794,0.3608234,7.445157,0.85862374,-1.4184887,-0.95815396,0.7666776
0.5371227,3.4341068,0.37421465,7.4484377,0.86242104,-1.4315693,2.7840233,0.8734468
0.7905352,3.9426894,0.30962205,7.454451,0.8066671,-1.3821266,0.33964145,0.8369001
0.8004831,4.46786,0.24203336,7.4794226,0.81746936,-1.4012573,0.5110582,0.8122941
0.8690642,3.8050013,0.21216571,7.4478827,0.7906866,-1.3937266,-0.46546066,0.04569173
0.84437937,3.7684703,0.07857084,7.66045,0.79769254,-1.4393227,-0.59169126,0.30456847
0.8655245,3.1831417,0.09341276,7.7158813,0.77560544,-1.4136574,0.3405484,0.2997058
0.8103665,4.48141,0.18499684,7.739472,0.77054024,-1.4317071,1.0997493,0.70434225
0.7176311,4.4627037,0.14421809,7.8034525,0.7933748,-1.424645,0.61018384,0.5871589
0.6102925,4.0675526,0.12655568,7.8284225,0.8282566,-1.4499475,1.8719351,0.7374064
0.6666728,3.740327,0.109814286,7.926644,0.80929255,-1.5182763,0.85423887,0.5426407
0.8615554,4.205985,0.07499564,7.9412484,0.79752946,-1.4947488,1.2623956,0.41585314
0.8571894,7.618506,0.24151564,7.90711,0.8115792,-1.4870207,0.7343409,0.91503584
0.713903,6.688637,0.25797498,7.8727045,0.8326156,-1.4534214,0.41183543,0.7870101
0.56240356,6.0552497,0.36588466,7.9924126,0.81780124,-1.536444,0.6472689,-0.1831043
1.7231172,3.8477192,0.23944545,7.2747,0.8977444,-1.6137073,0.8310609,0.6433581
1.5568109,8.37825,0.24883151,7.212477,0.9139719,-1.5986933,0.64679205,0.6042572
1.1658646,7.926582,0.2670393,7.332037,0.92692137,-1.6422632,1.2656271,0.68405044
1.0893501,5.165715,0.2979908,7.354633,0.97866464,-1.6317136,0.36889195,0.81744194
0.8731925,3.6066096,0.28549385,7.2491035,0.9871781,-1.5933878,0.43347466,0.7146659
0.8757116,4.1408935,0.3049624,7.27209,0.99257326,-1.5929247,0.2570529,0.6498357
1.011158,5.849621,0.34014738,7.1800947,1.0197976,-1.6257334,-0.3833773,0.6068418
0.96665484,3.6930847,0.21790361,7.327844,0.97350764,-1.6217778,-0.22054452,0.50928056
0.9868436,3.3716698,0.18136275,7.353793,0.97393394,-1.5768673,-0.44123685,0.1421336
2.977046,3.793495,0.17337084,7.2957153,0.9654236,-1.607732,-0.049554527,0.29867136
2.749911,3.405489,0.16067171,7.2852845,0.96358633,-1.6033766,0.12868214,0.71928203
2.82206,3.291769,0.22983146,7.2830086,0.93339133,-1.6116983,-0.09819257,0.55281746
2.8624086,4.424375,0.21874964,7.124311,0.98962593,-1.6204678,0.93436575,0.53916895
2.8054154,8.779037,0.2651012,6.9877796,1.0358572,-1.6257353,-0.24881613,0.9372194
1.9332776,6.869495,0.26403165,6.8202696,1.0837796,-1.6132166,-0.31407648,0.8265351
2.197898,8.434511,0.2935109,6.8500037,1.0495911,-1.6485825,-0.34112686,0.8256997
1.8041724,7.655252,0.2374084,6.8475137,1.0570619,-1.635695,-0.07863641,0.8870084
2.3065672,6.516162,0.20364618,7.049256,1.0553515,-1.6560483,0.51125836,0.60428286
1.2830653,4.652025,0.34148622,7.0000067,1.0436921,-1.70504,0.14406669,0.6101588
1.7175107,2.6866138,0.26343453,7.024199,1.0757804,-1.7229006,0.61810195,0.5877454
1.5310961,3.1314065,0.35710025,7.036829,1.0233326,-1.7338264,0.31020617,0.45944917
1.270424,9.170249,0.3592118,7.1333222,0.9083519,-1.5914671,1.274138,0.8808124
1.231182,8.469687,0.4154495,7.296704,0.82588935,-1.5175984,0.9692925,0.8029965
1.2732612,9.035061,0.44692636,7.1926103,0.84936666,-1.4808238,0.5647384,0.664912
1.1863825,8.033325,0.45142496,7.221838,0.8350129,-1.4821076,-0.58020186,0.5966439
1.1693637,8.782026,0.3823396,7.1977606,0.85027623,-1.4619639,2.801462,0.66447186
1.1846237,2.5988045,0.40688407,7.1789484,0.8850684,-1.577511,2.995463,0.57090414
1.2997291,9.166723,0.37560868,7.2465997,0.8504946,-1.5340092,2.7232502,0.8434857
1.3880244,4.9631147,0.40370727,7.225319,0.82852507,-1.4990448,2.8021352,0.8238921
0.9506775,5.03556,0.50125456,7.139722,0.7834859,-1.4152384,0.8646759,0.30242002
1.0086204,3.362681,0.5284295,7.0161147,0.76670265,-1.3942473,0.80956316,0.83532107
0.9916002,4.2584033,0.6141472,6.9358187,0.7649393,-1.39857,2.612077,0.9149426
1.0126054,3.9990194,0.69001436,6.9239035,0.7701163,-1.4056377,2.6218991,0.9625349
0.86016965,2.6026638,0.7965636,6.8440514,0.75766516,-1.4878395,2.6100864,0.3580432
0.8068348,3.680534,0.78755105,6.911338,0.8110771,-1.4874811,1.555212,0.5731157
1.0372505,5.38585,0.7301388,6.9306154,0.80682015,-1.4522984,0.08043802,0.3350795
0.9728948,4.958786,0.7288935,6.904704,0.80274343,-1.4808636,-0.2857452,-0.041840494
1.0187186,2.528192,0.6417954,6.945867,0.77643013,-1.4933248,1.5900755,0.41034907
1.5638474,5.998888,0.6461235,6.8587875,0.7800913,-1.4878147,2.2291095,0.44102955
1.7845837,4.364372,0.48251677,6.8386893,0.9177551,-1.5017664,1.0839748,0.5363523
1.6011643,3.532905,0.45568097,6.747143,0.90638924,-1.5025921,-0.8709874,0.38669145
1.2569885,8.931633,0.48791945,6.8276186,1.0038519,-1.6354407,0.28397083,0.38280135
2.9634833,3.6527023,0.6208122,6.757769,1.0029523,-1.6593894,-0.40569532,0.13763595
2.1729228,7.738068,0.45105457,6.726346,0.9723253,-1.6150559,1.3133113,0.77913713
2.3036695,7.892073,0.44604325,6.6618776,0.95973253,-1.5919043,1.7926903,0.8041252
1.9550805,8.351735,0.47220707,6.7275677,0.9474118,-1.6028776,0.672243,0.773805
2.0168564,8.70112,0.4217012,6.676305,0.9678533,-1.5911434,0.39382076,0.66753733
2.1355937,7.7203455,0.46264803,6.7534504,0.9513731,-1.5873892,0.3548789,0.8016236
2.2427652,7.5508976,0.54551435,6.500989,0.94669914,-1.5955976,0.10172665,0.5547857
2.0252957,7.6953325,0.6354985,6.562798,0.92597675,-1.602898,1.518151,0.53596103
2.0076237,3.9485393,0.61448336,6.562409,1.0135648,-1.6208222,-0.22112113,0.8012018
2.3277102,2.2115333,0.68411374,6.691017,1.0074415,-1.6568851,0.896958,-0.05395645
1.5424178,5.9658623,0.69442546,6.5879784,0.94347215,-1.610147,-0.19403249,0.50756097
1.5892317,4.0115595,0.7347996,6.449696,0.9507885,-1.6063695,-0.2567495,0.6333499
1.7029854,8.690965,0.7128041,6.339972,0.9699969,-1.6098406,1.3653922,0.58912253
2.5249062,8.742691,0.73378253,6.2984276,1.0436826,-1.6369538,1.0173769,0.76344395
2.4618816,9.5179615,0.65077114,6.3273544,1.0088134,-1.6497604,2.0656056,0.96094644
1.5841768,8.38155,0.7560526,6.3389196,1.0029857,-1.666162,1.6120412,0.91404593
1.4590409,3.8132396,0.72617567,6.428451,1.0004439,-1.651076,0.4669311,0.95713556
1.9772162,2.4847007,0.7437167,6.4456043,1.0063124,-1.7089288,0.97930145,0.36905813
1.0667797,2.82718,0.73731506,6.5069737,1.0544343,-1.7430944,1.1942298,0.4126631
1.9641781,3.8278654,0.7757168,6.283373,1.049989,-1.710618,-0.5049566,0.04473287
1.9646375,2.030123,0.94888544,6.2455587,1.0527177,-1.6649563,-0.46867353,0.4307177
1.7800274,2.8695552,1.1347492,5.94423,1.0416467,-1.7495074,0.9321741,-0.07191414
1.5037272,3.065726,1.308414,5.758161,1.0297258,-1.7713568,2.0923452,0.51584697
1.9194227,8.373418,1.3163307,5.613517,1.0293741,-1.7160215,2.3258233,0.903744
2.1246486,7.9820676,1.3377984,5.466259,0.96880865,-1.6481729,2.4155114,0.75341547
2.0634453,5.94611,1.3507409,5.5878215,0.9883256,-1.6731367,1.0414999,0.78518105
2.6004393,5.156257,1.3713531,5.8323236,0.9512968,-1.65931,1.5221417,0.23352098
2.936861,8.657863,1.3243163,5.6307845,1.0288851,-1.7250928,2.2785819,0.2381196
2.956756,3.6384764,1.3153217,5.5701876,1.0926886,-1.7119421,1.5429554,0.8985789
2.2942886,8.109011,1.2928877,5.3779955,1.0936706,-1.6764104,2.750061,0.8263309
2.1339731,8.046389,1.2896087,5.363771,1.1417966,-1.8188071,2.339328,0.9697356
2.5856144,8.045723,1.3052399,5.3229046,1.1461608,-1.851928,2.8335633,0.22429883
2.5880477,6.7474313,1.2789173,5.4016266,1.1645181,-1.7530372,0.61232996,0.91763306
2.7659643,5.9438424,1.283287,5.44409,1.126787,-1.750756,2.1223893,0.6335826
2.4775448,7.756259,1.376764,5.257056,1.1502867,-1.7604866,2.935214,0.92302275
2.3104904,7.4542184,1.3583364,5.276842,1.1257489,-1.7770737,2.316372,0.40856487
2.1682904,7.37936,1.3024707,5.2635345,1.1497543,-1.7370431,2.1001573,0.7404735
1.8933449,7.78349,1.2929037,5.3053327,1.1256824,-1.7532086,1.9724548,0.56357074
2.488768,9.043866,1.3436723,5.392086,1.1207132,-1.7686431,1.5433838,0.80894315
2.7957907,7.97745,1.3992662,5.2163434,1.1353581,-1.797401,2.5079763,0.7144203
2.4288654,7.9294133,1.4290504,5.295292,1.1206033,-1.7973115,2.8648212,0.69682074
2.6135862,8.98237,1.3582287,5.273218,1.1781816,-1.7799559,-0.18153805,0.51257586
1.7654924,4.418702,1.2994909,5.3804097,1.159792,-1.79913,-0.16174585,0.662863
2.1147852,3.4093142,1.291008,5.3831367,1.1640368,-1.7554353,2.5929499,0.76563394
2.5488772,5.73164,1.2909863,5.4254146,1.1552618,-1.7689449,2.5777838,0.7907995
2.4204867,7.297426,1.2481802,5.4648447,1.1130538,-1.7406079,-0.41894114,0.90117407
1.7361572,6.4245358,1.1867139,5.6326327,1.1126575,-1.7488525,2.0056407,0.52000713
1.171743,2.2770572,1.1148913,5.7596235,1.0869629,-1.7740601,1.9832044,0.3968022
1.8196356,2.1215827,1.0824454,5.8575897,1.0911448,-1.7522461,0.5470475,0.8348141
0.5214492,2.2003934,1.1236422,5.9844265,1.0535903,-1.7447426,2.454047,0.7372316
0.52930194,2.530814,1.1369205,6.0151057,1.0164881,-1.7059671,2.236194,0.90537524
0.548375,2.9634035,1.1882548,6.116823,1.076467,-1.7571628,2.1755543,0.52339065
0.57797194,2.9670115,1.0227573,6.208093,1.0885599,-1.7396502,0.7289616,0.7709713
0.74952257,2.7151947,0.99556446,6.1322846,1.0524764,-1.7288059,1.0565257,0.71072495
2.2032409,3.4268513,0.9395207,6.0788116,1.079382,-1.7638526,1.2970171,0.45034492
1.5596519,2.341069,0.89484084,6.0867586,1.0957804,-1.7984236,0.4972397,0.025747538
1.5625457,5.213352,1.0402787,6.006942,1.1111047,-1.8270452,0.90599346,0.32069588
2.91541,8.027737,0.9461596,5.968976,1.1917808,-1.8338064,0.13810074,0.40415764
1.9916259,3.7508423,0.8592311,6.0621476,1.1845467,-1.8158941,1.1508546,0.9432808
1.3018537,2.657834,0.7540195,6.2326403,1.1813486,-1.8752979,1.6081805,0.43008047
1.6147106,3.39344,0.7643924,6.1928034,1.1803732,-1.7682891,0.22230065,0.6858108
2.9200423,9.03252,0.7455505,6.1186266,1.2017074,-1.764874,0.45454752,0.89103556
2.712811,8.710858,0.69981956,6.270382,1.1909249,-1.8356282,0.9555752,0.32047462
2.845678,6.9186716,0.6986319,6.315823,1.1956062,-1.8374751,0.6405194,0.97301435
1.5263752,8.622665,0.74432516,6.2229986,1.1643143,-1.8113868,2.782292,0.86178136
1.4436775,7.3998256,0.7382796,6.1720066,1.1970596,-1.8510194,0.58426917,0.8521726
1.5147189,9.299238,0.79200995,6.1655035,1.2202892,-1.8667412,0.41387832,0.82875586
2.6280103,5.9885674,0.7788646,6.063776,1.223753,-1.8668772,2.4160688,0.6870439
2.2355368,7.224008,0.85167265,6.040286,1.2191432,-1.869944,2.245242,0.5382749
1.9605631,5.697921,0.8577881,6.007514,1.3194923,-1.911612,1.7098804,0.76719797
2.7196841,2.010443,0.8729826,6.0487185,1.3240201,-1.9532925,0.8311924,0.7271941
2.952763,9.796427,0.7770841,6.182206,1.278861,-1.9402095,1.4062793,0.9340118
2.6183805,2.119034,0.7674788,6.2418294,1.2785487,-1.9289494,0.51888883,0.35016245
2.8501832,6.3993473,0.8588786,6.245101,1.2044535,-1.8918359,0.85082483,0.48404384
0.91435474,2.0793157,0.870816,6.1260724,1.205107,-1.8716158,1.184762,-0.18384734
2.1905622,2.238163,0.8630967,6.1934776,1.196749,-1.8596991,0.6556603,0.7578646
2.3438232,5.067088,0.7827356,6.2811213,1.2346673,-1.8800845,0.0015884638,-0.05089605
2.869041,2.7803016,0.81901956,6.398254,1.1939538,-1.869151,0.1297574,0.76086116
2.911383,2.497827,0.82703996,6.3815317,1.1891057,-1.8682129,1.6707153,0.48343587
2.1738377,2.766743,0.75527954,6.3797216,1.167546,-1.8351827,1.8392861,0.73865676
2.2234054,4.6573753,0.690166,6.4458876,1.1386566,-1.808667,0.6602613,0.47114754
1.8760644,4.677225,0.65513396,6.4008365,1.1378632,-1.7818245,0.28701317,0.532897
1.3598527,5.3719673,0.7639077,6.4409657,1.1323574,-1.8866814,0.52194905,0.40492278
0.66213566,3.2388322,0.09160495,8.024926,0.51708126,-1.1686866,0.09331858,0.15062565
0.5685507,2.059183,-0.056040704,8.063209,0.5892184,-1.218898,-0.4097638,0.41536307
0.58568406,2.248775,0.1278156,8.050674,0.6290872,-1.2909207,-0.46420807,-0.10099307
0.5417543,2.5709796,0.11720145,7.8834257,0.6181388,-1.2442364,-0.33214486,0.3345713
0.6894933,2.6874583,-0.015590191,8.031255,0.6232796,-1.2734888,0.24615371,0.36408973
0.6467101,2.7950602,-0.013809562,8.059235,0.64822006,-1.3404324,0.64115155,0.35137546
0.6903554,3.1735055,-0.014442146,7.999649,0.61441183,-1.3040609,0.28123558,0.36287004
0.87422216,3.745984,0.008342624,8.011959,0.59710765,-1.290071,0.63740504,0.21859664
0.879089,3.9216814,0.053117156,8.016224,0.55505896,-1.316659,0.73511934,0.18383461
0.8559437,4.032921,0.091385365,8.012402,0.555444,-1.3161982,0.13541162,0.5092832
0.8216743,3.404161,0.1862514,7.9006534,0.56484556,-1.3169106,1.0891311,0.3490978
1.0317643,4.2447834,0.20403934,7.8869653,0.54710793,-1.2777364,0.4005834,0.20703971
1.0086789,4.810665,0.3376677,7.573518,0.56083345,-1.2543988,1.602443,0.7499945
1.0034653,3.7174075,0.3021102,7.5778413,0.5591488,-1.2935,1.912435,0.22184062
0.9229624,4.109726,0.32955086,7.6113477,0.56294465,-1.3234916,1.2373772,0.17482507
0.95066255,5.6460953,0.29582453,7.7003164,0.64415693,-1.3144011,2.1813183,0.7063999
1.0195751,7.0982113,0.31569517,7.6929464,0.6520324,-1.3013687,-0.11316496,0.18722051
1.054705,7.754994,0.31431556,7.746143,0.58803296,-1.3193581,0.041111708,0.5644803
1.166442,9.538026,0.30897486,7.748085,0.53167915,-1.2051561,0.77517295,0.124388635
1.0659832,8.759588,0.34060884,7.845227,0.49342942,-1.1831996,1.146029,0.11996877
1.1164393,7.733891,0.40540576,7.7760916,0.45243216,-1.1687429,1.1451757,0.7363527
1.2183541,7.6120076,0.20891595,7.582595,0.5014849,-1.0742548,0.6593081,0.6540332
1.1798614,6.6699047,0.12530649,7.746027,0.4830594,-1.0869501,-0.3381861,0.53045714
1.6939954,4.780603,0.10749936,7.5861025,0.49960542,-1.1404014,0.28417015,0.56761503
1.9475017,9.737593,0.091805935,7.5178833,0.48014832,-1.1407524,0.17354298,0.55335593
1.3865197,4.610813,0.18703711,7.524809,0.47018838,-1.1704121,-0.14355361,-0.016578853
1.8143287,4.177002,0.1632967,7.4619665,0.5191691,-1.2190751,0.38434005,0.7559278
2.3933167,5.3708825,0.3071761,7.307208,0.46588397,-1.1408398,0.42986035,0.500177
1.9337717,7.1843734,0.15771425,7.452543,0.45859718,-1.1146407,-0.3873979,0.4807331
1.2921509,2.0474138,-0.09305662,7.6524296,0.5172286,-1.1403997,1.0347188,0.47360623
1.3272971,2.028337,-0.03905022,7.5137696,0.5225673,-1.1385888,-0.6424438,0.36611307
2.478914,3.3134117,0.010374665,7.558043,0.54812765,-1.2203562,0.122042775,-0.18161136
2.567088,4.3758354,0.120590806,7.608133,0.5413048,-1.1981068,-0.4276966,-0.2497364
1.7259574,5.34923,0.09361327,7.6226974,0.4953909,-1.1963217,-0.08913398,-0.045108974
2.0988617,6.5195894,-0.10398972,7.7626233,0.5488646,-1.1484106,-0.22364885,0.16721147
2.2879379,6.7256637,0.015921235,7.580421,0.44491696,-1.0342429,-0.8925864,-0.10331255
2.6442862,5.266132,0.09979653,7.643386,0.37630272,-0.9886203,-0.9026349,0.093764424
1.7548673,2.6627486,0.01911199,7.6242065,0.28064442,-0.9882021,-0.80627,-0.16033894
2.3211184,2.5896463,-0.04218638,7.7183323,0.33132672,-0.9761107,0.895972,0.6612567
2.471631,2.3784258,0.20640922,7.4340076,0.34915614,-0.9714205,0.07429683,0.17413986
1.9925411,5.985732,0.11301398,7.489702,0.3525982,-0.9896083,0.41471708,0.7415482
1.9671526,8.525497,0.36886263,7.5055504,0.2855065,-0.9752395,0.4065323,0.4554094
2.8144631,2.7539563,0.22891068,7.4953947,0.26951718,-0.8969228,1.7729518,0.8137698
2.4121904,8.606764,0.22592235,7.4889174,0.27302814,-0.94499254,0.256724,0.48024452
2.7507694,2.1825197,0.39449334,7.412013,0.28584266,-0.93437743,0.3118919,0.034005284
2.4653242,2.1510532,0.42282343,7.3726,0.29042554,-0.9244137,0.98528135,0.2094059
2.2498484,5.58006,0.273023,7.247715,0.30891156,-0.91643476,1.63198,0.9193262
2.2878604,8.200319,0.30750024,7.2572584,0.34675956,-0.93521357,1.6623049,0.94326675
2.10193,6.6397824,0.47776437,7.2526793,0.27958274,-0.94803333,1.0334048,0.95005465
2.0593119,5.3375764,0.34458017,7.251972,0.30950356,-0.9451213,1.0276325,0.6068939
2.7546413,7.3761334,0.3337605,7.392636,0.3351214,-0.9367347,0.5109165,0.56374955
2.9872117,7.872533,0.20643198,7.4021854,0.31609178,-0.94254065,0.6115508,0.45163578
2.176779,7.3208117,0.15473151,7.5830903,0.4041605,-1.1015084,0.20500445,-0.41056165
2.0441198,2.7323956,0.40149796,7.4838877,0.31470728,-1.0426049,-0.16244376,-0.4366006
2.118864,2.5681958,0.33711898,7.493379,0.30849147,-1.0281261,-0.5192121,0.5281999
1.8077439,2.4499688,0.28193104,7.4719963,0.3602612,-1.0235013,-0.5094894,0.18625939
2.1330383,2.4649367,0.2031188,7.4325643,0.37499857,-1.0271326,-0.5115337,-0.22612652
1.3463601,2.2372324,0.38192213,7.4358377,0.30260706,-0.94918394,0.12530017,-0.20488629
2.0953224,2.4372835,0.4215511,7.3193483,0.28304362,-0.94571733,1.9513991,0.82453966
1.8964255,4.7592955,0.5124626,7.3057475,0.26649475,-0.8941686,-0.34947407,0.50112593
2.1768005,5.930456,0.37730646,7.377081,0.24205995,-0.9512849,2.1854591,0.39275944
2.1366413,4.1041584,0.38415992,7.379907,0.27366447,-0.97603154,1.1208827,0.42318535
1.9492242,6.833911,0.35968065,7.493528,0.28311586,-0.9628265,0.49606133,-0.14837444
2.0009332,3.2187972,0.38416922,7.4052896,0.27932,-0.93943214,0.25295424,0.9794992
1.9534252,5.279443,0.48674297,7.2785983,0.2808683,-0.92058396,0.28348637,0.9753653
2.4413621,5.1022463,0.47830153,7.244132,0.3175063,-0.96731615,0.86267745,0.5803715
2.0918984,6.7965837,0.50238717,7.1458716,0.3256352,-0.97701025,1.4046328,0.4635644
2.5140653,5.248791,0.7596562,7.0800147,0.30633402,-1.0151927,0.8988137,0.6398953
2.6015189,4.0547466,0.81499124,7.064394,0.32645917,-0.9997976,1.1328769,0.8042402
1.6487441,8.781977,0.85984445,7.0083256,0.33208466,-1.0027139,1.4297428,0.2666242
2.1657312,6.648391,0.8501067,7.036758,0.32867575,-1.0245464,1.9698076,0.9475831
2.7294674,7.232256,0.77153635,7.0635,0.3482852,-1.0318582,1.7946084,0.6673205
2.6575959,3.0102797,0.7506914,7.127306,0.36902094,-1.0358164,1.5203848,0.57046723
2.6000645,3.4788232,0.66138434,7.1112876,0.348763,-0.9862623,0.48028922,0.37278742
2.625913,5.562625,0.22943437,7.2570863,0.33647227,-0.9855542,0.5465683,0.57087564
2.753635,3.1377864,0.6418197,7.1659,0.32050872,-0.9764302,0.7267904,0.52969885
2.5147655,6.398805,0.56481194,7.175256,0.3345306,-1.0315702,0.8674648,0.34675705
1.910057,2.6942892,0.60842013,7.1035805,0.36162376,-1.0368369,2.3487446,0.13568705
1.7721496,5.225459,0.68133545,7.0599484,0.40500903,-1.0953298,2.5884035,0.3737992
2.8373694,2.6765263,0.76943004,6.9674387,0.4293673,-1.1158197,2.0747094,0.65673804
2.5506625,2.4009368,0.6134126,6.974673,0.47020745,-1.1158766,-0.09355563,0.9325988
2.7633083,2.4422293,0.58896947,7.1490192,0.47424078,-1.0962584,-0.18175846,-0.48901185
1.6551132,2.6475444,0.48404646,7.135744,0.4753852,-1.0715268,-0.46582693,0.8069948
2.083177,5.866563,0.2845652,7.227591,0.4574828,-1.0770066,-0.113105536,0.78038263
2.3653455,6.134574,0.15757728,7.2265973,0.4490602,-1.0833604,1.8511412,0.7908807
1.9125211,5.1809783,0.074316025,7.385889,0.45255232,-1.0738695,1.3595183,0.9383223
2.704604,6.112933,0.18089664,7.5745745,0.38059783,-1.0583899,0.6989851,0.45159733
1.5776216,2.2867851,0.00088620186,7.5129824,0.39559674,-1.0527296,0.5027834,0.38130146
1.841131,5.459552,-0.03217262,7.4490566,0.4344263,-1.0443375,0.38521862,0.9410963
2.699132,5.545651,-0.023238719,7.43768,0.4067464,-1.0010637,0.63554764,0.49429715
2.6513584,7.0362663,0.26353216,7.423145,0.35857344,-0.9752822,1.7747707,0.80055904
2.8225834,6.4166126,0.14344096,7.4748535,0.4034598,-1.0274327,2.437754,0.69388723
2.3314495,6.07211,0.048762083,7.4922395,0.5050223,-1.1196195,0.8138076,0.589787
1.9864817,4.780199,0.14073813,7.3349404,0.4483006,-1.0636134,-0.26439464,0.69218504
2.1746047,3.5991912,0.20087528,7.266461,0.4801097,-1.0225925,-0.07603723,0.74750745
1.9303038,4.2883234,0.426592,7.1391425,0.49042654,-1.0798125,-0.857406,0.76621246
2.0160637,5.865567,0.17160475,7.2234974,0.4908409,-1.0766392,-0.15807849,0.809165
1.8971112,4.7682896,0.51700735,7.202289,0.46739793,-1.1064427,-0.27375704,0.81582236
2.897386,8.66791,0.539057,7.1455584,0.49100447,-1.1392372,0.40037787,0.7097994
2.616565,6.8320312,0.4653237,7.1435843,0.52871585,-1.1916444,1.478379,0.59279954
1.422806,3.6947758,0.46544194,7.0893664,0.5252671,-1.1955137,2.1839685,0.45771945
2.396442,3.9289172,0.4873674,7.0785275,0.5395694,-1.1832701,1.7986553,0.7165737
2.4066048,7.915963,0.25728822,7.114262,0.5697305,-1.1810936,-0.17751294,0.61195385
2.115051,3.8060107,0.25666285,7.1443644,0.57880664,-1.1584756,-0.7433959,0.5161301
1.9254457,3.305469,0.24788046,7.250825,0.5617049,-1.1734196,-0.69863075,0.4622563
2.7381458,6.655044,0.23957443,7.26645,0.5242052,-1.129847,-0.4738748,0.4961905
0.95480186,2.4356098,0.2923267,7.4262457,0.48505569,-1.1162099,-0.8767165,0.3111838
0.91109306,3.1909428,0.26059198,7.6010785,0.49739623,-1.1094308,-0.8570789,-0.4473959
1.0374762,2.0486465,0.07102156,7.6281385,0.48784542,-1.163523,-0.28063166,-0.12538618
1.5729359,2.069936,-0.16235745,7.6436195,0.49444175,-1.1703773,-0.20922047,0.5826459
2.8467312,2.6981099,-0.002687931,7.7524037,0.47962952,-1.1144621,-0.46373188,-0.40329722
2.6643772,2.4298663,0.14736223,7.749079,0.43414617,-1.1015263,-0.58937746,-0.091644496
2.836187,6.002072,-0.13920128,7.7746844,0.3542695,-1.049921,0.40508223,0.32730258
1.6769524,4.48021,0.021884084,7.608352,0.3795128,-1.0278618,-0.0527972,0.81013286
1.570303,6.724959,0.17875731,7.761618,0.3468852,-1.0611162,2.095304,0.88047624
1.4262785,7.036838,0.2941835,7.746311,0.33777642,-1.0443428,0.23204339,-0.37901032
1.29611,7.3307304,0.36213577,7.8287077,0.30976272,-0.97654533,-0.30728465,-0.024754524
1.422595,5.321629,0.36042094,7.766837,0.24723458,-0.9880748,0.059842348,-0.10557836
1.1310387,5.6949234,0.57329476,7.6882935,0.30439973,-0.9764819,-0.016338289,0.29727364
1.1235399,5.371093,0.45281363,7.6241846,0.28336072,-0.94475746,-0.023048043,0.16026801
1.1358144,6.944977,0.39439785,7.8060613,0.3133757,-0.924454,2.420873,0.5102949
1.1971681,6.541785,0.010178208,7.9256,0.3210678,-0.93812704,-0.3510661,0.49877322
1.2031198,7.0915027,0.10266566,8.057251,0.32175732,-0.90861845,-0.87832856,0.2539295
1.1951814,8.107187,0.24759507,8.102137,0.3315959,-0.9232092,-0.8675785,0.36325896
1.1663243,9.082554,0.31063008,8.128689,0.329381,-0.8973832,-0.7689816,0.3561977
1.7150685,3.7112255,0.41638863,6.5136347,1.8203204,-2.4399457,0.4245149,0.8645202
1.2919362,8.216613,0.37123418,6.5272512,1.8028276,-2.4494677,0.57787514,0.81167424
2.2345054,8.322716,0.42079878,6.374322,1.7938297,-2.4376018,1.2377796,0.997319
2.347515,8.065401,0.41747582,6.4078913,1.7952054,-2.4080405,0.6608938,0.96141267
1.9140599,6.9986086,0.3948356,6.54508,1.8137279,-2.4322474,0.31356096,0.40895247
1.0386078,9.169437,0.3818059,6.6088657,1.8606093,-2.4381986,-0.91118973,0.43308043
1.1541572,8.348785,0.31893718,6.654908,1.8537014,-2.4175496,-0.29734302,0.42710066
0.9554816,8.60225,0.32461214,6.7621293,1.8603339,-2.4994974,-0.14251655,0.9086399
0.924581,7.9732785,0.2977798,6.7879353,1.8745017,-2.487524,1.4515362,0.8799037
0.87854314,9.736976,0.33628368,6.772247,1.8570511,-2.4750884,0.28211832,0.9522759
0.7467344,9.891475,0.37796926,6.798642,1.8680241,-2.4748106,0.3413285,0.9110434
0.6025718,6.8516135,0.39367127,6.8004627,1.8808963,-2.479292,0.41424084,0.57540476
0.5676638,5.0924573,0.3699398,6.871083,1.8702571,-2.535576,-0.2203598,0.5528878
0.5418397,2.578404,0.33161497,6.868375,1.8729329,-2.4835792,-0.14572334,0.35688758
1.9291631,2.9216123,0.31149793,6.906133,1.8275881,-2.5253,-0.60828686,0.6390488
1.3267717,2.7597702,0.28112698,7.0118427,1.8222449,-2.5130045,-0.2805481,0.40740114
1.956739,4.7453756,0.2997049,6.927938,1.8089716,-2.461781,0.54174936,0.5685489
1.272646,5.3961782,0.29405153,6.9161267,1.7689371,-2.4534492,0.9627745,0.7233486
1.1437776,7.0267525,0.27749062,6.937191,1.7810724,-2.3877754,1.5351446,0.749652
1.0479404,7.7974067,0.20213556,6.9151754,1.805474,-2.3858342,2.2072127,0.8918325
1.0604603,8.465786,0.15450728,7.0232143,1.8084145,-2.3531818,-0.75723314,0.91964364
0.8458714,3.4156187,0.1423868,7.090818,1.8246956,-2.4257174,-0.40906197,0.987324
2.479978,2.9441876,0.21080041,7.048209,1.8683388,-2.4765263,0.31234312,0.6215937
0.74003613,3.6861832,0.24631715,7.0343895,1.8639734,-2.502668,1.1630714,0.705636
0.90622807,5.3890486,0.25496864,7.002983,1.8798683,-2.5228038,0.9917629,0.42431694
2.680544,2.9087346,0.24774957,6.9653854,1.8475702,-2.5013366,-0.8572652,0.50252247
1.2600045,7.047289,0.22667766,7.0702114,1.8523903,-2.5036786,-0.6152758,-0.062341154
2.1657178,3.7859263,0.26750946,6.9650273,1.853308,-2.4885175,-0.60882175,0.45857233
1.0282621,3.5732005,0.31492472,6.840305,1.85183,-2.5222728,1.5348258,0.85648847
0.9561193,9.244235,0.36176312,6.7271395,1.822391,-2.49909,1.7142353,0.8868917
1.574972,5.5904856,0.36171794,6.6752567,1.8572109,-2.4823842,-0.24365991,0.92816114
1.953989,5.0695324,0.33988082,6.5907288,1.9018719,-2.499744,2.1724339,0.92986
1.9804302,8.4631195,0.34446752,6.531665,1.8605347,-2.4859784,-0.31106073,0.92447114
1.6944011,7.07416,0.274117,6.5754805,1.9147828,-2.4746556,0.0057053566,0.87734413
1.7334757,4.0008554,0.2577715,6.605177,1.9490047,-2.473475,-0.930662,0.7934518
2.1654818,7.026971,0.32249057,6.612695,1.9396574,-2.5297565,-0.93513584,0.9878688
2.3515286,7.3419003,0.35064125,6.5859337,1.8928957,-2.5548031,2.223621,0.9811518
1.4681994,9.7771435,0.27743888,6.582164,1.8969026,-2.5330997,1.6159151,0.98375404
1.6240735,9.731234,0.26514173,6.564234,1.9604738,-2.5650623,1.2527161,0.968104
2.0999944,9.738277,0.2591406,6.5788393,1.9891543,-2.535071,-0.43254203,0.948117
2.3149495,8.216997,0.26187754,6.5356236,1.9591181,-2.5282495,-0.7199054,0.91231704
2.4278157,9.945274,0.27062523,6.559016,1.962636,-2.4695947,-0.8235929,0.638649
1.3733008,9.104897,0.2622049,6.6996036,1.9609165,-2.5157492,-0.4571383,0.9051676
1.4772774,9.514102,0.21506882,6.680294,1.9984994,-2.5593195,-0.38089186,0.45827085
2.0328956,7.0608306,0.25643313,6.665553,1.9990299,-2.5908906,-0.34144658,0.68265855
0.9843989,8.588784,0.25486922,6.743989,1.989919,-2.5304058,-0.4346704,0.71880245
1.691047,8.993843,0.24396229,6.810013,1.9149854,-2.5367246,0.5205196,0.28663743
1.9144696,9.08452,0.22924376,6.8246136,1.8988669,-2.5543454,-0.82267535,0.3148526
2.1964774,9.265369,0.2093556,6.847218,1.8507094,-2.4467478,-0.14387953,0.8227807
2.4474897,9.533196,0.24093926,6.7080297,1.8498864,-2.439351,-0.05175644,0.8597059
2.3980775,7.3327875,0.30793166,6.80285,1.8097782,-2.4383264,-0.03461355,0.5662079
1.4380952,6.1000276,0.25733602,6.863567,1.7969251,-2.4168277,0.123850346,0.71369004
0.7504654,5.249646,0.25436807,6.9045296,1.8237057,-2.4387403,-0.009154975,0.78757966
0.782734,5.895772,0.35191464,6.9536395,1.7915704,-2.4531693,-0.3566584,0.25116956
0.81112033,8.241289,0.26368737,7.0023894,1.8447111,-2.4498868,1.9926732,0.6844325
0.69907266,9.230049,0.19084918,7.2513475,1.8320603,-2.430595,0.097563505,0.8334875
0.6199321,9.725641,0.07906258,7.51648,1.8611932,-2.4077017,-0.40190965,0.99918294
0.60428643,9.761617,0.06180072,7.4321194,1.8562715,-2.4602895,-0.06348252,0.9881209
0.59764266,7.512001,0.04025066,7.446137,1.8800294,-2.4609642,1.536267,0.9771379
0.6875628,6.015079,0.086885214,7.265388,1.8676941,-2.456139,1.3981378,0.8865144
0.6992352,4.64835,0.066301584,7.29,1.8532083,-2.4405923,-0.5641327,0.82293427
0.80772066,5.370922,0.012833118,7.4333873,1.8689272,-2.4900708,-0.3230828,0.81336737
1.2352682,5.5358434,-0.029666185,7.386793,1.8780951,-2.4968843,1.8093429,0.9484173
1.5923202,6.9199533,-0.024341226,7.4500194,1.9408808,-2.5314138,2.380338,0.8395041
1.2420659,9.066671,4.4465065e-05,7.46479,1.9900224,-2.638802,1.5537887,0.66504526
0.9681942,3.2110174,-0.05897832,7.498637,1.9948606,-2.6177425,0.59520996,0.87941694
1.8724284,3.010964,-0.0637064,7.5325446,1.9741137,-2.5826805,-0.3141995,0.67861056
2.3534136,8.159512,-0.0607934,7.6062484,1.9336224,-2.6093059,-0.24605161,0.9113834
0.9218947,9.574596,-0.009596229,7.605753,1.9733708,-2.5653088,-0.85855126,0.081873894
0.85097563,8.974448,-0.016088963,7.5622654,1.9546428,-2.5518744,-0.9384908,0.17651719
1.0425127,8.548984,0.0057450533,7.414325,1.9256368,-2.5555992,0.38980234,0.78948677
0.98845506,7.302475,0.037503958,7.4293933,1.914273,-2.5318277,-0.5521467,0.6446154
2.3691854,8.619468,0.01188314,7.4266634,1.8972888,-2.5255113,-0.45938176,0.43670654
1.2431626,9.577543,-0.043682218,7.4168935,1.9364619,-2.5164685,-0.60822475,0.5266142
1.3561927,9.15868,-0.051668882,7.325744,1.9016223,-2.4873922,-0.7672437,0.57793057
1.2707353,8.923571,-0.036694467,7.313222,1.8493807,-2.4831243,-0.70209855,0.7754812
1.2246332,2.1484742,0.081977844,7.427662,1.8345964,-2.5090265,0.89145505,0.5627104
1.7652003,6.3428917,0.07321441,7.4214125,1.8529332,-2.5484188,0.43334246,0.37875056
0.79001695,2.8886805,0.018703341,7.600824,1.8121307,-2.5282612,1.3352005,0.87846065
1.1472635,8.734774,0.06719518,7.4587107,1.8268311,-2.4850378,1.1388631,0.5422733
0.9583404,6.3370695,0.031369567,7.4447,1.7866974,-2.442696,0.43117952,0.6019404
2.0963397,9.77047,0.060010552,7.335094,1.8002646,-2.448723,0.7347423,0.34737837
1.4925721,3.6516895,0.07521796,7.4316454,1.7725155,-2.4532995,-0.296708,0.4944669
1.0607951,5.783958,0.11346519,7.2656083,1.7540095,-2.4161057,0.12791324,0.36885452
1.7515544,5.235023,0.056671858,7.402419,1.7181516,-2.3960252,0.98910904,0.5925385
2.6397467,5.1948094,0.03254533,7.516227,1.7116666,-2.3345726,-0.77646303,0.68408823
0.984389,4.8124795,0.081020236,7.477327,1.685585,-2.266057,-0.82983637,-0.22925869
1.0043867,4.621972,0.03518665,7.517938,1.6402628,-2.2827103,-0.6444838,0.6013123
1.091243,2.494603,0.08831167,7.4690213,1.5955336,-2.281032,0.52924204,0.19503933
0.8695533,3.0884686,0.12775993,7.5144367,1.5886328,-2.2855415,-0.3655004,0.24608088
0.81771445,8.426648,0.1651057,7.442599,1.6294441,-2.281693,-0.5178901,0.35571176
0.8034784,8.155013,0.118620634,7.4078817,1.6669497,-2.2658281,0.95195735,0.97724736
1.088258,9.340555,0.12878096,7.2599397,1.6272924,-2.2567005,2.355539,0.5835719
1.1042116,8.7680855,0.12947476,7.243853,1.6039562,-2.2857614,2.0947344,0.82202697
1.0792532,9.789709,0.15154076,7.319347,1.5950966,-2.2089653,1.938483,0.8969979
0.83548737,9.413211,0.23470008,7.143771,1.6012497,-2.2413425,-0.5212606,0.58772326
0.7975615,8.988344,0.15463388,7.4126067,1.6906207,-2.2979255,-0.35534245,0.7723373
0.81840116,5.8737307,0.074159026,7.2885337,1.6626773,-2.2688136,-0.6169393,0.72591376
2.4138107,3.8415112,0.08426869,7.2497816,1.6565292,-2.224338,-0.66601276,0.77957773
2.2764857,5.351066,0.07242882,7.1815677,1.6248024,-2.1867633,0.81676674,0.6867893
1.9604313,6.2797937,0.10586357,7.2979693,1.5954006,-2.2432718,0.1949619,0.8270707
1.1233819,4.8341436,0.10910845,7.3277135,1.5866532,-2.2890623,0.8430749,0.92076373
1.4856112,4.292776,0.09525275,7.34698,1.591486,-2.2233474,1.03196,0.9587631
1.116564,9.743624,0.036311746,7.313886,1.5995445,-2.2112417,1.6541362,0.96629155
1.4685521,6.3235517,0.017868161,7.2959657,1.6106501,-2.1836197,-0.34658182,0.91942585
2.1586719,4.7941623,0.09008026,7.0803366,1.6181035,-2.2026715,1.2446868,0.6505934
1.8476254,8.600047,0.20284653,6.864133,1.6794283,-2.215108,-0.997822,0.12778592
2.315184,2.1805658,0.21523929,6.856439,1.685219,-2.2255654,-0.5552032,0.99681246
2.7052197,9.963451,0.22631204,6.6571736,1.7310457,-2.2343893,-0.6352629,0.8356004
2.5995493,8.431114,0.26359916,6.84795,1.7087355,-2.2608626,-0.5337539,0.7064289
2.195118,8.973835,0.2684735,6.821144,1.7260234,-2.3459673,0.57542396,0.3850391
1.7815009,8.073242,0.26995945,6.94158,1.6722112,-2.38715,0.44169676,0.26550442
2.179852,9.628012,0.27088332,6.8496,1.6185641,-2.3035994,1.2343783,0.81159186
2.0813396,8.034369,0.23760211,6.8415875,1.636425,-2.2234888,0.45093048,0.8483646
1.935832,7.7313085,0.27744508,6.8429556,1.5767844,-2.2204747,0.93756676,0.84850407
1.6238201,8.059563,0.3780012,6.6687326,1.6025984,-2.2145443,0.8773416,0.9457233
1.61572,7.1972556,0.33381104,6.536609,1.630368,-2.176101,-0.8746812,0.6903571
1.6085373,9.730305,0.39237463,6.48996,1.6623039,-2.19595,-0.8591565,0.8482902
1.6957262,7.4316683,0.43231058,6.561026,1.5885534,-2.1965303,-0.3061571,0.013541043
1.5886002,5.0195136,0.3824116,6.728492,1.5322785,-2.1862361,0.19374716,0.59376204
1.6832118,8.943358,0.41221678,6.591414,1.5423572,-2.1831198,-0.19076544,0.90424633
1.7144305,8.667384,0.43441725,6.468027,1.5352347,-2.128291,0.47205782,0.78562224
2.6329267,9.889019,0.4331162,6.4602747,1.5667427,-2.1220124,-0.17585707,0.5495409
2.6405044,9.724106,0.4882028,6.410059,1.5582955,-2.1565862,0.059490204,0.3974955
1.7860904,8.309367,0.45759952,6.4427505,1.5598166,-2.1598532,0.88229215,0.43379366
1.4438529,2.404559,1.2744718,6.864704,0.116060495,-0.79627085,0.5853381,0.026178658
1.6306502,2.8782136,1.0510902,6.9396505,0.13459635,-0.8117969,2.583989,0.9106922
1.913393,2.0723877,1.1523519,6.9117336,0.14227152,-0.8176737,2.626019,0.5549152
1.3844347,2.6226993,0.9588448,7.015969,0.120592594,-0.72145224,2.7986078,0.8320935
2.2383122,3.8832505,0.90485406,7.061248,0.11446142,-0.71051264,2.2309434,0.62108827
2.4341307,3.3739111,0.9477154,7.135058,0.07259011,-0.705914,2.2838914,0.5547936
1.5299623,3.9293718,0.94520664,7.218136,0.07908273,-0.7420118,2.5995877,0.6866126
2.956522,4.2551947,0.92642784,7.2410736,0.07952571,-0.7041476,1.3834093,0.38864052
2.7812333,4.9022503,0.953918,7.3024545,0.11864185,-0.79901934,0.75397515,0.15348864
2.3221078,5.904234,0.916739,7.346542,0.12155771,-0.8338733,0.7079941,0.54481196
2.1135395,4.8570204,0.58162284,7.241642,0.1788671,-0.821023,0.8162837,0.09883577
2.3110013,3.4894881,0.46657896,7.2609205,0.18533325,-0.8071954,0.8544098,0.83359694
2.5895212,5.949152,0.4214133,7.407509,0.16574931,-0.803236,1.0788648,0.29686946
2.3376322,5.1924305,0.5898515,7.4075685,0.07748294,-0.72775555,-0.65644526,0.5189059
2.4699197,5.9297886,0.3611318,7.4257083,0.087031126,-0.68417716,2.9585533,0.63937294
2.2817655,5.0335712,0.23735332,7.4454603,0.12790155,-0.7691364,0.9111786,0.761667
2.0914145,7.6853304,0.4264176,7.480556,0.13001704,-0.7146287,0.17139447,0.72568417
2.7889462,2.8559134,0.19023931,7.512297,0.13030457,-0.76981974,1.2842798,0.6403538
2.6133406,7.5627427,0.21469486,7.4848723,0.14958167,-0.74898267,0.65005124,0.67287195
2.3468175,5.9146175,0.31028295,7.4907207,0.16682816,-0.78012204,-0.34852862,0.37496054
1.9141233,6.081894,0.55443764,7.4768977,0.13252354,-0.79039574,1.186033,0.19892627
1.8646204,2.3597972,0.5891627,7.380888,0.13364267,-0.8758385,1.5319071,0.23818827
1.2538195,8.106869,1.0048885,7.3896804,0.14407945,-0.86762094,0.5126736,0.21111864
1.1132295,9.04977,1.182612,7.4729843,0.1561575,-0.8433399,1.4006333,0.04863435
1.1093907,8.718117,1.1607382,7.6171494,0.15502763,-0.8902559,2.4007053,0.45501864
0.97273237,9.71397,1.3085444,7.613696,0.19587088,-0.90666056,1.8672423,0.15075469
0.92494196,9.727316,1.0944805,7.661415,0.20588803,-0.8430214,1.0888877,0.064288616
0.9854669,9.497692,1.0141718,7.830656,0.21733522,-0.96904993,0.22067904,-0.36622304
0.89123434,9.645962,0.9868367,7.8658504,0.27085018,-0.966449,1.6108415,-0.18859887
0.9090837,9.6645975,0.97946775,7.7893424,0.26352906,-0.9642525,2.1213596,0.8288213
0.947028,9.010527,1.0056999,7.793331,0.22617674,-0.94224954,1.6093838,0.8361187
0.9569477,8.926502,1.0768957,7.6032815,0.26924205,-0.94993925,1.7681005,0.66306615
0.9346522,7.9478183,0.9819834,7.49966,0.28293705,-0.8781605,1.880729,0.53393984
0.9375588,6.361116,0.71198034,7.7420664,0.27602696,-0.92717004,1.1677012,0.6252109
0.9423187,6.5959907,0.7644346,7.6926813,0.26146364,-0.92606664,1.3901737,0.3765949
0.91006714,6.3432045,0.829023,7.7189283,0.24630523,-0.9295337,1.2589083,0.435238
0.94363797,6.2523284,0.8171526,7.6731725,0.24437428,-0.9409807,0.7226007,0.706763
0.9534264,5.5872335,0.7781234,7.6124454,0.26974106,-0.93575954,0.6428106,0.69794524
0.9521312,5.95632,0.718698,7.68093,0.262738,-0.9247792,0.9354545,0.4226722
1.0981032,6.0895805,0.7868371,7.592549,0.22128534,-0.8935063,0.29164255,0.44086617
1.2021685,6.2679844,0.839797,7.588369,0.1890378,-0.8507464,-0.35760248,0.30289084
1.3397901,5.0867825,0.8010695,7.5242844,0.13970518,-0.8814161,0.80085874,0.74263
1.3749462,5.956194,0.7400236,7.498374,0.18898606,-0.82109594,-0.21953255,0.616506
1.2693102,6.168952,0.7108127,7.549624,0.18205214,-0.8168664,2.93866,0.4243949
1.7190236,7.257686,0.6790285,7.549641,0.17409396,-0.8396914,2.9505985,0.797377
1.6961361,9.381412,0.64177406,7.5206375,0.16889095,-0.78911686,2.9342492,0.64635086
1.753176,9.303773,0.6749711,7.4790573,0.1304164,-0.7978332,2.5663178,0.67259276
2.79101,9.903912,0.3974539,7.4044447,0.13222289,-0.74981666,2.5345032,0.9047849
2.5952957,9.982981,0.3325882,7.468248,0.14056277,-0.71138716,0.5956625,0.8723841
2.7514637,8.178858,0.24599648,7.517531,0.092513084,-0.71122694,1.7818675,0.6865171
2.5297399,6.2719755,0.22055066,7.5955234,0.09909582,-0.7326896,2.2223334,0.5985553
2.2376971,8.127108,0.22791255,7.834014,0.093933105,-0.7589612,1.2289448,0.62941325
2.0839145,5.4717073,0.28902066,7.706167,0.122291565,-0.86532307,0.45185196,0.5318091
2.5157602,4.6227307,0.17543387,7.6902657,0.16226816,-0.8642528,1.8219271,0.28171694
2.508612,2.3518145,0.20343614,7.509933,0.13179278,-0.82054424,0.0035982132,0.3180539
1.1955409,2.2812343,0.3585751,7.517585,0.1444993,-0.8196943,0.81012595,0.44046342
1.1067567,2.2868998,0.2768445,7.6832104,0.13175845,-0.7565124,1.7938673,0.81925416
1.1332669,2.4910212,0.41992223,7.5785584,0.14634871,-0.8090558,1.8613408,0.25115597
1.219218,4.0650196,0.3443997,7.6938066,0.18461561,-0.849628,1.8195059,-0.04408139
1.38732,4.8170795,0.33410835,7.8403063,0.14857173,-0.81169724,-0.77111864,0.27649325
1.5002999,4.9911366,0.5225904,7.521046,0.14614654,-0.8402939,0.063189864,0.38392293
1.4665735,6.1310854,0.5641246,7.571129,0.15160179,-0.818697,0.9918262,0.75150204
1.5934275,4.975593,0.5970588,7.5303617,0.13286209,-0.7951579,1.1089969,-0.26292944
1.3801463,5.274012,0.4970286,7.66598,0.15712833,-0.8095155,1.2060041,0.97903347
1.341547,5.7464604,0.5407572,7.6901007,0.16562366,-0.8587642,1.367697,-0.39185414
1.2420169,5.0872774,0.47593117,7.7230096,0.17814493,-0.86917925,0.31622314,-0.06934768
1.3939911,6.250864,0.41722202,7.713277,0.15546107,-0.8272195,0.25449896,0.0076621175
1.3269767,6.8696923,0.42694473,7.8228188,0.20501113,-0.88377595,0.12593853,0.47796828
1.4196215,6.763065,0.12649322,7.944421,0.22997761,-0.90618825,0.6002593,0.5599518
1.3777707,7.3619294,0.10672045,8.008471,0.2321608,-0.9623463,0.7996373,0.519205
1.3552301,7.4521565,0.06723976,8.024429,0.31859493,-1.0215209,0.6914127,0.60541
1.2243831,5.1775923,-0.040692747,7.9962645,0.33827114,-1.0064509,2.0131335,0.6673374
1.240596,5.4320297,-0.04652071,7.9765434,0.348799,-1.0013412,0.13105309,0.2575922
1.260054,4.9074793,-0.22122645,7.9713855,0.39788938,-1.022548,0.16034961,0.51496494
1.42462,5.1904774,-0.075066924,7.8624434,0.39951015,-1.0469873,1.148068,0.6337372
1.3120105,7.586314,0.05006349,7.9095545,0.46972036,-1.1154789,0.26566172,0.7091563
1.195905,7.6558313,0.24761713,7.918015,0.39054585,-1.0595841,-0.33261216,0.23649454
1.2953472,8.464073,0.21081972,7.8010225,0.40922403,-1.0717669,2.5335805,0.5998435
1.5514392,9.314619,0.3822142,7.617565,0.3681941,-1.0430574,2.8855186,0.5828407
1.3557482,8.010878,0.3724122,7.8230042,0.3587687,-0.96033883,-0.22040331,0.74450517
1.2310979,8.316227,0.37463093,7.6948366,0.385875,-0.99402285,-0.22178584,0.87355685
1.1798688,9.746878,0.37095904,7.9443746,0.3739326,-1.0026405,0.048123002,0.7361598
0.9453245,7.7661676,0.42026842,8.12104,0.39226294,-0.9629519,0.46349287,0.77176785
0.7893933,6.1798487,0.4129778,8.110379,0.44017005,-1.0201882,-0.92272466,0.5688337
0.8052127,8.168013,0.4521494,8.082954,0.40047693,-0.9506998,-0.9265411,0.7131069
0.8109224,7.5133677,0.4202397,8.013542,0.39136767,-0.94522524,0.79225516,0.68520856
0.7841475,7.5596867,0.3663125,8.078754,0.41086912,-1.0591044,1.582432,0.90484977
0.7856135,8.109472,0.3445766,8.185368,0.37525463,-1.0417039,1.4934447,0.45432281
0.7374555,7.3482294,0.52478194,8.139494,0.35807705,-1.020654,1.7987485,0.623793
0.74643993,7.6756163,0.53994036,8.114035,0.33250904,-1.0029757,1.1152503,0.2025919
0.6546447,7.802422,0.5324559,8.377852,0.25064254,-0.98679495,0.8165071,0.21583539
0.6284965,6.0289946,0.32144725,8.367605,0.32906651,-0.99256873,1.4406788,0.32746112
0.62851965,6.000947,0.35774112,8.289969,0.34830427,-1.013264,2.688745,0.62044835
0.6060044,6.357515,0.43783617,8.183719,0.3545847,-1.0059775,1.3554058,0.6794156
0.63309515,6.704261,0.4898231,8.201746,0.34128284,-0.9834399,1.105818,0.41710544
0.66373944,6.747557,0.61378396,8.136854,0.3597026,-0.9877434,0.7976855,0.6968324
0.71044636,5.740337,0.58859587,7.961848,0.3098848,-0.9921799,0.55804276,0.10159457
0.7523289,6.3963437,0.5865756,7.9407887,0.30417895,-0.9651463,0.50434613,-0.34352297
0.6848502,5.9474926,0.5949018,7.9555554,0.23434949,-0.8797889,0.7422924,-0.031436086
0.88377225,5.90208,0.6074612,7.8554745,0.21245193,-0.8670616,-0.6536462,-0.2085613
0.9770008,6.972777,0.620167,7.9163103,0.17934942,-0.84447336,2.2551715,-0.16173118
0.8671402,7.3235207,0.74852896,7.944086,0.17938757,-0.8735781,2.329683,0.017098665
0.86458766,6.342006,0.8734243,7.789694,0.19077373,-0.8696556,2.2276683,0.54067373
0.86487633,7.0703664,0.8504038,7.955964,0.14815187,-0.83959746,0.4341284,0.48892832
1.0121757,6.9965916,0.7765734,7.9341097,0.1600492,-0.8240967,2.248484,0.7288655
1.1126453,6.5820866,0.5346137,7.899526,0.21347809,-0.80712557,1.4021804,0.6866212
1.1232777,4.9444323,0.40505683,7.9021,0.18313551,-0.87474966,1.1819503,0.6368871
1.2220005,6.1577883,0.39853024,7.799389,0.19257498,-0.8571906,1.6887012,0.41444862
1.4193411,6.747556,0.23213768,7.879615,0.17794394,-0.842608,0.37021136,0.57972217
1.5208747,7.3236413,0.28941035,7.840934,0.14866376,-0.8384206,1.2428114,0.08951336
1.8003219,6.825258,0.16181076,7.8029785,0.115046024,-0.818043,-0.10839546,0.19616777
1.4800646,6.3686433,0.3526683,7.725066,0.106957436,-0.8184283,1.7217481,0.41665125
1.8308202,7.408496,0.34006202,7.7540574,0.13028812,-0.8129375,1.3972218,0.7553505
1.6314194,7.6354403,0.27768815,7.775932,0.14798069,-0.83919835,1.9851549,0.9066858
1.5677596,7.684375,0.2557969,7.863912,0.15858006,-0.8500354,1.2415462,0.5177454
1.7740912,7.425643,0.5298078,7.7403846,0.10681033,-0.76537275,1.0655098,0.6491879
1.706207,8.08231,0.428576,7.7485704,0.157835,-0.8640592,-0.24370211,-0.38292053
1.6944814,7.9616637,0.39523244,7.816157,0.1328671,-0.8750124,0.8687284,0.22731519
1.6185746,7.0393786,0.3678639,7.791394,0.1507101,-0.7589917,-0.2555524,0.027436793
1.6566697,8.263156,0.37401462,7.8619747,0.08098698,-0.791414,2.1185906,-0.05980736
1.691441,9.047394,0.32079077,7.847374,0.11423111,-0.7605233,0.41681826,0.54946053
1.6828068,8.832494,0.43722868,7.862765,0.08119464,-0.75149965,1.3895075,0.10471082
1.637903,8.630785,0.39831495,7.8555236,0.07332182,-0.76530313,2.2105427,0.8108461
1.6397364,7.4481087,0.49599922,7.6640854,0.11449242,-0.7099242,0.6251235,0.8699899
1.5399684,5.5079308,0.44122934,7.6793475,0.14409256,-0.77498317,0.9907541,0.93609905
2.3248515,4.029375,1.248668,6.4810605,0.42395902,-1.0840098,1.8273282,0.88468313
2.9592721,3.8692477,1.3350902,6.5760903,0.38635182,-0.9944539,1.3764997,0.518023
2.9902873,9.842104,1.4031305,6.532052,0.35553288,-1.0431681,1.419548,0.34721702
2.8889582,9.63521,1.4346027,6.502595,0.35574317,-1.0428462,1.4374197,0.830034
2.7763083,2.025674,1.4411883,6.536779,0.38844538,-1.0877205,0.44710648,0.9168918
2.928658,9.80504,1.3193979,6.5425596,0.37910938,-1.0780056,0.80905604,0.39200163
2.8581314,2.0439134,1.2818129,6.5330215,0.31303835,-0.97682,0.30476367,0.060611427
1.1012186,2.3880637,1.306881,6.532552,0.3118484,-0.9794872,1.2533519,0.7981608
2.781836,6.87451,1.2935874,6.536949,0.3992517,-1.0315566,1.7229946,0.75930405
2.8831792,2.6704004,1.327419,6.7275295,0.35238004,-1.0414156,1.4808443,0.8433709
2.4906583,3.5714715,1.2158074,6.755694,0.3285234,-1.0278008,1.4486177,0.67991495
1.3132315,3.158494,1.0952978,6.7209187,0.3826797,-1.035727,1.4565823,0.99233985
2.8235617,5.351547,0.9954326,6.8107414,0.39561725,-1.0188321,1.5329895,0.018718183
2.4394217,4.801653,1.2357974,6.735246,0.33440995,-0.9694669,1.0008848,0.90961194
2.7067947,4.296048,1.0831509,6.9694986,0.31480289,-0.9914813,0.640713,-0.019634873
2.749545,5.7878914,1.0104871,6.821565,0.38680744,-1.0952735,1.8506699,0.21655595
2.9829535,3.368258,1.1478004,6.7666025,0.4486189,-1.1166205,2.385997,0.946939
2.9727693,2.198974,1.1106215,6.7606077,0.52331805,-1.1816694,1.428047,0.95288634
2.9376402,4.463875,0.78269696,6.7811823,0.5951102,-1.2375119,1.4055367,0.7768543
2.9921813,4.442382,0.8584658,6.952449,0.53735995,-1.2186044,1.4577467,0.6371888
1.9089055,2.7701786,0.7340915,6.901357,0.5102477,-1.1963557,0.5064024,0.8248062
2.8067346,9.762786,0.876359,6.9001603,0.5321772,-1.1543295,-0.48558486,0.07204211
2.7590275,3.6617832,0.8507203,6.8216295,0.5141928,-1.1427681,2.1553457,0.49393672
2.5177329,4.2003975,0.95318484,6.805463,0.47422218,-1.1352618,0.55067384,0.31465578
2.4389253,3.495723,0.9546541,6.7699294,0.496454,-1.1991043,-0.07332873,0.05813855
2.2888703,7.7500916,0.9630194,6.623577,0.4985094,-1.1391531,0.031133771,0.07966977
2.2689893,2.16987,0.9590471,6.7190294,0.46775103,-1.1363008,0.7911738,0.8086426
2.6503177,2.966001,0.971861,6.656721,0.48269534,-1.1410012,0.8984412,0.7037573
2.3183477,9.04459,0.98033214,6.638322,0.4672737,-1.1426437,1.6604061,0.8680334
2.5415416,7.96077,1.0843172,6.665812,0.44188666,-1.112916,1.4930933,0.82494736
2.6625564,2.1480951,1.0931191,6.661143,0.47079897,-1.1528902,1.6777196,0.869472
2.5861382,8.927128,0.92844,6.5982957,0.4832325,-1.1574873,1.5822711,0.66991186
2.7581818,9.734472,1.0279107,6.60094,0.48813367,-1.202165,2.0279613,0.8828325
2.8160741,9.849459,0.8990803,6.758227,0.52992034,-1.2147672,1.8983898,0.92541504
1.0878962,3.3393798,0.851815,6.7816124,0.5446851,-1.073952,0.07655871,0.9455447
2.2402687,3.1337495,0.919086,6.912736,0.51731396,-1.1871502,0.39653695,-0.42493242
2.1507192,7.178049,1.2701182,6.5573645,0.4610672,-1.1233803,-0.16168243,0.46350777
2.806507,4.6736336,1.3749862,6.518289,0.42182183,-1.1358795,1.1489756,0.65542066
2.770373,2.0806026,1.2741525,6.6786146,0.40950656,-1.0913551,1.6006725,0.8284662
2.3580627,2.265454,1.3336673,6.5401835,0.41413498,-1.0816623,0.67172873,0.78022397
2.841415,4.9632707,1.4447572,6.467342,0.43737578,-1.1144159,2.510934,0.5891144
2.8731241,8.0015545,1.3779974,6.4730487,0.43172717,-1.1046805,2.2333677,0.91163754
1.7783812,9.098726,1.3525424,6.379201,0.4503324,-1.1260624,1.9553368,0.99387
1.9705801,2.2323775,1.2835531,6.3144665,0.49166965,-1.1879089,1.2208188,0.10080701
2.1645215,6.762312,1.3338442,6.394915,0.47598743,-1.171921,0.6859982,0.5310539
1.6203231,4.0900326,1.3502271,6.3617554,0.4622872,-1.1447899,2.4353116,0.6667414
1.9300786,4.449973,1.3856115,6.349418,0.42219567,-1.0446156,0.9648652,0.66127586
1.1792175,4.3048224,1.3653197,6.385203,0.44642115,-1.1304641,1.2654352,0.20834988
1.5593129,4.240941,1.3492341,6.41579,0.45461416,-1.1261411,1.2769537,0.9331565
1.6477878,9.361039,1.2674434,6.396312,0.4423175,-1.1224341,1.3739283,0.054760396
2.7400572,9.487776,1.2112586,6.423262,0.49083233,-1.1327659,1.8382082,-0.055354595
2.4920874,2.177346,1.3034458,6.398177,0.4938705,-1.171555,1.5954258,-0.4261831
1.8426297,8.694944,1.3603964,6.328899,0.47807884,-1.2066267,1.9881661,0.74133515
1.8918184,2.6534677,1.3267817,6.2772512,0.5040431,-1.1770422,1.2321,0.58955336
1.6970109,4.352357,1.2231283,6.235773,0.51332283,-1.1379242,1.3274343,0.6703371
2.1470928,3.8248065,1.1964183,6.329125,0.5221,-1.1904613,0.34817266,-0.120146215
2.0602918,5.8941717,1.1547289,6.4011035,0.48319817,-1.1652334,1.81128,0.62632596
2.1757412,9.590845,1.2507405,6.3637075,0.50480795,-1.1530055,1.2274737,0.6087663
2.2890394,8.808031,1.2033696,6.4188223,0.4792261,-1.1928917,1.6069481,0.6103023
2.959901,5.752369,1.2052853,6.398296,0.5523186,-1.1852183,1.4997032,0.54150915
2.3269327,8.861086,1.1828556,6.498191,0.5051694,-1.1888698,2.0869558,0.95318663
2.7110925,8.651698,1.0755455,6.563672,0.50449824,-1.1688184,2.0685852,0.7067733
2.626372,5.2771006,1.1277602,6.522502,0.5171826,-1.1807907,2.4435878,0.24012685
2.6705391,5.5666914,1.0703688,6.676512,0.51567245,-1.1946738,0.5772892,0.5763743
2.7605972,9.419411,0.9565538,6.731595,0.4946742,-1.2073236,1.5601339,0.64092314
2.5829191,4.4891195,0.8229604,6.728273,0.51571536,-1.1412547,1.0696182,0.56217504
1.6641874,6.7564173,0.7538142,6.817147,0.5314405,-1.1865447,0.5902381,0.4157611
1.6449519,8.22249,0.6335585,7.079134,0.541214,-1.2018063,1.1541739,0.9400592
2.0913057,9.496925,0.6237209,6.9259377,0.5416696,-1.1746173,1.233803,0.81180596
1.9817576,3.2878923,0.4372989,7.17284,0.5368483,-1.2278506,0.42789483,0.5587814
1.9742608,3.6041713,0.52893424,7.079361,0.506922,-1.1976447,0.71438015,0.49506974
2.713063,9.306281,0.5133027,7.039404,0.5175214,-1.1849573,0.74599886,0.68628144
2.6508665,8.47233,0.60334396,7.04321,0.5571017,-1.2500625,0.5823525,0.70852506
2.5761197,6.456229,0.6619985,6.9328547,0.56313705,-1.2656239,0.7662468,0.754863
2.832935,2.4218516,0.615422,7.0208,0.57214284,-1.2157493,1.3490031,0.157291
2.8183193,3.3652694,0.67475736,6.9878435,0.567044,-1.218149,2.36443,0.9832798
1.8463868,6.6695647,0.477116,7.001456,0.5290816,-1.1584654,0.8893602,0.9563621
2.2219853,3.483798,0.56594443,7.043951,0.5369358,-1.1860204,0.09729457,0.9345143
2.0760741,3.9392643,0.5844785,6.99473,0.52952003,-1.1740719,0.25844514,-0.43457058
1.7834582,4.3805656,0.5981808,7.0454497,0.5370188,-1.2266768,1.4262214,-0.32737786
1.8008235,6.599978,0.55462873,6.8407416,0.59844303,-1.1421368,-0.6799872,0.5045004
1.7017016,6.064029,0.6506448,6.876343,0.617136,-1.1477568,-0.8630618,0.52179456
2.0500379,3.7740784,0.76118636,6.718094,0.6019783,-1.2425289,1.6675673,0.17103696
1.8586355,7.2379627,0.92758024,6.682398,0.5452635,-1.27271,0.90734804,0.19381833
2.643734,2.9777448,1.0977144,6.5977583,0.542258,-1.2365395,1.1750133,0.2657683
2.5250044,2.0313554,0.982743,6.662492,0.563184,-1.2307101,1.0446432,0.734133
0.9538361,2.1324382,0.89131045,6.6816645,0.62635756,-1.2491927,-0.8895557,0.46442062
2.7665884,2.7097633,0.84646344,6.628892,0.70805526,-1.318522,-0.38524628,0.058700442
2.0004978,2.9283981,0.8217982,6.5208855,0.7059612,-1.2573836,-0.25770414,0.75681984
1.84013,3.8973181,0.69388866,6.5422964,0.6874769,-1.3122284,1.2127497,0.56038475
2.227625,6.6105375,0.79156613,6.6646576,0.66411304,-1.3185736,1.1578522,0.5018635
2.268218,2.3703403,0.7305552,6.69491,0.63684034,-1.29527,0.98034644,0.59550667
1.9533851,2.4140315,0.8096696,6.9070826,0.5898557,-1.2917006,1.98542,0.5769508
0.6279999,2.0476274,0.7370825,6.983287,0.62119937,-1.2703865,1.2955198,0.7483847
0.60104716,2.0716987,0.73787665,7.106514,0.58442855,-1.2740593,2.684748,0.8683039
0.56727254,2.7006676,0.7514305,7.0357027,0.6318753,-1.2521818,2.9593155,0.7300341
0.51588356,2.330546,0.7417654,7.119762,0.5752473,-1.2579932,0.87470806,0.43560052
2.6145995,2.5312667,0.7040398,6.8355885,0.5140195,-1.1869158,1.4371226,0.7087623
1.6331586,2.746078,0.6006222,7.069065,0.4834826,-1.155716,2.110337,0.7018738
1.5977217,2.5987349,0.35252368,7.142206,0.5249512,-1.2702961,2.777978,0.8577658
1.7334086,4.4230986,0.32191002,7.3762436,0.56592035,-1.2711413,2.9862785,0.79001236
1.6310909,3.7554097,0.27776086,7.326631,0.5943186,-1.2501826,2.9903345,0.25764918
1.869695,2.1770697,0.24507403,7.229179,0.5823965,-1.197015,-0.8768453,0.17669427
1.1543169,2.341749,0.17025113,7.3171844,0.63203645,-1.2095954,-0.6093797,-0.40195182
0.94277596,2.315042,0.29240108,7.287218,0.5761936,-1.1970954,0.45160854,0.5412495
2.5036566,2.1562486,0.26852107,7.290016,0.5597985,-1.2367927,0.7485881,0.51781356
2.1155324,4.5223694,0.16989386,7.292249,0.5549183,-1.2011771,1.3445499,0.91641843
1.510436,2.1897054,0.10237026,7.360181,0.5294099,-1.2043171,0.6483247,0.67815554
1.377001,3.365541,0.14217722,7.5077324,0.5189173,-1.1935775,-0.12161082,0.30169773
2.0041678,3.2697754,0.123663306,7.5077524,0.5112841,-1.2115327,1.3911331,0.32899928
1.6889293,4.41595,0.12566829,7.4185452,0.5502064,-1.2621794,1.5678065,0.7920226
1.9773629,3.8862424,0.18626809,7.393067,0.5472591,-1.2291255,2.5260053,0.41761214
2.1380534,6.202363,0.14453316,7.3325243,0.5467379,-1.2136302,0.04894507,0.48035383
2.5380774,2.8484082,0.32017577,7.2280293,0.5590706,-1.2288525,1.4472027,0.89780164
1.6744922,2.789126,0.25796008,7.2189765,0.57590437,-1.1862845,1.4517674,0.93368685
2.2851877,8.248663,0.36418343,7.2062845,0.5358343,-1.1582704,-0.30212337,0.8542218
2.4149265,2.9007154,0.47951472,7.14064,0.56247044,-1.1367712,-0.7317053,0.9593394
2.416902,3.10647,0.5182787,6.960035,0.5700276,-1.1195476,-0.26646554,0.9836738
2.3855577,2.99227,0.39196253,6.9451003,0.5669186,-1.1084354,2.722068,0.96813357
2.5371764,8.748996,0.4038186,7.0364704,0.5642903,-1.143141,2.6642861,0.97403777
2.6467562,6.555317,0.39959514,7.026092,0.49406195,-1.1253061,2.0801008,0.5293045
2.8114953,8.336161,0.45285487,7.0326552,0.5405395,-1.1962991,2.8999033,0.7033751
2.5349102,7.030147,0.35337782,7.3450255,0.5203254,-1.1756812,0.21719992,0.38772
2.1944757,5.472575,0.11759615,7.3147936,0.5694387,-1.2367812,0.22961867,0.6642324
1.6159345,4.873716,0.019819379,7.386743,0.54735255,-1.111522,-0.19290859,0.61480737
2.614707,3.3246262,0.8938495,8.162489,-0.5742161,-0.08296633,0.29846716,0.13957
2.2628956,3.7304666,0.8195157,8.116341,-0.5376383,-0.09808707,1.1881778,0.418445
2.5308301,3.5045915,0.9373914,8.13102,-0.5560111,-0.19238138,0.60990345,-0.24218231
2.7333498,3.9066327,0.4596213,8.165915,-0.5048547,-0.21822667,1.5025442,-0.1437338
2.864814,4.6305256,-0.046601176,8.327993,-0.50512683,-0.19563293,1.0745745,-0.15218228
2.3700736,3.9878902,-0.20743859,8.359763,-0.49392438,-0.156492,0.4685589,0.94974864
1.8632418,5.2911544,0.5466628,8.455044,-0.5188451,-0.096034765,0.42679846,-0.46148267
2.1025763,5.432295,-0.30954695,8.6421795,-0.56591487,-0.049535275,0.104755044,-0.49021882
2.2592957,5.5157967,0.22449148,8.669369,-0.6587839,-0.04608488,0.04825604,0.03742802
2.6901755,8.13635,-0.09895992,8.66481,-0.6818805,-0.0037806034,0.6506032,0.09539789
2.5284195,8.00913,0.41052592,8.744629,-0.6611202,-0.016263008,1.3669913,-0.08187428
2.2546816,6.7371645,0.46980393,8.717724,-0.68625295,-0.016684532,1.8520031,-0.18059552
2.1939187,8.1242895,0.36769724,8.745371,-0.659992,-0.06275201,1.5630207,0.71828866
1.9675556,7.0163975,0.53972983,8.77908,-0.65664804,-0.071465254,1.6047723,-0.30815697
2.0984626,7.1281447,-0.2604726,8.826311,-0.65901244,-0.030493975,0.40182436,-0.36061335
2.142054,6.711219,0.42395627,8.845849,-0.7104528,-0.023358345,0.36569834,-0.058302343
2.1856909,5.981933,0.034966707,8.7311535,-0.67907834,-0.009315014,0.47965634,-0.4308562
2.1807556,4.199831,0.15156698,8.51943,-0.70914555,-0.012185097,-0.22204316,-0.23764142
2.217892,2.3464727,0.0609442,8.429745,-0.6827439,-0.010578394,-0.81715626,-0.3810538
2.7945688,2.1643693,0.070272565,8.533152,-0.68864167,-0.021485806,0.6104307,0.066755354
2.9031022,2.5524004,0.32283258,8.55126,-0.71235657,-0.0022556782,0.12758291,-0.3500355
2.6738558,3.1432347,0.5049399,8.43881,-0.69002724,-0.004292488,2.1501155,-0.14268059
2.028144,3.3961105,0.518999,8.413147,-0.68611217,-0.0022621155,2.8749487,-0.12059915
2.1093473,3.0866923,0.48808515,8.209194,-0.6345347,-0.014169931,0.278368,0.6702044
2.2095175,3.6110768,0.27107048,8.311813,-0.6212988,-0.026985884,0.35254073,-0.30669796
2.25202,4.1785507,0.19742012,8.358725,-0.6517985,-0.09487891,1.7763443,0.3716643
2.2998493,4.7172585,0.7228558,8.430159,-0.6350938,-0.016515493,1.8580272,0.73823476
2.7103813,3.7081692,0.3324182,8.244456,-0.5772085,-0.05229926,1.6671181,0.6881931
2.1770296,4.9226804,0.3934363,8.305212,-0.60421515,-0.07875228,1.7305365,0.18332398
1.7428492,3.2204607,0.5657382,8.290003,-0.64648414,-0.040977478,1.0934365,0.231013
2.5282915,6.147611,1.2594533,8.3059225,-0.61916816,-0.049896,1.4698963,0.035079956
2.218042,6.245733,1.2206142,8.246981,-0.61502886,-0.095327854,1.6144729,0.10607058
2.3962712,7.7949705,1.3105128,8.257426,-0.60778284,-0.08656907,1.7784991,0.4056427
2.5766048,6.92232,1.3383212,8.232919,-0.58660746,-0.1292293,1.8400095,-0.08438766
2.4434295,6.820771,1.4873261,8.240343,-0.6092565,-0.099353075,1.9826701,0.40358418
2.354421,6.039452,1.2013707,8.278297,-0.57518995,-0.09567237,1.1124237,0.4550631
2.5924263,6.082714,0.5807109,8.368565,-0.6076195,-0.09484482,1.3075306,0.07400161
2.6492167,5.0654078,0.60047793,8.414318,-0.66161084,-0.087041855,2.2840436,0.0179497
2.4109395,5.2483606,0.579584,8.504583,-0.6669575,-0.0074276924,0.5939884,-0.07059997
2.5747135,5.8231726,0.6212387,8.526827,-0.72102773,-0.0013813972,1.0748038,0.143951
2.4788022,3.907734,-0.23738897,8.360777,-0.6737144,-0.0022354126,1.120538,0.11762023
2.033733,2.803284,0.16274536,8.494553,-0.6646451,-0.027725697,-0.7235534,0.025335789
1.8026155,2.5713606,-0.077811,8.479196,-0.64156806,-0.019739151,1.1857533,-0.4913911
2.4666424,2.6759582,0.023938417,8.511595,-0.68704784,-0.0111346245,-0.76601523,-0.44533756
2.2720075,3.3594685,0.91430116,8.492778,-0.72483087,-0.029260397,1.9262652,-0.45763344
2.5317001,4.005533,1.0290451,8.33883,-0.69668293,-0.013340712,1.438941,0.09873432
1.836781,4.6796417,1.3228064,8.4008255,-0.66534185,-0.02841711,1.4538293,0.07742751
2.8880975,4.9284234,1.06307,8.362818,-0.6262486,-0.04891944,1.8263922,-0.26668167
2.5183825,5.116995,0.95906734,8.430226,-0.6472142,-0.05373454,0.48502147,-0.057767928
2.5853603,6.353412,0.9599929,8.368385,-0.64956415,-0.055057764,0.95394516,0.03411436
2.615837,3.3977697,1.5878713,8.1206875,-0.6850884,-0.047752857,1.5622876,-0.12761828
2.7957692,2.213,1.5538151,8.212917,-0.67325807,-0.027587414,2.4679317,0.6333978
1.996948,4.4268126,1.3076749,8.252889,-0.644037,-0.027734995,2.085388,0.7084081
2.303873,4.126564,0.9820361,8.339266,-0.66223,-0.022090435,1.5301349,0.7752913
2.305107,3.6186378,0.6954551,8.30864,-0.6686754,-0.026610851,2.8686974,0.4302768
2.8833897,3.47747,0.29910147,8.441717,-0.6368953,-0.038843155,2.543151,-0.07708314
2.8533623,5.4243655,0.8324454,8.219139,-0.5983043,-0.038159132,2.9231927,0.26339424
2.7269466,7.0018244,0.3632784,8.423685,-0.570678,-0.10160875,1.9401696,-0.35194147
2.8227248,7.289605,-0.6885755,8.572496,-0.5112132,-0.08904672,1.0494316,0.684085
2.4291937,7.833781,-0.34665298,8.575765,-0.55561423,-0.087536335,-0.11006892,-0.17463857
2.9678824,8.799639,-0.1447621,8.465696,-0.5001514,-0.061957836,-0.017194092,0.283682
2.8842328,8.1709,-0.0063204765,8.41786,-0.5568366,-0.041759253,2.7425623,0.1650868
2.8666399,7.3450327,0.1389159,8.379604,-0.5952276,-0.020117283,2.05632,0.82265556
2.8144224,6.2235084,0.09216821,8.284786,-0.5768558,-0.01925373,2.5487876,0.64235747
2.4481814,9.920408,1.1111419,8.309795,-0.5678338,-0.04447317,2.8501604,0.521801
2.4799385,9.924462,1.2158995,8.386643,-0.5627487,-0.07712436,0.040054202,-0.047210872
2.8385227,8.715926,1.0689936,8.403286,-0.5570829,-0.12815952,2.1413083,0.0803895
2.653692,4.060874,0.7319622,8.413451,-0.6484177,-0.077326536,0.06900346,0.27646685
2.4496772,3.004875,0.6858721,8.275467,-0.6030681,-0.06987119,1.7463763,-0.053144753
2.3885498,3.0077899,-0.08623558,8.274618,-0.6054772,-0.0775702,0.29226422,-0.3245505
2.4933279,2.6959028,0.7856717,8.237417,-0.6148497,-0.09537029,-0.10794091,-0.25786668
2.0957909,2.6222832,0.9669101,8.223218,-0.592124,-0.12017226,2.1626475,-0.2130462
2.0424619,2.8504095,0.3329692,8.215794,-0.5813092,-0.12589216,2.3774645,0.635136
2.0728712,2.4217825,1.0239286,8.046404,-0.58580875,-0.12891245,0.7376543,0.18287462
2.2087262,2.8491716,0.8609656,8.047,-0.5248568,-0.15979624,-0.23682028,-0.49613127
2.5295002,2.774179,0.9722179,8.206259,-0.53019524,-0.09901762,-0.4702022,0.9716753
2.16161,3.1879811,1.4679325,7.929208,-0.56630385,-0.035755634,-0.48207486,-0.47541586
2.898989,2.0262392,1.144798,7.9400406,-0.49308896,-0.098478556,0.027261138,0.37142324
2.8007693,2.4867315,1.2891407,7.949275,-0.5274234,-0.18452406,1.3946812,0.8047147
2.4071703,2.6605341,0.9723109,8.024076,-0.49306726,-0.19265628,1.1205804,0.9129801
2.73166,4.151688,1.1379261,8.008654,-0.44855022,-0.21767378,1.2972074,-0.35129726
2.5676515,2.709595,0.9004992,7.9259033,-0.44349992,-0.22377634,1.410825,0.94829524
1.6492553,2.750123,1.0757804,7.8259473,-0.4341836,-0.16576958,0.40651023,0.22210759
1.8087537,2.7501178,1.1323705,7.8237314,-0.40072513,-0.21891403,0.16045344,0.4054551
1.6955991,2.9634073,1.1533155,7.809743,-0.40465343,-0.25574493,0.24762297,0.046332896
2.099761,5.4536643,1.193542,7.9247904,-0.43356133,-0.24844456,2.8996162,0.34306252
1.6125995,4.3598366,1.1334,8.011889,-0.4176203,-0.27374125,0.31244695,0.28825963
1.6128614,4.8624263,0.9668963,7.98602,-0.35903096,-0.33846068,1.4600551,-0.062912315
1.5879735,5.6414104,0.9717283,7.9901996,-0.31892443,-0.3301592,0.2216407,0.1837194
1.8343339,4.374852,0.5551257,7.899947,-0.3450365,-0.33324814,1.8789816,0.69522536
1.4812765,3.9047616,1.0496778,7.998953,-0.3946756,-0.2851405,2.2536922,0.50363314
1.8540776,3.2011104,1.2245622,7.951464,-0.4232869,-0.36415958,0.8396714,-0.23353922
2.330511,3.5343578,1.4062111,7.9629555,-0.46211123,-0.27780986,0.6479025,0.21525842
2.7427897,5.801917,1.605293,7.899161,-0.45209396,-0.31661558,2.0951624,0.49017805
2.8459227,5.2888956,1.6202369,7.802074,-0.4392643,-0.25981617,1.2175069,-0.14148456
2.9665353,7.506259,1.5371943,7.7212586,-0.36304045,-0.28448248,1.2121212,0.41273177
2.7198267,6.2428803,1.587017,7.7072506,-0.36606288,-0.32316875,0.13772333,-0.023677528
2.9114892,9.761488,1.6472907,7.687165,-0.3678068,-0.32913327,2.5160325,-0.16350847
2.6824782,8.363915,1.6547441,7.751386,-0.35875154,-0.28733325,2.6918242,0.8554323
2.6681135,4.64997,1.3334417,7.651473,-0.2975099,-0.30624056,2.7109041,0.5581889
2.6786747,8.679872,1.2920396,7.61425,-0.2892412,-0.3520279,1.6777532,0.9084947
1.6332368,5.1698203,1.3510883,7.664171,-0.29157877,-0.3595667,1.6048164,0.17905873
1.780682,5.575218,1.5536861,7.6767826,-0.30154586,-0.42074513,1.6232584,0.5822716
2.4281816,4.4025364,1.5631266,7.4771876,-0.29228616,-0.38223028,2.132852,0.08285111
2.3869224,4.7014894,1.6271894,7.4973063,-0.32488894,-0.3717444,2.0425107,0.84984934
2.4271603,4.373592,1.6905563,7.570531,-0.35651994,-0.36492014,2.0742352,0.35320532
2.228807,4.928299,1.7422628,7.617016,-0.37358356,-0.34193516,2.698426,0.38016564
1.6994925,3.5450134,1.8531651,7.446116,-0.37196457,-0.35773706,2.70577,0.3029635
2.5709019,3.3467264,1.8550425,7.343719,-0.32890618,-0.39734554,1.460001,0.25456893
2.1858482,6.0718584,1.8878388,7.27485,-0.32309473,-0.34468699,1.6216412,0.65033484
2.9070659,4.647004,1.8837693,7.3500457,-0.29722238,-0.2934904,1.9628239,0.60882974
2.7449675,4.770193,1.7456026,7.4178066,-0.3252039,-0.30004334,2.4644473,0.54902494
2.6687682,8.696604,1.928596,7.448209,-0.35350597,-0.2873807,1.5527809,0.48231184
1.9498909,5.954817,1.9188075,7.44822,-0.37307823,-0.37957096,2.3867445,0.5338894
2.4686189,2.657367,1.9099603,7.5760508,-0.41236675,-0.333107,1.7306664,-0.4024124
2.5210686,3.0968432,1.9636612,7.5679207,-0.44503975,-0.341846,2.245823,-0.41463512
1.5894172,3.0172172,1.924386,7.511566,-0.45252275,-0.32983136,2.3798592,0.2034123
2.535429,4.0158367,1.9607856,7.4948254,-0.43866765,-0.2983322,1.5663426,0.4334808
2.2181358,5.8194084,1.952498,7.496348,-0.42327106,-0.22120833,1.6984713,0.4002123
2.5896277,6.744539,1.7328959,7.646302,-0.39399385,-0.2506075,2.419684,0.6198735
2.1606755,7.022317,1.8164649,7.639498,-0.4053892,-0.27775645,2.581711,0.1020174
2.2116427,5.466201,1.9165704,7.5531945,-0.4152341,-0.31249428,0.5600058,-0.033225358
2.1326237,5.1276255,1.9450777,7.5499144,-0.42357278,-0.26834178,2.5567462,0.5900557
2.0466413,4.8677135,1.9439242,7.559722,-0.406026,-0.31140018,1.2368205,0.15614128
2.0161362,2.5725946,1.9895904,7.448314,-0.4246471,-0.28756618,2.634104,0.11542392
2.8490756,8.681482,0.4428246,6.5023437,1.9988415,-2.6548333,0.8194189,0.23085892
2.8245025,8.394949,0.46848094,6.4423676,1.9964983,-2.670132,-0.053961992,0.36083412
2.5859423,9.487209,0.4782585,6.464958,1.9649823,-2.528392,-0.98041856,0.2423873
2.962299,6.303972,0.44326067,6.4611998,1.9473071,-2.5105138,-0.8594105,0.30661482
2.9342258,9.582863,0.46398723,6.4410076,1.9506757,-2.5393677,-0.9261042,0.20293254
2.898607,8.873832,0.4800111,6.4334655,1.9314802,-2.5216818,-0.9679555,-0.15597063
2.5743062,9.48782,0.36226296,6.5076,1.8914065,-2.5209882,0.08147848,0.4957204
2.031248,9.451315,0.3708465,6.546362,1.8965018,-2.5228791,0.94082236,0.89965737
2.3802576,7.47615,0.3507048,6.5241294,1.9262064,-2.5570695,0.42357183,0.8889717
1.0772508,8.297857,0.28187466,6.7230687,1.9853435,-2.5347943,-0.8481061,0.75675845
1.2812839,9.520979,0.31359076,6.6096306,1.9864964,-2.5498323,-0.6812763,0.6007763
2.6871638,9.73685,0.25272834,6.6701703,1.9868138,-2.5248895,-0.022165239,0.664341
2.8602283,8.171445,0.27737927,6.773789,1.9854178,-2.5072126,-0.93242097,0.7298267
2.306326,9.912922,0.18212414,6.711084,1.986011,-2.4858022,-0.8992241,0.77230597
1.2869996,3.5020695,0.32102144,6.6918917,1.9225025,-2.4948652,-0.9809988,0.3103932
1.214798,8.691157,0.32707572,6.711091,1.8713319,-2.467921,-0.87952816,0.4220091
1.1690854,9.172926,0.30439782,6.739776,1.8291037,-2.4584808,-0.87445456,0.25879002
2.0793698,9.804049,0.3365065,6.709178,1.8237894,-2.5054264,0.768103,0.3845995
1.6281718,9.175041,0.3131671,6.783962,1.7774186,-2.4793618,1.6640778,0.8491355
1.1468459,6.3369536,0.32881355,6.633979,1.882189,-2.4860926,0.25467086,0.8738234
1.7316217,9.381615,0.32445717,6.5431833,1.884748,-2.5128095,-0.2839378,0.76178074
1.6573184,9.553128,0.31923234,6.553424,1.903486,-2.5573285,0.17538023,0.8065045
2.2168767,9.405081,0.32320774,6.6422453,1.9225011,-2.5604339,1.0421133,0.68874204
1.1313539,9.244418,0.33935428,6.573739,1.9375894,-2.5656326,-0.0094124675,0.8144481
1.1568279,8.150776,0.32654715,6.585702,1.9661231,-2.5914633,0.97784615,0.6250253
1.13497,8.597833,0.3092518,6.6464376,1.974591,-2.6031497,0.80008185,0.85372937
1.4383867,9.060873,0.27600038,6.6497374,1.9460423,-2.6311052,1.394912,0.8705801
1.6139715,9.593531,0.2674787,6.6567545,1.9501209,-2.6095452,1.3059108,0.99225795
1.8158865,2.331415,0.3210554,6.598976,1.9614968,-2.567499,0.65358794,0.9978479
1.8708105,2.547742,0.42848945,6.537015,1.966244,-2.5702386,0.8887657,0.81742346
2.467588,2.253705,0.4530475,6.47408,1.9674375,-2.5990176,-0.2550094,0.72509086
0.9201961,7.4462576,0.40692186,6.4400663,1.9734826,-2.5660365,0.54964244,0.8820033
0.96961534,8.777132,0.3982339,6.4529963,1.9713244,-2.5494065,1.3297987,0.7107389
1.1739082,9.725681,0.3916813,6.4254026,1.93684,-2.5325122,-0.18759656,0.76706505
1.7174915,7.813926,0.42519617,6.386387,1.9236295,-2.5533147,0.5998285,0.2917074
2.0295768,9.808195,0.32245255,6.301445,1.9890742,-2.5436277,0.35293818,0.9849864
1.6890128,9.987082,0.32291198,6.4055796,1.9779253,-2.5504274,-0.38232774,0.7596648
1.7290227,9.557215,0.36888134,6.321841,1.9761891,-2.584649,0.1927756,0.7809646
1.4281342,9.551321,0.35861015,6.4353957,1.9453032,-2.53608,0.15620828,0.62068117
1.4189264,9.027776,0.34303045,6.506235,1.9049633,-2.5095286,-0.6492983,0.6714444
1.4183953,8.469815,0.34593356,6.6126842,1.866771,-2.4728994,-0.09506756,0.94770455
1.3143034,7.139901,0.4160174,6.516155,1.8315859,-2.4636636,0.6241896,0.5990348
1.3175733,6.146311,0.4208889,6.486444,1.8513353,-2.4694076,1.5207317,0.6499412
1.1890582,7.6125345,0.41146255,6.473632,1.7972076,-2.4115014,-0.59453773,0.55337405
2.630834,2.950145,0.42259252,6.6468706,1.7447329,-2.4204063,-0.48506528,0.22877836
2.071198,4.6409655,0.43755555,6.7285132,1.7933395,-2.4782693,0.28688538,0.2778535
0.95570606,5.296135,0.42027354,6.6831994,1.9208877,-2.5262215,0.9688531,0.44166976
2.2066507,5.8391743,0.39911783,6.632149,1.8787887,-2.474668,-0.91632575,0.14662957
2.440134,8.63678,0.44356,6.6675186,1.8270333,-2.4681437,-0.8177696,-0.3569442
2.34269,8.169449,0.44307756,6.5935984,1.8363588,-2.4825451,-0.11669928,-0.23095062
2.2730994,2.801775,0.45304763,6.586273,1.8685625,-2.461341,-0.19875729,-0.47363353
0.6713885,8.153713,0.41176987,6.6933913,1.8528457,-2.4954758,-0.65132064,0.7321539
0.6535082,7.9455624,0.39883256,6.64589,1.9199066,-2.5047088,1.3934684,0.81313944
0.8166466,6.966385,0.32128835,6.6841316,1.9378972,-2.4553661,-0.6708342,0.99009967
2.4763699,6.3375225,0.30941463,6.5707088,1.9179807,-2.4904366,2.5061955,0.97322917
2.4478707,7.180078,0.33002865,6.5719833,1.9323556,-2.5263224,0.2622441,0.9571514
2.0885262,6.7849135,0.3324263,6.537204,1.9507561,-2.514791,0.87321913,0.96146834
1.089376,8.919067,0.32286954,6.594022,1.9294355,-2.5578895,1.2796648,0.9437294
1.9874066,8.787079,0.2959131,6.6139607,1.9224172,-2.5834906,0.4996134,0.99842596
2.0480037,9.3549,0.2412709,6.6255913,1.9521606,-2.5603666,0.33696902,0.9875705
1.9447868,9.435669,0.29529142,6.505002,1.9748995,-2.5575857,0.2441268,0.7159413
1.68657,9.449472,0.28489482,6.76373,1.9028082,-2.5181942,1.1494291,0.986706
2.7947626,9.959015,0.24542618,6.7613187,1.9042544,-2.5352483,2.1893356,0.94952655
1.2861404,5.673291,0.29249907,6.8382545,1.9143844,-2.5149531,0.60578513,0.47199357
1.2392418,6.9397364,0.26358712,6.791091,1.8713613,-2.490836,0.47618377,0.5862192
1.331007,6.040416,0.2433666,6.89196,1.8680713,-2.5060518,0.6705637,0.63269687
1.1831539,9.006023,0.2704835,6.8379335,1.8061509,-2.4974916,1.1369929,0.8720447
0.94521415,4.773856,0.26511037,7.0752516,1.80772,-2.5316057,0.6839304,0.5047816
1.5656226,2.8820004,0.34102368,6.984335,1.7773552,-2.4540162,1.0639439,0.6299782
0.51754,2.0528364,0.34253216,7.094405,1.7468102,-2.4692934,0.7707914,0.0356465
0.52170116,2.6146579,0.30577672,6.966615,1.7380657,-2.369376,0.5076618,0.8266728
0.8026172,2.0293212,0.30398142,7.0226016,1.7257533,-2.395574,1.8925812,0.6776353
0.7940732,2.033191,0.24375188,7.051138,1.7227552,-2.3495626,2.7576287,0.85567725
0.77751684,2.4882245,0.28842473,7.0030966,1.7012336,-2.3151653,1.3106737,0.8492801
1.1291937,9.7017565,0.29225695,6.851906,1.6942878,-2.2660596,-0.9561616,0.9401362
1.1567333,8.175575,0.25832522,6.8895197,1.6758904,-2.2667239,1.2734015,0.9395578
1.2688974,9.362764,0.2978226,6.918373,1.5894985,-2.3283024,0.48548985,0.6947744
1.3656988,3.0391247,0.31919515,6.9578304,1.6344154,-2.2928054,1.9298129,0.661554
1.3100882,8.281176,0.3095417,6.987338,1.5618362,-2.2363076,-0.20620531,0.6278068
2.1058373,8.356667,0.20141089,6.946267,1.5998852,-2.171695,0.32505786,0.61038756
1.5972264,8.859086,0.21554565,6.9093595,1.6718419,-2.2994804,0.47278762,0.8982669
1.698805,7.4517164,0.20467973,6.875472,1.6730444,-2.264271,-0.3588465,0.23483932
1.5157725,7.438419,0.18486154,6.8763103,1.6674087,-2.2553816,-0.48615277,0.85556185
1.4946444,9.792038,0.120821,6.9553843,1.6941583,-2.2764285,0.48749888,0.98256135
1.7276616,8.490551,0.15095401,6.944115,1.7201211,-2.2898407,0.4799049,0.879928
1.8318158,9.638224,0.2237953,6.782445,1.6717353,-2.289113,0.38800514,0.8570031
1.7943195,8.431513,0.22665453,6.882497,1.6957395,-2.3811269,1.4474978,0.6597295
1.9197762,8.657795,0.25168777,6.930039,1.670681,-2.3549132,-0.039260328,0.7681389
1.1912408,9.131467,0.23475075,6.9591265,1.6861732,-2.292107,-0.10639614,0.78374374
2.4233732,9.536631,0.23612261,6.8500857,1.6826537,-2.276454,-0.64559996,0.7410753
1.8021336,9.396373,0.16378284,6.89342,1.7365646,-2.3068922,-0.5307063,0.9464508
1.2952821,5.7731085,0.15055704,6.8746514,1.7031608,-2.1966028,-0.55442214,0.8813844
2.2097888,4.9263544,0.24946475,6.8781323,1.6788433,-2.260665,-0.7104769,0.91875494
0.93082,9.643001,0.27240014,6.8729863,1.7116737,-2.3098783,0.020709157,0.73122287
1.6978173,4.121139,0.34250557,6.6765146,1.6607065,-2.2737217,-0.31009728,0.6075425
2.8486054,6.1871247,0.410496,6.7652874,1.6391728,-2.273366,0.20155561,0.9459201
1.2557132,4.1656976,0.40698647,6.7828255,1.6397226,-2.2836752,0.31131828,-0.22195292
1.7353252,9.255441,0.35707545,6.622381,1.5810015,-2.2859776,1.5886219,0.5503738
1.817817,8.900038,0.33861768,6.7149954,1.5533295,-2.2068498,1.0701678,0.9185951
1.9109492,9.590882,0.33402014,6.5344825,1.5477893,-2.2040472,0.7225238,0.89450336
1.654958,6.0443096,0.37058973,6.6193094,1.5244257,-2.132832,0.4940971,0.6049659
2.7494566,3.4732525,0.43015587,6.6754026,1.5398507,-2.1236486,0.38821733,0.79189646
2.9352064,6.3340864,0.45862722,6.689084,1.4882326,-2.12504,1.0337968,0.5268209
2.6427672,6.0087028,0.45076454,6.587,1.5164049,-2.135851,0.70397973,0.84384537
1.0228795,6.4033365,0.48233342,6.558894,1.5465133,-2.1443193,0.29696763,0.73740804
2.2197595,2.921875,0.46616268,6.547206,1.5669949,-2.1569974,-0.7911185,0.647004
2.763677,2.0818577,0.48123467,6.630872,1.5705221,-2.1522675,-0.63251305,0.51945794
2.838228,9.617968,0.4262712,6.6374273,1.5995762,-2.155389,-0.85452664,0.025070548
2.9559765,9.418792,0.3283038,6.649763,1.604084,-2.1245184,-0.94061875,0.8871021
1.256727,9.241402,0.28820145,6.795824,1.5487354,-2.1026547,-0.81440294,0.8205342
1.4267911,8.840477,0.38087654,6.697524,1.5370662,-2.1145039,-0.9096,0.79922247
1.4189337,9.807892,0.3462236,6.458358,1.5979621,-2.1596699,0.44889164,0.7987815
1.599408,9.591204,0.36226428,6.5592318,1.6056769,-2.176164,-0.47493464,0.5361805
1.5243638,8.629913,0.3820032,6.5769863,1.557636,-2.1377976,-0.7813313,0.3004334
2.6762226,6.7338967,0.39532387,6.566734,1.5665574,-2.1589189,0.2551508,0.7620883
1.5705097,8.772044,0.42444944,6.611816,1.5545168,-2.225977,0.27717686,0.8581109
1.9762032,6.814797,0.40040326,6.5696173,1.6101773,-2.265881,0.25836396,0.822948
1.8081489,7.4716625,0.3392588,6.6563163,1.6478918,-2.3081317,0.29035413,0.6376724
1.7714069,9.838427,0.22661185,6.8650007,1.561846,-2.2593682,0.6224637,0.8436148
1.4098914,2.8710742,0.32924163,6.865594,1.5911808,-2.2538452,2.3418446,0.78929186
1.2801993,4.7046843,0.31124234,6.9045815,1.6001613,-2.2191708,0.2573712,0.95614815
1.9991505,4.5183477,0.29095495,6.930049,1.6140482,-2.244237,2.7382333,0.9849036
2.0205073,2.3551996,0.31002903,6.935323,1.6164138,-2.2443879,2.6020758,0.62776566
2.7767577,9.980125,0.2116915,6.9585238,1.6320326,-2.2998188,1.0740895,0.5370188
2.5280988,4.1732063,0.21433783,7.122417,1.6369209,-2.2457461,1.1692917,0.5118599
2.7942436,4.5365562,0.5628849,6.53786,1.6678851,-2.305143,2.2582095,0.5534377
2.3957205,2.9328222,0.5344353,6.5189543,1.658509,-2.3319938,-0.70786613,0.7879262
1.9652568,2.4058366,0.55288863,6.5025644,1.7254307,-2.2962224,-0.71918565,0.6644882
1.3683934,6.7204127,0.4359125,6.389084,1.6938801,-2.2806976,-0.554121,0.60559344
2.559972,6.926662,0.49171972,6.48714,1.6832883,-2.290401,-0.38413978,0.21057403
2.6938572,6.251111,0.4689287,6.5999937,1.6853716,-2.3175316,-0.18035,0.22209954
0.9039248,4.1028767,0.4703542,6.6017623,1.6697199,-2.3419857,1.741148,0.8406396
0.9735638,6.839507,0.43377054,6.691586,1.6257975,-2.329238,-0.179452,0.7374642
0.9487723,5.274035,0.37190223,6.67354,1.7457094,-2.3221784,-0.85161936,0.7176956
1.2612826,9.083961,0.36234808,6.5205803,1.7446129,-2.2843323,-0.86208403,0.66638255
1.5294864,8.932215,0.34842563,6.5638714,1.7386329,-2.3355808,-0.2740764,0.01667732
1.4460019,8.55245,0.40354073,6.4562616,1.825995,-2.392198,-0.683614,0.2787975
2.2152677,6.5800643,0.41002858,6.4112997,1.8176737,-2.4074075,-0.8334689,0.8349589
2.8456826,6.864045,0.43404377,6.4730167,1.810915,-2.4072492,-0.076339185,0.20084077
2.9766135,6.962392,0.44107318,6.665751,1.7823832,-2.3920863,-0.6935707,0.24067539
2.2989879,4.7777367,0.42757082,6.621588,1.7470462,-2.4079194,0.16248739,0.74211717
1.1211792,6.4362445,0.44322777,6.5228558,1.7681782,-2.3805509,-0.6273571,0.6012038
2.4287858,6.553511,0.41419196,6.578883,1.7472484,-2.3515835,1.0079331,0.47828758
0.9744148,5.625447,0.3612032,6.5813084,1.8161476,-2.3535562,-0.42724842,0.97449136
0.9229021,9.03199,0.40818405,6.506508,1.8446844,-2.4055781,-0.28507143,0.8358959
2.474824,5.2080894,0.42572188,6.502905,1.8199325,-2.4205716,0.6476885,0.64283526
1.0414674,8.116327,0.43533826,6.5727243,1.7995226,-2.4202967,0.44693315,0.8138579
1.0448663,9.478396,0.46871698,6.5722065,1.8027155,-2.4349484,-0.44560838,0.4087326
1.4332491,2.7462604,0.50177646,6.562352,1.7538452,-2.439104,0.96834457,0.3818246
0.8624755,6.3611155,0.50042963,6.542777,1.7562876,-2.4042647,0.8034991,0.37104827
2.6437325,4.8941116,0.4791565,6.52324,1.7443824,-2.3769836,-0.66909415,0.1825962
1.5873861,4.835498,0.5854354,6.3681107,1.6403248,-2.2917652,1.1854637,0.5901958
2.0021842,3.2335832,0.58653045,6.4790916,1.672713,-2.365757,0.9080465,0.75229156
2.1528244,3.232092,0.5660242,6.316308,1.6594441,-2.2808876,-0.87480783,0.2271359
2.0930696,9.166009,0.5051402,6.4684677,1.6595263,-2.278955,-0.30298597,0.002316296
2.0857363,8.248516,0.5354593,6.406396,1.6719675,-2.3448687,-0.43709338,-0.3207804
1.9178271,3.805996,0.5413234,6.4426365,1.6671522,-2.333651,-0.1282605,-0.22907329
2.3927984,3.9637132,0.5567434,6.3723536,1.6518388,-2.3083692,1.8401694,0.7803637
0.9599035,2.9733374,0.5785508,6.3465242,1.6334198,-2.2642765,-0.55604833,0.8115748
2.5305333,6.9391007,0.56947184,6.3476224,1.6718011,-2.2759254,-0.65862596,0.97205925
1.0794753,8.848381,0.58052564,6.308874,1.666779,-2.2908826,2.9342067,0.9908252
1.1432979,6.2434816,0.4965675,6.391595,1.7037885,-2.3180246,2.4741733,0.97296274
2.6188903,7.129678,0.48554158,6.453205,1.7316506,-2.3462129,-0.80508524,0.9790379
2.5379598,2.270999,0.4890102,6.43596,1.7217155,-2.2772646,-0.94848204,0.983382
2.5244954,6.0754533,0.5284246,6.471056,1.6973941,-2.3010328,-0.1606465,0.6262202
2.9329975,6.863521,0.5287695,6.3506317,1.70504,-2.3172545,-0.55234206,0.7768686
1.77125,3.4606316,0.5163604,6.562164,1.6748748,-2.3195958,0.68482757,0.56173587
1.2037315,3.220746,0.57466793,6.6226106,1.5973744,-2.3303804,1.3088598,0.38885665
1.8275566,2.3774543,0.51876366,6.528272,1.6077924,-2.289691,0.9385196,0.57125986
1.2018257,5.7789536,0.50529885,6.56723,1.5800986,-2.2623267,-0.29006857,0.27939713
0.94561124,3.6885026,0.5496905,6.331196,1.6278591,-2.2206626,-0.34395027,-0.013032436
0.91343987,3.9180923,0.5805111,6.403511,1.6654937,-2.258562,-0.75046456,0.86839974
2.6282318,4.9742107,0.5600164,6.3626266,1.7056034,-2.3422987,1.2838018,0.7080114
2.3258743,7.068064,0.57057786,6.31932,1.6481495,-2.289661,2.102125,0.2820078
1.7105333,6.290174,0.48989892,6.367366,1.676858,-2.2996984,1.9902868,0.7318201
1.9373467,4.5884213,0.4895022,6.4755106,1.6831176,-2.2563946,-0.7791472,0.86734843
1.3371632,4.045677,0.47753215,6.370659,1.6844769,-2.2896976,0.65273523,0.78586507
1.3048981,4.879101,0.43878472,6.477644,1.6961632,-2.2908733,0.7295791,0.99682987
1.1198518,8.500164,0.4058696,6.4406023,1.7118721,-2.3112774,0.1949166,0.88212895
1.1104391,9.282027,0.48072863,6.334403,1.6957688,-2.2613413,-0.21798068,0.88451743
2.6476665,3.4288518,0.5350158,6.49288,1.6283209,-2.2606149,1.0718284,0.685393
2.8924427,2.5655122,0.5680691,6.4562674,1.6402569,-2.263549,0.523489,0.5951154
0.8370459,9.920425,0.56170654,6.491902,1.7026045,-2.3152528,0.7903168,0.6312008
0.94754076,9.98955,0.5105219,6.5706472,1.68086,-2.330441,-0.17193288,0.23265088
2.4206257,2.0049865,0.5072925,6.5705867,1.7139492,-2.377787,-0.30165398,0.23264164
0.5920421,2.0213907,0.58443356,6.568058,1.7174435,-2.4436831,0.48278832,0.52454555
2.2220042,2.0080612,0.5436206,6.45156,1.7393458,-2.4371538,-0.5626986,0.41983378
1.1373761,8.663832,0.44797373,6.512519,1.7631109,-2.40444,0.27250564,0.5288602
1.1093787,9.058793,0.494187,6.457741,1.7528968,-2.3915186,-0.5918628,0.44435418
1.1040866,8.86544,0.4654225,6.5526094,1.7441237,-2.3643503,-0.45598918,0.4823764
1.3426402,8.65538,0.42396724,6.538641,1.7750893,-2.3962467,-0.849226,0.088211596
2.2068229,9.558524,0.38472557,6.644024,1.7723904,-2.370668,-0.6867958,-0.13507304
2.2873406,8.595711,0.38805056,6.639882,1.7069843,-2.3527527,-0.26226687,0.7319131
2.967406,5.789465,0.3886652,6.7313476,1.7656586,-2.3753004,-0.14362478,0.7965069
2.6564016,7.745459,0.32604718,6.756116,1.7719159,-2.3813148,-0.2805903,0.34362108
2.489909,9.156752,0.33888674,6.7311115,1.785171,-2.4072068,-0.9188783,0.16585809
2.9469962,8.008181,0.35457838,6.692955,1.8002653,-2.379268,0.29587078,0.79035246
2.2210922,2.245461,0.33481395,6.664798,1.7700541,-2.3864808,-0.746589,0.8493582
1.7121986,4.5283537,0.37064564,6.5983005,1.7613964,-2.3614516,-0.9603047,0.27297127
1.9807076,5.7959175,0.3355937,6.6690755,1.7686713,-2.3460255,-0.87012327,0.71293604
2.9947703,6.921311,0.3853923,6.6551547,1.7723289,-2.428281,2.0849493,0.66724324
2.9921403,6.5831795,0.3850757,6.716007,1.7698758,-2.39927,1.7367563,0.663754
2.9906309,8.805504,0.39177525,6.8212852,1.7544613,-2.4064598,-0.34363127,-0.13888794
2.606621,4.2901044,0.38247752,6.8878202,1.7488534,-2.4043112,-0.37763435,-0.07430035
1.5984607,4.225918,0.32391453,6.864211,1.7320769,-2.3518891,-0.23778373,0.65215063
1.3009405,8.100323,0.23483193,6.887993,1.7755055,-2.4036505,-0.40608478,0.71312106
1.1839039,8.940046,0.21868944,6.8420205,1.817652,-2.4000483,-0.4382937,0.42554462
1.7282549,5.9890823,0.32278848,6.756201,1.7667234,-2.3690443,-0.58224416,0.500926
1.1238518,9.600408,0.26588023,6.7817774,1.7309349,-2.314696,-0.62013113,0.73103654
1.1235,7.941141,0.26174164,6.8380446,1.7498477,-2.2951338,-0.5478605,0.9046134
0.8907095,2.6833134,0.30628037,6.773656,1.7565861,-2.2925391,-0.5452274,0.89076793
1.9678372,2.6585083,0.30623686,6.776809,1.725949,-2.312969,-0.77419186,0.8096925
2.0617738,6.3864937,0.27708352,6.880604,1.7243476,-2.3756573,-0.9183928,0.30705678
1.7596952,3.1893897,0.27752328,6.9619474,1.7378337,-2.4016867,2.3135955,0.6869912
0.8401612,4.510235,0.29873443,6.9409823,1.7547529,-2.4463758,0.4418187,0.7871505
0.9019475,9.649372,0.3387971,7.069282,1.7400911,-2.435581,0.13385391,0.6826445
0.6074259,9.782085,0.33514535,7.043988,1.7540765,-2.3164282,-0.9934532,0.6930914
0.5991404,9.237242,0.3050325,7.0217137,1.7375076,-2.2713897,-0.9951552,0.6940869
0.5600513,8.898146,0.39368498,6.902019,1.7439406,-2.3367202,-0.9797018,0.4010654
0.59177,7.818682,0.3952315,6.8981466,1.7026572,-2.32835,2.5522494,0.88863826
0.62964267,9.014276,0.36331856,6.9699464,1.7437823,-2.3541956,0.18097055,0.84583724
0.6387588,9.835479,0.27482116,7.124398,1.704885,-2.2551165,-0.8562121,0.8546953
0.82745963,8.970911,0.28608954,6.990143,1.6835918,-2.2267709,-0.46146327,0.39216602
2.7639396,7.0631576,0.36659312,6.972062,1.6449361,-2.3436759,0.2209121,0.04660505
2.5993166,9.176052,0.39552712,6.8668284,1.6646259,-2.3322983,-0.0880574,0.24930316
1.3134052,6.7179327,0.42882037,6.691257,1.6678698,-2.323409,0.2189846,0.11512929
1.9066607,4.469573,0.4429958,6.7245717,1.6851888,-2.3726242,-0.5321239,0.20647126
2.3325777,4.0400634,0.41532314,6.63976,1.6994135,-2.2792697,-0.57725865,0.13187146
0.61490035,9.170279,0.45581877,6.754113,1.7407436,-2.3165166,-0.8138214,0.95717406
0.64072865,6.172778,0.4433676,6.7279334,1.7416866,-2.3205538,-0.086093366,0.38351196
0.552619,6.1110606,0.43523502,6.6868925,1.7196577,-2.294403,-0.056712985,0.9875252
0.93130296,8.986088,0.42168522,6.6276536,1.7012887,-2.3170056,0.027214766,0.9875101
1.5655905,8.892781,0.41753983,6.622036,1.6666999,-2.3198247,-0.5262548,-0.3463117
1.5115535,8.209147,0.35099447,6.7521996,1.6201758,-2.2143168,0.13554049,0.9889767
1.1768794,7.943905,0.35844266,6.8425045,1.5647469,-2.2309976,1.8579893,0.96258473
0.9421627,6.5153294,0.3579694,6.8478107,1.5823109,-2.2343261,1.2479262,0.6975386
0.81494117,7.587926,0.4215423,6.8588543,1.5501175,-2.228345,0.3063563,0.41382825
1.1024792,9.737177,0.44046664,6.721633,1.5325303,-2.2205753,1.5422184,0.8991035
0.9730237,6.1668224,0.39825702,6.6712027,1.5221863,-2.1254554,1.5776517,0.92313397
2.7812037,4.726354,0.43294966,6.600234,1.4944966,-2.1158798,0.63115287,0.9736607
2.40423,5.3922606,0.3708259,6.593522,1.536797,-2.1377733,1.0465362,0.9409907
2.4395947,9.282771,0.38154614,6.5580997,1.5362239,-2.1431673,2.4562004,0.8206214
2.145462,9.879494,0.43320417,6.564611,1.5120959,-2.2151487,1.7291601,0.69305456
1.2005539,6.107266,0.35895646,6.78212,1.5356665,-2.1764665,1.3852348,0.93080187
1.786624,8.148862,0.36448312,6.6988487,1.5723958,-2.23987,1.1177192,0.76358414
2.3468366,9.916765,0.35447955,6.6162634,1.612241,-2.2815802,1.4371648,0.8188399
1.4060699,9.814102,0.37358892,6.6239166,1.6195011,-2.2719953,0.6827431,0.83162534
1.808942,5.4459133,0.38402915,6.589769,1.6305091,-2.24826,-0.07671535,0.9121405
2.083071,9.983095,0.39280272,6.508541,1.6483581,-2.261178,0.24060881,0.8126676
1.9198662,9.866801,0.37860024,6.537198,1.629772,-2.2841196,0.1501925,0.77497673
1.8356047,2.7909057,1.3941607,7.9004784,-0.48499382,-0.22769308,2.72263,0.27439117
2.482284,4.078182,1.4360261,7.9365253,-0.50101435,-0.17059541,1.9001203,0.4537412
1.882861,4.3869553,1.5175366,8.002956,-0.54898727,-0.11904955,1.9651525,-0.016092062
2.492793,4.791436,1.515322,8.015385,-0.57546616,-0.0805881,1.2676961,0.7245985
1.4523253,3.6163197,1.6215599,8.016884,-0.6051111,-0.16724086,2.3359928,-0.22758067
2.4939427,2.59212,1.8139853,7.8979635,-0.5716975,-0.18127823,2.1322033,0.50641036
2.8119695,2.1564164,1.7223895,7.825022,-0.53177154,-0.19406891,1.432055,-0.070025
2.5236378,2.1980522,1.7038922,7.80368,-0.54087484,-0.17332482,0.818061,-0.3604948
2.5313244,2.3643854,1.5611701,7.842572,-0.536077,-0.16728878,1.2415903,0.008669019
2.2766123,2.526652,1.7170868,7.738664,-0.5501431,-0.2192111,1.041858,-0.17505011
2.3172648,2.208732,1.8378122,7.678563,-0.508785,-0.25116658,2.1389158,0.38814253
2.7006407,2.4836073,1.9162197,7.714177,-0.486387,-0.21216822,2.4988182,-0.00077313185
2.0301514,5.6368995,1.6922879,7.7397947,-0.44114053,-0.31473637,2.366801,0.40341723
2.1914315,3.8357468,1.5437548,7.7317657,-0.45087516,-0.27204776,2.2135293,0.25550228
1.7329271,3.7444608,1.4643135,7.752467,-0.4490044,-0.28863382,2.135762,0.57024515
2.5666611,2.6301255,1.5771189,7.6435623,-0.43583632,-0.30116296,0.9790937,-0.23235714
1.4721766,2.7195315,1.5861835,7.715671,-0.44036186,-0.23649311,1.1756964,-0.108371556
1.9420439,3.8194427,1.5641539,7.7513485,-0.41130626,-0.32160878,1.590358,-0.09080854
2.185945,2.84453,1.5378096,7.7030187,-0.4084853,-0.31072593,2.4770477,-0.09091461
1.7229751,2.6777294,1.5500197,7.448479,-0.39727533,-0.3203354,2.3441236,0.2888552
1.7855452,2.905958,1.4424458,7.4915786,-0.3394022,-0.26313734,2.4337642,0.33586574
2.0048418,2.452197,1.3702996,7.50236,-0.39090967,-0.23009467,1.4309356,0.3642758
2.8201292,2.7350717,1.4618073,7.6140623,-0.37648165,-0.30298233,1.8926716,0.86754656
1.9485736,2.0762138,1.4715321,7.476369,-0.3844571,-0.26443338,1.6058204,0.24385971
2.1089628,2.3169239,1.5646446,7.6289377,-0.39649606,-0.31438565,1.6869297,0.2317403
1.5858668,2.3162467,1.5232656,7.5341816,-0.39882874,-0.29769993,1.1818249,-0.00039163232
1.9794111,2.4501219,1.7480421,7.5094385,-0.37367046,-0.30765915,1.0691686,0.71136606
2.3491695,2.948518,1.7779605,7.403287,-0.39182186,-0.26292992,1.2021861,0.68338823
1.839467,2.7007382,1.9540281,7.45983,-0.39490616,-0.24298048,1.2579346,-0.16079175
1.9338384,3.2614832,1.9549615,7.2950273,-0.42614746,-0.22542143,1.7132797,0.021907866
1.6917049,3.9999595,1.9582958,7.584606,-0.48420465,-0.21781397,2.5631166,-0.15540355
1.8832651,4.1571546,1.9040194,7.5932803,-0.4683441,-0.2446177,1.4305968,-0.11415699
2.6250865,4.4083385,1.907861,7.588294,-0.43109465,-0.28499675,1.653177,-0.41101423
1.4252613,2.8490121,1.7956178,7.416245,-0.3651601,-0.35245967,1.8873332,0.9096043
1.5139402,2.8743517,1.7879376,7.3927484,-0.37752044,-0.2885151,2.2840915,0.2778368
1.7183666,3.2153502,1.7487931,7.433598,-0.381415,-0.31337166,1.2930944,0.34642756
2.1174467,3.5330586,1.7123718,7.5086856,-0.35605347,-0.3243816,0.6673819,0.27094662
1.9465735,3.0187824,1.6793537,7.4710817,-0.37890112,-0.36621475,2.3356047,-0.27573168
1.8627903,3.407069,1.6604781,7.489211,-0.31445456,-0.4290502,1.4961061,0.82519937
2.2108586,4.368578,1.5861001,7.509162,-0.3423246,-0.28334188,2.0890844,0.27893674
2.0525713,4.4409256,1.655541,7.498697,-0.33337915,-0.29442263,1.3752306,0.089663625
2.1906178,3.8913333,1.6283865,7.48562,-0.33679557,-0.34511042,2.0214486,0.4961744
2.3556793,2.6063426,1.6200151,7.481506,-0.35122967,-0.36828542,2.3056297,0.7615253
2.5723755,2.4760542,1.7500474,7.5149746,-0.34961963,-0.3521309,2.7885337,0.48940128
2.5289915,2.2513208,1.4670255,7.5809474,-0.34004915,-0.3011937,1.7646458,0.5414264
1.1426512,2.70706,1.4318483,7.7918363,-0.39681816,-0.23197627,2.2312276,0.9531839
1.3675181,2.9483578,1.3138404,7.773564,-0.40469766,-0.29812813,2.1412945,0.79674006
1.7432973,3.6017303,0.9412087,7.9079394,-0.43148446,-0.2190311,0.9670999,0.16434574
1.5889877,3.2125704,0.920138,8.021624,-0.43890226,-0.19484138,0.8298764,0.81727374
1.7112397,3.3127127,0.83245015,7.9855213,-0.4245994,-0.24866629,0.36190784,-0.29772955
1.9890697,3.7328563,0.9203377,8.010024,-0.47317684,-0.23843169,1.279252,-0.066046834
2.2494965,2.9213755,0.78078866,8.145023,-0.48222995,-0.22768831,1.1718931,0.21430153
1.4406388,2.9480257,0.8910563,8.161976,-0.5080588,-0.22707725,2.1634684,0.13551193
1.6563575,2.550053,0.9007373,8.112163,-0.52571714,-0.1458416,0.8041297,0.70982945
1.6629765,2.495789,0.68159103,8.057424,-0.5292368,-0.14739561,2.5829697,0.65137565
1.6869559,3.0684834,0.6774099,8.095273,-0.5233333,-0.18417287,1.0926425,0.19948214
2.3850033,2.4489892,0.61585104,8.004658,-0.5224414,-0.21779251,1.7866731,0.32266617
1.9123105,2.153553,0.41032422,8.045277,-0.48429632,-0.24732685,1.5108917,-0.0989393
2.5173647,3.6539934,0.22920144,8.133753,-0.41268957,-0.22272587,1.2129295,0.035733283
2.6171997,2.5436816,0.2319982,8.142395,-0.46644938,-0.22524214,-0.33107513,0.0774287
2.0101976,2.2053332,0.81373656,7.955736,-0.4704666,-0.18254876,0.8260987,0.36988556
2.1758957,2.0541646,0.57172465,7.9074454,-0.45526838,-0.2557845,1.3694863,0.21959639
2.159256,3.434636,0.80215585,7.9546695,-0.40507233,-0.26503038,1.5943053,0.2834766
1.8349499,2.3206887,0.49468446,7.8856974,-0.37832046,-0.33038735,2.4521408,0.6226101
2.4158986,2.6420019,1.3083436,7.8681607,-0.4070108,-0.3297932,2.9439392,-0.35536218
1.6774635,4.285323,1.1196542,7.898633,-0.40643084,-0.25609326,2.4260828,0.92590904
2.3609233,2.1610477,0.13114631,7.9505496,-0.4561528,-0.2279036,1.1243782,0.14234251
2.2309282,3.597601,0.2753154,8.035077,-0.4898231,-0.23909473,2.1844914,0.19096899
2.3414268,2.2419875,0.8893595,7.9904327,-0.45478928,-0.28701568,2.438408,0.022697091
2.0177827,2.695015,1.372823,7.8079853,-0.46702862,-0.24812603,2.0749488,0.3778407
2.2370627,2.1596975,1.5059237,7.8312078,-0.51828384,-0.20970774,2.9918432,0.3710422
2.0859249,2.1471014,1.5672951,7.8218017,-0.5466815,-0.15213656,1.8988132,0.24679315
2.370794,2.1883137,1.7124577,7.841404,-0.5857396,-0.14767337,1.8812425,0.40483522
2.1697474,2.3367574,1.2783709,7.855819,-0.5679332,-0.18080473,1.7190294,0.26364797
2.100146,3.402699,1.2175694,7.835721,-0.5116123,-0.17581654,2.2454739,0.5785537
2.150566,3.3326373,1.1382809,8.082152,-0.5970777,-0.021305084,0.79236996,0.6968415
2.066043,2.2302349,0.20374238,8.044407,-0.5476608,-0.057950735,1.2872076,0.41242552
1.2924721,2.5970933,1.1510723,8.074841,-0.55422246,-0.10168147,1.9327903,0.4240718
2.0152702,2.544979,0.7644167,8.075907,-0.5564879,-0.034570217,1.2567711,0.8063029
1.5207547,2.4341514,0.29991055,8.2514515,-0.540517,-0.003707409,1.7559888,0.75840545
1.5131631,3.3925195,1.0478373,8.268799,-0.59863985,-0.005074024,1.2667184,0.75548756
1.3924522,3.4964962,0.8313376,8.462363,-0.5945673,-0.11754918,2.463448,0.8191277
1.3127844,3.8359005,1.2105165,8.366975,-0.59218323,-0.06537485,1.0768602,0.975631
1.1480782,3.8758538,1.132863,8.366152,-0.5382681,-0.0701499,2.461082,0.15505648
1.3295318,3.4239535,1.1523004,8.294983,-0.5497513,-0.040100813,1.788496,0.918676
1.0945683,3.973876,1.3398218,8.38128,-0.60517716,-0.054539204,1.9456916,0.32207042
1.236389,4.680817,1.4175308,8.393526,-0.5962074,-0.08465433,1.3382406,0.21425426
1.2493443,5.0545716,1.4192817,8.384965,-0.5582787,-0.14317298,2.1474907,0.36942
1.3498772,4.743543,1.4435673,8.319721,-0.5599208,-0.12872124,2.757219,0.3815813
1.2618941,4.8677316,1.4770546,8.322533,-0.5674741,-0.09309268,1.7709172,-0.15682036
1.0090399,4.424592,1.4507899,8.439259,-0.5588838,-0.18065739,0.92866504,-0.20797062
1.0277268,4.5998545,1.536859,8.502161,-0.5557356,-0.16682863,1.1237595,0.012073457
1.0671027,4.5582056,1.4241142,8.373004,-0.5315683,-0.07930565,1.6324465,0.68685865
1.0767872,4.363517,1.4337611,8.274581,-0.52651894,-0.15612149,1.784874,0.78580296
0.9841484,4.206702,1.4521508,8.400261,-0.5299239,-0.11280584,2.4319692,0.6203728
0.73814154,4.8638506,1.6844552,8.331995,-0.51257753,-0.11966205,1.6172132,0.39227545
0.73362446,4.891676,1.8672342,8.279733,-0.5126076,-0.048996925,2.5142586,0.7455925
0.9857235,5.006061,1.7451134,8.326817,-0.55149007,-0.04315567,1.9040725,0.4095391
1.0199565,5.342421,1.7383475,8.327444,-0.52674043,-0.16522622,1.7624755,0.071707964
1.1075956,6.529549,1.6580787,8.534161,-0.5411154,-0.18380594,1.7875087,0.27302074
1.0939765,7.5506196,1.6677387,8.668009,-0.5585116,-0.15652776,2.206512,0.18475729
1.0788114,7.3027925,1.5354409,8.66244,-0.54853606,-0.092558146,2.1328797,0.13746268
1.0435613,6.931761,1.5190401,8.682121,-0.52876914,-0.10623646,1.2711573,0.49360037
0.9850124,6.6275263,1.5485616,8.690075,-0.5346559,-0.08521533,2.8645222,0.8479183
1.0441968,6.335153,1.5602283,8.707565,-0.59073985,-0.05474186,0.7913394,0.15518612
1.0425998,7.3637047,1.7325509,8.690311,-0.5952827,-0.048734188,2.7843487,-0.1795963
1.1763467,7.743526,1.7449336,8.675785,-0.6318189,-0.102668524,1.4279768,-0.05403778
1.0003045,7.4598937,1.6771166,8.627018,-0.5564306,-0.10314751,2.250901,0.04266554
1.089484,8.613327,1.6655047,8.670122,-0.56043744,-0.102158785,2.184374,0.10611272
1.0554554,8.171087,1.5556331,8.7330475,-0.5633948,-0.12759781,2.4413924,0.63125896
0.83472764,6.1628795,1.3467925,8.855485,-0.5689882,-0.10526109,1.7880309,0.68439853
0.82918924,5.828287,1.0830119,8.872998,-0.54084504,-0.09109545,1.6521413,0.6022208
0.849462,5.980155,1.1105709,9.020704,-0.55390704,-0.1637919,1.3180196,0.7339697
0.7388865,5.8880267,1.0823009,9.0199795,-0.47562015,-0.10330343,2.8716424,0.7341546
0.65709376,5.2069407,1.0211248,9.03211,-0.49730062,-0.18492293,2.7358277,0.8015301
0.6201141,4.733244,0.86517704,9.045538,-0.47185087,-0.13851333,2.910221,0.6215799
0.56132203,4.463682,0.88532186,9.121793,-0.48885357,-0.22309494,2.1572096,0.5017463
0.53513837,4.650864,0.8848181,9.122656,-0.46457446,-0.22746873,2.113216,0.073351204
0.5056871,5.055187,0.7941185,9.1961975,-0.47654033,-0.21558905,2.793324,0.55153155
0.5182277,4.8224287,0.8179598,9.214693,-0.48685932,-0.16504312,2.428118,0.5273775
0.516767,4.4121594,0.83267784,9.213191,-0.5259787,-0.14266539,1.8464446,0.22231251
0.5259236,4.816624,0.80273736,9.282942,-0.51554894,-0.17016006,2.2176056,0.4990723
0.5267661,4.392193,0.92666984,9.215816,-0.5439291,-0.15551138,2.9091012,0.47396535
0.5292173,4.3695955,0.9393153,9.275053,-0.58083665,-0.11606693,2.5309112,0.22138351
0.63834286,4.1061,0.72674775,9.213736,-0.5547774,-0.13743448,0.13351154,-0.14861387
1.8531601,2.5902033,1.040401,6.550623,0.516057,-1.2522933,0.66538906,0.38034588
2.2712011,6.174945,1.0670695,6.564928,0.52441025,-1.2602925,1.5664542,0.45348024
2.8614295,6.9056416,1.0257685,6.5985746,0.5387516,-1.2316253,1.4396822,0.47156358
1.3020248,5.566311,0.9151695,6.7149806,0.5483773,-1.2280025,2.0381055,-0.05255738
1.4164778,3.494677,0.96728325,6.742352,0.5229511,-1.2545366,1.4477799,0.77545536
1.6721315,3.0406384,0.8644991,6.529386,0.57267857,-1.2662783,1.5376573,-0.43677232
1.520497,2.8651037,0.8775029,6.5660515,0.57082105,-1.2395887,1.8938549,0.86966574
1.9340615,7.6200504,0.97667825,6.6394634,0.58772874,-1.2800336,1.8815637,0.33519256
1.5645727,2.424749,0.930593,6.609746,0.5822184,-1.2868607,1.9193301,0.9686098
2.8009055,2.8093114,0.8654002,6.690127,0.59315157,-1.2105885,0.9913212,0.926993
2.3193283,2.56557,0.71252036,6.749917,0.6112857,-1.1943941,-0.056881905,0.9049393
1.9817352,3.067078,0.6702657,6.763872,0.5889113,-1.1679851,-0.27267212,0.9503207
1.4035716,7.368522,0.75189126,6.84334,0.6025665,-1.1889803,0.7248273,0.98322177
1.7587262,4.4138055,0.71926594,6.779888,0.57838416,-1.1822001,0.41113985,0.18054253
1.7074728,7.371387,0.7603364,6.762561,0.5287683,-1.1733388,0.74581206,0.7124677
1.619334,5.050668,0.8226092,6.7759047,0.5270872,-1.2167165,1.5906773,0.39112628
1.270667,2.4203646,0.8097725,6.78386,0.51109886,-1.218945,1.0339491,0.2978921
2.160945,8.531396,0.8120322,6.689933,0.5511606,-1.2367022,0.801985,0.37854958
2.1259608,7.041923,0.734763,6.783841,0.5897863,-1.2546885,1.0658116,0.9402275
2.1235194,2.4062781,0.725065,6.8160357,0.56925297,-1.2889388,1.5521433,0.5812999
2.5014353,8.081982,0.75293446,6.8871355,0.60683036,-1.3086815,0.8054006,0.57380176
2.6014628,5.7275314,0.7603885,6.9213247,0.5764713,-1.3092294,0.5177343,0.19791865
2.6583922,2.174186,0.69466364,6.826586,0.61904,-1.3167799,0.48138058,0.022894382
1.888258,2.098967,0.7111399,6.6806326,0.6517756,-1.3031092,0.69614995,0.70122457
1.9486998,5.305649,0.6539457,6.697629,0.662925,-1.2856445,1.6992998,0.7209146
2.5498507,5.4528766,0.7208663,6.7492623,0.71111584,-1.3543384,1.0280006,0.57340705
2.7338965,4.135402,0.66526914,6.698514,0.7598376,-1.4291904,0.8864888,0.5422987
2.5723982,8.352857,0.7008543,6.6936607,0.77621174,-1.4932005,1.9936419,0.466649
2.8466048,9.256913,0.5505264,6.73685,0.82344604,-1.5139316,1.732866,0.2571023
2.8984737,8.651843,0.39185953,6.8021564,0.9301908,-1.5335364,1.9897037,0.94219327
2.9604113,8.498483,0.4101547,6.9912972,0.9155574,-1.5784234,2.1371813,0.7363117
2.9383993,9.168247,0.4038893,6.970501,0.9183204,-1.6029832,1.328722,0.84941554
1.7482824,9.008031,0.40749836,6.9474006,0.92600965,-1.6221569,0.64458346,0.80380714
2.0256643,8.2552805,0.3655162,6.927273,0.9504385,-1.6076026,-0.3339063,0.49919915
1.6260239,5.2010684,0.3636657,6.93526,1.0081801,-1.6269264,-0.49512684,0.53955364
1.6462405,2.4009042,0.3538338,7.1181965,0.9849336,-1.6275027,-0.55090857,-0.19696379
2.2988062,3.261579,0.3535304,7.092031,1.0061028,-1.6282467,-0.84818876,-0.27763417
1.4995124,3.050384,0.30761933,7.011807,1.069206,-1.7109123,-0.09560239,0.6262729
1.6582973,4.7726564,0.192711,7.135404,1.0627742,-1.7228215,0.18480396,0.47845435
1.890115,4.954242,0.13822937,7.1551905,1.062453,-1.738272,-0.038558245,0.7650821
1.9628534,5.910918,0.21003377,7.1742554,1.0762,-1.7353888,0.74985695,0.7344601
1.8637655,6.471531,0.19264054,7.1068125,1.0741093,-1.7602406,-0.12119448,0.43864512
1.8968598,4.1581244,0.2677126,7.071163,1.0540867,-1.7515523,0.53307784,0.7587824
2.0130174,3.6159155,0.2553507,7.104791,1.0989242,-1.778338,2.636133,0.79067016
1.6665535,4.271086,0.3284546,7.0907016,1.1285203,-1.8089514,1.3543108,0.91870534
1.9702393,3.7898755,0.2095679,7.1315455,1.1839261,-1.8725711,1.3555536,0.8391886
1.6669718,3.245627,0.2435472,7.1498833,1.2252433,-1.8611424,0.5681174,0.7607193
1.3516676,5.0316715,0.12538004,7.2185073,1.1763444,-1.8235481,-0.60545766,0.35940284
1.5428674,8.425762,0.2203306,7.1885586,1.1776686,-1.8488668,-0.100310266,0.22421104
1.5154395,4.4134617,0.22177768,7.017015,1.2213986,-1.8464887,-0.43988448,0.43971175
2.3552895,8.791557,0.19865978,7.029575,1.2003882,-1.8507934,1.0808914,0.4817896
2.0087287,4.249664,0.18699014,7.202238,1.1269262,-1.8169547,1.0757132,0.5855069
2.1424775,5.3876886,0.22109509,7.207071,1.1082368,-1.8218914,1.2100112,0.34694886
1.2281096,2.3431811,0.22222757,7.3875656,1.0833762,-1.8068651,0.58634806,0.5018339
0.5358744,2.7378464,0.36323464,7.362485,1.0712478,-1.8361828,2.4632325,0.5130558
0.78402054,2.4961553,0.40755415,7.302365,1.1161063,-1.8270708,0.10572779,0.07838249
0.5580352,2.3116112,0.35695255,7.3087697,1.1112332,-1.7837758,0.44636083,0.46367192
0.56156695,2.4318054,0.27915514,7.275161,1.1063874,-1.7920105,1.0527415,0.7257588
2.7393727,2.0419493,0.2717471,7.0813694,1.1597354,-1.7843837,0.32673025,0.56104016
2.9749935,9.620739,0.26039672,7.1217346,1.1755006,-1.7821519,-0.24747872,0.8841815
2.0766666,7.3976955,0.2540419,7.006545,1.2037506,-1.7932508,-0.8857703,0.63684344
1.4705421,7.6514144,0.22113585,7.1026325,1.1323764,-1.7925504,4.0650368e-05,0.19078672
1.1461191,2.1637783,0.32854044,7.036724,1.0853283,-1.7830787,0.123924375,-0.086580336
1.4739048,2.2098913,0.4061103,6.9349184,1.042211,-1.7577608,0.84001863,-0.030495137
1.6762925,4.185304,0.424536,7.0357685,1.0471008,-1.7619438,0.0030121803,-0.14465114
1.6632873,4.4943876,0.40562034,7.0355024,1.0376339,-1.7929574,0.2329644,-0.008149654
2.1406565,3.930296,0.36541367,6.980777,1.1529317,-1.7891415,0.91572165,0.428195
1.877907,7.934674,0.3941717,6.842591,1.1313472,-1.777602,-0.7014836,0.3983183
1.5742817,4.395589,0.37160826,7.0480313,1.1007547,-1.7212126,-0.6940467,0.13618016
1.4176102,3.0914314,0.23683524,6.9623275,1.1356463,-1.7902188,1.6473074,0.99938214
2.5203643,3.5598521,0.40475357,6.9140396,1.0963259,-1.752923,0.3107525,-0.16033706
1.0512819,2.7843812,0.3800912,6.960352,1.0887833,-1.6998922,-0.6511879,0.3468758
2.5931988,4.6894,0.400537,6.975098,1.0680897,-1.7128842,1.034703,0.58480096
2.4594815,3.0254433,0.43423724,6.957224,0.9998176,-1.7020531,0.938885,0.6588125
2.4389772,3.1494594,0.4809569,6.887844,1.0259445,-1.680908,1.020206,0.53536844
2.5324807,2.506062,0.4535128,6.8657055,1.0268354,-1.6810799,0.85200596,0.59420526
2.6648648,3.4671617,0.52912426,6.82212,1.0476635,-1.697099,1.5404115,0.71058595
2.5854669,4.3590655,0.52821136,6.688141,1.0446,-1.6642718,0.3619802,0.294748
2.6860287,2.625734,0.61451006,6.7202024,1.0345707,-1.654487,0.30711722,0.73649657
2.6813161,2.1105492,0.5092422,6.944095,0.99556446,-1.6268666,1.7945347,0.9988036
2.9778824,2.2763643,0.5487461,6.972811,0.9920671,-1.6295496,2.2731528,0.988335
2.8602033,2.7418358,0.58970284,6.8037043,1.0065205,-1.6749206,2.6975482,0.98722684
2.9110186,6.6927843,0.5304098,6.799285,1.0018718,-1.6423984,2.884944,0.6158447
1.2986554,2.424134,0.54736066,6.757511,0.9859152,-1.6425774,2.93433,0.5193448
1.4406365,2.2090166,0.5973381,6.745263,0.9508276,-1.6892176,2.8856215,0.42542088
2.1318948,2.7919111,0.5072055,6.8040066,1.0509491,-1.7267929,2.9396648,0.8423301
1.3272781,4.3481984,0.52804947,6.797654,0.9916413,-1.6522532,-0.31801105,0.80581903
2.770678,7.136495,0.46168244,6.846833,0.9891627,-1.608651,1.9914379,0.6224309
2.3085794,9.163506,0.47189343,6.8000116,0.99291396,-1.6689456,1.6928239,0.87956405
2.5004623,3.4711735,0.5201857,6.996171,0.9192169,-1.6472925,1.103847,0.43902385
1.5917326,3.541279,0.52947307,6.9540186,0.90735674,-1.6553652,0.7483325,0.4117481
1.6491622,5.928386,0.4416355,6.9940643,0.9110193,-1.6173778,-0.59558463,0.13148594
1.5859054,8.608211,0.45205617,7.1600733,0.9103346,-1.6256832,0.4774444,-0.04433477
1.4346354,9.6159115,0.31379545,7.153518,0.9397752,-1.630523,0.77948236,0.86308503
2.38129,6.4644127,0.22593868,7.208828,0.93072486,-1.6316963,2.0725784,0.8973142
2.7396214,4.4203615,0.18929672,7.2952013,0.95671916,-1.6445773,1.2933319,0.62601113
1.9022939,2.1920617,0.17152178,7.216056,0.97780395,-1.6494201,0.6461965,0.74517405
2.0019536,7.7095466,0.15921879,7.192654,1.0314937,-1.5945851,-0.7362573,0.5079746
2.140922,6.7794886,0.06445253,7.2124147,1.0226312,-1.6223768,-0.72388726,0.77128315
1.7905989,2.794303,-0.041369557,7.3873253,1.0105336,-1.5919493,-0.74589753,0.63165534
1.5001652,7.006211,-0.080991745,7.488083,0.99234843,-1.5946289,-0.6110457,0.46079314
1.9068764,6.8379736,-0.029333591,7.4997606,1.025991,-1.6832411,-0.28627348,0.491399
2.1508102,6.553706,-0.02089715,7.4358478,1.0705099,-1.684871,-0.5104036,0.563339
1.4983914,4.9589195,-0.0028566122,7.4423294,1.0258205,-1.6280435,-0.28985548,0.46223378
1.5895672,7.375683,-0.017264485,7.435023,1.0658302,-1.6809143,-0.4085424,0.5160339
2.115467,3.272049,-0.014247894,7.4483104,1.0379281,-1.6820743,1.4184318,0.68811166
1.5311501,4.7682767,0.081542015,7.4217453,0.98844385,-1.6784254,0.39650762,0.51081324
1.9084314,3.7994366,0.13122106,7.2876225,0.9963403,-1.6324408,0.18462503,0.29589975
2.002118,8.72193,0.13200593,7.313657,0.94511366,-1.6374137,0.14002264,0.5341573
2.7166903,6.8277407,0.28486788,7.227941,0.92282724,-1.6395825,0.98485863,0.7106044
2.0181403,3.2791197,0.17523217,7.22783,0.9281781,-1.5688679,1.0797284,0.93290377
1.2926805,3.7670271,0.22725415,7.323902,0.89283943,-1.5491803,0.3097644,0.93289864
1.2660931,6.1416054,0.25692797,7.34536,0.88596034,-1.5129666,0.5168849,0.91141224
1.613929,8.552679,0.25841546,7.272723,0.88120365,-1.5075171,0.39072418,0.92047834
1.6015974,9.313216,0.27607405,7.2498093,0.9435303,-1.5984205,0.49835396,0.7498938
1.3332843,2.3720863,0.2809236,7.2423368,0.9474621,-1.6271211,0.4883312,0.46624482
1.4859183,9.938462,0.29706168,7.117181,0.98702407,-1.5941194,-0.7670936,-0.0064743757
1.3070022,5.829994,0.17137086,7.3018723,0.9187741,-1.5875825,2.0107982,0.9105599
0.9967983,2.1158345,0.16089666,7.3235,0.8893602,-1.5702269,1.1366668,0.9099493
1.6793628,2.214853,0.08279896,7.4737043,0.89644694,-1.6270517,1.71734,0.7740445
2.156381,2.1265345,-0.05680561,7.4964237,0.9459932,-1.6071382,1.5179183,0.84523416
2.0254226,8.094737,0.02014172,7.38111,0.9327009,-1.603579,1.3981419,0.72874045
2.7456794,7.7163153,-0.019993663,7.437456,0.9648106,-1.6210029,0.2533015,0.8362484
2.7238185,7.204228,-0.027340889,7.4806213,0.9571004,-1.6042123,0.19894147,0.86208653
2.8630514,6.863746,-0.09682977,7.4937334,0.9792731,-1.5987663,0.25189984,0.87758875
2.0594587,3.932858,1.6128662,5.4500012,0.83369684,-1.4739645,0.357769,0.8533536
1.3787701,2.1870236,1.6853232,5.2966213,0.8313768,-1.5238693,1.1379099,0.77942705
1.8619916,2.2475564,1.7257316,5.204282,0.82810354,-1.5037767,2.7303467,0.5670855
2.2102602,2.0585964,1.7476344,5.210542,0.86512923,-1.5448468,2.2505295,0.5073676
2.5747736,6.429296,1.7315719,5.265994,0.85308695,-1.5075924,2.1459086,0.9280449
2.9855564,2.2347996,1.837827,5.2723083,0.82751966,-1.4993484,2.163489,0.1153568
2.3802962,2.2872062,1.85442,5.2930923,0.83842134,-1.4576758,2.0431957,0.94748926
2.414659,2.4290874,1.9389126,5.102403,0.80401134,-1.4797407,0.5176939,0.6125028
2.3726075,3.435142,1.8673491,5.1673765,0.79355574,-1.5053433,2.1489527,0.74540055
2.1582158,3.0324655,1.8389215,5.1560025,0.7874968,-1.4187516,2.7051358,0.87014973
2.8986878,5.144182,1.80868,5.2577105,0.82228947,-1.4497358,2.1793709,0.8959962
2.9174793,5.5958495,1.9721656,5.274536,0.74794793,-1.4271135,1.8445568,0.27599657
2.9356387,3.7770774,1.9592957,5.091614,0.8237593,-1.4311806,1.4101219,0.46079004
2.1319485,2.6470509,1.9901309,5.0701885,0.8215568,-1.4575121,2.7700279,0.963007
2.5960402,3.219849,1.9813445,5.116569,0.80370426,-1.4081409,2.9172916,0.89530826
1.5572467,3.0912852,1.9613304,5.1048098,0.7750113,-1.4038122,0.16722584,0.69607997
1.7371728,3.0195746,1.9211826,4.970328,0.7761016,-1.4290173,2.7314594,0.58591795
1.8702172,2.7072065,1.9086938,5.065779,0.77174735,-1.4564263,2.7629697,0.1819511
1.8477981,7.2153697,1.913199,5.06499,0.73368335,-1.42876,2.807739,0.020828784
1.7141602,6.1782537,1.936702,5.131907,0.72556686,-1.3773918,2.941434,0.09696245
2.1712592,5.0705347,1.802527,5.2000103,0.690151,-1.3567951,2.7786021,-0.14237505
2.9714077,4.6493244,1.9308624,5.200786,0.7067385,-1.3708713,2.0321574,-0.30084693
1.0683752,4.4271,1.9361544,5.394959,0.6073749,-1.3119235,2.597371,-0.03125608
0.95288134,2.8056877,1.9361372,5.389658,0.6050606,-1.291672,0.39399064,0.28146696
1.5442127,2.869411,1.9420929,5.349557,0.58918333,-1.2494814,2.2639241,0.3244276
1.7882493,7.1190634,1.9721534,5.300283,0.5933435,-1.2295988,2.0691605,0.13452697
2.175415,2.6284032,1.899509,5.457809,0.60617256,-1.3479185,2.0830824,0.65359473
2.6250217,5.7168117,1.8233008,5.40067,0.71102405,-1.4377153,1.0694604,0.516876
2.759254,3.0960596,1.7557118,5.4192314,0.76514506,-1.4045656,2.2353234,0.25061333
2.8052409,4.020498,1.8351126,5.3108444,0.76434326,-1.4773176,2.2337563,0.44842088
2.737036,3.6520123,1.7860508,5.330204,0.80227995,-1.4868515,1.6479106,0.82080317
2.922884,2.8445723,1.8304448,5.338921,0.78520703,-1.3934875,2.448606,0.866863
2.933286,3.1430166,1.8298595,5.3526497,0.7643225,-1.4321828,1.0261168,0.041866064
2.8101017,4.3033943,1.7906773,5.4571157,0.7541027,-1.4607543,2.617496,0.049875915
2.7921114,7.2550473,1.6569138,5.612914,0.7443125,-1.4146807,1.5246015,0.8557546
2.7648647,8.654495,1.7566395,5.503173,0.73028326,-1.3998654,2.8522604,0.886271
1.4867647,7.0894785,1.7641265,5.50938,0.7000358,-1.3644787,2.2602801,0.7873908
1.4678338,4.681548,1.6698973,5.568571,0.69409347,-1.3825464,2.6940885,0.91385055
1.5300405,3.8584795,1.7132158,5.522585,0.6340294,-1.3407509,2.1023684,0.6430793
2.0708508,2.994732,1.6963215,5.656929,0.5863912,-1.2223582,1.4723635,0.31497794
1.5524112,7.3404684,1.7362835,5.6937904,0.53943133,-1.2608804,1.7395327,0.10676503
2.3488932,4.3424134,1.7638607,5.6950846,0.526279,-1.2278248,0.8707397,0.06352562
2.3259456,3.369205,1.7011387,5.841769,0.552063,-1.2433677,1.1682737,0.077481985
1.6232152,5.771644,1.7489917,5.8706937,0.47922587,-1.2407781,1.2234325,0.3387487
1.269217,4.0237217,1.7297502,5.8815866,0.48592973,-1.198709,1.178644,0.016663074
2.4780464,3.500559,1.9214411,5.8175373,0.47802615,-1.1757953,1.8098233,0.4388166
1.9009243,3.1201143,1.8475537,5.7953396,0.48046732,-1.1862978,1.852956,0.69838536
2.6423588,8.676947,1.755974,5.7533016,0.5384166,-1.2672367,1.9057469,0.7364141
2.2975833,4.496543,1.7885833,5.7617245,0.53799844,-1.2114347,2.2403226,0.9629506
2.4597151,6.5069485,1.4774637,5.8950186,0.58557725,-1.2109265,1.2541814,0.15884179
1.7423704,4.3024397,1.5058525,5.9108105,0.5761745,-1.2644315,1.5473981,0.5067241
1.9004701,4.127778,1.4853935,5.861877,0.58986783,-1.2596372,1.2415609,0.59681594
1.9275544,9.788563,1.6502242,5.8392925,0.6059947,-1.2957809,2.3210244,0.62749374
2.9288585,8.530357,1.6727657,5.7966237,0.62554,-1.3097913,2.259879,0.288904
2.8592436,2.146557,1.6611116,5.7913823,0.6454618,-1.2977622,2.2767584,0.4457971
2.7108617,2.1079144,1.7103,5.818883,0.63884187,-1.3947868,1.762728,0.017658532
2.9517717,2.2118952,1.6549921,5.9593782,0.664659,-1.3793292,1.4004028,0.74387574
2.6555104,5.6231236,1.5963788,5.9569216,0.6012926,-1.2928748,2.711776,0.47879863
2.781175,5.29507,1.4608822,6.016902,0.65500903,-1.2427616,1.7911186,0.92366636
2.1974955,2.1347122,1.5011234,5.9870453,0.6583421,-1.4031761,1.4965017,0.989768
2.631872,2.5047405,1.5254984,5.9531727,0.68521357,-1.323858,2.1649067,0.9947896
2.7947795,2.5949059,1.531316,5.88393,0.6964567,-1.2374564,0.4108398,0.99481237
2.8050737,7.08391,1.5060692,5.910952,0.69770217,-1.3810498,2.9636075,0.9798126
2.8192828,5.7809143,1.3114476,5.9722137,0.70477486,-1.3573253,1.7625198,0.91105545
2.7956421,4.649665,1.5175033,5.9363666,0.70026636,-1.3270369,2.3120167,0.8677223
2.3220177,3.9620965,1.5244312,5.8788,0.6477988,-1.3605906,2.2990944,0.09098011
1.7305483,4.254529,1.5369148,5.909011,0.63036895,-1.3094485,2.476757,0.92590964
2.9841323,4.936531,1.6317511,6.0395384,0.563452,-1.2504911,1.4978445,0.33343744
1.7070602,9.31217,1.6815779,5.7253633,0.5437939,-1.2428952,1.5154622,0.3013636
1.6683028,9.769657,1.7386332,5.7951484,0.5763142,-1.285708,1.8629086,0.5575135
2.8648186,2.0560708,1.7549925,5.7883425,0.5749552,-1.2587317,2.3586676,0.86819005
2.7461123,2.0434554,1.7686815,5.8916707,0.56973577,-1.2890203,1.9978147,-0.005192101
2.5944767,2.0109556,1.79918,5.7935996,0.5674522,-1.327977,1.6224439,0.80131245
2.550179,9.539995,1.7879605,5.6320333,0.6275959,-1.339674,2.0247197,0.026837826
1.8667352,2.396786,1.8289618,5.3617706,0.62803316,-1.3287387,2.9026701,0.501101
2.95536,7.0800495,1.9925597,5.399295,0.6132653,-1.3119231,2.814568,0.88006926
2.9364803,5.5889835,1.9362633,5.3299146,0.69240737,-1.3029616,2.1747637,0.8722687
2.9339051,8.644896,1.9599895,5.312764,0.6423514,-1.295032,2.6659698,0.2336942
2.9460223,8.067583,1.9358034,5.377736,0.63179255,-1.2959871,2.2300408,0.6893774
2.9161162,7.4333954,1.9119956,5.580814,0.6274228,-1.2972482,1.0590849,0.28866816
2.683043,5.4116144,1.8510189,5.5973635,0.6325965,-1.3043656,1.5042427,0.71804225
2.9079077,3.4130135,1.8713622,5.629833,0.6093786,-1.3200563,2.15552,0.34845138
1.0333018,3.990401,1.8129642,5.6109953,0.57601357,-1.3408561,2.046145,0.14179981
1.000093,4.4982314,1.8423848,5.568899,0.56884813,-1.2897334,1.5817966,-0.09173855
1.368005,5.9025717,1.9020746,5.5898266,0.5698724,-1.2341549,2.0591376,0.8127401
2.9477587,4.080665,1.9932084,5.5812435,0.541404,-1.2266998,1.8111985,0.7855387
2.78795,3.295834,1.9908345,5.5306096,0.5620363,-1.2716528,2.0016074,0.08749735
2.0273004,2.1956532,1.9875102,5.4710994,0.53591704,-1.2794929,2.1724427,0.52565956
2.076527,4.90094,1.9914415,5.4762106,0.57523894,-1.3242276,2.5966635,0.31080103
1.9955419,2.5932112,1.9784,5.3148756,0.6358943,-1.2872968,2.5853877,0.29818046
1.5396026,3.6031346,1.9991448,5.3759165,0.5836015,-1.3185194,1.7008452,0.2269544
0.7604805,2.7847977,1.9938836,5.5103683,0.5778699,-1.304905,2.5140483,0.50627863
2.9635105,3.4927578,1.9858403,5.608507,0.59643507,-1.2463455,2.845547,0.6004791
2.8046825,3.1168337,1.9780257,5.445443,0.59182787,-1.2829946,2.3252602,0.5350964
2.7644162,5.0260286,1.952323,5.455272,0.59491825,-1.2790401,2.5409665,0.8012228
2.6764858,6.021931,1.9502497,5.515809,0.60111403,-1.246174,2.2184088,0.9277804
2.829056,5.0212245,1.9402153,5.5164413,0.5907676,-1.2613738,0.8683524,0.6813545
2.320426,3.4095776,1.8694847,5.556907,0.59984493,-1.3323934,0.67636275,0.5487577
2.466199,5.509506,1.8751802,5.46247,0.60058665,-1.265387,2.3449137,-0.021454632
1.7079511,2.4581544,1.8892086,5.335554,0.6002779,-1.241236,0.3992492,0.39572573
1.6922736,8.176235,1.8917961,5.3140535,0.60728574,-1.2552848,1.0213261,-0.1736972
2.6538994,3.164419,1.9911075,5.4256973,0.6063125,-1.3446844,2.139523,-0.3593594
2.6820273,2.100034,1.980423,5.2098565,0.6945729,-1.429569,2.3022552,0.75594914
2.3349469,2.3470573,1.8270373,5.345809,0.7198391,-1.3059344,0.51432204,0.8994248
2.192711,2.245199,1.8115134,5.4772806,0.7294769,-1.4510489,1.8042765,0.75810647
1.9671686,2.7149131,1.739564,5.4117975,0.7195878,-1.3848732,1.2030547,0.7233547
2.4161954,3.1543858,1.7159927,5.537135,0.69858503,-1.4130118,1.8754754,0.7079536
2.4257975,3.0499747,1.6885653,5.533106,0.69279146,-1.3519711,1.1210172,0.089635134
2.318599,5.2186284,1.6503341,5.5855093,0.71350217,-1.3480511,1.1763353,0.7440392
2.535505,5.91951,1.6651893,5.547014,0.71141744,-1.3543689,1.9132369,0.7482854
2.3370795,6.41323,1.7857981,5.4081497,0.72203326,-1.3939881,1.2211049,0.09023827
2.705849,2.3907998,1.8067992,5.447557,0.721287,-1.3842577,2.0115983,0.7950151
2.5873644,7.859542,1.8261995,5.4657335,0.67859817,-1.384646,2.3353064,0.93492043
2.7037654,6.0088544,1.828527,5.5402737,0.68452215,-1.3754336,1.8358254,0.83822966
2.8885078,2.7764065,1.828105,5.6400504,0.6391237,-1.3833838,0.9792167,0.6128043
2.5468745,5.264124,1.769572,5.5844755,0.6709807,-1.3375702,2.1828537,0.51897347
2.608339,7.3427887,1.713867,5.5620213,0.68307495,-1.34461,2.2263196,0.51638675
1.723747,5.998151,1.733871,5.439845,0.7199342,-1.4421697,2.0330663,0.50317
1.6802827,6.075147,1.7154069,5.3903027,0.71926904,-1.490777,2.0344036,0.1566174
1.6139815,2.7604518,1.6065919,5.491153,0.7322595,-1.4378375,2.0810635,0.51390886
2.000017,5.30137,1.5767207,5.645708,0.72381496,-1.4239969,1.2722204,-0.053054035
1.5461893,5.039089,1.5949495,5.5576296,0.70582175,-1.4066588,1.546449,-0.23193413
1.5710694,4.635743,1.5679278,5.608907,0.7294843,-1.4090077,0.7873833,0.8168677
2.1449084,4.4983277,1.6177793,5.6286893,0.7135494,-1.3930705,2.472106,0.8284023
2.1164,4.8341293,1.5868697,5.5882993,0.71844125,-1.4113183,1.5745728,0.3753537
