1.8408508,9.181452,-0.14583051,7.7905626,0.5386348,-1.1718346,2.232881,0.5735854
1.5647595,6.371765,-0.16685098,7.730193,0.5376339,-1.1623192,0.8790561,0.5262451
1.631865,6.919194,-0.18837154,7.7496758,0.577677,-1.1285616,1.6950047,0.50334597
1.8980471,8.550001,-0.24114251,7.7670274,0.5560496,-1.1459742,1.6544082,0.6164489
2.2434666,9.321214,-0.24117863,7.886142,0.5858774,-1.2058551,-0.03740692,0.38180143
2.1324775,8.260971,-0.21927178,7.8904104,0.5474124,-1.2332695,0.18429422,0.33213174
1.4768677,8.059725,-0.22155857,8.1178,0.5420208,-1.2377911,0.067842364,0.46273386
1.3321342,7.850497,-0.19447422,8.093612,0.56296015,-1.2080673,1.0899682,0.57589173
1.1554279,7.937333,-0.23826146,8.025702,0.5458815,-1.1471232,1.8172045,0.61088896
1.2567012,9.055384,-0.32878983,8.191601,0.70096517,-1.208616,0.79997015,0.9800781
1.3251882,8.251038,-0.55498785,8.33435,0.5711417,-1.2457255,1.6995273,0.8618945
1.4579128,8.746744,-0.61533433,8.294506,0.6749768,-1.2525864,0.49524462,0.18086183
1.5476639,9.883455,-0.6162339,8.371588,0.6236353,-1.2767975,-0.3292213,0.17491865
1.4702266,9.180613,-0.67889786,8.426958,0.62819004,-1.2704548,-0.04216093,0.0696131
1.3218458,7.3012896,-0.61960936,8.420141,0.5876732,-1.2189113,-0.02326858,0.29131424
1.3401825,9.690878,-0.6442889,8.481533,0.57782364,-1.1907105,-0.1118713,0.17478138
1.2514297,9.86174,-0.5312323,8.433767,0.5459814,-1.2499776,0.1098063,0.25101435
1.6412805,9.942829,-0.5645703,8.422091,0.56377506,-1.2358875,0.07025218,0.58837366
1.6615075,5.730781,-0.5299915,8.262062,0.5703914,-1.242125,-0.033218086,0.043147206
1.2329165,8.092355,-0.5149077,8.269009,0.6127124,-1.2411429,-0.12758309,0.047582924
1.1529977,7.114671,-0.35820907,8.216699,0.6341641,-1.3008413,-0.15878159,-0.12229535
1.1302423,6.8833895,-0.3346318,8.150651,0.6452048,-1.265368,-0.25910074,0.16302568
1.8041354,9.444,-0.28689808,8.012585,0.582952,-1.2733052,-0.22451323,0.2283774
1.244747,6.467189,-0.3237115,8.112104,0.63422465,-1.2727182,0.43420053,0.7489761
1.3239264,5.195795,-0.4239235,8.099912,0.65484643,-1.2501658,2.1510994,0.74162817
0.82951874,5.32759,-0.41024423,8.218371,0.7705312,-1.2715862,2.5824692,0.7573011
0.82181203,4.457674,-0.4309181,8.150837,0.78342867,-1.3017533,2.5646,0.5669757
0.7896416,4.679414,-0.39072597,8.261881,0.768878,-1.3419952,0.21007788,0.54634297
0.76254034,4.41636,-0.3947668,8.3486,0.7764044,-1.33481,0.08267617,0.16088736
0.79268765,4.973586,-0.35370123,8.190818,0.76248646,-1.3340242,0.09733701,0.2893393
0.9204335,7.608012,-0.15574199,8.005102,0.7431927,-1.3316331,0.115021706,0.32640624
1.0523837,8.804871,0.07728028,7.9265556,0.6832161,-1.3083262,-0.022416353,0.19392502
2.9861143,8.102902,-0.20120686,7.8786907,0.67895603,-1.3154372,-0.24712586,0.2786057
2.921417,8.757864,-0.21337163,7.8071566,0.66419506,-1.281445,-0.11265522,0.32393122
2.654769,8.898074,-0.14603662,7.734538,0.6330085,-1.2927486,0.12472844,0.2268185
1.8707495,8.18939,-0.25155085,7.847272,0.6579945,-1.2724283,0.9955064,0.27455497
1.7974893,9.50333,-0.24417543,7.815657,0.65771246,-1.2670323,0.9982711,0.81134784
1.8119898,7.5452585,-0.27676135,7.7761593,0.65080667,-1.2311931,2.4073822,0.6434859
2.898395,9.965399,-0.1923145,7.826523,0.6601515,-1.2474742,1.0892568,0.5261347
2.8674352,9.664024,-0.19281864,7.8055587,0.6248503,-1.2469393,1.0970199,0.6126734
1.3849536,9.92075,-0.16644436,7.678571,0.63564324,-1.2280042,0.1809274,0.68878067
1.3980336,9.837187,0.019659042,7.644347,0.62006044,-1.207591,0.7024119,0.3238511
1.3248463,3.855595,0.073067784,7.5651264,0.60183454,-1.1930339,0.18339539,0.15707481
1.8276539,6.3393197,-0.022922039,7.5947,0.56019044,-1.2065067,0.21168637,0.19332534
1.9660971,7.4838076,-0.034490764,7.586438,0.56317043,-1.1631944,0.012189269,0.21418148
2.0375986,6.1816134,-0.24916434,7.6275163,0.5528171,-1.0982893,-0.04605335,-0.006360829
2.0004914,9.445445,-0.16111112,7.6757793,0.55433464,-1.1918786,0.08782768,0.406685
1.7079699,9.832251,-0.17335618,7.8518715,0.522676,-1.1982312,0.011666656,0.16129333
1.6522945,6.378936,-0.12801325,7.7836294,0.55193806,-1.2028542,0.10103035,0.22014993
1.2577057,6.6313186,-0.17149043,7.94723,0.54538774,-1.2011395,0.2123152,0.21636516
1.2455469,6.020435,-0.18932128,7.942747,0.5538635,-1.185349,0.061920524,0.2313478
1.2473416,6.813327,-0.1969701,7.8672476,0.6074953,-1.2373679,0.043623924,0.24707252
1.3134407,7.770296,-0.1454441,7.9039016,0.59199214,-1.1994088,0.020315409,0.47874463
1.2187264,6.3982463,-0.18212152,7.947843,0.5668826,-1.2206564,0.019729733,0.27549124
1.0566067,8.3969345,-0.024952412,7.9312963,0.6433077,-1.2986197,0.2843268,0.0705055
1.1590837,6.8659687,-0.03904158,7.970063,0.59338593,-1.3121784,-0.042155802,0.21154147
1.0962429,7.722198,-0.06994063,7.9148383,0.6389184,-1.2583895,0.31360602,0.7029003
1.1871102,7.117799,-0.0854038,7.9352565,0.6342914,-1.2796037,0.98845553,0.61677897
1.3164182,7.979579,-0.07647526,7.934274,0.60694385,-1.2722533,1.4311225,0.5535191
1.3688436,7.927878,-0.19459331,8.079308,0.57587504,-1.266945,1.1811402,0.55744636
1.1779528,6.54934,-0.24122405,8.007983,0.628741,-1.2714999,0.08888841,0.5971569
1.2828794,6.700295,-0.20312518,8.003201,0.65266013,-1.2897453,0.26243246,0.57590044
1.3615001,8.948417,-0.18001777,8.059689,0.5881121,-1.3108925,-0.27943718,-0.032462984
1.3380114,8.829346,-0.11042625,8.051321,0.6410353,-1.3129287,-0.4435075,0.13153988
1.3558458,9.290575,-0.11116505,7.951865,0.58502316,-1.3094385,-0.39711964,0.21815062
1.4312835,5.16267,-0.26128364,7.933208,0.5856197,-1.217557,-0.1623056,0.2289533
1.3854604,6.694526,-0.17684317,7.886538,0.629611,-1.2364318,-0.03562534,-0.048759907
2.038702,8.849739,-0.27925527,7.966886,0.6112261,-1.2724081,-0.5107522,0.008315861
2.1087852,9.596754,-0.3687662,7.9300504,0.6230664,-1.216224,0.027122498,0.6139337
1.8642957,4.31668,-0.25773937,7.8463235,0.62773514,-1.2594843,-0.14531595,0.6318531
1.3042471,7.814814,-0.13000739,7.8312845,0.63087916,-1.2590599,-0.022490442,0.14159393
1.3690752,8.782325,-0.05858946,7.809548,0.6848812,-1.2970707,0.15091383,0.13389856
1.161015,8.704838,-0.011964679,7.7453547,0.6608889,-1.324861,0.011749625,0.22422665
1.091086,8.3326,0.060823917,7.606808,0.7486069,-1.3508961,-0.012385726,-0.17626572
1.1999804,7.5795703,0.083572865,7.674168,0.7765584,-1.4021533,-0.12744206,-0.25512785
1.1779499,6.3495464,0.02786374,7.71946,0.7816229,-1.4235547,-0.2670409,-0.42738432
1.1534263,7.3385015,0.018563867,7.7279944,0.7810197,-1.4056153,-0.18896043,-0.42725945
1.0186083,7.296105,-0.05217117,7.890145,0.8391149,-1.4570267,-0.07723391,0.48456687
1.0009031,8.346628,-0.033595562,7.75448,0.8513539,-1.4643795,0.46119988,0.39591444
1.3898163,8.850306,0.03826511,7.635187,0.83993006,-1.507858,0.18722737,0.4381407
1.3237206,9.836342,0.062410355,7.599792,0.9221828,-1.54745,0.28970635,0.67831993
1.3874097,9.343997,-0.032660365,7.7008033,0.96262884,-1.624552,0.47396743,0.43182278
1.2958703,7.332181,-0.008625388,7.6894712,0.94630694,-1.6036744,0.6577389,0.4584068
1.2088668,7.320369,-0.041775703,7.6988044,0.96702933,-1.4883802,-0.62515455,0.559564
1.2842526,6.870391,-0.17153662,7.8369,0.8693354,-1.5131783,-0.4058751,0.3455236
1.2026435,8.937916,-0.121858954,7.9448357,0.871572,-1.4878589,1.3026929,0.40197968
1.2712216,9.800655,-0.10379982,7.954697,0.8888638,-1.550828,1.021162,0.77330315
1.410352,9.105044,-0.07502806,7.8341746,0.87261915,-1.4631046,0.7460109,0.90494156
1.0401556,3.8687162,-0.074641705,7.688383,0.93942,-1.6031317,0.81449676,0.7569052
1.2916495,9.7108555,0.006958008,7.7313128,1.0124559,-1.7071446,2.2336009,0.76405084
1.3512843,7.9382615,-0.12846124,7.7733755,1.0635948,-1.7029686,0.34197676,0.7690085
2.5482872,9.365451,-0.09263563,7.7050414,1.0755734,-1.7302425,0.6265068,0.5301368
1.0661356,4.8904896,-0.040060103,7.67437,1.0927584,-1.6187178,2.7527826,0.5126568
0.6617538,2.5832553,-0.018268049,7.710019,1.1723857,-1.710099,1.6404388,0.22675061
0.53090274,2.6679502,-0.05351782,7.8359737,1.1914444,-1.7350023,-0.51145595,-0.16976112
0.5081973,2.745265,-0.058952928,7.8028154,1.2022853,-1.7630441,-0.027357936,0.02634871
0.5212708,2.1012788,-0.09408212,7.830969,1.2076185,-1.7524054,0.06174171,0.32117605
0.5315912,2.0750277,-0.08239055,7.791278,1.1490879,-1.7559752,0.24725342,0.3364569
0.61185503,2.0937028,-0.07489699,7.766218,1.1449776,-1.7312063,0.16642189,0.7679744
0.79440194,2.3264923,-0.08015591,7.671177,1.1173179,-1.695919,2.739304,0.7348449
0.8750878,2.4584155,-0.33160746,7.7954793,1.1053123,-1.6933002,-0.09287673,0.5774056
2.7209451,6.8757887,-0.3814975,8.139539,1.0960708,-1.7222714,1.0539942,0.73826694
2.6926906,8.188513,-0.37293148,8.145672,1.1636939,-1.7107186,-0.43310463,0.51849794
1.3533616,9.33025,-0.40511596,8.182659,1.1513143,-1.7257568,0.5828091,0.30978376
1.3063111,9.232447,-0.42048997,8.173102,1.1237288,-1.7247382,0.58595264,0.7158779
1.455258,8.677993,-0.3278445,8.098343,1.1372066,-1.7275423,0.67748153,0.638677
1.1154776,9.1966095,-0.32133758,7.9294076,1.1859016,-1.7080759,2.2249067,0.8905468
2.283145,8.302629,-0.3080114,7.882783,1.164068,-1.7044749,1.737828,0.90111697
1.6943198,9.840248,-0.21862113,7.802885,1.1751287,-1.6816912,0.36283934,0.70723486
2.8866556,9.417353,-0.22263628,7.818569,1.0952034,-1.6935396,0.17503762,0.17239141
2.850592,8.468739,-0.2397756,7.9231668,1.1555448,-1.692241,-0.169132,0.25221926
2.7232935,8.915119,-0.2980678,7.9897294,1.1038449,-1.6769955,-0.32501614,0.26926982
1.6954169,8.688337,-0.27757514,7.978151,1.072789,-1.6931596,-0.08436257,0.550966
1.7200191,8.896338,-0.24754965,8.014026,1.0075831,-1.6706089,0.12526107,0.5134809
1.4839308,9.970063,-0.31286353,8.114702,1.0065992,-1.6362499,0.33568168,0.6764643
1.8806565,6.896212,-0.30570447,7.9475904,1.0754154,-1.6331673,-0.46985406,0.44919854
1.2202368,5.9441156,-0.27215332,7.927062,1.0793042,-1.6490185,-0.5963444,-0.19238567
1.0433824,7.550001,-0.17889988,7.8792953,1.0601487,-1.6153555,-0.5774828,-0.28209847
2.5596976,9.394163,-0.09981114,7.812274,1.084013,-1.6182636,-0.57315314,0.74947155
1.3288467,9.166001,-0.11634213,7.6516333,0.9797814,-1.5253136,-0.6558145,0.4028468
1.2422203,7.244569,-0.02118373,7.7473955,0.88182235,-1.4302111,-0.98915076,0.23462272
1.4546115,6.110312,-0.10200769,7.8320084,0.8820269,-1.4147704,-0.976708,0.4647007
1.6248121,8.023933,-0.18373644,7.8618817,0.8617947,-1.3964427,-0.91767687,0.5302465
1.2026234,4.2705026,-0.2499572,7.83085,0.868212,-1.4361058,-0.87138224,-0.19558543
1.1649537,6.737,-0.15578777,8.072786,0.85785055,-1.4877108,-0.92732644,-0.19671613
0.87965393,5.678026,-0.13204789,8.119978,0.83021283,-1.4436789,-0.5704061,0.54318786
0.8024149,7.7433257,-0.11849332,8.110531,0.86388874,-1.4753029,2.9882283,0.9647957
0.79675114,9.098669,-0.1772139,8.127796,0.9230447,-1.4848714,2.9688468,0.9472759
0.8249846,9.049909,-0.16813362,8.300026,0.9283664,-1.6042228,0.2161982,0.5548955
0.79179275,8.215118,-0.2224189,8.297542,0.9611137,-1.5377786,0.13702679,0.1283598
0.78533065,7.932528,-0.19724023,8.321979,0.92446256,-1.5357989,0.024325967,0.1847645
0.7480218,8.585926,-0.18847245,8.364931,1.0501885,-1.5904825,-0.00087469816,0.23680359
0.6459116,8.259224,-0.10716075,8.3475275,1.0335672,-1.5709865,1.0824933,0.67455554
0.6286238,7.1858177,-0.072368205,8.372175,1.0420957,-1.6176584,0.66719794,0.77062726
0.638033,7.131143,-0.08177203,8.358713,1.0247562,-1.6437533,0.606043,0.81274414
0.639097,7.7639084,-0.030216038,8.285419,1.0511706,-1.6201485,0.7697655,0.75358963
0.5985882,7.547986,-0.03609115,8.2226715,1.045428,-1.6627758,1.170707,0.5485356
0.66571134,7.7624674,0.037362456,8.152339,1.00388,-1.589218,0.83262694,0.50381255
0.59246826,8.220743,0.014011383,8.266781,1.0064085,-1.6101518,0.77391946,0.58067656
0.55645853,8.218438,0.02860117,8.31008,1.0168514,-1.5775063,0.2929448,0.41532862
0.5202343,8.40345,0.004737973,8.520264,0.99338055,-1.571314,1.6062443,0.3116268
0.61303353,8.449325,0.028083205,8.511306,0.93630266,-1.5950688,0.65987754,0.5881684
0.62072754,7.724431,-0.041759014,8.472927,0.9304848,-1.5809257,2.3902698,0.5723202
0.6144268,7.5806956,-0.06881738,8.404623,0.9494221,-1.5746648,0.6618267,0.42808986
0.6396354,7.764528,-0.071297824,8.39644,0.9277017,-1.5532119,0.3671273,0.30071247
0.5750026,7.4070864,-0.069728196,8.5263405,0.9315698,-1.5567516,0.57452166,0.14771032
0.58748084,7.615071,-0.1597656,8.496353,0.9974148,-1.6122892,-0.0026046038,0.15311003
0.64422,7.3774095,-0.20276809,8.522962,1.072006,-1.7098588,0.4594332,0.31395328
0.6652557,7.929807,-0.17899394,8.453052,1.0734544,-1.7029583,1.0912821,0.5982299
0.62036276,9.444979,-0.1120069,8.543162,1.0515475,-1.6991305,0.6031674,0.4543935
0.60606223,8.833549,-0.13866985,8.453247,1.0929108,-1.7070452,1.0763874,0.4666711
0.60550255,8.722132,-0.09305835,8.519339,1.0506508,-1.6777194,1.2674263,0.50394607
0.60771227,8.932688,-0.06370902,8.478552,1.0431852,-1.7008207,1.5737021,0.44840622
0.6367317,8.793306,-0.07557154,8.480564,1.0217583,-1.6999855,0.8300674,0.5414493
0.6426043,7.9805055,-0.16479671,8.4014845,0.9573505,-1.5465299,0.7616682,0.50292003
0.6648138,7.860829,-0.24604195,8.549653,0.9456217,-1.5452945,0.59188664,0.6323261
0.6746421,7.3915815,-0.1921463,8.63143,0.8189299,-1.4856932,0.5970752,0.5336652
0.6405169,7.214121,-0.16123807,8.648112,0.8460696,-1.4830809,0.4465531,0.31088853
0.6916723,8.77914,-0.18546486,8.677462,0.7918093,-1.4383974,0.828967,0.22391206
0.71397007,7.1124706,-0.19724679,8.687593,0.78745675,-1.5145952,0.4689541,0.52828753
0.62606627,7.0239363,-0.12424922,8.665024,0.80332065,-1.481315,0.6072823,0.70445335
0.61138046,6.6198225,-0.16446674,8.645607,0.83684134,-1.4114232,0.4843489,0.7874969
0.6312742,6.4847336,-0.14680743,8.561362,0.83405924,-1.4845909,0.3421718,0.3762492
0.63329756,6.569923,-0.14225549,8.57583,0.83400345,-1.5015628,0.56041694,0.3872
0.64265865,7.9958277,-0.058980465,8.511642,0.8579743,-1.4657221,0.17391932,0.39750862
0.6250905,7.5343657,-0.052044928,8.534887,0.8339946,-1.4767131,1.1709213,0.5294299
0.6011682,7.0406566,-0.0054528117,8.532436,0.81757927,-1.4877802,1.1214561,0.28298378
0.5884749,8.265517,-0.000331223,8.536094,0.80734277,-1.4381343,1.118042,0.3562889
0.6216223,7.943941,0.031188726,8.4977,0.8475499,-1.5279353,0.4303292,0.30215037
0.57002103,7.5941076,0.037049532,8.501085,0.90647984,-1.6192018,0.56245935,0.39235604
0.59799355,8.042891,-0.055397272,8.444816,0.85935974,-1.4791944,0.6297022,0.204086
0.64984643,7.2466145,0.010575891,8.3658085,0.88880134,-1.5010518,2.0228298,0.16508651
0.61323446,7.522626,-0.0118300915,8.253545,0.9414382,-1.5029764,1.967267,0.64476097
0.79430103,7.645161,0.15280318,7.9770303,0.90453005,-1.5409838,1.2978766,0.31280673
0.79392695,8.690896,0.1509726,7.9213257,0.9299016,-1.5671368,0.12680626,0.58495116
0.77506554,7.189449,0.039405227,7.9008822,0.9676187,-1.5930314,0.28108335,0.6529856
0.7155553,6.0848203,0.094959736,7.932256,0.9720204,-1.6259753,0.32740855,0.3612085
0.65796643,6.6535635,0.07661629,7.8931394,1.0111125,-1.553969,0.3540964,0.2534113
0.63411576,5.0038185,0.17037344,7.7608337,0.94722486,-1.5715194,2.3998837,0.5310111
0.6449459,4.8688555,0.1617496,7.661312,0.9914434,-1.5883367,0.6085206,0.5373063
0.65193856,5.2458234,0.16709638,7.7134676,0.999099,-1.6097714,2.6425505,0.645123
0.62822884,5.628086,0.20889497,7.719779,1.0183201,-1.6255972,1.4467101,0.6707014
0.62330216,5.206938,0.25870585,7.6604333,0.9928336,-1.6828333,1.7816768,0.50580883
0.664303,5.9327383,0.25000703,7.6448274,1.0006559,-1.6209966,0.53064895,0.4672526
0.6570311,5.525243,0.24296904,7.620907,0.9974494,-1.650723,0.27282047,0.48012877
0.6876255,5.0414305,0.21018994,7.597516,1.0060754,-1.5795214,0.6423378,0.33819193
0.6810817,4.9140635,0.23278952,7.557179,1.0039494,-1.6635531,2.1020546,0.5062649
0.8061577,8.723513,0.21802318,7.5477014,0.9912598,-1.6549152,1.5577793,0.4383695
0.7924906,5.303194,0.16756678,7.530093,0.97015834,-1.5535896,1.4002271,0.43857384
0.9463151,6.2533965,0.13962984,7.565094,0.963485,-1.5593225,2.0203357,0.326088
1.1258733,9.298271,0.1755892,7.4769163,0.9686475,-1.5214331,-0.08579397,0.29374635
1.2204447,5.604148,0.25425577,7.3691516,0.91141605,-1.5225072,-0.112255156,0.03719908
1.1622179,8.388269,0.0848428,7.591065,0.9033494,-1.5499965,-0.08708984,0.17779016
2.6340961,9.994905,-0.07862437,7.580489,0.87846947,-1.5228345,-0.23971623,0.2715752
1.5073063,9.99744,-0.08992487,7.8203983,0.81341934,-1.4950479,-0.06859249,0.2630769
1.3068887,9.999521,-0.009974301,7.72997,0.8041613,-1.4929136,-0.26436567,0.15390241
1.3566225,2.015965,-0.14680886,7.694584,0.8752332,-1.4856002,0.04958713,0.28009355
1.0553452,2.0262334,-0.17396688,7.700765,0.8965409,-1.4083943,-0.6286038,0.109837234
1.0168588,2.0030437,-0.25515354,7.7137694,0.87146187,-1.4058592,-0.35314155,-0.28039083
0.99720407,2.0035374,-0.30018264,7.964725,0.8291342,-1.452199,-0.278439,-0.124584615
2.2417152,8.55332,1.1123781,5.4144163,1.2786589,-1.8295108,1.6306708,0.27186227
2.3176196,6.663003,1.0604131,5.513787,1.2565866,-1.8059669,2.2282217,0.674036
1.4715378,4.7885113,1.0587754,5.635882,1.2520428,-1.8294573,2.2352092,0.44525212
1.649196,7.8238373,1.0779545,5.6121516,1.1874444,-1.6648304,1.1494277,0.57611454
1.6559854,6.8467374,1.08248,5.5709925,1.1561065,-1.725492,2.2693915,0.6517074
1.2159905,2.2393203,1.1412706,5.616653,1.1470282,-1.7059157,2.7900805,0.28882444
1.1502845,2.2877014,1.0969601,5.487863,1.2130604,-1.7647295,2.3063817,0.5576706
1.2858689,2.89013,1.1727436,5.548857,1.2279434,-1.8761344,1.5132959,0.2153818
2.4612265,4.0412703,1.0928202,5.5163517,1.2729146,-1.8289208,1.2483482,-0.04833877
2.6513586,7.8346453,1.0860939,5.5130196,1.254946,-1.8477361,0.4850874,0.45906723
1.9924097,6.994581,1.0431621,5.4385386,1.3370199,-1.9161682,1.9103329,0.6049
1.4340992,6.5257545,1.0381372,5.543577,1.3293557,-1.9237707,2.8214748,0.3732444
2.4982877,8.071974,1.0752764,5.3811436,1.3409953,-1.8570454,2.6544988,0.8142488
2.695173,8.74313,1.0725183,5.430287,1.3799002,-1.9970175,2.387806,0.4818167
1.5026696,2.9468043,1.0079823,5.4700747,1.4631693,-1.983048,1.7463002,0.24309468
2.1560955,8.874316,1.0584984,5.3548775,1.3962903,-1.955172,0.80210507,0.17214382
1.6207627,2.2664425,1.1030045,5.398447,1.3741057,-1.9457146,0.17741406,0.35424113
0.8288337,2.2396526,1.0925004,5.401332,1.3756244,-1.9351163,1.6501386,0.29645032
1.6880246,7.736877,1.1310732,5.3765373,1.3621068,-1.9871132,1.7984192,0.69531524
1.8056438,7.742251,1.1353168,5.3198757,1.3584836,-1.9959671,2.846523,0.45479435
1.1861143,7.886795,1.148341,5.3188562,1.3295639,-1.9290147,1.0438428,0.43253165
1.1836685,8.28262,1.148778,5.2930202,1.3557231,-2.0145423,0.54485655,0.35914934
1.261135,4.7122474,1.1154509,5.2818184,1.3892267,-1.9750999,2.0072017,0.14719945
1.1485639,3.69778,1.0960004,5.3119535,1.4058352,-2.0251908,0.5710722,0.749979
1.2571747,8.394573,1.0748901,5.308816,1.4380774,-1.9689865,0.928264,0.4396906
2.5290663,7.8879232,1.0619583,5.278676,1.3985415,-1.948334,1.3534052,0.2581823
1.9641509,8.665112,1.1116354,5.2892146,1.4179385,-2.0154517,1.3626997,0.31733042
1.9273183,9.856466,1.130662,5.2656717,1.4237967,-1.994991,1.93629,0.38129902
2.7606707,8.273219,1.1008139,5.3473625,1.4849427,-1.9861536,-0.38329107,-0.07497513
2.62086,8.280148,1.0866132,5.286131,1.4592481,-2.0465682,0.12330425,0.11810362
2.2137449,7.5730133,1.0935566,5.339095,1.4616919,-2.0450947,0.0043969154,0.31976593
1.4627728,2.2856095,1.025919,5.54032,1.4222682,-1.9669278,2.5630128,0.4361931
1.689103,6.8263373,0.97561145,5.5654907,1.3906665,-1.968596,2.759422,0.542094
0.9922451,4.4962654,0.9188062,5.577523,1.4206493,-1.98135,2.533072,0.62007713
2.018034,9.554098,0.9362304,5.5866327,1.4516652,-1.9482028,1.1353135,0.6916313
2.317288,2.8044865,0.97997975,5.428022,1.4637444,-2.0181,2.4657447,0.44131148
2.3173146,4.790951,0.9414005,5.514995,1.4454367,-1.9870996,2.5193846,0.12005103
1.2379329,3.7168584,0.98668504,5.476253,1.4475291,-1.9820282,0.9403001,0.37862325
1.4773726,3.088526,1.0309346,5.4229174,1.4589512,-2.0091553,1.4230032,0.2695899
1.2514464,5.645993,1.0260081,5.3986692,1.4312305,-2.011829,2.4225192,0.5928787
1.885798,4.132723,1.0759838,5.3383427,1.4451256,-2.0229764,1.5582333,0.31171882
2.634098,4.8494596,1.1186309,5.1883707,1.4414566,-1.8990595,0.267753,0.4029991
0.80879813,2.3804724,1.1314988,5.122423,1.46422,-2.0165305,2.93396,0.546684
0.95672894,6.897021,1.15518,5.189271,1.4689264,-1.9853191,0.26131094,0.34175074
2.4850025,8.289576,1.0450766,5.2804494,1.4821649,-1.9985218,1.2211995,0.3414771
2.2875571,4.401264,1.0440574,5.2954693,1.4750671,-2.0481584,1.6366775,0.26215625
1.6130865,9.955204,0.97777486,5.3695316,1.4928601,-2.0277462,0.5733546,0.4647432
2.0884824,9.53757,0.9819068,5.38008,1.5308309,-2.0715985,0.8443116,0.2917118
0.7721581,5.909031,1.1003153,5.2712507,1.5357733,-2.0777173,1.3708439,0.4827851
1.491104,2.970654,1.143106,5.045687,1.5384498,-2.0733163,2.139371,0.42430943
2.2973304,7.128265,1.1248279,5.1176825,1.5137544,-2.0810413,1.5446041,0.6898736
2.43743,7.6316934,1.151603,5.1719956,1.52002,-2.1297288,1.3611484,0.48919725
1.4574158,2.2665586,1.1941078,5.1113243,1.5143716,-2.139432,0.843922,0.49297595
1.9500549,2.2113914,1.2007558,5.105818,1.4778659,-2.1439357,0.5830337,0.30042464
1.625605,2.3913732,1.1743174,5.0899973,1.4895501,-2.1213899,1.112293,0.33602905
1.8132455,8.1366825,1.1797953,5.039759,1.4781549,-2.0757697,2.3155658,0.54627
1.9433402,6.205266,1.2514024,5.0137887,1.4449844,-1.9932623,2.8452237,0.7792325
1.5254997,9.555979,1.1975169,5.190013,1.4355869,-2.0695596,1.7656243,0.4940551
1.846305,8.853949,1.1541836,5.22574,1.4161301,-2.0172868,2.753976,0.71355486
2.0663161,4.8452463,1.1175866,5.268694,1.4490569,-2.0383267,1.9384034,0.6026217
1.1938114,3.5702133,1.0889869,5.307685,1.4395518,-2.0244818,2.4217513,0.6943624
1.4041578,5.0670433,1.0717444,5.2964153,1.4404421,-1.9632186,2.5094144,0.5786946
1.4546089,6.1490808,1.0882478,5.307979,1.4555953,-2.0748825,2.3850741,0.570704
1.7006159,3.836575,1.0619054,5.350497,1.562053,-2.095247,2.4739113,0.7730012
1.3677325,2.8020108,1.007554,5.3961134,1.5795712,-2.2033281,2.5114543,0.7986851
2.0995946,3.6229782,0.99776864,5.4886055,1.5789616,-2.1706367,1.3300824,0.79557943
1.2851125,4.4260993,0.9792237,5.3928876,1.555748,-2.1613288,0.62607455,0.428828
1.4444797,5.118598,0.9969615,5.3805475,1.5254102,-2.1290135,0.9315045,0.22495991
1.2949884,4.563454,0.9750042,5.3569107,1.5701613,-2.1681104,2.1993163,0.27837682
1.2923812,4.62791,0.89735985,5.4150767,1.5858855,-2.130671,2.7342978,0.5337286
1.3461554,7.8086743,0.93010974,5.4043856,1.5809534,-2.0986557,1.2291028,0.60872746
1.0990505,7.3736525,0.9189739,5.4498196,1.5649016,-2.1155322,2.075012,0.7239516
1.085671,5.16334,0.8788097,5.646147,1.555188,-2.1571023,2.0562348,0.83382463
1.089505,5.203755,0.8681433,5.664281,1.5546443,-2.1224625,0.4543543,0.19765025
1.5603464,5.836095,0.8106322,5.6740103,1.5887012,-2.1483893,1.5244014,0.2492879
2.1359215,5.862112,0.7983198,5.6740875,1.6090024,-2.1427696,0.45272124,0.20644176
1.5104723,5.687729,0.8140323,5.6414065,1.6158392,-2.2113008,1.1645224,0.4255818
1.2169683,5.074708,0.78742015,5.7063437,1.6185524,-2.1815495,2.5127907,0.7540419
1.2341521,6.6721253,0.9248929,5.6041813,1.5830228,-2.2169287,2.8633487,0.8780544
1.6147425,9.079819,0.91835845,5.3864393,1.6152444,-2.2117186,0.028030872,-0.12090668
1.4930766,8.915783,0.92803884,5.318713,1.6117928,-2.1608572,-0.22701252,0.06458306
1.3475957,6.1347947,0.9237708,5.3237886,1.632698,-2.1311007,-0.35827965,-0.106379986
1.4786249,7.957052,0.9539381,5.31267,1.6335342,-2.149344,0.057913184,-0.12789008
1.2555121,8.807205,0.94604826,5.3635397,1.5745754,-2.1412935,0.5155175,0.16918254
1.5241328,9.890049,0.97040904,5.4300423,1.5500176,-2.142549,0.35816514,0.3073905
1.3803384,3.8642879,0.98093367,5.432644,1.5337131,-2.1266541,2.0120647,0.59385586
1.5802196,8.334541,0.9580164,5.4235044,1.5308003,-2.1336946,2.06339,0.59504116
1.6704001,5.2376976,0.96584415,5.435929,1.5580885,-2.123262,1.4655704,0.72316873
1.3637484,4.8218684,0.96360946,5.4173985,1.5518317,-2.0992804,2.5588863,0.4043334
1.5067174,3.2705927,0.98530245,5.316614,1.5404792,-2.1131997,2.5754259,0.16812694
1.1662761,7.6085796,0.96802664,5.360543,1.54684,-2.0949821,2.5039127,0.2942295
2.751689,8.033891,0.95396173,5.380128,1.5351803,-2.061411,2.400878,0.37824953
2.9486644,3.893754,0.8958702,5.452157,1.5297165,-2.0679617,1.9065592,0.088684976
2.8309345,4.2288322,0.88408303,5.515009,1.5168283,-2.041752,2.2788253,0.55388117
2.5365162,8.157644,0.9636898,5.4370937,1.4972453,-2.06286,2.3400302,0.4423378
2.7037246,8.48238,0.9684607,5.425995,1.4879224,-2.0393612,2.340019,0.47819316
2.6596148,4.2740707,0.97982264,5.4212956,1.5308807,-2.1344924,1.4124289,0.03418249
2.7387686,5.4603376,1.0211875,5.4264617,1.5286324,-2.1292167,1.2097342,0.51641107
0.85839915,6.713404,1.0138779,5.4599485,1.4902415,-2.0809722,2.730734,0.66545653
0.9814118,3.149582,0.94882464,5.6617393,1.4655228,-2.0429735,1.352989,0.3461985
2.2094252,5.922447,0.91872096,5.4926224,1.4749327,-2.0538354,0.7332363,0.2356649
1.1992264,3.9690087,0.90535307,5.630385,1.4623115,-2.015892,0.8888161,0.35843456
1.576735,7.2722497,0.89635205,5.718548,1.438556,-2.0027456,1.1636324,0.66392684
1.9758325,6.0652056,0.9561839,5.758894,1.4139535,-2.012134,2.3902164,0.7332165
0.7614511,6.046495,0.9476495,5.8360324,1.384491,-2.0207274,0.35353458,0.55781484
1.1726291,2.5604432,0.8900578,5.807295,1.3654304,-1.9420112,0.47722447,0.49238604
0.95213306,6.7701497,0.906842,5.7094955,1.3566973,-1.9255124,0.24992812,0.17868936
1.6719666,6.7458405,0.9334936,5.72829,1.3576365,-1.9605397,0.21099377,0.3873372
1.490796,7.9350786,0.9481981,5.765879,1.3571708,-1.9455943,2.643487,0.48641187
1.7156227,6.032603,0.8941921,5.857727,1.3281176,-1.9467475,2.6239786,0.39725614
0.5392401,2.3715403,0.8060224,5.970348,1.4130812,-1.9425765,0.8631042,0.5506915
1.0214448,4.5847807,0.8083736,5.959553,1.4282532,-1.9899008,1.9808753,0.41694343
1.1779628,5.7425632,0.76686144,6.02645,1.3537791,-2.0098557,1.4801362,0.46854013
1.5766599,8.982619,0.746701,6.075701,1.3550289,-1.9513307,1.8460929,0.5434201
1.6204315,8.714877,0.80695057,6.0533266,1.2722094,-1.8383527,2.803946,0.90086114
2.0782573,5.6747274,0.687917,6.0523186,1.266181,-1.8355801,2.8656788,0.81023574
2.0026696,9.896691,0.7722647,6.000214,1.2609205,-1.8014816,0.3935045,0.6825975
1.9107655,9.882156,0.72380185,6.0447617,1.2528815,-1.8255557,0.8499081,0.5584121
0.8447913,7.7536063,0.7530656,6.1734176,1.2592108,-1.8006403,0.56841147,0.39945018
0.821605,5.158863,0.7859167,6.169272,1.2673328,-1.8157456,0.5945101,0.33157474
1.4555877,4.4284763,0.7383995,6.148983,1.2909589,-1.8148197,1.4678564,0.4909405
1.6613346,9.554945,0.6799512,6.14487,1.2619834,-1.7943974,0.58707416,0.5165615
1.742624,3.2389145,0.6824262,6.2002153,1.2979925,-1.8148131,0.5244944,0.3891462
1.5296102,2.8707461,0.7130258,6.151995,1.3046885,-1.8387899,0.5500201,0.5310571
2.0392702,3.5691838,0.6809268,6.170472,1.3017187,-1.83831,2.8800194,0.5306722
0.955612,4.2642026,0.6988838,6.230082,1.3142552,-1.9122581,2.8443205,0.5827515
1.4629679,5.3935275,0.68575954,6.209011,1.3343706,-1.8641837,1.5485668,0.4670291
1.2193308,3.6126583,0.6197467,6.3050566,1.3320653,-1.8882252,0.98766756,0.37887788
1.1198282,3.5512686,0.62156415,6.376876,1.3036287,-1.8628694,0.52050996,0.42165112
0.9791962,3.5414991,0.667923,6.3602004,1.2792454,-1.8771358,2.8864055,0.46817183
0.93011653,4.1099443,0.69678783,6.300163,1.2999847,-1.873021,2.9786272,0.69827056
0.98189956,7.3405876,0.6934035,6.2747707,1.3013835,-1.8535258,2.381465,0.7997575
0.97631633,6.9179893,0.6695125,6.2546606,1.2638383,-1.7860003,1.8809376,0.77929235
1.3204931,5.4482822,0.7053168,6.2215157,1.2524407,-1.797891,2.5601213,0.7403933
1.1940341,5.804959,0.6841872,6.2462845,1.2205529,-1.780728,1.4738755,0.5399177
1.4177274,4.6131067,0.60461783,6.3547454,1.1915956,-1.7458346,1.7289677,0.66862965
1.0093081,4.3757205,0.6334499,6.359462,1.2106979,-1.7678983,2.0526042,0.48154223
1.3307846,3.634293,0.64958215,6.367961,1.2278771,-1.7585615,0.7394141,0.5459641
1.0452867,3.7344708,0.6629832,6.3871756,1.1863775,-1.7571585,0.81856465,0.32026118
1.1344225,6.2840147,0.71637666,6.31506,1.2069242,-1.7855061,1.4659743,0.34114003
1.2467443,6.604277,0.713972,6.236348,1.2664301,-1.849732,0.0015002489,0.2991742
1.415761,8.810513,0.7167442,6.2391706,1.2588129,-1.841766,-0.17503816,0.09441054
1.146862,5.75391,0.69382966,6.218603,1.3150778,-1.8365929,-0.17744458,-0.004041761
1.1008891,7.5800824,0.67043006,6.3141656,1.2347567,-1.8177193,0.02713418,-0.005855441
1.3268511,5.7036915,0.72386265,6.241395,1.2342765,-1.8225064,0.17160916,0.62906885
1.6560392,6.216372,0.71506774,6.1562495,1.258805,-1.7985471,0.7322483,0.4683166
1.8172244,7.072081,0.71745014,6.1544476,1.2752323,-1.7957045,0.44586074,0.4391349
1.4358379,2.0395656,0.66300213,6.263994,1.2435806,-1.79536,0.22980165,0.48532152
1.6319894,9.971897,0.67596555,6.362097,1.2221661,-1.8516843,0.30216157,0.45089352
0.8070684,2.39927,0.68717885,6.2210355,1.290307,-1.8532723,0.27014446,0.19935727
1.4159775,3.8027837,0.6519742,6.110793,1.312139,-1.796555,-0.20506042,-0.117189676
1.5408126,5.1970234,0.7479961,6.1289854,1.2694023,-1.7285588,-0.35190493,0.23246747
1.3812648,2.9161687,0.7485659,6.0549574,1.3410406,-1.8398433,0.3919829,0.51051867
1.0490699,3.1878235,0.74260545,6.0590596,1.3798931,-1.9144225,0.8538059,0.24666399
0.93099034,5.1738605,0.71306646,6.187694,1.3012269,-1.9088295,0.058660984,0.29557216
2.2066374,6.6511397,0.7014321,6.1225815,1.2990444,-1.7919149,-0.3514225,0.2095266
1.8163362,4.596657,0.74216795,6.099951,1.2996101,-1.9146543,2.020831,0.5007063
1.7879503,8.172508,0.76709545,6.175498,1.3246548,-1.9190314,1.9014819,0.66635823
1.1960403,3.6337492,0.7645941,6.211896,1.2943082,-1.9028406,2.5398705,0.71349907
1.1571698,8.557028,0.787644,6.162683,1.2976551,-1.9555125,1.473561,0.71173286
1.9222782,8.818905,0.74396753,6.0911894,1.3275568,-1.870529,1.9076853,0.50135183
0.9094769,3.434681,0.8068881,6.152129,1.3294661,-1.975983,2.2392619,0.9724002
1.2867839,6.246416,0.809566,6.0861835,1.3292334,-1.9490514,1.1529844,0.9789231
1.237769,6.9982185,0.8582382,5.9020376,1.3265839,-1.8800359,2.7676828,0.5832876
1.2254837,5.4025917,0.85679626,5.8895645,1.3499706,-1.9090147,2.67893,0.778105
1.1613624,4.0858097,0.8911903,5.843394,1.3410618,-1.9005761,2.0106432,0.2870382
0.6525862,4.0164804,0.9336574,5.884476,1.33866,-1.9467489,1.1580276,0.34767938
0.65346503,4.7845445,0.9330654,5.845024,1.3536611,-1.8778691,1.6601872,0.55060756
0.68574923,2.5524385,0.9166148,5.8304214,1.3603723,-1.9507611,2.748462,0.7284951
0.8516568,2.2818775,0.8758807,5.777576,1.367651,-1.8691055,2.9230437,0.7131686
0.7763405,2.6082373,0.8502047,5.8662148,1.3542216,-1.9113084,2.7655082,0.19429904
1.8680234,3.3168435,0.8316244,5.807632,1.3882143,-1.8976378,2.7317338,0.22562706
1.2541474,8.4530525,0.84143305,5.814602,1.3430209,-1.890563,-0.045325875,0.29139596
2.7685797,9.111639,0.8827839,5.7517214,1.3376243,-1.9222175,-0.07067126,-0.031511784
2.5034418,7.5196595,0.87929916,5.792385,1.3373275,-1.9010569,-0.01457715,-0.033308417
1.2886152,5.265554,0.85844517,5.781698,1.3509052,-1.9032443,0.24998581,0.090845466
1.3765912,9.840257,0.8572974,5.8968906,1.2692542,-1.8747258,0.17070818,0.5377469
2.2299283,5.650522,0.8392713,5.913843,1.2396832,-1.7684239,0.799392,0.30224425
2.6705098,6.451791,0.81187224,5.8961287,1.2625825,-1.8033173,0.88799536,0.2021445
1.6421427,5.4308124,0.83393455,5.9035463,1.240706,-1.7985694,0.69008255,0.33480662
1.3194335,8.065716,0.9313779,5.898571,1.25383,-1.8454686,1.2597156,0.38422847
2.1871595,8.216364,0.9841206,5.7408333,1.2369013,-1.8445731,0.6721178,0.25800532
1.8398507,7.358479,1.0191414,5.6383953,1.2373998,-1.8400367,0.92069864,0.6788155
1.5691627,7.6498437,1.0476251,5.7122498,1.2726924,-1.8695636,0.30428123,0.371575
2.2822926,6.869332,0.97921085,5.6852007,1.3314402,-1.8742324,0.28098047,0.5040319
2.7521632,4.8759775,0.9717244,5.6452236,1.3236649,-1.8866267,2.4094028,0.6630633
2.1636705,6.893093,1.0099318,5.70136,1.3246372,-1.8641255,0.7914618,0.68284976
1.7335991,5.4073076,0.9315828,5.696167,1.3282521,-1.856269,1.0620828,0.63288856
1.5904025,5.0017834,0.93662715,5.6666265,1.3419142,-1.880267,2.601659,0.31518066
1.2421706,3.3866816,0.96116924,5.718685,1.3253825,-1.871373,0.19036746,0.52093565
1.811,6.426115,0.94705725,5.6873407,1.3264327,-1.8560762,0.59643435,0.0141019225
1.1861985,3.435544,1.0019646,5.721472,1.293318,-1.8331362,0.5510417,0.66429675
2.1463947,7.6864576,0.99631953,5.7695312,1.2875772,-1.8895062,0.22527635,0.47699356
1.1483887,2.106117,0.92588377,5.7638087,1.3156409,-1.8267422,0.21951163,0.519796
1.1541592,2.86874,0.91330516,5.7702065,1.2718041,-1.8026386,0.43354988,0.20492649
0.99624425,5.9626007,0.900432,5.814208,1.2719369,-1.8184533,0.76867497,0.4543699
1.703731,7.4352283,0.90965164,5.855584,1.222132,-1.8205272,0.40964866,0.45921928
1.5884876,8.252731,0.81175673,5.9003024,1.2303529,-1.7730323,0.63523495,0.4099396
2.1493168,4.6919446,0.82846713,5.8829355,1.2761734,-1.7655228,0.6101872,-0.04376924
2.417714,4.7079372,0.8319504,5.8400435,1.2506411,-1.7831085,1.5986433,0.5820143
1.6812044,4.4028597,-0.103488564,7.7612505,0.24554634,-0.89345694,2.7071912,0.8587947
2.3562036,4.3656435,-0.16319406,7.6254253,0.2593689,-0.8643646,2.18183,0.83863974
1.7478962,5.298787,-0.11301547,7.5800147,0.26842666,-0.8635049,2.9047725,0.73927236
2.3850017,4.8375697,0.06345844,7.5685897,0.28059077,-0.8651488,0.60330975,0.88411057
1.6011437,5.539673,0.08107257,7.521846,0.37210536,-0.9427593,1.940675,0.8214226
1.8359497,3.1183658,0.07228601,7.3932257,0.42789006,-1.0105281,0.08086324,0.018933177
2.0516443,6.0769362,0.17160356,7.3214054,0.4492371,-1.0290282,-0.0077517033,0.2080977
1.9680955,6.4029465,0.20413792,7.373226,0.4182129,-1.0372429,-0.17457521,0.19445723
2.3123438,3.3686862,0.34057474,7.404191,0.4222319,-1.0316613,0.12657547,0.08971274
1.6818547,6.683531,0.31903958,7.184291,0.44906664,-1.0566137,-0.110835075,0.12081599
2.331627,9.009748,0.25365758,7.33012,0.4651065,-1.0637596,-0.20088732,-0.070568025
2.4780612,4.963785,0.26357925,7.3531785,0.5052583,-1.0673006,-0.092333436,0.18766987
1.600787,3.6537962,0.194062,7.305578,0.5083387,-1.0643501,0.10460603,0.25904596
1.9124591,4.2516603,0.2591207,7.321217,0.43390965,-1.0631044,0.03265083,0.016596198
1.6675168,4.277197,0.28971648,7.311492,0.4321959,-1.0503762,0.06785178,0.08776206
1.7180402,4.11765,0.32231748,7.2902665,0.42666793,-1.0472596,0.061632752,-0.05094093
1.6384666,3.4965076,0.34104812,7.25393,0.42197657,-1.0581062,0.082408905,0.10557115
1.5730304,3.7011104,0.22195446,7.258224,0.4481554,-1.0157597,0.020590663,0.07781333
2.451353,2.033801,0.24980772,7.1559625,0.443146,-0.9819,0.51902044,0.49347556
1.9783769,2.1178064,0.31514823,7.120844,0.46426225,-0.9772935,0.6942097,0.7314683
1.5616498,2.4501204,0.2961352,7.158474,0.48971653,-1.0613426,2.54553,0.72547233
1.3909656,2.4667609,0.18272448,7.2198114,0.56542826,-1.1136754,1.8904696,0.61541927
1.5385182,2.195919,0.14926672,7.302911,0.52193785,-1.1352049,1.0142951,0.4637437
2.9803367,6.3711476,0.28927028,7.110583,0.55865073,-1.1381822,0.415007,0.4794562
2.9611442,8.4671135,0.37870002,7.161686,0.4909451,-1.1270946,0.4156083,0.6206392
2.585249,2.3443909,0.46999478,7.0306716,0.53177357,-1.036407,1.4533341,0.844978
2.925646,3.6621199,0.39443493,7.0969005,0.50545025,-1.0541968,1.9838009,0.822945
1.6521155,2.5938385,0.3621962,7.2495584,0.5198026,-1.1472228,2.6442838,0.41786623
1.3004117,3.9779315,0.33406913,7.254739,0.5436487,-1.1411369,1.4929006,0.47881937
1.7861269,4.6860714,0.34001422,7.222857,0.554585,-1.1354208,1.2646387,0.44438052
1.9246892,7.3317766,0.26401782,7.2541223,0.5473697,-1.1880155,0.751829,0.62016416
2.383231,7.7382536,0.23737848,7.2286253,0.60847235,-1.1983713,0.8219533,0.51927865
2.04403,5.6537523,0.3032683,7.1844397,0.6623068,-1.1889557,2.1093109,0.5468482
2.0015461,2.8546975,0.17694771,7.288848,0.6421156,-1.2178173,1.6027935,0.58695793
2.0238519,5.257125,0.13425124,7.3251767,0.63578486,-1.1958128,1.4614811,0.61304176
2.0532367,4.704068,0.08002591,7.375582,0.6036699,-1.1990836,0.58262575,0.37856168
1.6918182,7.8680882,0.22551405,7.332506,0.563288,-1.1602874,2.110259,0.8532331
1.4049914,5.927659,0.21578097,7.4645696,0.5370822,-1.2189013,2.2038984,0.33801794
1.3933896,8.1937,0.18520486,7.572089,0.55136466,-1.1951456,1.1647065,0.35215855
1.3108321,5.2235603,0.13724995,7.495565,0.55995536,-1.1907296,0.16336393,0.16033524
1.2651422,5.5943527,0.08569825,7.4858074,0.62357235,-1.1824963,0.5590298,0.3824895
1.5357848,8.2480955,0.030075073,7.676027,0.579767,-1.2277075,0.108902335,0.4072752
1.390946,6.1009707,0.06878114,7.6260786,0.5918255,-1.2384353,0.5870466,0.28210735
1.6728598,8.37347,0.12500393,7.7219195,0.58878136,-1.2284188,0.01801169,0.7101486
1.0946474,5.423461,0.110046744,7.6803436,0.5709274,-1.2522365,1.6754408,0.53274655
1.0145509,6.4550242,0.14008021,7.679842,0.59707165,-1.1701788,2.614111,0.65913033
1.110003,7.594507,0.11178589,7.5618577,0.6236534,-1.2182431,1.7928653,0.75613856
1.4500594,6.529256,-0.012414098,7.5800524,0.6501088,-1.3020787,1.8449206,0.5743079
1.2858846,5.976969,0.06863189,7.695844,0.6354039,-1.3036585,0.5254867,0.5570867
1.4027697,6.6099486,0.038564682,7.638281,0.66997695,-1.2835512,0.43555772,0.61084497
1.4051039,8.282408,0.02261281,7.6543846,0.6356287,-1.2723509,0.20385051,0.30917823
1.2750165,5.9522715,0.07108796,7.6182113,0.65772986,-1.3145297,0.41639602,0.34682453
1.9271686,7.7708745,0.061071396,7.574719,0.6505103,-1.2603648,0.20971131,0.3959449
1.2868465,4.8054543,0.066381454,7.54764,0.63272786,-1.2835715,0.83506,0.42759645
1.3791816,7.942854,0.06513691,7.5239215,0.6468649,-1.2527323,0.4806435,0.42517304
1.5470287,2.459363,0.013038397,7.6043024,0.617903,-1.2580147,0.46728492,0.44046307
1.7267233,2.1657362,0.010946512,7.6011953,0.61438656,-1.2674329,1.9149175,0.53578234
1.3068037,2.2848465,0.06521845,7.551664,0.68527174,-1.3061512,2.3376322,0.7369163
1.6041261,6.780598,0.12958515,7.4925013,0.7386112,-1.3855693,2.9193475,0.5490171
0.9620007,2.72468,0.14555597,7.3652506,0.75173855,-1.3748484,2.652466,0.78089786
1.5442793,2.2041614,0.1062808,7.2953787,0.6936462,-1.2968334,2.1279685,0.6421132
2.3596725,3.0454006,0.13190484,7.2953444,0.7435422,-1.3345395,2.4620914,0.6881759
1.7249846,2.3599138,0.2055955,7.294956,0.75402164,-1.327205,2.3480546,0.81643915
1.7677587,2.9369667,0.051431894,7.3259315,0.7056198,-1.2842295,2.2593665,0.6639116
1.5081756,2.1113105,0.091695786,7.2901497,0.78480554,-1.3619883,2.8243625,0.5827968
1.2977954,2.59411,0.16627717,7.1663423,0.7714431,-1.3551345,2.700218,0.59001005
1.6522208,9.036296,0.13494587,7.3506656,0.8102205,-1.3809824,1.628202,0.47539103
1.5526407,8.428372,0.116325736,7.2511806,0.771384,-1.3815311,2.2304273,0.28777122
1.7778658,8.206146,-0.16090757,7.51617,0.77061176,-1.3535854,0.21161115,0.53950775
1.4271207,9.251809,0.0073486567,7.4361343,0.76891756,-1.3003314,0.3474667,0.4012673
1.5300801,4.147542,-0.0101213455,7.6093836,0.74011207,-1.3244369,2.2653508,0.76264083
1.5769255,9.920166,0.05152452,7.612556,0.73969245,-1.3779078,0.35271084,0.45901668
2.142932,5.6838,0.056297302,7.5107293,0.7776973,-1.4278024,0.46581686,0.21857691
1.5916774,7.3178988,-0.01216948,7.504176,0.67786455,-1.2804289,0.27722955,0.3549565
1.5239022,5.6145782,0.0055960417,7.5575566,0.67490745,-1.2955945,0.39732397,0.4095676
1.8210866,9.700912,0.0259763,7.59531,0.68016744,-1.2751977,2.1942563,0.65257394
1.6861732,8.314455,0.006500125,7.492947,0.71573544,-1.2604272,1.3658533,0.50890326
1.2534714,5.7314005,0.023241282,7.514916,0.708375,-1.3177681,1.7024693,0.5393479
1.6136208,6.3033023,-0.012448788,7.4876738,0.7750485,-1.3316299,2.2836487,0.69121957
1.6913351,6.156387,0.20929313,7.4940186,0.7051146,-1.333107,2.408983,0.9344406
1.2645878,9.430247,0.19340217,7.524672,0.69669986,-1.3547611,1.7522433,0.70091915
1.2322748,9.3189945,0.19455981,7.582517,0.7267623,-1.3495896,0.9516406,0.6062734
1.542896,8.721447,0.19042206,7.428502,0.7688298,-1.4265616,1.317245,0.5798135
1.5574173,8.407619,0.11259472,7.4605627,0.76720643,-1.3802552,0.16975904,0.62217104
1.9187984,9.525988,0.14432704,7.4041376,0.77417755,-1.4099257,0.109710455,0.6880815
2.6269715,6.0745406,0.16582668,7.26147,0.7947638,-1.3334529,1.3314764,0.6782745
2.400366,4.856932,0.21674037,7.164108,0.785316,-1.3310251,0.3111409,0.46560597
1.6316402,2.6761088,0.22968078,7.0312977,0.77073216,-1.3142856,0.67225194,0.5660393
1.5652695,2.5990272,0.31366575,7.0637493,0.8207774,-1.3617657,0.18696356,0.02689302
1.3738018,2.9282725,0.36063516,7.1094193,0.83190227,-1.3966624,0.04171765,0.22511357
1.6886792,7.560454,0.38440073,7.061641,0.8005488,-1.4239175,0.19464803,0.16435051
1.5012544,5.9264164,0.36473894,7.061753,0.7992437,-1.3807244,0.101946115,0.20920396
1.6896755,7.891759,0.30987787,7.0392194,0.8540461,-1.388628,0.12459719,0.35460883
1.4410535,4.385836,0.3182013,7.0397325,0.7903452,-1.360655,0.32350266,0.29275352
1.5426778,3.4491572,0.38567734,7.0229106,0.7981899,-1.3824766,0.5374106,0.52264714
1.4417453,4.599919,0.38914108,6.9785013,0.81077695,-1.402698,2.7915113,0.8005638
1.4482548,7.9654136,0.33388948,6.9418907,0.8292043,-1.3615985,2.8280737,0.90958154
1.5828239,6.138872,0.38731003,7.072915,0.8132689,-1.3580854,1.2737551,0.43668014
1.9750936,8.967142,0.35260952,7.0361333,0.8003924,-1.3910248,0.16661072,0.76314044
2.7044888,2.2381587,0.3789736,7.112003,0.828578,-1.4004047,-0.08139217,-0.019249082
1.1773496,2.4186316,0.29205728,7.124936,0.8083811,-1.4062436,-0.153472,-0.20315734
1.7999458,4.032606,0.27028036,7.0733914,0.8059726,-1.3496236,-0.1284278,-0.17456192
0.82674134,3.4551122,0.22029519,7.202715,0.8180969,-1.4044194,-0.13816202,-0.200715
0.848204,2.317979,0.15926051,7.292807,0.8864949,-1.3717957,0.21362853,0.96680665
2.6676648,2.5608556,0.122213244,7.1730137,0.91256166,-1.4236977,1.055208,0.97354746
2.367005,9.823223,0.052711725,7.3147097,0.9105177,-1.4299679,0.06147015,0.39475256
1.854222,9.733743,0.049895525,7.3270097,0.82748485,-1.433039,0.044021964,0.08508724
1.8534373,5.3869877,0.024157882,7.5252733,0.8268192,-1.4266143,-0.4831367,-0.37859532
1.5917667,5.1770277,0.07222676,7.493062,0.76349497,-1.3703184,-0.6788795,-0.39950547
0.962529,4.2021112,0.123907804,7.5756836,0.74885917,-1.3471572,-0.749761,0.011862993
0.95683604,3.709468,0.032974005,7.57903,0.7430701,-1.3186959,0.54057586,0.51484644
0.9620776,3.5363216,0.1502471,7.5838356,0.78173304,-1.3847106,1.9687994,0.5808073
1.105937,7.8880258,0.24758136,7.402102,0.82211304,-1.4666626,1.0433376,0.50547266
1.0782732,7.742318,0.2597313,7.509948,0.8166256,-1.4694139,0.17497241,0.44262338
0.938613,6.9375734,0.27717686,7.5131135,0.8850262,-1.5725518,0.4373752,0.53438747
1.0896938,8.579117,0.28575373,7.5082912,0.8815236,-1.5650907,0.12827528,0.37611556
1.1056757,9.900085,0.11761618,7.4656487,0.87364554,-1.4988288,1.7190819,0.4694053
2.6309853,9.9123955,0.039824724,7.4151487,0.88105416,-1.4588902,1.6786797,0.62103784
2.087285,5.7407513,-0.013519406,7.5063524,0.9157355,-1.5126774,2.3290856,0.6768391
2.5027232,9.908833,-0.008965731,7.4311357,0.9262922,-1.4681528,2.811529,0.738099
1.403749,9.91074,0.027887344,7.4445724,0.8800018,-1.4377456,2.2056432,0.8562393
1.608602,7.8198934,0.03951204,7.429864,0.84959507,-1.443574,1.4508798,0.79420877
1.2788792,9.893005,-0.12105495,7.7056293,0.8444276,-1.4244204,1.3881207,0.78295624
1.4070827,9.962499,-0.14954102,7.815836,0.8047626,-1.4321318,1.7006927,0.66526985
1.3404601,8.204773,-0.13226044,7.8065195,0.8195102,-1.4247088,1.0587285,0.615026
1.3413422,8.225224,-0.14174414,7.8208604,0.8176086,-1.44075,0.6996262,0.57765687
1.1154279,5.1893396,-0.1388154,7.76666,0.85901594,-1.4099118,2.838328,0.9511074
1.2258916,5.79467,-0.15411365,7.806583,0.79547024,-1.3695028,2.8804386,0.87837934
0.9869249,5.7760115,-0.11637342,7.735581,0.86167884,-1.3939615,2.0046284,0.89031816
1.398033,3.229847,-0.17428768,7.7210064,0.8877814,-1.4900146,1.6370881,0.6987505
1.7397934,8.762901,-0.11008078,7.7008553,0.92371774,-1.5059427,1.160203,0.52723765
1.8440626,8.7141905,0.022216797,7.5948033,0.9216156,-1.5560527,0.87823164,0.5838661
1.8559259,7.111609,-0.005452156,7.600432,0.898926,-1.5304579,1.2229569,0.6808915
2.3425615,9.663231,0.0022431612,7.4949937,0.93658304,-1.4928199,1.5201936,0.750111
2.3076138,9.343971,-0.06431186,7.604798,0.9291713,-1.4542497,2.0753212,0.7537128
2.1629233,8.210896,0.08461809,7.483176,0.9284024,-1.4984984,2.1016061,0.6849897
1.3257233,2.4119513,-0.05715704,7.49216,0.87288713,-1.4764173,2.6685767,0.6688713
1.3135996,2.1106374,0.11168909,7.398267,0.8741827,-1.5032178,1.7017899,0.5866183
1.1359185,9.928156,0.21369326,7.4140506,0.92649174,-1.4992342,0.9386815,0.71024454
1.0663593,6.1518555,0.23925757,7.5200267,0.86436653,-1.4957161,0.62696517,0.22038782
0.84439754,6.5018725,0.19055986,7.540613,0.8335695,-1.4904513,2.0696812,0.32713622
0.8660963,5.448077,0.30268502,7.3991847,0.8413441,-1.4827012,2.6111808,0.7848227
0.91469413,3.330968,0.1976018,7.4968348,0.86118984,-1.5323558,2.378609,0.7072121
0.64526105,2.0813627,0.23057711,7.5532537,0.863297,-1.4884188,2.2156663,0.5337614
0.58550656,2.6429145,0.18118954,7.5101724,0.9872029,-1.4814894,0.66126204,0.45860946
0.57875943,2.9033246,0.19019985,7.5262895,0.8419502,-1.4442999,0.81468105,0.24828148
0.53315395,2.8778563,0.32230115,7.530974,0.84143615,-1.4513478,-0.16755915,0.3641256
0.5095162,2.7558846,0.29448342,7.5971484,0.8345406,-1.3948464,-0.22875607,0.1799866
0.5825941,2.1851282,0.25903273,7.291852,0.8724258,-1.4313533,-0.17502856,0.23453307
0.51622945,2.7858965,0.26958132,7.352696,0.88945556,-1.4103191,2.191722,0.49291927
0.5414641,3.2831898,0.2481519,7.3887715,0.921561,-1.4791943,0.86599946,0.82758856
0.5626096,2.884586,0.3652166,7.3161316,1.0032873,-1.5996155,2.9629753,0.53823185
0.7680682,3.0473166,0.23124683,7.340142,0.9714067,-1.5519713,2.9882452,0.72593486
0.66365516,3.6111484,0.3068682,7.213761,1.0182688,-1.5848789,2.9734347,0.5700394
0.6761458,4.261099,0.30448747,7.164122,1.0457587,-1.5678605,0.16121864,0.5866034
0.79099166,2.2736578,0.245659,7.064797,1.0996702,-1.6159031,0.123621464,0.05912453
1.6058543,3.0646806,0.23491883,7.1216516,1.117496,-1.6825708,0.7390356,0.85661733
1.5098274,3.0877354,0.23578775,7.12551,1.1141233,-1.6706635,2.498234,0.943972
1.807164,2.2573376,0.23963296,7.040807,1.165515,-1.7004064,0.36296964,0.8245077
0.9490936,8.379968,0.19448733,7.079581,1.2149673,-1.7023916,1.6380584,0.64583504
1.6668228,9.5688305,0.25384045,6.9412203,1.1678874,-1.7170308,1.4482813,0.61146307
1.7844204,9.034326,0.3230194,6.8903127,1.1298587,-1.6936727,1.4262583,0.5701966
1.1528379,5.8539743,0.3018918,6.9428263,1.1197364,-1.7163665,0.4020437,0.4859823
1.2533365,3.7737727,0.30217683,7.108135,1.1072707,-1.6904534,2.9346883,0.9145577
1.2405415,8.609371,0.28261042,7.0560555,1.1083398,-1.74214,2.8177397,0.41632038
1.0368526,8.207548,0.2910123,7.1186957,1.1239629,-1.7427411,2.900474,0.9928192
1.1694471,4.104766,0.28308892,7.2086797,1.0884049,-1.7187135,2.4899576,0.123364985
0.66202074,3.7192714,0.2878294,7.237582,1.0955803,-1.7194088,2.2605193,0.902117
0.626344,3.2751436,0.24575436,7.3670716,1.1659539,-1.6914111,0.6271138,0.40183973
0.63572824,2.6346607,0.20442057,7.2009516,1.1464946,-1.7000438,1.1555414,0.7474284
0.9261849,4.1726236,0.17026997,7.1805863,1.2099411,-1.7984326,1.5173829,0.3870412
1.584919,9.6761675,0.14572084,7.1179276,1.2687812,-1.798878,0.65690863,0.6437502
1.7883627,7.157047,0.1432904,7.100977,1.3514137,-1.8682754,1.6505935,0.51326776
1.9232569,7.7835293,0.17269504,7.0520906,1.3301136,-1.8652077,0.65597546,0.570349
1.2106045,9.529396,0.22865248,7.0584483,1.3219688,-1.8434341,0.87506044,0.7648685
1.1222019,6.9671903,0.1972369,7.0777936,1.303623,-1.9262968,0.14425635,0.20364195
1.0279613,7.182324,0.25200534,7.100578,1.312825,-1.8849225,0.6331215,0.8098872
0.7714281,7.8790965,0.2740172,7.063045,1.3346467,-1.907247,1.6089599,0.39069533
0.77386016,5.3858304,0.22006214,7.202586,1.345295,-1.8860403,1.13555,0.6749952
0.7520961,4.3476477,0.24311304,7.046185,1.3333199,-1.9283198,1.6944377,0.4305327
0.7339457,5.0540094,0.27288938,7.2314997,1.2799172,-1.8446984,2.137192,0.7034502
0.79623985,6.305017,0.26779664,7.1103945,1.3053639,-1.8288019,2.3238919,0.6607928
0.73140514,8.093916,0.21436453,7.28544,1.2871714,-1.8713082,2.7106118,0.7109909
0.6491767,5.654685,0.20899236,7.420184,1.3309736,-1.8892269,-0.02841115,0.7303996
0.68949294,5.955929,0.19509935,7.475692,1.3461137,-1.9743776,2.8153284,0.8124374
0.7770543,9.629839,0.1737771,7.5310593,1.3677864,-1.9734805,1.772408,0.73853946
0.80789614,9.090586,0.21974337,7.3790092,1.4285243,-2.046337,1.2228208,0.5123733
0.80615276,9.41716,0.12996864,7.4570813,1.4350843,-2.0314596,1.6231196,0.66174614
0.7184931,9.921219,0.14712048,7.515106,1.4579628,-2.043137,1.3977447,0.60488915
0.7310673,5.9900417,0.1503346,7.3913975,1.5182302,-2.0698946,2.3786225,0.5117718
2.1140208,3.9002466,0.14067507,7.2431664,1.526531,-2.094213,0.4668827,0.6072633
1.7356136,9.512625,0.13994098,7.1202846,1.5216844,-2.1075017,2.662155,0.7149557
1.1243396,9.278236,0.1739378,7.1225734,1.5053663,-2.0973592,1.3583403,0.78438735
1.2681074,3.8966153,0.18775177,6.99471,1.5926962,-2.143784,1.5369961,0.8637943
0.96247077,7.4779525,0.22110951,6.9944286,1.5854468,-2.1381702,1.9853835,0.7246158
0.7964932,6.694185,0.25954533,7.0392666,1.5893619,-2.1302032,1.183588,0.40007722
0.7387268,6.63952,0.21301103,7.180275,1.5558505,-2.0958698,0.80996406,0.42423213
0.97132933,7.7051306,0.15797877,7.1827903,1.527314,-2.1740065,1.2071762,0.6533189
1.333621,9.785534,0.19190025,7.0479236,1.6258023,-2.2499218,0.41539037,0.5823046
1.9667804,9.893291,0.23989177,6.9475384,1.6750135,-2.2646892,0.5753461,0.44296718
2.995981,4.920432,0.33951986,7.3949447,0.18976998,-0.8146546,2.7406163,0.44141436
2.9934795,3.5653691,0.35192823,7.2134585,0.2094183,-0.78800225,0.11495578,0.0124822855
2.7615244,2.7642255,0.610963,7.1466084,0.15871811,-0.7802141,2.0771658,0.95816827
2.7669246,3.2786655,0.5584552,7.1205235,0.21953249,-0.77652144,2.1316264,0.7132505
2.5403094,4.325368,0.5146924,7.330274,0.16572642,-0.79895186,2.130779,0.28930795
2.4543905,2.7934818,0.38355982,7.3647695,0.17740846,-0.79900193,0.92346895,0.38845295
2.3788126,3.2584836,0.3331616,7.320665,0.22629023,-0.7982564,0.80061114,0.6330563
2.8907568,4.4630957,0.3756311,7.293505,0.25786996,-0.83252954,1.4219453,0.4231429
1.8333176,4.3507195,0.38815868,7.3005567,0.20278072,-0.8120811,1.5541108,0.44546723
1.5350485,2.768043,0.36042273,7.434513,0.15941834,-0.90391946,0.5239967,0.16968
2.0044045,2.6390977,0.355186,7.4124928,0.23522854,-0.9134226,0.4746232,0.6074431
1.5499922,3.6066358,0.34432197,7.3984084,0.27902818,-0.91210794,0.272272,0.22673559
1.3482118,2.9242816,0.23590791,7.4153337,0.2666142,-0.8808508,0.4847995,0.30642098
1.3178687,3.321056,0.3173604,7.443532,0.2812016,-0.98808336,0.299999,0.36550295
1.8691268,3.0446954,0.29677916,7.290682,0.33868647,-0.97454405,0.56921697,0.35043532
2.0475235,4.5683804,0.23429489,7.28318,0.32668424,-0.9214959,0.88032806,0.5828048
2.0420396,2.755307,0.2223103,7.2400503,0.35856414,-0.93611,1.7344787,0.631081
2.0708523,2.8702009,0.36523557,7.265155,0.36960387,-0.9556446,1.0841274,0.50584567
1.5555362,3.3983712,0.24074149,7.254538,0.40274215,-0.9797702,0.98534906,0.4807012
2.1013687,5.5121527,0.4494208,7.283503,0.36140084,-1.0412393,1.7920587,0.7175375
1.9551456,3.421415,0.46168137,7.336234,0.36664844,-1.0419352,1.4592748,0.6349238
1.1791378,3.822748,0.39395213,7.296807,0.3826089,-0.97065735,1.2850971,0.6263217
2.1234508,6.310222,0.17760086,7.335372,0.44803715,-1.0441229,1.8347242,0.65085626
1.8677436,9.691771,0.1636715,7.4796877,0.44333386,-1.0978031,1.647114,0.40092075
1.3854508,3.9454036,0.13674855,7.567265,0.46182942,-1.1019355,2.4170108,0.93621397
2.4583535,6.3135934,0.1205585,7.4813914,0.4723189,-1.0637095,2.3212614,0.88577914
2.4860206,5.5189686,0.024027586,7.501729,0.48195243,-1.047054,2.3459442,0.81039274
1.6064522,5.383515,0.12068808,7.5428543,0.39874625,-1.0506123,1.03929,0.7516085
1.6616058,6.3408203,0.11972582,7.6446147,0.29705882,-1.0281842,0.7569723,0.30902827
2.12797,7.750817,-0.115638256,7.8111467,0.3639543,-1.0206394,-0.1468538,0.28712714
1.8041272,6.0509753,-0.0946722,7.8177156,0.3748715,-1.04334,1.2490947,0.33079112
2.1524,9.534838,-0.12820995,7.815072,0.303334,-0.9693308,1.2550583,0.6857393
2.3217824,7.415211,-0.17255235,7.8780603,0.3218162,-0.97172976,1.0402424,0.63761187
1.9833188,7.259761,-0.2192359,7.754239,0.2679956,-0.8941932,0.464316,0.43106216
2.0735862,6.941542,-0.11614323,7.8871546,0.19293094,-0.9195881,0.27678967,0.5003303
2.0581055,9.833334,-0.2527436,7.9416075,0.25815153,-0.94548416,1.7983687,0.5036775
1.8884356,9.372858,-0.17076683,7.9173493,0.2943411,-0.9586177,0.16574633,0.49826324
2.2326164,6.7257013,-0.33597028,7.9490867,0.29755378,-0.9531245,0.65218806,0.3186043
2.2329617,9.302025,-0.17192245,7.923132,0.27196288,-0.9781871,-0.27518195,0.18809319
2.1177282,6.7093773,-0.37137258,7.8762784,0.30585146,-0.91682386,0.32948756,0.09210491
2.2120016,6.969641,-0.38085812,7.8961186,0.31280136,-0.9092672,2.947725,0.8597088
2.477372,5.59579,-0.38091695,7.771223,0.3444035,-0.9355693,2.5492933,0.58205783
2.1840866,5.437537,-0.22184163,7.6493454,0.38233852,-0.92647266,1.1351218,0.5982257
1.8971418,5.560623,-0.004370451,7.5692873,0.3562448,-0.9387319,1.33724,0.6143322
2.1765018,4.7444468,-0.11093545,7.621195,0.31228995,-0.9240985,0.6201943,0.20987582
1.7702565,3.485167,-0.01363349,7.6021757,0.31213737,-0.8892877,0.74986327,0.5344403
1.2867643,2.534825,0.12484336,7.6009274,0.30700278,-0.9294429,1.6874712,0.5172398
1.6208773,3.428918,0.15247917,7.515531,0.28675056,-0.85786057,0.86625934,0.55288064
2.0622787,5.0878644,0.13278782,7.5394835,0.28269887,-0.90182114,2.7072518,0.90648985
2.038799,7.8355412,0.15168083,7.580366,0.27281952,-0.89583397,2.629837,0.40686607
2.084643,4.4259267,0.30622315,7.313638,0.39426327,-0.9844074,2.87124,0.7655363
2.0121505,5.3940725,0.41508198,7.209536,0.40767622,-1.0292497,1.2192636,0.38793933
2.37888,5.310671,0.3697878,7.2290435,0.37599182,-1.0197043,0.1313976,0.36166787
1.7332535,5.3814173,0.44144392,7.4317756,0.32018733,-1.0209371,0.39231265,0.15997475
1.8775301,5.6570935,0.38200343,7.378073,0.33034015,-1.0646456,0.533991,0.3248862
1.4707822,5.38966,0.32468462,7.4819665,0.3525102,-1.0471599,1.0632706,0.6386676
2.0251188,6.4670367,0.23403943,7.5730186,0.36488962,-1.0483613,1.2242508,0.5708132
1.9749918,5.8294115,0.20783746,7.472613,0.38391852,-1.0502383,1.1352155,0.52969956
2.0403898,7.5567675,0.16284466,7.4373493,0.43715525,-1.0572538,0.84646726,0.4638402
2.1542373,6.3333073,0.06346929,7.514472,0.4764185,-1.0480688,0.17866135,0.39263558
2.0297248,5.0886683,0.030148745,7.5244017,0.47544885,-1.0754745,0.52715015,0.48206455
1.8726891,5.863405,0.0037765503,7.606208,0.5011573,-1.0765089,0.8041377,0.44127238
2.0659432,5.7960525,0.00066685677,7.472689,0.43203282,-0.9909477,1.9667807,0.59637094
1.5922711,5.483073,0.19205284,7.389718,0.42689395,-1.0295284,1.1198268,0.7721127
1.738919,2.8958025,0.2105341,7.4117794,0.38283038,-1.0242331,0.21857607,0.26183856
2.0426517,6.483615,0.069102526,7.4112954,0.4534483,-1.024787,0.45585048,0.49421203
2.1484735,6.308636,0.030074596,7.4802413,0.4107139,-1.0345373,0.31918323,0.3058309
2.4319437,7.534863,0.14526057,7.483903,0.3930769,-1.0641601,0.35622978,0.27989858
1.4743273,6.456856,0.24263072,7.6047497,0.3747003,-1.0580152,0.375211,0.45628417
1.6785705,5.557705,0.22298765,7.5692616,0.37046385,-1.1021821,1.217443,0.35813326
2.0803642,8.096493,0.28200865,7.462182,0.3905921,-1.0867488,2.0760634,0.7061182
1.6537272,6.6352725,0.22107863,7.513844,0.4520843,-1.1085715,1.6147974,0.63743937
1.6276963,5.63284,0.105822444,7.539461,0.47777438,-1.1174848,1.9952922,0.8444046
1.9258332,7.13625,0.14485002,7.5843153,0.4523313,-1.0988884,1.2622895,0.68995154
1.7758143,8.511662,0.17404568,7.5273647,0.44931698,-1.1124784,0.74875605,0.83558583
1.956821,9.624136,0.21080816,7.589567,0.4056387,-1.0745999,0.8034333,0.2764777
1.2826238,6.7719116,0.17452371,7.669837,0.39713883,-1.0612798,2.6645298,0.5405071
1.4714445,4.9988604,0.12448156,7.518965,0.41847277,-1.027903,2.9692016,0.40422577
1.3527646,4.2669516,0.1979456,7.4646187,0.4396906,-1.0416682,2.562537,0.7139846
1.3525817,4.9172325,0.16940212,7.3173733,0.47360945,-1.0879731,2.8029594,0.73958075
1.4992235,3.4823742,0.30853915,7.2786846,0.43510604,-1.0880656,2.8910992,0.55036044
1.4641913,2.696245,0.27060556,7.3071632,0.48776102,-1.1051606,2.866596,0.52990866
1.2403352,4.40749,0.31033182,7.3249564,0.5082414,-1.0979015,1.7832558,0.3900923
1.5306209,4.167094,0.29516673,7.3355527,0.45269513,-1.0713885,1.6507611,0.35874355
1.4570365,3.8154483,0.31241822,7.3301415,0.4268551,-1.0479065,1.4787633,0.6200149
1.6126935,7.3876934,0.2569015,7.571757,0.38002753,-1.0460784,1.5014396,0.56051147
1.7297478,7.0368237,-0.105792165,7.6734,0.4495268,-1.05602,0.9359094,0.8596251
1.4263296,5.809882,-0.08205938,7.756364,0.40895677,-1.0142434,2.4930854,0.8701484
1.2849243,4.9181657,-0.09254271,7.7636447,0.4299631,-1.0376154,2.2690048,0.50053406
1.1997458,3.8966053,-0.20663488,7.802395,0.40790987,-0.9935627,0.7268716,0.5128076
1.2008498,4.388819,-0.12878811,7.8091245,0.37001467,-0.9703853,0.6798427,0.49265945
0.9874489,3.5319896,-0.08833659,7.8477945,0.36212707,-1.0021223,1.6105356,0.6698885
1.2361947,3.3084347,-0.33511627,7.8912487,0.41554523,-0.9847119,2.7624438,0.64298534
2.0668302,9.754791,-0.4615746,7.892524,0.37393284,-0.94844866,0.28589976,0.23242128
2.4275095,5.8360653,-0.47811085,7.8457017,0.37088442,-0.9498172,0.2044195,0.594893
1.8794415,6.4133897,-0.46491694,7.809085,0.39235425,-0.9134097,2.1349075,0.88428366
2.0838385,6.2022395,-0.57955724,7.904778,0.36912346,-0.984437,2.4098053,0.78477263
2.019294,6.874656,-0.49392796,7.850407,0.32143164,-0.8983698,1.9638069,0.78547883
1.8480498,8.501768,-0.4965167,7.9802375,0.32494235,-0.9089792,2.3292239,0.7725723
2.9615154,9.489281,-0.37711978,7.9566474,0.2509818,-0.8893037,0.9180864,0.872339
2.8243496,9.231701,-0.4659024,7.9908857,0.27097774,-0.884593,0.77487147,0.8242934
1.6466448,8.703848,-0.45425212,8.021295,0.32482362,-0.94361734,2.3562098,0.7293565
1.67426,6.517115,-0.4041679,7.844939,0.38866806,-0.97457314,2.4654872,0.53715277
1.328747,4.448738,-0.3909921,8.005789,0.38916564,-0.99908876,0.17145228,0.69963586
1.389983,6.4693174,-0.35416484,8.004316,0.38647914,-0.99343395,0.16935098,0.7064811
1.2733223,6.3664804,-0.2722869,7.9578686,0.42378044,-0.9810679,0.60639906,0.59434223
1.3031169,6.145505,-0.27144003,7.9781055,0.32796216,-1.0257642,-0.22601724,0.15663683
1.3205765,5.2415886,-0.21114606,7.9982395,0.4011259,-1.0279047,-0.16999191,0.06445181
1.4627068,4.7136393,-0.18622708,7.86358,0.36963105,-0.99485683,-0.38734114,-0.18201238
1.4293795,3.9290652,-0.26519966,7.943192,0.35805917,-0.9809365,-0.3623522,-0.43594533
1.3867013,3.7238615,-0.33142847,7.96266,0.3444581,-0.99814606,-0.46781808,-0.025460303
1.0969338,2.8987312,-0.27472585,7.8914,0.35234714,-0.90741897,-0.16295147,-0.08895397
1.1714398,3.3483825,-0.24498874,7.8457327,0.36945963,-0.94054294,-0.081900895,0.12296182
1.0724664,4.327103,-0.064345896,7.8984222,0.37859678,-1.1271712,0.28308547,0.20748395
1.0647919,4.7036786,-0.14326346,8.014925,0.4050238,-1.0427129,0.30723214,0.10963988
1.1064446,5.029333,-0.1482032,7.941721,0.40468216,-1.0541729,0.5399134,0.33360112
1.1728134,3.9595037,-0.07664758,7.7391877,0.40835476,-1.0014782,0.44951856,0.20792681
1.4532157,4.298977,-0.03896153,7.7343025,0.33697653,-0.97994256,0.26784754,0.4628954
1.4813182,5.5965166,0.05781102,7.590733,0.3393035,-0.98800826,0.3851918,0.38036156
1.3133817,5.8047323,0.08763623,7.6851516,0.36058235,-1.01863,1.5089102,0.688382
1.3070571,3.8907142,-0.08318186,7.7480617,0.37200308,-1.0247102,2.1919231,0.7495192
1.2332171,5.889859,-0.080670595,7.751397,0.4205017,-1.0107844,1.7201881,0.616495
1.468901,4.806856,-0.096678495,7.8479357,0.4325657,-1.1166904,2.2360973,0.77790236
1.3722231,5.4912763,-0.04220617,7.7744265,0.37089062,-1.0423617,2.0284128,0.5312854
1.4191897,6.1179814,-0.10039973,7.81272,0.3981502,-1.0322671,2.6003613,0.6028546
1.5751346,7.7577496,0.026288033,7.7322917,0.40662742,-1.0370135,1.4427936,0.39383018
1.8237159,6.9285893,0.00080645084,7.646564,0.34905815,-1.0132037,1.9968295,0.7719761
1.8057487,5.7170405,-0.12161195,7.723432,0.33066678,-0.99675846,1.8361673,0.7279315
1.542706,4.1142945,-0.1438222,7.7373295,0.36901736,-0.9815452,0.63264394,0.74448395
1.6763489,6.488819,-0.24967682,7.945269,0.3900118,-0.9994707,2.663696,0.856756
1.5801861,7.6736,-0.45018232,8.054087,0.38320017,-0.9935498,2.3249125,0.7243228
1.6003284,7.2387686,-0.48431295,8.094118,0.3856821,-1.0124679,2.3796418,0.6835779
1.7300699,6.478155,-0.40186834,7.942855,0.34858894,-0.9980264,0.16112137,0.50126445
1.880106,8.2595825,-0.32412362,8.063478,0.29677558,-1.0320708,0.20903504,0.17130089
1.998419,9.024891,-0.36065233,8.12109,0.3833561,-1.0711775,0.90440464,0.5459188
1.7578534,9.557966,-0.3744821,8.133276,0.3844664,-1.0500901,1.1238534,0.6764015
1.6965754,8.225096,-0.36165017,8.11857,0.3688028,-1.0180053,1.2914805,0.6336744
1.6947248,8.316356,-0.51909876,8.173431,0.37634754,-1.0046828,1.1596117,0.4352641
1.7578695,7.101054,-0.4897771,8.010753,0.37957,-0.97895527,1.5243556,0.67099607
1.9920038,6.020968,-0.59595716,7.9766808,0.43832374,-0.9958172,1.3875189,0.37060058
1.8578684,9.019895,-0.68643856,8.167438,0.3998642,-0.936882,1.9482906,0.5587189
2.0354557,9.995043,-0.7152159,8.196511,0.50674653,-1.0139115,1.9130394,0.4907111
2.1858659,3.9873853,-0.8001503,8.191253,0.44736195,-1.0330887,1.7753851,0.544433
1.8154161,7.332743,-0.82165015,8.307226,0.4801321,-1.084022,0.27794302,0.3311441
1.7283376,5.882497,-0.7667233,8.279198,0.5087905,-1.0946734,0.110349655,0.7311789
1.4752076,9.915283,-0.66153336,8.28533,0.5573025,-1.0763266,1.0332232,0.31717372
1.6175973,9.65019,-0.7619757,8.400005,0.5096967,-1.0948229,0.5443989,0.62159526
2.499857,3.4020634,-0.7523546,8.317612,0.5170498,-1.0962298,-0.58225065,-0.033070594
2.7349415,4.360445,-0.6688896,8.252743,0.5694797,-1.1824749,-0.5535244,0.25606024
2.4474318,4.5364046,-0.5137069,8.319845,0.59033346,-1.1923075,-0.7055428,0.12573093
2.5610962,5.35523,-0.6666246,8.255741,0.6119964,-1.1835644,-0.8917599,0.26488107
2.6251214,6.8609953,-0.63979506,8.290329,0.56964517,-1.2011375,-0.3762222,0.42490673
1.8852618,6.972778,-0.732074,8.306917,0.6085305,-1.2086453,-0.5127955,0.4089452
2.0485377,7.978835,-0.7262906,8.354954,0.6708882,-1.2489535,0.24951696,0.3974843
1.8943511,9.396163,-0.6911026,8.322723,0.67339134,-1.2835307,-0.50292754,0.08674234
1.7056786,8.805975,-0.622639,8.22395,0.7414646,-1.3366781,-0.5000239,-0.110678345
1.5331349,8.830221,-0.5235417,8.389664,0.7201152,-1.3199456,-0.37468624,0.50510585
1.4579892,8.00881,-0.7071059,8.334776,0.6163044,-1.2559723,0.10773933,0.27816767
1.496949,6.753296,-0.805812,8.482147,0.6579139,-1.2501328,2.021033,0.48474032
1.7457644,7.1017013,-0.795713,8.403307,0.6347792,-1.2520998,-0.30075216,-0.1465882
1.5754269,6.7732553,-0.77282655,8.40996,0.5914793,-1.1968591,-0.30595845,-0.3688858
1.5510838,9.0951,-0.7744765,8.549319,0.6056361,-1.2320184,0.053074837,0.011476278
1.302116,7.8631024,-0.481171,8.409802,0.58442426,-1.2672927,-0.3204,0.20038295
1.1346529,8.12987,-0.53126854,8.431364,0.66166615,-1.2386788,0.016228437,-0.29880738
1.1409124,6.8576727,-0.50304043,8.338463,0.6227355,-1.234926,-0.3538562,0.4530568
1.3533487,6.250844,-0.5528651,8.305707,0.62449336,-1.2305832,2.2252595,0.53851366
0.985452,6.2640257,-0.55071205,8.425779,0.6415479,-1.2208368,1.4228694,0.64713204
0.9546195,6.7108183,-0.59171385,8.504379,0.6211245,-1.2164392,2.5356236,0.6866784
0.96304023,6.8245606,-0.52609897,8.47423,0.61220527,-1.2092705,2.5311866,0.6576799
0.8994274,6.6038237,-0.5471913,8.439076,0.5773978,-1.112612,2.257853,0.68908095
0.9687444,6.6070523,-0.56241083,8.538658,0.56353974,-1.1743131,1.1145687,0.5980458
0.96916515,7.737349,-0.54118437,8.498907,0.55522037,-1.1506838,1.8125877,0.40697956
0.9765257,7.095387,-0.57704216,8.479603,0.5877013,-1.1701431,0.23071945,0.4636292
1.0365928,7.979363,-0.76909494,8.593138,0.56819224,-1.1760576,1.7290015,0.5521065
1.0961237,7.444123,-0.708233,8.577083,0.5677569,-1.1388814,0.700284,0.59804857
1.1024039,7.553048,-0.66863835,8.509144,0.56214166,-1.1265154,1.4926813,0.4613229
1.0966027,7.9464426,-0.65215755,8.503836,0.578846,-1.176017,1.1776927,0.6377747
1.2229371,9.939495,-0.67503154,8.655918,0.56403637,-1.2265246,0.65132034,0.6649492
1.2727003,8.556547,-0.68805397,8.490692,0.6264014,-1.1623013,1.1960855,0.59082484
1.2698815,9.281412,-0.72709846,8.543041,0.57689786,-1.146307,2.2744496,0.5902349
1.2653275,8.726192,-0.7650527,8.521139,0.5531783,-1.1206996,0.8616229,0.58544576
1.29503,8.872112,-0.7169988,8.5486,0.58004594,-1.1214409,0.36029756,0.89783335
1.1232454,9.648642,-0.72938013,8.708422,0.55401206,-1.1186209,0.45326447,0.890162
1.3505186,8.766705,-0.71761787,8.552437,0.54552054,-1.1372607,0.47146547,0.65554225
1.2237227,8.556883,-0.8702321,8.593107,0.53797436,-1.0838373,2.7354243,0.5719782
1.2375927,9.091948,-0.8133884,8.636409,0.47590184,-1.0560633,1.3417587,0.81616473
1.1355838,9.506594,-0.686533,8.574218,0.5051639,-1.0718844,1.74295,0.43899155
1.1614842,9.27796,-0.7555047,8.652397,0.49722052,-1.0644946,1.2767625,0.6694839
1.1332171,9.369986,-0.69545007,8.629198,0.47100687,-1.0804992,0.13944459,0.26217544
1.1454458,9.430281,-0.60355216,8.630272,0.42246008,-1.0834761,1.0620086,0.3425541
1.0337756,9.512072,-0.72623026,8.738764,0.49779153,-1.0942199,2.1721098,0.29012424
1.0686147,9.479569,-0.74680877,8.917461,0.47982192,-1.1128302,0.9896568,0.6597661
1.0703812,8.741894,-0.8075627,8.962616,0.45828342,-1.1213241,0.40948343,0.5580783
1.0786905,8.75594,-0.87856525,8.982649,0.4839816,-1.1460578,0.3044803,0.18435633
1.002261,8.985825,-0.82012045,9.022643,0.47904778,-1.1558383,0.13584876,0.24306434
1.1197429,8.513262,-0.91293705,8.971927,0.49221587,-1.1444633,-0.13114077,0.16190445
1.1390584,8.616461,-0.8787562,8.9023,0.48508215,-1.1264014,-0.29455876,-0.017135918
1.1974952,7.4831347,-0.9301806,8.851824,0.513953,-1.1361877,-0.34099472,0.1809777
1.24184,9.057322,-0.9536611,8.836922,0.57143164,-1.1557593,-0.3101051,0.5403447
1.1833017,7.379776,-0.9617564,8.756462,0.5913596,-1.1676633,-0.3208267,0.18992794
2.1507568,9.233444,0.42504108,6.5777783,1.5647106,-2.130143,0.12696958,0.23010993
2.974868,5.5332546,0.4242648,6.596183,1.4780536,-2.093059,-0.086607635,0.022627234
2.6928887,7.1296053,0.4805585,6.4388437,1.4575167,-1.9689546,2.5726824,0.23778033
2.7823958,7.3092833,0.5770869,6.426912,1.4335926,-1.9682188,-0.47887564,0.16939014
2.1282973,5.2214694,0.5365678,6.3202324,1.4303827,-1.8903037,0.16190183,0.262779
0.9232174,2.7985651,0.51861906,6.3909965,1.3282506,-1.8606924,0.019150257,0.35932922
1.2522304,7.6905317,0.5370407,6.4604373,1.3068705,-1.8380451,-0.54227924,0.065763354
1.0375161,5.1521373,0.538635,6.447403,1.2869456,-1.8406514,-0.4194085,-0.07269895
1.1051252,7.100044,0.49270034,6.572759,1.3099222,-1.8792851,-0.07841939,0.5462761
0.97043794,9.076147,0.4736315,6.6569185,1.3683548,-1.9530057,1.4386163,0.43784297
1.7638627,8.651303,0.43864393,6.608316,1.3708887,-1.98815,1.9643865,0.5654304
1.2066234,4.994303,0.3970822,6.7654543,1.4130871,-1.9600966,2.1531212,0.7998388
1.1753826,5.72698,0.41317463,6.7125225,1.3588326,-1.8916028,0.030181766,0.61672056
1.1213651,8.724182,0.45156038,6.6990995,1.3484848,-1.9747329,0.32614827,0.5149337
0.87804365,8.179253,0.3688146,6.6019964,1.4654713,-1.9873058,0.25854528,0.40370238
1.1622431,2.1302073,0.3797964,6.583354,1.4872437,-2.0412123,0.40170443,0.22881007
1.1106596,2.9936595,0.38139677,6.5831137,1.4503629,-1.9912966,0.62165797,0.5377358
2.0199854,6.136014,0.37797463,6.6614814,1.4820433,-2.0320754,0.34756696,0.19505835
1.4758809,8.075329,0.36344314,6.553954,1.463083,-2.0237107,0.5054457,0.23243773
2.082973,9.204971,0.37157738,6.499537,1.4933393,-2.0009456,0.08672619,0.19415045
1.9033879,9.394719,0.43422437,6.498412,1.5320332,-2.1255941,0.021546364,0.03168726
1.6946168,5.6364727,0.50946593,6.2326097,1.5384552,-2.0480442,0.190606,-0.059406847
1.8545585,8.605822,0.4851067,6.3309684,1.5340853,-2.0529513,0.28706884,0.6203549
1.8391601,7.54377,0.47230208,6.3207483,1.5360551,-2.0173416,0.7970704,0.36383295
2.1993852,8.1754875,0.48874116,6.3395567,1.538697,-2.0559797,0.41746223,0.21578312
2.2501237,8.96451,0.48340535,6.336395,1.4723351,-2.0181222,0.49821627,0.27250838
1.8572603,6.278107,0.5171608,6.3060093,1.4770033,-1.9739087,0.8574983,0.46471816
2.2210662,9.981648,0.54681885,6.269062,1.4610207,-2.006093,1.3759809,0.42193782
2.041958,4.7813425,0.48523176,6.303172,1.5149925,-1.9982506,1.440757,0.4106822
1.6526606,8.398475,0.5171752,6.256411,1.4582193,-2.0234036,2.160326,0.6251986
2.9677083,6.968235,0.51146626,6.2790728,1.441571,-1.9714428,2.7948024,0.55788755
2.8863606,8.786149,0.48256004,6.2848196,1.4385877,-1.9203972,0.4823196,0.6808927
2.8137877,9.999252,0.484941,6.275674,1.4320903,-1.945446,0.047352195,0.4799099
1.0004799,2.0003963,0.6193893,6.306697,1.4313524,-1.941613,1.2637739,0.42409027
0.708139,2.0064957,0.59947526,6.3612595,1.4845014,-2.0317407,0.22795439,-0.19596165
1.3169978,6.4935827,0.52452826,6.3297215,1.4945195,-2.0243893,0.12858355,0.18045545
1.748041,5.375719,0.5708995,6.3065042,1.5221283,-2.0302653,2.707242,0.324942
1.3092971,2.9675536,0.5306444,6.2954597,1.5502095,-2.077961,2.6077447,0.36240184
1.9030527,3.1798673,0.4398222,6.4732585,1.5357227,-2.0811772,0.9086664,0.62788606
0.8016199,3.5272431,0.47116458,6.3887467,1.5291679,-2.0650594,0.85181844,0.3256544
2.4343848,4.3939037,0.46925068,6.4759817,1.5326145,-2.0544605,2.301236,0.66022575
0.9287317,6.8883963,0.56602025,6.4658885,1.5511131,-2.1779554,0.41161263,0.45502174
1.751412,5.991658,0.42393148,6.4681635,1.5446706,-2.0514984,1.2730315,0.51754856
0.90617913,3.2026274,0.43430924,6.589959,1.548563,-2.0577836,0.9300759,0.5168779
2.3259976,9.684961,0.46334743,6.4702797,1.5112648,-2.067413,1.0598545,0.6955819
1.8565402,9.620241,0.53170395,6.503564,1.5545526,-2.1498108,0.5238614,0.43614924
0.93064094,2.110803,0.4354334,6.535381,1.5833757,-2.0930855,0.97378874,0.6445161
2.453473,2.8022618,0.45942402,6.4830394,1.5665612,-2.1308887,0.29836094,0.6533421
2.4746408,9.498764,0.46044087,6.3728943,1.629781,-2.214105,0.34526908,0.2855069
1.7768407,9.876297,0.47176468,6.390127,1.6082742,-2.1538901,0.4263463,0.36744267
2.0155253,9.995785,0.51357365,6.430343,1.589822,-2.2084625,0.22300887,0.45200914
1.4640105,4.730871,0.49327207,6.3822126,1.5766568,-2.1449702,-0.21719652,0.23288554
1.9876165,4.9158087,0.5336882,6.2526684,1.5689678,-2.0482855,0.46095657,0.6104603
2.4933271,7.2789917,0.37741578,6.319363,1.5999715,-2.0786839,0.0937804,0.27887577
1.1784878,4.978511,0.35383308,6.829923,1.5577967,-2.1617436,-0.26670277,0.4654982
1.595216,8.959911,0.39870346,6.7709274,1.4477317,-2.158259,-0.106497765,0.19402099
0.89784586,9.241506,0.35069513,6.9588714,1.4601979,-2.0238788,0.64435947,0.7207221
0.77882457,9.1820345,0.39552844,6.8293004,1.4606969,-2.0976746,1.7368555,0.66433275
0.75984704,6.9718494,0.41529274,6.8778057,1.4475281,-2.0843022,0.44296896,0.47485292
0.7643473,5.479677,0.31358027,6.8531513,1.460532,-2.0576634,0.53557515,0.5074692
1.2307196,2.1904237,0.3054725,6.782888,1.452322,-2.0040016,0.5016415,0.22837496
1.4972677,6.8875284,0.35692012,6.7840853,1.3786526,-1.9594623,-0.33528036,-0.014972389
2.4117033,7.9607472,0.31912172,6.74005,1.4154825,-1.9667335,0.04200661,0.12274659
1.1933036,4.6596775,0.29529512,6.7781243,1.4445899,-1.998182,-0.00906682,0.17677152
2.022326,4.899569,0.30151272,6.8502192,1.3080704,-1.9326481,1.6877406,0.4989403
1.5747246,5.009964,0.28625393,6.870183,1.3131552,-1.8380153,1.7628255,0.5177213
0.9679302,6.844973,0.3170185,6.8903766,1.2981997,-1.8268727,0.9535059,0.5713297
1.2877073,6.0266466,0.35264313,6.7971153,1.3087511,-1.8736264,0.92475593,0.6122496
1.4642464,5.1094856,0.30937958,6.7646594,1.3875299,-1.9629987,1.2313688,0.58947754
1.8645059,8.130004,0.32914245,6.766247,1.3601155,-1.9209533,1.1337857,0.5431037
1.7368019,9.199796,0.29288435,6.780204,1.3251112,-1.8754413,1.561867,0.4983077
1.5387626,9.331478,0.3556304,6.685254,1.2938309,-1.8714713,1.9750435,0.6130866
2.0436068,7.831423,0.40128815,6.6352897,1.3809674,-1.8952363,0.61136234,0.67328393
1.0082747,4.611411,0.44514036,6.5862308,1.3804524,-1.9575461,0.4014529,0.5732939
1.2598475,8.346746,0.4597931,6.609477,1.3789444,-1.9317546,2.6566598,0.67590857
1.4067545,9.162946,0.4413582,6.6831985,1.3645582,-2.0269148,2.4194415,0.82238793
1.2469537,8.201245,0.4594525,6.7015004,1.3726833,-2.0223174,2.663706,0.9135709
1.1072927,8.267664,0.3770213,6.6889877,1.397599,-1.9753896,2.085801,0.8681681
1.5126541,5.3485265,0.44792855,6.6083555,1.3998904,-1.9599861,1.0872324,0.6867269
1.7254022,8.281363,0.510134,6.520635,1.4132361,-2.0108833,0.187603,0.32454407
2.881629,9.494255,0.45978844,6.342246,1.5025177,-1.9865396,0.22184038,0.1894154
2.8184385,5.0140815,0.6248164,6.252408,1.4369318,-2.025772,-0.037795126,0.10871172
0.90542364,4.739171,0.66219115,6.178811,1.47384,-2.0493393,-0.032504916,-0.022310615
0.72419155,7.1069965,0.6290729,6.4114456,1.420753,-2.047112,0.70912087,0.2752458
0.7432486,8.313566,0.6302872,6.3540173,1.4464991,-2.0528016,0.22192681,0.17604446
0.7684715,8.299797,0.6534891,6.376953,1.433356,-2.0753245,0.33178592,-0.03398961
0.779155,9.472594,0.6607163,6.3751373,1.4756403,-2.0713415,0.18656266,0.57532644
0.8195367,7.0623436,0.6662197,6.2549343,1.5204208,-2.103008,0.18508923,0.2866091
2.3085718,3.2236898,0.5586462,6.2664843,1.476934,-2.0298185,0.46590734,0.5169146
2.338631,7.889722,0.65130377,6.266658,1.4739964,-2.0921254,1.5256562,0.38029313
1.636649,8.111769,0.5817807,6.286121,1.4879746,-2.0909145,0.67170846,0.36514032
2.0200047,8.327288,0.5721996,6.317398,1.5021081,-2.095058,-0.1636123,0.25393337
1.2348516,8.9166155,0.5858226,6.296913,1.517849,-2.0647511,2.5341618,0.12941206
1.4538162,2.1832488,0.587464,6.240614,1.575768,-2.1062799,1.816503,0.20196241
2.4032478,9.238656,0.5795016,6.2552156,1.5197408,-2.1010566,1.6173844,0.6200987
1.3500345,7.2764688,0.5578244,6.236935,1.5605175,-2.0857842,1.8961439,0.64932
1.7919908,6.759956,0.5749105,6.26012,1.5130823,-2.0932941,2.701537,0.34416127
1.9460111,7.1807995,0.6279211,6.225024,1.5234356,-2.0705612,2.4886851,0.7065966
1.948699,5.5885887,0.5632112,6.2482495,1.5564961,-2.1426558,0.5623275,0.23494333
2.4215298,6.2535644,0.56530666,6.271159,1.5549216,-2.1287084,1.352531,0.21916944
2.946034,9.238238,0.57211995,6.2450953,1.5686283,-2.1616204,0.081926584,0.0519346
2.9095879,4.011057,0.7410916,6.158555,1.5072832,-2.162753,0.31189644,0.6547575
2.4101758,7.3026676,0.7468257,5.988098,1.5626645,-2.176595,0.58231485,0.24794108
2.3430762,8.828816,0.72783935,5.912671,1.5791554,-2.1776865,2.0502183,0.3470155
2.2683258,7.2927885,0.7431178,5.98423,1.6741524,-2.239348,2.3126302,0.7329608
0.8585117,7.4675508,0.83398795,5.764061,1.6597085,-2.2389278,2.5600739,0.7152232
1.1810464,5.9651356,0.74620175,5.745507,1.672123,-2.204828,2.1087935,0.18487436
2.7661622,6.174668,0.7343924,5.7220554,1.7046597,-2.1960678,2.3291862,0.38661158
2.7448921,6.4358788,0.7223556,5.655942,1.7141273,-2.2286506,0.1153512,-0.26680392
2.8140032,6.8493037,0.75888324,5.626815,1.6882753,-2.2279866,-0.29164767,-0.21177009
2.6625829,5.4437275,0.72100186,5.9432154,1.6623185,-2.228273,0.2513131,-0.001680702
2.0527544,8.815365,0.67496336,5.9645367,1.6308284,-2.1797493,-0.08572781,0.13042986
1.0987494,8.226295,0.6078584,5.999528,1.6492469,-2.2178886,0.35656023,0.08213121
2.4849164,8.805384,0.62939286,5.975169,1.6360054,-2.2009063,0.18354273,0.29674608
2.5046878,8.861203,0.63164675,6.107862,1.5880659,-2.1985497,0.081516504,0.19846511
1.4948392,9.50383,0.59839606,6.088176,1.5653527,-2.1616697,0.4345441,0.5570512
1.292526,4.547386,0.58373237,6.258378,1.5578735,-2.1567504,2.3778164,0.5657946
1.132483,4.5662656,0.5314795,6.3063893,1.5962818,-2.0703526,2.272174,0.67182827
1.4583776,5.2162995,0.5534035,6.3143663,1.6157262,-2.2051926,2.205264,0.6345458
1.13584,8.987762,0.57775927,6.178695,1.5691049,-2.196425,2.2963684,0.44190502
1.1186945,3.8925014,0.60829115,6.154484,1.6245642,-2.165722,2.0529225,0.47615457
0.7100282,4.168132,0.6524422,6.1662254,1.6244953,-2.2081077,2.404422,0.7413132
0.68488276,4.6678114,0.6873008,6.082568,1.6084325,-2.231021,1.837949,0.53910947
0.55605495,5.2669477,0.75994647,6.034889,1.6155207,-2.1387458,2.0934622,0.54920673
0.61078894,5.765602,0.77480376,6.015074,1.6164746,-2.1704342,1.2445078,0.6592252
0.764755,6.0295,0.7723186,6.011804,1.5850446,-2.098384,0.5099125,0.06678963
0.8655183,7.206464,0.7698349,6.027276,1.5905468,-2.2307768,1.9122338,0.52503777
0.9343637,9.647672,0.7450223,5.905074,1.5745399,-2.2482138,1.1046574,0.5545007
1.1284579,3.516625,0.78026915,5.907482,1.5817657,-2.226876,1.832262,0.66019964
1.3144616,3.719501,0.7554132,5.915333,1.6096523,-2.2447872,2.1907232,0.5023707
1.1665156,9.052727,0.7693982,5.803992,1.5898819,-2.2055378,2.6587265,0.4857148
1.0668443,8.335445,0.7734208,5.8351994,1.5751643,-2.2176118,2.7753375,0.713426
1.1964738,4.6403418,0.7871225,5.8335013,1.5749562,-2.1919432,2.1635385,0.6908331
0.9692103,2.9534588,0.73741984,5.8720374,1.574631,-2.1146083,2.8764148,0.6725879
2.0438218,9.151411,0.6885853,5.905236,1.5854633,-2.1066504,2.6741138,0.22891909
2.4914246,8.564547,0.68606114,5.9249783,1.6219492,-2.1488905,1.8146961,0.3552593
2.1273947,8.434279,0.6754043,5.908024,1.6012301,-2.1414418,1.3831265,0.41847372
1.0068569,5.295048,0.6889088,5.899143,1.6284614,-2.1897206,1.0944037,0.35668957
0.8889513,3.114925,0.68897235,5.905353,1.6292658,-2.1727269,0.34748185,0.6840602
2.6966634,7.9525146,0.61923265,6.011851,1.6682086,-2.1662965,2.26388,0.48219693
2.7884593,7.2472534,0.5975505,6.106138,1.757906,-2.2728705,2.2864661,0.4881444
2.0977683,6.5598426,0.5547347,6.202863,1.7511477,-2.29415,2.0118947,0.50060225
2.6525757,7.887273,0.54876995,6.2249947,1.7548723,-2.3100903,1.3538454,0.5092205
2.0294983,9.379679,0.5252689,6.26919,1.7210774,-2.2901163,1.9702294,0.53701687
1.7952054,7.018348,0.4974792,6.248741,1.7404308,-2.2759855,2.710663,0.51808107
1.4951029,9.788258,0.52703834,6.2908425,1.7318594,-2.3089528,-0.021232069,0.384057
0.91949433,6.92617,0.55992174,6.2109356,1.7159889,-2.3055055,0.9756702,0.34699535
2.8739388,7.20788,0.5433073,6.1902714,1.691721,-2.2604523,0.8324164,0.29193425
0.5625876,7.6849856,0.6483085,6.2372828,1.6818995,-2.2140985,0.060701013,0.28963602
0.5363266,5.473113,0.6699796,6.2312517,1.6663685,-2.206647,0.08986342,-0.2789106
0.53344846,5.8316154,0.68730295,6.312811,1.6527135,-2.2548444,0.03569722,-0.16171795
0.58027256,7.1764803,0.6830708,6.2459183,1.6431746,-2.2492108,0.10232186,0.29453123
0.5921071,8.402319,0.6849041,6.188917,1.67647,-2.3204036,0.21374607,-0.013848066
0.61981744,4.8317738,0.6192198,6.2646627,1.7524397,-2.297065,0.9624181,0.16995412
0.8653923,6.0673447,0.62409353,6.2895846,1.687026,-2.2588284,2.3048372,0.79238033
0.8123666,6.6887255,0.65909326,6.1532187,1.6702831,-2.2564495,1.9240057,0.8013854
1.4626461,7.425409,0.6623759,6.099209,1.6204567,-2.2160041,2.455535,0.7761936
1.1924441,6.6743045,0.66111875,6.083132,1.5653224,-2.169648,0.661788,0.76080215
1.3500826,7.566831,0.6705115,5.932183,1.6173034,-2.213982,0.24176109,0.12536001
1.6826432,3.2900057,0.64673305,5.9730167,1.6573689,-2.2015605,0.2672484,0.23801267
0.89242387,4.44666,0.6688185,5.9659147,1.6302078,-2.1695678,0.30076456,0.38629723
2.780794,7.668927,0.6388941,5.9886703,1.6169915,-2.1663573,0.2640648,-0.24354154
1.397986,9.065933,0.5553837,6.1779075,1.6020315,-2.2074418,-0.31322318,-0.06605086
2.6052768,8.938187,0.5655904,6.2941523,1.6678605,-2.3480139,0.016481161,-0.055648565
2.9771526,9.282063,0.58889735,6.27419,1.5762663,-2.2221947,-0.49456674,-0.07715607
2.883202,6.43133,0.68527365,6.166272,1.5951126,-2.1720972,0.37746572,-0.033997357
1.8064164,9.624976,0.6078359,6.1792564,1.5931375,-2.1503153,-0.33538538,0.06733137
2.2126179,8.634726,0.5802463,6.2644005,1.5737214,-2.1571379,0.22245944,0.6095786
1.0835204,2.8536918,0.5776435,6.257909,1.5613487,-2.1502566,0.9601301,0.51413596
0.6838839,9.07827,0.6080419,6.155303,1.6243923,-2.1542454,-0.03823912,-0.09941524
0.6219686,7.1672254,0.5797399,6.3534074,1.6118464,-2.200052,-0.30745345,-0.16515508
0.5729977,5.2527742,0.602757,6.394477,1.6294188,-2.274404,0.28209102,0.37679994
2.6948476,9.836028,0.60787725,6.1831627,1.657192,-2.2515712,0.57499003,0.10332203
2.8809388,7.657178,0.5683708,6.055395,1.6413429,-2.2150257,0.28443825,0.16040188
2.830395,7.5041633,0.52485085,6.2107725,1.663377,-2.2153845,0.11883056,0.061655402
1.5638069,8.735275,0.43041468,6.3835125,1.6320865,-2.1513104,0.16971576,0.03386122
2.4442854,7.8747363,0.41915178,6.5770144,1.617394,-2.1154983,1.2198012,0.514611
1.2406735,8.948862,0.4226954,6.5818863,1.599206,-2.151618,1.4424212,0.65472853
2.4909163,6.976462,0.41173375,6.5827527,1.5743678,-2.0974555,0.53306484,0.7889799
1.1180015,7.4926243,0.33756602,6.773947,1.5547767,-2.1222563,2.1060612,0.64258695
1.6685758,7.911649,0.35674596,6.7980223,1.5026603,-2.060856,1.3923993,0.5531509
1.6989214,8.766989,0.3934908,6.6764216,1.4523945,-2.026517,0.5362749,0.5773469
0.9467863,5.9516764,0.35627627,6.6342797,1.4499767,-2.0028296,1.2895463,0.5027561
2.0168064,6.4872026,0.3790543,6.5674615,1.4709244,-2.0124347,1.1481166,0.5082158
1.972848,9.88237,0.28940988,6.6719513,1.4641869,-1.998526,1.3851523,0.5140326
1.5454718,9.441158,0.32835197,6.647878,1.5078802,-2.0134811,1.8267112,0.83708954
2.4982164,9.892058,0.2831068,6.608529,1.5414236,-2.0336633,2.332924,0.79266715
2.093978,9.410444,0.39806628,6.712669,1.5343654,-2.061244,1.5821044,0.88652015
1.2764735,6.5997305,0.30872726,6.761421,1.5252788,-2.0542293,-0.05240363,0.36483288
0.68690467,3.365007,0.30496168,6.6964455,1.5487928,-2.048264,0.021491408,0.43947458
2.0280597,2.3948796,0.2762921,6.7033067,1.5465479,-2.0442555,0.70890677,0.44593823
1.8216851,7.722102,0.2877158,6.7750864,1.5068867,-1.9907029,0.7220775,0.5638536
1.8594562,8.11126,0.33558083,6.7044535,1.4124527,-1.971818,0.033551216,0.2324177
1.7554122,9.573208,0.37284303,6.706334,1.4117129,-1.9606551,-0.30929452,0.3075807
1.7751793,9.657731,0.32685208,6.6814423,1.390657,-1.8729596,0.56218696,0.42200446
1.1079178,2.7795365,0.40719497,6.678567,1.3831983,-1.9723809,0.92731726,0.45942497
1.0730798,8.730399,0.40362382,6.673521,1.4096131,-1.9938643,0.23339236,0.5891917
1.3314741,6.2995257,0.43813324,6.7012444,1.4601471,-2.0123448,0.7456645,0.37450504
0.8733871,3.7297065,0.41194606,6.6959095,1.3844063,-1.9141033,-0.10940093,-0.10745269
1.9336644,8.325695,0.31913018,6.7486973,1.3523865,-1.9364995,0.01489079,-0.011281252
0.79517055,5.2332973,0.31284928,7.3106484,0.87942386,-1.4942596,-0.05179912,0.49053943
0.6184168,3.2531054,0.24421346,7.4584646,0.90735364,-1.4936553,0.47894228,0.4628737
0.6205121,2.9115725,0.2657169,7.4572067,0.88219595,-1.4565377,1.0670922,0.47372997
0.5120377,2.9041245,0.19221914,7.5096145,0.903795,-1.4740372,1.9671905,0.4924239
1.2551892,2.386564,-0.049990535,7.3872156,0.93839145,-1.5406314,1.9435866,0.62105477
1.2837646,8.852254,0.1505791,7.3236346,1.0017245,-1.5593225,2.1188684,0.65400815
1.8516638,8.514598,0.14780676,7.243807,0.99758387,-1.5652916,1.2517164,0.7048284
2.632245,8.808655,0.16303349,7.2502794,0.99203706,-1.5504178,1.1495667,0.68206537
2.1330607,4.666877,0.148924,7.2467113,0.9870858,-1.5530632,0.71828353,0.4469235
1.2622299,5.707678,0.17797089,7.2019644,1.0356014,-1.5989852,0.5285598,0.32232344
0.9415201,4.337638,0.19752169,7.4181943,0.99987054,-1.5830722,0.2766137,0.33309853
1.1324756,4.133598,0.19185507,7.360969,0.9919009,-1.5641695,0.48044312,0.4196338
1.2286863,3.6760669,0.20018673,7.252928,0.9885814,-1.5666534,0.79922855,0.48274243
1.0119407,2.5880775,0.09454584,7.348476,0.9911237,-1.5834823,2.7952256,0.72424865
0.9279738,3.4884398,0.17382371,7.2162185,1.0381486,-1.6099387,2.7864342,0.64500177
0.95182216,8.062918,0.19635272,7.4885163,0.9716468,-1.568536,2.7515092,0.87955785
0.9398577,3.1025724,0.11539686,7.510049,0.902102,-1.5110402,2.9866953,0.75795615
1.0774057,2.9782102,0.026983976,7.6380033,0.9096918,-1.578391,2.8339803,0.7563697
1.1576653,9.682688,-0.021050453,7.716501,0.8844266,-1.5016682,2.8204253,0.98603415
1.1779431,9.945362,-0.04959017,7.7277946,0.8609626,-1.4278805,2.735926,0.9397116
1.0298839,9.657282,-0.12942028,7.803149,0.9399502,-1.5304844,2.9420767,0.72953904
0.6663026,2.5192041,-0.16085482,7.9396524,0.970325,-1.5765153,0.12583542,0.48143804
0.7216826,2.5833251,-0.14135897,7.892244,0.97453713,-1.5760492,2.3789203,0.44973713
0.74067307,2.3657727,-0.053995788,7.9280286,0.9193456,-1.5492563,0.45798707,0.53913677
0.7229024,2.1436076,-0.08717394,7.843424,0.8756895,-1.4114258,0.9559797,0.6925839
2.1504087,3.4464781,-0.10593116,7.6779656,0.88161874,-1.432498,1.3165843,0.52780366
1.5631431,9.876011,-0.15714514,7.729555,0.9150827,-1.4975796,1.2891579,0.64560974
1.526635,9.721644,-0.18653017,7.7534065,0.8444741,-1.3843936,0.9581224,0.6029092
1.1594002,4.0635853,-0.17962074,7.8478317,0.8111515,-1.4108088,1.0174963,0.55846214
0.9636651,6.450375,-0.15951568,7.766299,0.8005228,-1.3836176,1.0163472,0.556339
1.0085945,8.630753,-0.14441419,7.990535,0.8236942,-1.4001517,1.998744,0.6084821
0.93295443,8.256203,-0.16587108,8.107189,0.807044,-1.3744564,1.1837411,0.5483532
0.9064816,8.173415,-0.19055307,8.196693,0.78988266,-1.4182947,1.245781,0.48276198
0.8915216,8.829794,-0.06530166,7.9679756,0.81776094,-1.3789115,-0.19333053,0.50066924
1.0138869,8.649477,-0.08194041,7.9914813,0.78387475,-1.4032788,0.4780705,0.4950062
0.9805423,8.3983555,-0.0606398,8.01494,0.74076915,-1.3864843,0.8516637,0.40302575
0.9331233,7.4682584,-0.032643616,8.014226,0.7279818,-1.407332,1.0319967,0.64469564
0.939654,7.4188795,-0.055609465,8.01812,0.68043375,-1.3184035,1.9769628,0.37329382
1.020693,7.9631505,-0.08940023,8.012491,0.72136045,-1.327437,0.3787979,0.33503926
0.96139646,9.515776,-0.12499851,8.068676,0.7822726,-1.3474145,1.206099,0.53396344
1.0895128,5.2817197,-0.29499185,8.037577,0.7432246,-1.3505287,2.0817716,0.6237377
1.2866409,8.208492,-0.2374928,8.159464,0.67788553,-1.3744535,1.9982786,0.7099867
0.9192585,8.257168,-0.2078309,8.114625,0.77899003,-1.3716134,2.0983176,0.86383474
1.0133578,9.271524,-0.21002972,8.14109,0.7325599,-1.3464165,2.071909,0.865296
1.0249094,6.6420956,-0.46800524,8.213706,0.73583865,-1.3245187,0.45466125,0.15235597
0.9345691,8.043549,-0.3525983,8.417318,0.6895189,-1.2925384,0.39296687,0.22614306
1.0555177,8.914957,-0.43929982,8.431201,0.6628063,-1.3013103,0.02044189,0.23375946
1.1931866,8.819298,-0.45412248,8.357374,0.6650603,-1.3168776,0.09715247,0.49830765
1.2717811,8.700909,-0.47155082,8.33441,0.6760802,-1.3254035,0.1133796,0.2923212
1.2367653,8.225184,-0.47779357,8.094589,0.66470695,-1.3044908,0.56584036,0.37192655
1.2095196,9.859169,-0.34188062,8.238222,0.6640818,-1.2474585,0.6842866,0.36112446
1.2096031,9.715947,-0.3471716,8.325116,0.6385758,-1.3100992,0.0827198,0.6209978
1.1729805,7.938388,-0.33648628,8.258016,0.6598165,-1.3028545,0.74040866,0.40717065
1.0945921,9.370511,-0.32344276,8.23944,0.64058995,-1.2973201,0.16500747,0.43466616
1.0352879,8.502989,-0.37065625,8.371391,0.6664493,-1.2853149,0.4713179,0.5398773
0.96946883,8.123703,-0.35340792,8.324394,0.7193699,-1.2828587,1.0149379,0.38012594
0.89116323,9.02077,-0.4530787,8.487631,0.73792505,-1.3177674,0.14577639,0.5255805
0.9288396,8.811326,-0.59213316,8.731388,0.7367246,-1.3386636,0.10783386,0.59228563
1.0054476,8.459225,-0.5375358,8.604789,0.67879176,-1.3055153,0.543466,0.47687912
0.99567807,8.513477,-0.49434042,8.472662,0.73443294,-1.3424782,0.5249331,0.50306726
0.8259117,5.807856,-0.33886486,8.32515,0.77415156,-1.37818,0.5409335,0.39236426
0.7493197,4.891554,-0.34112483,8.42836,0.7621312,-1.3945702,0.13457406,0.42427337
0.7783879,4.3580365,-0.46344095,8.377915,0.7794602,-1.3621655,-0.16589046,0.17791307
0.8694647,3.548221,-0.46721864,8.427256,0.6461859,-1.3428066,-0.43196386,0.4980544
0.68504965,3.9585328,-0.4381354,8.27795,0.72174525,-1.2897365,0.90428936,0.85240185
0.65958226,4.2146616,-0.3740288,8.380461,0.68250465,-1.2329174,2.8475533,0.6024326
0.74165213,6.3095207,-0.28643107,8.455334,0.7028029,-1.3336211,2.6931012,0.69262755
0.75358343,6.260204,-0.26454848,8.488668,0.6887922,-1.3502537,2.9668076,0.696332
0.7835662,8.533456,-0.18823695,8.511433,0.71347594,-1.3552861,2.9920352,0.7264993
0.8818089,5.4991097,-0.30727088,8.3738785,0.7204783,-1.3462985,0.024110556,0.18658066
0.9924974,6.1444902,-0.37887645,8.329889,0.6403799,-1.3348682,0.092494726,0.08535367
0.9948411,6.5095096,-0.32791722,8.326075,0.6575155,-1.3523772,-0.1102252,0.12790889
0.985903,6.3141828,-0.18876183,8.0531025,0.6817665,-1.3497112,-0.19520587,0.12845856
1.0809916,6.317066,-0.14337057,7.9447737,0.6942837,-1.2492051,2.1013932,0.57290244
1.1972811,8.218008,-0.17335296,7.819929,0.6628406,-1.2102213,2.0539658,0.6130612
1.4666785,7.8910875,-0.10485566,7.828387,0.6344402,-1.2423542,1.6082687,0.6060151
1.2947714,8.568383,-0.12414563,7.82097,0.6499343,-1.2443988,1.9038417,0.6518774
1.3364701,7.7430964,-0.14256,7.7898,0.6787212,-1.2472789,0.9950055,0.7733096
1.4629953,2.5679133,-0.292498,7.817711,0.69065094,-1.2369967,2.6962914,0.9665359
0.98454106,2.2146788,-0.20028543,7.8062243,0.7063844,-1.3026025,2.8471017,0.9883779
1.0109266,2.4059556,-0.22745454,7.8078423,0.7063892,-1.2786908,2.5760646,0.95574594
0.88667524,2.0463839,-0.2682696,7.8753157,0.71190786,-1.326369,2.3206615,0.9395542
0.8193025,2.5449967,-0.1909225,7.890915,0.697109,-1.2816539,1.4983594,0.9469292
0.8639505,4.456635,-0.19229376,7.9714184,0.66897106,-1.3231325,1.3145103,0.5564215
0.7288319,2.8953638,-0.12964523,8.109306,0.69896555,-1.3455329,2.8738344,0.84385276
0.6366239,3.137995,-0.2760908,8.219888,0.64965796,-1.2840672,2.3641398,0.9538441
0.66757965,4.143982,-0.14856124,8.099847,0.6440084,-1.248991,2.7756138,0.9289775
0.7669278,5.9794345,-0.027461648,8.138043,0.6338334,-1.2673721,2.6676247,0.1689058
0.78379786,6.1786675,-0.020937681,8.194759,0.6478164,-1.3126662,2.7529178,0.2671852
0.745239,5.9639387,0.06142187,8.144799,0.6389742,-1.247999,0.5062562,0.30353278
0.93600404,6.6529064,0.06412089,7.9806666,0.5616381,-1.2421958,0.4112792,0.28528643
1.0013275,6.3531446,0.07733917,7.9706144,0.5693033,-1.296216,0.09458172,0.448447
0.95464694,6.146357,0.058073997,7.9509125,0.55411243,-1.2901742,0.3023466,0.24074674
0.9820051,5.5778074,0.24386644,7.680546,0.5684018,-1.1991179,0.10830343,0.24673814
0.92172384,5.7995687,0.12147522,7.778217,0.5791242,-1.1717935,0.37516987,0.17429245
0.96092844,6.035196,0.15630686,7.710781,0.540539,-1.1705607,1.1576395,0.37172776
0.9327439,4.661698,-0.040284038,7.8909388,0.48843122,-1.16731,0.75955725,0.5481392
1.2337179,3.6359992,-0.11187607,7.8533096,0.4761939,-1.1547408,0.3302244,0.69399786
2.1081707,4.819293,-0.26538533,7.7988396,0.5641396,-1.1564101,0.47702515,0.30411178
1.9804523,7.9317136,-0.15074956,7.798936,0.504987,-1.1528016,0.2783332,0.3716371
1.9139856,8.270966,-0.21769571,7.7846575,0.5132458,-1.0974716,0.21923769,0.34027612
2.3796527,6.6528225,-0.3404944,7.7289295,0.50460124,-1.0967199,2.4306028,0.505728
2.5299504,8.373919,-0.23647362,7.714878,0.57041144,-1.1073171,0.69962704,0.47987944
2.463512,9.48077,-0.14128578,7.60849,0.53174686,-1.101462,0.5538312,0.4859637
1.8973702,9.171566,-0.15888321,7.7421365,0.52531576,-1.0764382,0.97811913,0.583663
2.7310457,9.312092,-0.27763212,7.8871512,0.506058,-1.1281841,1.6980162,0.7725735
2.572555,9.017252,-0.40242523,7.9657927,0.4873364,-1.0891929,1.4201138,0.59406745
1.6159382,9.555355,-0.28593755,7.935195,0.4398706,-1.0668471,1.6389074,0.5559058
1.672121,7.4986153,-0.25466907,7.952892,0.38385558,-1.0345104,2.179885,0.48190147
2.1496954,9.4153385,-0.421077,8.004659,0.36916614,-1.0116963,2.8680077,0.807523
1.8968962,8.952072,-0.38656878,7.8681126,0.41515398,-1.018251,1.175915,0.30382264
1.5899956,8.505054,-0.34980023,8.008838,0.40987563,-1.0191324,0.89139223,0.7732117
1.6792865,7.2673454,-0.37380457,8.031548,0.39229727,-1.0409241,1.7430377,0.3483851
1.7305187,7.935854,-0.32905054,7.9972034,0.35186052,-1.0129483,1.9878557,0.7937628
1.674746,8.090914,-0.3609938,8.061526,0.34375954,-0.9939809,2.0268824,0.96681166
1.8100268,7.3670564,-0.36010492,8.12645,0.30855083,-0.9854584,1.6352355,0.7450688
1.5151867,7.208705,-0.37287354,8.126888,0.29695988,-0.94465923,2.0789428,0.906286
1.7893451,5.3387012,-0.18387264,8.076109,0.30278492,-1.0317564,0.5041908,0.56343174
1.7810695,6.185529,-0.009533763,7.803997,0.33876276,-1.0676061,0.17475677,0.434649
1.3835626,7.2685046,0.03116119,7.796517,0.3131261,-1.029213,1.1180513,0.57205427
1.4241087,8.252694,0.20991254,7.77996,0.34915042,-1.050489,1.8165078,0.58097553
2.0292087,6.4436784,0.02677524,7.645342,0.44589257,-1.0512359,2.163372,0.81812406
2.2829916,7.543592,-0.03650081,7.670286,0.37490654,-0.980881,2.0363262,0.75636435
1.9244152,8.706427,-0.11848605,7.756733,0.3421731,-1.004144,1.0157936,0.61514974
2.0373144,5.733898,-0.15716588,7.6869984,0.38734436,-0.9847014,1.2758226,0.7577205
1.8247747,4.987974,-0.1212759,7.6145134,0.41144466,-1.0435349,0.3110851,0.4437263
1.602474,3.7052097,-0.013607144,7.601019,0.39902544,-1.0295308,0.44514012,0.6130079
1.4767474,3.5899758,-0.025786042,7.6145306,0.38403344,-1.0395052,2.2907567,0.8159363
2.4454937,2.997078,-0.16777778,7.663332,0.3258977,-0.9415667,1.9186301,0.44200808
1.6528146,4.2012773,-0.16437042,7.6890974,0.33310366,-0.9163773,0.5275836,0.62155795
1.6360408,3.7796612,-0.20301473,7.6666937,0.34251857,-0.89417696,2.2050734,0.4625076
1.4591041,4.5142946,-0.24848849,7.6915174,0.35094476,-0.88932514,0.134117,0.46822184
2.3216906,5.230038,-0.26971477,7.706677,0.33108354,-0.8982711,-0.080103576,0.33493286
2.2757432,5.1935534,-0.087917864,7.7210226,0.3342626,-0.96736026,1.5821228,0.91992986
2.534837,7.746034,0.010447741,7.684642,0.30956244,-0.9769609,0.9808148,0.59386873
2.2418451,5.0041537,-0.117305756,7.559623,0.37371278,-0.9285917,2.6777184,0.5173552
2.2830753,6.383836,-0.122225404,7.570898,0.36648464,-0.96991634,2.043483,0.78222084
2.0717564,3.325751,-0.07719457,7.591346,0.36053443,-0.9853935,1.9507654,0.79311967
2.342138,9.618806,-0.21468782,7.787409,0.3544891,-1.0014083,1.4305849,0.656675
2.3888235,6.8241534,-0.32889795,7.8020215,0.31494045,-0.91166973,0.28673935,0.738281
1.8975997,5.409978,-0.32975715,7.9376383,0.3122959,-0.8907919,-0.4971075,0.17532426
1.3807459,6.4698057,-0.41028023,8.057934,0.34694505,-0.87666845,-0.41551524,0.6513331
1.2920889,6.2233,-0.4093647,7.966587,0.34017467,-0.98338604,2.723812,0.86550224
1.5296645,6.366251,-0.11525744,7.872053,0.36218405,-0.9644613,2.349122,0.91030884
1.5538268,7.0254464,-0.21514535,7.7634797,0.42103148,-1.0188465,2.9481623,0.80267406
1.8159711,5.307398,-0.2629497,7.7640295,0.34866714,-0.94856286,2.0865276,0.8820604
1.5436058,5.608824,-0.29058993,7.7772675,0.35260963,-0.9706783,2.3028812,0.54092836
1.604981,6.9063563,-0.081331015,7.7405243,0.36834645,-0.96808267,1.7411902,0.786904
2.242565,4.6382995,-0.24149024,7.69689,0.4020524,-1.0144118,2.4030118,0.6735259
1.8069279,4.484765,-0.24953008,7.6427646,0.48800302,-1.0284548,2.4734344,0.6166178
2.5648644,5.1259727,-0.27325988,7.5589666,0.48400974,-1.0060863,0.06522071,0.4526425
2.3863506,7.401995,-0.14943218,7.5718846,0.503315,-1.072485,2.0222635,0.42649698
2.262266,7.178367,-0.025278926,7.5632677,0.499233,-1.0440631,2.6260064,0.8628863
2.091176,7.8747506,-0.021407247,7.6540556,0.48527408,-1.094748,1.5592532,0.95801365
1.8081659,9.457481,0.13585913,7.584655,0.47198725,-1.1633195,2.8772993,0.7129662
1.9812647,8.558315,0.08806896,7.402359,0.47890282,-1.1043295,2.340856,0.6425257
2.5539262,3.7143822,0.03385234,7.4444127,0.47278833,-1.0259099,2.0230079,0.5747416
2.3599997,6.2543454,-0.028950691,7.648307,0.37416482,-0.98154235,0.8383863,0.6862507
1.7940718,8.29594,-0.03494674,7.7084503,0.35586095,-0.97392607,2.284336,0.63674474
2.1236591,4.7681923,-0.047202468,7.624041,0.36206126,-0.96718717,0.37680924,0.8432369
2.0029354,2.7613082,-0.08304232,7.5514417,0.4018674,-0.9661443,2.2451987,0.5471957
1.0467561,2.0630927,0.07026839,7.5793867,0.42689323,-1.0161545,1.3752973,0.7679646
0.9211264,2.1365566,0.05333674,7.6605973,0.4163468,-0.99496174,1.3344784,0.7147043
0.8659134,3.0407133,0.083057165,7.610527,0.39964676,-0.9855046,0.80412126,0.7218039
2.3344765,2.187987,0.09425759,7.5207515,0.4334979,-0.9936044,0.9610635,0.41933
1.384097,2.462716,0.09157765,7.5126233,0.41055274,-1.0383584,1.4676669,0.8293812
1.3857968,2.410791,0.116767645,7.4186745,0.44413662,-1.0077986,1.3073668,0.72497547
2.364394,5.0554094,0.19833136,7.44808,0.4542563,-1.0391954,0.87661695,0.5871397
2.572472,4.489115,0.058607697,7.379269,0.43422985,-1.0085632,1.9454992,0.62049997
2.5701344,7.9524546,0.18995118,7.4859123,0.38491178,-1.005318,2.7551446,0.7363219
1.9569542,7.240953,0.17686486,7.363675,0.39932775,-0.97259665,2.128209,0.7651663
2.1824996,6.436319,0.120300055,7.33961,0.48510075,-1.0447476,2.5527291,0.8054055
1.9391532,5.1225834,0.05993581,7.3116503,0.58416104,-1.0897381,-0.40514678,0.71240044
2.0388994,4.293544,0.12009704,7.418275,0.5319152,-1.0943695,-0.22079688,-0.32199147
1.7332522,3.3411064,0.31637847,7.129325,0.4925928,-1.096163,-0.3450119,-0.20013845
1.9471347,6.585236,0.31675696,7.1599665,0.4789598,-1.0796273,-0.33352202,0.10209894
2.9190044,5.818136,0.31462383,7.1178794,0.53052926,-1.0802579,-0.21772093,0.07905799
1.9050574,3.6460924,0.48162723,6.9802294,0.49856234,-1.0661769,-0.11367667,0.23909378
2.9497137,4.5698667,0.4941975,7.074321,0.42935324,-0.9793322,-0.03683549,0.22120118
2.0842214,3.9740663,0.30646324,7.218787,0.46113253,-1.1327623,0.089835525,0.17668533
1.8450117,6.656507,0.33454156,7.2057047,0.4320569,-1.0271659,0.4715171,0.23227924
2.4999585,5.5615773,0.333014,7.2507215,0.41658115,-0.9853637,-0.19144511,0.0688833
2.1767516,6.183559,0.3766936,7.3477354,0.35973167,-1.0623626,0.3458289,0.047694445
2.524329,8.659254,0.41785812,7.3361,0.41379762,-1.0557514,0.045612335,0.18725342
2.6902952,8.409651,0.17145765,7.4486847,0.4525988,-1.0169494,-0.02701652,0.1281367
2.4982324,2.4979706,0.30816066,7.214321,0.5039239,-1.0294752,0.09015238,0.27357715
2.3137212,3.1655784,0.26248705,7.1594906,0.54469085,-1.0407541,0.39327002,0.36217177
2.3470085,3.3478446,0.45788336,6.7844915,0.5575304,-1.0625063,0.39748096,0.54038227
2.2646687,2.7142234,0.48893762,6.996565,0.5475004,-1.0576274,0.17273474,0.4846717
1.3035107,2.9087043,0.43228388,6.9614153,0.5275972,-1.0932214,0.90839005,0.47612256
1.033477,2.6180115,0.5079715,7.0794086,0.53005743,-1.1480573,0.83706534,0.37125373
1.8882612,2.6741729,0.6108415,6.879019,0.5210607,-1.1903021,0.5790887,0.6283722
1.3459156,2.3135605,0.6147845,6.818341,0.6082263,-1.2814431,2.3946302,0.5814836
1.1388849,4.1271324,0.75275135,6.809613,0.642375,-1.2313278,1.8157854,0.50512004
2.042883,2.729153,0.6285429,6.8168306,0.6570401,-1.2594016,0.35502243,0.41271985
1.6253194,7.1235304,0.65299225,6.8026447,0.70854235,-1.2814782,0.29576516,0.6965413
1.307811,6.453471,0.6577085,6.8676996,0.6788454,-1.3697662,2.2730653,0.69577336
1.4881102,6.243457,0.65372026,6.7665405,0.68959284,-1.2924049,2.6247585,0.36897218
2.4331322,3.1880407,0.6182759,6.8506083,0.70418906,-1.2414558,0.7056742,0.6796515
1.9792163,8.323697,0.5788058,6.936568,0.6564238,-1.252867,0.12604868,0.68428695
2.8273623,3.9575443,0.3434627,7.2367325,0.51199126,-1.0498853,0.786116,0.5590937
1.2320659,3.0900474,0.2114811,7.2327623,0.45377326,-1.0354557,0.73070276,0.533185
1.2214,3.232108,0.31851768,7.301376,0.46909785,-1.1150562,0.7305,0.57666254
1.8605522,3.879888,0.48831534,7.067246,0.57802796,-1.227236,0.3601457,0.8187243
1.3687627,3.133761,0.41867208,7.079223,0.5879717,-1.1787068,0.13940513,0.22195506
1.795213,4.0651846,0.42528045,7.053861,0.6046963,-1.1712112,0.3410101,0.22630537
1.8353432,4.363778,0.6537404,7.0042996,0.57313156,-1.1916908,0.035146117,0.35330045
1.0353632,3.4771535,0.6316421,6.9731054,0.5844624,-1.1963086,1.557962,0.25281143
1.9645734,4.506732,0.5510349,6.9213614,0.5795593,-1.1599127,0.62760675,0.40598857
1.1315559,4.309795,0.5717635,6.964166,0.59771585,-1.1850382,0.98157096,0.34552908
1.1802174,2.444199,0.544888,6.937607,0.60119605,-1.2041295,2.4410794,0.5425509
1.2878567,4.482327,0.5729239,6.9354753,0.59380364,-1.2078255,2.5307004,0.2951625
1.0864296,4.786615,0.5719063,6.9401402,0.5940645,-1.2040584,2.29587,0.6828208
1.9614668,8.333668,0.55636835,6.9871845,0.6345074,-1.2063291,1.867439,0.9430777
2.1893759,7.722982,0.5519029,6.8649793,0.6235974,-1.1775243,0.5884973,0.78419185
1.5331001,6.7841253,0.65644956,6.8790536,0.64535975,-1.2193751,1.3230913,0.19975412
1.452333,2.1308234,0.7069025,6.721832,0.6608703,-1.2229507,1.3007531,0.67904603
1.5841132,2.0529308,0.697858,6.7277217,0.6506152,-1.2230854,1.3432236,0.7072232
1.8146417,2.1159909,0.7750745,6.6715508,0.61741257,-1.1908052,1.3413012,0.20897132
1.5407864,7.4110665,0.76373446,6.745909,0.62194395,-1.2249001,0.8553755,0.6797817
2.9314797,5.535822,0.6662228,6.785219,0.64551735,-1.1915774,0.8185606,0.71553516
2.905363,8.101755,0.5683074,6.8669944,0.60732174,-1.1333703,0.43693888,0.68265414
2.898622,8.250557,0.53045523,6.8782525,0.57713985,-1.1310859,2.0636733,0.73299766
2.9596167,6.785444,0.51815486,6.977789,0.5765033,-1.1503805,1.1447663,0.72830725
2.6571825,5.2715254,0.6543205,6.994991,0.5516329,-1.1412188,1.7760754,0.7210907
2.1160357,3.356783,0.870211,6.749387,0.45697427,-1.0202744,1.6831372,0.70850134
2.228432,4.533637,0.7604785,6.876832,0.39827228,-1.0397887,1.0304093,0.765046
2.437251,4.7691813,0.6667676,6.9718313,0.3888991,-0.98623323,1.1719499,0.50152946
1.3209856,2.6184099,0.6056254,7.0565414,0.394701,-0.970592,0.14648342,0.2786197
1.5391558,2.2429967,0.6761067,7.0175285,0.34618402,-1.012104,-0.11403155,0.26798594
1.3808157,2.584312,0.5458741,6.8694134,0.46210885,-1.0906715,0.33273304,-0.06591761
1.2968464,4.5242414,0.54482865,7.1040893,0.46608877,-1.0669448,1.1060433,0.27106333
1.158111,4.5530977,0.48470676,7.242947,0.43015957,-1.071663,2.5211015,0.16915202
1.2241342,3.8750348,0.45059144,7.254334,0.46723676,-1.0837467,0.49776614,0.5512105
1.0413905,3.2722554,0.47112393,7.1714945,0.45780087,-1.0761244,0.4556539,0.23442304
1.4952438,3.3652053,0.4782952,7.1829176,0.46479678,-1.0837014,0.86094046,0.93323123
1.6060779,2.8341818,0.5296819,6.999098,0.49233842,-1.0977899,0.7638085,0.9885293
1.2783344,2.436242,0.3323195,7.060549,0.5733285,-1.1064448,0.6548563,0.7828822
1.2262278,2.5381052,0.42011082,7.136464,0.5869534,-1.1948378,2.4163265,0.8349711
1.252057,2.4537039,0.44020915,7.122943,0.5765865,-1.2216043,1.9433963,0.50116336
2.1226118,9.020151,0.4939158,7.049424,0.5713527,-1.1496559,1.7159116,0.83332574
1.4443852,3.93855,0.48660684,7.059833,0.5374911,-1.1216161,0.7690842,0.5374937
1.5314662,4.064371,0.51442933,6.9614305,0.5725577,-1.1478081,0.25618386,0.270311
1.7407095,4.370153,0.43045545,7.0182567,0.5694771,-1.159853,0.23668253,0.32529676
1.5512328,3.185175,0.49762607,7.021756,0.5548868,-1.1642189,1.0290685,0.4846083
2.388784,3.2653546,0.4778098,6.9917927,0.6155143,-1.1698635,0.27362752,0.4217903
1.7231119,6.4258695,0.4874177,6.9691987,0.59649897,-1.1774166,1.5678623,0.48241222
1.3768196,4.2919893,0.5105474,6.9446087,0.66137433,-1.2360094,1.3382528,0.46136326
1.3295485,6.1892347,0.5067854,7.0319767,0.6100633,-1.2679715,1.6759439,0.56663895
2.194694,5.9755516,0.450081,7.0315623,0.6490464,-1.2030705,0.6560776,0.35733187
1.4664185,4.1013956,0.41456258,6.9941816,0.6180272,-1.1914726,0.08609378,0.16463816
1.8108892,3.2746224,0.45501673,6.9874763,0.5822623,-1.1836932,-0.075470924,0.14489949
1.7785583,4.198699,0.505118,6.9465847,0.5558102,-1.1826799,0.004311323,0.061303854
1.3649616,3.6080604,0.5069246,6.9672995,0.58135366,-1.1941526,0.18210816,0.108751416
1.432601,4.586225,0.57927215,7.001691,0.5647805,-1.1450388,0.043854237,0.25481832
1.982345,4.9840117,0.415174,7.1687055,0.55114675,-1.1583724,0.27178442,-0.006629467
1.1710339,5.2999563,0.48602295,7.142075,0.6069951,-1.1731558,2.0662897,0.23830545
1.1429994,4.7809515,0.38704824,7.2019086,0.59524226,-1.2524073,1.0682559,0.8963723
1.3059183,7.7489996,0.30637264,7.216452,0.71926284,-1.2871873,2.786155,0.8333187
1.9805502,5.431269,0.20943284,7.2128973,0.7197075,-1.2455868,0.42575407,0.65852916
1.7377503,4.832631,0.2154057,7.189584,0.67639804,-1.2442049,0.19927585,0.3827706
1.5676553,6.313639,0.32574344,7.163504,0.692148,-1.2502644,0.76821053,0.522208
1.7384825,6.854306,0.22628939,7.134737,0.69663644,-1.256273,0.71100235,0.50132716
1.8583862,5.164977,0.38407493,7.076144,0.67619634,-1.3091235,0.7830409,0.4290874
1.9961653,4.850133,0.3388343,6.974279,0.73703814,-1.2586691,1.4852548,0.5661577
1.5453109,5.2800055,0.4428383,7.022645,0.77442455,-1.3579077,1.6533434,0.6980549
2.0101802,3.0988894,0.44347346,7.1172466,0.75554323,-1.3667021,1.2640617,0.8892524
1.4612632,8.130577,0.46879816,7.0418987,0.7853031,-1.4097276,1.9740558,0.50462437
1.1736298,4.7669125,0.4696493,7.0038085,0.8153429,-1.4283931,1.9556317,0.5230706
1.5371729,8.539143,0.3837855,7.115673,0.856498,-1.4380429,1.3383849,0.6035142
1.219568,4.7216206,0.37538815,7.171324,0.75162816,-1.391227,1.3744686,0.5594255
1.1991212,3.6399689,0.3841405,7.127787,0.727386,-1.359921,1.4751995,0.6405091
2.90269,3.316588,0.32716775,7.1285586,0.7852464,-1.2988247,1.2641215,0.6846186
2.4434478,2.4312804,0.2844026,7.1639028,0.79706645,-1.3607093,0.4058572,0.53691554
2.6257498,5.2446756,0.314736,7.102175,0.80276775,-1.3361717,-0.19681567,0.331515
1.7387711,8.573167,0.36124933,7.071152,0.7513964,-1.3641819,1.323524,0.63922286
2.0546606,6.0455947,0.46802294,7.041202,0.75040936,-1.3835652,0.2460128,0.15899307
2.7702835,6.608838,0.42029583,6.9462337,0.7939489,-1.3426664,0.10621643,0.24730223
1.4905021,3.4064617,0.32726026,7.025256,0.7158694,-1.3227062,-0.0127209425,-0.00376153
1.3390033,5.1245546,0.4252876,7.0348725,0.71866274,-1.3165729,-0.00998652,0.1092841
1.53329,5.9729805,0.35858727,7.166554,0.69456005,-1.3501091,0.13964045,0.06698221
1.4860137,4.9323864,0.3263743,7.0005608,0.66995716,-1.2344416,0.22586322,0.13492107
1.2603694,3.991844,0.43074203,7.1311774,0.6755433,-1.3064464,0.062008977,0.18760967
0.94356585,2.0457363,0.4634788,7.116383,0.6582129,-1.2362341,0.55805063,0.2879368
0.83473456,2.0232804,0.52436304,7.0472736,0.6607673,-1.2377776,-0.23662937,0.5582552
0.7438393,3.6127157,0.61200225,6.9780593,0.6790886,-1.274472,2.7800264,0.70876765
0.98695564,3.61818,0.5387695,7.0040708,0.65431595,-1.273639,0.4748031,0.75914145
1.1967032,4.0727825,0.5788865,6.9484143,0.6487181,-1.2850924,0.16330421,0.31244272
0.9867223,3.2287252,0.5892577,6.927911,0.6546922,-1.2687705,1.0710742,0.35225117
1.1172408,2.3518822,0.5965793,6.9570312,0.6619513,-1.2739148,1.7552445,0.7526418
1.1405637,3.1835096,0.5303352,6.983897,0.6160476,-1.2222908,-0.03811097,0.41766655
1.2694006,2.7721732,0.5549438,6.8899117,0.6651218,-1.2583425,1.8138115,0.7139224
0.90017426,2.6440017,0.6002698,6.8210754,0.6743629,-1.2715856,0.007290721,0.54702544
0.8698683,3.1154127,0.54089355,6.894397,0.7034743,-1.2706872,-0.23504591,0.04439944
0.86754704,4.3081517,0.6271385,6.9298368,0.7169516,-1.3370249,0.13704741,0.0028643608
0.9313049,2.8784406,0.6633483,6.9256783,0.71021366,-1.3375897,0.40495932,0.04644215
0.6946399,3.0675228,0.77457476,6.8397646,0.6983688,-1.3247026,0.025112629,0.21357834
0.8843539,2.0210183,0.7987119,6.5592494,0.7251308,-1.3760455,0.40958095,0.49954915
0.8555486,2.026944,0.8091345,6.6088314,0.8017895,-1.3761259,2.79308,0.8876116
1.1792951,2.9819326,0.84690225,6.465143,0.80148363,-1.3516717,2.0291903,0.8556262
2.1754773,3.9953074,0.76879334,6.6056023,0.7809167,-1.3338761,0.69244504,0.8264921
1.0713897,3.4170725,0.7857919,6.5311375,0.8776467,-1.4457483,1.5313754,0.8215296
1.3555114,2.5945034,0.77886367,6.426236,0.9161527,-1.4693459,2.6808438,0.3900038
1.3621362,5.5250864,0.8579681,6.4320908,0.9096403,-1.494003,1.2414618,0.52061284
1.1074989,4.8891525,0.85252357,6.3461394,0.90025043,-1.4566319,2.087098,0.4658361
1.3659334,3.08348,0.8367381,6.2373295,0.9156151,-1.4634537,1.7642603,0.48097575
1.3661736,4.339353,0.90711534,6.2649107,0.9794228,-1.5082067,0.802727,0.3967005
1.4290869,3.3448906,0.8346971,6.338421,0.924124,-1.48353,0.47579145,0.37357974
1.4599359,3.6280243,0.8222903,6.3321934,0.9371917,-1.4755349,1.2074735,0.54338944
1.7127547,4.113198,0.8251138,6.1922064,0.971231,-1.5353587,1.2694275,0.40912688
1.6063172,3.7810416,0.9208777,6.1511817,0.95942307,-1.5206797,0.9806794,0.41706288
1.7068658,3.7471197,0.95268285,6.117279,0.95092964,-1.5038753,0.8174058,0.5770025
1.9806006,3.6970916,0.975914,6.069924,0.94563055,-1.4974262,0.83346045,0.5386573
1.209451,4.418639,0.9887464,6.085205,0.95168567,-1.4955101,1.1887574,0.36061656
1.7859141,2.8927972,0.9953829,5.988597,0.93555593,-1.4645915,0.7414551,0.5417187
1.3555549,3.7100804,1.0137062,5.9743347,0.95737815,-1.4583474,0.6975709,0.44064677
1.5753474,2.7756093,1.1370795,5.9751287,0.90176105,-1.4701183,0.5554569,0.5736377
1.6451979,2.6828127,1.129183,5.9563627,0.9035349,-1.4556787,1.4957237,0.50893533
0.8558136,2.416216,1.0894165,5.994314,0.89390135,-1.4877465,2.3140917,0.45499933
2.0377939,2.6298542,1.0887048,5.9828353,0.95793796,-1.4975145,1.9093401,0.6379359
1.1582212,2.8859866,1.049092,6.0090265,0.8953719,-1.4876876,2.6641347,0.5235293
1.1167244,2.3071065,0.98437214,6.064439,0.9486911,-1.5124574,1.9252536,0.33834034
1.1147897,2.071161,0.9772427,6.0886097,0.96943426,-1.5191917,-0.28942448,0.11655027
1.6084417,2.2179186,0.9351598,6.0475373,0.97239494,-1.4944146,0.78238106,0.458892
0.92701966,2.3888106,0.9817548,6.058605,0.9681349,-1.4949515,0.9079608,0.20388293
1.3350527,4.8633924,0.96910715,6.0605564,0.95555377,-1.4847906,2.4870746,0.68262804
2.0446315,5.7568474,0.9449624,6.1153316,0.9646723,-1.5258038,0.83413756,0.38865185
1.2814867,3.4659185,0.9585123,6.0619545,0.9904642,-1.4811301,0.7778795,0.4612646
1.6220422,3.9016423,0.96204615,6.108762,0.91870713,-1.4825947,1.287359,0.26119113
1.5158179,5.3380632,0.95820165,6.16922,0.92021346,-1.5015172,0.21736658,0.22973269
1.694405,3.5198977,1.0083289,6.065766,0.92882156,-1.5025616,2.8478343,0.29080832
1.6189125,3.5420318,1.0054791,6.1260796,0.92494893,-1.5034361,2.9695454,0.44009078
1.7084172,3.0862122,1.0274999,6.134882,0.8842571,-1.475608,2.209763,0.44596237
1.1303585,3.2283788,1.0069351,6.14256,0.86603475,-1.460371,2.6942868,0.581934
0.9197693,2.0970573,0.9962132,6.2240777,0.8824811,-1.4593024,2.1757257,0.5559528
1.5247644,2.2830431,0.95717335,6.2516193,0.8341119,-1.4096696,2.197597,0.6242814
1.3406031,7.02717,0.9658022,6.410938,0.79758096,-1.4630163,2.4857228,0.51441574
1.344993,2.025501,0.96422505,6.1364903,0.8171575,-1.4167924,1.9771843,0.41903102
1.0360433,2.1999068,1.0881252,6.138908,0.7956712,-1.4058348,0.85283697,0.40666264
1.0839982,2.171534,1.0997894,6.008938,0.82956934,-1.3876587,1.2093318,0.48658246
1.0302358,3.1360078,1.1099432,6.067023,0.8181367,-1.4060572,1.3564804,0.42416012
1.9040749,3.3381023,0.97912884,6.241124,0.8268628,-1.3839138,1.7684231,0.5076448
1.7372255,6.403349,0.9674423,6.185029,0.84627676,-1.384501,1.3763995,0.1684472
1.111388,2.6040995,1.0145149,6.138032,0.8561635,-1.4414849,1.2677283,0.5064926
0.93329716,2.2196546,1.1029303,6.143647,0.81542206,-1.4153824,2.6866112,0.5421164
1.5833747,2.7139637,1.1007371,6.056653,0.7865641,-1.3441231,2.6840942,0.05262184
1.5460823,2.9369917,1.0910714,6.1247234,0.8168571,-1.4068489,2.4457045,0.022950947
2.0222325,9.251685,1.0756466,6.1299505,0.82989264,-1.4236954,2.6245975,-0.010673612
2.707004,9.701225,1.0319033,6.1403837,0.8031018,-1.3563673,0.8979273,0.8849871
2.7762585,9.984434,0.9716573,6.2940793,0.8067653,-1.3747561,0.48615086,0.34615272
2.89866,2.0021436,1.0465796,6.105414,0.73836374,-1.321095,2.9538875,0.1676091
1.4415517,9.42353,1.1603699,6.1737685,0.77404404,-1.3556535,2.4643643,0.42286944
1.5448097,2.0394406,1.1387765,6.3452625,0.72959995,-1.3620651,2.7393491,0.5475488
1.8801426,2.9277148,1.1188273,6.2754364,0.6657336,-1.2619424,2.2190197,0.4749186
1.8990564,4.8911376,1.0608263,6.2321353,0.6502502,-1.2611843,0.26730967,0.17165226
1.25773,2.0912967,1.1279435,6.2405505,0.6514704,-1.2232609,2.8785076,-0.012986898
2.797996,3.710579,1.2656817,6.233081,0.64839864,-1.2241201,1.3937943,0.8934636
2.4847612,2.0445936,1.2397616,6.2659826,0.665112,-1.2447033,0.9601896,0.84363484
1.9575033,6.522663,1.1864929,6.188873,0.6157701,-1.2132919,2.6377742,0.64038956
2.307428,3.8664489,1.199513,6.19742,0.6464553,-1.2094584,2.2158132,0.015985608
2.2787113,4.4646893,1.1927114,6.064065,0.6856618,-1.2781129,1.9668033,-0.12127897
2.3390718,3.5904508,1.1934898,6.025948,0.6751144,-1.2383325,1.1717703,0.077477396
2.5532813,8.038031,1.2391338,6.209375,0.58478284,-1.2447093,1.1324234,0.05567789
2.7657616,2.7066753,1.1952221,6.28384,0.5562577,-1.1190002,1.2581487,0.6316091
2.8286119,3.0475597,1.1306069,6.326665,0.55897975,-1.0738335,0.7284143,0.558849
2.9109654,2.7283516,1.1678147,6.3209133,0.5293095,-1.0621784,1.277884,0.73130894
2.9612575,2.4858916,1.2438884,6.3032923,0.5072713,-1.0263307,0.7389778,0.73496246
2.9347944,3.6149297,1.2704883,6.41588,0.5180249,-1.1324884,0.40485704,0.6286453
2.7508497,3.5506225,1.0123432,6.4169626,0.63095284,-1.141083,2.3942432,0.589766
2.6810412,4.5501537,0.82353413,6.5979757,0.6349442,-1.2190564,0.46259034,0.20309234
2.3151736,5.522727,0.7953944,6.6498957,0.6280792,-1.1768391,0.40894806,0.44032812
1.91411,7.906333,0.74440646,6.6636477,0.5508623,-1.1488856,1.0936751,0.39985442
2.678093,5.6251307,0.7836207,6.715802,0.5676658,-1.1359897,0.2788254,0.1549027
2.1571436,5.0773883,0.656793,6.862837,0.62123203,-1.1685673,2.005503,0.656147
2.5565238,4.7026825,0.62671447,6.8683,0.561707,-1.1188552,1.6826918,0.71022224
2.529124,6.74397,0.6896372,6.881834,0.5584202,-1.1280738,1.3401976,0.74059916
2.666754,8.446852,0.68557286,6.839323,0.57152295,-1.1353644,1.2679708,0.93019605
2.8552618,9.392649,0.7063017,6.8406105,0.5147264,-1.1232939,0.83418095,0.32742554
2.8842022,2.9551668,0.7533376,6.8405266,0.5519788,-1.1167128,1.2291589,0.8248037
2.9537387,2.4150035,0.87609386,6.8516273,0.4983194,-1.0454848,2.1405582,0.8637849
2.9457643,2.744061,0.9865134,6.748144,0.42214608,-1.069318,0.693462,0.32645714
2.9086602,3.0094075,0.8458451,6.7698174,0.42960405,-1.0439823,2.7700012,0.38584137
1.9314613,3.7158566,0.8654611,6.875658,0.39102507,-1.0197012,0.21229494,0.5222311
2.0260947,2.2494228,0.58221686,6.805995,0.41777635,-0.97207785,1.109184,0.46471387
2.1221428,2.0645363,0.530457,7.04372,0.36152244,-0.9794004,1.9494824,0.63416743
2.8982353,4.3909764,0.30757034,7.206767,0.38690042,-0.9352639,0.1390853,0.66562176
1.5398908,3.6346025,0.27044582,7.2845283,0.3364396,-0.9145138,2.4099998,0.64331746
2.1673512,3.5033028,0.28336143,7.2988415,0.31745338,-0.9267514,1.1623912,0.8504312
2.1345918,4.450906,0.30568862,7.3223724,0.2976048,-0.9257307,1.3427167,0.73740005
1.430093,3.728007,0.37490344,7.3226366,0.31937337,-0.94397616,1.1772997,0.46995527
1.728672,3.1015382,0.25749922,7.3569665,0.28712392,-0.92179966,1.5869534,0.7070384
1.1365104,2.0148609,0.32798493,7.4179873,0.24020004,-0.9144678,1.4779441,0.639467
2.0068984,2.0098135,0.14228821,7.3129754,0.24688959,-0.79615307,0.8310536,0.68253505
2.0425134,2.0702398,0.22412705,7.4019585,0.22088099,-0.7516041,0.48508883,0.7671169
2.4174423,2.6178322,0.15365493,7.2795644,0.2541504,-0.75902796,-0.019487023,0.42636365
2.3206458,2.268548,-0.010768771,7.313528,0.25687742,-0.75243807,-0.534407,0.37698233
2.261869,2.105379,-0.06235802,7.3461123,0.26075268,-0.75266623,-0.17644894,0.54373264
2.7533703,2.1928205,0.066726565,7.3332887,0.22152805,-0.7400341,-0.13587403,0.62813306
1.9674736,4.349638,0.06637025,7.402713,0.25582623,-0.7614932,0.2141093,0.28406245
1.7562007,2.2495492,-0.078017235,7.426177,0.21241331,-0.7744651,2.5577073,0.7863492
1.8184291,7.867194,0.9227915,5.295618,1.9159677,-2.4804041,1.4740131,0.5677321
2.6063316,8.372571,0.86578643,5.3153014,1.9052818,-2.4699907,0.33911574,0.20553184
2.5425072,8.646629,0.8553144,5.3922095,1.8866134,-2.4631445,0.6322763,0.28418183
2.5172372,6.0790296,0.8539561,5.470889,1.916347,-2.4663289,1.1178296,0.36605644
2.5546074,7.9147887,0.8718283,5.4652762,1.8405056,-2.463572,1.8659289,0.35135734
2.515316,4.3757296,0.85104287,5.4252615,1.8842924,-2.5375366,2.1017203,0.18615341
2.7077243,9.54722,0.92494273,5.3599496,1.8734612,-2.5059826,0.68435454,0.33029187
1.7466865,5.1881757,0.8624011,5.22237,1.9060051,-2.4449463,1.1186728,0.29269123
1.9352881,5.3440843,0.91637254,5.079912,1.9170434,-2.449285,1.2296143,0.40647417
0.7830672,3.9309006,0.93058574,5.159684,1.9095819,-2.4855928,0.40785992,0.18521082
2.9115293,9.988781,1.0143795,5.0872602,1.8719828,-2.4576392,0.55463576,0.28409874
2.7421463,3.0335603,0.9739249,5.1970043,1.9144428,-2.487928,0.2914188,0.02314502
2.9121182,9.484228,0.9501903,5.1223736,1.9237492,-2.5139337,0.489843,0.21413767
2.71552,8.05418,1.0195992,5.1089664,1.8774796,-2.4804742,-0.083284974,0.056095064
2.852987,8.670935,1.0020633,5.056467,1.8819838,-2.459962,0.08031428,-0.41285047
2.647848,5.203952,0.9938569,5.0861216,1.8613846,-2.4314768,0.46404052,0.20676953
2.6854832,5.2321463,0.99457335,5.0745277,1.8800819,-2.4862835,0.26893914,0.16176897
2.3414407,8.375559,0.9006636,5.2102,1.9501255,-2.4848356,0.32125664,0.1466363
2.6401353,4.2234564,1.0158648,5.0900836,1.9590485,-2.480471,0.030857086,-0.33199942
2.6159291,6.16029,0.97551894,4.9909406,1.9943936,-2.537881,1.01372,0.76019335
2.7434978,8.156794,1.0289247,5.0030823,1.9949329,-2.569561,0.41783524,0.24200201
2.2856693,8.771187,0.9687611,4.9896536,1.9799545,-2.5307767,0.19778752,0.37048936
1.6337061,9.500323,0.95272374,4.96837,1.9945025,-2.604303,1.1605372,0.3108399
2.893299,9.622927,1.057857,4.9442196,1.9637299,-2.5383694,0.34101272,0.25862265
2.8893237,8.574773,1.0557089,4.942854,1.9285688,-2.5518024,0.85594463,0.3384912
2.3487334,6.1167617,1.0022621,4.989064,1.9128292,-2.5349634,1.6013258,0.109356284
1.7573445,5.967138,0.9972296,5.1278105,1.912785,-2.5121841,2.3952148,0.21551627
1.3953451,5.833027,0.90257144,5.1669273,1.895181,-2.4870121,2.570849,0.6265336
1.2112814,6.1580553,0.8984897,5.2283726,1.9088836,-2.447029,0.38012564,0.5851028
0.8965609,3.7554336,0.9099872,5.0933867,1.9256611,-2.418733,0.43721294,0.78269315
0.89697057,5.5242934,0.85888994,5.251001,1.8646343,-2.4122343,0.70829356,0.21064699
1.8811064,5.1779695,0.8732543,5.263315,1.8517642,-2.420735,0.9281423,0.32995075
1.0204875,5.5280886,0.814278,5.517851,1.8149467,-2.3516378,0.88672507,0.17797178
2.2692375,5.2880974,0.77912307,5.5810633,1.8065443,-2.3282828,1.1034179,0.2644112
2.4099722,8.18209,0.81737304,5.653573,1.7905211,-2.3876746,1.0755532,0.34929705
2.7082965,7.105665,0.7913656,5.6584845,1.8275845,-2.4029322,1.175065,0.35879362
1.8607134,8.559265,0.7503755,5.7407923,1.8542998,-2.389132,2.0867536,0.66525936
1.3292792,7.783252,0.7585261,5.806712,1.7372854,-2.4045496,2.1486676,0.5497997
1.0738833,3.7791624,0.85034335,5.4690847,1.8308039,-2.4187212,2.2281084,0.78756356
2.8387177,2.5185037,0.85711575,5.408202,1.8257394,-2.4208407,1.9796629,0.24118942
0.72520196,4.30324,0.82709265,5.4043813,1.852308,-2.374002,2.3292005,0.3349012
0.7963868,2.7035089,0.8559506,5.4536905,1.8265853,-2.3889089,0.27774727,0.018829763
1.6710677,4.2333875,0.8999864,5.3299713,1.8084888,-2.3700495,0.45055163,-0.046597123
1.1321006,6.616421,0.89586234,5.3715153,1.8127658,-2.3864455,0.22505295,-0.09288135
1.5506198,7.277424,0.87507045,5.2192183,1.865047,-2.4186203,0.08776045,0.010748863
0.96955633,9.071177,0.9371011,5.0852923,1.8599441,-2.4075375,0.7860228,0.1288768
1.3204322,9.269983,0.942901,5.018629,1.9064441,-2.427229,0.57300067,0.5751896
2.9041383,9.034407,1.0022161,5.1878853,1.8683372,-2.4652455,1.6630836,0.20099115
2.854636,9.049803,0.9606788,5.1979465,1.8660359,-2.4727516,0.90918446,0.5463911
2.1586134,5.6832027,0.9663185,4.983777,1.8990114,-2.4808333,1.7774508,0.38328558
1.4655851,5.4523478,0.9236512,5.108832,1.9623501,-2.543062,2.7458081,0.68904185
1.3694786,6.2613783,0.99869454,4.898566,1.968781,-2.6025388,2.6493406,0.61779785
2.1215322,9.174334,1.0559802,4.9807024,1.9625101,-2.5915718,0.5537915,0.7083174
0.96724856,6.199469,1.0172946,4.9813023,1.9339926,-2.577921,1.2494767,0.5201733
1.3322549,7.101941,1.0177677,5.007313,1.9197538,-2.5036068,2.2638526,0.4570818
2.5754132,3.9123442,1.0170281,4.998746,1.918155,-2.5658736,0.017790794,0.2926135
2.5956542,9.695344,1.002001,5.230031,1.9430299,-2.5980098,0.69683015,0.4295866
2.8260674,7.1721406,0.9978806,5.088827,1.9114704,-2.6160831,0.99570465,0.3455469
2.869907,8.499222,0.9955096,5.057524,1.936641,-2.5382743,1.0579972,0.2979731
2.9485538,9.347497,1.0210989,4.9377728,1.9869018,-2.5670285,0.62931466,0.07718301
2.746562,4.13815,1.0257592,5.010165,1.998496,-2.5531,0.22366285,0.094913065
1.795742,3.4662507,1.035995,4.9452453,1.9773414,-2.5633569,0.24094582,-0.11740783
1.0479426,9.295018,1.0163319,4.898406,1.9263663,-2.5495853,-0.15472645,-0.031045258
1.7314374,8.648001,0.9520867,5.1147304,1.9442215,-2.5578947,2.6240695,0.39672983
1.8328171,7.1416364,0.96931434,5.075923,1.9259372,-2.564322,1.7271533,0.29189163
1.6920288,9.259966,1.0166659,4.900086,1.9281185,-2.5318575,1.3009007,0.721385
1.6479988,3.23919,1.0605919,4.82809,1.9590511,-2.5455437,2.24665,0.27987397
2.1108027,9.186678,1.0834813,4.8079453,1.9382095,-2.4982617,-0.020405114,0.37222987
1.5544168,7.1486,1.0786307,4.772794,1.9036376,-2.4886446,2.2950778,0.5145266
0.9616289,8.208696,1.0763912,4.761765,1.9151614,-2.5043964,1.9833133,0.6567122
1.7586195,7.9055457,1.0984147,4.8633933,1.9048839,-2.525081,2.192413,0.4264847
0.909635,6.466346,1.1122301,4.802753,1.8792677,-2.470605,1.3906844,0.8119526
2.0526795,6.563586,1.1485908,4.6183343,1.8612838,-2.4943073,2.1880474,0.42305923
1.8272465,7.9420476,1.1845946,4.5999494,1.8412371,-2.4414592,2.2152767,0.69164157
2.462687,8.099583,1.1696873,4.6764874,1.8451142,-2.4423594,2.0553951,0.3432504
1.3106532,4.4154854,1.1442842,4.663472,1.8123524,-2.4574294,2.446235,0.54562855
1.1173108,5.5736647,1.1672797,4.6687775,1.8155141,-2.3747354,1.5874588,0.56274855
1.2018869,8.198759,1.1264534,4.7283726,1.8246183,-2.4112473,1.4448357,0.53421414
1.0654328,4.7640476,1.130254,4.8604164,1.8265972,-2.433596,2.256673,0.35605073
1.8626372,8.983873,1.1420102,4.8045096,1.8073938,-2.4500756,2.801322,0.76810634
1.911161,8.600483,1.1281738,4.8177943,1.8459282,-2.4435897,0.76111126,0.5406369
1.0752752,2.1376371,1.0361717,4.9279046,1.9155908,-2.4916208,2.967406,0.0031024218
1.5576133,2.6663303,1.0136576,5.130723,1.9334998,-2.5344028,1.877135,0.15011358
1.3927623,6.4226794,0.92940116,4.9495897,1.9769437,-2.4788358,2.6528025,0.77958274
2.4018686,6.551555,0.95124173,4.8668127,1.9673023,-2.5104244,2.537433,0.6890731
1.2834023,6.237985,0.9199127,5.2923355,1.8866773,-2.4673915,2.1973617,0.6377804
1.0352342,5.77838,0.9071404,5.1986976,1.8923378,-2.4858124,0.8779844,0.66329527
1.2509551,4.782231,0.9234202,5.184343,1.8943193,-2.4770906,0.81341743,0.19349933
1.4249288,4.676144,0.9038445,5.343111,1.859462,-2.474412,1.8339088,0.29605186
2.2795248,9.57375,0.8989346,5.348194,1.8657804,-2.5091898,0.2938702,0.4770018
2.5222328,4.366948,0.85924125,5.372551,1.8472018,-2.4081078,1.5380912,0.44662273
2.390406,7.3209066,0.88547873,5.357804,1.8721077,-2.441259,1.0830228,0.15767449
2.2011592,8.747625,0.9038166,5.241983,1.8552454,-2.4529557,1.4334195,0.20902562
2.1570652,4.695755,0.86707103,5.376139,1.8588972,-2.375155,0.43184125,0.1657694
1.8871541,8.314548,0.84657645,5.5565896,1.8283842,-2.3923984,2.5443084,0.48989373
1.8538253,8.118744,0.8246412,5.435241,1.8577013,-2.414834,-0.17753297,0.2777573
2.5868459,5.484087,0.89421153,5.3347616,1.9147964,-2.4389038,-0.31208664,-0.42760468
2.7082493,7.1390853,0.906075,5.3288927,1.9168308,-2.4550683,-0.66303396,-0.2969281
1.7707238,9.48443,0.7828531,5.323459,1.9149969,-2.4104376,-0.91495275,-0.18361801
2.9564874,3.9188657,0.87904084,5.394409,1.9203041,-2.4999423,-0.6928891,0.23706591
2.3612204,6.4087806,0.9571655,5.28708,1.9277,-2.538066,-0.6088042,-0.034470916
2.6760364,9.687535,0.9850166,5.3236537,1.842617,-2.5017457,1.3279984,0.47119176
1.7555228,4.639143,0.9556768,5.1059504,1.9757581,-2.5660439,1.0278375,0.31648254
1.906492,5.583144,0.89772403,5.244828,1.9208982,-2.5439234,0.7349433,0.3285399
1.329108,8.480413,0.8668493,5.2657633,1.9257388,-2.5450263,0.9316422,0.2938465
1.8142238,5.1184545,0.84631443,5.3251457,1.9451332,-2.493844,0.26213467,0.5473645
2.7317777,2.1424026,0.92497253,5.0611305,1.9418626,-2.4987874,2.2069843,0.43680656
0.67013705,2.078688,1.0033274,4.778479,1.9567757,-2.4840717,2.7707112,0.62901044
0.5299269,2.119228,0.96888995,4.951255,1.9537094,-2.4762824,1.4336708,0.7089013
2.916708,2.1867366,0.9676058,5.1245203,1.9393234,-2.5347767,1.1481562,0.6526247
0.7348648,9.571939,0.9682553,5.1784534,1.9432344,-2.4938874,1.8062186,0.53393674
0.97805345,2.0967085,0.9649904,4.981645,1.9450414,-2.4708784,0.88644505,0.14851904
2.7324572,8.448219,0.9863243,4.991749,1.9112465,-2.511959,0.29205132,-0.09920582
0.6976895,7.0298705,1.0371134,5.1232224,1.9002202,-2.537579,-0.008573532,0.47283375
0.6710607,8.030119,1.0957549,5.090562,1.9013102,-2.551107,2.60884,0.6810297
0.63985014,3.9083614,1.0293179,5.0987663,1.9124889,-2.5379455,1.7425668,0.60455287
0.9112194,9.175262,1.0192022,5.0891905,1.9738011,-2.6023867,1.972446,0.46064425
1.0547298,9.130578,1.0421147,4.9872007,1.9882822,-2.584209,1.9348483,0.8050487
2.7816887,4.608733,1.0307052,5.0154066,1.9853871,-2.5915048,2.28107,0.724107
0.6296901,3.319115,1.0152419,4.955453,1.9788277,-2.545505,2.59082,0.20277786
1.975396,9.623392,0.9509635,5.0752125,1.933449,-2.5600626,0.7187699,0.61328113
1.740005,5.4870644,0.8918443,5.1183815,1.9411764,-2.468469,0.8488898,0.074067235
2.185399,3.8993993,0.92010736,5.170548,1.9356751,-2.534021,0.66066754,0.15683019
1.6310241,4.974784,0.9332864,5.204136,1.9216466,-2.5210943,1.6354613,0.25605452
2.097735,8.7774315,0.9191581,5.17229,1.932569,-2.5041265,2.983371,0.82675946
1.2864915,2.2460475,0.88889706,5.160938,1.892504,-2.4453115,2.9829195,0.87477493
0.851481,9.8574295,0.87355185,5.385913,1.8957169,-2.5417528,1.8665552,0.6747308
1.4798259,8.812673,0.8747518,5.3756094,1.9093344,-2.5464232,2.250086,0.71836066
2.9784043,4.1726456,0.8257654,5.3916636,1.9693501,-2.5355854,0.147758,-0.4365977
2.7936182,6.6487093,0.829016,5.4091,1.9893384,-2.6388803,0.02259314,-0.0542292
2.6579528,9.03347,0.8884418,5.4083686,1.9927537,-2.6088727,0.059289813,-0.10489893
2.882131,8.589748,0.82305884,5.4798517,1.9736197,-2.575045,0.15266955,0.090699196
2.439427,5.719053,0.86800575,5.405242,1.9717317,-2.5744102,0.4499476,0.29202425
1.1727773,9.703754,0.8815228,5.230892,1.9228606,-2.5315347,1.00354,0.36626136
1.2855355,8.052861,0.8799757,5.342766,1.9296825,-2.49379,0.53367436,0.071853936
1.9688808,2.3381314,0.8136393,5.481864,1.9191864,-2.4428902,1.5318861,0.7723298
2.123314,8.699429,0.7973983,5.4474907,1.9629705,-2.526021,-0.7680094,-0.014186949
1.841725,5.142299,0.7518133,5.4775176,1.9687142,-2.4703984,-0.61976814,-0.4566232
2.2961388,7.345387,0.7712755,5.4861126,1.9902718,-2.491323,-0.6104929,-0.46330723
2.3329487,7.534769,0.7738025,5.578959,1.9855154,-2.5433795,-0.6467459,-0.47166926
2.8607917,8.7247715,0.7932813,5.4657297,1.9873302,-2.5396328,-0.3403355,-0.47893333
2.046306,9.040075,0.83131623,5.475692,1.9638951,-2.5962815,0.10963476,-0.11028755
2.5567997,6.339501,0.8381655,5.626443,1.9638956,-2.6105766,2.696294,0.1589725
2.5213525,3.874218,0.87002647,5.3988905,1.9611325,-2.589839,2.6047928,0.317083
2.8041945,4.7059855,0.93064785,5.326089,1.9499521,-2.6062827,1.6156273,0.23655212
2.6552525,8.643205,0.9203541,5.203533,1.9566658,-2.565747,2.9793024,0.34165502
1.3626337,8.286528,0.9652233,5.154808,1.9104316,-2.523264,1.6127622,0.52371836
2.126165,9.153847,0.9305346,5.1044016,1.919065,-2.5404003,1.5458622,0.3330114
1.9108572,8.696739,0.96688414,5.207445,1.9950309,-2.6150675,1.9100566,0.5742252
2.3303177,9.81669,0.9173943,5.3920927,1.9524958,-2.5333652,0.99817276,0.17745507
1.4900572,9.836571,0.9365896,5.227277,1.9478867,-2.514645,0.88508,0.8392068
0.8325053,2.1064076,0.87534654,5.321145,1.9275084,-2.5426548,2.8986607,0.51127815
2.96776,9.863205,0.89686143,5.504958,1.9235501,-2.5380814,1.832387,0.33977014
2.4030676,9.465146,0.8510568,5.58247,1.8793287,-2.5570736,0.9571078,0.5452399
1.1409154,2.0411835,0.80773306,5.4210334,1.9362855,-2.4751124,2.7390695,0.7000749
1.3444018,2.0436044,0.7994294,5.41751,1.9060929,-2.4539127,2.5838425,0.4764691
2.7054124,2.1278772,0.84266376,5.4249935,1.9111936,-2.5310187,1.7872972,0.2407918
0.6306591,8.931997,0.90940094,5.576085,1.9361238,-2.5438535,1.5983062,0.0923655
2.8661697,8.784674,0.9055929,5.3983264,1.9210587,-2.540731,0.91447675,0.4576367
2.728978,5.6524916,0.9697478,5.1896315,1.9753366,-2.552584,2.2068377,0.21972024
2.8036833,9.455292,0.94240904,5.351411,1.9767957,-2.59752,-0.41422242,0.0016342998
2.9057097,9.609222,0.94302607,5.170292,1.9704974,-2.5909245,-0.40642506,-0.04441309
2.4367776,6.1117973,0.9705378,5.122219,1.9698074,-2.538298,-0.36587435,-0.27014822
1.722256,7.7712393,0.9396179,5.090111,1.9511368,-2.589321,-0.23273343,-0.19208175
2.830404,7.833891,0.9317,5.3468876,1.9704905,-2.592712,0.011124134,-0.22152492
1.9698933,7.8153234,0.9298177,5.1078544,1.9228382,-2.5500164,0.0867995,0.16284955
2.8223279,8.765757,0.9892646,5.06865,1.9332571,-2.6001995,0.27361786,-0.050568104
1.9447036,9.90776,1.0081565,4.985668,1.9904242,-2.5754995,0.057062864,-0.047756135
2.948576,9.307205,1.00421,4.8380575,1.9705772,-2.5589275,0.0068062544,-0.07559377
2.3872118,7.6345987,0.9037311,5.138833,1.9713461,-2.5653353,0.098605156,-0.19267154
1.7360383,4.2534513,0.8909055,5.3170037,1.9472091,-2.4658163,-0.15717953,-0.28062788
1.899331,4.8171544,0.86073065,5.242729,1.9035378,-2.4194932,0.004845023,-0.356353
2.137356,7.597081,0.90959644,5.116577,1.8973651,-2.524599,-0.28546304,-0.19411752
2.5337632,7.6493855,0.97916234,5.0017314,1.9045703,-2.4292219,0.34220695,-0.05319661
2.189927,2.8650906,1.0442183,5.0093665,1.875062,-2.433643,0.18252182,0.21567619
0.965001,4.671541,1.0190759,4.891494,1.8970435,-2.475692,0.16283584,0.015758276
1.343132,5.1564636,1.0110073,4.874208,1.8927681,-2.4275036,0.40369368,0.12899214
1.2618539,4.1290574,1.0344062,4.895628,1.9069421,-2.4444847,0.9990977,0.35123706
2.8292985,8.310288,1.0002904,4.90324,1.9688339,-2.5253117,1.0041099,0.39949214
2.7831872,8.924761,1.0627141,4.9309316,1.9613504,-2.5475879,0.63700247,0.397717
2.3441272,8.862748,1.0259299,4.896641,1.9751928,-2.5804377,1.8632002,0.057599008
2.388001,5.6902866,1.040817,4.857868,1.9554143,-2.5045173,0.72703433,0.2377916
2.1072698,6.9900813,1.014514,4.888544,1.9355481,-2.468583,0.783164,0.34497344
2.0473511,7.396216,1.1141901,4.719976,1.9643743,-2.484267,1.2963605,0.42621005
1.0197303,7.0791817,1.0837593,4.7734537,1.9896209,-2.6063561,1.4469068,0.48964584
2.919193,9.620724,1.0945711,4.852089,1.9710801,-2.5950925,2.256333,0.45568717
2.5534995,2.352727,1.1077008,4.8651123,1.9713776,-2.548503,2.914679,0.40769798
2.7679083,4.741843,1.0829365,4.7872005,1.9743128,-2.5449922,0.14951062,0.28713518
2.762725,5.9384356,1.0771508,4.794981,1.906589,-2.5698786,2.6684885,0.31228554
2.713462,6.530838,1.0796537,5.0059366,1.8352761,-2.41227,1.9857099,0.3078093
1.9057882,9.344974,1.0854263,4.990219,1.7789347,-2.3296275,1.5126982,0.421952
1.8762463,6.455922,1.0468223,5.0677214,1.756329,-2.3391037,0.74830127,0.45896196
0.62912357,2.7030375,1.0476365,4.997891,1.835712,-2.390626,1.9148843,-0.20152983
2.5673475,3.4648046,1.0471663,4.9756255,1.9118216,-2.4011483,1.6798446,0.9117861
2.127697,8.648649,0.9827409,4.977275,1.850349,-2.385515,0.70038676,0.08681244
2.8906205,5.9992514,1.0145235,5.0069404,1.8148878,-2.3878977,0.61223066,0.0043780208
1.8494366,6.407689,1.0102339,5.0452647,1.7684464,-2.3165371,0.23243928,0.05903721
1.8610078,7.1830225,0.99579775,5.037051,1.7737541,-2.3120825,0.34932053,0.08333182
1.8229451,7.2481794,1.0381789,4.9663677,1.7687094,-2.3234763,0.0514673,-0.12693864
2.0969634,7.688041,1.0548558,4.8905115,1.8144813,-2.3854022,0.058226585,-0.32149774
1.1051116,8.001961,0.636238,6.671056,0.9381411,-1.5384967,0.3004514,0.36266434
1.2341332,7.793676,0.6306282,6.6920967,0.9117346,-1.5553595,0.38566732,0.29414082
1.2124269,4.1797686,0.60874784,6.632893,0.88982034,-1.5120225,-0.006811142,0.18113428
1.2586417,4.4754,0.65317607,6.600336,0.92871547,-1.4838529,0.34457552,0.47704434
1.6000502,8.24413,0.6804631,6.5677633,0.91849947,-1.5124282,0.16982508,0.52270484
1.6780381,4.7041593,0.5281378,6.6412725,1.0005302,-1.5560094,0.3347596,0.51559746
1.9259491,7.8892045,0.48666584,6.6448145,1.0349963,-1.493921,0.75902236,0.52452135
2.5830076,7.6216383,0.5629797,6.5670543,1.0128448,-1.5088999,-0.41697907,0.7612858
1.5165653,8.756242,0.5628364,6.5100803,0.99342823,-1.5370533,-0.22301227,-0.12819278
1.6139413,6.0822654,0.6633105,6.448518,0.9965308,-1.5379407,-0.3444261,0.09072119
1.1958063,5.919023,0.69731855,6.4236965,0.99081063,-1.546115,-0.4199447,0.26203835
1.0081487,4.424799,0.68969965,6.496544,0.99397254,-1.5663223,0.42666924,0.14872181
1.1351867,5.6913366,0.6716646,6.663354,0.98122716,-1.5565099,0.10813737,-0.14885893
1.1272466,5.369149,0.707721,6.6627417,0.88040495,-1.5492965,0.05689168,0.072725594
1.3002555,4.670545,0.6839098,6.6853685,0.78873444,-1.417593,0.97363925,0.30651104
1.2191794,3.4903977,0.64529085,6.8254285,0.7718606,-1.3984702,0.50359213,0.5317205
1.349123,4.9471455,0.5699631,6.843811,0.7573011,-1.361838,0.8743949,0.5499214
1.1770978,4.3575253,0.57886016,6.710216,0.81913185,-1.3663863,-0.15158093,-0.021712303
1.0344374,2.4981017,0.6523502,6.660865,0.7644019,-1.3561301,2.6819267,0.54165626
2.9695568,2.9911203,0.63103914,6.695212,0.78076196,-1.3527169,2.5290759,0.4139284
2.9275107,5.7398195,0.5474286,6.795461,0.8018091,-1.3184735,1.6265059,0.61936533
0.8742434,3.7239978,0.5674293,6.736623,0.8163872,-1.3396811,0.835858,0.50020456
0.83033866,2.8385172,0.62179327,6.8326464,0.8136964,-1.4826784,2.1446261,0.34664977
0.82720923,2.737845,0.6205125,6.817206,0.8176694,-1.4510711,1.516309,0.25899094
1.1175332,3.4809952,0.66025877,6.7309217,0.7761972,-1.4349029,2.883889,0.6915716
1.6510905,5.342322,0.6677313,6.6793437,0.7512541,-1.3582059,2.8663785,0.76657367
1.3939105,2.2107055,0.6650593,6.695574,0.7621908,-1.3463802,1.514492,0.41927224
1.0674801,2.9830544,0.6941465,6.684325,0.76166034,-1.3574011,0.9421648,0.42493993
0.9697349,3.1102571,0.7442622,6.5796185,0.7642567,-1.3605034,0.62101436,0.4220038
2.0540242,4.738874,0.7627921,6.5109744,0.7573054,-1.3068805,0.7876797,0.4249425
2.21167,3.1373835,0.80134416,6.495104,0.75089765,-1.3173678,1.512366,0.23370904
1.8130515,4.5857,0.85567546,6.5145226,0.7242234,-1.3132312,1.446964,0.78276014
1.7194854,2.686301,0.85541606,6.4814377,0.74922943,-1.2989111,1.6534111,0.45530754
1.8336194,4.617031,0.88528323,6.3856306,0.70975447,-1.2796721,0.9878619,0.5007572
2.3571851,4.6866465,0.83578146,6.4477315,0.75190043,-1.2490742,1.393101,0.504382
2.2032058,3.9737606,0.82864034,6.456355,0.74266577,-1.3078446,2.7409487,0.896165
1.9888124,5.1758075,0.8371489,6.493268,0.7627702,-1.3737869,2.7635367,0.7058872
1.6016669,4.9269147,0.8354287,6.4770246,0.77207875,-1.3976717,1.9199862,0.40920067
1.4490216,3.0849333,0.84244263,6.437578,0.7636087,-1.3408816,-0.03395492,0.6267308
1.4438002,2.4661753,0.88724494,6.430137,0.7462168,-1.2850516,0.058854222,0.4144212
1.8308661,3.6714888,0.7765243,6.6068516,0.6997225,-1.33068,2.5933664,0.60802317
1.4406886,4.16869,0.6345128,6.6201873,0.6941688,-1.2938731,2.0695007,0.4178657
1.2607031,3.201931,0.7518501,6.650586,0.69467974,-1.2847071,1.8022757,0.6198199
1.7012297,3.8045535,0.6990342,6.7078285,0.665993,-1.3172483,2.0960274,0.4283992
1.4685848,4.6370716,0.5872228,6.72007,0.73223114,-1.3366488,0.17755735,0.47915447
1.2916343,4.79517,0.6011661,6.770879,0.71574116,-1.2756231,0.9301914,0.49299026
1.7560086,3.2592,0.7034085,6.6870995,0.7087672,-1.2677097,0.87181723,0.5493107
1.3327518,4.92496,0.7451668,6.6788483,0.7206843,-1.2715105,0.5027716,0.51193
0.8653971,2.1276367,0.6948576,6.6064224,0.8245621,-1.3669164,0.10662043,0.49541014
0.98351705,2.001932,0.7050204,6.604783,0.82257795,-1.400873,0.4539287,0.72332704
1.3429873,2.0175781,0.6056944,6.715852,0.8912158,-1.4265151,0.8344549,0.8680984
1.6124582,9.688334,0.5830909,6.5710006,0.88935304,-1.3928635,0.8413919,0.6931654
2.0763052,8.2442,0.578166,6.671507,0.8743472,-1.4602222,2.66059,0.91791785
1.4621179,3.7539577,0.6557838,6.61742,0.8739319,-1.4514909,2.5444121,0.9205626
1.7145793,7.323282,0.63354707,6.655414,0.8769798,-1.4388719,1.5691721,0.94080925
1.4312825,2.8874831,0.6923275,6.647222,0.8599751,-1.4344915,1.4626455,0.9142561
1.2145524,2.5169883,0.715518,6.574175,0.83365846,-1.4143567,1.6746008,0.85648584
0.84377563,3.3903217,0.69534373,6.6695423,0.8882756,-1.4666991,0.9642724,0.6329851
0.9345819,2.0991163,0.66298294,6.602796,0.9093945,-1.4663212,2.5025744,0.9198725
1.0732992,2.407297,0.7205055,6.5763206,0.90378404,-1.4660904,0.5512836,0.24923587
2.1304445,5.6657906,0.7215016,6.491067,0.9184978,-1.4753044,1.1001811,0.5449867
1.2648224,3.208431,0.7152853,6.479167,0.9063206,-1.4700503,1.3336499,0.54435456
1.4031801,2.7437367,0.7540052,6.478614,0.90182376,-1.4728513,0.7505317,0.5160513
1.3679713,4.727232,0.7588122,6.3494234,0.95482326,-1.4368675,1.2697878,0.5508499
2.1719587,7.247578,0.76461816,6.409622,0.87829113,-1.4445822,2.0740316,0.69878614
1.3748665,3.2655528,0.7738693,6.428689,0.9283109,-1.4409244,0.4367386,0.7021663
1.3073537,3.1312625,0.7371104,6.546831,0.93622065,-1.4585907,0.5171665,0.8534441
1.6154414,6.6469784,0.585804,6.482947,0.94576764,-1.5438528,0.27511,0.19815052
1.4338802,7.1570473,0.6440027,6.5304217,0.9499028,-1.5414746,-0.1870603,0.08293164
1.5568668,4.4617167,0.6653025,6.5421324,1.0104175,-1.5547259,0.06065452,0.884076
1.9529872,4.2756853,0.6897981,6.516256,1.0037606,-1.5794883,2.8168318,0.49033117
1.5996156,3.2768526,0.65293765,6.571952,1.0168386,-1.5422258,2.2020931,0.45918512
1.4755309,4.9837637,0.51797295,6.7082653,1.07423,-1.6135566,1.6036413,0.66657686
1.9211303,4.9685154,0.46230972,6.711336,1.0200193,-1.5442618,2.6934419,0.59781194
1.3786622,3.9588695,0.491588,6.823264,0.9959624,-1.5690248,1.5185676,0.54205334
1.1654845,6.0959916,0.4320283,6.820195,1.0372393,-1.5711514,1.1318021,0.5295782
1.1381309,6.13928,0.36796093,6.9306192,1.0444267,-1.6356506,2.6683922,0.5433706
1.1799335,4.893935,0.43934798,6.939606,1.0076301,-1.6314335,2.3511498,0.795887
1.0212488,5.0980215,0.46836317,6.9886274,1.0560231,-1.6619465,2.5538187,0.63321424
0.83593506,7.424826,0.54630446,6.8032737,1.0593235,-1.6424912,0.7422373,0.9139972
1.063482,7.538058,0.5358629,6.829747,0.98446035,-1.5808756,1.8474925,0.2428599
1.1818348,7.146132,0.5221033,6.7499447,0.99061036,-1.5792608,1.4103706,0.72687495
1.4246044,6.8921275,0.50501513,6.8047132,0.9726229,-1.6191945,2.686354,0.91428614
2.0848773,6.7936335,0.4962778,6.876809,0.9068141,-1.5204524,1.3873844,0.8633187
1.9625655,9.271584,0.50013995,6.8096232,0.94703484,-1.5229615,2.6576588,0.8906276
1.1142664,9.271381,0.51981616,6.841644,0.93104863,-1.4779904,1.0089543,0.7816173
1.5143611,9.070392,0.48693335,6.7907743,0.90958786,-1.5204664,2.356417,0.46738088
1.8561642,4.456648,0.43710697,6.783042,0.9203942,-1.4854436,2.6646354,0.4742486
1.695394,5.697426,0.52119684,6.801054,0.90895915,-1.4777153,1.683032,0.7339804
1.8131146,4.7879076,0.5011827,6.796759,0.9112642,-1.5008793,1.3846328,0.3463781
1.6976994,2.9368844,0.51947534,6.755569,0.93995595,-1.5078821,1.414387,0.509094
1.7033814,5.594913,0.51964974,6.788628,0.9534745,-1.5443907,2.415121,0.20867169
1.2615054,6.7583733,0.5504234,6.754706,0.93848944,-1.5444,2.3842003,0.76247406
1.1127608,7.3554173,0.58537936,6.770705,0.9050262,-1.5462625,2.6127026,0.68462324
0.9792967,4.6769,0.5906849,6.9134417,0.90561485,-1.5622326,2.3628128,0.9186995
1.3686879,8.084801,0.5551367,6.893386,0.94549847,-1.5743959,2.8409333,0.91441846
1.186554,4.8337803,0.4996307,6.9742384,0.9288287,-1.5038557,0.8623855,0.29349846
1.5348318,5.2409563,0.40008307,6.9036903,0.88870144,-1.4847417,0.9417517,0.58780336
1.1007519,5.157386,0.47805667,6.982112,0.8419533,-1.480363,1.4582438,0.414239
1.3211584,4.8437967,0.51601887,6.911166,0.8637991,-1.45783,2.6357324,0.764349
1.5809817,5.423579,0.5296185,6.7426043,0.86859894,-1.455279,2.8737895,0.47299635
1.2946181,3.1708982,0.682219,6.6976624,0.85928607,-1.4608068,0.81266034,0.5898845
1.2046318,2.8422482,0.6719227,6.7587624,0.7735591,-1.3485428,1.2428463,0.4738856
1.4181678,3.0166523,0.7647195,6.6966558,0.74054074,-1.3590269,0.8292557,0.54407716
1.3575759,3.8846784,0.754853,6.5525904,0.77158785,-1.3543553,0.5219697,0.65366006
1.8540691,2.3647323,0.78524864,6.476215,0.7887435,-1.325134,0.34284747,0.12696153
0.9984807,2.1695926,0.73361874,6.5659537,0.75378585,-1.308491,0.06429064,0.12386519
1.0315508,2.4471889,0.7721405,6.5808153,0.76772,-1.3490084,0.4921633,0.13695168
0.98647094,2.5056028,0.7752631,6.582678,0.7453346,-1.3589532,2.4929314,0.58254576
0.98770136,2.3584633,0.7876605,6.594148,0.7520628,-1.3763561,2.1282911,0.5350728
1.8246459,4.476824,0.7321706,6.570818,0.8299084,-1.3730435,-0.46164662,0.52924037
1.8378919,2.395423,0.6561872,6.6642528,0.81160164,-1.377089,2.3637412,0.36916018
2.0343947,4.837574,0.5502882,6.6745205,0.8428571,-1.3810892,0.067310214,0.6119001
1.0039198,4.94076,0.55843925,6.8122606,0.77446556,-1.4293652,2.9832988,0.5747361
0.757208,4.268303,0.59833336,6.8552794,0.8386364,-1.4029839,2.9719996,0.8556583
1.1003301,2.6913416,0.5653026,6.990703,0.72412395,-1.375905,2.5687237,0.78860176
1.0364584,3.3349319,0.56605995,6.991657,0.68328595,-1.3391035,2.6888556,0.49814987
1.1803515,5.1138325,0.54351866,7.0216923,0.68688583,-1.3510981,2.1357665,0.6506176
1.3229218,6.431984,0.56246614,6.924754,0.7341168,-1.3468869,2.3982425,0.6317625
1.0890286,3.6365213,0.519861,7.0485153,0.7483928,-1.3822372,1.3742139,0.5988405
0.8758178,3.8791971,0.43371642,7.228487,0.7689543,-1.4050417,2.8506675,0.7531563
0.9781932,3.402327,0.34086347,7.2560434,0.74833584,-1.3694977,2.4831862,0.696175
1.0321403,4.5818267,0.3146069,7.250175,0.73764133,-1.3648598,1.947887,0.5816145
1.0432315,6.2450247,0.2501309,7.285923,0.71710896,-1.3308911,2.7012475,0.6712074
1.7277164,6.565574,0.24351156,7.3360567,0.705709,-1.3576648,2.7710443,0.7876257
1.5247092,8.763964,0.24905014,7.552742,0.6700494,-1.3834023,0.9362693,0.66422105
1.1792339,8.938309,0.34246457,7.2477098,0.7590811,-1.387874,0.29101384,0.3974923
1.1580498,4.6293755,0.28299642,7.2232275,0.7606368,-1.3452576,1.5315921,0.41732532
1.4908926,7.553496,0.2775272,7.2815857,0.7393031,-1.3483229,1.4245191,0.5603148
1.8434312,6.315511,0.2634883,7.156846,0.7302151,-1.347425,2.3762867,0.6757431
1.9971167,8.619623,0.3319919,7.153095,0.73097825,-1.349817,1.8796864,0.69549763
1.529015,3.8287284,0.34861434,7.064738,0.7554743,-1.3775342,1.8439589,0.7505579
1.1338384,4.1264915,0.38139105,7.017615,0.77601314,-1.3543699,2.3258257,0.4919716
1.8781886,3.4148078,0.40334928,7.068812,0.8430991,-1.4345272,2.754234,0.56783485
1.8152766,3.728116,0.3534025,7.0643673,0.7950537,-1.4634724,2.475966,0.5686588
1.2254832,8.972779,0.2554431,7.1037703,0.87954736,-1.4367197,2.3044155,0.8400575
1.2438956,3.4325612,0.24632502,7.211844,0.8648474,-1.4447865,1.8483343,0.7040688
1.5858247,6.426548,0.24617743,7.1176667,0.8585894,-1.4386687,1.7580454,0.56641734
1.230686,9.589678,0.35006547,7.239064,0.90110826,-1.5029899,0.61463475,0.57315946
0.8788942,4.5939417,0.36489797,7.2125683,0.9066081,-1.4876204,0.5116867,0.7282753
1.0799448,5.653885,0.3452679,7.143371,0.909503,-1.5008453,2.3183513,0.6567135
1.0612574,5.7620025,0.34843516,7.0769377,0.89569974,-1.5059792,2.5458086,0.6220633
1.0879841,6.149993,0.41383064,7.131859,0.8731315,-1.5441911,2.5249996,0.49834877
0.89289737,4.895014,0.46037054,7.0851703,0.92897415,-1.5494359,1.7078154,0.7389473
0.8632825,6.5004215,0.46307778,7.2021704,0.91750526,-1.5583616,1.6619811,0.6351273
1.512049,7.911039,0.39228582,7.1300297,0.90769553,-1.5722529,-0.11370158,0.7862668
0.9344209,7.368867,0.23571682,7.30493,0.9150679,-1.4875183,2.5301733,0.7151668
1.1177361,7.4939494,0.2349397,7.2652755,0.8879094,-1.4515239,1.0823584,0.87625706
1.0219619,8.018829,0.16153383,7.3740735,0.8852494,-1.4713283,0.62602854,0.3263601
2.2249622,2.202686,0.15911674,7.26087,0.9531424,-1.472581,0.23485637,0.4539591
2.7334518,9.995043,0.21445084,7.088059,0.9293132,-1.4780042,-0.10103905,0.8555769
2.7512295,2.2107167,0.35136604,6.970232,0.8892615,-1.4330122,1.3515654,0.5516417
2.8042302,2.3490357,0.245489,7.0663314,0.8595793,-1.3815304,0.31770134,0.48356223
1.1307806,4.154849,0.22309482,7.260857,0.85985684,-1.4528131,0.5272925,0.5046592
1.4840449,6.983889,0.20800924,7.2763925,0.88647556,-1.488184,1.1747448,0.6940627
1.3015711,8.721665,0.20977044,7.3091893,0.88399696,-1.4662439,1.7433593,0.745152
1.4617687,5.872257,0.24459052,7.129019,0.8969796,-1.4738678,0.9554316,0.73237467
2.9893997,3.1214464,0.21461892,7.1621957,0.89255214,-1.4174912,1.8172514,0.27123356
2.7585752,2.4153275,0.21981037,7.2080154,0.88231826,-1.492018,2.8472548,0.8059766
1.2808671,8.214695,0.3123927,7.1586084,0.8243599,-1.3903596,2.6435378,0.07767117
1.4083389,6.0904255,0.26016617,7.127888,0.8627763,-1.4428077,2.0137014,0.18156958
1.3373673,2.0644772,0.11781287,7.2584124,0.84499097,-1.454598,2.3907464,0.8421626
1.3470535,2.9098997,0.13235939,7.224997,0.8605015,-1.4217367,2.088239,0.8094728
1.1893198,2.7129095,0.12864316,7.2867,0.8269801,-1.4095638,0.2370466,-0.0378941
1.1215389,7.305622,0.13847387,7.445767,0.865659,-1.3928457,-0.0050269365,0.4593587
2.864239,7.9599676,0.109962344,7.3031464,0.80966973,-1.3458967,0.0026466846,0.33851135
2.8385158,8.818024,0.08047092,7.324964,0.8351004,-1.3586469,-0.537701,-0.07780057
2.8653193,8.913837,0.12269223,7.349139,0.76337075,-1.3601825,-0.42959982,0.096517324
1.8990192,8.86994,0.13719249,7.354364,0.7519133,-1.3703346,0.025836945,0.22530878
2.064781,5.9853067,0.21201074,7.278502,0.74804044,-1.356545,-0.18380004,-0.11020285
2.469026,2.1735425,0.08880758,7.2989326,0.75164175,-1.2795184,-0.040492773,-0.057745844
1.2026095,2.129256,0.12232828,7.2754073,0.6577923,-1.2659208,-0.3752271,-0.47941706
1.4963028,2.5006301,0.05771506,7.4332733,0.6827111,-1.3061128,-0.5998296,-0.47690666
1.5208149,3.639614,0.1208204,7.225996,0.7141459,-1.2758713,-0.2694047,-0.4904769
1.4193488,6.302541,0.13612998,7.250277,0.7180195,-1.2022809,-0.41225255,0.47760725
1.5368501,5.804096,0.2153542,7.395082,0.6098542,-1.2048014,-0.24662381,0.25088036
2.1525373,3.1754398,0.14315832,7.3722034,0.5929334,-1.1867495,1.4355268,0.6080693
1.9887645,6.4821258,0.07014322,7.3098187,0.5820255,-1.1088527,2.330707,0.6609149
1.9091414,5.715601,0.09376025,7.3585663,0.5927713,-1.1427765,2.0046527,0.6128588
1.9135422,8.973373,0.13969302,7.425512,0.56470466,-1.1480001,2.489419,0.8817358
1.017812,3.471593,0.10961795,7.455006,0.5601578,-1.1274537,2.6218033,0.6321739
1.2217505,5.4051714,0.12547159,7.455818,0.5594592,-1.134989,0.27570355,0.660962
0.8590447,4.279542,0.17520761,7.6858625,0.5562496,-1.2184882,2.4669883,0.9959233
0.9935009,4.032458,0.17034256,7.5781527,0.579931,-1.2236862,2.0970223,0.99484324
0.746764,2.6058514,0.114151835,7.6384153,0.5722327,-1.1942377,2.4082596,0.8691044
2.7631965,3.028337,0.092217445,7.5169287,0.5920272,-1.1922458,2.687492,0.584615
2.3526788,8.81782,0.017885208,7.608043,0.57396984,-1.2357771,2.6204867,0.45569026
1.121843,4.8829775,0.01554203,7.5943203,0.683383,-1.2170472,0.5221958,0.682904
2.0937366,3.913282,-0.10197592,7.654027,0.68109775,-1.2554934,2.144717,0.6383817
2.2082987,8.695944,-0.092974305,7.6984906,0.6645913,-1.250846,0.7213123,0.5971345
1.303478,3.6154153,0.028975487,7.5518823,0.69142747,-1.2530036,1.19385,0.7470453
1.3575256,3.2054954,-0.050586164,7.5725384,0.6147547,-1.2045711,1.3738775,0.46748424
1.2862825,2.8946915,-0.038537145,7.611061,0.59932184,-1.2078577,0.9248531,0.49526745
2.1288526,2.3321052,-0.103289604,7.5624075,0.6617253,-1.2146283,1.9848404,0.78626335
1.9465629,8.869821,-0.10063803,7.5708756,0.63087535,-1.1785737,0.60511637,0.5645287
1.4643613,2.4277096,-0.056740224,7.5556097,0.66276884,-1.2252712,1.0303054,0.38340735
1.9326574,3.4895184,-0.13062263,7.6077075,0.6454694,-1.2446662,1.5350361,0.30509633
1.6541995,6.7429304,-0.06771958,7.687676,0.6483655,-1.2234483,-0.43564117,0.49779606
1.8073589,6.8629775,-0.0051158667,7.5054693,0.6977246,-1.2444227,2.0153377,0.82854307
2.2946935,8.74119,0.059057236,7.542201,0.68185234,-1.2872434,1.4930081,0.49229693
2.055684,7.8711624,0.8706114,5.3540344,1.8123629,-2.3626366,-0.3089419,-0.22839713
1.6020162,8.448019,0.8928664,5.23257,1.8663781,-2.3945155,-0.4834001,-0.11590776
1.6298572,9.122068,0.89869714,5.2872,1.8628685,-2.4871411,0.033929348,-0.13292283
2.0987678,6.4634013,0.8988445,5.2443447,1.911428,-2.538129,-0.02159965,0.19277894
1.3910131,7.766184,0.959015,5.1473465,1.9567273,-2.532054,0.89615405,0.52388763
0.83085084,9.620629,0.9424863,5.082615,1.9429059,-2.5205588,1.3377037,0.17642081
2.747761,2.4841456,0.96288586,5.035982,1.9504604,-2.509326,1.1267419,0.22281408
0.7834172,2.5430746,0.9528198,5.1512194,1.9608603,-2.5502388,1.6463304,0.6827166
2.6784093,4.801145,0.93342733,5.157517,1.9703865,-2.5480618,2.1395116,0.02277422
2.9119422,5.0931554,0.9862391,5.0660653,1.954031,-2.4928992,-0.21465558,-0.31692538
2.151475,8.681685,0.89471126,5.1619616,1.9439554,-2.496228,-0.20608872,-0.25196472
2.0075955,8.120356,0.8854494,5.151803,1.9599693,-2.5249374,-0.2177918,0.08247113
1.6729708,7.6330237,0.9525051,5.2374153,1.9572332,-2.5518408,-0.5028893,-0.22585884
2.6228933,8.681302,0.9223523,5.3237796,1.9737296,-2.5714128,-0.39139152,-0.3455879
2.4232297,8.280296,0.926041,5.272588,1.9936604,-2.5590758,-0.8564434,-0.379372
2.6694317,7.575369,0.8972784,5.3171597,1.9938331,-2.6010733,-0.23048186,-0.26845354
2.6300926,8.33498,0.8717737,5.404601,1.9837201,-2.634122,0.82874143,0.05529213
2.4825783,5.468643,0.7678466,5.404657,1.9600952,-2.4850423,0.31569266,0.45868158
1.6690934,4.310411,0.7607882,5.5396466,1.9446273,-2.5182223,2.0563185,0.3684225
1.2021657,6.0750265,0.75207114,5.578424,1.9459674,-2.52482,2.70313,0.6399113
1.9426745,6.6929812,0.7146765,5.6692266,1.9662392,-2.5394526,1.4682357,0.7435005
1.6372161,7.2954345,0.775077,5.692041,1.9692388,-2.5555365,0.9860734,0.42554855
1.4412134,8.545064,0.7336807,5.49906,1.9828618,-2.5965326,0.5348487,0.3476087
1.3067627,8.484701,0.84596014,5.510372,1.9840479,-2.6542132,0.13344538,0.10723996
1.2948232,9.243211,0.7828033,5.479248,1.9902799,-2.6649423,0.22645772,0.33791935
1.4057229,9.28446,0.7372329,5.9165487,1.9505353,-2.6523874,-0.18634069,0.17776793
1.0799917,9.504326,0.6625674,5.779649,1.9503102,-2.548524,0.9009774,0.5951797
1.4905822,7.6297736,0.6791332,5.833685,1.9241347,-2.588115,1.2913957,0.64502335
1.3842403,9.279474,0.6655295,5.950821,1.8802626,-2.5143144,2.4779167,0.6073352
2.025496,8.304699,0.60006285,5.9418154,1.939352,-2.501555,2.0531332,0.6570717
2.05303,4.2667336,0.6132939,5.916959,1.9324017,-2.5581632,1.9697871,0.3214692
0.8493248,5.274168,0.6323285,5.921715,1.9265106,-2.5167916,2.0142536,0.7156342
0.99440217,7.336318,0.6324959,5.977148,1.9307206,-2.4763455,2.302153,0.582381
2.425047,8.062547,0.69859934,5.9057884,1.882755,-2.4947648,0.6388718,0.61287665
2.583467,7.510786,0.7066498,5.7759724,1.8576839,-2.4107714,0.50561225,-0.106084615
2.1142375,6.6122575,0.7615371,5.7885294,1.8183625,-2.4532835,2.7047157,0.6851002
2.3050318,8.006533,0.72449946,5.86021,1.7862062,-2.379438,1.4654639,0.5157908
2.3706346,9.750235,0.70483387,5.935093,1.7850065,-2.3896098,2.0293796,0.5150379
0.83875185,5.767164,0.69622684,5.848173,1.7655149,-2.3307762,2.6460252,0.5967822
1.7918229,4.604456,0.7107191,5.7787123,1.8189034,-2.3615336,2.7660546,0.5811074
1.4457042,3.7519042,0.6980336,5.777527,1.7854242,-2.3408363,2.7830954,0.3695863
1.4051094,3.6419792,0.7298515,5.8083467,1.7802362,-2.3430178,2.8046172,0.7005913
1.7950749,4.4635725,0.70720553,5.8830185,1.7880371,-2.336916,1.778769,0.71606123
1.230999,6.5285673,0.7022636,5.795292,1.8307316,-2.4166737,2.1287668,0.36295438
0.889198,7.4167404,0.7401289,5.7709055,1.8487587,-2.4346664,1.311903,0.3772546
0.8287963,4.599972,0.7821791,5.7166853,1.8252099,-2.4566102,1.769239,0.5671221
1.3528508,3.3778791,0.69889784,5.7465525,1.8701348,-2.4039478,-0.2144748,0.18435752
1.1924435,8.562614,0.6795521,5.7541857,1.8504107,-2.4159193,0.035405397,-0.06152612
2.6730888,8.93359,0.7113342,5.843,1.8432658,-2.438965,0.02629304,0.18287873
1.8433844,7.623007,0.7163216,5.7599516,1.8413875,-2.43009,0.17746544,0.1354208
2.059442,9.942735,0.7407577,5.6928515,1.8524182,-2.4226425,0.20084178,0.12452012
1.5301778,9.9874325,0.7148404,5.7027597,1.8636744,-2.443353,1.1261485,0.51711
2.4999938,2.33115,0.7059357,5.8408036,1.8730683,-2.482834,1.3823276,0.5301969
2.285011,7.743754,0.7124791,5.7963076,1.8835316,-2.545798,0.38640058,0.2587499
2.7835968,7.536776,0.7663151,5.7076416,1.9648952,-2.5353193,1.6163962,0.47212052
2.1280417,8.822458,0.7187562,5.7643166,1.9160504,-2.5102649,1.7154491,0.3360306
2.034483,8.329201,0.7023747,5.769103,1.9407475,-2.5479422,0.71632874,0.5044031
2.1081085,9.129402,0.6894214,5.784152,1.9187689,-2.4861846,0.5224879,0.33386636
2.388302,8.587962,0.70924544,5.771693,1.9462199,-2.5269709,0.28602064,0.4013896
2.6665378,9.449037,0.6595652,5.795412,1.899517,-2.5142522,0.28822553,0.25032723
1.3482598,9.28404,0.6620015,5.9282722,1.9273539,-2.5793886,0.20580363,0.1528095
1.2352483,7.900921,0.6611855,5.878799,1.8599143,-2.4593012,-0.11353403,0.024577081
2.142805,8.2968855,0.59008074,5.9089704,1.8581519,-2.4641056,-0.090729475,0.05420345
2.190971,7.8262587,0.6079047,5.9257774,1.945318,-2.5130837,-0.070670545,-0.12510598
2.1985514,6.400639,0.6708095,5.943758,1.8555036,-2.4795647,0.94374645,0.31059313
2.3824584,9.658888,0.6542578,5.873056,1.8949883,-2.456171,1.4148524,0.34063017
2.4312923,5.99881,0.6346941,6.1375313,1.8617103,-2.460867,1.491452,0.36552685
2.5639946,9.644501,0.6654537,6.0639486,1.8558953,-2.466202,1.7194428,0.34690118
2.632548,2.3243313,0.6431303,6.006286,1.8080821,-2.3990085,2.2615354,0.5173452
2.3879914,2.5258145,0.6631131,5.9745345,1.8097057,-2.422405,1.6638637,0.40526664
1.5643376,6.025976,0.6709552,5.924305,1.8823872,-2.536395,-0.2716813,-0.15060467
2.8745086,4.9887323,0.6376493,6.041781,1.9245298,-2.5535657,0.41686678,0.11722183
2.1835647,8.506664,0.6811918,5.964128,1.9290895,-2.550326,0.3479222,0.1511482
2.313671,9.735591,0.6600709,5.8000803,1.9809685,-2.5435066,-0.13305533,-0.04568559
1.7940007,9.779181,0.6671829,5.690814,1.9027715,-2.5417137,0.08507693,-0.0078418255
2.5292416,9.730857,0.68476343,5.8514175,1.8573399,-2.3731403,0.27335465,0.019717813
2.1333785,9.111778,0.71227837,5.642869,1.9193499,-2.4550953,0.4724697,0.53253925
2.7682962,9.694333,0.75711477,5.714373,1.9495885,-2.5356803,0.3809291,-0.22278947
2.7394488,7.9079742,0.6696131,5.727893,1.9441845,-2.4455354,-0.058960497,-0.24053034
1.3868281,6.9643135,0.7747934,5.599749,1.8913918,-2.461957,-0.8017585,-0.48736936
1.3569717,8.050938,0.7883117,5.678197,1.8509734,-2.4382677,-0.8125734,-0.4303144
2.2515848,7.764701,0.7496798,5.663638,1.868835,-2.4497461,-0.5918596,-0.43759373
0.98043007,7.9276643,0.82915604,5.7083554,1.8562448,-2.487395,-0.31662846,0.27759075
2.5326366,6.281054,0.69361997,5.6640368,1.8995497,-2.4160223,-0.3696689,-0.40380266
1.6542174,6.916845,0.70242095,5.621949,1.9320347,-2.4962423,0.54932797,0.069340885
1.2928853,3.7933407,0.6871047,5.5865526,1.969722,-2.476401,0.32115638,0.014872968
1.7013106,6.7354875,0.6810734,5.6087036,1.9882808,-2.5493176,0.27187574,-0.3652663
1.9263874,8.785069,0.7187731,5.7093496,1.9913509,-2.5762124,0.28418684,-0.15405393
0.8091701,6.712228,0.7239542,5.79688,1.9910402,-2.5760157,-0.1963625,-0.13693142
0.9813975,9.711212,0.6969228,5.6303873,1.9924963,-2.5882225,0.55981386,0.08635211
2.9245331,4.717457,0.6979077,5.745537,1.9877946,-2.549689,-0.20062786,0.006378293
2.6168659,9.222378,0.7411785,5.750251,1.9550319,-2.5416677,1.5694575,0.030605078
0.82070255,8.9735985,0.74642205,5.7745943,1.9356837,-2.5514655,2.352982,0.9386643
0.69911087,7.3178244,0.7323153,5.8809204,1.9595132,-2.538178,2.0281773,0.8853098
0.7058132,7.7396736,0.6680753,5.9584618,1.9428167,-2.5330606,1.1010845,0.46105802
1.2413814,6.7281733,0.5951587,5.923383,1.9524221,-2.5394135,1.7585704,0.3410626
1.3405402,7.821629,0.6394801,5.9503107,1.9122303,-2.472691,0.3224132,0.31917298
1.690057,8.520163,0.64269876,5.760188,1.8956947,-2.4446888,0.3907485,0.31544375
1.4694723,8.235919,0.6497536,5.7567296,1.8627269,-2.363496,2.1632283,0.5204526
1.4398854,7.606245,0.6526252,5.8466682,1.7795866,-2.3566818,2.8773365,0.6653638
1.1577504,7.016885,0.6824844,5.804312,1.7936358,-2.3164697,1.8069744,0.5863693
1.7766259,3.8543606,0.66595984,5.8357086,1.8197203,-2.3473177,0.7243209,0.5539042
1.7515658,3.5716703,0.6407827,5.8962445,1.7809408,-2.3285866,0.8117373,-0.07022169
1.7751603,4.913209,0.65273976,5.8351455,1.8322878,-2.3645673,0.3890816,0.3073696
1.0276766,5.5056496,0.6993706,5.8350935,1.8130543,-2.3870502,2.4146342,0.5912012
0.9034071,6.5889363,0.69921756,5.93722,1.7769334,-2.2999883,2.2943454,0.6574918
0.9062929,7.1611524,0.67093945,5.8653297,1.7583499,-2.321129,2.3133707,0.5383469
1.8548229,6.8396835,0.66851664,5.9540777,1.7121172,-2.3014452,1.3897269,0.5187814
2.1555977,7.52421,0.721611,6.032652,1.6651738,-2.2692297,2.1016877,0.51713073
2.7126915,9.350338,0.6554748,6.0484886,1.6714337,-2.3022962,1.9677634,0.57682216
1.7310778,2.0108178,0.70211697,6.0426283,1.6148188,-2.160322,1.7698238,0.7561252
2.1027348,2.0710897,0.67862964,6.020182,1.6200941,-2.1649418,0.6914555,-0.08410066
1.6304064,8.495433,0.66848135,6.0192127,1.6041574,-2.2289305,-0.37376565,0.088870764
1.0702431,8.564498,0.6315688,6.3019953,1.5478599,-2.2482631,0.2819153,0.14821762
2.901126,9.528449,0.6900933,6.1236343,1.5633712,-2.1903265,0.76843333,0.14594907
1.7883617,7.322167,0.6771513,6.0022097,1.5674231,-2.1376967,1.5123477,0.3463058
1.4600295,3.217433,0.6803961,6.008237,1.5686584,-2.1453772,1.4396694,0.39590585
1.2743056,3.466611,0.710171,6.0202303,1.5309327,-2.099529,0.6333791,0.19469476
1.2892115,2.192373,0.7112868,6.024691,1.5043314,-2.09445,0.35563016,0.24926561
1.9086121,9.786243,0.6526524,6.0935063,1.4758205,-1.9950249,0.65243006,0.5963745
2.0026999,4.468664,0.7439778,6.0399923,1.4633842,-2.0319269,2.4062183,0.44394922
1.6508404,5.139008,0.7605473,5.958715,1.4583485,-1.9984751,2.2830532,0.6200441
0.9921268,6.760082,0.76120496,5.9457574,1.4261787,-2.0220437,2.028642,0.63401115
1.3382399,9.395517,0.7649883,5.9486566,1.4619904,-2.070341,2.6001759,0.61904454
0.92257214,5.923046,0.75911784,5.9868484,1.4741969,-2.084091,0.9055196,0.6126138
1.4697901,5.4790297,0.74017286,5.918679,1.5109913,-2.062736,2.552506,0.84776306
2.0175312,9.362654,0.7339549,6.015318,1.4714837,-2.083606,1.8317769,0.3156159
1.1672355,4.7540393,0.745193,5.952138,1.4587841,-2.0199025,2.1881716,0.64201343
1.3884084,4.758772,0.76597834,5.940583,1.4657857,-2.0472808,0.5623977,0.6950853
1.3899424,4.671291,0.771528,5.988122,1.445014,-2.0403252,0.8615329,0.21792817
2.392789,9.045889,0.6962676,5.9391036,1.4681678,-1.9833713,-0.11634886,-0.06740123
1.2967675,8.545771,0.7401881,5.93688,1.4669974,-1.9947115,-0.10797429,0.017408371
1.1694341,6.9739647,0.7391627,5.9634647,1.461359,-2.0420697,-0.06777221,0.16937149
1.0764875,6.472518,0.8311924,5.8360786,1.4665742,-2.1047266,0.2722963,0.64898086
2.9685473,7.00118,0.8008454,5.810172,1.465951,-2.0396981,2.6044161,0.40970027
2.8246417,6.1112204,0.7351899,5.916238,1.4423795,-2.0556571,2.3794143,0.44317663
2.6384225,5.4571013,0.74996364,5.826168,1.5141871,-2.0206115,1.491246,0.54230857
2.2287955,9.319321,0.7741529,5.8683176,1.499918,-2.0404181,2.2761197,0.57337236
1.2868941,5.7248907,0.7267442,5.9349785,1.4804783,-2.104186,1.8697901,0.45297372
1.1471236,7.773873,0.73616767,5.9075975,1.517946,-2.0468225,2.5342374,0.5238831
1.6442662,9.16836,0.7779207,6.0551987,1.4158785,-2.076675,2.5779238,0.78643405
2.3409417,8.880255,0.743062,5.9048862,1.4849734,-2.034867,2.9106407,0.8215052
1.8643132,5.314041,0.75690174,5.861326,1.5449882,-2.0274637,2.0822148,0.681447
1.1433831,8.760006,0.7601507,5.9203815,1.4656825,-2.0600147,2.343468,0.6292473
1.111274,5.187863,0.75465703,5.9383707,1.5288126,-2.0858593,1.8345997,0.5030998
0.7490817,4.464449,0.7502365,5.87017,1.5321128,-2.0507016,0.8460723,0.48901057
1.36726,4.7991695,0.79467845,5.816533,1.5012865,-2.034912,0.9849,0.50010824
0.765314,2.2184396,0.82056785,5.7414684,1.5059259,-2.0042958,1.4763596,0.41200185
2.6902328,6.1440363,0.8427739,5.7035913,1.5257852,-2.0816035,2.930258,0.390023
0.96682316,9.535088,0.8574426,5.6648345,1.5353315,-2.1132097,1.9145348,0.39244318
2.5697098,7.2489657,0.87691545,5.678092,1.5388334,-2.1677094,1.2772248,0.50880146
1.6137729,7.0948043,0.96429753,5.5387354,1.5339565,-2.1069908,1.0946994,0.20727324
1.4252607,8.142622,0.9936727,5.504402,1.486532,-2.0580688,-0.07123768,0.24519444
1.481185,8.854942,0.9578731,5.4260845,1.513247,-2.0811567,0.22805059,0.047132492
1.3992308,8.995403,0.95102715,5.4555197,1.5197515,-2.13477,0.2416389,0.40760463
1.6334476,8.767846,0.94231534,5.431679,1.5286744,-2.0237918,0.8811313,0.5996909
1.8937169,2.674453,0.975893,5.4697313,1.570507,-2.1169143,2.7162795,0.19004214
2.1319375,4.4528427,0.86233044,5.7694845,1.4836843,-2.1238549,1.281281,0.37286556
1.3508852,5.351009,0.8676096,5.7437057,1.4592545,-2.0339184,2.718214,0.60425305
2.0212955,3.914465,0.8871683,5.672338,1.4674296,-2.0452254,2.9855702,0.561836
0.9926908,6.259349,0.88021994,5.5983424,1.5205109,-2.067992,2.9750473,0.48814654
1.852766,5.497058,0.84052515,5.7191467,1.5281956,-2.090385,2.827336,0.63674474
1.0447705,5.2360125,0.8241503,5.65825,1.5700877,-2.1013238,2.1126606,0.34070075
0.7488059,3.9618506,0.8448596,5.7078266,1.5840743,-2.107401,2.4725666,0.05046588
1.9823308,5.0845766,0.8084192,5.707464,1.6032372,-2.1143491,2.6772842,0.12336278
2.2055974,6.082056,0.7872684,5.7447667,1.6082327,-2.1614203,2.7336197,0.80363846
1.9847125,8.475534,0.8207811,5.6908417,1.583745,-2.181873,2.7621765,0.5274552
1.8445078,8.594619,0.82026315,5.6387386,1.6132073,-2.1245623,1.8583028,0.6784136
2.2816083,5.6565046,0.83837426,5.6261625,1.6272697,-2.211948,2.0432463,0.35344028
2.4998937,7.858577,0.9178535,5.58984,1.5905161,-2.138525,0.47656822,0.65250635
1.0658865,5.574134,0.959422,5.510422,1.5479031,-2.1704893,2.5737429,0.49126667
2.1209235,7.424745,0.9802234,5.49154,1.5520473,-2.076351,0.94983196,0.5253358
1.9941638,6.7334495,0.94874763,5.4962163,1.5285416,-2.0980651,2.3702815,0.8335303
1.6630216,4.01169,0.9513407,5.4161015,1.5442796,-2.077154,0.4108237,0.28608572
0.8800647,9.607078,0.96539295,5.459139,1.6017852,-2.1594267,1.4670227,0.67604613
1.1742554,7.0750403,0.9747267,5.361471,1.5242751,-2.1026435,0.9406704,0.5115185
1.4545512,9.847117,0.9439683,5.456481,1.5489662,-2.0939867,0.32810712,0.04984808
2.5477705,9.761191,0.9489342,5.390849,1.5099177,-2.0796773,0.1834606,0.037809968
1.7441372,5.9330864,1.0085132,5.3631144,1.5015736,-2.0962377,0.46732974,0.07867551
1.5128204,3.6564102,1.0359533,5.3280735,1.5283518,-2.1260858,0.9110218,0.13069093
1.0233381,3.456234,1.0327826,5.2979755,1.5422857,-2.125561,1.5747654,0.36405206
0.9551788,3.411104,0.98434114,5.3190136,1.581763,-2.1116786,2.7890933,0.6112305
1.7772403,4.5034313,1.0463328,5.319351,1.5562878,-2.123477,0.91305757,0.33451796
1.2316029,4.146014,1.0810192,5.152611,1.5600002,-2.0920825,1.0137212,0.14000821
1.0659835,4.9453173,1.0769498,5.1791143,1.5007579,-2.0641475,1.0064907,0.2573043
0.9418318,5.3249693,1.0902543,5.2152214,1.50881,-2.0922236,0.9148499,0.21526217
2.6669376,2.2325697,1.109407,5.176683,1.4911041,-2.0914454,0.90715134,0.4828735
2.907459,9.729481,1.105742,5.169779,1.5572457,-2.1155896,2.5435534,0.62349606
2.6440163,2.6136143,1.035192,5.234083,1.5725412,-2.1864479,2.7537742,0.18672925
2.168871,4.7812233,1.0383646,5.1582046,1.5754385,-2.0994039,2.141523,-0.012019873
2.402663,9.14587,1.0460873,5.220639,1.4966946,-2.0805135,0.24301672,0.011642754
2.6320798,8.594993,1.041394,5.2820697,1.5410054,-2.1265068,0.048886657,-0.006839514
1.4215124,5.384493,1.0266433,5.284554,1.5149417,-2.1231856,0.9760982,0.31246203
1.468265,5.17991,1.0108318,5.312275,1.5402446,-2.0518615,1.8389359,0.29494572
1.7549056,3.419477,1.0098727,5.431038,1.4981582,-2.096868,2.5487983,0.25455976
1.8656261,6.6074553,1.0129068,5.240059,1.4839427,-2.0478587,0.15240121,0.097525716
1.5733644,9.385305,1.0976362,5.240876,1.4393013,-1.9735968,0.7480447,0.050517082
2.3951902,5.6891394,1.0849438,5.283145,1.4360671,-1.9626819,0.4203241,0.018133283
1.3711545,5.468483,1.0816061,5.344096,1.4453695,-1.9646856,1.969048,0.05839318
2.0479522,9.099503,0.99565244,5.556468,1.405848,-1.9807991,2.1385884,0.52288306
1.9059677,4.502005,1.169292,5.651828,1.1168885,-1.6786268,2.6009552,0.94443655
1.4352562,4.558217,1.152324,5.691473,1.0751896,-1.6438155,2.6331189,0.1805036
1.568378,3.7520664,1.1846337,5.6264467,1.0746698,-1.6555586,1.6094995,0.28593493
1.909524,2.7425234,1.1453161,5.6870785,1.0873954,-1.6613915,1.3663483,0.5430788
2.0391517,4.831156,1.201951,5.5946574,1.0789335,-1.6667031,1.1684947,0.50502205
1.6438305,3.4425106,1.1695776,5.6905856,1.07584,-1.628165,1.7562366,0.61959875
1.5954199,2.8462822,1.1558414,5.651143,1.0736377,-1.657438,2.0532987,0.10787815
2.2490659,4.933593,1.1873682,5.6777325,1.0556993,-1.6195745,-0.09135568,0.28947878
1.8410288,2.6315396,1.2440491,5.621175,1.0773375,-1.6812744,0.51849854,0.4231125
2.6349041,4.8138814,1.1957088,5.5876822,1.0998969,-1.6681567,0.7359786,0.5452167
1.6794066,3.9465947,1.0950522,5.637506,1.1064885,-1.682784,2.498369,0.24850827
1.6671238,5.5577364,1.1089978,5.612258,1.13644,-1.7019721,2.3231916,0.46497405
2.1436224,5.654064,1.0526848,5.6390676,1.152569,-1.6908379,1.9806981,0.48136604
2.243595,4.1871386,1.0341718,5.713665,1.1290052,-1.7005519,1.2994151,0.33059132
1.2557795,3.8421407,1.027632,5.7943964,1.1620297,-1.7240963,1.3716505,0.28774202
1.2479236,3.3705199,1.0380104,5.75342,1.1514919,-1.705385,1.1298258,0.19400477
0.67084014,3.107173,1.0380378,5.775577,1.1316857,-1.6930907,2.4052007,0.34057873
1.5609684,4.771529,1.0912795,5.6887035,1.1471167,-1.7049605,0.6143873,0.1933136
2.0755281,3.6466942,1.0974338,5.6870413,1.1502323,-1.6912631,2.045975,0.7006885
0.9096047,3.3568087,1.1100862,5.613327,1.1286476,-1.6548213,0.8792665,0.28131557
0.9672551,3.0420377,1.0781283,5.735978,1.1177697,-1.6605296,1.0053163,0.5140811
1.0972487,3.986917,1.0763879,5.710476,1.0933363,-1.6447523,2.837522,0.4705683
1.3471966,4.2659426,1.0906267,5.6994324,1.187783,-1.7009443,2.386567,0.007249236
1.464893,7.5628266,1.0301003,5.7674856,1.1191707,-1.6792648,2.698754,0.07762563
1.4219825,2.3267336,1.0957403,5.5752673,1.1443896,-1.7263579,2.2845178,0.25676954
1.1696692,2.4381955,1.1563921,5.5216,1.2089345,-1.7273117,2.5532787,0.5556345
1.1600327,3.7653403,1.1551361,5.614293,1.1382442,-1.708454,1.0201867,0.3937205
1.969519,8.499653,1.1057351,5.572321,1.1358409,-1.7112992,1.1044388,0.145361
1.5731068,4.3470097,1.0892386,5.675169,1.1241598,-1.6871359,0.88198864,0.47230864
0.8128129,4.333992,1.1131926,5.896907,1.1178601,-1.6938818,1.7136734,0.3956461
0.9185753,9.194548,1.1588821,5.860574,1.1135104,-1.8065344,2.6407423,0.35984915
1.3150985,9.580061,1.1682713,5.8565216,1.111146,-1.7257552,2.4242892,0.4066807
2.1013157,2.4165683,1.1813164,5.5893145,1.2355294,-1.7998508,2.9571674,0.53623486
0.864318,2.3367126,1.1300709,5.440917,1.2437253,-1.7688429,2.4953418,0.38039756
0.84749347,2.216025,1.1410308,5.5090437,1.2122996,-1.8143588,-0.16535842,0.37440562
2.0451255,4.034112,1.1542847,5.504195,1.2349169,-1.8091488,2.9980073,0.36041814
2.3249378,6.0006876,1.10798,5.542492,1.2009366,-1.762411,2.6672864,0.44677222
1.2908908,9.439388,0.99333596,5.5838118,1.2167432,-1.7731863,1.4187427,0.50238395
2.9767103,9.2381,0.9688169,5.6189685,1.292057,-1.7600662,1.0736051,-0.18636978
2.071198,9.378184,0.9686322,5.7290545,1.2793612,-1.7517661,2.02114,0.9638413
1.3455861,3.013683,0.9569359,5.7833633,1.250952,-1.7456466,2.0516176,0.85538197
1.6667409,5.6903334,0.94307303,5.772024,1.2041497,-1.701109,2.2710042,0.20970249
1.410532,6.557064,0.95996857,5.7406607,1.2507045,-1.7816722,1.1476059,0.48152202
1.8262839,5.4627905,0.9215152,5.800289,1.2157676,-1.7811294,1.9825761,0.4044292
1.5483549,9.237501,0.93357825,5.770895,1.2440395,-1.815933,1.8050859,0.51037216
1.3830798,6.879455,0.87618184,5.8708086,1.2487586,-1.8072548,1.8707769,0.5009204
1.449922,5.639266,0.9219196,5.862333,1.254586,-1.8318058,0.6790285,0.47654116
1.4287121,3.2794583,0.9228039,5.887401,1.2966976,-1.9002848,2.1917872,0.5660393
0.69425404,3.3527546,0.9237206,5.950217,1.2647219,-1.891159,1.1150379,0.28534234
0.7464732,6.169721,0.93742776,5.9786305,1.2590401,-1.8143629,1.301404,0.19987148
1.0451702,2.763719,0.8906722,5.9322934,1.2735622,-1.8565823,1.2839916,0.35063577
0.77804774,7.3346944,0.9073808,5.845495,1.2840216,-1.8536891,2.8325431,0.5056752
1.6493697,2.237174,0.9444246,5.7983675,1.2793345,-1.8392571,2.8425019,0.77046967
1.0087788,6.5336957,1.0041072,5.796101,1.262222,-1.8165433,2.6798685,0.79751456
0.7692055,3.6916513,0.9774513,5.7278056,1.265224,-1.8018365,1.7573817,0.5930698
1.2227967,3.1631775,1.0417497,5.579035,1.2318769,-1.7903705,2.743715,0.17713779
1.9835224,4.7265663,1.1433444,5.4504414,1.1891665,-1.7398373,2.7313714,0.12842578
1.5633281,4.103553,1.1656692,5.4574895,1.2089999,-1.7548279,1.4256077,0.045623302
1.7573255,4.27196,1.1709905,5.4438753,1.1986084,-1.8034211,0.7909845,0.5867164
1.5101695,4.373884,1.1609156,5.424257,1.2281723,-1.81107,2.1406856,-0.010640919
1.111651,2.9825778,1.1746345,5.4652653,1.2132845,-1.8157102,2.1493876,0.7145635
1.0087034,4.4855304,1.1110396,5.4321384,1.2519183,-1.8259948,2.3729002,0.6190088
1.2397835,5.471258,1.0854187,5.5055056,1.287235,-1.8827384,2.3638995,0.52083516
1.2037549,4.752428,1.097784,5.5145445,1.2941308,-1.8525022,2.5291293,0.6128942
0.90911376,5.253621,1.0715375,5.547558,1.2853162,-1.8690505,0.3431344,0.6270659
0.785604,2.482232,1.0737104,5.5229473,1.2939456,-1.851358,0.20163476,-0.27360946
0.95801973,2.582264,1.0525525,5.5574718,1.2900288,-1.8647203,1.1140409,-0.009449273
1.6169351,2.9165716,1.0629206,5.602439,1.3139634,-1.9204216,0.9789008,0.6257632
1.5877825,3.383247,1.0297117,5.612841,1.2985168,-1.9016076,0.9803622,0.21998596
1.9653115,9.10755,0.9329448,5.66745,1.2803161,-1.8776062,0.8116013,0.29666686
2.4130383,9.707234,0.9362433,5.825637,1.29739,-1.8752118,1.385704,0.35216552
1.3002603,5.5158396,0.8806615,5.9255815,1.3171647,-1.9176726,1.6299748,0.52782273
0.7161855,5.1266975,0.8352914,6.108265,1.3004606,-1.8996592,2.563393,0.47676504
0.7981756,2.987789,0.813874,5.9545445,1.3498359,-1.9204664,0.576805,0.5124817
2.0620313,4.6472044,0.79833317,5.956787,1.3508093,-1.8455284,0.3978337,0.5957141
2.231872,5.0053678,0.77097154,5.9659996,1.3407743,-1.886966,1.7121105,0.560879
1.1168852,3.4383068,0.75738263,5.9529085,1.4218025,-1.8774825,2.700314,0.58461106
2.2009525,6.1595793,0.82226324,6.01775,1.3013895,-1.8889542,1.5021827,0.77592444
2.0252736,5.4554353,0.7540779,6.055917,1.2971027,-1.8521041,2.1588511,0.6622114
2.2261152,6.416735,0.72734857,6.038995,1.35146,-1.9947011,2.6029825,0.36781824
1.5274031,7.4168706,0.7164509,6.129899,1.4767454,-1.9666462,2.2221782,0.90392923
0.9205781,6.515941,0.6913688,6.0554214,1.4591801,-2.0516438,2.0750759,0.43472838
2.2302287,3.764402,0.69374967,6.2194166,1.4293523,-2.0060265,2.0468173,0.60538197
2.4939182,6.136659,0.65924406,6.238468,1.400861,-2.0106368,1.8266723,0.52979565
1.7546048,6.1259527,0.68688035,6.2241917,1.4091828,-1.9830441,2.2305067,0.5595733
2.285058,6.508151,0.6742916,5.992688,1.458864,-1.9348748,2.651809,0.3592776
2.0050418,4.548133,0.53701234,6.268852,1.3672764,-1.8752474,2.2945478,0.5999484
1.8433568,9.853102,0.5986384,6.2524347,1.3270907,-1.8803649,2.3692696,0.5923579
1.49965,9.442375,0.63925004,6.3079686,1.3384824,-1.979603,2.555266,0.6384623
1.4275186,4.1948433,0.60655236,6.457637,1.2405536,-1.8557694,0.8411021,0.6769335
1.2195183,8.610205,0.628649,6.4274583,1.2466795,-1.9066365,1.0573347,0.4691838
1.1244338,7.289591,0.6078317,6.4271584,1.2685463,-1.7727824,-0.45878905,0.40094995
1.1105276,7.03138,0.63495064,6.338298,1.2398312,-1.838752,0.37466383,0.46203744
1.1225133,7.3724303,0.6978495,6.3763466,1.2107179,-1.8793482,1.1383455,0.6538274
1.1720409,8.482971,0.65865254,6.2802935,1.2953408,-1.8810546,0.3507986,0.5423119
1.4444427,2.7669883,0.6595564,6.2887497,1.3010936,-1.8793614,2.0368936,0.5990026
1.1901276,9.739934,0.6889825,6.3027525,1.2685797,-1.8258473,0.5680343,0.7952554
1.3938227,7.507125,0.6578393,6.398353,1.2114193,-1.8577707,-0.030858457,0.361961
1.1663009,8.000823,0.67000866,6.4542427,1.2022638,-1.8052595,1.7177391,0.48328674
0.9219462,3.9521518,0.587831,6.402695,1.3010707,-1.7958301,2.2939231,0.5945393
1.2141322,5.5439353,0.60340273,6.4595118,1.2207637,-1.7871554,-0.056950867,0.37949038
1.1127263,9.198509,0.5924785,6.462739,1.2557073,-1.8356326,0.31973124,0.36090648
1.2790165,6.5677695,0.57255816,6.457179,1.2379527,-1.814529,0.7410768,0.602864
1.160073,4.8997283,0.591779,6.5220346,1.1973953,-1.7732954,2.535362,0.5141463
1.1505024,5.5455246,0.5413408,6.498602,1.2180872,-1.7784013,2.9171436,0.45500898
1.211911,4.060682,0.6005881,6.5558286,1.2336073,-1.7945756,2.6681085,0.7260773
1.9285725,3.7333474,0.49506354,6.586856,1.2083545,-1.8128294,2.5985687,0.5455158
1.344954,8.664316,0.51508737,6.519023,1.2031491,-1.8066038,2.4075587,0.80174637
1.1963472,6.4937105,0.5173936,6.4572434,1.2769346,-1.777446,1.363486,0.69658935
1.3238425,4.671403,0.6403773,6.311755,1.239068,-1.7889336,2.4663591,0.28814584
1.7924614,6.4400024,0.71542263,6.3056693,1.241333,-1.8266554,2.0105643,0.4477402
1.4503345,2.0354044,0.7579924,6.3390965,1.2232711,-1.7865882,0.8075558,0.4847616
1.1900965,4.0385,0.62409544,6.4387827,1.2094452,-1.8336304,1.5880005,0.49432135
1.7324647,4.791993,0.5868231,6.411909,1.2467339,-1.7914962,0.66142404,0.21995175
2.1398401,4.78517,0.5493119,6.4918337,1.2601442,-1.7760377,-0.12099779,0.3024007
1.6040908,3.0134892,0.502265,6.49498,1.2310498,-1.7871202,0.0699172,0.08353615
1.0040004,9.855312,0.6066357,6.4677553,1.2108126,-1.8021835,-0.112495065,0.026024342
1.1374326,8.962704,0.6448275,6.4412227,1.2708135,-1.8519155,-0.17686856,0.258672
1.0694449,5.5502367,0.6284324,6.436902,1.2508657,-1.8392848,-0.19062287,0.44188237
1.1277564,6.778071,0.64385605,6.3415484,1.250855,-1.830191,-0.07387781,0.15521485
1.0112866,7.7145295,0.6260556,6.2954183,1.2719374,-1.797788,-0.039760947,-0.028683424
1.0166845,6.6941867,0.6396725,6.3943734,1.2865467,-1.8572478,0.10073483,0.14150298
0.9405924,6.7853894,0.6787894,6.317607,1.2921193,-1.8675478,-0.11589068,0.010021508
1.4925987,9.018634,0.6369896,6.3718596,1.2927442,-1.8163955,-0.318268,-0.01685226
0.98556745,9.262537,0.5404732,6.4101505,1.2624366,-1.8348678,-0.013949811,0.23675096
1.9323099,3.9244814,0.6228919,6.2383604,1.2506514,-1.7998874,0.516477,0.03776723
1.9408419,2.9792752,0.5722176,6.391987,1.2652202,-1.7737987,0.09127331,0.065455556
1.5758175,8.023897,0.5317677,6.3977923,1.2669559,-1.7832367,0.020151854,0.07810128
1.7739184,8.989357,0.67381024,6.269725,1.1876283,-1.8642001,-0.09068513,0.20226467
1.9327246,8.075469,0.67240715,6.319268,1.2058032,-1.7447209,0.038325787,0.4972906
1.0566131,3.5219617,0.70813906,6.331338,1.203587,-1.7642312,0.3806244,0.4529699
0.6405856,2.5143418,0.6588545,6.4936905,1.2188809,-1.7436078,0.91449225,0.6335316
2.5954256,2.281478,0.66467,6.3267894,1.210016,-1.7305636,0.88974285,0.23414522
2.940596,9.378164,0.6011863,6.335873,1.1996014,-1.74372,0.99613464,0.503068
1.5798525,5.068115,0.6281012,6.371203,1.2065225,-1.7599102,2.7190351,0.42613262
1.0617616,3.7190351,0.7005086,6.333646,1.1924462,-1.7445514,0.6353679,0.43103004
1.2731357,7.34997,0.7085769,6.260334,1.1695445,-1.7448289,0.7038976,0.4009298
1.3400302,6.8849063,0.72976565,6.2503643,1.1625006,-1.7259076,0.22590649,0.22373432
2.0684114,9.802044,0.69778323,6.2539005,1.1545441,-1.7302634,0.69047594,0.45292592
1.8372244,8.563139,0.7045076,6.2452507,1.1580365,-1.7702819,2.0505857,0.5012083
1.3585376,9.478819,0.7110115,6.2302637,1.1611447,-1.7388935,1.626442,0.6067476
1.356956,7.8707633,0.7028651,6.2715616,1.1813881,-1.7301542,1.6934907,0.78157425
1.171214,5.1367197,0.699635,6.348604,1.1516528,-1.6973021,1.3605828,0.4312272
1.5591975,5.0358753,0.7575705,6.332383,1.1062386,-1.6899877,0.7865398,0.41961002
1.0502188,3.1856322,0.7656565,6.420701,1.0341799,-1.6811512,2.441137,0.5441712
1.328454,5.1726484,0.79546976,6.441126,0.99887466,-1.6630222,2.0665777,0.51494765
1.3036096,6.7689114,0.7315036,6.4585743,0.9940369,-1.5773333,1.9089336,0.48939908
1.4697733,4.6606436,0.7242091,6.5192595,0.95426893,-1.5731283,2.6342912,0.728349
0.9738641,6.215866,0.769428,6.589582,0.9068258,-1.5719671,2.934037,0.7661741
2.516992,3.03272,0.6202736,6.5313516,0.9477391,-1.5212572,0.86450195,0.57961345
1.9679048,9.313235,0.5855892,6.6118298,0.9776497,-1.5307233,-0.43865907,0.2929312
2.731605,8.306339,0.58083725,6.470602,0.9312973,-1.4900224,0.2700367,0.37483883
2.4315171,4.9674673,0.69650555,6.4823494,0.9463558,-1.4673698,0.23913074,0.30067086
1.4796445,4.302866,0.736321,6.45215,0.92634654,-1.4582273,1.0825212,0.37729502
1.4134319,4.608754,0.73112273,6.426484,0.911592,-1.4775943,1.7431147,0.45019203
1.3151069,3.4517708,0.67223763,6.485177,0.96697927,-1.5153768,1.5694664,0.4127019
1.528609,3.4972985,0.6673945,6.500044,0.9444947,-1.5080136,1.243372,0.5540104
1.0235698,4.89614,0.7091811,6.495822,0.9823017,-1.5211351,2.253249,0.5795107
0.91408324,3.6542344,0.7202971,6.5370493,0.9690938,-1.5943729,2.2643404,0.6764573
1.572669,6.368727,0.5360056,6.596979,0.92011476,-1.4822786,1.3930938,0.51235545
1.6528486,7.7763686,0.55753016,6.5091076,0.9351804,-1.4447148,0.40203798,0.50670326
1.8861723,2.9180927,0.5544026,6.5375714,0.97383904,-1.4822493,0.31841803,0.23553276
2.4544108,3.1954758,0.54033613,6.538643,0.99291825,-1.4722626,0.3431288,0.26372325
1.1607641,4.5662746,0.5972333,6.599931,1.0064158,-1.5247704,0.40102315,0.63412476
2.622037,3.315674,0.4133731,6.66284,0.9794433,-1.4784608,-0.17699748,0.17959976
2.1872535,8.253967,0.3935989,6.7474265,0.98895144,-1.4351095,-0.22307122,-0.20664418
1.8510417,7.934048,0.3692217,6.7961426,1.0646226,-1.5747551,-0.20982343,0.05831957
2.6456308,7.15153,0.35206473,6.8687925,1.0357821,-1.6007345,0.13077545,0.38435626
1.0766823,4.1473927,0.36799657,6.889729,1.0247033,-1.5422566,0.11010766,0.0909695
0.9222223,4.552209,0.40102434,6.90076,0.9830954,-1.5290768,0.045840025,-0.049779534
0.9338833,5.2160296,0.41408145,6.872763,0.97254896,-1.5225635,0.080757976,-0.047749996
1.1245972,5.2026987,0.41389322,6.8216476,0.9790833,-1.490201,0.047572494,0.011158109
1.2555981,5.5355573,0.57066226,6.803129,0.99326134,-1.5750018,0.09689927,0.59073174
1.0782204,6.2752705,0.49901962,6.815087,1.029063,-1.6538332,1.091968,0.62990594
0.9057689,4.2542286,0.5781467,6.846388,1.029685,-1.5859927,0.96867204,0.63279295
0.87467563,5.473842,0.50479937,7.0269413,1.0064733,-1.6669071,1.2973969,0.5926292
0.8303194,5.717763,0.44860816,7.033752,1.0432856,-1.6664834,1.7861171,0.48631334
1.282432,5.4890113,0.40272284,7.022844,1.0225978,-1.6144042,0.83443415,0.49761724
2.5649028,6.459337,0.2912941,6.971465,1.0108395,-1.5764614,2.6216476,0.5289289
1.2535281,5.1583433,0.29875898,7.098487,1.0179656,-1.5660887,2.157706,0.60586715
1.6128044,9.07141,0.27304304,7.086894,1.0519311,-1.6597918,1.495271,0.5262964
1.2486167,9.9510975,0.28745723,7.03688,1.0785506,-1.6594073,0.87329805,0.5041144
1.7949674,3.1910753,0.26346695,6.9480696,1.0886242,-1.6584849,0.76757693,0.34951258
1.9359376,7.1654015,0.34475803,6.960309,1.1175585,-1.637846,0.66652405,0.7589687
0.8705108,5.99743,0.4301579,6.968439,1.0310099,-1.6570638,2.2339747,0.7138727
1.0212553,4.243843,0.42087317,6.8457165,1.0556412,-1.6595359,2.2970114,0.77066123
1.0260298,3.990489,0.44590473,6.9418573,1.0615668,-1.7046578,2.143542,0.71341085
1.0053008,4.6962447,0.4567374,6.9857984,1.0665905,-1.6358482,1.2792053,0.71866274
1.3473848,7.8860598,0.28959584,7.055292,1.0921116,-1.662283,0.79532087,0.54204416
0.96681345,3.1993277,0.26903462,7.181472,1.0432794,-1.6554903,2.938942,0.5569037
1.1273512,8.309737,0.24895263,7.141325,1.0267715,-1.6359307,1.8447645,0.48501396
1.1267049,7.8062787,0.19193065,7.253886,1.0482655,-1.5980728,0.109705925,0.7236395
1.1140276,7.5746326,0.16656911,7.2719088,1.0329103,-1.5787156,2.2195702,0.7220342
1.180861,7.6309195,0.21961749,7.273756,0.9693458,-1.6025763,2.5735497,0.7903522
1.0973374,7.5328217,0.21924198,7.197645,0.9791689,-1.6006773,2.0419767,0.62259007
1.0269948,4.7474804,0.24601495,7.1385574,1.0342422,-1.58244,2.9568803,0.6203078
0.70850694,3.2807822,0.39729667,7.153865,0.96102667,-1.5555605,0.2086848,0.788414
0.6283337,3.6495776,0.3971007,7.1680512,0.9362135,-1.5610354,-0.017637908,-0.016858637
0.8959518,3.6711736,0.40675282,7.101364,0.9266722,-1.542941,-0.21196657,0.17574567
1.0296183,2.3463817,0.17933428,7.11925,0.8805628,-1.46139,0.33508492,0.20998049
1.2181526,7.936509,0.7903241,5.2835026,1.9616807,-2.5147562,1.3641765,0.66489077
2.8339648,7.16477,0.8035705,5.4569407,1.9779716,-2.554274,0.31516993,0.32646978
2.0147762,7.784774,0.78239965,5.515848,1.939779,-2.5435581,0.05300677,-0.053801417
1.6944871,9.854187,0.76810336,5.5881805,1.9649744,-2.5105596,0.3049413,0.16379905
2.844291,8.175304,0.85736215,5.5145893,1.9617634,-2.6024337,-0.10499489,0.10213864
2.175767,9.707572,0.84812903,5.4300985,1.9697492,-2.549015,-0.034808457,-0.051568747
1.2659087,3.621593,0.77166164,5.4558506,1.9629991,-2.5135968,-0.07513732,-0.07819706
1.9765126,9.73905,0.7669345,5.565647,1.9260051,-2.494606,0.3124882,0.20241994
1.7726642,5.526248,0.74752665,5.5269785,1.9605443,-2.5126903,0.6162189,0.27366638
1.0210098,5.0858335,0.7609527,5.365396,1.9744489,-2.4709888,0.50186443,0.30464673
1.8218906,5.2084494,0.7802248,5.4456234,1.9629655,-2.5533998,0.46222186,0.11826038
2.218596,7.5209684,0.8056313,5.461521,1.974047,-2.5365024,0.33744872,0.11511296
1.9743526,7.7553105,0.79882836,5.3583407,1.9605134,-2.5305104,0.0365628,0.0967316
1.7711114,7.4123654,0.8288907,5.469549,1.9001703,-2.4984865,0.01622045,0.15013605
2.500414,8.431936,0.8382826,5.4299617,1.9122329,-2.5094676,2.149068,0.36007357
2.5182076,7.9684496,0.83796144,5.4361057,1.9519687,-2.539919,2.2909472,0.6393647
0.70587224,8.3356085,0.8987813,5.4888873,1.9490736,-2.58902,1.8607118,0.58870363
2.2974718,9.260487,0.8840809,5.373845,1.9250674,-2.5608351,1.8774109,0.4819258
1.6428759,7.828973,0.8831806,5.2817426,1.946312,-2.5607107,0.5927429,0.3469066
2.3226604,6.2086234,0.88067603,5.257592,1.9633999,-2.5565078,2.7758946,0.5674366
2.1941705,5.7102537,0.8026552,5.389626,1.9878428,-2.567359,2.6298563,0.265638
2.2174025,5.9233413,0.85730505,5.384902,1.9895029,-2.5896435,0.4305868,0.38893604
2.2117934,6.421381,0.8443017,5.327687,1.9895935,-2.582416,2.255538,0.365009
1.5419881,7.431377,0.847548,5.342893,1.9902208,-2.5676417,1.1557231,0.4947778
1.5937039,7.1497965,0.84194875,5.416888,1.9727666,-2.5760245,1.3866777,0.34988642
2.5521412,5.881196,0.8374846,5.4603186,1.9469512,-2.5807445,1.1549749,0.3302462
2.5216117,8.796556,0.7804451,5.534482,1.9831638,-2.608679,2.264921,0.61585796
2.7167835,7.7232075,0.87970996,5.445803,1.9088984,-2.604833,2.450968,0.53113353
2.4647348,9.662407,0.8646635,5.345546,1.9289289,-2.4993837,0.17028666,0.28572655
2.2447367,9.988566,0.8887882,5.25546,1.9316299,-2.51062,1.0919871,0.4217366
2.659518,9.541384,0.89087105,5.3990364,1.9308906,-2.5532913,1.9367001,0.5336927
2.4883842,9.282621,0.8311002,5.4078617,1.9645429,-2.539368,2.9217846,0.46200764
1.9083912,4.9821424,0.8341768,5.563443,1.9028757,-2.5091054,2.83796,0.71631753
1.2512423,8.521687,0.7681682,5.5779953,1.9337151,-2.515233,2.838255,0.7473867
1.3971467,8.962159,0.78178525,5.586111,1.9990714,-2.5913265,2.1447515,0.58953726
1.521951,9.319408,0.80734825,5.4712067,1.9626639,-2.568087,2.0759137,0.57777035
2.533815,7.279414,0.8846774,5.4326534,1.9509654,-2.5494115,1.9285564,0.5698514
1.4987617,7.1233215,0.87807775,5.401531,1.9230454,-2.5745482,2.2637498,0.48363668
1.6673584,6.991321,0.8769243,5.2557425,1.924355,-2.508166,2.527768,0.5036534
2.5555892,7.2365994,0.8963915,5.336585,1.9396541,-2.5780315,0.27457738,0.44208574
2.317421,9.528511,0.9123955,5.268339,1.9235005,-2.5467963,1.3335705,0.4745797
2.2882895,5.4973774,0.9079251,5.2528744,1.9094489,-2.4922876,1.3274112,0.63624346
1.1635146,9.484873,0.8958154,5.2417145,1.8812294,-2.5109584,1.993926,0.4136045
2.656355,9.501586,0.9963285,4.9391274,1.9159856,-2.4882183,0.86195743,0.28288054
1.9941837,4.1916857,1.0515878,4.844103,1.8974996,-2.4540057,0.9910356,0.2870912
1.1777734,5.9595137,1.0020854,4.8822308,1.9061012,-2.4727237,0.76388586,0.33195418
2.585848,9.774475,0.99751186,5.0262294,1.9382153,-2.4739068,0.9030471,0.38933384
2.3491468,8.30702,0.9919648,4.987365,1.9542537,-2.611501,1.2975805,0.37773573
2.8402662,6.232171,1.0326157,4.9944468,1.9261246,-2.5231192,1.1216505,0.44460374
2.4533644,8.386718,1.0643911,5.0302095,1.885328,-2.4951396,1.0108409,0.43889987
2.2569988,5.8854194,1.018527,5.045245,1.8676581,-2.4529147,2.1456378,0.69449127
2.418434,5.7708955,1.0484359,5.0525856,1.823853,-2.4639456,1.7548013,0.57847655
2.6699498,7.471112,1.0250003,5.0069933,1.8052297,-2.414578,0.6688336,0.35144627
2.715475,6.0957003,0.9919324,5.1045732,1.8901019,-2.4110658,0.9466777,0.406994
2.4605875,7.871752,0.91867685,5.2624636,1.8140049,-2.4175863,2.4768755,0.44932508
2.1074991,8.920284,0.9753332,5.2372255,1.7682726,-2.4320364,0.801509,0.4026783
2.6316543,5.6245403,0.9659358,5.3378773,1.7907438,-2.4094334,1.1952457,0.44681638
1.9016997,6.0904937,0.89112735,5.2760487,1.8420472,-2.4830556,1.0527301,0.62942123
1.9095389,7.8382163,0.8890865,5.295391,1.8470867,-2.3940594,2.7202709,0.5582242
1.6563654,4.4245768,0.90368176,5.3529077,1.8323622,-2.4549239,0.3431114,0.53838027
2.4081423,5.734164,0.9209337,5.3772297,1.8347647,-2.4178612,0.46386826,0.048199654
2.8697734,5.977206,0.928566,5.328578,1.8741388,-2.4741404,2.4408407,0.5182736
1.0054405,6.5454683,0.9364071,5.2164497,1.8073368,-2.4607882,0.12917805,0.36717558
2.0839546,6.920907,0.98295605,5.095828,1.8933251,-2.4815207,2.8416562,0.6258167
2.344266,8.073377,0.9572662,5.1126504,1.9524329,-2.49846,1.7209175,0.38904274
2.7903798,5.643298,0.9586067,5.2184544,1.9463577,-2.5412154,0.04566157,0.2584418
2.65109,5.4186325,0.8830948,5.314734,1.9928484,-2.567271,2.0761585,0.32784462
2.9305444,6.349946,0.9447458,5.231571,1.9999986,-2.5747247,2.099982,0.38676322
0.6996517,5.9743824,0.8904041,5.225136,1.9985027,-2.574213,0.82823026,0.26807272
2.5803545,7.9697714,0.8979211,5.1996307,1.9936264,-2.501559,1.7777557,0.25914216
1.8629341,6.3972974,0.89586425,5.363802,1.9950104,-2.6177065,2.0357554,0.7408948
1.9478955,3.2247744,0.8536085,5.3369055,1.9911048,-2.631791,1.0995469,0.23844749
2.1698089,9.117689,0.8499441,5.359497,1.9826789,-2.6315129,1.0185223,0.27180433
2.538286,9.6394205,0.86461985,5.331545,1.9887929,-2.527516,0.3033409,0.26743305
1.804812,9.06819,0.85026455,5.3044143,1.9832609,-2.5653257,0.49053955,0.28049403
1.4299958,4.9366817,0.8547344,5.304214,1.9458106,-2.5736678,1.2164614,0.44108152
2.5734975,6.014502,0.87585044,5.482628,1.9214628,-2.6066313,2.1251054,0.3815664
2.7659273,9.183755,0.81410027,5.5560446,1.979974,-2.544131,0.9368527,0.576239
2.9516973,5.92089,0.77910876,5.619549,1.9804032,-2.5890682,0.6308471,0.5633515
2.945858,7.570954,0.77035046,5.667934,1.969832,-2.58881,2.0501664,0.46662068
2.481049,8.959593,0.7823305,5.6443214,1.9829488,-2.5468578,1.9651113,0.2372967
2.6436045,9.939995,0.76069105,5.6563935,1.9400163,-2.6231353,0.51583743,0.56498384
1.7200439,9.96918,0.7623962,5.622135,1.9894819,-2.6536722,1.5253208,0.5285232
1.7901208,2.6774378,0.7959374,5.5302014,1.9652603,-2.5605817,0.97145545,0.21813369
1.1074915,8.36281,0.783643,5.3924756,1.9767022,-2.557135,1.2021182,0.63138556
2.4942076,9.44218,0.8259456,5.533307,1.946739,-2.633451,-0.11508709,0.30323988
2.792448,2.4666553,0.72792673,5.6249046,1.9259386,-2.462982,0.77450395,0.24087852
2.868136,5.650752,0.69207096,5.79342,1.9104261,-2.4841692,1.0283065,0.23268461
1.7514436,5.308908,0.7249465,5.6443386,1.9148104,-2.4592633,1.1592531,0.4253503
0.9992429,4.756063,0.78263867,5.4201217,1.8808353,-2.4568975,1.2868695,0.5273421
1.2067744,8.529523,0.7579789,5.4299126,1.8898773,-2.3810205,1.5455055,0.6194484
1.2785882,4.3261647,0.8053366,5.413798,1.8868709,-2.4329417,0.5980916,0.6918044
1.2210841,4.097186,0.82537234,5.3833103,1.9408696,-2.440808,0.27637732,0.056057334
1.573053,6.1299663,0.82465136,5.247095,1.985637,-2.5355248,0.41596496,0.23681265
2.162787,9.628799,0.8345766,5.472025,1.9872003,-2.5997634,0.498366,0.15489781
2.929953,9.95649,0.8527672,5.521331,1.9970825,-2.5957747,1.6667554,0.5859479
0.69988656,4.05245,0.8486192,5.482706,1.9788413,-2.5912776,2.5428019,0.6427336
1.0125369,4.287929,0.76934135,5.560397,1.9906235,-2.6054547,0.6857823,0.5753207
2.013555,8.21873,0.772776,5.49704,1.9883599,-2.6098166,2.5639231,0.5607345
1.7118845,9.690708,0.7968335,5.5446706,1.9682238,-2.6354952,1.2896044,0.3898629
1.6602151,9.233669,0.8477856,5.527125,1.9885876,-2.6088562,2.4030466,0.5404043
1.9903818,3.7202706,0.8123965,5.4542017,1.9815221,-2.618312,2.8734035,0.67942405
1.2305238,5.3377943,0.8039837,5.4192433,1.9879827,-2.569707,2.342517,0.2213313
1.2732099,2.8339415,0.79094744,5.672432,1.9235487,-2.6067626,0.25036895,0.19645536
1.5944936,5.3065453,0.7410487,5.677371,1.8803139,-2.5529466,2.6605206,0.27071506
1.2917551,4.922923,0.72170234,5.716859,1.9887702,-2.5826333,0.49359298,0.34192312
2.9950082,9.199998,0.71093285,5.689462,1.9860063,-2.580645,0.5387255,0.38035953
0.75338763,7.9712043,0.73105156,5.744014,1.9848621,-2.578285,1.2128463,0.32625294
2.1746712,8.9212055,0.6931839,5.8450427,1.9525399,-2.59311,1.6764741,0.4911362
1.3103697,5.523973,0.64193356,5.872862,1.9499111,-2.5411656,1.1345043,0.5357213
1.5494237,8.240824,0.7020192,5.8414288,1.9345481,-2.5206382,2.8111644,0.7228528
0.8693174,5.9291296,0.72817826,5.8058996,1.9730799,-2.5964816,2.6463132,0.36722255
2.1578686,9.481928,0.7187388,5.6927557,1.9676237,-2.557058,0.77633333,0.42114544
2.2884831,6.2794228,0.7447982,5.699024,1.9684815,-2.565559,0.6427859,0.1167469
1.8415521,8.48949,0.7285459,5.6048,1.9699981,-2.5853333,-0.113408506,-0.23590115
2.215049,8.350306,0.7650666,5.5770783,1.9530406,-2.5730162,-0.24408591,-0.11871818
1.6580906,9.6705265,0.7841716,5.470256,1.9780629,-2.5675557,0.2523551,0.5007303
1.8598044,8.015154,0.7905171,5.471119,1.9685185,-2.5673347,0.50543344,0.18518782
2.579762,8.843874,0.8133646,5.5079803,1.9656937,-2.530767,0.21914983,-0.010606378
2.6327515,7.3136225,0.81677413,5.4622083,1.9431741,-2.51841,0.06970096,-0.0104576945
1.7514641,7.6356163,0.7066946,5.6223392,1.9601054,-2.5342855,-0.2880425,-0.1172882
1.3337098,7.922973,0.6599301,5.7703576,1.9638062,-2.5307813,-0.34475166,-0.014649987
1.8529961,6.5091896,0.65639615,5.6768103,1.9539905,-2.4241564,-0.69717014,-0.12628704
2.0201168,8.192984,0.6272788,5.6740036,1.9694922,-2.5467806,-0.069589615,-0.050557524
2.4427166,6.1217723,0.7119973,5.8239646,1.917906,-2.5345676,-0.0515396,-0.078647405
1.9181983,8.379718,0.7349796,5.4295177,1.991236,-2.5397391,0.030718565,0.25138664
1.2341963,7.181934,0.83035624,5.2568336,1.9894032,-2.494001,1.2023523,0.6004126
0.932745,5.2616167,0.81973934,5.240527,1.9762008,-2.4852743,2.4292731,0.6792512
0.84157866,2.3465426,0.86460876,5.126074,1.9690363,-2.43849,0.08555949,-0.12632489
0.71470594,2.2012608,0.9163178,5.0341115,1.9286184,-2.4237885,0.1725179,-0.16895545
1.536774,9.06022,0.93614686,5.0654907,1.9542747,-2.4804177,0.24786723,-0.118258595
1.9360459,8.595268,0.9426832,5.1615047,1.9074802,-2.4509735,1.4021816,0.42892104
2.425755,2.2155004,0.92174447,5.355146,1.8881509,-2.4501758,1.1219091,0.28266233
2.7507074,2.0786383,0.9105021,5.380128,1.8519242,-2.471099,1.7448149,0.35985708
1.2387578,9.563742,0.8899448,5.4374456,1.8338602,-2.4245102,0.111900926,0.48593056
1.6283752,6.508951,0.8757081,5.346869,1.917589,-2.465392,0.07581222,0.23386258
2.94044,9.248405,0.9122424,5.2721815,1.9604666,-2.4719586,-0.09646022,-0.37155324
2.350714,9.896383,0.9162593,5.092034,1.9958282,-2.4971442,-0.13738841,-0.17766088
1.2643354,7.217147,0.8948237,5.101939,1.9512088,-2.5602899,-0.22934496,-0.06044078
2.0130234,8.043474,0.8944278,5.082261,1.9123886,-2.437491,-0.42583215,-0.24299365
1.6293174,9.130762,0.9137974,5.1973066,1.9141529,-2.4354239,0.4169171,0.07473171
2.5567303,8.330625,0.9240712,5.271756,1.9172497,-2.4299686,0.89324605,0.63486075
2.0613477,5.2154737,0.9076936,5.155998,1.9553845,-2.5601072,0.37408936,0.17868161
1.7279241,4.667311,0.9506602,5.1505213,1.9635034,-2.5685306,0.40738344,0.086981535
2.8757732,9.430067,0.9313562,5.330415,1.9454432,-2.5693736,0.33549678,0.20329463
2.6311445,5.2995443,0.9286016,5.262864,1.9804871,-2.6212304,1.6971967,0.33501834
2.6437743,8.954295,0.913936,5.34226,1.9868062,-2.5990992,2.546417,0.6024196
1.9854889,9.361051,0.8854172,5.385385,1.8660698,-2.5359523,1.4220805,0.7284788
1.1614726,3.9948578,0.7308631,5.5083103,1.9581275,-2.4306545,2.8722343,0.77337086
1.8673415,7.3749413,0.6811137,5.6830945,1.8867819,-2.4222279,2.701647,0.85094035
1.6734732,6.741584,0.67617416,5.696451,1.9363527,-2.4081955,2.2212467,0.7256988
1.6635263,8.538186,0.664055,5.713952,1.9208345,-2.4255307,1.4697006,0.62440157
1.8126137,7.915488,0.68726075,5.720527,1.9280081,-2.4559119,1.8851776,0.5311394
1.710522,7.9911423,0.69780564,5.7028747,1.8570201,-2.3727827,0.66822743,0.50006104
1.653508,8.459798,0.6884968,5.7698154,1.8581293,-2.3728435,2.3393645,0.5614821
2.5621917,9.180796,0.64745474,5.865669,1.8662195,-2.36351,1.3217034,0.732255
1.5690672,5.160775,0.5833105,5.8827753,1.8614473,-2.3588738,1.8690782,0.6448213
2.5983338,4.6537676,0.59123325,6.1542673,1.8648314,-2.3835616,1.8999624,0.690022
1.6738311,9.461292,0.591244,6.132536,1.8280225,-2.487747,0.48030806,0.54109526
2.6381614,9.739572,0.5470507,6.186802,1.875603,-2.4953523,0.60535204,0.5919794
1.9325202,2.1177218,0.47972214,6.2053857,1.9215467,-2.4375043,1.8745885,0.72415555
2.4767876,9.887331,0.6279675,6.060886,1.89974,-2.4375317,2.274762,0.7317282
2.5817392,9.050089,0.6576061,6.0091357,1.937015,-2.4813964,2.2735689,0.42230964
2.306489,7.3958793,0.6245699,6.0271325,1.8846426,-2.4973197,1.9645789,0.48554003
1.2452788,6.783891,0.5995804,6.034649,1.8818374,-2.4920518,0.77755105,0.48194188
1.9703927,7.170867,0.6477833,5.905615,1.9031789,-2.5357485,0.7207447,0.36537862
1.8073766,8.218256,0.6560557,5.806635,1.9925072,-2.5758452,1.2631552,0.38785088
2.8962982,6.521195,0.71371293,5.9179335,1.957283,-2.5072937,0.9869952,0.29519284
2.9510245,8.32612,0.7260541,5.7591333,1.9275692,-2.5090199,0.8636228,0.2770282
1.0547614,7.3532815,0.71109664,5.7073383,1.9343286,-2.5490625,1.2173905,0.25990987
2.384224,6.1903143,0.7113159,5.6750746,1.9522188,-2.5142863,0.12301791,0.18902063
2.3845499,6.451637,0.70181036,5.784422,1.9571743,-2.4784904,0.7344173,0.50257385
1.6901898,7.170897,0.70167804,5.4875746,1.9620638,-2.4878716,0.33569992,0.3026631
1.9081633,9.602041,0.7062578,5.6721363,1.918057,-2.474855,0.8197391,0.25178832
1.388164,2.5237355,0.71912813,5.7154384,1.9256222,-2.4735904,1.3107519,0.36208737
1.087007,2.550894,0.6923108,5.689291,1.9092789,-2.5102735,2.9446416,0.22582525
1.6091136,4.887018,0.7021551,5.7050467,1.9607611,-2.5087836,2.9153326,0.9809718
2.0473697,2.5260277,0.6576934,5.729805,1.971035,-2.3824563,0.65346,0.95152664
1.8818665,3.0154462,0.6725061,5.7920084,1.8064134,-2.3732786,2.835309,0.465881
2.6956973,9.926336,0.6971381,5.889876,1.8340981,-2.3654304,2.3090997,0.47029567
2.815401,9.916985,0.6982019,5.8915157,1.8159974,-2.4080958,1.0940316,0.6293299
1.5544817,3.7919693,0.72195315,5.763437,1.8372664,-2.388769,0.8737278,0.51054645
1.5048848,6.2860103,0.78566635,5.6442966,1.7872045,-2.3582184,2.8326814,0.7031293
2.329011,7.6638403,0.83816075,5.588272,1.7894821,-2.3863964,2.462789,0.57063437
2.40511,6.5045433,0.92986405,5.4956617,1.7925501,-2.3873696,1.4289465,0.66850054
2.7496989,4.0183063,0.8587868,5.4020853,1.7554076,-2.3609014,1.3492415,0.13595748
1.0181346,6.012078,0.88835025,5.4006615,1.7586858,-2.3347473,-0.22540683,0.26667464
2.563804,6.409627,0.78797233,5.494686,1.8025854,-2.3719935,0.5128653,-0.032149434
2.4271946,8.087694,0.8272331,5.597623,1.7670724,-2.3875654,0.510504,0.38748944
2.2384553,9.305838,0.82697093,5.64042,1.7655394,-2.3104515,-0.38089848,0.115798
2.594508,8.726046,0.87703526,5.509693,1.7658627,-2.40807,0.5456902,0.05336833
2.2535863,9.121034,0.89568126,5.5224648,1.7561274,-2.4383292,0.12919402,0.335034
2.0369253,7.579006,0.8595029,5.224906,1.7651427,-2.2522998,1.6031888,0.020460546
1.1213045,7.4337325,0.8476782,5.409356,1.7739522,-2.2819986,1.5992038,0.9154438
2.3895063,5.14822,0.8114363,5.542451,1.7388146,-2.2823014,2.804991,0.8222475
2.2187452,7.08157,0.8287997,5.612464,1.7219198,-2.2152607,2.4308968,0.8660829
1.9742292,9.24724,0.8531642,5.5355844,1.7974389,-2.3690293,0.716928,0.8810965
0.76145947,9.255465,0.8583648,5.557847,1.777977,-2.3968594,0.05920744,-0.35121304
0.8128712,8.412165,0.7949767,5.6994762,1.797194,-2.4498127,0.34405923,-0.31785473
0.6188983,8.30019,0.8002744,5.7893353,1.8640993,-2.4508703,1.0305669,0.70388126
1.5413213,6.1531672,0.4245187,6.848527,0.9894943,-1.6176178,0.3640504,0.698486
1.313637,3.0768564,0.38352084,6.8800726,0.9699726,-1.5775086,0.6464422,0.3412192
1.406955,5.9512873,0.4737754,6.799836,1.030626,-1.6347808,1.490123,0.22111034
1.2680608,4.748082,0.50114536,6.8316298,1.0127022,-1.5378174,0.028358936,0.31424516
0.90636855,6.5051994,0.3755901,6.98451,1.0037103,-1.5638211,0.09466684,0.23442876
0.84217054,7.1396294,0.39148068,7.128748,1.0594907,-1.6613206,0.24470091,0.5046195
0.8236991,5.6256475,0.31975007,7.1722107,1.1081524,-1.6740859,1.7551029,0.4400226
0.79937625,5.0333853,0.4349742,7.0162287,1.062428,-1.6441073,0.54526234,0.48074633
0.8166189,4.604884,0.42268777,7.0283012,1.0107341,-1.6289262,0.34391737,0.21175188
0.79840267,4.928012,0.33192706,7.2175937,0.93899894,-1.5254999,0.28516674,0.27698028
0.7387748,3.052701,0.32889426,7.2143545,0.89364505,-1.5069195,0.22607517,0.2675339
1.177582,2.2442331,0.21999526,7.2014866,0.87261724,-1.490161,0.5230725,0.64152265
1.212738,5.527939,0.2736678,7.1669297,0.8697083,-1.4533126,2.4300919,0.5528097
1.2968373,2.179357,0.2600093,7.0609107,0.8099377,-1.3627514,1.953105,0.53853476
1.2606752,2.5571144,0.47073746,7.0879955,0.74537134,-1.3554715,1.9571507,0.6966958
1.1067455,3.8906388,0.51071954,7.035531,0.7186506,-1.3543963,2.3070395,0.6757481
0.9830611,3.591876,0.55071163,6.919284,0.79269314,-1.3844557,1.9904492,0.6941898
1.0069473,2.2237442,0.50969696,6.917905,0.7849426,-1.4026755,1.4037054,0.44745135
0.9101771,2.227969,0.47532785,6.9999814,0.78722334,-1.424749,-0.0033911467,-0.016175628
2.1319451,2.1256983,0.41608357,6.974573,0.7603526,-1.3287187,-0.15443325,0.05988103
1.574262,2.5999794,0.4383849,7.0386524,0.7159884,-1.3148807,0.11290383,0.1529851
1.2989597,5.695245,0.4928831,6.903466,0.77254176,-1.3775544,-0.044777215,-0.19521838
1.2941544,5.2895074,0.44062924,7.011698,0.7618027,-1.379206,0.044693947,0.3244959
1.3962678,6.240931,0.46118045,6.993227,0.8036804,-1.3985987,-0.17455131,0.50552225
1.4598637,5.4311743,0.41702545,6.9645143,0.7915969,-1.3800056,0.9555665,0.24655199
1.8956487,7.6642995,0.38325572,6.95737,0.78509617,-1.3387746,-0.3578512,0.02924192
1.4635907,3.8662758,0.38511944,7.0157976,0.71765995,-1.2723752,-0.19796401,0.26962864
2.34146,4.7812138,0.2782197,7.025609,0.7374506,-1.2664852,-0.037800074,-0.115080714
2.9864101,2.4359703,0.35523343,7.0506864,0.73453665,-1.2794154,0.043405294,-0.12329441
0.7023259,2.639736,0.51798403,7.137102,0.7318659,-1.3713694,-0.1186682,-0.26465076
0.8249269,4.161847,0.43478787,7.2126393,0.71799374,-1.2907479,0.0812825,-0.33531943
0.88407725,3.114451,0.40575838,7.234473,0.6723323,-1.3777747,0.14339828,-0.01989621
0.7696314,2.9211257,0.37553215,7.313221,0.6609838,-1.3149437,-0.24893427,-0.0073944926
0.90865636,3.0853736,0.33367825,7.2725763,0.71133184,-1.388226,-0.28294826,-0.10580152
0.9335922,4.3067713,0.3783964,7.3887496,0.7105222,-1.3678626,-0.14615405,0.73029625
1.2631526,5.9743834,0.5172745,7.0989084,0.7224302,-1.3978937,2.5952947,0.6619061
1.1843127,4.05412,0.503613,6.9904175,0.7825663,-1.4047147,2.3658311,0.6873416
1.2527094,5.4064093,0.43741786,7.0853,0.77052665,-1.4001205,1.7339897,0.61877847
1.466486,5.991906,0.33873177,7.034685,0.8376672,-1.3636484,0.931056,0.4362086
2.4394202,5.9723463,0.26023293,7.148182,0.82920074,-1.409733,0.51775956,0.4507655
2.8444881,7.9079776,0.2717836,7.083014,0.8599987,-1.3963734,0.3668139,0.35268158
2.6763349,8.487876,0.20355797,7.167912,0.84184766,-1.3849497,0.538784,0.8073014
2.8619814,9.419712,0.31577146,7.021801,0.7593782,-1.3789945,2.7208526,0.460976
2.4959486,9.47753,0.34417784,7.120479,0.7939358,-1.3767672,1.2497838,0.64293003
2.1339774,7.8991256,0.30856264,7.1436644,0.7991612,-1.3936214,0.17215586,0.52204597
1.8529413,4.287945,0.34652984,6.935141,0.8115597,-1.3650696,-0.48885465,-0.22931355
2.3563206,8.997063,0.3639146,6.965222,0.7986977,-1.3580866,-0.122077644,-0.18640828
2.44177,9.133722,0.4254315,6.9619017,0.77718616,-1.3459015,-0.2051636,0.010841072
2.576654,9.092956,0.32826376,7.009593,0.82817245,-1.3667111,0.6044737,0.31960964
2.4183187,2.5014796,0.29897177,7.0635023,0.8524153,-1.3942313,0.9146277,0.5159198
1.9358069,7.511177,0.3360957,7.023219,0.8489187,-1.4052172,1.6849294,0.5510793
1.4284713,2.5519178,0.3822962,6.9028788,0.8280492,-1.419765,2.1529317,0.5591574
1.6568668,8.899605,0.39423752,6.924052,0.87272763,-1.509058,1.230624,0.71950483
1.4726026,9.531509,0.4347031,6.938742,0.8771224,-1.4888939,1.9042194,0.6773423
1.9923449,2.6010752,0.42472732,6.7295284,0.99007535,-1.4564011,2.0344775,0.5636332
1.7648869,2.2256513,0.41810954,7.005377,0.909261,-1.4512421,1.5410931,0.5388043
1.655891,9.548404,0.22005701,7.0005865,0.89831114,-1.4797972,2.928261,0.53723645
2.129756,2.2504601,0.32672048,6.792308,0.9889631,-1.4911551,-0.044056177,0.72202826
2.3020844,9.220989,0.500388,6.663145,0.9869878,-1.5245891,1.1526575,0.69854355
1.2674087,5.649783,0.53717184,6.694644,0.99799466,-1.5827516,0.64500153,0.56281435
1.5766863,4.6435075,0.563056,6.594262,1.0336423,-1.5927771,1.1816792,0.34695417
1.96064,4.4831285,0.51120305,6.650041,1.024867,-1.5785754,0.999107,0.39574623
1.800289,6.2237387,0.5407603,6.6265764,1.0170503,-1.5583367,1.4112511,0.5645108
1.2632458,5.6710196,0.52720547,6.6083903,1.0696287,-1.5765129,0.82918346,0.5268017
1.7562029,8.470093,0.5436008,6.6123333,1.0422566,-1.6260604,1.3743932,0.58304834
1.7604818,5.5627875,0.55886984,6.7077494,1.0459948,-1.6190677,-0.20794475,0.033560634
0.94151807,5.120139,0.5979264,6.65598,1.0250816,-1.6444007,-0.43407214,-0.1008448
0.9389107,5.690509,0.5781821,6.619492,1.0440779,-1.5573989,-0.14223719,-0.09896284
1.0255486,5.929557,0.702806,6.5616827,1.045356,-1.6741364,-0.06548464,-0.13227355
0.85337377,5.3091936,0.7382226,6.4586844,1.0689943,-1.6842141,-0.021846056,0.042105436
1.6276222,3.5665405,0.74992895,6.373927,1.0308933,-1.6024324,-0.07920098,0.22780144
1.7657554,4.0501733,0.7640407,6.1756005,1.068877,-1.5998952,0.22023177,0.16945189
1.4393163,2.5491903,0.79329157,6.2086897,1.0847845,-1.6247687,0.26083767,0.20114756
1.4673358,2.569962,0.6763768,6.250308,1.1427042,-1.623458,0.56323624,0.18192649
1.3148087,7.077329,0.7675779,6.15343,1.198766,-1.710103,-0.0841884,0.04859197
1.4704545,3.0823052,0.7751894,6.2037144,1.1567762,-1.7045891,-0.010387719,0.23869252
1.555761,6.334162,0.7715688,6.194976,1.1540766,-1.7083251,0.25391185,0.3770448
1.5716819,9.625243,0.7204908,6.2869244,1.1355407,-1.7152824,0.5175463,0.38129377
1.9244704,8.373506,0.69407725,6.2810006,1.1341698,-1.7160013,0.21280181,0.45583212
1.8855481,8.963428,0.7049804,6.2629795,1.1501794,-1.7066609,1.1258686,0.32374215
1.8402026,3.9464102,0.67407644,6.2870264,1.1596634,-1.6892979,0.8621825,0.4537297
1.3000106,5.472329,0.68167853,6.3396816,1.1778624,-1.7272005,0.8479146,0.5731745
1.6074779,8.9210415,0.64468515,6.3092422,1.1737883,-1.7531043,2.075697,0.6895163
2.2096958,8.502876,0.68075347,6.309394,1.1911108,-1.7888772,2.1541617,0.7565876
2.0870252,4.539957,0.62303936,6.311717,1.2417731,-1.7918618,1.6412294,0.8644656
1.5597824,4.5864596,0.6296284,6.446326,1.2648857,-1.8201917,2.5655277,0.5909568
1.2031345,4.4863586,0.62166786,6.439609,1.2025423,-1.7254655,2.2496307,0.61181045
1.5357945,5.011948,0.62220573,6.382772,1.195895,-1.7575793,1.9516654,0.6091939
1.0541251,5.4647408,0.6542373,6.3375587,1.1920121,-1.7605193,2.7250435,0.5934702
1.1908038,7.9869413,0.59751487,6.3800116,1.1849401,-1.8054401,2.5128477,0.6452997
0.9362613,7.362073,0.60805035,6.522044,1.1880617,-1.7588091,2.3852127,0.7167196
1.0424144,4.927957,0.67732096,6.515626,1.1696804,-1.7829092,2.310928,0.5844835
1.1264173,5.022841,0.64459145,6.5047636,1.1740077,-1.8068227,2.5619054,0.76142204
1.185158,4.778466,0.6472068,6.460082,1.2119977,-1.7787904,1.9526916,0.40881342
0.99072945,6.2020583,0.6868794,6.4050436,1.1664834,-1.7206755,2.4693453,0.64462864
1.122397,7.770145,0.6265105,6.547137,1.1723623,-1.782611,2.9207928,0.64548826
0.99650675,6.4316034,0.5461072,6.611166,1.1756465,-1.7787561,2.4983034,0.6049962
1.1369336,5.381031,0.59187126,6.6177616,1.2101483,-1.7950767,0.15738785,0.43470633
0.9834138,8.55802,0.5936632,6.5476904,1.2673419,-1.8488044,0.22015142,0.43380964
0.95059776,7.3939934,0.5523844,6.6989584,1.2716494,-1.8342165,-0.2386986,0.48175824
1.0339904,6.8482833,0.48250175,6.6323657,1.2003565,-1.7569073,2.0669522,0.5240376
0.904391,4.5341234,0.543661,6.6543217,1.207444,-1.8098447,1.3877888,0.7416847
1.2579744,4.762685,0.5465815,6.5720778,1.1999719,-1.7973838,2.8787723,0.5941323
1.084827,7.7993174,0.5273547,6.601486,1.2414119,-1.7706076,1.5704701,0.8119085
0.73971665,4.6210933,0.64290404,6.525457,1.1815505,-1.7681298,1.6063366,0.22274786
0.81848603,9.164999,0.6212535,6.6511803,1.2178154,-1.7821157,2.3394685,0.25133467
1.1065621,5.9026155,0.6062703,6.5039644,1.2429228,-1.8390601,-0.04879093,0.22552639
0.9600735,5.2348156,0.5452653,6.625599,1.2043288,-1.8195622,0.08682394,0.35291117
0.9469019,9.127935,0.50065374,6.749939,1.1734724,-1.8147943,0.34195054,0.44659424
0.859629,5.32275,0.5115975,6.732835,1.2172165,-1.7930537,0.103179336,0.39531046
1.560585,3.1710236,0.4970739,6.5472956,1.204659,-1.7533648,1.0384374,0.5162034
0.98281765,5.8560104,0.5236367,6.640774,1.1622381,-1.7293675,0.50139296,0.4191965
0.9032903,6.3766856,0.5496019,6.660585,1.2078114,-1.7539303,1.2885635,0.45901006
1.0927447,8.222317,0.43429995,6.6747,1.2209392,-1.804891,0.3576424,0.4106772
1.1383668,9.2078,0.5029073,6.641507,1.2350907,-1.7674471,0.3898152,0.5079613
2.0206952,3.9633675,0.47987223,6.528219,1.2768774,-1.8226967,0.48997533,0.1746434
2.3603578,3.3703442,0.4804461,6.552679,1.2836494,-1.8334296,0.84265685,0.5367279
0.5016227,2.503769,0.48427463,6.7747784,1.286736,-1.8537706,1.6453612,0.47564387
1.7041138,4.98023,0.35613906,6.8178997,1.2452173,-1.8025937,1.0078053,0.70025134
1.0161309,5.8442955,0.34020877,6.950279,1.1562665,-1.7569429,2.6276445,0.5665356
1.0548551,4.072443,0.36164725,6.921584,1.1614308,-1.7505132,0.6890807,0.2648734
1.2594852,9.605053,0.36759448,7.0232544,1.1361382,-1.7725762,0.68769455,0.5843364
1.0124002,2.9783149,0.36863792,7.03242,1.140892,-1.6843638,0.88591194,0.5741538
0.89650756,9.15781,0.24267125,7.24601,1.1156433,-1.7326597,1.5863283,0.7220479
1.0032287,7.391582,0.2857983,7.205782,1.146579,-1.7337345,0.010023475,0.351596
1.0333126,7.8408103,0.40651703,7.009205,1.1757812,-1.7537385,-0.28585136,0.05488944
0.9715094,8.704994,0.40321672,6.8797274,1.113214,-1.6949424,-0.12581575,-0.009067833
1.7531486,8.344214,0.32076144,7.0421834,1.153121,-1.7540934,-0.2841919,0.22288215
1.0636396,9.002497,0.30584145,7.04251,1.1396995,-1.7481496,0.11877835,-0.0072598755
1.2373629,3.6345997,0.29081726,6.821489,1.2728043,-1.8400364,0.39942944,0.1482256
2.2612598,7.596954,0.3594942,6.766162,1.2743301,-1.8305367,0.4673357,0.43421817
1.640209,9.99282,0.34682214,6.823041,1.2678378,-1.837693,0.19663644,0.26234782
1.4696734,9.323721,0.33787036,6.763527,1.2669003,-1.8382573,0.035040855,0.5126201
1.3809606,6.443073,0.41195393,6.753483,1.250006,-1.8178191,0.011747003,0.4586593
1.9812881,6.7450542,0.37655318,6.7834425,1.2446892,-1.8238031,-0.18298548,-0.07456887
0.9329206,4.838064,0.28703022,6.7896624,1.2313049,-1.7877154,-0.08650321,-0.013737559
2.9287882,2.7241955,0.3221662,6.8495297,1.2528713,-1.7651379,0.12835109,-3.4451485e-05
2.8725176,5.20382,0.34644735,6.8799706,1.1969304,-1.7596284,-0.037462115,0.020485818
1.8594328,7.2627335,0.35782337,6.8327503,1.1814787,-1.7557578,0.024376035,0.24623722
2.3318715,6.8900394,0.34601617,6.8676643,1.1708455,-1.7813818,0.23909795,0.42407197
2.3961644,8.310848,0.31624198,6.880254,1.1950412,-1.7812457,1.456187,0.4317956
2.3902235,6.3273377,0.34509146,6.8993607,1.1972067,-1.7669603,1.2360954,0.70617604
1.5526983,5.6216903,0.30284965,6.897971,1.2080905,-1.7562522,1.8959765,0.43892503
1.2717788,9.79105,0.28419888,6.903776,1.1685288,-1.7623467,2.108339,0.80573606
1.8401971,3.343275,0.2888863,6.9424257,1.1999035,-1.7167168,1.1699898,0.91533303
1.1800871,3.2490306,0.35486484,6.8967414,1.2078135,-1.7379436,1.3851845,0.54875934
2.0373566,2.5204356,0.39127088,6.9084716,1.2144845,-1.7322695,0.670465,0.43470103
1.1565764,2.3932753,0.37101257,6.9496317,1.2600293,-1.859931,0.69123185,0.56648517
2.3520722,9.67066,0.31316614,6.9335194,1.2511473,-1.8375399,1.7002823,0.55190635
0.9954987,9.862321,0.3353157,6.9171066,1.2551334,-1.8502836,1.7954967,0.6508477
1.9487602,9.79684,0.32713723,6.8845654,1.2567928,-1.7935941,0.6842818,0.8141451
2.614212,2.195926,0.3492787,6.8030744,1.2926104,-1.8420429,1.8485882,0.39273143
0.6730322,2.3170748,0.3478551,6.8312836,1.268007,-1.8380213,2.8496714,0.4535162
1.4089153,2.3003197,0.30874753,6.7969437,1.2899618,-1.8450571,0.032779455,0.46769
0.9629779,2.1904078,0.37449646,6.801017,1.3032408,-1.8379784,-0.13800621,0.039936364
0.7295203,3.5190806,0.3474611,6.8470535,1.3071516,-1.83467,-0.1532507,0.60873604
0.8632001,4.4934607,0.33317876,6.9865885,1.2184961,-1.8379526,1.4566958,0.5019014
1.0559967,4.8289223,0.30989635,6.9875803,1.2609649,-1.7925634,0.5533569,0.58383846
0.9744245,5.3230677,0.36040592,6.8994575,1.2645252,-1.7834048,0.66054296,0.89717746
1.1128314,2.7596602,0.31198764,6.895074,1.2472625,-1.8086495,2.1372118,0.90396893
2.2652059,9.1984005,0.3213557,6.8353505,1.183774,-1.7649648,2.4019334,0.42981958
2.0907507,6.079906,0.30918264,6.99712,1.1473854,-1.7647711,2.892919,0.28740096
1.496196,8.061182,0.28418946,6.9929028,1.2051065,-1.7684406,2.123915,0.3409804
1.3924234,7.4442954,0.21361995,7.2650843,1.1912234,-1.7570698,-0.40396315,0.45804656
1.7805862,7.6663213,0.04720211,7.2471952,1.1830709,-1.677966,-0.37900287,-0.030294329
1.6514206,9.744701,0.10232735,7.161192,1.2339413,-1.7420005,-0.57695335,0.0974133
2.5943055,9.269224,0.07598114,7.269273,1.1989584,-1.7299068,-0.37790215,0.025667012
0.8454778,4.2748885,0.09010446,7.3789506,1.207732,-1.7218592,0.08430874,-0.042547405
1.1809461,5.697503,0.07581043,7.3097296,1.229023,-1.8045833,0.118867755,-0.015693665
1.2344595,8.932404,0.1617496,7.1860495,1.2267954,-1.8275154,-0.03835547,0.3964572
1.1557118,6.4515247,0.229586,7.067685,1.2151256,-1.7706362,0.2761675,0.3005377
2.8585098,7.875707,0.2901696,6.9916325,1.1716151,-1.7508817,0.7470629,0.37547696
2.333474,9.942493,0.30529118,6.902711,1.154855,-1.6986663,-0.09208089,0.37919188
2.3578074,9.96867,0.33134377,6.8793526,1.1714168,-1.7001985,-0.24444461,0.6439152
2.3159633,9.518967,0.37872505,6.7893662,1.0845361,-1.6347268,1.402416,0.59668624
2.3658447,9.942247,0.3779689,6.888934,1.0762191,-1.6813655,1.3589005,0.40357876
2.3691638,3.7098365,0.37040806,6.8723745,1.1231415,-1.710652,1.0774362,0.6157005
1.5339682,2.669115,0.32870233,7.008512,1.1206558,-1.6729773,0.9217646,0.8981652
1.0515522,3.617917,0.38153636,6.882541,1.1068096,-1.7250165,1.6331885,0.36157417
1.285035,9.721303,0.370811,7.017779,1.1192183,-1.7498436,0.13645637,0.69548655
1.1518112,9.282045,0.37358272,7.1223807,1.0535302,-1.7146695,0.028081298,0.3993492
1.2106831,6.6337805,0.34828973,7.017541,1.0519319,-1.6283323,0.2198118,0.3090924
1.0152571,4.363989,0.31533504,6.9692774,1.0683231,-1.6073927,0.6884059,0.5480614
0.8717715,4.3013678,0.36157453,7.0115523,1.0489993,-1.6237098,2.6116493,0.52085066
1.0258151,4.223828,0.35308313,7.1147413,1.0413845,-1.6863809,2.2920966,0.7776574
0.86514,6.6032023,0.33900094,7.1223316,1.0965445,-1.7188921,2.32353,0.5689008
2.0735219,4.8811283,0.30455792,7.0366144,1.1227028,-1.6688983,2.4353642,0.7883043
1.6245725,2.0749576,0.29165626,7.0387197,1.0592194,-1.6555679,1.7297754,0.6440792
1.576314,9.940357,0.18922627,7.041317,1.0899577,-1.6393328,0.2845962,0.23252404
2.7442346,3.6909046,0.22519839,7.105353,1.0585163,-1.6582403,-0.42485023,-0.16013631
2.5740294,7.095366,0.13540936,7.1069813,1.1217031,-1.6283753,-0.35548377,-0.17941397
1.9293346,7.893199,0.21903062,6.968176,1.1081543,-1.6452022,-0.12078041,-0.12287974
2.600093,6.4534783,0.22633505,7.01378,1.1202443,-1.6317712,0.18212831,0.39933383
1.4569371,2.2010477,0.23720741,7.030969,1.0503931,-1.5892406,0.8197695,0.42225456
2.2879963,6.9186807,0.21908367,7.031288,1.0438957,-1.5762193,2.214066,0.513921
2.654431,9.723358,0.19922376,7.0396085,1.0494559,-1.5759612,0.39640915,0.28537416
1.1941606,3.9323292,0.241678,7.086919,1.0028677,-1.5849826,0.46905828,0.48270822
1.3207333,8.155715,0.25829244,7.277758,0.9974673,-1.5308838,0.0483948,0.42997605
1.2197287,9.699661,0.22373736,7.032927,0.9979894,-1.5434165,0.087251544,0.13153166
2.7541556,9.863103,0.29571247,6.9764013,1.0400219,-1.5745835,-0.1378051,0.13658196
2.9558053,9.645622,0.7002404,5.9075203,1.8023863,-2.396009,1.6706836,0.38661516
2.4448357,6.920787,0.6762943,5.8033757,1.8198755,-2.373993,1.0212173,0.27858126
1.9029956,6.999266,0.6595882,5.743389,1.8329625,-2.375138,0.6146301,0.2835772
1.4835238,7.6917644,0.6044135,5.855111,1.8336873,-2.381215,0.8475256,0.36537343
1.493745,9.79056,0.62236476,6.0085344,1.8610888,-2.5425727,0.55357623,0.49947894
2.2935371,9.808073,0.7158923,5.9387426,1.8609211,-2.5718684,2.1779897,0.42525107
2.597592,5.0562367,0.70737886,5.985981,1.8063273,-2.4311304,1.8651602,0.5736151
0.75900435,7.2711234,0.68346715,5.8702044,1.857708,-2.389682,1.9075761,0.45520365
2.905051,5.5801516,0.69741035,5.8088417,1.8610599,-2.425118,0.7489519,0.6184429
0.75816727,3.081554,0.6828283,5.936033,1.8943636,-2.4407616,2.2661655,0.334769
0.7385638,3.4390445,0.7018082,5.8488264,1.8469045,-2.4823945,2.5532167,0.19531453
2.902168,3.4562645,0.76588225,5.7974834,1.7975957,-2.379239,2.9544182,-0.09629634
2.206087,3.9951067,0.727283,5.7310004,1.8346217,-2.3800883,1.3911734,0.80707955
2.49757,3.8156378,0.70830154,5.7729015,1.8392062,-2.3413892,0.9213222,0.79417646
2.1814759,3.103818,0.6522379,5.82594,1.8639622,-2.3350492,-0.50152445,0.1732949
2.3315506,8.4435215,0.66519165,5.815728,1.8460152,-2.3436089,-0.8470303,-0.37564784
0.97435904,6.077534,0.6895633,5.712018,1.7911105,-2.3472643,-0.23269993,-0.37717664
0.76909316,7.2888026,0.6784749,5.8168745,1.8250723,-2.3169854,-0.13223875,0.16509241
2.2020307,8.882162,0.6850486,5.816992,1.9494085,-2.47442,0.0730561,0.1031425
1.1493297,7.8880863,0.68914557,5.773404,1.9462817,-2.5529804,0.09732115,0.18693674
1.1158032,7.0805845,0.6687753,5.735097,1.9024186,-2.3816516,0.62180495,0.12457889
0.9539752,6.462649,0.6532532,5.869965,1.7537897,-2.1931643,0.6855676,0.73143816
2.1189108,6.6032076,0.7347193,5.7588573,1.7594237,-2.2686405,1.022881,0.63655376
1.957653,7.470845,0.70590734,5.661809,1.7497916,-2.2889242,2.5698795,0.46112543
2.0383873,5.220948,0.7399372,5.720372,1.7095115,-2.2583113,2.498735,0.5725355
1.5926024,6.1634607,0.7573545,5.6434693,1.7325842,-2.2604053,2.974608,0.48814702
2.085711,6.421066,0.8617265,5.523465,1.735436,-2.3441403,0.21669376,0.726804
2.664103,6.5872383,0.85725474,5.550807,1.7955067,-2.4408479,2.8821905,0.71232796
1.816081,4.9632726,0.87781596,5.2422214,1.8364727,-2.3911018,0.6646389,0.506462
2.1859617,4.9759426,0.9196023,5.04503,1.896905,-2.4359603,2.7187445,0.4820745
2.536862,7.6490784,0.9317968,5.254752,1.8918133,-2.4257855,2.7611485,0.4067657
2.7544506,8.175902,0.94924605,5.2742186,1.9093444,-2.5278358,2.5466902,0.4472171
0.9996431,8.685453,0.8960911,5.345523,1.8742981,-2.450898,2.8268242,0.4204439
1.6011689,7.28274,0.8716879,5.355562,1.8845086,-2.445397,2.7578351,0.66080797
2.1224012,5.7222424,0.86125314,5.322445,1.8699129,-2.4260168,0.49808133,-3.1113625e-05
1.1984115,6.105112,0.87064934,5.3392897,1.8848648,-2.4535413,0.40991008,0.022381067
0.8257238,5.3893747,0.81102943,5.3918633,1.9225163,-2.4369233,0.34881794,-0.08859128
0.94758964,3.82701,0.7678865,5.5366673,1.9538505,-2.5096502,0.3080865,-0.1852828
0.8421971,3.9967828,0.7669885,5.5287743,1.9687538,-2.5135574,-0.17459005,-0.1265012
2.9132795,9.889161,0.81248236,5.4820075,1.9380953,-2.5657008,0.46675265,0.03828025
0.9296731,8.16407,0.8091562,5.61601,1.9645045,-2.5461793,-0.10869032,0.2773416
0.7785432,9.642555,0.8108634,5.4790907,1.9609458,-2.5471168,-0.072423756,0.23042804
1.585779,8.95149,0.84211147,5.4488993,1.9721327,-2.5656307,0.6555686,0.38617134
0.988549,4.4582043,0.74548864,5.45108,1.9522021,-2.528388,0.7477834,0.3513856
1.6552663,6.541809,0.78671026,5.435465,1.933408,-2.4785807,2.1698258,0.53610826
1.735348,7.250727,0.8537011,5.382038,1.9366622,-2.4928596,2.693154,0.5519308
1.853954,8.394091,0.87956524,5.360158,1.8992198,-2.5427196,2.3534184,0.61571217
2.2857947,5.230691,0.87464345,5.383064,1.94487,-2.502217,0.2560519,-0.102375984
1.9297396,6.5179224,0.87590194,5.287058,1.9481483,-2.5348308,0.117096424,-0.017793447
2.0837638,7.0170603,0.90208066,5.4944496,1.8792927,-2.4963624,0.09689534,0.16521364
2.8020906,9.689369,0.9093983,5.4628377,1.8759782,-2.5314124,0.023744583,0.11585009
1.6438164,9.872304,0.90844893,5.3931794,1.8935573,-2.5246108,0.06803048,0.19283319
2.3375428,4.5725636,0.8294542,5.350355,1.980295,-2.5182707,0.66758454,0.32673883
2.3817663,7.742689,0.8499396,5.3431826,1.973213,-2.544479,0.6501657,0.2447865
2.6894946,7.826372,0.9120343,5.3085012,1.9882855,-2.554747,0.3958646,0.255458
1.5086979,9.302854,0.8968768,5.3275175,1.8690281,-2.4825292,0.6311828,0.27481812
2.2372832,7.032025,0.88136256,5.312228,1.8752835,-2.5215075,2.2875242,0.43703306
1.793938,5.837491,0.80861855,5.3963375,1.9311969,-2.514416,0.58398736,0.631129
1.9305701,5.8354797,0.8087884,5.617728,1.9334228,-2.507414,-0.36095077,-0.188997
1.2536303,6.1716194,0.766484,5.562435,1.9431908,-2.5143433,-0.25163215,-0.24990463
2.535475,7.6991835,0.7742603,5.608547,1.9606028,-2.5391564,0.037727,-0.07429713
2.4596317,9.613363,0.80758166,5.506244,1.9611943,-2.5237348,0.41468,0.22543943
2.0235343,9.617809,0.794929,5.4384356,1.9605606,-2.56897,-0.044281363,0.14395618
2.191473,9.637272,0.7854612,5.414789,1.981504,-2.5847514,0.3144765,0.21276224
2.6004028,8.531298,0.84598804,5.3531537,1.9860256,-2.523284,0.26629114,0.3447683
2.8187187,6.5707393,0.86106074,5.328925,1.9733274,-2.521605,-0.08857083,-0.10912305
2.9261773,9.846128,0.8306525,5.439583,1.9642792,-2.5062141,-0.24092305,-0.17641217
2.9289236,5.431485,0.78012943,5.7423453,1.9150896,-2.5453298,-0.32080728,0.33559877
0.7920816,9.95207,0.75817394,5.724578,1.9113643,-2.5667324,-0.2894832,-0.30561632
2.8659678,8.959999,0.78884315,5.803961,1.910562,-2.5414846,0.028513074,-0.18087295
1.6472659,7.309893,0.7742605,5.7266464,1.9172194,-2.5264661,-0.14115745,0.22783381
1.620969,4.8361726,0.76666546,5.6595573,1.9172685,-2.5234,-0.187401,0.010364056
1.4889683,9.612557,0.7221129,5.7267027,1.9340904,-2.5611548,0.38462102,0.33169562
2.2681758,8.969063,0.7165501,5.579771,1.9621272,-2.5415525,0.27109635,0.08694899
2.4542289,8.971632,0.7529166,5.5485973,1.9761167,-2.5282724,0.5350355,-0.02275446
2.4630728,7.8543615,0.8010771,5.5199494,1.9186728,-2.5231373,0.31209874,0.23024952
1.2934986,8.344803,0.8285427,5.4952927,1.8803535,-2.5415232,0.34358013,0.025300682
1.174534,7.8787365,0.8361963,5.519723,1.9367449,-2.5534418,-0.2507062,0.08592737
2.3091521,7.4923725,0.87765765,5.383294,1.952039,-2.559929,0.1345743,0.0065301657
0.94806486,8.236695,0.85049,5.3947806,1.9482079,-2.5852306,0.21953857,0.105505526
1.3269567,5.5816536,0.9360417,5.229312,1.9703491,-2.5517685,0.7262373,-0.14633137
2.9481852,8.406235,0.9595876,5.1699715,1.9780333,-2.5668674,1.8348594,0.36530983
2.9585123,4.8326035,0.95629597,5.1063166,1.9768155,-2.5695438,0.86166906,0.20640224
1.5806363,3.7263122,0.8930173,5.163316,1.9280574,-2.4745398,1.0145004,0.22192734
1.8809693,6.5258965,0.8816966,5.1520767,1.9642735,-2.479947,0.52550495,0.33619547
1.713337,4.977615,0.9145243,5.1875496,1.901551,-2.4557948,1.1248717,0.16275579
1.7079351,4.6367903,0.89868116,5.4288177,1.8556802,-2.457841,0.9703113,0.5400182
1.7402159,4.4341974,0.85800743,5.1818204,1.8883464,-2.357562,0.8554299,0.7555826
2.3645763,8.939644,0.8654059,5.2449665,1.8592865,-2.343436,1.603761,0.74178827
1.109182,8.45779,0.9356086,5.1858225,1.9296393,-2.5302846,0.6048919,0.30267233
2.842345,7.6532006,0.94529414,5.1429615,1.9496708,-2.5431604,0.8326013,0.26115143
2.8851035,5.155183,0.9560015,5.1756744,1.9506998,-2.498282,0.75721407,0.25394797
2.3354788,8.44356,0.95339954,5.1393566,1.9916973,-2.5671892,1.216069,0.40438664
2.8334372,8.517761,0.9959059,5.050115,1.9838152,-2.6393492,1.7210174,0.49520504
0.6143384,7.2235575,1.0084898,5.179841,1.9787805,-2.6378884,1.6754241,0.714056
2.7097507,9.400514,0.98689294,5.161437,1.9881027,-2.628166,2.596286,0.43895054
2.6778991,7.971772,1.0033064,5.1373115,1.9959962,-2.5978146,2.997823,0.7545415
2.7739398,7.8338723,0.9978497,5.0490866,1.9850283,-2.5846715,2.9698896,0.6835214
1.0967207,9.016096,0.93109846,5.0331297,1.9960847,-2.6286583,0.6653229,0.07852292
2.5515785,9.267298,0.9114505,5.090787,1.9886029,-2.5762033,-0.27496475,-0.29345512
2.198413,4.4766836,0.8861511,5.284294,1.9723716,-2.5584273,-0.31309426,-0.2826969
2.5830498,8.999195,0.80218506,5.438877,1.9484024,-2.4540393,0.15580893,0.18348247
1.2246845,6.1295695,0.79747367,5.508056,1.8923836,-2.4465494,0.32851565,-0.20194626
2.0009532,5.669761,0.7835679,5.6565204,1.8323348,-2.471939,2.2053385,0.43174696
2.135133,8.2247,0.80728066,5.5552235,1.8511343,-2.4670599,2.3841202,0.3499086
2.424532,4.6056385,0.7800157,5.5424323,1.8746269,-2.4863691,2.8459053,0.64026654
2.8837333,9.04471,0.8593323,5.6335583,1.8138049,-2.4756892,2.9926977,0.4001789
2.1855862,8.316169,0.85244775,5.6419344,1.791738,-2.4230747,2.2835302,0.3935728
2.2812653,9.65036,0.83302355,5.654231,1.7938366,-2.4466376,0.518733,0.45673823
2.6928105,6.6448984,0.8320801,5.653371,1.8347921,-2.4435253,1.2425325,0.26161933
2.2837224,9.152326,0.8153944,5.5570345,1.8361452,-2.4454508,1.1377821,0.43499267
1.6839746,8.834394,0.8396101,5.652413,1.8432677,-2.4931169,1.7061064,0.492486
2.7460053,8.157259,0.8216324,5.5743775,1.8428583,-2.4121943,0.22130597,0.5193833
2.5523343,7.063185,0.85882473,5.5431376,1.8989933,-2.4747484,-0.083378136,0.030495465
2.1897962,3.8311548,0.883597,5.370659,1.9270511,-2.4683447,1.4414542,0.19368303
2.30564,7.5586658,0.82145417,5.394068,1.9027686,-2.4757705,0.59105253,0.21163398
1.6694655,6.587117,0.8095689,5.393487,1.9573956,-2.4749856,1.4936256,0.3170898
1.931072,6.5029907,0.8124132,5.3412313,1.9598553,-2.477554,0.7186488,0.4448319
1.9569854,5.2925296,0.7411437,5.490224,1.93712,-2.4860516,1.140213,0.44342864
2.0934916,6.801996,0.8140929,5.459529,1.9364479,-2.5289273,1.2795281,0.20915866
2.0879192,6.4127674,0.8454683,5.475563,1.9172812,-2.5477953,2.1175957,0.5041101
2.4510372,6.7144265,0.84693944,5.3655753,1.9354479,-2.5332885,2.2080696,0.22177821
2.541078,8.479512,0.91029036,5.3206983,1.9073274,-2.501721,1.8052862,0.5835798
1.7801296,8.458164,0.83263505,5.2681046,1.968389,-2.484568,1.3389566,0.57295775
2.0415869,7.6017613,0.8636199,5.2327347,1.9818854,-2.5046587,2.0122044,0.49093807
1.5883329,5.206362,0.85429835,5.2463255,1.9775019,-2.578916,2.0684683,0.33665627
1.535499,6.8641696,0.8848076,5.385181,1.8828018,-2.5666955,0.33547783,0.5087578
1.4897065,5.939312,0.87052083,5.464568,1.8917713,-2.5549827,0.42583454,0.36488068
2.0892823,5.7798796,0.8447944,5.4952602,1.8745079,-2.487528,2.0158787,0.2590922
2.709213,9.344837,0.9207746,5.5035834,1.858352,-2.5300448,0.14843976,0.03843677
2.784802,8.986282,0.86810184,5.4132366,1.8609607,-2.4332247,0.2986939,0.28847003
2.8469286,9.619789,0.9218403,5.3988466,1.8156469,-2.4259791,0.5537659,0.24127185
1.7370346,5.843367,0.95167446,5.254598,1.8259666,-2.4553916,0.3348589,0.15720063
2.694539,7.529409,0.98485994,5.1633124,1.844713,-2.4651446,0.16889298,-0.026381731
2.365685,7.801796,0.9338095,5.3769197,1.817702,-2.4418385,0.12821758,0.22342718
2.302404,5.2569075,0.8853042,5.344009,1.8220127,-2.370779,0.4877715,0.49734497
2.1466873,4.308922,0.94287133,5.2671914,1.7666385,-2.4005957,2.4360163,0.051984966
1.6841359,5.782921,0.9625734,5.3379097,1.7436495,-2.321307,-0.20402914,-0.11481547
0.6774546,8.448399,1.0375192,5.314369,1.7306578,-2.3189592,0.4759637,0.14477837
0.6818354,9.326641,0.98246145,5.3442526,1.784914,-2.3678808,0.6107961,-0.08959472
0.6226708,9.352621,1.0309627,5.477085,1.8026781,-2.4304702,2.3970041,0.49227297
0.59507626,8.846637,1.0135367,5.4432893,1.8027432,-2.4553945,0.35574257,0.47085273
0.5870219,8.619314,1.0227556,5.4073124,1.7993996,-2.4726336,0.07010472,-0.17655411
0.57986623,9.183022,1.002588,5.3688993,1.8217115,-2.4167001,-0.29697192,-0.0855692
0.6366961,8.868006,0.9184928,5.43395,1.7971368,-2.3806462,-0.11847192,-0.24190682
1.2263988,7.9481444,0.8926549,5.51442,1.8278077,-2.5425239,-0.06427491,-0.03457445
1.0163484,7.151823,0.84127235,5.4424143,1.9536195,-2.546256,-0.3258744,-0.08917898
1.0648761,7.1609907,0.82839894,5.4387856,1.949919,-2.5572653,-0.5901143,-0.41678807
1.5984108,4.792864,0.8190856,5.446698,1.9903753,-2.5128133,-0.48498273,0.040884018
1.6905379,4.8638697,0.754143,5.4605837,1.9956541,-2.5302854,0.48185456,0.14462739
2.3211937,9.464544,0.8298428,5.463793,1.9644034,-2.5433688,0.6170306,0.33627176
2.2606235,6.345145,0.85450816,5.4499865,1.9922469,-2.6193514,2.264413,0.5277996
2.4215095,9.054615,0.84508836,5.464166,1.9672573,-2.6582785,2.261725,0.40140593
2.3856947,9.1395855,0.9004427,5.239588,1.9938388,-2.6380975,1.6811664,0.5041932
1.7850857,9.768505,0.9442308,5.2427034,1.9759569,-2.5760849,1.3478527,0.61344934
1.7634621,8.935974,0.9043287,5.232074,1.986157,-2.5855305,2.5196216,0.5858048
2.6233246,9.690458,0.89850223,5.1450295,1.9938235,-2.5631318,2.8007739,0.44089186
2.0099788,2.7730064,0.93510413,5.131474,1.9741232,-2.5263367,2.543674,0.4263326
1.7082545,4.645495,0.9185426,5.1552267,1.9843247,-2.6157913,2.169055,0.32034844
2.212143,5.365012,0.9292518,5.233021,1.9923904,-2.5977046,2.3771608,0.33502746
1.8220792,4.817607,0.932896,5.138874,1.9545681,-2.5694494,0.8579887,0.51008534
2.042657,5.6388,0.9254888,5.172341,1.9416761,-2.5410519,1.5550637,0.50777507
1.2229218,9.089989,0.9348755,5.243117,1.8823547,-2.5276566,0.92073405,0.3045956
2.9891076,8.284769,0.942255,5.289686,1.8585839,-2.4644816,0.8467195,0.26204872
2.1299133,7.904148,0.9215828,5.262514,1.9121614,-2.46706,0.45228994,0.10473359
1.2869427,6.6836333,0.8522394,5.2775335,1.936465,-2.4769332,0.21300828,0.27366835
2.0464072,7.4622207,0.8535466,5.32834,1.9266295,-2.5093315,2.1929626,0.62316775
1.8309859,7.0298624,0.8917055,5.3358,1.9522345,-2.5684967,2.2423432,0.45485836
1.6895876,6.3545113,0.86593163,5.264537,1.9645958,-2.5631123,2.0952816,0.5945728
1.3168485,4.4205804,0.8747479,5.275377,1.9726269,-2.557633,2.1711154,0.29350078
2.530539,9.910288,0.8699405,5.318966,1.9628596,-2.5511036,1.8481405,0.48426545
2.1483378,9.841316,0.8815217,5.3166738,1.9655371,-2.5945375,1.2826872,0.43964398
1.2235689,8.108042,0.8436811,5.149682,1.9777205,-2.5298622,1.0927515,0.6301025
1.2579811,2.4601533,0.82479906,5.1669636,1.9929025,-2.4701157,1.4923847,0.5955881
1.7119786,9.631396,0.84524715,5.177761,1.9828348,-2.476069,2.363089,0.6815748
2.424553,9.786919,0.9073839,5.1864953,1.9763565,-2.4776483,1.3830705,0.5914813
2.6302369,3.9673152,0.9692979,5.209696,1.9803257,-2.522177,0.8711349,0.7576623
2.5132277,8.532681,0.9871931,5.1400065,1.9423671,-2.5228987,0.6797637,0.7623397
1.3855278,6.8431334,0.9878936,5.0493135,1.9422541,-2.6050491,0.81637335,0.43340063
0.768185,5.6223326,0.9679463,5.094956,1.9130843,-2.5227647,2.7054255,0.7369839
1.2244325,8.043668,0.9917412,5.149959,1.9189067,-2.575194,1.4608836,0.61428595
1.5757968,8.695866,0.89907384,5.264325,1.9458604,-2.5647998,1.5827153,0.64876664
1.0515244,7.108675,0.9093827,5.2324367,1.9201195,-2.5536876,0.94111633,0.115046024
2.1996167,5.644137,0.8946434,5.326856,1.9337561,-2.5304308,2.0839796,0.52545416
1.7161562,5.181654,0.87217546,5.3311014,1.9215422,-2.4983485,2.3137245,0.3625667
1.0087148,5.1775436,0.83356977,5.4350314,1.8680937,-2.5004544,0.19330812,0.06368518
1.2050722,8.298849,0.8430214,5.3508945,1.9583218,-2.5035334,0.392807,-0.08160445
2.4621975,7.9181705,0.8623396,5.3993983,1.9791994,-2.5958962,0.49591815,0.029111207
1.5566324,9.248848,0.8532772,5.368004,1.9863241,-2.5960147,0.21072698,-0.04266101
1.6595166,8.617754,0.8538387,5.362361,1.9584715,-2.5820487,-0.3109916,-0.061081648
1.9703077,9.458178,0.86572385,5.353009,1.9587345,-2.5822434,0.13416219,-0.12067747
2.0084956,9.653381,0.7899078,5.3944926,1.9467449,-2.5157783,-0.11865485,-0.0015810728
1.1678517,9.318618,0.73950696,5.5857286,1.852401,-2.4899669,0.06499529,-0.012411892
2.8642352,8.521631,0.7317209,5.7955656,1.853925,-2.4851089,-0.05061257,-0.13104725
2.687204,8.388309,0.65939283,5.848966,1.8926094,-2.44254,-0.09353632,-0.30994058
1.977911,7.084504,0.6245885,5.866145,1.9262495,-2.4809237,-0.24524468,-0.22759461
2.4483678,8.883738,0.6522229,5.9775743,1.880255,-2.472005,-0.1975295,-0.09203315
2.5662777,7.2343674,0.6485076,5.934514,1.9232771,-2.4470685,-0.35669434,-0.10104975
2.703813,9.720812,0.6403928,5.987016,1.9038033,-2.4160154,1.6505203,0.16978693
2.5487003,6.2625175,0.68074703,5.8408585,1.8833694,-2.4396577,2.2820368,0.63446724
2.189115,6.6801586,0.91377854,5.387019,1.7898793,-2.4495788,0.49922478,0.31950378
2.2779708,7.0844064,0.91183496,5.415942,1.8682871,-2.4629192,1.1251173,0.2933926
2.8417127,4.9086094,0.8906975,5.4424763,1.8309102,-2.4364617,0.36310816,0.38048214
2.1919422,9.235066,0.8801645,5.528455,1.8566003,-2.4865255,0.5340532,0.30819547
2.094898,9.317974,0.8369509,5.345186,1.8926947,-2.4917693,0.9342121,0.388821
2.1710072,9.818749,0.9001359,5.1907973,1.9318478,-2.4859655,0.7621865,0.43995297
2.1302633,8.351341,0.9127481,5.0783863,1.9714661,-2.5519333,0.4616816,0.12833786
2.588864,7.435149,0.85717475,5.3398657,1.9166794,-2.5496087,-0.1540522,0.09895164
2.047155,8.341879,0.8975744,5.3544555,1.8791287,-2.4887795,0.24153852,-0.15209156
2.0284607,4.9985895,0.8717394,5.359724,1.887954,-2.417666,0.2604984,-0.07322025
1.8194041,5.099804,0.8223243,5.369692,1.8924403,-2.476669,1.0232303,0.34353626
2.3432658,4.207876,0.81579804,5.406092,1.935436,-2.538865,1.0002904,0.2723682
2.5839965,8.605012,0.82507944,5.3841624,1.9761119,-2.5336654,1.7342825,0.3652091
2.4731488,9.447798,0.7842202,5.506191,1.955406,-2.4673247,1.049422,0.28675568
2.6824713,5.4145575,0.73322606,5.5407343,1.9505775,-2.496055,-0.30134612,-0.4301616
2.682736,6.9625044,0.85679436,5.24951,1.8879275,-2.4485254,-0.41053867,-0.47037417
2.4687195,8.017324,0.96202624,5.261625,1.7853551,-2.428889,0.1579802,-0.32982135
2.1457055,9.039849,1.030761,5.0943108,1.7905378,-2.334839,0.13652265,-0.17046955
2.5565355,8.351862,0.9968227,5.1105647,1.7598062,-2.327373,2.4061346,0.32709295
2.4858565,5.504808,1.0048165,5.17457,1.7343123,-2.3446765,0.44105268,0.23493844
2.4408555,7.5953755,1.0337758,5.1582866,1.7355783,-2.2498848,1.7397742,0.22160494
2.001101,9.511741,1.0486917,5.0467873,1.6894739,-2.2685664,0.5495007,0.22197628
1.4029297,3.7830048,1.0290685,5.15112,1.7333689,-2.3486354,2.860969,0.49203557
2.0605385,6.313617,1.0392551,5.157785,1.7267289,-2.3243537,1.77585,0.7574756
1.9946523,8.299515,1.0582976,5.0607023,1.7487056,-2.3563762,1.9851642,0.7524116
2.0507038,6.884318,1.0571868,5.114861,1.7348573,-2.3540196,2.082762,0.6962733
1.1742356,6.548458,1.0570307,5.0213547,1.755192,-2.3481417,2.4355428,0.55066216
1.3477147,6.5343704,1.0199327,5.0779805,1.7467978,-2.316832,2.0227478,0.6597991
1.5626383,6.8922467,1.0085967,5.0172424,1.7383113,-2.3255105,2.2671418,0.29087627
1.9376264,7.5556364,0.9904355,5.2163534,1.742305,-2.3785691,1.6995008,0.40009332
1.8054569,7.8553543,0.9727651,5.2602468,1.7573714,-2.3668995,2.0298944,0.6290728
2.0038123,7.199011,0.8886539,5.437688,1.7726152,-2.3113742,1.8824911,0.51693773
2.3856745,9.351984,0.9441886,5.4089713,1.7710855,-2.3652396,1.7369719,0.4481876
2.899839,6.094771,0.9270488,5.363496,1.7760057,-2.3759477,0.32912743,0.10374892
2.3776412,9.961647,0.93236685,5.3309145,1.7743592,-2.3373713,0.21565866,0.054448247
1.4274561,2.6968708,0.8836787,5.3022714,1.7912941,-2.3385751,2.591308,0.46369678
2.967574,9.925528,0.96628404,5.4296665,1.809988,-2.3971252,1.9970806,0.49084532
2.8275127,6.5343904,0.9519532,5.2547617,1.7954054,-2.4500399,-0.07708967,0.07295424
2.462644,8.62269,0.9478514,5.2757354,1.8758447,-2.570585,0.17656398,0.41674918
2.0182338,8.073897,0.9893079,5.225391,1.7995772,-2.4119303,2.1283104,0.5971527
2.0723972,8.170656,0.98394847,5.1709304,1.8105412,-2.404685,2.8328595,0.55560267
2.0688524,6.495227,0.99373126,5.1398845,1.825886,-2.4799943,1.9510326,0.5596297
2.5661483,6.0497904,0.9486854,5.143391,1.879173,-2.4965186,2.5746202,0.455678
2.0747688,6.4851084,0.9283235,5.143378,1.9294741,-2.496618,2.051378,0.3230185
2.8896914,6.927667,0.9898704,5.071452,1.9659674,-2.5015576,1.1565783,0.41174674
2.524187,4.428834,0.96043086,5.133279,1.9344175,-2.505291,1.7285311,0.24106884
1.0663965,4.4404488,0.9230647,5.007987,1.9428887,-2.4817216,-0.19894469,0.1376813
0.86808616,9.153989,0.90346754,5.1918354,1.9354017,-2.487536,0.32953048,-0.211272
2.8908358,3.7584596,0.90498376,5.2829003,1.9384782,-2.510232,0.26507747,-0.008139014
2.4718673,9.687637,0.88529086,5.2166452,1.9299288,-2.4638677,0.23799026,0.14217812
2.0460129,7.34808,0.8822634,5.2677097,1.9297903,-2.4659467,0.15325105,-0.0011426508
2.401484,5.2713223,0.8638561,5.255578,1.9620571,-2.5047576,0.29641366,-0.025966644
1.8994775,9.046118,0.8194804,5.275852,1.9450712,-2.4895248,0.38527238,0.084205985
2.5537736,8.796198,0.848199,5.3817887,1.9580939,-2.5243003,0.27626324,0.11417824
2.3014503,9.089216,0.83340025,5.427311,1.9574463,-2.5888848,0.089111924,-0.13799128
2.7933996,8.847723,0.8529382,5.4475718,1.983485,-2.621378,-0.11936504,0.21567178
2.6583033,8.78075,0.8328804,5.5375204,1.9505682,-2.5663018,-0.23460865,0.058603704
1.1595683,8.717395,0.72504306,5.671203,1.9336243,-2.5108721,0.23620331,0.18537217
2.4699204,9.069327,0.67982817,5.898694,1.9248526,-2.5433588,0.27397382,0.21646345
1.7156807,8.336893,0.63294125,5.910523,1.9377072,-2.5298414,0.6379713,0.19161832
1.6337923,9.553398,0.62458587,5.8204174,1.9447784,-2.5327828,0.24672103,-0.03748387
1.3484478,7.7210135,0.5795443,5.889879,1.9799528,-2.5034773,-0.3803929,-0.24130088
0.5558094,8.014546,0.72648036,5.9341,1.9785421,-2.6074364,-0.47680324,-0.17091763
0.5713569,5.631676,0.8013768,5.907976,1.9444196,-2.6059256,-0.15368843,-0.18094254
0.527269,3.9033682,0.80602884,5.829706,1.8591752,-2.5540361,0.1272583,0.33300626
2.757827,9.965038,0.7083516,5.726982,1.941133,-2.5900016,0.12354326,-0.010636419
0.93263364,7.6792064,0.70489395,5.803364,1.840797,-2.5275023,0.2773764,0.45488322
2.3633914,8.0854025,0.6543038,5.8409405,1.9966991,-2.5527375,2.6999578,0.59864306
2.2509103,6.8235064,0.6765847,5.8289332,1.9968312,-2.551077,2.9212062,0.78142524
1.8575135,6.3165417,0.63463616,5.8389626,1.9291639,-2.578257,2.9593632,0.4079765
1.2483723,4.115557,0.6859368,5.8694577,1.9215324,-2.5151665,2.415711,0.6841023
1.2186892,4.5269995,0.73870873,5.64128,1.9529269,-2.5038846,2.3999698,0.74437547
1.1697181,5.089487,0.72587395,5.637862,1.9668076,-2.5488825,0.76062226,0.15459824
2.6756377,7.79556,0.73385,5.7017264,1.9808905,-2.5430746,1.1657517,0.5553212
1.8460667,5.7183537,0.746768,5.5717754,1.9945183,-2.5851152,1.5089161,0.5583546
2.0787196,6.2903843,0.77753043,5.5333996,1.9627872,-2.5413604,1.8996289,0.3953296
2.1819894,3.0856667,0.8015778,5.4046674,1.9831555,-2.5979724,2.015915,0.53828645
1.081398,3.290357,0.89038193,5.4424267,1.9186325,-2.5362754,-0.12793642,0.1438331
2.6807387,9.225801,0.8942697,5.2251678,1.8891654,-2.5043707,0.26162553,-0.15435883
1.0500405,8.177675,0.91573095,5.3491316,1.8830347,-2.4993238,-0.32311398,-0.13394663
1.6771114,9.837482,0.9344735,5.3700943,1.8753433,-2.497826,-0.20893878,-0.053915918
2.4599605,9.110238,0.9231117,5.37687,1.7992938,-2.4705539,0.20605266,0.32393336
2.1811013,8.053727,0.90690255,5.295414,1.892118,-2.4768577,0.06116247,0.53131807
2.5812604,9.607281,0.8795986,5.3856144,1.9005435,-2.4938705,1.7282174,0.6000861
2.5478456,9.658812,0.87761533,5.50385,1.8685861,-2.4414365,1.8427715,0.4379202
2.5798244,6.4604473,0.8984585,5.427802,1.8749998,-2.466259,0.111524224,0.36171496
2.114681,6.118938,0.8902075,5.380108,1.860107,-2.4549434,1.8679752,0.3048426
2.1475248,4.67637,0.8622806,5.4278183,1.86046,-2.4234362,0.66397357,0.18123955
1.5855334,3.9299092,0.82363725,5.493101,1.8482792,-2.4060986,0.6251408,0.19605339
2.8662596,9.607183,0.8698355,5.4843273,1.8278491,-2.453783,0.37432086,0.15527916
1.1884444,7.2572737,0.8737694,5.457841,1.8767283,-2.5320535,0.45180523,0.19103587
0.93770635,6.5558653,0.87428284,5.3320146,1.8702884,-2.5027444,1.0575671,0.29008347
2.9706004,5.7985563,0.9360385,5.342656,1.876555,-2.4477184,1.0359566,0.34946758
1.9797053,5.5414047,0.9995035,5.1801863,1.9012213,-2.479447,1.078836,0.32091784
2.3476787,9.182245,0.95648026,5.170207,1.9038992,-2.5974991,1.6732097,0.35138088
2.3479605,6.8483005,0.95296884,5.1863594,1.904479,-2.5811625,1.2718811,0.2643872
2.3875744,8.988848,0.96917343,5.2283897,1.9385488,-2.5562575,1.7074604,0.3906511
2.385952,9.10663,0.89037824,5.3218083,1.9428353,-2.5117297,2.2201242,0.42453396
2.3130488,8.596535,0.8869164,5.2668386,1.9666734,-2.4988148,2.2443054,0.50329876
1.9929743,6.692212,0.87923694,5.325665,1.9812508,-2.552098,2.1086276,0.5905733
1.2944701,7.543965,0.8442385,5.367184,1.9813485,-2.6157088,1.8105223,0.8296515
1.3165865,8.418498,0.85289395,5.4418883,1.9840772,-2.616863,2.5981834,0.96988
1.0143564,8.645385,0.8370242,5.320882,1.891129,-2.4787908,0.894084,0.771139
1.8816645,3.5147834,0.846251,5.3005896,1.9051378,-2.435135,0.80381477,0.40560377
1.6905223,8.598128,0.8619119,5.303783,1.894836,-2.433714,0.75397754,0.15465975
0.7405627,4.2622414,0.87142324,5.32976,1.8761394,-2.4007165,1.2621284,0.51928794
2.7034824,6.8111167,0.8914342,5.281465,1.893363,-2.412758,1.0281482,0.3033557
2.3955212,7.6921096,0.9185566,5.3637934,1.8384175,-2.4130743,1.18118,0.39074355
2.7767935,8.786901,0.9535148,5.349026,1.8075774,-2.4267619,1.9930832,0.47932124
2.758092,8.610571,0.98690414,5.3129745,1.8013198,-2.4262571,1.8008101,0.3380214
2.6627686,9.676721,0.94537866,5.308899,1.7773476,-2.379234,0.027091622,-0.1510813
2.3818011,8.865967,0.9007573,5.413494,1.750741,-2.3143976,1.0757804,0.34137034
2.185232,8.150698,0.91310763,5.4356565,1.733232,-2.3235698,1.6445374,0.33814156
1.7928761,5.519722,0.8891789,5.479417,1.7173545,-2.3373039,1.7531285,0.46900558
1.4763918,5.949266,0.89258194,5.4123673,1.710877,-2.3584938,1.3329642,0.474456
1.270854,5.547059,0.9286339,5.3941193,1.6686032,-2.2478857,1.9761453,0.45835102
2.104042,7.8754864,0.90433526,5.4291105,1.6650922,-2.244278,2.5458148,0.48792714
2.7344322,8.561426,0.9000025,5.577748,1.7563717,-2.3362365,0.99782753,0.19962668
2.6684418,4.662751,0.89921093,5.539996,1.7037106,-2.3210263,1.421309,0.37343276
2.1518476,5.6136847,0.87383807,5.4981923,1.7198992,-2.2720082,1.2726471,0.27105463
2.231104,5.2713566,0.91954947,5.4939394,1.6719506,-2.2276628,1.8800325,0.23389202
0.7470827,4.5602646,0.90393245,5.538176,1.6634908,-2.2645345,2.699943,0.34359837
1.2016265,5.2260537,0.8728552,5.52497,1.685519,-2.2530208,1.8521984,0.5727167
2.5658069,8.848778,0.8976412,5.4713936,1.712507,-2.258678,1.8195777,0.27319896
2.5604131,7.096279,0.90307486,5.3840737,1.6733918,-2.217546,2.0175853,0.31493038
1.9162968,5.8147826,0.90003276,5.376217,1.6739545,-2.3312597,2.3305645,0.5427021
1.3648729,7.528193,0.92817855,5.4099483,1.6343572,-2.2384577,1.928313,0.56723845
1.794127,7.3842587,0.9091375,5.4224997,1.649987,-2.210921,1.5746913,0.632663
1.2066803,6.0865555,0.8799635,5.4925776,1.6152148,-2.2495189,0.3360927,0.30324095
1.9330306,4.1282406,0.8451383,5.648294,1.5905819,-2.2627084,1.0025475,0.4271505
1.3941448,4.954961,0.846704,5.6348643,1.5081747,-2.0748682,1.0029352,0.4241184
1.1129208,4.7126174,0.8109956,5.7147856,1.5476792,-2.0984592,1.9163518,0.1574626
1.9567058,2.8699062,0.835232,5.7868247,1.5597935,-2.074922,1.9599566,0.58452153
2.038798,9.191754,0.7944565,5.7877007,1.5723345,-2.0861263,2.1878579,0.18312597
2.377702,8.614143,0.79914594,5.7790384,1.5665929,-2.1743932,1.7308872,0.33925188
2.3630495,7.820354,0.81113267,5.8034816,1.5364347,-2.1607583,1.3486784,0.37777972
0.8311516,6.4971285,0.8143959,5.8268404,1.5219157,-2.1283455,1.2594609,0.55516577
1.2467556,2.2377515,0.80768394,5.768654,1.5234876,-2.0541754,2.0996428,0.5576618
1.2341104,2.7784452,0.77040136,5.7285647,1.5298262,-2.0126107,0.4758358,0.47323573
1.5141749,6.576108,0.7558305,5.8984585,1.5480795,-2.125301,1.2687042,0.9016013
1.0848653,4.6444397,0.7834568,5.8157444,1.5457323,-2.0942855,2.8201926,0.8722675
0.9789412,5.266534,0.81439424,5.8236876,1.5444615,-2.1322756,2.1745567,0.6879766
1.3074535,7.3360987,0.7898892,5.844718,1.5272863,-2.1265879,1.9581339,0.8177624
1.6497636,7.5136294,0.7687495,5.863616,1.5684209,-2.1525333,2.5975218,0.8350159
1.2966106,5.2360463,0.7674756,5.882227,1.5566311,-2.1244993,2.6867793,0.71100044
1.7653162,9.304874,0.7160382,5.894957,1.566684,-2.1282158,2.854806,0.75964856
2.8886983,2.1824741,0.66773057,5.960496,1.5852091,-2.1414013,0.8678875,-0.23065704
2.24702,9.688005,0.6191956,6.0732327,1.608757,-2.152398,0.8942435,0.31394434
2.8572474,9.721227,0.6357877,6.1267376,1.5894136,-2.1808603,0.80427086,0.09084946
1.911562,9.8028345,0.6486447,6.1337175,1.560936,-2.1232977,2.747757,0.99387324
1.2837248,8.523283,0.5896795,6.2360625,1.5255752,-2.0727477,2.195446,0.9950285
2.056057,7.5414386,0.5950507,6.261341,1.5061245,-2.0396624,2.512059,0.13433558
1.9452186,5.3487563,0.71283317,6.0523963,1.5424259,-2.0662236,2.638311,0.85305154
0.8773964,7.148616,0.63792634,6.2354,1.5356052,-2.0725574,2.2838726,0.9092953
1.1073761,7.5955434,0.58509076,6.0922403,1.5791118,-2.0931911,2.310136,0.59029543
2.325243,6.826081,0.5998535,6.110586,1.5285113,-2.055186,2.7873461,0.40138113
1.2394704,6.994017,0.7138653,6.013556,1.5217874,-2.0582767,2.644363,0.6037011
1.5080897,6.7327332,0.6871209,6.0217686,1.4851327,-2.0135138,2.3492281,0.40868402
1.7398442,9.473375,0.67268324,6.066397,1.4896142,-2.068717,0.7729707,0.3408239
1.0534885,9.742298,0.6427522,6.1123195,1.4940562,-2.054498,2.1526117,0.20811778
1.1328166,8.597088,0.6389129,6.133909,1.605403,-2.1902719,-0.84282255,0.018517017
2.9756036,7.302258,0.62217605,5.957455,1.6568327,-2.101379,-0.48602217,0.28507066
1.9215397,3.9475799,0.6310537,5.9011106,1.6520956,-2.142494,-0.016134202,0.011858404
1.2163026,4.6045637,0.61615014,6.0829296,1.6238165,-2.2284148,0.65379536,-0.0057379007
2.5885677,9.783777,0.6006117,6.086493,1.620606,-2.179852,0.5767423,0.0854764
2.267582,3.893662,0.5994415,6.0583787,1.60081,-2.1607707,0.613709,0.11120939
2.281546,6.897754,0.6359532,5.9290376,1.6234856,-2.1241124,0.7531198,0.34066677
2.5649512,4.546747,0.73540974,5.9032364,1.5874221,-2.084086,1.0001466,0.3331433
1.0476508,9.5931,0.7830149,5.791988,1.6225388,-2.2419229,0.48237646,0.33373773
0.77583295,7.269849,0.7764553,5.752899,1.6164074,-2.158115,-0.18704808,0.34401858
1.614714,6.8562474,0.8368994,5.598156,1.6325953,-2.2253714,0.039720774,-0.00850594
2.6071365,8.360817,0.7978928,5.750476,1.5517039,-2.1757863,0.46145058,0.098664105
2.75728,5.9230294,0.858845,5.7056737,1.571676,-2.1806266,0.41845262,0.3489399
2.709228,9.809952,0.8844955,5.637836,1.5707345,-2.191103,0.34088016,0.14046377
2.5389156,2.306273,0.84671414,5.5620565,1.6252091,-2.1411228,0.7256906,0.13764608
0.80334157,6.434804,0.9172025,5.526174,1.6461627,-2.1706505,1.8154211,0.4459312
2.0109792,5.947444,0.8814328,5.5227895,1.5918064,-2.1263871,1.040262,0.16740501
2.1169217,3.3605595,0.8753431,5.546082,1.5945625,-2.1581593,0.6752449,0.08561474
1.4084308,3.078417,0.8700547,5.6060057,1.5925469,-2.138342,0.5634707,0.14482224
1.6362928,7.806703,0.9158366,5.5412273,1.5485158,-2.1358285,0.33060706,0.6646992
1.6134685,8.359578,1.0017729,5.5103197,1.5206733,-2.064499,2.9699686,0.53923845
2.2297883,2.5775561,0.9286971,5.4977612,1.5429499,-2.1632066,2.9086752,0.40206784
1.440845,2.5688221,0.96886694,5.4929566,1.5359797,-2.1509576,0.3845508,0.10424936
1.4177499,2.2437398,0.93321073,5.4909515,1.608563,-2.1642904,-0.19198316,-0.12832725
0.9965696,5.573518,0.9434774,5.4802456,1.5517526,-2.172107,0.4297893,-0.20063159
2.8750758,5.3768826,0.945838,5.486367,1.6153016,-2.1970208,0.45043874,0.20924443
1.9931561,8.5360155,0.91999066,5.412711,1.5922916,-2.1957283,2.0987303,0.31575787
2.4632912,8.813894,0.9254595,5.33951,1.5810497,-2.082251,0.08438969,0.2769915
2.7574234,7.686191,0.9441943,5.3617783,1.5779586,-2.118038,0.26244283,0.04362023
0.8339311,7.9385033,1.0132377,5.370099,1.5296495,-2.0724323,1.3841703,0.19052732
2.8521597,5.028183,0.95766175,5.3427935,1.5252328,-2.0908542,1.3136709,0.39446288
2.760049,6.0725484,1.0092609,5.357518,1.525173,-2.100389,2.3664846,0.37287754
2.6933298,3.9131684,0.9946308,5.3751154,1.5012159,-2.0804846,2.4836354,0.32060397
1.0886103,3.4834561,0.9643171,5.4274826,1.5202675,-2.1240368,2.8976364,0.18064505
1.0928893,3.9329586,0.9914212,5.4435644,1.5263758,-2.11917,0.027561188,0.06461376
1.385746,7.5660815,0.92292,5.4289365,1.6152694,-2.0934687,0.6238704,0.2751099
2.6218042,6.420955,0.9950757,5.34154,1.5611255,-2.1520786,1.187099,0.29216945
2.6154501,6.40629,0.9654288,5.3584204,1.5957816,-2.1463218,1.6127229,0.40920293
2.1885533,4.1107783,0.9898064,5.359314,1.5961165,-2.1682339,1.5948174,0.28935206
2.0415223,5.4562187,0.9928951,5.2732735,1.6046624,-2.1653352,2.6517467,0.26572418
0.663434,4.602332,0.60738087,6.8667517,1.0110531,-1.5575385,1.137444,0.47127974
0.7363355,4.8282766,0.5733025,6.868889,0.98090863,-1.5342569,1.0039907,0.628772
2.2670999,4.046296,0.48639894,6.7845335,1.0048635,-1.5248592,0.76857734,0.55011845
1.7451481,3.271196,0.42440796,6.7496576,1.0133379,-1.5522265,0.601045,0.26927304
2.4367092,2.4280698,0.45500708,6.6957035,1.0189993,-1.5308712,0.39139593,0.32773948
2.4239993,7.6069074,0.56414413,6.5394344,1.0165691,-1.5202091,0.46794415,0.38949084
1.3456106,2.3651903,0.57409096,6.5786242,0.9773717,-1.5386659,0.6380663,0.3880751
1.3466387,2.8202302,0.6218436,6.6284604,0.92694545,-1.4579949,0.5009121,0.422821
1.1773955,5.1858363,0.5953641,6.6781616,0.9239414,-1.4900653,0.6136669,0.26448303
0.93984437,2.1446111,0.6646254,6.5979395,0.9294696,-1.5180943,0.67570174,0.24134386
1.1449093,3.0290847,0.6664554,6.5835876,0.9382448,-1.5288292,0.48925817,0.26093185
1.0556109,3.1084356,0.6138449,6.543085,0.9217813,-1.4642558,-0.0018208027,0.09774506
1.1421111,3.123262,0.6153362,6.5110435,0.9298072,-1.4592092,0.45679688,0.06323546
1.5594625,5.252985,0.57325006,6.6449866,0.8923621,-1.4285434,-0.25865513,0.061797738
1.1346529,5.8782206,0.545084,6.7112293,0.920202,-1.4724922,0.393597,0.4073103
1.2248261,4.4517293,0.61885476,6.5677834,0.9348352,-1.4669139,0.6239172,0.47612977
1.5467031,3.4748101,0.66344416,6.5719357,0.94678426,-1.5182352,0.85073435,0.39076114
0.8747256,2.5644896,0.58061576,6.612483,0.97683644,-1.5112733,0.45617783,0.7326962
0.71026564,2.0142288,0.68265843,6.6264496,0.9700663,-1.5589014,2.1565557,0.6280923
0.991908,3.665091,0.70726216,6.6642704,0.94933605,-1.5448385,1.5194881,0.6997175
2.0468464,3.526949,0.60041356,6.736616,0.8996875,-1.4395332,2.0317154,0.4237272
1.9438499,3.4783268,0.5712677,6.791693,0.8266623,-1.436342,1.8328879,0.4754982
1.2627989,4.947698,0.5827601,6.7617755,0.8335936,-1.4406499,0.7400975,0.41821384
1.5440118,6.5569005,0.595073,6.856065,0.83903074,-1.510659,0.6064849,0.55214703
1.5933404,2.6541505,0.5214286,6.7573833,0.8585019,-1.428405,2.3009684,0.5460067
1.7676129,3.8655064,0.51934814,6.6649027,0.872628,-1.4381356,0.7964964,0.41499913
0.85781014,3.252194,0.6183994,6.7618713,0.8600178,-1.4461882,2.3092246,0.7865143
1.0672911,2.4827862,0.4850273,6.75357,0.85711,-1.4273462,2.2261593,0.49914593
1.3030543,6.7649417,0.5254247,6.8013306,0.82382894,-1.4032302,2.6177948,0.6663804
1.6564083,6.485095,0.5060508,6.865682,0.8088584,-1.4218762,1.3558762,0.37315476
1.7966058,6.328006,0.4808178,6.811034,0.87688565,-1.4164363,-0.2545398,0.057711363
1.5649612,6.4254894,0.48836792,6.7332544,0.8948014,-1.4184868,0.18211329,0.12201351
2.7181692,9.201375,0.49284804,6.666975,0.8722367,-1.4174733,0.027962923,0.6099272
2.4263906,5.570049,0.43063378,6.6776056,0.8800216,-1.3861417,0.29611456,0.5932021
1.5577117,6.63801,0.6133151,6.6039753,0.8759992,-1.3856871,1.7712722,0.69364715
1.4712682,4.635028,0.63482165,6.4893703,0.90863657,-1.4219896,2.0020401,0.7640685
1.3252094,4.492124,0.61992943,6.6859612,0.8749478,-1.4357216,1.1983397,0.7286508
1.2852435,5.331276,0.65375924,6.6656923,0.8765414,-1.4426147,1.3309629,0.57299685
2.1168718,6.1906486,0.55087435,6.90415,0.8844769,-1.4967186,0.2545458,0.7831712
1.2232274,6.6168394,0.3803289,7.05687,0.90859675,-1.4795476,0.15285075,0.62328076
0.68081886,2.925825,0.38423133,7.1523514,0.88559246,-1.5059483,-0.12805843,-0.29969335
0.8357368,3.3416128,0.35235715,7.168246,0.8893087,-1.4605353,-0.058687925,-0.35184917
0.6703986,2.5405064,0.32228577,7.3365064,0.9006338,-1.5312932,-0.11583614,0.29165792
0.7606362,2.4749935,0.34651923,7.224192,0.88363457,-1.5091861,0.22600913,0.28216738
0.65670764,2.8224826,0.34256196,7.275056,0.8968413,-1.4776146,0.08288407,0.13961291
0.5040706,2.4787114,0.34093416,7.3852234,0.9406085,-1.5009457,0.19924879,0.45412922
0.50269085,2.9328604,0.31180108,7.3655677,0.94787216,-1.5260854,2.6148102,0.40157843
0.52816457,2.719714,0.32204497,7.37225,0.9403355,-1.5250732,2.4225414,0.6867697
0.567209,2.4971507,0.35421824,7.2579436,0.9585016,-1.6106578,1.5745354,0.557328
0.6673922,3.152804,0.38543117,7.1833377,0.9889128,-1.6139522,2.169155,0.6325178
0.67199445,2.994502,0.4480574,7.168309,1.0009408,-1.6158857,2.81685,0.6960118
0.7299539,3.793053,0.47958493,7.034763,1.0578129,-1.6538081,1.7026482,0.7584442
0.6803241,3.7132974,0.4511528,6.8844514,1.1037633,-1.6444678,2.2557068,0.6651617
0.72660357,4.075925,0.49282575,6.876649,1.0791883,-1.7069784,0.27303421,0.5995989
0.5406437,5.450604,0.5510825,7.0138006,1.1682928,-1.7387905,0.32241416,0.257814
0.57827896,5.0821943,0.61198807,6.9796004,1.1546738,-1.7401751,1.4301388,0.73295367
0.5582476,4.7307267,0.583987,6.994669,1.1566808,-1.7780637,2.6246598,0.7838267
0.55186415,4.8575864,0.58265686,6.982398,1.1332681,-1.7226454,2.3735912,0.5751573
0.53442526,4.6335945,0.507792,6.9510574,1.2194281,-1.7524192,1.0437431,0.6868477
0.5056354,6.334494,0.6208185,7.1000853,1.1961753,-1.7460195,0.8321799,0.75796676
0.50935936,5.98215,0.5700904,7.145838,1.1802964,-1.7614634,1.2000589,0.286799
0.50827867,4.806346,0.5509379,7.0847387,1.1648574,-1.759983,1.3178697,0.6085644
0.5601518,4.84255,0.5374894,7.1307955,1.1124592,-1.7100906,2.8321426,0.6890719
0.52178955,4.736171,0.55214024,7.135674,1.1257668,-1.7271273,2.2302413,0.5861945
0.61496884,3.7312045,0.53597975,7.0302696,1.1239872,-1.749135,1.9586222,0.6531048
0.6756958,2.83284,0.40189052,6.91268,1.1157155,-1.6546763,0.8064747,0.51198363
0.5567764,2.8021367,0.44833744,6.966091,1.1104925,-1.6400709,1.2170532,0.54261637
0.5384574,3.28637,0.5146918,6.9251947,1.1158547,-1.6843865,0.77388346,0.526824
0.5359836,3.2888663,0.49899364,7.0632596,1.0988538,-1.6736801,0.85550845,0.50121725
0.54298544,3.099164,0.48298597,7.056708,1.0955915,-1.667881,0.25216568,0.5841986
0.7932455,3.4639747,0.48574448,7.0305395,1.0784409,-1.6883756,1.1756299,0.70406127
1.1505406,7.981679,0.4435289,6.8928466,1.0487869,-1.7074308,2.1930552,0.714455
1.1331964,4.617428,0.46058965,6.9542675,0.98488784,-1.6430598,1.7371082,0.8116393
1.1036236,4.4113245,0.4794984,6.970641,0.96071553,-1.5280151,0.36614847,0.4165957
1.266039,4.1607704,0.36333597,6.9583144,0.98943734,-1.5266943,-0.0035029054,0.23440087
1.2735236,4.020734,0.33518624,6.8828635,1.0795567,-1.6316068,-0.020825446,-0.0271658
1.2405078,7.2094765,0.34060335,6.7055445,1.1152368,-1.6516666,-0.011038244,0.36968535
1.393781,6.016405,0.39613402,6.7147636,1.1819692,-1.6752975,0.015122533,0.2894957
1.7531215,3.404022,0.4448154,6.6850934,1.2223699,-1.7583269,0.1058923,0.41218126
1.420064,4.1652064,0.4531504,6.613276,1.2098083,-1.7570213,1.0822554,0.34291005
1.7381527,6.552362,0.44956613,6.6240687,1.2227097,-1.7787192,1.2421896,0.45189148
1.713905,2.2372577,0.5134089,6.640741,1.20327,-1.746017,0.7862774,0.3435284
1.6033504,2.796201,0.5646429,6.5616393,1.1481886,-1.6955295,0.5768758,0.48772216
0.90621144,3.6340325,0.5077002,6.7217884,1.0830765,-1.6341397,1.4618611,0.49978173
2.609379,4.5588546,0.4835565,6.6392446,1.0859644,-1.6547505,1.6043329,0.25957942
0.9447347,6.5805607,0.5213704,6.636589,1.1360569,-1.6888094,1.3316374,0.48052883
0.91902447,2.6564882,0.5298965,6.629777,1.1613369,-1.7085345,0.95615065,0.5604893
1.2390217,8.1341915,0.54371095,6.5751214,1.1792471,-1.7461843,1.480747,0.54238033
1.1379385,7.510237,0.57229924,6.6125793,1.1323438,-1.7806963,2.2392638,0.88632774
0.73949194,4.2564726,0.59415126,6.7849274,1.1446233,-1.7368206,2.6398013,0.85443413
0.7548017,4.1966043,0.5528842,6.767133,1.0980172,-1.7212474,2.4217873,0.90821433
0.77294767,4.403722,0.51137924,6.8126616,1.1263628,-1.7024349,1.4064391,0.3865775
1.2476958,4.226342,0.465271,6.775004,1.1400895,-1.70743,1.3988521,0.7023139
1.1930258,8.630074,0.47849917,6.6400566,1.1781137,-1.7379739,1.75786,0.40551162
1.3866317,4.7941637,0.48456836,6.5795507,1.1848202,-1.7062404,0.061140418,0.5039654
0.88086295,3.2654407,0.4927063,6.6608925,1.1530161,-1.6837337,0.64460385,0.30088627
0.9349508,3.3317866,0.5394852,6.643933,1.1021616,-1.6952343,0.2998284,0.23922741
0.63652104,3.0613904,0.5549699,6.694086,1.1642127,-1.7036932,0.20601583,0.16203368
0.6274969,2.7006092,0.5497389,6.607444,1.1419344,-1.6998172,0.027996898,0.079538286
0.61003006,3.2356586,0.54879475,6.746654,1.1689265,-1.6742381,0.23638082,-0.054240823
0.6146532,2.4177446,0.529032,6.661924,1.1927412,-1.7673013,-0.23792458,-0.041147113
0.54701966,2.6079464,0.55705166,6.668867,1.173603,-1.7184188,-0.0284065,0.09360987
0.6181453,2.082448,0.56749916,6.80215,1.1038446,-1.7115273,0.2223146,0.3093636
1.4533455,8.793909,0.4897462,6.8025618,1.1036227,-1.7593099,-0.24316609,0.54435396
1.2517879,7.4140253,0.518312,6.610346,1.1512163,-1.7746187,1.4363582,0.541739
1.0109719,7.7583413,0.508263,6.62856,1.1482677,-1.6657133,1.6628871,0.59008276
1.9429677,3.0160167,0.45959198,6.701139,1.131326,-1.6638219,0.12075925,0.4408052
2.3430188,4.525771,0.51969004,6.7173944,1.0898106,-1.7004907,2.4276273,0.58969116
1.6100473,9.625286,0.42262936,6.67344,1.1315353,-1.6805646,0.15231013,0.62910545
1.0077944,4.0730157,0.45784235,6.632797,1.0846019,-1.5702659,0.14644349,0.3827495
2.6697335,9.210022,0.50897825,6.6604567,1.063988,-1.6386951,0.44296062,0.5860474
1.0155538,8.101418,0.5433742,6.834523,1.0875888,-1.6852624,0.9677563,0.5454104
2.1080017,7.3612967,0.5348673,6.617303,0.9894872,-1.5852976,0.4534955,0.32165575
1.2647512,2.5477219,0.5223565,6.6191506,0.97732043,-1.5140271,2.2500458,0.5478231
1.4092147,4.1432047,0.635306,6.5577083,0.99682426,-1.5773711,1.1762159,0.4861213
1.2384603,3.6099916,0.6247817,6.599593,0.9955678,-1.5689259,1.1883836,0.4921782
1.3912108,8.692547,0.6505053,6.5141735,1.0418603,-1.6375182,0.5178412,0.75447214
1.8585291,2.766889,0.79635286,6.558755,0.95891,-1.6032299,1.9644065,0.74326456
0.87744117,3.7822518,0.6604619,6.605257,0.9211309,-1.4777625,1.3067906,0.39335775
1.7494742,4.2624364,0.7003052,6.6309166,0.9144254,-1.4676719,1.2017887,0.57481956
1.3439139,2.6143398,0.6867657,6.5274086,0.8962045,-1.4562423,1.3496459,0.56333804
1.1639631,2.3791575,0.74131036,6.466614,0.9010489,-1.4683919,0.7499311,0.39762485
1.3915462,3.370854,0.80987847,6.3793135,0.90985465,-1.4451091,0.5369103,0.37112463
1.5315887,5.0155687,0.73304915,6.5859194,0.8543434,-1.4702722,1.8136132,0.621832
1.7526319,4.316869,0.6673752,6.486968,0.87169576,-1.4185069,0.25794697,0.10901588
1.8004336,2.4865036,0.6677114,6.6108017,0.8816135,-1.3945745,0.113013506,0.35375988
1.0534098,6.1293964,0.67313373,6.661356,0.90743876,-1.4616916,0.9270972,0.31316364
0.9861573,4.120791,0.6097803,6.98643,0.89429235,-1.5151911,1.1484749,0.8205193
0.9895214,4.481287,0.42437637,6.955852,0.87879133,-1.4012215,0.63036025,0.3742941
1.3987714,5.800885,0.4288677,6.951702,0.7966018,-1.365464,0.54909873,0.5436342
1.6766313,9.702806,0.47498274,7.010162,0.7806947,-1.3662003,-0.06950706,0.5628371
1.4827834,6.893103,0.40902567,7.013021,0.764523,-1.3529259,0.6241435,0.418469
1.6326643,6.35576,0.31377232,7.0509934,0.7937732,-1.3683146,1.7386951,0.59133613
1.4234922,4.422406,0.26143122,7.082581,0.7321007,-1.3246269,0.7018397,0.45149004
1.0349109,4.7624683,0.22385311,7.311292,0.7400069,-1.3247557,0.7764877,0.48561358
0.89067113,4.032797,0.3238908,7.4062643,0.6946657,-1.2908517,1.646462,0.50431097
0.8548478,4.293961,0.27278745,7.281103,0.71008563,-1.3225154,1.3571501,0.43576145
2.014515,9.376112,0.303061,7.16912,0.6803937,-1.267349,1.1211147,0.68702006
1.7289128,6.348532,0.33938503,7.2603664,0.64113784,-1.2831842,2.1706653,0.59102154
1.4037771,6.936574,0.3606062,7.367899,0.62657857,-1.291416,-0.053115726,0.2809813
1.6998274,6.703958,0.41613173,7.2310276,0.6430814,-1.3639809,0.0748117,0.109485924
1.3448472,4.729249,0.31742644,7.266418,0.7193172,-1.401265,-0.25943053,0.00013536215
1.0017481,4.6285853,0.36711073,7.376927,0.7119863,-1.3644371,-0.0043614507,0.27156305
0.8579155,4.723634,0.3345703,7.3220997,0.6864071,-1.2488232,0.11864841,0.0031407475
0.8715375,3.7227864,0.3122157,7.3517365,0.6662593,-1.3062344,0.17920804,-0.050410718
0.8808954,2.6829166,0.18007207,7.354467,0.69597316,-1.2867742,2.109922,0.3955742
1.066884,3.7082138,0.18898475,7.3482175,0.7224469,-1.3006232,0.70986605,0.64636743
1.2072554,7.0857,0.34646523,7.3435555,0.71549654,-1.3162483,1.295743,0.5574167
1.2432125,3.2843313,0.30851853,7.118953,0.7754414,-1.3248285,2.6955616,0.90704656
1.4329627,7.204935,0.2824266,7.180099,0.73302317,-1.329046,2.596697,0.79649067
1.7048997,9.2986145,0.27930665,7.103944,0.78766656,-1.3431585,1.9014463,0.8238064
1.7682651,3.363503,0.25224948,7.165668,0.76902246,-1.3612123,0.6741233,0.5505414
1.1583464,7.513045,0.4301803,7.173295,0.769068,-1.4554878,2.0687852,0.76437557
0.8445089,3.7626595,0.346516,7.1426167,0.8763852,-1.3879354,0.5840461,0.5728421
0.92533356,2.4316318,0.39506137,7.018078,0.89469385,-1.5148942,1.0625923,0.37962794
0.98800814,3.3539643,0.40130532,6.9729195,1.0012255,-1.5908241,1.574574,0.45424503
1.3475668,8.092489,0.3796805,6.8236423,1.037574,-1.5895936,1.0943532,0.5228553
1.233805,6.832358,0.2686262,7.0796866,1.0804174,-1.7076627,-0.01571709,-0.16198307
1.4006569,7.3172174,0.2919376,7.012604,1.0810068,-1.621693,-0.23150212,0.37410492
2.2912552,8.921078,0.35618424,6.7848063,1.1065369,-1.6265596,0.016775966,0.16684997
0.9669686,4.3513474,0.3864683,6.783648,1.1284678,-1.6260352,0.14049447,0.18601465
1.3310418,4.5049105,0.40120614,6.8793483,1.1269808,-1.6677912,0.14905214,0.1917547
1.1978365,5.550023,0.3874761,6.8031316,1.1927359,-1.7029855,0.3943075,0.36677086
1.2620119,4.9272957,0.39251733,6.820598,1.1689801,-1.7461194,1.2828934,0.35489798
0.7870155,2.701759,0.42210758,6.8165636,1.1843162,-1.7280562,0.4141966,0.31221402
0.9055809,2.9541528,0.47364533,6.731739,1.1842437,-1.762473,0.24834251,0.25334072
1.2359016,3.2650528,0.47859693,6.7615905,1.1400805,-1.7356362,0.5767056,0.5230926
0.9941109,4.6448007,0.5116801,6.6392145,1.1884146,-1.7225174,1.3931732,0.49197412
0.9852644,5.13205,0.5090349,6.6828747,1.1803696,-1.730386,1.2996447,0.5409653
0.76605815,3.9576485,0.47706282,6.7986455,1.1715882,-1.7353082,0.9189104,0.44072133
0.8719816,4.2339883,0.49109733,6.7796016,1.1428115,-1.7086179,0.10709572,0.12298828
0.97678095,8.284503,0.50434566,6.813312,1.0939589,-1.718042,0.17532861,0.062023044
0.9030216,3.2959714,0.5310167,6.7541723,1.0689232,-1.6802775,-0.21152735,0.043423295
0.6589603,3.1773071,0.53741074,6.7924957,1.0777814,-1.6305306,0.06273806,0.1499685
0.73628175,2.719324,0.5567409,6.773967,1.0383599,-1.6106339,0.77929604,0.519307
0.6800364,3.5022144,0.62269807,6.7435527,1.0564764,-1.5767263,0.8314587,0.5097201
0.8748042,3.5413756,0.60310054,6.6129723,1.0448091,-1.6033647,2.1815457,0.43957126
1.1187723,4.4756746,0.67689276,6.5342135,1.0826871,-1.6256958,1.6325555,0.7070824
1.243107,6.57071,0.73231757,6.3561535,1.0977197,-1.5727137,2.4946887,0.70218587
1.8376153,6.862759,0.5782658,6.5205803,1.0405595,-1.6077477,1.6012714,0.5028509
2.2050362,7.807373,0.61791635,6.5089264,1.0138223,-1.6001925,0.92691135,0.34670794
2.714866,2.551199,0.70502627,6.4129353,1.0214212,-1.591661,0.41514206,0.39861786
1.1493485,7.0662184,0.7162272,6.3863797,1.016798,-1.6171298,1.5593956,0.24606168
1.1877503,6.218867,0.79159975,6.4296007,0.98086476,-1.6282599,2.0101364,0.64452624
1.2731434,6.5941296,0.756446,6.4095044,1.0046773,-1.5684183,1.2449675,0.4935423
2.117275,3.7446651,0.79500675,6.300801,1.0231309,-1.532859,1.6803834,0.5166987
1.5848291,4.8352222,0.77868724,6.3100915,0.9920182,-1.593194,1.3156011,0.34224778
1.8684564,7.2395353,0.7319226,6.341716,1.0011294,-1.5691503,1.5945873,0.7139727
1.3640192,2.7179408,0.7606008,6.307827,0.93480253,-1.513645,1.9900634,0.4830408
1.2796483,2.4878163,0.7854092,6.289078,0.98470306,-1.5418355,2.0120888,0.49587357
0.9716342,3.3939602,0.8314929,6.355871,0.9836247,-1.5065385,-0.07839835,0.5051578
0.9565774,3.296782,0.7737266,6.3933163,0.9382627,-1.4963946,2.3751523,0.550771
1.559731,3.3415685,0.77742815,6.6083837,0.93827677,-1.5087432,1.7135856,0.7173786
1.7517208,5.853919,0.8703766,6.2546415,0.9143295,-1.4398096,0.5286765,0.8032434
2.0470228,5.0136175,0.84153867,6.2979193,0.92875624,-1.4764688,2.256227,0.8703766
1.0934516,4.0041213,0.8924813,6.287684,0.93145823,-1.5048225,1.120167,0.6324681
1.3317658,4.1054854,0.9201902,6.166502,0.9615469,-1.4814051,0.3129903,0.18478954
1.6724354,5.698634,0.87715864,6.1835785,0.9485903,-1.4867928,1.1530056,0.43883538
1.5873072,4.572259,0.8775481,6.172826,1.0017602,-1.4762819,0.43476546,0.52022386
1.4059136,6.0459976,0.8882569,6.137477,0.99861956,-1.5612756,-0.4802646,0.095457375
