1.6386312,9.442465,0.96018195,7.8544483,0.22420359,-0.776073,-0.27934748,0.48767126
1.5626487,9.237381,0.9076004,7.8231244,0.22196484,-0.7626281,-0.09077126,-0.48722094
1.9267833,8.154839,0.8905158,7.6973987,0.21153164,-0.76373005,-0.12188429,-0.17849225
2.1789525,8.692583,0.8552251,7.7536793,0.21936345,-0.80307865,-0.102102816,-0.41599172
1.9600589,5.073119,0.97898793,7.6988792,0.19731355,-0.8660908,-0.35857916,-0.40819108
1.7830768,5.546751,0.9868171,7.641016,0.20052814,-0.84059525,0.0501647,-0.3045025
1.7865391,6.9778185,0.9626117,7.74305,0.21573257,-0.86675024,0.14392352,-0.35147253
2.323252,9.224003,1.0094843,7.787259,0.123018265,-0.75443196,-0.26116788,-0.4348016
2.3180983,7.460006,0.8938488,7.7984295,0.118629694,-0.6494875,-0.33034676,-0.49372008
1.9953592,8.170366,0.9045098,7.884603,0.12910676,-0.67299724,-0.09913355,-0.49195606
2.1428626,6.9516525,0.8320129,7.847941,0.12476587,-0.6852772,-0.32725096,-0.49443093
1.8834518,7.1541924,1.1037862,7.8448143,0.113894224,-0.661257,-0.16873926,-0.4876886
1.5035243,5.466547,1.1179471,7.6546702,0.09627652,-0.66016865,0.18956232,-0.32534516
2.6600096,9.833897,1.1983104,7.615039,0.095021725,-0.71382403,0.074181914,0.12755299
2.8239515,9.718234,1.178381,7.712124,0.093827724,-0.75243926,0.19801843,0.4154712
2.8274274,7.6391,0.9968481,7.7243323,0.10737276,-0.7437682,-0.044622183,-0.2084975
2.6551995,9.355187,0.75609124,7.7960467,0.10860324,-0.73902965,0.5730543,0.7320006
2.8174243,9.701719,0.79247713,7.840186,0.085922,-0.7368915,0.27763653,0.22312558
2.6356177,9.390844,0.8869866,7.832165,0.116984844,-0.76499915,0.5539583,0.29160845
2.8666768,7.8665414,0.75600076,7.820423,0.19268942,-0.83487296,0.7349695,0.49961138
1.9644287,9.21331,0.84581065,7.7811036,0.17606902,-0.8150711,2.1516013,0.38113678
1.9853452,8.747719,0.8403406,7.7320647,0.1597457,-0.7420821,2.0172944,0.48090136
2.722248,9.364916,0.85472465,7.7425265,0.17313886,-0.712687,1.8295565,0.8006586
2.5070162,9.141674,1.1691236,7.772462,0.09265661,-0.7646458,1.9352503,0.56144726
2.3716347,8.856506,0.9439088,7.642189,0.12693572,-0.75176406,0.34128773,0.42744976
2.7007432,9.361448,0.82667565,7.8436604,0.16927886,-0.75618744,2.9631522,0.9218552
2.7525492,9.718904,0.8009429,7.726736,0.1766944,-0.7766359,2.9923728,0.9950652
2.4369254,8.734277,0.8012283,7.627372,0.2597792,-0.8444028,2.9002123,0.9810153
2.017069,8.602369,0.6676533,7.723754,0.24249649,-0.82235074,2.903679,0.60863006
2.0440042,8.374492,0.70481896,7.731148,0.23922491,-0.80419683,0.96547043,0.7807479
2.4523246,6.3995275,0.8080864,7.779845,0.17727017,-0.80176663,1.5159972,0.9339421
2.2718794,7.9220204,0.80518925,7.804447,0.1830759,-0.7935767,2.62604,0.78023636
1.8463033,8.224136,0.72830284,7.849668,0.20001149,-0.8372638,1.8221211,0.73240256
1.9014686,9.028643,0.7634089,7.979686,0.1600976,-0.8301127,0.7343755,0.7264199
1.4444697,6.9721446,0.9682193,7.7510586,0.1752572,-0.76750016,0.1931107,0.044425845
1.9305246,5.2096457,0.8935876,7.6858673,0.22433686,-0.7809806,-0.56693304,-0.344491
1.8528126,5.338708,0.8041378,7.6847434,0.22945046,-0.7954786,-0.5193039,-0.34768704
1.9345895,5.4872327,0.81266224,7.6920223,0.20822906,-0.83478117,-0.38025308,-0.37538692
1.7109698,3.8738558,0.8573172,7.758218,0.17300844,-0.8203199,0.090021014,-0.41635275
1.6395596,6.439288,1.0055993,7.7885776,0.16080141,-0.8188803,0.07665777,-0.12010133
2.135408,8.002253,0.97148037,7.7689385,0.14989114,-0.8060136,1.1169224,0.32274133
2.0104299,8.744568,0.98483014,7.7455096,0.14248037,-0.82218695,0.28402162,0.26104558
1.8136775,7.8755217,0.9010954,7.7939725,0.1402862,-0.78637075,0.49023163,0.13123226
1.5233499,8.707205,1.1089282,7.6585145,0.19425821,-0.80657434,0.6956903,0.1950326
1.8829801,8.764801,1.1398771,7.580738,0.1871643,-0.8059082,0.22164726,0.11877698
1.5030218,9.991425,1.284323,7.666793,0.20927763,-0.7389655,0.17369759,-0.34046024
1.3516748,9.934931,1.3475225,7.6739306,0.1727364,-0.7714305,0.5417888,-0.44322568
1.3527243,9.698774,1.3188405,7.6721797,0.17411971,-0.76723504,0.52428675,-0.24727675
1.2649871,9.503491,1.3646073,7.529744,0.22413683,-0.79219127,0.46582234,-0.45735645
1.2896011,9.603559,1.335767,7.5745583,0.22191596,-0.7728877,0.69427776,-0.48283502
1.3740189,9.507097,1.3045468,7.5700545,0.22586393,-0.83294296,0.6416737,-0.12244716
1.3309047,8.644392,1.1935444,7.6650457,0.21216321,-0.8202944,0.6785369,-0.13319933
1.2720159,5.2640643,1.1128714,7.6912518,0.21147394,-0.849988,1.1906602,0.24013036
1.2940838,5.7453184,1.1624517,7.7062883,0.19150925,-0.82828236,1.4717283,0.37751245
1.2323617,6.468001,1.1959772,7.699663,0.18722034,-0.8138163,0.4669032,0.15883797
1.1976895,4.7028017,1.1502345,7.655545,0.21472216,-0.8034868,0.44793534,0.2522146
1.0386679,4.1958,1.087585,7.708956,0.21325302,-0.81549144,-0.16700137,-0.10822797
2.1326382,3.4647732,0.9972379,7.6460724,0.22467375,-0.86867476,-0.07425016,-0.24011675
1.4529846,3.5102663,1.1391585,7.397844,0.26961303,-0.8573289,-0.19069219,-0.3059656
1.1132765,3.9382672,1.2259586,7.358593,0.25918865,-0.8522289,-0.0034828186,-0.3065398
1.3973005,3.848588,1.1876194,7.4380245,0.262228,-0.9431448,0.17407954,-0.047692895
1.4508059,3.9211426,1.231287,7.457797,0.22260332,-0.8893714,0.061996102,0.2441132
1.7250661,4.608939,1.1422143,7.4812984,0.23245478,-0.9075289,0.3830948,0.05286467
1.5471557,4.892912,1.1393676,7.4783535,0.22753644,-0.89600134,0.33067346,0.16128492
1.4917939,7.296967,1.1578808,7.494995,0.2433486,-0.89948654,0.3982799,0.20668393
1.719375,6.593406,1.1021297,7.510816,0.24296165,-0.9207442,2.4045637,0.21013296
1.7079142,5.614685,1.2675014,7.4225907,0.24007845,-0.9359083,0.4543208,0.56924343
1.6111012,5.4368773,1.276171,7.2994556,0.21032333,-0.8765292,2.4719508,0.34345305
1.7303365,5.9877224,1.2334795,7.501818,0.18402553,-0.88586855,2.925668,0.04357326
1.7794707,9.264057,1.3130612,7.4808493,0.18426156,-0.84575367,1.9563689,0.06290007
2.6527889,8.574749,1.152132,7.4606695,0.18364954,-0.8475671,0.45135343,0.558236
2.3867936,6.684311,1.1492872,7.4896555,0.18371391,-0.820302,1.5137365,0.5547296
2.120492,6.7408967,1.1536767,7.4923563,0.16846871,-0.79836893,2.711635,0.34315294
2.5394976,6.932094,1.3309898,7.399116,0.21578884,-0.83263683,0.330225,0.53104305
1.954361,6.2710137,1.0856912,7.5665154,0.19069529,-0.8384054,2.5867112,-0.11022806
1.7812024,7.308082,1.0772576,7.5313587,0.20825863,-0.78849864,0.09826934,-0.23827583
1.8459314,9.114815,1.1210184,7.52115,0.26415277,-0.81001306,0.006239772,-0.30986202
1.7435865,7.4950647,0.98528624,7.583592,0.28346252,-0.9333465,-0.027918875,0.43536615
2.3391168,8.956543,0.9836097,7.621566,0.26146698,-0.8991878,-0.22662014,-0.22305763
2.4680545,7.0804005,0.9039583,7.626983,0.2725191,-0.9401245,-0.24905163,0.048898757
1.7296106,9.343558,1.0200033,7.7312045,0.33588052,-0.97284126,-0.19798368,0.5033679
1.7329099,8.187511,0.845996,7.7182307,0.3539698,-1.0000713,-0.29748815,0.23193759
1.8021098,8.579123,0.89860797,7.689345,0.3024521,-1.0081518,0.35106695,0.373855
1.6885324,8.046444,0.88693285,7.618905,0.32214403,-0.9513893,0.2703855,0.39370894
1.6111225,7.4966917,1.0604761,7.601486,0.30911374,-0.9413805,0.11960125,-0.29464206
1.5909289,8.815021,1.0643613,7.5364623,0.31557178,-0.8859103,-0.12983811,-0.21748066
1.713082,9.060354,0.9895551,7.6098204,0.3135085,-0.943279,0.03714943,-0.3283
1.7599236,7.4290204,1.1058724,7.55735,0.305398,-0.96669936,-0.13183427,-0.34368426
2.0290852,6.584568,0.9926319,7.508784,0.30246186,-0.92689514,0.11584556,-0.34656784
1.8555707,6.7276835,1.1107113,7.546294,0.30477357,-0.901819,-0.67772865,-0.34793097
1.8809472,8.5490885,0.99992466,7.5181446,0.2384088,-0.77682114,0.06466544,-0.036911488
2.1977105,6.585293,1.080451,7.6274433,0.18451858,-0.8863573,0.18687081,-0.23003417
2.4048939,5.4409018,1.08234,7.653593,0.13900375,-0.81684446,0.048196197,-0.18410614
2.4026585,6.838175,1.0311544,7.638509,0.16833234,-0.8186908,-0.084050715,-0.069282174
1.9740885,5.586055,1.185749,7.592627,0.1593101,-0.78014565,0.4963175,-0.06756079
2.2568564,9.603201,1.1322255,7.613468,0.13731313,-0.74994445,0.24788475,-0.004948914
2.1529965,5.7082176,1.2054491,7.6167965,0.14330578,-0.76300883,-0.3702101,-0.34261996
1.7002133,8.681237,1.3023965,7.494463,0.18877912,-0.75355244,0.7151152,-0.3703184
1.637703,4.624715,1.2398248,7.434423,0.19178987,-0.76588535,0.9117259,0.13645697
1.7862289,7.2296686,1.3086402,7.4371305,0.19216418,-0.78705215,2.722156,0.08613807
1.9295459,9.377661,1.2084601,7.449913,0.19274926,-0.8308909,1.3381932,0.17665505
1.795781,9.25568,1.2313676,7.4592595,0.23833132,-0.86676073,1.0146518,0.5515039
1.9848257,9.855444,1.2205663,7.4562182,0.2498169,-0.8646331,1.4131765,0.53017986
1.9305485,9.396673,1.2207799,7.382754,0.23078728,-0.7865219,1.65168,-0.11111805
2.5443718,7.2699437,1.1995759,7.3909435,0.23632097,-0.9310589,0.3116603,0.36511058
2.3306012,9.9569645,1.0686002,7.3408604,0.29245353,-0.95746326,0.5993146,0.15421742
1.5876622,9.933255,1.0913143,7.56814,0.28765702,-0.96464205,0.30840075,0.6420938
1.7644124,9.866896,1.0839558,7.4825597,0.32824945,-0.9613662,1.8822753,0.36278778
1.6076158,9.494603,1.058877,7.475347,0.33692408,-0.9833689,1.3186238,0.51938474
1.7755384,8.638454,1.2004123,7.3621883,0.30945492,-0.9948201,1.3457949,0.4439404
2.2666125,9.102442,1.1825018,7.3190928,0.32160568,-0.9827609,0.58313763,0.446679
2.1401315,8.948597,1.1993792,7.301445,0.303658,-0.96223164,0.5762119,0.32097363
1.7856625,8.597368,1.2057195,7.3442388,0.355942,-0.98135185,-0.27116746,0.35297823
2.518457,8.273627,1.0508037,7.2557106,0.3842814,-1.0122104,0.6915667,0.006395817
2.6733308,8.262585,1.0108798,7.139066,0.4291799,-0.9801445,0.49215364,0.17340899
2.904848,7.561376,0.9580859,7.153624,0.44031072,-0.9664898,-0.2570747,-0.29162312
2.8567977,7.982161,0.9584557,7.1809855,0.48696733,-0.9632468,-0.77226055,-0.23660067
2.5640283,8.435848,0.94754434,7.186601,0.5347192,-0.9608722,-0.95221496,-0.38899538
2.571258,4.8819933,0.9072745,7.252919,0.47003937,-0.9483781,-0.85463643,-0.3647263
2.5306716,8.682689,0.9849758,7.2019014,0.4615469,-0.9589124,-0.7483849,-0.31567544
2.2455752,9.225431,0.85514855,7.2595444,0.49192548,-1.0158463,-0.41066015,-0.31402487
2.399301,9.630909,0.83100843,7.277042,0.5083897,-1.0585248,-0.33850247,-0.0068026483
2.8455777,7.5199103,0.9680202,7.102952,0.5988257,-1.0829483,-0.4359457,-0.43664652
1.4173913,9.43887,0.96300757,7.1287956,0.5931189,-1.1246992,-0.4822762,-0.424959
1.2496405,8.900984,0.8841996,7.1670628,0.6293094,-1.1525209,-0.2529837,-0.4037197
1.3280742,9.961096,0.8935838,7.2041674,0.6832092,-1.177784,-0.29930562,-0.45811832
1.1669073,9.45705,0.8824537,7.2521048,0.6877868,-1.191487,-0.21979517,-0.49281698
1.4273875,8.950541,0.8149489,7.2908297,0.6311362,-1.1878906,-0.086285114,0.38705587
1.9358413,8.81847,0.98622334,7.270822,0.56448793,-1.1869977,2.556152,0.6184485
1.3600419,9.64567,1.1097074,7.258457,0.5675039,-1.2551434,2.6959112,0.5019759
1.6139503,9.154899,1.0155964,7.1285625,0.552423,-1.1263003,0.06352413,0.046308458
1.7377213,8.653957,0.98448825,7.14963,0.5466721,-1.1653587,0.2556697,-0.1395162
1.7247477,9.571114,1.0301781,7.120884,0.55152726,-1.18266,0.21280468,0.094302356
2.446632,6.9052086,1.0327218,7.117635,0.5123284,-1.0762343,0.06722045,0.24739492
2.0063982,7.8998256,1.0129318,7.1005516,0.5132432,-1.0748262,2.8976827,0.53690577
1.3556666,7.9982963,1.0557442,7.204274,0.4945805,-1.1316676,2.9335237,0.29568768
1.2535406,7.338731,1.1340368,7.2561426,0.4859693,-1.0574453,2.9495504,0.71612597
1.281537,8.316532,1.1388831,7.4363275,0.46301508,-1.075885,2.8309035,0.5454066
1.1501222,7.5664124,1.1480145,7.345743,0.42878008,-1.0582151,2.480208,0.43371183
1.4659925,7.551463,1.1106312,7.3276806,0.44342256,-1.127611,2.6352334,0.24197751
1.1756203,7.9837155,1.1456823,7.3836865,0.4389012,-1.1123514,0.18441522,0.19957578
1.1406777,7.705915,1.172257,7.30969,0.43024087,-1.0841299,0.79546213,0.5408776
0.9899449,3.962677,1.2204435,7.276759,0.43019962,-1.0441042,0.8070084,0.45308924
1.1041905,5.2577276,1.262707,7.1601243,0.42175698,-1.0299325,0.18469775,0.27836293
1.1710384,6.75282,1.2078469,7.2412715,0.40877652,-1.0083895,0.10771644,-0.27856213
1.1756445,5.4390197,1.2959011,7.229002,0.39571524,-1.0180743,2.3992252,-0.23923936
1.5859523,7.328453,1.1079292,7.4193325,0.4180529,-1.0510311,2.8692024,0.8848009
1.5495663,7.8004923,1.0994818,7.4041247,0.40911293,-1.0205619,0.7833276,-0.14994982
1.7487115,9.299704,0.99376297,7.3500648,0.42410803,-1.0276301,0.6676419,-0.01703018
1.7495999,9.344885,1.0949268,7.332978,0.4192543,-1.0644908,1.9213388,0.5323397
2.1761732,9.014114,1.0042179,7.366845,0.37729335,-0.97815967,0.25888383,0.24155408
2.266971,7.021659,1.1019988,7.177393,0.39345002,-0.95315695,-0.35092008,-0.05929205
2.9628356,3.7241216,1.099149,7.132064,0.44638872,-0.9934125,-0.3199854,-0.47896895
2.9952724,8.759523,1.0490589,7.173311,0.4576795,-1.056613,-0.520724,-0.47781545
2.999495,8.630936,0.94569635,7.242732,0.52645564,-1.1180882,-0.5984256,-0.026101112
2.9998977,9.167128,0.8677633,7.258535,0.5347309,-1.1310966,0.5182073,0.07130402
2.9999852,9.316771,1.0062437,7.187425,0.55596995,-1.1956289,0.062585235,0.31181294
2.6115186,9.381079,0.829967,7.2942457,0.58295965,-1.1807181,2.4030986,0.67262554
2.2135215,9.567921,0.8602829,7.2174683,0.52702427,-1.1298075,2.3044825,0.47592765
2.0280218,9.231945,0.8876879,7.2928934,0.54381514,-1.2071697,1.2662661,0.6264119
2.1865423,9.008926,0.9005228,7.2363796,0.5535245,-1.1474149,0.92749333,0.66518366
2.2386324,8.573287,0.89628005,7.3252373,0.4988346,-1.0974152,1.9737043,0.2806059
2.073884,8.737093,0.8002353,7.3277473,0.5009403,-1.0976075,2.0387561,0.44753414
2.1259885,8.751518,0.81217647,7.287996,0.5150001,-1.0829484,2.8071215,0.49331963
1.9600765,7.9927835,0.9361453,7.3838773,0.41190267,-1.0799478,2.4871137,0.6087209
1.8412845,8.5290575,0.98613036,7.3805175,0.4319589,-1.0256798,2.559032,0.66051424
1.9339012,9.459016,0.99375486,7.375163,0.3915813,-1.0252593,2.2741818,0.6446698
1.8087969,9.774988,0.9434246,7.4672375,0.40587068,-1.0334191,2.6525352,0.72160196
1.7825917,9.804321,1.0029798,7.459251,0.4096117,-0.99853086,0.5759038,0.42348838
1.6312053,9.252792,1.0259664,7.466201,0.3734243,-1.0240905,0.49281943,0.4351424
1.6326178,9.0813465,1.0050619,7.494782,0.37207913,-1.0047646,0.5605935,0.31667805
1.6135756,6.224978,0.9853442,7.4939303,0.33827734,-0.99584913,0.47499037,0.32259476
1.6542947,7.175088,1.0497909,7.482119,0.3634448,-1.0319059,1.9042599,0.34240586
1.9133036,8.462254,1.0689983,7.3692207,0.3443637,-1.0333407,2.1448874,0.38593066
1.5807416,7.714866,1.1821382,7.3383436,0.35801172,-0.99812675,2.26556,0.36363018
1.4879458,7.5433764,1.1922593,7.345053,0.32505798,-0.9790895,2.5032444,0.36968285
0.9969189,5.1128216,1.3334343,7.286358,0.37761354,-0.9766364,2.6157968,0.44734395
0.926849,5.385453,1.3353274,7.375916,0.34316015,-0.9441192,2.5516243,-0.0579049
1.0785611,2.9916399,1.2763748,7.2434106,0.34355974,-0.97283745,2.8196938,0.584453
1.3627412,4.160514,1.2718837,7.2775593,0.30849266,-0.93493676,1.7565053,0.25310397
1.4008236,5.3911,1.2726796,7.2440715,0.3287387,-0.89904237,1.226718,0.31264305
1.6282578,6.356602,1.2774773,7.271397,0.3233242,-0.8954425,-0.30396116,-0.07177502
1.8292773,6.7728043,1.3395426,7.0615683,0.3086288,-0.93567634,0.4311657,-0.4955183
1.8273972,6.6900244,1.4970541,6.988229,0.29146218,-0.9002979,-0.023048222,-0.47994334
2.82593,5.907322,1.495575,7.0409646,0.27695274,-0.87903786,-0.3435548,-0.48138502
2.4515982,7.815246,1.4580328,7.244803,0.2985568,-0.9445851,-0.06797302,0.5316328
2.7979703,9.494905,1.3732536,7.3017397,0.26706362,-0.9562335,2.357949,0.31460702
2.081575,5.6152425,1.2406518,7.2192793,0.2744236,-0.9292195,2.6263535,0.22619915
2.157394,5.3178163,1.308084,7.2929277,0.29353786,-0.92911124,0.38921142,0.34599638
1.8444471,8.442446,1.1188927,7.250502,0.34110498,-0.9375768,-0.11290687,-0.31012255
1.912188,9.005685,1.1032364,7.370421,0.34106255,-0.8378446,-0.3843953,-0.3279664
1.9054394,8.9805355,1.1196756,7.3144646,0.34189725,-0.8701894,-0.35524398,-0.29635766
1.7747362,8.807179,1.1751494,7.3055096,0.3082993,-0.92665005,0.5947335,-0.3508027
1.676228,9.19485,1.1000705,7.3641796,0.37364435,-1.0207812,0.6435852,-0.25358784
1.6468967,5.9714127,1.1272216,7.356305,0.43434262,-1.0872066,0.67783165,0.13431883
1.4204897,7.4642415,0.99129295,7.3289795,0.5347676,-1.1201308,0.35225523,0.21883112
1.509557,8.382975,0.94637084,7.3073626,0.52897906,-1.1272824,0.3176633,-0.39692914
1.2726411,7.650444,0.9713453,7.3837423,0.52067304,-1.1576982,-0.22344923,-0.46802086
1.2870877,6.307187,0.944005,7.293258,0.5326562,-1.0961084,0.19556701,-0.46004862
1.2920058,6.5876713,0.9885249,7.216186,0.5580113,-1.0677981,-0.5304632,-0.10178685
2.108571,8.906488,1.4919846,6.984829,0.32637668,-0.9506502,0.2205441,0.01735735
1.8785495,9.936039,1.4744277,7.0110016,0.31183434,-0.95122766,0.6817609,-0.077723265
2.182304,9.93623,1.5784602,6.846903,0.30700946,-0.9461775,1.1884298,-0.10311961
2.0674157,6.2661586,1.4387498,7.038906,0.36830568,-0.95707726,2.1299107,0.90827763
2.222787,8.112881,1.4306297,7.0274177,0.37722278,-1.0139008,2.628101,0.91846323
2.8073437,9.477217,1.4219637,7.1661606,0.37167406,-1.0017209,2.6355877,0.8244771
2.4200485,8.204437,1.3159733,7.0682516,0.38385415,-1.0241601,2.3836603,0.88278294
1.819572,9.750488,1.363971,7.026369,0.41946554,-1.0261027,2.899978,0.86515117
2.4740558,9.299547,1.5373707,6.8464985,0.4360168,-1.0207894,2.7019415,-0.012390196
2.2058854,8.992807,1.4515314,6.8925986,0.4137287,-1.0147038,0.94749165,0.7943466
2.2949595,4.6891627,1.5041239,6.9360027,0.39349842,-1.0356932,1.6859739,0.36985528
1.5989945,4.6794205,1.4525621,6.9439225,0.393234,-1.0270777,1.9228308,0.5853112
1.533185,8.884084,1.4970818,6.9111433,0.38253427,-0.99809694,1.2649119,0.25022388
1.8324345,7.2408433,1.6085844,6.880143,0.34966516,-0.9916396,1.1856124,0.1894381
1.4680166,7.4389014,1.6409597,6.915715,0.3325174,-0.95597744,0.19911325,-0.16755748
1.353596,7.2296042,1.6554675,6.902245,0.32484007,-1.0046556,2.5341377,0.54917336
1.0452521,3.2404096,1.7575006,6.7249646,0.31606746,-0.90880895,1.6205158,0.45973146
1.4210637,2.8266034,1.6908932,6.695745,0.3356247,-0.9383173,2.3405178,0.4011867
1.5967085,6.372001,1.6481569,6.751233,0.37910724,-0.95515776,0.32049918,-0.34355655
1.678139,8.368151,1.6300716,6.9217687,0.34129047,-1.0050023,2.9151256,-0.24850824
1.5831008,8.835989,1.6867816,6.924364,0.3667364,-1.0177069,2.5337458,0.6917515
1.7354665,8.689489,1.6295228,6.898185,0.3509426,-1.011816,2.7637012,0.7542447
1.4880605,5.2797465,1.6540484,6.74876,0.3910463,-1.0554655,2.717661,-0.26730716
1.698844,7.0950594,1.6379457,6.7442346,0.41185045,-1.0344553,2.8463545,0.744737
1.4370818,4.952899,1.6901131,6.711999,0.42494512,-1.0489995,2.8543255,-0.27279854
1.6563575,4.5841413,1.6593688,6.4878807,0.4331584,-1.0232635,1.8993936,0.27219367
2.329606,7.0137997,1.696878,6.5497427,0.4253571,-1.0594461,2.4071846,0.21687275
1.1463225,4.1778226,1.8707366,6.60871,0.3408904,-0.91784954,0.58236,0.4524687
1.1075854,5.766848,1.900403,6.6354856,0.34902906,-1.0482385,0.7888309,-0.014273673
1.5694901,8.208033,1.919878,6.6089764,0.31593847,-0.95913744,1.0573325,-0.4930733
1.6669191,8.388594,1.928819,6.5117245,0.28932357,-0.94997287,2.5179584,0.30558485
0.94010663,2.3327632,1.87325,6.537689,0.3078406,-0.8859737,2.5090325,0.19997478
0.83917964,2.9194627,1.9638412,6.405025,0.31374574,-0.9605694,2.7016096,-0.30722198
1.4947007,2.2541265,1.900753,6.3071213,0.3165679,-0.925045,0.7035825,0.06728816
1.7257793,3.2347026,1.9253504,6.3638945,0.3792224,-1.0017533,1.8607094,-0.46570152
1.7355407,9.947847,1.8680177,6.404664,0.41446042,-1.0830462,1.88622,0.22056729
1.7848299,9.047735,1.8991199,6.469337,0.40108562,-1.0469053,0.9059967,0.289796
2.5404143,8.326354,1.7739971,6.467766,0.4278431,-1.0354131,0.7455404,-0.26651877
2.069084,8.922575,1.7742376,6.4695797,0.40303326,-1.0079509,2.1692061,0.59790707
1.9395888,7.667875,1.7892637,6.5119743,0.42205215,-1.0481195,1.5925403,0.058713198
2.0287273,9.12948,1.8257875,6.46735,0.40985203,-1.0495241,1.4331658,-0.38507795
1.557469,9.2171955,1.8344674,6.443547,0.4177425,-1.0258129,0.7912924,-0.4530576
2.0910945,8.397293,1.7675896,6.5255795,0.38778257,-0.9902096,0.46993113,0.12875491
1.7236903,6.587387,1.7720432,6.507572,0.41471887,-1.0595902,0.5751095,0.18475783
1.86237,7.1647153,1.6679504,6.548521,0.45153117,-1.0660074,1.1828327,0.24425912
1.7434429,9.152174,1.7580009,6.513837,0.44813848,-1.0994096,2.519767,0.21904528
1.8341961,7.750385,1.7774835,6.64938,0.39625192,-1.0644872,2.4262304,0.34691358
1.6718196,8.40869,1.7132967,6.6115093,0.4577911,-1.0784229,1.2763422,0.33499622
1.739213,5.5245905,1.622828,6.5783606,0.46120405,-1.0564625,0.4385364,0.464446
1.5993093,5.8869753,1.6788769,6.5741863,0.47957134,-1.1236378,2.636801,0.37890464
1.4060016,4.3624735,1.71684,6.461994,0.4843464,-1.1522701,2.3241863,0.36982214
1.7481986,8.111496,1.699254,6.627009,0.46275425,-1.1606867,2.4180906,0.39062095
2.8731804,7.9887357,1.6424775,6.6929507,0.4875741,-1.078752,2.373338,0.47293317
2.152423,8.309897,1.5865278,6.651979,0.46563816,-1.1095848,2.3363569,0.55962896
2.2103395,7.4524937,1.6575015,6.593055,0.46436477,-1.1294013,2.5586193,0.30519783
1.9337362,7.743729,1.6474881,6.715006,0.4679799,-1.1562948,1.5558872,0.81855226
2.0997763,9.445206,1.5268674,6.751749,0.48698163,-1.1325567,0.867633,0.4170406
1.7488843,9.041287,1.6452503,6.684598,0.44811583,-1.0980788,2.6993675,0.19796956
1.516698,9.003845,1.6438191,6.7377777,0.43455315,-1.0418239,1.4907129,0.053138793
2.0740705,6.823962,1.606988,6.716707,0.39289713,-1.0545154,1.341754,0.63488746
1.5518911,9.838655,1.6618476,6.751486,0.42764044,-1.0871143,1.2645125,0.59834385
2.006462,8.271589,1.634917,6.7119346,0.4205854,-1.0750033,1.0599272,0.4831174
1.3350098,6.900682,1.5763805,6.739774,0.4294324,-1.0545359,2.5706024,0.38059652
2.4740658,7.8328853,1.5875926,6.785576,0.39138508,-0.98121166,2.9575968,0.4309101
2.1039057,7.0220256,1.4714499,7.027076,0.3491137,-0.9652777,-0.09364319,0.8405452
1.4607956,2.5384488,1.4216018,6.9887924,0.33224678,-0.93108416,0.4648496,-0.13174635
1.3303422,4.113078,1.5471101,6.996203,0.27043486,-0.8875029,-0.0045051575,0.27733958
1.7818072,7.8397255,1.5272095,7.012483,0.3097186,-0.86716175,0.12884498,-0.4883351
1.7795722,6.991742,1.5527067,6.910289,0.32039738,-0.8628788,0.2903967,-0.4992204
1.3703749,8.582684,1.7925379,6.871068,0.28075504,-0.87869906,0.35077667,-0.114099145
1.3023593,7.6789455,1.7751956,6.869953,0.29831767,-0.9311168,2.2948751,-0.45984754
1.2387568,9.0919285,1.8076615,6.9314966,0.2962432,-1.0052218,2.2407358,0.2610591
1.1143696,7.6667686,1.8044486,6.7820687,0.33491206,-1.0008569,2.7322795,-0.3987325
0.94517785,6.9277806,1.9235811,6.7014885,0.35884023,-0.9791031,1.4494405,-0.36061853
0.932307,8.291443,1.9267006,6.745279,0.35792875,-1.005558,2.5289857,-0.1643714
1.0118423,6.467855,1.914357,6.7298493,0.33637333,-1.0209492,1.4626348,-0.39860937
0.9012457,7.230209,1.9158237,6.670054,0.34359932,-0.97237563,2.814872,-0.3595993
0.99817,7.224901,1.9393222,6.753109,0.32172656,-0.9303055,2.1258745,-0.3054415
0.96228385,8.504344,1.9110456,6.8761454,0.30679727,-0.9758425,2.142746,-0.3367703
0.9519244,7.557656,1.9116836,6.88619,0.31334853,-0.94816923,2.7373931,-0.3882881
0.94751465,8.716463,1.869122,6.9106665,0.33204198,-1.0425739,2.7958515,-0.22414806
0.7412207,6.8321023,1.903312,6.9076753,0.31310177,-0.90350914,1.8681002,-0.29964235
0.7772068,5.421092,1.8871474,6.89163,0.33703613,-0.9829998,2.7103891,-0.14579213
0.6940594,5.293461,1.8588428,6.892987,0.34746742,-0.98801947,2.4313889,-0.17703179
0.7872703,7.668445,1.8641019,6.761114,0.3888483,-1.0415204,1.6024501,-0.23140022
0.80383307,6.959349,1.7819972,6.855958,0.40123892,-1.011224,2.4132109,-0.39101166
0.6739663,5.5086875,1.7745152,6.9500413,0.39656425,-1.0055468,2.618322,-0.47259244
0.6324007,6.440844,1.8461993,6.9688296,0.41852427,-1.0426766,2.831131,-0.41886157
0.59001815,5.7935743,1.9124851,6.9552317,0.44479632,-1.0980002,2.9830987,-0.096581936
0.61384225,5.0661488,1.8991268,6.9170365,0.40082502,-1.070102,2.2188337,-0.3954705
0.69500935,5.1355696,1.9012871,6.8246784,0.36513853,-1.0441679,2.2377973,0.27329433
0.7371234,5.1856794,1.9071023,6.7803526,0.38136697,-1.0492523,2.2979503,-0.37823462
0.75235164,7.214739,1.8896697,6.8927083,0.40606618,-1.0758061,2.4006674,-0.44361767
0.91330075,6.981213,1.6691654,6.757636,0.40809417,-1.089469,1.888067,-0.25734705
2.7940779,9.862114,1.5306098,6.7959747,0.4795096,-1.089804,2.4541962,-0.13482097
2.921878,6.7336884,1.2163293,7.0252676,0.4954176,-1.1214361,0.21638846,-0.030463994
1.7282972,6.375772,1.279851,6.9718275,0.46641564,-1.1437452,0.3262354,0.12677038
1.6205802,6.4269023,1.3737848,6.9712467,0.5023563,-1.2145438,0.009779334,0.062794924
2.1226366,8.213453,1.0433629,7.0480437,0.53560877,-1.2088988,-0.00014197826,-0.10836467
1.9483924,8.041782,1.0122018,7.2789807,0.5268729,-1.1937373,0.24780118,-0.28974876
1.868371,8.524001,1.0244017,7.2667212,0.52504516,-1.1812896,-0.24629366,0.30231112
1.777089,7.98382,1.0138865,7.1987724,0.5478568,-1.1696517,2.9275846,0.4456017
1.9462593,9.657623,0.9000602,7.093493,0.561728,-1.1261494,2.7598703,0.7214792
1.8977754,9.630722,0.8037441,7.3863497,0.562006,-1.1028275,1.3716104,0.80584157
2.947112,8.128442,0.73092675,7.408376,0.5204909,-1.1297998,1.3668334,0.87017655
2.9606652,7.888373,0.6510596,7.615312,0.5204358,-1.1378635,1.4924603,0.910905
2.966679,9.413546,0.5707178,7.60094,0.55152726,-1.194554,2.2144504,0.7602016
2.95128,9.074978,0.54336905,7.590661,0.5427263,-1.1069416,2.047883,0.80888164
2.4982748,9.609834,0.588308,7.6273575,0.5269573,-1.0676055,2.0394547,0.80162895
2.6940176,9.947202,0.42302477,7.797369,0.535131,-1.0862303,2.7830598,0.7702267
1.5532967,8.754434,0.60344136,7.734939,0.5529103,-1.1577194,2.7418618,0.80226076
1.5680859,9.672044,0.47385585,7.6472754,0.57364297,-1.0650963,2.734898,0.70514
1.7812631,8.807846,0.4628228,7.7965655,0.57762957,-1.1210456,2.669886,0.9100325
1.3569567,7.3249564,0.40369964,7.8470554,0.56322145,-1.1267676,2.2040875,0.46422863
1.3542166,6.243609,0.487334,7.9652424,0.5660074,-1.1724875,1.5194223,0.5986583
1.1780572,5.4492807,0.5074961,8.037822,0.5140834,-1.1409005,-0.07225418,0.6654084
1.269505,7.1639833,0.4625647,8.101695,0.49320245,-1.1168633,-0.3668087,-0.4775564
1.0123409,8.663183,0.4324646,8.108227,0.5910523,-1.196224,0.1675843,-0.4293277
0.93940187,9.521183,0.3497331,8.246431,0.66749,-1.2548771,1.458307,0.6178663
1.0262601,8.726812,0.30012488,8.317368,0.63637996,-1.1948013,1.6209044,0.8975512
1.067822,9.977667,0.40231514,8.282522,0.5859833,-1.1762083,2.4935732,0.7805939
0.9396556,9.939762,0.4857762,8.343418,0.5314295,-1.1702886,1.8407779,0.35155165
0.91253126,9.938156,0.41967702,8.327183,0.46471643,-1.1131263,1.9048479,0.30548608
0.8980243,6.4710975,0.37182844,8.293928,0.5256853,-1.144093,-0.13353378,-0.08498064
0.88941336,7.8887224,0.57605815,8.180162,0.5250437,-1.1238946,-0.40498543,-0.4977695
1.2437267,9.156824,0.30137968,8.033208,0.5728905,-1.126658,-0.6035144,-0.2429924
1.2415357,9.241814,0.31594336,8.324384,0.6129918,-1.1890908,-0.9191593,-0.26955393
1.2997596,9.67294,0.22037125,8.321642,0.61064696,-1.2018745,-0.691785,-0.26688746
1.1265315,9.986425,0.14701176,8.348112,0.6325855,-1.1972197,-0.09907752,-0.45330125
1.067122,9.480143,0.22411966,8.203225,0.63007903,-1.2200414,2.3540583,0.45323777
1.0078522,9.1836195,0.312266,8.059543,0.6813581,-1.2396644,0.13988853,0.35760128
0.991555,6.8228564,0.30959654,8.09391,0.76614857,-1.2656977,-0.5364714,0.95118976
0.94673973,8.096048,0.27536154,8.100962,0.7437887,-1.2581687,2.4569588,0.8666489
1.03074,8.172398,0.4892602,8.018704,0.70389223,-1.379567,1.887464,0.92014766
1.0366206,8.384099,0.36473978,8.103638,0.76099133,-1.3538995,1.9343717,0.49899924
0.8202898,7.543693,0.3785299,8.040363,0.7715218,-1.3449037,1.391896,0.47662646
0.81625205,7.855613,0.5061469,7.9687543,0.7468195,-1.3763185,0.8043599,0.5503715
0.79040515,8.015175,0.58733916,7.950834,0.7655611,-1.4075528,1.3301153,0.55479693
0.75711936,8.59869,0.53069067,8.028938,0.80243754,-1.4161699,1.7544363,0.55918884
0.809215,7.268897,0.47911358,8.033256,0.7968843,-1.4477515,1.9552248,0.7217752
0.79432976,6.9992704,0.44717932,8.104551,0.7941489,-1.4430825,1.2059817,0.3795687
0.7221179,5.3465533,0.40679157,8.154035,0.83226943,-1.4732462,2.899674,0.028250933
0.73859024,5.1663885,0.31570745,8.149889,0.8499377,-1.4303572,-0.80521107,-0.034229934
0.66729796,3.6098723,0.36356616,8.067959,0.82468224,-1.4945693,0.11588526,0.004453242
0.6805713,5.4150724,0.3819375,7.9212823,0.9369011,-1.4870384,-0.24675047,-0.09361395
0.89902896,9.670774,0.36650324,8.108261,0.8390236,-1.49558,0.076797366,0.15434903
0.86466956,9.907892,0.4142288,8.13574,0.8288295,-1.4864662,0.0153871775,0.010002136
0.86253333,9.994129,0.38447452,8.147541,0.79699135,-1.442795,0.17843413,0.13929635
0.9326869,6.658877,0.38850784,7.995932,0.8167348,-1.4465716,-0.18393439,-0.07364598
0.8638028,8.268738,0.41952825,8.073164,0.8188641,-1.3505714,-0.48180258,-0.36813802
0.9260863,8.900267,0.3161142,8.033704,0.8195951,-1.3303747,-0.30134714,-0.123133
0.88068104,9.145662,0.43508768,8.10112,0.8273976,-1.4317784,-0.65316164,-0.16903734
0.8030406,7.1257567,0.5041349,7.938067,0.83408284,-1.4181466,-0.6518967,-0.47808456
0.82525265,6.2483425,0.4902985,7.9212394,0.79953647,-1.340528,-0.66942376,-0.41470212
0.7346354,9.121515,0.5835891,7.901513,0.80011034,-1.4054134,-0.06616461,-0.27669945
0.8388739,7.603661,0.5915103,7.7702513,0.8342104,-1.4207801,-0.28486043,-0.29594046
1.0039937,9.018823,0.58294,7.768613,0.8036039,-1.4011413,-0.64720017,-0.30160856
1.1455772,8.517086,0.45241725,7.771426,0.85432625,-1.3388375,-0.6933423,-0.17544734
1.0988585,9.480932,0.57457936,7.6540055,0.8268051,-1.3433888,-0.62392867,-0.43241328
1.2487249,8.896294,0.5640812,7.731142,0.7384763,-1.3550229,-0.44992167,-0.27431363
1.4114105,6.834881,0.5667038,7.5453463,0.77570605,-1.343757,-0.32131243,-0.24272412
1.3264589,7.6022677,0.5542164,7.5664477,0.7940476,-1.3670044,-0.34774357,-0.3398729
1.4039017,9.422152,0.5615109,7.5403347,0.80288625,-1.3430734,-0.23847163,-0.4583966
1.5897039,8.002296,0.6285447,7.548976,0.7730944,-1.3446425,-0.3934042,-0.41143912
1.5243713,9.295776,0.60301447,7.6111517,0.7692199,-1.364954,-0.52443355,-0.34406546
1.0247452,9.712997,0.6732328,7.570363,0.78009105,-1.3241136,-0.33470368,-0.43154594
0.934567,9.781942,0.68364334,7.6064043,0.7947655,-1.3281416,-0.39729315,-0.47636795
1.0248816,9.625705,0.7220392,7.4669595,0.79628086,-1.3306901,-0.6326497,-0.45140034
0.9306925,9.135454,0.7087598,7.679375,0.757035,-1.3655466,0.13535309,-0.47197622
0.79002106,8.024765,0.70312977,7.9233203,0.7208152,-1.3129497,-0.2999053,-0.4609753
0.78866756,9.666519,0.59686446,8.128395,0.7464433,-1.313988,-0.35382438,-0.46602902
0.80156326,9.71414,0.5915327,8.097706,0.7435813,-1.3544079,-0.022994757,-0.07156259
0.8968766,9.703751,0.6296792,7.7065024,0.79224825,-1.4262303,0.2687961,0.06938386
0.9117117,8.935162,0.6839962,7.725623,0.75951505,-1.365685,-0.4281603,-0.45832738
0.9455295,9.478315,0.6530609,7.660131,0.7571943,-1.3232049,-0.19610387,-0.46008092
1.024383,9.695311,0.655607,7.652858,0.79846334,-1.3288511,-0.24365598,-0.48544928
1.0295501,8.725929,0.7219651,7.69175,0.75443864,-1.298012,-0.71849805,-0.39599836
1.0020803,8.403432,0.6112548,7.738677,0.7544565,-1.3574116,-0.11140752,-0.37102133
1.0069346,9.906197,0.549026,7.730485,0.8557167,-1.3475006,-0.6765512,-0.42703837
0.9701879,9.038912,0.5887904,7.6961865,0.90873075,-1.4500389,-0.83500206,-0.2580964
1.3078448,9.551393,0.47673464,7.7498465,0.92082906,-1.5291429,-0.541348,0.23897886
1.7925129,9.838348,0.38486636,7.683721,0.95769763,-1.5346079,-0.20394343,0.07392275
0.8736644,9.9429245,0.3947159,7.733619,0.9387202,-1.5177741,-0.32573402,-0.3697081
1.0829055,8.316176,0.38234055,7.758868,0.93375945,-1.514412,-0.21858364,-0.14274174
1.3621519,4.4845963,0.3536117,7.6104527,0.97252107,-1.5455335,-0.39338094,-0.42349088
1.3624849,5.094568,0.5812385,7.582256,0.9800801,-1.593776,-0.36563683,-0.48121986
1.3470159,8.823774,0.5815723,7.4383836,1.0037496,-1.5991129,-0.6735556,-0.48601222
1.3295143,7.1177664,0.5367596,7.5153794,0.9463012,-1.5806993,-0.20610285,-0.4759329
0.9381548,9.513742,0.5207958,7.6704154,0.97233176,-1.5473809,-0.30817753,-0.48614338
0.9119486,6.1431894,0.5377226,7.619124,0.95316744,-1.5643959,-0.32380426,-0.48954684
0.7998495,5.9455376,0.54147935,7.677752,0.9973693,-1.6152894,-0.35407364,-0.47818786
0.661298,7.1786733,0.6201905,7.642556,1.0113139,-1.6175507,-0.28126514,-0.47625676
0.95057714,7.0731845,0.685761,7.370113,0.9792979,-1.5905725,-0.49628836,-0.43360868
0.85231745,8.459589,0.646657,7.44774,0.97854376,-1.5245907,-0.32641453,-0.35849997
0.7967497,8.012822,0.6621945,7.4451184,0.9616916,-1.558736,-0.32272732,-0.48673818
0.7730135,6.6656723,0.6690855,7.441734,0.9532294,-1.5436337,-0.121260226,0.24822491
0.81924707,8.297927,0.6266513,7.489456,0.94282913,-1.5339826,-0.09741682,-0.48515487
0.7830956,9.735723,0.64419746,7.6124015,0.9033189,-1.4571786,-0.103741765,0.14748138
0.94655824,8.526066,0.5807133,7.608223,0.9037945,-1.5205733,-0.16889262,-0.3861006
0.9560646,9.523146,0.57508945,7.615937,0.88527656,-1.4256947,-0.56445456,-0.08034128
2.2943091,5.7375116,1.7528558,4.5915837,1.5048683,-2.1312833,2.8470209,0.7342951
2.2051966,3.0130646,1.7657788,4.5341845,1.5403023,-2.1376388,2.1780827,0.31302118
1.4069858,4.6217837,1.7577848,4.5250883,1.5098617,-2.1403875,2.911724,0.24458528
1.9430356,4.040325,1.7354896,4.61557,1.5193946,-2.1508527,1.0687256,0.43930888
2.2041113,9.43713,1.8885374,4.533309,1.4773083,-2.1566105,1.556107,0.4371915
1.797255,9.140167,1.8520114,4.4716034,1.4755142,-2.1085982,2.392708,0.67195606
2.1101933,9.147403,1.859334,4.4290056,1.4915359,-2.0752766,2.9217906,0.51003385
2.4657757,8.02857,1.8923585,4.403668,1.4667645,-2.1443996,2.8259969,0.5494782
2.9694118,7.988696,1.8811316,4.3565426,1.5140951,-2.062936,1.5111508,0.9242935
1.3740697,8.4308,1.9397397,4.357749,1.5233364,-2.1231503,1.4462061,-0.4549707
0.8268325,7.4115357,1.8972368,4.4813557,1.4752557,-2.0859494,1.4155214,-0.4293787
2.4230547,9.945564,1.9430718,4.393822,1.4172573,-1.9868617,0.44519114,-0.45171323
2.979123,9.347745,1.9483185,4.31793,1.4338281,-1.9899434,0.28466308,-0.4804856
2.3486204,9.91939,1.9399564,4.3092365,1.4393609,-1.9945534,0.619398,-0.39222667
2.923702,8.975573,1.9414418,4.3455358,1.4119215,-1.9891328,0.68004775,-0.19356942
2.8459685,8.05372,1.9981394,4.350863,1.4217653,-1.9894385,1.2323632,0.7730156
2.4430664,7.0479283,1.9514132,4.3214474,1.4141669,-1.9916903,2.8509035,0.90765905
2.6220496,9.05695,1.9635878,4.4893665,1.4272387,-2.006043,2.1449487,0.91137505
2.856382,9.641924,1.9791915,4.4465504,1.3479943,-1.9771985,0.6662965,0.4705013
2.875839,7.844472,1.9831054,4.448005,1.3330495,-1.9197905,2.2427182,-0.43303305
2.8997812,8.4071245,1.9466221,4.504506,1.3124049,-1.9286673,2.5303023,0.23436481
1.9887296,8.050861,1.9878347,4.560951,1.2721484,-1.8801078,2.6972184,0.61014855
2.9234343,8.42968,1.9931018,4.5309277,1.2831457,-1.9435985,1.861794,0.49338078
1.9835198,9.707342,1.941047,4.523998,1.3242323,-1.930636,1.7961254,-0.051032245
2.6209655,6.8966722,1.936919,4.479795,1.308677,-1.9097579,1.9297311,0.05238968
2.3511746,6.7310176,1.8984706,4.4989867,1.3299079,-1.9536521,2.7273376,0.3480968
2.4931488,7.0872197,1.9387422,4.4960895,1.3199043,-1.9683006,2.8484032,0.060522497
2.533123,9.195423,1.9247279,4.473877,1.3185928,-1.941606,2.3994622,-0.020568848
2.299147,9.851839,1.9081686,4.6564975,1.310997,-1.9397726,2.868789,0.5988072
2.5426877,9.7669525,1.8570905,4.7066145,1.330523,-1.9314361,2.873263,0.5561527
2.8446097,9.833247,1.8358419,4.84777,1.3387423,-1.9502302,2.8607163,0.33079517
2.7617784,7.5297003,1.7456386,4.985666,1.3176394,-1.9489708,2.3952463,0.45507526
2.683623,6.0571575,1.748847,4.9185257,1.309725,-1.8207322,0.60969055,0.36188018
2.2846951,5.5316334,1.7438049,4.9499264,1.3230507,-1.8352027,0.23583388,0.74231887
2.9377592,9.479693,1.7883785,4.8361654,1.338268,-1.8413785,0.22749162,-0.411337
2.8737326,9.494551,1.7840075,4.887783,1.3501315,-1.924278,0.0672518,-0.22322887
1.7084739,8.79993,1.692862,4.859637,1.3749337,-1.9031923,0.7595893,0.35633636
2.3798993,8.624607,1.8441272,4.808974,1.3192356,-1.8971585,2.853783,0.47769487
2.4290652,7.04463,1.8237302,4.8808217,1.2509177,-1.8374662,1.5600953,-0.054038584
2.9037056,9.098442,1.8283634,5.0122747,1.2589202,-1.8245397,-0.35044432,-0.45801315
2.5198753,7.6206126,1.833956,5.1351995,1.1933937,-1.7503049,0.12512243,-0.098348856
1.1891418,9.122164,1.7850261,5.1213717,1.2231624,-1.7209135,-0.11971563,0.07691342
1.8525894,8.8308115,1.7580411,5.1171455,1.1819499,-1.7489762,0.47228956,-0.006868005
0.8589939,9.252214,1.7618465,5.2913237,1.1854825,-1.7479136,0.30106032,-0.3883062
1.8929993,7.502047,1.6850371,5.3183575,1.1716108,-1.7694621,-0.14843625,-0.2839919
2.7520115,7.7194715,1.5922308,5.5466247,1.191411,-1.8077171,-0.22613138,-0.41586715
2.2316623,7.961446,1.5028431,5.4531054,1.2368104,-1.8406103,-0.10346341,-0.33711547
1.811553,7.86572,1.5749388,5.4697905,1.239114,-1.7753859,0.3819753,0.25380713
2.1088815,8.971334,1.6073906,5.4378853,1.1507983,-1.7951336,2.0863423,0.44473803
2.2401714,8.467908,1.7260807,5.2658453,1.1081898,-1.6990896,1.7299752,0.4586333
2.8377373,7.8875513,1.7812324,5.353589,1.1224236,-1.6931858,0.8486948,0.20955187
1.1880132,7.4438148,1.7551713,5.4936743,1.0414555,-1.644311,2.4192648,-0.08046609
1.0935483,6.9740424,1.760128,5.4773407,1.0220757,-1.650271,2.5680892,-0.28869137
0.87314796,9.305508,1.8158283,5.563344,1.0290112,-1.6732067,0.6513487,-0.43252105
0.93907326,8.983938,1.8389187,5.3812814,0.99618316,-1.558914,0.41662753,-0.24806398
2.7920659,9.513036,1.906929,5.3563423,0.95248246,-1.5691497,0.45588446,-0.40019423
1.6998534,7.610443,1.8982539,5.2439804,0.9904301,-1.5729249,0.09806812,-0.4254317
2.8945534,8.876308,1.9033873,5.4532175,0.982157,-1.5988554,0.1845969,-0.42750108
2.3682737,9.994099,1.7814724,5.472842,0.97762656,-1.4594305,0.24634135,-0.468141
2.2656794,8.828064,1.7600782,5.529683,0.98012066,-1.6353712,2.3858147,0.06557083
2.873977,8.9137535,1.7820172,5.476852,1.0424571,-1.6256591,0.14938545,0.58472013
2.3908002,9.356621,1.7952526,5.5598326,1.0586867,-1.6864089,2.9874632,0.9683448
2.4444404,9.945423,1.7465236,5.520692,1.0610342,-1.6920754,2.985892,0.9060279
2.5836036,9.98237,1.7609625,5.3754416,1.0293698,-1.5895535,2.9520297,0.5763941
1.989014,7.367458,1.713093,5.525291,1.0136724,-1.5148506,2.165362,0.4385295
1.1264195,9.495905,1.7484415,5.5731316,1.0424867,-1.7228138,2.2607348,0.5507014
0.9014589,8.780984,1.7170873,5.6532555,1.0768704,-1.7718413,2.2706535,0.48798501
0.92438066,9.085669,1.6836529,5.8034716,1.0841043,-1.7280495,2.5447018,0.06328523
0.9152265,9.869406,1.6442893,5.880232,1.0640321,-1.720295,2.7783864,0.2081387
1.1546078,7.1734977,1.610523,5.785041,1.0732481,-1.7417806,2.8907993,0.436693
1.4265083,9.291405,1.6765668,5.615643,1.0390403,-1.720367,2.4895427,0.7139523
1.4075097,8.926493,1.8462877,5.4055214,1.0156083,-1.6594896,2.8140204,0.60732377
1.0244204,8.626833,1.8025804,5.6297355,1.0075419,-1.6712806,2.8725011,0.48447812
1.1147325,5.679419,1.7432122,5.5298786,1.0080459,-1.6388351,1.6724639,0.28510368
2.7654397,5.977159,1.8135529,5.5183096,0.95057416,-1.6035951,1.5794296,0.3090685
2.8563876,6.7562947,1.7222352,5.501919,0.9082422,-1.4500864,2.7009242,-0.10901824
2.9472167,7.601024,1.8038952,5.3114586,0.9799583,-1.5654483,1.9376402,-0.018421948
2.864485,7.5378265,1.9312172,5.1463017,1.0163186,-1.5899124,1.1128032,0.047053337
2.8503237,7.815683,1.9141588,5.1937666,1.0633044,-1.6461055,1.4612546,0.41073316
1.9996766,5.6318855,1.905628,5.120221,1.0333681,-1.5829055,0.10509479,-0.09957641
2.4548428,9.912329,1.9103172,5.1398964,1.0282078,-1.6986982,2.4489534,-0.07830608
2.9057374,9.862328,1.8997235,5.1365166,1.0691209,-1.6506382,2.2953103,0.06759399
2.8414197,9.623819,1.9006004,5.0882206,1.0905874,-1.7007172,1.9594524,0.09426403
1.7377541,6.0641294,1.8911955,5.058424,1.0810156,-1.691412,2.8272834,0.091546774
2.0093527,5.156066,1.8596878,5.020923,1.1157176,-1.6880941,0.7922343,0.45067
1.8428364,4.4657955,1.8400383,5.038059,1.1241674,-1.6407943,0.16691971,-0.2525916
2.0234852,8.997179,1.8561001,5.116708,1.1681192,-1.6821618,-0.16240424,-0.255668
1.5467702,9.270908,1.8618054,5.1304016,1.1197026,-1.7241559,0.078478575,-0.4316873
2.2313623,3.789942,1.8852406,5.1603374,1.1312034,-1.7481722,0.0982008,-0.32604414
2.6830268,9.797859,1.8332226,5.2925243,1.111485,-1.6885109,1.0926163,0.2312181
2.4690003,9.573208,1.8345606,5.313792,1.080518,-1.7134565,1.3312969,0.3361463
2.559785,9.678447,1.786902,5.3241253,1.0708952,-1.6978899,0.7990024,0.27103907
1.4923347,9.774276,1.744801,5.3009167,1.12654,-1.7525204,1.1643541,0.4693998
2.6506574,7.7554393,1.7367492,5.378114,1.1171653,-1.6999668,2.9400616,0.48844874
2.600458,8.498144,1.7811959,5.4205923,1.095911,-1.6747458,0.8118628,0.30104637
2.6272001,5.431127,1.7366986,5.339611,1.0983851,-1.6720859,0.6495222,0.24334794
2.5802996,9.909748,1.776063,5.2560687,1.0966859,-1.6525747,2.8180377,0.45728254
1.5902374,9.152555,1.7778478,5.124496,1.1443725,-1.7547793,2.745477,-0.004597664
2.8357067,9.135939,1.8531923,5.102906,1.1683424,-1.7458698,1.8674717,0.6516136
2.771655,8.811588,1.8630576,5.108937,1.1369314,-1.7534556,0.69114745,-0.059353888
2.9092202,8.575184,1.8558266,5.01224,1.2013316,-1.7606837,1.8204815,0.2555865
2.9371748,9.469116,1.8621118,5.0617857,1.199781,-1.8214117,1.8194697,0.25413918
2.9261193,8.77368,1.8535302,5.064101,1.194063,-1.7355697,1.8466408,0.6323104
2.6011095,9.531897,1.7902508,5.1101875,1.2165127,-1.7309211,2.4624932,0.586934
2.1487432,3.2249742,1.7319674,5.138445,1.1613848,-1.7300013,2.95838,0.5771978
2.084683,2.2235456,1.7745566,5.1665373,1.1564505,-1.71747,0.72152865,0.5867659
0.7856505,2.7410436,1.7722785,5.178399,1.1160843,-1.7574501,2.8918183,0.2934215
2.833562,9.0082,1.7759459,5.246106,1.1226528,-1.7127044,2.7345102,0.23181337
2.9110427,7.401075,1.79983,5.2510433,1.1246648,-1.7226393,2.2503293,0.7445327
1.3039814,5.1341963,1.78953,5.232376,1.0846074,-1.654113,1.2558839,0.7677853
2.7771745,6.6723175,1.7909784,5.3775587,1.0662062,-1.6843297,1.2092903,0.78024745
2.045714,8.942198,1.7167487,5.5307865,1.0065246,-1.6668632,0.9621681,-0.12142849
2.9242775,3.4717588,1.6737998,5.572945,1.0507839,-1.6476873,0.98493755,0.84107983
2.2130747,9.264936,1.7047331,5.5327625,0.9842348,-1.6051903,0.7296195,0.5420563
2.5196226,4.7353277,1.6968877,5.563054,0.9725814,-1.5614667,2.0933769,0.5467162
2.357264,3.9623008,1.7258363,5.624937,0.9697747,-1.5945592,2.6954627,0.60202515
1.5576255,5.9371443,1.7139456,5.5036936,0.9695456,-1.5526034,1.8282475,0.75084984
2.6635475,5.7890053,1.7252736,5.492762,0.97682667,-1.5506575,2.7916799,0.12641817
2.0526686,4.772098,1.7811615,5.3894014,0.98553276,-1.62655,2.1332774,0.4933899
2.893066,8.914062,1.8064787,5.4019384,0.9701445,-1.5231181,2.4125283,0.037201107
2.8298106,6.5575204,1.8048058,5.4447956,0.97939897,-1.5309919,0.22161508,0.07460338
2.694253,9.773544,1.8113279,5.5581384,0.9360001,-1.571586,0.76160645,-0.21637687
2.6317446,9.396099,1.8120484,5.596754,0.92684484,-1.5383183,0.39049542,-0.18754554
2.8950348,9.456708,1.8010156,5.591009,0.9320078,-1.5315123,0.93344843,-0.37742835
2.3459918,9.44459,1.825181,5.566686,0.89876604,-1.494555,2.23376,-0.44956234
2.6566308,8.031713,1.7485194,5.6226707,0.8947396,-1.4501414,1.1514182,-0.46785125
2.5894077,7.494648,1.9070902,5.4808226,0.8802035,-1.4991772,-0.07449204,-0.48908874
2.6338573,7.812077,1.9090705,5.642372,0.8481951,-1.4937093,-0.3145001,-0.4827324
2.5357661,8.121253,1.9593556,5.671101,0.77523303,-1.3236148,0.84061897,-0.4784775
2.7701306,8.652967,1.8314173,5.7190695,0.8133962,-1.3789818,-0.47066474,-0.3989873
2.4072714,7.0079775,1.8583984,5.763733,0.811347,-1.354754,-0.05803311,-0.3051391
2.2594056,8.517495,1.7629299,5.9762926,0.77620316,-1.3578372,0.7920432,0.7654414
2.1166244,9.609819,1.766351,5.951956,0.77023053,-1.4185948,1.1132717,0.49420273
2.1382418,9.871667,1.8166139,5.9034023,0.7779534,-1.4153647,1.7687199,0.51115537
2.742792,9.97802,1.8339765,5.882098,0.7538924,-1.304776,2.3469894,0.44109112
2.4184237,2.2379496,1.8088105,6.049363,0.719362,-1.4453012,0.7978245,0.6359409
2.8029249,9.951233,1.7726989,6.0165896,0.72929597,-1.3692999,0.4484681,0.04165584
2.074766,9.806237,1.7622366,5.942598,0.7561493,-1.3657002,0.26980686,0.27759218
2.1128504,8.280884,1.8451147,6.0246954,0.6626296,-1.3303821,0.599257,-0.007670343
2.5471148,9.4949875,1.8869829,6.0023403,0.68961334,-1.3035345,0.9984491,0.14191031
0.6287468,2.91998,1.7928207,5.988289,0.69322944,-1.2904592,1.8385146,0.25377494
0.6160852,2.9235127,1.8157954,5.9582605,0.68759084,-1.2864151,2.272416,0.18977058
0.65532494,3.060632,1.8319461,5.9710336,0.67149544,-1.3070741,1.6597471,0.13289511
0.5744182,3.0613985,1.8754473,5.9676914,0.69287515,-1.3022456,2.0678236,0.045720637
1.9405787,2.841025,1.8315728,5.9141464,0.7145896,-1.3336866,2.9892154,-0.15888435
1.4521929,4.3849325,1.7764182,5.917314,0.7358742,-1.3829908,2.906126,-0.24220195
1.7217672,7.010849,1.7760978,6.047134,0.7200632,-1.3657583,2.890299,-0.08261046
1.8332826,7.1570935,1.7656336,6.003651,0.7371423,-1.3785439,1.4561715,0.8187357
1.0416198,6.218911,1.7428164,5.8970246,0.7844906,-1.3939058,2.7358332,-0.43927503
0.83106714,5.1107483,1.6722555,6.011094,0.8442178,-1.4221205,2.8268464,0.497756
0.9857706,5.257524,1.5605063,6.1201487,0.85505056,-1.5133536,0.99511385,0.31505984
0.8797117,8.598987,1.5819283,6.1375484,0.84327745,-1.5248783,2.7296839,-0.12808198
0.85236096,9.815866,1.7409391,6.0595984,0.8943386,-1.4726827,1.4305701,-0.33563828
0.7660173,9.564304,1.6428943,6.2791862,0.80206275,-1.4349003,0.94445384,-0.43289304
0.7475053,9.790126,1.7151031,6.3506246,0.7931564,-1.4268537,2.1406715,-0.31124055
0.78259397,9.846907,1.7373662,6.32382,0.7779336,-1.3799525,1.3343732,-0.21887809
0.82923216,9.7964325,1.7264407,6.1967945,0.80836225,-1.3794944,0.5375843,-0.19456989
0.8825238,9.781189,1.7893767,6.035479,0.8325529,-1.5069668,2.444411,-0.15649265
0.87960905,8.694252,1.7466309,6.0990157,0.8317399,-1.4773074,2.6478093,0.011086822
0.854388,8.673342,1.7442915,6.060939,0.83745337,-1.5268584,2.893536,0.20453489
1.2279494,7.535219,1.7442524,5.926196,0.8326895,-1.4654632,2.8526099,0.22297585
1.2078005,5.0516653,1.6885543,5.9148045,0.82879186,-1.4499741,2.9133818,0.3236642
1.050119,5.952794,1.702476,5.9636097,0.8548162,-1.4842865,2.4981222,0.5570055
0.8555156,6.288115,1.7476902,5.9094276,0.8392942,-1.521434,1.2574229,0.35142672
1.1910772,8.759613,1.7157865,5.8988113,0.8443842,-1.4903744,2.3445106,0.27139103
1.2254937,9.43711,1.6927285,5.994463,0.85582185,-1.5200793,1.1494455,0.56458867
2.0065336,9.359489,1.6022158,6.041783,0.8508508,-1.4708443,1.9836905,0.47041517
1.9794995,9.6941395,1.5695093,6.054261,0.8225887,-1.4215744,2.181935,0.54968715
1.409669,9.1988945,1.5503488,6.1479025,0.82201004,-1.4384787,2.5677032,0.7142923
2.1562977,6.5906067,1.600249,6.111408,0.79535294,-1.4542098,2.621215,0.43823618
1.45037,9.863316,1.7242951,6.2137065,0.79959583,-1.4635293,2.6892931,0.5991068
1.2233067,7.167348,1.6544974,6.2733974,0.7525525,-1.4425004,2.4458683,0.13025737
0.97967076,5.6218586,1.6183298,6.318533,0.7535541,-1.4396238,2.5936751,0.014037907
1.0321736,5.5068464,1.6832099,6.2904973,0.7282491,-1.4397697,2.8908427,0.81405044
0.728646,6.3578253,1.7074065,6.316151,0.7339184,-1.3938944,2.8208625,-0.2745367
0.68394065,6.574507,1.8023193,6.309875,0.74903655,-1.4260514,2.9215581,-0.33421397
0.70686257,6.248976,1.6955054,6.206889,0.7450416,-1.380198,1.3459415,0.22850752
1.0356824,6.5064344,1.5389626,6.125449,0.7974961,-1.4443749,2.72994,0.4050386
1.261858,4.419407,1.5357022,6.080105,0.8039386,-1.4148417,1.600378,0.5340661
1.5121081,7.399605,1.6490297,6.227533,0.7235012,-1.3866327,1.5921166,0.5631088
1.8214831,9.535656,1.6301818,6.269236,0.7388339,-1.3800337,2.5346184,0.68587804
1.518884,9.852433,1.6410303,6.1850796,0.74925876,-1.4248793,2.1194038,0.5915649
2.7397292,2.9920037,1.6756225,6.1698627,0.7635052,-1.4529855,2.1216526,0.55970824
0.6651567,2.9815452,1.5419507,6.184501,0.8198786,-1.404839,0.1736238,-0.009783328
0.7296879,2.7733343,1.593715,6.14547,0.7836478,-1.4967524,0.39887762,0.14816552
0.70207554,4.8253036,1.6059294,6.19073,0.80853176,-1.3895478,2.039918,-0.45466724
0.6115053,4.56289,1.6360803,6.205516,0.8170357,-1.4488517,0.6701791,-0.45215797
0.66734505,5.003207,1.5687368,6.1595044,0.8336756,-1.4518157,0.7602831,0.08321929
0.60866624,4.7766285,1.5912547,6.3414903,0.8701973,-1.4899669,0.8040345,-0.20036551
0.74483275,3.8059874,1.4785135,6.36635,0.7899275,-1.3805907,1.9289899,-0.07679525
0.97733766,2.5598412,1.4100387,6.2488933,0.76492715,-1.4270736,2.9742644,0.43878913
1.4931724,2.9184966,1.5215316,6.365808,0.74713254,-1.373517,2.773351,0.70568204
0.5144416,2.9916215,1.549098,6.3973694,0.7496605,-1.3836057,0.6102139,0.34523308
0.53689563,2.9031732,1.5465312,6.3736544,0.74000645,-1.4299502,1.5009041,0.14608675
0.789158,9.309172,1.6043489,6.376793,0.75370955,-1.3455768,0.98304904,0.3352548
0.80678403,9.843401,1.7025616,6.2840366,0.77704024,-1.4142919,1.2083819,0.50798225
0.7925991,9.700405,1.7985811,6.201293,0.76207685,-1.3769699,0.85235655,-0.46694615
0.7615483,9.23942,1.6802363,6.2387924,0.8087747,-1.4321585,1.9683666,-0.44513607
0.78831196,7.6870155,1.6657252,6.0935364,0.810889,-1.4259026,0.5419558,0.1492368
0.91839784,4.8308735,1.5159798,6.180137,0.8312702,-1.509619,0.75093067,0.2548672
1.3259536,4.872321,0.8407023,7.7728376,0.37529612,-1.0314498,0.59076905,0.36360282
0.848902,5.9020567,1.0726476,7.753295,0.37740254,-1.0476351,0.32314503,0.23759317
0.88181436,6.412267,1.0865922,7.6791778,0.3755734,-0.981411,0.5069299,0.23301685
0.92564887,8.146478,1.0229168,7.9185915,0.34516025,-1.0129178,0.53981495,0.4181422
0.92519826,8.548458,1.0544851,7.818349,0.37560892,-1.0066576,1.629538,0.3248924
0.889616,8.866167,1.0785215,7.7891197,0.39777184,-0.99414873,1.5013878,-0.48041236
0.82328534,9.269213,1.1851785,7.76431,0.4019413,-1.0582463,2.3371649,-0.4680117
0.8770813,8.514355,1.1441879,7.69818,0.3915317,-1.030543,2.1620717,-0.473974
0.9538279,8.62608,1.095762,7.649517,0.40654874,-1.0248725,2.200853,0.73965955
1.1767933,9.095619,0.91781163,7.8693066,0.38919592,-1.0316252,2.5478413,0.677624
1.2547214,8.331596,0.8829217,7.7857614,0.3543675,-0.9093394,2.6997566,0.65527916
1.2027876,8.958179,0.8546581,7.816636,0.37962413,-0.9594331,2.4733014,0.56296206
1.303612,8.632116,0.72763264,7.840496,0.3894434,-1.0641965,1.70713,0.31715226
1.5260631,8.505793,0.73072934,7.8422236,0.34369326,-1.0083814,1.9866323,0.36053038
1.2591219,8.931362,0.71644104,7.925401,0.34166956,-0.94268537,2.7643795,0.6568408
1.0771267,9.341749,0.7961607,7.9283886,0.34410167,-0.9286115,2.5357811,0.3024845
0.93943936,9.51596,0.8635584,8.123623,0.3814075,-1.0371262,2.6704075,0.5804765
1.036325,9.517759,0.8177829,8.130877,0.39853716,-1.0195795,1.356453,0.691388
1.0581756,8.838598,0.6226058,8.176422,0.35885096,-0.9772954,1.9271526,0.11744249
1.2901952,8.991257,0.6153319,8.052954,0.31902623,-0.9802737,2.3120713,0.4232037
1.2679513,7.8876085,0.60862446,8.071147,0.36777544,-1.0056751,1.1383977,0.38957095
1.2185056,8.646946,0.4201442,8.249832,0.41750145,-1.0259573,2.0669758,0.56385493
1.0711014,9.768709,0.44543445,8.221152,0.4056754,-0.98784494,2.9507823,0.55933785
1.1093149,8.444648,0.38204086,8.380405,0.4229381,-0.9972935,0.88556755,0.57209563
1.1839266,9.709983,0.32730746,8.326056,0.37575626,-0.96626854,2.5086982,0.73538816
1.2061769,9.262861,0.3194133,8.498998,0.3884647,-1.0309972,0.9232582,0.70187104
1.0615444,8.773752,0.36181068,8.483297,0.34755015,-0.96089554,2.1745653,0.626428
1.0728627,9.49748,0.37488556,8.519019,0.3361702,-0.9938209,1.5998921,0.6132159
1.3331722,9.48081,0.4269725,8.386368,0.35374093,-1.046324,1.8308547,0.655493
1.1462972,9.1507015,0.36060977,8.379444,0.2913165,-0.91733813,2.8279016,0.20703673
1.1210101,9.126236,0.3420316,8.455975,0.29355335,-0.9031563,2.5275126,0.49007285
1.1765611,9.460485,0.5033581,8.434483,0.2965691,-0.8702135,0.7038616,0.6569834
1.279384,9.407535,0.43854642,8.431557,0.29063177,-0.93772936,2.5230048,0.8005519
1.0414444,8.300785,0.54597414,8.377269,0.36116052,-0.91889834,0.6779511,0.8036914
1.2503927,9.293049,0.49667358,8.361171,0.3035128,-0.9294653,2.876706,0.88274014
1.2359736,9.287647,0.43261302,8.394781,0.3537557,-0.9559307,2.6060162,0.644475
1.2964469,9.991338,0.38509965,8.417147,0.33787322,-0.94296885,2.708675,0.71244395
1.2668793,6.3516088,0.34442163,8.052507,0.30364776,-0.88238716,2.3399844,0.69311523
1.9915605,8.185223,0.29533768,8.08707,0.19424438,-0.86827064,2.0769916,0.44157112
1.7245817,7.9941535,0.4459355,8.30096,0.21453261,-0.84641504,1.1833749,0.57664835
1.077944,5.411235,0.47324538,8.310066,0.23396182,-0.89439535,1.4748285,0.579576
1.6622264,5.6983905,0.1993761,8.334898,0.29720187,-0.93561506,0.8638209,0.53882897
1.555385,8.77766,0.09516132,8.509792,0.34683323,-1.0157266,0.049481988,0.8227885
1.542982,6.8981934,-0.03359902,8.47269,0.43892813,-1.080839,2.342882,0.5833056
1.2244855,7.160887,-0.03155929,8.453049,0.49151897,-1.0535506,-0.19260025,0.53283405
1.064465,8.15093,0.052009106,8.425837,0.48710918,-1.0399629,2.671706,0.48901618
1.0838294,9.319048,0.06086397,8.548298,0.5136168,-1.0461262,2.6467931,0.99594295
1.1429973,9.559799,0.00940299,8.540623,0.43007207,-0.99928,1.9435272,0.5119909
1.1150385,8.741657,0.2492187,8.338314,0.5077095,-1.0698849,1.097322,0.8968756
0.96867424,8.341604,0.19305706,8.539703,0.50865483,-1.1281455,2.6781106,0.9218395
1.0273683,8.376564,0.16985953,8.599791,0.5197177,-1.1315267,1.6597927,0.80845845
1.0248461,9.120664,0.26056373,8.424011,0.51545453,-1.1521981,1.735364,0.551324
1.1938374,9.597387,0.31145334,8.291973,0.53754306,-1.1521744,1.2638218,0.8222337
1.2259092,7.912402,0.37678957,8.270948,0.5351796,-1.1341372,1.5787218,0.8927107
0.9911028,8.112955,0.33382773,8.328011,0.48517227,-1.1530507,2.093518,0.6672406
1.2863665,9.944941,0.38060856,8.236497,0.52106977,-1.1640563,2.1689265,0.67075324
1.2359827,9.720999,0.4899397,8.260206,0.5013659,-1.1533601,0.122467756,0.5720763
1.0940318,8.980246,0.5184139,8.248794,0.4639516,-1.1382728,0.16853428,0.21128011
1.0271959,9.589945,0.5075412,8.291885,0.4630649,-1.123116,0.29290247,0.11839771
1.2392125,7.413743,0.52002573,8.095993,0.4484179,-1.0653265,0.108962774,0.25149828
1.1430957,6.392449,0.5182047,8.032233,0.40650487,-1.0379322,0.16022897,0.17395526
1.1158192,7.6510243,0.587543,8.108991,0.39544415,-1.0687562,0.03232026,0.06522137
1.2392193,7.892363,0.5778215,8.069785,0.38807034,-1.0302896,-0.15060413,-0.13201249
1.1566529,8.466515,0.7557359,8.011548,0.41920018,-0.9687233,-0.19088823,-0.19562268
1.1448873,9.291403,0.7298949,7.906523,0.44424796,-0.9824436,0.19792807,-0.14948827
1.3111814,9.279131,0.7681141,7.871789,0.4031837,-0.98954535,-0.18118197,-0.32718462
1.5677767,9.590052,0.745702,7.974902,0.37077737,-1.0149848,-0.39980906,-0.39555892
1.6559997,7.8150177,0.5988438,7.906756,0.34780097,-0.99951744,0.23137605,-0.17902249
1.6995422,9.162855,0.58186126,7.8857665,0.3687737,-1.0410032,0.6834434,0.46380413
1.9200177,7.5099883,0.5281925,7.9653177,0.31072903,-1.0375897,1.5070074,0.46745402
1.9218872,9.593433,0.51777947,7.9588614,0.34939432,-1.0095509,0.7019948,0.5039067
2.033489,9.742405,0.5710211,7.952011,0.32477546,-0.9790194,0.830889,0.47951794
1.2636541,5.766677,0.7459496,7.925658,0.34044504,-0.9837451,2.285177,0.7626791
1.1475273,5.081167,0.84461,7.7958574,0.30138183,-1.0150162,-0.05339098,0.25971293
1.0479987,4.877923,0.71384823,7.957732,0.32205868,-0.9847851,0.20341468,-0.0017364919
1.4288201,6.901149,0.6164572,7.916328,0.31162667,-0.8638103,-0.034522414,-0.32701552
1.1826303,6.011486,0.6266148,7.955,0.2803836,-0.8757229,-0.08249688,-0.11873087
1.30778,4.636734,0.70317876,7.956153,0.26641417,-0.92554903,-0.07435703,0.005196035
1.4162533,6.249666,0.70475507,7.9610815,0.28232265,-0.9350207,-0.17330694,-0.03698951
1.4807843,7.3587413,0.7338096,7.9648614,0.2752993,-0.930532,-0.08655095,-0.40000746
1.515185,7.042268,0.71250343,7.9878364,0.2617092,-0.9117515,-0.081505656,-0.12400678
1.5048785,9.157453,0.68314886,8.072716,0.26237607,-0.856657,-0.17528903,0.14451528
1.5906733,8.787537,0.68975425,8.055294,0.27163506,-0.8860755,-0.19433147,0.36505187
1.7140298,9.39353,0.70527244,7.9141827,0.268466,-0.91781616,1.2305181,0.50729907
1.6600921,9.4380245,0.7065182,7.9335923,0.28222966,-0.9302316,0.94691646,0.61295485
1.5953819,9.671331,0.7679734,7.8882475,0.27904677,-0.9675455,1.4413877,0.50110924
1.750336,9.588697,0.761004,7.856752,0.2814653,-0.89478683,1.5237405,0.6208837
1.6445943,8.399622,0.83550215,7.8656106,0.2788844,-0.9285383,1.4995716,0.68552613
1.368221,9.366785,0.90305555,7.8666644,0.2658515,-0.95586133,0.999352,0.5571188
1.4052265,8.460491,1.0384946,7.856746,0.24676132,-0.93226266,1.1267433,0.58119607
1.4334536,9.51041,1.1282034,7.86172,0.24601245,-0.86768675,2.773474,0.66651666
1.5172436,9.635782,0.8861189,7.815107,0.24354792,-0.82919884,2.7617733,0.58341277
1.5397075,8.672487,0.94810176,7.8453116,0.23926973,-0.8802047,2.4410613,0.50361633
1.495249,7.348238,0.7876017,7.7789626,0.23710132,-0.84079456,2.5776694,0.7525768
1.5587571,8.745167,0.69811916,8.069241,0.23816204,-0.92150736,2.195415,0.7137917
1.5971203,7.8079166,0.6463177,7.9383802,0.2826321,-0.9081447,2.554557,0.5571506
1.7637551,8.603468,0.691813,7.9352937,0.28046918,-0.91911983,1.8352017,0.7384802
1.56449,7.7591643,0.6270255,7.942425,0.31053376,-0.9222288,1.8659849,0.6992562
1.5910423,7.9325814,0.5299574,7.8996706,0.33818388,-0.8793647,2.6144352,0.7901288
1.7476197,9.927227,0.5568739,8.09875,0.2615626,-0.84239316,1.4729798,0.8323821
1.7789588,9.952663,0.3792429,8.201946,0.2300539,-0.86117196,1.8935232,0.5298376
2.288206,9.7858925,0.38360453,8.148508,0.25182962,-0.88874197,1.1356378,0.8187896
2.4413939,9.813683,0.30723512,8.106003,0.28996563,-0.89787674,2.731193,0.8756627
2.7997017,8.876072,0.2090857,8.11977,0.31784177,-0.8755164,1.329767,0.97515595
2.1273432,9.270797,0.27858317,8.072943,0.30507946,-0.8812027,0.99015105,0.80334425
1.8512917,9.4464,0.34591746,8.20092,0.3312292,-0.9628775,2.6113656,0.82180667
1.587849,9.642353,0.3165468,8.139172,0.33806205,-0.9278159,0.42078495,0.5789758
1.5559123,9.752002,0.45037663,8.249828,0.32778955,-0.8982878,-0.29466283,0.54226494
1.7314728,8.992737,0.4988879,8.044398,0.28193784,-0.90628266,2.997411,0.7171035
1.8197286,8.969959,0.55957794,8.176342,0.25329113,-0.9434316,1.074965,0.67165613
2.0198886,5.600236,0.4453541,8.027384,0.23945355,-0.8537631,1.1035049,0.98388267
1.7113757,9.8407955,0.68672633,8.146465,0.20974278,-0.88322973,1.3351622,0.9283372
1.8094716,8.797928,0.7117629,8.165548,0.16706157,-0.85902,0.8772799,0.74283814
1.6484907,9.205954,0.6937196,8.14296,0.1688869,-0.75486565,2.937637,0.63494515
1.9020704,6.986074,0.5054586,8.07683,0.10075331,-0.73860025,2.73038,0.07336819
2.952172,7.6335826,0.65357614,8.042475,0.0954988,-0.74514055,2.9649246,0.9836749
2.9981565,9.410503,0.63987505,8.0170555,0.050968647,-0.60909224,2.5142376,0.98526764
2.9384716,9.43342,0.74600184,7.996701,0.0410316,-0.66525984,1.0926995,0.90537834
2.893566,8.254763,0.8164723,7.883149,0.048640728,-0.604054,2.6294174,0.65013707
2.693101,7.2578254,0.8887712,7.9565077,0.047992706,-0.6831217,2.7646995,0.5502703
2.7388806,7.1973553,0.8835714,7.820797,0.07376456,-0.7069621,2.8017585,0.4240433
2.4672413,6.718917,0.7661195,7.857373,0.04436183,-0.7364154,2.127708,0.52741146
2.5945916,8.573153,0.87965417,7.827204,0.07159281,-0.7006092,1.532285,0.4552546
2.2561572,9.106325,1.0048242,7.8533053,0.09535003,-0.72553086,0.51680434,0.53877497
2.0845823,9.028955,0.9078555,7.8605494,0.078378916,-0.7050009,2.8162448,0.6531069
1.825782,8.651386,0.83737683,7.9490366,0.081903934,-0.7281463,2.6655307,0.6410563
2.3167963,9.031142,0.78982043,7.9749556,0.118302345,-0.7153075,2.3876846,0.8371954
2.9872031,8.774008,0.66648054,7.885187,0.11104655,-0.7146039,1.0884407,0.8922818
2.986102,9.39938,0.64803624,7.961544,0.10713339,-0.7056823,1.9341877,0.76366425
2.9897566,9.626839,0.73137736,7.9054046,0.099410295,-0.73129225,1.6001911,0.66882086
2.9704769,8.923477,0.7621684,7.9172163,0.100353,-0.6833005,2.1665428,0.7233757
2.786177,9.827544,0.9647968,7.790449,0.10052204,-0.68765163,2.3979142,0.79847443
2.9821484,9.813573,1.1026115,7.8048816,0.087733746,-0.71491957,1.4236858,0.95142627
2.7619293,7.622331,0.80980015,7.7883654,0.09912968,-0.71460986,2.3028839,0.93132067
2.760195,7.9938726,0.66583586,7.9006815,0.12917757,-0.71087337,1.7396071,0.94977486
2.2336485,7.95446,0.8327093,7.9044337,0.14578581,-0.70201063,1.3505695,0.9982575
2.0674334,7.266299,0.7688472,8.007668,0.12022662,-0.7135124,2.3255808,0.9978546
2.5913687,9.125927,0.79575753,7.9503083,0.12274361,-0.6896732,1.4607074,0.99827456
2.9722528,9.352888,0.7406833,7.8549194,0.14906621,-0.6951752,1.9830983,0.9976207
2.920992,8.579966,0.7950778,7.873643,0.05121088,-0.64050245,2.9088473,0.9936482
2.657452,8.322353,0.90919924,7.9011297,0.028424025,-0.6169493,2.8951654,0.9940064
2.9922423,7.0781474,0.8709148,7.8654137,0.05111289,-0.6677275,2.9888556,-0.38652697
2.6726916,9.87055,0.80908537,8.008069,0.10907602,-0.7374165,2.898533,0.91249037
2.7866142,9.519282,0.9818368,7.9061613,0.0048372746,-0.6850889,1.9054563,0.42711496
2.3790088,9.451573,1.0609405,7.912272,0.035861492,-0.7103696,0.5184392,0.5338911
2.009788,8.0355425,1.1377487,7.894935,0.04616022,-0.7108617,1.050185,0.44886613
2.0779629,8.559993,1.159652,7.8639565,0.012057304,-0.6307123,0.6679915,0.30349958
1.7737948,4.6948996,0.86848235,7.9947762,0.025553703,-0.6796341,-0.088908434,-0.08051628
1.8192695,5.088148,0.9860487,7.9693065,0.03627062,-0.6378169,-0.057970703,-0.019204259
2.3553073,8.416498,0.94058347,7.8836417,0.06846595,-0.6303482,-0.18171483,-0.35115105
2.2254708,8.259935,0.81911635,7.860027,0.059818745,-0.72501755,0.22276664,-0.008292079
1.4872029,4.1245203,0.5651667,7.843126,0.15276575,-0.70581365,-0.34345806,-0.37277964
1.7474511,5.496522,0.8105099,7.8799415,0.1553514,-0.73119736,-0.049472988,-0.38902792
1.6190388,8.4928,0.9916637,7.796234,0.16886759,-0.7940779,0.34303558,-0.36487135
1.763824,8.430229,1.1104968,7.7219663,0.17632723,-0.7588537,-0.24597776,-0.35881054
2.0229833,8.625605,0.8846414,7.7203665,0.13480115,-0.7163131,0.17084217,-0.34517175
2.0408106,9.780517,0.9815383,7.6684494,0.1829524,-0.78833413,0.14000475,-0.44135034
2.1135592,8.7773285,1.0091071,7.604773,0.20245361,-0.8098328,0.19512224,0.041576385
1.9802215,5.152091,1.1129127,7.583821,0.16630936,-0.81317425,0.44740677,0.08048421
1.686571,7.275209,1.104265,7.6160846,0.19004011,-0.80923986,0.14617515,-0.0002680421
1.6309904,7.859345,1.1224117,7.675035,0.19635916,-0.79459167,0.28362012,-0.25397748
1.7106177,8.1863575,1.0631611,7.674691,0.1965003,-0.8145211,0.33539164,-0.26759136
1.6542908,7.407095,0.97609377,7.880882,0.17104006,-0.80398345,0.30738652,0.16952002
1.8172877,6.8459783,0.8956361,7.7607465,0.1620431,-0.77972126,0.126302,-0.3512149
1.6950921,5.7627826,0.8230512,7.7924304,0.15523863,-0.76873875,0.20746756,-0.33425617
1.7657006,7.0803256,0.8880179,7.7747607,0.13244748,-0.7261083,0.08408308,-0.3988335
2.026751,7.3373466,0.97527456,7.8302946,0.13743281,-0.7928586,0.17889273,-0.18112034
2.3435366,7.7504034,1.0427091,7.8132043,0.1298821,-0.7796421,2.913533,0.9037175
2.099776,9.168566,0.9770169,7.8912873,0.13384843,-0.7710395,2.8926787,0.8947177
1.4405261,7.584425,1.2719955,7.837291,0.14474845,-0.8518386,0.75127256,0.84602
1.3721064,7.5480127,1.2166741,7.9728055,0.14307046,-0.8090353,2.2635262,0.83181715
1.3476968,8.378132,1.1452706,8.034926,0.10635686,-0.8015077,1.8502269,0.7663704
1.4260929,7.9897146,1.0264812,8.124008,0.1080811,-0.7121434,1.3681345,0.8948593
1.4314195,8.156309,1.0390589,8.122709,0.09774995,-0.7837882,1.2120116,0.7635969
1.2270932,8.6847725,0.9445753,8.135447,0.15452766,-0.8355658,0.6176077,0.62511396
1.4210616,7.2549305,0.6109401,8.147716,0.18303084,-0.80172276,1.5621331,0.6200087
1.8287549,9.437014,0.41966498,8.192861,0.18719792,-0.830528,0.8413203,0.37011397
2.2392728,8.802616,0.22596312,8.456474,0.18226123,-0.87466526,2.7881477,0.4842602
2.2406461,8.056986,0.34060347,8.225845,0.114946365,-0.7559147,2.8944416,0.8645551
2.3671885,8.895756,0.3562827,8.233924,0.13449287,-0.7758932,2.9120646,0.86968637
2.1542928,9.582933,0.3719523,8.210461,0.12567139,-0.723433,1.7847152,0.84351254
2.2413175,9.6568575,0.5036032,8.319089,0.15553927,-0.81267715,2.170631,0.8604152
2.2760606,9.651995,0.49563205,8.3841505,0.16640759,-0.806998,2.3348136,0.89151883
2.7168484,9.785345,0.37854505,8.327523,0.10682917,-0.6911168,2.362127,0.9147278
2.7889504,9.346365,0.37307608,8.218269,0.10190606,-0.70497155,1.7313664,0.92474294
2.741313,8.956005,0.38246775,8.059553,0.15032744,-0.695863,2.1721404,0.8864286
2.5884945,8.92337,0.29467273,8.208517,0.11429405,-0.65884423,2.4220982,0.92983735
2.8539085,8.612095,0.3200307,8.212942,0.069407225,-0.60609794,1.3365915,0.9475033
2.1698866,8.964597,0.23400116,8.388586,0.05540967,-0.6761093,1.6475992,0.94307554
2.0946364,9.422718,0.10511708,8.52274,0.10454106,-0.68204284,2.533633,0.8052851
1.9107637,7.3116593,0.102175,8.51899,0.076253176,-0.72404623,2.4726684,0.6837506
1.98113,8.968926,0.44708276,8.497051,0.054522514,-0.71314764,1.1026917,0.7011342
1.8458656,9.356985,0.37279534,8.542601,0.042185783,-0.7220082,2.4395597,0.620291
1.619323,7.860066,0.3074391,8.527451,0.072622776,-0.7331538,2.3545787,0.627334
1.6239078,8.021582,0.2564801,8.615905,0.056485176,-0.7327895,2.3416939,0.5929997
1.3950404,8.103106,0.21832108,8.604252,0.07515812,-0.70628166,2.9175456,0.5303191
1.2912375,7.6379514,0.4568727,8.568086,0.07989621,-0.7130277,2.2435915,0.7901815
1.3221887,6.547592,0.6481209,8.601188,0.0053777695,-0.59801555,1.65448,0.70603514
1.0695899,6.0690203,0.524333,8.593435,0.026551247,-0.6214006,0.60526645,0.48269236
1.0927794,6.019469,0.35392165,8.699889,0.029428005,-0.62935734,0.22117412,0.64341044
0.6734966,6.376359,0.48699284,9.899835,-0.27677143,-0.41394043,2.2803922,0.0015782714
0.6888416,5.8629827,0.30120265,9.934103,-0.3403697,-0.34645438,2.2407405,-0.49177164
0.71003467,5.803963,0.29224026,9.933781,-0.3160547,-0.34357834,1.6298218,-0.3755049
0.6956342,6.0982823,0.28741717,9.908965,-0.28640676,-0.42205763,1.7635355,-0.3921902
0.7096181,6.0259166,0.13086069,9.927299,-0.28683233,-0.32145643,2.2577946,0.0033918023
0.75929534,6.4640856,0.33738387,9.948286,-0.36982977,-0.30438972,2.6429017,-0.050525248
0.7743894,6.1965895,0.3881793,9.942072,-0.38790452,-0.3041799,1.6310167,-0.44111404
0.7640164,6.1260505,0.43515408,9.962885,-0.3822528,-0.22797823,1.1804097,-0.49210435
0.7481166,6.1638546,0.4012115,9.984411,-0.38326085,-0.22461295,0.4678495,-0.48441732
0.7386992,6.2080784,0.49490082,9.978294,-0.35506964,-0.31409264,0.66602576,0.5200374
0.73158026,6.058828,0.3915558,9.968725,-0.3456719,-0.22991395,2.413984,0.019106448
0.7705709,5.5122356,0.2652583,9.785874,-0.35272074,-0.39311266,2.6237712,-0.057749808
0.7812691,5.4211483,0.26205516,9.647557,-0.37458003,-0.23163581,1.5848119,-0.43713838
0.7980522,4.7398434,-0.10885465,9.954374,-0.4177438,-0.24484873,1.7272394,0.27786398
0.80318856,5.006008,-0.15821421,9.994063,-0.40894592,-0.33610082,2.9245,0.24945772
0.8213352,4.4240246,-0.4334135,9.991711,-0.4351002,-0.21494603,2.5505216,0.18861479
0.8003385,4.361595,-0.50389993,9.99633,-0.41950572,-0.16834188,2.5219285,0.30048543
0.84536684,4.501968,-0.33375025,9.971941,-0.49694622,-0.14797497,1.2114987,0.57948804
0.8608507,4.3287325,-0.45375144,9.989151,-0.4483204,-0.17096257,0.4891876,0.5507946
0.8868113,4.880922,-0.23195678,9.9785,-0.49006426,-0.20521307,1.4646027,0.46490204
0.87306905,4.475314,-0.6237283,9.970369,-0.4616568,-0.22402692,0.19277978,-0.43178073
0.94499934,4.9697604,-0.63205934,9.995522,-0.4769684,-0.16589308,0.28838134,-0.29771417
0.9923777,4.9699187,-0.48678672,9.8381405,-0.5156143,-0.14183402,2.879763,-0.3333435
1.0570428,4.9125385,-0.31697464,9.671128,-0.44327545,-0.25195622,2.9522398,0.1565795
1.0300572,5.2038755,-0.34800982,9.628725,-0.4168483,-0.19983053,2.6689024,0.1885835
1.0191948,5.0803022,-0.5642935,9.805801,-0.4248507,-0.22327328,2.316807,0.10671592
1.0354335,5.0933504,-0.5822556,9.841173,-0.43936646,-0.22091341,2.7722034,-0.09156528
1.045377,5.306452,-0.55121946,9.972406,-0.4431721,-0.2166841,2.3829424,0.0033894777
0.9437561,5.5130334,-0.8115431,9.836077,-0.34672868,-0.27478504,2.806837,-0.2950624
0.9591156,4.787631,-0.9777356,9.871492,-0.30474782,-0.3071668,2.7220647,-0.04296294
0.90921646,4.8162017,-0.75306666,9.84159,-0.27635586,-0.2565055,0.35430884,0.96425736
0.91818464,4.9310164,-0.74107003,9.879667,-0.28673553,-0.36353326,2.9326205,0.95304346
0.9375649,5.9374785,-0.58980083,9.858065,-0.25735474,-0.34273982,0.6754514,0.9546406
0.95666695,5.975855,-0.48944974,9.845264,-0.33183968,-0.2973914,2.9244137,0.42244905
0.9470913,5.874879,-0.49245197,9.963015,-0.36407018,-0.315912,0.61031866,-0.16347349
0.9832368,5.7606807,-0.57716924,9.950856,-0.32201898,-0.32097125,0.12999523,-0.38308817
0.95656914,6.1456704,-0.29615223,9.976999,-0.39153504,-0.19055581,0.7224492,-0.35024798
0.9916149,5.6492085,-0.5650202,9.897056,-0.4334954,-0.18970418,0.3354609,0.34382385
0.9890857,7.0911,0.12111306,9.964884,-0.44938815,-0.21985435,2.068154,0.070803285
1.1326959,7.254634,0.24408913,9.896666,-0.48323083,-0.22008514,2.2814922,0.33242726
1.2566687,7.488769,0.14423692,9.945603,-0.48701167,-0.21897817,1.6940029,0.17897135
1.2898116,8.694191,0.22982526,9.850628,-0.49342895,-0.1498785,2.6093922,-0.2745322
1.3664287,9.106791,0.25587952,9.846439,-0.47347045,-0.15118384,2.1834266,-0.35157722
1.473514,9.368418,0.12990236,9.716669,-0.46956503,-0.1504345,2.403082,-0.2859306
1.4297037,8.774281,0.066185474,9.714342,-0.41492498,-0.17849827,2.4269853,-0.3654495
1.3296132,8.418806,0.016610622,9.604454,-0.3697424,-0.26119423,1.965204,0.2912947
1.318338,8.982853,0.17932308,9.679657,-0.37887716,-0.26941586,2.5321229,-0.43152863
1.2267101,8.531027,0.17007732,9.637863,-0.39319563,-0.2488501,2.351916,-0.09630653
1.2147347,9.245361,0.09694362,9.602929,-0.3624394,-0.27709723,2.4556472,-0.24869671
1.2174284,9.44544,0.39694476,9.463078,-0.34071326,-0.26887202,2.6891408,-0.3761441
1.3104448,9.313723,0.17942512,9.486255,-0.32720947,-0.3156197,2.990323,-0.06637952
1.3494545,9.071271,0.21499991,9.386293,-0.27917838,-0.3511734,2.1564555,-0.3170163
1.2640114,9.110247,0.1434977,9.392634,-0.2492274,-0.37551737,1.863117,-0.28069687
1.3375401,9.276365,0.20939064,9.354265,-0.25851822,-0.40174675,1.4824514,-0.18907163
1.451109,9.123829,0.15134764,9.24724,-0.22557282,-0.3974409,2.1669486,-0.30862713
1.588107,9.417925,-0.15993273,9.324321,-0.24857378,-0.3684702,0.34159768,-0.36762494
1.6042538,9.337494,0.24316609,9.2934475,-0.28124726,-0.40917993,0.74620163,0.1821304
1.6873814,9.706967,0.15862966,9.2225895,-0.2358042,-0.3646741,0.47558475,-0.49644825
1.6297295,9.54356,0.038407803,9.127361,-0.2078327,-0.48930454,0.35520303,-0.42612058
1.785305,9.383377,0.0994972,8.960641,-0.18006074,-0.48568058,2.2339373,0.15025914
1.7874907,8.583166,0.46729982,8.750715,-0.17993557,-0.4885893,2.575713,0.4158957
1.9010735,7.7080684,0.21447182,8.727849,-0.16806579,-0.5054569,0.81838083,0.611344
1.86371,9.511103,0.29878092,8.737347,-0.15424979,-0.5072274,2.4177358,0.38410175
1.8513333,8.545778,0.44651055,8.644589,-0.122816324,-0.49230886,2.057137,0.68580174
1.6677852,8.339216,0.31495285,8.739621,-0.12370801,-0.49685192,1.1299448,0.4961785
1.6098036,8.797003,0.40990734,8.709297,-0.1604228,-0.4978943,0.9575224,0.48578417
1.781781,8.185673,0.3665867,8.669548,-0.10356486,-0.4841256,2.458548,0.4172256
1.7988526,8.374076,0.32495952,8.646681,-0.1709019,-0.4615426,2.4795377,0.5135697
1.9106021,8.43004,0.4000454,8.601889,-0.12566268,-0.4936242,2.293756,0.5229784
1.8676238,8.314659,0.5154662,8.554156,-0.14514697,-0.5274589,2.59857,0.32248294
1.8066112,8.742479,0.55284,8.529758,-0.16349673,-0.47979712,0.7230009,0.366261
2.1640115,9.477473,0.4934001,8.557864,-0.12281811,-0.51012564,2.0126674,0.34101647
1.9955933,8.432007,0.5430517,8.42077,-0.10829651,-0.5168555,1.3869777,0.410864
2.1162205,7.1251564,0.5393264,8.38171,-0.17467356,-0.51551676,1.8643224,0.54660785
1.9256226,7.011822,0.8203609,8.344976,-0.18069434,-0.49810123,1.6826129,0.45486796
2.004207,7.388251,0.62373924,8.383722,-0.17318237,-0.49266052,2.1342416,0.41626728
1.8742973,6.7385063,0.7586777,8.459683,-0.20197356,-0.4477551,1.5731156,0.6243049
2.0259433,6.102123,0.5680151,8.386114,-0.14967036,-0.4767685,1.1620252,0.6435727
2.232249,6.4472413,0.4106233,8.387492,-0.15921223,-0.52663803,1.6393564,0.43568522
2.4653833,7.9079666,0.3944149,8.37511,-0.14851713,-0.4660325,0.3625977,-0.20350137
2.359397,6.7563877,0.41673255,8.493116,-0.1640395,-0.5359485,0.35776818,-0.17626074
1.8335551,8.907753,0.49431348,8.497417,-0.1628176,-0.46812296,0.44544506,-0.16716924
1.6652377,8.377959,0.5403676,8.591627,-0.12562418,-0.50440216,0.43880737,-0.28775328
1.7494954,6.5421324,0.5062252,8.560313,-0.123042345,-0.5013881,-0.16092741,-0.14687338
1.6908402,8.595317,0.3067062,8.659897,-0.10738695,-0.55136585,1.1479552,-0.32549965
1.8407631,9.060217,0.26872873,8.72588,-0.095926285,-0.48563337,2.384495,0.79889154
1.6514661,7.486836,0.30442286,8.736501,-0.13397956,-0.46730638,2.5325594,0.66563916
1.8854451,5.7282405,0.091576815,8.733864,-0.18233633,-0.5038104,0.9718621,0.69894063
1.7874968,5.037762,-0.0968914,8.559292,-0.1907624,-0.46646142,1.8044412,0.3780138
1.5477469,5.5531926,0.376817,8.546106,-0.20460284,-0.39316058,2.421983,0.21800959
1.5658373,6.032527,0.45677733,8.567978,-0.19705546,-0.40342355,2.6368678,0.33708525
1.7768891,4.968997,-0.06928086,8.621069,-0.1994518,-0.45049977,2.754334,0.75038767
1.3758097,4.457077,0.24637115,8.63048,-0.19421601,-0.4307654,2.8241436,0.68179345
1.3715026,4.0348988,0.17839599,8.564543,-0.19441366,-0.3920822,0.21798742,0.33874416
0.98946023,3.8930302,0.93910193,8.476959,-0.1386962,-0.4242959,0.041035295,0.281744
0.84320235,3.0652478,0.93574953,8.393829,-0.115228295,-0.52846956,0.48586988,0.11039984
0.9298135,3.9664025,0.6539433,8.493142,-0.09025025,-0.51001644,-0.006399989,-0.26618958
1.2011967,4.9060755,0.40984988,8.700527,-0.14840126,-0.48821974,-0.29076153,-0.22488025
1.5132871,7.144481,0.58813906,8.598431,-0.13406503,-0.5184512,-0.2768945,-0.0799672
1.8691713,4.4878216,0.71242213,8.293604,-0.15487218,-0.522665,-0.38399988,-0.05131185
1.7041342,3.7294734,0.80425787,8.295027,-0.18206882,-0.4274645,0.0114429,-0.01628086
1.6267304,4.8588047,0.6956804,8.219944,-0.15030217,-0.41889405,0.028717637,-0.30681616
1.5993112,5.004752,0.8684907,8.222996,-0.14267874,-0.43990397,0.01168561,-0.47563222
2.2510269,4.751692,0.8060906,8.046749,-0.12871611,-0.47010612,-0.070843816,-0.400097
2.0687323,5.3601465,0.80767846,8.103832,-0.08383894,-0.46172357,0.01644373,-0.28232634
1.813453,6.0429792,0.8576468,8.180443,-0.0765363,-0.5152898,0.0404886,-0.47395372
1.8812168,5.6540027,0.73484397,8.232454,-0.09439528,-0.5063515,-0.12308091,-0.49737534
2.5899374,5.135209,0.6829741,8.185113,-0.07033324,-0.5081067,-0.3027463,-0.49319294
1.4857535,5.2780943,0.8231815,8.2464485,-0.053523302,-0.4809842,-0.31925714,-0.4763887
1.5053725,4.140504,0.9669907,8.175688,-0.034066916,-0.63590336,0.24940753,0.31745875
1.4624007,4.5711,0.9841348,8.17905,-0.07146692,-0.6444433,0.27112782,0.32209688
1.3492272,4.6508884,0.91028523,8.210659,-0.099684834,-0.50871325,0.4548881,0.06914163
1.357943,4.720781,0.9596895,8.236557,-0.10098612,-0.5744567,0.16914272,0.012575567
1.434759,4.1625967,0.5405443,8.374437,-0.09490538,-0.57128215,0.28884387,0.010217726
0.9868391,4.1385183,0.8110765,8.366604,-0.09113526,-0.55978465,2.8802488,0.42409432
0.9847307,4.5647516,0.8334179,8.356682,-0.092048526,-0.525043,2.1731489,-0.041870475
0.96432394,4.0439863,0.82902086,8.428768,-0.093081236,-0.53336716,1.6641085,0.7780559
0.93153703,3.8219888,0.8621261,8.570268,-0.09463537,-0.53274584,2.4954386,0.8707143
0.77535033,3.8258448,0.90005994,8.292217,-0.08897126,-0.48303223,2.3628368,-0.43185434
1.0504041,3.0372176,0.74200463,8.273267,-0.07021582,-0.6416178,1.7412968,-0.009824336
0.81231856,3.16112,0.5730015,8.292833,0.008518696,-0.6117363,2.994475,-0.0064722
0.8516553,3.5633616,0.59438837,8.337734,0.055021048,-0.6368139,2.986207,0.4101497
1.3307847,4.0655165,0.8381915,8.149502,0.044454098,-0.712167,1.2435873,0.43722516
1.426216,3.7375975,0.66454995,8.128998,0.06986117,-0.7547486,-0.055046022,0.448007
1.4183204,3.9325123,0.52791107,8.23976,0.06387043,-0.69948816,0.11100936,-0.14406618
1.1084025,4.558814,0.6029836,8.165905,0.089705706,-0.7616029,0.17372596,-0.037918508
1.1882088,5.9026814,0.42393494,8.3999,0.06071472,-0.6994393,0.37226033,0.01987195
1.0729188,6.7152653,0.51017666,8.650831,0.0009925365,-0.6574714,-0.19456822,-0.4922061
1.2132077,5.1446505,0.2846738,8.721362,-0.015291929,-0.6327772,0.11834347,-0.48444363
1.2115037,6.6549587,0.30060983,8.667625,0.016693354,-0.6361947,-0.08573508,-0.08750439
1.20346,6.5857387,0.30545902,8.629778,-0.0018177032,-0.59825826,0.0155928135,-0.4668563
1.2294182,6.861162,0.34259284,8.603489,0.012834549,-0.6926112,0.28901184,0.34944105
1.130238,5.6538315,0.37437558,8.762321,-0.00831902,-0.657953,0.33203793,0.15072024
0.9320005,5.5741534,0.41765726,8.788862,-0.033122182,-0.61647844,0.0749836,0.03928572
0.9813485,6.0381703,0.43839264,8.740033,-0.016238809,-0.61017966,0.17860687,-0.2478401
0.8708038,5.6864243,0.3385154,8.840933,-0.000983715,-0.564034,-0.15960276,-0.3437458
0.81962943,5.623232,0.32438767,8.93236,0.00577569,-0.6071768,-0.0976271,-0.4384918
0.8314152,5.4151273,0.43584776,8.965816,0.011248112,-0.6241636,-0.20487106,-0.45111388
0.79040515,4.7501364,0.3771181,8.996962,-0.004163623,-0.6692767,0.15129352,-0.22703278
0.8109058,4.5823307,0.43649626,8.69746,0.07570839,-0.7448077,2.3848386,0.7078148
0.86050725,5.367964,0.37762022,8.819971,0.079760075,-0.73111033,0.91844606,0.68982625
0.8912549,5.9090905,0.27868295,8.8502865,0.109265566,-0.71947455,1.5704823,0.81161976
0.9233881,7.811503,0.4370823,8.939064,0.11687398,-0.7682407,0.7917234,0.487234
0.8874501,7.3217506,0.398005,8.844676,0.11834717,-0.686465,2.9305203,0.067187786
0.9145367,8.02791,0.42268598,8.845971,0.09394741,-0.6640091,2.9748676,0.3979566
0.9430605,7.1691046,0.44242477,8.81654,0.09188104,-0.6727586,2.995872,0.14149094
0.84221256,6.847496,0.43853688,8.907882,0.09521747,-0.74928355,1.8063791,0.29389
0.8540223,7.5696373,0.5350361,8.881441,0.09485841,-0.7771692,2.2401278,0.3193344
0.9811298,7.5458045,0.40510654,8.674456,0.09229231,-0.71893406,2.751771,-0.1430127
0.9202497,7.168246,0.40578175,8.689997,0.11380315,-0.7209122,2.2639954,0.0023605227
0.9141432,7.504783,0.4588406,8.633114,0.12267542,-0.7221432,2.2816105,-0.42727774
0.9165969,7.5882115,0.5417092,8.641026,0.09992576,-0.7165308,2.0889666,-0.31070036
0.9536456,7.2796736,0.80960083,8.499708,0.08409476,-0.7001593,2.4926753,-0.3645954
0.86147606,6.520738,0.6923541,8.578991,0.07634783,-0.7151561,2.7656772,-0.26721406
0.85610926,6.351572,0.68609166,8.507849,0.060528517,-0.6983099,2.392588,-0.32868683
0.82133114,6.2688503,0.76891065,8.520422,0.080908775,-0.70893383,0.31739998,-0.16978636
0.80163693,6.6042957,0.8045089,8.584372,0.091296434,-0.6888728,0.92173946,-0.36581147
0.8426783,7.376255,0.76948726,8.443474,0.09460664,-0.66459084,2.983434,-0.47344702
1.0388632,6.5802417,0.57511365,8.434449,0.09663987,-0.7276645,2.948114,-0.25166115
1.0420365,8.525886,0.6781913,8.565538,0.019714832,-0.63124967,2.4281821,-0.22190115
1.0184723,7.6895103,0.6960777,8.718607,-0.0011856556,-0.6669061,1.3924758,-0.11042765
1.0470932,8.351648,0.6374748,8.714762,0.006716013,-0.6502261,0.22487605,-0.4262398
1.0036831,7.8728414,0.5842161,8.800114,0.021140575,-0.6892407,0.90812063,0.17277336
0.9398526,7.8982763,0.6147697,8.737331,0.057832956,-0.678854,2.806267,0.38140446
0.9600882,6.301654,0.43155766,8.705617,0.06278324,-0.7342553,2.5501168,-0.2666329
0.8272505,7.2074933,0.41249335,8.927427,0.037801266,-0.66786456,2.8687465,-0.24030063
0.84660685,8.102103,0.45651543,9.148534,0.017423868,-0.6207974,2.1222649,0.26359606
0.86263907,6.3897595,0.535547,9.105515,-0.06855416,-0.6057184,2.439685,0.41456997
0.874115,6.5493865,0.49191642,9.034437,-0.07088792,-0.5657306,2.263966,0.2483418
0.86607444,6.6279573,0.48316824,9.066224,-0.05955851,-0.60386014,2.0569682,-0.13677031
0.8758118,6.5600376,0.49763072,9.042692,-0.057308912,-0.60177135,1.8372383,0.25093824
0.89594233,6.833948,0.48266256,9.10848,-0.080423236,-0.5796671,2.3295662,0.15586114
0.88487494,6.5588837,0.50731707,9.043872,-0.06888974,-0.6218157,2.849675,-0.00020128489
0.89792895,6.606229,0.51711464,8.999759,-0.07091558,-0.6442139,2.4552894,0.15002894
0.98657185,8.009793,0.47908795,9.008265,-0.01268065,-0.6401503,1.4899187,0.30482167
1.1357455,6.97797,0.23508859,8.891281,0.05744219,-0.6708672,-0.10038382,0.034514904
0.9789443,7.67255,0.24755228,9.219435,0.027576923,-0.6752491,0.39453065,0.23934168
0.8746481,6.588557,0.22909021,9.241366,0.008495808,-0.70477676,0.90210164,0.38914502
0.906997,5.794216,-0.25388974,9.281624,0.00045084953,-0.6279683,2.3805912,0.52957463
0.9303882,5.8724813,-0.23535359,9.220697,-0.0075113773,-0.57584643,2.330153,0.3648802
0.91573095,5.966117,-0.039068937,9.133529,-0.045740724,-0.55745006,2.7467692,0.396631
1.0510257,6.8132505,0.010010958,9.118954,0.0010480881,-0.7622268,2.2074265,0.23423755
1.9944146,9.180664,-0.19632524,8.656976,0.11339474,-0.77109647,2.4177828,0.4453526
1.771581,8.111645,-0.25108194,8.52629,0.18838835,-0.78295374,2.5336032,0.33312106
2.4537673,9.673723,-0.21876752,8.669008,0.20891356,-0.81994534,1.0527375,0.8793628
1.796615,9.68405,-0.15658313,8.643522,0.19915628,-0.7981138,2.7459152,0.6545739
2.0925457,7.974434,-0.067488015,8.509508,0.19307542,-0.8210597,2.910742,0.672969
1.4371026,7.143072,0.088115215,8.484561,0.19518685,-0.7974582,1.6663139,0.7303314
1.6559957,8.42602,-0.092105865,8.519,0.22214818,-0.7985034,1.8144419,0.58945704
1.4757383,9.711479,0.3204453,8.6075115,0.20530152,-0.81584406,-0.082339406,0.09559941
1.6023979,9.727936,-0.019641638,8.607913,0.21710253,-0.84043455,-0.06660247,-0.22140121
1.7408432,9.183035,-0.11780918,8.58538,0.19227004,-0.8146243,-0.11172068,0.04195547
1.6510837,9.5495825,0.19350243,8.582965,0.19530106,-0.8250313,-0.25105697,0.09617674
1.5198846,9.2676735,0.15208673,8.555023,0.20650315,-0.8583808,-0.22264427,0.09356004
1.5717894,8.826187,0.08774662,8.565527,0.17444491,-0.8248048,-0.2185629,-0.014408588
1.2398849,7.9898243,0.17151606,8.592613,0.26717734,-0.8219762,-0.3793674,-0.13920593
1.0901105,7.051286,0.16460979,8.452084,0.30456257,-0.914371,-0.025267422,-0.13401672
1.372022,6.6116133,0.25063336,8.448688,0.23381543,-0.89152527,0.06709397,-0.26666284
1.5693547,6.170119,0.21101749,8.35183,0.2736292,-0.8792901,-0.3570512,-0.31014138
1.7387825,7.5520477,-0.15717572,8.358946,0.37607217,-0.97271705,-0.2439692,-0.27674484
1.5390542,7.5581484,0.06751931,8.883509,-0.20925248,-0.4033928,2.7781153,0.29707885
1.4912996,7.7583528,0.20857143,8.9411545,-0.27516544,-0.391994,2.41911,-0.09794688
1.77861,7.8811245,0.17582715,8.862792,-0.2835846,-0.38723826,1.7027171,-0.077584
1.4626652,7.308241,0.31632245,9.090675,-0.2768829,-0.34779525,1.8272266,0.25796962
1.3235401,6.530047,0.4265858,9.086317,-0.28873098,-0.36401176,0.45183587,-0.2344437
1.4162356,6.3038635,0.22736192,9.092083,-0.32310188,-0.3498292,1.3772893,0.4959805
1.3304045,6.1823907,0.3522929,9.209787,-0.36456454,-0.3223021,1.4467757,0.38667482
1.3192229,7.0126114,0.40300262,9.347414,-0.36091125,-0.2847495,1.3286188,-0.03071472
1.2156482,6.335381,0.3220613,9.283165,-0.34753537,-0.30418658,0.37160444,-0.49107403
1.2278228,6.2237897,-0.07281029,9.307282,-0.37950468,-0.28424048,2.1613448,-0.36326653
0.9510136,6.2315946,-0.1683048,9.720795,-0.38425624,-0.29903364,1.3060813,-0.4378513
0.9591217,6.2258887,0.15322447,9.635271,-0.3185196,-0.30416536,1.9516475,-0.32540452
0.93778324,5.5278263,0.21908057,9.517694,-0.36059558,-0.29712963,1.1280086,0.23494893
0.9465232,5.4090967,0.2753265,9.506256,-0.38063478,-0.2790513,2.7300897,-0.36287227
0.9113254,5.060627,0.2647164,9.411521,-0.3413043,-0.2833066,1.5697908,-0.25112703
0.9348991,5.5014095,0.21164346,9.403475,-0.34202516,-0.29105234,2.7222087,-0.12597904
0.9656812,5.712343,0.35707986,9.496735,-0.34859645,-0.274992,0.9696226,0.16024482
0.9156659,5.464059,0.28227496,9.657846,-0.39896035,-0.26252055,1.3469863,-0.33497202
0.9019375,5.327129,0.20795655,9.5860405,-0.3911177,-0.25408173,2.914936,-0.18363768
0.88675165,5.4916353,0.37949204,9.59013,-0.39060462,-0.26315618,2.7313657,0.05791849
0.8949653,5.335325,0.32325268,9.522231,-0.32244158,-0.3651948,1.6823292,-0.1900801
0.8753787,5.2431264,-0.051617026,9.758551,-0.32245493,-0.33085823,2.857338,0.026337981
0.8499686,5.241285,-0.036641,9.753478,-0.329131,-0.27489614,0.5891092,-0.25923193
0.8568006,4.7817817,-0.14425004,9.708623,-0.40311933,-0.27413273,0.30320334,-0.18438482
0.881625,5.1971607,0.24993968,9.750967,-0.46670353,-0.24876022,0.6040592,-0.26534003
0.9211646,5.3751264,0.23310697,9.705378,-0.42933977,-0.15318751,0.39086092,0.17533225
0.91715586,5.203058,0.031191587,9.62652,-0.3768679,-0.28320003,1.7629333,-0.1561912
1.0218477,4.971134,0.16272056,9.340926,-0.3597387,-0.27836943,0.2976117,0.18704057
0.99931,4.8890686,0.18959713,9.36658,-0.3617077,-0.28831697,2.6353664,-0.1106298
0.96857655,5.403309,-0.17753196,9.486496,-0.33054948,-0.35188293,2.5963883,0.009791493
0.98013616,5.433524,-0.16852468,9.583979,-0.3832214,-0.2986455,2.0327215,0.1549834
0.9679857,5.446601,-0.098766565,9.571799,-0.34321392,-0.33907032,2.0726714,0.026022792
1.0246638,6.385459,-0.03532517,9.561171,-0.28912997,-0.4018302,2.2791784,-0.007196188
0.997025,6.268238,-0.0541054,9.5933075,-0.29776776,-0.3602705,2.760941,0.06310964
0.99621856,6.6027637,0.1407075,9.612016,-0.32975638,-0.36236668,1.4119692,0.14483511
0.95006907,5.8828683,0.08445358,9.658521,-0.30623603,-0.39914536,2.7185166,0.23144114
0.94696796,5.4416533,-0.056427836,9.486032,-0.2803874,-0.37379885,2.823412,0.17252707
0.9764064,6.137286,-0.011098981,9.423918,-0.19930923,-0.45582032,1.8670821,0.5011544
0.9744648,6.215093,0.1139133,9.345825,-0.17143512,-0.45581198,2.8686588,-0.19439495
0.8953124,6.3838344,0.15294313,9.4116,-0.1611656,-0.49523258,2.1122546,-0.16201869
0.8248681,5.7785845,0.22262073,9.355393,-0.15206873,-0.48889828,2.9599736,-0.25267783
0.8577062,4.949522,0.028256178,9.203194,-0.14912307,-0.5105989,2.5897915,0.18239236
0.8804134,5.4722958,-0.15167367,9.354242,-0.10224295,-0.53469586,2.7091303,0.58683026
0.8803084,5.715226,0.08099806,9.355121,-0.12907636,-0.5485835,1.1140416,0.27696466
0.86958706,5.8123016,0.053497553,9.331814,-0.11812949,-0.4990499,1.9316108,0.40708196
0.8659396,5.998185,0.16747463,9.37648,-0.12637937,-0.5032909,2.6748621,0.30097973
0.8979293,6.681706,0.11966908,9.463414,-0.15801632,-0.47047257,2.2242963,-0.4039968
0.88348067,6.258939,0.1323595,9.495858,-0.19096172,-0.5185623,0.4756632,-0.47407827
0.8835223,6.5162106,0.19390845,9.560681,-0.21073055,-0.46375823,0.73807955,-0.3268744
0.84174436,6.3761635,0.18013024,9.689104,-0.19732606,-0.40271425,0.87159157,-0.27333963
0.81958413,6.66893,0.33256114,9.619211,-0.21831548,-0.47634888,1.2073588,-0.34897327
0.7754234,6.5768147,0.31423855,9.596037,-0.18297863,-0.47554088,0.87532103,-0.3908767
0.7375463,6.640046,0.17040873,9.627554,-0.10292208,-0.49358988,1.1518347,-0.25639063
0.7662612,6.495013,0.1092329,9.715687,-0.1018883,-0.49407196,1.4657552,0.04827243
0.7908433,6.520306,0.10734582,9.608482,-0.1343745,-0.52130604,2.602824,0.21671104
0.83686185,6.569533,0.13775837,9.576889,-0.11925793,-0.52027535,2.766245,0.49950576
0.76277447,6.5391016,0.18061805,9.583964,-0.11967218,-0.53982115,1.0152683,-0.26525813
0.7921355,6.6177197,0.09869766,9.583811,-0.08984375,-0.55276775,2.3285894,0.23426515
0.8259782,6.5872164,-0.016222954,9.646669,-0.08064699,-0.5724976,1.5098138,0.45255303
0.8654772,7.1855707,-0.0035014153,9.707285,-0.117447615,-0.566164,1.343837,0.054991722
0.86821926,6.9892454,0.049946308,9.607344,-0.12063134,-0.5372791,2.8363628,0.10726458
0.8272232,7.247826,-0.013787508,9.805934,-0.19098806,-0.5185449,2.8266966,0.29785526
0.9206321,8.317724,-0.084607124,9.925295,-0.19703317,-0.47077298,2.2721179,-0.10126573
0.94806314,9.188905,-0.19222617,9.915374,-0.17575657,-0.4627409,2.5061026,0.09830701
0.9247813,7.324919,-0.14885354,9.852114,-0.12208855,-0.4836135,2.3919692,0.5271461
0.9243683,9.886065,-0.15319568,9.862643,-0.07563901,-0.49941802,2.9458718,0.097548485
1.018117,9.665041,-0.13190377,9.663221,-0.11190522,-0.48824883,2.308553,0.1694262
0.9992411,9.004307,-0.18281442,9.737078,-0.09851313,-0.58509207,1.660068,-0.0066417456
0.98639894,8.883235,-0.2093147,9.787703,-0.12130141,-0.47922754,2.8610148,0.45649022
1.0207341,8.9012,-0.35439736,9.743452,-0.13584542,-0.4865265,2.8337867,0.022530735
1.0033851,8.156029,-0.32175004,9.740568,-0.14707422,-0.4815886,2.84394,0.17423141
1.0014018,7.863014,-0.16067672,9.639208,-0.15800893,-0.4938538,2.9103057,-0.23886353
1.0074762,7.439864,-0.2296086,9.598326,-0.11849272,-0.49117303,1.6030962,0.15316135
1.0395834,7.4795737,-0.13988793,9.511272,-0.13599086,-0.5271051,2.907973,0.5841383
1.003257,7.456434,-0.076500535,9.495111,-0.11668396,-0.493855,2.1058831,-0.19765767
1.0492253,7.8741975,-0.0134938955,9.513036,-0.12754786,-0.51166344,2.1972516,-0.16737473
0.9274602,7.6412063,0.11038399,9.536015,-0.15244687,-0.48489928,2.5297987,-0.29930592
0.93190694,7.3762693,0.0793345,9.697668,-0.16723776,-0.4808402,0.1989274,-0.38851896
0.9515819,7.6506987,0.023852825,9.631346,-0.1296109,-0.527143,1.0939724,-0.4703392
1.0900912,7.01679,-0.08646989,9.433911,-0.10898495,-0.5157299,0.77486825,0.7231536
1.0494741,7.3324986,-0.048404276,9.282103,-0.10820639,-0.5615468,2.84574,0.39845365
0.89424217,5.894621,-0.27093518,9.243983,-0.04649031,-0.56683636,2.3972673,-0.25869858
0.8763793,6.0781126,-0.5234017,9.528623,-0.007296562,-0.5749686,2.4084625,0.59647214
0.86438584,6.0536904,-0.6255319,9.68372,0.012538195,-0.5644188,1.9634838,0.2641065
0.8439281,5.838488,-0.6394025,9.634481,-0.007512808,-0.68104887,2.0570424,0.29745495
0.8996713,5.554682,-0.6697905,9.618099,0.014244556,-0.663615,2.3187866,0.52693653
0.8745262,5.9992027,-0.66518223,9.58919,-0.018729568,-0.587286,2.6977742,0.7007102
0.82181764,5.4733896,-0.4993626,9.541734,-0.02182436,-0.54424715,2.9836047,0.52137685
0.7868984,5.526241,-0.37238806,9.502619,0.00732255,-0.5471785,0.73908997,0.8672154
0.8471091,5.0948753,-0.58459973,9.626501,-0.031583905,-0.5494437,2.8950686,0.74276733
0.95912635,5.2283664,-0.8153198,9.507063,-0.045500517,-0.53791094,2.1481762,0.5890248
0.8888315,5.2822275,-0.66564536,9.494751,-0.0541116,-0.5724726,2.5201783,0.48824787
0.9145757,5.7512126,-0.57916886,9.582743,-0.05934441,-0.5632317,2.160295,0.48450536
0.9537957,6.0168643,-0.6126026,9.5790615,-0.06345463,-0.56791973,1.7921135,0.6126869
0.9939822,5.982075,-0.010827184,9.338042,-0.05095637,-0.57479715,-0.03203404,0.6770961
0.99174166,6.831397,0.26278448,9.236541,-0.08445239,-0.5883877,2.7052124,0.356552
0.99447596,6.757968,0.20115852,9.179091,-0.100587964,-0.5664964,2.8030858,0.09863281
1.0329565,6.585329,0.06692624,8.975868,-0.04144466,-0.56556106,2.8158834,0.122345865
1.0497737,8.847597,0.2534039,9.160558,-0.053857923,-0.56219244,2.7005637,-0.34211728
1.1413414,8.82999,0.25833488,9.181629,-0.079401016,-0.5264158,0.5922309,-0.32736123
1.2307175,8.908305,0.34118676,9.127238,-0.09393871,-0.5275917,0.45847154,0.035983086
1.2462418,8.539137,0.1316309,9.106477,-0.09293175,-0.515183,0.5606375,-0.2174555
1.3240734,9.522116,0.12601542,9.091837,-0.09047675,-0.55357003,0.29031575,-0.2619663
1.3655398,9.404499,0.04643619,9.182949,-0.12717915,-0.5360484,2.5281415,0.12423754
1.306392,7.8564124,0.050651073,8.935561,-0.16154003,-0.48687124,2.9758513,-0.06506163
1.295114,8.062141,-0.107777655,9.189009,-0.16049099,-0.5353811,2.3510337,-0.060778618
1.3454657,8.116585,-0.17345512,9.16148,-0.15681934,-0.5076146,0.78273654,0.021519423
1.186065,7.0967417,0.21750641,9.1676,-0.17235887,-0.4897077,1.5289512,0.1709137
1.1679033,7.818855,0.21470356,9.338805,-0.16896987,-0.5318136,1.7104065,-0.020111442
1.2710958,9.765008,0.18890572,9.517421,-0.2360326,-0.4718809,1.8314419,0.08870369
1.1186492,9.663055,0.31051528,9.470726,-0.18399394,-0.5227318,1.0040548,-0.27601987
1.1256706,9.096943,0.27962494,9.460263,-0.19701529,-0.4955511,1.5098362,-0.20027232
1.2382767,8.232792,0.08657408,9.37032,-0.1947583,-0.44906664,1.8851862,-0.05992073
1.2228204,8.325708,0.23076785,9.24094,-0.21356094,-0.4531591,2.1616988,0.50889134
1.159265,7.8310385,0.22309375,9.368814,-0.26876152,-0.36138487,1.1424408,-0.48771423
1.1502573,7.293075,0.15989053,9.615676,-0.35788918,-0.35028458,0.5848408,-0.4776494
1.1661868,6.972478,0.03470993,9.561047,-0.34269655,-0.33662105,2.3675168,-0.49191943
1.1355402,7.049863,0.27718043,9.54715,-0.38695526,-0.2902546,2.2728672,-0.27348453
1.1612833,6.560144,-0.109537184,9.580584,-0.33281898,-0.2914772,2.684555,-0.29733413
1.1471455,6.633202,-0.15076864,9.548156,-0.3208784,-0.30303335,0.8992342,0.6064956
1.1532222,6.6458807,-0.00085663795,9.416614,-0.31190372,-0.35915136,1.1239734,0.20075804
1.1378117,5.642105,-0.28272337,9.53377,-0.33698118,-0.35887814,2.0949488,0.24644876
1.1551331,6.4136677,-0.5161506,9.545216,-0.2817986,-0.35383534,2.5816922,0.55654025
1.1654798,5.3407087,-0.65932435,9.460953,-0.3342005,-0.32084846,2.2034142,0.44766998
1.2180884,6.0688715,-0.39628547,9.501219,-0.33339834,-0.35764265,2.7004879,0.2834223
1.2545197,6.1198444,-0.45516384,9.331125,-0.32341802,-0.30476093,2.45823,0.2453109
1.2319334,5.8181715,-0.4417616,9.296859,-0.27097476,-0.30746984,2.9458673,0.513461
1.2275946,5.8700056,-0.43100452,9.328131,-0.28024662,-0.32336593,2.9235299,0.40011132
1.1783557,6.664335,-0.2157371,9.423119,-0.28250253,-0.35398054,2.9806504,0.44203365
1.1159797,6.654032,0.08894205,9.405939,-0.28518748,-0.34334016,1.1095455,0.42927796
1.2187003,7.1731143,0.025132895,9.451309,-0.25794315,-0.34385133,2.9090362,0.34473705
1.2723337,6.8507395,-0.020931602,9.371339,-0.32836747,-0.3417678,2.821923,0.39407092
1.4024613,7.0920043,-0.06640047,9.301913,-0.30122495,-0.36413002,2.9458811,0.2986279
1.4620032,7.427956,-0.0014896393,9.226169,-0.31964803,-0.29579234,2.5155616,0.15261239
1.4647706,7.2375274,-0.1360538,9.259861,-0.2902392,-0.3862505,2.2110555,0.3579247
1.4311069,6.2643533,-0.13335443,9.133013,-0.2868662,-0.3475356,2.5502267,0.34063452
1.5220467,6.169932,0.18571961,9.026077,-0.26689136,-0.34189916,0.99062467,0.19302547
1.6744628,6.2231984,0.093592644,8.933897,-0.37852132,-0.35421562,2.0837886,0.33722317
1.6488326,6.3777895,0.58177614,9.048647,-0.37482595,-0.31994152,2.1927214,0.3708588
1.6743145,7.558315,0.09323561,9.130541,-0.37804115,-0.32772064,2.2851152,0.42903697
2.0800738,7.262327,0.04517269,8.96061,-0.37895906,-0.28714705,2.6016011,0.38917983
1.954822,7.8424015,-0.06681597,9.027282,-0.36931872,-0.27017927,2.8216953,-0.13521108
2.907126,8.5709305,-0.2173441,8.98214,-0.35562873,-0.30169725,2.4030766,0.2792896
2.7847626,9.222283,-0.293773,9.053658,-0.3436725,-0.29385376,2.7751641,0.20303673
2.3388915,7.6406803,-0.4188702,9.094021,-0.4060272,-0.31894708,2.75739,0.19786906
2.723331,6.8395805,-0.30086017,9.025675,-0.3907814,-0.3073492,2.5375578,0.25916404
2.7887297,5.777232,-0.26205117,8.982603,-0.39868915,-0.29969692,2.4129803,0.31970572
2.1083333,6.5798864,0.3531754,8.761719,-0.3660196,-0.2616775,2.8310995,0.22803152
2.1885881,6.7012453,0.5300747,8.748495,-0.36585295,-0.3369236,1.9548957,0.15698767
2.474777,6.378594,0.5718844,8.64456,-0.32379353,-0.35220432,1.9729936,0.42609322
2.4272788,5.6317096,0.68414855,8.509474,-0.30169702,-0.35963655,1.9082484,0.38537705
2.2171845,6.6183233,0.6362666,8.542382,-0.2874651,-0.41705084,2.502543,0.4390217
2.2481947,8.257256,0.5428035,8.569347,-0.25569856,-0.42887497,1.733438,0.44589806
1.9655943,8.086752,0.6884239,8.698146,-0.27043533,-0.41623902,1.3313568,0.44688976
2.006188,7.268092,0.69843936,8.575392,-0.23816788,-0.39413595,1.7012141,0.59730434
2.2812095,6.9149327,0.38071108,8.595603,-0.22502899,-0.41208363,0.99707603,0.58686686
2.4907994,6.9936814,0.4607737,8.571562,-0.22774887,-0.42336464,2.3300962,0.6351799
2.3081489,5.54821,0.33641732,8.4970665,-0.22253847,-0.40903664,2.5767567,0.7323611
1.8805801,5.6133356,0.53054523,8.488799,-0.2209462,-0.41438937,1.2064929,0.6611903
1.5836443,6.549153,0.78038836,8.603046,-0.2145778,-0.4027009,0.81244814,0.6233432
1.6917512,6.2755814,1.0420518,8.59454,-0.24067783,-0.43690634,0.39295995,0.39430845
1.4114274,6.6297474,1.0352039,8.641885,-0.25309753,-0.40164137,0.39036238,0.31076872
1.2851437,6.25593,0.941512,8.795025,-0.24128687,-0.43126726,0.6831515,0.36187726
1.2550918,6.2964373,0.79706407,8.788831,-0.23376155,-0.4055698,0.65281284,0.2964877
1.3433176,5.8275385,0.40308154,8.79977,-0.2478261,-0.42631888,2.2099392,-0.20461553
1.3980885,6.502179,0.5178968,8.748737,-0.24322093,-0.37246466,2.5718567,0.14548194
1.6964797,6.470183,0.40471447,8.7293,-0.25614917,-0.37521267,0.3255353,-0.21253246
2.1171463,6.3814178,0.09314382,8.721945,-0.27141047,-0.40141773,0.30210662,0.13993216
1.5537133,6.2989726,-0.030885816,8.670116,-0.21809733,-0.41444588,0.24764395,-0.12676069
1.525487,6.0594897,0.22504711,8.774294,-0.23828387,-0.40533352,0.13797534,-0.13118309
1.3432524,5.5664625,0.3498845,8.790068,-0.23980844,-0.41767025,0.36437774,-0.14496088
1.3992127,5.581682,0.34155083,8.790685,-0.21728086,-0.40414476,-0.044981003,0.08616263
1.3839024,4.8079467,0.36185098,8.735249,-0.26645553,-0.42249346,2.8297307,0.54612756
1.6029258,5.3728495,0.34433842,8.580166,-0.27017426,-0.4073143,-0.004749894,0.06244409
1.6354489,3.7848864,0.10393906,8.558348,-0.2666,-0.32590866,-0.049724936,0.5261735
2.0793881,4.3511057,0.65277386,8.249299,-0.24225974,-0.33309603,0.20886457,-0.3010215
2.891853,3.652082,0.8168037,8.432576,-0.3021487,-0.33549404,-0.087641,-0.36145204
2.7448862,5.195574,0.8310473,8.453861,-0.28256333,-0.36381721,-0.057201385,0.018928409
2.2018008,4.9387617,0.6398386,8.426767,-0.28330076,-0.36394882,0.39879227,0.23137796
2.4930835,5.9260473,0.6744375,8.445501,-0.2869929,-0.36473608,0.5230247,0.39367044
2.0278277,6.740913,0.86278236,8.547588,-0.26790214,-0.3718214,0.7756355,-0.40746155
1.5388664,5.353812,0.6565521,8.561304,-0.26417494,-0.3625965,0.08427656,-0.3100242
1.4911561,4.247245,0.6367054,8.563239,-0.2786678,-0.35572886,0.40381157,0.012289107
1.5913815,5.6919017,0.7544311,8.507483,-0.27793872,-0.36727023,2.3875878,-0.006285012
1.3709868,5.2946005,0.7601404,8.524769,-0.3040855,-0.3322196,2.354828,-0.46070442
1.4955068,5.262704,0.861578,8.658621,-0.32585752,-0.34130597,2.7365167,-0.2094214
1.7255975,5.5359936,0.91238856,8.619886,-0.35431623,-0.29242826,2.2001288,0.11876333
1.7523156,4.7438025,0.9567838,8.437381,-0.37457263,-0.26785803,2.144493,0.45963407
1.7230717,4.817896,1.3281534,8.377021,-0.34344947,-0.3202281,1.8597088,0.34042966
1.4523821,4.963688,1.4350314,8.364552,-0.3304572,-0.34546876,1.9481199,0.34811354
1.5320667,5.160389,1.4928703,8.29121,-0.30382657,-0.34053993,1.5224931,0.6367245
1.5948724,4.542344,1.1845171,8.272844,-0.3361752,-0.32249236,1.8230803,0.37973738
2.1104155,4.266197,1.3989086,8.273258,-0.34177303,-0.32334042,0.95543706,0.3993066
2.071041,4.4264092,1.2559752,8.222037,-0.33739483,-0.32337642,2.382473,0.24366528
1.8808464,4.1128435,1.0710468,8.244968,-0.37167752,-0.25384164,2.5370662,0.11170876
2.0646946,3.9191358,1.1518238,8.256033,-0.37490153,-0.28059578,2.9986382,-0.15328506
2.110496,5.125024,1.23421,8.260607,-0.38138795,-0.21709013,2.999087,-0.09636003
2.6506834,5.786522,1.6330311,8.2607975,-0.36168885,-0.2276063,0.8408756,-0.4259063
2.2200952,4.8459034,1.2138512,8.231537,-0.35962093,-0.21818495,2.1585517,-0.41066325
2.2476056,4.7107573,1.2916868,8.323115,-0.3295977,-0.32607555,0.7474307,0.49778235
1.7080992,4.5812397,1.9056516,5.119687,0.9996309,-1.6295133,2.7448983,0.69437003
2.9048762,5.0744257,1.9117873,5.239538,1.0039921,-1.6248009,2.921499,0.03508258
2.7629604,5.4801865,1.9319773,5.0374193,1.0037374,-1.6068588,2.477397,0.31626862
0.9968425,4.798871,1.9745004,5.052351,1.0198188,-1.5674181,2.5342083,0.32918525
1.2225419,6.4744887,1.981401,5.1232104,1.0466411,-1.6448756,2.9525185,0.2361815
1.2027109,5.5539207,1.9805334,5.0916853,1.0231588,-1.6211647,2.4861581,0.3161931
2.0363839,2.5237625,1.9921937,5.0453634,1.0091739,-1.6263626,2.7141008,0.05308628
2.947785,9.59223,1.981163,5.1548147,1.0181239,-1.6240978,2.3191724,-0.073363364
2.6314487,7.4826746,1.9631655,5.0362506,1.0079362,-1.64115,1.7400155,0.4304688
2.845211,7.40998,1.9779274,5.102272,0.9964323,-1.6180551,2.7549038,-0.101778984
1.8877559,7.588857,1.9960117,4.99174,1.0356255,-1.6326245,1.8696549,0.42753148
1.6345383,4.2657022,1.9942558,4.988802,0.998559,-1.5442106,1.6646409,-0.09547433
1.4066705,4.45989,1.9380627,4.950111,1.0216978,-1.5502889,1.7076952,0.016350806
2.9118135,5.7634506,1.988817,4.918059,1.0181229,-1.566226,2.345009,-0.31032267
2.7536147,8.092319,1.9824624,5.065503,0.97589517,-1.6340258,1.9713771,-0.2578444
2.7815733,7.4656568,1.9911165,5.083254,0.9590733,-1.5398501,2.5890384,0.002439499
2.1047904,6.4015784,1.9869366,5.0541,0.9472239,-1.5501417,2.7238894,0.13762861
2.959983,7.443844,1.9790525,5.0758452,0.98696876,-1.5388589,1.545656,0.05457765
2.7981741,8.246865,1.9727035,5.1573806,0.97046924,-1.5920074,0.6708088,0.107524276
2.9203732,9.078846,1.994333,5.134548,1.0196245,-1.5957905,1.4446092,-0.1918458
2.7638962,9.529969,1.9887385,5.1448526,1.0002062,-1.6202241,0.8730314,-0.0026169717
2.7705703,9.445372,1.9817514,5.157611,0.99671173,-1.596518,0.58200264,-0.028619409
2.7503471,8.267006,1.9947224,5.1290803,0.91583705,-1.5270548,2.1752226,-0.26291692
2.935517,8.429705,1.9972842,5.0630035,0.9752128,-1.6046008,2.3435736,0.0046112537
2.5487337,5.2045684,1.9196157,5.16385,0.9840729,-1.602755,2.646266,0.08860731
2.2886403,2.2384615,1.9592059,5.1462984,1.0050087,-1.6175303,1.4330122,0.2474531
2.6281896,9.853649,1.9478912,5.190202,0.96964955,-1.6164778,2.9364295,0.4791491
1.9579285,2.0766785,1.8760538,5.157737,1.0050642,-1.6242175,0.8492621,0.42313993
1.5917779,9.485851,1.8890765,5.1837873,1.0111992,-1.6120799,1.4879556,0.5296134
1.7345085,2.725307,1.8157463,5.1947384,0.9845016,-1.5804317,2.906212,0.60280526
2.3027973,3.7732034,1.8214579,5.284256,1.0342917,-1.6845746,1.8568366,0.6531826
2.4006696,9.565928,1.8114352,5.278254,1.0454719,-1.6118577,2.899352,0.57679224
2.350254,9.5387745,1.883935,5.324912,1.03194,-1.6471115,2.8884168,0.9272047
2.8031905,9.56945,1.9554198,5.386608,1.0177693,-1.5886233,1.9032655,0.8810662
2.8061464,8.608792,1.9704676,5.273445,1.0244238,-1.5941654,2.8897336,0.9998455
1.9124149,9.048143,1.9220104,5.334386,0.989383,-1.6154717,2.3384387,-0.49996126
1.713568,9.375219,1.9437962,5.346049,0.95039725,-1.5678725,2.6144488,-0.4568556
2.781291,6.356834,1.8780174,5.3241196,0.973392,-1.5850493,1.458458,-0.4151962
2.4845853,9.455614,1.905766,5.341796,1.0292683,-1.627551,1.393142,-0.40595493
2.2921348,9.739935,1.9252884,5.344385,0.9917028,-1.6557759,1.8400581,-0.120057106
2.1463652,9.067989,1.8680873,5.3903723,0.9551778,-1.6103657,1.223068,0.27479172
1.7511362,8.402875,1.8493559,5.382477,0.92862177,-1.6003737,1.5461473,0.1286416
1.8510913,8.008772,1.6186118,5.681948,0.9866669,-1.5952342,1.8144081,0.5319252
2.6055977,7.965531,1.69719,5.6830854,0.94628906,-1.5726889,1.7228427,0.17937726
2.50254,9.235167,1.8312321,5.5976477,0.937495,-1.5769721,2.8953636,0.5665238
1.4378693,8.773794,1.7894521,5.6123695,0.9465318,-1.5642929,0.56661963,-0.043169647
2.6461792,4.7578573,1.7276771,5.5900373,0.96903276,-1.5838162,2.1799347,0.5487206
1.6749647,8.427151,1.7824066,5.6347623,0.94202924,-1.5895188,2.3272254,0.74666655
1.3687729,8.309565,1.7392936,5.7835236,0.9357319,-1.5822278,2.8913949,0.6352924
1.5525208,9.423836,1.6951919,5.740178,0.94128036,-1.5611742,2.2010803,0.62852
2.8713224,6.776867,1.7514963,5.6738477,0.9261761,-1.5455228,2.7616718,0.063777566
2.709151,8.871712,1.7721374,5.581747,0.9569807,-1.5559943,1.2603517,-0.026559353
2.5789077,9.01556,1.8501203,5.4991274,0.9660573,-1.5832477,2.1440098,0.44091392
2.0966263,8.699157,1.8438015,5.3993444,0.9694388,-1.6120389,2.2694952,0.47538114
2.6329186,8.26763,1.9576263,5.3484077,0.9447286,-1.5374985,2.8479483,0.40640295
2.7152247,7.0175185,1.9678969,5.2010756,0.9373939,-1.5020502,2.6501052,0.69399583
1.4948403,5.9853725,1.8908112,5.281397,0.9453902,-1.5182092,2.7113507,-0.46283826
2.7569032,8.037239,1.7507858,5.4832115,0.9679923,-1.5601026,0.87730587,0.42413092
2.7255523,6.191901,1.8699315,5.3773184,0.9202423,-1.4986929,0.21511507,-0.42200047
2.5371754,7.0674,1.9154272,5.419244,0.93424416,-1.4900254,0.33244455,0.09315848
2.205461,5.6802006,1.8039732,5.6076336,0.9412205,-1.6105201,2.3447351,-0.07169062
2.57522,9.593359,1.7858543,5.612217,0.9646387,-1.6304414,2.180413,0.37072355
1.0137932,4.8976097,1.7167034,5.5862503,0.9556408,-1.5537441,2.6842299,0.62683094
2.1639438,3.399272,1.7609577,5.644787,0.9418647,-1.545058,2.6563904,0.64659214
2.191163,2.084097,1.6481321,5.790716,0.9238827,-1.5341978,2.1858206,-0.00838542
2.0662322,9.995605,1.6677909,5.89247,0.890172,-1.4926891,2.37773,0.82685983
2.9306724,9.982286,1.6732116,5.83942,0.90643954,-1.4623423,1.6843228,0.84723914
2.9481895,9.7299,1.6321301,5.9164553,0.92708564,-1.4674298,1.9941344,0.9654099
2.9558523,6.9596124,1.6017959,5.8939257,0.9340241,-1.4752336,0.822389,0.49909925
2.9733438,8.052563,1.5944734,5.807974,0.9326632,-1.4985348,0.77146804,-0.29062277
1.3955463,9.725681,1.5934656,5.834937,0.96392035,-1.5570065,2.8028035,-0.039724946
1.188046,9.65746,1.577254,5.83977,1.0088568,-1.6022176,1.3027964,-0.2766049
0.8985385,7.465779,1.6266668,5.8296227,0.99234724,-1.5833917,2.3532991,0.062499583
1.1821764,9.144536,1.5892291,6.028764,0.96162796,-1.666256,2.8303666,0.60120654
1.2924917,6.86158,1.6366551,5.765719,0.96842885,-1.6767936,2.7646737,0.5116942
0.9020947,7.034461,1.6130276,5.8959866,0.9703269,-1.5752683,2.0719547,0.68952847
0.98664665,7.4007435,1.5320411,5.9569855,0.9901073,-1.6077561,1.102412,-0.4646532
0.8048543,8.808792,1.6097405,5.947894,0.9801643,-1.6136674,0.30959642,-0.03128013
0.999156,5.0194235,1.5824835,5.9510508,0.97343016,-1.6043899,2.9777253,-0.051549137
0.7330092,4.287978,1.5858655,6.0351276,0.9691348,-1.5894086,2.988259,0.93386364
0.73209023,5.7825203,1.5411658,6.0098696,0.9405787,-1.4827731,2.7078965,-0.16806388
0.81154656,7.6343393,1.6229692,6.005534,0.9553201,-1.5257107,2.1651685,-0.38033277
0.73036885,9.315388,1.6179955,6.184391,0.9149146,-1.51651,1.3623743,0.42617214
1.0416001,8.542234,1.5193887,6.0810943,0.9093416,-1.5386491,2.6889575,0.34129345
1.1920762,8.615984,1.5991442,6.113981,0.93988895,-1.5991311,2.644419,0.8500247
1.6073743,9.554321,1.5866992,6.118204,0.95139074,-1.6622667,2.1260412,0.47896677
1.7342558,9.308572,1.5944891,5.764651,0.9464934,-1.6170572,1.833518,0.4445858
1.5327474,9.615843,1.6470373,5.725838,0.977545,-1.6053537,1.0595014,0.33148462
1.8537478,9.187044,1.6684377,5.681384,0.95101833,-1.6344936,1.7265499,0.4253056
0.5155235,3.5149722,1.6588731,5.7597837,1.0199392,-1.6180291,2.978368,0.5279274
0.5459794,3.714473,1.593595,5.839199,1.043313,-1.6388458,2.9399066,-0.18946189
0.65113246,4.115368,1.5143423,5.8861313,1.0706184,-1.6609758,2.7638173,0.7304473
1.2460308,5.5934544,1.6228471,5.774765,1.0353489,-1.6565776,2.8952093,0.8760202
1.3829124,8.379647,1.6367908,5.7591615,1.0040758,-1.6664782,2.5214555,0.72718525
1.267551,6.5525017,1.6184142,5.726956,0.99141717,-1.589973,2.7080526,0.60526013
1.3977518,5.4149904,1.5639586,5.7470207,0.99760485,-1.6041181,2.9292173,0.6068653
2.9930732,5.1827645,1.5691144,5.786851,1.0049381,-1.5890398,0.4025694,0.67538285
2.992179,9.61426,1.5957775,5.6931324,0.99807763,-1.5406979,2.5876527,0.10022223
2.6891387,6.779396,1.6566846,5.6586986,0.98238087,-1.5573123,2.9608603,0.67157125
2.9996333,8.8751335,1.6229582,5.8904977,0.8879447,-1.4209578,0.035611033,-0.221057
2.997478,9.096043,1.7811608,5.875722,0.837621,-1.5097061,0.6976286,-0.2758044
2.9985602,9.482414,1.7920914,5.9010572,0.86704993,-1.4524745,0.12448299,0.12581074
2.4053125,8.925742,1.708559,5.8725104,0.8551891,-1.5353059,0.27560532,0.3320961
2.8552303,9.937847,1.6164987,5.935019,0.87791395,-1.4437544,2.613562,-0.088287055
2.9686594,9.57847,1.5752349,5.944238,0.8920157,-1.484299,2.034625,0.69349957
2.5929108,9.513824,1.6554661,5.838033,0.86940026,-1.4440293,2.4756355,0.06977546
2.5350883,6.5932984,1.6772118,5.8889084,0.872962,-1.459996,2.8271654,0.6023822
2.752624,9.857344,1.733578,5.7775187,0.88310623,-1.4848934,2.351185,0.36940563
2.470422,6.30335,1.7364674,5.675444,0.8595352,-1.4710793,1.782548,0.28729963
1.4440682,6.3108273,1.7983663,5.6506786,0.8645029,-1.4734001,0.9612316,0.4228996
0.98571795,4.3806925,1.8249545,5.49113,0.8767996,-1.4243131,1.9286351,0.34931636
2.5399096,8.693031,1.9315488,5.4712143,0.8615582,-1.5151817,2.3540518,0.2966311
2.8562107,6.91155,1.928216,5.3596992,0.8843906,-1.4767725,0.75863683,-0.4179563
2.8043458,6.7272954,1.936718,5.3788233,0.85576534,-1.4396064,1.9176087,-0.07482147
1.9664294,7.5360284,1.982981,5.380067,0.8388834,-1.4963303,1.8469357,-0.2174609
2.9141095,9.088413,1.9970171,5.3723264,0.86114573,-1.4131367,2.3934674,0.42070025
2.7818441,8.161991,1.9725018,5.460663,0.85317826,-1.5253397,2.6381233,0.26196373
2.0338576,8.182331,1.9425201,5.402296,0.8431294,-1.4695354,1.5820682,0.20946729
2.6596088,7.591331,1.9473104,5.4492044,0.8942821,-1.5298567,1.77615,0.17002004
2.7824378,7.2452154,1.9292045,5.3725896,0.8746381,-1.4892061,1.2843034,-0.05781442
0.9100328,8.300764,1.9943314,5.4066467,0.90078735,-1.4874718,0.99705625,-0.10646039
2.5000167,8.471918,1.9954534,5.303685,0.89964056,-1.5389826,1.2190421,-0.13309237
2.2681193,8.259745,1.98612,5.3372855,0.92787004,-1.545904,-0.050148666,-0.05265689
2.9681344,9.082743,1.9908357,5.1707034,0.93690944,-1.5142539,1.530168,-0.0059356093
2.454817,5.1702433,1.9201066,5.2789545,0.9375708,-1.5055037,2.1880112,-0.14618462
2.8384657,9.657486,1.9381797,5.3879304,0.92483044,-1.4939729,1.8686965,0.0026225448
0.9547648,8.844732,1.8983936,5.5011377,0.9414995,-1.5820687,0.60844517,0.1861403
2.987784,5.814514,1.846065,5.4614105,0.9410753,-1.5553789,0.50439477,-0.002740562
1.0293725,9.624758,1.8952246,5.4715176,0.9663534,-1.5606041,0.57003915,0.37952948
2.9473283,9.617067,1.9210241,5.4616995,0.9388764,-1.627065,2.7586334,0.42112154
2.8598454,9.855955,1.8981819,5.468325,1.0004263,-1.5132556,-0.025665581,-0.012080312
2.6105185,9.473747,1.9393244,5.452868,0.9042611,-1.5274568,2.8164544,0.4177735
2.8082304,9.389669,1.9932904,5.4262743,0.87852716,-1.4720671,2.7606246,0.18508649
2.3543046,9.039934,1.9621313,5.4876413,0.85865617,-1.4566712,0.28965378,-0.27355033
2.8406696,9.037445,1.9317813,5.433774,0.89265037,-1.5132314,0.41593337,-0.26888227
2.8082476,8.819034,1.9436271,5.4443097,0.9078815,-1.4895179,0.47426748,0.13053441
2.8263216,9.529198,1.9850488,5.3926935,0.84909415,-1.4562302,0.8111466,0.035565913
2.5652921,8.732862,1.9344981,5.517108,0.83793855,-1.4129674,0.25348425,-0.09859753
1.7282714,8.884274,1.898324,5.573599,0.8162067,-1.4192916,0.2624495,-0.41873348
1.945965,4.621325,1.869339,5.602936,0.80722976,-1.4184542,0.31736016,-0.061018348
1.2610724,5.1786213,1.7816515,5.7594137,0.82579136,-1.4132881,2.9069667,0.45067877
1.2504146,5.390973,1.7799354,5.7851286,0.7796519,-1.3700233,0.10804832,0.34817725
1.907317,7.1852546,1.7956192,5.685957,0.78632665,-1.3358967,0.13401222,-0.36638325
1.8994175,5.8670673,1.7792201,5.7363195,0.78357244,-1.3103919,0.29268098,-0.34384918
1.7970638,4.6776695,1.8301725,5.8007145,0.7046654,-1.3334432,0.2756709,-0.46938902
1.2371025,7.2949533,1.8466413,5.9301076,0.70189834,-1.250233,0.4708339,-0.40845498
2.4775379,6.8697968,1.8781459,5.8399158,0.7018461,-1.3229309,0.7280946,-0.039522737
1.669177,7.7916346,1.8933291,5.871332,0.6964865,-1.3119748,1.2744555,-0.054105937
2.041357,8.215967,1.9297314,5.7507153,0.7118416,-1.3052366,2.7014618,-0.40668496
2.459251,7.8593965,1.9037142,5.7382503,0.68486,-1.2592437,0.16987383,-0.38115373
1.4013677,9.204706,1.8543465,5.8820934,0.6947956,-1.3378124,0.88685584,-0.3534904
2.2245564,6.373366,1.8634925,5.866949,0.7202842,-1.326244,0.74345994,0.32151306
2.12719,7.4675536,1.7965889,5.875654,0.7354951,-1.3532181,1.9389422,0.39588338
1.2889495,9.502253,1.789043,6.0477915,0.70927763,-1.3347542,1.0617859,-0.38836774
1.3154645,8.74996,1.8494091,6.0434837,0.6985047,-1.3113823,2.5375044,-0.42636925
1.5178958,8.805443,1.7741351,6.0879183,0.70312786,-1.2832329,0.73812115,0.04640025
2.7607107,6.1361732,1.7723842,5.977021,0.70433617,-1.3536723,2.322896,0.2447412
2.8085842,4.9802933,1.7473245,5.9711375,0.7512939,-1.3494902,2.6774306,0.05389291
0.6668171,5.0868025,1.7798986,6.132878,0.7498386,-1.3944765,2.605871,0.24457622
0.81503195,5.2038097,1.691926,6.1471243,0.7477355,-1.4468288,2.719171,0.66853476
0.7723536,7.0154214,1.7191389,6.204385,0.7942848,-1.4483104,2.619102,0.61347246
0.91569865,7.196005,1.6617851,6.2928014,0.78010774,-1.4465821,2.610702,0.62308705
0.8949332,7.669847,1.6510537,6.2454896,0.8134105,-1.455379,2.4609375,0.45708638
0.7522175,7.667833,1.7255185,6.195739,0.8093474,-1.4603666,2.8839636,0.6715517
0.7150359,9.285719,1.7596993,6.2739387,0.7993398,-1.45019,0.803869,0.23588789
0.7213352,9.09532,1.741005,6.2612867,0.7830937,-1.4358263,1.6202223,0.2760666
0.71391386,6.9204693,1.7019296,6.2257013,0.74458003,-1.3806183,2.5844436,0.3024881
0.98046416,7.490028,1.6244733,6.143357,0.79654384,-1.3907765,1.991056,0.28981316
1.0094453,6.860566,1.6229815,6.205631,0.7693784,-1.3612959,2.2297168,-0.050326705
1.0105479,6.7075415,1.6023598,6.194123,0.7528367,-1.3852859,2.1941593,0.12682486
1.0185447,7.0969095,1.5216002,6.3464622,0.7565193,-1.3559177,0.61521626,0.43005896
1.9465895,4.7653465,1.537226,6.32567,0.7522607,-1.349555,2.248956,0.3177756
1.2810012,5.683852,1.4515386,6.37425,0.77182484,-1.4207479,2.508119,0.9250816
1.1913328,4.5632105,1.5568004,6.1862445,0.75271845,-1.4099894,2.6384916,-0.22670892
1.0525756,2.8747392,1.653342,6.004984,0.7637069,-1.3775957,1.7196538,0.60510266
0.8351393,4.1441827,1.6776414,6.02128,0.7992337,-1.3700306,2.8592272,-0.24157616
0.8887063,2.4664779,1.7014241,5.9700966,0.71929264,-1.3892133,2.7176976,0.56835735
0.96624327,3.106208,1.7605705,5.998003,0.71659994,-1.3908892,2.5014758,0.54251707
1.5474416,2.1067152,1.7519946,6.1022778,0.67209625,-1.3880723,2.4168293,0.43620265
0.950544,2.087054,1.7433615,6.0462894,0.71804714,-1.3746504,2.4692054,0.27789843
1.7812482,3.4202619,1.7259843,5.968853,0.7270994,-1.354943,2.2095218,0.34812975
1.5328171,9.327436,1.7389493,6.0463533,0.72465515,-1.4002249,2.904125,0.5137963
1.6247381,8.2701,1.8085208,6.0635805,0.7418144,-1.4327806,2.7308557,0.76287174
2.3894672,9.122654,1.7414358,6.0555534,0.73639107,-1.3507873,2.9361663,0.39655697
1.6550953,9.644817,1.7564352,6.000687,0.75598955,-1.3816938,2.8143826,0.19479162
2.9609342,9.797595,1.7197824,6.018324,0.76381016,-1.367876,2.8392334,0.7199743
2.9500341,8.98562,1.6970532,6.0144725,0.794327,-1.3688586,2.8227718,0.46859413
1.7503991,8.894423,1.7779095,5.785244,0.76015997,-1.3303975,1.001656,0.5577506
2.0304449,8.119519,1.7726958,5.9083967,0.8006425,-1.3363978,-0.062743604,0.07899618
2.7775013,7.5270605,1.7009988,5.8444247,0.82941437,-1.3129983,-0.23606616,-0.057994217
2.8931158,8.45348,1.651202,5.91873,0.83015394,-1.3409647,-0.27791488,-0.31978625
1.9056365,8.60269,1.5614882,5.9562817,0.8350849,-1.3351117,-0.26212597,-0.4272048
2.6294105,5.6764703,1.606761,5.971873,0.8204675,-1.4020982,-0.3250035,-0.46533078
1.9486785,2.5713108,1.6791217,5.918761,0.8144493,-1.2687948,-0.6098509,0.4967667
2.7272143,8.714243,1.6760213,5.968092,0.8327024,-1.3667493,-0.5031333,-0.3606149
2.8824944,8.736908,1.6665099,5.9965506,0.84108305,-1.3857241,-0.50774837,0.030017853
2.9032464,9.353186,1.7788687,5.9093513,0.84025574,-1.3638357,0.05543661,0.11897993
2.916662,8.643801,1.7549446,5.836954,0.84957933,-1.3697262,-0.17078269,0.04149133
2.704533,9.377786,1.7631168,5.80138,0.84033895,-1.3651383,0.13475347,0.08729738
1.9818046,9.727123,1.8099973,5.8705235,0.8048215,-1.3702228,0.12682068,0.018977284
1.4202654,4.931638,1.7528801,4.548591,1.5701249,-2.225481,2.3775074,0.45956445
2.1057026,8.210314,1.7779222,4.518166,1.5622723,-2.1764603,2.7035887,0.758487
2.4104455,9.196255,1.7675142,4.426744,1.5502841,-2.2531247,2.4828677,0.50302386
2.3112001,8.996306,1.7257588,4.5394297,1.5930929,-2.246101,2.7569895,0.5903053
2.8986194,9.328896,1.7645686,4.518219,1.5954576,-2.2366667,2.7846122,0.73338604
1.7259464,9.46488,1.820359,4.454543,1.5615494,-2.2439513,1.603931,0.38736045
2.0444834,8.483162,1.8301663,4.4204226,1.5433707,-2.215042,1.2977521,0.5416453
1.1523763,4.747777,1.8044677,4.557775,1.4874089,-2.1225128,2.6151145,0.24500418
1.2271216,4.247687,1.7521977,4.570404,1.5207083,-2.1268165,2.8739035,0.4299289
0.7271601,6.126913,1.7850919,4.782448,1.4489179,-2.0472157,2.0709493,0.804703
1.3674154,7.05709,1.8248112,4.763654,1.3781838,-2.063562,2.4255908,0.2852925
2.9651964,4.010074,1.7364204,4.7444577,1.3807287,-1.8861804,1.2410922,0.4639032
1.6345171,6.141102,1.7452211,4.794948,1.4470425,-2.0481548,2.8988292,0.43334937
1.185713,6.386758,1.7511001,4.7472677,1.4382157,-2.0145338,2.942423,0.38810384
1.6116885,5.4134583,1.7557642,4.7141604,1.4352398,-2.0677683,2.9465783,0.49453288
1.9910347,4.0061903,1.7254653,4.7238755,1.3705914,-1.8906331,2.9183865,0.53973174
2.2602515,6.306414,1.7245841,4.5704594,1.4607027,-1.9506029,2.9542322,0.26355964
2.750496,5.0144615,1.7249813,4.6488667,1.4546518,-2.0850582,1.9370065,0.065730035
2.5895321,8.762827,1.7003775,4.785466,1.4903414,-2.10144,1.0214481,0.6855681
2.873382,8.337748,1.7813702,4.8266087,1.4733367,-2.1270957,2.533981,0.7188606
0.7514282,6.0731916,1.8413067,4.7285733,1.4533577,-2.1327221,0.88793397,0.38212156
2.4071188,8.378703,1.823787,4.665398,1.4497426,-2.14577,0.5408344,0.34839863
1.9120679,8.345303,1.8638849,4.632846,1.4506862,-2.1087692,0.54679954,0.20937431
2.645633,8.439482,1.8910031,4.6675677,1.3724294,-2.0114677,1.2025707,0.40856916
2.0545266,9.370066,1.8453481,4.655407,1.3802795,-2.0348485,1.6783764,0.68366385
2.1728728,9.846621,1.8112316,4.6319666,1.4351573,-2.0388718,0.3272524,0.2713343
2.8652503,9.899069,1.8313508,4.813897,1.4107769,-2.0300994,0.34764826,-0.35061032
2.4160528,9.689114,1.7200189,4.8721976,1.4350932,-2.0294979,-0.06155938,-0.33290195
2.7801943,9.018929,1.7664852,4.756483,1.4532297,-2.0159237,0.115020156,-0.3262514
2.7847974,9.865134,1.8196812,4.739094,1.3886414,-1.9307576,0.655084,-0.23610309
2.884235,8.73922,1.8779948,4.7327847,1.3001163,-1.9861333,1.3006115,0.33897334
2.1348088,8.64349,1.8729925,4.718698,1.3075073,-1.85475,1.1729274,0.086921096
1.9953543,8.769375,1.8849144,4.793436,1.2846942,-1.9222826,2.531697,0.8040862
2.1466308,8.065295,1.8853757,4.799901,1.3168383,-1.9242735,2.269238,0.77772045
2.569711,9.702691,1.9186409,4.7382073,1.2514338,-1.8232163,1.3315406,-0.04736954
2.9843593,7.640906,1.8518765,4.8613214,1.2576063,-1.8728888,1.1043444,0.2447412
1.6924961,8.718397,1.8232965,4.799073,1.2642853,-1.8813224,0.52086365,-0.14630625
2.7353597,7.8015447,1.8589811,4.7944407,1.2835531,-1.8771256,1.4363706,0.39707142
2.1036067,8.412247,1.8279626,4.8234863,1.2624607,-1.863316,0.9037721,0.3782766
2.100047,6.6180143,1.7717748,4.9386005,1.3404093,-1.9399507,2.0684068,-0.19207692
2.0907326,9.480852,1.7585375,4.997774,1.2827079,-1.93152,1.7169099,0.53624153
2.7495458,9.379381,1.7605224,5.0132265,1.296691,-1.9871938,2.7587595,0.258484
1.7055154,3.1747599,1.7518058,4.8278513,1.2946401,-1.8745236,2.7430394,0.5999856
2.1888304,3.3420162,1.7449942,4.9734936,1.2982657,-1.970637,2.611619,0.05008316
1.0868094,3.5018356,1.8095615,4.9303036,1.2986529,-1.9456583,2.9927342,0.5788679
1.768695,9.317611,1.8281376,4.8773055,1.2849417,-1.9238816,2.770825,0.40598083
2.913848,8.285254,1.8431609,4.823859,1.3220966,-1.9535241,1.0863776,0.4982792
1.3945007,5.2971754,1.8298264,4.767218,1.3194818,-1.9727328,2.996293,0.59296346
1.6454962,2.6725826,1.835968,4.726907,1.3181014,-1.9526571,2.8918755,0.22826552
1.5297928,3.808655,1.8367305,4.683784,1.3239985,-1.9611787,2.9952097,0.33068645
1.6885098,4.023043,1.8645172,4.6932607,1.3120742,-1.9143596,2.8037994,0.16526818
2.9305239,8.792556,1.8743606,4.784024,1.3026545,-1.9359665,2.9147503,0.69068
2.8436933,8.462088,1.8104007,4.8390017,1.334883,-1.8657111,1.0042727,-0.18770549
2.1872659,8.467333,1.7963123,5.0213556,1.257798,-1.8422618,2.6548874,0.8655933
2.402165,8.574117,1.7722163,5.054382,1.1773193,-1.8004514,2.3531127,0.27455485
2.590908,8.832129,1.8278253,5.1313853,1.1976695,-1.8674662,2.1763594,0.5219376
2.9771621,9.846468,1.7663584,5.101676,1.2009907,-1.8284277,1.0144129,0.090057015
2.9405446,9.95956,1.8151283,5.087253,1.1787565,-1.8155552,1.0617039,0.46078444
1.7607986,9.9788065,1.8507419,5.0162625,1.1900704,-1.8349538,2.5935597,0.43377328
2.6127822,2.6706154,1.8252532,5.058297,1.1665287,-1.7681419,2.2892897,0.6768799
2.9482932,9.967861,1.808764,5.011051,1.175098,-1.8347208,2.0252607,-0.06439382
2.3611536,9.927294,1.9230947,4.7996707,1.210325,-1.7317278,1.2602634,-0.12428737
2.0650678,9.956888,1.9307604,4.8333244,1.1849744,-1.7834395,0.52945554,-0.21311677
2.8340197,9.304571,1.9105711,4.8561296,1.212836,-1.8711339,1.3504853,-0.22162151
2.88184,9.46563,1.9071505,4.870036,1.2446728,-1.8028697,1.0246472,0.5102644
2.3933473,9.460646,1.8559978,4.9219484,1.2543585,-1.8659823,1.8055189,0.5397564
2.6540906,9.38237,1.8555896,4.867076,1.2346644,-1.8496287,1.3364656,-0.21931374
1.8944315,9.898664,1.7983398,5.059353,1.24109,-1.8636606,2.3677537,-0.2560342
1.5998822,9.5926,1.7535591,5.0550365,1.2539606,-1.8209683,0.16984403,-0.2980464
2.5663252,8.906378,1.7596884,5.0318346,1.2599549,-1.7521822,0.9742305,-0.30959862
2.884536,8.88988,1.7588553,5.031271,1.2622149,-1.9407183,0.79431593,0.20205837
2.6383297,7.0924845,1.7599573,4.97793,1.2270448,-1.7833097,2.6675646,0.3226648
1.9597632,4.804633,1.7234163,4.98433,1.2409632,-1.7770641,2.8673415,0.40682125
2.411773,9.578934,1.7031655,5.0562954,1.2610295,-1.8224603,2.1558836,0.3682196
2.4069705,7.57404,1.7602377,4.989769,1.2920318,-1.9067161,2.4229472,0.074775934
2.8308363,8.4624,1.776968,4.937083,1.2733486,-1.8491244,2.2983394,0.08214378
2.634267,9.143822,1.8568347,4.9994392,1.2246854,-1.8564563,0.91686726,0.13367742
2.6444077,6.42137,1.7708249,4.933475,1.2524436,-1.8269811,2.988059,0.24361962
2.673948,8.327358,1.7875848,4.8120146,1.3197129,-1.8810196,1.9445155,0.14304268
2.8738759,5.5056267,1.7460904,4.950578,1.3083355,-1.8888304,1.1990786,0.07878137
1.6346446,5.4969044,1.7634587,5.046739,1.2394776,-1.7924268,1.3528683,-0.093853295
1.9922206,6.8991675,1.8101516,4.7690144,1.2202203,-1.789194,2.8957603,0.09568
1.6266322,7.8020997,1.8181074,4.917081,1.1988754,-1.7885396,0.5399294,-0.022966892
2.3614807,7.381518,1.8900211,4.880436,1.2124894,-1.8177671,2.10659,0.6713805
2.6081374,2.4800894,1.8922927,4.8269506,1.209405,-1.8446069,0.6255584,-0.2651331
1.8909037,3.3243353,1.8774092,4.882609,1.2282572,-1.8156736,-0.009028673,-0.3281069
2.8353295,8.261846,1.894875,4.899045,1.2345753,-1.8712921,2.136634,0.09232813
2.422509,9.469454,1.8906972,4.9456415,1.2372949,-1.7985517,0.2453481,-0.4626339
2.9373248,9.411573,1.9843497,4.696108,1.2669997,-1.74129,-0.30463547,-0.4431713
1.7136428,9.320877,1.964508,4.794601,1.2484887,-1.7262787,-0.6631709,-0.25478393
1.7012181,8.940103,1.9341989,4.8146353,1.2560186,-1.7145422,-0.5975036,-0.35042232
2.9230716,7.6431785,1.9045238,4.874716,1.2290709,-1.7233013,-0.7603207,-0.3811503
1.9095281,6.495788,1.8791656,4.7298265,1.2657106,-1.8478864,1.1332843,-0.22653458
1.9089608,4.798821,1.826096,4.7859583,1.2652116,-1.8401507,2.7495048,0.1824168
2.0429964,7.2783403,1.867465,4.8524466,1.2508035,-1.8411223,0.27222788,0.50962794
2.3777213,5.3679733,1.8839021,4.692971,1.2778645,-1.7868607,-0.1773225,-0.47835273
2.812023,8.1170025,1.9000733,4.7402353,1.2514064,-1.7866668,2.0270276,-0.48268762
1.9042139,5.038297,1.8793311,4.6568265,1.283531,-1.8154213,0.08626759,-0.21344382
2.2460175,8.305011,1.8722155,4.7411976,1.2858784,-1.8479913,0.17234397,-0.44789737
1.2946477,8.751365,1.8790712,4.8412466,1.2660329,-1.8365383,2.3811743,0.058094442
1.0370014,8.276192,1.842021,4.9953556,1.2221422,-1.8347888,2.0689607,-0.31110165
2.0460396,7.450483,1.9100854,5.138457,1.09026,-1.8038348,1.0211716,-0.36806118
2.509165,7.3700156,1.89023,5.0472374,1.0773685,-1.6389817,2.5968666,-0.03889805
2.6834044,9.00212,1.8845537,5.081422,1.1261513,-1.7733327,1.15906,0.36190248
1.8477875,6.800334,1.8906505,4.977153,1.1202843,-1.7541401,1.761534,0.3599559
1.9901386,7.1391315,1.8932693,4.940849,1.1396971,-1.7716491,1.843473,0.18553108
2.8104627,7.1598816,1.9530773,4.9489393,1.1413727,-1.7411258,1.3332651,-0.00551036
1.8328977,8.536562,1.8979115,4.961471,1.1592157,-1.7205619,2.9580696,-0.035462677
1.3614833,9.27017,1.9015975,5.026634,1.1828971,-1.754733,1.7926304,-0.29258558
2.7844934,9.072973,1.8901372,4.965002,1.1767037,-1.7807548,1.3187904,-0.39568308
2.8092122,9.391869,1.905076,4.9033318,1.2116063,-1.7945912,1.6540046,-0.36920103
2.1578028,9.449451,1.9007261,5.169677,1.1774759,-1.7951894,1.7000537,0.68461597
1.2662172,3.2740858,1.8796945,5.0048647,1.1240435,-1.7880466,2.7657537,0.45775783
2.5711288,5.740404,1.8554516,5.0212135,1.1267712,-1.7705754,2.905486,0.2284795
2.65487,8.867148,1.8555155,5.0448365,1.1414218,-1.7902784,2.2254176,0.19578063
1.4703591,7.031621,1.8044918,5.066495,1.1475599,-1.7356775,2.7192144,0.47412378
1.5021414,7.1183248,1.8488655,5.207507,1.1456099,-1.7710456,1.9742689,0.5420015
1.3480806,9.883532,1.8516469,5.237791,1.1514039,-1.8539207,1.9943786,0.7164415
2.1655586,9.958727,1.823735,5.34113,1.053648,-1.7190633,2.688427,0.7143588
2.212836,2.7823434,1.8423977,5.478573,1.0380435,-1.6720121,2.9530392,0.17916548
1.4337689,9.887186,1.767777,5.494605,1.046454,-1.6645263,0.84534764,0.31819808
2.8050454,9.822666,1.7371883,5.491678,1.0402131,-1.6702701,2.9431107,0.39603746
2.6384652,6.1749473,1.7367125,5.6689863,1.0790808,-1.6969225,0.8516153,0.8045416
2.3670182,6.266749,1.8189685,5.331236,1.1201403,-1.7000437,0.9489784,-0.12207806
2.4320414,7.8091044,1.824224,5.2037444,1.149693,-1.6533291,-0.19605052,-0.04894638
2.7656083,7.627752,1.8496139,5.2143545,1.1186793,-1.662141,-0.3824715,-0.47067305
2.9917083,9.805658,1.8643894,5.3022056,1.0874317,-1.6520475,-0.027583659,-0.2344639
2.7514849,9.346729,1.8194973,5.2830677,1.0895951,-1.5899647,-0.08604568,-0.20576528
2.6542532,8.035705,1.8001447,5.340599,1.0305648,-1.5846701,-0.082270324,-0.4015224
1.7121733,8.787283,1.7430544,5.421241,1.026232,-1.61887,-0.19594109,-0.36282253
1.079332,6.7521524,1.4497833,5.706357,1.1367888,-1.7459166,-0.0061451793,-0.36595544
1.9776828,7.8696876,1.4876072,5.6871367,1.099776,-1.6652281,0.22767878,0.06560558
1.3816904,9.039272,1.5148075,5.866914,1.0895715,-1.6763362,2.364691,0.7712772
1.351073,8.665818,1.5268059,5.8931317,1.0472171,-1.6953255,2.5780013,0.9148991
1.233535,8.982712,1.540267,5.7917604,1.0451624,-1.6745019,2.416365,0.40005827
2.8193042,8.080904,1.4546866,5.8615923,1.0361466,-1.6878101,1.5268898,0.4157182
2.5580819,9.689648,1.5904737,5.6385565,1.0755055,-1.6855417,0.9122015,0.450117
1.3951998,8.591444,1.5768671,5.6758766,1.0478861,-1.6821123,1.0307081,0.5426923
1.6263931,9.524878,1.6797442,5.730793,1.0848594,-1.7064917,2.976151,0.9956261
0.87591374,9.840893,1.6813538,5.891606,1.0644612,-1.7302616,2.728672,-0.48127154
0.81145835,8.396496,1.5780218,5.900814,1.1006513,-1.6770524,2.5052168,-0.4415768
2.0863156,7.8793697,1.5492706,5.7144012,1.0501199,-1.6505752,1.2651772,0.6264062
1.9912881,7.130323,1.5825424,5.632662,1.0384676,-1.5452898,2.3340135,0.63854885
2.375874,8.804693,1.5855391,5.758621,1.0293725,-1.624841,2.471053,0.6270431
2.4829364,9.498377,1.4942219,5.747237,1.1049576,-1.6173851,2.11883,0.41998827
2.7884636,8.998093,1.4932792,5.7201834,1.0867019,-1.6701324,1.0860472,0.26667893
2.1199062,9.024896,1.5422363,5.7207522,1.087116,-1.564448,2.7186673,0.28071165
2.2000015,5.386459,1.5632939,5.5513954,1.1111796,-1.634101,2.2865195,0.33442438
2.3664553,7.50296,1.6520276,5.5500493,1.1111996,-1.6919338,1.646421,0.65747297
1.8955182,7.7095013,1.6268835,5.6862526,1.1172931,-1.8523209,2.7630272,0.69509876
1.6880317,6.360882,1.5510104,5.5938015,1.1257052,-1.7678609,2.5518057,0.7080139
1.3500648,7.3327537,1.5801678,5.580804,1.1374073,-1.8218578,2.5839043,0.3810944
1.577611,9.464794,1.5829663,5.669905,1.1594169,-1.7907628,1.4954472,0.7707975
2.593997,6.6160927,1.5982978,5.352719,1.2349634,-1.763058,2.222637,0.8224566
1.0249543,7.0890083,1.568887,5.468269,1.2039502,-1.8298059,2.873241,0.7879859
0.6886431,3.0033066,1.5733225,5.478288,1.2381921,-1.7868555,0.9648231,-0.1428988
0.97788644,7.7616525,1.5468419,5.620961,1.2109993,-1.8417618,1.4811342,0.39640844
2.4392507,9.807383,1.5900536,5.4320908,1.2269387,-1.8664724,1.6070025,0.32540637
2.4691358,8.640186,1.556484,5.388813,1.2872183,-1.841553,2.9453263,0.8424473
2.263017,9.419296,1.5718575,5.384096,1.2958798,-1.863882,0.47390997,0.82237864
2.080006,9.052862,1.5611854,5.379735,1.2672064,-1.9012122,0.8564408,0.5660337
2.5802183,8.271482,1.5810487,5.406631,1.2609992,-1.8815583,2.8436158,0.31357205
2.9025888,9.051299,1.6167109,5.548321,1.1764495,-1.8130242,2.6066375,0.5056963
2.3674726,8.707222,1.6876376,5.566019,1.1094835,-1.6616603,0.61352396,0.43828022
2.6979294,2.1444283,1.6598201,5.608985,1.0994503,-1.7484744,0.024010539,0.40859675
2.6480918,9.737635,1.717174,5.6123004,1.0479376,-1.6533356,1.404506,0.63715816
2.7180638,6.7199407,1.6932845,5.650976,1.0398669,-1.651784,2.914685,0.7741195
2.7008321,9.510508,1.6959176,5.65932,1.0283511,-1.6009594,1.1410391,0.7916833
1.5618002,7.890086,1.587801,5.699873,0.9980805,-1.5902178,2.9759984,0.7101129
1.9223272,7.3678937,1.6037099,5.817574,1.0242026,-1.6575596,2.935154,0.37691265
2.0805726,7.5453033,1.535876,5.921513,0.96963954,-1.6755755,0.069967866,0.2508446
1.0403612,2.667488,1.4733193,5.9701943,0.97189045,-1.5648634,0.17333317,0.41670978
1.5865364,7.2214975,1.4589667,5.9923143,0.9540281,-1.5872965,2.748845,0.5708505
2.2240138,7.854314,1.4487617,6.1299124,0.9196701,-1.5375206,2.6537373,0.2757994
2.037434,9.9179535,1.3744442,6.2270136,0.92668486,-1.5296485,2.8201683,0.34821153
2.962694,6.3475566,1.3197441,6.282595,0.918185,-1.5283988,1.8870664,0.47432262
2.9196382,8.43697,1.207057,6.221697,0.95286393,-1.410397,2.4006693,0.5314734
0.84880143,9.4130745,1.5207641,6.1755342,0.92374325,-1.459599,0.90989053,0.47765696
0.81101674,8.369324,1.4563432,6.183824,0.92611647,-1.4480469,0.7638315,-0.27528572
0.86894166,8.448423,1.4917226,6.1668005,0.9446287,-1.6326344,-0.027323544,-0.45209414
2.9390695,9.274183,1.3348637,6.0881147,0.9876518,-1.5270319,0.21874833,-0.04480487
2.8848636,9.298927,1.3523767,6.166174,1.0054531,-1.6292098,0.13955915,0.4141295
1.7224771,7.433281,1.348829,6.248082,1.0013754,-1.5515395,-0.5408476,0.087109566
2.9179533,5.801625,1.2817783,6.238864,1.0105326,-1.4849808,-0.52609885,0.17163098
2.7022865,9.735359,1.2582335,6.2590156,1.0466981,-1.5516095,-0.81051207,-0.39033267
2.738752,9.192213,1.2580335,6.285136,1.0150108,-1.5328562,-0.31740928,-0.39873397
1.6753415,8.42284,1.1134341,6.282502,1.0020359,-1.5165344,-0.15752023,-0.43790388
2.7822542,9.004017,1.1815562,6.337886,1.0057957,-1.5276338,-0.20959282,-0.49327838
2.490677,6.1538267,1.2730846,6.231097,1.0161748,-1.4890232,-0.1459986,-0.4214193
2.512447,9.336708,1.4169331,6.1885166,0.9270041,-1.5342239,0.027575612,-0.37547418
1.906191,9.474299,1.4040694,6.196332,0.92101216,-1.5659205,-0.10181481,0.18037009
1.8263123,5.877243,1.4939871,6.084988,0.917526,-1.4893951,0.08116865,-0.29026276
2.663098,5.2489023,1.5674655,6.084356,0.9210403,-1.514549,0.31748307,0.8429159
1.8531965,5.521923,1.5993836,5.860716,0.90376306,-1.505893,2.8553145,0.0807634
1.7354825,4.142752,1.623714,5.82856,0.9226308,-1.5198038,2.88792,0.21135414
1.1881164,6.5524144,1.661169,5.7254257,0.8985896,-1.498775,2.2969031,0.29471833
2.8656378,9.222479,1.6790938,5.772112,0.8778937,-1.480135,2.089556,0.09545165
2.9214675,9.700852,1.7882586,5.7476835,0.8430941,-1.4332683,2.367719,0.4897877
2.00872,3.860968,1.7809787,5.7985296,0.8596225,-1.5025892,2.7150636,0.26036382
1.58371,4.2233534,1.6928518,5.7511134,0.85142565,-1.5188656,2.7537003,0.41032934
1.8178468,9.179151,1.1262844,7.2152677,0.5205071,-1.0986598,0.056114197,0.6358423
1.8079357,9.435051,1.0141473,7.0547414,0.5256052,-1.1487191,2.442577,0.35504127
2.1502151,8.523306,1.0622582,7.1639643,0.50306416,-1.1454647,1.8219786,0.60636556
2.3293056,9.110828,1.0593648,7.1099277,0.52688503,-1.1299857,1.5592458,0.5836439
2.695992,8.262667,1.2504897,6.983285,0.48325944,-1.1246102,2.4552321,0.6629118
2.9758592,9.792965,1.2157283,7.0155554,0.49159074,-1.0421802,2.5923712,0.76140785
2.858965,9.366842,1.2298951,7.0047274,0.5009625,-1.0724156,2.6957972,0.5463214
2.3055913,9.014759,1.0965085,6.9873533,0.54770184,-1.1293563,2.5442505,0.23967409
2.278668,9.081758,1.0397387,7.118291,0.55521536,-1.2209206,2.5847623,0.5806503
2.09489,7.6255875,1.1577296,7.028567,0.5425222,-1.1913807,1.1696467,0.4991609
2.2615547,9.723669,1.209784,6.9331493,0.5686946,-1.1862042,1.0707414,0.5384145
1.6707424,9.374297,1.2163248,7.0966964,0.56024027,-1.185938,0.51023614,0.40150917
1.97537,9.611294,1.1640503,7.107237,0.4781294,-1.1361258,0.6149428,0.5007628
2.231094,8.706111,1.2786214,7.113524,0.4864714,-1.1380525,0.5568335,0.2869203
1.3450918,6.094244,1.2811117,7.0167294,0.4842522,-1.138935,0.4572569,-0.059482396
1.6242979,9.472113,1.3869369,6.8731923,0.49064875,-1.1309099,0.3364321,0.07991201
1.5808549,6.1928325,1.3759778,6.898081,0.5088303,-1.1377819,-0.12707287,-0.21673775
1.9943594,9.8125305,1.3953004,6.8527427,0.4414065,-1.089543,1.9139423,0.6748755
2.5763493,9.845071,1.4050708,6.9623437,0.48789,-1.1323686,2.5768163,0.63071334
2.7497933,9.951264,1.4261749,6.7633696,0.562382,-1.1181532,2.85649,0.4706208
1.4123065,9.93346,1.406342,6.7714376,0.5727298,-1.2128544,2.056585,0.5116106
1.3709643,3.084669,1.3467946,6.741893,0.55241776,-1.2337393,2.789709,0.13774681
1.9944208,3.6789212,1.420598,6.587682,0.5424833,-1.0933659,2.820996,0.51403034
2.607012,9.952315,1.4086664,6.5910435,0.5800321,-1.1169966,1.5298381,0.68335605
2.7720437,9.760359,1.4491255,6.644375,0.57011867,-1.1501153,1.6324074,0.5383903
2.7919347,9.350939,1.3620062,6.6675854,0.58681583,-1.1911073,2.5719514,0.4875002
1.6985345,6.3853116,1.44485,6.595395,0.56796885,-1.1709781,2.7823412,0.5085709
2.3563828,9.503412,1.4758863,6.6106,0.55754185,-1.1894449,1.363981,0.59060216
1.4188874,9.369111,1.6221161,6.635657,0.56042266,-1.200558,0.952206,-0.45316958
1.2713616,9.166052,1.6624968,6.6370134,0.5714812,-1.2056469,1.0472574,0.46418285
1.2800757,9.848818,1.6161001,6.588466,0.58433104,-1.2263492,1.182888,-0.39268553
1.2683928,9.926323,1.6248224,6.611367,0.5738225,-1.2425025,1.5007126,-0.24126714
1.1617768,9.67457,1.6409633,6.642376,0.5844991,-1.1956351,1.8718958,0.8784431
1.4616148,9.77087,1.6231811,6.5659366,0.5510118,-1.1516107,2.7758462,-0.2123029
1.6078563,9.835795,1.5430412,6.623578,0.55336213,-1.1943152,2.8397229,-0.1885806
1.5437347,9.929719,1.6436312,6.3907585,0.57956314,-1.1317315,2.5814102,-0.37701017
1.3406025,9.952239,1.6549375,6.49607,0.5650215,-1.1534882,2.9404526,-0.37982923
1.4904919,8.16651,1.6174102,6.612038,0.5701995,-1.2802324,2.939601,0.37145382
1.4261569,7.602787,1.6076005,6.6574235,0.5334959,-1.1351376,1.6027064,0.39858687
1.2873657,7.8437114,1.5704708,6.6660485,0.5154586,-1.2445655,1.1683469,0.079410434
1.3852963,8.278009,1.5752175,6.7733793,0.5188153,-1.1846926,2.8194504,-0.25220442
1.2105186,7.7164087,1.5724447,6.709554,0.5254133,-1.1453587,1.7189019,0.2799436
1.1949222,4.2429266,1.5532551,6.6526165,0.5248027,-1.2241373,1.5532486,0.20660508
1.3010262,4.5077543,1.6091292,6.679097,0.5414126,-1.24561,2.7135484,0.6509807
1.2148106,5.5981483,1.663841,6.3878465,0.5514858,-1.1104255,1.1890538,-0.218658
2.6926806,7.9104557,1.5699592,6.4471736,0.5428972,-1.1082369,1.3539569,0.578907
1.8770062,7.756599,1.5483427,6.5067005,0.4980359,-1.1001558,1.7362318,0.53123474
2.0822792,8.604307,1.7137542,6.4697695,0.5023091,-1.1071486,1.1127658,0.53426373
2.4222856,8.792838,1.822279,6.3665,0.48970056,-1.1087942,1.9359715,0.076964855
1.280974,7.773047,1.8815739,6.4454985,0.4207785,-1.0979831,0.6342361,0.25884855
1.8998668,7.6926913,1.8078296,6.4093475,0.41683054,-1.0433675,1.3148899,0.55843914
2.032383,5.4497485,1.8209205,6.4294424,0.4057436,-1.0549147,0.7982415,0.3521793
2.0077484,9.704699,1.904139,6.2968497,0.40754724,-1.0425713,0.8358327,-0.033019274
1.9358878,8.652373,1.9946675,6.3370247,0.39887738,-1.0322511,0.90896916,-0.15993047
1.8535297,8.727043,1.9952586,6.3246393,0.38328147,-1.0354757,1.4565043,0.46841455
1.8229917,8.0473995,1.9684453,6.3128405,0.36302352,-0.99519444,0.52850544,0.19648176
2.2675438,7.789167,1.9901705,6.2641034,0.40634966,-0.95516944,0.8498608,-0.33678645
2.2860723,7.6177654,1.9730668,6.4773993,0.4144535,-0.9514692,-0.78348047,-0.49579734
2.7801561,5.764388,1.9579835,6.4613953,0.40478635,-0.9338336,-0.74669415,-0.49563503
2.4702647,4.7752347,1.5604048,6.585614,0.40285158,-0.9477997,-0.42329925,-0.49764392
2.7769287,9.270472,1.5741243,6.8523197,0.37024713,-0.9258251,2.6636477,0.9986489
2.6117077,2.8549733,1.5940719,6.941551,0.3563056,-0.9226632,2.6681428,0.99609435
1.5772203,6.371055,1.4470837,7.0069184,0.33911157,-0.92650604,2.9169493,0.9149207
2.5957837,8.383823,1.4365706,6.953428,0.3427422,-0.88401127,-0.23700827,-0.418888
2.657237,7.89492,1.3130949,6.9627085,0.33646822,-0.9289563,0.18519521,-0.2683077
1.9876993,5.422818,1.6121125,6.6541724,0.39786077,-0.9770832,0.35735857,-0.051958084
2.8314145,7.7567472,1.6402926,6.584933,0.41700816,-1.0132645,-0.028024971,-0.25803337
1.9955055,8.247164,1.6123688,6.547826,0.42868447,-1.0123025,0.68145263,-0.22088915
2.1284254,9.920097,1.8615065,6.547872,0.44311023,-1.0612681,0.468773,-0.42394456
1.9641607,9.915359,1.8843732,6.5008564,0.3875785,-1.0058584,2.2915606,-0.2918152
1.530901,9.202936,1.9062614,6.5557523,0.3701706,-1.0019199,1.4450128,-0.41183695
1.3840467,9.066561,1.8897953,6.554852,0.37570524,-0.98105,2.975692,0.62192464
2.2997365,4.7788057,1.8746588,6.649692,0.3226688,-0.9718573,1.990336,0.6639805
1.4925537,7.4810915,1.8185506,6.682555,0.3083036,-1.0083945,1.8615801,0.19278932
1.5878451,7.504512,1.9167757,6.625415,0.29917884,-1.0129645,1.3961856,0.60877466
1.5277233,7.81597,1.9217172,6.6707306,0.34775233,-0.9552126,0.8658824,-0.45029423
1.3901331,6.9927354,1.8599179,6.743293,0.36629725,-0.99686813,0.6112989,0.66964674
1.6701418,9.563323,1.7587919,6.7435446,0.3645475,-0.9175694,1.2354889,-0.42424136
2.4024475,8.984646,1.7265,6.81835,0.2965412,-0.91161394,1.002747,0.21261114
2.6213348,9.831775,1.7305565,6.8800097,0.26492167,-0.8641944,2.3106582,-0.0015542805
2.661236,4.798665,1.7108395,6.880912,0.2698629,-0.85246396,1.3505721,0.950084
2.9630265,8.338961,1.7313495,6.8230257,0.2689371,-0.81146264,2.0803313,0.20604825
2.5584784,6.6569114,1.724431,6.7522354,0.24954724,-0.84809947,0.9912071,0.33685982
2.4689574,7.717938,1.9244399,6.769848,0.23968148,-0.8657026,1.2308073,0.6958542
2.4171953,9.818314,1.9531162,6.7462616,0.21724701,-0.84598565,2.489423,-0.24343663
2.2340019,7.149479,1.9128287,6.658539,0.24950004,-0.8508787,0.80997956,0.4895625
1.797873,6.634532,1.9058771,6.6344833,0.28092003,-0.8975041,0.9773973,0.51532257
2.3356903,5.6689706,1.8092108,6.7860956,0.25428343,-0.83841586,0.17640257,0.0070843697
1.96102,3.3589478,1.7950008,6.8126807,0.23210931,-0.8684716,0.19134128,-0.33348244
1.8882313,7.9904604,1.7476444,6.884999,0.21135664,-0.8390212,0.8403286,-0.049289823
2.0280766,3.845349,1.763165,6.836185,0.22484279,-0.86063075,0.5729599,0.14433932
1.2571847,4.380124,1.768323,6.9251413,0.21440554,-0.84833956,2.2201755,0.1604352
1.5377301,3.405559,1.7666466,6.8962183,0.21126914,-0.84721017,1.5378292,0.2974298
1.2694818,3.0663195,1.7143099,6.8769655,0.20414186,-0.7967458,1.3221395,0.3590063
1.3675262,2.8584936,1.7546425,6.861472,0.22109962,-0.79988456,1.1547141,0.3137824
1.1824368,2.0948272,1.6193023,6.829256,0.24910212,-0.9636018,2.6403766,0.4328617
1.6848192,7.7252054,1.6457853,6.8463774,0.25660157,-0.84470654,0.39889932,0.3008023
1.6608459,4.1723127,1.6400437,6.7826533,0.30058503,-0.89457273,0.18557143,-0.15007201
1.396138,4.4783525,1.648128,6.75786,0.3118899,-0.8527255,0.008349657,-0.45435184
1.2397329,4.6157026,1.6114864,6.87218,0.30213666,-0.8728509,0.3181064,0.1439774
1.6412479,4.734667,1.6296773,6.7946043,0.32617116,-0.9014988,0.1758703,-0.4978065
2.759048,5.820504,1.4745414,6.8202477,0.3791883,-0.87532425,0.14831972,-0.4703092
2.9148107,5.6634045,1.3717711,6.792101,0.38100338,-0.8822689,-0.18584931,-0.45561463
2.5793447,8.3507805,1.4162307,6.7517886,0.43309212,-0.9349296,-0.26107496,-0.47879902
2.1246805,8.280344,1.4519377,6.8885107,0.38955307,-0.90020275,-0.23254573,-0.17593569
1.5387654,8.339752,1.4723935,6.8849173,0.41991162,-0.9488876,0.14858127,-0.35434195
1.6132938,7.7171645,1.3760948,6.961285,0.41386676,-1.045188,0.59283316,0.07639605
1.7094008,8.706358,1.3853312,6.9664097,0.42294025,-1.0114172,0.25282216,0.07416475
1.8462052,5.551973,1.3618772,6.830888,0.43134856,-1.0410748,0.1814822,-0.38501534
1.6645283,8.535718,1.4157517,6.8478093,0.4340253,-1.0400394,0.20016778,-0.019814074
1.1795766,4.6483746,1.4308147,6.9886684,0.42091084,-1.0508082,2.7552671,-0.45686135
1.0387404,6.1133895,1.4770865,7.0078278,0.41863346,-0.9904461,0.8130486,-0.49624527
1.2199577,9.382076,1.512476,7.0305834,0.41633105,-1.0125828,1.2475574,0.6311461
1.474745,2.4163632,1.3797274,6.9859886,0.4230609,-1.0673494,1.7466912,0.6020708
1.0747443,7.1893735,1.5221026,6.9927483,0.39632297,-1.0659754,0.6678138,0.298638
1.0189693,7.0599637,1.6184316,6.937211,0.4403503,-1.0885463,1.218318,0.4608928
0.9793405,4.4092703,1.5319526,6.7738376,0.49030447,-1.0736878,2.6649516,0.37331223
1.0059965,5.787922,1.4754822,6.7808,0.50713277,-1.124754,1.5436771,0.3740856
0.8378802,5.476347,1.5711591,6.7753315,0.50158024,-1.1183964,2.426395,0.36815536
0.87202275,5.3777666,1.5548,6.78922,0.50898004,-1.1070281,1.6343844,-0.36803514
1.005667,7.0304933,1.5566378,6.7839985,0.4797349,-1.0152364,1.1102159,-0.4269502
1.075423,7.684067,1.5832012,6.858623,0.45602632,-1.0759338,1.4833994,-0.13427109
1.2393634,6.891699,1.5922282,6.871482,0.44490314,-1.1135325,0.32085514,0.13765895
1.2233095,6.159438,1.5274267,6.7875075,0.4248438,-0.9879494,2.1649644,0.17190742
1.1148946,3.85315,1.6192303,6.6492734,0.42011166,-0.98062015,1.3992167,0.2751475
1.0175261,3.2952237,1.6275289,6.6498895,0.42148066,-1.0897539,2.618071,0.38624322
0.8197324,2.987551,1.6376774,6.7482452,0.42015958,-1.0717356,2.778146,0.41274178
1.0595417,3.3942285,1.5443704,6.7645316,0.45921993,-1.0340271,0.73531497,-0.23736832
0.97661346,4.727543,1.5344965,6.795417,0.47266412,-1.0872786,0.35340536,-0.25742203
0.7310177,4.896923,1.4695022,7.024246,0.45614696,-1.0298326,0.58495605,-0.082207024
0.83322245,5.6228657,1.3712533,7.108777,0.44472933,-1.0325115,0.3684368,-0.17605352
1.022542,4.546582,1.4005494,7.047344,0.45077348,-1.0997318,0.39786053,0.25629675
0.9556992,5.91304,1.4326708,7.0059986,0.46769834,-1.1045635,0.18867505,0.3466838
1.1252677,5.330378,1.4833064,6.997518,0.46761537,-1.1197395,0.043567896,-0.41030037
1.2241666,7.2339025,1.4237838,7.0056543,0.43644714,-1.0797193,0.62164736,-0.3889744
1.1243571,7.4968085,1.4389584,7.070852,0.4427259,-1.0229392,0.18199956,-0.4703587
1.1755478,9.335754,1.50127,7.017734,0.43724298,-1.032045,0.43818676,-0.484957
1.1313375,9.1890335,1.5121026,7.142257,0.43118048,-1.1585517,2.296615,0.19173855
1.1613742,9.227654,1.4642403,7.0457067,0.43984962,-1.050498,1.8067441,-0.031395465
2.0683942,8.513729,1.2787197,7.1634445,0.452317,-1.094439,2.8370445,0.6599262
1.7630162,9.555847,1.2987909,7.0874267,0.48453474,-1.0879977,2.893363,0.86178255
1.665941,9.5187645,1.2244186,7.2258973,0.46608138,-1.1019676,2.8320584,0.8371713
2.0186443,8.793079,1.1585813,7.18923,0.45137644,-1.1210768,0.808097,0.7729255
1.8662751,6.9127507,1.205261,7.255851,0.4648819,-1.0749409,2.7185829,0.8878133
1.8176591,8.143013,1.166944,7.110386,0.47963524,-1.1346612,2.8391426,0.120205045
1.4795427,7.269685,1.20701,7.086,0.4698887,-1.0815201,2.9227831,0.73921
2.1386707,8.905731,1.305629,6.9848557,0.4630339,-1.1058459,0.34888995,-0.49212238
1.4707596,6.688772,1.1547112,6.960245,0.4774766,-0.98261356,0.27700877,-0.35827535
1.2628603,3.0695252,1.1318579,7.0101876,0.4834609,-1.0984902,-0.020929873,-0.16220653
1.5067428,2.7078652,1.1695542,6.8433475,0.53395057,-1.1064694,-0.36764836,-0.36097595
2.1819637,6.2890677,1.2095191,6.925822,0.5238292,-1.1208463,-0.35075277,-0.40424815
2.2094343,7.838854,1.2248969,6.9395638,0.5018661,-1.141784,-0.41639537,-0.42765298
1.819634,7.1203637,1.1754713,7.0155497,0.47915888,-1.1080675,0.03838706,-0.16427124
2.073654,9.497973,1.2116184,6.839031,0.5181539,-1.0700288,0.06756389,-0.15232375
2.054004,8.064407,1.2576423,6.816083,0.47879434,-1.0145288,-0.18965727,-0.18459094
2.6609511,7.93067,1.2390866,6.779977,0.50467896,-1.0281491,0.11161339,-0.46172467
2.8425243,9.647121,1.2437153,6.933343,0.45243168,-1.0253623,0.08740902,-0.46922225
2.96755,2.9436467,1.3997386,6.9306784,0.45212078,-1.0294435,0.45707965,0.21001679
2.8853636,9.811756,1.4286761,6.720134,0.45973635,-1.0123647,-0.24357575,-0.31460714
2.5274582,9.127092,1.4226792,6.719016,0.4952078,-1.0648248,-0.40635037,-0.35911703
2.8502758,9.346466,1.456348,6.80581,0.4863193,-1.0035446,-0.16131115,-0.33329725
1.8448348,7.2817435,1.5352373,6.8147078,0.39741397,-0.9717319,-0.025886655,0.31013858
1.7317162,6.1662054,1.5814376,6.6545997,0.41810322,-1.0295105,0.31986094,0.021097302
1.3823404,5.2905684,1.6116834,6.7282834,0.40816665,-0.99632406,0.30531514,-0.44623816
1.1564653,5.2548084,1.6959374,6.6635494,0.39932036,-0.9968381,0.42985535,-0.44152254
2.5284076,9.569042,1.7836919,6.733965,0.3314433,-1.0299922,0.6705586,-0.2974776
2.4572418,9.400074,1.8938792,6.6916366,0.33565688,-1.0566416,0.9837469,-0.16346553
2.7267709,9.41649,1.8776977,6.3450317,0.3932674,-1.0716473,0.6061398,-0.06605667
2.7620482,8.91007,1.9566495,6.481147,0.33611608,-0.9953904,0.8982333,0.08487594
1.7131994,8.7196045,1.9202528,6.50574,0.2994094,-0.96072674,1.0674739,0.19993281
1.7714983,3.892138,1.944756,6.514844,0.30483675,-0.9090936,0.5972755,0.04832542
2.1501102,5.8394294,1.9594293,6.4795437,0.32161164,-0.9494822,0.32176888,-0.16506654
2.5787618,9.443359,1.9633739,6.3628254,0.38193083,-1.0004082,2.8749137,-0.31287262
2.4685457,8.885025,1.956224,6.3399744,0.3923807,-0.9900451,1.1373668,0.031978846
1.5029538,9.374459,1.9682274,6.3928704,0.3923416,-0.9748783,1.3858726,0.41430008
1.7415854,8.297346,1.9461265,6.29107,0.38804913,-1.0267618,1.0645154,-0.4501275
2.769753,4.961174,1.9698522,6.3015428,0.41229963,-0.9933691,1.4450111,0.5723331
2.3922114,6.2987347,1.9568269,6.3865485,0.37260437,-0.98271537,1.8716648,-0.29694113
1.6063591,5.550149,1.9476402,6.373415,0.33858514,-0.94252706,1.3334532,0.098258376
1.6346514,5.0800076,1.9503198,6.343483,0.33901286,-0.9838743,2.9419253,-0.37455767
1.4709871,6.179915,1.9701934,6.4131913,0.35282898,-1.01648,2.3886256,-0.0566445
1.5767701,7.034418,1.9204957,6.378558,0.34150624,-0.9257057,1.5692415,0.1592356
2.0627084,8.12487,1.9848247,6.346918,0.35211468,-0.9952872,1.9881706,0.33337843
2.487661,6.5690575,1.9328127,6.3657956,0.35292053,-0.97075963,2.5187626,-0.21194035
2.295115,4.8129587,1.9818299,6.4586673,0.33509684,-0.9406431,0.9972601,-0.12855703
1.8385122,7.9760847,1.9973245,6.416559,0.33850121,-0.9688802,0.27969098,-0.34436572
2.2025497,7.285886,1.8184204,6.377166,0.355587,-0.9695878,1.7778597,-0.2776237
1.3624425,4.8539743,1.8903575,6.4215403,0.3959186,-1.0273376,1.5476949,-0.35688883
1.5812132,5.305214,1.913559,6.4644985,0.38704157,-1.0315272,1.2843091,0.53672075
1.4060307,2.412206,1.9144578,6.2854314,0.3624003,-0.9535892,2.3915188,-0.20245525
1.4253726,3.0373538,1.8803272,6.3386726,0.3762622,-0.9611678,-0.042769074,-0.29730844
1.6642374,2.7860093,1.789926,6.330061,0.3962078,-0.99062586,0.49893904,-0.076399386
2.750226,2.573969,1.8299186,6.4279127,0.40617037,-0.98460317,-0.01147747,-0.41625565
2.6761293,4.746556,1.8275485,6.4300795,0.42314744,-0.946409,0.28238797,0.35918725
1.2887931,4.9030533,1.8467903,6.5655565,0.44585252,-1.1182269,2.9800858,0.5505563
2.2874918,6.7422876,1.7258086,6.627962,0.4110632,-1.0898125,2.8942099,0.49808764
0.92847234,4.020959,1.7101278,6.7250967,0.41258836,-1.082351,2.8767712,0.53877485
0.9775207,4.0835495,1.6616645,6.678081,0.42336345,-0.97483444,1.8025107,0.5574405
1.2583988,5.084437,1.6420953,6.6772747,0.4219544,-1.0210824,2.6168463,0.5302427
1.9263964,9.104148,1.7860398,6.785366,0.36822557,-1.0371032,2.7942321,0.854553
2.0191567,6.6188607,0.2932601,8.728152,-0.28580046,-0.35448194,1.1170213,0.6452435
2.0074034,5.5205884,-0.007153034,8.808756,-0.32835114,-0.37187052,2.5761046,0.550089
2.8547688,6.875358,0.31524646,8.768245,-0.33429098,-0.2985437,2.5164914,0.37165153
2.7604563,7.431346,0.40560853,8.818845,-0.35823154,-0.31238747,1.2830613,-0.107631534
2.13131,7.626317,0.44920182,8.795705,-0.3982594,-0.28641582,2.7556043,0.18787944
2.10513,8.326357,0.38379812,8.712703,-0.2835034,-0.3005979,2.956639,-0.02491808
1.9287539,7.996434,0.3932222,8.973814,-0.29076695,-0.3971715,0.09741628,-0.13410765
2.0318058,7.678812,0.23357677,9.052328,-0.30598497,-0.42310715,0.9361737,0.67109287
1.9483953,7.893274,0.0932374,9.073053,-0.30422246,-0.3146243,0.35452712,0.48662913
1.896086,7.821099,-0.18817842,9.174242,-0.32330418,-0.30576348,0.4708488,-0.10284126
1.9493132,7.8987646,-0.039048314,9.089287,-0.32212794,-0.3169191,0.64595044,-0.3124663
2.128714,8.979725,-0.07074952,9.13208,-0.33321,-0.31806278,0.49831843,0.18288982
2.071567,8.206554,0.18822062,9.175674,-0.37652576,-0.24655652,0.5571041,-0.16672522
1.9248465,9.188516,0.42082953,9.113649,-0.375054,-0.25521278,0.7505691,-0.10602605
2.6604176,8.10434,0.105829835,9.074175,-0.40952396,-0.22275782,0.63532543,-0.17931938
2.2327929,7.340421,0.2552433,8.962348,-0.405344,-0.28001118,0.71380246,-0.33552462
2.0300398,7.532306,0.77261865,8.928417,-0.39947772,-0.22076845,0.37872803,-0.34054852
2.5355363,7.3112254,0.4805267,8.980753,-0.4187591,-0.2575388,1.1115124,-0.33738726
2.5765557,7.253016,0.45799375,8.875891,-0.44822717,-0.1850667,1.4459658,-0.19480842
2.8390088,9.871195,0.5281621,9.051163,-0.43864846,-0.24914742,2.239275,-0.2389842
2.9173555,6.117378,0.46904576,9.093352,-0.44344354,-0.20775175,1.2100558,-0.043462515
2.6203086,9.490194,0.17962682,9.150614,-0.4459808,-0.21479273,1.3765891,0.22976416
2.4944677,9.515541,0.17663264,9.1533575,-0.42273092,-0.2493887,1.4127548,-0.0900619
2.6282895,9.391828,-0.060785413,9.130311,-0.3969277,-0.24316335,2.2678273,0.026985168
2.6663723,9.264591,0.028877497,9.145238,-0.41950095,-0.25627232,2.8079114,-0.16585195
2.794733,8.99988,-0.2550708,9.083403,-0.35351408,-0.25976992,2.7843647,0.5564437
2.8160145,9.397341,-0.50058,9.1607895,-0.3687116,-0.28052664,2.2455294,-0.01691717
2.3392088,8.610657,-0.2537033,9.154497,-0.36844134,-0.31589437,2.667581,0.18334097
2.363814,7.9102826,-0.25354743,9.113405,-0.3711337,-0.32670617,2.5985458,0.29034275
2.4034333,7.583548,-0.4859823,9.106102,-0.3410989,-0.2553754,2.4711876,0.03246057
2.6451786,6.66477,-0.6037463,9.21269,-0.4281627,-0.22073126,0.6369103,0.2193343
2.0002153,6.347522,-0.500197,9.159038,-0.45141637,-0.23141909,2.5808365,0.36376548
2.2075577,6.240027,-0.66404873,9.120882,-0.38868117,-0.19934893,2.7691195,0.47769284
2.1891108,6.501179,-0.7856046,9.186523,-0.39591992,-0.21631527,2.8720489,0.55678725
2.5024655,6.9962044,-0.7624933,9.219799,-0.39122164,-0.20436072,2.5334532,0.69865537
1.700256,5.7598953,-0.16636598,9.106283,-0.4291911,-0.20428443,1.2530982,0.64892244
1.6934445,5.666494,-0.18564594,9.18404,-0.4300468,-0.20618773,2.8621473,0.7828922
1.7445989,5.333355,-0.17932248,9.095705,-0.4225856,-0.22687292,2.9211676,0.744737
1.6879078,4.8398094,0.260875,8.940019,-0.40510476,-0.22819757,0.77341175,0.7282169
1.4639176,5.0930758,0.7995509,9.048378,-0.40684175,-0.24259663,0.95756495,0.76516724
1.7351359,6.1949186,0.8129785,8.941089,-0.40293467,-0.18530464,1.0837817,0.6801311
1.6724058,5.6744075,-0.2955973,9.093414,-0.42959356,-0.19703507,0.9957979,0.6219933
1.6987721,5.8286257,-0.23714381,9.106169,-0.43006516,-0.1525979,2.8079517,0.3624264
1.7582165,5.70991,-0.039659858,8.992168,-0.42563272,-0.26194477,2.1133504,0.09937453
1.7068005,7.1395087,0.62499285,9.014234,-0.41172493,-0.20838404,2.5942159,-0.21791407
1.6487645,6.9426823,0.7124784,9.016052,-0.42502594,-0.21411753,2.66892,-0.13911489
1.5772673,6.4911838,0.5906539,9.0473585,-0.42350745,-0.2209878,1.9807451,-0.33151525
1.6195116,6.550361,0.5440129,9.003874,-0.38712847,-0.24000525,0.86119235,-0.36234874
1.8243467,7.222764,0.55739284,9.012485,-0.3864448,-0.2544341,0.45970643,-0.03715524
2.0537152,7.2679815,0.55881727,8.9259,-0.4121803,-0.23694086,2.0820777,0.4017939
1.9897836,7.024807,0.6093478,8.932859,-0.42815018,-0.27373934,1.2605436,0.0943737
2.0790062,7.4532785,0.66136277,8.9076805,-0.43395054,-0.28951073,2.1586933,0.14089012
2.2625694,8.270811,0.486035,8.939613,-0.40445673,-0.2509632,1.4525092,-0.1386967
1.9681451,5.592718,0.4409659,8.93211,-0.4366486,-0.20635915,0.7390084,0.20519006
1.824439,5.1306486,0.3570001,8.978605,-0.47384202,-0.17639995,2.4310288,0.31892657
1.7435275,3.2496443,0.07126689,8.783078,-0.49900007,-0.15678167,2.726998,-0.1541864
1.6433063,3.240957,0.91920674,8.38406,-0.47205663,-0.16819572,2.8415718,-0.3473926
1.7069998,2.5981624,0.47404027,8.54367,-0.47630095,-0.1841855,2.2710881,0.3348565
1.9166358,3.2118182,0.8840246,8.522314,-0.4777155,-0.17926216,0.7707,0.09404516
2.1401052,3.2848594,0.31443095,8.494675,-0.43901598,-0.17619228,2.8287163,0.6091132
2.2523139,2.5205069,0.48049057,8.395271,-0.48086333,-0.122704506,2.033367,0.47617078
1.958845,2.622745,1.3314366,8.519767,-0.4846177,-0.12076306,2.4613347,0.78178656
1.8138492,2.8821054,0.9694636,8.558128,-0.48067296,-0.13853264,2.869157,0.91657066
2.1756487,3.1051104,0.9979918,8.581253,-0.50116515,-0.07823038,2.5850637,0.91749203
2.107008,2.0532475,0.9454291,8.622339,-0.58630836,-0.09048629,2.6064353,0.2436853
1.8991512,2.0370855,1.4945018,8.580622,-0.6033089,-0.08847332,0.3296988,0.3374982
1.760693,2.2051904,1.4616714,8.543974,-0.6321173,-0.031214237,0.6259494,-0.35819405
1.4715147,2.1919246,1.6639915,8.487608,-0.6244011,-0.029619217,1.3279355,-0.34480125
1.0959332,2.240589,1.6275496,8.553734,-0.5572107,-0.034940004,0.38097966,-0.26612085
0.9789575,3.033488,1.6922116,8.693834,-0.5440426,-0.078066826,0.66177046,-0.45263758
0.90143514,3.0197067,1.7285957,8.556485,-0.47516835,-0.12915635,0.48123372,-0.4315461
0.9918207,2.954453,1.2392633,8.54043,-0.41165996,-0.14955544,0.6022978,-0.32446247
0.8238514,3.0021627,1.4798322,8.604166,-0.39650035,-0.23228979,0.16835356,-0.19145954
0.832307,2.9365811,1.4986873,8.550606,-0.42258346,-0.16535044,1.7795835,0.13555962
0.8752178,2.824655,1.5343802,8.54248,-0.42854226,-0.20291257,0.84357595,-0.20191371
0.847373,2.3223336,1.5166559,8.427258,-0.35939467,-0.21326041,0.097368956,-0.13642013
0.78293747,2.2332735,1.4155905,8.344849,-0.34323478,-0.2576983,1.0200686,0.22431493
0.92851925,2.1834,1.4417267,8.334368,-0.3462211,-0.27079797,0.48799658,0.3086701
0.8873528,2.488992,1.4574776,8.429018,-0.34833312,-0.27811217,0.45552266,-0.074483186
0.8547875,2.1639664,1.477536,8.371975,-0.3195927,-0.3098321,0.52367973,0.50368
0.6597749,2.7425585,1.4991269,8.308584,-0.30542862,-0.3028052,1.1940696,-0.3254503
0.6252288,2.7683957,1.5744157,8.294312,-0.25620103,-0.29057288,1.2558875,0.31040996
0.8005544,3.116251,1.4010677,8.382572,-0.25794375,-0.27077198,0.07456887,-0.47396412
0.72286236,2.3028505,1.2156274,8.36311,-0.34591317,-0.21567297,2.8903437,-0.48423943
0.7791602,2.2798467,1.4474165,8.37177,-0.43161047,-0.19957995,2.884233,-0.4934005
0.8130864,2.0738833,1.3016791,8.392403,-0.43226147,-0.20775247,2.9740798,-0.21250996
0.6916467,2.3162768,1.2415564,8.348058,-0.332358,-0.2233777,2.9941177,-0.28014332
0.8456985,2.4297755,1.2446566,8.333626,-0.31434488,-0.3432274,2.521498,-0.22350204
0.9144999,2.746069,1.0437303,8.312863,-0.28471255,-0.3431821,2.7847304,0.10301435
1.2463026,3.1594133,1.0034623,8.330759,-0.2985525,-0.31068897,0.62267697,0.607085
2.362682,3.994742,0.83708763,8.4584055,-0.3063681,-0.31047416,0.23124635,0.56460214
2.05004,5.487221,0.45840037,8.575499,-0.30465424,-0.30538464,2.3189507,0.11556637
2.4977977,6.302828,0.3776164,8.526804,-0.2807809,-0.3460021,2.6888986,0.3442111
1.9299029,5.5254536,0.43634248,8.530447,-0.25817955,-0.4136629,0.8232832,0.17067504
1.9824018,7.076409,0.52287126,8.612455,-0.25675178,-0.3588791,0.4405191,0.1845144
1.8407813,6.4277635,0.4360317,8.732878,-0.24067497,-0.3289497,0.3957671,0.15448159
1.8832932,5.9925117,0.02510786,8.648829,-0.22485924,-0.32176685,2.1031482,0.8715006
1.5942421,5.7176967,0.27918243,8.703136,-0.18038285,-0.43852758,0.74777126,0.8206879
1.5853858,6.108526,0.32262278,8.725821,-0.18832886,-0.36651206,1.5885496,0.60560465
1.5732894,6.755726,0.22024333,8.702742,-0.16625953,-0.46505642,2.1943696,0.4536553
1.7877057,7.2359757,-0.006474197,8.890591,-0.19485807,-0.45658708,0.8157991,0.44207013
1.6437073,6.290205,0.18689227,8.8097,-0.23905194,-0.42324042,-0.24282414,-0.20909154
1.6750648,6.39819,0.3496784,8.638069,-0.25120306,-0.38116765,0.18281913,-0.34501594
1.6113515,6.6569586,0.77217376,8.684461,-0.2500317,-0.4033265,0.13360536,0.3191933
1.7765739,4.897456,0.7581476,8.473301,-0.24485803,-0.43685484,0.076636314,-0.32514983
1.5778408,5.242509,0.71772504,8.5097065,-0.2588023,-0.40023112,0.2663287,-0.0065642893
1.9816136,6.077357,0.6604178,8.517003,-0.2584703,-0.36832,0.098810434,-0.409934
1.9330865,5.6588225,0.80660653,8.435665,-0.23586178,-0.4037025,0.22537446,0.12405616
1.6722363,4.9591618,0.87713075,8.442831,-0.22350621,-0.45748758,0.6914097,0.25764346
1.6118772,5.3520465,0.9357381,8.435929,-0.21517575,-0.4306264,1.2075522,0.6507013
1.4033107,5.468213,1.164237,8.458375,-0.28337455,-0.3481269,2.6257324,0.65300333
1.3325531,3.4101574,1.0957196,8.572739,-0.31887615,-0.32508993,2.367889,0.59752357
1.2122061,3.0136495,0.9694836,8.473642,-0.2923143,-0.3870659,2.6943612,0.67800546
1.5290965,3.5408196,0.95088255,8.32092,-0.27149475,-0.36331582,2.8208928,0.6879225
1.5168188,3.968536,0.9433379,8.334016,-0.2295568,-0.4263549,2.3232443,0.68787265
1.5144948,4.861784,0.7622943,8.40057,-0.24646592,-0.40913057,2.827076,0.5035701
2.4121244,4.456069,0.8184265,8.234617,-0.20483243,-0.5064869,0.4977188,0.1944117
2.1186712,5.5747147,0.6774597,8.401667,-0.21900642,-0.43058157,0.50398266,0.24600214
2.098857,6.01889,0.7437899,8.39683,-0.2312845,-0.37250495,-0.0045101047,-0.35848662
2.1593127,5.2794065,0.83735347,8.413185,-0.25616384,-0.37554383,0.066214204,-0.42794412
1.6902611,3.5844955,0.64391136,8.445213,-0.27560592,-0.48394108,2.5707004,-0.48461875
2.689347,4.897684,0.65132,8.43825,-0.21615624,-0.4690013,2.7022362,-0.24218622
1.5540751,9.45195,0.67519283,8.486042,-0.14203906,-0.49348354,2.5875525,0.02636826
1.3886067,9.158506,0.55705774,8.741654,-0.10196769,-0.52672267,2.6244106,0.2123096
1.5446094,7.688727,0.46622586,8.708447,-0.10114157,-0.5123825,0.20572925,-0.3914902
1.1578906,7.843961,0.27457058,8.857,-0.08139026,-0.5936055,2.3257456,0.382443
1.1470335,8.135365,0.5068965,8.941994,-0.10982859,-0.5455322,2.842454,-0.21736881
1.2969553,8.805056,0.44993722,8.9386425,-0.11987424,-0.4924085,2.6270387,0.043310285
1.4555204,7.2077384,0.24765909,8.766686,-0.16921067,-0.50891924,1.5796406,0.25303572
1.4213787,6.8224444,0.1933204,8.78426,-0.09606528,-0.60671186,1.830128,0.38209128
1.49751,8.190441,0.040101886,8.863808,-0.04645276,-0.54580784,2.4935927,0.42157555
1.4475253,8.514362,-0.03046143,8.894181,-0.058712125,-0.6019149,0.7981142,0.4192059
1.5708197,7.457497,-0.22495586,8.827755,-0.07802343,-0.5539408,2.765386,0.24762768
1.4661146,7.765694,-0.10280466,8.834845,-0.07679939,-0.49487805,1.001219,0.45499462
1.3909922,5.6935825,0.5304575,8.808834,-0.22500658,-0.3715608,-0.21378422,-0.49864882
1.459123,5.950205,0.46546173,8.786775,-0.24576092,-0.3971207,-0.05230099,-0.49888024
1.1735895,4.732016,0.4320774,8.791072,-0.20813859,-0.42095637,0.6981144,0.06737882
1.307451,4.6791234,0.48060036,8.6714,-0.21283638,-0.41997576,2.9840071,0.24674034
1.1597486,5.4657736,0.7545477,8.672661,-0.19534433,-0.50453734,1.0862021,0.41584224
1.2965684,7.0580387,0.8329687,8.649679,-0.14532316,-0.51659536,0.6549196,-0.28716755
1.3101119,7.5676217,0.7501761,8.695887,-0.10646176,-0.49981117,0.59069896,-0.39978468
1.1607261,7.880014,0.6474309,8.758434,-0.07922864,-0.5548277,0.21163678,-0.4055589
1.1535853,8.741623,0.5777222,8.747464,-0.080019236,-0.534503,2.6817691,-0.3878903
1.2395718,9.014333,0.5883938,8.661577,-0.07559514,-0.549844,2.682834,-0.20212525
1.4897197,9.912046,0.54182553,8.613033,-0.06810784,-0.55523133,1.2940784,-0.2140939
1.5364468,9.854572,0.6702548,8.515753,-0.068238854,-0.55068016,0.99591017,0.16611528
1.6292384,8.366037,0.6719464,8.572556,-0.18414998,-0.55049825,1.1031728,-0.25846818
1.4787858,6.5324264,0.9290862,8.515921,-0.13676465,-0.5118904,1.0166826,0.42490166
1.4016649,5.3517175,0.81301427,8.484621,-0.16542435,-0.45360422,1.0795281,0.36117876
1.4066753,4.1411715,1.0860825,8.276119,-0.18462348,-0.4703467,1.3648996,0.38986886
1.2585168,5.1364417,1.2414007,8.284799,-0.15683115,-0.49208093,1.7239325,0.34668595
1.2945334,4.234237,1.2457755,8.274075,-0.15609944,-0.47553897,0.641783,0.6780038
1.1441401,4.669799,1.2238393,8.309706,-0.15514708,-0.46184707,1.2682371,0.68604434
0.90615916,4.1374397,1.1820488,8.31834,-0.13819838,-0.4880352,0.7708622,0.6047945
0.85978705,2.8405075,0.73311424,8.451939,-0.12145603,-0.569216,0.682037,-0.46449667
0.93085605,3.5199041,0.8464811,8.397985,-0.09534311,-0.499763,-0.14514345,-0.49617487
1.0644141,4.495296,0.7671766,8.419181,-0.098291755,-0.50289345,0.14480448,-0.25295419
1.0327206,4.6724386,0.675709,8.477424,-0.09478676,-0.50366426,-0.19953299,-0.30034372
1.0256534,4.73598,0.49233496,8.559234,-0.10847986,-0.4817102,-0.24572915,-0.13607007
1.0315765,4.720193,0.65123916,8.551316,-0.061947107,-0.5102837,0.16232407,-0.016725719
0.9285461,4.2150645,0.8447007,8.58638,-0.05240524,-0.5868807,0.2327125,-0.04120463
0.8510945,3.950473,0.6597892,8.612436,-0.05096948,-0.55564165,0.86479855,0.70126975
0.80574685,3.6605449,0.76388645,8.673365,-0.08704913,-0.5023756,0.6272088,0.6829121
0.80297536,3.7419887,0.759089,8.515782,-0.086453676,-0.51638913,0.015574813,-0.4716104
0.8942783,3.8265753,0.7517562,8.327169,-0.09910023,-0.5059767,0.14656317,-0.35383588
1.2237446,3.9827306,0.68440557,8.443502,-0.08475816,-0.6382675,0.21417534,-0.4076602
0.83391476,2.8673942,0.766516,8.458237,-0.08026683,-0.45272064,-0.81997454,-0.31189612
0.6912805,2.4529462,0.73593044,8.454725,-0.053135276,-0.54005694,-0.5248672,-0.49537987
0.6496664,2.333605,0.5072217,8.42797,-0.06958711,-0.5211921,-0.12265885,-0.4871804
0.6206809,2.0969436,0.9325981,8.152459,-0.07325709,-0.54317665,-0.19784427,-0.49227747
0.85957086,2.1060383,1.283581,8.004321,-0.086800456,-0.5463197,0.1259532,-0.24227834
0.62084216,2.203674,1.269444,8.009706,-0.026785374,-0.6334932,-0.048445046,-0.11959028
0.58025265,2.2354496,1.4930019,7.8706746,-0.051526785,-0.562037,0.55797946,-0.07526243
0.6045026,2.187728,1.3306346,7.8934803,-0.04435098,-0.574975,0.5801004,0.23607093
0.5342916,2.2722437,1.3272357,8.04944,-0.038666844,-0.6214142,0.3147912,0.25015354
0.51282835,2.221549,1.4686446,7.821122,0.021808147,-0.59347606,0.20141494,0.08752042
0.5502598,2.5502062,1.4084167,7.86715,0.005087137,-0.66888714,0.3220793,0.116916776
0.62410694,2.2812612,1.3413334,7.8402076,0.02804637,-0.577868,-0.030297339,-0.15731347
0.6887796,2.3208685,1.3905234,7.875163,-0.032510996,-0.60856986,0.8435379,-0.44666106
0.6551926,2.3537953,1.2438562,7.9404325,0.0015659332,-0.6187625,-0.20379919,-0.4804971
0.7274816,3.305048,1.217278,8.059404,-0.007412076,-0.5909853,0.76730824,-0.21139944
0.6933274,3.3076444,1.1813066,8.164745,-0.005689144,-0.62569,-0.031032085,0.44154382
0.97815335,4.5549726,1.2008324,8.024483,-0.041110635,-0.5860951,0.8144586,-0.25982416
0.9428037,4.580798,1.194108,8.006858,-0.030647159,-0.58956194,2.8731022,-0.4255992
0.91266584,5.4811325,1.1808169,8.170966,-0.050771594,-0.5701604,2.7399485,-0.23694819
0.9731176,5.1643314,1.1770353,8.172806,-0.041063905,-0.59377503,0.35077333,-0.19090965
1.0949507,3.3540792,1.0935943,8.056446,-0.080656886,-0.592505,-0.07188529,-0.15620157
1.1483381,3.3454285,1.0980172,8.039408,-0.08669245,-0.57122016,0.16872644,0.27712214
1.089608,3.1650083,1.2681074,8.033775,-0.1157825,-0.4769752,-0.0821234,-0.26128218
1.0405931,3.1973116,1.3123243,7.909109,-0.114898324,-0.56900334,0.3100499,-0.3770387
0.9885204,3.7622886,1.4598243,7.9599824,-0.14353883,-0.41859818,0.53086674,-0.2929538
1.2442155,3.5982187,1.4512868,7.946793,-0.15492249,-0.41194773,0.70671463,-0.27718833
0.9238699,4.1376276,1.517066,8.067165,-0.13690555,-0.46018696,0.6899501,0.13004082
1.0663731,4.515483,1.4325664,8.019133,-0.11222911,-0.49158645,1.1699595,-0.0041989684
0.9969632,4.5609097,1.4828756,7.9871635,-0.10541558,-0.47356033,1.1858335,0.38317204
1.1326864,3.8905225,1.4654241,7.99966,-0.1640271,-0.38460803,1.2181582,0.51066554
1.2228098,3.5955997,1.4462881,7.978376,-0.1554296,-0.47767067,2.632794,0.5264431
1.7785197,3.5906103,1.4234922,7.874415,-0.11686516,-0.5164974,1.0208826,0.5595993
1.7300279,2.141874,1.1102531,7.8201447,-0.1026392,-0.52329063,-0.06030518,0.28636432
1.7000574,3.2181046,1.0423543,7.85684,-0.13776517,-0.45548344,0.0038454533,-0.48527125
2.4619853,9.931608,1.7735779,5.7649508,0.9216733,-1.5383453,2.0531569,-0.22155687
2.0714617,2.7072613,1.7640619,5.784506,0.91647124,-1.581428,0.8620025,0.69718575
1.8457224,9.395322,1.6898942,5.8234596,0.95067096,-1.6045108,2.6838624,0.48647058
1.9870166,8.783667,1.6860259,5.8129864,0.9156399,-1.6063375,2.2805789,0.52761066
1.2276123,8.733408,1.6780355,5.8126535,0.91651154,-1.5220065,2.041707,0.67972517
1.567656,9.176514,1.6858914,5.925178,0.90423346,-1.5406199,2.5031826,0.65627325
1.2489188,9.49796,1.6818187,5.937993,0.8858123,-1.546244,0.9317843,0.36406898
1.1278698,9.404436,1.6280909,5.974211,0.900646,-1.5529578,1.7557452,0.19417477
0.94118005,9.845037,1.6946592,5.9931316,0.8941858,-1.5544237,2.0185392,0.09673846
0.9042706,9.508703,1.6786661,5.957242,0.943048,-1.5498348,2.0730932,-0.16649532
0.85583067,9.610145,1.7004647,5.8455887,0.97585106,-1.563735,2.9688983,0.03208238
1.8705578,9.919296,1.6991425,5.6588335,1.0049629,-1.7073665,0.38417554,-0.040317923
2.77105,9.071711,1.7101021,5.6604023,1.0036902,-1.6446468,0.3520975,0.29541564
2.474501,8.450911,1.6705594,5.669817,0.98124456,-1.5500181,0.48470175,-0.30897427
2.9399729,8.144453,1.6828122,5.5865517,1.0246434,-1.5449661,0.4321463,0.16459733
1.1398487,6.3343406,1.6166263,5.858529,0.9730141,-1.5360005,-0.028327525,-0.08212498
2.9162402,7.3586946,1.5962517,5.8298225,0.9346106,-1.5070248,1.8412907,-0.19912368
2.6310918,9.540871,1.5700583,5.8739805,0.932405,-1.513892,2.8240316,-0.3908558
1.4420916,8.557381,1.6790931,5.864879,0.92778635,-1.5520456,2.7553854,-0.41465187
1.1923723,9.4931,1.7105289,5.8883734,0.87453914,-1.5458066,1.6356997,0.25358415
1.1776315,8.963917,1.7227921,5.8536615,0.8534229,-1.5293245,1.704869,-0.1078673
1.0506485,8.560228,1.7221816,5.8935947,0.8490138,-1.4853234,1.580591,-0.26595545
1.0529906,8.302984,1.7691946,5.9425974,0.8369067,-1.502991,2.8227417,-0.1538555
2.2474952,9.569256,1.7044902,5.8664436,0.8515501,-1.404681,2.7695167,-0.37057173
1.2760838,9.476679,1.7523899,5.854211,0.857883,-1.4787402,0.078771114,-0.42672157
2.292648,5.7906685,1.6949611,5.875275,0.86420035,-1.3732092,-0.49167925,-0.40990928
2.692152,8.866266,1.6202741,5.9088793,0.861146,-1.3416531,-0.31383795,-0.3897203
2.358431,9.392748,1.6310434,5.9332848,0.8531418,-1.3208876,-0.5031163,-0.45481825
2.401437,5.708216,1.6070807,5.9556847,0.8395617,-1.3370404,-0.57280946,-0.4905369
2.4603136,7.658619,1.5639,6.004135,0.87201095,-1.325749,-0.5160986,-0.021637082
2.4975045,4.372838,1.6082306,5.971908,0.86371994,-1.3948127,-0.33452022,0.08109838
2.881581,2.235503,1.578222,5.9417925,0.8777766,-1.3389213,-0.27269602,-0.2419459
2.9748662,2.2487445,1.62992,5.9432564,0.8620758,-1.4093688,0.110866785,0.04067278
0.9759034,4.1567526,1.6196301,5.9745836,0.8791106,-1.4830523,0.22702909,0.22920913
0.9458002,3.2952418,1.7144065,5.7568564,0.8795233,-1.48983,0.5741786,0.022991598
2.603758,4.5347567,1.7215416,5.7878304,0.86407685,-1.4341288,2.7214596,-0.17912674
2.4636478,9.661541,1.7679563,5.7707024,0.8649049,-1.4075391,-0.2177735,-0.0466516
2.6820006,7.948552,1.803371,5.765977,0.8636172,-1.4230833,0.27415895,-0.2039485
1.5103993,6.5904446,1.7175205,5.7583814,0.8630054,-1.4076338,0.24775124,0.21898544
1.4555944,6.9349647,1.6708148,5.9385023,0.8490176,-1.4892929,2.9159775,0.6333481
1.6638794,9.5403595,1.8048754,5.8447223,0.82157063,-1.4661682,2.1998014,0.74184287
2.6138117,5.323056,1.6894615,5.8936076,0.77456117,-1.3471301,2.3451936,-0.37295243
2.8199763,8.755009,1.7566159,5.9768915,0.7453089,-1.3414769,1.0533288,-0.27295434
1.3650062,8.106878,1.7946706,5.971095,0.69567585,-1.312794,2.1818545,0.3930763
1.2857441,8.74968,1.8496222,5.950529,0.69435763,-1.3055487,2.1865284,-0.43800864
1.3368164,9.376402,1.8940797,5.98971,0.68011355,-1.3316605,1.9478862,-0.32340962
2.0154245,9.438725,1.8939624,5.939664,0.676075,-1.256292,2.6379492,0.38265753
2.7838428,8.070683,1.8365173,5.8219466,0.7063072,-1.2750914,1.695565,-0.36826128
2.36396,5.7985063,1.823401,5.895351,0.71124196,-1.3415589,2.8559067,0.02781874
2.2268412,7.5502644,1.8209226,5.8595276,0.7383263,-1.3225372,2.7405357,0.026314378
2.9181995,8.391725,1.786442,5.859852,0.7368455,-1.2947488,1.7400527,0.42059803
2.8005638,7.629782,1.7565334,5.77213,0.8084588,-1.3987116,2.951775,0.31317055
2.0204167,9.719337,1.7833385,5.798049,0.8247638,-1.3877199,2.99865,0.6315632
2.0512538,5.121786,1.8229434,5.7457767,0.82595015,-1.4749706,2.9988892,0.5316675
1.7262907,7.465463,1.8009827,5.743236,0.8048012,-1.4535806,2.942777,0.3532151
2.1420646,6.333937,1.7529955,5.7390285,0.84734845,-1.5157071,2.9840589,0.47032362
1.2707877,7.092841,1.8128753,5.5247316,0.92382145,-1.5020037,2.962342,0.1402874
1.3478706,8.205738,1.8907764,5.549656,0.91969633,-1.5385886,2.9564874,-0.17418149
1.9878072,6.713038,1.8674982,5.502495,0.9053364,-1.5221882,0.41761053,-0.28635517
1.5315448,7.8097577,1.8198929,5.4604836,0.92458415,-1.5124364,1.0139441,-0.40590692
1.7411824,8.986175,1.8346529,5.514081,0.91543865,-1.515394,1.2896671,-0.26768523
2.5502162,7.9820843,1.8251123,5.5063014,0.9477823,-1.5083015,0.9815209,-0.20653266
2.4586694,8.913114,1.7928338,5.7174416,0.9430516,-1.5678823,1.0024936,0.69119513
2.181999,6.373178,1.7340124,5.5288715,0.9711652,-1.5775951,2.9890206,0.13515854
1.9686673,5.5660825,1.7283254,5.534128,0.96875906,-1.5949857,2.431293,0.07141614
2.4567242,5.170496,1.7381175,5.55921,0.99903274,-1.6135925,2.7787237,0.6615157
2.61257,8.055544,1.6641824,5.5078864,1.0458002,-1.646896,2.4787893,-0.12385821
2.0575652,6.8458276,1.6632552,5.5613365,1.062037,-1.6518658,0.8351741,0.418832
1.6478702,9.952515,1.6814227,5.629927,1.0690942,-1.6800225,0.8128507,0.2820624
1.7627072,3.0029678,1.6647663,5.5973897,1.0827794,-1.7203658,1.0902472,0.5103278
1.8817745,5.0256243,1.5799046,5.5954113,1.0889659,-1.6886711,2.8944128,0.27513677
2.0330484,8.6486225,1.5588822,5.6341085,1.0688679,-1.6853293,0.31229472,0.45050746
1.3663603,8.748423,1.5680959,5.7886405,1.077162,-1.6249464,-0.095882654,-0.3149247
2.9512486,9.322394,1.6527643,5.7876916,0.9726846,-1.5309609,-0.20327014,-0.13377541
2.837998,8.974234,1.6058817,5.775977,0.9973123,-1.5326692,0.10906947,-0.13165814
2.579207,8.921894,1.7102528,5.7157583,0.9852879,-1.5701983,-0.56982034,-0.12047678
2.836814,7.6622205,1.7079306,5.7515936,0.9872024,-1.570785,-0.59756887,-0.122241855
2.866459,8.438816,1.6031194,5.731809,0.9866371,-1.5037421,-0.41710562,-0.27760577
2.4471402,7.838695,1.5153906,5.700144,1.0101843,-1.5045182,-0.4342186,-0.39414307
2.506268,9.545584,1.5000696,6.0016,1.0192335,-1.5467908,-0.7281339,0.36201882
2.5061843,9.984441,1.4776692,6.0086145,1.0233834,-1.6103296,-0.56588244,-0.49405137
2.9533617,2.7954135,1.4617493,6.0020123,1.0001717,-1.5174133,0.14075768,0.2135973
2.370099,9.796795,1.3781772,6.1310635,0.99679184,-1.6105565,2.124226,0.43472826
2.7692065,8.566893,1.3483138,6.1070547,0.9991369,-1.5841429,2.8669,0.35030758
2.348086,9.548168,1.4549007,5.9846716,0.9611819,-1.5887526,2.531897,0.18730837
1.9613413,9.018246,1.3311155,6.1271753,1.0128119,-1.5948222,2.8223197,0.4150313
2.677871,7.7088337,1.3659005,6.054071,1.0066645,-1.5828298,2.1530797,0.5327016
2.883284,7.347726,1.3583729,6.0753317,0.9538889,-1.563189,2.5361056,0.2159791
2.6660595,6.8211956,1.5251455,5.8531923,0.9734373,-1.5340749,1.8157756,0.45422
2.8608687,8.079211,1.546516,5.888818,1.0049181,-1.6116331,0.6960486,0.696077
1.2293296,8.615216,1.5530844,5.907371,1.0298185,-1.6666906,2.4392862,0.3829168
1.0326529,9.954392,1.5927901,5.9143333,1.0571308,-1.7185688,2.3211982,0.51767075
0.9879747,9.73535,1.5648177,5.8584557,1.0493822,-1.7086765,2.3244932,0.3701403
0.91263705,9.877413,1.5817418,5.910841,1.0581355,-1.7096723,1.2481539,0.29395854
0.62585306,4.3586903,1.4821904,6.242673,1.0587051,-1.6940085,1.4853771,0.21561235
0.55889606,7.4905224,1.6445978,6.026952,1.052882,-1.7103331,1.3381021,0.35831034
0.5339648,6.8513203,1.6344819,6.098313,1.0315676,-1.670859,2.3602026,-0.44464573
0.6864555,7.5761323,1.499973,6.0945654,1.0295558,-1.6418496,2.9356985,-0.08673912
0.77274215,4.794712,1.5066848,6.0346932,1.0164354,-1.6233022,2.6195688,0.18906033
0.8884196,3.9788506,1.4777985,5.9833374,0.9864054,-1.5827206,2.598275,0.3549292
1.2004696,9.086151,1.5105293,5.8910837,1.0165815,-1.6063173,2.5659,0.22726285
1.2163293,4.898176,1.4808581,6.001349,1.017931,-1.5882215,2.4652178,0.45026422
1.0728314,4.6661158,1.2290921,5.804531,1.2104561,-1.7232736,2.2706723,0.5723171
2.791962,4.2793097,1.3378549,5.841964,1.2363448,-1.7675483,-0.080880165,0.67266023
2.9085302,3.3509245,1.3529966,5.9073973,1.2515903,-1.847614,-0.40502155,-0.046559155
1.8595809,9.723448,1.1958518,5.8916397,1.2760048,-1.8312534,0.12320018,-0.26928958
1.5550122,3.540586,1.2874024,6.003662,1.2933807,-1.8550341,-0.8971293,-0.14379561
2.4749956,9.2320385,1.1139445,5.9795055,1.3577452,-1.8686047,-0.7836385,0.016404152
0.78510237,6.1644816,1.1950085,5.8465014,1.3720279,-1.8408468,-0.3287297,-0.35370797
1.6273242,7.9681735,1.2102723,5.926873,1.3692937,-2.0491405,-0.32978696,-0.45429376
2.5952017,6.887796,1.2162576,5.996419,1.4108477,-2.0169284,-0.47739196,-0.41304302
1.0912583,6.025428,1.275681,6.132908,1.3523507,-2.0002227,-0.44240177,-0.28795314
0.7803485,6.197143,1.270287,6.115616,1.327821,-1.9932706,-0.102889836,-0.43487832
2.025144,4.100008,1.2372861,5.8981533,1.4435508,-2.014086,-0.37386942,-0.43792135
0.5302373,3.180489,1.2776077,5.853016,1.416018,-1.9958026,-0.12245208,0.37465835
0.52147526,3.8989644,1.2501812,5.805546,1.4194188,-1.9884185,-0.16728449,-0.42992073
2.896079,9.968591,1.2867289,5.840109,1.4027963,-2.0229485,-0.060892463,-0.2932239
2.8205323,5.1099873,1.3175926,5.6932235,1.3941996,-1.9708177,0.16339779,-0.078245044
2.8926945,9.553457,1.2925029,5.674579,1.3839595,-1.9252837,0.5228567,0.42679334
2.7996738,7.724458,1.318635,5.68213,1.383332,-1.8807697,1.3426912,0.47607446
2.7573724,9.337153,1.346158,5.632455,1.3861372,-1.8933394,2.3285673,0.5450344
1.8161211,9.670758,1.3533299,5.7641144,1.3398309,-1.9571123,2.965106,0.5291252
1.8917674,9.305276,1.2703128,5.9153433,1.3379965,-1.9178047,2.3015172,0.7881259
0.9044268,9.511534,1.2921727,5.9632587,1.2732792,-1.9192073,2.1398318,0.37546605
2.793541,3.752829,1.2599077,5.8270617,1.3296599,-1.8294584,0.47258997,0.57036734
1.7652311,2.4890907,1.3043149,5.7985506,1.2532957,-1.8655136,0.39222705,0.52502704
2.955819,2.227263,1.3581452,5.948346,1.2214332,-1.8500292,0.17173398,0.5211971
2.7385569,9.842302,1.3986869,5.827315,1.2258132,-1.7783638,0.31440246,0.52152336
2.4629016,9.926777,1.3468609,5.8014812,1.2175367,-1.8201325,2.642617,0.57349706
2.5383735,2.6294012,1.4327586,5.8163776,1.231664,-1.8545771,1.452975,0.19667053
2.2162085,8.195211,1.4432402,5.634053,1.3285558,-1.8832669,2.1641424,-0.029398441
2.1741426,9.186045,1.4811561,5.687394,1.2533643,-1.8254361,2.04949,-0.070847005
2.5598261,7.8976808,1.5697596,5.464724,1.2631562,-1.8632133,2.6997807,-0.07578856
2.483395,9.158664,1.5175705,5.360483,1.28946,-1.8723025,0.72263837,0.14874864
2.536785,9.182433,1.5372183,5.498065,1.2518849,-1.9360967,2.0558214,0.28286016
2.0923066,9.193034,1.5465775,5.358633,1.3360629,-1.9092621,2.538372,0.01511389
1.9844157,7.8348603,1.4936354,5.3324323,1.3772826,-1.9154954,2.8509278,0.20740074
2.0724392,7.8883214,1.427957,5.352602,1.367456,-1.8983841,2.8535535,0.54703426
2.1066628,8.954478,1.4319696,5.4733,1.4318202,-2.0085845,1.8380373,0.5327165
2.8751435,9.976892,1.4465871,5.365267,1.4492092,-2.0379157,1.883523,0.27174366
2.1121197,9.943958,1.4942303,5.378964,1.437669,-2.0780792,2.4366357,0.3996063
1.9780897,9.881609,1.5212097,5.257257,1.4546669,-2.0917912,2.6830158,0.57466185
1.3810304,5.8057113,1.5527315,5.2194967,1.469862,-2.0432258,2.6526704,0.8690047
1.3019466,7.431809,1.4334729,5.1412883,1.5114944,-2.0831645,2.7291076,0.24391478
2.464872,2.2920182,1.4292574,5.1214514,1.5400538,-2.098968,2.1850386,0.41872847
2.1164384,2.190962,1.440942,5.165924,1.5568993,-2.142025,0.7524611,0.446396
2.3540187,5.492538,1.37834,5.2304745,1.5538595,-2.0926492,0.788779,0.12379676
2.3032672,6.5935726,1.361881,5.4096136,1.5402544,-2.0813174,0.6311021,0.8653492
1.8811224,8.0504055,1.3602109,5.350604,1.5304475,-2.0926962,1.0298047,0.85754
2.5950084,6.205607,1.3794396,5.358124,1.5476427,-2.1371987,0.9035219,-0.0723705
2.886842,9.842306,1.3593657,5.45483,1.5034232,-2.0954595,0.45906866,0.15625495
2.53684,9.869592,1.3738,5.442793,1.4502347,-2.0043612,0.014073253,-0.09945452
2.436759,8.78038,1.3675935,5.4794884,1.4638572,-2.0580847,0.49544728,-0.1375421
2.8974075,8.300077,1.3582406,5.534499,1.4925685,-2.0594504,-0.36042988,0.04850197
2.6601965,8.418952,1.3089483,5.5952544,1.5174651,-2.0588598,-0.6014369,-0.05110866
2.4646597,8.878498,1.3101208,5.4800587,1.5303655,-2.0538723,-0.69604254,-0.472717
2.389921,9.667076,1.330409,5.548313,1.5759397,-2.1688995,0.0035578012,-0.21251434
1.975802,9.509867,1.2656617,5.5520973,1.537108,-2.107679,-0.41969943,-0.05511123
1.6885598,9.846655,1.4007642,5.532346,1.5195973,-2.1756544,-0.34264237,-0.34111923
2.818409,9.955698,1.368207,5.59971,1.453675,-2.0318842,-0.32351953,-0.3337686
2.7749481,2.3878403,1.4058619,5.5687876,1.4172833,-2.0298963,0.22296822,-0.10187435
2.5635004,7.7360454,1.4287384,5.5273867,1.3672616,-1.9434032,0.21836972,-0.27034312
2.1268055,6.9297853,1.4435871,5.452825,1.3308296,-1.9035417,-0.087091744,-0.17121387
2.9036524,6.42634,1.544646,5.3884106,1.3852923,-1.9596274,-0.14389718,-0.32728857
2.6563241,9.381102,1.5221658,5.265012,1.4208558,-1.9436177,-0.3107465,0.42406946
2.049554,8.565389,1.5467012,5.214529,1.433294,-1.985404,-0.1428796,-0.45701355
2.8449366,8.515778,1.5535662,5.066098,1.4856088,-2.0225596,-0.011533618,-0.22954363
1.724435,8.57633,1.5569487,5.065667,1.4425652,-2.034605,0.028722405,0.11498642
1.7402992,8.377928,1.6041183,5.076827,1.4385009,-2.0848665,2.6829286,0.25161934
2.3135478,9.920267,1.5752318,5.004183,1.4543374,-2.0719986,1.2292521,0.2692327
2.3190389,8.777407,1.6132483,4.9706106,1.4578047,-2.0330296,1.5895648,0.24401283
2.8066697,8.912502,1.5628138,4.9418,1.4732168,-2.131559,1.4177594,0.19373357
2.6957324,8.949862,1.5603595,4.969618,1.5407512,-2.1302578,0.028322697,-0.077882946
2.382875,5.8146925,1.5560558,4.9442472,1.5397453,-2.1302624,0.45881677,-0.30192593
2.0705106,6.8714395,1.5668736,4.9226866,1.5250251,-2.0169053,0.50318,-0.27969688
2.0352802,7.9355416,1.5623138,4.966234,1.512826,-2.032022,-0.26717162,-0.27397266
2.8351655,8.791729,1.5778923,5.061558,1.4655628,-2.0361247,-0.22052711,-0.4217101
2.8629193,9.427151,1.6027975,5.1439867,1.4480495,-2.1095605,-0.35546768,-0.40089
2.8598428,9.632248,1.5470109,5.299344,1.4487469,-2.0434024,-0.28883386,-0.29899895
2.903839,8.958946,1.4903092,5.316783,1.478257,-2.0420437,0.0030379295,-0.2494505
2.786106,8.636673,1.505758,5.1933947,1.4347949,-2.000475,-0.23713553,-0.16902497
1.1370645,8.624022,1.3879397,5.2925954,1.4731095,-2.003175,-0.4238295,-0.10016942
2.093257,3.7293887,1.4627476,5.2229967,1.4571903,-1.9230539,-0.4414338,-0.39730072
2.3378577,3.3365312,1.4600003,5.1957817,1.5012639,-1.9671446,-0.28968692,0.12520874
2.2883458,5.58785,1.4744186,5.200243,1.5000794,-1.9609337,-0.60531855,0.11895418
2.8350594,3.6059594,1.427566,5.1829877,1.5100017,-1.9775276,-0.737967,-0.4458155
2.2434921,8.117071,1.4157937,5.2102466,1.5245283,-2.0293207,-0.8661401,-0.48901427
2.672502,9.931299,1.4643126,5.2038164,1.555424,-2.0455558,-0.81441295,-0.22128671
2.9764562,5.740855,1.3919613,5.2820177,1.5375235,-2.0340023,-0.9063935,-0.39586017
0.90122676,5.7991323,1.3439167,5.3073688,1.5493746,-1.9876175,-0.85086894,-0.391806
2.9742208,5.5158143,1.4159741,5.4384913,1.4260037,-2.0149932,-0.48441696,-0.33705652
2.405216,9.86213,1.4006596,5.513741,1.3422587,-1.9168977,-0.2473563,-0.36667013
2.582704,4.32305,1.4994202,5.423602,1.3544517,-1.808604,-0.18839735,0.60287786
2.0898263,3.786278,1.5323524,5.4450436,1.361351,-1.9771137,-0.16692013,-0.39177284
2.8157482,9.637161,1.4775789,5.461552,1.3444953,-1.7876837,-0.23358923,-0.16740274
2.6423306,9.817701,1.4236417,5.4826155,1.3831968,-1.8489634,-0.88086337,-0.2890308
2.385311,7.4067893,1.4516726,5.424055,1.4240551,-1.8888868,-0.64861524,-0.04242915
2.460785,8.5682125,1.3974481,5.447315,1.3796873,-1.9621158,0.15266263,-0.32067257
2.6733027,9.66597,1.5718279,5.1177025,1.506208,-1.960171,-0.01986897,0.06794292
2.9243424,8.890675,1.5797427,5.110901,1.4742112,-1.982727,-0.6321125,-0.4773267
1.9198174,7.648373,1.4779191,6.5378156,0.5464046,-1.1356976,0.2210151,-0.031481504
1.1227173,3.9391284,1.3776984,6.661808,0.51683307,-1.093705,-0.08556759,-0.4396747
1.0262661,3.8221579,1.4017692,6.625297,0.5734718,-1.1178861,-0.18927509,0.17152905
1.3597422,2.6704302,1.3495109,6.6357527,0.57714486,-1.2446485,0.30331802,-0.054447174
0.91148025,3.4132023,1.2767215,6.698732,0.53752446,-1.1512846,0.3876207,0.047633827
0.5133771,2.8799055,1.5784845,6.6571326,0.54933095,-1.1404606,2.7409914,-0.42083693
0.53834486,2.3680682,1.6361773,6.661475,0.4950831,-1.1909785,2.9464753,0.72880244
0.5392638,2.2685404,1.7410924,6.516191,0.50582886,-1.1884321,2.9822388,0.8144789
0.58812404,2.5612805,1.7839904,6.5526237,0.4847188,-1.062758,0.8746599,-0.4441325
0.61511433,2.5232253,1.6941533,6.538593,0.47535133,-1.0302082,2.5623448,-0.46206483
0.7636442,2.670128,1.7598252,6.514513,0.4251871,-1.010628,2.4518871,-0.44700834
1.1110845,2.2213025,1.751308,6.466865,0.43618226,-1.0750911,1.7662811,-0.48876527
0.71436065,3.0878086,1.7768352,6.5056133,0.41966653,-1.0015079,2.6649253,-0.48523718
0.75673896,3.4017916,1.7691956,6.528224,0.40938354,-1.0157278,2.6483622,-0.41669178
0.63837767,3.3127568,1.8521585,6.901675,0.28415608,-1.0136065,2.4542127,-0.45349386
0.5452045,3.1973763,1.8067558,7.0058374,0.29713082,-0.9056487,2.6285648,0.020691276
0.7204118,3.0283527,1.6601255,7.0248632,0.29682875,-0.90095425,0.8403859,-0.2100676
0.7164163,3.8971257,1.6048479,6.961834,0.35851574,-0.89878035,0.22771823,0.035907328
0.773142,4.6970587,1.6781883,6.9263525,0.36920524,-0.91961765,1.0240376,-0.4273199
0.79623425,5.1944075,1.6978664,6.983204,0.38304234,-1.0646878,2.0733514,0.16414517
1.1741253,8.334819,1.7283785,6.8486223,0.3795457,-1.0856706,2.0916421,0.63058734
2.146709,7.5212317,1.8251486,6.722999,0.393152,-1.0993798,2.2013462,0.73930955
2.385418,9.81017,1.7513556,6.741354,0.3698628,-1.0518503,1.813956,-0.23947382
1.3210275,9.057133,1.7961094,6.784875,0.36512518,-1.0228152,1.8913779,0.51347435
1.3968581,7.781213,1.7915757,6.739934,0.36007786,-1.0449119,1.4182096,-0.030478656
1.137521,5.7428536,1.7882173,6.6740603,0.3568492,-1.0060563,1.4057937,0.26105618
1.6233425,9.452922,1.7715821,6.7125664,0.37630153,-1.0273008,0.6976565,0.41497242
1.6465912,9.294834,1.789897,6.6392493,0.3800733,-1.0363514,1.0477941,0.27826548
2.4735267,8.372194,1.7748067,6.6018414,0.34701252,-1.0011928,1.1882052,0.31897414
2.5600166,9.493149,1.8538458,6.605686,0.3706932,-1.007967,1.085094,0.33504444
1.7997067,3.910061,1.741878,6.820469,0.30847955,-1.0273136,0.6553869,0.68615544
1.5547991,3.6475334,1.656064,6.824671,0.30261827,-0.90903616,1.0624516,0.41338217
1.323101,6.2143016,1.6571891,6.8021665,0.34089518,-0.9849367,2.9468641,-0.35969335
1.4205155,7.1575804,1.6957679,6.7859926,0.3709116,-0.9554291,2.9644938,-0.2695325
1.3597525,6.7885113,1.6771,6.8003387,0.38252735,-1.0309486,2.9959953,-0.15340292
1.3507011,3.7114844,1.4958711,6.916663,0.33387852,-0.951962,2.999968,0.11182916
1.311283,3.991612,1.549129,6.90656,0.31166315,-0.8823228,2.9983962,0.022705793
1.6409106,5.727556,1.5840936,6.90977,0.31968832,-0.94180894,2.1441941,0.26381254
1.4028184,5.361046,1.6530547,6.965023,0.28634,-0.97253156,2.916519,0.50652623
1.6093836,4.1548734,1.6534252,6.8895593,0.32865596,-0.9718151,2.707192,0.58393264
1.1791453,5.271275,1.6550453,7.0088806,0.2960987,-0.93573,2.940007,0.17328107
1.1580923,5.442299,1.6551802,7.0021334,0.30236864,-1.0025707,1.8529894,0.4545415
1.2174273,3.558116,1.4961293,7.0716076,0.2801366,-0.9233105,2.2311244,-0.12791392
1.2531059,3.5362468,1.4815707,7.0186706,0.30859947,-0.881655,0.20848191,-0.18369812
1.4155519,4.5852113,1.5866914,6.996817,0.29658866,-0.9219923,0.2226826,-0.31498602
1.1983076,4.731696,1.6691833,6.9485373,0.25205636,-0.8665986,0.4477762,-0.35002
1.6159439,4.4742084,1.6921377,6.940523,0.2337637,-0.8880377,1.1007168,-0.27277136
2.876998,7.7942142,1.6634121,6.8627877,0.25162435,-0.8055315,1.1233826,-0.1923359
2.399878,4.965558,1.5472126,6.905022,0.29410267,-0.80781054,0.09933162,-0.40187165
1.5423062,2.5324807,1.7508845,6.774934,0.25983858,-0.8066969,0.50623274,0.521276
1.8848796,3.4632359,1.7764049,6.7264595,0.2760067,-0.9290006,2.832765,0.45578933
2.221413,9.744047,1.7280879,6.8773856,0.25534582,-0.8983445,1.6427455,0.6445143
2.1501255,6.0880804,1.7846208,6.949524,0.1853919,-0.85502696,2.2373254,-0.047231853
2.280962,8.428875,1.7590833,6.948764,0.17224646,-0.849257,2.2867193,0.12787151
2.1539578,7.20553,1.7549899,6.945103,0.15847063,-0.8054545,2.5831368,0.261186
2.3038712,7.464043,1.7615602,6.9765124,0.13829541,-0.7517662,1.1991582,0.23661697
2.194537,6.5013704,1.8217077,6.9976196,0.09905672,-0.7463734,1.5222383,0.18531793
2.4471073,6.414949,1.8862109,6.9749475,0.09349513,-0.7110853,1.3580134,0.2233215
2.3582683,5.1664124,1.9196262,7.0414314,0.08258176,-0.7177236,0.71244097,0.3646723
1.6335983,2.8726454,1.7806332,7.006242,0.1010313,-0.69790316,0.47843015,0.06987721
1.2729259,4.627548,1.7842011,7.2089496,0.13683534,-0.8008945,0.5311085,0.3596257
1.2240338,7.5041466,1.7977886,7.2713914,0.18629289,-0.8229048,0.9872073,-0.47852653
1.0249462,5.8766584,1.8120604,7.24364,0.12418032,-0.78213286,0.8477857,-0.47524706
0.9248692,6.3961444,1.8020806,7.374184,0.17795682,-0.793751,1.1243536,-0.047777504
0.9297649,5.7113037,1.7650089,7.3722577,0.17548823,-0.7157154,0.43898857,-0.19655019
0.76841956,4.7096357,1.5167623,7.468809,0.15830827,-0.8246381,2.4864483,-0.33560988
0.97111934,3.7296076,1.6416562,7.3449974,0.15416408,-0.8067641,0.6213558,-0.44071454
0.8129104,3.3548265,1.6303318,7.307214,0.1763835,-0.82279325,0.45753706,-0.3763765
1.0188177,3.6550374,1.5751207,7.267558,0.15161443,-0.7711036,0.56510913,-0.13224655
0.9146427,3.8280141,1.5942988,7.4586344,0.13652968,-0.82624435,0.5821922,-0.42719984
0.69679034,3.7337012,1.6240408,7.5483193,0.14926314,-0.8400552,-0.03236878,-0.3123516
0.59776396,3.332396,1.692069,7.494684,0.17500925,-0.7962518,1.2004466,-0.4946265
0.5913102,3.560853,1.656935,7.5115213,0.122036934,-0.7877872,2.4849968,-0.3059625
0.62147915,3.741014,1.6711264,7.4671564,0.11663365,-0.7328124,2.579499,-0.4446503
0.59856474,3.814734,1.5670688,7.5432434,0.11163187,-0.663013,1.9250636,-0.45893896
0.64769185,3.2965403,1.5966668,7.5889487,0.048941135,-0.6593528,1.9216375,0.11363089
0.82058895,2.990049,1.4302473,7.6029778,0.053865433,-0.640522,0.9565232,-0.37860915
0.64489424,3.37954,1.488416,7.578342,0.11374998,-0.6825752,0.24638128,-0.29968446
0.63907963,3.6618571,1.4990394,7.601116,0.084478855,-0.6808286,2.7546399,0.08907926
0.92385614,2.6867366,1.3405516,7.7361026,0.05522108,-0.72160244,2.5078514,0.6053041
1.0180521,2.4484193,1.3313949,7.7036057,0.0497849,-0.6692307,1.0786662,0.61589015
0.8486115,3.824088,1.3402774,7.7846045,0.117667675,-0.7960255,1.3527465,0.64343107
0.915164,4.1415854,1.3422947,7.793965,0.10926223,-0.67245126,0.8589531,0.66664875
0.9485445,3.371165,1.3367138,7.6477866,0.103174925,-0.6981845,0.79185677,0.6006745
1.1655556,2.494039,1.2811933,7.645332,0.07387018,-0.71979,1.0264792,0.47955787
1.5008782,3.3345966,1.2343183,7.6463923,0.07594705,-0.7609682,0.12677038,-0.06980288
1.6751215,4.286104,1.1958907,7.6834044,0.12338948,-0.84644985,-0.05468738,-0.1908153
1.4597087,4.6616945,1.1372173,7.632885,0.11578727,-0.7330179,-0.09844214,-0.32177636
1.2355322,4.4388313,1.0828457,7.7052927,0.1284914,-0.73632455,0.28820205,-0.15028775
1.2443881,4.549388,0.98455,7.741164,0.13288784,-0.7371309,-0.021003604,-0.07417098
1.2248511,4.4067173,1.0583906,7.710363,0.19827461,-0.7923682,0.13970208,0.21178162
1.2158959,4.1519017,1.0411491,7.668521,0.19227576,-0.7836962,-0.12869412,-0.38260224
1.4452288,4.8307486,0.90642476,7.7520914,0.19670677,-0.77857137,-0.13118684,-0.48676467
1.1604838,4.1699767,0.92845726,7.668249,0.20289326,-0.80297136,-0.15399033,-0.41309708
1.2887273,2.9590318,1.0137873,7.6721797,0.17574573,-0.8185849,0.06540382,-0.37149245
1.2254646,2.1620429,0.85217655,7.639093,0.18444085,-0.8155632,-0.15304416,-0.41838816
1.2752991,3.3590164,0.8417046,7.647064,0.17313647,-0.8001275,-0.1942578,-0.42203993
1.5379838,3.9833798,0.72049165,7.87356,0.15554857,-0.7655289,-0.5061697,-0.34763503
1.231211,4.689291,0.70665765,7.961889,0.1659851,-0.7488742,0.20085704,0.033317804
1.3794149,4.8549566,0.7035208,7.970523,0.158283,-0.78662944,6.330013e-05,-0.19460684
1.5297151,6.2740703,0.6767986,7.9338217,0.16876674,-0.7709203,0.0059691668,-0.09937084
1.3887835,5.6619444,0.83362174,7.903993,0.18016839,-0.8447485,0.005858183,-0.075986266
1.6364871,4.2576456,0.7253623,7.8276205,0.18534184,-0.82158875,0.17080116,0.031233609
1.9276109,5.6029825,0.77903914,7.7692595,0.18496084,-0.83103037,-0.11776239,-0.07767147
1.3272016,4.189871,0.80488956,7.745243,0.22126937,-0.8588476,-0.18151122,-0.16409042
1.1457353,3.8373985,0.8878578,7.8952656,0.22985005,-0.8805976,-0.19253904,0.086306095
0.9032405,4.0327053,0.8027382,7.9403024,0.2477951,-0.85625887,-0.32834446,-0.32213283
0.8362291,3.5236776,0.8776181,7.958233,0.21089935,-0.8247657,0.04502201,-0.29786912
0.8935733,5.0375614,0.9144989,7.9534616,0.19679213,-0.7899337,-0.1180163,-0.3692841
0.8669358,4.054146,0.9944787,8.013621,0.1876452,-0.8566594,-0.24296826,0.11212158
0.9237635,4.4363885,1.0329008,7.931833,0.19618893,-0.8598957,-0.037489653,-0.48497367
1.2421188,4.5196767,1.1040492,7.666092,0.16655087,-0.82888746,2.9801967,0.3943038
1.4252408,3.8921778,1.1611183,7.6476784,0.13183975,-0.8326819,1.4762516,0.27546537
1.2077581,5.3782406,1.1431,7.7805586,0.13525558,-0.7972059,0.33527684,-0.4039278
1.3439431,4.725147,1.1362586,7.7689943,0.15999126,-0.816628,1.5821421,0.569149
1.4004381,6.5481157,1.1112771,7.7576895,0.1861136,-0.83765554,0.88403857,0.3831247
1.3876367,7.946606,1.1570046,7.753446,0.1762042,-0.8553481,0.453426,-0.05650899
1.3643124,4.6767206,1.1391335,7.6726837,0.17685151,-0.81592035,1.706131,0.8863448
1.4022824,8.534238,1.1809921,7.7279744,0.22598052,-0.82144856,2.9607396,0.8067224
1.4070499,7.615649,1.2814846,7.4322653,0.22740221,-0.884356,2.762678,0.75333667
1.2518283,4.391824,1.3637366,7.403784,0.2276833,-0.87397695,0.25404203,-0.12721136
1.5087283,6.1134534,1.3024337,7.37555,0.21742582,-0.8652899,0.5604491,0.33635873
1.6289432,6.80002,1.2561965,7.437587,0.23262763,-0.88519025,1.743674,0.41585624
1.6514224,6.754532,1.2052274,7.4656076,0.21850896,-0.8716788,0.4811201,0.41842747
1.9080613,5.9500494,1.1657677,7.4660306,0.22516036,-0.85706425,2.8232634,0.42262357
2.5197868,5.9651895,1.219511,7.356114,0.22278428,-0.8725271,2.1713777,0.5624932
2.481953,8.055037,1.2855577,7.2862678,0.2672205,-0.9029794,0.93784225,0.58089495
2.5613043,9.6009445,1.3038092,7.29251,0.3239348,-0.9557736,1.8590415,0.7044333
2.2942872,9.334448,1.2918365,7.2396536,0.32232857,-0.9371095,2.6370556,0.6870283
2.0902426,8.409452,1.1309347,7.43958,0.31833243,-0.9710171,2.674858,0.7420224
1.9659939,8.79055,1.0799291,7.4410915,0.3305564,-0.9437001,2.011786,0.44782096
1.5563545,8.418234,1.0793934,7.511231,0.28078628,-0.9681163,1.0188394,0.43192655
1.961299,7.9059024,1.003547,7.456933,0.3008306,-0.97003675,2.1813068,0.5146564
1.824649,8.02042,1.0664077,7.4774866,0.30353713,-0.9439368,1.2202034,0.48619854
2.5436354,9.762337,0.8930192,7.4722676,0.32348847,-0.9605615,-0.21355468,0.14683628
2.841843,8.633629,0.8971926,7.402246,0.3389933,-0.9071593,-0.057716846,0.25987244
2.9160404,9.903378,0.99240184,7.4741297,0.30397844,-0.98188686,0.23878324,0.31282055
2.6880164,6.1313972,1.1119337,7.5216846,0.25120592,-0.97952557,0.4781537,0.36967176
2.6438384,7.4162393,0.9964738,7.6377454,0.27672124,-0.9621351,-0.28508884,-0.0053369403
2.746973,8.934839,0.71501637,7.7633047,0.29378676,-0.936841,-0.09956223,0.068492234
2.439186,9.56601,0.6715574,7.7861595,0.26463366,-0.82460475,0.5175799,0.7660061
2.0780876,8.203775,0.56160855,7.7947874,0.33722782,-0.8996692,1.564707,0.4457301
2.3328905,9.78941,0.57989573,7.8096647,0.40370727,-1.0032654,2.0501533,0.6785364
2.2594259,9.843376,0.56185853,7.66067,0.43443823,-1.0349729,1.5231204,0.80028427
2.3869162,9.630775,0.5937139,7.7594466,0.37769675,-0.91276455,2.4438355,0.874056
2.8066928,9.665598,0.6439792,7.7509956,0.3701465,-0.95481443,2.4058166,0.5411215
2.704664,9.4735,0.56529856,7.761289,0.37383413,-0.91649675,1.1616912,0.8532394
2.837976,8.302347,0.68084216,7.652615,0.37683392,-0.9366691,2.166159,0.8545282
2.9777784,8.440883,0.6044649,7.667926,0.37815142,-0.91973805,2.0370393,0.81163156
2.568455,9.829095,0.5978317,7.687475,0.3735447,-0.94769144,1.7234783,0.6063789
2.5016804,9.808498,0.6168903,7.770592,0.31932044,-0.94183064,1.9499145,0.5317409
2.335875,9.806105,0.61881566,7.7933493,0.32828546,-0.9499111,1.5676978,0.52143896
2.4799328,8.751488,0.5692121,7.8317533,0.30343223,-0.97034335,1.3699052,0.55451155
2.2563229,8.891087,0.57171535,7.8900423,0.30100942,-0.9303322,-0.010363519,0.58293223
1.8098787,9.980976,0.7843766,7.7931747,0.33648777,-0.9543052,-0.31848216,-0.480993
1.2975461,5.4314213,0.8419297,7.6684446,0.34823108,-0.9638419,0.0032322407,-0.49776453
1.7050121,6.7275286,0.8095952,7.6803007,0.3472438,-0.9798336,-0.21354508,-0.49770662
1.6105882,6.5511794,0.66716313,7.8448954,0.32413125,-0.92098236,-0.42065907,-0.43085304
1.5990466,8.815086,0.78761756,7.8678055,0.33709335,-0.9199095,-0.6336453,-0.41601485
1.6002033,8.934182,0.78440475,7.874239,0.33407402,-0.90210724,-0.36972654,-0.42250118
1.4748542,8.275349,0.8148055,7.798232,0.3211,-0.90114236,-0.29905027,-0.16317692
1.4345367,8.130054,0.8781332,7.843728,0.3170426,-0.9076462,-0.059539437,-0.33857796
1.6415501,9.540283,0.8557699,7.7623653,0.30472732,-0.8691926,-0.16856968,-0.060555905
1.9513617,9.766342,0.80129254,7.754016,0.31739116,-0.9845102,0.2985474,0.49073148
1.5808553,9.080746,0.83722186,7.6501417,0.30791306,-0.9529035,0.65787375,0.5023656
1.3945924,9.92944,1.1316273,7.6310964,0.2946329,-0.87632465,2.1074615,0.07515854
2.019205,9.922728,1.0893667,7.606964,0.24007392,-0.867188,2.0775793,0.049915552
1.8963113,9.487406,1.0921409,7.6558723,0.22867417,-0.8729365,0.07637024,0.38093853
1.7557659,9.192932,1.0511007,7.68543,0.22628427,-0.91431785,0.928993,0.21107525
1.8354058,9.026079,1.0267067,7.7229757,0.19265151,-0.8402214,0.36155033,0.10066712
1.8207794,7.3145533,1.0834682,7.6490803,0.21861076,-0.883852,0.20591664,0.13809645
1.6586092,6.290247,1.0303566,7.6869144,0.19878697,-0.8731997,0.17537665,0.16268265
1.5393176,8.406951,1.0438673,7.6574874,0.20837188,-0.81075287,0.33956337,0.038426697
1.4910995,8.226413,1.1186585,7.687497,0.24168682,-0.8369849,0.11011779,0.27879387
1.7131362,9.490582,1.0869985,7.64652,0.2249453,-0.86914206,1.0285382,0.46512246
1.6150317,9.133675,1.1949637,7.721118,0.21299481,-0.8537297,0.8145336,0.40516597
1.7423408,9.960354,1.1928537,7.6090035,0.21045208,-0.843272,1.9323378,0.35577756
1.8137667,9.355909,1.0984368,7.7107735,0.19356346,-0.8333998,1.9590328,0.65301466
1.81711,8.210224,1.0350776,7.6995683,0.19627237,-0.8239484,1.9341867,0.77125704
1.8011281,8.509222,0.90946424,7.7724648,0.19799232,-0.8143778,1.5162797,0.8555386
2.2509158,8.826515,0.7518712,7.7477264,0.21553373,-0.8805392,1.4902961,0.52420354
2.1716807,5.712572,0.7275028,7.7328243,0.24136591,-0.87866163,0.5894791,0.62621665
2.6734664,9.112954,0.66153944,7.764851,0.28823256,-0.91514444,2.337361,0.7083911
2.4298701,9.2773285,0.59570336,7.779212,0.28721666,-0.8892181,1.5684571,0.7383988
2.4453692,6.3692336,0.6757586,7.7322755,0.30744863,-0.8814273,2.4738448,0.9277172
1.9561254,8.531396,0.81415105,7.768813,0.22094083,-0.87115884,1.1497741,0.7039541
1.4731184,5.790428,0.97175026,7.71955,0.22174168,-0.86358976,0.7840345,0.060152233
1.3826549,6.770735,1.0293574,7.7841935,0.19543123,-0.82433295,1.5187085,0.701504
1.2882192,8.832359,1.1676908,7.7385,0.19556284,-0.8487265,1.320606,0.63705444
1.2705271,9.089458,1.2391844,7.7364044,0.15952563,-0.85154057,1.6790168,-0.34591162
1.3102522,8.315966,1.0839233,7.8573294,0.18524575,-0.8157425,1.7973273,0.2023387
1.3073759,7.17442,0.96546507,7.9101267,0.1621418,-0.8132951,0.06995082,-0.13361108
1.5084703,7.8475375,0.99413204,7.896444,0.15740585,-0.7947829,0.012403369,-0.15015042
1.1948259,6.0616097,1.0255244,7.8614206,0.15706253,-0.8023851,0.2359227,-0.25440985
1.0978255,6.8135924,1.0515218,7.9402246,0.15722871,-0.81012964,0.5043353,0.36001515
1.1547871,6.337925,1.1171463,7.8649263,0.12343788,-0.80651855,0.40151918,0.17086935
1.2473311,8.486113,1.2003536,7.872768,0.156389,-0.8334069,0.62702024,-0.21357608
1.2344091,9.3736725,1.1261744,7.876917,0.2069304,-0.82900476,0.6532868,-0.15654197
1.2421558,9.29319,1.1131568,8.018642,0.20342135,-0.83299637,0.83496964,0.38935328
1.1885643,9.38513,0.99388075,8.049831,0.19025445,-0.83131266,0.9849558,0.2824633
2.6165023,6.3533792,0.71234393,7.813246,0.22858047,-0.8764782,0.069842696,0.36445427
2.5929205,9.724019,0.74175143,7.8226514,0.22329473,-0.8885946,-0.22881728,0.06345904
2.5560017,9.700512,0.8094865,7.8159175,0.2092824,-0.8189676,-0.00024169683,-0.40760168
2.136609,9.031477,0.6572578,7.906606,0.23261166,-0.83532405,-0.34499693,0.04156071
2.646324,8.651846,0.7170162,7.7567663,0.2335968,-0.83130074,-0.28239745,-0.048080236
2.3826752,9.072971,0.63893807,7.787257,0.27095652,-0.8648932,-0.3533076,-0.08623892
1.8783033,5.2368417,0.6067773,7.7904387,0.28284216,-0.83807135,-0.2888385,0.1072948
2.0294805,9.483725,0.960233,7.695179,0.25125408,-0.975075,0.49524522,0.109365225
1.569321,9.172407,0.9635719,7.866061,0.24772263,-0.8518238,0.11297119,-0.18859151
1.5838199,9.638802,0.66194916,7.8550305,0.26933503,-0.88933706,0.3601191,-0.2498959
1.5176839,9.237367,1.0007854,7.700193,0.26563907,-0.8824563,0.26551485,-0.09765506
1.45695,9.192169,1.06691,7.738443,0.26631904,-0.88786197,0.21726775,-0.18924063
1.28702,9.564629,1.0932236,7.6746807,0.3217945,-0.8926778,0.16986787,-0.40136555
1.1588843,9.677623,1.1467345,7.722974,0.3081398,-0.9034169,0.70379984,0.54257894
1.1849047,9.7929535,1.256413,7.8797383,0.3163762,-1.0017625,2.1186895,0.7501401
1.143626,9.640078,1.3161504,7.7669935,0.2999618,-0.9452996,2.3619566,0.7623576
1.0468887,9.994563,1.3360105,7.6546164,0.2746327,-0.92359066,1.718497,-0.4316653
1.1065892,9.967641,1.3338208,7.6271067,0.28564644,-0.93001676,2.1019006,-0.38686004
1.0976224,9.5960865,1.2681828,7.7214184,0.2948687,-0.8386624,0.25149655,-0.10912919
1.0419083,9.372936,1.1124501,7.7297683,0.28055167,-0.9451659,2.9083729,-0.11436653
1.1213739,9.693457,1.3271489,7.900341,0.23848224,-0.9438784,2.4181972,0.48921752
1.0253503,8.925816,1.2861168,7.849167,0.23253727,-0.94046736,1.2854993,0.49290144
1.0033815,9.701784,1.3079247,7.807755,0.26617455,-0.891181,0.8157518,0.24875599
0.96482635,9.904129,1.2764218,7.772344,0.30631685,-0.94032717,1.1861889,0.4453895
1.0886943,8.969578,1.3565221,7.6033864,0.26301646,-0.9429343,2.9651983,-0.47941214
1.0105481,8.227125,1.2166908,7.5778713,0.30364585,-0.91462946,2.203214,-0.45889825
1.1273085,8.934269,1.2163498,7.626247,0.31923747,-0.89662766,1.5248115,-0.116414905
1.3849905,9.101842,1.1926227,7.6201696,0.32264924,-0.9549885,0.27010024,-0.36879227
1.5806497,9.9707155,1.1459563,7.588429,0.29770422,-0.968729,0.5571517,0.021117449
1.552954,9.899916,1.2199821,7.479611,0.30860496,-0.9306631,0.704841,0.48539793
1.527539,8.232312,1.2844932,7.2908173,0.34121633,-0.9293299,1.3157182,0.35980803
1.4510949,9.341841,1.4869676,7.229545,0.28560305,-0.9272902,0.23610604,0.13999307
1.5941591,8.344424,1.7276962,7.185531,0.2602048,-0.93408775,2.49721,0.2827564
1.755634,5.6799927,1.6971593,6.835045,0.2965386,-0.993793,2.4247842,0.3745196
2.4469554,8.9598675,1.7294335,6.8679132,0.28453255,-0.9200678,2.2611756,-0.08857444
1.8294451,8.527285,1.7472279,6.837282,0.29010177,-0.92983985,0.30517995,-0.10488123
1.596874,8.252258,1.6757734,6.9258394,0.3015492,-0.92097116,2.8584628,0.7943777
2.5948937,9.68422,1.6019635,6.9471555,0.3141544,-0.914906,0.567011,0.77623427
1.2450219,7.5887103,1.6778636,6.951713,0.28621697,-0.9549453,2.8910885,-0.040111244
1.361753,6.809862,1.7503066,6.9633675,0.28213668,-0.99132776,2.0527375,0.009865403
1.5626383,6.6587067,1.732379,6.9147916,0.28792858,-0.9718976,2.1349742,0.4271735
1.6892673,8.694924,1.6383381,6.9918184,0.29379654,-0.9352,2.8083608,0.1680482
1.8433956,9.466447,1.5229423,7.0182,0.3201723,-0.98857546,1.8818989,0.2007811
1.8730394,8.346039,1.5763972,7.025542,0.3055923,-0.978534,1.125176,0.4935211
2.0109468,9.447698,1.5545216,6.9570723,0.28938246,-0.9388344,1.1933897,0.3969699
1.7910855,6.0292406,1.4251094,6.962448,0.26590896,-0.8703456,2.8583226,0.13292146
1.8729062,5.011281,1.5201569,6.941225,0.29932594,-0.97762823,2.1865325,0.029149175
1.9281696,9.47953,1.4603255,7.055094,0.30346537,-0.93899965,0.08300567,0.024328709
1.7997375,4.6925287,1.4481654,7.0705514,0.36060333,-1.0535899,0.3862871,-0.13560843
2.5131752,5.8386283,1.3641729,6.9211836,0.3921883,-0.9899123,0.26469648,0.52474713
1.4842516,2.848787,1.5123076,6.9209223,0.41010523,-1.033737,2.9221523,0.8453529
1.1721128,2.6645296,1.5368199,6.8486805,0.38801432,-1.0541714,2.3908482,-0.3560915
0.93209434,4.6814985,1.5523891,6.7439194,0.44694495,-1.0615225,2.3657815,0.63879323
1.3215196,6.2190194,1.5652404,6.948209,0.43569255,-1.0841606,1.9909432,-0.42259023
1.3507133,9.783756,1.6161056,6.9930053,0.4012637,-1.0361474,2.6890483,0.497859
1.4004653,7.2322273,1.5298853,6.951888,0.3266573,-1.0249634,1.3666916,0.3776762
1.2435462,8.284267,1.71591,6.922349,0.29997683,-0.9500935,0.8428836,0.3552711
2.1117642,6.6240215,1.6355109,7.1705384,0.23967695,-0.9097636,0.37877214,0.23556817
1.4921618,6.2539907,1.6013591,7.2246246,0.23011446,-0.89215875,2.1712432,0.48419404
1.4115503,5.6414423,1.6641345,7.0863647,0.2715776,-0.9487486,2.6569793,0.62302554
1.6645089,4.2409983,1.6810856,7.051319,0.24184537,-0.95820904,1.8122942,0.4842273
1.724684,7.757751,1.7114577,7.0567436,0.2406807,-0.9275918,0.95036757,0.36233556
1.533606,8.770477,1.7207685,7.05948,0.24310732,-0.8676505,0.7503258,0.30894065
1.6383665,8.899077,1.6973369,6.9898148,0.23530912,-0.8609209,1.6941478,0.32791805
1.5031826,8.187872,1.7176478,7.0285726,0.23247719,-0.8518517,2.614196,0.47610825
1.345536,9.331875,1.7428002,7.233523,0.2244227,-0.8369663,2.8247182,0.92947125
1.5232328,3.8949099,1.523601,7.344518,0.2119503,-0.8866122,1.9208164,0.92254376
0.9992518,3.6308284,1.4085698,7.1607585,0.26070952,-0.85718155,2.5958445,-0.3201603
0.95324993,3.8514676,1.3774638,7.173249,0.27768254,-0.83884764,2.897239,-0.4738611
0.96770537,4.0708923,1.5100193,7.3257685,0.2605412,-0.86097574,2.8006232,0.53473175
0.9997092,4.644783,1.6021578,7.22879,0.18029308,-0.8319864,0.8361373,0.19634384
1.7054383,8.693252,1.5460224,7.1825194,0.20148325,-0.8506112,0.766405,0.29811084
1.7308921,8.705971,1.5572639,7.1979685,0.20726275,-0.85746455,1.2356958,0.24024582
1.7056894,8.874589,1.5443325,7.197885,0.22877383,-0.79761696,1.2856829,-0.07306039
1.6723207,6.3797317,1.5510638,7.211993,0.23883224,-0.936167,1.8980901,0.48050046
1.7347718,9.109437,1.6043844,7.193389,0.25935626,-0.9351311,1.8237188,0.31688392
1.4046054,7.5273066,1.5619977,7.1841593,0.25018215,-0.8938072,1.0507615,0.65747046
1.5727069,8.62951,1.5251615,7.2201986,0.27322507,-0.8561623,0.8892312,-0.23877597
1.3966125,8.830536,1.5108786,7.1286607,0.27771783,-0.9044132,0.47288573,0.32012063
1.8827449,8.406872,1.3556657,7.130135,0.29370546,-0.9071095,2.9313838,0.4166984
1.9174987,7.649952,1.3027678,7.170663,0.3261032,-0.93914175,1.674223,0.47854137
2.3232508,9.451897,1.262217,7.114034,0.3763194,-0.9625695,2.6043491,0.857376
2.0156977,9.197866,1.2990289,7.30935,0.38337612,-1.0382695,2.5657747,0.6212926
1.5390586,8.855637,1.168083,7.2395535,0.4150505,-1.0666776,2.2585957,0.50465775
1.3604486,9.001619,1.1736097,7.3213606,0.42568135,-1.0192909,1.3150132,0.44915903
1.3713143,7.7431917,1.1591079,7.2591915,0.39140797,-0.9996402,1.363168,0.45688176
1.6423696,8.103853,1.2113032,7.3110723,0.40225053,-1.0482438,1.4374413,0.57220054
1.2933356,6.0515885,1.1920404,7.4520674,0.3540461,-0.98692274,2.593397,0.1208601
1.2995878,9.383263,1.2010555,7.497965,0.35656166,-0.9859345,-0.0050922036,0.25051463
1.3379183,9.434093,1.1894851,7.5524225,0.3337574,-0.9726944,2.0051482,0.060082495
1.4338248,9.494883,1.1315746,7.5359674,0.3395226,-0.94583964,1.8348205,-0.3832879
1.3093013,9.90609,0.9318657,7.8691754,0.41793966,-1.0075121,2.8132458,0.7698823
1.1943042,9.904709,0.87020457,7.9791107,0.4194231,-1.068665,2.8919551,0.85394466
1.1092052,8.486488,0.7338884,8.055777,0.41902924,-1.106437,2.8840325,0.41913772
0.7872783,7.198058,0.7666426,8.055788,0.40629554,-1.027222,2.7107716,-0.28068852
0.87174946,8.093058,0.67582726,8.072212,0.38820004,-0.94909,2.8978927,-0.18360853
0.93729204,8.025761,0.66765213,8.086954,0.36952853,-0.92552567,2.9475722,-0.42795163
0.96702564,9.935934,0.7067723,8.196719,0.39629984,-1.0644665,2.6562204,0.5050709
0.9991411,8.6002035,0.65831447,8.134376,0.4089675,-1.0096841,2.869712,0.7727175
0.99725163,8.810008,0.6537435,8.068641,0.38728714,-0.989059,2.3957977,0.43460262
1.1584835,8.581013,0.53932834,8.17515,0.32860446,-0.92007446,1.4201627,0.53565276
0.9293088,7.6062593,0.61198235,8.15786,0.36222696,-0.9027114,-0.14342076,-0.42666107
1.0207996,8.890114,0.6705409,8.242147,0.3856523,-0.9277351,-0.27181172,-0.28045326
1.2533611,7.636231,0.66464806,8.08393,0.38205028,-0.9557278,-0.21928948,-0.41529232
1.248404,8.83131,0.6782365,8.049158,0.387959,-0.95259523,-0.50691134,-0.4331133
1.3778952,8.042778,0.68457484,8.025647,0.38583684,-0.96064496,-0.5978681,-0.43790984
1.1331317,7.10889,0.70027304,7.827246,0.39170218,-0.9360955,-0.17678088,-0.41989803
1.5317416,7.510755,0.71750355,7.8079357,0.4018476,-1.0711443,-0.16408014,-0.40101808
1.4177948,8.218031,0.5779861,7.808722,0.4318285,-0.9935298,0.10495174,-0.22418475
1.0076662,8.495119,0.85311174,7.9081683,0.44365215,-1.0728824,0.22756588,-0.33725336
1.0147079,7.9075007,0.8339772,7.9699726,0.43978286,-1.0403054,0.1437527,0.7447939
0.96267635,8.357805,0.86651397,7.884871,0.42757225,-1.109483,1.1833167,0.6466975
1.1077032,8.430743,0.93576694,7.747562,0.45403647,-1.0940232,2.1383421,0.6463094
1.0937365,8.848795,0.76451206,7.8115296,0.47509456,-1.0434698,2.8165236,0.6931858
1.1656017,9.29961,0.6407888,7.937298,0.49287772,-1.2075975,0.61291623,0.6087291
1.1234186,9.641319,0.5871661,7.9834538,0.4423797,-1.0758888,0.936268,0.3916412
1.1620742,9.465129,0.72561026,8.017807,0.42729306,-1.054356,2.4511364,0.6162753
1.2173603,9.95029,0.6675222,8.035381,0.38993788,-1.0362257,1.4972925,0.5591631
1.2790344,9.869445,0.6898155,7.976519,0.39091682,-1.0118927,1.9860623,0.28347242
1.375907,9.875616,0.7122021,7.882655,0.40446663,-1.0252508,1.9193299,0.6801791
1.5713937,9.018347,0.61566865,7.908934,0.3999958,-1.0179789,1.2326086,0.68658996
1.1712478,9.213772,0.7008159,7.9718647,0.40658832,-1.0067815,2.3951728,0.5555942
1.3880516,9.754257,0.73306394,7.8704414,0.40974092,-0.9799032,2.1606593,0.8612919
1.1655227,9.573304,0.84529734,7.881976,0.39617348,-0.98589325,2.18815,0.812438
1.1223587,7.566691,0.828611,7.885306,0.3875122,-0.96910334,2.4471922,0.82582283
1.0909057,7.944141,0.74221754,7.9102917,0.37100744,-0.9706361,1.8579128,0.6056495
1.0522217,7.5589523,0.66358113,8.144716,0.31589746,-1.031997,2.5317447,0.80086887
0.8420361,4.2051253,0.7128341,8.1025715,0.31444812,-0.9556663,1.3214254,0.8382875
0.58261716,3.8616138,0.66169596,8.060392,0.35115075,-0.9979682,2.8239985,0.20014536
0.6243916,2.9918451,0.6882348,8.062305,0.34326863,-0.987515,2.8991327,0.7796664
0.58943725,3.0025473,0.7287178,7.994201,0.3359177,-0.9595797,0.5162531,0.71894646
0.5653081,2.1156728,0.79419506,7.955312,0.37809277,-1.0044537,1.4996514,0.5941156
0.79682446,3.6760702,0.5618435,8.139938,0.3821168,-0.96903896,1.5294719,0.5874957
0.74772114,4.098303,0.5570607,8.2166815,0.34632134,-1.0059668,1.63712,0.71440935
1.2869184,4.5638723,0.31622756,8.227154,0.38174987,-1.0050187,2.016205,0.9097645
1.542345,9.881793,0.22981119,8.332834,0.395926,-0.98982453,2.5789578,0.816798
1.4941201,6.2847347,0.32044816,8.321079,0.35707688,-1.0403304,1.7250564,0.759912
1.5459245,5.9517984,0.19411826,8.111969,0.4162116,-1.0222752,2.7995098,0.46446538
2.5187702,4.6257663,0.32556498,8.058043,0.42097664,-1.010141,1.9778812,0.7393012
2.6460376,9.878881,0.5453162,7.8608565,0.3747821,-0.9411936,1.560034,0.8124429
1.8460019,9.120881,0.54379773,7.953876,0.3392012,-0.92835426,2.480874,0.94419837
2.372657,9.067546,0.5448326,7.972006,0.3114531,-0.88909507,2.7463937,0.96206594
2.0452626,8.227957,0.3984362,7.953867,0.29567862,-0.90998673,2.2083251,0.88518333
1.6817793,8.449584,0.56347704,8.049877,0.30563188,-0.9109647,2.5598845,0.70915985
1.7626,9.934597,0.6294987,8.069447,0.2811618,-0.9596927,0.8935478,0.45115477
1.8442553,7.584477,0.6377171,8.002128,0.28541183,-0.95504475,0.6396233,0.5220499
1.7588943,8.776579,0.6988858,7.982414,0.2508173,-0.92012453,1.5636077,0.59709466
1.7890838,9.121538,0.6923928,7.81675,0.31276202,-0.95852685,1.5978651,0.63053703
1.7390903,8.607482,0.68034136,7.712913,0.32239962,-0.9314165,1.9843087,0.45884168
1.7966869,7.7995167,0.70276034,7.728002,0.32476044,-0.924716,1.7113073,0.5665797
1.553209,7.5083275,0.6229873,7.857135,0.31333447,-0.9051256,1.5614758,0.6059269
2.0420818,9.72196,0.70454705,7.862439,0.32199788,-0.96427345,2.0655613,0.7922149
1.79475,9.759758,0.7152133,7.7091327,0.3532927,-0.98072624,2.1123354,0.31010544
1.5903993,9.048885,0.7327738,7.742695,0.35382771,-1.0106452,0.26521492,0.19295251
1.0711701,5.4175963,0.9877038,7.7300396,0.38886666,-1.0152615,0.47421062,0.27282536
0.8238577,5.2539487,1.0872931,7.5580597,0.3818035,-1.0061413,0.9903735,0.36845374
0.8021188,5.381249,1.1634569,7.513751,0.4126947,-1.0365832,1.0278575,0.37930417
0.89349544,6.156251,1.2565622,7.561017,0.34353614,-0.9918313,1.85218,0.13141817
0.88389766,3.7853901,1.314548,7.4048324,0.33820558,-0.98367214,0.92605674,0.3011778
0.737142,3.7750332,1.3566709,7.428827,0.35422754,-0.9874673,0.6691711,0.3243314
0.7310456,3.8241277,1.1713324,7.3464556,0.413167,-1.0782404,1.7878306,0.31731558
0.72222924,4.9161186,1.2332611,7.4732,0.40563226,-1.0679716,2.735748,0.15920174
0.7093303,2.7027166,1.108489,7.4296455,0.4208114,-1.0539633,1.721802,0.335032
0.746503,4.4811945,1.1931491,7.4036064,0.434551,-1.0733755,1.5131116,0.33892584
0.80942,3.9782588,1.1125739,7.3985505,0.42771912,-1.0327547,2.3289084,0.41391814
0.8115304,4.8863773,1.0912173,7.4033136,0.41348577,-1.0380845,2.49319,0.20245588
0.70093536,5.1591244,1.1197875,7.514765,0.4135883,-1.0198277,2.073371,0.24132264
0.8436881,5.137864,1.1417966,7.5841722,0.4022839,-1.005094,1.926681,0.30858612
0.8211651,5.4349732,1.2435908,7.5386577,0.3391416,-1.0198598,0.79964614,0.44150782
0.75679505,5.4142027,1.3125589,7.4881268,0.36661673,-1.0232062,2.5728977,0.49774152
0.9104497,5.9314437,1.2402797,7.5695653,0.36259818,-1.0959566,2.233282,0.48747545
1.1786672,5.5135903,1.3294759,7.350622,0.41339302,-1.0658336,2.26995,0.33201134
0.7538794,5.650403,1.3262353,7.3493166,0.42850184,-1.0718927,2.6385038,0.54034936
0.71604896,6.08637,1.3753905,7.333383,0.4442246,-1.0789454,1.3958745,0.13940668
0.8264588,6.6502485,1.3776648,7.416642,0.41473436,-1.083605,2.8037975,0.43925077
0.89390165,5.4439926,1.2752872,7.348105,0.39915252,-0.99272084,2.9164116,0.20245725
1.0985478,6.1070223,1.1984878,7.2946424,0.44957662,-1.0772734,2.9445434,-0.36394417
0.95222545,5.3741093,1.133832,7.2844005,0.46383405,-1.087512,2.708239,0.7508004
0.9703396,4.909336,1.2799544,7.249526,0.42375135,-1.0826478,0.7753669,0.6546706
1.7200532,4.672262,1.4908087,6.9121246,0.3720491,-1.038639,2.5742955,0.104637384
0.9156436,2.090427,1.5445688,6.8061438,0.41885614,-1.0277884,2.7251647,-0.2533534
1.0031607,3.8421803,1.6303549,6.841627,0.37291193,-0.9762647,1.8995047,-0.09409639
0.8939692,2.1790762,1.6185107,6.835631,0.3577416,-1.0099657,2.9680977,0.697651
1.5216131,4.4377594,1.5794945,6.787022,0.3210876,-0.9103327,2.8573482,0.14249933
1.3994641,3.0486922,1.585777,6.802395,0.35665274,-0.9675212,1.6965952,0.15657789
0.99120915,3.2911196,1.5018728,6.80155,0.38459086,-1.084946,2.2842,0.19203496
0.9671421,4.25531,1.5545721,6.8990283,0.44177222,-1.0447598,2.710214,0.52569485
1.365056,5.238424,1.431874,6.9248333,0.38113046,-1.063763,0.4767171,0.27675003
1.2037406,6.842938,1.4285231,7.0641165,0.39905334,-1.0533267,0.31450188,0.43741155
1.2102172,6.332905,1.4006345,7.146044,0.40764666,-1.0601571,0.5463561,-0.14710885
1.0993724,4.0954604,1.3602457,7.099454,0.4076631,-1.0736878,2.630876,0.5061965
0.95174897,2.9581633,1.3724842,6.9090285,0.45159602,-1.079382,2.8398223,0.039492607
1.0134375,3.6612678,1.4467494,6.8668327,0.4454522,-1.0588553,2.8791225,0.6440939
1.0510384,2.7004526,1.6125493,6.719866,0.41945648,-1.0546594,0.9134754,0.15552765
1.0554335,3.7014225,1.6562891,6.618911,0.4458995,-1.0393449,1.7419655,0.1671536
1.3480545,4.3449583,1.659239,6.547387,0.4471526,-1.0884922,1.4912148,0.49064875
1.5804161,4.797946,1.6905365,6.572011,0.45366287,-1.1210693,2.8550718,0.72404337
1.665703,5.6628227,1.7119296,6.563138,0.44269443,-1.0657629,2.8559883,-0.0169954
0.79742813,3.376141,1.8170984,6.407379,0.43364716,-1.050698,1.6656668,-0.14493895
2.9445424,3.8632257,1.8874459,6.3893986,0.44528413,-1.0726309,0.36481106,-0.41770512
0.724946,7.750791,-0.0075337887,9.828158,0.049749374,-0.71331215,2.8442297,0.43547118
0.7238688,7.178438,0.04437256,9.796667,0.06421542,-0.71327543,0.97951376,0.40944636
0.7078685,7.605918,0.00766325,9.77025,0.08140898,-0.72828627,1.6876369,0.11312741
0.70896226,8.193434,0.049907446,9.748944,0.059699297,-0.6515832,2.798199,0.4081239
0.71075135,6.618244,-0.19052434,9.729344,0.040612698,-0.706233,1.9851239,0.63168097
0.72825694,7.2625933,-0.3838395,9.878959,0.09901309,-0.72032356,2.873274,0.50406575
0.7623634,6.616275,-0.39623314,9.778156,0.09232402,-0.7149968,-0.41626292,0.19461119
0.7387807,6.7446117,-0.43914127,9.79776,0.09439778,-0.7532208,2.961104,0.18948567
0.7426865,6.5587144,-0.3386466,9.816164,0.016442299,-0.66928554,2.6453207,0.27113438
0.7533276,6.7810726,-0.37455332,9.836349,0.035927773,-0.63762236,2.2985861,0.09137195
0.7176168,6.792287,-0.4091233,9.872631,0.053276777,-0.6345272,2.8383555,0.3633256
0.6680685,6.3800087,-0.2741236,9.826642,0.10287666,-0.7341511,0.36647093,0.23443913
0.6786883,6.231741,-0.2659338,9.804054,0.09020996,-0.7431488,2.9862003,-0.17117181
0.67384315,6.101319,-0.28973204,9.7724285,0.07270622,-0.6523311,2.7024984,-0.09328061
0.6791744,5.9813967,-0.32207417,9.790947,0.10067606,-0.6608851,2.7067025,0.49281168
0.6790296,6.1476655,-0.24120474,9.990288,0.0023005009,-0.67687845,2.6668742,0.38449258
0.6745112,6.3705525,-0.3084296,9.991755,0.033035755,-0.6797066,2.9503686,0.2829116
0.681178,6.397495,-0.28583378,9.988212,0.019182682,-0.6773362,2.236886,0.2462902
0.6410523,5.393616,-0.27133137,9.973885,-0.016829252,-0.6253953,2.187621,0.40641296
0.6359896,5.780072,-0.21079665,9.987186,-0.025117397,-0.5832093,2.8937273,0.34212875
0.6450497,5.7794304,-0.24512792,9.956715,0.014077425,-0.59379315,2.7418833,0.22618413
0.62324363,5.800482,-0.20870912,9.96376,-0.015298247,-0.6474614,2.8904555,0.3051325
0.63304764,5.52259,-0.21467185,9.971785,-0.05884528,-0.58086944,2.175977,0.37584442
0.7020148,5.5113926,-0.2757743,9.97803,-0.15979576,-0.5351863,2.142805,0.09835279
0.68066347,5.5465336,-0.28730536,9.928813,-0.111989975,-0.5194113,2.5924382,0.24916613
0.6624722,5.260688,-0.0732705,9.855631,-0.08003688,-0.57222366,2.5405786,0.29342794
0.62542945,5.2541504,-0.08790219,9.786226,-0.04148543,-0.5980501,2.9058752,0.2774431
0.635746,5.12938,-0.074112,9.761429,-0.020798326,-0.58302975,2.005334,0.3578568
0.5877644,5.1632395,0.07767165,9.727697,-0.060762525,-0.57267356,2.7101326,0.26121038
0.5904822,5.4793253,0.15450728,9.749625,-0.053609133,-0.58414626,2.8293593,0.04046178
0.5797771,5.497149,0.19314969,9.706561,-0.018548846,-0.57752085,2.8023424,0.27373827
0.5424969,5.926229,0.23221564,9.809793,0.03701186,-0.6370988,0.94185054,0.07605195
0.5164459,5.882553,0.21687698,9.746325,0.05146885,-0.6537092,2.822157,0.19487655
0.5562445,5.9509716,0.38468254,9.753695,0.0053076744,-0.6124594,2.2630486,-0.06178558
0.56043607,6.193361,0.27704716,9.770504,0.018255472,-0.65491366,2.7422545,-0.093800455
0.58822846,6.252668,0.14793432,9.7323265,0.045841217,-0.721488,2.5623202,-0.2093462
0.6103103,6.1641564,0.20806742,9.759708,0.035814762,-0.5899348,0.83664405,0.3952521
0.61536485,5.9590034,0.062139988,9.837578,-0.027694225,-0.5961826,1.0786288,-0.12454736
0.5805157,6.807264,0.35696995,9.83869,-0.02568984,-0.61018157,2.7393036,0.0056581497
0.5423997,6.557514,0.40459585,9.779291,-0.012502193,-0.6381514,2.9240654,0.10496259
0.59339035,6.4600434,0.4132762,9.83982,-0.021275163,-0.62897444,2.8108952,-0.113033
0.6211796,7.062391,0.38757992,9.794037,-0.0042928457,-0.631454,2.6288388,0.28443938
0.569925,7.2161613,0.45867658,9.83135,-0.013485432,-0.6343155,2.593493,0.03364885
0.65212625,8.371564,0.50241756,9.73439,0.023547888,-0.62756634,2.5478897,0.08692008
0.6693565,8.126022,0.4981929,9.702886,0.0026021004,-0.656204,2.1195083,0.5401411
0.6717018,7.7620635,0.48743665,9.642649,0.0010106564,-0.6476979,1.2436616,-0.24587202
0.6705574,7.661125,0.39059067,9.654449,0.01811862,-0.6375177,2.9208126,0.5431466
0.6342485,6.8958,0.48051536,9.594611,0.035079956,-0.61009645,2.3794692,0.51447916
0.6460226,6.8464713,0.5238534,9.518932,0.012883902,-0.6493256,2.1131694,-0.028620422
0.64927304,7.066898,0.42070973,9.461555,0.055570126,-0.6335857,2.5706894,-0.06357443
0.6711359,6.935617,0.42337847,9.483198,0.06566405,-0.6942055,2.8800712,0.5829617
0.6577845,6.8364534,0.40755033,9.465518,0.06150198,-0.6955137,2.8804278,0.1103937
0.650542,6.549686,0.31614792,9.436147,0.07559013,-0.69344354,2.973318,0.19506925
0.64687955,6.835945,0.2823372,9.535845,0.06608248,-0.7772567,2.976661,-0.06523198
0.6378878,7.102891,0.5136883,9.506676,0.12500572,-0.7690625,0.9207393,-0.11851272
0.5964951,7.3159847,0.46692395,9.469574,0.1704166,-0.8184178,2.1886988,-0.07086176
0.5553049,7.231928,0.43589926,9.626118,0.16484904,-0.8080282,2.6046205,0.20797604
0.5312465,7.5287933,0.48526704,9.583506,0.19901443,-0.823457,0.62372625,0.29348242
0.55005664,7.814652,0.4745593,9.478404,0.21148825,-0.83817554,1.1843634,-0.025060296
0.5871347,8.743241,0.5316858,9.60924,0.17468429,-0.8421099,2.278991,0.29004735
0.57240665,7.7310615,0.29150832,9.767935,0.16717243,-0.8552425,0.3955586,0.19472957
0.5890475,7.956194,0.07454705,9.749161,0.18326831,-0.8505552,2.5783565,-0.0888325
0.57433015,6.9308057,0.048717618,9.72807,0.18819666,-0.79546857,2.6473248,0.025204062
0.60055876,7.3633285,0.09083748,9.823048,0.14582944,-0.7814491,2.491725,0.6034498
0.5835182,7.071192,0.20856428,9.805922,0.16096592,-0.7958119,2.338141,0.36469036
0.5921955,7.4562507,0.23881912,9.788124,0.15886855,-0.7146561,2.704213,0.4233055
0.58513683,7.6678724,0.35129213,9.758871,0.14075089,-0.763299,0.60554206,0.038116455
0.58945,7.1747932,0.24104643,9.777386,0.13799334,-0.70793843,2.987025,0.2987845
0.6293847,7.394695,0.15511131,9.80438,0.09942365,-0.7044935,1.4700699,0.22040856
0.63767546,7.230745,0.17964518,9.803066,0.06469107,-0.64008594,2.3066525,0.17686146
0.6211803,6.8769374,0.41322327,9.806125,0.0024168491,-0.6646154,2.2607026,0.35194564
0.5359524,6.8876104,0.5204997,9.919929,0.0026710033,-0.67929244,0.7600874,0.17313749
0.53489834,7.3297544,0.4759159,9.977945,-0.052862287,-0.6188507,2.0759387,-0.0814555
0.5306292,7.1691947,0.5512935,9.948778,-0.06252205,-0.63097954,2.301219,0.080385804
0.53647745,6.509453,0.5285034,9.915746,-0.062066674,-0.61868167,2.304088,0.050023317
0.56824696,6.8504467,0.5056832,9.890654,-0.07609069,-0.5486345,2.1285737,0.1663183
0.5919762,7.185872,0.50937915,9.927135,-0.108550906,-0.5225613,2.1972077,-0.336033
0.56000084,7.5510645,0.6143998,9.962908,-0.102512956,-0.55462265,2.531528,0.040718436
0.52287215,6.4444385,0.60817313,9.941765,-0.11534226,-0.5614848,2.2543194,0.06928235
0.5398373,6.2935863,0.62722063,9.943227,-0.1652695,-0.48995066,2.6260576,-0.47825265
0.56866175,6.5978503,0.6443758,9.862497,-0.13372028,-0.4914472,0.8870417,0.48841727
0.5696574,6.126922,0.65844524,9.782686,-0.11070192,-0.46580434,2.2633803,0.35699368
0.6198488,6.133511,0.58661866,9.712861,-0.11371064,-0.5340781,1.6868427,0.25083184
0.58116484,6.4497237,0.6782117,9.836628,-0.13651586,-0.50518274,2.832384,0.21984792
0.554091,6.42866,0.5835273,9.934494,-0.15542293,-0.5121012,2.893688,-0.018224597
0.5880171,6.3207164,0.4109354,9.970959,-0.14278364,-0.5237539,2.0786836,-0.2663351
0.5854279,6.347555,0.3668915,9.9887,-0.11702716,-0.5219705,1.4326651,-0.21615171
0.6408117,6.7546053,0.3764348,9.989346,-0.12819195,-0.5064781,2.7848346,0.4760561
0.62911546,7.1278257,0.3874855,9.993476,-0.1353668,-0.4939897,2.785874,-0.15236595
0.6616764,7.24499,0.4199345,9.996145,-0.1613369,-0.49238515,2.0954895,0.2299974
0.7187741,6.9165854,0.24803245,9.9883795,-0.18075335,-0.48710632,2.1676464,0.20812023
0.75058067,6.8489623,0.11730206,9.994139,-0.20999157,-0.46467757,1.0262036,0.16834903
0.70404243,6.728593,0.26561427,9.8281,-0.17132509,-0.4591956,2.1137366,-0.10248655
0.6642265,6.2079577,0.36151445,9.833328,-0.22425497,-0.5022929,2.7900665,0.12583506
0.6662359,6.3449297,0.38149333,9.8985615,-0.19301462,-0.37928867,1.88499,-0.2689601
0.673293,6.077056,0.34308445,9.92244,-0.31213617,-0.34019947,1.0446641,-0.28460035
0.6890868,5.900257,0.31094193,9.991289,-0.33085585,-0.3455863,2.8619125,-0.15332538
0.70137465,5.877037,0.30370498,9.993505,-0.371585,-0.30931568,1.3468201,-0.32144725
0.70554847,6.084147,0.39537573,9.991033,-0.3615619,-0.31205845,2.3734355,0.068139195
0.6651348,5.625939,0.3835889,9.977461,-0.34250414,-0.33152533,2.6150613,0.09665769
0.64728975,5.248742,0.32294393,9.809931,-0.31115842,-0.3291788,2.9948938,-0.21551818
0.6464385,5.270079,0.29288948,9.824318,-0.29244924,-0.33143234,1.8367319,-0.07234663
0.6482094,5.2205706,0.36540914,9.784235,-0.2780862,-0.33174753,1.1637585,-0.085134596
0.65695643,4.851162,0.047409177,9.729004,-0.2566234,-0.3311081,2.8077178,-0.013491154
0.72334385,4.8328977,0.06779146,9.6680355,-0.25650632,-0.34828877,1.7573464,0.025247872
0.72573376,4.898505,0.03945768,9.65688,-0.26444364,-0.38496757,2.8872902,0.16022682
0.6749675,4.9559307,0.16439712,9.807428,-0.2457782,-0.45632076,1.968179,-0.10076779
0.6689426,5.1460314,0.21390891,9.755451,-0.26362002,-0.4503126,2.2935889,0.20497835
0.66194904,5.149729,0.2554407,9.739538,-0.30117834,-0.313632,2.8313406,0.022100031
0.7506181,5.887491,0.26189566,9.859499,-0.31657255,-0.31181288,2.1970918,-0.18858436
0.7278024,5.9575524,0.4291166,9.871965,-0.29892576,-0.41489983,1.40416,-0.33064827
0.64312696,5.7982836,0.43883145,9.880656,-0.27606988,-0.34153652,2.745806,0.2492181
0.68512994,5.9014287,0.49136388,9.877569,-0.30841744,-0.37041998,2.9292414,-0.063541204
0.6860604,6.021986,0.3265102,9.869003,-0.3019445,-0.32546377,1.0302956,-0.4509121
0.71259004,5.5034246,0.24073434,9.956516,-0.3331201,-0.30873847,1.2360051,-0.4983523
0.77173305,5.3260403,0.24492443,9.962707,-0.3979466,-0.22460651,2.873859,0.6811335
0.74442315,5.1983767,0.37959695,9.918378,-0.47619343,-0.14396167,2.3603423,-0.48307398
0.7278017,4.7072754,0.43056917,9.836597,-0.5069785,-0.17120147,2.9853349,-0.47825587
0.7410985,4.7716455,0.30582857,9.938421,-0.41694057,-0.25769258,2.8949847,-0.28502414
0.74874055,5.7182293,0.28099084,9.893912,-0.4039209,-0.20994544,2.9362633,-0.13041708
0.8168347,5.471775,0.29726243,9.92613,-0.45827913,-0.18679833,2.9300854,-0.41712642
0.84829533,5.594965,0.16740489,9.959276,-0.443838,-0.21042633,2.928961,-0.17237806
0.8889723,5.494047,0.2577939,9.858649,-0.42841768,-0.23002863,0.3393339,0.2389853
0.90361863,6.068795,0.24356103,9.8123455,-0.44135892,-0.22378278,2.8673143,-0.43745115
0.85837585,5.934796,0.061780572,9.839943,-0.42026734,-0.2283864,0.7121581,-0.22718722
0.880739,5.697563,0.08691907,9.855415,-0.42030537,-0.27550173,1.5360527,-0.23833776
0.85865545,6.1280026,0.20940137,9.864937,-0.4101529,-0.24455404,1.7887354,-0.3339671
0.8540721,6.385405,0.14194942,9.926859,-0.39706588,-0.22913122,2.4420094,-0.287399
0.9448134,5.905821,0.15476227,9.92799,-0.45189357,-0.23633385,2.5078897,0.20407307
0.9562986,5.390906,-0.18029773,9.87528,-0.44523573,-0.24596405,2.5137422,-0.024836302
0.998526,6.302139,-0.44256783,9.995377,-0.4385029,-0.25631142,1.200877,0.060981393
1.0036341,6.6851606,-0.13920999,9.87818,-0.40075278,-0.22273707,1.9103236,0.3019771
1.0649866,7.631311,-0.14511502,9.910061,-0.3920002,-0.2643566,2.0107954,-0.19404554
1.0760832,7.7004595,-0.17138946,9.971638,-0.3588928,-0.29440308,1.1851614,-0.15622759
1.0948286,8.090536,-0.21134377,9.9129305,-0.34483826,-0.29346156,1.0721512,0.21495283
1.1581682,8.844879,-0.16397178,9.972118,-0.3268224,-0.35943365,2.5258567,0.25302535
1.152068,9.004339,-0.4764706,9.93562,-0.28469205,-0.31002283,2.1015637,0.14108229
1.248627,9.819276,-0.3769045,9.853237,-0.31407976,-0.3054123,2.4467025,-0.10042292
1.3256745,9.61009,-0.1198827,9.628973,-0.35092282,-0.28923273,2.6143203,-0.40408602
1.4403243,9.703003,0.118918896,9.657116,-0.35471976,-0.2996025,2.7446663,-0.20281726
1.3794448,9.877459,0.00982213,9.596326,-0.34930062,-0.2916336,1.1767328,-0.29811364
1.298488,9.771482,-0.23862314,9.837522,-0.31262803,-0.33714366,2.7993867,-0.07766116
1.2107241,9.643984,0.07742429,9.89838,-0.3176887,-0.33853817,1.9083271,-0.30811694
1.2338073,9.862154,0.022998333,9.900562,-0.35143554,-0.3887837,1.7027924,0.08814311
1.1914166,8.431518,-0.42959237,9.901089,-0.32813358,-0.3267939,1.848288,0.13517314
1.246874,7.874473,-0.7461546,9.886047,-0.31384504,-0.32033372,2.6807137,0.19029534
1.2590808,7.810826,-0.6602735,9.7716055,-0.30851066,-0.3088343,2.6843903,-0.009724736
1.2573695,7.344338,-0.7141329,9.758427,-0.30276978,-0.30564737,2.9260557,0.44234538
1.283234,7.5075464,-0.7939809,9.866686,-0.30598402,-0.34804392,2.73768,0.35837805
1.2667515,7.0965443,-0.68819225,9.856598,-0.3245343,-0.3384714,0.14842081,0.079591274
1.1063983,6.849639,-0.6322092,9.881043,-0.33324766,-0.35519528,2.9732845,0.01909411
1.0843675,7.097376,-0.7394652,9.907917,-0.28698516,-0.3703785,2.9867537,0.16183984
1.160471,7.5090914,-0.47199398,9.800423,-0.32353592,-0.31158495,0.17178273,0.16945052
1.203108,7.3725147,-0.4740365,9.851309,-0.3092904,-0.3789487,2.9262514,0.5080615
1.2009767,7.088237,-0.4471931,9.7065735,-0.3015467,-0.33200788,2.230748,0.23647386
1.4420261,6.6733084,-0.8706773,9.568756,-0.2655697,-0.28599644,2.8186483,0.54139626
1.2939851,6.41883,-0.95313495,9.513636,-0.23841298,-0.32328272,2.6007934,0.6301751
1.3421013,6.1851506,-0.9389685,9.531209,-0.29481673,-0.26795292,1.3735247,0.620837
1.6217399,6.959842,-0.9469669,9.468277,-0.34564483,-0.2421534,0.8409581,0.77742076
1.6152437,5.7028546,-0.9648653,9.503372,-0.41062975,-0.25145626,0.31172895,0.61350894
1.5668017,5.601325,-0.9547442,9.530386,-0.36765873,-0.25491905,2.688442,0.52821994
1.669475,5.3593693,-0.9671843,9.302233,-0.38790274,-0.23955822,2.566397,0.18377316
1.5680027,5.3903084,-0.96660656,9.407022,-0.4217565,-0.21767688,2.9413955,-0.15671158
1.5574131,4.90301,-0.76582587,9.256463,-0.34972262,-0.17877698,2.9444442,0.864053
1.4958392,4.892009,-0.74969363,9.34144,-0.4263096,-0.15419626,2.5543842,0.9561765
1.6994596,5.513214,-0.8255868,9.254957,-0.4297942,-0.17694521,2.11088,0.550292
1.6854281,5.6318064,-0.50203484,9.326162,-0.42366922,-0.19467878,2.6685853,0.39981693
1.5374095,5.748046,-0.59302276,9.312237,-0.43506372,-0.23148823,2.8088949,0.4279964
1.4828386,5.4089746,-0.6569947,9.363093,-0.41820717,-0.26054072,2.2958221,0.42166758
1.3247952,5.9796157,-0.6183496,9.410304,-0.36319375,-0.2711692,2.6841052,0.11007726
1.3331943,5.543848,-0.5410069,9.309633,-0.32573342,-0.28941035,2.732037,0.5225792
1.3514436,5.3158607,-0.6553297,9.2928505,-0.32816565,-0.32785368,2.06028,0.23667443
1.4446284,5.4289255,-0.5302511,9.296141,-0.3338536,-0.28757596,2.6098068,0.1919356
1.357751,5.8976164,-0.731616,9.288805,-0.32552326,-0.26694083,2.0595152,0.17119712
1.3714926,5.583353,-0.36226422,9.092685,-0.35641527,-0.2786646,1.9020498,0.29662085
1.4172366,5.457242,0.19488513,9.043373,-0.380239,-0.26023793,2.0623267,0.35133886
1.4018538,5.3267074,0.62614655,8.993557,-0.3816402,-0.25181007,1.9069567,0.52930224
1.5452585,6.1041393,0.41301525,8.933586,-0.381976,-0.25514483,1.6987045,-0.4157831
1.6783965,6.0444603,1.0773959,8.827318,-0.44968712,-0.12089968,0.34452963,-0.38382977
1.6271101,9.063144,1.5054464,8.644987,-0.44647515,-0.16915536,1.8887928,-0.4010321
2.2633686,8.0663395,1.5974615,8.582121,-0.4429772,-0.20015693,1.6324086,-0.43868652
1.5999066,5.60702,1.5692794,8.724504,-0.4858737,-0.1667993,1.2328649,-0.35375226
1.359662,5.775355,1.4098234,8.687189,-0.45767975,-0.11753559,2.9063995,-0.41621423
1.1156514,5.040862,1.2961569,8.829245,-0.485456,-0.12803793,2.6417317,-0.35530168
1.1549397,5.018696,0.989856,8.872334,-0.4690882,-0.1751678,2.5337791,-0.27058744
1.1902742,5.1331005,1.0650568,9.095062,-0.4464892,-0.21676803,1.0237072,0.19088858
1.7517929,5.6897287,0.8208513,9.039797,-0.45385814,-0.21614933,1.9498589,-0.0060049593
1.393225,5.687679,0.8840511,9.065651,-0.41612256,-0.22454143,2.328146,0.38658077
1.3788071,5.781801,0.57470036,9.025313,-0.39331615,-0.22825766,1.3024666,0.23596817
1.4841157,5.649355,0.59986377,9.025833,-0.38384986,-0.20746422,0.8798435,0.2621312
1.6608304,5.212881,0.27017128,8.992211,-0.4429655,-0.1756072,0.9550191,0.53885627
1.9323043,5.322772,0.09478128,8.882021,-0.4684918,-0.18791533,2.4674246,0.6476437
2.2408576,5.0092964,0.20271063,9.040869,-0.45914328,-0.18801689,0.13524544,0.08754134
2.4075081,4.8613873,0.7248192,8.76894,-0.4590485,-0.14493966,0.75390303,-0.4794103
2.442407,4.49611,0.83557487,8.648239,-0.41033578,-0.18915725,0.39244533,-0.48216975
2.4913101,4.847565,0.88850427,8.573893,-0.40174198,-0.2941804,0.37855983,-0.17173791
1.986248,3.1392202,0.98208666,8.394561,-0.3577603,-0.28638506,0.33709884,-0.13460517
2.1612363,2.340314,0.7634499,8.348659,-0.35983717,-0.27902222,-0.40921336,-0.40275502
1.972379,2.0684426,0.77260375,8.269178,-0.3555435,-0.26819277,-0.1988247,-0.41075605
2.7595367,2.2847984,0.7268841,8.210386,-0.2923361,-0.28471804,-0.35474372,-0.21260795
2.351005,3.9816616,1.9594755,4.836218,1.1315763,-1.6281233,1.051544,0.72275877
2.6418424,4.0653763,1.920763,4.8117075,1.1794791,-1.760249,1.1903758,0.16507494
2.1313539,8.440773,1.9972496,4.75677,1.1458409,-1.7643011,2.363541,0.1104781
2.541086,6.99633,1.946629,4.852745,1.1583574,-1.748584,0.39606833,0.021554232
2.8885295,7.479351,1.9156694,4.7802587,1.1645081,-1.7701831,2.351147,0.029078662
1.5340426,3.2136614,1.935472,4.6893787,1.25386,-1.8417482,2.3268774,0.40948188
1.2797182,6.1852994,1.9217374,4.7031846,1.2583408,-1.8265545,2.9483025,0.77255416
2.8297567,6.6247134,1.9260082,4.707588,1.242852,-1.8554509,2.9369278,0.121812165
2.7454414,6.3963346,1.9644983,4.5859995,1.2208586,-1.8324399,2.9565687,0.34708214
2.0832913,6.80957,1.9561503,4.6563926,1.240843,-1.8296752,0.9799943,0.5259578
2.6927104,7.685711,1.9574738,4.6542244,1.2474074,-1.8154384,1.8034284,0.38246047
2.677486,8.460413,1.9090185,4.823675,1.3084474,-1.927762,2.5772986,0.6624608
2.1668513,9.0829735,1.8781905,4.8758945,1.2276797,-1.8754966,2.9154108,-0.0812833
1.6230228,8.7542515,1.9148011,4.939001,1.2010837,-1.8446157,2.9544802,-0.03762895
1.2220864,7.85163,1.9106138,4.7248993,1.237386,-1.8285539,2.1093564,0.49412918
2.6910877,8.353941,1.9335341,4.760092,1.2303193,-1.8407898,2.479716,0.3638289
2.690772,8.550678,1.9141223,4.752303,1.2137084,-1.7975084,1.9773636,0.20262063
2.8263159,9.15551,1.9428692,4.76165,1.1924376,-1.84864,1.940026,0.48899055
2.5574565,9.552237,1.929611,4.778748,1.2621446,-1.8536447,2.3016813,0.45141673
2.7260277,9.503682,1.9381657,4.837791,1.2061498,-1.8472092,1.1755939,0.35171175
2.5976124,9.572672,1.949009,4.7678504,1.2927136,-1.8945206,1.0122802,0.19345325
2.7626042,9.247446,1.9468892,4.5437427,1.2839568,-1.886533,2.1540697,0.13971853
2.640568,6.6287956,1.9785528,4.593784,1.2579145,-1.8298311,1.9371619,-0.22921413
2.6076443,7.2388563,1.9628439,4.684668,1.2436204,-1.8301396,2.3362517,0.69967246
2.7999315,7.918545,1.9063926,4.772208,1.2540388,-1.8267515,2.9348116,0.6762506
1.6345206,2.7689528,1.9206934,4.719307,1.232305,-1.9011112,0.84606516,0.031283677
1.5738543,9.560607,1.9497409,4.8955965,1.1958861,-1.7994909,2.263339,0.11589283
1.9726572,3.4808543,1.9775906,4.948485,1.1535163,-1.8943428,2.240904,0.35813427
1.3742671,4.276389,1.9411666,5.1149106,1.134095,-1.9055551,2.6570325,0.37576318
1.106819,4.7868843,1.9625213,5.0022097,1.155359,-1.8573291,2.9263258,0.47235548
1.1269804,3.6700873,1.993732,4.9356446,1.1306245,-1.8248844,2.5790372,0.46427757
1.435962,2.2808645,1.869498,5.081629,1.0939972,-1.7683946,2.6448047,0.4159137
1.8986384,3.080421,1.8680284,5.0505843,1.0975292,-1.7591164,2.3459752,0.4862399
2.980323,8.132212,1.8651545,5.0792933,1.1443603,-1.7460599,2.3051195,0.40925705
1.9788189,9.426788,1.9206817,5.0043693,1.1242566,-1.7319443,0.51338315,-0.17557383
2.0423715,6.634976,1.9241352,4.902487,1.1290133,-1.746654,2.5057876,0.37852573
2.7149646,7.5152583,1.9479995,4.909377,1.1699731,-1.7545213,2.3318954,0.54830587
1.9501495,9.882467,1.9368284,4.9055758,1.1680319,-1.7876023,2.1563911,-0.010154128
2.8951247,9.96813,1.9871593,4.8354197,1.160496,-1.7984958,2.3480604,-0.22644585
2.7342072,4.084977,1.9798832,4.810421,1.1279402,-1.7158288,0.6086849,-0.40399003
2.7948465,9.7019005,1.9809098,4.884745,1.167346,-1.7326137,0.2960899,0.18168688
2.8868034,3.056916,1.9649944,4.892517,1.1509311,-1.751464,-0.05788809,-0.39548868
2.7190986,5.227416,1.9657183,4.911785,1.1625493,-1.7351878,0.0032502413,-0.44904792
2.98201,8.880063,1.9579344,4.889603,1.17466,-1.732257,0.32550466,-0.07377899
2.988986,9.381068,1.9520345,4.905738,1.1839283,-1.8690579,2.277907,0.24714589
1.7533356,7.3479867,1.8197465,4.908413,1.2076192,-1.7680668,2.6169946,0.16190171
1.9713249,8.187906,1.854562,4.8018374,1.2201242,-1.78014,2.0200844,0.5331408
2.9811575,5.9543357,1.8475239,4.827112,1.2450492,-1.7368768,1.5387383,0.31021369
2.815567,8.435299,1.8858597,5.077293,1.180577,-1.7483166,0.10997081,0.17358947
2.7216635,8.9345665,1.8379703,5.0948887,1.1728041,-1.7632796,0.7000364,-0.13624185
2.896081,9.907453,1.9226844,5.105199,1.1252992,-1.7220066,0.8612795,-0.053354383
2.4611669,9.667257,1.9060159,5.2433352,1.0385852,-1.6559781,2.7374249,0.114650905
2.3392854,6.0490265,1.8675807,5.2614737,1.0017178,-1.6647046,1.7108743,0.1753757
2.8067174,7.5375595,1.8923957,5.306112,0.9630158,-1.5395857,1.7586796,0.0130704045
2.9060764,5.882125,1.8930092,5.413252,0.9527147,-1.5626622,0.79979753,-0.45109424
2.9790726,9.966112,1.8515074,5.4750276,0.9062724,-1.4319265,0.54779017,-0.47235432
2.902066,5.1522593,1.8465753,5.53578,0.9157467,-1.4455271,0.6327479,0.989398
0.65858245,4.214723,1.8433974,5.597347,0.8921521,-1.5060995,0.26715922,-0.48167333
0.6156581,4.4005294,1.8270533,5.6697817,0.9368329,-1.4526708,0.16583121,-0.28923994
0.60162026,6.189892,1.7792482,5.9894047,0.93505,-1.6340358,1.0466354,0.29822624
0.5455045,5.7652874,1.7702274,5.9796886,0.9353523,-1.5562582,1.2945087,0.24456406
0.5325387,7.566037,1.9481552,5.9258437,0.9542539,-1.5888671,2.6354384,0.15629399
0.5006893,7.8175783,1.9449992,5.819228,0.9390416,-1.6274713,0.7010089,0.24136138
0.51090264,4.964013,1.9961338,5.6357875,0.89202833,-1.5398066,2.990365,0.19593012
0.53678423,3.2557678,1.9282739,5.5771885,0.96111417,-1.6203737,2.9753506,0.4038316
0.51082814,3.193953,1.8301079,5.6138926,0.90003204,-1.5502589,1.6103051,0.18962693
0.51119554,2.700597,1.6802776,5.6545043,0.95064425,-1.5188652,1.5086422,-0.19659719
0.50593084,2.4610353,1.7722406,5.589162,0.94426966,-1.4956198,1.8546124,0.09969151
0.62213755,2.6849473,1.8257601,5.6653347,0.9300604,-1.5081297,1.8599906,-0.006683022
2.210599,2.0895672,1.7504711,5.6455193,0.9693501,-1.6358316,0.30877662,0.688985
2.0166774,9.989238,1.7611659,5.651218,0.930835,-1.5715812,1.9377396,-0.18971607
1.7588036,9.88442,1.8729556,5.5664167,0.9042785,-1.5115159,2.1485064,0.099861026
2.654145,9.843765,1.8706782,5.525324,0.9082675,-1.5281777,1.850966,0.24695933
2.9176018,9.5865345,1.9238658,5.4500313,0.93107486,-1.5231688,1.1043854,0.06817144
2.0068555,9.813211,1.8807547,5.423269,0.9716461,-1.5859088,1.8395662,0.24378681
2.6664457,9.15584,1.8859022,5.4203672,0.9618833,-1.5991652,2.2913368,0.40980655
2.9418974,8.282352,1.8566556,5.4657774,0.9592798,-1.6035889,2.1023457,0.38880098
2.9778297,8.474648,1.8284991,5.47721,0.96177816,-1.5543759,2.9432292,0.6203872
2.2472353,8.884683,1.876699,5.464546,0.9557228,-1.5558623,2.9320648,0.61360717
2.8641465,9.848223,1.9245465,5.3972335,0.9535377,-1.5507568,0.41155505,0.3641035
1.5960383,7.307896,1.7812257,5.45269,0.92121243,-1.4759393,-0.022719562,-0.3892877
1.1805532,5.3764453,1.7860522,5.6075726,0.9509547,-1.5764608,0.051724434,-0.43666503
2.0940738,5.0720115,1.7859774,5.5833874,0.96054053,-1.5494516,2.097997,-0.3906049
2.6353612,4.368624,1.7290418,5.6741915,0.9962983,-1.4779916,-0.54156387,-0.18071544
2.7887812,6.1548047,1.4696803,5.682822,1.0274079,-1.5739344,0.042578936,-0.23881447
2.8192189,5.766038,1.5228369,5.764433,1.0025978,-1.5663711,0.22283792,-0.37569606
2.0370135,9.6971,1.623522,5.736536,1.0344148,-1.6349525,0.032541275,-0.3389996
2.4011831,9.795097,1.7377753,5.71932,1.0273001,-1.6725879,0.8925712,0.36969173
2.256473,9.117149,1.5985737,5.7999315,0.9928348,-1.6797235,0.50614583,0.1392479
1.4158254,9.378836,1.5906997,5.845119,1.0237317,-1.6536796,0.4633149,0.12757254
1.3228877,9.744399,1.5448225,5.8499055,1.0119474,-1.6581178,0.5243056,0.21639037
2.3907633,9.587383,1.5728412,5.852037,0.9978945,-1.6404607,0.5872481,0.3374282
1.1842577,9.595868,1.5072994,5.791456,1.0259845,-1.5576817,0.72107744,0.33743572
2.9721608,8.151883,1.512944,5.920353,1.0382631,-1.6859376,0.115590334,-0.33947477
2.9599605,9.062944,1.5018563,5.862954,1.0278227,-1.687888,0.33436322,-0.2976681
2.8615434,9.0139065,1.6454453,5.7094297,1.0783207,-1.7012281,0.63427985,0.13564855
2.8837533,2.4069197,1.6569681,5.5530114,1.0705473,-1.6363454,0.70630634,0.6870097
2.9895377,3.9303749,1.6829066,5.6240587,1.0204947,-1.6684871,0.5049106,0.06373811
2.741163,9.991213,1.6950958,5.5417695,1.0400786,-1.687636,0.35651207,-0.092707574
2.8540444,2.5522566,1.7999327,5.550084,1.0634382,-1.6635095,-0.095487535,0.76836264
2.9062102,8.518434,1.7727749,5.5105143,1.0658512,-1.6077793,0.036317825,0.7477428
2.9668024,5.9421473,1.7423835,5.487233,1.0439882,-1.6952641,0.953843,-0.05943054
2.9316595,9.760612,1.7757056,5.425256,1.014138,-1.6238493,2.821483,0.22076756
2.962219,6.4679303,1.8226485,5.478339,1.0088875,-1.6194317,2.428031,0.34222567
0.9567738,7.7902884,1.8863506,5.534066,0.9829972,-1.6394649,2.8582814,0.5708327
0.6068423,3.3227904,1.8402531,5.5855875,0.9675784,-1.6209688,2.8706722,0.55393267
2.2753382,3.8842125,1.8491702,5.5536294,0.9441893,-1.5138081,2.90209,0.611323
2.4886694,7.6063766,1.9551852,5.518195,0.8478451,-1.5014477,2.7851005,0.40700275
2.8824596,9.023442,1.9469066,5.4126825,0.87869644,-1.4582949,1.9274521,0.47255373
2.849523,9.285393,1.9588187,5.5108075,0.857563,-1.4929436,0.27616012,-0.12296486
1.8508668,7.4616623,1.9454944,5.5533514,0.86364317,-1.4842577,0.6086854,-0.15162525
1.1901883,5.4018764,1.8983083,5.539667,0.85132146,-1.4803195,0.702116,-0.164433
1.1003416,4.3663177,1.8969784,5.539034,0.8419547,-1.4802928,0.39218712,-0.23937833
0.9194045,4.214821,1.9009109,5.5722113,0.82659507,-1.4297293,0.5496733,-0.12567317
1.5647382,8.279415,1.9106746,5.5214252,0.8004439,-1.4035385,0.8702984,0.12917095
1.8453517,7.9318542,1.9349556,5.534107,0.7802584,-1.367708,0.91973627,-0.15672547
2.8328917,8.641537,1.9604659,5.6097517,0.76237965,-1.3605516,1.779377,0.24271756
1.8131547,6.577769,1.9492829,5.5891767,0.7793999,-1.3803484,2.3832188,-0.1502021
2.0463467,3.3422837,1.9935725,5.69823,0.7542324,-1.4090663,2.793333,0.33946276
2.510895,7.199346,1.9943373,5.514208,0.77603054,-1.3527687,2.9217846,-0.2984833
2.5124075,9.054785,1.9033196,5.5927186,0.8454397,-1.3537254,2.8598185,0.4054544
2.9609053,8.764973,1.9375069,5.6376038,0.8226683,-1.4980814,2.0476594,0.06443012
1.8247477,7.2812176,1.8548107,5.612321,0.84229064,-1.4404339,2.900272,0.5505775
1.3004676,6.2575445,1.7477403,5.788987,0.8595321,-1.5461531,2.3142133,0.77702427
0.89492583,4.7955675,1.8187366,5.7244377,0.8182006,-1.4599702,2.5561712,0.3958605
1.6085541,7.950747,1.8689239,5.8553133,0.7716768,-1.3857927,2.979896,0.10624027
2.8587794,6.993744,1.7476957,5.8919115,0.78077817,-1.3860204,2.9479146,0.12928903
2.927241,9.156845,1.8595657,5.8657484,0.74530816,-1.3692223,2.9348443,0.6748115
1.2769132,9.06669,1.8650618,5.827491,0.7583463,-1.337467,2.9347801,0.6715287
2.9674075,8.830351,1.9575126,5.733122,0.7408595,-1.3441148,0.32362556,0.22624159
1.8423269,8.774754,1.906378,5.7482095,0.7442441,-1.3494562,1.0194666,-0.3196302
2.1032755,3.2720246,1.9765744,5.6993217,0.6876466,-1.252651,1.1657457,0.12929595
1.7812753,7.9170156,1.9382372,5.8908834,0.6640365,-1.3664818,1.3472145,0.3146348
1.2177639,8.801859,1.9812043,5.861866,0.68704915,-1.3559482,1.1208117,0.38736522
1.091372,8.894024,1.9158854,5.84208,0.69271994,-1.3327308,1.2899199,0.564353
1.1762948,6.58542,1.8981724,5.9343576,0.6751263,-1.3321111,0.7198707,0.032161593
1.8429468,6.909421,1.9387267,5.991475,0.62521863,-1.339304,0.3823068,0.42740917
2.8324454,6.7932706,1.9867082,5.878476,0.6055784,-1.1501765,0.24410868,-0.2680134
2.6603694,6.580662,1.9067779,5.9497395,0.61827874,-1.3053807,0.6451088,0.30962765
2.6636398,8.121663,1.7166095,6.232456,0.67584276,-1.2925739,0.45123482,-0.3730317
2.5982504,9.819621,1.797154,5.896427,0.7305367,-1.3457584,0.74965084,-0.42049274
1.3250765,7.5990553,1.7856846,5.9631476,0.71903086,-1.3155187,1.0914841,0.5303848
1.425817,8.576964,1.8476605,5.8997126,0.7469981,-1.3934151,1.1290243,-0.20261157
2.740623,8.478348,1.825074,5.8479204,0.7507794,-1.3580613,1.6360147,0.49874926
2.6502934,9.711192,1.8160477,5.797547,0.76600385,-1.3832216,1.7053361,0.41017365
2.158599,9.659821,1.8119655,5.8181095,0.7687025,-1.3891714,2.807399,0.121714234
2.519535,8.529766,1.7973199,5.995321,0.7784133,-1.3615289,1.9215596,-0.25355667
2.782929,8.371828,1.7818077,5.8224754,0.7594793,-1.3531158,0.14424014,-0.23619503
1.4035606,7.15947,1.7194562,6.0118732,0.71421194,-1.355639,0.83006644,-0.30320108
2.1781337,9.393422,1.7645812,6.0413322,0.7657201,-1.3524123,0.5221627,0.05388093
1.3908802,9.444185,1.7464869,5.9357033,0.75402784,-1.3778241,0.32200003,-0.45343602
1.7924483,7.6542764,1.6965744,5.9726176,0.7885642,-1.3008707,0.69163907,0.671952
2.8506193,9.2811775,1.7481847,5.905813,0.7842541,-1.3933378,0.13905442,-0.20000374
1.7784073,8.04845,1.7850504,5.918785,0.7674451,-1.3646472,0.6150671,-0.10682064
2.9743,7.8365774,1.8073955,5.8781633,0.7526622,-1.334171,0.23942327,0.064249456
2.3664703,6.07338,1.8190923,5.826887,0.7514422,-1.3386953,0.2726395,0.087785125
1.2653403,7.9505506,1.8465261,5.8502545,0.716239,-1.3027937,0.54796636,0.1984486
1.6235819,8.056649,1.8616955,5.817724,0.68763494,-1.3553011,0.6089103,0.27128732
1.5761906,7.839046,1.9597969,5.790739,0.6943209,-1.3530476,1.0421817,0.48654628
1.017071,3.3980477,1.8740597,5.8900704,0.69769096,-1.3408701,2.6329198,0.12924182
0.92066634,5.517712,1.874486,5.916016,0.65903425,-1.2483169,0.5608635,-0.12793231
1.1372064,3.495194,1.9489493,5.8838286,0.6358161,-1.3365262,2.4031272,0.28261483
2.837487,6.762943,1.9831445,5.982361,0.6824038,-1.2774007,0.2025845,0.1382674
1.9770064,9.944892,1.8213043,6.014247,0.6695967,-1.2972548,0.7435992,0.2729286
2.2860937,4.0553885,1.7714763,5.7862024,0.75117826,-1.3184633,0.74065423,-0.13734439
2.6048346,5.718376,1.7720385,5.7903066,0.8053448,-1.3399291,2.832894,-0.24315974
2.6896653,6.3697233,1.7778726,5.793583,0.7854011,-1.4339497,2.3519654,0.16450846
2.3627288,7.447521,1.8795955,5.723301,0.7771616,-1.3877174,1.2615178,-0.3969831
1.8024002,6.6705112,1.9534364,5.7023168,0.7383423,-1.3919567,0.09718013,0.5453459
1.9649923,9.661549,1.9975605,5.658887,0.8001795,-1.4883524,2.3798723,0.21911299
1.3720063,8.856924,1.983751,5.445322,0.8615978,-1.5152913,2.250471,0.35317945
1.3337033,3.429872,1.9945917,5.443715,0.85020614,-1.5177889,2.6275282,0.35711408
1.0677861,4.3252106,1.9983132,5.411322,0.82171226,-1.47985,2.4156756,0.2949506
2.5842726,4.34391,1.9976935,5.55533,0.7923677,-1.4060723,2.8724368,-0.11434901
0.898286,2.3351684,1.9974031,5.384378,0.8016665,-1.4253842,1.4187796,0.3368435
2.334377,9.205638,1.9981368,5.5006485,0.81809616,-1.4089551,2.7290196,0.24152452
2.94546,9.174746,1.9974365,5.45107,0.8035288,-1.3984823,2.3298995,0.52741265
2.7576132,8.701928,1.9684348,5.647849,0.8030939,-1.3505262,-0.2068193,-0.43724716
2.7374146,9.313414,1.9799469,5.5837517,0.8216176,-1.4269106,0.026980996,-0.112127244
1.4942851,9.558803,1.9340811,5.71978,0.82420135,-1.4232491,1.3173892,-0.3682285
2.751183,7.8544097,1.9316878,5.6545324,0.8471303,-1.4607866,0.21261466,-0.36320534
2.7755327,8.873945,1.9026918,5.5416746,0.8006363,-1.4368447,2.8876443,0.17459291
2.381396,6.341114,1.9432302,5.595049,0.79269433,-1.4512177,2.8986363,0.20655143
1.5504253,9.388048,1.9096291,5.643895,0.8138592,-1.4497072,2.9435139,0.3862306
2.7427568,9.498102,1.8990698,5.7057633,0.8225508,-1.4165127,2.9104552,0.43841398
2.3208957,5.5676355,1.8152785,5.684847,0.8244145,-1.4214671,2.8673844,-0.06289852
2.393328,4.2250605,1.7925112,5.6535645,0.8327067,-1.4254148,2.7410314,0.0676201
2.9624655,6.5240917,1.7486174,5.756818,0.8280237,-1.4231962,2.875632,0.57908654
2.125217,6.613481,1.7413952,5.7196703,0.8431392,-1.4300755,2.3655512,-0.26078716
2.3476887,6.7090697,1.7390685,5.7948503,0.7689817,-1.3954314,1.7685635,0.39728284
2.658507,5.572143,1.8542893,5.8003616,0.77151036,-1.3428185,0.068522334,-0.3676434
2.739493,8.611637,1.8386195,5.739876,0.77837396,-1.3990633,2.6306555,0.043457568
1.6637561,7.9957337,1.8961377,5.7826395,0.75448656,-1.3170891,2.07338,-0.23968697
2.9576516,9.742905,1.8771544,5.7596226,0.7298794,-1.3526318,2.7055154,-0.17240816
2.4983597,9.94148,1.846766,5.738219,0.75200987,-1.4017471,1.5754793,0.21820748
2.1316411,9.242262,1.9375226,5.825818,0.73625493,-1.3630545,0.10580146,-0.10398871
2.9373302,9.399772,1.9156451,5.7513857,0.7590244,-1.3881302,1.1062863,0.50362945
1.7905707,9.90527,1.6399176,5.899063,0.7992461,-1.4117134,1.0079556,0.07322091
1.175149,5.852248,1.777133,6.0169487,0.72843504,-1.3871291,2.738915,0.70212626
0.9841889,6.3188586,1.7528791,6.059021,0.7609391,-1.3781362,2.911435,-0.050903738
1.1376987,6.9210467,0.5730487,8.546667,-0.0626266,-0.53749514,2.6224535,-0.493068
1.1506813,7.672604,0.59396195,8.654539,-0.060471058,-0.59650135,2.2062507,-0.48366368
1.1149691,6.2590585,0.6404257,8.584282,-0.02463007,-0.61056566,2.294818,0.36643416
1.222978,6.216002,0.537665,8.506793,-0.043972015,-0.6494942,1.5998864,0.30405927
1.4402943,5.8979893,0.5717094,8.341442,0.02993679,-0.6327956,2.495841,0.80125475
1.4213701,6.0854053,0.6277578,8.295119,0.021957397,-0.6620383,2.523567,0.29444402
1.527899,6.3441443,0.66994834,8.283385,-0.028884053,-0.6072817,2.0647056,0.28558815
1.2754812,6.580702,0.6174464,8.34861,0.029325724,-0.7094705,2.5421162,0.44578934
1.2387707,8.017426,0.6654966,8.399001,0.029590845,-0.6611643,0.7695254,0.28043538
1.2244431,7.8641453,0.6784688,8.547655,-0.0064195395,-0.6458013,2.5378647,0.2711383
1.4181085,7.3895187,0.7411351,8.272123,-0.0004197359,-0.64093804,1.7285419,-0.33639407
1.3291988,6.9851627,0.8689028,8.272279,-0.025516987,-0.6470351,2.19324,-0.16880828
1.172856,6.818725,0.88718677,8.233296,-0.033313513,-0.574723,2.1819391,0.04774517
1.292448,6.489577,0.950673,8.234076,-0.036230683,-0.6051359,1.9611275,-0.36577398
1.0535822,5.3141212,0.9550319,8.247692,-0.04352355,-0.59563446,2.2706158,-0.26875597
1.0516957,4.850988,0.94702554,8.399097,-0.08028793,-0.5628152,1.1965976,-0.12278682
1.2839553,5.8258095,0.90673065,8.250763,-0.08871126,-0.57449317,0.96448994,-0.23456565
1.3699238,7.305401,1.1365504,8.227636,-0.06635845,-0.56782174,2.3600154,0.41432416
1.9329005,9.627087,1.0112948,8.152332,-0.038986206,-0.5910053,0.2127341,-0.268548
1.9424572,5.7573347,0.75299716,8.1634,-0.017339706,-0.5298004,0.73286307,-0.4318312
2.2416596,6.1479278,0.71055293,8.221982,-0.07484853,-0.50858307,-0.10094166,-0.25443503
2.1397505,6.177234,0.7445512,8.188454,-0.09284973,-0.5691509,-0.04109162,-0.2267859
2.4983044,6.7576594,0.70376813,8.128499,-0.059616685,-0.54089975,-0.20765662,-0.4711133
2.4598794,8.324436,0.8182969,8.218571,-0.10927069,-0.49468398,0.12292123,-0.3769731
2.5784764,9.113684,0.7121389,8.229626,-0.08841646,-0.5466349,0.36599946,-0.3772696
1.6140463,7.5799646,0.64014626,8.560053,-0.1455431,-0.5361295,0.17662,0.27864802
1.6952196,5.456019,0.72210884,8.515718,-0.15338254,-0.5307703,0.019455433,0.1297974
2.020146,6.434325,0.6340921,8.327561,-0.1580522,-0.48102808,-0.044068575,-0.237425
2.634224,6.610489,0.74414873,8.311808,-0.14636588,-0.45273924,0.11542654,-0.263141
2.5174565,7.2176576,1.0349529,8.218897,-0.16935956,-0.45741773,0.45086193,0.5402591
2.4856906,8.808406,1.053237,8.251577,-0.17611873,-0.49739313,1.6466722,0.4945804
2.5432217,9.625248,0.9667809,8.2405815,-0.15912354,-0.47747946,1.3142138,0.5478941
2.469523,8.834112,0.5689347,8.377926,-0.13787925,-0.51266503,0.839898,0.10344869
2.4271982,8.846848,0.8253932,8.257344,-0.18027663,-0.46174717,0.539515,-0.14830855
2.3457193,5.430498,1.0096323,8.171508,-0.18970072,-0.39288807,0.51238513,-0.4365688
2.086729,7.7232533,1.1348615,8.356739,-0.18257666,-0.37880516,0.30283153,0.98219097
2.04465,5.9100156,1.1561732,8.318336,-0.2566043,-0.3108325,1.5766494,0.69661033
1.4209682,5.331323,0.93238497,8.3929615,-0.2465074,-0.34498882,1.4818535,-0.033194423
1.5463932,6.0718927,0.92860246,8.405968,-0.24467456,-0.3864212,1.4863839,0.018298864
1.4561402,5.5849752,0.9414046,8.483063,-0.24632788,-0.39447117,2.282237,0.42217314
1.5052223,5.9344625,0.81197095,8.351881,-0.2022506,-0.34964895,0.84111667,0.34048462
1.5517807,5.861472,0.8779104,8.414004,-0.24441326,-0.3640027,2.8866909,0.31361783
1.6268026,7.895632,0.6622555,8.442772,-0.19653153,-0.44819665,1.2126639,0.17075932
1.8343742,6.3376145,0.92790246,8.284142,-0.18555665,-0.47149682,1.3968511,0.19192386
1.741607,6.007167,0.7806916,8.318739,-0.19370294,-0.4596491,2.246364,0.41751492
1.5530864,4.973983,0.42719066,8.434476,-0.19229889,-0.4767282,2.44501,0.18216377
1.513497,4.501484,0.20455635,8.539762,-0.21601605,-0.43578887,2.6019893,0.1834352
1.8154864,4.5574875,0.3025006,8.459019,-0.23340094,-0.3965385,2.0137506,0.46520436
1.6460288,4.753616,0.42199528,8.643641,-0.21292686,-0.4481902,2.1328106,0.730783
1.2373347,7.0191774,0.35498714,8.885342,-0.21248937,-0.47062588,0.9736657,0.29194832
1.2609339,8.152361,0.4949981,9.078853,-0.19300604,-0.46536064,2.8807702,0.34375197
1.1308706,7.62797,0.5907328,9.115623,-0.18947494,-0.45495224,0.7648964,0.2583735
1.0234517,5.8489695,0.5464375,9.125108,-0.19168186,-0.51793504,0.16656733,0.12418419
0.9854045,5.5761547,0.47374737,9.175533,-0.22237289,-0.45867157,0.5600318,0.061146915
0.9860669,5.4910045,0.6287043,9.103003,-0.21507466,-0.41958284,0.5219649,0.258312
0.9942636,5.5593743,0.5604845,9.098709,-0.19467676,-0.452029,0.5841595,0.43970495
0.87505186,5.3488836,0.66020703,9.121925,-0.21927261,-0.49175167,0.6518345,0.21053886
0.8541585,4.8794727,0.59856534,8.980896,-0.21601307,-0.4203534,1.3665636,-0.38050744
0.7859456,4.8649325,0.5697994,8.928129,-0.18050516,-0.43312645,2.0040982,-0.39735717
0.8190503,4.9051504,0.59486437,8.856494,-0.16282058,-0.45205593,2.6628153,-0.08824074
0.8386754,4.7209234,0.61698115,8.854906,-0.16097677,-0.4981861,2.2549243,0.17434037
0.82999563,4.966031,0.5632465,8.910337,-0.13963115,-0.48075294,2.9979706,0.110209584
0.8885361,5.1238117,0.499624,8.937881,-0.17108297,-0.43837833,1.2335441,-0.019961566
0.91650105,4.6307545,-0.07721257,9.075053,-0.24806392,-0.42964172,2.8057368,0.20292568
0.7645515,4.3990602,-0.066423,9.332356,-0.23362887,-0.29010415,2.560655,0.18710887
0.853917,4.651472,0.11519575,9.427321,-0.28362632,-0.38249707,0.27665305,0.48774624
0.8305122,4.583131,0.07318783,9.390348,-0.27917814,-0.3731823,1.0170698,0.36662942
0.76807314,4.3829083,0.1424042,9.325691,-0.25982165,-0.4034729,2.922309,0.0019581318
0.7351358,5.010481,0.39430666,9.311208,-0.21062553,-0.43471837,2.8372157,0.04637903
0.71034575,4.8181,0.24024451,9.2424345,-0.12625587,-0.45984602,2.5000465,-0.005951941
0.7134617,5.044402,0.33615553,9.277552,-0.13419497,-0.4558549,2.6188197,0.118740976
0.6925385,5.2207866,0.30418396,9.384594,-0.14347112,-0.51300764,2.4775684,0.20608878
0.69382805,5.3344784,0.13724208,9.426199,-0.12442684,-0.49646068,2.2893674,0.005517721
0.70294076,5.1581507,0.25589156,9.400293,-0.122297406,-0.525861,2.7269711,0.33671033
0.6669351,5.1551394,0.25342143,9.515612,-0.11853111,-0.5431261,2.1256428,0.12794936
0.6475306,5.4659142,0.25609827,9.629324,-0.13511205,-0.43809938,0.5502852,-0.41036618
0.6767665,5.403217,0.20336485,9.623979,-0.14641285,-0.5302174,0.39988685,-0.45262846
0.63692737,4.9148746,0.15557623,9.627172,-0.14987981,-0.47579002,0.3962177,-0.21427694
0.61854863,4.9983044,0.28823078,9.621435,-0.14335215,-0.4819231,0.019133449,-0.37717116
0.5928012,5.0643563,0.27231932,9.62109,-0.116750956,-0.4789319,0.18301773,-0.45803756
0.5904323,5.0525875,0.38459516,9.630405,-0.11132944,-0.48426437,0.36744726,-0.4017206
0.60788095,4.976016,0.35280883,9.544012,-0.115274906,-0.48600006,0.3480593,-0.041825473
0.5962411,5.768017,0.5850042,9.540965,-0.058784366,-0.5615642,0.5839784,-0.37096542
0.55354804,5.583143,0.6288154,9.544232,-0.00080931187,-0.59708095,0.5403446,0.39946675
0.545741,5.9633694,0.6264205,9.622515,-0.03929305,-0.61525106,2.9883847,0.1429596
0.52324134,5.6228733,0.60761976,9.6316805,-0.035831094,-0.5474596,1.5107112,-0.1386857
0.50459003,5.265053,0.58323,9.621423,-0.088318825,-0.56528187,2.220663,-0.35022473
0.5802861,5.298502,0.3126285,9.802078,-0.178491,-0.5096855,2.20482,0.3147229
0.57038456,5.0883865,0.3110187,9.835462,-0.19185078,-0.47863317,0.5883571,-0.18868738
0.5436955,5.0239167,0.27091885,9.875483,-0.15896583,-0.47610903,2.9431663,-0.2520387
0.57738435,5.221345,0.25251997,9.949352,-0.19036746,-0.44559717,2.9352117,-0.27692518
0.54421574,5.344655,0.16463757,9.963667,-0.15549934,-0.4619727,1.8672891,-0.30715057
0.5797395,5.2372503,0.18684697,9.842865,-0.12736058,-0.4778762,1.4191251,-0.11768535
0.54824114,5.4337473,0.2721362,9.836483,-0.112700224,-0.512573,2.984601,-0.08031988
0.60934925,5.478447,0.114708185,9.90803,-0.12329686,-0.5181892,2.561871,0.20902044
0.58247954,5.0486073,0.04461336,9.917029,-0.11826396,-0.48952842,2.7722673,0.29614615
0.59261054,5.0787153,0.0314126,9.935207,-0.06281471,-0.53446746,2.9607103,0.45328552
0.6029094,5.7664146,0.15497744,9.961663,-0.07713771,-0.5380051,2.9961162,0.44517308
0.5764883,5.7563148,0.17317343,9.965836,-0.096580386,-0.5616548,2.9891305,0.005703807
0.5379592,5.3788943,0.25422215,9.890343,-0.049591422,-0.59381056,0.41407287,0.061552227
0.5412488,5.4738283,0.17640138,9.878853,-0.036186934,-0.6458683,0.57785404,0.011638999
0.57848454,5.464303,0.10481286,9.846946,-0.01045835,-0.59831667,0.15363908,-0.03678724
0.5644722,5.4610353,0.16157508,9.795505,-0.013315797,-0.5758717,0.53773344,-0.044276714
0.62155867,5.404489,0.17099214,9.739368,-0.04550171,-0.57484555,1.5477245,0.6713728
0.6085198,4.9917426,0.13818026,9.716463,-0.092348576,-0.5179529,2.7381327,-0.27126166
0.60880613,5.0413265,0.20000362,9.4754095,-0.06809008,-0.557184,2.8134809,0.26739538
0.6235893,5.02481,0.23054516,9.475533,-0.06089115,-0.5405226,2.6010487,-0.3395053
0.5688176,4.520486,0.049520254,9.50966,-0.05896008,-0.5717094,2.9060779,-0.35866922
0.50244147,3.9532003,0.17219734,9.544731,-0.03784752,-0.58482313,2.7089627,-0.30868006
0.52359027,4.299699,0.2656622,9.466154,-0.04269862,-0.5847511,2.2348578,0.35420167
0.5320188,4.125048,0.21163201,9.506942,-0.06335902,-0.60345817,2.9096406,0.10560727
0.55451477,4.1062355,0.2623651,9.506663,-0.1301465,-0.52010417,2.920561,0.096845865
0.5563772,4.325059,0.28682113,9.421053,-0.0985297,-0.5047455,2.9554324,0.07947099
0.5878502,4.515026,0.3844545,9.418461,-0.079892516,-0.5526414,2.9232285,0.38102853
0.59758294,5.1081815,0.206666,9.4815445,-0.069835186,-0.5349066,2.9791946,-0.34963638
0.58927584,5.179572,0.3413173,9.471694,-0.01530385,-0.56355953,-0.04440558,-0.3819016
0.5899732,5.0328197,0.54135156,9.324701,-0.054905534,-0.572175,2.2767322,-0.22206393
0.6247617,5.499421,0.48557568,9.324832,-0.053599358,-0.59525776,2.3189697,-0.3097485
0.6508203,5.4055614,0.6225722,9.230711,-0.04016161,-0.60399556,2.9161112,0.359401
0.6248226,5.0168877,0.547361,9.213363,-0.070144296,-0.6242373,2.5035572,0.043913066
0.6093572,5.016489,0.5829077,9.332573,-0.071766496,-0.55259585,1.373447,0.019748986
0.60476625,5.1052103,0.563879,9.37614,-0.07611704,-0.56487274,1.6881685,0.0016981363
0.5959807,5.111519,0.57805896,9.459473,-0.118064284,-0.49314642,0.07081485,0.030920684
0.63254243,5.2389717,0.4141853,9.425825,-0.10835934,-0.5153799,1.460923,-0.21851203
0.6809894,5.664996,0.46403122,9.3943405,-0.12190139,-0.53950644,2.9046907,-0.05690801
0.66275805,4.8170004,0.074264646,9.676553,-0.12592483,-0.48211575,2.8453252,0.18478018
0.6705611,4.8486624,0.11917567,9.705846,-0.22293115,-0.38848782,2.6628253,-0.12373662
0.66844535,5.237808,0.1700598,9.719254,-0.274907,-0.4013319,2.9522128,-0.4422691
0.6522439,4.8498077,0.16472983,9.859251,-0.2747754,-0.37967277,2.342953,-0.40855807
0.614959,4.8128376,0.24323535,9.789358,-0.26589203,-0.40092802,2.9947321,-0.051193
0.6350689,4.720255,0.24548149,9.796948,-0.2911719,-0.41134286,2.7120245,0.15759015
0.62908876,4.753498,0.3524542,9.688868,-0.25485194,-0.35604787,2.5870976,0.04177642
0.60212505,4.8018985,0.32010436,9.824415,-0.27339816,-0.36546087,2.7437027,0.20360899
0.62929994,4.416191,-0.11314833,9.98707,-0.23893452,-0.4271214,2.657369,0.054141045
0.63357407,4.5686026,-0.10935199,9.984855,-0.23244154,-0.34196854,2.8108497,0.340688
0.64554155,4.0816455,-0.1705916,9.763998,-0.27761328,-0.3954525,0.88201344,0.08582187
0.6778121,4.1346445,0.021901965,9.765722,-0.284374,-0.40323305,0.25304878,-0.25185567
0.5983538,4.6113753,0.02633965,9.8229885,-0.21025538,-0.42771387,0.6053885,-0.29885137
0.6698742,5.0695276,-0.0651595,9.815672,-0.20945776,-0.3900354,2.4762614,-0.10112339
0.6948794,4.885462,-0.2127974,9.840084,-0.2063154,-0.45290446,1.0598974,-0.0044028163
0.6380388,4.1408215,-0.22617221,9.790594,-0.1410377,-0.4854288,-0.069921374,-0.20570213
0.6384195,4.350435,-0.25913596,9.771459,-0.123431206,-0.52247024,-0.25293058,-0.3062588
0.6230326,4.3833694,-0.21417451,9.81192,-0.13819623,-0.4319985,-0.28662968,-0.44967434
0.68912756,4.580621,-0.12546635,9.799497,-0.21755207,-0.4823308,0.5181279,-0.32173505
0.77863103,4.995571,0.05038929,9.669752,-0.24501169,-0.40579367,1.5119379,-0.40250018
0.7061983,4.6052494,-0.041588426,9.611231,-0.25902164,-0.3550496,2.156468,-0.47822833
0.74546444,4.4163327,-0.12547505,9.73468,-0.2901535,-0.2871034,2.9257095,0.42029154
0.6854013,3.9807599,-0.4888345,9.796146,-0.27054846,-0.30628133,0.7941781,-0.066539556
0.62862104,4.441656,-0.1165002,9.813705,-0.26295447,-0.44770813,2.0320601,0.1522178
0.68918306,4.4836836,-0.18841076,9.800865,-0.29151165,-0.26184225,2.577899,0.30230415
0.69834876,4.3014145,0.109003544,9.5769615,-0.28615534,-0.2934928,0.53339267,-0.4223633
0.67608255,5.0499964,0.34910786,9.764345,-0.33569193,-0.3311944,2.9733486,-0.2873488
0.65915185,4.436021,0.31533265,9.699247,-0.3248365,-0.30607605,2.8961174,-0.11181271
0.6681839,4.0679874,0.3849014,9.498333,-0.3385613,-0.33420706,2.3672163,-0.28649288
0.7373487,4.481084,0.35767603,9.435693,-0.3607719,-0.2600093,1.8928723,-0.38803688
0.71429956,4.368005,0.31934965,9.5296135,-0.35112703,-0.26187658,0.6753614,-0.16553
0.7317735,4.8810663,0.3171059,9.613731,-0.31664145,-0.2560835,0.65016973,-0.3657502
0.75089324,4.193961,0.043396592,9.662334,-0.39564967,-0.24423838,1.010143,-0.31835926
0.7660523,4.3143277,-0.0006637573,9.722229,-0.38267887,-0.2798519,1.8938859,0.18446606
0.779555,3.9907446,-0.11565876,9.652818,-0.38307118,-0.26521134,0.7427374,0.22306079
0.74843335,4.44732,-0.033162236,9.5413265,-0.35457706,-0.23502946,1.3005443,-0.34018672
0.77586985,4.3183117,0.14522266,9.508504,-0.3548683,-0.30370402,2.2179375,0.2598861
0.7819447,4.466386,0.2601906,9.493358,-0.3536737,-0.32378483,0.84033346,0.044677794
0.83498144,5.0111303,0.65972054,9.398666,-0.34572113,-0.31294107,0.4437729,-0.0067772567
0.8072424,5.0236573,0.5312643,9.44814,-0.35837638,-0.2815454,2.8131835,-0.43229836
0.76510173,4.917812,0.52963555,9.485419,-0.4266187,-0.23442149,2.511752,-0.4209053
0.8540527,5.334096,0.35293376,9.588686,-0.39124227,-0.26532745,1.4537945,0.08372158
0.89225185,5.5618515,0.43925178,9.423739,-0.40711212,-0.24468374,2.7399335,-0.49571577
0.9909307,5.7461553,0.12238681,9.40842,-0.3658539,-0.23756862,0.49003446,-0.4942507
1.0302544,5.17274,0.011358023,9.386667,-0.341928,-0.25646615,2.2921326,0.4114796
1.0688758,5.5658493,-0.14547944,9.290243,-0.315897,-0.3261962,1.8482625,0.21865308
1.006155,5.235181,0.2639382,9.277601,-0.3481394,-0.27537203,2.490222,0.39857852
1.0502528,5.369547,0.2184031,9.295687,-0.34612727,-0.26234937,2.654005,-0.14418763
0.9522317,5.3950725,0.50614166,9.277423,-0.3225857,-0.35151267,2.1644094,0.63139176
0.7726537,5.3467693,0.4329357,9.575947,-0.3089584,-0.32556152,1.9608562,0.72464705
0.7957547,5.151925,0.44055188,9.479178,-0.36952257,-0.33439445,2.5530822,-0.4833328
0.79951835,4.333642,0.201285,9.5130625,-0.3642937,-0.309587,2.8041716,0.090410054
0.8340327,4.4616394,0.19727373,9.507601,-0.37315524,-0.25478077,2.9436598,-0.1351037
0.8572602,4.6038465,0.33861148,9.316345,-0.3955369,-0.27548742,2.547045,-0.4396646
0.9586476,4.586834,0.46051955,9.24992,-0.3691995,-0.3194251,1.957566,0.18102556
0.96643424,4.418496,0.71285176,9.076309,-0.37471187,-0.23469615,2.8924806,0.11256051
1.0589521,4.4535637,0.9290149,8.9868145,-0.3989241,-0.23599863,1.11431,0.19713771
1.2733808,4.9497643,0.9427438,8.839458,-0.377519,-0.24107885,1.9851775,-0.15407789
1.2868845,4.956111,0.7412214,8.894115,-0.40957105,-0.17202759,1.0849504,-0.11178374
1.2636474,4.332946,0.69031405,8.891927,-0.4235314,-0.16221619,0.62025297,0.0049164295
1.2542005,4.233304,0.7333505,8.930105,-0.44194138,-0.23121834,0.39285886,-0.105430424
1.284909,4.163702,0.7574508,8.921124,-0.42047656,-0.17115498,0.37299025,-0.4224977
1.2174209,3.9189687,0.5385083,8.852012,-0.3417499,-0.2863431,-0.34207433,-0.44668332
1.2786508,3.8269777,0.18387532,8.811803,-0.3037901,-0.37167907,-0.1331451,0.25256073
1.1151454,3.579274,0.7619374,8.644624,-0.2880001,-0.29812098,0.1566292,-0.49926934
1.0303335,3.269,0.763062,8.526964,-0.2904005,-0.40631247,0.32167506,-0.4888165
1.3119231,2.9017124,0.8354435,8.501432,-0.3368845,-0.29695177,1.225277,0.6800772
1.4115765,3.262918,0.8472624,8.519814,-0.31485367,-0.3098886,0.7022103,0.5662632
1.3687302,4.1107717,0.6073067,8.739473,-0.34502864,-0.3556335,2.775379,0.35751784
1.1908444,4.74701,0.27348447,8.756308,-0.2472409,-0.40773726,2.7532775,0.63785243
1.1519663,4.904195,0.08196759,8.940226,-0.21966755,-0.42023802,2.5502865,0.06406152
1.1791242,5.141842,0.1706531,8.903275,-0.20419681,-0.4513929,0.95788336,0.63207185
1.0254991,5.745855,0.7569182,8.9268465,-0.2060076,-0.46028852,0.7022735,0.45298696
0.9681176,5.8093934,0.7927518,8.977396,-0.19976556,-0.40922332,0.33071458,0.32487488
0.8063607,5.346543,0.8381332,8.982573,-0.19803512,-0.4379177,1.3757448,-0.44226268
