2.921702,5.356696,0.6319673,9.982178,1.2502787,-0.38764048,-0.6600921,0.053984046
2.8848305,5.3499656,0.61583686,9.8821945,1.2477705,-0.3690443,-0.61245143,0.04230666
2.8759828,5.345812,0.60717285,9.994108,1.2626882,-0.36080194,-0.5967882,0.042289674
2.8867984,5.290756,0.6056261,9.918373,1.248878,-0.3537898,-0.58248127,0.04035318
2.883719,5.297801,0.60361576,9.980429,1.2645357,-0.32906008,-0.61055475,0.048576593
2.894314,5.2924113,0.6097331,9.938036,1.2324164,-0.37345767,-0.62075055,0.06179577
2.8868554,5.3378105,0.6109662,9.9316,1.2866921,-0.46177053,-0.6307163,0.05303812
2.9017608,5.322719,0.61097443,9.691778,1.2789268,-0.41481185,-0.58305115,0.03976637
2.9283764,5.220397,0.6107327,9.847282,1.3461652,-0.43188477,-0.5660887,0.026393116
2.9301782,5.21492,0.5968058,9.851976,1.3853476,-0.43006635,-0.5925751,0.03184724
2.9305315,5.17624,0.5974972,9.816105,1.3674068,-0.4213748,-0.546103,0.027462184
2.922397,5.2249093,0.5889474,9.800614,1.3204095,-0.431015,-0.54772377,0.03960228
2.9021306,5.1995587,0.63825,9.795079,1.2849047,-0.4254501,-0.5875378,0.03835708
2.9238963,5.040615,0.6389804,9.83869,1.2896438,-0.4611671,-0.62421644,0.04486507
2.9342167,4.980839,0.64459467,9.829477,1.2989235,-0.43214464,-0.6002848,0.04644817
2.928256,4.9596834,0.64837587,9.933329,1.3293452,-0.39237452,-0.55728686,0.046777725
2.9110985,5.007928,0.6343219,9.923334,1.3268871,-0.3963828,-0.5821572,0.057232916
2.9153883,5.0141,0.631508,9.892672,1.3698027,-0.3723495,-0.591547,0.057127953
2.9024105,5.3228626,0.6445899,9.922945,1.2504044,-0.35600328,-0.7158232,0.06971109
2.889659,5.3330336,0.63425565,9.97876,1.3308012,-0.35643196,-0.7112092,0.070115864
2.9065416,5.322336,0.6501007,9.943571,1.2921171,-0.36644745,-0.7100533,0.061311364
2.9298007,5.3873463,0.64569163,9.696676,1.2415943,-0.43252635,-0.67157066,0.05320078
2.924238,5.3740406,0.6640518,9.74435,1.2350602,-0.38056564,-0.6550995,0.0021268725
2.9485314,5.2433662,0.66864157,9.670052,1.381501,-0.45561123,-0.6127417,0.009068966
2.9670725,5.253082,0.671999,9.679019,1.330792,-0.43820095,-0.6458316,0.002917409
2.9389973,5.214237,0.6517968,9.688195,1.3265507,-0.39582205,-0.61732364,0.025649846
2.9472477,5.2152233,0.6367837,9.691076,1.2463105,-0.43796563,-0.6383691,-0.0048412085
2.9723146,5.2388296,0.62119865,9.658017,1.3007119,-0.43759298,-0.6701973,0.029329479
2.9568524,5.2113338,0.5702412,9.693573,1.3139162,-0.40117407,-0.7604553,0.049220443
2.9477003,5.2517977,0.56856847,9.782488,1.2707336,-0.41113424,-0.77733046,0.054230094
2.9640484,5.3062096,0.57765484,9.731007,1.2613015,-0.43562222,-0.7809065,0.047210574
2.9669495,5.326723,0.6034299,9.709818,1.2769156,-0.43662572,-0.77531534,0.040688753
2.9710317,5.3466387,0.5750208,9.613447,1.2664142,-0.41627383,-0.7721041,0.060349286
2.9337997,5.389967,0.5834228,9.6132145,1.1928368,-0.41003275,-0.75571305,0.06954366
2.9334736,5.362987,0.5868583,9.63802,1.2102983,-0.45461822,-0.7570653,0.06809974
2.9317691,5.352335,0.603608,9.589088,1.2343218,-0.40819883,-0.74470985,0.057419956
2.9355836,5.313666,0.63308835,9.63149,1.2587667,-0.4101081,-0.7141327,0.039254308
2.956871,5.305563,0.6354269,9.619314,1.2715764,-0.4121673,-0.67618513,0.03184569
2.9425313,5.3621206,0.62758327,9.672842,1.2593975,-0.43451476,-0.77662563,0.029879332
2.9633617,5.247438,0.6714587,9.654276,1.3393729,-0.3931892,-0.73383546,0.030183852
2.9627523,5.2494955,0.6617913,9.817566,1.2291579,-0.36104035,-0.6922499,0.025961757
2.957268,5.281583,0.6533084,9.636551,1.2979074,-0.4560032,-0.6729408,0.020376682
2.9554696,5.2605567,0.65287805,9.762595,1.2427354,-0.38585806,-0.65813303,0.029596746
2.953905,5.289318,0.6501496,9.585409,1.2336957,-0.4120388,-0.64130634,0.023555636
2.9402328,5.272645,0.64861965,9.611553,1.2408679,-0.4276111,-0.60984063,0.027861118
2.9793274,5.2394123,0.64371896,9.579272,1.1965089,-0.39578438,-0.629967,0.02739358
2.9294538,5.1974506,0.6523032,9.809251,1.2611637,-0.37991333,-0.5901116,0.006131649
2.913094,5.2139635,0.64372206,9.67477,1.4421198,-0.4848323,-0.5915351,0.0018590689
2.9378211,5.24172,0.6447766,9.759273,1.4501488,-0.4986725,-0.59432906,0.0015926361
2.9283602,5.0708456,0.68032527,9.776228,1.4388428,-0.4679427,-0.5996151,-0.0045188665
2.9340808,5.1051216,0.6424937,9.771515,1.3802533,-0.43786716,-0.6324132,-0.0061650276
2.9395556,5.102814,0.65533066,9.633058,1.4306808,-0.44498634,-0.6570569,-0.0008904338
2.9426267,5.1087956,0.62596405,9.571991,1.3630114,-0.46250153,-0.6689321,0.002215445
2.9299006,5.125538,0.6204219,9.6136055,1.3059802,-0.45187473,-0.54032207,-0.0061478317
2.9272654,5.2032466,0.6292083,9.606996,1.3183241,-0.45232654,-0.589918,0.0039263964
2.9299319,5.1276646,0.61924136,9.68017,1.3789275,-0.44810677,-0.5628729,0.005108118
2.9125912,4.9476824,0.6314862,9.689154,1.2175789,-0.55137396,-0.5907506,0.017974615
2.9121668,4.9721146,0.5519161,9.717335,1.3336959,-0.5021279,-0.60395515,0.018399358
2.9358196,4.9224043,0.6030079,9.575112,1.1987438,-0.53308535,-0.5389118,-0.00174582
2.8769946,4.9363647,0.5895597,9.47768,1.2197244,-0.54582167,-0.5506211,0.0011165142
2.897444,4.9475126,0.54989386,9.459511,1.1861827,-0.5744767,-0.53839505,0.009571612
2.8063715,4.90869,0.59634674,9.630817,1.0955517,-0.61948943,-0.5100025,0.0061213374
2.8087718,4.948346,0.57799006,9.537592,1.0728586,-0.58773756,-0.5101424,0.0042368174
2.8668396,4.870678,0.6019887,9.533761,1.1064632,-0.6037319,-0.52850527,0.015000582
2.8881383,4.753358,0.59234905,9.540806,1.1527116,-0.573514,-0.51602244,0.029949307
2.8907151,4.733317,0.60226417,9.558811,1.2728002,-0.6191578,-0.52318954,0.028538108
2.8834827,4.7865987,0.5935086,9.544133,1.2777405,-0.6118612,-0.55978775,0.025351524
2.8797588,4.8195376,0.6001097,9.601913,1.1965535,-0.6043992,-0.5529819,0.014903128
2.870235,4.858009,0.6002277,9.573452,1.3535757,-0.5519619,-0.55389726,0.013187826
2.86146,5.189992,0.5776081,9.586462,1.1978555,-0.57277846,-0.52272826,0.041292846
2.8643198,5.2202196,0.5948075,9.552399,1.3563683,-0.5505676,-0.65804994,0.037798762
2.849452,5.259403,0.6037421,9.83971,1.350642,-0.5322511,-0.6606982,0.033919573
2.9027355,5.225488,0.6247227,9.7112465,1.3283277,-0.53726625,-0.69396615,0.041392326
2.921585,5.0810213,0.6216016,9.83547,1.3214774,-0.5008192,-0.6741823,0.033789754
2.8963253,5.390028,0.6522589,9.891371,1.3095787,-0.47608447,-0.6764717,0.047266245
2.8848376,5.405302,0.63407147,9.886494,1.3037581,-0.4754758,-0.69741297,0.051990986
2.8631265,5.398047,0.6341989,9.746559,1.2885966,-0.4863367,-0.652984,0.054380774
2.9007533,5.390973,0.64124155,9.815104,1.3003972,-0.51830053,-0.6795584,0.04049325
2.8814838,5.4005346,0.639127,9.732712,1.249325,-0.5060501,-0.6521022,0.034119725
2.8849864,5.4486265,0.645524,9.673668,1.2320526,-0.5040288,-0.67592925,0.04235816
2.8830645,5.457237,0.5946176,9.681857,1.2327051,-0.48209906,-0.7033452,0.07053113
2.8801904,5.4942856,0.6079159,9.703906,1.2040107,-0.53478193,-0.78451145,0.057388842
2.901535,5.467757,0.5972147,9.656556,1.2546942,-0.5158336,-0.7533473,0.059217095
2.9112043,5.3521805,0.5883702,9.6702585,1.2484462,-0.5143955,-0.7104668,0.043667912
2.919233,5.3672476,0.6066139,9.668537,1.242003,-0.50897646,-0.70245713,0.046486974
2.9161885,5.3245544,0.6046696,9.744042,1.2477674,-0.52128124,-0.7050816,0.04241675
2.9045618,5.3283606,0.6153604,9.733377,1.2851932,-0.5227666,-0.6918424,0.048961043
2.8977745,5.353738,0.62033427,9.816568,1.3034313,-0.5268295,-0.67712104,0.043139935
2.8871424,5.3344183,0.59843063,9.702194,1.2568166,-0.52522826,-0.6838252,0.0428586
2.932026,5.3189683,0.60109854,9.668502,1.2479563,-0.43142748,-0.62135756,0.0443545
2.9114711,5.3008766,0.60748315,9.626709,1.282057,-0.44786644,-0.628107,0.051435232
2.9151068,5.3322716,0.5725715,9.627924,1.2593598,-0.46631646,-0.65233004,0.050299704
2.909113,5.3297796,0.5669532,9.536197,1.1491394,-0.45827198,-0.65433306,0.052179337
2.923325,5.3652797,0.54544806,9.498244,1.170742,-0.4486003,-0.71334016,0.05999279
2.9217525,5.3073506,0.5439757,9.517345,1.1656036,-0.45727277,-0.6827478,0.06509411
2.9221003,5.3076525,0.53097796,9.52898,1.2611768,-0.46584368,-0.63485336,0.06664783
2.9032447,5.3259387,0.54616547,9.565826,1.1776772,-0.483032,-0.594331,0.0647437
2.89296,5.3306565,0.529742,9.502659,1.2576373,-0.4942751,-0.5657104,0.0630905
2.9144385,5.3711452,0.55692685,9.694658,1.3001862,-0.4974494,-0.6466278,0.060237527
2.89903,5.214823,0.5911033,9.777864,1.296536,-0.46104336,-0.5967941,0.05736178
2.8923154,5.1663513,0.59532607,9.770914,1.3079422,-0.516768,-0.5775465,0.03112024
2.8990412,5.178567,0.58526325,9.6225815,1.3264763,-0.5027158,-0.5719726,0.028232574
2.8981988,5.1508636,0.5654297,9.550518,1.3300185,-0.47234368,-0.57299864,0.028283417
2.9212477,5.170546,0.56659365,9.599723,1.318059,-0.4847498,-0.64336365,0.039282143
2.9106045,5.2727327,0.56389856,9.609236,1.2479322,-0.54480815,-0.65610963,0.04823017
2.9086628,5.15766,0.5356451,9.626596,1.1451077,-0.5035238,-0.46104246,0.033631623
2.9104748,5.136258,0.5072223,9.620654,1.1809144,-0.49567556,-0.6044067,0.028249383
2.9079602,4.923093,0.5590354,9.5128765,1.2186499,-0.43723702,-0.48674995,0.029604733
2.9945407,4.6680603,0.5828855,9.435656,1.2144287,-0.40727663,-0.48643506,0.029533982
2.989984,4.602724,0.5840769,9.57668,1.1980867,-0.4424672,-0.50502753,0.055966914
2.989976,4.6185675,0.5883337,9.667494,1.1635287,-0.40809727,-0.4876626,0.075644314
2.9906888,4.592371,0.5953827,9.716129,1.187077,-0.37339878,-0.48158687,0.07156134
2.9919648,4.594082,0.5979755,9.709982,1.1994393,-0.40455794,-0.46300435,0.06321138
2.992383,4.612379,0.59006715,9.7460375,1.1636262,-0.40544295,-0.46658176,0.068091154
2.9770813,4.6670837,0.5913013,9.774879,1.1874518,-0.40500975,-0.48015374,0.07058126
2.9670508,4.607856,0.59931517,9.743616,1.1940322,-0.3848486,-0.504356,0.07939899
2.9751122,4.629859,0.6040962,9.739694,1.2038538,-0.41931653,-0.49295878,0.07649779
2.9775019,4.6600256,0.60716534,9.714306,1.2135592,-0.41011143,-0.5439952,0.07528961
2.9791114,4.6471653,0.60738254,9.701231,1.246814,-0.386209,-0.50935906,0.058576226
2.9718137,4.6496673,0.60769916,9.665083,1.2219663,-0.4216919,-0.4876665,0.044285476
2.9757366,4.633533,0.6239443,9.664434,1.2411532,-0.41669822,-0.47679907,0.04403484
2.9773135,4.63006,0.60568,9.627181,1.2013309,-0.4116547,-0.49883765,0.051306427
2.9960895,4.6186686,0.5955657,9.610422,1.1783257,-0.40084887,-0.47836548,0.047045708
2.9997249,4.670122,0.60520434,9.712412,1.16138,-0.43443966,-0.47817713,0.03818965
2.997103,4.647586,0.6051824,9.68929,1.2335443,-0.39387584,-0.4665277,0.04554403
1.4421566,4.271312,0.50419974,4.353159,1.9811468,-2.0951009,0.15899909,0.9471803
1.410836,4.2766843,0.51288223,4.2393446,1.9205487,-2.0922356,0.18202579,0.95646787
1.4356738,4.10627,0.51784897,4.2679048,1.9570291,-2.072152,0.14679027,0.9878044
1.3804706,3.9936109,0.6343447,4.244682,1.9759777,-2.0661669,0.088154316,0.98851264
1.334733,3.8816094,0.63435745,4.315881,1.9464855,-2.0613832,0.07074535,0.9909307
1.3349496,3.8658948,0.57886374,4.2325993,1.9418714,-2.063076,0.06407559,0.99189687
1.3722757,3.8697724,0.5955064,4.127718,1.9630244,-2.0650482,0.06498277,0.99321914
1.3418121,3.8827963,0.60426676,4.151389,1.9445481,-2.0527947,0.08707607,0.9887314
1.3212557,3.8845844,0.58670866,4.1404867,1.9510064,-2.0607157,0.091554165,0.9921508
1.3149931,3.870871,0.6397749,4.2755766,1.9491017,-2.0637128,0.08091998,0.9926506
1.2981129,3.8233762,0.61721575,4.3907623,1.9057634,-2.0621393,0.06031716,0.9917747
1.2836304,3.8999324,0.6107178,4.4135494,1.8861043,-2.0769815,0.07548869,0.9915743
1.294183,3.8630977,0.619452,4.257163,1.9091842,-2.078426,0.08629906,0.99058247
1.3629228,3.8258102,0.6339004,4.1910367,1.9046347,-2.079904,0.07896364,0.99639845
1.2995971,4.02693,0.62268317,4.1553164,1.8861804,-2.0881076,0.1111387,0.99475527
1.3142924,3.9539897,0.5726911,4.1501794,1.902422,-2.0843506,0.13210893,0.9970696
1.3344471,4.1201315,0.5758797,4.168968,1.931324,-2.0865996,0.14634311,0.99489117
1.3089375,4.194788,0.53712416,4.227039,1.9760959,-2.0974407,0.1390276,0.9857639
1.3171064,4.276062,0.5337161,4.1927114,1.9840038,-2.0879035,0.151986,0.97203875
1.3808882,4.242386,0.5306219,4.2041993,1.9901323,-2.0791028,0.14500952,0.96255255
1.3490134,4.1490498,0.5344353,4.2149496,1.9486091,-2.1076114,0.18771231,0.9601084
1.3384383,4.1661835,0.5680928,4.1997547,1.9579804,-2.1366448,0.2247814,0.94834113
1.2669055,4.167597,0.5598204,4.1559587,1.9989288,-2.145989,0.23659825,0.9508275
1.2648976,4.1970367,0.55731773,4.130398,1.9979987,-2.1401358,0.2276684,0.95629776
1.2657249,4.161545,0.5571308,4.191762,1.97662,-2.1477325,0.21631944,0.97638154
1.2419229,4.221322,0.53863907,4.17702,1.9584398,-2.1476402,0.23640323,0.99817276
1.2769376,4.3314238,0.52870214,4.220234,1.9465203,-2.1544647,0.24363017,0.9973817
1.2017889,4.462381,0.5286131,4.1903563,1.9376366,-2.1464705,0.22258937,0.9983258
1.2131518,4.3361144,0.53939867,4.301084,1.934602,-2.143777,0.2452128,0.9991579
1.2248678,4.292366,0.538501,4.3382463,1.975116,-2.1432996,0.1920979,0.9961605
1.2337036,4.401943,0.5228957,4.2868323,1.9823844,-2.1488948,0.18973696,0.998024
1.2195649,4.3923473,0.52674675,4.232441,1.956646,-2.15562,0.20977747,0.99507153
1.2785753,4.3436956,0.583235,4.1507854,1.9770455,-2.1723363,0.22456312,0.9890821
1.2207005,4.392003,0.53381085,4.3136387,1.9685528,-2.185676,0.23319769,0.98514664
1.184913,4.39579,0.51509714,4.287074,1.9760544,-2.1847074,0.22282946,0.9983398
1.1718478,4.422278,0.52976,4.3044863,1.9894023,-2.1803565,0.25226748,0.99803746
1.1648319,4.283804,0.52599347,4.318175,1.9652264,-2.1696332,0.24770296,0.99886036
1.1579282,4.417765,0.553982,4.2973895,1.9814842,-2.1763794,0.22080207,0.9969361
1.1991348,4.3240213,0.5313661,4.314435,1.9808197,-2.1558647,0.21720672,0.99244285
1.2050433,4.3774652,0.5359967,4.280181,1.9738545,-2.1535876,0.21155655,0.9916457
1.1907085,4.302671,0.554314,4.2522206,1.9759078,-2.1632361,0.22615814,0.9967201
1.2107785,4.3281245,0.54860854,4.190488,1.9909832,-2.1773643,0.21882999,0.9974843
1.1967682,4.352029,0.52046204,4.243978,1.9959509,-2.1657453,0.21451402,0.9915968
1.2005188,4.31474,0.51312315,4.2332034,1.9988983,-2.173462,0.22539246,0.999334
1.2210367,4.4045877,0.50791395,4.2370744,1.9986992,-2.167936,0.18722725,0.9988085
1.2224896,4.3592024,0.55374575,4.232687,1.998451,-2.1658535,0.19332612,0.99823844
1.2523131,4.202283,0.564201,4.23936,1.9970019,-2.1151037,0.17820752,0.9881439
1.2222252,4.0900187,0.5960263,4.274076,1.9950764,-2.1198068,0.2056967,0.98985565
1.2538959,4.1366167,0.5692885,4.23456,1.9482467,-2.1264799,0.19983625,0.987193
1.2449945,4.0266867,0.5833056,4.230854,1.9789715,-2.1034453,0.20326483,0.98896456
1.2872622,4.1370955,0.5786388,4.178539,1.9406226,-2.0998974,0.1781348,0.98957026
1.2730917,4.222377,0.5514724,4.273759,1.9662988,-2.1101835,0.17707062,0.98482037
1.258709,4.2305913,0.53601456,4.2400064,1.9746981,-2.1257825,0.1934824,0.9725907
1.2744429,4.2182317,0.5294211,4.205183,1.9977686,-2.1376386,0.18782127,0.97083163
1.2845854,4.3338437,0.52497506,4.194964,1.991065,-2.1296525,0.17510307,0.9720681
1.2868371,4.2996235,0.5155194,4.256486,1.9935503,-2.1344943,0.17382109,0.9726137
1.2750993,4.3712125,0.50259423,4.3205605,1.9987721,-2.143396,0.17582488,0.9720845
1.2829869,4.4486656,0.5231812,4.2656937,1.991236,-2.1246672,0.17439067,0.97986794
1.2867618,4.2852087,0.50186753,4.279377,1.9626584,-2.1305995,0.15739477,0.9912646
1.2965982,4.330838,0.5111079,4.247682,1.9872241,-2.1276155,0.16797566,0.98524463
1.2785126,4.2891483,0.5090587,4.434263,1.9974582,-2.132409,0.13518167,0.9850062
1.2708383,4.2144175,0.5326046,4.440819,1.9948914,-2.1327682,0.14606106,0.9847579
1.2711096,4.168445,0.5401927,4.435686,1.9969501,-2.1254494,0.13732815,0.9860344
1.266345,4.133767,0.55432343,4.498934,1.9798584,-2.1172705,0.12393117,0.98609185
1.2541823,4.2360497,0.5437157,4.4114094,1.9787111,-2.1120942,0.13061953,0.9908351
1.2813206,4.198436,0.52657247,4.4549556,1.973352,-2.1145883,0.111064196,0.9857781
1.2818382,4.2744093,0.54271173,4.4526496,1.9883995,-2.1140108,0.09952557,0.99020886
1.2881744,4.223882,0.53489184,4.46492,1.989397,-2.1181626,0.09373236,0.9891788
1.2710791,4.3962946,0.5086206,4.483742,1.9777739,-2.11634,0.07646549,0.998651
1.3093657,4.3847136,0.52390206,4.407708,1.9781654,-2.1370478,0.08992386,0.9959612
1.3199668,4.3433514,0.5370469,4.2977524,1.9689176,-2.1442611,0.113575816,0.99275434
1.2759863,4.2680564,0.54775095,4.4070377,1.9712319,-2.141956,0.10933864,0.9924426
1.2826257,4.2909117,0.5477029,4.4165163,1.9681273,-2.1416295,0.119493365,0.99344325
1.28315,4.266097,0.539243,4.443759,1.9752975,-2.1043859,0.10752833,0.99380267
1.3025615,4.2403603,0.5374887,4.430395,1.9952962,-2.0942166,0.082052946,0.987849
1.3108265,4.1888504,0.5314398,4.471601,1.9848428,-2.0864067,0.09441495,0.97517
1.3642128,4.14911,0.54189,4.3172483,1.9839013,-2.077581,0.08652341,0.97607434
1.4138834,4.0678053,0.5379982,4.2430716,1.9892867,-2.0456476,0.0590986,0.99903417
1.4333111,4.4315467,0.5314865,4.2591777,1.9716127,-2.0839062,0.039725184,0.9988649
1.4261329,4.3260946,0.5689745,4.3203044,1.9844301,-2.08402,0.020690799,0.9989165
1.4239403,4.3669133,0.54325247,4.2559175,1.991714,-2.117589,0.023766637,0.9978837
1.4148612,4.26147,0.60721064,4.2977858,1.9848504,-2.060627,0.024151444,0.99469507
1.4151589,4.2239513,0.52334785,4.222124,1.9966879,-2.0540216,0.0027303696,0.99914503
1.4333919,4.1849947,0.5134356,4.248745,1.9829617,-2.025469,-0.0044460893,0.9988079
1.4327263,4.266721,0.5749593,4.2706733,1.975393,-2.0286436,-0.0027747154,0.9984838
1.4100544,4.3105736,0.5244014,4.354715,1.9728198,-2.0376046,0.0040506124,0.9962318
1.3843024,4.254023,0.55935585,4.388744,1.9535227,-2.023684,0.0077961683,0.9952431
1.4138675,4.2497544,0.6024766,4.359308,1.9649804,-2.1096692,0.0019056797,0.99484944
1.4506924,4.158598,0.5956658,4.371365,1.8883343,-2.098238,0.025191307,0.984174
1.4738154,4.183215,0.602339,4.370817,1.9522061,-2.0736372,-0.034055054,0.98964286
1.4730761,4.2019963,0.5760193,4.306619,1.9484489,-2.117862,-0.027805328,0.9913436
1.4748752,4.282382,0.48526907,4.327377,1.9237878,-2.1102815,-0.046894014,0.98962903
1.4282895,4.0426283,0.5143298,4.3286595,1.862499,-2.1347947,-0.058277726,0.9889642
1.4395752,4.0177393,0.52942824,4.298998,1.8584406,-2.116808,-0.09171283,0.9859464
1.4672995,4.009735,0.5679207,4.2927017,1.8379266,-2.1623108,-0.07102549,0.9834813
1.4393687,4.0598583,0.5801542,4.3687387,1.8538642,-2.1647046,-0.034395695,0.98210347
1.43974,4.0820045,0.59320307,4.277472,1.8309603,-2.1390753,-0.0022382736,0.98423624
1.4513614,4.145963,0.60215664,4.25158,1.7931533,-2.1355243,-0.0028974414,0.98676515
1.4447136,4.1314325,0.61317515,4.267398,1.9140854,-2.0728765,0.0021833181,0.9851525
1.4538289,4.1920567,0.5751302,4.3182325,1.937211,-2.0426128,-0.021088839,0.99602294
1.4598836,3.9615142,0.53017807,4.2458625,1.996453,-2.0347068,-0.02436763,0.9828037
1.4589875,4.0042915,0.5892514,4.2609243,1.9854314,-2.0299447,-0.004164815,0.984367
1.44329,4.003148,0.63254213,4.289403,1.9077415,-2.042829,-0.0040110946,0.97432065
1.4138492,4.116005,0.5121139,4.2475057,1.9639864,-2.0875623,0.19361806,0.9969102
1.4449489,4.1178946,0.50714993,4.3220186,1.8856566,-2.0943253,-0.089291215,0.9998846
1.4455197,3.9768467,0.6142249,4.3176036,1.8400524,-2.0903356,-0.10192001,0.99896395
1.4572113,3.8666725,0.44839942,4.321354,1.8489277,-2.0819652,-0.12505889,0.9988719
1.4869596,3.7909698,0.45448124,4.324776,1.9229047,-2.0978627,-0.12628633,0.9984777
1.5038313,3.8365846,0.4355291,4.333348,1.9443955,-2.126728,-0.18742925,0.9839759
1.516973,3.8639665,0.43623006,4.3334002,1.9539526,-2.1152604,-0.23303074,0.99179864
1.5279922,4.197901,0.4148271,4.2845383,1.9922554,-2.1269722,-0.14123124,0.9925755
1.5607693,4.2635756,0.43689775,4.2507195,1.9933364,-2.1431258,-0.20300001,0.9686866
1.5582194,4.2331047,0.42281723,4.2448587,1.9938197,-2.1501005,-0.1318661,0.983655
1.5513545,4.235508,0.41808224,4.2488136,1.9946647,-2.149808,-0.20528817,0.9933927
1.5704844,4.2193937,0.40615892,4.275641,1.9920654,-2.1613832,-0.14324307,0.9578469
1.5513326,4.1961503,0.4118154,4.2948856,1.9928513,-2.1467333,-0.15384841,0.9754002
1.5711265,4.1760798,0.41444767,4.303843,1.9918687,-2.1227636,-0.016485453,0.9451444
1.609232,4.1700325,0.39681554,4.264883,1.9501729,-2.1031141,0.023878336,0.9043019
1.6171957,4.294909,0.39217758,4.259935,1.9747658,-2.0924768,0.020305753,0.91369414
1.636807,4.0779,0.44729114,4.2648883,1.9876983,-2.103104,0.014212489,0.9479399
1.627713,4.0550156,0.42229748,4.2694387,1.9838114,-2.0875218,0.075716615,0.9696934
1.6275016,4.3801327,0.42237568,4.253666,1.9982674,-2.0996146,-0.024243057,0.9315679
1.6222092,4.323562,0.42679167,4.182344,1.9990003,-2.1157484,-0.036490202,0.9392644
1.6151317,4.3097954,0.42701125,4.227461,1.9960201,-2.1349115,-0.02206868,0.93885624
1.6045895,4.281619,0.43060112,4.2238526,1.9336874,-2.1549969,-0.02656424,0.9341849
2.5647051,5.5450525,-0.93736076,6.4036827,0.9195807,-0.1240406,0.45679128,0.45596123
2.5727441,5.5438137,-0.91880983,6.4434013,0.98085475,-0.13060164,0.43865263,0.45028
2.5418844,5.5364842,-0.90474206,6.4374123,1.0382493,-0.14204788,0.4252528,0.4550252
2.5447729,5.6377435,-0.8911543,6.4017878,1.0344872,-0.13702416,0.4438691,0.46774405
2.5512857,5.6260443,-0.89435303,6.3740816,1.0108721,-0.13459468,0.42512834,0.4801498
2.5379093,5.6285496,-0.88204443,6.40969,1.0217044,-0.1366942,0.43149245,0.45759243
2.5397303,5.7125287,-0.90703607,6.4423018,1.0252602,-0.1344235,0.4214599,0.47108138
2.5316024,5.6975074,-0.89797926,6.4640303,1.0374737,-0.1304636,0.420761,0.46629316
2.5516655,5.7075877,-0.9140767,6.455512,1.0224612,-0.1284616,0.41744113,0.47694385
2.5356061,5.7621803,-0.90833014,6.415999,0.9984255,-0.13761044,0.4131168,0.4678502
2.5358057,5.767131,-0.87941504,6.324084,0.9964783,-0.13974261,0.41464102,0.50731015
2.5106366,5.86121,-0.86890036,6.3236103,0.9931371,-0.11373806,0.41203725,0.4992324
2.5150616,5.8293405,-0.8841863,6.3110676,1.0020926,-0.12885928,0.39917135,0.49695396
2.5208445,5.7587843,-0.91380024,6.31627,0.9743345,-0.12788868,0.39197445,0.49645782
2.513955,5.858285,-0.9240727,6.296053,1.0003028,-0.116200686,0.37939966,0.4962325
2.5135577,5.8210344,-0.91124487,6.353834,0.988394,-0.12235093,0.3766886,0.4790848
2.5028763,5.8649673,-0.91758555,6.256034,0.97174335,-0.118983746,0.37549818,0.48017657
2.5093014,5.8377333,-0.95303464,6.249757,0.97101164,-0.114078045,0.37580872,0.48261
2.5227404,5.904293,-0.9557446,6.17038,0.96509314,-0.110719204,0.37384462,0.506263
2.5131402,5.95108,-0.97943914,6.168017,0.9707606,-0.10287738,0.37649965,0.50711226
2.526763,5.913253,-0.9601774,6.2572384,0.975754,-0.10698271,0.3796252,0.50711477
2.5160837,5.8798714,-0.9599384,6.2314253,0.9922488,-0.1117785,0.3793608,0.5023098
2.5308497,5.9397073,-0.94172037,6.1902275,0.94841146,-0.11919689,0.3835528,0.51786757
2.539593,5.7552156,-0.9658507,6.249592,0.908272,-0.11872721,0.38017035,0.49377728
2.5249898,5.728253,-0.97817063,6.2368755,0.9089241,-0.106197834,0.3887676,0.46987408
2.5336132,5.76155,-0.9756212,6.2430043,0.9187412,-0.10039568,0.38921475,0.54181445
2.5327613,5.916824,-0.97969866,6.2074804,0.93566227,-0.105048895,0.3881725,0.50734687
2.55468,5.9276886,-0.969326,6.342922,0.9550166,-0.115828514,0.3895166,0.50397134
2.5621178,5.7838535,-0.9789689,6.420967,0.95470667,-0.11174059,0.40656352,0.5150621
2.560695,5.775523,-0.99880105,6.3338337,0.9162643,-0.098623276,0.4067235,0.5477054
2.5410755,5.765557,-0.98617744,6.3508973,0.90888166,-0.08593774,0.40620196,0.51834095
2.53702,5.753024,-0.98325574,6.455408,0.91747236,-0.085356,0.41082013,0.51489127
2.5529752,5.9971447,-0.99776256,6.3426533,0.9062662,-0.079263926,0.4057274,0.5042707
2.545751,6.1264944,-0.99973565,6.35055,0.8604772,-0.074931145,0.41740322,0.49827367
2.5389707,6.1113253,-0.99701715,6.4742203,0.8655076,-0.075246334,0.41841078,0.48767716
2.5197542,5.856697,-0.9828346,6.342557,0.8531077,-0.07370424,0.41069603,0.46167946
2.4978614,6.037319,-0.9762805,6.3811607,0.8634553,-0.07009554,0.402709,0.43222696
2.4900281,6.0108805,-0.9756127,6.157242,0.8782909,-0.0770185,0.39442384,0.4381777
2.4959588,5.8677826,-0.95754564,6.176202,0.8832772,-0.07990813,0.3855791,0.4950627
2.5076404,5.828145,-0.97204214,6.1469917,0.8816409,-0.09053016,0.38989246,0.49203277
2.4876041,5.851092,-0.98044336,6.132823,0.88590693,-0.083425045,0.39508057,0.45893192
2.4817898,5.836477,-0.9747596,6.1200976,0.88338923,-0.083542824,0.39313138,0.4488709
2.4591022,5.7437534,-0.97753024,6.1416316,0.8581166,-0.0887866,0.39965308,0.44495207
2.4740372,5.686169,-0.98501056,6.1570454,0.8699999,-0.10349798,0.3872422,0.4417227
2.4630098,5.681529,-0.99779856,6.134936,0.79070187,-0.09978533,0.39339352,0.44105387
2.4701958,5.657943,-0.9992793,6.1880302,0.7970741,-0.09790659,0.39525414,0.4364326
2.4687252,5.6986895,-0.99322873,6.2181835,0.7494619,-0.0979352,0.37763608,0.4307829
2.436905,5.7117553,-0.9835636,6.1943607,0.7697048,-0.08282399,0.38135743,0.4251343
2.4160185,5.7017255,-0.9644028,6.18626,0.7870772,-0.07902908,0.36844265,0.42076838
2.3901923,5.7340937,-0.93892246,6.106022,0.7996967,-0.09850168,0.33536518,0.4255141
2.400425,5.7718563,-0.95943034,6.0900545,0.77635264,-0.07559943,0.36916745,0.4275707
2.397776,5.878811,-0.97489643,6.0968075,0.8494477,-0.061493874,0.38584292,0.42058074
2.4320748,5.876395,-0.9551106,6.258433,0.8361201,-0.058036327,0.38766158,0.43027163
2.4358735,5.889426,-0.9969004,6.203562,0.8270855,-0.054801226,0.37370503,0.428818
2.430523,5.93083,-0.98746645,6.225492,0.8045533,-0.059355497,0.37129414,0.40505326
2.4299636,6.003786,-0.9926961,6.0897255,0.81500316,-0.055998325,0.37020326,0.4015633
2.4038887,5.9039025,-0.9861344,6.028755,0.80597353,-0.049387217,0.4147265,0.466075
2.3472028,5.719329,-0.9774174,6.03133,0.9017153,-0.02750063,0.42269957,0.48023117
2.3516319,5.785625,-0.9560142,6.0636454,0.92328906,-0.01681614,0.42259908,0.4648
2.3569942,5.7970295,-0.9940021,6.0268764,0.97363925,-0.016688824,0.41513526,0.47712803
2.3427634,5.845585,-0.990629,6.0302505,0.9890294,-0.015596867,0.388165,0.47744113
2.3393195,5.8629236,-0.96984065,6.0325413,0.9161093,-0.022190332,0.41202605,0.44844574
2.3467653,5.9054985,-0.99324936,6.0355988,0.99372506,-0.025920391,0.42269087,0.4457807
2.3484392,6.0222554,-0.98719776,6.023458,0.9455612,-0.01385355,0.41345334,0.46420372
2.3994603,6.091049,-0.9888881,5.9320235,0.8768058,-0.012271404,0.39723206,0.48332417
2.4010508,6.0855503,-0.9854144,5.818158,0.915504,-0.021034718,0.4021535,0.51826143
2.4008663,5.988084,-0.9955936,5.8451653,0.93110514,-0.041594505,0.41195166,0.53336453
2.4236755,6.0131397,-0.985535,5.8464317,0.87752676,-0.04093647,0.41695344,0.5324317
2.4296436,6.0590754,-0.98605263,5.7916718,0.8761511,-0.030121565,0.4243338,0.550601
2.4375572,6.098126,-0.987563,5.794833,0.8606167,-0.018210888,0.4313147,0.5561966
2.4564154,6.100975,-0.9865629,5.7332883,0.8279569,-0.017396212,0.44895566,0.5670097
2.4114287,6.1227584,-0.9956205,5.7723055,0.8156972,-0.012454033,0.4461975,0.5592817
2.4551797,6.1241546,-0.9889151,5.79385,0.8245883,-0.0085475445,0.45039356,0.55772495
2.456727,6.1073313,-0.98981756,5.8014727,0.80076385,-0.009459496,0.44500875,0.55567837
2.4373832,6.123225,-0.99383366,5.835826,0.8789594,-0.004029751,0.4548179,0.5417656
2.4205348,6.141053,-0.991007,5.807667,0.8778517,-0.0013206005,0.45497108,0.5188682
2.421172,6.19521,-0.98105407,5.818288,0.85595584,-0.002594471,0.46419096,0.5166303
2.4217756,6.210474,-0.99431145,5.763647,0.8107548,-0.010542393,0.46579146,0.48511797
2.4210334,6.1388454,-0.99116886,5.8012304,0.8071394,-0.0005338192,0.47579372,0.5310465
2.4549632,6.0933576,-0.9850994,5.801449,0.82236814,-0.02231288,0.47477925,0.5347512
2.4568212,6.1112723,-0.9741924,5.7995496,0.8272493,-0.020636797,0.46176553,0.5332737
2.4736457,6.110191,-0.9756447,5.7572327,0.8291898,-0.028263092,0.4885403,0.53523946
2.492604,6.1015987,-0.9968928,5.826132,0.82808495,-0.030347586,0.49015415,0.53867567
2.4835823,6.0792713,-0.99945116,5.8202257,0.8058307,-0.025678396,0.50161433,0.53655887
2.4815397,6.072153,-0.99987984,5.850159,0.81880784,-0.022973776,0.5089797,0.5486655
2.4737148,6.0388136,-0.9961912,5.8516126,0.82466936,-0.017682552,0.4956969,0.5367658
2.4736133,6.043582,-0.9802471,5.8872366,0.87183285,-0.016842127,0.47574496,0.5243361
2.5025797,6.066494,-0.97795737,5.8318605,0.8413508,-0.048437595,0.4894104,0.53492737
2.4356108,6.106339,-0.9586443,5.7421713,0.8180027,-0.037649155,0.48180056,0.47284937
2.441204,6.1571717,-0.99411255,5.7536573,0.8430903,-0.034958363,0.49762952,0.4960953
2.4491317,6.0623894,-0.985651,5.7609377,0.78632736,-0.068500996,0.48765206,0.50373054
2.438952,5.9999247,-0.98789465,5.843261,0.81662846,-0.040811777,0.473755,0.49226654
2.4177835,5.9731455,-0.98890257,5.8297253,0.8791101,-0.081428766,0.4324087,0.50690365
2.425168,5.970203,-0.97752726,5.824478,0.8894963,-0.09807992,0.41021132,0.4870752
2.421723,5.9780188,-0.9844237,5.804369,0.91632104,-0.0813272,0.41258323,0.49849224
2.4537234,5.9877276,-0.96045697,5.8194494,0.8973708,-0.0879457,0.40681207,0.48174548
2.4720824,6.0106506,-0.945386,5.83827,0.9018717,-0.097788334,0.40762913,0.4791317
2.4753737,5.9800935,-0.94993967,5.869833,0.9092684,-0.10036969,0.4125694,0.48254395
2.4872437,5.9853783,-0.97944105,5.827029,0.90029144,-0.10900855,0.41124606,0.48028874
2.4783778,6.025917,-0.97436315,5.8080626,0.886636,-0.12028861,0.39059997,0.4849769
2.4766254,6.0168276,-0.97122985,5.759985,0.9026389,-0.119963884,0.41866994,0.49580228
2.4089475,6.0086875,-0.99541616,5.7677016,0.8787651,-0.09759188,0.4146979,0.52081656
2.411122,5.9978886,-0.9997341,5.767338,0.8869245,-0.10066843,0.40763652,0.5267229
2.4315567,5.993115,-0.9876446,5.833892,0.9035666,-0.100179195,0.39007485,0.4946164
2.423332,5.960499,-0.9941189,5.8930206,0.9566543,-0.088742256,0.36084795,0.49137467
2.4424386,5.939974,-0.99446654,5.92645,0.94050264,-0.10037279,0.335366,0.4829495
2.4316983,5.9430294,-0.97272015,5.9507055,0.9416728,-0.08250785,0.33763123,0.4915703
2.4449964,5.975722,-0.9693238,5.9434624,0.9419863,-0.08605862,0.3510424,0.47665668
2.4432356,5.9880905,-0.99320346,5.9197483,0.95041704,-0.08853388,0.3753128,0.47920454
2.4656265,5.999152,-0.97629386,5.917601,0.9718449,-0.09949875,0.34984267,0.49076563
2.468016,6.0173335,-0.9803248,5.8686404,1.0107818,-0.09864569,0.41363704,0.50420344
2.5011747,6.0781326,-0.9840898,5.8524704,1.0217366,-0.07967901,0.41775274,0.50710464
2.497565,6.0859065,-0.9974578,5.8989887,1.0219953,-0.072722435,0.43107402,0.5020031
2.4978383,6.0022607,-0.9915321,5.941434,0.9963739,-0.0714345,0.44354784,0.507373
2.481915,5.971334,-0.9982164,5.9085736,0.9455297,-0.064723015,0.44083405,0.50575423
2.476697,5.9261227,-0.98817295,5.934286,0.95181346,-0.070839405,0.41245973,0.53245425
2.472508,5.975397,-0.9657373,5.8745203,0.9661398,-0.07200956,0.4105966,0.53612065
2.465444,6.019453,-0.96563137,5.8445315,0.9579685,-0.056879044,0.3945248,0.54142
2.4875722,6.0295067,-0.98631364,5.855207,0.94247913,-0.06420088,0.42288518,0.55149436
2.455156,5.912194,-0.9743961,5.8902354,0.93310237,-0.063464165,0.40487278,0.55194235
2.4902782,5.9284334,-0.97872823,5.954768,0.9238105,-0.059254885,0.4043373,0.5437882
2.4776306,6.095832,-0.9713601,6.0356593,0.92226267,-0.05796361,0.41103637,0.51742435
2.4702802,6.1079545,-0.97930145,6.0615315,0.8871589,-0.046030045,0.41145325,0.52567697
2.5027218,5.947674,-0.9905786,6.074584,0.9126098,-0.046491146,0.43509173,0.52417636
2.5254638,6.0278125,-0.9861057,6.0182223,0.91124296,-0.059518814,0.43326712,0.5385723
0.55235255,4.414867,-0.9357758,9.952254,0.27662158,-2.4722323,1.0537245,0.044137
0.5464186,4.4034185,-0.93888056,9.9407,0.23751593,-2.46001,1.0657139,0.04282552
0.5651852,4.419997,-0.93815213,9.995857,0.21147203,-2.4609895,1.0741894,0.049853146
0.56364274,4.4108605,-0.9253071,9.995644,0.21319342,-2.4774184,1.0734069,0.04741013
0.51896435,4.3927026,-0.92069423,9.977148,0.22228003,-2.492771,1.0027001,0.04335326
0.5212024,4.391865,-0.9051596,9.967365,0.21998072,-2.5007067,0.97274756,0.03892064
0.5391867,4.3911543,-0.902475,9.996809,0.19921494,-2.5004416,0.97168386,0.047469974
0.5886569,4.3899727,-0.9068364,9.996609,0.2586391,-2.4987502,0.9651278,0.048430145
0.5894703,4.3959126,-0.91323376,9.983526,0.25765085,-2.4948316,0.9471102,0.053470016
0.59051335,4.380539,-0.91086704,9.998856,0.20255303,-2.5002782,0.92358327,0.058926404
0.55119383,4.431153,-0.9018287,9.989731,0.20930195,-2.4978275,0.9095315,0.06496513
0.5494016,4.4499617,-0.90375066,9.993611,0.20314527,-2.5070288,0.9108424,0.056138217
0.51312095,4.6462374,-0.90399903,9.999849,0.20493293,-2.509891,0.95863163,0.044709682
0.51371205,4.629794,-0.9049761,9.998337,0.22263241,-2.5117888,0.93991625,0.046905696
0.50728774,4.662207,-0.90389335,9.92454,0.22782588,-2.5095851,0.9443413,0.04660821
0.5123598,4.4252887,-0.9093659,9.997719,0.20682311,-2.5074382,0.95467687,0.041887283
0.5070237,4.536068,-0.91039765,9.997009,0.20883465,-2.5274246,0.94327796,0.040086627
0.5007961,4.565613,-0.9155924,9.982748,0.21430469,-2.5271966,0.9655142,0.037921548
0.50038797,4.5229225,-0.92295516,9.993971,0.21710539,-2.5181596,0.98542094,0.032398105
0.5356403,4.3000946,-0.9055716,9.725336,0.2210226,-2.5279222,1.0898211,0.021913052
0.52570903,4.2736826,-0.9060531,9.9970875,0.23429894,-2.5387437,1.1194689,0.022307575
0.5560322,4.2811337,-0.90419513,9.993002,0.19493032,-2.5354311,1.089114,0.017312407
0.54364115,4.330449,-0.89228684,9.998033,0.18665576,-2.5405092,1.0960581,0.020119786
0.52545077,4.2883883,-0.9124559,9.995219,0.19909954,-2.54838,1.0844707,0.021520376
0.5137322,4.2383,-0.9201021,9.85453,0.20943785,-2.5346797,1.1126301,0.026230633
0.5149341,4.240658,-0.92383105,9.986139,0.22852373,-2.5225668,1.1143389,0.028995275
0.5119417,4.2289925,-0.9245362,9.998613,0.227489,-2.5175402,1.168536,0.036509156
0.5026538,4.188295,-0.9174438,9.901236,0.18733454,-2.516791,1.15804,0.043748677
0.50276464,4.209492,-0.93298274,9.917649,0.24473667,-2.5162647,1.1503263,0.051427245
0.5123462,4.1261454,-0.90359145,9.928557,0.24019241,-2.5133052,1.1460259,0.057870984
0.5230518,3.9940867,-0.90999603,9.995803,0.19154,-2.5451245,1.1391139,0.04299581
0.52540237,3.9447083,-0.9256009,9.921183,0.22585034,-2.5346088,1.1334176,0.041026354
0.5395696,4.1414995,-0.89941096,9.9853325,0.24604154,-2.541059,1.1427298,0.032702744
0.5385276,4.2688236,-0.8723746,9.841749,0.1743908,-2.539108,1.1439574,0.032596827
0.5499481,4.2662926,-0.8880374,9.993589,0.19614625,-2.5322447,1.1314924,0.027997613
0.52582705,4.28948,-0.8941883,9.865346,0.1972692,-2.5189404,1.1133335,0.027827919
0.52799666,4.3850536,-0.90734047,9.809914,0.23012066,-2.5234642,1.1331043,0.024865925
0.53127503,4.450736,-0.9141209,9.656511,0.26187253,-2.521843,1.1425161,0.020133615
0.53429484,4.40147,-0.924096,9.996213,0.25629163,-2.5018294,1.1414993,0.028287292
0.5425556,4.3873615,-0.9137433,9.996988,0.27894235,-2.5080466,1.1433558,0.029077828
0.50510013,4.360631,-0.91334075,9.988653,0.2681718,-2.5122943,1.1768017,0.031198502
0.5113383,4.357979,-0.90659773,9.996969,0.26462078,-2.5204701,1.1652479,0.03325528
0.5395847,4.3302517,-0.906123,9.940819,0.3107884,-2.5019417,1.1618588,0.039082587
0.51541096,4.267328,-0.9021884,9.980461,0.26657963,-2.515413,1.1789572,0.038262665
0.5286694,4.2670984,-0.9139328,9.950565,0.29980206,-2.5151544,1.1649094,0.03548962
0.5080621,4.1668487,-0.9147871,9.931145,0.25333858,-2.5433366,1.1651986,0.030684888
0.5005879,4.1838365,-0.9138507,9.934492,0.2641704,-2.5447586,1.1741974,0.033325672
0.50302505,4.3037643,-0.9148471,9.9387245,0.2667911,-2.5483737,1.1640496,0.022693992
0.5010648,4.3671994,-0.8994896,9.898067,0.22383094,-2.547237,1.168978,0.026269913
0.50108635,4.3727627,-0.88963324,9.7749405,0.27351046,-2.5394177,1.1681952,0.017234862
0.5151526,4.492328,-0.87661314,9.99579,0.2679906,-2.5460927,1.187998,0.009340167
0.51916784,4.481434,-0.87828636,9.995209,0.32131124,-2.551643,1.1941502,0.0150823
0.5187514,4.477504,-0.8803815,9.90542,0.3098817,-2.5489068,1.2058923,0.009318769
0.51839125,4.4439464,-0.8789051,9.9038,0.31142664,-2.552554,1.2027924,0.0067974925
0.52028143,4.410181,-0.8841113,9.967718,0.3832512,-2.5716927,1.212256,0.0053171515
0.5233828,3.9074328,-0.8845216,9.961943,0.35995317,-2.5788736,1.2039747,0.011029601
0.5179651,3.8109064,-0.87271667,9.982712,0.38288808,-2.5969415,1.2178175,0.00383991
0.5186104,4.4460855,-0.8661921,9.995409,0.33594036,-2.5971777,1.2131462,0.0026636124
0.52196354,4.512621,-0.8719115,9.994789,0.34520698,-2.5777214,1.1929688,0.0037587285
0.53020597,4.502408,-0.870963,9.997854,0.29208803,-2.5515735,1.1885371,0.005084753
0.53513503,4.4994164,-0.86153567,9.9916115,0.29211044,-2.5583766,1.192378,0.008119941
0.5136472,4.5115643,-0.8570911,9.9943905,0.25234556,-2.5629258,1.1824362,0.01099956
0.5309664,4.5176077,-0.85758054,9.971705,0.264184,-2.5585012,1.1932726,0.001139164
0.53793305,4.5186653,-0.8566177,9.93569,0.2580402,-2.5520968,1.1812103,0.009674907
0.5205588,4.540136,-0.8618593,9.9326515,0.25700164,-2.5428758,1.1617103,0.0127693415
0.5258161,4.50527,-0.85943985,9.978958,0.25172997,-2.5508895,1.1853871,0.010243535
0.519374,4.45169,-0.85898656,9.918087,0.3139751,-2.5535536,1.1863749,0.021505356
0.52039635,4.4302645,-0.8565429,9.984497,0.30874443,-2.5560024,1.2049942,0.018538833
0.52273667,4.4240904,-0.8387648,9.977608,0.25369263,-2.5520008,1.2029209,0.019019306
0.5257929,4.4222813,-0.84808886,9.97982,0.27951407,-2.5790024,1.1944058,0.013105392
0.5398717,4.3081746,-0.8554059,9.989016,0.26297998,-2.5730932,1.2007854,0.014291167
0.50997347,4.323804,-0.85566175,9.988642,0.22931242,-2.569461,1.1975148,0.011847198
0.51108056,4.51684,-0.8682983,9.79468,0.2558279,-2.5606132,1.1776326,0.010240316
0.5188636,4.5379047,-0.8619894,9.997267,0.23124886,-2.5543969,1.1406374,0.0072796345
0.53585315,4.5328693,-0.8593917,9.997364,0.28806472,-2.5575924,1.1673102,0.003898263
0.5149271,4.56529,-0.8583953,9.924793,0.2530489,-2.5629292,1.1753738,0.0059952736
0.50759625,4.605501,-0.86820877,9.971446,0.28164768,-2.563535,1.1787758,-0.0026577413
0.50722986,4.590017,-0.8717875,9.945611,0.29401326,-2.55939,1.1694179,0.002614379
0.51017046,4.5285635,-0.8666713,9.987815,0.27251124,-2.5594354,1.183074,0.009367883
0.5088006,4.5630226,-0.8594923,9.961961,0.30345345,-2.5602992,1.1941748,0.009484053
0.5060171,4.5643272,-0.8561339,9.963039,0.306885,-2.5519488,1.2104921,0.009960175
0.5106785,4.588855,-0.85573804,9.856493,0.30392623,-2.5367603,1.2068467,0.008314371
0.5056402,4.6247196,-0.8019147,9.967403,0.3004465,-2.556428,1.2124181,0.006189823
0.5034555,4.614979,-0.79481655,9.95874,0.36012197,-2.5624979,1.2601256,0.008061945
0.5048479,4.6895905,-0.8013298,9.949044,0.36878157,-2.5506089,1.2613087,0.0011187792
0.50543773,4.6094837,-0.81783503,9.98303,0.3453269,-2.5486486,1.2631786,0.0045098662
0.5081212,4.6384497,-0.8200395,9.794006,0.353554,-2.5559025,1.2425232,0.0026630163
0.50731283,4.6538086,-0.81923735,9.866346,0.33974457,-2.5766635,1.2392478,-0.002234757
0.51109856,4.634697,-0.8241318,9.808025,0.35252166,-2.5746224,1.2249751,-0.0028867722
0.5104539,4.571876,-0.8255975,9.770253,0.3500049,-2.5766928,1.23611,-0.004198551
0.51175296,4.5406,-0.8346388,9.828014,0.27402472,-2.5845838,1.1971471,-0.008449793
0.5021916,4.5779104,-0.8497944,9.8069725,0.2445612,-2.5933132,1.1869001,-0.0029429793
0.50580394,4.624906,-0.8540896,9.967161,0.22386646,-2.5721707,1.1321473,0.00048446655
0.50141567,4.605779,-0.85933536,9.987593,0.22377253,-2.5746424,1.1285844,0.0016777515
0.5017209,4.441389,-0.87184453,9.845997,0.23181081,-2.5730278,1.1807592,0.0030231476
0.50775707,4.3676496,-0.87882566,9.972742,0.24186087,-2.588131,1.1702359,0.0043185353
0.51095665,4.3217473,-0.87955093,9.949019,0.25507975,-2.6010633,1.1766069,0.004749894
0.5124856,4.333283,-0.8732918,9.963572,0.23330164,-2.5981205,1.1842625,0.0021757483
0.5263283,4.35653,-0.87430286,9.9918785,0.2772081,-2.5957723,1.2233348,-0.0033407211
0.5263013,4.363498,-0.87791944,9.994055,0.3675723,-2.598946,1.224926,-0.0053456426
0.52440864,4.325693,-0.8738822,9.968537,0.33728886,-2.580781,1.2332258,-0.0017559826
0.5251494,4.3955727,-0.839134,9.960558,0.34262586,-2.5750794,1.2309864,0.0065872073
0.5270065,4.3198566,-0.8583583,9.918668,0.3418367,-2.5713847,1.2277367,0.00875932
0.52466285,4.268888,-0.8492274,9.907587,0.31982446,-2.5861402,1.2176292,0.01698172
0.5106064,4.3051047,-0.8580996,9.9028,0.25716305,-2.5679584,1.2061281,0.0148047805
0.53446805,4.249695,-0.849996,9.91955,0.22529626,-2.5746398,1.1640997,0.019831836
0.5300424,4.210584,-0.8781369,9.981377,0.24238515,-2.5774493,1.1920702,0.020308375
0.5051763,4.1917696,-0.8796204,9.946083,0.25302863,-2.5686734,1.1814089,0.029677749
0.5029854,4.0913763,-0.9013283,9.942249,0.29408026,-2.5631194,1.192111,0.030231833
0.50457186,4.1510324,-0.8832861,9.968269,0.32878494,-2.5617785,1.205318,0.0268265
0.5098673,4.1216106,-0.9026463,9.9760685,0.32557678,-2.561905,1.1978145,0.028118134
0.5184724,4.379551,-0.87770414,9.9661045,0.3024571,-2.5436218,1.1944551,0.030231595
0.5172722,4.1205015,-0.85555947,9.94231,0.40511632,-2.5442848,1.2169025,0.030863345
0.51554215,4.278966,-0.849877,9.925085,0.36656928,-2.548193,1.2304018,0.027722836
0.5292628,4.356805,-0.84007215,9.965208,0.3134675,-2.5775037,1.2268641,0.01771766
0.5160009,4.225589,-0.83243144,9.929546,0.26903415,-2.5936105,1.2206116,0.015987754
0.50168514,4.2183948,-0.83647865,9.899942,0.24420929,-2.5849903,1.2165585,0.01518774
0.53296995,4.21899,-0.86043465,9.996797,0.25238037,-2.5834577,1.1945362,0.01602894
0.51873964,4.165428,-0.83658826,9.997839,0.20457172,-2.58357,1.202718,0.01678127
0.5182616,4.073336,-0.83781576,9.992052,0.33242655,-2.5688524,1.2162347,0.02215004
0.5179426,4.332176,-0.8097422,9.99164,0.32737088,-2.573091,1.2335308,0.02620393
0.5082688,4.3016205,-0.79540545,9.970926,0.2890458,-2.5745287,1.2338729,0.026637435
0.52502865,4.067112,-0.80136305,9.963556,0.29446888,-2.5792737,1.2228801,0.028178751
0.51952046,4.1955214,-0.7688662,9.880299,0.19703221,-2.5923324,1.2333038,0.023328006
0.53674066,4.324564,-0.73386776,9.98923,0.2579043,-2.595777,1.2440524,0.019726098
1.9437999,7.272282,-0.66965735,5.507779,-1.50751,-1.9691987,0.82778597,-0.037099063
1.9454272,7.271842,-0.6704948,5.4616823,-1.5020636,-1.9657086,0.77403104,-0.03875637
1.9419079,7.245036,-0.6271272,5.4809604,-1.5020841,-1.9529759,0.80085623,-0.042462587
1.9919527,7.2588525,-0.5914428,5.4873257,-1.4905274,-1.9583385,0.790504,-0.0707922
2.0074682,7.3073215,-0.6331317,5.477385,-1.4953156,-1.9539382,0.76641,-0.0666531
2.0328853,7.3082504,-0.65575576,5.519174,-1.5064663,-1.9484961,0.7977407,-0.06814495
1.9963715,7.3040533,-0.66344064,5.5469747,-1.5127158,-1.954616,0.8075391,-0.07790154
2.1923127,7.2593646,-0.6436499,5.5635633,-1.5269212,-1.9354154,0.8156533,-0.13525367
2.1824195,7.252103,-0.5001762,5.5949936,-1.4868288,-1.9431772,0.7946143,-0.093797594
2.147893,7.2564282,-0.59758735,5.595756,-1.5318379,-1.9430227,0.7464969,-0.095771134
2.1466804,7.290164,-0.6038251,5.585058,-1.5290008,-1.9692538,0.76995206,-0.097902834
2.1466856,7.31979,-0.61849463,5.519331,-1.5287423,-1.9736682,0.785437,-0.084056795
2.1426284,7.3091707,-0.6135669,5.5435176,-1.5555712,-1.952117,0.75842965,-0.09369692
2.1042976,7.327519,-0.66891885,5.6320415,-1.5504789,-1.9437728,0.78994703,-0.08269358
2.094541,7.3225856,-0.6650143,5.69065,-1.5410428,-1.944615,0.80915797,-0.07966137
2.1417522,7.325793,-0.67786217,5.669922,-1.5517603,-1.9473093,0.7959167,-0.080301344
2.1495895,7.330268,-0.6395273,5.6981134,-1.5561433,-1.949864,0.7700342,-0.084727466
2.14679,7.3215537,-0.62073195,5.6643467,-1.5523531,-1.943404,0.7763536,-0.056263924
2.148259,7.3302183,-0.679675,5.7211266,-1.5529747,-1.9387339,0.765728,-0.08438134
2.1812577,7.347127,-0.67942077,5.755743,-1.5144569,-1.9641142,0.7630912,-0.08600867
2.1165564,7.335062,-0.68304014,5.7524304,-1.4733357,-1.9879928,0.77235377,-0.08792749
2.1013258,7.2786164,-0.6420265,5.7737417,-1.4166507,-1.9975789,0.7232051,-0.09137797
2.1060479,7.2696977,-0.64157903,5.761653,-1.396918,-2.013817,0.73215044,-0.09425861
2.1281872,7.28677,-0.6543612,5.640217,-1.3970193,-2.0088305,0.7919785,-0.13645011
2.1101394,7.2761145,-0.65281796,5.679339,-1.425396,-2.0005798,0.79313266,-0.12341201
2.105182,7.284914,-0.6219399,5.6803474,-1.4220839,-2.0023615,0.77516234,-0.13133633
2.1048207,7.2800198,-0.6285584,5.6807885,-1.4444923,-2.0085838,0.81241715,-0.1401869
2.1031647,7.139597,-0.6304941,5.64429,-1.449548,-2.0023298,0.81371975,-0.11689985
2.1453345,7.149684,-0.5897001,5.627198,-1.5009252,-1.9609225,0.82419384,-0.12638763
2.148759,7.1363506,-0.5942171,5.629163,-1.4630759,-1.9556451,0.83203566,-0.11860621
2.175413,7.1238236,-0.5935397,5.6652436,-1.497464,-1.9410758,0.8397877,-0.10058895
2.1489732,7.123505,-0.54842144,5.606797,-1.4791856,-1.948999,0.84758604,-0.096426845
2.117139,7.119565,-0.5498431,5.4412537,-1.4886355,-1.9634848,0.8432183,-0.09755236
2.1120343,7.1154604,-0.5710899,5.4069867,-1.4837487,-1.9565836,0.8627691,-0.095246136
2.1405337,7.1806474,-0.5933231,5.6395087,-1.4846976,-1.9678457,0.9212351,-0.06548947
2.0737863,7.1093454,-0.6090585,5.489256,-1.4941418,-1.962522,0.9359983,-0.07422155
2.0576475,7.0683565,-0.6138151,5.485133,-1.4822929,-1.966748,0.9344176,-0.118492365
2.0431426,7.0539794,-0.60085946,5.4629683,-1.4095085,-1.9642752,0.9482819,-0.11613011
2.0481107,7.0484886,-0.5524786,5.3968515,-1.4304452,-1.9761037,0.9407548,-0.16137552
2.0945477,7.055242,-0.56216323,5.5014915,-1.4370701,-1.989491,0.9296715,-0.08129597
2.0933378,7.0082574,-0.5773376,5.707665,-1.4403716,-1.982982,0.94343746,-0.083836615
2.0801687,6.986011,-0.5664931,5.5596857,-1.4222543,-1.9792044,0.92703927,-0.08044699
2.0741115,6.969338,-0.5622295,5.5378284,-1.4216955,-1.9815719,0.9326221,-0.13559708
2.0665739,6.969431,-0.563515,5.537159,-1.4151342,-1.9802825,0.9191644,-0.07722056
2.0884752,6.9737864,-0.5676232,5.5576897,-1.421299,-1.9734988,0.90332806,-0.1088168
2.0973775,6.9655375,-0.5778714,5.597144,-1.4016728,-1.9829531,0.9067037,-0.1208781
2.0944238,6.9699607,-0.51405215,5.5694165,-1.4000738,-2.0137844,0.91064644,-0.114539325
2.0888307,6.960253,-0.5172236,5.662129,-1.389786,-2.025829,0.9017707,-0.1137988
2.0896375,6.989885,-0.5275874,5.667555,-1.3833804,-2.040299,0.8980963,-0.11469686
2.08735,6.9923067,-0.534016,5.621973,-1.3871567,-2.0295212,0.8943157,-0.11550778
2.0801225,6.9952707,-0.52806085,5.630753,-1.3797159,-2.034995,0.8922262,-0.10462558
2.088637,7.0038304,-0.534468,5.718329,-1.3793088,-2.0316427,0.8870555,-0.084195286
2.0914824,7.0058126,-0.5348712,5.68136,-1.3730518,-2.0262778,0.8906512,-0.07747948
2.0674508,6.9978147,-0.5398135,5.6793222,-1.3701152,-2.0339487,0.8909055,-0.08174589
2.0573359,6.9996805,-0.5054703,5.671812,-1.3728349,-2.03967,0.89626205,-0.0832971
2.0488663,6.9612417,-0.5402012,5.676646,-1.3694662,-2.0436504,0.8846028,-0.08464736
2.0868359,6.9832606,-0.52077276,5.617202,-1.3662181,-2.0143769,0.86674666,-0.07232046
2.0983052,6.9814377,-0.5506965,5.7415376,-1.3669832,-1.9957296,0.8667922,-0.09582302
2.0987468,7.016186,-0.5656389,5.6448755,-1.3800342,-1.9949622,0.9187535,-0.06818357
2.0911722,6.926808,-0.5734719,5.691062,-1.4047709,-1.958525,0.9175973,-0.025614232
2.0903494,6.9357147,-0.56576365,5.732987,-1.4068128,-1.9755377,0.9027991,-0.028433591
2.0936255,7.020721,-0.5853951,5.515092,-1.366379,-1.977949,0.915267,-0.09969434
2.056246,7.020987,-0.5856858,5.518486,-1.3727396,-1.9814408,0.91372335,-0.114494145
2.0595455,7.0170836,-0.5627295,5.502058,-1.3781679,-1.9834799,0.92855656,-0.11248222
2.0612862,7.007617,-0.58223534,5.5041933,-1.3829114,-1.9878111,0.92506516,-0.123649955
2.0669413,7.0178003,-0.59126633,5.5155296,-1.3735867,-1.989913,0.91817653,-0.12525499
2.0511413,7.004241,-0.5602509,5.5152035,-1.3730162,-2.0070658,0.94840443,-0.13582885
2.0637503,7.0176287,-0.55687463,5.521036,-1.3746043,-1.9758735,0.9210912,-0.14445922
2.083493,7.0163097,-0.5555226,5.504613,-1.3524029,-1.9717153,0.9467766,-0.118730605
2.0682404,7.0074196,-0.5443276,5.5155993,-1.3591113,-1.9670479,0.94627714,-0.13449717
2.0751014,7.046719,-0.5415375,5.5160656,-1.4432638,-1.9947815,0.8827027,-0.11046213
2.0648298,7.00339,-0.5289099,5.5337663,-1.4075911,-1.9869564,0.8677567,-0.1203672
2.0671585,6.9982834,-0.54398525,5.5468426,-1.4030848,-1.9845326,0.87287223,-0.081279635
2.0504093,7.010029,-0.4985901,5.541956,-1.3940157,-2.00877,0.88451254,-0.082728505
2.0782423,7.0198326,-0.47803771,5.4699674,-1.3540843,-1.9773486,0.87224567,-0.081618905
2.0535638,7.0625906,-0.45024872,5.456172,-1.3406858,-1.9773335,0.82114077,-0.07645014
2.0524316,7.036226,-0.4564327,5.4655294,-1.3452144,-1.9875906,0.8391658,-0.06917691
2.0720177,7.0480075,-0.44802856,5.4858503,-1.3560166,-1.9544524,0.8264712,-0.07341352
2.0648494,6.982193,-0.4584974,5.5086527,-1.3434591,-1.9651116,0.8240609,-0.061888993
2.0652022,6.935845,-0.46459717,5.5505667,-1.3389939,-1.953352,0.8253068,-0.056316227
2.0224323,6.9595523,-0.5422888,5.5134068,-1.3590662,-1.9665827,0.7859386,-0.06343907
2.02362,6.947369,-0.5148858,5.5506344,-1.3123951,-1.9410658,0.7734368,-0.062062025
2.0270097,6.946916,-0.57487893,5.5726137,-1.315633,-1.9328927,0.78091,-0.059759676
2.017576,6.9206705,-0.57650757,5.570519,-1.3396657,-1.9329398,0.80701363,-0.060192823
2.0283241,6.9019322,-0.4877388,5.6732054,-1.3475766,-1.995499,0.8324864,-0.051157087
2.0412996,6.9568567,-0.49799526,5.691065,-1.3800093,-1.9734852,0.8323699,-0.042732418
2.064065,6.928694,-0.53383493,5.673242,-1.3766971,-1.9793389,0.8644643,-0.04160899
2.064845,6.9503207,-0.5330361,5.6761675,-1.3753786,-1.9683712,0.86739767,-0.06841639
2.0549498,6.918858,-0.51799065,5.672305,-1.386889,-1.9771026,0.88263595,-0.04628706
2.0489678,6.8863497,-0.53550243,5.6618276,-1.3965828,-1.9650168,0.88324547,-0.031592846
2.0338478,6.896295,-0.5445107,5.6507998,-1.3968985,-1.9684278,0.8831928,-0.040167004
2.0231004,6.8883843,-0.5474014,5.668717,-1.414207,-1.963449,0.89663625,-0.035022378
2.033641,6.9058228,-0.56543,5.5686827,-1.4397297,-1.9565378,0.8839941,-0.041152596
2.0268235,6.8886914,-0.56130445,5.5402317,-1.436251,-1.9642367,0.8855474,-0.048615813
2.0909805,6.9466586,-0.54764307,5.6327114,-1.4153838,-1.987719,0.9352864,-0.050113678
2.0826473,6.944773,-0.53874147,5.66409,-1.4034929,-1.9809585,0.9476603,-0.044311196
2.0876317,6.9379816,-0.54093724,5.7294874,-1.4031724,-1.970592,0.9386606,-0.04532206
2.0884044,6.9276757,-0.55212724,5.677338,-1.3942561,-1.9893814,0.9218192,-0.0670591
2.0712683,6.8866677,-0.5697917,5.728129,-1.3970888,-2.011565,0.9286165,-0.061118633
2.0170617,6.965362,-0.5257947,5.727064,-1.4008005,-2.05664,0.9274409,-0.06810719
2.0168333,7.011141,-0.53101504,5.713603,-1.4027016,-2.0506644,0.93589044,-0.07175398
2.0117435,6.889668,-0.5010611,5.6986465,-1.4164381,-2.0020404,0.93419313,-0.04175377
2.0121255,6.9005203,-0.4891399,5.6988916,-1.4135725,-2.008545,0.92649794,-0.046307206
2.0030727,6.8879204,-0.4848742,5.7078047,-1.4119813,-2.0170782,0.9178498,-0.036834627
2.0513492,6.8646145,-0.55864346,5.7635326,-1.4013515,-1.963181,0.9200504,-0.018173575
2.0652118,6.891325,-0.5387562,5.787167,-1.3872509,-1.9711378,0.885687,-0.010562599
2.0595126,6.910233,-0.53531003,5.751286,-1.3912224,-1.9637709,0.8742875,-0.012826562
2.074173,6.9054103,-0.52763706,5.8073626,-1.405694,-1.9531726,0.8889445,-0.0057991743
2.0906048,6.9280543,-0.5059689,5.800956,-1.3861175,-1.9380649,0.8814391,0.0054904222
2.0963125,6.8920097,-0.5066843,5.8041162,-1.3843307,-1.9757891,0.8778845,0.002847433
2.0984712,6.901151,-0.49362856,5.8043995,-1.3812172,-1.9558651,0.89009666,-0.00012552738
2.0969043,6.9333596,-0.505892,5.822006,-1.3871791,-1.9616975,0.88045454,0.012274623
2.0965533,6.9220405,-0.3851881,5.8558187,-1.3913708,-1.9660916,0.88824296,0.01279211
2.1010432,6.912352,-0.5667449,5.8984065,-1.3875458,-1.9051117,0.82301176,0.015651107
2.1018243,6.935086,-0.5776669,5.902561,-1.3749408,-1.9467113,0.80369544,0.03878224
2.0794792,6.870142,-0.5586286,5.9193764,-1.3776393,-1.9440007,0.8112327,0.017355263
2.0871642,6.8686724,-0.63423187,5.8619194,-1.3670437,-1.9045875,0.8052294,0.013617516
2.0521944,6.899909,-0.6343229,5.82387,-1.3792673,-1.8899047,0.79631734,0.030144513
2.0441256,6.8714557,-0.6366993,5.8462696,-1.3890332,-1.8818022,0.80211556,0.03787756
2.0402117,6.8706527,-0.63952065,5.8659277,-1.3949767,-1.9064136,0.8061602,0.047058582
2.0392601,6.84142,-0.6332121,5.881003,-1.3952115,-1.8944051,0.7978928,0.051034212
2.0407178,6.8122244,-0.62940896,5.8862853,-1.3876922,-1.8941544,0.7960392,0.045499682
2.025041,6.7570386,-0.61841494,5.8862,-1.3887532,-1.9004754,0.7807573,0.045176744
2.0302587,6.7485027,-0.6148304,5.8816366,-1.3816082,-1.8997477,0.8016987,0.04823631
2.028573,6.754624,-0.6178531,5.868477,-1.3850616,-1.8876812,0.7923955,0.04707676
1.6102798,4.091731,-0.78761303,3.4903808,-0.04073429,-2.8049233,1.4151099,0.44075227
1.6323109,4.1163397,-0.80176973,3.4849236,-0.088171124,-2.8074996,1.4321721,0.4268511
1.7565674,4.091132,-0.80119926,3.4365554,-0.100720644,-2.8070288,1.4317353,0.4354756
1.749622,4.1048594,-0.8349212,3.4667823,0.10533571,-2.8169444,1.4277492,0.43478274
1.7078044,4.118595,-0.846178,3.4831953,0.0035836697,-2.8148692,1.4238429,0.43665302
1.6996342,4.1230655,-0.8744352,3.481502,0.004781246,-2.8149595,1.3828547,0.42205745
1.7143381,4.035038,-0.87610775,3.5986452,0.036584616,-2.818133,1.3768399,0.42824042
1.7166421,4.0437937,-0.8925214,3.6096973,0.019538403,-2.8190782,1.3602118,0.42563838
1.7071807,4.0388355,-0.88805854,3.6499405,0.029476404,-2.800264,1.3570871,0.42761934
1.7203032,4.1430483,-0.90050924,3.6567094,0.034929276,-2.7948492,1.328273,0.43501782
1.6728601,4.054594,-0.8949958,3.6781306,0.018806458,-2.7947755,1.3276381,0.4316604
1.673593,4.0347185,-0.8969668,3.702283,0.012493372,-2.8066492,1.3096938,0.43348718
1.6973271,4.0344377,-0.89745164,3.588826,0.03892255,-2.8078268,1.2908077,0.41837478
1.728859,4.0294557,-0.89290965,3.5901747,0.021841288,-2.800151,1.3060784,0.4205171
1.7791413,4.0863605,-0.8904574,3.5846326,0.04392457,-2.7948768,1.3074908,0.42425847
1.7312542,4.179596,-0.91367704,3.5496583,-0.019347548,-2.7952538,1.353015,0.42625964
1.7340024,4.2482247,-0.915764,3.5492916,-0.0073446035,-2.791986,1.3833807,0.40986967
1.7465059,4.215864,-0.8862777,3.525621,-0.0401479,-2.7949102,1.4295893,0.40822184
1.7568246,4.201288,-0.9095806,3.5288877,-0.04169655,-2.784274,1.3816125,0.42508477
1.7522168,4.1531487,-0.90218914,3.5355668,-0.01949203,-2.7823043,1.3389897,0.4322638
1.7354361,4.152545,-0.88236314,3.5882845,0.0011534691,-2.7684162,1.3473873,0.46235847
1.710677,4.1267433,-0.8720403,3.6317344,0.053307056,-2.7777998,1.3401868,0.4522035
1.7176237,4.1639194,-0.87927765,3.6649327,0.036972046,-2.7632875,1.3474569,0.44445503
1.7191793,4.160741,-0.895453,3.658714,0.036612272,-2.7682176,1.3386757,0.44478488
1.7163926,4.2265205,-0.895464,3.6221597,0.020925522,-2.7702482,1.3554938,0.4350615
1.7275697,4.21568,-0.8882554,3.604911,0.0025405884,-2.7752247,1.3825965,0.42131817
1.7405016,4.2209234,-0.8984437,3.570072,0.04268098,-2.7769916,1.3265741,0.42728007
1.7326881,4.2022896,-0.89317083,3.555987,0.031527042,-2.7790692,1.3146422,0.43380022
1.6781625,4.229972,-0.8916097,3.5502152,0.022695303,-2.7698245,1.3091242,0.4298687
1.7009625,4.2752934,-0.9155266,3.585774,0.03813958,-2.7779827,1.2972567,0.42663443
1.6842306,4.268297,-0.9378247,3.6147676,0.052888155,-2.7737665,1.2280989,0.41191745
1.6831886,4.2450743,-0.9326638,3.651945,0.07999921,-2.782473,1.2051136,0.42423284
1.6721597,4.226674,-0.92458063,3.6235712,0.06489992,-2.8029883,1.2004802,0.46000433
1.6725059,4.361911,-0.96209896,3.5540152,0.013272047,-2.7778533,1.2966669,0.43915135
1.6763686,4.3973274,-0.97402215,3.5015955,-0.11388874,-2.7808783,1.2619967,0.43820524
1.6687881,4.3954844,-0.97022885,3.5176811,-0.08387923,-2.7864523,1.2660873,0.4342115
1.6709175,4.366272,-0.9491291,3.4821076,-0.11238587,-2.7844837,1.2641592,0.43374294
1.660702,4.3681846,-0.9589867,3.4808493,-0.13849413,-2.7733898,1.1967218,0.43442065
1.6535124,4.3809347,-0.9538362,3.4289777,-0.14260972,-2.7848656,1.1650872,0.45478433
1.6601853,4.3620553,-0.9021144,3.4197805,0.015841246,-2.8059015,1.1337357,0.46015698
1.6744019,4.335371,-0.9007111,3.4208894,0.034298897,-2.7861412,1.1311226,0.44683784
1.6929209,4.2758265,-0.9028808,3.4399512,0.11166024,-2.7896066,1.1515284,0.4291551
1.6923656,4.2725534,-0.89886534,3.4415064,0.11644435,-2.782918,1.1438272,0.44400114
1.695922,4.290719,-0.9025898,3.4505866,0.10956049,-2.7880979,1.1687939,0.4251207
1.7009655,4.3248653,-0.91385216,3.4474087,0.0433681,-2.7863245,1.1878293,0.46188807
1.6917872,4.341501,-0.9072281,3.4332643,0.04224515,-2.7741146,1.1916375,0.45037508
1.6956387,4.390194,-0.90108126,3.419656,-0.02473104,-2.7660048,1.2363071,0.46504503
1.7040133,4.3434095,-0.8972767,3.407672,-0.015080333,-2.7732813,1.2211609,0.41723716
1.6979367,4.360113,-0.90139735,3.398412,0.043376207,-2.7894132,1.2129242,0.41715395
1.6974671,4.3537207,-0.8976253,3.394043,0.08096719,-2.7833543,1.2012525,0.42278558
1.7068224,4.315503,-0.9138242,3.4225307,0.037202835,-2.782079,1.2054796,0.4068563
1.6962498,4.372588,-0.91184616,3.4837527,0.081519365,-2.7657173,1.245491,0.40228748
1.6965306,4.3447046,-0.91945857,3.4525652,-0.037928104,-2.7726207,1.2990358,0.40507996
1.6824955,4.339919,-0.904513,3.4167824,-0.037763476,-2.7688766,1.2819953,0.40591943
1.6779577,4.253635,-0.8859702,3.3946764,-0.039850235,-2.7716281,1.2758663,0.4064989
1.6817863,4.3726687,-0.9008781,3.4304674,0.007142782,-2.772906,1.2714849,0.4080497
1.6941447,4.3317876,-0.9047023,3.4734206,-0.013642073,-2.7850628,1.3126152,0.35589457
1.7175931,4.374626,-0.80815494,3.469739,0.060173273,-2.794035,1.2753685,0.3364309
1.6882035,4.3030877,-0.881969,3.389155,0.06454396,-2.8020873,1.2648215,0.34003162
1.683038,4.329275,-0.8271457,3.4217193,0.045160294,-2.8025186,1.230027,0.34391534
1.6964912,4.433878,-0.87051725,3.6515245,0.03275466,-2.7838802,1.2292361,0.3462962
1.6935022,4.3595495,-0.80733323,3.668441,0.047775745,-2.7898996,1.1964011,0.3475024
1.7046124,4.3841944,-0.8124962,3.691739,0.042523384,-2.793674,1.2018356,0.35173225
1.6619983,4.3455253,-0.8860544,3.4196503,0.06983781,-2.8015087,1.2810099,0.36086297
1.6441281,4.3093166,-0.8230121,3.46729,0.07728958,-2.792835,1.2943306,0.3723125
1.6482915,4.2040157,-0.82141834,3.4624906,0.023204327,-2.791205,1.2243693,0.39008915
1.6569113,4.1986074,-0.8499718,3.4093745,0.005185604,-2.7898278,1.2933037,0.41345686
1.6416007,4.2157006,-0.84283197,3.4404414,0.0113761425,-2.7850933,1.2870431,0.40478826
1.6769806,4.197322,-0.86806554,3.4988005,0.06254578,-2.7982607,1.2718644,0.4068761
1.6771246,4.2137156,-0.87794995,3.459464,0.07847667,-2.800999,1.2758527,0.4018919
1.6798295,4.180282,-0.86041474,3.4560924,0.08321357,-2.8110557,1.2713778,0.39799833
1.6662748,4.156631,-0.8723974,3.453331,0.087347746,-2.816417,1.1637642,0.41105592
1.6747826,4.163395,-0.87299925,3.4618733,0.08598733,-2.8143837,1.1897936,0.41405785
1.6577953,4.1997857,-0.86973065,3.4998546,0.08778453,-2.8139298,1.2478826,0.41644412
1.6591922,4.241189,-0.87297165,3.5206022,0.111242056,-2.788441,1.1545873,0.43068486
1.6514429,4.3040547,-0.8665551,3.4432626,0.08361864,-2.7909212,1.1606297,0.43071508
1.634537,4.284441,-0.84688944,3.454884,-0.050446272,-2.7767482,1.1684864,0.44279444
1.629255,4.350959,-0.8396811,3.5704618,0.031639576,-2.7726285,1.1296875,0.45888126
1.6284257,4.0045986,-0.84447396,3.596929,0.043192863,-2.7742462,1.188972,0.45896578
1.6250844,4.175508,-0.8283661,3.612697,0.07579923,-2.7685857,1.1821797,0.45494318
1.625813,4.1746273,-0.83060414,3.7012491,0.06335616,-2.7610521,1.1508272,0.4506008
1.6384876,4.2685785,-0.9013662,3.6991882,0.07030368,-2.7511034,1.1810982,0.42521966
1.612691,4.1735897,-0.8665637,3.7060282,0.054712772,-2.7764862,1.2731442,0.4137596
1.6085758,4.196701,-0.8825961,3.7179108,0.010185957,-2.7649195,1.2745616,0.39755923
1.5866212,4.2355337,-0.89809096,3.7367153,0.0009713173,-2.7778575,1.2881176,0.423357
1.6163292,4.229332,-0.90857315,3.683757,-0.02104175,-2.786924,1.288507,0.4887612
1.6199017,4.2256927,-0.9108957,3.7335823,-0.0052604675,-2.785624,1.2761579,0.4708354
1.6182997,4.179614,-0.9236599,3.739556,-0.011067748,-2.787242,1.2251415,0.47064495
1.6196328,4.2442107,-0.9294862,3.6454701,0.009843349,-2.7877831,1.2173421,0.45360458
1.6541082,4.245759,-0.9388006,3.6280885,0.0061006546,-2.7924538,1.1661434,0.46742916
1.6563803,4.389297,-0.96055025,3.574729,0.012649536,-2.810396,1.1584768,0.45855552
1.6551455,4.393789,-0.9730857,3.6218944,0.03589344,-2.7755992,1.1630695,0.46422005
1.6440986,4.426594,-0.9711678,3.56755,-0.04003501,-2.7841883,1.1358111,0.47234774
1.6484421,4.4307117,-0.96914375,3.5539966,0.03422475,-2.7839625,1.1229265,0.45926142
1.6394838,4.457909,-0.9420258,3.5584297,-0.02165687,-2.7832751,1.1802475,0.41681892
1.641137,4.3899107,-0.9397464,3.5429761,-0.03601086,-2.7879221,1.1966193,0.43258154
1.6346878,4.3979826,-0.93681866,3.5306916,-0.059226513,-2.7800431,1.2273154,0.4359721
1.6585207,4.2934737,-0.9479083,3.5445056,-0.056442976,-2.806574,1.2328949,0.43156958
1.6201861,4.3756495,-0.9480627,3.574882,-0.080975056,-2.8072782,1.2175949,0.43001962
1.6266453,4.4554453,-0.93756694,3.4692872,-0.080601096,-2.809204,1.2458537,0.43454885
1.6303025,4.347867,-0.9440124,3.4412155,-0.07015979,-2.842609,1.2261841,0.41570413
1.6226747,4.3699675,-0.9380714,3.4553442,-0.06861532,-2.837108,1.243334,0.43833208
1.6179869,4.2548285,-0.9278906,3.5107393,-0.05839932,-2.835039,1.1962099,0.44146812
1.6219764,4.297931,-0.92617255,3.5251672,-0.06356442,-2.8182657,1.1997185,0.46896565
1.6073265,4.3082204,-0.9336109,3.5431328,-0.09509289,-2.7895303,1.174386,0.4680767
1.6362782,4.262539,-0.9307356,3.4954066,-0.080346346,-2.8143857,1.1833296,0.47040963
1.6237406,4.3297467,-0.92815757,3.5499625,-0.0619843,-2.7809153,1.1348403,0.45976973
1.6214134,4.3827324,-0.9105117,3.521828,-0.067623615,-2.7687933,1.205657,0.46234208
1.6216425,4.384645,-0.90461963,3.505588,-0.03825593,-2.7699435,1.2919827,0.42796302
1.6120545,4.355064,-0.90597945,3.5414255,-0.046475053,-2.7790465,1.2852356,0.4304492
1.6035389,4.374107,-0.90184295,3.5388064,-0.04637456,-2.7795744,1.3028405,0.42778075
1.6037649,4.332464,-0.905217,3.5312457,-0.053899884,-2.7859185,1.199105,0.44960803
1.6000787,4.34289,-0.8911925,3.5229845,-0.015926838,-2.7685733,1.2323508,0.44582117
1.6231093,4.3723984,-0.89880127,3.530858,-0.012766361,-2.7731752,1.1692743,0.4530151
1.6289186,4.3559647,-0.93063873,3.5516644,-0.15569973,-2.7546794,1.1906037,0.4742626
1.6221101,4.422246,-0.93216157,3.5771422,-0.09350705,-2.7538676,1.1950877,0.48176086
1.639014,4.4367294,-0.93433005,3.4794376,-0.100393295,-2.7778125,1.2558999,0.4548955
1.6261659,4.4065747,-0.9262681,3.459274,-0.08480799,-2.7765646,1.2864351,0.44461977
1.6394845,4.5223637,-0.9182862,3.4330087,-0.07935786,-2.75911,1.2504232,0.43685699
1.643045,4.5914392,-0.90263635,3.416058,-0.07135165,-2.751072,1.2657175,0.43729627
1.634248,4.630334,-0.9126653,3.4472337,-0.1031965,-2.74597,1.2486901,0.4626888
1.6537851,4.649721,-0.92043763,3.416539,-0.105959296,-2.7507844,1.2802279,0.4580059
1.6543031,4.589919,-0.9264922,3.3574853,-0.13709712,-2.760186,1.2235444,0.46054
1.6573739,4.655155,-0.9141102,3.359758,-0.11974943,-2.7611938,1.2267776,0.45403457
1.661567,4.5521717,-0.90279794,3.3426807,-0.10523367,-2.7519107,1.1837547,0.464257
2.0474966,8.904036,0.24724436,3.150893,-1.6348568,-0.4829378,1.1451333,0.23432982
2.0594223,8.891796,0.09134698,3.1613526,-1.6617844,-0.47755432,1.1541586,0.21922064
2.05848,8.96175,0.12387407,3.146225,-1.6251992,-0.47758436,1.1544335,0.25929916
2.0745785,8.96687,0.13935745,3.129116,-1.6163785,-0.48097825,1.1495764,0.26173788
2.0907683,9.057421,0.21049643,3.0647006,-1.6657604,-0.4871645,1.1630728,0.24794877
2.1035948,9.067045,0.24689043,3.0403054,-1.6430652,-0.48950148,1.1665249,0.25413
2.060629,9.117162,0.2558484,3.016288,-1.7069557,-0.5134051,1.1633248,0.24460709
2.0323777,9.114974,0.21631622,3.0011916,-1.7141253,-0.50914407,1.1449509,0.24666446
2.0215127,9.076481,0.22945297,3.0053322,-1.7167193,-0.51333976,1.1523457,0.23392385
1.9913793,9.099291,0.2037642,3.0307522,-1.7290428,-0.512722,1.192209,0.23137718
1.9733421,9.133439,0.23772156,3.030106,-1.736959,-0.5210562,1.1892142,0.22935504
1.9880162,9.129612,0.23531806,3.0207603,-1.7235477,-0.5279114,1.1785123,0.22889656
1.977853,9.143617,0.24466777,3.0287366,-1.7282231,-0.5168567,1.1674447,0.22989082
1.9684894,9.02997,0.28162706,3.0279255,-1.728134,-0.52799606,1.1555166,0.2170226
1.953217,9.015672,0.21163082,3.1038475,-1.7267826,-0.5242579,1.1300888,0.22226489
1.9855034,8.968536,0.22611773,3.056137,-1.7253275,-0.5245533,1.0947256,0.22274143
1.9493566,8.996933,0.249048,3.0293365,-1.7310398,-0.525023,1.1068337,0.2256633
1.9470952,8.972209,0.26681185,3.0421863,-1.7343242,-0.52610993,1.0751626,0.21874356
1.9461644,8.986111,0.2865479,3.0788767,-1.725514,-0.52277374,1.1135991,0.21112561
1.9294571,9.001856,0.24620914,3.0649862,-1.733576,-0.52631426,1.0931387,0.23601484
1.9290947,8.964507,0.23873186,3.0061395,-1.7207025,-0.5315213,1.0958323,0.23341745
1.9648329,8.928207,0.18220377,3.0051203,-1.7021664,-0.5252948,1.1230857,0.2553767
1.9743148,8.9042,0.18216217,3.0136309,-1.7015027,-0.52685595,1.1370206,0.24369133
1.9757456,8.813684,0.18892968,3.0123005,-1.7085346,-0.50547075,1.1187229,0.2357086
1.9946176,8.768565,0.21771336,3.0709648,-1.7028674,-0.49497104,1.1343348,0.20135796
1.9794208,8.80383,0.26438475,3.0393302,-1.6875589,-0.49485993,1.1678298,0.20135635
1.9928532,8.766739,0.16591382,3.0441124,-1.6870818,-0.49682236,1.1861823,0.20281523
1.9894428,8.766729,0.1999824,3.0431502,-1.678696,-0.49321556,1.1597786,0.20318925
2.013188,8.794914,0.2584586,3.0590386,-1.6484447,-0.48847985,1.1334388,0.21201515
2.0107431,8.754756,0.22870445,3.0673199,-1.636987,-0.49784327,1.0969944,0.20967674
2.012611,8.789937,0.25350535,3.039592,-1.6228406,-0.50308275,1.129817,0.20951664
2.0320644,8.8185425,0.17493248,3.0546403,-1.6214967,-0.4999056,1.15641,0.21430469
2.0194392,8.83843,0.1990459,3.093711,-1.6404133,-0.49456453,1.1353607,0.21045732
2.0069845,8.8539095,0.26785696,3.0869734,-1.6288757,-0.50191,1.1470485,0.22613716
1.9832582,8.870374,0.3085723,3.0889564,-1.6402278,-0.49707747,1.1445415,0.22780609
2.0093527,8.847267,0.30078447,3.0267918,-1.6249417,-0.49682927,1.1418967,0.21826118
2.010179,8.803591,0.3447963,3.0247543,-1.6234664,-0.51482105,1.0727701,0.21766645
2.015584,8.848634,0.34035754,3.030717,-1.6098281,-0.5108111,1.0950246,0.22466195
2.0438588,8.865252,0.25627637,3.058459,-1.6415896,-0.50479746,1.1328039,0.22494596
2.029541,8.862647,0.18000865,3.018765,-1.6158984,-0.5171628,1.1289945,0.2371338
2.0312757,8.897648,0.17192817,3.0443785,-1.6353542,-0.51472425,1.1593409,0.22420508
2.0144963,8.904554,0.0921371,3.0497997,-1.5822804,-0.5239849,1.21156,0.22400057
2.0337443,8.93602,0.12978601,3.096237,-1.5648451,-0.5202241,1.2236919,0.2243663
2.031651,8.899286,0.12395418,3.1055007,-1.606284,-0.50686,1.1708665,0.23393637
2.0308156,8.973445,0.10913253,3.062289,-1.6726358,-0.5144503,1.1659265,0.2338779
2.0224385,8.962019,0.10165274,3.0412831,-1.6732295,-0.5146904,1.1966264,0.2341457
2.004576,8.964266,0.13699937,3.0955477,-1.6386402,-0.5173025,1.1954417,0.24196762
2.0100532,8.969875,0.08696151,3.0934043,-1.6324512,-0.51833296,1.1948404,0.2527089
2.0013335,8.950256,0.1103915,3.1106563,-1.6130441,-0.5214176,1.1888392,0.25698966
2.0290244,8.954693,0.15132785,3.0759685,-1.5402409,-0.5265775,1.2076755,0.23562193
2.0334291,8.907208,0.07958722,3.08467,-1.5886734,-0.5196774,1.181181,0.2155329
1.9975141,8.867432,0.12609804,3.1282444,-1.59033,-0.5285902,1.1998093,0.2148462
2.011828,8.888014,0.11721647,3.0845935,-1.6720173,-0.50463605,1.2006869,0.21405548
1.9903634,8.90382,0.19462323,3.058984,-1.6845325,-0.50925064,1.2032666,0.22324991
1.9820366,8.913797,0.18392658,3.065744,-1.6656294,-0.50529695,1.2114372,0.22992963
1.9817626,8.925987,0.20661831,3.0593615,-1.6629642,-0.51120305,1.2173996,0.22532463
1.9831889,8.950881,0.23378432,3.0516088,-1.6822752,-0.5043795,1.1922462,0.22391075
2.0022705,8.954625,0.199031,3.102468,-1.679586,-0.5209744,1.1856852,0.2223286
1.9788615,8.970411,0.23288596,3.0560231,-1.6749064,-0.5134983,1.1805975,0.22965956
1.9850788,9.015805,0.20094037,3.0044482,-1.6858034,-0.52135754,1.240166,0.22302222
1.9921157,9.030208,0.21504474,3.01656,-1.6788943,-0.5180383,1.2434583,0.22859454
1.9705516,9.015558,0.21403337,3.0087729,-1.6722304,-0.5056288,1.2942617,0.23200029
1.9793139,8.996969,0.16664255,3.0107539,-1.6727828,-0.5086882,1.2995944,0.23135138
1.989773,8.889644,0.11724007,3.012115,-1.7082572,-0.50594234,1.2287164,0.23486227
1.9811921,9.008137,0.12926483,3.024616,-1.7215493,-0.52070713,1.2634919,0.23322034
1.9671172,8.947823,0.12985897,3.086738,-1.7676793,-0.4992175,1.2235711,0.22934002
1.9765149,8.967155,0.11736703,3.0038292,-1.7422884,-0.50827646,1.2790523,0.23546308
1.9765948,9.000522,0.08901274,3.0133615,-1.7288845,-0.51197886,1.2772233,0.24770385
1.9682038,8.925181,0.07143378,3.0585537,-1.6913112,-0.5094924,1.2931039,0.24272698
1.9799904,8.936418,0.034572244,3.0722852,-1.6973572,-0.497128,1.3201218,0.23841262
1.9736307,8.929617,0.056601763,3.0830998,-1.7043798,-0.5092077,1.3013468,0.24049169
1.9640472,8.918211,0.08355343,3.1178002,-1.6648455,-0.4958222,1.3166018,0.23871994
1.9821125,8.896538,0.07248497,3.0408,-1.660999,-0.48716474,1.3273287,0.23764706
1.9880949,8.921659,0.11956298,3.060818,-1.707022,-0.4910078,1.2935925,0.24057835
2.0303476,8.922136,0.13477278,3.037304,-1.6649053,-0.46606898,1.2932537,0.2299645
2.0239115,8.939406,0.11323094,3.07591,-1.6751401,-0.4388404,1.3446252,0.24386013
2.0185726,8.881271,0.11439574,3.1166792,-1.5223423,-0.42073417,1.4074073,0.2426312
2.0362687,8.897282,0.12717962,3.1174736,-1.50824,-0.41410923,1.3804791,0.25114346
2.051363,8.904799,0.10474002,3.1263683,-1.526996,-0.42259932,1.3890991,0.23348892
2.0751662,8.914257,0.06986749,3.1123283,-1.541031,-0.4210992,1.3617096,0.2331056
2.0579906,8.931317,0.09683156,3.1174493,-1.6110672,-0.42523122,1.3125553,0.23556828
2.0360851,8.939177,0.15453768,3.0955405,-1.7127626,-0.42172575,1.316958,0.23564118
2.0283542,8.971658,0.14064789,3.0465198,-1.7872541,-0.42429328,1.2997103,0.22798449
2.027173,8.836968,0.14432597,3.079481,-1.7877544,-0.42268562,1.2830899,0.22329289
2.0301483,8.906027,0.1436789,3.0602188,-1.7769243,-0.4327693,1.2680109,0.23570251
2.0174127,8.928648,0.14004779,3.0540428,-1.7859342,-0.43163562,1.3043303,0.23347354
2.017188,9.034732,0.19307709,3.0448198,-1.8053983,-0.43054986,1.3119965,0.22089952
2.010343,8.972049,0.1867783,3.0176222,-1.7486483,-0.42966747,1.327882,0.22146785
2.0008922,9.021756,0.1825,3.042788,-1.7384559,-0.4711635,1.273253,0.22666961
1.9999242,9.071355,0.18463492,3.0691156,-1.739335,-0.4833746,1.2609196,0.2318114
1.9978542,9.064511,0.18338525,3.0913262,-1.7273568,-0.48924303,1.2443635,0.22816241
2.0185852,9.052856,0.20196235,3.085609,-1.7200274,-0.47944355,1.2260201,0.22358537
2.0459626,9.053567,0.22682619,3.057264,-1.7100604,-0.47409964,1.2043884,0.23017228
2.0525055,8.978803,0.22116661,3.0940642,-1.6980801,-0.45140457,1.2184236,0.22034007
2.0858831,8.98272,0.17719007,3.0439816,-1.7142154,-0.4528432,1.2297728,0.21728718
2.0480897,9.0052595,0.20782161,3.0362473,-1.7213216,-0.4600563,1.2437108,0.21951985
2.0330937,9.011662,0.20925617,3.0479586,-1.7364204,-0.4482851,1.2120275,0.23587608
2.0478964,8.994181,0.21973908,3.0601027,-1.7285103,-0.4400215,1.2156672,0.22978282
2.0585701,8.957605,0.20483851,3.0842738,-1.6781126,-0.445235,1.1884861,0.2292893
2.0696604,8.896643,0.16326237,3.078217,-1.6628731,-0.47034597,1.1665635,0.22323227
2.0394406,8.8794155,0.15762329,3.1346807,-1.7012533,-0.47622895,1.1480262,0.22426206
2.0503933,8.888462,0.20877922,3.2224784,-1.6940051,-0.4717703,1.1236362,0.22612381
2.07032,8.88406,0.22344577,3.0506327,-1.6918409,-0.4822712,1.1162994,0.22197974
2.0379598,8.881914,0.13563609,3.1067066,-1.705607,-0.4934826,1.1113627,0.23853731
2.058597,8.891033,0.16898632,3.070327,-1.7039766,-0.49559283,1.1138663,0.22026747
2.0457234,8.888895,0.19446254,3.0230107,-1.6428045,-0.48749352,1.1515148,0.22765088
2.0473907,8.894485,0.17927814,3.0667212,-1.6490763,-0.4704604,1.2045231,0.22848177
2.0451255,8.903473,0.16973484,3.062427,-1.6676611,-0.45498323,1.2507842,0.22712886
2.0456014,8.942416,0.15296805,3.1119337,-1.6084974,-0.44889426,1.2520969,0.23306096
2.0572443,8.926837,0.17431831,3.0874069,-1.5521572,-0.4592061,1.2621658,0.22694474
2.0375876,8.891006,0.24110913,3.0708992,-1.607753,-0.44990206,1.2675796,0.22702312
2.0528548,8.901043,0.17858934,3.0041366,-1.6126121,-0.45231724,1.2698345,0.22921121
2.036879,8.907474,0.17801404,3.002481,-1.7430788,-0.4456842,1.2957628,0.22558331
2.0350842,8.862687,0.15566206,3.0076609,-1.7424715,-0.44065523,1.2782102,0.22186214
2.041089,8.943691,0.1516155,3.0261016,-1.7450409,-0.4363048,1.2938447,0.22095472
2.048268,9.1850815,0.20785868,3.0579286,-1.7483938,-0.44427943,1.3041139,0.22144395
2.0441716,8.976375,0.20904791,3.0076015,-1.7703879,-0.4524088,1.2233555,0.21989977
2.0331056,8.967552,0.20100391,3.12953,-1.7392967,-0.4598806,1.2425947,0.21776307
2.043589,9.088361,0.22818458,3.0042605,-1.7557116,-0.46012878,1.2373216,0.2155006
2.0343184,8.985035,0.21745205,3.009617,-1.7230306,-0.47045922,1.2005568,0.22646117
2.0317883,9.044933,0.22975433,3.005022,-1.7434989,-0.4960196,1.1751041,0.22061396
2.0175133,9.061521,0.23514533,3.0880313,-1.7316015,-0.49808645,1.1327121,0.22354758
2.0134964,9.005468,0.26441026,3.0741346,-1.7487391,-0.510942,1.058842,0.22536701
2.029579,9.06801,0.26185882,3.0484407,-1.7265397,-0.5118544,1.0989277,0.23146522
2.0178218,9.016157,0.25511885,3.0339878,-1.7619203,-0.48348284,1.1038592,0.22962964
0.5739329,6.4909506,-0.24219048,8.522386,1.9397967,-0.11467743,1.5770643,0.5588807
0.55205065,6.426774,-0.23978937,8.567558,1.9274647,-0.117889404,1.5897467,0.5552255
0.5437291,6.4882708,-0.25074947,8.540239,1.9170635,-0.11082935,1.6001737,0.5562409
0.53474724,6.498543,-0.24624348,8.528099,1.9048071,-0.0991199,1.6437612,0.5525234
0.5291672,6.45098,-0.23697674,8.462276,1.8906219,-0.09781456,1.6482904,0.5531763
0.5308137,6.405777,-0.26808286,8.484182,1.8493373,-0.0870204,1.6515076,0.550694
0.53606164,6.4365683,-0.29397327,8.409341,1.8137379,-0.07711291,1.6731031,0.54458773
0.5397842,6.474204,-0.2247808,8.455837,1.8611588,-0.100127935,1.6365674,0.52839446
0.5839538,6.2012463,-0.24104667,8.528456,1.8773818,-0.103967905,1.6278276,0.53485286
0.5597075,6.227273,-0.23279583,8.499819,1.898576,-0.110156775,1.6315327,0.5403018
0.5882227,6.250164,-0.21172863,8.402924,1.8944323,-0.09572172,1.6052995,0.5418607
0.58112335,6.330785,-0.20508254,8.388842,1.9363146,-0.10423708,1.6030262,0.54500556
0.63752896,5.9775944,-0.18299747,8.5142975,1.9454324,-0.10650587,1.6081908,0.54621196
0.62417966,5.932975,-0.15631562,8.438727,1.9343164,-0.1356349,1.5874238,0.54904675
0.6468775,5.9467497,-0.12597376,8.369874,1.9530411,-0.11283779,1.6115346,0.55052066
0.6333221,5.953267,-0.1085763,8.3643055,1.970326,-0.10937047,1.6329689,0.5448843
0.6529472,5.941211,-0.10605419,8.492863,1.995039,-0.10248351,1.6343293,0.54504097
0.663731,5.957384,-0.09343147,8.516219,1.9979854,-0.107001305,1.6359658,0.5480372
0.6471079,5.9542885,-0.11980629,8.508213,1.9598918,-0.10115242,1.6279867,0.54979134
0.6510972,6.0136356,-0.11600524,8.522259,1.9871435,-0.11419082,1.6260803,0.5477127
0.6442397,6.0518064,-0.111901164,8.45088,1.9956412,-0.1060071,1.646147,0.5438541
0.6304308,6.023816,-0.1351875,8.494131,1.972549,-0.11531401,1.6440609,0.5427629
0.60757357,6.136722,-0.134485,8.479713,1.9659266,-0.10581565,1.6509936,0.5335392
0.5758214,6.0999713,-0.11308378,8.428997,1.9840984,-0.12517023,1.6538231,0.5434754
0.60551417,6.0255127,-0.09340942,8.336503,1.9967244,-0.1226325,1.6455677,0.54246855
0.6123113,5.91166,-0.084166646,8.316537,1.9956841,-0.12537193,1.6743927,0.5393219
0.5721455,5.8623667,-0.093788266,8.284602,1.9779866,-0.12688637,1.6320095,0.547946
0.58901227,6.0606575,-0.08675575,8.282469,1.9706304,-0.12184,1.6551366,0.5430293
0.5889921,6.081462,-0.09211862,8.258673,1.9665141,-0.09333706,1.635416,0.52742887
0.59231323,6.15375,-0.12537801,8.241997,1.9670777,-0.07156587,1.6618993,0.5232861
0.5860987,6.2030234,-0.07580936,8.243428,1.9696045,-0.06573963,1.6562927,0.5195122
0.5848818,6.178476,-0.08861458,8.260247,1.9769516,-0.056851625,1.6450279,0.53983545
0.5899596,6.1139717,-0.082567096,8.292249,1.9921534,-0.07353878,1.6487763,0.5529951
0.5829295,6.1909523,-0.11448586,8.245161,1.9775028,-0.06341052,1.6441791,0.53620255
0.5870116,6.1343226,-0.07620597,8.286973,1.9796581,-0.06871867,1.6579292,0.5475209
0.5752893,6.1454663,-0.07403439,8.409793,1.9758523,-0.046850204,1.7039611,0.549844
0.5841454,6.092028,-0.075277925,8.405145,1.9965768,-0.07036877,1.6974387,0.5556252
0.6068963,6.1263704,-0.10470343,8.407614,1.9917207,-0.071480036,1.6930642,0.55398893
0.6096636,6.1334286,-0.10580075,8.410137,1.974133,-0.081835985,1.6910892,0.538638
0.5877642,6.143388,-0.11367279,8.422956,1.9813869,-0.09609914,1.6840229,0.5402577
0.6010766,6.1328864,-0.10789251,8.476997,1.9631813,-0.086413145,1.6952448,0.529644
0.5750009,6.2140713,-0.12001538,8.475396,1.9423199,-0.087090254,1.72403,0.53182364
0.5796389,6.197105,-0.09659159,8.4401455,1.9490957,-0.087589264,1.740165,0.5253018
0.5832211,6.2126555,-0.097836316,8.4409685,1.9434605,-0.082436085,1.7279484,0.52103627
0.58609766,6.172534,-0.10424018,8.404758,1.9401944,-0.079776764,1.7103622,0.5248424
0.5764512,6.2875504,-0.096707106,8.394287,1.9938672,-0.09161949,1.7034473,0.53241694
0.5787505,6.3275976,-0.08122909,8.395765,1.9572778,-0.086342335,1.710222,0.5289345
0.5796013,6.3417087,-0.078902364,8.412423,1.9609365,-0.07500553,1.7176821,0.5106751
0.5745491,6.3453083,-0.07750213,8.611841,1.9731085,-0.055097103,1.7188091,0.52846193
0.57810104,6.335233,-0.08980358,8.552535,1.9818363,-0.056127787,1.7149282,0.5317204
0.589162,6.3066745,-0.08574736,8.619226,1.9750648,-0.054452658,1.6946456,0.53205967
0.5797959,6.311305,-0.08650684,8.523663,1.9656177,-0.05564165,1.7228382,0.5325136
0.5725156,6.214082,-0.07365048,8.456497,1.9861445,-0.071787834,1.7475815,0.53617144
0.57697064,6.242964,-0.07946944,8.385946,1.9786732,-0.069556236,1.7468305,0.5410601
0.5947474,6.198944,-0.08347714,8.379095,1.9829285,-0.07845354,1.716073,0.5351975
0.58846194,6.2008915,-0.056648135,8.532147,1.990391,-0.062030792,1.6965294,0.5517516
0.56634367,6.039083,-0.045260787,8.228511,1.986582,-0.057667255,1.711798,0.5422853
0.5642767,6.390767,-0.065597594,8.31093,1.9834538,-0.065004826,1.7144182,0.53951204
0.5638393,6.3600492,-0.11808699,8.535429,1.9913726,-0.06924367,1.7116258,0.54543555
0.5672353,6.4043994,-0.15269923,8.606619,1.9908638,-0.06853461,1.6745389,0.54533577
0.5616785,6.5477166,-0.164258,8.561291,1.9622252,-0.07094884,1.6738832,0.5510473
0.5453906,6.523158,-0.14733112,8.56683,1.9854884,-0.07652211,1.6702521,0.5561727
0.54114383,6.4447403,-0.1751585,8.514553,1.9748561,-0.07977271,1.6664531,0.5543529
0.5321248,6.4063396,-0.19614786,8.575865,1.9970791,-0.106892586,1.6578074,0.5569048
0.5312256,6.460803,-0.18929589,8.602346,1.9801543,-0.105519295,1.6475604,0.55856645
0.51737225,6.4690714,-0.11055678,8.503607,1.9725146,-0.10111618,1.672461,0.55554056
0.52583396,6.4600167,-0.15200335,8.676245,1.9848568,-0.08630371,1.7067118,0.5583314
0.524238,6.516308,-0.14450741,8.681026,1.9596109,-0.077497005,1.7003524,0.53764904
0.52943164,6.4334416,-0.13892424,8.691496,1.9544079,-0.08336067,1.7004724,0.53661263
0.5256815,6.5679812,-0.14163125,8.691801,1.9727778,-0.0795486,1.697722,0.5479671
0.52278143,6.4746165,-0.15901637,8.665425,1.9784267,-0.093686104,1.6962132,0.5449326
0.5217475,6.430541,-0.13303399,8.632248,1.9841268,-0.09612012,1.742363,0.54223394
0.5169228,6.440378,-0.16079342,8.630111,1.9907227,-0.10338259,1.7342973,0.5428643
0.51337564,6.424656,-0.15248156,8.609383,1.9880807,-0.104708195,1.7326555,0.5431174
0.5166838,6.4050965,-0.15281284,8.619135,1.981668,-0.11364937,1.7142708,0.544971
0.5146019,6.512861,-0.18789238,8.648271,1.9660823,-0.10533571,1.6647611,0.5514035
0.51542836,6.536755,-0.20417625,8.652502,1.9663091,-0.08484912,1.7184033,0.55453634
0.50699234,6.4773726,-0.21453643,8.625077,1.9773986,-0.08912277,1.7048106,0.56168723
0.5015119,6.457931,-0.18611038,8.62031,1.9789441,-0.095980644,1.7231965,0.5603595
0.5157725,6.428668,-0.18614429,8.604734,1.9787714,-0.08370829,1.7315061,0.55859125
0.51116735,6.4301023,-0.19654381,8.642283,1.9854414,-0.09471345,1.7182167,0.55856323
0.5129199,6.555263,-0.21270943,8.662369,1.9995866,-0.09521866,1.6819246,0.5647464
0.51545143,6.5653877,-0.2083695,8.599623,1.9996572,-0.105457544,1.6692939,0.55381334
0.5104,6.554755,-0.20835513,8.595978,1.9973652,-0.12186813,1.6758921,0.55312204
0.5037686,6.602644,-0.26197982,8.61834,1.998611,-0.14698362,1.6379521,0.5510179
0.51319367,6.6058226,-0.21968007,8.59396,1.9881487,-0.14937115,1.5631156,0.5536698
0.51046467,6.6017494,-0.2143622,8.661196,1.9822309,-0.14483452,1.6155999,0.5508075
0.5164853,6.6178665,-0.21239305,8.639609,1.9789729,-0.13784766,1.61831,0.54269433
0.5102198,6.637526,-0.27425516,8.646927,1.9838624,-0.13681936,1.6317403,0.54534924
0.5287281,6.579614,-0.22600079,8.6223345,1.9912388,-0.12720418,1.6240468,0.5487553
0.5310209,6.5122223,-0.21443343,8.685693,1.9959149,-0.124144554,1.6268575,0.55430675
0.51714337,6.5307417,-0.18845487,8.636629,1.9943917,-0.12807846,1.6316166,0.5472392
0.50842667,6.519161,-0.16976917,8.620621,1.993269,-0.11661959,1.6635156,0.5487304
0.50554305,6.5318465,-0.20871198,8.664007,1.9603386,-0.097925186,1.6692092,0.55588615
0.50368994,6.5470014,-0.20308834,8.594204,1.9805169,-0.09232116,1.6503961,0.5574466
0.50269073,6.5982857,-0.20419085,8.560513,1.9708259,-0.107029915,1.6548405,0.5611558
0.5006754,6.6208887,-0.21420133,8.607516,1.9567833,-0.11677909,1.63392,0.5516603
0.50089526,6.62693,-0.2456901,8.613968,1.8684795,-0.08071184,1.6379225,0.55459595
0.5027109,6.5617557,-0.25958812,8.57835,1.9301493,-0.094141245,1.6515489,0.54002094
0.5007828,6.460636,-0.19514418,8.397766,1.9392879,-0.068228245,1.6621788,0.5756351
0.5053097,6.5054255,-0.1751526,8.643341,1.950371,-0.051234722,1.718652,0.57370377
0.5181703,6.5035644,-0.16184473,8.519032,1.9718411,-0.059705973,1.6886606,0.5702443
0.5513561,6.5814476,-0.12811983,8.504195,1.971875,-0.04305005,1.6636298,0.56950223
0.5578298,6.581879,-0.123977065,8.506435,1.9634888,-0.048383236,1.647871,0.5584407
0.5596141,6.5662346,-0.19117355,8.498568,1.9331331,-0.05445218,1.6490793,0.5575988
0.52450657,6.56826,-0.21028829,8.598634,1.8839955,-0.052705288,1.6809051,0.5575619
0.5147596,6.6739798,-0.2126019,8.695779,1.8933876,-0.06911421,1.683723,0.5474107
0.5407301,6.4091325,-0.20466053,8.705353,1.9686604,-0.082414865,1.675359,0.56439304
0.5188394,6.5017056,-0.20844382,8.494613,1.9704642,-0.10466194,1.6333358,0.5597795
0.5123696,6.494014,-0.2256062,8.625551,1.9685504,-0.08252287,1.6879318,0.5626056
0.5090653,6.438179,-0.17224312,8.509939,1.9888864,-0.10274196,1.6704223,0.5584953
0.51874256,6.4190636,-0.20099735,8.621559,1.9871573,-0.10689688,1.6925933,0.5460367
0.5032082,6.50617,-0.16491014,8.681629,1.9762392,-0.1034596,1.707983,0.5433872
0.5086986,6.5220747,-0.13224101,8.58869,1.9476726,-0.110168934,1.7069421,0.5450344
0.5099356,6.46033,-0.10728383,8.594602,1.9632154,-0.10750246,1.7280505,0.53039837
0.5112001,6.4608636,-0.10614574,8.614758,1.9800925,-0.10982704,1.7244668,0.52932715
0.5068874,6.436363,-0.122359574,8.605272,1.9924588,-0.109699726,1.7281675,0.5368936
0.50393504,6.4765773,-0.17398065,8.691271,1.9805651,-0.12079787,1.6762347,0.5334091
0.51016366,6.4964805,-0.1753822,8.643179,1.9739325,-0.12446976,1.691473,0.53518844
0.50817233,6.4926405,-0.14519018,8.635252,1.9896405,-0.11844683,1.7217884,0.53782034
0.50804687,6.4305806,-0.14077699,8.642756,1.9867821,-0.1251564,1.7260327,0.52117157
0.51894236,6.0469975,-0.15163356,8.668549,1.9769437,-0.10224724,1.7013838,0.52519095
0.65850234,6.057586,-0.14673126,8.643305,1.9832897,-0.097043514,1.671215,0.5343714
0.64844006,6.135202,-0.13051635,8.5560055,1.9922287,-0.10031891,1.6254792,0.5332248
0.64472026,6.128441,-0.1369226,8.394463,1.9919908,-0.09808707,1.6515427,0.53551483
1.7310516,3.63621,0.32270038,6.502464,1.6355901,-0.15223098,-0.7953576,-0.49310476
1.7138854,3.571692,0.302768,6.4621344,1.7069082,-0.13162255,-0.7965738,-0.48883525
1.7180071,3.6599712,0.31147242,6.441139,1.6654224,-0.13494778,-0.76756775,-0.46463633
1.7203403,3.7335558,0.3101269,6.4607916,1.6553879,-0.12145877,-0.77749544,-0.4606245
1.6739894,3.775513,0.33959556,6.388184,1.6642001,-0.10120392,-0.76995564,-0.45858502
1.690493,3.749147,0.3490913,6.3816214,1.7026908,-0.008355856,-0.73904,-0.4844218
1.6984812,3.973721,0.35278773,6.490735,1.6473236,-0.009822607,-0.7334448,-0.4894077
1.6892203,4.029972,0.3583634,6.469337,1.5712142,-0.016005993,-0.73440886,-0.49198437
1.6805414,4.160659,0.37751186,6.488289,1.4702997,-0.08908367,-0.7316821,-0.48031583
1.7391223,4.3905888,0.37757945,6.0152454,1.3997955,-0.13920832,-0.73019576,-0.47774515
1.736342,4.3580885,0.3965093,6.081447,1.3572018,-0.10115838,-0.7766547,-0.47778535
1.7262764,4.3494835,0.37864816,6.1382113,1.3887239,-0.12956071,-0.7366907,-0.47428778
1.6997681,4.4011507,0.39784968,6.103402,1.4739318,-0.15968633,-0.73499954,-0.4831459
1.7020887,4.543201,0.38407826,6.075275,1.4701116,-0.16036987,-0.7289027,-0.474921
1.7546744,4.5674815,0.38484573,6.2032757,1.4389646,-0.18735933,-0.68497026,-0.47544676
1.765837,4.4853888,0.41614175,6.21321,1.3775935,-0.09733772,-0.70467865,-0.4738558
1.760828,4.458559,0.41267192,6.1306705,1.3629355,-0.1996355,-0.7309342,-0.47680137
1.7468388,4.4338064,0.4020995,6.1805005,1.3392618,-0.19710684,-0.7214545,-0.48118198
1.7738819,4.4600782,0.37293363,6.10822,1.3967597,-0.1735611,-0.7304725,-0.47669262
1.7262278,4.4519043,0.37731898,6.086587,1.493154,-0.1334362,-0.73210496,-0.47429022
1.7229986,4.4857593,0.35223258,5.923915,1.3802862,-0.13204145,-0.69033253,-0.47904143
1.710191,4.48678,0.3537972,5.909115,1.4981728,-0.16198802,-0.704238,-0.4775266
1.694932,4.4565973,0.35825253,5.950534,1.4844761,-0.07639456,-0.70291066,-0.4832923
1.7242113,4.4557195,0.37330413,6.0562105,1.5434067,-0.061468124,-0.71667105,-0.48283303
1.7103785,4.5406046,0.3759395,5.939827,1.501411,-0.055617332,-0.7356379,-0.48031664
1.6994418,4.577314,0.39911056,5.9487076,1.4456825,-0.06641483,-0.71634984,-0.47828087
1.6639684,4.487154,0.38878572,5.9896245,1.4121594,-0.25827646,-0.72017455,-0.49627152
1.6924512,4.4403977,0.3903749,5.9841585,1.4596136,-0.23277998,-0.7155447,-0.49265462
1.6633438,4.3957653,0.38854134,6.039239,1.5057764,-0.03922391,-0.72944343,-0.4886727
1.6364074,4.3948927,0.4382944,6.372656,1.6128333,-0.035815,-0.72485435,-0.48186913
1.6388687,4.43661,0.4551034,6.623781,1.5865278,-0.08707714,-0.727933,-0.49246532
1.630654,4.3760023,0.45548368,6.401058,1.5856111,-0.087638855,-0.7149842,-0.49131083
1.6385291,4.4406834,0.44214845,6.593744,1.5859706,-0.077492476,-0.7444786,-0.49314108
1.6172463,4.0883493,0.43170536,6.642706,1.1966791,-0.08524561,-0.739828,-0.47579107
1.5980372,4.1803427,0.46377206,6.461816,1.5373902,-0.027919054,-0.73458433,-0.49961877
1.6129488,4.313837,0.43316126,6.580195,1.5508282,-0.21173978,-0.72408926,-0.49167866
1.6010264,4.2169247,0.4471743,6.453754,1.5531092,-0.04992819,-0.7229429,-0.49810585
1.5947561,4.149531,0.45501184,6.4242682,1.5551271,-0.0696156,-0.7118293,-0.49901143
1.617189,4.1559906,0.45202804,6.3466754,1.4683738,-0.0035066605,-0.7396016,-0.46915257
1.6033057,4.0700665,0.4485314,6.4630094,1.5281641,-0.12500763,-0.73310995,-0.479511
1.5855694,4.060171,0.44213915,6.548119,1.2380128,-0.11915946,-0.7443088,-0.47550637
1.5608511,4.1155186,0.44750905,6.626752,1.6582837,-0.09959245,-0.800948,-0.4738767
1.5700146,4.170687,0.43789387,6.6130056,1.6657295,-0.13905835,-0.7391946,-0.47856256
1.5966223,3.9737816,0.43082917,6.6107993,1.6771016,-0.12828636,-0.72598284,-0.48241144
1.6061335,4.041283,0.418571,6.6201277,1.6507423,-0.11865282,-0.7568852,-0.47025323
1.5575746,3.874301,0.39843214,6.617062,1.6801741,-0.12896347,-0.75655854,-0.45622012
1.5817705,3.854574,0.39540267,6.6587815,1.6985266,-0.1313448,-0.7685411,-0.45960402
1.6278121,3.8795881,0.3978132,6.6517816,1.6612084,-0.11793542,-0.8027514,-0.4567998
1.6391727,3.8344536,0.404894,6.696644,1.6758027,-0.1417377,-0.7787192,-0.4551851
1.5951592,3.9534967,0.4172082,6.673359,1.6404567,-0.14874291,-0.7612244,-0.4708242
1.5098351,4.193883,0.43474674,6.5941887,1.5941257,-0.14300323,-0.7106175,-0.4729783
1.4880245,4.293667,0.4467504,6.5611672,1.5959685,-0.16916871,-0.75463104,-0.47168863
1.4937443,4.249269,0.45855415,6.664834,1.6224532,-0.16588259,-0.7704183,-0.47497702
1.4451498,4.212561,0.4467616,6.6293564,1.6339395,-0.16566372,-0.7222038,-0.47169203
1.5131015,4.222704,0.4517424,6.604605,1.6544447,-0.13028717,-0.71645594,-0.4774354
1.5136844,4.177107,0.4476632,6.718501,1.6503141,-0.11339903,-0.7181753,-0.47209412
1.5714498,3.953937,0.42585015,6.5683975,1.5723665,-0.11140585,-0.7431936,-0.44739652
1.5574622,4.0789385,0.43500388,6.5853004,1.561547,-0.11809635,-0.72564924,-0.45578867
1.5679845,4.09569,0.42832088,6.578155,1.5156806,-0.10072613,-0.7697551,-0.43948603
1.5557632,3.8449912,0.45925522,6.2681313,1.5030184,-0.07943201,-0.80446947,-0.4398548
1.5116068,3.8486378,0.4683044,6.345086,1.51191,-0.07638049,-0.8094431,-0.45967945
1.4091828,3.7896104,0.4649346,6.218509,1.544168,-0.099580765,-0.78916425,-0.45382634
1.4246898,3.792017,0.44804108,6.27552,1.5288165,-0.14944482,-0.8004506,-0.44824946
1.4283813,3.8642428,0.4613098,6.259196,1.3414705,-0.12827897,-0.80908215,-0.43934897
1.3911593,3.8719263,0.47019577,6.212903,1.3869586,-0.14270544,-0.7526677,-0.439744
1.3652978,3.929546,0.5127392,6.1062603,1.2326062,-0.15226555,-0.80843365,-0.43948033
1.3513392,3.877747,0.556129,6.113592,1.2258747,-0.18082786,-0.79146844,-0.41772598
1.353654,3.7067695,0.5625646,6.085784,1.2328706,-0.10889125,-0.81509906,-0.40978047
1.3539463,3.7416184,0.5088341,6.0422764,1.2065103,-0.028640747,-0.82950586,-0.40555716
1.445164,3.7646186,0.51329696,5.8141413,1.2621677,-0.04481125,-0.777547,-0.43230832
1.4426408,3.8036106,0.5116534,5.895838,1.2702026,-0.032915115,-0.73862153,-0.44024813
1.4387136,3.9212842,0.49045062,5.9432087,1.2804556,-0.042378187,-0.75469005,-0.43240613
1.4116683,4.0591574,0.48063326,6.01054,1.2518837,-0.043069124,-0.73273635,-0.41894782
1.411093,3.966703,0.48099613,5.7866287,1.2827764,-0.051329374,-0.7408625,-0.4256282
1.4158438,4.1482086,0.5087335,6.0647764,1.2972639,-0.053369045,-0.74057305,-0.42488784
1.3382053,4.0715613,0.4960394,6.0516005,1.3031445,-0.23719406,-0.6787319,-0.43391767
1.3324494,4.110694,0.49252355,5.940836,1.3067741,-0.24098277,-0.7037774,-0.4421847
1.3265995,4.1176634,0.4821875,5.9886274,1.3007553,-0.19595456,-0.6887163,-0.43008593
1.3277717,4.1221843,0.47580814,5.9878244,1.2932682,-0.23107815,-0.78957796,-0.4371355
1.3236139,4.0857515,0.4671582,5.985346,1.2930863,-0.22583461,-0.79138666,-0.4273161
1.3261184,4.0793567,0.5597818,5.9617352,1.2996211,-0.2919221,-0.7812724,-0.4264253
1.3198793,4.0470667,0.5456855,5.956854,1.3014083,-0.27887225,-0.7936814,-0.42770845
1.3191457,4.09618,0.5431838,5.925515,1.3190389,-0.2883482,-0.83245844,-0.4283169
1.3182557,4.066434,0.54702353,5.9397116,1.3111739,-0.26488876,-0.8129616,-0.42441893
1.317367,4.076144,0.5277157,5.937095,1.309001,-0.23338771,-0.8159016,-0.42404723
1.3138859,4.072523,0.5308926,5.9585466,1.3101244,-0.3153336,-0.8336837,-0.4249977
1.3170063,4.0282993,0.54641294,5.9129615,1.3101337,-0.22942209,-0.81187403,-0.42267036
1.3210268,4.03916,0.53381944,5.942095,1.3029077,-0.23182774,-0.7443461,-0.42138916
1.3271658,3.9416585,0.5452931,5.9215245,1.3066697,-0.24690723,-0.8243405,-0.42219022
1.3274796,3.9805753,0.4958477,5.9491863,1.3051596,-0.20338058,-0.824631,-0.41805094
1.3281701,4.0517926,0.48611462,5.9103384,1.3053548,-0.19882345,-0.8111948,-0.41649383
1.3389608,3.973843,0.52500176,5.899889,1.2951095,-0.19361329,-0.8090602,-0.41941923
1.3399129,3.908598,0.49390554,5.889472,1.2975729,-0.1761365,-0.808685,-0.41660827
1.3355597,3.9570813,0.49877536,5.8951883,1.2983477,-0.17015696,-0.81842524,-0.41753018
1.3377508,3.9330096,0.47504044,5.844623,1.324496,-0.16871405,-0.80610156,-0.4213113
1.3281488,3.981696,0.4615748,5.938079,1.315486,-0.17073059,-0.8455969,-0.41303074
1.3323573,4.0064564,0.4613906,5.95127,1.3089061,-0.15496922,-0.8114801,-0.41392004
1.3283589,4.0181007,0.4606954,6.047742,1.3124332,-0.14601183,-0.75333637,-0.41203374
1.3375295,4.0536776,0.4927621,6.117771,1.3195119,-0.13434243,-0.7701859,-0.43952447
1.3526757,4.050807,0.46925712,5.886409,1.3189783,-0.16161537,-0.6593588,-0.4396103
1.3576584,4.0483465,0.47181726,5.7088623,1.3411574,-0.18966842,-0.6661924,-0.44759694
1.4007512,3.9168496,0.49078655,5.812764,1.3421402,-0.109335184,-0.70227766,-0.4642161
1.4008365,3.9033294,0.5150299,5.9120727,1.3161952,-0.1266241,-0.72594005,-0.45613745
1.3965687,3.8907197,0.4910717,5.9596906,1.320262,-0.11080837,-0.72010154,-0.4415802
1.3881245,3.9864693,0.48374927,5.9671593,1.3059039,-0.12585688,-0.7414576,-0.44089502
1.3742557,3.961055,0.47944093,6.0130634,1.3145268,-0.13040018,-0.7313194,-0.43881142
1.387424,3.9517565,0.46425438,5.9073887,1.3177321,-0.112850666,-0.7290355,-0.43909806
1.3950562,3.9410925,0.46015632,5.8975315,1.3144982,-0.15318012,-0.7198517,-0.43627515
1.4035684,3.8333018,0.4534626,5.9646697,1.3003933,-0.23553133,-0.7759055,-0.4365236
1.4027839,3.827816,0.43604589,5.934307,1.2993388,-0.16663575,-0.79096794,-0.43958703
1.3962476,3.853522,0.45695758,5.88257,1.3110576,-0.17418957,-0.77702194,-0.4186781
1.3968151,3.877974,0.43752337,5.9450817,1.3230007,-0.07653904,-0.7793619,-0.4140998
1.3967278,3.7956705,0.45254946,5.618157,1.456567,-0.0051989555,-0.7553327,-0.41022167
1.3962212,3.6925352,0.47441995,5.486183,1.3022194,-0.030013561,-0.7445238,-0.41179514
1.41012,3.6950078,0.4745381,5.674965,1.4851239,-0.040559053,-0.72515315,-0.41886187
1.4080081,3.689816,0.4797194,5.924702,1.4854674,-0.048977375,-0.7201054,-0.42796773
1.3963873,3.6934621,0.5090505,6.044715,1.4803882,-0.026484013,-0.72787756,-0.43893942
1.4073873,3.6537924,0.52369857,6.0838604,1.5532949,-9.250641e-05,-0.7298534,-0.44759625
1.4275113,3.6474662,0.51644254,6.144048,1.5610635,-0.0050783157,-0.73788404,-0.45040464
1.4381946,3.7270648,0.4421425,6.111765,1.5618205,-0.048758507,-0.7287692,-0.43729
1.4293833,3.7453036,0.42881644,6.126874,1.5562253,-0.032942295,-0.7707345,-0.43988818
1.472064,3.7440796,0.43544626,6.1486835,1.5746458,-0.0048856735,-0.7731588,-0.44450974
1.4689989,3.7360463,0.42839324,6.1548004,1.5776567,-0.019850254,-0.7333356,-0.4478151
1.4690061,3.6973777,0.4395578,6.212269,1.5944405,-0.021682024,-0.7445198,-0.44939464
1.4508511,3.664816,0.44846058,6.2058363,1.5870831,-0.016558647,-0.76421326,-0.44960898
0.86481917,9.424869,-0.36262107,6.5627728,1.1587758,-2.105688,0.34082055,-0.18552601
0.8726643,9.44787,-0.32597148,6.455532,1.174027,-2.1123722,0.28197277,-0.15318659
0.8618075,9.480694,-0.33954096,6.698949,1.1984339,-2.1087186,0.25614035,-0.15485224
0.8675846,9.482668,-0.3130067,6.683567,1.2060606,-2.109006,0.19794667,-0.13651758
0.8826028,9.53449,-0.3725872,6.66723,1.1658471,-2.1011171,0.15984142,-0.11782825
0.86762416,9.569202,-0.30421448,6.548906,1.1330347,-2.1162598,0.23146164,-0.14781672
0.8744357,9.525221,-0.33800137,6.4228725,1.136477,-2.1078396,0.20762777,-0.15262952
0.87415767,9.535318,-0.3430972,6.523814,1.143379,-2.1087356,0.18943548,-0.13490617
0.95145535,9.541933,-0.29400623,6.4726963,1.1584098,-2.0852993,0.21525776,-0.11314857
0.8932322,9.481959,-0.30231893,6.286661,1.2082717,-2.081647,0.22019422,-0.06587204
0.9120491,9.482409,-0.3067361,6.3473706,1.2212818,-2.0832434,0.21528924,-0.06782022
0.91517425,9.459896,-0.3102435,6.281806,1.258224,-2.0839763,0.21404469,-0.067652285
0.93187916,9.436882,-0.2930919,6.2791247,1.2435555,-2.0815635,0.21186006,-0.060138166
0.9307333,9.482332,-0.2979256,6.350394,1.2684195,-2.085663,0.19309998,-0.065980375
0.95549476,9.51416,-0.3058834,6.369789,1.2716606,-2.0975852,0.20235395,-0.073093
0.93314564,9.512615,-0.32058692,6.3875885,1.2918377,-2.1017752,0.18290019,-0.07169098
0.9264711,9.489784,-0.3364452,6.346449,1.2626584,-2.0914319,0.17643201,-0.075816244
0.92776704,9.4908,-0.31842697,6.3247023,1.2578418,-2.0850427,0.18989539,-0.072540104
0.92903066,9.431509,-0.31075686,6.356636,1.2522757,-2.0738118,0.15994537,-0.059834838
0.91329086,9.431715,-0.3314817,6.4336753,1.244528,-2.0748334,0.1465255,-0.07531595
0.9154086,9.443003,-0.3329587,6.368461,1.2416918,-2.0868845,0.22458303,-0.08389789
0.93130255,9.489605,-0.32645297,6.32179,1.233459,-2.0873187,0.18634427,-0.07136941
0.93783414,9.430563,-0.3178755,6.326639,1.2895479,-2.0812457,0.16752839,-0.074064404
0.9369087,9.40778,-0.29463196,6.3897977,1.2885475,-2.0995326,0.14542782,-0.072671354
0.94044125,9.411995,-0.29093844,6.4067225,1.2545354,-2.0893173,0.18114555,-0.0723871
0.9363475,9.415661,-0.27177262,6.381577,1.2621338,-2.0855422,0.18360794,-0.064465135
0.92731225,9.488778,-0.31440425,6.467715,1.2182674,-2.0857515,0.15977263,-0.07736683
0.9427352,9.504038,-0.31243986,6.3715763,1.2282753,-2.0906444,0.16320395,-0.08041483
0.865032,9.444376,-0.3257624,6.3530884,1.2427299,-2.0945857,0.15744817,-0.079591185
0.8717136,9.4057045,-0.3780648,6.3962946,1.2517338,-2.085659,0.16029644,-0.090536475
0.91885465,9.430809,-0.3383155,6.231042,1.2800374,-2.0888186,0.18188143,-0.088727355
0.9001302,9.430444,-0.31567252,6.398425,1.2792826,-2.0973668,0.16704512,-0.077536255
0.90227574,9.400631,-0.31574714,6.314499,1.2759609,-2.092307,0.17232108,-0.06857929
0.9067788,9.410336,-0.33055973,6.2477274,1.2754183,-2.0845013,0.17263734,-0.068395555
0.89862967,9.417076,-0.3288346,6.280431,1.2658944,-2.0827565,0.18012857,-0.06740534
0.88958,9.407446,-0.34526914,6.2490754,1.2286959,-2.0834808,0.20423019,-0.074772686
0.9039455,9.41687,-0.3427068,6.2732196,1.2341123,-2.0837379,0.20250249,-0.08370662
0.88560843,9.448362,-0.33340847,6.383448,1.2298334,-2.0722609,0.23871028,-0.076816976
0.8930351,9.458814,-0.3060422,6.39213,1.2562518,-2.0790198,0.24052286,-0.07364079
0.86323893,9.464516,-0.3239252,6.4990416,1.2537968,-2.0722344,0.20660067,-0.06716043
0.8605354,9.479925,-0.3544078,6.360595,1.2116551,-2.0739207,0.22590387,-0.06849432
0.86350495,9.4644985,-0.36486387,6.392007,1.2338829,-2.060856,0.2030971,-0.070571005
0.86345303,9.460375,-0.3876801,6.402033,1.211133,-2.0803509,0.1994425,-0.08774418
0.8568703,9.440484,-0.3067289,6.6351466,1.2108693,-2.091373,0.2637565,-0.10269004
0.80630326,9.357257,-0.32464927,6.431094,1.2464759,-2.0737114,0.23643887,-0.107681334
0.8461331,9.362838,-0.28056258,6.452897,1.2424164,-2.0774896,0.2745694,-0.09135604
0.7054119,9.307264,-0.2619815,6.456218,1.2837169,-2.0437748,0.2669071,-0.09446895
0.8339673,9.290401,-0.2509035,6.5500445,1.287113,-2.0586784,0.25549936,-0.09248769
0.86239713,9.293213,-0.20433104,6.721241,1.2904425,-2.0552402,0.26380467,-0.091593385
0.826005,9.336994,-0.23041308,6.5014267,1.2764771,-2.0541763,0.28833652,-0.086462975
0.8384429,9.330757,-0.23438764,6.5668325,1.3103542,-2.048881,0.3353219,-0.092689574
0.8329332,9.341801,-0.23318267,6.573452,1.3297849,-2.0438342,0.33263922,-0.070175946
0.8422785,9.31659,-0.22473693,6.6156282,1.3353484,-2.0493305,0.33121943,-0.07270342
0.83537316,9.382271,-0.24166107,6.562376,1.3273497,-2.0546663,0.3462094,-0.06852156
0.84923613,9.383118,-0.23774123,6.6132717,1.2398081,-2.0391872,0.35683084,-0.08066839
0.86581755,9.447751,-0.2471667,6.532617,1.2341409,-2.0447683,0.35126424,-0.07207546
0.8950172,9.422881,-0.22875452,6.5408416,1.295069,-2.0522144,0.2869413,-0.052114457
0.9059815,9.440182,-0.24619222,6.467823,1.2815213,-2.0743155,0.3122983,-0.07463133
0.9196745,9.40263,-0.23194468,6.419632,1.281616,-2.072213,0.2629181,-0.063935935
0.9227648,9.381714,-0.24543285,6.372802,1.2850962,-2.080114,0.24071848,-0.06341672
0.927801,9.348263,-0.2422744,6.3569603,1.298804,-2.0751874,0.21918666,-0.074394464
0.93302107,9.397946,-0.23644888,6.4785776,1.2800775,-2.0764084,0.22249389,-0.066366136
0.9118414,9.386938,-0.23724544,6.5124598,1.3299227,-2.0848103,0.2373184,-0.06115833
0.9002807,9.383962,-0.23875558,6.4834375,1.303731,-2.0725658,0.24590015,-0.06247002
0.9133033,9.374531,-0.23822314,6.463978,1.3030672,-2.0682368,0.24756181,-0.07066071
0.8671445,9.382542,-0.24132383,6.651778,1.2994771,-2.0744405,0.26739943,-0.07245648
0.8728576,9.384047,-0.2392227,6.5493093,1.2990813,-2.0534415,0.27919888,-0.050107718
0.8477031,9.3921795,-0.23657668,6.7213917,1.2831788,-2.052342,0.26579416,-0.06459254
0.82101345,9.412319,-0.22323209,6.7272325,1.2980671,-2.032808,0.3326168,-0.06261945
0.8429296,9.410616,-0.2028498,6.6915665,1.3071384,-2.0348368,0.3793286,-0.06505054
0.85438824,9.438306,-0.19381058,6.7147827,1.2722888,-2.03259,0.3367499,-0.047283113
0.8420541,9.441441,-0.20254886,6.701731,1.2917118,-2.0302296,0.36407804,-0.054695666
0.8389679,9.513887,-0.20486724,6.70525,1.3015077,-2.0376098,0.36982286,-0.04163766
0.850824,9.468567,-0.1936642,6.6665106,1.2985544,-2.0438898,0.3762889,-0.042174906
0.8769497,9.443353,-0.20711982,6.553609,1.2870355,-2.023241,0.3448205,-0.037140906
0.8779651,9.480856,-0.19100988,6.5549393,1.2646582,-2.0442061,0.31254947,-0.029072583
0.86163354,9.493276,-0.20513654,6.4152946,1.231993,-2.034408,0.33205342,-0.026051939
0.8513925,9.463467,-0.2836691,6.4206395,1.2339442,-2.0413027,0.2664224,-0.039533854
0.78809714,9.412266,-0.32921422,6.395456,1.2104459,-2.0339017,0.2600752,-0.046272755
0.79214704,9.390991,-0.28540325,6.3969097,1.2191789,-2.035349,0.2506591,-0.043692857
0.7804615,9.396027,-0.20994079,6.3601627,1.242382,-2.0427685,0.24833202,-0.043865025
0.78271806,9.366141,-0.34270674,6.506785,1.2502921,-2.0418272,0.26145017,-0.052860856
0.7327492,9.346144,-0.21418023,6.3692427,1.2443471,-2.0522237,0.24204862,-0.06315541
0.7098746,9.346128,-0.26427627,6.4312277,1.2321312,-2.0379848,0.24425542,-0.06295407
0.6950232,9.353281,-0.23988795,6.404977,1.223521,-2.0413628,0.24473369,-0.067497015
0.6955193,9.31727,-0.25764078,6.3547935,1.2108212,-2.0497024,0.20730448,-0.07006508
0.69275516,9.29472,-0.2256831,6.3300443,1.265929,-2.021203,0.25189078,-0.07739568
0.7630161,9.302901,-0.44653273,6.3218193,1.2681537,-2.0272875,0.24591422,-0.045286715
0.72901237,9.294754,-0.44803953,6.229726,1.260494,-2.008685,0.2642622,-0.053589135
0.75954074,9.31746,-0.4263354,6.2224684,1.2603683,-2.007717,0.24306643,-0.019894183
0.76321596,9.359474,-0.4679311,6.2314124,1.242852,-2.0047839,0.22429335,-0.041294754
0.7780273,9.3694315,-0.47831774,6.233222,1.253386,-2.0065742,0.4783548,-0.086494565
0.74950254,9.463179,-0.4818188,6.1649284,1.2451317,-1.8112874,0.40600693,-0.08514202
0.75728273,9.48894,-0.47066236,6.15141,1.2364416,-1.8364546,0.5870826,-0.085276574
0.734374,9.486139,-0.54060066,6.1310377,1.2802839,-1.8256782,0.617396,-0.09502739
0.74166536,9.498319,-0.5853983,6.1648736,1.2944746,-1.9337585,0.6324692,-0.101949155
0.738498,9.4978485,-0.5721999,6.1579666,1.2718487,-1.841532,0.70032465,-0.098138094
0.77141654,9.5190525,-0.56968415,6.168338,1.2770636,-1.8231139,0.4571005,-0.11673093
0.76792264,9.5552,-0.5783437,6.1817293,1.2797108,-1.8186796,0.47623527,-0.115436435
0.74655724,9.492598,-0.55160594,6.2132387,1.2807481,-1.8641584,0.4804262,-0.11927715
0.7676613,9.484255,-0.57449734,6.197105,1.3577671,-1.9051006,0.54857767,-0.1350115
0.7561785,9.497335,-0.5948683,6.190118,1.3397543,-1.8950918,0.58837175,-0.13370252
0.74658835,9.500866,-0.57932454,6.1405034,1.304429,-1.9175171,0.61753273,-0.11423355
0.76424825,9.527863,-0.50353277,6.1661634,1.3212883,-1.9026912,0.63399565,-0.13255408
0.7644443,9.549835,-0.5139313,6.2656517,1.3043926,-1.8333275,0.45925355,-0.14642483
0.7169582,9.54088,-0.46942616,6.234445,1.3160529,-1.8421234,0.43871653,-0.13365197
0.7144225,9.480366,-0.45014286,6.2164702,1.2940726,-1.848638,0.4274577,-0.114890575
0.7412121,9.434449,-0.53591293,6.2208886,1.2125278,-1.8121036,0.5383247,-0.098839104
0.7271108,9.427992,-0.50165087,6.2304363,1.2352185,-1.8556699,0.57964075,-0.08306897
0.69885945,9.354359,-0.4922176,6.2198143,1.2229705,-1.9045391,0.61518705,-0.080429554
0.6967857,9.355888,-0.50494224,6.2575817,1.2131257,-1.8681742,0.6477393,-0.053185344
0.70146036,9.339514,-0.50711983,6.241727,1.1645572,-1.856573,0.64326143,-0.046779215
0.69423,9.331814,-0.47864377,6.261736,1.2506955,-1.8949788,0.6652423,-0.04626742
0.6954692,9.344371,-0.45506328,6.183666,1.1847591,-1.9047339,0.5677464,-0.034789503
0.62245923,9.311989,-0.467286,6.336567,1.3029058,-1.8893666,0.54830503,-0.066881984
0.6444807,9.320541,-0.42846155,6.198451,1.323201,-1.9627016,0.55367553,-0.0679234
0.65370506,9.317478,-0.4107958,6.1688066,1.3945696,-1.9740195,0.42187774,0.008858442
0.67593575,9.287697,-0.3906939,6.125365,1.3906195,-1.9705102,0.41559243,-0.00046133995
0.67186475,9.295036,-0.44100142,6.1155224,1.4312394,-1.971419,0.42011738,-0.003500998
0.6701367,9.253849,-0.4494232,6.085498,1.3890462,-1.979792,0.4064201,-0.008240819
0.6491132,9.249386,-0.47050637,6.1050663,1.3819427,-1.9658844,0.4458034,-0.020555556
0.64431983,9.262226,-0.42611474,6.097967,1.2908278,-1.9533101,0.44211483,-0.026456773
0.671803,9.272936,-0.46564704,6.2070026,1.3039484,-1.9616531,0.4095297,-0.020290375
0.69778526,9.264323,-0.4818771,6.21218,1.2953289,-2.000373,0.34195805,-0.030065358
0.6785285,9.302246,-0.48125094,6.190386,1.3014727,-1.9990366,0.35267735,-0.025045455
1.8031244,6.859891,-0.8922738,5.411488,0.7259588,-0.021018267,0.35517466,0.6795199
1.7760749,6.8150334,-0.88911396,5.4182005,0.71300554,-0.034911394,0.34852576,0.68426085
1.7870905,6.8062263,-0.88380975,5.400963,0.73328424,-0.028254509,0.34454393,0.6842973
1.791215,6.7991986,-0.87729836,5.42816,0.7332928,-0.02414608,0.33592963,0.6751082
1.782592,6.8119216,-0.927269,5.520359,0.7490132,-0.024994373,0.33776867,0.6797023
1.7809787,6.8288,-0.85392964,5.361902,0.7673242,-0.01948595,0.3569256,0.6643847
1.7621748,6.801965,-0.90545034,5.50148,0.76413465,-0.006038904,0.35223055,0.6618662
1.7362313,6.8129883,-0.90282166,5.5020676,0.80372715,-0.0068838596,0.35061157,0.65738034
1.815772,6.887536,-0.94603795,5.556237,0.79283166,-0.01136446,0.3519683,0.6632575
1.7857498,6.8126984,-0.95377386,5.5333934,0.79870844,-0.0117685795,0.3425169,0.6622782
1.8262427,6.790252,-0.9257071,5.497302,0.75470805,-0.001801014,0.3431145,0.672305
1.7910753,6.77361,-0.922282,5.630941,0.7825439,-0.03330469,0.34013343,0.6735709
1.8703166,6.769114,-0.8631935,5.5989747,0.76817656,-0.016253233,0.3401308,0.6720557
1.8849828,6.7863526,-0.8775222,5.656951,0.8031602,-0.022989988,0.31866562,0.6720557
1.9110947,6.8027735,-0.8540858,5.7209663,0.8094342,-0.013864517,0.3226595,0.6746651
1.900465,6.8371596,-0.8513369,5.6693363,0.7829077,-0.016853571,0.31599808,0.6691222
1.8768023,6.8162127,-0.87598443,5.575424,0.7860937,-0.013567209,0.31736934,0.65960205
1.8825082,6.852192,-0.8754687,5.5554385,0.769747,-0.008455753,0.31068373,0.6645622
1.8826467,6.888153,-0.8076199,5.5355496,0.7511184,-0.005690098,0.30471873,0.65933347
1.8840225,6.865948,-0.85424906,5.5104685,0.75106907,-0.022543192,0.30502582,0.66330683
1.8825324,6.8424096,-0.86607486,5.5605803,0.7548194,-0.008631945,0.30970812,0.6657529
1.8608521,6.851896,-0.8946371,5.508745,0.76235056,-0.011610746,0.32923257,0.6631043
1.8603842,6.851136,-0.86648905,5.494513,0.7567091,-0.0079882145,0.3162452,0.66341925
1.8778992,6.925001,-0.92854923,5.524226,0.7436924,-0.0027501583,0.34514427,0.66624093
1.8640274,6.945495,-0.8974052,5.5529256,0.724468,-0.008280516,0.3647256,0.6661742
1.7531257,6.9508066,-0.7887374,5.574495,0.68640137,-0.017546415,0.35533202,0.6678251
1.7215323,7.0375204,-0.8100444,5.5604005,0.68245935,-0.042742014,0.34008038,0.6576868
1.8110037,7.1168113,-0.8046769,5.2307825,0.704494,-0.09355521,0.34724724,0.63900423
1.8245319,7.108727,-0.8267144,5.189003,0.66901517,-0.10149574,0.31130123,0.63721395
1.8296813,7.0007415,-0.7979124,5.156394,0.7511177,-0.1494689,0.29838002,0.63619506
1.8678985,7.0245657,-0.82320434,5.223179,0.74574447,-0.16570187,0.29473555,0.6441455
1.8796378,7.1248927,-0.85227513,5.236866,0.74658465,-0.101943016,0.29233515,0.64985967
1.9104832,7.1700106,-0.79113597,5.2531137,0.6345799,-0.1621089,0.2796483,0.64368594
1.903404,7.212419,-0.8087709,5.318609,0.629174,-0.16976261,0.27770233,0.64111304
1.9488313,7.222387,-0.817551,5.284423,0.64412713,-0.19655633,0.27978182,0.6417023
1.9703765,7.1865406,-0.81426007,5.113205,0.63883996,-0.23341393,0.28144073,0.64122367
1.9562356,7.175969,-0.81335545,5.1339946,0.73965716,-0.22571659,0.306674,0.64718664
2.0178928,7.28388,-0.814062,5.398552,0.7396865,-0.1914432,0.31064188,0.6390052
1.9348032,7.260955,-0.80500925,5.4000616,0.7113614,-0.24090767,0.33884215,0.66192484
1.9877772,7.151161,-0.83477575,5.2996535,0.70193744,-0.21752882,0.32280397,0.6568564
1.999839,7.090856,-0.81896293,5.294387,0.7406254,-0.2428968,0.3219396,0.68814254
2.0074358,6.9829917,-0.7844856,5.4142127,0.7529366,-0.1757803,0.29570174,0.6860752
2.0815692,7.070598,-0.78586733,5.5017195,0.74117756,-0.23028588,0.29437518,0.6839974
2.0769835,7.057916,-0.82190925,5.4155293,0.5393534,-0.23124743,0.27988768,0.6873404
2.0769835,7.085576,-0.858418,5.280881,0.5312917,-0.23045921,0.2922603,0.68679786
2.1260817,7.0740438,-0.8188603,5.2835298,0.57861996,-0.21844673,0.28782606,0.6853987
2.141951,7.0183144,-0.83448493,5.3416786,0.6036496,-0.2317791,0.3080567,0.69497836
2.1424217,7.0220985,-0.8316933,5.2110868,0.5461564,-0.24253845,0.29846013,0.67776465
2.1190636,7.1275473,-0.7997405,5.202082,0.5707483,-0.23595333,0.32520342,0.67492867
2.1193826,7.1324716,-0.804989,5.5043025,0.6534405,-0.28155184,0.32455635,0.6852778
2.111653,7.0718946,-0.7827041,5.5209703,0.64615846,-0.19890642,0.32901204,0.68373847
2.0763087,7.084941,-0.77211,5.428471,0.6466775,-0.18262076,0.3148526,0.683483
2.0714846,6.892772,-0.7828002,5.4732323,0.6518066,-0.18101406,0.30945432,0.6914139
2.0594306,6.9244227,-0.7902518,5.4024267,0.6650741,-0.17814684,0.30977738,0.68587613
2.0397835,6.9235206,-0.7852081,5.444745,0.65701485,-0.17073774,0.32887304,0.68765366
2.0429697,6.9219007,-0.78635806,5.476073,0.66105556,-0.16217113,0.34282696,0.6946113
2.0450888,6.983055,-0.8096483,5.4480305,0.65096474,-0.17858648,0.33884227,0.6931604
2.0441341,6.9712853,-0.806698,5.4770103,0.6607015,-0.14106226,0.3344512,0.6915169
2.0528333,7.106411,-0.8110244,5.4974575,0.6496179,-0.12468338,0.35479832,0.6995373
2.0380983,7.1528707,-0.7916901,5.4496646,0.6511452,-0.14382887,0.37257016,0.6925026
2.0472095,7.1874113,-0.8141574,5.41539,0.6501484,-0.1552887,0.37060046,0.6939101
2.028553,7.1809893,-0.81339926,5.414981,0.6483164,-0.18626618,0.3704368,0.69004846
1.9367093,7.220802,-0.7870082,5.329898,0.6963618,-0.1477673,0.40131664,0.6774199
1.9421536,7.249965,-0.80525523,5.27392,0.65731907,-0.13280559,0.3912189,0.6806364
1.9512274,7.261119,-0.83377886,5.1979227,0.60460424,-0.15999818,0.38291252,0.6746106
1.9742969,7.2860293,-0.83828664,5.099172,0.65697575,-0.18925762,0.37680578,0.6740978
2.1170597,7.4929843,-0.8305202,5.418195,0.65360546,-0.20132136,0.40256715,0.6786567
1.9643366,7.4702115,-0.83151424,5.5202913,0.6114812,-0.17217231,0.400347,0.6761986
1.949579,7.405992,-0.83389544,5.202096,0.68400836,-0.18937945,0.3988986,0.6736913
1.9354056,7.4108243,-0.8291918,5.0212474,0.72911906,-0.1798296,0.39796066,0.6732546
1.9615643,7.400355,-0.8292045,5.4600115,0.687026,-0.17936873,0.3870932,0.6683849
1.9501143,7.3544493,-0.8175893,5.013994,0.6941755,-0.18249512,0.38855803,0.67457247
1.9701285,7.3427296,-0.8085781,4.9677896,0.6432371,-0.22435045,0.37906516,0.67291903
2.0288315,7.3750534,-0.80986834,5.0496554,0.6309905,-0.2644515,0.36337125,0.6788311
2.010417,7.3457947,-0.8158903,5.016743,0.61179686,-0.24067926,0.36542296,0.656587
2.0647647,7.3234825,-0.81468105,5.0134,0.59765935,-0.26986837,0.36500454,0.6702846
2.0734994,7.341875,-0.81805545,5.0565834,0.5823958,-0.24245715,0.35427272,0.67647207
2.049198,7.2562575,-0.8258271,5.165818,0.6033125,-0.23911381,0.35331905,0.6660719
2.0411973,7.3192806,-0.82661057,5.1540813,0.6054199,-0.2245996,0.355366,0.6688999
2.051478,7.356836,-0.82666034,5.159461,0.58094573,-0.25255442,0.35928428,0.6655432
2.0421963,7.361216,-0.83604085,5.3580923,0.55752754,-0.21209955,0.34539378,0.6671469
2.006524,7.328798,-0.82388407,5.3567286,0.6005423,-0.1984582,0.38528228,0.6729071
2.0257936,7.3428216,-0.81776404,5.2290983,0.5987046,-0.18865228,0.39463437,0.67847323
2.0345988,7.236905,-0.80611384,5.537408,0.58484817,-0.18959641,0.3970616,0.68562734
2.0753984,7.301013,-0.78364277,5.5358744,0.5284698,-0.19010115,0.4159875,0.68405676
2.1001177,7.294752,-0.77389646,5.6293087,0.59732556,-0.20047426,0.41257858,0.6845064
2.0887961,7.2514224,-0.7716467,5.5924454,0.5720198,-0.22319603,0.41442072,0.6808739
2.0961,7.225625,-0.77943116,5.6286545,0.55315924,-0.20739055,0.39947045,0.68110955
2.0951838,7.2458806,-0.762091,5.47515,0.55527854,-0.20966792,0.38864553,0.677016
2.038641,7.2142797,-0.77129996,5.373287,0.60132813,-0.18955207,0.39868033,0.67555034
2.0407276,7.205348,-0.76219875,5.541251,0.59994626,-0.1892519,0.39012313,0.67721796
2.0252893,7.135753,-0.77349705,5.4242287,0.6132324,-0.20153785,0.39003146,0.68355966
2.0558863,7.2003093,-0.7887953,5.4061384,0.635314,-0.1805737,0.36302602,0.68609476
2.0534391,7.1213307,-0.77284044,5.4228487,0.63691425,-0.15655541,0.36258996,0.69208896
2.0602283,7.148014,-0.82143056,5.432678,0.6408956,-0.1486907,0.355505,0.7052922
2.0483716,7.252393,-0.8411555,5.3677015,0.65721154,-0.23434544,0.35981476,0.70095825
2.055606,7.219477,-0.8421194,5.098565,0.6254742,-0.18572474,0.35261607,0.7043507
2.0767848,7.349637,-0.8458467,5.122098,0.69954467,-0.24081612,0.39160168,0.7023474
2.090268,7.376698,-0.8361244,4.9847574,0.7214627,-0.22433853,0.39729655,0.6694572
2.060042,7.352591,-0.84180987,4.94549,0.6952572,-0.2655368,0.40538836,0.6811826
2.0752535,7.3529224,-0.82970273,4.921948,0.73712134,-0.25994635,0.3994547,0.6856928
2.1262944,7.222338,-0.8381429,4.8731885,0.77335024,-0.26673365,0.38169348,0.68721104
2.1076775,7.2437983,-0.8551448,4.8788595,0.7636473,-0.2420206,0.41425586,0.73159385
2.112896,7.195248,-0.87623733,4.8966866,0.81020665,-0.2534566,0.39327216,0.73693776
2.1014378,7.203917,-0.883598,4.9114547,0.74946713,-0.27908564,0.3918873,0.73011255
2.0594397,7.376558,-0.89397055,5.010483,0.7360897,-0.32517004,0.40343976,0.7479713
2.0913568,7.3260846,-0.8981332,5.000788,0.7424855,-0.3010702,0.40186858,0.7269212
2.1343474,7.2420526,-0.879706,5.0038586,0.89172816,-0.2959175,0.3623829,0.72606754
2.131553,7.2693644,-0.88679385,4.9846406,0.881742,-0.32814717,0.38014245,0.7029469
2.0566962,7.2974467,-0.86752725,5.00148,0.85157275,-0.20900655,0.37653947,0.70077
2.063257,7.345995,-0.8787793,4.9920845,0.8629124,-0.23431206,0.36719346,0.6948221
2.0419233,7.4677544,-0.87535536,5.0342417,0.8714795,-0.25878334,0.37036872,0.6892302
2.0808542,7.480423,-0.87313586,5.0316553,0.8448982,-0.2536335,0.37705016,0.6817372
2.020732,7.5157213,-0.85239446,4.9879494,0.8411145,-0.28987098,0.3585534,0.671721
2.0168023,7.5214515,-0.85242236,5.025966,0.7283025,-0.27926922,0.41201174,0.6814234
1.9681185,7.542945,-0.8525854,4.9818764,0.686887,-0.29912663,0.41560078,0.68706393
1.9579045,7.6156683,-0.851997,4.983917,0.7332308,-0.30185914,0.42924464,0.6756748
1.9609469,7.429081,-0.8324874,5.030894,0.60914755,-0.27096415,0.41499758,0.66935396
1.9802848,7.4500537,-0.83289725,5.023575,0.6333711,-0.2556455,0.40020823,0.66830134
1.9749122,7.3802614,-0.8310666,5.046786,0.58862114,-0.22465086,0.3919524,0.6679573
2.0274806,7.4233503,-0.8396325,5.136906,0.58431745,-0.21812344,0.37981486,0.68444145
2.02509,7.4999547,-0.852024,5.1608863,0.5976126,-0.21482897,0.3954147,0.6863091
2.0361602,7.423854,-0.84639573,5.1366243,0.5863712,-0.21063614,0.39132178,0.68525267
2.0498686,7.58423,-0.84437037,5.4832354,0.5360575,-0.1857295,0.3994205,0.6834377
2.0706282,7.5096774,-0.86023897,5.4323473,0.50840235,-0.18192887,0.40231502,0.6966641
1.6817596,3.4614418,0.5170815,4.2579827,1.8983631,-2.1199584,0.18163776,0.964605
1.6993442,3.4583077,0.6041329,4.270156,1.9027817,-2.120049,0.14792335,0.9709047
1.7456086,3.4105499,0.55757344,4.307039,1.7795551,-2.1551003,0.06941724,0.9474119
1.7451909,3.5996704,0.5464927,4.318553,1.7453094,-2.180121,0.042506695,0.9183197
1.7579093,3.541655,0.4860108,4.298559,1.83022,-2.148999,0.047761083,0.90630794
1.7621819,3.5367677,0.62567925,4.2918186,1.8361483,-2.1490736,0.052476406,0.88721585
1.7470876,3.4913363,0.5780448,4.2977567,1.8483789,-2.1345203,0.051516652,0.8956243
1.7356858,3.4513674,0.522998,4.3124943,1.9252255,-2.128315,0.021549463,0.88076746
1.7063677,3.3908982,0.5407903,4.3250275,1.9216783,-2.0958734,-0.020852864,0.86667085
1.7146466,3.813023,0.5195383,4.318317,1.9865775,-2.0890086,-0.006954372,0.8640555
1.6997355,3.6854289,0.51320815,4.3175864,1.8739994,-2.104362,-0.035431623,0.86810803
1.7005742,3.6867094,0.49328995,4.3354645,1.9343355,-2.1004207,-0.0711261,0.8689532
1.7035903,3.90483,0.47842133,4.310111,1.9302442,-2.0821276,-0.08421552,0.8685043
1.7008581,3.7797153,0.50059485,4.3552384,1.9710476,-2.0421896,-0.1251145,0.88260937
1.6994843,3.8033013,0.49506783,4.344536,1.9737048,-2.1348386,-0.1100688,0.8866017
1.6940663,3.7936015,0.5001277,4.2678194,1.9747605,-2.0744696,-0.106140554,0.88658094
1.6949137,3.8560288,0.5211277,4.220862,1.969327,-2.0174398,-0.10239154,0.89009964
1.6864275,3.8442507,0.5168364,4.2466674,1.9768946,-1.9944487,-0.108745396,0.8880272
1.7214332,3.732545,0.51667213,4.2890196,1.9647377,-2.120163,-0.1122157,0.875285
1.7163876,3.7805128,0.50725317,4.2340546,1.9634316,-2.1236448,0.071146965,0.8707992
1.7206353,3.7366161,0.56106544,4.3565445,1.9170146,-2.1099575,0.074718356,0.8503263
1.7205713,3.6086702,0.5596154,4.359272,1.9374144,-2.1090176,0.0764184,0.85077655
1.7289027,3.5900834,0.57271886,4.3436456,1.9221971,-2.0954676,0.056842566,0.86116695
1.7353096,3.5737672,0.5941832,4.3923626,1.96948,-2.1115274,0.056351185,0.85719633
1.7473775,3.5396924,0.55305016,4.3233347,1.9566605,-2.103023,-0.040805995,0.856277
1.7428834,3.6064851,0.5519923,4.2751894,1.9035358,-2.0846353,-0.07785404,0.8606756
1.7393595,3.6534495,0.5513618,4.267675,1.944926,-2.0680373,-0.05831629,0.86011624
1.7401446,3.6956606,0.56034803,4.27607,1.9625821,-2.062891,-0.055608153,0.8620018
1.7360184,3.4711242,0.55337405,4.287424,1.9530079,-2.0960648,-0.024915516,0.8655293
1.7366493,3.5067353,0.54526806,4.315192,1.9606276,-2.1037843,-0.1182034,0.86377335
1.732784,3.5091436,0.5291749,4.341785,1.9209564,-2.1182985,-0.089366436,0.8605931
1.72882,3.5773683,0.5233927,4.2709513,1.9648759,-2.0779033,-0.08270407,0.86006033
1.73648,3.4864817,0.5397837,4.274486,1.9531043,-2.0927072,-0.091122866,0.8558544
1.735498,3.5526624,0.54973197,4.258231,1.9541209,-2.0915966,0.046668887,0.8617792
1.7523654,3.566482,0.5650722,4.244426,1.9693148,-2.1042538,0.02693212,0.8779416
1.7315668,3.4773993,0.5767741,4.2766924,1.8597968,-2.1316676,0.0070114136,0.8855647
1.7194542,3.7088003,0.60594034,4.3467236,1.9417813,-2.1411226,0.03048551,0.88869345
1.7197158,3.3902936,0.6049205,4.3663626,1.7877126,-2.1415133,0.07301211,0.9064344
1.7438786,3.6962717,0.60781944,4.4142623,1.8070884,-2.1595569,-0.06790447,0.88375807
1.7402194,3.6454744,0.6040611,4.3930626,1.8268149,-2.1502316,-0.05805099,0.87787175
1.7481548,3.6290894,0.61238027,4.284049,1.8193297,-2.1442924,-0.08284956,0.86394703
1.7505114,3.6474867,0.5975807,4.4151773,1.8142562,-2.0966158,-0.08613771,0.86676097
1.741291,3.5876606,0.60481524,4.4362755,1.8370345,-2.0724077,-0.06310648,0.86674786
1.7432094,3.6428878,0.60636234,4.340681,1.8570082,-2.0371976,-0.05375451,0.86652255
1.7401452,3.5676937,0.5869596,4.314456,1.8777695,-2.0923448,-0.04878199,0.8709818
1.7433987,3.4766026,0.5793929,4.328015,1.8961895,-2.13349,-0.13211793,0.86894035
1.7451926,3.3285706,0.5812677,4.31136,1.9550865,-2.1458755,-0.123509705,0.8709297
1.7438884,3.2983842,0.567793,4.251602,1.9787936,-2.1389356,-0.19298309,0.87126327
1.7421741,3.0937622,0.5740235,4.213637,1.9740174,-2.0829284,-0.34316152,0.87743115
1.7350125,3.1284168,0.57472897,4.258801,1.9628353,-2.11023,-0.345168,0.8757621
1.7566028,3.1803265,0.57896256,4.1285915,1.9574189,-2.1566482,-0.33769268,0.87723076
1.754322,3.2221835,0.58226836,4.095024,1.9209692,-2.065775,-0.32437932,0.87418294
1.7537228,3.0782337,0.56968546,4.053661,1.9157667,-2.0802526,-0.38117868,0.874439
1.742273,3.0667725,0.54590607,3.9984844,1.9084997,-2.0881417,-0.40060675,0.8715894
1.7456012,3.0240774,0.54168653,4.037993,1.9288888,-2.0369759,-0.39243823,0.8703269
1.746641,3.1103606,0.5432261,4.0780964,1.9318087,-2.0882103,-0.4004963,0.86742556
1.7531061,3.183091,0.54294586,4.3823285,1.9542181,-2.0864007,-0.34725428,0.86716175
1.7552506,3.1551604,0.54364634,4.315523,1.942003,-2.0735726,-0.33004057,0.8636482
1.7563754,3.1978436,0.5340507,4.3726873,1.9382222,-2.1064484,-0.31366438,0.8588133
1.7560623,3.2217112,0.52588975,4.38176,1.9260111,-2.1006517,-0.32649755,0.8573791
1.7622983,3.2302337,0.5323479,4.3817058,1.9321127,-2.0905356,-0.3066005,0.8557031
1.7631625,3.2103965,0.5330825,4.36996,1.9474516,-2.1130161,-0.32626384,0.85497475
1.7694443,3.1509085,0.52667,4.1868753,1.9699647,-2.0861974,-0.3086728,0.85015833
1.7764213,3.357774,0.52204037,4.13593,1.990643,-2.1471791,-0.18339223,0.85091877
1.7762071,3.6348238,0.52127385,4.1530514,1.9882424,-2.18032,-0.12008041,0.84649324
1.7775924,3.5765874,0.5388931,4.1640525,1.9797838,-2.129742,-0.12972867,0.8433317
1.778585,3.4478512,0.5431192,4.119402,1.956348,-2.1507833,-0.17017418,0.8447151
1.7804363,3.428038,0.5442654,4.145841,1.9798512,-2.116815,-0.15448397,0.84167886
1.7873554,3.1470594,0.56857264,4.1601615,1.9637992,-2.1212692,-0.15590316,0.84417784
1.7760234,3.3642983,0.57363605,4.1531725,1.9475956,-2.1345344,-0.16315651,0.84960127
1.7611234,3.3548884,0.56237435,4.1393313,1.9654777,-2.1382089,-0.15803927,0.875919
1.7539368,3.3793287,0.56037426,4.163862,1.960432,-2.2182422,-0.35955036,0.87503827
1.7407713,3.438797,0.5634557,4.1722784,1.9328778,-2.1810975,-0.34336758,0.87934995
1.7432206,3.4280155,0.56551003,4.1569777,1.9405165,-2.1920712,-0.34782064,0.88596356
1.7461907,3.442581,0.56469965,4.220694,1.9398363,-2.1972532,-0.36688912,0.8835504
1.7463905,3.4744372,0.5557327,4.2038097,1.9378722,-2.2102542,-0.3675614,0.88326836
1.7491713,3.5072632,0.55316186,4.219313,1.9175341,-2.1992898,-0.38608527,0.88567066
1.7390492,3.5012512,0.5565363,4.2127337,1.9052615,-2.209708,-0.38477427,0.88269925
1.7570808,3.4806013,0.551286,4.246875,1.9215367,-2.1468003,-0.39682025,0.8849344
1.7592776,3.5022798,0.5538591,4.1801643,1.9232473,-2.155395,-0.3785255,0.885689
1.7502013,3.4257908,0.54632187,4.057395,1.9283195,-2.1581235,-0.37460548,0.8874842
1.7373959,3.406197,0.56071496,4.10004,1.9550195,-2.1252398,-0.35138363,0.883862
1.7453474,3.2048345,0.5670562,4.3604155,1.950594,-2.1199512,-0.4046896,0.8893422
1.7415175,3.2040951,0.5753951,4.357717,1.9396286,-2.2174242,-0.41756934,0.88583994
1.7322459,3.3225908,0.57221794,4.3258586,1.9268479,-2.197813,-0.3780439,0.8911582
1.7206028,3.3152258,0.5662167,4.3133354,1.9181325,-2.1794138,-0.37107384,0.8911555
1.7209414,3.2786827,0.57725024,4.3041945,1.9406483,-2.145187,-0.34548777,0.8878027
1.7269101,3.1800497,0.57891893,4.30197,1.9822829,-2.1782243,-0.36488688,0.89623475
1.7101363,3.020187,0.5672772,4.315825,1.9832008,-2.2103117,-0.33343112,0.8964062
1.7083746,3.0550108,0.5620446,4.2944765,1.9787107,-2.183116,-0.43557465,0.8847711
1.7155683,3.0964284,0.557976,4.2761188,1.979397,-2.2162783,-0.43057567,0.8818426
1.7303747,3.1267636,0.5577545,4.267029,1.9776857,-2.2011442,-0.43678695,0.88100874
1.7294124,3.1249955,0.5517912,4.194186,1.9819937,-2.1785245,-0.45339406,0.87974024
1.7260545,3.1819668,0.5414922,4.298981,1.9606009,-2.2388287,-0.4683841,0.8859359
1.7058002,2.9222636,0.54230094,4.3308372,1.9532013,-2.1810672,-0.41510105,0.8759849
1.7052617,2.947974,0.54533505,4.283322,1.9490829,-2.1407814,-0.43273658,0.8844652
1.7000072,3.0776458,0.54460263,4.154699,1.9481952,-2.1704655,-0.46593422,0.8893043
1.702127,2.897678,0.541847,4.2300463,1.9291282,-2.1798897,-0.51612276,0.88580775
1.6930494,3.0335407,0.5414412,4.212987,1.9207041,-2.1669478,-0.53342307,0.8896537
1.7011878,3.0614023,0.52160835,4.159126,1.9240131,-2.0995727,-0.53347313,0.8857274
1.6833752,3.023773,0.522629,4.201664,1.9574053,-2.1061997,-0.4687749,0.9006679
1.6843865,3.009036,0.52339625,4.174247,1.9533434,-2.185368,-0.5188545,0.8944323
1.7025951,3.2041597,0.52020454,4.1117663,1.973557,-2.1064777,-0.4791187,0.8941785
1.698338,3.1900702,0.491266,4.096773,1.9483011,-2.095986,-0.52377826,0.9010931
1.7011714,2.951496,0.49526238,4.0659513,1.9387612,-2.0945365,-0.5583637,0.8973322
1.6861553,2.9530182,0.47144437,4.0613647,1.9337013,-2.0809984,-0.5374352,0.8869326
1.6546057,2.7958367,0.4872967,4.111576,1.9468801,-2.1199253,-0.4936868,0.8928534
1.6547958,2.8823433,0.45451307,4.099317,1.9313402,-2.0850103,-0.5311643,0.9092343
1.6540213,3.2767253,0.49382043,4.05711,1.9670126,-2.0799532,-0.46485245,0.94333744
1.6629101,3.42795,0.48738647,4.0769506,1.9608982,-2.0867004,-0.4748109,0.9537618
1.6696882,3.3117611,0.4637152,4.089468,1.9893937,-2.0789828,-0.45885658,0.961485
1.6448545,3.414775,0.47687936,4.103767,1.9609482,-2.0790763,-0.4812709,0.9389101
1.6469457,3.2937536,0.4958216,4.0948257,1.9617445,-2.1056776,-0.48095185,0.93887556
1.6460401,3.388955,0.49909353,4.345833,1.972729,-2.0940468,-0.47438365,0.9303254
1.6623285,3.3718426,0.4842999,4.3563957,1.9551849,-2.0861309,-0.47693664,0.9174262
1.6405907,3.410069,0.51755786,4.262646,1.9431398,-2.0897913,-0.45590198,0.93442464
1.6571127,3.5340376,0.4975475,4.4008737,1.933105,-2.1126711,-0.4783367,0.926386
1.6509442,3.5671635,0.48663688,4.3980293,1.9441864,-2.1500347,-0.50639415,0.9289454
1.6473356,3.479649,0.49085188,4.46612,1.9292579,-2.1499915,-0.5164497,0.93418646
1.6492587,3.5471954,0.492527,4.4123435,1.9238644,-2.1090658,-0.5035834,0.9365834
1.6588327,3.4675226,0.5029136,4.457339,1.9401603,-2.2284954,-0.4857391,0.9394907
1.6614484,3.4717565,0.48706698,4.4815793,1.9521596,-2.210628,-0.51406807,0.94130576
1.6640404,3.4512947,0.49866796,4.459603,1.9552124,-2.2205791,-0.5196575,0.9403119
1.6488242,3.4444158,0.50649333,4.385292,1.9661915,-2.182054,-0.49804068,0.93986726
1.6384653,3.4526453,0.5060773,4.2621117,1.9729209,-2.2279944,-0.4900021,0.93637705
1.5128894,2.2413652,0.29670656,6.864989,-1.9125143,-0.0034246445,1.217622,0.9063301
1.5436591,2.1852005,0.29591477,6.8379292,-1.9768045,-0.020526648,1.2180381,0.8961812
1.5483346,2.1052458,0.2991109,6.852516,-1.9729372,-0.01780963,1.2268627,0.8952192
1.5323442,2.0644526,0.28283,6.8416376,-1.9886189,-0.022280931,1.2449567,0.9076303
1.5298862,2.0460973,0.3231337,6.824731,-1.9549577,-0.027389526,1.2549913,0.9091277
1.4858763,2.0353959,0.35536575,6.8452168,-1.9649276,-0.031919003,1.2698932,0.91038585
1.4941983,2.0409856,0.3596195,6.8270283,-1.9654974,-0.025784492,1.2657294,0.9133414
1.519443,2.057766,0.31553102,6.824094,-1.9347992,-0.029072046,1.2650745,0.91367555
1.5163317,2.0844426,0.27034724,6.870133,-1.923602,-0.032885313,1.2635312,0.91090786
1.4974878,2.1032758,0.28027678,6.8758593,-1.9161993,-0.028773785,1.2492833,0.91080785
1.5295142,2.1054022,0.3045025,6.8492317,-1.9397029,-0.037697077,1.2514317,0.90696645
1.5342084,2.0633023,0.28812003,6.8414125,-1.9618984,-0.017573595,1.2539544,0.9140688
1.5290757,2.0210633,0.29100204,6.8775487,-1.9202067,-0.032327175,1.2728314,0.9156103
1.537905,2.085851,0.26454663,6.8393426,-1.9191064,-0.05460739,1.2795086,0.9128885
1.5152544,2.0664093,0.2682686,6.834438,-1.8992648,-0.059248924,1.2831621,0.90889084
1.5238874,2.044855,0.28230667,6.8365865,-1.8674754,-0.048133373,1.2886517,0.8990617
1.510179,2.0316634,0.28509724,6.7908955,-1.8474904,-0.031887054,1.2855277,0.90733504
1.5096534,2.0471914,0.29582322,6.7790313,-1.8111694,-0.08098793,1.2881804,0.91911507
1.5108452,2.0144928,0.30265474,6.778762,-1.7858328,-0.07032633,1.2992,0.92672205
1.502822,2.0609655,0.28882933,7.029868,-1.7645776,-0.06973696,1.3049276,0.94796467
1.5082365,2.0092812,0.2957754,7.0012407,-1.7835643,-0.059511423,1.2720959,0.9442767
1.5042937,2.2231627,0.30009007,7.010439,-1.8211001,-0.15003371,1.2838852,0.94470954
1.505661,2.2339482,0.31006384,6.9451675,-1.7711574,-0.105293274,1.2380531,0.94593227
1.5138229,2.1453001,0.29296517,6.989916,-1.8452563,-0.12304163,1.2333908,0.94338584
1.5247062,2.173078,0.30502653,6.9580846,-1.8524246,-0.19439125,1.2347767,0.94441295
1.5271012,2.172999,0.3069378,6.919715,-1.843324,-0.19257069,1.1882417,0.9648161
1.477322,2.304776,0.30652094,7.0706625,-1.8521202,-0.21544266,1.1879401,0.995065
1.5081139,2.293433,0.30998433,7.062598,-1.8460531,-0.23295975,1.1816807,0.99652433
1.4764779,2.1782136,0.32880676,7.0631695,-1.8503332,-0.23799181,1.1768417,0.99426293
1.4708529,2.2569897,0.32138062,7.090611,-1.8413253,-0.22152996,1.1753423,0.9863838
1.4744811,2.2678156,0.32828712,7.0133433,-1.8416662,-0.20143533,1.1815355,0.98692024
1.4749402,2.2769983,0.3280642,6.9862547,-1.8214375,-0.21279907,1.1913698,0.98348594
1.4770995,2.2690282,0.35884833,6.902148,-1.8562757,-0.22298193,1.1882865,0.9806566
1.473247,2.2570841,0.34495258,6.891602,-1.9054996,-0.24819827,1.200372,0.9843596
1.4741898,2.2298326,0.34107196,6.940994,-1.7782031,-0.22229409,1.1833043,0.98034394
1.4770364,2.2454877,0.3428706,6.950409,-1.8739325,-0.1468203,1.1839962,0.9812608
1.4725906,2.1284468,0.32977712,7.0071697,-1.8776202,-0.17841148,1.1590936,0.9902606
1.5578024,2.1662872,0.31214452,7.0830393,-1.9448845,-0.18487263,1.1633372,0.9826145
1.5625391,2.1313682,0.31194305,7.017384,-1.9541441,-0.18309164,1.1627829,0.9873917
1.5679342,2.1253405,0.30054557,7.0723305,-1.9661773,-0.18086815,1.1881602,0.9903444
1.5497395,2.0985224,0.31485772,7.0325413,-1.9680741,-0.19712138,1.1669943,0.9836782
1.5901643,2.0873525,0.29902697,6.9559603,-1.9445208,-0.17232943,1.1645985,0.9796376
1.6167874,2.0281699,0.29999137,6.9658046,-1.9233022,-0.17312098,1.1584203,0.9802451
1.6300074,2.0985367,0.3065232,6.949724,-1.8910686,-0.19133973,1.1535351,0.9825337
1.5551744,2.0898583,0.30605197,6.9474893,-1.8843132,-0.16839361,1.1495252,0.97875774
1.6211776,2.1004667,0.31769395,6.9787264,-1.8793283,-0.17389917,1.1452892,0.9842725
1.5979688,2.0792277,0.32018542,6.933424,-1.8865749,-0.17906618,1.1360457,0.98025084
1.6457597,2.045205,0.3238883,6.961492,-1.8560249,-0.16757321,1.1088605,0.9853227
1.6150657,2.0696018,0.32425785,6.9516706,-1.8015218,-0.17924857,1.1105108,0.9923973
1.5334166,2.0653124,0.32408404,6.9698,-1.847548,-0.18218398,1.1189907,0.99686956
1.5579948,2.1304705,0.32176042,7.01774,-1.8212887,-0.20411229,1.1247516,0.99624443
1.4939443,2.0699623,0.33082747,6.964347,-1.8075548,-0.21855402,1.126791,0.9984312
1.524478,2.03992,0.32213247,6.886914,-1.7520056,-0.23186135,1.1369412,0.9977218
1.582119,2.01978,0.32307482,7.007463,-1.8015643,-0.27113676,1.1540658,0.99622405
1.598452,2.046157,0.32241595,6.948928,-1.7977227,-0.2772827,1.1394944,0.999218
1.5888413,2.0593212,0.31926334,6.9021683,-1.8184626,-0.26692963,1.1371615,0.99525344
1.6137606,2.0578804,0.31522846,6.91349,-1.8871288,-0.262748,1.1775756,0.993099
1.5357468,2.0672083,0.35775137,6.818611,-1.8346276,-0.25819397,1.1315312,0.98908544
1.5876384,2.2011209,0.36301517,6.9210668,-1.8550781,-0.27135706,1.1364145,0.990747
1.6447531,2.2103434,0.36639345,6.8982177,-1.8684205,-0.2181983,1.1164656,0.98663783
1.6500278,2.2741015,0.36681402,6.8811293,-1.7474058,-0.23053837,1.1162703,0.9848473
1.6297259,2.3032835,0.36199605,6.856984,-1.7347565,-0.24160123,1.1745665,0.97868836
1.6144476,2.3757093,0.36579514,6.8475065,-1.7137642,-0.2461214,1.2014506,0.9953991
1.6323239,2.3112438,0.36970735,6.8376265,-1.6976713,-0.25970244,1.1893165,0.999768
1.6125625,2.2983022,0.37510788,6.8382444,-1.8181618,-0.2558117,1.1739583,0.9928913
1.5838602,2.2924922,0.3404677,6.8489366,-1.8399504,-0.23427248,1.1475897,0.973938
1.606,2.3724267,0.3741635,6.7654057,-1.8432114,-0.23578,1.1466143,0.9718201
1.6113746,2.3853934,0.37875652,6.830763,-1.8103063,-0.22212887,1.1502018,0.97483313
1.6068962,2.4442952,0.37040365,6.808681,-1.800457,-0.20299411,1.2056448,0.9741895
1.5982625,2.4842653,0.35790396,6.8665648,-1.7621871,-0.20603538,1.1616018,0.96191466
1.5480363,2.504262,0.40783906,6.685109,-1.7758682,-0.21343088,1.1559072,0.95989895
1.5412167,2.337515,0.35576713,6.661682,-1.7535481,-0.18641376,1.1415505,0.9343219
1.54203,2.2553744,0.3351531,6.6985483,-1.7480733,-0.17470884,1.1425982,0.9374311
1.5385275,2.164125,0.325068,6.7010183,-1.7446108,-0.15885997,1.216712,0.93685746
1.5313311,2.1809347,0.35152066,6.7887964,-1.7488421,-0.156492,1.2256966,0.9312155
1.533449,2.2061853,0.30370915,6.8021717,-1.7850691,-0.15603256,1.2177312,0.9280932
1.5389041,2.2221797,0.3149469,6.8100157,-1.7734017,-0.15424156,1.2141862,0.9316577
1.561007,2.180807,0.29975367,6.7806497,-1.7955021,-0.14480901,1.2153862,0.9286022
1.5486541,2.096939,0.3085674,6.7397394,-1.800913,-0.12722111,1.2207031,0.9327016
1.5278002,2.103945,0.32618952,6.7237005,-1.8082919,-0.08774853,1.2055664,0.92475986
1.5279729,2.1479356,0.364573,6.7970037,-1.8287287,-0.09531832,1.2053041,0.9221467
1.5101627,2.165127,0.32699418,6.7924595,-1.7917836,-0.08030391,1.2145095,0.9245658
1.5023915,2.2034144,0.35174727,6.7845383,-1.816382,-0.08287668,1.2126677,0.9272351
1.5034444,2.262784,0.36428857,6.744145,-1.8105658,-0.049521923,1.2135637,0.92796063
1.5136223,2.2111118,0.3595041,6.7597494,-1.8067083,-0.03906536,1.2170017,0.91969347
1.5080267,2.0699737,0.33527005,6.687885,-1.8027067,-0.05211258,1.203819,0.9167497
1.5417669,2.1017265,0.3407042,6.73399,-1.8545398,-0.06123519,1.1937649,0.91672397
1.5429738,2.123881,0.3323499,6.7460093,-1.749718,-0.06597233,1.2015114,0.9167725
1.553555,2.1214232,0.3310424,6.677951,-1.8984406,-0.14312315,1.1492903,0.9098222
1.5748422,2.1310737,0.32489252,6.719553,-1.6786947,-0.07699847,1.1905949,0.9014473
1.6023571,2.1344333,0.29926693,6.773202,-1.6345484,-0.09524131,1.1811566,0.89845705
1.6077706,2.1032484,0.27791333,6.781701,-1.6131662,-0.13732123,1.1755569,0.9048922
1.6152774,2.2516432,0.27935803,7.030205,-1.5875455,-0.14391422,1.1246955,0.90766096
1.5979412,2.2058272,0.27992845,6.977581,-1.624444,-0.12014842,1.1336427,0.91437674
1.6055405,2.223715,0.28649783,6.939337,-1.6329373,-0.107867956,1.1232102,0.91089153
1.6051984,2.2476017,0.28711402,6.894724,-1.6269414,-0.11694622,1.2293625,0.904521
1.6071584,2.232621,0.28733182,6.816515,-1.6442298,-0.14160538,1.2310328,0.90003586
1.6021683,2.2211304,0.2747234,6.7956076,-1.6660572,-0.1411395,1.2419722,0.8972149
1.6009946,2.1686792,0.23477459,6.877109,-1.9883358,-0.09522796,1.2460129,0.8927107
1.6242948,2.1917026,0.1996901,6.8808894,-1.9766777,-0.06472707,1.247478,0.89853084
1.5674435,2.130633,0.26188195,6.93833,-1.8209949,-0.049512386,1.2542753,0.8986778
1.5804425,2.0890887,0.27258313,6.8059826,-1.7258797,-0.049046278,1.2408333,0.89438915
1.5746486,2.0512228,0.256814,6.873609,-1.734681,-0.044306517,1.2595184,0.90179276
1.5685049,2.1085846,0.24457479,6.997811,-1.7451462,-0.040863514,1.2844334,0.91194344
1.5732394,2.0768492,0.24677813,7.0173006,-1.7292858,-0.08232117,1.2700598,0.9008337
1.575121,2.0682726,0.22641206,6.982086,-1.9433044,-0.04555106,1.2692223,0.90901494
1.5419459,2.1475472,0.21788096,7.0056715,-1.8416559,-0.01709938,1.2759526,0.9078872
1.5706177,2.1393766,0.21050763,7.0114317,-1.7510765,-0.06589055,1.2353144,0.91414416
1.5774009,2.1049654,0.24175787,7.04468,-1.7656877,-0.0711503,1.253804,0.9129915
1.5586338,2.1033351,0.24132895,7.1372,-1.7794545,-0.005720854,1.3030715,0.918273
1.5579524,2.095615,0.23241115,7.1117315,-1.7688627,-0.008534431,1.291389,0.9181057
1.5553231,2.1111586,0.23960733,6.9815016,-1.7937112,-0.025777578,1.2788055,0.90696335
1.583266,2.017343,0.23471475,6.9471617,-1.7861744,-0.04073119,1.2692683,0.9057995
1.5858414,2.065795,0.27805686,6.9717326,-1.6658128,-0.045401096,1.2767317,0.9177761
1.5911491,2.0717921,0.28237438,7.101733,-1.650097,-0.11265612,1.1725256,0.91471815
1.592081,2.124089,0.27724254,6.911747,-1.6461787,-0.17798686,1.1752858,0.93073416
1.5743572,2.133385,0.3089447,6.797636,-1.6660335,-0.12993717,1.2577007,0.9167234
1.5768737,2.199285,0.3234409,6.8074665,-1.5845157,-0.11297035,1.3033209,0.90905285
1.5859122,2.1160803,0.33611524,6.7121305,-1.5972903,-0.13097215,1.2851374,0.9078659
1.577271,2.1265838,0.34573662,6.858618,-1.5970913,-0.13004947,1.2830343,0.9178891
1.5862858,2.1295133,0.30281925,6.8656635,-1.6111631,-0.09381032,1.2797804,0.9149674
1.5923696,2.134209,0.30359983,6.875946,-1.5999632,-0.1310308,1.2458458,0.9142275
1.585345,2.1810966,0.31732738,6.9710455,-1.6237012,-0.09817505,1.2609003,0.9104481
1.5838617,2.2051141,0.31811297,6.961465,-1.6188123,-0.07618475,1.3923254,0.908988
1.5822966,2.1745784,0.2882687,6.9780426,-1.6381946,-0.086845875,1.2559445,0.9235486
2.9945207,7.4491444,-0.91831774,3.277392,-0.3275429,-2.61382,2.8490655,0.2177028
2.9848485,7.689024,-0.919623,3.2197962,-0.35717082,-2.611041,2.8482714,0.22179192
2.9824116,7.6959577,-0.924839,3.2390378,-0.370286,-2.6041107,2.845671,0.2387687
2.9891334,7.6700478,-0.95409644,3.1431625,-0.4073782,-2.5974505,2.8927155,0.25920808
2.985467,7.7355533,-0.96714526,3.033226,-0.38911903,-2.5867882,2.8436792,0.3020386
2.9895654,7.4965897,-0.99434125,3.031042,-0.1766603,-2.5899425,2.847137,0.30070555
2.9870398,7.8160205,-0.98940086,3.0401351,-0.17967463,-2.5497773,2.850671,0.29047728
2.9861815,7.8489237,-0.9907139,3.0086625,-0.21107006,-2.5762384,2.865351,0.2842183
2.9795892,7.7311144,-0.9751356,3.0626101,-0.31978762,-2.5451906,2.8880775,0.22194242
2.981362,7.1583014,-0.980954,3.1820567,-0.30029893,-2.5981996,2.8883438,0.20045531
2.9810839,7.2334795,-0.9900032,3.1489708,-0.34345698,-2.5817394,2.9148922,0.20346594
2.9803188,7.456082,-0.9729428,3.1498156,-0.35448825,-2.5587869,2.8955717,0.21503711
2.9895296,7.7973576,-0.9956325,3.091321,-0.33496976,-2.5554252,2.8822541,0.21349108
2.9825342,7.848356,-0.9984532,3.1060123,-0.27362645,-2.5635154,2.8662698,0.22310817
2.9773893,7.486135,-0.99977976,3.1265223,-0.28488457,-2.5425653,2.8572357,0.25964475
2.998076,7.899567,-0.99857754,3.112004,-0.2331121,-2.5424995,2.8560915,0.2501949
2.9988234,7.842302,-0.99436283,3.0897138,-0.2848332,-2.5590272,2.8546004,0.24136811
2.999569,7.6255984,-0.98063606,3.0651255,-0.26433277,-2.5483954,2.8588054,0.21987474
2.9727602,7.9563775,-0.94140524,3.0455005,-0.20578313,-2.5414832,2.8302069,0.2516986
2.9692116,7.903064,-0.933948,3.0506244,-0.28745258,-2.4793856,2.8221638,0.25524545
2.976956,7.970671,-0.9301405,3.0363727,-0.28096414,-2.5284982,2.8285086,0.2812894
2.9699392,8.066949,-0.95007294,3.0495331,-0.26663697,-2.5006225,2.8250592,0.27462816
2.9715762,7.774599,-0.9418003,3.0123684,-0.29425633,-2.491579,2.8401785,0.27091682
2.9940696,7.79007,-0.9569856,3.0129573,-0.2932911,-2.5557332,2.8268416,0.27555418
2.9889514,7.7998395,-0.92643094,3.0161686,-0.34257782,-2.5675013,2.824412,0.27316546
2.9694095,7.8146667,-0.9910941,3.015994,-0.36132026,-2.5653775,2.8773334,0.2541765
2.9809406,7.755448,-0.990128,3.0367072,-0.29636538,-2.5341353,2.8730514,0.2472828
2.979044,7.6283307,-0.9830174,3.0167797,-0.3086034,-2.5253906,2.8750734,0.2537247
2.9805157,7.975191,-0.98460907,3.0303872,-0.31485546,-2.518172,2.8766391,0.24212271
2.9771323,8.064867,-0.994539,3.0662403,-0.27407897,-2.4976254,2.87937,0.25234914
2.9785762,7.8083653,-0.99376315,3.1345117,-0.32929623,-2.5385578,2.8906684,0.2373392
2.9813943,7.8126707,-0.9884835,3.2146356,-0.29446697,-2.5395122,2.888243,0.23829174
2.9699428,7.657997,-0.99100196,3.1115477,-0.32209337,-2.5552428,2.8980377,0.23770112
2.9547338,7.9375486,-0.9849802,3.1565757,-0.4198345,-2.5391166,2.9131966,0.23738599
2.9519799,7.8782477,-0.98369485,3.1533186,-0.4484445,-2.5379043,2.9002223,0.23911846
2.950706,7.98072,-0.9868731,3.3124392,-0.368469,-2.5400438,2.9233887,0.2467919
2.953722,8.017881,-0.9896607,3.2682066,-0.39468825,-2.5073037,2.9123497,0.19980192
2.9508307,7.545412,-0.98967165,3.3235238,-0.38475478,-2.534266,2.9391685,0.20433688
2.9491692,7.503484,-0.9929679,3.305395,-0.38463223,-2.5145779,2.9351618,0.19932747
2.9458804,7.5444775,-0.9831572,3.2905397,-0.3725555,-2.50535,2.9281213,0.19169605
2.9433854,7.5053196,-0.99442893,3.3936093,-0.3762735,-2.493932,2.9259207,0.15566528
2.9472046,7.2722044,-0.9751734,3.2927575,-0.34324074,-2.4858544,2.924101,0.1870001
2.9375148,7.5730577,-0.9694342,3.298347,-0.40216386,-2.4867353,2.9304347,0.17208946
2.9389927,7.423197,-0.96241724,3.3467011,-0.3994187,-2.4751694,2.930194,0.18078518
2.9283104,8.0113945,-0.9842366,3.3373175,-0.3443861,-2.4746578,2.9243872,0.21797734
2.9402301,7.8641214,-0.99489164,3.418124,-0.38374805,-2.4814012,2.9199026,0.18862158
2.9480872,7.979783,-0.9549161,3.4263759,-0.39104867,-2.4865983,2.921275,0.20713139
2.9258075,7.850373,-0.9343452,3.4936454,-0.37834096,-2.4878159,2.9208026,0.19209117
2.934394,7.937965,-0.9249119,3.505069,-0.39827955,-2.4657345,2.91612,0.18536997
2.92878,7.918429,-0.96665347,3.4462113,-0.41700172,-2.4391189,2.924495,0.1865387
2.9341238,8.096296,-0.9944179,3.3563068,-0.4172833,-2.4701712,2.9479272,0.20124662
2.9381766,7.929564,-0.99478114,3.390643,-0.4570582,-2.4867468,2.9307883,0.2079249
2.929499,7.8515024,-0.9971308,3.2976496,-0.45617342,-2.4765,2.9688687,0.21332008
2.9248178,7.926363,-0.98859847,3.4669743,-0.42005813,-2.4812584,2.9679785,0.20167327
2.938821,8.017998,-0.9979635,3.3494163,-0.46628344,-2.4979923,2.9541473,0.19907904
2.9376125,7.7368956,-0.99718803,3.4058344,-0.40735006,-2.4929106,2.9457786,0.19467247
2.9218264,7.659332,-0.9792263,3.2991695,-0.4703896,-2.5005155,2.935526,0.19280338
2.9223082,7.6857347,-0.98840517,3.3152804,-0.5192504,-2.5031862,2.9655845,0.18823063
2.9200473,7.762249,-0.9979543,3.287682,-0.42708218,-2.4836857,2.9758387,0.23438454
2.9265664,7.779736,-0.9934313,3.2214723,-0.4469025,-2.4864838,2.9743643,0.22465682
2.9261994,7.8541465,-0.9927681,3.3080094,-0.4531833,-2.5092604,2.973425,0.25715065
2.9056735,7.7881393,-0.9879212,3.2413244,-0.39765644,-2.5211215,2.977976,0.2829672
2.9033132,7.977317,-0.99029195,3.3656664,-0.36516094,-2.4601011,2.966937,0.26998246
2.8877127,7.853435,-0.99462456,3.378592,-0.37758732,-2.502844,2.9781733,0.29287243
2.8959885,7.9782796,-0.9870971,3.2497208,-0.42288506,-2.4992187,2.9629354,0.33603972
2.9189885,7.756725,-0.9943743,3.2991917,-0.29509747,-2.510111,2.953687,0.30802834
2.9176877,7.7218995,-0.9953533,3.2125378,-0.2680564,-2.4914684,2.9634378,0.32372773
2.914591,7.875908,-0.9938103,3.190261,-0.35807872,-2.4867516,2.9581666,0.317914
2.9103556,7.9577646,-0.9928506,3.2554245,-0.3882835,-2.469527,2.949267,0.2787614
2.9171474,7.992829,-0.96634334,3.2696276,-0.37437046,-2.4589956,2.949805,0.2651304
2.901317,8.060779,-0.95918345,3.2992358,-0.45773804,-2.4592922,2.9378903,0.2408995
2.9014373,7.4489975,-0.9569667,3.2366202,-0.48022938,-2.483207,2.913501,0.25627685
2.8854675,7.3731165,-0.94431174,3.22992,-0.49560404,-2.4871151,2.9078178,0.2531346
2.8976734,7.358038,-0.99970734,3.25663,-0.3607384,-2.486575,2.9133162,0.23768967
2.9125874,7.296725,-0.9949684,3.1747818,-0.29810023,-2.477788,2.9108367,0.23686886
2.9350183,7.3824296,-0.9625307,3.197792,-0.3669343,-2.506895,2.9112256,0.23707283
2.9297361,7.94737,-0.9685622,3.1897662,-0.38514936,-2.4719157,2.9116693,0.26213914
2.9128752,7.8747663,-0.9706745,3.219501,-0.320315,-2.4772673,2.9416075,0.2761324
2.92874,8.010723,-0.97472435,3.2618124,-0.39830172,-2.482133,2.9348047,0.27114248
2.9134815,7.9492693,-0.9825738,3.2869263,-0.38223708,-2.458847,2.9385064,0.26378036
2.933751,8.049377,-0.9813926,3.1524692,-0.35546088,-2.4668436,2.9400256,0.267964
2.9279997,7.7846656,-0.96883965,3.0897198,-0.36484063,-2.4969273,2.9104476,0.2860098
2.926648,8.017202,-0.99072546,3.08992,-0.42419398,-2.4721065,2.9153924,0.28387576
2.9012504,8.0041275,-0.984177,3.0649827,-0.4892218,-2.4518063,2.911909,0.30116582
2.925694,8.021161,-0.9821507,3.0643787,-0.48386395,-2.4775538,2.9274335,0.27825952
2.9215145,7.973533,-0.9858823,3.1432595,-0.431777,-2.4553633,2.912977,0.27499193
2.9322715,7.8973856,-0.9388025,3.145963,-0.35742223,-2.4530587,2.8898377,0.25810897
2.9326491,7.995034,-0.95436263,3.1570544,-0.32212138,-2.4710355,2.8943527,0.2780143
2.9195104,7.8582854,-0.96948206,3.1631334,-0.30724978,-2.4565184,2.9006734,0.28072596
2.9346807,8.137475,-0.9962724,3.2028594,-0.33910918,-2.4838305,2.911953,0.2635525
2.8837461,7.958732,-0.98264813,3.1546297,-0.40723646,-2.4351497,2.9096854,0.32879508
2.889692,7.774829,-0.9880069,3.1119251,-0.4480002,-2.4608126,2.910449,0.33392972
2.877585,7.550016,-0.9825528,3.078884,-0.47768462,-2.4260435,2.862773,0.33780885
2.8719642,7.3008814,-0.9885825,3.0407298,-0.5831486,-2.4077556,2.9004843,0.34697843
2.8736367,7.268086,-0.96018326,3.1131213,-0.45189703,-2.4191935,2.833254,0.21999913
2.8789992,7.3215127,-0.96505404,3.0959444,-0.44614255,-2.4245176,2.8456337,0.23441201
2.8779511,7.3787646,-0.99124944,3.1002996,-0.44992864,-2.434337,2.8386502,0.23148811
2.8868246,7.422657,-0.94834363,3.1386187,-0.44210684,-2.4419556,2.9034448,0.21667987
2.8930633,7.2688894,-0.9885341,3.1629715,-0.3510853,-2.4419503,2.8964405,0.20329309
2.8991568,7.167319,-0.9900821,3.2711186,-0.35298097,-2.428494,2.9082134,0.1807372
2.9044256,7.3868666,-0.9771577,3.195034,-0.4236554,-2.4110107,2.9105163,0.17235029
2.9115357,7.3903346,-0.974431,3.1566772,-0.41755748,-2.4139354,2.8972461,0.17549235
2.911178,7.3967457,-0.9813416,3.2695966,-0.45891345,-2.4298496,2.944186,0.1724115
2.9122167,7.385213,-0.991189,3.245743,-0.41119766,-2.430849,2.9321418,0.15576994
2.8841019,7.3810015,-0.97653586,3.3865166,-0.415632,-2.4410386,2.942877,0.18083239
2.8796911,7.353448,-0.9400439,3.4554672,-0.41234577,-2.4241395,2.93917,0.19685066
2.8796694,7.352899,-0.940175,3.506208,-0.40075278,-2.4616609,2.9358778,0.20650524
2.864543,7.364435,-0.93501365,3.4249504,-0.42805552,-2.4314728,2.9490893,0.20577514
2.8832548,7.5666485,-0.940886,3.5576534,-0.4365908,-2.441166,2.9694622,0.20879823
2.8959913,7.519631,-0.9914239,3.4113474,-0.4449129,-2.4475048,2.9644103,0.20910323
2.8960848,7.614088,-0.9897757,3.5012527,-0.416301,-2.496028,2.9789824,0.2424097
2.8936357,7.7154703,-0.9533308,3.5366843,-0.41103244,-2.4671743,2.942961,0.24483287
2.8879104,7.7383685,-0.99611247,3.5736156,-0.4151063,-2.526504,2.9917378,0.26957393
2.8911486,7.6954603,-0.99068254,3.451739,-0.46740055,-2.501237,2.9999967,0.25856256
2.8847027,7.7924414,-0.9865072,3.302642,-0.48187017,-2.4524236,2.9726546,0.22112453
2.8810813,7.758921,-0.9288795,3.2315047,-0.46320045,-2.4535255,2.9179091,0.2705506
2.8922398,7.7470756,-0.9749814,3.263485,-0.46246302,-2.439123,2.9291167,0.26861846
2.8777695,8.029848,-0.9726662,3.3760607,-0.4202056,-2.4469197,2.9689538,0.26571858
2.877774,7.9548693,-0.95659614,3.3836432,-0.39196634,-2.4254313,2.9680798,0.2825215
2.8753219,7.782495,-0.99838597,3.339598,-0.38808668,-2.4136796,2.9469497,0.28211462
2.8695798,8.034487,-0.9980605,3.3589034,-0.41267216,-2.3951864,2.9552767,0.26096183
2.8913941,8.090393,-0.9698236,3.3488863,-0.39532697,-2.4009929,2.9591975,0.26775086
2.8806164,8.060825,-0.9575996,3.403085,-0.44784498,-2.3768187,2.9499702,0.24446666
2.8711207,8.058672,-0.93865114,3.4286451,-0.42232358,-2.388557,2.8869798,0.23480844
2.8781626,8.133749,-0.9529729,3.4585876,-0.42992818,-2.3618824,2.9743233,0.22287613
2.1916497,4.1862907,-0.95565397,7.3624783,-1.5245453,-0.29128432,1.7491138,-0.16548538
2.1977434,4.2939415,-0.9626531,7.357108,-1.4968684,-0.2899618,1.7805159,-0.16842735
2.1993048,4.2182155,-0.96228504,7.393392,-1.5068963,-0.28922105,1.7558782,-0.15252978
2.2117333,4.050928,-0.9620256,7.356869,-1.5467435,-0.27096915,1.7146642,-0.1434741
2.2123787,4.048483,-0.971545,7.38097,-1.5368621,-0.2719066,1.8104126,-0.14001328
2.2262728,4.0667305,-0.9965852,7.42509,-1.5500178,-0.26130342,1.7915342,-0.1387063
2.2255855,4.1131516,-0.997169,7.390096,-1.507896,-0.27490234,1.7751226,-0.1414667
2.2318237,4.100418,-0.9922924,7.4399524,-1.536977,-0.2630415,1.7298851,-0.14983517
2.2255898,4.093033,-0.99671,7.4249763,-1.541476,-0.26329327,1.704876,-0.1480954
2.2381735,4.074872,-0.99782914,7.4014816,-1.5732415,-0.2679267,1.6887844,-0.14113632
2.2096972,4.0335035,-0.9967099,7.3609123,-1.5966414,-0.27116418,1.7582917,-0.1369924
2.2287135,4.1044207,-0.99775577,7.3379183,-1.6693945,-0.27231288,1.6484265,-0.15474474
2.22109,4.1268578,-0.9963333,7.313123,-1.6913855,-0.27662587,1.6181264,-0.15772808
2.209268,4.259118,-0.99442184,7.3854485,-1.6815783,-0.27417445,1.6235533,-0.15581319
2.1934912,4.405479,-0.9706764,7.3306313,-1.5777347,-0.28686738,1.6363685,-0.15504846
2.1445537,4.5080004,-0.9777755,7.3240595,-1.5741513,-0.2977724,1.6123829,-0.14268813
2.1867323,4.3860235,-0.98364884,7.2593203,-1.5805892,-0.2999034,1.5917304,-0.11187944
2.1815066,4.222789,-0.9858536,7.2540474,-1.6868974,-0.29523706,1.5480947,-0.14876378
2.1831493,4.1764603,-0.9849446,7.250761,-1.6814748,-0.3029213,1.5251863,-0.14232022
2.1767058,4.1792893,-0.98231584,7.254124,-1.6587231,-0.320884,1.4889917,-0.13607562
2.18648,4.1411247,-0.98091,7.267028,-1.6233708,-0.32720757,1.4765327,-0.14244047
2.185226,3.8845909,-0.9715346,7.4316163,-1.6179839,-0.30464816,1.478514,-0.1383844
2.20489,3.946869,-0.9729976,7.4329476,-1.6212348,-0.30305648,1.4280822,-0.13391608
2.2057412,3.8904798,-0.97743565,7.3455024,-1.6105794,-0.3268528,1.5415487,-0.13485205
2.2020388,3.9312258,-0.9522111,7.333336,-1.6029942,-0.38255954,1.5084858,-0.1370281
2.1987073,3.9392486,-0.9567353,7.3454204,-1.5987133,-0.42258978,1.5106182,-0.13655391
2.2341664,3.9360018,-0.96267366,7.369937,-1.5656344,-0.4309795,1.5118604,-0.13225734
2.230537,3.939394,-0.96371305,7.3673477,-1.5673819,-0.34240174,1.5127566,-0.13390565
2.2114358,3.8464503,-0.9650022,7.429995,-1.5764245,-0.26653123,1.5464892,-0.13352537
2.2200096,3.8020651,-0.9694302,7.442271,-1.5801444,-0.26659346,1.5447619,-0.1276117
2.1979897,3.9321213,-0.973802,7.491078,-1.5678453,-0.2717533,1.5050924,-0.1233902
2.1900315,3.9417963,-0.9619765,7.5010223,-1.5368568,-0.2701292,1.4780028,-0.13285285
2.1830122,4.031954,-0.95733345,7.516102,-1.549672,-0.30337262,1.4858806,-0.14105341
2.1738384,3.8960495,-0.95506406,7.4896536,-1.538302,-0.30911255,1.4769115,-0.13832924
2.164071,3.9449797,-0.95336944,7.4456844,-1.5135328,-0.30401182,1.5295086,-0.12455958
2.14145,4.0427084,-0.94161236,7.489922,-1.4995915,-0.30017233,1.5077596,-0.124583274
2.1567779,4.0126696,-0.95343494,7.423012,-1.4977484,-0.29174685,1.5189264,-0.1094628
2.1365843,4.072774,-0.9601114,7.4071555,-1.5109949,-0.29163647,1.5226202,-0.10050088
2.130813,4.176941,-0.9574128,7.4332256,-1.511065,-0.2889607,1.5110769,-0.10929632
2.1332896,4.043768,-0.9451455,7.4828167,-1.4871604,-0.273108,1.5047352,-0.1104638
2.1474073,4.0061812,-0.9475669,7.509188,-1.4783024,-0.29694033,1.4883378,-0.108255744
2.1204634,4.0225887,-0.9511477,7.5241623,-1.4873388,-0.29400635,1.4815545,-0.10864362
2.1204596,4.0256653,-0.95213526,7.550855,-1.4797953,-0.27168894,1.4099932,-0.10223335
2.131875,4.067153,-0.95088166,7.5356045,-1.4760777,-0.27997422,1.4302042,-0.10151726
2.1482525,4.0263433,-0.9728616,7.5382214,-1.4882821,-0.28763056,1.4524467,-0.099021256
2.1439369,4.0548944,-0.9686736,7.539749,-1.4913969,-0.30497694,1.440115,-0.1022698
2.1536696,4.028139,-0.9686241,7.541232,-1.485533,-0.29105687,1.4540873,-0.099987626
2.1269467,4.0670943,-0.9674427,7.53929,-1.4877477,-0.29724002,1.4554677,-0.09843171
2.1187847,4.152418,-0.9723946,7.47445,-1.4863763,-0.2826147,1.5704663,-0.10496676
2.1513624,4.019107,-0.9670705,7.487857,-1.4760461,-0.27821422,1.5652854,-0.10396299
2.1662812,4.051754,-0.96624637,7.5086255,-1.4533894,-0.27915668,1.5796905,-0.10585326
2.1583278,4.077468,-0.9723083,7.513102,-1.4527515,-0.2781546,1.5879259,-0.11141491
2.1648412,4.063328,-0.96958125,7.485974,-1.4612539,-0.2774098,1.5993431,-0.10954109
2.1527967,4.1613646,-0.98375875,7.468418,-1.4855405,-0.2724576,1.6162901,-0.10766178
2.1587863,4.150991,-0.9851084,7.472184,-1.4562609,-0.27489042,1.7084191,-0.1074571
2.1579185,4.2045937,-0.9877024,7.5071907,-1.4614351,-0.26873803,1.6715117,-0.11035845
2.1578503,4.069804,-0.9835932,7.512529,-1.4813056,-0.2568903,1.673305,-0.11229712
2.1686718,4.118849,-0.984646,7.44535,-1.4628708,-0.26728678,1.7742753,-0.10478625
2.1770167,4.1004963,-0.9893918,7.464991,-1.479718,-0.27436757,1.6769547,-0.113683045
2.1687264,4.135576,-0.99445504,7.554053,-1.468802,-0.2672243,1.7034488,-0.116000175
2.121445,4.094202,-0.9911425,7.5448217,-1.4266627,-0.2646737,1.688014,-0.096182436
2.1639726,4.1080685,-0.9871348,7.478452,-1.455819,-0.27002668,1.6832747,-0.09882754
2.1525679,4.1099434,-0.9682962,7.53869,-1.428477,-0.2521999,1.7236502,-0.09904736
2.1582406,4.0705557,-0.956265,7.530723,-1.4257196,-0.27076864,1.7253816,-0.098816395
2.1513014,4.1056943,-0.9590629,7.5176415,-1.3918014,-0.27198482,1.6465833,-0.08937681
2.147848,4.167915,-0.9614355,7.50406,-1.3870015,-0.25738406,1.7195108,-0.09027851
2.1331267,4.1979694,-0.978059,7.4940248,-1.4178963,-0.262882,1.7219148,-0.08888805
2.1282864,4.234043,-0.97338676,7.5377874,-1.4413637,-0.25551224,1.692688,-0.09296495
2.1436357,4.2245464,-0.9889056,7.5835023,-1.4664445,-0.25905418,1.5980141,-0.09287581
2.150146,4.1687765,-0.97626483,7.463535,-1.4394845,-0.25535846,1.7045412,-0.09993398
2.1177473,4.207241,-0.96748215,7.5190372,-1.4565514,-0.26768494,1.6528733,-0.09394568
2.14144,4.3783097,-0.9980141,7.533701,-1.45422,-0.2670176,1.6399212,-0.07566655
2.133029,4.3196297,-0.9987483,7.6121836,-1.4167421,-0.26859832,1.613147,-0.06287235
2.137664,3.9109893,-0.9968969,7.6508455,-1.4213932,-0.26180387,1.523689,-0.05705273
2.1121995,3.866393,-0.97701716,7.640117,-1.4337912,-0.24161673,1.4050121,-0.065785825
2.1323879,3.875171,-0.9789479,7.594118,-1.4404122,-0.2579732,1.442837,-0.06324673
2.1304903,3.8794332,-0.9823824,7.5768733,-1.4433601,-0.257277,1.5873115,-0.057385206
2.1320596,3.81842,-0.9873566,7.5703454,-1.4708267,-0.2628777,1.5449982,-0.065903604
2.136708,3.8083355,-0.9732577,7.5606446,-1.4830707,-0.2465787,1.4197664,-0.0681943
2.1225166,3.8442564,-0.9479916,7.590818,-1.4237146,-0.23191929,1.4702258,-0.066877544
2.1047401,3.858088,-0.94849724,7.571157,-1.4318461,-0.26079035,1.4634938,-0.06490141
2.1086926,4.009203,-0.9630437,7.5633035,-1.4261775,-0.2782464,1.5292559,-0.0749014
2.0929914,4.1852913,-0.9697481,7.594558,-1.4204175,-0.29605103,1.5306957,-0.07047221
2.0976272,4.0745173,-0.9686295,7.5934415,-1.4245665,-0.2823336,1.4511497,-0.06315863
2.09778,4.0667667,-0.94821924,7.5943675,-1.3901768,-0.29310083,1.4108589,-0.062871724
2.0971022,3.8495169,-0.96151996,7.592293,-1.4047612,-0.29468155,1.4066656,-0.06429201
2.1351516,3.8365898,-0.95303524,7.6001287,-1.388208,-0.30025125,1.3893328,-0.07353729
2.0822964,3.864987,-0.9475915,7.5959463,-1.3963962,-0.277884,1.3651993,-0.073845
2.0951042,3.8113306,-0.9385441,7.5620213,-1.3762051,-0.32338047,1.4308603,-0.07756257
2.137003,3.7685277,-0.9423722,7.558207,-1.3955607,-0.32187152,1.4669359,-0.078905046
2.1297379,3.6538346,-0.9404705,7.542078,-1.3855542,-0.30599403,1.409426,-0.08815944
2.1319063,3.7715192,-0.93932605,7.548317,-1.3873377,-0.31772232,1.4068336,-0.07788548
2.1161137,3.8277597,-0.9330107,7.552043,-1.3655088,-0.29385328,1.4248426,-0.07603729
2.1049662,3.7905352,-0.9314239,7.5325265,-1.3593473,-0.29149508,1.4208243,-0.058591783
2.091117,3.881774,-0.92797863,7.532992,-1.365234,-0.31347156,1.4288385,-0.057151675
2.0777345,3.9050794,-0.92810106,7.549632,-1.3589587,-0.29202127,1.3937352,-0.057698548
2.0503716,3.9360557,-0.9287804,7.538571,-1.3656768,-0.30720758,1.3756058,-0.05749035
2.0258956,3.9272904,-0.9230546,7.548916,-1.362828,-0.30544734,1.3608913,-0.04166305
2.064704,3.8525743,-0.9415461,7.5740013,-1.340219,-0.27795935,1.3707445,-0.05066642
2.0749612,3.942176,-0.92616206,7.549003,-1.3452874,-0.2840116,1.3779998,-0.055045247
2.0736833,3.951353,-0.92092514,7.557309,-1.3572359,-0.3033483,1.3799386,-0.05525875
2.0855293,3.9811835,-0.9317614,7.57935,-1.3783969,-0.3089435,1.3589749,-0.06332636
2.1194534,3.945422,-0.93554217,7.5277824,-1.3673909,-0.28735518,1.4651725,-0.06735271
2.1221132,3.9520302,-0.94015765,7.5610604,-1.31745,-0.2833047,1.5866902,-0.053928792
2.127664,4.0066133,-0.93588287,7.6230245,-1.3056812,-0.30222702,1.5739844,-0.059835017
2.1526456,3.9057014,-0.9380584,7.5565114,-1.3128419,-0.31130123,1.5881329,-0.060865164
2.1461089,3.8876007,-0.93304455,7.577146,-1.3087965,-0.29472303,1.5749788,-0.068879366
2.1384978,3.9330301,-0.926041,7.5821247,-1.3075361,-0.284863,1.5621617,-0.07865715
2.13021,3.9289203,-0.9310033,7.585039,-1.3288174,-0.27989888,1.5748236,-0.0806098
2.1248016,3.8631263,-0.9273007,7.595518,-1.363232,-0.26905918,1.5347192,-0.08048177
2.1195095,3.9839408,-0.92527086,7.594757,-1.3474777,-0.28011298,1.5071104,-0.07623717
2.124958,3.9560103,-0.9365573,7.583954,-1.3509698,-0.29980326,1.4689336,-0.07504034
2.122449,3.948053,-0.92969894,7.5490303,-1.3797874,-0.2989397,1.4523566,-0.07581806
2.0894852,3.9427009,-0.918131,7.543985,-1.3762164,-0.30592918,1.4121187,-0.07524639
2.0920084,3.8699489,-0.9302278,7.585951,-1.3615179,-0.2837162,1.39886,-0.07626954
2.1459737,3.8478894,-0.9331344,7.6012745,-1.3646107,-0.32192993,1.3850641,-0.076196015
2.1366873,3.8130794,-0.9209596,7.564973,-1.3576009,-0.3047681,1.3725967,-0.09684336
2.1478486,3.8028255,-0.9154283,7.565982,-1.3609866,-0.3096404,1.4406874,-0.09663659
2.1509113,3.70744,-0.9219549,7.558033,-1.3671563,-0.30385876,1.3974996,-0.0910961
2.1217592,3.7203689,-0.9366888,7.5626874,-1.3638704,-0.3030424,1.407352,-0.08883011
2.1079152,3.7475467,-0.9416467,7.598707,-1.3689089,-0.3032422,1.4693556,-0.07169551
2.1380193,3.791027,-0.94455117,7.53092,-1.3766913,-0.3086605,1.5452611,-0.06806815
2.1418743,3.902814,-0.94419223,7.497976,-1.3967898,-0.32059526,1.4282808,-0.06786418
2.1212924,3.8568974,-0.9368056,7.505639,-1.4126679,-0.2811916,1.4293473,-0.06549519
2.1234994,3.780291,-0.93385774,7.5041075,-1.3933055,-0.32337642,1.4241481,-0.07159105
0.98111033,5.4167423,1.7731204,8.966915,-0.21805513,-1.822753,0.06470513,-0.3041709
0.9674165,5.449034,1.8080406,8.978844,-0.21873474,-1.8530971,0.05819285,-0.2993049
0.9686055,5.4585648,1.7765,8.992531,-0.3091489,-1.8197807,0.06647217,-0.3106975
0.95924944,5.4380713,1.7975693,9.001437,-0.25305974,-1.8204659,0.06488657,-0.31563795
0.9601935,5.4154224,1.8247032,9.022793,-0.26565266,-1.8598404,0.0674237,-0.3145774
0.95608056,5.500063,1.7755973,9.067732,-0.27971542,-1.8610773,0.049915552,-0.3130403
0.9713531,5.496131,1.7807775,9.052312,-0.13119495,-1.8333828,0.07224238,-0.3111261
0.96853364,5.515504,1.7831683,9.053019,-0.1664766,-1.8458374,0.07497549,-0.31172186
0.96017385,5.550984,1.791904,9.056747,-0.15598106,-1.871205,0.07414532,-0.29981533
0.9427774,5.54498,1.7863426,9.053431,-0.16353393,-1.8982321,0.08911133,-0.29981616
0.964982,5.5413055,1.7783115,9.011408,-0.1318773,-1.9094914,0.0940119,-0.28486064
0.99261546,5.6405807,1.7901125,9.007345,-0.12223077,-1.8954134,0.11213505,-0.28920624
0.97119755,5.669624,1.78375,9.041353,-0.16338718,-1.8837761,0.10352981,-0.30559787
0.96117294,5.6847076,1.7859743,9.033356,-0.23128152,-1.8988146,0.13892365,-0.30360943
0.9585471,5.69449,1.7709479,9.033678,-0.2462759,-1.871457,0.13753712,-0.3032353
0.929122,5.633757,1.7688599,9.03256,-0.25600588,-1.8675488,0.1335485,-0.30967999
0.9439934,5.624254,1.7658887,9.025997,-0.21588898,-1.8529071,0.120419264,-0.30410656
0.94246256,5.6057663,1.7662704,9.039756,-0.22951674,-1.8320022,0.09245312,-0.29871526
0.9377806,5.6292477,1.7710958,9.068315,-0.23285425,-1.8461574,0.089571595,-0.30139437
0.93815446,5.6263227,1.8125126,9.056334,-0.21715999,-1.8419628,0.09054136,-0.2907312
0.9187436,5.6036844,1.7806394,9.029579,-0.3071971,-1.8473694,0.07443273,-0.2919503
0.9270915,5.645423,1.8082161,9.038459,-0.30156946,-1.8289682,0.09224236,-0.28226718
0.9239511,5.657361,1.8040404,9.045059,-0.26648545,-1.8333906,0.11416888,-0.28868514
0.9041288,5.6522913,1.8125644,9.043338,-0.24665284,-1.8919493,0.124934316,-0.29472384
0.8682312,5.6562853,1.8174164,9.057749,-0.28220117,-1.8933861,0.11614442,-0.28720415
0.88667035,5.6979756,1.7910557,9.062632,-0.26921105,-1.9180614,0.09487069,-0.2889467
0.90611196,5.679759,1.7912829,9.040893,-0.28506553,-1.8478863,0.10170376,-0.27391887
0.9044515,5.6485147,1.8226485,9.079252,-0.35420954,-1.8360102,0.059046388,-0.29256502
0.88595504,5.631486,1.8257048,9.078878,-0.4332049,-1.8317344,0.063730836,-0.2938775
0.89963585,5.581862,1.8554997,9.08629,-0.42153633,-1.8334975,0.05458331,-0.2942094
0.8969196,5.5961094,1.8562019,9.020632,-0.27458906,-1.8447355,0.05034697,-0.27071163
0.89281905,5.6082726,1.8551018,9.042799,-0.28086793,-1.8423021,0.059600472,-0.26477626
0.89867747,5.602455,1.8189497,9.035625,-0.307536,-1.8495764,0.05858302,-0.26371363
0.9010709,5.566139,1.81289,9.041479,-0.27914238,-1.8549426,0.06666672,-0.2769884
0.921892,5.558834,1.8186865,9.049939,-0.28161633,-1.8511338,0.020506024,-0.27582428
0.93899536,5.554549,1.8214278,9.042257,-0.29339027,-1.8465712,0.027349949,-0.2804833
0.9509102,5.5546465,1.8278832,9.049141,-0.27875555,-1.8573577,0.025809288,-0.27310374
0.9393362,5.525322,1.8153646,9.042387,-0.23375642,-1.847653,0.025616765,-0.284281
0.90209126,5.5057054,1.8138559,9.030483,-0.38730252,-1.8624483,0.004646778,-0.2764909
0.9111464,5.5252085,1.8039873,9.039875,-0.37267363,-1.8687588,0.012840271,-0.28072786
0.9083818,5.5077157,1.8458271,9.038418,-0.31281257,-1.8514831,0.009364843,-0.28347284
0.9064159,5.411075,1.8377464,9.027893,-0.32277834,-1.8478038,0.010507941,-0.28817767
0.8663809,5.4076767,1.8154006,9.079018,-0.24667168,-1.8877596,0.005327821,-0.28272262
0.8709737,5.3947606,1.830872,9.071209,-0.25750494,-1.887443,0.0038115978,-0.27468276
0.87586033,5.3982544,1.8493974,9.042893,-0.36251402,-1.8795646,0.0153518915,-0.28517875
0.8785511,5.4019117,1.840466,9.037537,-0.3786801,-1.8621409,0.011676073,-0.29244822
0.8885047,5.41154,1.8596864,9.036826,-0.38651383,-1.8340396,0.0019546747,-0.2855412
0.8970984,5.472723,1.8466096,9.037092,-0.34432662,-1.8319484,-0.014062822,-0.2702991
0.9085803,5.4494495,1.8416681,9.022766,-0.3779745,-1.8348956,-0.015063703,-0.26971868
0.8964648,5.458852,1.8270421,9.024458,-0.35223246,-1.8427175,-0.013653934,-0.26840144
0.8843099,5.455921,1.817755,9.025719,-0.367247,-1.8762466,-0.013419032,-0.2776546
0.93705934,5.403288,1.8059092,9.02254,-0.37289965,-1.8310785,-0.015375257,-0.2749272
0.9249821,5.529623,1.8552,9.0338545,-0.35778785,-1.8238301,0.015931606,-0.27929404
0.9018384,5.5773735,1.8395436,9.043417,-0.35023868,-1.8513802,0.039370656,-0.27983463
0.9146636,5.5387244,1.8345861,9.061348,-0.32714462,-1.8544935,0.050548792,-0.2881605
0.9109858,5.4737043,1.8295715,9.080814,-0.35888457,-1.8522716,0.027181149,-0.3064174
0.90182227,5.4744005,1.8084264,9.0794935,-0.4385097,-1.8363497,0.02994752,-0.33408412
0.90424,5.4527926,1.7924523,9.0881,-0.40028846,-1.8333919,0.028416753,-0.33511043
0.9019518,5.4689856,1.8328054,9.077384,-0.37702096,-1.8086431,0.03761375,-0.33337957
0.89238036,5.4959745,1.7987461,9.069973,-0.46152544,-1.8395572,0.042898417,-0.32196575
0.8963341,5.487028,1.8419213,9.053144,-0.4537518,-1.8420479,0.07181251,-0.33366054
0.891593,5.511467,1.7918983,9.049145,-0.42592287,-1.8361322,0.070189476,-0.32807446
0.8699566,5.5020046,1.8158882,9.055018,-0.42801774,-1.8671784,0.09253919,-0.33696064
0.86520004,5.550247,1.8738484,9.044323,-0.39290214,-1.8845867,0.1273011,-0.3366496
0.8859119,5.5589867,1.8808191,9.025976,-0.3814242,-1.8007731,0.12083244,-0.32971743
0.90311205,5.5488796,1.8948967,9.025064,-0.52814174,-1.8045319,0.07528353,-0.31262985
0.9009142,5.4578524,1.9077723,9.058651,-0.51065695,-1.8234558,0.028291225,-0.31483987
0.93645626,5.50193,1.9119623,9.033238,-0.5417479,-1.8048139,0.023528457,-0.32048726
0.9311664,5.522439,1.8436584,9.04527,-0.52867746,-1.8455408,0.02672112,-0.3176209
0.9434323,5.51735,1.9219832,9.046772,-0.56621635,-1.7989,0.0038154125,-0.31461406
0.9729669,5.483903,1.8506536,9.037393,-0.5260118,-1.812175,-0.0036095977,-0.31054726
0.9561745,5.4377737,1.8763309,9.015335,-0.51307154,-1.7968264,-0.0029611588,-0.30958122
0.9571152,5.4748793,1.8920207,9.01182,-0.5255015,-1.7882628,0.017597437,-0.30616623
0.96386075,5.482255,1.8893058,8.984932,-0.5155654,-1.8058654,0.007276535,-0.30840528
0.9880584,5.447646,1.8913889,8.986888,-0.53127694,-1.7941175,0.011972189,-0.31676525
0.9643799,5.5097265,1.9063632,8.997379,-0.53828764,-1.7972162,0.018585086,-0.30649695
0.9516543,5.4708347,1.9013512,8.995633,-0.5272752,-1.8105338,0.0101521015,-0.3012445
0.9100742,5.5243125,1.8926351,9.013136,-0.50761044,-1.7913654,0.05403757,-0.29694706
0.91675735,5.5323315,1.896842,9.036398,-0.5003742,-1.7906283,0.01714766,-0.29763395
0.8773687,5.5204477,1.9181993,9.030744,-0.53752625,-1.8354855,0.0023372173,-0.27958477
0.8808099,5.554483,1.8667269,9.024729,-0.48528993,-1.7678846,-0.002554059,-0.2726573
0.88917184,5.5691795,1.8588743,9.075961,-0.48455417,-1.7616541,0.010139823,-0.27537882
0.9012537,5.5541215,1.8557577,8.99353,-0.4585191,-1.7944444,0.034905076,-0.27255926
0.8728737,5.54089,1.8972068,8.977592,-0.43126702,-1.8143705,0.044434905,-0.27439034
0.8598368,5.589712,1.9007816,9.034896,-0.48421466,-1.8051014,0.07896173,-0.2889213
0.8681834,5.585455,1.9006319,9.022263,-0.4475609,-1.8031305,0.09002602,-0.29249573
0.8418763,5.5409517,1.9005282,9.032808,-0.4792565,-1.8060498,0.08373606,-0.30499622
0.87161744,5.5319033,1.8973947,9.063021,-0.51029766,-1.7907065,0.061681986,-0.3371278
0.8751854,5.546856,1.8936751,9.072683,-0.5254828,-1.8157631,0.069578886,-0.34423694
0.8737352,5.568797,1.8947885,9.072304,-0.5237087,-1.8000348,0.066218734,-0.33590347
0.8534302,5.546852,1.9285538,9.087963,-0.50572383,-1.7881367,0.09124756,-0.34534165
0.85621434,5.548206,1.8685098,9.103514,-0.4729339,-1.7996291,0.059423566,-0.3432129
0.86516905,5.578404,1.8635545,9.101093,-0.47867024,-1.7998031,0.057952642,-0.32598394
0.844515,5.5925303,1.8588588,9.112904,-0.4596753,-1.8250599,0.06530011,-0.325688
0.8517099,5.5919394,1.8557982,9.115105,-0.50900733,-1.7724215,0.074552655,-0.318268
0.84285665,5.5787325,1.8744421,9.077425,-0.5115886,-1.758126,0.050507188,-0.313843
0.85409415,5.5157995,1.890748,9.065552,-0.3767388,-1.8267593,0.036574602,-0.2968187
0.83774865,5.485698,1.8957915,9.090318,-0.43152916,-1.844583,0.033089876,-0.28587526
0.8396536,5.473508,1.8847837,9.077898,-0.4101143,-1.8448715,0.03200257,-0.2999412
0.8422137,5.4603825,1.8953099,9.089204,-0.4271413,-1.8575665,0.029987574,-0.30294162
0.8323486,5.4804897,1.9054313,9.095303,-0.43491066,-1.8780578,0.06110418,-0.3094725
0.8196168,5.556019,1.9014134,9.124528,-0.3837397,-1.863886,0.062239647,-0.31371766
0.8175044,5.57458,1.8860092,9.075449,-0.50137436,-1.8619088,0.07324946,-0.30150092
0.8073534,5.640152,1.8828766,9.080715,-0.47766387,-1.862524,0.074890256,-0.2895438
0.8075839,5.66306,1.883657,9.070348,-0.49252117,-1.8410169,0.09088504,-0.2802106
0.7974868,5.6563063,1.8819895,9.071178,-0.5667983,-1.8282554,0.07553518,-0.28396034
0.783512,5.659845,1.8719695,9.073697,-0.57571423,-1.8275089,0.06766832,-0.28236878
0.7750269,5.63662,1.8668411,9.080915,-0.62044775,-1.793692,0.06435132,-0.2984646
0.80637044,5.62274,1.8667467,9.078475,-0.5798459,-1.7930322,0.07622492,-0.31757808
0.8009392,5.620357,1.8902926,9.10305,-0.5621755,-1.7818168,0.083216906,-0.32152808
0.8234261,5.6429987,1.8971407,9.111582,-0.58886254,-1.7677349,0.052862883,-0.31977686
0.83103824,5.635265,1.9247427,9.09798,-0.60184026,-1.7617836,0.058736324,-0.3289329
0.8330276,5.640705,1.903532,9.088841,-0.6210134,-1.7814108,0.06588864,-0.31305337
0.8253437,5.617487,1.9325943,9.076452,-0.6241859,-1.7819372,0.05700338,-0.30851394
0.8328723,5.630691,1.8781538,9.071408,-0.6158744,-1.7490861,0.050688982,-0.31073076
0.82548463,5.552532,1.8832016,9.0870695,-0.53491473,-1.8247352,0.048175573,-0.30517778
0.7887809,5.54749,1.9156575,9.090779,-0.5707369,-1.7700981,0.0700444,-0.32853162
0.78822815,5.562392,1.9248829,9.105085,-0.5654783,-1.7714858,0.07910597,-0.32841626
0.7745216,5.5495024,1.9149354,9.104113,-0.52059996,-1.7741091,0.084293246,-0.32934582
0.780515,5.5488296,1.915874,9.100823,-0.54730356,-1.7610795,0.07642043,-0.32008666
0.7726387,5.577613,1.9159396,9.103546,-0.52909553,-1.7963736,0.08393645,-0.31701314
0.78743994,5.5243216,1.9720969,9.129713,-0.49165666,-1.7997237,0.074294806,-0.32872897
0.7765962,5.534439,1.9709156,9.137279,-0.5244049,-1.7721492,0.06644142,-0.32787216
0.7711645,5.51715,1.9550226,9.144091,-0.4573723,-1.8048387,0.08441794,-0.3506177
0.7713422,5.612782,1.950588,9.148251,-0.5363263,-1.8410527,0.09544873,-0.35191348
