2.7591496,2.4507775,1.654958,4.8599515,1.5142953,-2.1735606,-0.09788972,-0.42181525
2.9424474,2.3664794,1.6043713,4.8694906,1.5363173,-2.1540933,-0.070430934,-0.42422923
2.9713187,5.309767,1.6116543,4.929281,1.5430453,-2.2173367,-0.06113845,-0.27301154
2.8272095,3.267062,1.5782561,4.9329653,1.5475988,-2.1820273,0.04417026,-0.16866669
2.990696,6.143909,1.6224184,4.9314513,1.5385392,-2.1905909,0.08676529,-0.2845498
2.9609244,2.080151,1.5852544,4.9667287,1.5519261,-2.2476444,0.080227494,-0.12353474
2.9510365,9.527619,1.5876293,4.9820886,1.5643938,-2.260656,0.12727392,-0.24052835
2.8583968,8.682617,1.5928731,4.927854,1.5790792,-2.2745004,0.10748267,-0.4911558
2.7536767,8.006571,1.5939074,4.9584846,1.5804219,-2.26549,-0.07961804,-0.27306324
2.727535,2.7093568,1.6099179,4.837563,1.5674706,-2.1975262,-0.062984824,-0.3856964
2.6399837,7.0196137,1.6321266,4.832209,1.5279346,-2.1411338,-0.05556655,-0.39851016
2.5107932,6.721703,1.6909745,4.8185306,1.5214252,-2.1728802,-0.0679099,-0.43460232
2.9696426,6.144316,1.656954,4.8247757,1.5437534,-2.1970875,-0.027337313,-0.4928497
2.8646178,4.644084,1.680063,4.742585,1.5451286,-2.16914,-0.024780035,-0.48697752
2.6177511,4.4450283,1.6743522,4.821108,1.5335295,-2.1936822,-0.022526264,-0.21733043
2.9842331,4.92852,1.686245,4.836448,1.501831,-2.1398058,-0.07320899,-0.44448483
2.9295375,5.558365,1.6939652,4.869732,1.5029378,-2.1337407,-0.12048906,-0.39619675
2.9636266,5.489628,1.6722634,4.7452,1.5057278,-2.1061268,0.0027576685,-0.18825823
1.9543741,3.8022022,1.6526065,4.7512236,1.506882,-2.107799,0.13138449,0.115822434
2.7712858,6.0638924,1.6676543,4.7721148,1.5152595,-2.219658,0.20911658,0.09238601
2.939302,3.9259028,1.700722,4.7415996,1.5289457,-2.1401758,0.0884918,-0.25421163
2.8881862,2.7724166,1.6849205,4.736779,1.5765817,-2.2656813,0.08062184,-0.14353639
2.3582215,3.8356116,1.6938887,4.6660533,1.5625582,-2.2314014,0.06655908,-0.066519976
2.725576,4.456623,1.6452167,4.6840158,1.5707407,-2.2258854,0.12549853,-0.066881716
2.508008,3.8570962,1.6909769,4.6328444,1.586976,-2.240943,0.03648448,-0.45285755
2.4579556,2.8536353,1.7126994,4.6279173,1.5521514,-2.212399,0.12521088,-0.29732937
2.8960218,8.943392,1.7112248,4.6943,1.5430281,-2.2013893,0.051622987,-0.07256973
2.6075234,8.501268,1.7275269,4.6837974,1.5454948,-2.266206,0.12407434,-0.19898146
2.8265502,3.1568012,1.7482898,4.698473,1.5030041,-2.186226,0.115101814,-0.24090606
2.8240867,4.631289,1.7435684,4.656084,1.508111,-2.1733103,0.104712844,-0.24652761
2.4744692,2.3641057,1.7324972,4.6558733,1.5032425,-2.1933029,0.03301251,-0.32043275
2.9420335,5.8358173,1.801631,4.500888,1.4987969,-2.2084022,0.08956337,-0.31629813
2.6187658,3.542585,1.8346996,4.545619,1.4906268,-2.1863492,0.08850932,-0.27752125
2.8731472,5.333224,1.863925,4.436137,1.4804692,-2.1901832,0.09422374,-0.1272623
2.8933487,2.4787345,1.835608,4.4693055,1.4810824,-2.1893172,0.08497894,-0.21841925
2.779458,3.6324492,1.8497686,4.47116,1.5076497,-2.225228,0.011334181,-0.42932937
2.922339,5.8127184,1.8736892,4.468607,1.5065415,-2.1769295,-0.08424991,-0.4234081
2.958343,3.6078231,1.8297651,4.44633,1.5076149,-2.163643,-0.07774329,-0.48768
2.9347367,3.2346015,1.8665648,4.4401045,1.5106857,-2.2162511,-0.041035295,-0.42072707
2.7278025,2.51202,1.8328013,4.452486,1.5021894,-2.1815612,0.23847401,-0.14725065
2.8687477,7.4433446,1.8117812,4.4982758,1.4907346,-2.1190462,0.2357639,-0.3238631
2.6744332,3.9426074,1.8172343,4.562271,1.4724519,-2.1325798,0.12980652,-0.24996549
2.5944574,8.36038,1.8228931,4.5877037,1.4805629,-2.1236298,0.074866414,-0.4290015
2.6997287,5.164933,1.8302546,4.5887313,1.4306808,-2.087793,0.18786943,-0.45405146
2.4402509,4.49556,1.8413587,4.531998,1.4324124,-2.1124346,0.235484,0.091914296
2.6941178,8.847543,1.8222857,4.744946,1.429471,-2.1897287,0.16484153,-0.3287016
2.8867612,9.005041,1.8717778,4.6779714,1.3997808,-2.1426957,0.146029,-0.3510514
2.828847,6.842621,1.8509951,4.6462326,1.4082315,-2.103637,0.1429373,-0.33293796
2.7976737,7.0526047,1.8294411,4.6819677,1.3953404,-2.1070037,0.27140188,-0.28337163
2.543347,3.3387241,1.7878075,4.6970387,1.4115143,-2.0661733,0.036945105,-0.37814546
2.7076902,8.960981,1.8469572,4.746112,1.3758183,-2.0641267,-0.062359095,-0.4340969
2.843612,5.952027,1.8128028,4.7510786,1.402478,-2.0595384,0.055184364,-0.19147027
2.972325,6.5996847,1.7736967,4.7423396,1.3985016,-2.0572567,0.0438385,-0.47795713
2.9604378,8.632139,1.8046777,4.6931906,1.3935525,-1.9962133,0.040712237,-0.27835333
2.496075,2.0462432,1.7848177,4.7599597,1.3873069,-2.0228667,9.62019e-05,-0.4265259
2.826855,2.1392498,1.7787182,4.7592955,1.3809721,-2.0428152,0.015910387,-0.43622655
2.7872365,3.1828804,1.8205955,4.7224917,1.3845186,-2.0241418,-0.016525805,-0.4394413
2.932077,3.8091807,1.8294945,4.691414,1.3854744,-2.0257306,-0.03205031,-0.2883776
2.3448248,5.193454,1.8228576,4.703476,1.3971033,-2.02561,0.072583675,-0.27840507
2.9666672,3.9018269,1.8172507,4.7799416,1.3783817,-2.030417,0.083652616,-0.2640869
2.479718,7.2049665,1.8673522,4.706464,1.3858142,-2.0440469,-0.001357019,-0.2689353
2.797003,2.7861373,1.8562996,4.718643,1.3411324,-2.0478754,0.023767233,-0.22786444
2.8533876,3.4976642,1.8798726,4.7066946,1.3306592,-2.020006,0.050079107,-0.3318569
2.7979004,4.1450596,1.8714466,4.7199306,1.3232806,-2.0142097,0.062770486,-0.4032789
2.89098,6.3731923,1.8816657,4.712135,1.3381729,-1.9761076,0.049764633,-0.21896768
2.453888,2.905793,1.8313894,4.7220893,1.3633659,-1.9771466,0.002050519,-0.40722764
2.6966405,2.7491674,1.8475139,4.7217007,1.3481278,-2.022492,-0.012107968,-0.31432945
2.7962162,8.760333,1.8250914,4.6970344,1.3756614,-2.0334997,0.05780804,-0.49291965
2.8335683,8.059116,1.8035359,4.707338,1.4142189,-2.0402145,0.0710727,-0.49794737
2.94974,5.8935614,1.7875183,4.8323,1.394172,-2.1318645,0.063007355,-0.45919374
2.3762703,3.8065307,1.7880578,4.772957,1.397315,-2.0830874,0.04234624,-0.38320827
2.836083,3.640114,1.7902904,4.694177,1.4290807,-2.078258,0.006404519,-0.24166703
2.8425415,3.660203,1.8045616,4.633997,1.4141989,-2.0286636,0.007883668,-0.3110636
2.961213,2.6847248,1.8142133,4.618984,1.4335191,-2.0780225,0.07915473,-0.4174769
2.8678744,7.477359,1.807096,4.633834,1.4600382,-2.0805342,0.04180348,-0.27378032
2.8988476,2.5814009,1.7518139,4.5949593,1.4713912,-2.1239452,0.046843767,-0.2230514
2.8870637,5.2697487,1.6908126,4.7819104,1.4785297,-2.1488142,0.16042161,-0.35512945
2.7194273,3.8751955,1.7478735,4.826335,1.4266067,-2.1144245,0.019756794,-0.34946606
2.744462,2.34614,1.7439461,4.8241267,1.412368,-2.0853362,0.13999403,-0.43918204
2.9752827,7.190999,1.7681034,4.811329,1.4109912,-2.0846174,0.08787739,-0.4297741
2.9916062,3.4289637,1.7696159,4.794697,1.3920724,-2.028183,-0.04933369,-0.463156
2.9791155,4.132418,1.7606752,4.8851943,1.3955054,-2.004367,-0.105915606,-0.4980086
2.9980373,3.158684,1.7844634,4.8292265,1.3569062,-2.1000543,0.10558736,-0.3355704
1.876055,2.920125,1.7688129,4.892414,1.375061,-2.0612652,0.14521539,-0.22159228
2.8748035,9.487728,1.7546968,4.9987345,1.3747478,-2.107849,0.15597737,-0.27092156
2.9347959,2.5645387,1.7264438,4.899756,1.3736053,-2.111595,0.09106076,-0.32717627
2.6850157,8.144014,1.7213917,4.9126825,1.4660926,-2.1120791,0.026037574,-0.2396045
2.8183935,2.105706,1.7219801,4.910981,1.4327884,-2.140502,-0.016970932,-0.41228986
2.5642529,5.7041016,1.7181561,4.9199076,1.4482188,-2.1559143,-0.10000807,-0.46865338
2.9162672,5.6561756,1.7163699,4.953396,1.4755332,-2.1674478,-0.10736388,-0.37360367
2.863996,8.213125,1.6620455,4.95319,1.4983232,-2.1874278,0.027631879,-0.35466278
2.9332402,4.471037,1.6520901,4.9173822,1.487071,-2.172149,0.028885245,-0.22423744
2.950925,4.746188,1.6662221,4.9089937,1.4987991,-2.2120168,0.031185627,-0.38308632
2.3430758,8.094311,1.6746769,4.8800793,1.5205872,-2.2090645,0.028597355,-0.24768162
2.6491265,4.3660502,1.690294,4.8514504,1.4761245,-2.185071,0.0028930902,-0.4370771
2.653484,7.861553,1.7460585,4.732237,1.475553,-2.1143932,-0.07145041,-0.46101972
2.0664003,5.346384,1.7262163,4.767273,1.514617,-2.127943,0.12830245,-0.40797174
2.0510268,4.028311,1.6762147,4.775325,1.5231359,-2.1343822,-0.08625066,-0.4939797
2.8798037,3.6766253,1.7260857,4.7189918,1.521451,-2.136032,-0.08782238,-0.41303125
2.113356,2.6449533,1.6822343,4.817464,1.4876881,-2.1487658,-0.012071431,-0.47088516
2.886453,9.676944,1.6665854,4.9463854,1.4917336,-2.150869,-0.0071137547,-0.41857195
2.6294692,9.487995,1.6386037,4.97076,1.5166757,-2.1545272,-0.023230255,-0.4333635
2.5585654,2.7076826,1.634105,4.9499416,1.5055645,-2.1914823,-0.0018768907,-0.4447271
2.91628,3.7151766,1.6320779,4.920334,1.5167606,-2.2162976,-0.016475558,-0.29768533
2.944521,5.0662146,1.6327157,4.922734,1.5212057,-2.2034698,0.023619413,-0.4880654
2.9533625,4.9485245,1.619782,4.9346957,1.53088,-2.199305,0.04464829,-0.44677806
2.8331628,3.515308,1.605783,4.978901,1.517657,-2.138657,-0.054643452,-0.37539622
2.3892236,5.531439,1.602072,4.9053774,1.5163116,-2.1281977,0.050804496,-0.20032924
2.3181858,5.927165,1.6158586,4.857259,1.5023785,-2.1179328,0.01987505,-0.31579417
2.8588355,5.2217474,1.614469,4.8700027,1.5411031,-2.1580281,0.002683282,-0.32100847
2.2595482,4.72995,1.6384459,4.862911,1.5267701,-2.1628635,-0.04416859,-0.34809995
2.843927,7.3555217,1.6446676,4.863059,1.5515873,-2.2221684,0.057872653,-0.4543861
2.4541414,4.749499,1.6580732,4.8565526,1.5351915,-2.2289674,0.028524399,-0.3473969
2.8449042,8.168523,1.6552653,4.887626,1.5297122,-2.2112336,0.06576908,-0.27614146
2.8957877,6.563402,1.6700144,4.766218,1.5246086,-2.1796246,0.22230887,-0.2667681
2.519739,4.949671,1.6762986,4.7921877,1.5413117,-2.1987138,0.2491014,0.16421324
2.4983034,2.520402,1.7101371,4.689726,1.5055597,-2.1903718,0.31875646,-0.15647122
2.8387334,7.9522476,1.7041888,4.7642927,1.5051126,-2.2069845,0.4583521,0.059987783
2.9237099,6.3859596,1.6633873,4.804175,1.4981828,-2.2142086,0.5406213,0.04915011
2.7883525,4.6246133,1.6740203,4.8437796,1.5094604,-2.1942353,0.12402058,-0.18653047
2.1689858,4.3335123,1.7211428,4.802779,1.5066257,-2.1725702,0.057450652,-0.4097643
2.608662,2.00888,1.7173443,4.7965393,1.5068526,-2.2125463,-0.063375056,-0.44503704
2.574892,2.0071015,1.757067,4.768569,1.4895396,-2.1821456,-0.06733012,-0.47152945
2.841318,2.5644836,1.7503438,4.7027054,1.4972875,-2.1983442,-0.048478603,-0.47989744
1.8945664,6.777142,1.7395234,4.7287345,1.5072944,-2.1832688,-0.040402472,-0.47370622
2.758396,3.3861384,1.7192087,4.7958264,1.5294666,-2.189283,-0.10473269,-0.45916456
2.1084516,3.0487967,1.7396679,4.694167,1.5248733,-2.188838,-0.05027163,-0.38594213
2.7807615,7.0615377,1.7364438,4.710972,1.5272522,-2.2086163,0.050627112,-0.4196207
2.3968868,2.1091232,1.7229447,4.6488805,1.5285273,-2.2425566,0.08568132,-0.07482761
2.9699733,9.7571535,1.7232695,4.6240506,1.5548294,-2.2343636,0.20454979,-0.014466077
2.7978458,2.1639216,1.7303898,4.6106615,1.5318019,-2.2359738,0.08202577,-0.40195376
2.8575196,2.8137453,1.7288256,4.61331,1.5520408,-2.2414522,0.10236466,-0.36446565
2.4377828,4.376215,1.7223437,4.517548,1.6126075,-2.2643902,0.068163276,-0.22450915
2.5889332,8.030296,1.7200224,4.517556,1.6266322,-2.2516594,0.023210883,-0.44171238
2.6973305,2.5992923,1.6979098,4.544851,1.6391747,-2.2677205,-0.078047514,-0.43590966
2.8965225,6.454677,1.71539,4.455933,1.6487253,-2.2958589,0.08301294,-0.4722102
2.9081256,6.965366,1.730902,4.456691,1.6462915,-2.3023515,0.09700036,-0.21274152
2.4614503,2.6378639,1.7549086,4.4449196,1.6491308,-2.3575928,0.12667346,-0.37477672
2.8416662,3.3332577,1.7542825,4.4796634,1.6359603,-2.288455,0.11279094,-0.13138711
2.6634517,3.6877441,1.7262163,4.4248614,1.638597,-2.3064914,0.067536235,-0.23589507
2.9200659,2.539248,1.7433963,4.4595246,1.6525636,-2.304219,-0.0120744705,-0.3525021
2.0728524,7.6751146,1.72102,4.495302,1.6709087,-2.296276,-0.007859409,-0.3537589
2.2151184,3.481835,1.6898854,4.4716177,1.6483428,-2.233067,0.046613097,-0.42295164
2.92937,6.4645653,1.7160726,4.5353985,1.6372511,-2.2258077,-0.1289944,-0.36972183
2.0662005,3.0703712,1.7415614,4.513097,1.6277559,-2.272294,-0.100097,-0.29526573
2.0617864,2.9387555,1.776751,4.4229507,1.6263676,-2.261355,0.013536692,-0.44057736
2.8815165,5.841651,1.7383599,4.413446,1.6452496,-2.3054407,-0.0033350587,-0.48344547
2.4496803,3.6575503,1.70855,4.4447513,1.6486769,-2.3106618,0.0031573772,-0.48687652
2.4020047,2.8776217,1.7234709,4.4576426,1.6593492,-2.3056233,0.01927054,-0.49753457
2.3942213,3.6951168,1.7126718,4.5487366,1.654237,-2.2562525,-0.0895738,-0.48564374
2.5976276,5.300276,1.6384144,4.594644,1.6805499,-2.2701776,-0.030051649,-0.4892539
1.8930421,4.282905,1.6296246,4.5935106,1.6931736,-2.299111,0.05335462,-0.3416878
2.375533,2.308397,1.6323013,4.6842685,1.6768117,-2.3266013,0.06969321,-0.33624852
2.2869785,3.5783138,1.6282582,4.7143426,1.6710527,-2.333713,-0.058414876,-0.23090452
2.9333313,4.484619,1.6376555,4.701858,1.658519,-2.3599706,0.019688845,-0.22038162
2.5501947,4.1344376,1.6369555,4.672404,1.664669,-2.3198044,-0.04903531,-0.46872702
2.3353019,5.350444,1.6361427,4.7273483,1.6511366,-2.3086588,-0.032135665,-0.39988518
2.542788,4.244973,1.6276126,4.7519097,1.6320379,-2.3123333,-0.048234165,-0.39746124
2.7815685,6.1867,1.6236677,4.75448,1.6380618,-2.2934794,-0.0642274,-0.3981594
2.7102652,3.5264645,1.6323018,4.6705704,1.6615758,-2.2826667,-0.057616293,-0.41834232
2.72672,2.8426547,1.6258826,4.692975,1.628813,-2.2857056,0.08939755,0.040270686
2.7996364,5.412154,1.645175,4.682753,1.6132357,-2.2576635,0.07444215,-0.29256895
2.8114934,5.293366,1.6443284,4.6844,1.6212122,-2.2542565,0.05443394,-0.24962068
2.325788,4.670392,1.650594,4.6836214,1.6352222,-2.3017604,0.072692156,-0.18897009
2.3949676,8.166861,1.6921592,4.7214885,1.6227183,-2.2984536,-0.049286306,-0.44455713
2.3161397,9.342624,1.6280522,4.6990175,1.6767395,-2.3138275,0.021795392,-0.466282
2.2306952,8.919245,1.6283982,4.7687674,1.6633892,-2.3144102,-0.023755789,-0.4781002
2.9365463,6.972178,1.5962536,4.85894,1.6587753,-2.4077919,0.027828455,-0.436297
2.5810792,3.6328592,1.5567207,4.8480167,1.6726065,-2.316352,0.22687268,0.009824812
2.4624968,6.3083153,1.5419152,4.832131,1.6606402,-2.31979,0.096294284,-0.3794012
2.7428372,8.005099,1.5165372,4.918578,1.6638556,-2.2900295,0.066085815,-0.18525183
2.811573,3.998322,1.4973731,4.93472,1.6514883,-2.2913687,0.10033393,0.021694064
2.6564703,4.1015596,1.4930394,4.9082327,1.6654058,-2.2166517,0.06951642,0.07550466
2.8933575,3.305243,1.5005069,5.064457,1.6611719,-2.3616543,-0.046962023,-0.46899998
1.69367,2.4844186,1.4501612,5.0801563,1.6930573,-2.366035,-0.020889878,-0.47512075
2.9325955,8.947538,1.4859838,4.984605,1.723922,-2.3302822,-0.06159717,-0.20962888
2.8682907,9.446363,1.5115528,4.9930344,1.7000422,-2.3789263,0.088162065,-0.4801709
2.8589942,5.238657,1.501466,4.94904,1.683403,-2.3657608,0.006580353,-0.424423
2.4958067,3.127007,1.5333846,4.9218025,1.6798983,-2.337646,-0.09481931,-0.45942104
2.5495484,2.621815,1.5549588,4.875243,1.6896226,-2.3358421,-0.053996146,-0.20732561
2.8335478,8.477528,1.5569942,4.7709436,1.7323339,-2.354533,0.030924797,-0.24454594
2.2694387,2.270055,1.5527339,4.6957555,1.7086899,-2.367599,0.15736616,-0.040862203
2.131957,2.057816,1.5639002,4.778162,1.6553707,-2.386355,0.21809149,0.08249164
2.8590367,2.0594351,1.607872,4.857838,1.6543226,-2.3457766,0.06281495,-0.0854688
2.7779784,2.3609617,1.6107178,4.809338,1.6393661,-2.3781848,0.078424454,-0.08042964
2.8396096,2.7879755,1.6146507,4.7346354,1.661504,-2.3640046,0.019580603,-0.17017263
2.414641,5.6813607,1.6053743,4.8112936,1.6533465,-2.3768563,0.048214674,-0.36041385
2.8035696,5.9274416,1.6112401,4.8188944,1.6640408,-2.3111455,0.02078116,-0.31225878
2.59088,4.668103,1.5991812,4.816429,1.7003515,-2.381836,-0.047020555,-0.23640078
2.5871582,5.146185,1.5481975,4.7885766,1.7580006,-2.3911724,-0.0671252,-0.31180647
2.9305344,5.8548684,1.5730295,4.7779865,1.7184975,-2.3456314,-0.09197217,-0.37323537
2.754881,7.1115704,1.5830185,4.6988835,1.717499,-2.3512018,-0.104390144,-0.3586176
2.9341874,2.5987086,1.5275083,4.809325,1.7268639,-2.4144137,-0.03276062,-0.49501207
2.9761178,7.915857,1.5408616,4.776299,1.7318146,-2.4106593,-0.05377257,-0.49595022
1.5273291,9.308925,1.587647,4.687561,1.7556396,-2.486215,0.055787206,-0.47761983
2.9986796,8.830603,1.5851274,4.732116,1.7518828,-2.464963,0.03880775,-0.4541811
2.8126273,7.0217137,1.5827317,4.6507454,1.7574177,-2.4631424,0.067044854,-0.45653966
2.570002,4.4034314,1.5971704,4.598832,1.7636299,-2.451626,0.029286027,-0.422409
2.644294,4.689128,1.6176691,4.5947475,1.7365468,-2.417238,0.050787807,-0.38830099
2.7039313,5.8261185,1.6409647,4.699192,1.7028186,-2.4017625,-0.02393353,-0.37802354
2.720378,2.4373858,1.6581116,4.9774895,1.3653302,-1.9961065,0.33825207,0.15787274
2.841819,6.178286,1.7310193,4.9394045,1.3643765,-1.9927771,0.28173816,0.13957226
2.6754005,6.3200445,1.730319,4.942965,1.3830843,-2.0574784,0.2394768,-0.061360717
2.9235299,5.3918657,1.729625,5.0074487,1.3870132,-2.080964,0.18194127,-0.14598638
2.828793,5.965698,1.7185113,5.019086,1.3915031,-2.0469472,-0.07260817,-0.45427728
2.8571725,4.3890696,1.7037001,5.0492334,1.369082,-2.0590646,0.025393963,-0.39532164
1.8460972,3.395538,1.712369,5.0356474,1.3788218,-2.0455384,-0.033287644,-0.44885755
2.49363,5.8083525,1.7008505,5.03288,1.3902895,-2.0365033,-0.029405236,-0.46037403
2.4111986,8.553427,1.6915746,5.0018845,1.3940017,-2.0337024,-0.0056081414,-0.31956622
2.9603882,3.9024289,1.6935716,4.9572625,1.4174988,-2.093093,-0.002615273,-0.42570576
2.9718525,4.659969,1.6932063,4.9226246,1.422823,-2.0886867,-0.011887491,-0.28598994
2.9774756,5.7091312,1.718586,4.874511,1.4284742,-2.0607967,-0.051779926,-0.46649843
2.9591303,5.1893644,1.7182102,4.9008126,1.430593,-2.0815,-0.12257588,-0.49891636
1.3321495,7.8576813,1.6965561,4.883618,1.4442348,-2.0299478,-0.08920658,-0.49851826
2.3869345,2.1115584,1.64154,4.8760347,1.4500179,-2.0106807,0.02921927,-0.343713
2.1067345,2.3215704,1.6203828,4.872181,1.5277891,-2.134848,0.14367366,0.052686214
2.3006196,7.381146,1.6017132,4.9267063,1.5332832,-2.1429105,0.18055975,-0.01642263
1.8941491,7.7833147,1.6148195,4.8735247,1.5319028,-2.1293433,0.043982983,-0.45855036
2.249895,6.6297407,1.6423502,4.91716,1.4777808,-2.153543,0.07124674,-0.4368639
2.8640833,7.151718,1.6591296,4.885789,1.480655,-2.1292372,-0.017124116,-0.36023325
2.410781,4.996532,1.6600041,4.915989,1.4880371,-2.2032604,0.043637514,-0.23513985
2.967007,4.4783373,1.6998978,4.920528,1.4926748,-2.2012563,0.04651034,-0.3634889
2.942272,7.7220726,1.716042,4.9299297,1.4636285,-2.1731896,0.08189762,-0.45161954
2.8736765,6.5914264,1.6875727,4.9402494,1.4568844,-2.1431847,-0.026490033,-0.20920214
2.9117908,7.6460094,1.692903,4.906127,1.4696014,-2.162919,0.096244335,-0.30256003
2.90492,3.1783981,1.6614234,4.9113746,1.4672663,-2.1788397,0.065443635,-0.007824957
2.6525762,3.1473978,1.6446314,4.921659,1.4845159,-2.1920643,0.10255301,-0.34606484
2.9868991,3.0405161,1.6462889,4.849291,1.5117083,-2.1991358,0.004219532,-0.35435265
2.9259746,3.0876722,1.6828098,4.8867207,1.4959302,-2.194873,0.0019865036,-0.4200829
2.7451048,6.8119016,1.6737039,4.880782,1.5176334,-2.2090778,-0.0609318,-0.44945392
2.5294394,6.737586,1.6633861,4.954079,1.5179455,-2.200139,-0.030443788,-0.42063054
2.8737469,4.4098234,1.6413183,4.9190574,1.515177,-2.167488,-0.054049492,-0.37477386
2.9638474,5.99587,1.6171708,4.9051533,1.5261385,-2.1513171,-0.019070148,-0.45329878
2.9697638,5.633913,1.6215658,4.9524403,1.5311384,-2.1729937,-0.056054056,-0.4258458
2.8621945,5.8817387,1.6409812,4.924043,1.4982092,-2.0737438,-0.09536004,-0.3233949
1.845952,8.83018,1.6375289,4.9083533,1.5081587,-2.0627184,-0.13553405,-0.4310635
1.1045543,9.1243515,1.6692035,4.938099,1.5234816,-2.1231062,0.06269956,-0.41908026
2.039224,8.443968,1.700434,4.9491262,1.5155163,-2.261267,0.012428641,-0.36343408
2.8691645,7.727961,1.680022,4.9382505,1.484653,-2.2262921,0.03879261,-0.48946863
2.7246592,7.101033,1.630765,5.0960274,1.5098367,-2.1658354,-0.13404983,-0.49896458
2.2543912,3.8039174,1.5995538,5.1031537,1.5086024,-2.2372699,-0.07745111,-0.49586
2.7597232,5.7107677,1.5785315,5.147913,1.5211067,-2.2498114,-0.082822084,-0.42811325
2.642473,8.242275,1.5948067,5.1558294,1.5437024,-2.2583451,-0.08037233,-0.45315248
2.9073863,3.7604318,1.6073861,5.071786,1.5483634,-2.2534313,-0.093392015,-0.42823982
2.0654645,9.829442,1.6256211,4.9795637,1.5457237,-2.2116506,0.030684114,-0.3419379
2.5192442,3.4366903,1.6102717,4.9613295,1.5450974,-2.1904016,-0.06514442,-0.44011533
2.615514,3.7368813,1.6087968,4.908209,1.5521586,-2.2211218,-0.044440746,-0.45233488
2.6902773,6.389403,1.609338,4.9470897,1.5678537,-2.232052,-0.06752372,-0.4799233
2.7186527,6.128773,1.5766499,4.990639,1.592169,-2.2324204,-0.08853686,-0.49136055
2.479676,6.797632,1.6294775,4.901373,1.5487928,-2.2282639,0.06773162,-0.49144673
2.843692,6.9290605,1.634289,4.974766,1.5118067,-2.1954174,0.15879023,-0.40008837
2.8551145,6.178366,1.6185634,4.9044657,1.5409956,-2.1604664,-0.084934235,-0.46961823
2.7689912,5.660887,1.6197567,4.909086,1.5261858,-2.1638236,-0.0072814226,-0.41001096
2.8235269,4.6100492,1.6440492,4.8804884,1.5021417,-2.1809676,0.030541658,-0.27737615
2.8864636,4.79681,1.6819098,4.778862,1.5210302,-2.223744,0.08897197,-0.099672735
2.6721156,4.3694353,1.6957281,4.7858763,1.5222502,-2.2386541,0.12985039,-0.13552266
2.3290787,5.1944323,1.6548014,4.8246202,1.5097659,-2.1422522,0.104640245,-0.19498059
2.8056226,5.921816,1.6654754,4.788454,1.5227981,-2.1769118,0.15276194,-0.19444788
2.400036,3.390005,1.6984503,4.6792555,1.5398567,-2.2235618,0.11620808,-0.14824927
2.7089949,2.9157085,1.7122977,4.681667,1.5593088,-2.2580967,0.08601737,-0.11137843
2.6682396,2.4687796,1.7032554,4.6563478,1.5666146,-2.2436109,0.00058174133,-0.37918434
2.80507,3.2754054,1.7136436,4.6005435,1.5894897,-2.214066,-0.066260636,-0.33557636
2.6069267,3.1842167,1.7128587,4.6071444,1.5863519,-2.2300742,-0.06594372,-0.34231973
2.3880746,2.6883838,1.6997051,4.6103125,1.6042883,-2.2319088,0.009679556,-0.34477848
2.4330144,8.690161,1.7136762,4.5655885,1.6045215,-2.2220824,-0.04517287,-0.4655596
2.9241493,2.4044578,1.6905284,4.6161337,1.6195753,-2.225843,-0.10977876,-0.37269258
1.934133,7.3116574,1.6407106,4.653771,1.5986762,-2.1915405,0.029865265,-0.35458025
2.977434,4.164799,1.6401134,4.786545,1.607306,-2.2933867,-0.12233484,-0.40011412
1.7755144,6.395298,1.6068628,4.981995,1.6264899,-2.2696068,-0.1268298,-0.42861196
2.5087798,5.2108564,1.5858068,5.0474606,1.5834689,-2.234618,-0.10528022,-0.35438302
2.3987894,6.936061,1.574019,4.9523897,1.587724,-2.2028298,-0.06509513,-0.35313708
2.2376456,2.4881752,1.5543816,4.9126873,1.5940766,-2.2269092,0.0510242,-0.3576711
2.609799,4.1950884,1.6320872,4.8758736,1.5586185,-2.2149282,0.018012762,-0.12191573
2.695256,4.003456,1.6323826,4.779504,1.5555186,-2.1716745,-0.004197061,-0.4453488
2.64138,5.028185,1.6520817,4.7966285,1.5637739,-2.189737,0.0014461279,-0.49087805
1.2442054,7.3283486,1.667609,4.8268085,1.5653944,-2.2353916,0.0039902925,-0.49210382
1.5649478,7.5390406,1.677093,4.846506,1.554704,-2.221333,0.049516678,-0.4810315
2.9573953,3.7292094,1.6414719,4.838213,1.5256481,-2.0951438,-0.019716442,-0.492497
2.989468,3.639073,1.6430662,4.8951254,1.4875803,-2.1027632,-0.08187145,-0.47277647
2.9882543,5.28257,1.6437569,4.915883,1.5428908,-2.1509328,-0.044195592,-0.37797108
2.2986574,7.8028812,1.5962424,4.957922,1.5551295,-2.212169,-0.05199468,-0.4008822
2.7746325,7.7984343,1.5647395,5.1041117,1.5509157,-2.1970558,0.07261789,-0.4738268
2.756225,8.515946,1.5568371,5.1409035,1.5356078,-2.2174506,0.025524378,-0.40681732
2.4397469,7.425871,1.5656724,5.0524387,1.5340285,-2.1781056,0.0143021345,-0.45661396
2.7639647,9.579229,1.5915685,5.0340066,1.5529988,-2.1729565,-0.07556009,-0.4257676
2.4770927,2.4255905,1.5927298,5.0395517,1.5239933,-2.1839573,-0.029415786,-0.11719346
2.6120896,7.577329,1.6634374,4.9618998,1.5231175,-2.2145903,-0.0059883,-0.29057443
2.5751362,8.941137,1.6538625,4.958883,1.5149715,-2.1783788,-0.02066046,-0.4979113
2.7359884,7.7894154,1.6456325,4.866491,1.5235965,-2.11861,-0.025208175,-0.44918445
2.989267,9.612452,1.6131036,4.9259477,1.5030367,-2.150562,0.107720494,-0.39843184
2.9624748,9.590186,1.6655228,4.9377384,1.5193787,-2.1664002,-0.020241141,-0.28332984
1.9244149,3.3219333,1.6809947,4.8959417,1.4874129,-2.1789634,0.0961436,-0.48072454
1.981698,5.858039,1.6678104,4.933606,1.4614568,-2.1167374,0.0862422,-0.3388576
2.986904,3.113979,1.6788363,4.9203176,1.4557958,-2.140583,0.05858469,-0.20491049
2.4341683,9.631409,1.708514,4.907538,1.4652855,-2.0982869,0.041965604,-0.31199542
2.9059646,9.736798,1.6758764,4.920043,1.4639201,-2.1285887,-0.042036355,-0.38515055
2.817015,8.266859,1.7109578,4.884256,1.4764223,-2.1508503,-0.013178289,-0.47435334
2.4435952,7.7517247,1.7406483,4.8259706,1.474663,-2.1103215,0.087762,-0.47817418
2.7418077,3.3532047,1.7563353,4.836593,1.4048946,-2.0258148,0.0010638237,-0.49734962
2.9585772,5.448838,1.7489624,4.8199863,1.3843527,-2.0133295,0.028069735,-0.39810944
2.938855,8.211317,1.7250545,4.920409,1.3786314,-2.0284677,0.030356884,-0.34497356
2.8507109,2.2813268,1.7476304,4.911086,1.372505,-2.065818,-0.047170937,-0.39016
2.6149688,3.7826297,1.7627378,4.9273925,1.365983,-2.0856743,0.012607098,-0.32851171
2.4133258,3.5423012,1.766079,4.7519693,1.4259248,-2.0526588,0.20572782,-0.43038207
2.2306943,3.6577022,1.7648437,4.7983894,1.4233422,-2.049417,-0.012206376,-0.41231585
2.7713547,6.2657723,1.7461562,4.8559914,1.418179,-2.055916,-0.019821107,-0.3287634
2.3234675,4.442436,1.7627063,4.854148,1.4172513,-2.0553398,-0.08598763,-0.464798
2.498662,4.4465055,1.7321465,4.8387313,1.4279761,-2.0674129,-0.043087482,-0.37662777
2.5802834,4.2462482,1.7535768,4.7731485,1.4260654,-2.046196,-0.06111759,-0.41317314
2.589076,3.7060838,1.7674541,4.7352643,1.4242215,-2.0697887,0.052954197,-0.038344532
2.8375716,4.0635095,1.763422,4.723833,1.4296687,-2.1077964,0.06536603,-0.39423996
2.5529792,6.7077,1.7876582,4.7290363,1.4356678,-2.0731075,0.051086307,-0.49042538
2.9320292,5.700531,1.7666266,4.8505063,1.4272919,-2.1094766,0.015244961,-0.49000433
2.7224364,3.4690628,1.7264123,4.8658166,1.4315503,-2.1826582,-0.001414299,-0.4487693
2.6167305,3.086065,1.7566233,4.8184,1.4188812,-2.1380026,-0.07381743,-0.4831354
2.6100821,3.9604428,1.7616677,4.8609743,1.427623,-2.0897644,-0.0303936,-0.40212977
2.8441234,3.8387208,1.7635922,4.7393093,1.4686689,-2.156703,-0.044072032,-0.37099868
2.677646,3.5691538,1.7655544,4.737512,1.4669788,-2.1658292,0.02046132,-0.36197802
2.4497662,4.12276,1.7611952,4.756767,1.4527919,-2.1138852,0.038348556,-0.44595698
2.1642385,5.879484,1.7668617,4.6935253,1.464401,-2.1075928,0.070322156,-0.14066556
2.5613883,4.457595,1.8145065,4.649214,1.474514,-2.111576,-0.045434296,-0.40065372
2.7424798,5.489927,1.8117902,4.652033,1.437561,-2.0637019,-0.042859614,-0.32371432
2.9108777,5.4364123,1.8061225,4.6744514,1.4133039,-2.0622675,-0.022584021,-0.34417903
2.9398792,4.4188547,1.8024035,4.7340746,1.4107857,-2.048068,0.045111537,-0.254039
2.7747304,6.0038705,1.8239331,4.6676,1.4071023,-2.094934,0.05255711,-0.26375678
2.809778,6.908164,1.8609481,4.6168327,1.407881,-2.105984,0.047843218,-0.2711829
2.2127109,8.264519,1.8655999,4.619182,1.4210486,-2.067442,0.0056892633,-0.45856684
2.3633127,8.564927,1.8299387,4.608618,1.4481268,-2.0596318,0.10882616,-0.35189736
1.8435035,2.5075986,1.8128524,4.601988,1.4410651,-2.0434308,-0.045265675,-0.30655077
2.9400022,2.5180123,1.7827606,4.58422,1.4885492,-2.0829666,-0.06997806,-0.43924612
2.4196234,2.0275874,1.7675414,4.5841656,1.4766068,-2.0718718,-0.06755471,-0.45428678
2.9950771,6.066872,1.7246544,4.7279215,1.5197697,-2.1596928,0.11596823,-0.34993857
2.9982343,2.3065705,1.7202759,4.6739173,1.4829483,-2.1582851,0.1827159,-0.37546778
2.9988933,4.311955,1.7436197,4.709501,1.4694636,-2.1839266,0.11351049,-0.049901456
2.9981632,4.6138535,1.7777753,4.717719,1.4866946,-2.1864467,0.11360872,-0.44271976
2.990653,2.7678819,1.7670724,4.5538077,1.511601,-2.1839519,0.1137346,-0.38846517
2.8584101,4.9951205,1.7936168,4.524417,1.5116813,-2.1988423,0.08535528,-0.24720007
2.628226,5.668764,1.8168111,4.5818095,1.5032854,-2.1710396,0.024108768,-0.3582258
2.975117,4.3563633,1.7497773,4.7123804,1.4640253,-2.081006,0.0067065954,-0.34900588
2.962159,5.4046745,1.7764709,4.6949325,1.4646463,-2.1385772,0.04615295,-0.45693868
2.4146428,2.591138,1.7709677,4.693338,1.4659517,-2.1414645,0.071235895,-0.37409967
2.144134,3.8088338,1.754118,4.7029195,1.4826064,-2.1080623,-0.034291685,-0.3076899
2.98731,5.3329196,1.7426252,4.7056713,1.4877543,-2.1645093,0.022452354,-0.32281035
2.9696703,6.1429863,1.7117834,4.7975144,1.4883316,-2.1527228,-0.0792954,-0.47823033
2.9867198,6.0428014,1.7030964,4.7853813,1.4776273,-2.1148555,0.018202662,-0.31546867
2.708921,5.114725,1.6947854,4.825737,1.4616141,-2.1259582,0.032472014,-0.27774963
2.624433,2.621562,1.7095504,4.819143,1.4552345,-2.10467,0.01124239,-0.21612364
2.5399542,8.394846,1.7120614,4.84976,1.4534235,-2.058846,0.038344383,-0.21286863
2.649575,9.024897,1.6939373,4.833374,1.4568574,-2.0349844,-0.06032765,-0.48436713
2.7272112,2.3002183,1.6937895,4.83778,1.4242592,-2.023502,-0.05041361,-0.09730503
2.2021012,9.573759,1.7147899,4.83171,1.40453,-2.0156932,0.046013474,-0.2449353
2.759152,2.6723166,1.7043915,4.758369,1.4470277,-2.0508006,-0.039734364,-0.2684378
2.5286295,2.4286425,1.7361975,4.7479334,1.476475,-2.1617496,0.076598525,-0.46046484
2.9815092,6.9632916,1.7162168,4.8184586,1.4740686,-2.1661553,0.09206331,-0.045565218
1.5940348,4.78133,1.7144682,4.858938,1.499295,-2.1811678,-0.023931146,-0.39650163
2.6885457,5.625165,1.680767,4.9848075,1.4536943,-2.1870074,-0.10644722,-0.45907053
2.7028866,5.9731483,1.6883554,4.940441,1.4990983,-2.1845431,-0.08268249,-0.4629769
2.9185605,4.3552365,1.6905298,4.797118,1.5097578,-2.2042222,0.08312881,-0.3811372
2.9836392,3.7359357,1.6803188,4.7747126,1.5090652,-2.1840286,0.054872632,-0.36750394
2.9829092,5.384179,1.7257128,4.7948985,1.4826016,-2.1837335,0.04837978,-0.37737167
2.7092736,5.0638523,1.7381785,4.760118,1.4924543,-2.198051,-0.033568084,-0.23810405
2.6143608,6.178735,1.7620142,4.7599564,1.5071256,-2.2498178,-0.0043237805,-0.34581673
2.4635417,4.8317327,1.7097244,4.7390137,1.5252895,-2.1609788,-0.09056729,-0.41351694
2.7841735,3.392771,1.7278323,4.6439257,1.5207424,-2.208109,0.033866286,-0.44768476
2.6062655,7.9942756,1.7710023,4.7014713,1.5072727,-2.2051587,0.02327931,-0.46377414
2.8437028,6.0777693,1.7628651,4.706415,1.5186656,-2.182475,-0.07472563,-0.3868159
2.616399,5.9191127,1.7275662,4.7374806,1.5258155,-2.198773,0.04080832,-0.4359691
2.571958,7.129994,1.7204461,4.771947,1.4887631,-2.1871557,0.021245718,-0.48222512
2.5378635,3.5571265,1.7351456,4.7502074,1.4880664,-2.143659,0.02066946,-0.47668514
2.6720893,5.9493303,1.7752345,4.69394,1.487572,-2.2037256,-0.024679124,-0.47528902
2.8143446,5.8785734,1.7529583,4.723362,1.4716437,-2.1305017,0.051757336,-0.04147485
2.258515,5.795846,1.7551177,4.7730246,1.4501541,-2.079153,0.20218682,-0.226874
2.9616523,9.583546,1.7128413,4.8799906,1.4641857,-2.1396577,0.111726046,-0.20581815
2.9576237,4.933345,1.673991,4.891743,1.4688313,-2.147802,-0.06394464,-0.47819427
2.2624807,5.015071,1.6952081,4.8675575,1.496233,-2.160646,-0.036751688,-0.49932185
2.6222692,7.0896416,1.6863163,4.8979335,1.4702811,-2.1073291,-0.016042471,-0.49949753
2.8097908,4.1197796,1.7160065,4.890424,1.4591396,-2.123372,-0.05016893,-0.2573263
2.5003655,5.296719,1.7193985,4.9320955,1.4451332,-2.114575,-0.07337797,-0.3065578
2.5121386,6.844886,1.7200978,4.8461494,1.4747956,-2.113626,-0.0095514655,-0.48096165
2.3545883,3.433518,1.7022886,4.8193808,1.4728422,-2.0814085,-0.07309139,-0.45610636
2.578093,2.6367652,1.6908364,4.8389807,1.4795256,-2.1306267,-0.12646472,-0.4757733
2.7350001,7.3472013,1.7106483,4.850437,1.4761782,-2.1226714,-0.09871763,-0.38234547
2.4845214,7.3772836,1.7059281,4.883407,1.4758198,-2.1085324,-0.08394611,-0.47320712
2.8403003,6.2145104,1.7174749,4.9099627,1.4711268,-2.1457877,-0.098155856,-0.48229143
2.4473946,5.12333,1.6818697,4.8718386,1.4703283,-2.0995615,-0.08659375,-0.4893819
2.639599,7.6092086,1.6858928,4.9360037,1.4691422,-2.1012485,0.07508719,-0.21982032
2.8749278,4.362325,1.6312401,4.991586,1.4780483,-2.1175082,-0.011967182,-0.39089328
2.8068972,6.269221,1.6404059,4.9925165,1.476028,-2.11512,-0.051761806,-0.40241218
2.5528502,5.158662,1.6256821,4.9988565,1.4984598,-2.1289806,-0.049720764,-0.44167432
2.9726782,4.1841087,1.6481526,4.9027433,1.4714174,-2.1357296,0.12550485,-0.3534537
1.7636211,3.2539816,1.6514461,4.9758644,1.4702144,-2.1354547,0.026059508,-0.2358529
2.9955108,6.086148,1.6440077,5.0498776,1.4427154,-2.1192942,0.024677753,-0.43737698
1.7176416,2.879051,1.626406,5.0588117,1.4557483,-2.1175237,0.037068963,-0.3679209
1.8947511,5.454606,1.7027819,4.964173,1.4664006,-2.1384945,0.04289794,-0.47511056
2.947516,9.746195,1.676553,4.98969,1.4837584,-2.1532612,0.035406113,-0.24440861
2.9666712,3.5498004,1.6444261,5.028659,1.4847229,-2.2531612,0.10788977,-0.28909722
2.839614,8.139709,1.6406751,5.04576,1.484453,-2.1950934,0.08282232,-0.46111637
2.8280427,5.4463787,1.6270156,5.0204363,1.4856291,-2.1405025,0.007665038,-0.12464979
2.9932637,5.7181797,1.6182876,5.040799,1.4880774,-2.1921387,0.05390215,-0.33813918
2.9998806,5.587571,1.6243191,4.9578977,1.4935808,-2.1631968,0.044781208,-0.45739248
2.6074278,3.0516405,1.9512887,5.7186956,0.7813232,-1.4513745,0.004332423,-0.31602445
1.9782927,3.0308287,1.9664009,5.6884313,0.7749915,-1.4284905,-0.032279253,-0.49693912
2.821921,6.0192137,1.958477,5.675915,0.7701788,-1.4000883,-0.032820046,-0.21618494
2.5593321,8.9495535,1.937422,5.685427,0.77263856,-1.4045486,0.13040006,-0.22577304
2.08631,6.4480877,1.8877151,5.70778,0.7669847,-1.3971984,-0.002848804,-0.38317955
2.8255405,3.873291,1.9202077,5.7854414,0.7340574,-1.3619134,-0.010320663,-0.43981564
2.6809819,2.1612837,1.8674147,5.8487597,0.72532153,-1.390661,0.14333367,-0.45237777
2.6790383,2.9936957,1.8639677,5.8766775,0.7430141,-1.4287293,-0.036123455,-0.4453175
2.8262284,5.197629,1.822664,5.8910913,0.75779223,-1.4488702,0.008979559,-0.44551525
2.9432914,2.0193603,1.8021638,6.0001645,0.74728346,-1.4870844,0.08298063,-0.41184103
2.2407155,4.1446476,1.8138623,5.921727,0.78180814,-1.4445002,0.13462532,-0.20544243
1.9345111,6.285087,1.8330147,5.874527,0.7620063,-1.4220333,0.19274199,-0.32694033
2.5062811,7.774689,1.8420138,5.8950806,0.7660258,-1.4108795,0.29389536,-0.2854475
2.185933,2.6152596,1.7985675,5.930444,0.75227356,-1.4108223,0.29310524,0.24380004
2.2503254,5.025095,1.7872834,5.990163,0.7525282,-1.4238541,0.27094615,0.14055026
2.8373885,8.747289,1.8001463,5.930135,0.76086617,-1.4386837,0.28111815,0.08680534
2.911802,3.1502404,1.8024249,5.9336915,0.75399303,-1.4635181,0.13879061,-0.2807392
2.809508,2.7080436,1.8014512,5.9720507,0.7650211,-1.4577882,-0.014257312,-0.19467127
2.8585424,4.4799156,1.7993133,6.011036,0.7840781,-1.5158448,-0.07342601,-0.43413222
2.5589588,3.6628542,1.8304951,5.9188595,0.7785058,-1.4395856,0.081593156,-0.44950628
2.8397703,4.6804056,1.815422,6.020939,0.7554703,-1.4686573,0.0019248724,-0.47636408
2.8268695,3.415752,1.7963617,5.953165,0.76113486,-1.5170121,-0.0630483,-0.48989058
2.1506171,4.6691713,1.7741649,6.1403146,0.7349467,-1.5227113,0.0072932243,-0.46249023
1.9895481,3.658639,1.8033037,6.170248,0.7127731,-1.4549232,0.021135807,-0.37225527
2.662644,2.2272499,1.7746634,6.0607576,0.7122934,-1.3725379,0.03599906,-0.20787871
2.478943,8.639296,1.783742,6.113799,0.69672894,-1.3704975,-0.008733809,-0.10792661
2.538696,2.666848,1.7845283,6.1294966,0.6994164,-1.3587538,-0.011865497,-0.3557502
2.3737624,9.314633,1.8162789,6.0619583,0.66226125,-1.288518,0.059390545,-0.32056642
2.386427,2.8199015,1.8116081,6.099183,0.6650605,-1.325464,0.07869601,-0.3801509
2.3134987,6.8933325,1.8200486,6.0709267,0.66902447,-1.2849302,0.026569366,-0.40756768
2.6929278,9.513056,1.8508911,6.1078806,0.64938116,-1.3641188,-0.0021585226,-0.39516217
1.5179739,7.125424,1.8360157,6.079934,0.6600425,-1.2908499,0.10462642,-0.4859094
2.7350209,8.109905,1.7867341,6.112466,0.66535735,-1.2765162,0.1508807,-0.33952016
2.4142628,2.7627769,1.7912984,6.2888823,0.6369059,-1.2928102,-0.014568806,-0.42445755
2.998851,5.4686394,1.7223294,6.250229,0.6352186,-1.2351747,-0.17459738,-0.47254965
2.99563,4.3381195,1.7091968,6.2447076,0.64175797,-1.305979,-0.015739262,-0.4455838
2.9345593,5.687154,1.7111652,6.274305,0.6638963,-1.3237448,0.023992658,-0.4591557
2.846256,7.116483,1.7028394,6.2477255,0.66215444,-1.2797828,-0.08932769,-0.39684105
2.2863455,5.531418,1.6700287,6.286376,0.66520095,-1.272275,-0.111012936,-0.36150572
1.5186951,3.2593436,1.646723,6.3298993,0.6642394,-1.2769759,-0.11117762,-0.43611842
2.2222114,5.8079634,1.6979778,6.3274837,0.618155,-1.2636845,-0.052137494,-0.3710053
2.2723236,4.396837,1.7592173,6.258104,0.63425803,-1.2586486,-0.036032736,-0.4445298
2.7055929,4.2608795,1.7895699,6.2683825,0.63157177,-1.3216786,0.07821524,-0.32693714
2.9689214,4.1811447,1.6878233,6.249883,0.644593,-1.3187295,0.069404125,-0.18759051
2.9260907,3.994597,1.7035928,6.314505,0.6235373,-1.2861059,0.064665675,-0.15945396
2.8640313,3.9115343,1.6089771,6.3306236,0.64621973,-1.2533834,-0.03153771,-0.29343873
2.8583527,5.282483,1.6354749,6.305868,0.6363797,-1.2601408,-0.07376987,-0.34618807
2.9029217,2.6035748,1.6005273,6.313688,0.6285238,-1.244648,-0.0054466724,-0.16980311
2.1222458,7.7692842,1.609405,6.382161,0.64524436,-1.284187,0.016871333,-0.009632558
1.6749454,7.964196,1.6309156,6.4626045,0.64766407,-1.28384,0.02510631,-0.39005515
1.4605527,2.5101037,1.6377466,6.4321823,0.650604,-1.3217657,-0.010561526,-0.3333808
2.9730551,8.703405,1.5781231,6.518523,0.64566445,-1.3041848,0.05487144,-0.31463692
1.3320949,8.537808,1.5851367,6.528111,0.6258149,-1.2396659,0.10783684,-0.1991471
2.286426,3.050393,1.608614,6.493657,0.60770345,-1.2744005,0.01800394,-0.44682112
2.6364124,5.3204746,1.663039,6.480277,0.6265087,-1.3279662,-0.077810645,-0.48090327
2.0506558,3.2632847,1.6576455,6.4570765,0.59544826,-1.2315655,-0.031929493,-0.41850412
2.6295109,9.107517,1.6288536,6.449703,0.589514,-1.173959,-0.03896427,-0.33896056
1.9065411,9.308826,1.6306729,6.4374123,0.60019517,-1.1856005,-0.051478148,-0.4409788
1.8237169,6.725442,1.5830958,6.3578863,0.63380027,-1.2136965,-0.050403535,-0.3898248
1.6122448,8.273404,1.5739255,6.4705424,0.6283593,-1.2037051,0.034418106,-0.37431756
1.7891554,9.104297,1.5982974,6.5078144,0.6237509,-1.2235954,-0.15751857,-0.3518437
2.1021955,7.250318,1.5606403,6.5371056,0.62106395,-1.1866603,-0.15511858,-0.4786608
2.2341394,7.9755654,1.5316329,6.626942,0.6047852,-1.2376659,-0.15682381,-0.49311176
2.918758,9.204573,1.5385766,6.6284523,0.60407376,-1.2010674,-0.115389645,-0.31014535
2.5910554,5.048461,1.51929,6.583746,0.5995281,-1.1569526,-0.16947973,-0.41817164
2.688148,8.578267,1.515384,6.5415053,0.59250593,-1.2397299,-0.04651904,-0.36717978
2.7653058,9.811432,1.5243177,6.521207,0.6556237,-1.2462742,-0.0023507476,-0.13603815
2.8129668,2.803759,1.5065775,6.5284276,0.6037266,-1.2537079,0.05301225,-0.07399577
2.3780994,6.352653,1.5551488,6.427763,0.6531577,-1.2223296,0.043388486,0.15667927
2.5221057,9.305191,1.6158378,6.3908567,0.63899875,-1.2506572,-0.039518714,-0.13861638
2.8404245,3.5927827,1.6004896,6.397632,0.64558387,-1.2981358,-0.033023536,-0.40848255
2.4861066,7.923436,1.6180983,6.421544,0.6734512,-1.3052602,-0.05399251,-0.47210455
2.0553367,9.008014,1.6110048,6.4469504,0.70131135,-1.4029338,-0.087980926,-0.4061908
2.5415626,3.4104548,1.594758,6.439508,0.697696,-1.3633804,-0.005005002,-0.42662242
2.5406291,4.5693507,1.5989323,6.414936,0.71506023,-1.4272904,0.018711448,-0.11179978
2.176849,9.768377,1.6725464,6.214699,0.736743,-1.4465499,0.19046342,-0.059427977
1.7657655,4.0889273,1.6480346,6.227334,0.7473757,-1.4825749,0.2067256,-0.3913095
2.1790388,4.9896584,1.6614406,6.3093524,0.75175524,-1.4295304,-0.037505507,-0.2909399
1.6251427,5.704032,1.6074183,6.33636,0.7517581,-1.4503663,-0.040789127,-0.4803618
2.4384036,7.591374,1.6479187,6.2647467,0.7253001,-1.4175818,-0.0046545863,-0.4570709
2.2414412,5.8638377,1.653233,6.1782794,0.7466545,-1.3959529,-0.008623779,-0.30812752
2.1120238,4.03783,1.6992269,6.087373,0.7467594,-1.4014647,-0.012912035,-0.37244618
2.7548401,4.8657565,1.6743999,6.1865363,0.7544389,-1.450104,0.06441069,-0.4078421
1.908593,2.9110808,1.6694429,6.143342,0.74938107,-1.330497,0.12212479,0.08493948
2.9030588,8.749074,1.6606069,6.1151814,0.7297554,-1.3079851,0.117322445,-0.020234883
2.5205166,7.8975534,1.649292,6.0761156,0.72684574,-1.3622396,0.044377565,-0.2861765
2.6793976,4.789966,1.5756197,6.269861,0.7484813,-1.3872325,-0.05524504,-0.38739228
2.8501995,6.69933,1.5804336,6.2789984,0.7563255,-1.4006728,-0.03981954,-0.33830577
2.8512764,8.931565,1.5322993,6.2636414,0.7724097,-1.4017534,0.26020336,-0.123364836
2.4961622,9.931768,1.5556955,6.259042,0.7716639,-1.4610691,0.062518954,-0.18381819
2.513692,9.994238,1.6428962,6.248891,0.77193904,-1.5368743,0.10555494,-0.048951983
2.4703546,9.915502,1.5904334,6.1507397,0.79745007,-1.4430327,0.072871804,-0.4176953
1.4045572,4.272905,1.6212544,6.2362347,0.8207576,-1.4770923,0.07417381,-0.27116656
1.3374395,6.01097,1.5941188,6.1768246,0.81584215,-1.4941761,0.14264321,-0.34880614
1.657882,2.6526337,1.5854344,6.23666,0.8318088,-1.4435809,-0.08009702,-0.32818592
2.4195213,5.610277,1.6242633,6.248558,0.78349924,-1.4826558,0.0077006817,-0.35499042
2.251936,3.2719584,1.5565178,6.238038,0.79823947,-1.476301,-0.018872261,-0.25335696
2.4064727,4.4321365,1.6301558,6.1614285,0.7960415,-1.4479115,-0.009930074,-0.31082687
2.5991638,5.898986,1.6549709,6.143855,0.7905464,-1.4498296,0.04563093,-0.28430262
2.672372,5.901656,1.6408305,6.1630025,0.80668783,-1.5131862,0.041755438,-0.33140615
2.7921875,8.3615,1.6550431,6.135024,0.7980914,-1.5042411,0.04695487,-0.17074838
1.5571772,9.626723,1.7003243,6.093951,0.80530596,-1.5102446,0.13371062,-0.35692728
2.3036058,3.2973845,1.6894984,6.0648336,0.7848971,-1.4836707,0.075218916,-0.25438094
2.3576787,7.075455,1.7198613,6.002663,0.8198445,-1.5212871,0.07909012,-0.21165112
2.8662784,6.834295,1.6995258,5.969576,0.8345728,-1.5203785,0.15342176,-0.2901561
2.091997,6.089418,1.73597,5.933566,0.8308079,-1.4918389,0.07112694,-0.11397803
2.2474341,4.6722326,1.7231522,5.9146414,0.83375096,-1.467911,-0.0025066137,-0.36566964
2.3482835,6.0437436,1.7163348,5.994745,0.81212306,-1.4769219,-0.03666717,-0.39770967
2.5406091,2.0649297,1.7170196,6.0796156,0.8412187,-1.5042408,-0.043492615,-0.35876143
1.8440353,9.739134,1.6751604,6.063985,0.7956741,-1.440727,0.11864889,-0.341417
2.3167868,5.288064,1.7138515,6.022835,0.80570316,-1.4460168,-0.013607681,-0.33540845
2.9548924,5.5231724,1.7361126,5.845048,0.83852434,-1.4651585,0.072681665,-0.30586857
2.8580716,3.3778815,1.7433286,5.7813735,0.85440254,-1.5007542,-0.063810706,-0.1609351
2.5912998,6.2482963,1.7925582,5.7623153,0.86894846,-1.5169181,-0.05729282,-0.3003406
2.686679,5.7777042,1.806438,5.77124,0.8570206,-1.5156502,-0.08384085,-0.48933
1.9020365,6.6925697,1.7791164,5.849679,0.8886974,-1.5614722,-0.035830736,-0.4642396
2.9937878,6.0143156,1.7522373,5.8604717,0.8596246,-1.5913618,0.08627665,-0.39473942
2.9139757,9.088019,1.7728791,5.7442303,0.8801737,-1.5680814,0.13012648,-0.26980972
2.7880216,8.996105,1.8432357,5.6333094,0.90646744,-1.5505534,0.10880208,-0.46168935
2.687467,2.5422716,1.8685322,5.6441755,0.8853152,-1.5949521,0.05271101,-0.21257237
2.267558,3.6232867,1.8398945,5.6489806,0.91064715,-1.6170368,0.064976215,-0.39935866
2.2893727,2.7757726,1.8232865,5.695735,0.91516924,-1.6488398,0.13398027,-0.11767605
2.7585163,3.3305762,1.8409576,5.5855765,0.89839125,-1.5560282,0.13943672,-0.21542409
1.6917388,8.543397,1.836206,5.6381006,0.88701916,-1.5338907,0.10527384,-0.3837117
1.5635173,8.447256,1.8338137,5.686329,0.90478826,-1.532735,0.019275904,-0.43118554
2.1147285,5.2414494,1.8743646,5.638852,0.8899014,-1.5282087,-0.03973347,-0.35269237
2.9590528,6.0980754,1.8924494,5.595372,0.857805,-1.5130485,0.11038995,-0.1899988
2.202296,9.786343,1.9035361,5.5850334,0.8471718,-1.4758562,0.06341648,-0.18868211
2.16729,2.4028072,1.9483228,5.5073414,0.86368704,-1.5269071,0.15423667,-0.28533277
2.8545132,3.7924685,1.9476316,5.4208155,0.8926525,-1.5902228,0.13439357,-0.38580006
2.8420417,4.7759695,1.9429893,5.4326468,0.8933215,-1.5982531,0.100529194,-0.12500876
2.8535414,6.432981,1.9658144,5.440715,0.90404487,-1.6384941,0.14203358,-0.47591084
2.8523157,8.871701,1.9427803,5.4584765,0.89882135,-1.5488775,0.077039,-0.3441741
2.6835806,7.352919,1.9168668,5.4721603,0.9053469,-1.5712013,0.05003369,-0.42244643
2.7801278,8.413946,1.9347088,5.3951426,0.8995464,-1.5234417,0.058258295,-0.4767608
2.4861135,7.699091,1.9245543,5.4723773,0.89363337,-1.5437374,0.05169046,-0.4889619
2.3859344,8.243965,1.8666055,5.6627045,0.90563464,-1.5594976,0.025411725,-0.4858634
2.8261228,3.5986247,1.8140941,5.6802006,0.88226366,-1.551503,0.015291214,-0.34355053
2.635126,9.239357,1.8330586,5.653802,0.9018698,-1.554698,0.071395636,-0.26109147
2.7050297,7.1843176,1.781729,5.70477,0.8997371,-1.5386891,0.06732416,-0.45113975
2.7377875,5.8354383,1.8272591,5.742923,0.90249586,-1.6048067,0.024232507,-0.43726996
2.880502,3.4082541,1.7762568,5.7385664,0.8949964,-1.598392,-0.00702703,-0.34522137
2.9619358,6.288991,1.760639,5.732606,0.9051521,-1.5855615,0.047950864,-0.25689024
2.7726054,4.75818,1.7665632,5.737458,0.9105935,-1.5645711,-0.033575416,-0.3736707
2.8428752,5.5077577,1.785358,5.7771053,0.8840358,-1.5789816,0.0899564,-0.38953984
2.3218718,5.9654713,1.7705641,5.858521,0.88027763,-1.5709428,0.03958738,-0.34110484
2.8218968,6.303178,1.7648029,5.8459034,0.8647058,-1.5743904,0.107180476,-0.4399816
2.6190395,8.135614,1.7333083,5.8873243,0.8625705,-1.4769864,-0.027246475,-0.38277602
2.8410938,6.445497,1.7422388,5.864424,0.87712765,-1.5524862,-0.028886318,-0.42689517
2.2399254,8.703174,1.7217054,5.875552,0.8862972,-1.5636152,0.03397405,-0.27862364
2.9871292,6.6506586,1.7580464,5.735564,0.8845506,-1.5860704,-0.005214274,-0.3927372
2.9695573,2.5386612,1.7545617,5.7787447,0.8955138,-1.5781742,0.04549563,-0.39818895
2.7217584,2.5238924,1.7385688,5.72604,0.90650964,-1.5148678,0.02037859,-0.40676355
2.7313366,4.1783905,1.7653341,5.7882705,0.8919499,-1.5909014,0.030920506,-0.35629857
2.9063663,3.3350391,1.7703824,5.7882977,0.8750124,-1.5349241,-0.058517814,-0.35317478
2.7329214,2.7258463,1.7307093,5.8338385,0.8812871,-1.569584,-0.055303335,-0.41048762
2.497453,8.261846,1.7353318,5.899849,0.89490604,-1.6213686,-0.031953394,-0.4018551
2.3910594,8.3639965,1.7484326,5.8345833,0.9259348,-1.6123711,0.00066912174,-0.42280713
2.9076989,3.143312,1.8155403,5.745113,0.8865621,-1.5874476,0.06147921,-0.49014002
2.6234078,9.1911,1.8127365,5.7173223,0.8679354,-1.557806,0.112514734,-0.29532272
2.414844,2.704093,1.8094916,5.758137,0.87210035,-1.5479984,0.0817945,-0.08179024
2.426788,3.8699088,1.8126607,5.7855005,0.8761151,-1.5763887,0.05789554,-0.17628789
2.953515,3.6160874,1.7839618,5.745514,0.87318707,-1.5846441,0.035408378,-0.17588863
2.9371288,8.113565,1.7740991,5.764872,0.89123607,-1.5872264,-0.0075859427,-0.36433536
2.8547902,6.6251483,1.7572217,5.7662697,0.9257829,-1.5928783,-0.0060358644,-0.39624935
2.9447365,3.6537209,1.7485478,5.756117,0.91122437,-1.6012288,0.02082324,-0.41560087
2.696432,3.6257508,1.7315125,5.797413,0.8713832,-1.5428433,0.021613955,-0.21834466
2.1778913,3.4840355,1.7485664,5.838442,0.8933723,-1.5502772,-0.0634011,-0.4296292
2.537714,2.9976113,1.7268257,5.801838,0.90831184,-1.5554943,-0.091633916,-0.4282642
2.5294003,2.343126,1.7169082,5.771423,0.9232471,-1.5564811,0.18740463,-0.25068402
2.6778517,2.717151,1.7303596,5.7052064,0.91254807,-1.5815476,0.261124,-0.14469281
2.4586663,2.7309515,1.7341604,5.738089,0.9283483,-1.5594884,-0.111466825,-0.484715
2.4770815,8.512157,1.7439787,5.8042717,0.88603973,-1.5576268,0.050795317,-0.48561507
2.4450047,5.1004815,1.758379,5.760807,0.8792808,-1.4851141,-0.022023082,-0.4917878
2.924857,5.137948,1.759347,5.8169823,0.875304,-1.5358956,-0.037479937,-0.20922756
2.993261,3.8763351,1.7337408,5.72013,0.91383266,-1.5906429,-0.048811138,-0.46690232
2.707963,5.848956,1.7371712,5.8972454,0.9135337,-1.6251637,-0.10084635,-0.42003512
2.5104876,7.1274724,1.7131648,5.7836905,0.91765165,-1.5473458,0.03928995,-0.47318465
2.8657346,3.1386962,1.6927764,5.7136273,0.9206767,-1.5620806,0.007060647,-0.0892078
2.8814301,5.555608,1.711283,5.7884126,0.9382689,-1.5597817,0.099541664,-0.1901415
2.8297732,8.759441,1.7145677,5.763998,0.9529643,-1.6708269,0.18013108,-0.105072886
2.874607,9.21744,1.7286596,5.637969,0.9945564,-1.6031839,0.1340692,-0.4467402
1.3834454,3.7662191,1.7197466,5.6534405,0.99195886,-1.622553,0.14259815,0.22205395
2.9156978,4.043527,1.7452064,5.6172767,0.9435277,-1.6087365,0.24689138,-0.20304629
2.9683206,9.770016,1.7615457,5.706161,0.9462731,-1.600652,-0.0023958087,-0.18458247
2.9882095,2.345648,1.8031979,5.6688757,0.9157579,-1.5713681,-0.061837494,-0.49787623
2.1044073,6.69927,1.8066666,5.6460505,0.92833185,-1.5572232,-0.039151847,-0.48603886
2.4605522,5.0236435,1.8241315,5.638095,0.93765783,-1.5252116,-0.013444662,-0.49033633
2.7817159,9.620696,1.8250248,5.6248198,0.96486855,-1.6389575,-0.0036216378,-0.44570458
2.9635725,9.429175,1.7770343,5.5421696,0.97344255,-1.5922745,-0.08032811,-0.21440554
2.9821765,2.3474388,1.7454402,5.559816,0.98275614,-1.5521026,-0.087919,-0.4836071
2.9669201,2.9550934,1.7984414,5.528125,0.9764366,-1.5578481,-0.094747245,-0.4903279
2.8038359,5.333994,1.7789598,5.5502777,0.9774494,-1.5809757,-0.15188694,-0.47754717
2.4792104,3.0606263,1.7943945,5.585902,0.9588592,-1.5716108,-0.09313834,-0.4457643
2.194948,6.1629066,1.7946725,5.584647,0.96360683,-1.5790927,-0.019919813,-0.4802126
2.6656785,6.3320904,1.803067,5.5467577,0.95534754,-1.6179049,0.07614255,-0.40154588
2.7357514,5.02106,1.7891586,5.5911884,0.97341084,-1.6472023,0.026575565,-0.49353436
2.7404096,5.966652,1.7972431,5.5591965,0.95255995,-1.6478068,0.044348,-0.35066003
2.524208,7.0394173,1.8004048,5.615546,0.9563997,-1.6384583,0.06905782,-0.24808079
2.1227198,5.8937664,1.8033922,5.6583176,0.94269156,-1.6388193,0.02042222,-0.34696573
2.8782325,6.2279873,1.8378339,5.530314,0.9067807,-1.5748832,0.39269292,-0.027069688
2.724302,7.8848968,1.8576465,5.562312,0.92051697,-1.5732327,0.30385494,-0.04122889
2.6665034,4.2204685,1.8260596,5.5175385,0.9199803,-1.5592356,0.37476623,0.27146375
2.5584044,3.1566625,1.8095989,5.5032873,0.9258208,-1.548384,0.35029638,0.14333409
2.955854,3.1740608,1.7907877,5.528515,0.92064476,-1.5468532,0.21087778,0.041884303
2.9941876,2.470364,1.784374,5.5823336,0.90629697,-1.5629573,0.13239205,0.023416758
2.9985442,2.134119,1.817972,5.62385,0.90959334,-1.602923,0.22570133,-0.21624494
2.9870896,2.1777756,1.8172526,5.6337204,0.8766496,-1.5609947,-0.017148972,-0.20762014
0.90542257,2.52065,1.8288169,5.707037,0.89175797,-1.5487438,0.22838008,-0.4641642
1.5615795,4.351081,1.801846,5.7555943,0.8932748,-1.557792,-0.001090765,-0.48889488
2.659308,5.738582,1.8165259,5.750494,0.8602028,-1.5247033,-0.05269277,-0.13548547
2.7711012,3.5851202,1.8489628,5.6412163,0.85259247,-1.4102908,-0.11047202,-0.39642912
2.5593233,3.3060613,1.8363929,5.6749744,0.8781748,-1.4615936,-0.105291486,-0.36561775
2.7815108,2.637214,1.8200395,5.716984,0.8518698,-1.4757576,0.014683366,-0.47306108
2.264192,2.2679126,1.865922,5.7280006,0.8508699,-1.4880357,0.05325067,-0.4784737
1.6271825,2.1786618,1.8685141,5.8354726,0.81422067,-1.5113957,0.07811797,-0.44264928
2.8468761,2.7386303,1.859436,5.8411913,0.7883754,-1.5092573,0.065211415,-0.023600578
1.7638886,2.4232702,1.8149681,5.8809175,0.7911484,-1.4818332,0.05660999,-0.48599467
2.2567825,9.105501,1.806076,5.9406357,0.8194659,-1.5074697,-0.06598222,-0.36861682
2.8877585,8.880753,1.8080294,5.921565,0.8053026,-1.4858496,-0.0831036,-0.35671973
2.8400135,4.859956,1.8397701,5.7383986,0.8201628,-1.4758801,0.31546807,-0.20755166
2.4885473,4.2642236,1.8094916,5.7708,0.8146293,-1.4009464,0.12907529,-0.0007555187
2.9806068,8.172375,1.7887259,5.8202705,0.78168654,-1.3983917,0.21011567,0.0028256178
2.53785,5.609818,1.7588499,5.8690996,0.7962487,-1.4168477,0.045304894,-0.21613729
2.751198,4.1345425,1.7423887,5.919489,0.8104584,-1.4593499,0.003430605,-0.21319109
2.385477,2.842007,1.738157,5.945953,0.81573534,-1.4715772,-0.078669906,-0.43072027
2.7371845,2.377063,1.6761451,6.066057,0.82598996,-1.4806992,-0.04811853,-0.4547437
1.7071584,2.1465824,1.7069459,6.1538363,0.7865727,-1.4993052,0.027748823,-0.18269464
2.8966804,2.1936903,1.6665239,6.1422234,0.7879307,-1.4769362,0.04345262,-0.21959835
2.937395,4.83401,1.6457028,6.218452,0.7526617,-1.437722,-0.009902835,-0.3159805
2.927511,4.293337,1.5889354,6.2080355,0.7664478,-1.4270649,-0.032482147,-0.34852427
1.986342,4.883314,1.6116011,6.272669,0.7540829,-1.3781366,0.04823792,-0.36268732
1.8688529,9.928589,1.6182499,6.3153806,0.7553582,-1.3974012,-0.03691423,-0.45867875
2.9304466,9.490691,1.5387957,6.4011354,0.7658181,-1.3753102,-0.077803254,-0.47901672
2.9234943,2.719224,1.5348704,6.379377,0.7740967,-1.447067,-0.0799256,-0.48750925
2.9346983,9.477657,1.5563314,6.4053535,0.7511251,-1.4530082,-0.050645113,-0.49811295
2.5640903,8.466103,1.5471435,6.4999566,0.71362257,-1.388158,0.013912082,-0.4497432
2.1150036,3.1819742,1.503396,6.502201,0.71434355,-1.3647232,0.17230582,0.010753036
2.9104738,8.901072,1.5490179,6.3749638,0.72051215,-1.3566349,-0.050090313,-0.101742744
2.9011269,9.240106,1.5707924,6.4742146,0.6605599,-1.3174492,0.1031127,-0.03481978
2.2175922,8.799513,1.5690727,6.469778,0.63313556,-1.2671039,0.12349868,-0.23228908
2.3554196,9.25489,1.5796537,6.431743,0.6459141,-1.2717545,0.17242861,-0.24817982
2.4982955,7.0276423,1.5820847,6.364712,0.6611798,-1.3021992,0.22922087,0.14467585
2.2662735,5.974559,1.5606775,6.359541,0.68590355,-1.323059,0.25180006,0.09659827
2.5306716,7.846073,1.5210438,6.3480163,0.6801169,-1.2608602,0.24578118,0.16212952
2.7839658,3.1707036,1.6246533,6.2314434,0.70884347,-1.330183,0.10118127,-0.4474772
1.6791115,4.0013266,1.695888,6.245721,0.6855202,-1.3284409,-0.03948629,-0.39638662
1.6786983,7.980178,1.70997,6.241533,0.72906756,-1.3740165,0.009549022,-0.38996655
1.7382851,4.7774096,1.7151313,6.2055297,0.70137286,-1.3439116,-0.032144606,-0.45783406
2.1713104,8.137771,1.699086,6.199444,0.7073791,-1.3220276,-0.014734447,-0.3483665
2.514823,7.1092143,1.6480942,6.250417,0.7059896,-1.3283963,-0.04787475,-0.358559
2.82654,9.937849,1.6927929,6.2147818,0.6903796,-1.3030915,-0.06053847,-0.450441
1.9541727,9.89905,1.7206666,6.2133985,0.7045195,-1.2976731,-0.053366065,-0.4565907
1.7661755,5.7541337,1.645127,6.2086687,0.7452004,-1.3886307,-0.028032064,-0.42820007
1.3244789,3.083644,1.6293936,6.2963433,0.75260806,-1.4182781,0.016873121,-0.23836157
1.2126096,7.4776254,1.7008584,6.2939396,0.7171476,-1.3933637,0.115965486,-0.3357597
1.9175214,6.72582,1.677767,6.3024945,0.7256851,-1.4368446,0.08685362,-0.2732842
2.1312895,8.293728,1.6017847,6.2686124,0.7738304,-1.4545991,0.11305678,-0.20695692
2.536243,4.225768,1.6177921,6.1669307,0.78271484,-1.44981,0.12233126,-0.20501328
2.7217221,4.295288,1.641881,6.2268395,0.7643621,-1.4571359,0.10395956,0.030270517
2.7420506,4.645727,1.6392329,6.185208,0.7657449,-1.4575171,0.0815891,-0.22166568
2.9567132,7.7016335,1.6517415,6.1824064,0.7728336,-1.4391897,0.050263524,-0.13901818
2.9537446,9.650684,1.6430688,6.1512794,0.7755773,-1.4402826,-0.047461867,-0.4024555
2.4744768,2.093599,1.7022495,6.12135,0.76263714,-1.4626222,-0.048104227,-0.37956262
2.3797314,3.1007237,1.7444541,6.090859,0.7642877,-1.4401171,-0.044089377,-0.43845868
1.8674146,2.3169408,1.7137628,6.1465683,0.77024794,-1.4497421,0.0015523434,-0.45373625
2.7058349,3.9633038,1.7607343,6.1322403,0.7460184,-1.4251068,-0.029463828,-0.09154004
2.6388469,5.47,1.6485138,6.2195153,0.7607236,-1.4221112,0.018772006,-0.11107832
1.2648664,7.32845,1.6785374,6.2146482,0.7694881,-1.4136713,-0.05774349,-0.34738433
2.7272315,3.6106524,1.6558013,6.099655,0.7751689,-1.3875339,0.050875425,-0.2163645
2.5720842,9.014568,1.7478447,5.9692774,0.7760823,-1.4890039,0.050554752,-0.31380975
2.7365792,2.0915213,1.7466486,6.0061398,0.77106595,-1.4769269,0.0999676,-0.11767155
2.7105744,2.0707211,1.7733719,5.9954405,0.7629061,-1.4364197,-0.023064196,-0.27645427
2.9073288,3.5057201,1.7561884,5.96688,0.804631,-1.4255507,-0.013103545,-0.26558465
2.2433996,5.5247006,1.7647338,5.9704337,0.8080945,-1.4636196,-0.041122198,-0.46104273
2.0756164,4.852249,1.7706299,5.9610662,0.8080034,-1.4545474,-0.04867184,-0.3429518
1.9741037,4.693886,1.8131549,5.8951797,0.80605793,-1.4846609,0.1272167,-0.15087199
2.1349595,3.8259706,1.7870498,5.916534,0.79154444,-1.4843926,0.20722687,0.068140924
2.6301656,2.4317083,1.7775073,5.929024,0.798229,-1.4933372,0.07951093,-0.09859544
2.3741562,2.5671568,1.744503,5.879877,0.78743696,-1.4329946,0.07608378,-0.31399643
2.982757,4.147771,1.8246698,5.8936343,0.76741195,-1.4452584,0.1470592,-0.0026469827
2.9029305,6.600044,1.8533678,5.791011,0.76295567,-1.426702,0.01907134,-0.22194368
2.582749,2.5827656,1.8613164,5.7379107,0.77425313,-1.3688328,0.05235696,-0.18416244
2.472977,7.469321,1.919663,5.7355566,0.7820482,-1.48581,0.13805294,-0.45513952
2.9155543,8.476328,1.9356766,5.7397246,0.78235507,-1.4690845,0.017392635,-0.33740395
2.9983878,2.0938468,1.8885782,5.7519236,0.77527237,-1.409552,-0.018033504,-0.3425769
2.751098,2.0379136,1.8664608,5.8053737,0.766845,-1.438339,-0.025756598,-0.37427133
2.910057,8.021131,1.8663232,5.77221,0.783484,-1.4674842,-0.035636246,-0.4603168
2.9126196,3.0151296,1.8994823,5.6397038,0.7852566,-1.4190121,0.10660815,-0.37889445
1.7753835,6.6170897,1.962122,5.690895,0.8016577,-1.4973689,0.065826416,-0.32990095
2.9289062,2.2057228,1.9257064,5.59344,0.8263426,-1.5007272,0.14793682,-0.26923907
2.4792366,9.454521,1.9431674,5.597125,0.7962153,-1.4907721,0.08658922,-0.42191163
2.6010718,6.467648,1.8954005,5.713603,0.83285546,-1.4825946,-0.029293895,-0.41773495
2.3837283,2.2438343,1.876296,5.685495,0.8226664,-1.4839604,0.09247553,-0.39466995
2.5868638,8.787664,1.9129333,5.596012,0.8431456,-1.4792533,-0.062770486,-0.48788914
2.7357152,3.3842266,1.9270666,5.561343,0.8663931,-1.5653123,0.041506767,-0.48075837
2.492805,4.329653,1.920258,5.5368834,0.87363815,-1.5575769,0.20026636,-0.17530593
2.6428194,8.122427,1.8934257,5.6913657,0.8496394,-1.5066795,0.16919422,-0.043711305
2.6925,2.429661,1.925143,5.5995903,0.82708836,-1.518636,0.1818974,0.005309999
2.800651,2.4887896,1.8623769,5.58827,0.8653517,-1.5402491,0.06041825,-0.3035073
2.5681558,3.0027704,1.8602643,5.615782,0.87774944,-1.5835934,-0.003987789,-0.19041619
2.8372717,3.2312977,1.8869405,5.597192,0.8790591,-1.5641043,-0.033791363,-0.49206305
2.8055913,3.4423175,1.884162,5.5411015,0.8957641,-1.5590091,-0.048995078,-0.38951045
2.8202238,2.3933895,1.8872838,5.5400248,0.9041636,-1.5914048,-0.03798306,-0.46737692
2.9215155,2.1866632,1.8785167,5.501994,0.906791,-1.6063259,-0.022269249,-0.49301472
2.570548,3.8439987,1.8784852,5.575869,0.91129017,-1.576097,-0.05475521,-0.4904607
2.7198584,6.520408,1.8836493,5.5483265,0.9254246,-1.5954397,-0.045523763,-0.4742733
2.8305779,2.6317258,1.8492656,5.478367,0.92034197,-1.5622602,-0.037997365,-0.22617799
2.9668705,6.230632,1.8866022,5.4078035,0.92601275,-1.5771873,0.017065406,-0.40915328
2.516914,5.333145,1.945785,5.386664,0.93292284,-1.6047188,0.1250571,-0.40848693
2.8230343,5.144742,1.9270601,5.375878,0.931828,-1.6012995,0.12576723,-0.41509426
2.7476075,3.12667,1.9498644,5.32493,0.92498255,-1.5588651,0.03687167,-0.4311779
2.9025455,6.976176,1.9464054,5.341896,0.9352133,-1.5971677,0.16212463,-0.37119338
2.0706844,8.50758,1.9340794,5.333908,0.9624603,-1.6324193,0.027957201,-0.39849877
2.9622035,2.496244,1.946857,5.3418937,0.9583132,-1.6366026,0.035248518,-0.4244593
2.9196057,2.8204842,1.9435115,5.3051357,0.95649695,-1.6752121,0.09838903,-0.029046416
2.9526038,4.216295,1.9546165,5.323676,0.96641374,-1.7286484,0.17366683,0.013485014
2.9323683,3.6873512,1.9552693,5.2274933,0.9552207,-1.6195773,0.17194915,-0.436122
2.9386687,3.567849,1.9766536,5.244101,0.97159505,-1.6758239,0.056616068,-0.42008233
2.8847108,3.0798173,1.9822154,5.2841263,0.9763658,-1.7092831,0.012739778,-0.37394655
2.8651152,5.1001806,1.9923458,5.212862,0.9879062,-1.6381912,0.014206409,-0.47864687
2.9578784,3.9738934,1.9175448,5.2785993,0.99861073,-1.5580117,-0.22223079,-0.48274994
2.7389772,9.796968,1.9394128,5.2493553,1.0096047,-1.5799761,-0.12367892,-0.49539447
2.5996954,2.2946155,1.9237673,5.2043657,0.99757814,-1.5921404,-0.057884872,-0.34461778
2.7354944,3.769312,1.9338508,5.195634,1.002945,-1.6815146,0.24469686,-0.40050066
1.8305753,4.4304585,1.9069214,5.2630353,1.0252371,-1.6719233,0.08078897,-0.19585812
2.7166748,5.4811625,1.9003942,5.273782,1.0240011,-1.715886,0.1351161,0.024851322
2.659378,8.373674,1.9114282,5.2820015,1.0030141,-1.6973351,0.38867378,-0.26350766
2.819034,4.5046515,1.9320633,5.2370133,1.011415,-1.7130818,0.24055791,0.23534453
2.914611,4.1968265,1.9415,5.215756,1.0088582,-1.6790631,0.25083637,-0.040688515
2.5891113,7.6992645,1.9216657,5.2840805,0.96708703,-1.6013243,0.31059086,-0.08312994
2.7061033,9.262098,1.9286771,5.3308024,0.95896506,-1.6293483,0.4078163,0.10621655
2.5351198,2.0210834,1.9110935,5.3185577,0.9500835,-1.6067581,0.20900667,-0.018458128
2.788567,8.533861,1.912853,5.3542633,0.9545171,-1.59576,0.122847795,0.07562733
2.731223,2.1165602,1.9144621,5.337229,0.9476123,-1.6341844,0.09823644,-0.46656987
2.7282758,5.524702,1.9062891,5.426518,0.9432869,-1.6369008,-0.029208899,-0.4726893
2.8889658,4.0312405,1.8815219,5.4842825,0.9320278,-1.6023794,0.0042393208,-0.25213152
2.9624004,4.544439,1.9094431,5.47665,0.9476509,-1.6370993,-0.022091568,-0.35822743
2.9872775,9.016435,1.9329915,5.4092474,0.9603472,-1.6556743,0.1164546,-0.34901297
2.9618268,2.7617614,1.9282422,5.333324,0.9833417,-1.649214,0.2590729,-0.43847877
1.3774086,5.663799,1.8738077,5.390972,1.0063312,-1.6234605,-0.09416735,-0.45268673
1.2179132,7.636209,1.8861601,5.389835,1.0085793,-1.6503919,0.074465275,-0.22817826
2.7268186,7.0841775,1.900192,5.3632617,0.9967439,-1.6427085,0.22245133,-0.34430325
2.6775696,4.740719,1.8447757,5.371933,0.9951608,-1.665088,0.08657086,-0.28203192
2.757466,5.084843,1.8949714,5.3855715,1.0036907,-1.6937023,0.055098653,-0.4694466
2.6475086,3.7861166,1.8723316,5.354209,1.0137515,-1.7026967,0.07882047,-0.4315947
2.9433894,2.4672828,1.8783283,5.3089304,1.0192382,-1.7186213,0.12330389,-0.23271978
2.9069006,2.792302,1.8760366,5.28283,1.0264812,-1.7127025,0.06647611,-0.22520301
2.872959,2.3804681,1.8795815,5.302364,1.0201976,-1.7020714,0.052806854,-0.25888547
2.899162,2.0747638,1.881048,5.260195,1.029768,-1.6895049,0.0638268,-0.4198796
2.60377,9.710552,1.8861747,5.33731,1.0347044,-1.7358876,0.0956496,-0.22792321
2.7265973,6.05649,1.9052725,5.3246946,1.0298483,-1.7692342,0.14214957,-0.36709398
2.7504592,6.8726144,1.8945107,5.293379,1.0185757,-1.7586854,0.09960115,-0.19283962
2.458866,8.244098,1.8934028,5.355816,1.0188768,-1.7672111,0.102550626,-0.45783535
2.1304078,8.344753,1.8668809,5.392049,1.0011218,-1.6554567,-0.020323217,-0.47155893
2.8136048,7.327427,1.846899,5.422855,1.0067875,-1.6505181,0.08172083,-0.39177012
2.3549848,8.484743,1.8220553,5.4277883,1.0304177,-1.6558406,-0.013997674,-0.38515806
2.9690788,3.1209972,1.7789328,5.4033837,1.0227718,-1.6067582,-0.029637277,-0.43349203
2.9901395,4.8622017,1.8537571,5.379468,1.0254915,-1.6661038,-0.068890154,-0.48581573
2.99475,6.315181,1.8240395,5.3384533,1.0196829,-1.6745001,0.13379598,-0.48978373
2.798547,4.747283,1.7832,5.396597,1.0273945,-1.650739,0.15559077,-0.14509004
2.753749,4.790257,1.7325492,5.4125414,1.0660677,-1.6639528,0.1657219,-0.076667905
2.7561297,3.3035624,1.7340012,5.42451,1.0683904,-1.7340441,0.273378,0.13682932
2.593106,3.7598705,1.7288702,5.343229,1.0990882,-1.7553471,0.123474956,-0.17252204
2.900816,4.884062,1.7445931,5.3142786,1.121037,-1.7196392,0.14613843,-0.0642162
2.015005,4.300513,1.7436361,5.352252,1.0815034,-1.7228961,0.3378036,0.096277356
2.9408267,5.2195163,1.7969983,5.2725306,1.0825174,-1.7516766,0.21954644,-0.15696856
2.584073,3.3880363,1.7619004,5.308593,1.129802,-1.8467593,0.15785527,-0.29529384
2.7897103,4.952306,1.7646699,5.3104525,1.1279242,-1.84826,0.1776501,-0.21521163
2.8906732,3.0511053,1.7580554,5.2997956,1.1230171,-1.8391522,0.16574979,-0.11904436
2.943209,2.649593,1.7593727,5.289748,1.1507373,-1.833056,0.07765937,-0.21770024
2.953914,2.1627328,1.794877,5.252257,1.1126304,-1.827113,0.089762926,-0.19799042
2.540245,6.173776,1.7504497,5.3100767,1.1193323,-1.774712,0.17689753,-0.09644365
2.136519,2.6801598,1.7855742,5.2799377,1.112236,-1.784079,0.14067769,-0.15069127
2.151933,2.75218,1.750427,5.3364058,1.1564338,-1.821476,0.058618903,-0.27619404
2.9849467,6.1769347,1.7310784,5.332419,1.1546154,-1.82147,0.08694732,-0.15818077
2.9989529,7.370706,1.6985064,5.403219,1.153213,-1.8487298,0.13025808,-0.262932
1.7870364,9.229886,1.7424259,5.498499,1.1234479,-1.8397245,0.16271079,-0.39929476
1.930938,9.602024,1.7332892,5.4884953,1.1186166,-1.8347545,0.16508746,-0.23729232
2.7202601,5.983136,1.6996846,5.4373355,1.1153908,-1.8198107,0.17459917,-0.18161699
2.691796,2.8865166,1.6786332,5.42949,1.1222737,-1.7458222,0.032812476,-0.3383208
2.5832965,4.6142178,1.7303002,5.381294,1.1499853,-1.8001634,-0.022568107,-0.33284727
2.6369054,3.5238955,1.720705,5.40712,1.1376383,-1.7874179,-0.06504303,-0.17595276
2.3787813,9.387665,1.7018142,5.434133,1.1543202,-1.7940271,0.06100166,-0.44964537
2.9947393,8.729594,1.6647391,5.485546,1.1299028,-1.759701,0.0105006695,-0.46238014
1.3740599,6.1434245,1.7102871,5.440633,1.146455,-1.7916123,0.0044995546,-0.45683193
2.2639637,4.1451693,1.7341177,5.3677483,1.1348777,-1.7881459,-0.0062758327,-0.3385498
2.2763128,7.3381615,1.7337272,5.4242086,1.1331091,-1.7613513,-0.021367371,-0.43031186
1.528036,3.5728965,1.7283418,5.3926053,1.125849,-1.7702131,0.040540338,-0.30223715
1.4348791,3.9570327,1.7259507,5.5321484,1.1326263,-1.8023559,-0.027475417,-0.40152144
2.9621272,4.1231446,1.6978126,5.55183,1.1122894,-1.7800349,-0.03352064,-0.20095259
2.953096,4.0717287,1.699403,5.4473057,1.1124392,-1.7650468,-0.01918906,-0.4709766
1.3977723,3.83921,1.7068403,5.5569825,1.1381679,-1.7784383,0.07969606,-0.34090877
2.0353513,5.0481043,1.7420282,5.4406652,1.1421449,-1.7658621,-0.020759404,-0.36208907
1.7667177,4.533532,1.7197676,5.4475822,1.1236398,-1.801315,0.041713238,-0.43910322
1.5938903,3.0227754,1.7461724,5.428862,1.132097,-1.8128004,0.04220271,-0.38822007
1.6752541,5.1175823,1.7470598,5.4347363,1.1271296,-1.7698822,0.084061146,-0.481547
2.654734,2.9414854,1.7564437,5.4522495,1.1365545,-1.8423513,-0.020632923,-0.0710479
2.709981,5.478509,1.6657238,5.462982,1.1422992,-1.7678765,0.025050879,-0.47850132
2.8839424,5.096769,1.6808684,5.4598775,1.1340733,-1.7594221,0.027735233,-0.17979711
2.397848,7.2566895,1.0382905,7.993716,0.060391426,-0.75668645,0.09849751,-0.23475748
2.4190106,6.3759413,1.1436615,7.9303412,0.054243565,-0.7756219,0.098507404,-0.057826698
2.9465532,5.047407,1.2049139,7.69992,0.05921197,-0.6959913,0.0021584034,-0.4038231
2.9456255,4.6029367,1.2326605,7.6808686,0.008161306,-0.6287246,0.028045297,-0.43461806
2.4275029,4.614703,1.2989705,7.7895484,0.0074572563,-0.7134793,0.022301316,-0.18899521
2.4852896,4.625105,1.2208233,7.778676,0.015284777,-0.69605327,0.08655965,-0.3053494
1.8988528,3.3795257,1.1691856,7.780309,0.01730442,-0.6629381,0.02012372,-0.33115703
2.6463208,3.3985257,1.2205102,7.768458,0.0101726055,-0.66491795,-0.1180616,-0.32849276
2.8062568,3.0135598,1.3018148,7.684616,0.0035128593,-0.64699936,-0.05544138,-0.17015675
2.972476,2.73977,1.1048508,7.7308493,-0.0037837029,-0.64405656,-0.07126683,-0.105955005
2.635951,4.396268,1.0817106,7.883114,-0.019485235,-0.6480179,0.02966094,-0.21253267
2.5301871,4.754115,1.0981321,7.8952584,-0.022671342,-0.62273407,-0.1243189,-0.3432877
1.9842552,4.2649837,1.0836463,7.9840436,0.00795269,-0.634372,-0.1656307,-0.4669728
1.7516088,3.2536867,1.1027613,7.9944158,-0.019194603,-0.63253164,-0.09983635,-0.4721222
2.2019296,4.8752785,1.0738099,7.9611826,-0.011339903,-0.6398039,-0.15729934,-0.3669615
2.1645281,3.7517047,1.0973215,7.873167,-0.013750672,-0.58794284,-0.1709078,-0.34798852
2.530132,2.6266274,1.097187,7.8710704,-0.025962353,-0.62350917,-0.15549862,-0.40711594
1.9519169,2.7300985,1.220093,7.8435793,-0.054590464,-0.6008935,-0.022510111,-0.2550665
2.5423224,3.4025831,1.2620385,7.7516046,-0.0099618435,-0.708483,0.016978145,-0.23040158
2.7078128,8.364641,1.2366135,7.7024426,0.025663614,-0.6682582,0.20251453,0.13177389
2.816803,4.9299736,1.3159714,7.631473,0.05120349,-0.6683769,0.2262268,0.15438235
1.9124264,2.4033256,1.3559737,7.7180986,-0.00032186508,-0.69434786,0.10294485,-0.1297369
1.526212,3.1383343,1.3481402,7.7418537,0.026231527,-0.7003293,-0.011367023,-0.42877546
1.3337383,4.807661,1.3386121,7.7672563,0.053179502,-0.7363148,0.034152508,-0.41056275
1.4096546,4.107184,1.2240658,7.784734,0.04459095,-0.69111466,0.045755506,-0.37373245
1.9294448,3.0760965,1.2178171,7.720731,0.040647984,-0.6639931,0.083500504,0.0062355995
1.696645,4.135277,1.3545837,7.7089887,0.040530205,-0.69557047,0.04652536,-0.3147842
2.2669716,3.1069272,1.344892,7.6543727,0.05386901,-0.763453,0.15577233,-0.0374732
2.2979064,3.5196657,1.3364878,7.673945,0.06531048,-0.76909876,0.1479224,-0.09098181
2.93305,6.6338944,1.3734007,7.5882573,0.07009268,-0.7467172,0.09534693,-0.094442755
2.1233172,3.5629563,1.4145231,7.5214834,0.057599545,-0.7696948,0.35750937,0.24167174
2.7591527,7.263274,1.571702,7.4935102,0.046165228,-0.7530234,0.65450037,0.29185796
2.6784344,7.060425,1.6094751,7.429959,0.060664654,-0.8016956,0.44091618,0.11743206
2.653822,5.113824,1.5295775,7.403887,0.06649852,-0.7296481,0.5045576,0.26723015
2.882619,2.277376,1.504664,7.422692,0.06842804,-0.7396879,0.19368732,0.06876731
2.846163,2.2389526,1.5422525,7.410322,0.05624175,-0.7259939,0.07847154,-0.06469101
2.827429,2.5935993,1.5415659,7.439255,0.030266047,-0.6767416,0.14853692,0.0068231225
2.6640158,2.3683288,1.4967933,7.4629235,0.017587185,-0.65839815,0.05745387,0.0133343935
1.7875806,2.652196,1.5358562,7.4503665,0.011299372,-0.64446425,0.035494447,-0.21105212
2.7199588,3.598856,1.4821115,7.4684677,0.010255337,-0.6233227,0.05432701,-0.12087816
1.9235196,2.9720118,1.6383078,7.519546,-0.041609287,-0.64414024,0.075001955,-0.31966627
1.4935648,2.2694416,1.6892684,7.471676,-0.04776764,-0.55353975,-0.02830857,-0.30078802
1.8166679,2.5033147,1.6788716,7.4598184,-0.050817966,-0.62622905,0.08182216,-0.45034045
1.0290422,2.5134072,1.607295,7.567486,-0.017581701,-0.6367409,0.072336316,-0.19342321
2.5984762,2.3360636,1.5193298,7.60295,-0.003129363,-0.6514454,-0.13676292,-0.1766597
1.7816327,2.9389095,1.5234885,7.586825,-0.0067015886,-0.62301254,0.097705364,-0.30023485
1.7880831,3.2219439,1.5357494,7.5614614,-0.012642503,-0.6251497,0.036679506,-0.30493444
2.4068623,2.2939281,1.6409688,7.5125647,-0.027781844,-0.67996883,0.011513114,-0.34872282
2.6358733,3.086553,1.5591185,7.536691,0.025286198,-0.72651815,0.014870286,-0.2180962
1.5374688,2.5104022,1.546406,7.467869,0.021367311,-0.67892194,0.0101207495,-0.19722787
2.574155,2.2570634,1.5199056,7.4742336,0.044386387,-0.77405405,0.015026331,-0.25678974
2.8604016,2.7810493,1.5104649,7.4504333,0.04449749,-0.7529459,0.12858725,-0.14175913
2.7610471,2.6916292,1.5248613,7.3489,0.056111574,-0.73275566,0.07748914,-0.06517035
2.7922585,4.9781947,1.6016884,7.403354,0.0654068,-0.7459438,0.050238967,-0.16034558
2.4231324,4.878122,1.5263851,7.4274955,0.051368475,-0.7018466,0.014111042,-0.42768335
2.5149117,4.7912064,1.6298685,7.437654,0.066725016,-0.7836728,0.08930552,-0.2309919
2.5395927,5.949893,1.6535397,7.4268775,0.059924126,-0.80776215,0.13379824,-0.16145414
2.3752842,5.6975045,1.6438131,7.500756,0.035249233,-0.77108955,0.057302,-0.15653753
2.5512438,6.5718746,1.6241348,7.4626303,0.024173021,-0.7624185,0.22080052,-0.016087115
2.5365796,5.585141,1.5652685,7.4584846,0.012625456,-0.6943095,0.26102555,-0.12109479
2.3075264,2.4520338,1.5902021,7.415482,0.025470734,-0.7077985,0.3232119,0.2157157
2.4631696,6.112467,1.5894809,7.4076934,0.018912077,-0.7070329,0.39106584,-0.085027635
2.5871377,3.4924076,1.6654484,7.363491,0.002245903,-0.65796566,0.19779527,0.07172567
2.5970464,2.3821356,1.5567591,7.359692,0.02555108,-0.6234858,0.1866368,0.22646642
2.6330082,2.2843657,1.5571806,7.403145,0.027199984,-0.64478827,0.24959278,0.34037173
2.482742,2.1501706,1.5620794,7.45956,0.0038101673,-0.6348448,0.3271221,0.13813126
2.1579163,2.219153,1.5783906,7.485074,-0.008344531,-0.65612054,0.32126856,0.08477616
2.9956167,4.376045,1.6924355,7.400541,-0.0030521154,-0.7141204,0.30150402,-0.02561745
2.831531,2.812562,1.7665861,7.3797235,-0.0128006935,-0.7246852,0.23681307,-0.18239743
2.1637719,3.1687288,1.7720964,7.4126053,-0.06982541,-0.6237612,0.21079767,0.20386446
2.536743,2.545538,1.7496939,7.378736,-0.05282092,-0.63271046,0.42959583,0.28484988
2.4640894,2.507554,1.741256,7.4245315,-0.044818163,-0.6207328,0.17846978,0.21723008
2.498717,2.044283,1.7633686,7.420824,-0.07946122,-0.59633636,0.15832222,-0.44952303
2.3887959,2.2105386,1.8676381,7.3126144,-0.073182106,-0.545743,0.25859964,-0.43060255
2.6915371,2.1222618,1.8129282,7.3558555,-0.07458663,-0.54497385,-0.11034036,-0.46369508
2.4651923,2.4143298,1.8817134,7.3880715,-0.06710982,-0.57002664,0.0069777966,-0.47602838
2.2115297,2.1394916,1.8510396,7.4058003,-0.054539204,-0.57752275,-0.13422716,-0.46362492
2.7661014,3.7411435,1.9395521,7.3578434,-0.06793547,-0.66766024,0.18795621,-0.41602704
2.9981894,3.2630897,1.8363953,7.304623,-0.010705352,-0.6645713,0.22283626,-0.04163915
1.5057118,3.1545794,1.8916261,7.2945013,-0.032518506,-0.66636086,0.20478535,-0.031720698
2.1158943,2.8727446,1.8395114,7.263118,-0.03578925,-0.6261358,0.41780293,0.11583936
2.469297,2.7729025,1.883915,7.2578287,-0.040053606,-0.6323831,0.2971059,-0.25698143
1.835938,2.20775,1.8876479,7.2833605,-0.018948555,-0.6763053,0.13694656,-0.3918302
2.5447004,2.2710814,1.8809962,7.3437786,-0.050555468,-0.6567452,0.027998924,-0.43713158
2.0856638,2.3684666,1.8763385,7.3173823,-0.015245199,-0.7175174,0.054665208,-0.4778883
2.2226279,2.5583072,1.9156189,7.295439,0.00927496,-0.71686316,0.013494968,-0.39552325
2.540078,4.4232054,1.9203961,7.3106794,-0.027864099,-0.6838908,0.10694444,-0.43926606
2.0492191,2.4138782,1.894443,7.2573476,-0.020060658,-0.6664269,0.09141624,-0.1372301
2.8160613,2.2876077,1.8686259,7.2733502,-0.02321124,-0.70224786,0.0452708,-0.44724897
2.7599654,2.46659,1.8827028,7.2955074,-0.013504744,-0.7268927,0.087507844,-0.24301305
2.7904162,3.0340786,1.8560724,7.3113513,-0.019903898,-0.65546227,0.10096872,-0.32589847
2.755401,3.2578673,1.8294969,7.304155,-0.040316343,-0.63862824,0.18176651,-0.2493411
2.6993313,2.3022108,1.8182447,7.3137827,-0.017213106,-0.6517954,0.15146565,-0.2827819
2.822666,2.2426689,1.8059473,7.346924,-0.052993417,-0.6387658,0.17261732,-0.25487402
2.6350234,2.3988037,1.7736225,7.371579,-0.061932802,-0.6053822,0.26565003,-0.07965261
2.3579283,3.256677,1.7503085,7.4409237,-0.056070924,-0.6169915,0.20779097,-0.17698878
2.393311,2.8864446,1.7480714,7.4675784,-0.075329065,-0.6532674,0.18525517,-0.27652207
1.8929684,2.458004,1.7247066,7.457588,-0.009257674,-0.69341564,0.09633982,-0.3349013
2.1074417,2.6737993,1.6864738,7.4293385,-0.010087848,-0.68661165,0.028789759,-0.26656088
2.2008996,2.9579067,1.6815362,7.562791,-0.018833876,-0.6812589,0.02265501,-0.23648506
1.2278211,2.4157054,1.7204232,7.5125384,0.00014543533,-0.6916535,-0.0031471848,-0.37793136
1.2526485,2.1916757,1.692308,7.474789,0.01744461,-0.69803476,0.10653138,0.011450589
1.305496,2.0956216,1.7057357,7.4521894,-0.006815076,-0.69966555,0.14404345,-0.14364913
1.0863192,2.245175,1.704154,7.450668,-0.0079472065,-0.65267825,0.09410882,-0.11916983
2.1564395,2.0323217,1.7655983,7.4233847,-0.035014868,-0.6355412,0.18227804,0.27685297
2.3915899,2.716928,1.7515855,7.4005327,-0.014725447,-0.62236524,-0.14717728,-0.45824492
2.7639546,2.578238,1.7410483,7.4055047,-0.003013134,-0.7038441,0.0068848133,-0.45376495
2.672373,2.5706735,1.6464324,7.412681,0.012933493,-0.69865084,-0.08800733,-0.44016993
2.702848,3.074911,1.5868046,7.4576435,0.031327963,-0.6887715,-0.065671384,-0.3978786
2.6286705,3.0417018,1.6446571,7.3844266,0.03305459,-0.6749835,-0.055020213,-0.24654299
2.1038756,3.009822,1.6662405,7.3569207,0.041933537,-0.6729243,-0.08322728,-0.37312645
1.7668612,2.5070238,1.6405392,7.3185153,0.027619123,-0.67239165,0.14339757,-0.30772832
1.8799641,3.0124574,1.6581025,7.3786473,0.020567179,-0.6829543,0.16537738,-0.049656034
1.9286163,2.9882894,1.6133752,7.397033,0.032390118,-0.6857779,0.12664485,-0.17020342
2.67867,2.3328042,1.63698,7.3727455,0.044525146,-0.73207927,0.20831895,0.05425936
2.2339535,3.3748865,1.6236563,7.2861724,0.0872345,-0.711473,0.05957377,-0.43507376
2.4481218,4.0145264,1.6187913,7.242144,0.102387905,-0.73638964,-0.033061206,-0.35908613
2.5943747,4.927269,1.7547202,7.269554,0.068662405,-0.72675824,0.016829967,-0.349648
2.158319,2.1542723,1.6762476,7.251375,0.08367348,-0.759593,-0.013582587,-0.40180746
2.4528685,3.4699402,1.7063351,7.2352347,0.08668041,-0.7612772,0.0045148134,-0.41319418
2.2795734,3.934421,1.7620218,7.279125,0.05944991,-0.76434565,0.21268809,-0.37809986
2.375544,2.6201296,1.7705789,7.2637134,0.046780586,-0.80705476,0.24662697,-0.04518971
2.6528628,2.181995,1.7550778,7.249629,0.05433941,-0.8156507,0.25366056,-0.21179804
2.6701074,5.867063,1.7377112,7.3268676,0.052159548,-0.77673554,0.21430218,-0.006236881
2.5758755,5.8694234,1.7530668,7.357485,0.03310418,-0.7509818,0.32484376,-0.112642795
2.6833172,7.2565665,1.8226056,7.3714895,0.022240162,-0.76800394,0.18669248,-0.23471189
2.9054272,5.9193096,1.7618775,7.3599014,0.026207924,-0.76170254,0.17045557,0.045680404
2.578881,3.27149,1.723455,7.3665752,0.021725893,-0.7632494,0.3409102,0.035649538
2.6265588,2.7472608,1.765918,7.1590796,0.033097744,-0.6518152,0.39444995,0.063774645
2.5283544,2.787417,1.7889421,7.1625676,0.052735567,-0.70899296,0.4759704,0.005277753
1.7538059,3.8020203,1.8429296,7.174123,0.050236225,-0.68497396,0.26519907,-0.010356128
2.3655264,3.6590936,1.8433976,7.1659803,0.04366541,-0.74294305,0.23975682,-0.20491004
2.7711535,3.9269738,1.765414,7.167464,0.06358719,-0.78309035,0.22418308,-0.3048816
2.9071457,2.0375385,1.761025,7.266274,0.054672956,-0.78892326,0.17929757,0.016140103
2.8870285,5.3864737,1.7563882,7.198058,0.05325818,-0.7792978,0.2832049,-0.051155984
2.81459,2.5662475,1.7982333,7.1740656,0.054577112,-0.75798845,0.03277886,-0.1721988
2.5166264,2.9384382,1.7995086,7.1645126,0.07427001,-0.7413187,0.16724837,-0.27061063
2.6156704,2.7466059,1.732441,7.132254,0.116513014,-0.78811884,0.092067,-0.22776243
2.919782,2.4899778,1.7400692,7.0160747,0.13354397,-0.8326819,0.0029484034,-0.44436088
2.7195807,2.3080306,1.7191174,7.1200056,0.15929198,-0.8623626,0.0277946,-0.3792101
2.4206688,2.9679794,1.7621827,7.090677,0.1374855,-0.7775526,0.07739496,-0.33723927
2.3084683,7.013126,1.7876496,7.033943,0.17139673,-0.8194518,0.15648353,-0.38987476
2.4494085,4.201976,1.7468443,7.0079703,0.17651391,-0.80810094,0.077147245,-0.18661386
2.581972,2.9894228,1.79087,6.88785,0.18091583,-0.8173075,0.045330167,-0.4179862
2.9770155,5.3427634,1.719207,6.909483,0.19710636,-0.7983861,0.020084739,-0.4588257
2.77499,2.3874862,1.8136098,6.8324313,0.21020865,-0.8761132,0.05220115,-0.09040353
2.6996775,3.2788541,1.8760414,6.8540144,0.213691,-0.88461447,-0.054807305,-0.35524678
2.756379,3.985325,1.859055,6.7853155,0.2703843,-0.8688483,-0.017541349,-0.48121762
2.787656,2.6057835,1.8434503,6.74417,0.22696257,-0.88125706,-0.043165088,-0.4940783
2.686288,2.3269408,1.8240688,6.8023896,0.23874307,-0.89630055,0.0476712,-0.45309478
1.9983134,2.2219136,1.8593032,6.8050013,0.24909711,-0.90730953,-0.063887,-0.4873083
1.6707747,2.623415,1.8621826,6.7518654,0.2462399,-0.93913054,0.33241975,-0.29659662
2.8518775,3.3859005,1.9058943,6.7531414,0.2220769,-0.87933064,0.3396275,-0.17682934
2.120327,3.2856631,1.9154649,6.751363,0.22291207,-0.87613344,0.30434322,-0.16383415
2.914981,3.2343688,1.8440189,6.728201,0.24288869,-0.9368975,0.36132443,0.077842355
2.8242316,3.2468247,1.809268,6.7918158,0.23753905,-0.92644215,0.22573149,0.18605334
2.9090734,2.7967277,1.8055813,6.8455462,0.23491955,-0.9054303,0.07700324,0.0113149285
2.0395598,2.9281614,1.7617579,6.8775964,0.26532507,-0.9163163,-0.0006160736,-0.37990832
2.495117,2.3306906,1.6920927,6.9188166,0.2374866,-0.8952894,0.041473985,-0.2217313
2.5050914,2.3546715,1.72944,6.8932686,0.23846912,-0.8779888,0.06525862,-0.10652238
2.3795395,2.1377597,1.7880003,6.8937893,0.24993014,-0.8949044,0.010240078,-0.24989903
2.4104736,4.5695205,1.687319,7.016847,0.25255346,-0.88111544,-0.008416474,-0.2962375
2.0675554,5.015601,1.7538185,7.0670834,0.19866753,-0.87066865,0.10751057,-0.41412896
2.1463933,3.5904088,1.7645302,7.091828,0.1965959,-0.89536047,-0.061504364,-0.4423555
2.1373029,4.7550735,1.6806989,7.124049,0.202595,-0.8232486,0.046155095,-0.4992519
2.5085719,3.3777506,1.72544,7.0957646,0.19913101,-0.9313576,0.07490158,-0.2595669
2.701572,5.393007,1.6568937,7.0939245,0.2033391,-0.8970301,0.10248101,-0.3170142
1.5919033,2.9772737,1.6724737,7.117426,0.20508718,-0.86286974,0.075819135,-0.21723768
1.8224487,2.7163994,1.6554186,7.078667,0.20031881,-0.8239083,0.029197931,-0.34941584
2.6246798,2.528326,1.662643,7.058203,0.2043984,-0.81399846,-0.12005675,-0.4406938
1.9444296,2.5537765,1.7122495,7.0494604,0.22880578,-0.8554239,-0.13286012,-0.47054026
2.248742,3.7725468,1.7975931,6.9495206,0.21796775,-0.8216164,-0.04245788,-0.40521914
2.1730413,6.760592,1.816894,6.9968495,0.20555949,-0.9147618,0.020189762,-0.3974155
2.28082,3.080605,1.8287654,7.020604,0.18851566,-0.9024706,0.08951163,-0.3436732
2.1614242,4.25523,1.8162646,6.9573193,0.18707514,-0.91592574,0.12961888,-0.24827302
1.059981,4.500254,1.8402934,7.019863,0.2597456,-0.93182826,0.0025755167,-0.3315848
1.3749436,5.461196,1.8017361,7.038569,0.2570355,-0.9496677,0.028234363,-0.3921046
1.392911,5.8667674,1.7647047,6.975442,0.27667522,-0.9419551,0.13631582,-0.31756628
1.6492385,4.103423,1.7459056,6.93258,0.284209,-1.0031476,0.07985616,-0.36780667
1.6557993,4.4896326,1.7374406,6.939562,0.29200292,-0.9981742,0.0814054,-0.36406392
2.5943127,2.0834477,1.7147229,6.8745556,0.3445022,-1.0223191,0.011365652,-0.22195053
2.6898286,9.921701,1.7045093,6.8493595,0.34995747,-1.0292823,0.00813961,-0.46197927
2.6229281,3.4301906,1.708066,6.7671356,0.3780434,-1.029649,0.039720654,-0.47985417
2.9934804,3.094366,1.673754,6.671754,0.40751743,-1.062756,-0.12826705,-0.48317036
2.0864923,4.089159,1.7182193,6.720954,0.41236472,-1.0178078,-0.15002137,-0.43428153
2.3509147,2.5046496,1.7178729,6.699284,0.3679409,-1.030377,-0.045443416,-0.30866122
2.1993952,3.9924316,1.7476561,6.614057,0.41424084,-1.0418906,0.073459506,-0.2771957
2.179514,2.1727095,1.7466455,6.648183,0.41177368,-1.0662096,0.055321574,-0.26528427
2.6986547,4.4509773,1.779495,6.6338987,0.4068091,-1.0704288,-0.041660845,-0.45910135
2.8182044,7.207011,1.8205788,6.6524005,0.3804145,-1.0704191,-0.02929008,-0.4786947
2.6252527,4.1385727,1.7891436,6.628831,0.36532307,-0.9973502,-0.067445636,-0.40250388
2.7948737,3.6403766,1.7262926,6.7078395,0.35408497,-1.0182577,0.018654346,-0.38292903
2.1051245,3.2058396,1.7951524,6.802745,0.32421207,-1.0018613,0.0785774,-0.14603204
2.3839343,3.479025,1.733175,6.8223267,0.3149643,-1.0323076,0.07748878,-0.40480798
2.4157987,3.5984445,1.652225,6.905826,0.29551697,-0.9346974,0.072157145,-0.42271218
2.9251232,5.452954,1.5602045,6.942204,0.2895713,-0.927114,0.047154546,-0.10489854
2.8654366,7.308801,1.6580901,6.9267583,0.31130672,-0.9838276,0.310436,0.050387204
2.639973,2.3762126,1.5728283,7.000901,0.31787586,-0.9531808,0.008210182,-0.035638034
2.9649372,6.9327507,1.5816989,6.972703,0.29595804,-0.93261075,0.028669596,-0.38386658
2.433722,2.4789567,1.6274507,6.972005,0.2514329,-0.8961916,0.09459114,-0.40463164
1.352493,4.1439657,1.7216623,4.718857,1.566551,-2.2593114,0.0042840242,-0.32102925
1.7737828,3.3735223,1.721957,4.72132,1.5642934,-2.230336,-0.005789399,-0.4028517
2.636061,5.212757,1.6625562,4.7496476,1.5606952,-2.2049646,0.07155335,-0.42787445
2.5072885,5.8661213,1.6439455,4.82425,1.5692263,-2.1853976,-0.089794874,-0.44939575
2.7132535,8.095306,1.6642699,4.835911,1.5676081,-2.185635,-0.14096862,-0.36385483
2.5012405,9.862327,1.6357656,4.838607,1.5710506,-2.1639118,-0.095152676,-0.4909889
2.0972295,4.774107,1.6551447,4.84031,1.5103893,-2.1427183,-0.054276407,-0.4943788
2.9183135,4.8758297,1.6535525,4.837882,1.5131888,-2.1487193,0.017293692,-0.4288912
2.5188804,2.939346,1.6797903,4.7345877,1.5355718,-2.2021537,0.15259266,-0.06290674
2.452362,6.2675147,1.6686583,4.729631,1.5468545,-2.1964931,0.15225506,-0.24967843
2.8418732,3.4266388,1.6719227,4.718033,1.5442173,-2.2221951,0.08218682,-0.2625312
2.9570858,8.857859,1.6873779,4.72531,1.5605323,-2.191934,0.09341848,-0.3402662
2.986787,8.760895,1.6770039,4.7439137,1.5528796,-2.2257304,0.050911784,-0.37630212
2.9355748,8.737259,1.7141318,4.792207,1.5446866,-2.2392945,-0.030536592,-0.41862404
2.8778822,6.813685,1.7147284,4.784665,1.536941,-2.2097766,0.013035417,-0.43961275
2.4058454,6.026207,1.7209797,4.739084,1.5138736,-2.1985693,-0.030630589,-0.482166
2.6816487,6.3942137,1.7450502,4.7541246,1.5063851,-2.1875808,-0.06715351,-0.4851624
2.6487398,6.2208405,1.6999311,4.7697,1.5101812,-2.1588378,-0.025567591,-0.47641826
2.9917693,2.9721704,1.6885536,4.7432976,1.5065176,-2.13741,0.023425102,-0.4558441
2.2316658,4.316469,1.6960413,4.7845154,1.5034437,-2.1552155,0.00244987,-0.49638686
2.369975,2.7813215,1.681381,4.828032,1.4989758,-2.1469584,0.027048707,-0.49555188
2.4378078,7.194451,1.6672783,4.8253016,1.5368137,-2.1375866,-0.10490811,-0.49493003
2.6837769,5.5747175,1.6635628,4.8207917,1.5137002,-2.1219668,0.010175347,-0.35470515
2.5676682,5.6617346,1.6387029,4.8184385,1.5109029,-2.131751,0.2385428,-0.14728868
2.5914354,3.8391607,1.6221089,4.8353786,1.5358124,-2.1474037,0.18033183,0.25705898
2.7491448,5.473465,1.6317472,4.793417,1.529351,-2.1484084,0.06691992,-0.16522515
2.536057,2.434637,1.6551361,4.737872,1.5568461,-2.1401508,-0.05718881,-0.3774526
2.9258091,7.3312864,1.6739101,4.748607,1.5579088,-2.125502,-0.10427815,-0.42363507
2.4147873,3.5576344,1.6318278,4.7751417,1.5674546,-2.17834,-0.009616673,-0.1193524
2.4271271,5.442136,1.637265,4.7154036,1.5853467,-2.2105296,0.16918278,-0.2989233
2.2782385,2.0302782,1.6323638,4.6675344,1.5946772,-2.2262187,0.1369195,-0.23788387
1.9761248,5.472486,1.6317849,4.6609764,1.6238792,-2.2362883,0.12052822,-0.043514967
1.6594061,3.0638213,1.639637,4.7619004,1.6231599,-2.2477965,0.005128145,-0.14218819
2.3104439,2.804398,1.6522143,4.695677,1.6240685,-2.3193302,-5.4836273e-05,-0.4405289
2.544563,8.710823,1.6783535,4.7134066,1.6259587,-2.2825117,0.0066771507,-0.16103277
2.7033737,9.831531,1.645508,4.772275,1.5920928,-2.2214487,-0.029930532,-0.16354722
2.8228755,2.0449822,1.6573608,4.720869,1.582257,-2.2358732,-0.06387818,-0.24361175
2.8521314,6.6527686,1.6720221,4.753627,1.5861025,-2.275312,0.082804084,-0.3020087
2.3499565,3.6772032,1.6570566,4.7443485,1.5899701,-2.285913,0.012554646,-0.3899109
2.7686145,3.624191,1.6695821,4.721817,1.5886517,-2.25974,0.14912403,-0.082068026
2.8197215,4.528634,1.6890023,4.6748466,1.5913043,-2.3042915,0.07224727,-0.29903656
2.6448178,6.0760255,1.6978734,4.6993103,1.5668917,-2.2624457,0.053750873,-0.31478423
2.7306564,5.200385,1.671169,4.798728,1.5532455,-2.1898482,0.0608629,0.017045915
2.7935889,3.2990644,1.6723199,4.794853,1.5422435,-2.2216783,0.20617831,-0.19355541
2.9275286,5.172209,1.662365,4.774519,1.5502136,-2.2169843,0.23063004,0.0857802
2.8242679,2.7754111,1.6687474,4.691328,1.5732892,-2.2234516,0.23980641,0.1580255
2.5601244,9.41446,1.6610053,4.7080197,1.5720623,-2.2099519,0.27227974,0.06639993
2.7800627,2.134984,1.6857216,4.684739,1.5823603,-2.2746534,0.207474,0.21070737
2.9762414,2.2276816,1.6782894,4.69624,1.5781074,-2.2533512,-0.098659515,-0.31150588
2.8913598,9.214135,1.6440344,4.750214,1.5875413,-2.268309,-0.03860718,-0.45397383
2.7809026,4.5266075,1.6802499,4.730431,1.5863986,-2.270212,-0.021952689,-0.44218257
2.6488655,4.95527,1.6721904,4.712903,1.6051977,-2.281656,-0.06602341,-0.41815454
2.8984098,6.0149746,1.6686568,4.741128,1.6136146,-2.2712433,-0.10286987,-0.48482192
2.9224343,6.920898,1.6581993,4.691509,1.6258492,-2.2765064,-0.077353776,-0.42428726
2.9809608,8.63438,1.6597891,4.6567745,1.6276729,-2.262155,0.023021698,-0.34100473
2.757875,5.1894665,1.6560163,4.6455507,1.629318,-2.2294679,-0.081157744,-0.43775493
2.4688945,4.6385427,1.6589026,4.711052,1.6247036,-2.2325609,-0.07131392,-0.17135242
2.1781871,5.774012,1.6613264,4.6701713,1.6303048,-2.3011906,0.12678349,-0.2033323
2.5981789,4.4226646,1.6291497,4.664201,1.6362894,-2.2908895,0.11644459,-0.19162136
2.5810566,3.8088698,1.5724034,4.854857,1.6783738,-2.2985542,0.044114232,-0.1369296
2.6783664,4.29617,1.6042085,4.651841,1.6898777,-2.2803617,0.007882953,-0.12563658
2.582697,4.503379,1.6156962,4.6841264,1.6812067,-2.3879437,0.12130618,-0.24450645
2.5693157,2.168054,1.594449,4.684938,1.6959863,-2.3782358,0.06796682,-0.36131775
2.596606,3.7204387,1.6067462,4.6897025,1.690099,-2.3368626,0.18778932,0.26498336
2.650211,4.6205397,1.5905638,4.762272,1.6809778,-2.3669593,0.5684866,0.1740402
2.4763536,4.0701356,1.5858705,4.7990394,1.6798117,-2.383256,0.32216477,0.36192918
2.7175179,6.8651524,1.5668416,4.7827606,1.680424,-2.3404584,0.9773531,0.34309286
2.3930316,4.560869,1.593467,4.8137197,1.676373,-2.3396134,1.3325193,0.5114107
2.4661846,6.618627,1.6060195,4.7412133,1.6697431,-2.3469942,1.0416157,0.18236923
1.7714648,8.517906,1.614027,4.6292715,1.6968124,-2.3470368,1.3303573,0.5549005
2.3116574,2.7760587,1.635335,4.6089315,1.6844206,-2.3634028,1.1408155,0.39020568
2.5207264,2.0940077,1.6194191,4.638941,1.7221241,-2.349743,1.2741213,0.34099615
2.2783074,9.230772,1.6151416,4.4785094,1.7818625,-2.3611083,2.956976,0.48914778
2.1683927,4.8222656,1.6234884,4.528152,1.7966852,-2.4854426,2.8175886,0.5149659
2.5845137,5.1892986,1.5648751,4.5670376,1.8300221,-2.4901457,2.497742,0.3380543
2.6036372,8.378168,1.5399017,4.6052666,1.8344998,-2.4070594,2.5543244,0.5057008
2.40835,8.451551,1.5385935,4.697771,1.8395951,-2.4438124,2.561665,0.42313313
2.7398736,3.9787016,1.5316639,4.6835,1.8310666,-2.4435277,0.7026211,0.4160502
2.6660783,8.214619,1.567491,4.604063,1.8035073,-2.4705496,0.3809967,0.015995502
2.4395742,6.2536473,1.5379448,4.5915422,1.8323143,-2.4507477,0.2561128,0.04856515
2.9061205,6.654333,1.5315821,4.553891,1.8360026,-2.4525797,0.075835705,-0.24100587
2.6895833,5.210451,1.5127699,4.585287,1.8549929,-2.5319781,0.07788646,-0.225851
2.6679738,7.0686283,1.5258482,4.5741024,1.8751326,-2.4980319,-0.002800107,-0.3847836
2.6361682,4.5981717,1.541805,4.4873857,1.8925443,-2.5283754,-0.024571598,-0.4066829
2.6048877,8.122414,1.5319118,4.5646634,1.8899548,-2.4937553,0.00023579597,-0.33369702
2.778056,5.9787216,1.5325685,4.5857773,1.8523974,-2.5366752,0.0152539015,-0.4423114
2.7621925,7.6502886,1.5322278,4.569587,1.8974371,-2.5568464,0.03721857,-0.44313395
2.3973389,4.9523077,1.5339565,4.6054397,1.909617,-2.5754147,-0.0038520098,-0.40346128
2.7818234,8.810446,1.5885324,4.5829325,1.9086597,-2.6102533,0.08428085,-0.48369104
2.8746712,5.747074,1.5985544,4.4241824,1.91676,-2.6122255,-0.08045429,-0.15935159
2.6464028,5.2809744,1.6029963,4.4724283,1.9076905,-2.5940907,-0.031187177,-0.19577658
2.7727277,9.007872,1.5686624,4.4542375,1.9172313,-2.6045895,-0.011495411,-0.4512284
0.581677,2.3181722,1.552556,4.5706196,1.9104452,-2.6063952,0.036496162,-0.4866296
1.3248577,2.0802884,1.5045996,4.5496063,1.9307184,-2.6340926,-0.007755816,-0.4899481
1.2900317,2.160283,1.5156903,4.517469,1.998528,-2.667493,-0.1476621,-0.4369051
2.2770314,2.9301732,1.5605688,4.3479595,1.9970968,-2.6414733,0.080088615,-0.045562804
2.0672398,4.4867992,1.5616875,4.4018593,1.9838061,-2.6633,-0.018834054,-0.33202967
2.988454,3.3728228,1.5982454,4.331297,1.9814918,-2.72483,0.04262352,-0.30009538
2.0199623,7.5995936,1.5921359,4.330764,1.995904,-2.6996646,0.094889045,-0.18676618
2.819983,8.166587,1.5880349,4.3306823,1.9993467,-2.6726499,-0.030919254,-0.36190134
2.8390408,2.7927296,1.5922089,4.2724366,1.9961884,-2.6895757,-0.06592125,-0.49315602
2.9768462,3.3244324,1.602926,4.1934786,1.9909797,-2.6170487,0.006754756,-0.29566878
2.1320276,5.6452394,1.5734849,4.1717606,1.9880283,-2.6087954,0.047729135,-0.33187795
2.9541996,6.3341007,1.6236227,4.325711,1.9332626,-2.5929756,-0.06601101,-0.45931154
2.9573205,7.935943,1.6270869,4.4177103,1.910377,-2.583872,-0.060881555,-0.34236285
2.9498997,6.1241975,1.642612,4.3756533,1.9010105,-2.5959194,-0.080093324,-0.49095392
1.8469942,7.36727,1.6380854,4.2990537,1.883791,-2.512483,0.036412716,-0.4345992
2.9833682,4.9611287,1.6639402,4.440133,1.8546956,-2.524878,-0.11720759,-0.4389458
2.9573336,3.570929,1.6762152,4.4578514,1.803015,-2.5237756,-0.109838545,-0.47636998
2.6576185,8.804245,1.615758,4.4923663,1.8390622,-2.5159245,0.01698625,-0.46856678
2.7346945,6.2152977,1.6117926,4.488084,1.8220253,-2.493507,0.060729027,-0.12144488
2.8249826,4.3741198,1.5736616,4.4453526,1.8424385,-2.4472897,0.01647234,-0.3079942
1.7402109,3.902969,1.5878782,4.478896,1.8475909,-2.4589486,0.036262155,-0.37432534
2.7050667,5.252382,1.5974085,4.5445294,1.8369741,-2.4620452,-0.08494073,-0.498454
2.3851078,4.604515,1.6078448,4.561699,1.8131757,-2.476144,-0.081175685,-0.49938807
2.8889403,4.184598,1.5532036,4.566666,1.8718438,-2.471758,-0.18011624,-0.42835727
2.8140361,7.4792905,1.5424383,4.5234556,1.8702579,-2.4513233,-0.16405755,-0.46868458
2.9344516,7.717781,1.54006,4.604781,1.8436334,-2.4583802,-0.05788213,-0.37875766
2.893745,7.173965,1.5456502,4.6370277,1.8419836,-2.4742298,-0.057847023,-0.37171626
2.631282,6.612981,1.5792372,4.6028533,1.8331375,-2.4744332,0.030430198,-0.3669623
2.4927733,6.4933577,1.5877395,4.533459,1.8250866,-2.5060816,0.02076161,-0.32677072
2.8026216,4.637041,1.6121821,4.496772,1.8134618,-2.4498522,-0.12714428,-0.42695707
2.430922,6.173819,1.6103554,4.4554214,1.7758145,-2.4909577,0.15329432,-0.3550973
2.528901,6.9755483,1.6103938,4.508374,1.7330933,-2.332051,0.16294289,-0.27812773
2.5389037,3.5409145,1.6300364,4.4906263,1.7093301,-2.3298314,0.097424865,0.011301994
2.6358078,4.7223234,1.637965,4.4754014,1.7371788,-2.3915653,0.2238288,0.21831238
2.779928,6.824416,1.6347575,4.485567,1.7335627,-2.3629937,0.39622533,0.27781606
2.3029828,5.824606,1.6217268,4.567003,1.7081854,-2.361253,0.3779807,0.06786311
2.1198826,5.2251825,1.5918946,4.6107826,1.7118802,-2.3737426,0.43172097,0.20237368
2.681896,3.613913,1.6296844,4.6030226,1.7046828,-2.3929238,0.33914816,0.060308933
2.8454666,2.1682625,1.6398022,4.5641823,1.7038331,-2.369647,0.07092786,-0.3934062
2.543989,4.656452,1.6355255,4.62969,1.6687307,-2.354627,0.1917615,-0.20832294
2.5560262,3.7323751,1.6408355,4.575225,1.6894612,-2.3852167,0.14794385,0.06224203
2.8948033,3.071214,1.6222575,4.5658274,1.6897748,-2.3342316,0.23965561,0.05978012
2.8999546,5.579381,1.6359286,4.5555,1.6771162,-2.3141384,0.09709847,-0.26673394
2.917555,6.3306847,1.630137,4.6812487,1.6304281,-2.3094864,0.08856499,-0.2738014
1.9544083,2.0868804,1.613627,4.797473,1.5982239,-2.2591026,-0.006480396,-0.32768843
2.9055712,5.494482,1.6360812,4.8878665,1.5878499,-2.3057432,0.0050913095,-0.23070168
2.3758225,7.983895,1.6349888,4.879408,1.5936124,-2.267012,0.014415145,-0.40104926
2.9746416,7.247305,1.5993075,4.8946185,1.6128213,-2.274517,0.073848724,-0.48850107
2.3218226,4.364011,1.6052542,4.885138,1.5655284,-2.2310646,-0.03784448,-0.4935321
2.2303936,3.6481729,1.5844126,4.9725623,1.5685685,-2.2635925,0.102585554,-0.17441648
1.7184898,3.6419652,1.5952897,4.9989624,1.5781822,-2.2732058,0.04121411,-0.45836908
1.8145356,4.022482,1.5489235,4.9935846,1.635004,-2.3024397,0.004635811,-0.389683
2.4874437,4.3393097,1.5497589,4.936343,1.6469913,-2.3371844,0.029544115,-0.26300156
2.90372,4.1081743,1.5256739,4.986191,1.6588805,-2.3309717,0.03451276,-0.2540614
2.7336059,5.851032,1.5152895,5.0424185,1.6606324,-2.3558,-0.04954505,-0.28041285
2.8884318,7.8379636,1.5471835,5.0479255,1.6293554,-2.3416338,-0.10118163,-0.4950308
2.8786676,6.090362,1.5568385,4.936374,1.648628,-2.3464713,0.100296855,-0.494349
2.80399,7.7970147,1.5681405,4.824318,1.6499374,-2.2904348,0.09057701,-0.46525502
2.8090744,5.0412664,1.5630579,4.8525257,1.6563346,-2.2834823,0.029958487,-0.044490367
2.489298,9.810198,1.565505,4.873334,1.6365643,-2.285563,0.07779133,-0.40050012
2.2420318,4.9613895,1.5642934,4.89338,1.6711905,-2.3270078,-0.18396246,-0.47280332
2.1299105,3.1121788,1.5869412,4.8750153,1.668807,-2.3379939,-0.16067624,-0.4876964
2.5053692,5.0685015,1.62504,4.8541317,1.6642225,-2.3179026,-0.117506504,-0.31009597
2.8553138,4.5073833,1.6166906,4.8336096,1.6046007,-2.2697997,-0.059510052,-0.45987234
2.1566973,4.6576366,1.6301799,4.7833157,1.6119478,-2.2581253,0.03453338,-0.36017236
1.7480896,4.1998267,1.5949092,4.7886667,1.6136875,-2.250792,-0.0651989,-0.37318975
2.9781272,5.189581,1.6344604,4.7493496,1.5574143,-2.2245674,0.081263304,-0.23205444
2.9906323,5.276316,1.6116941,4.706611,1.6072755,-2.2295303,0.046301723,-0.26753905
2.9864492,6.0987535,1.5975955,4.767186,1.604147,-2.2188041,0.043182135,-0.16233641
2.8897953,5.2441626,1.5609064,4.875851,1.5958707,-2.199428,0.09467912,-0.33177987
2.2625222,5.4216805,1.5751317,4.9099236,1.6386116,-2.2217498,-0.12034696,-0.353844
2.1723251,3.906435,1.5567336,4.90425,1.613543,-2.2550855,0.038124323,-0.30278188
1.5485483,3.4495668,1.5602229,4.9319596,1.6289008,-2.267249,0.06165898,-0.35251456
2.7473643,3.788938,1.5577481,4.9794483,1.5910902,-2.3269868,0.045488,-0.33435574
2.6100378,6.141569,1.5312376,5.1237316,1.6002517,-2.3260949,-0.04314208,-0.40820467
2.4543462,5.657838,1.5240092,5.1344004,1.6277072,-2.3381538,-0.028339446,-0.4182604
2.8558404,8.082657,1.5123756,5.098399,1.6341848,-2.3277943,-0.013970673,-0.3560743
2.7626696,3.998605,1.5141973,5.067695,1.6172831,-2.3409572,0.004193783,-0.3476365
1.687692,4.975818,1.5332651,5.0843844,1.594815,-2.2989378,0.029962301,-0.41483393
1.8601948,2.9322033,1.5506427,5.076683,1.597338,-2.2670772,-0.0049784184,0.00023543835
1.6229422,3.2475188,1.5506861,5.080755,1.5982156,-2.3014698,-0.061052263,-0.49605784
2.9608998,3.6835608,1.5494101,4.945354,1.5979774,-2.3377995,0.02219212,-0.461454
2.5711455,5.7945986,1.5542939,5.0051746,1.5917017,-2.2673984,0.016404867,-0.37497205
2.801341,4.5972743,1.5719156,4.9582787,1.5772545,-2.2521694,-0.06621176,-0.4812125
2.790616,4.1454782,1.6151175,4.8617787,1.5726736,-2.2117047,-0.04812002,-0.47278678
2.1345701,3.6880283,1.6053934,4.8826923,1.5460925,-2.2466006,-0.01305455,-0.47054392
1.9037333,6.1204557,1.6053789,4.83668,1.5466402,-2.1492171,0.055843353,-0.45141038
2.9036174,3.2930102,1.6360855,4.8923626,1.5644004,-2.301528,0.04790795,-0.45487666
2.4786434,2.5059557,1.6526852,4.8398676,1.5591822,-2.284634,0.0601933,-0.11384559
2.8771791,3.940959,1.642864,4.8239403,1.574328,-2.2721543,-0.027368069,-0.33498755
2.9243495,4.004101,1.6302166,4.8568606,1.5721414,-2.259746,-0.032618165,-0.4419496
2.9767437,6.0002794,1.6537528,4.9073114,1.5620575,-2.276422,0.019237757,-0.4463524
2.5339727,5.081604,1.5852666,4.912449,1.592385,-2.2522588,0.052521467,-0.20762864
2.4780374,2.2159212,1.6114473,4.7668495,1.6106024,-2.2785094,0.017987847,-0.11153951
2.5704594,3.5878334,1.6170099,4.773793,1.6221662,-2.2797933,0.10997617,-0.48705277
2.844801,5.5203075,1.6161683,4.8015347,1.6473565,-2.411908,0.19097662,-0.4643752
2.7391717,4.324085,1.5435891,4.7992992,1.6875343,-2.4344454,0.1761055,-0.41717628
2.8527808,3.9785197,1.5202715,4.9697223,1.7467952,-2.4574566,0.06325567,-0.3484226
2.4301465,4.7794433,1.4946728,4.9562306,1.693644,-2.3675408,0.035725474,-0.13639364
2.774986,4.3406386,1.5007477,4.901791,1.6977262,-2.3553734,0.07515824,-0.22707039
2.559836,7.0504513,1.4917853,4.9642043,1.7121518,-2.3715878,0.036298156,-0.18736756
2.5953305,2.8307915,1.4883595,4.982614,1.7086072,-2.3834715,0.13344741,-0.11434519
2.6915684,9.58254,1.4573691,5.1728344,1.7022753,-2.4011903,0.13532388,-0.29627964
2.9424295,9.446035,1.4611921,5.1510468,1.6820061,-2.4013786,0.2322706,-0.11737263
1.760217,2.796733,1.4671104,5.1444254,1.6770146,-2.3720713,0.05240965,-0.17429033
1.9573712,2.4130416,1.489883,4.9947267,1.7177198,-2.432527,-0.0056369305,-0.24499875
1.8955599,5.09902,1.5339596,4.9346137,1.6861684,-2.3882415,-0.051133633,-0.3668242
2.9860609,4.2980576,1.5285568,4.9137344,1.6891248,-2.380254,0.009895802,-0.4361476
2.170969,2.1047184,1.8324292,6.270343,0.58026075,-1.2729344,0.2039069,-0.15178666
2.921571,9.310891,1.8349352,6.2565384,0.58652735,-1.3111267,0.16102839,-0.07058263
2.2312675,2.2702363,1.835005,6.2537785,0.5865655,-1.308663,0.3222735,-0.19271207
2.2953792,9.543263,1.8044121,6.241503,0.60814357,-1.3052356,0.21091151,0.056670904
2.8657064,2.5366716,1.7442613,6.182722,0.62701416,-1.2957737,0.11890936,0.041779816
2.6691604,3.9747748,1.7363119,6.241559,0.64354396,-1.3663163,0.140589,-0.30398315
1.7954979,7.0862684,1.7638812,6.22965,0.65663624,-1.3251138,0.12968385,-0.30452254
2.0637908,2.5997128,1.7962244,6.2281246,0.63625,-1.3231056,0.05132699,-0.1255194
2.7785516,2.0689495,1.777626,6.1787486,0.64047194,-1.3243349,0.07248163,-0.40073133
2.6208873,2.814324,1.7990983,6.123644,0.6554074,-1.3289392,0.033631206,-0.34446287
1.0664723,3.1783915,1.7944794,6.1326437,0.6567929,-1.2921054,0.10116923,-0.29435495
2.9605546,4.1808634,1.8029191,6.1549397,0.63108134,-1.359262,-0.0025961995,-0.38768178
2.8918686,4.0685215,1.8037229,6.1655574,0.61974144,-1.30484,0.13280582,-0.28379574
2.530973,4.2776523,1.7867966,6.1104,0.64173627,-1.2881947,-0.025210798,-0.35137734
2.3135924,2.588541,1.8545725,6.096587,0.6421442,-1.2775201,-0.011731625,-0.39985868
1.762688,2.589251,1.8667126,6.1201687,0.62007356,-1.2937555,0.066716194,-0.3720635
2.5481482,9.017862,1.8383591,6.136026,0.6681938,-1.2906168,0.063091874,-0.2940126
2.3062997,2.2395651,1.8504338,6.1337795,0.59052896,-1.1741905,-0.01180625,-0.31472287
1.2662759,4.1034966,1.876962,6.1222954,0.5858021,-1.1798773,-0.034241974,-0.33075228
2.9540923,3.0108707,1.8801095,6.1656313,0.56641793,-1.1923256,-0.08014023,-0.2354688
2.9334228,3.6865273,1.8641059,6.168954,0.57808113,-1.2286398,-0.11145854,-0.48944432
2.75349,6.3738785,1.9280429,6.1351204,0.5777571,-1.234293,-0.047385275,-0.4890191
2.5397768,3.807993,1.9469132,6.0993505,0.5598867,-1.222214,0.053427935,-0.30509612
2.0620134,4.2158403,1.9614744,6.2121587,0.5417025,-1.2121506,0.06556022,-0.44257224
2.253963,5.797393,1.9044743,6.257433,0.51485276,-1.1346579,0.09979236,-0.43123528
1.3612937,5.1276937,1.8498225,6.2630596,0.5388086,-1.1783584,0.11168134,-0.12940145
2.4743016,2.7303038,1.871923,6.2624683,0.5451827,-1.2058994,-0.02436626,-0.32262647
2.783441,5.865873,1.8475394,6.292547,0.5306692,-1.2237622,0.00067555904,-0.49270535
2.189411,2.030562,1.8719935,6.306055,0.5382221,-1.2526968,0.03104651,-0.39902562
2.1315756,2.0493567,1.8843155,6.2284594,0.54629445,-1.2217782,0.06539738,-0.3680872
2.0423877,8.67226,1.8320606,6.286403,0.55316424,-1.2044517,0.07890904,-0.43186653
2.6109002,3.6716826,1.8316381,6.2983494,0.55246043,-1.283407,0.055511594,-0.2251128
2.3662517,4.3324413,1.8765409,6.2751293,0.51828027,-1.179893,0.05655539,-0.46047273
1.8611355,3.3362916,1.9173877,6.300853,0.5242193,-1.2381359,-0.0588094,-0.46762088
2.2428064,9.371681,1.915978,6.2205334,0.5449958,-1.2409167,0.16258049,-0.37136006
2.7325792,9.576528,1.929143,6.1723113,0.5384269,-1.2412243,0.1368159,-0.36719197
2.7580247,3.1933692,1.9288905,6.1358337,0.5371895,-1.2114322,0.12918079,-0.39013618
2.6884336,6.758621,1.8896165,6.139188,0.5920241,-1.2355424,0.0042817593,-0.37762946
2.2353761,4.7532234,1.9029946,6.189304,0.5546253,-1.2503424,0.11180556,-0.43135667
2.0978837,4.495384,1.9283423,6.1923623,0.5261781,-1.2184174,0.11752844,-0.45767596
2.5702846,8.384602,1.9159241,6.225589,0.53549576,-1.2148871,0.057956696,-0.31491873
2.8849046,2.2037525,1.8796322,6.2112117,0.52487373,-1.2156597,0.06394148,-0.19994763
1.993312,9.094929,1.9242446,6.2467237,0.52968216,-1.2609441,0.28986287,-0.37877938
2.2428226,2.735673,1.9164627,6.216817,0.5360513,-1.2067583,0.15063715,-0.3379963
2.5160506,2.7319136,1.8582187,6.3178606,0.54352474,-1.1761111,-0.0012773871,-0.35583442
2.6540275,2.3165724,1.8159463,6.3114123,0.5390146,-1.2032626,0.043411136,-0.4401825
2.4191632,2.3542886,1.8019209,6.3312,0.54718566,-1.1745832,-0.031178236,-0.37625027
2.2867582,5.541313,1.7898302,6.3416758,0.5502541,-1.1915549,-0.07583368,-0.37610424
2.9612553,2.4613118,1.8454134,6.293248,0.5122814,-1.1938162,0.082434535,-0.34858686
1.7065295,3.618881,1.9082935,6.3228455,0.50208354,-1.1849595,0.14875054,-0.24868312
1.7368618,3.7573295,1.9324014,6.2922773,0.5066955,-1.2226508,0.19409716,-0.36178118
2.237533,4.8310285,1.8743162,6.3351736,0.5128939,-1.2309276,-0.02283156,-0.4848828
2.7110543,4.0919313,1.8332062,6.320478,0.5557995,-1.2390442,-0.12017453,-0.4579215
2.3729932,3.849338,1.8251507,6.28069,0.56636214,-1.2160231,-0.073108494,-0.46461853
2.6720889,5.8151264,1.8056288,6.2927685,0.5599716,-1.2090187,-0.076517224,-0.38832432
2.463098,5.1936965,1.8152161,6.2371426,0.5993562,-1.2448486,0.010271907,-0.4243009
2.9952154,2.5505247,1.8159091,6.1010227,0.59003925,-1.2147787,0.012272954,-0.42514354
2.9946132,6.621808,1.8792317,6.161277,0.60036373,-1.2449656,-0.06384134,-0.48314884
2.380577,4.4925027,1.8933601,6.194254,0.5527642,-1.1029868,-0.13334668,-0.39354283
1.977356,5.6220512,1.8140254,6.250461,0.5696614,-1.2291315,0.07310939,-0.47521225
2.2766583,7.570411,1.8100419,6.2255588,0.5777128,-1.2355435,0.14760864,0.034057617
2.926423,9.333498,1.8145809,6.225529,0.5804899,-1.2619575,0.22379172,-0.3866929
2.8891785,6.9449916,1.7872586,6.2334743,0.56027937,-1.2484057,0.35793126,0.204844
2.470191,8.603471,1.8872004,6.210618,0.5234947,-1.209706,0.08950293,-0.038589478
2.6630607,2.4223619,1.8470943,6.240596,0.5419674,-1.2000284,0.087818265,-0.4508968
2.1400182,5.1269197,1.9055302,6.185769,0.55081534,-1.2387303,0.07280314,-0.44100338
2.24423,4.0383005,1.8979821,6.1745524,0.5569744,-1.240926,0.035619617,-0.49010214
2.0917802,5.82644,1.895091,6.212923,0.57592297,-1.2985282,0.072573185,-0.44317
1.9063742,4.6440096,1.918715,6.195467,0.57963014,-1.2976516,0.230595,-0.36319533
1.837112,4.7527003,1.9339342,6.1203747,0.57659507,-1.241366,0.111628294,-0.2594846
2.4608455,2.1748872,1.940815,6.115157,0.5839386,-1.2664213,0.1306243,-0.37012172
2.8814778,4.8527975,1.8861825,6.043992,0.600965,-1.2295094,0.0037117004,-0.38129705
2.8227417,6.0680733,1.8523252,6.095656,0.6139815,-1.2816639,-0.05151671,-0.42371008
2.5817294,2.2303855,1.8228059,6.277395,0.6255481,-1.3057339,-0.0103597045,-0.49805346
2.732438,7.2916493,1.7879083,6.285673,0.59076905,-1.3035636,0.011606216,-0.49777177
2.5085917,5.360573,1.7637372,6.309454,0.5710647,-1.2509483,-0.030159771,-0.49842384
2.3930566,6.8749456,1.7728429,6.337382,0.58874106,-1.2812887,0.001183033,-0.33869737
2.2618947,5.530656,1.7770638,6.3172235,0.5779619,-1.2331893,-0.0024873018,-0.4748658
2.651683,5.1734123,1.7619641,6.360426,0.5761323,-1.2170787,-0.18864065,-0.40866864
2.426825,5.0466623,1.779326,6.327649,0.59482837,-1.2256842,-0.11534226,-0.38120615
2.6927924,5.348002,1.8114376,6.3221707,0.5672431,-1.2476835,-0.010354638,-0.45671803
2.9068742,4.9022393,1.8225522,6.32802,0.52762127,-1.2218952,-0.08072871,-0.48574397
2.890221,3.9659529,1.785749,6.3434134,0.533751,-1.2200682,0.0051674843,-0.41957018
2.7664695,7.152873,1.7543929,6.375447,0.5384991,-1.2033076,0.045041442,-0.3991786
2.1563702,6.3461323,1.7382429,6.4826813,0.5386913,-1.1817143,-0.107209265,-0.4444154
2.8316202,3.3560057,1.701361,6.432996,0.54446673,-1.1968865,-0.0308671,-0.44894865
2.9645538,3.5748258,1.680593,6.5085325,0.5140462,-1.1412332,-0.012815177,-0.4705072
2.959915,3.1944597,1.6877253,6.424201,0.50262,-1.1309534,0.009048939,-0.26609266
2.9782233,5.2501974,1.7493758,6.3469443,0.5430989,-1.1533489,0.12122095,-0.329423
2.9975953,3.7574115,1.7440138,6.358264,0.5179374,-1.196749,0.14428174,-0.0779922
2.8738172,2.919075,1.8144603,6.332265,0.52663565,-1.2153273,0.2029531,-0.22343129
2.9352431,3.916171,1.820343,6.2835045,0.54887986,-1.2121005,0.024609685,-0.4966037
2.76884,5.122387,1.8720059,6.2475195,0.54666066,-1.2457364,0.013041854,-0.48643056
2.8139765,4.634844,1.8799005,6.150216,0.55156994,-1.1993669,-0.031537294,-0.25299522
2.7125838,3.250692,1.880399,6.124902,0.56568027,-1.2207788,-0.033317924,-0.47579652
2.6826355,3.1465263,1.9060752,6.108262,0.57093406,-1.2046263,0.046807766,-0.4573418
2.2970774,6.0007277,1.8877707,6.1179433,0.56889725,-1.1997335,0.047496557,-0.47970125
2.7816334,5.0119166,1.8954327,6.123658,0.5659244,-1.2291725,0.09205663,-0.48830292
2.9358063,9.266872,1.8964291,6.1248007,0.56371117,-1.2361803,0.11807442,-0.32203743
2.8441234,8.974266,1.9083338,6.1451945,0.58305216,-1.3037844,0.08806944,-0.42994672
2.8949962,8.744284,1.8677051,6.136195,0.58915377,-1.3023015,0.12269986,-0.42854476
2.108881,3.2748492,1.8125231,6.2134914,0.59045696,-1.30146,0.074500084,-0.26280302
1.7404039,2.430218,1.8438315,6.188826,0.59167504,-1.2189398,0.11410594,-0.24149552
2.5106769,2.6082833,1.8797488,6.191555,0.570873,-1.2201717,0.03580904,-0.4958585
2.7637174,5.1510463,1.8468487,6.12105,0.57264876,-1.1807563,0.05267775,0.10532242
2.831204,2.8889127,1.8511655,6.1401577,0.5760424,-1.1897789,0.35646224,0.3426764
2.3597417,6.2984633,1.8605504,6.1838646,0.55623317,-1.1984894,0.5952617,0.30610663
2.7650504,6.1107492,1.8720732,6.1758165,0.54467773,-1.1955645,0.5142133,0.26876223
2.6956565,8.773832,1.9399567,6.1382923,0.5403979,-1.2088532,0.552878,0.41020888
2.960425,3.3904877,1.90027,6.102784,0.5172093,-1.1869833,0.790866,0.1927036
2.9759915,8.894707,1.9557123,6.073246,0.5438249,-1.1800678,1.6232347,0.5517777
1.6731145,9.024738,1.9702227,6.0292807,0.5603895,-1.1768792,1.6829686,0.484147
2.88169,8.113273,1.9614906,6.0958037,0.5436373,-1.2355778,1.6475868,0.49890167
2.9129202,9.537914,1.9886765,6.017559,0.5559974,-1.1627674,0.6568314,0.45387775
2.5775714,2.265584,1.980474,6.0677996,0.5418587,-1.1583891,0.5961757,0.23393905
1.5742295,6.8994894,1.9843726,6.08922,0.5412581,-1.1861751,0.60530627,0.29789495
2.9035904,4.062357,1.9863248,6.064784,0.5212276,-1.1505182,0.5741768,0.21372527
2.4328728,6.820695,1.9516544,6.1221967,0.49976516,-1.1729133,0.7096075,0.37204456
2.9646947,8.042618,1.971226,6.0751467,0.51303816,-1.1542361,0.63374746,0.35218912
2.7316978,2.582077,1.9599895,6.0870237,0.5623944,-1.2017839,0.79546654,0.39686692
2.8567977,4.068076,1.9936523,5.9484525,0.5473285,-1.1696523,0.48088944,0.25428224
2.6687477,4.5381913,1.9932699,5.9414134,0.5472362,-1.160216,0.50147223,0.40948004
1.9855593,2.4983635,1.9875607,5.94792,0.55873966,-1.2133968,0.7598754,0.4561739
2.888281,3.956421,1.9766643,5.9516783,0.5722556,-1.2050214,0.52810204,0.41162896
2.91648,9.920296,1.9800854,5.970671,0.57456994,-1.2236291,0.39180076,0.22169209
2.734166,2.2255573,1.9818571,5.954714,0.58162093,-1.2415566,0.2965449,0.23529345
2.771654,6.659821,1.9712708,5.9488006,0.6403425,-1.2909662,0.27703404,-0.040389717
2.6420875,3.5060377,1.9917274,5.9115076,0.5815458,-1.2549665,0.44605124,-0.05160609
1.9826078,2.4305992,1.9335241,5.9660463,0.60106826,-1.2277775,0.38157725,0.26120555
2.885668,3.3179202,1.8981218,6.03123,0.6043515,-1.221866,0.30651855,0.089077115
1.2482553,4.0448,1.9094088,6.03789,0.601805,-1.2303946,0.38334715,-0.16696319
1.6592157,2.7527723,1.8825662,6.060157,0.6017759,-1.2380047,0.35512626,0.36983907
2.1739957,2.4582787,1.8749444,6.070248,0.61331797,-1.2379271,0.5559311,0.3154601
2.924057,9.712315,1.8127005,6.1605945,0.5889051,-1.2603023,0.35578716,0.21559966
2.3266947,6.0147066,1.7915864,6.1305943,0.6448841,-1.3035976,0.3611455,0.3153224
2.9759495,5.7429047,1.8005605,6.092978,0.6640127,-1.3381045,0.22477794,-0.111454785
2.8576655,7.0277925,1.7483194,6.1435943,0.67346764,-1.317816,0.17666018,0.089639604
2.9546432,5.8900623,1.7086217,6.171914,0.666039,-1.3266027,0.14054608,-0.0011403263
2.9801807,5.859597,1.6866512,6.2098007,0.6755078,-1.3500237,0.36291683,-0.023230791
2.8083875,9.655338,1.6970057,6.2098684,0.6786392,-1.3511521,0.26610577,-0.16255707
2.4907434,9.340395,1.6929233,6.2403665,0.68110275,-1.332053,-0.023033023,-0.10580206
2.7007072,2.4563603,1.6633832,6.2751465,0.6850705,-1.3206515,0.11389601,-0.12284744
2.7469144,4.3531246,1.7014017,6.28216,0.65321636,-1.3457719,0.08034241,-0.4831552
2.2167168,4.736357,1.70733,6.3147464,0.6715026,-1.3225496,-0.1107654,-0.45508957
2.6965315,6.58585,1.6724303,6.3431263,0.68139553,-1.3490078,-0.05215442,-0.46770483
2.8453734,5.650137,1.709979,6.3463507,0.65238,-1.3468843,-0.025485873,-0.4766622
2.4909213,6.3257985,1.6821144,6.408567,0.62600565,-1.3243436,-0.0036521554,-0.4462722
2.4414186,9.035835,1.6789172,6.349805,0.6697223,-1.3066349,-0.161892,-0.47699967
2.414657,2.2196429,1.7182453,6.3251395,0.6615281,-1.3260373,-0.04701656,-0.4978124
2.4633236,2.219173,1.7204616,6.2073994,0.6951759,-1.3463125,-0.06165135,-0.43925893
2.276252,5.4902534,1.7164509,6.147979,0.72163033,-1.350069,-0.07812023,-0.45657524
2.7581558,2.8652854,1.716999,6.1771135,0.7148142,-1.3597796,-0.10547584,-0.3821706
2.2870827,9.098961,1.7252679,6.1421704,0.73438954,-1.3938737,-0.0451923,-0.45965835
2.0907426,4.7643986,1.717814,6.122857,0.72125864,-1.3484275,-0.024704278,-0.46425462
2.5750825,5.037773,1.6997333,6.16151,0.7000952,-1.3720919,-0.015648723,-0.40544343
2.810182,6.2391043,1.7424297,6.1044025,0.7239888,-1.3651817,-0.026466727,-0.47062743
2.7107878,3.5593314,1.7135396,6.0908585,0.70758176,-1.3439147,-0.027545452,-0.4733789
2.663909,2.2029169,1.6854544,6.217701,0.69668174,-1.3817441,-0.05878973,-0.49676308
1.6875242,2.3967543,1.7507532,6.2036123,0.7011652,-1.3826466,0.038893223,-0.057666063
2.1412518,7.8298798,1.6615496,6.2871923,0.70164895,-1.336666,0.048862576,-0.49360195
2.215075,8.5959015,1.677,6.222856,0.7113259,-1.3277603,-0.018268526,-0.48770398
1.8746481,8.001332,1.6544478,6.207382,0.71488047,-1.3434451,0.10111189,-0.28789845
2.2485213,2.3856297,1.6554315,6.2310023,0.7135911,-1.3563232,0.076545954,-0.3200361
2.680826,2.758441,1.6006317,6.220237,0.7310791,-1.3697445,0.03037095,-0.029952586
2.9307587,2.5621388,1.5719762,6.2698593,0.7329693,-1.3978109,-0.06507075,-0.060711324
2.69445,5.5203624,1.6124573,6.304906,0.72980595,-1.3418751,-0.044684112,-0.44162744
2.5911052,6.0279746,1.6077309,6.299435,0.74207497,-1.3584334,-0.12984568,-0.0989933
2.7126539,5.9159184,1.5954766,6.3018675,0.73605275,-1.379848,-0.099449515,-0.49867764
2.0316875,4.216301,1.5698843,6.321225,0.7472291,-1.3795302,0.06897664,-0.17841491
2.3853366,5.4791417,1.5540702,6.3698034,0.7595043,-1.3810648,-0.05743891,-0.4812246
2.6292398,7.1287456,1.5665259,6.2660055,0.7618406,-1.411881,-0.07056278,-0.46556932
2.476696,9.172522,1.557343,6.242895,0.7604058,-1.3094873,-0.10196352,-0.48139215
2.29277,4.376913,1.5516937,6.244508,0.75448537,-1.3852262,-0.07373357,-0.47126722
2.432264,7.504452,1.4576354,6.412035,0.75297165,-1.3720663,-0.052190185,-0.45163277
2.64457,8.732115,1.44716,6.419165,0.7786224,-1.3638582,-0.11348504,-0.22635227
2.0476675,4.624544,1.4819565,6.385534,0.7722318,-1.3765869,-0.08458966,-0.3690095
1.4711502,6.1941724,1.513869,6.41136,0.77322507,-1.3783009,-0.14549321,-0.4397666
1.7681483,7.274029,1.4980321,6.4096794,0.76558375,-1.377501,-0.12862778,-0.43880844
1.8702382,6.941139,1.5077419,6.466342,0.7571757,-1.3814254,-0.17598903,-0.4924375
2.1125298,7.4959188,1.4952955,6.468165,0.74396396,-1.3569407,-0.045190036,-0.18130201
2.34373,9.521322,1.495369,6.395381,0.7518399,-1.4270005,0.03576386,-0.16702923
2.3610168,2.0780513,1.5316734,6.4970555,0.74727535,-1.4075744,-0.07499272,-0.3018319
2.2419314,9.5567875,1.5312874,6.5340486,0.7564287,-1.4990777,-0.059548974,-0.2862177
2.3320665,2.107557,1.536386,6.515124,0.76777315,-1.4666984,-0.019741416,-0.13724634
1.782108,2.1036737,1.5418074,6.4626284,0.7468169,-1.4387609,-0.09816396,-0.09531358
2.5962803,7.3703012,1.5072393,6.525219,0.7516782,-1.4610016,-0.0978508,-0.13346902
2.841647,9.433659,1.6000772,6.38745,0.7531874,-1.4732234,0.18480754,-0.3498694
1.7005018,8.434847,1.5658205,6.3731937,0.7797823,-1.5292926,-0.004077077,-0.37387794
2.8251345,2.8583882,1.5424814,6.365519,0.80824757,-1.4973403,0.08194566,0.09320545
2.4988933,4.529765,1.4724002,6.2824354,0.8458307,-1.50002,0.0011053085,-0.05127561
2.8490741,8.21758,1.4793031,6.2474165,0.8801398,-1.5651666,0.042024255,-0.009491742
2.7599835,3.5721388,1.4552646,6.2746973,0.8680463,-1.5157456,0.18589604,0.01981908
1.7875677,6.183219,1.4584146,6.3222084,0.8469789,-1.4943743,0.17865825,-0.19809389
2.649032,8.2997875,1.475518,6.327734,0.8347218,-1.4798415,0.1851008,-0.111678004
2.3462398,2.202802,1.4953282,6.2989473,0.8613801,-1.4944851,0.0737201,0.13550758
2.4993677,3.6392794,1.5338838,6.1990542,0.8278158,-1.4624991,0.17765522,-0.22852954
0.9753992,4.8817453,1.5887275,6.180583,0.826982,-1.4356384,0.02630186,-0.27308795
2.4721441,3.5317593,1.6150069,6.201931,0.78949547,-1.4773412,-0.07474214,-0.47723806
2.8877823,9.383836,1.5468273,6.3384724,0.7814379,-1.4827435,0.016709805,-0.23699236
2.9052737,8.843426,1.568965,6.3552737,0.7742486,-1.5093583,0.039105415,-0.33759132
2.7107437,4.0388374,1.7688055,6.077082,0.73117685,-1.4051646,-0.017252505,-0.3786469
2.5301704,4.1500597,1.7631934,6.1589365,0.73771906,-1.4297966,-0.11746651,-0.48293158
2.7534726,2.5622106,1.7740521,6.085975,0.7373977,-1.4418402,0.036105275,-0.4934694
1.2758131,4.550706,1.7705574,6.1025457,0.768451,-1.4462094,-0.024581134,-0.49602118
2.6087494,3.212604,1.7127686,6.110475,0.7780535,-1.4333242,0.0041080713,-0.35221177
2.076095,3.5450635,1.7533865,5.9807224,0.78508615,-1.4774666,0.085829854,-0.28571856
2.294448,4.532943,1.7822394,5.966891,0.80642104,-1.4734737,0.03757286,-0.2834661
2.0874841,2.7535634,1.8181703,6.0173626,0.7608342,-1.5374575,0.23506963,0.051284194
2.9530313,3.3276265,1.7168431,5.998377,0.7761657,-1.4408355,0.0910784,-0.2147829
2.9256024,3.1789596,1.7465701,5.994048,0.76944566,-1.4678782,0.052975893,-0.3419901
2.8854694,2.2648141,1.7105746,5.9921303,0.7907679,-1.4631052,0.05640447,-0.17808175
2.5732687,4.3723903,1.7117212,6.0593424,0.7905171,-1.4636881,0.020843267,-0.3624473
2.8278718,6.1871076,1.6904678,6.0027027,0.78842616,-1.4599183,0.022062063,-0.4063441
2.513261,4.085083,1.6687555,6.067154,0.78793526,-1.4602715,0.10247707,-0.39314073
2.32626,8.821594,1.6511946,6.167252,0.8024218,-1.4848652,0.08173919,-0.42182893
2.2403474,7.246796,1.5610552,6.207406,0.81659627,-1.4738498,-0.001992762,-0.381809
1.7676997,6.6667414,1.5565352,6.254068,0.80977273,-1.4782472,0.05702603,-0.42083764
1.5181811,8.668336,1.5524316,6.3182178,0.7749281,-1.4070969,-0.026825666,-0.44418728
2.3291996,8.502445,1.5059249,6.3614736,0.76856256,-1.3891423,-0.07055247,-0.49844298
2.2553935,8.103426,1.5095036,6.362836,0.77493334,-1.3753154,-0.051087677,-0.472537
1.7083846,8.514116,1.5030019,6.510161,0.7435901,-1.3976574,-0.09500992,-0.45761693
1.6701561,7.8409247,1.4272966,6.450856,0.7696862,-1.3740845,-0.02333963,-0.23792118
0.95580924,6.075652,1.4770384,6.615671,0.7559562,-1.3663809,-0.0049993396,-0.37529927
1.1326363,7.778741,1.4010935,6.566947,0.7812669,-1.3732542,-0.019941151,-0.38885677
1.7073972,9.126965,1.4479818,6.5513124,0.7486479,-1.3829216,-0.019423187,-0.40751788
2.0063882,2.157721,1.4585102,6.581539,0.7271249,-1.37596,0.033310056,-0.27234313
2.8056757,7.620758,1.4456263,6.5582867,0.7121031,-1.3864149,-0.012113571,-0.28561547
2.0563521,9.3299265,1.4878318,6.5971913,0.69056606,-1.4030213,0.054625154,-0.29745877
2.1031094,3.4253578,1.4872997,6.5119653,0.71182585,-1.4102361,-0.0016925335,-0.37099007
2.9021213,8.273728,1.5759687,6.3944855,0.76089907,-1.4992814,-0.06969589,-0.4351444
1.1112702,9.157988,1.6062598,6.3939247,0.781044,-1.4445094,-0.08695227,-0.49255145
1.3398983,7.659053,1.5966399,6.409707,0.7641208,-1.4886568,0.092789054,-0.49619085
1.4350071,6.8448772,1.5752974,6.421977,0.7388458,-1.4525932,-0.04940343,-0.49125215
1.8703256,2.2905545,1.4931579,6.474848,0.73663783,-1.4032755,-0.04164517,-0.37814552
1.6775509,2.314783,1.4901309,6.482475,0.78243566,-1.4639962,-0.06676084,-0.47866374
1.9836886,9.334682,1.5118046,6.4165554,0.7880151,-1.475575,-0.06566411,-0.4754664
2.017238,9.816401,1.503731,6.362726,0.78565025,-1.4135463,-0.0720129,-0.49587753
2.400405,5.1226406,1.4626818,6.437063,0.77928734,-1.4104602,-0.07844025,-0.4802088
1.876653,3.487877,1.4584994,6.4464283,0.80188227,-1.3981409,-0.09127164,-0.11064768
2.887866,8.645933,1.493464,6.4523253,0.75992894,-1.3904133,-0.09611958,-0.43428302
2.6494565,8.496416,1.5208464,6.487878,0.76364326,-1.4395475,-0.05610025,-0.34897667
2.6637697,8.301651,1.504216,6.5693984,0.7227657,-1.4135468,-0.14209384,-0.45918706
2.2619393,6.73496,1.4567881,6.524994,0.72952414,-1.3400276,-0.13895828,-0.462852
1.9798632,5.371644,1.4918535,6.493045,0.7239771,-1.3472679,-0.16039884,-0.45051566
1.7235808,4.1251125,1.5039692,6.4094915,0.73265934,-1.3693211,0.003483057,-0.46703005
2.2166095,9.596363,1.4793041,6.4732814,0.7315247,-1.3873432,-0.021897733,-0.49911076
2.1859403,7.601631,1.4860473,6.5741963,0.7317126,-1.4126294,0.090834975,-0.3964489
2.2362485,7.4486713,1.496685,6.527321,0.7084737,-1.4267045,-0.034079075,-0.29638934
2.4575257,7.7576756,1.5066202,6.609815,0.687592,-1.4116359,0.08674443,-0.1752632
2.0490613,9.468174,1.5028844,6.6383657,0.658458,-1.406422,0.14306462,-0.40045017
2.6347566,9.177053,1.5441847,6.672616,0.6530969,-1.4083407,-0.049049735,-0.44261056
2.1345687,9.337374,1.5422587,6.660098,0.65911555,-1.3842413,-0.12216407,-0.41875502
2.525368,4.0714846,1.5698819,6.64863,0.64570904,-1.3603878,-0.11565524,-0.4310399
2.428099,3.2135875,1.5429416,6.607768,0.6143563,-1.2855338,-0.09172195,0.026703238
1.8651614,2.0689247,1.4769001,6.709631,0.5925796,-1.2542844,-0.09387952,-0.49965534
2.7102072,2.1594255,1.4089923,6.7033405,0.63998556,-1.2471625,-0.13559484,-0.44992816
2.2629192,2.4688065,1.3982275,6.6662817,0.65373135,-1.2026007,-0.15174133,-0.47004578
1.0285585,2.3408694,1.4000287,6.6768656,0.615561,-1.2052498,-0.06386024,-0.3740538
2.165809,2.993952,1.5054705,6.69231,0.54831696,-1.2218728,-0.010855854,-0.39682558
1.8175906,9.721212,1.5222242,6.824147,0.5579541,-1.2001777,-0.052450538,-0.38984877
1.7865846,8.799529,1.5015502,6.8089952,0.56722593,-1.2385647,-0.00030994415,-0.4874441
2.1563208,7.744982,1.5100236,6.7463174,0.5460739,-1.1970273,-0.08216983,-0.4737521
1.6787348,8.894106,1.5836422,6.7377334,0.52729106,-1.1312495,-0.096099615,-0.3903711
1.6922343,6.830159,1.6438217,6.780652,0.47102404,-1.1221864,-0.06445742,-0.36893338
1.8658028,5.177849,1.6268055,6.7801085,0.48104572,-1.152547,-0.011173725,-0.464524
1.5711482,5.519,1.6617672,6.733342,0.48519683,-1.1732113,-0.004713714,-0.3787511
2.313806,3.7204094,1.6642535,6.6924458,0.49212265,-1.1839832,0.010596514,-0.41576126
1.4035927,5.4751415,1.6308508,6.746669,0.5071485,-1.1655164,0.06958175,-0.40988573
1.320646,8.394106,1.6409521,6.735962,0.5136044,-1.1913369,0.011893749,-0.48954457
1.4677052,9.368895,1.678308,6.7626343,0.507323,-1.2014432,0.017213225,-0.48475185
1.4239064,3.3287137,1.596684,6.818531,0.50211763,-1.1870532,0.027074933,-0.38279575
2.4647977,4.744215,1.4608688,6.7140694,0.53892946,-1.1565878,-0.03904265,-0.32789555
2.532854,9.0165205,1.4643643,6.777504,0.52402306,-1.1663828,-0.03540504,-0.46186
2.4058383,4.4393663,1.4418104,6.8605914,0.5167153,-1.1415107,-0.02569127,-0.34685442
1.6369067,3.164535,1.408452,6.970998,0.490453,-1.2145052,0.14059949,-0.29590937
1.7157751,8.832726,1.3792958,7.1998634,0.49005198,-1.195893,0.016141772,-0.2402055
1.6989421,7.830408,1.409534,7.099468,0.4624107,-1.1206559,0.0060794353,-0.4632753
1.9954004,7.458673,1.3971992,7.0373554,0.46277046,-1.1192231,0.06455541,-0.28689414
1.4362707,8.709656,1.3570251,7.0918007,0.46838093,-1.1201315,0.07770884,-0.16710845
1.483356,7.9091654,1.3510232,7.113901,0.46625805,-1.1182513,0.2022233,-0.09224087
1.382403,5.1910725,1.3885617,7.0047584,0.46446204,-1.1311612,0.08511472,0.031244218
2.8399343,6.890553,1.4275103,6.892463,0.48147988,-1.1086366,0.18360794,-0.008021057
2.5933418,9.5798,1.4543297,6.870488,0.4562261,-1.0951078,0.34132493,0.23738301
1.8187314,9.651694,1.4937613,6.898861,0.47563076,-1.1251706,0.19219482,0.012855589
2.4265246,9.778889,1.432498,6.88103,0.48053217,-1.1385344,0.19944346,0.08452928
1.7749876,3.9938064,1.5595069,6.8373556,0.48925257,-1.1547198,0.14613056,-0.04218775
1.7087376,4.750439,1.5214891,6.770726,0.49398947,-1.1578864,0.44810653,0.08724022
1.460263,3.7007318,1.5129471,6.7691507,0.50797224,-1.1360182,0.16019428,-0.24599135
1.1565654,4.0476985,1.5993829,6.770645,0.5326772,-1.2494314,0.19739175,-0.33955175
2.5113654,2.7908056,1.5996447,6.6998076,0.5041959,-1.2088153,0.07964623,-0.15708765
2.7163982,2.5434747,1.6286855,6.678602,0.4988246,-1.2651068,0.15028512,-0.32808363
1.0077467,2.7676783,1.6155467,6.657577,0.5222659,-1.211916,-0.034926713,-0.43990964
1.9735739,4.150197,1.581315,6.6685095,0.541332,-1.1801922,-0.02016598,-0.33408558
1.4143709,6.3744726,1.6095123,6.654889,0.5381651,-1.2183441,0.00024318695,-0.33148155
2.9313602,4.6211166,1.5872529,6.5737257,0.50680614,-1.1695018,0.026726246,-0.48823157
2.8488364,8.937378,1.5630937,6.6715107,0.49391365,-1.1161714,-0.0018851757,-0.476267
2.6816292,9.010118,1.5481303,6.609295,0.5063226,-1.111849,-0.061707795,-0.48113057
2.0207756,7.369882,1.6629283,6.6814384,0.48820233,-1.164196,0.04411757,-0.12536871
1.9101415,2.3745127,1.6072514,6.700737,0.48488212,-1.1557415,0.07726967,-0.15731645
1.9319884,5.268894,1.5518479,6.739129,0.51328063,-1.1544516,0.13152409,-0.34094927
1.402539,6.020541,1.5432556,6.685356,0.54706573,-1.1664147,0.124201775,-0.15606022
1.8744854,4.0624614,1.5319128,6.711541,0.5323365,-1.1763539,-0.04280871,-0.48739102
2.5931926,2.6161566,1.5428078,6.748718,0.50776696,-1.1733574,-0.0068575144,-0.14102182
2.832879,5.888352,1.5223851,6.7870154,0.47392225,-1.1764157,-0.005780697,-0.123488545
2.9308934,7.900918,1.4318323,6.793456,0.4910233,-1.0969784,0.3624382,-0.23196578
2.9139662,8.006399,1.4559677,6.805193,0.49562955,-1.096813,0.2505052,0.2769704
2.6876745,8.184902,1.454422,6.79331,0.4689834,-1.0733811,0.2167275,0.15633017
1.5652945,3.556064,1.477798,6.807991,0.44820166,-1.0717988,0.1843704,0.058733225
2.8275907,7.2675834,1.4734182,6.904867,0.45085168,-1.1105483,0.1624459,0.27773833
2.1633272,6.9264464,1.4692183,6.90303,0.44898486,-1.1293298,0.17857528,0.11088145
2.3273642,8.67803,1.4815018,6.8613853,0.4672613,-1.1672552,0.25504947,0.10531753
2.0602007,3.391446,1.4123805,6.8590302,0.5191872,-1.1413794,0.24960887,-0.1843977
1.3131726,2.0436094,1.3806019,6.8463745,0.53377914,-1.1444496,0.18185341,0.27590144
1.8288286,9.598019,1.4053891,6.8926067,0.512789,-1.1156298,0.068231225,-0.083981246
1.4800177,6.939282,1.3661208,6.9232893,0.5267525,-1.1688173,0.054124832,-0.46490383
1.898016,5.2898264,1.4010673,6.9495187,0.54801226,-1.1834233,-0.041428804,-0.44468674
1.5432657,9.46529,1.3882403,6.996953,0.5428717,-1.1687531,-0.07715827,-0.43010962
1.3557639,8.952915,1.4715261,7.010015,0.5317488,-1.2474995,0.044563413,-0.43914834
1.7480371,6.7894397,1.4517229,6.9996505,0.48793912,-1.2045704,-0.027714074,-0.48516884
1.8197284,5.4173136,1.4754043,6.9354954,0.48865747,-1.1638405,0.073796034,-0.19325677
1.4945987,7.9561367,1.3996663,7.0481453,0.5049045,-1.1595762,0.07606077,-0.19181004
1.4469115,9.060467,1.3666949,7.008782,0.5182569,-1.1794631,0.14155138,-0.28214043
1.8323147,8.325403,1.4382784,6.9970546,0.5187962,-1.2353449,0.045473933,-0.31526846
2.0334282,5.16619,1.5329025,6.950036,0.4504738,-1.1871997,0.018057227,-0.221944
1.906144,3.963979,1.5222411,6.931314,0.4557457,-1.1032434,-0.05951339,-0.36126268
1.9018474,7.698348,1.4735065,6.903426,0.4518659,-1.0382562,-0.09431553,-0.44923058
2.1101766,4.9975233,1.519445,6.8379335,0.45024133,-1.0572538,-0.09963298,-0.3981764
2.3960872,6.423105,1.4721735,6.875782,0.44438505,-1.0465912,0.06043172,-0.4608786
2.7171278,8.083562,1.4459383,6.919077,0.45249248,-1.0690473,-0.17680615,-0.4775743
2.7949004,8.667963,1.433645,6.8890977,0.4501772,-1.0806291,-0.14427769,-0.428716
1.8648272,6.2358446,1.4009659,6.923245,0.47011995,-1.052711,-0.12293184,-0.47205567
2.3553576,6.6870265,1.3608837,7.0048256,0.4546628,-1.0665281,-0.08619195,-0.29947624
2.0396266,7.5081263,1.4109588,7.008153,0.45333004,-1.092193,-0.04130107,-0.28031597
2.2503405,4.488434,1.3977528,7.003777,0.43026996,-1.0767056,-0.06263113,-0.46147546
1.8975983,3.9772263,1.4855576,6.95877,0.43129516,-1.0629432,-0.030543745,-0.43049058
2.1144009,7.6562123,1.501538,6.927167,0.43751526,-1.0714291,-0.05016601,-0.37208378
2.1126437,7.3022404,1.4924684,6.943524,0.421561,-1.082243,0.045199633,-0.42211252
2.0163703,8.175531,1.5146141,6.9400845,0.41842318,-1.1092038,0.14535713,-0.30161935
2.2764168,2.9194112,1.5138273,6.927334,0.41423178,-1.114711,0.06521225,-0.46685687
2.6855185,8.58445,1.5229516,6.8281283,0.44296026,-1.1177284,0.03150332,-0.23460734
2.9540517,4.8560123,1.5519047,6.779704,0.44382,-1.142555,0.11427641,-0.021250278
2.8573136,9.654834,1.5391638,6.8184514,0.45438528,-1.1106353,0.17313957,-0.18845046
2.0266738,2.3745089,1.5338469,6.8012776,0.45491052,-1.1512976,0.20411062,-0.2367309
2.2172093,7.5505323,1.5566797,6.896415,0.40885448,-1.1028582,-0.08574188,-0.2322889
2.4933581,4.5023766,1.5619106,6.820572,0.41478276,-1.0683484,-0.00050997734,-0.34564108
2.013516,9.09761,1.6014147,6.8528223,0.4170444,-1.0333275,0.04282701,-0.38492712
1.5080645,4.781352,1.6182685,6.860154,0.38991785,-0.96302366,-0.057864547,-0.31890956
2.1017582,5.2355366,1.6517007,6.7479115,0.37907887,-0.93096876,-0.13495749,-0.48567078
2.3814516,3.937408,1.6129034,6.787413,0.39334345,-0.92650104,-0.13889396,-0.3237325
1.9902897,2.856877,1.6392527,6.7509346,0.38147545,-0.91931057,-0.122603774,-0.40554887
2.2626438,2.4111364,1.6915336,6.6338744,0.40092492,-0.9315381,-0.20648432,-0.42287403
1.1321192,2.391266,1.7115715,6.622977,0.4011855,-0.9631791,0.13699818,-0.469069
2.983962,6.766843,1.698286,6.6180277,0.406909,-0.9771445,-0.18646336,-0.48905265
2.4391806,6.151794,1.7275274,6.646146,0.41386676,-0.9784982,-0.19824797,-0.49703524
2.4408627,3.393015,1.7152977,6.683953,0.3875866,-0.96487474,-0.21788073,-0.49695
2.744226,2.7497115,1.6495881,6.6745076,0.42152882,-0.98516035,-0.22485834,-0.2320031
2.482318,4.0452704,1.5529478,6.7577796,0.44598055,-1.0003567,-0.17747569,-0.49485046
2.3065846,9.439411,1.6189923,6.7650456,0.42951298,-0.98815775,-0.057196558,-0.49412495
2.452184,6.7832475,1.5246549,6.902582,0.43455672,-1.1006122,-0.08216679,-0.49617928
2.8977354,6.827,1.4748721,6.8725777,0.45881343,-1.1066914,-0.0969522,-0.4897133
2.3043962,7.6396646,1.4263561,6.9012423,0.44958472,-1.0248377,-0.03286457,-0.41751146
2.5141063,8.558701,1.4495382,6.992298,0.43130302,-1.1153531,0.06279755,-0.42746288
2.3206663,9.692892,1.5374525,6.9743814,0.42628002,-1.102927,-0.024609983,-0.47413433
2.327414,3.4963624,1.4993901,6.9714603,0.41114616,-1.0540892,-0.12047708,-0.49252573
2.820406,9.433221,1.478307,7.024709,0.40645266,-1.1048452,-0.038586497,-0.4427687
2.256647,5.2021894,1.4825265,7.0098286,0.39755273,-1.0876061,0.024096966,-0.42806914
1.1332294,2.1025496,1.4930737,6.971574,0.39487195,-1.0664839,0.076940775,-0.38692507
1.8369776,2.4493244,1.4534295,6.9725695,0.42837787,-1.0948002,-0.060975432,-0.3221231
2.4406335,2.2442808,1.4101105,6.977679,0.4536395,-1.0989937,-0.005952835,-0.31194797
1.6916181,7.3501883,1.3846421,7.037801,0.46284652,-1.1652212,0.16033292,-0.11622283
2.2804947,6.3144617,1.2830582,7.0739064,0.49240518,-1.1291703,0.031269073,-0.41983297
2.0725555,2.4856043,1.3298745,7.0275936,0.45760036,-1.08445,-0.07869393,-0.3403572
2.292766,2.8950686,1.3826051,7.0892296,0.44713426,-1.1268222,-0.07179469,-0.30625844
1.1647047,2.4269972,1.3848803,7.0853386,0.4630661,-1.0953946,-0.12188208,-0.48582584
1.0772223,2.5597165,1.4104815,7.0189853,0.43930244,-1.0706959,-0.037919402,-0.44480056
0.9081555,2.9059865,1.43292,7.0729823,0.42676353,-1.1249552,0.23196244,-0.31615138
0.9097759,3.3305402,1.428107,7.203439,0.45864034,-1.1139419,-0.0650844,-0.35027784
0.7274827,3.5320506,1.4142978,7.21832,0.46684527,-1.1215475,-0.04937035,-0.3581054
0.817303,3.5243201,1.4336619,7.1723514,0.46386862,-1.1085931,-0.035109222,-0.46789742
0.93541706,4.5174866,1.4884729,7.1334677,0.46128368,-1.1350131,-0.010714829,-0.49905106
1.0899966,4.6382227,1.4769022,7.133466,0.44975686,-1.085916,-0.13735247,-0.49779904
1.0785068,4.1551924,1.395309,7.174103,0.41284323,-1.0374553,-0.03207165,-0.4921781
1.4895562,4.168479,1.3915606,7.194163,0.4086218,-1.0994294,0.0141534805,-0.38159564
1.4665982,7.2254224,1.3879805,7.2588468,0.39835334,-1.0897918,-0.01318866,-0.41272134
1.3117173,5.3420362,1.3822515,7.1989923,0.4106431,-1.0894257,0.003239274,-0.40923798
1.2818468,6.1295695,1.3855443,7.1362214,0.42230582,-1.0333946,-0.08736366,-0.44787967
2.0528579,7.3315797,1.3241181,7.030261,0.41772294,-0.95564055,0.029591799,-0.1416572
2.997196,5.0703077,1.2944102,7.097009,0.39118218,-0.970351,-0.06419778,-0.360255
2.8938923,8.439231,1.304018,7.0767403,0.3768413,-0.9791329,-0.08974618,-0.3722905
2.9386623,7.6089516,1.3808722,7.228528,0.3854077,-1.0724119,-0.11711806,-0.21888638
2.840837,9.235724,1.3364811,7.2189183,0.39434862,-1.0703976,-0.040140927,-0.36548644
2.1930068,9.346939,1.314203,7.2468586,0.39169502,-1.0292954,-0.07605207,-0.31336552
2.0285082,9.014057,1.3144252,7.2694254,0.39011192,-1.0265539,-0.051386118,-0.3109614
1.6208575,7.1498027,1.3569989,7.3114786,0.371351,-1.0514574,-0.025370836,-0.28371137
2.8044953,7.3623815,1.2147269,7.3497586,0.38171387,-1.0616992,-0.074653745,-0.34393847
2.536419,7.774738,1.2081785,7.366046,0.37195444,-1.0566368,-0.06314659,-0.42525947
2.5342395,3.9594412,1.1650038,7.34398,0.3888383,-1.0701025,-0.06730026,-0.09912285
1.965395,8.913583,1.2439017,7.3093657,0.37019753,-0.99572253,0.038619757,-0.115810275
1.9331077,8.981382,1.2006087,7.305526,0.3712089,-0.9770436,0.10291505,-0.067273855
1.6047124,6.027248,1.3011715,7.2688947,0.35309935,-0.9977658,0.13744128,-0.2826492
2.3319988,2.343824,1.4281445,7.912801,-0.1783557,-0.43990207,-0.15102845,-0.3980811
2.8708863,3.4957113,1.3726721,7.8146434,-0.16022551,-0.45560122,-0.07062638,-0.48943833
1.7490102,2.2109256,1.4765453,7.7851405,-0.15580964,-0.46721435,-0.0048391223,0.1508522
2.5104856,2.5453901,1.3920367,7.7769876,-0.1343106,-0.48308706,-0.056273878,-0.4054397
1.6468583,2.3288255,1.4590993,7.7838764,-0.14067268,-0.47058535,-0.032645047,-0.20934376
1.9000291,2.0662,1.5052319,7.833059,-0.15878189,-0.48450398,-0.025133967,-0.4636428
2.1195226,2.0764816,1.5327601,7.8370886,-0.1575712,-0.5372138,-0.08471221,-0.48089167
2.3863337,3.3750825,1.3827105,7.784647,-0.13500404,-0.52024317,0.0076192617,-0.22925365
2.5011404,2.3822248,1.3896835,7.819489,-0.13765228,-0.58077097,0.11356211,0.039388
2.6768827,3.0141535,1.4951968,7.6877275,-0.13926136,-0.5322237,0.117527485,-0.13926461
2.9830673,3.6740346,1.5128875,7.8070283,-0.16016424,-0.5682373,0.119630575,-0.13860288
2.9896007,3.118525,1.5989213,7.697173,-0.17147279,-0.5416751,0.10831928,-0.24954683
2.9563217,3.0485244,1.4749434,7.6465116,-0.15997791,-0.4524045,0.09686041,-0.27454838
2.9323463,3.3167083,1.491065,7.703206,-0.16912103,-0.471457,0.083545804,-0.16060558
2.854687,3.1310196,1.5175409,7.693143,-0.14785981,-0.44146347,0.17649972,-0.44735885
2.8442795,2.6905732,1.601306,7.694709,-0.16000319,-0.5025308,0.08231366,-0.42196825
2.9762282,2.856118,1.6678059,7.6450534,-0.1568706,-0.4611025,-0.09309834,-0.401308
2.4516604,2.1168625,1.5458026,7.8382516,-0.15857697,-0.44351292,-0.109098434,-0.34705052
2.1794062,2.0550385,1.4888091,7.7624264,-0.1289885,-0.46950865,-0.01438278,-0.2851819
2.2206752,2.0351655,1.4213333,7.7834454,-0.14160895,-0.47023153,0.037237644,-0.22993681
1.8248477,2.0233378,1.4203973,7.7608614,-0.1574235,-0.45604038,0.022063494,0.015182674
2.9145713,2.0960655,1.3721929,7.747736,-0.16565526,-0.4610541,0.013453603,-0.34116447
2.8652213,2.1821895,1.4869702,7.788508,-0.16065168,-0.49085426,-0.007820249,-0.00934127
2.7038124,2.5929823,1.5082102,7.792249,-0.15680456,-0.48463917,0.070415616,-0.23291773
2.646154,3.468925,1.51792,7.7823205,-0.14477158,-0.52861,0.09726262,-0.32051975
2.5592985,2.4834285,1.50735,7.805419,-0.1333158,-0.5200577,-0.037246287,-0.42731354
2.7807689,3.738802,1.465828,7.7950816,-0.12403548,-0.5684619,0.005523205,-0.03475985
2.4690335,2.068591,1.4022777,7.8128347,-0.12316811,-0.56113863,0.0436939,-0.23918802
1.8114821,2.041029,1.4071872,7.765005,-0.14235055,-0.46029925,0.12165344,0.22701222
2.385039,2.006202,1.4094846,7.770324,-0.14100087,-0.51114774,0.09899545,-0.155541
2.4008145,2.9364333,1.3907015,7.749428,-0.12032664,-0.5525689,0.09882176,-0.25715554
2.9961145,3.1499383,1.4215374,7.823699,-0.11824238,-0.58833003,0.113456964,-0.03888634
2.9957588,4.834402,1.4360566,7.801011,-0.12051833,-0.5858984,0.30753374,0.06531119
2.3902707,3.601929,1.386682,7.841967,-0.089722395,-0.5923941,0.50930214,0.32081604
2.6997528,4.8913584,1.3796666,7.802248,-0.079039454,-0.5957639,0.0586102,0.19898897
2.5934556,4.1587033,1.3466461,7.7919807,-0.06772518,-0.63324594,0.6942353,0.22993928
2.213313,5.882719,1.4061172,7.819829,-0.07187164,-0.6321857,0.43674183,0.29756075
2.8930118,5.6748405,1.4973674,7.7286935,-0.06542957,-0.6297896,0.46269202,0.30245686
2.8740413,5.8502502,1.3158772,7.740973,-0.06349087,-0.5622306,0.4235376,0.08537912
2.9513063,4.597225,1.2948718,7.858015,-0.058926344,-0.58721757,0.28766525,0.3879676
2.9846175,7.663737,1.2029881,7.871171,-0.04834187,-0.62167406,0.2807852,0.3996793
2.1592388,7.1201835,1.2288179,7.9344625,-0.041967392,-0.59327507,0.42301786,0.22092348
2.0962253,5.684291,1.1273375,7.9976144,-0.008497715,-0.67350507,0.41735232,0.35210538
1.9696807,5.2813706,1.0552521,7.967612,0.021435976,-0.6952112,0.20968246,0.15131569
2.185153,6.450865,1.020443,7.936962,0.041926146,-0.6940634,0.14288092,0.115362585
1.8789,4.7202034,1.0735414,7.9465723,0.035362482,-0.6514392,0.1674906,-0.18936333
2.0580206,5.548463,1.0543325,7.9176807,0.033125877,-0.65367603,0.098166704,-0.0013980865
1.8575577,5.0506563,0.9854301,7.9394207,0.048381567,-0.6750989,0.050195217,-0.30969232
2.2303052,5.100851,0.93175983,7.9599247,0.014638662,-0.6418781,-0.11891228,-0.17277634
2.1921387,4.5721884,0.8377148,7.9792976,0.035101414,-0.65820193,-0.20172644,-0.48614064
2.47744,6.919609,0.7333994,7.9792895,0.07267022,-0.60256267,-0.09837258,-0.44977784
2.415366,6.182489,0.71949935,7.9812136,0.066952705,-0.58011293,-0.27363902,-0.40992686
2.8258653,7.421515,0.6927769,7.966314,0.056128025,-0.6060469,-0.15977281,-0.304993
2.8339987,8.166342,0.74506783,7.959507,0.051058292,-0.6481068,-0.16041511,-0.38491887
2.9429898,6.6843996,0.9577317,7.904914,0.031790495,-0.6406574,-0.16363108,-0.37684608
2.9563148,6.902811,1.0485458,7.832144,0.026849747,-0.6089821,-0.10598588,-0.42391682
2.9295096,3.6906686,0.8648144,7.814725,0.033950567,-0.5696447,-0.13212168,-0.48526478
2.8942285,7.8961167,0.84916997,7.83309,0.04714918,-0.5768845,-0.12406415,-0.4862379
2.8669095,4.139908,0.8535527,7.8220606,0.03640437,-0.62624884,-0.08666426,-0.40034753
2.7169619,3.2751033,0.99732125,7.837583,0.043193102,-0.662395,-0.055847704,-0.17446393
2.815364,3.5670757,1.1057839,7.738586,0.07609367,-0.67052865,-0.15623999,-0.42102256
2.8227081,7.1527734,1.1180952,7.7933326,0.053972483,-0.6346469,-0.16482085,-0.4704627
2.6948605,7.2204437,1.1753035,7.7440553,0.057547092,-0.70900536,-0.14448804,-0.4720315
2.4805238,3.8824067,1.2093303,7.749752,0.03026414,-0.6718426,-0.054773867,-0.29731607
2.6509118,3.0160651,1.353097,7.6885114,0.03359461,-0.6878927,-0.07728964,-0.26159662
2.8944805,2.6920245,1.3654656,7.624032,0.02382183,-0.6487994,-0.038882256,-0.04775533
2.7997534,3.9075756,1.3697329,7.5868187,0.021053076,-0.6608739,-0.0034981966,-0.39524716
2.8830862,4.7324047,1.3239646,7.6987453,-0.0011713505,-0.67991304,0.47342682,0.05818546
2.8206568,9.063645,1.3266258,7.6864552,0.024958372,-0.72950125,0.39811444,0.06774378
2.431807,8.63516,1.1855822,7.7331085,0.051351547,-0.7373564,0.32240105,-0.059268653
2.6731253,7.779015,1.1775436,7.793078,0.041427612,-0.7339368,0.17779827,-0.057629704
2.4248827,7.623562,1.1732595,7.839986,0.02967143,-0.6907859,0.35147452,0.06877756
2.7015824,7.330162,1.2252998,7.767762,-0.00042712688,-0.6839514,0.20086634,0.006644845
2.833942,4.55209,1.3084102,7.7680774,-0.035265207,-0.6789501,0.32928312,0.0735482
2.2657413,5.060656,1.3637223,7.7559657,-0.019816875,-0.62710476,0.34646988,-0.15349129
2.1862807,5.7011557,1.3886123,7.828291,-0.030116796,-0.6117134,0.3762474,0.17055547
2.3734038,5.7395754,1.4388256,7.673731,-0.019471407,-0.61318684,0.34888518,0.30067348
2.6856318,3.6738594,1.4373114,7.6960406,-0.057527542,-0.6494527,0.27091134,0.12398481
2.7429543,3.5527067,1.4668767,7.686312,-0.03373027,-0.6260543,0.29265344,0.36222613
2.8248935,7.368344,1.4090838,7.7286057,-0.05560863,-0.58705735,0.32530463,0.39853466
1.9051336,6.8724895,1.4510396,7.8515024,-0.035696268,-0.6956582,2.2822864,0.20279872
1.7268575,6.0430017,1.4637654,7.915841,-0.047158122,-0.6889422,2.4423156,0.3200494
2.2914054,8.476894,1.3816323,7.943641,-0.041145563,-0.63209176,1.3186953,0.55099165
2.4912415,8.707326,1.3871005,7.8858237,-0.04517448,-0.6368005,0.8466146,0.42401367
2.4833677,6.757889,1.3378899,7.8214436,-0.022513628,-0.63517904,1.3962207,0.5534003
2.2048004,6.991008,1.2995877,7.882538,-0.036821246,-0.6071031,2.9321399,0.4719723
2.5158913,9.117134,1.3035631,7.8790345,-0.034798026,-0.66221166,2.6507208,0.45519972
2.5438192,9.186034,1.2608588,7.8958797,-0.03153634,-0.62695503,2.5895236,0.40723377
2.4088387,8.249793,1.2752111,7.8828826,-0.043445468,-0.6317203,1.9874444,0.36461997
2.3581672,7.345301,1.2669418,7.879924,-0.0282799,-0.6038568,2.0271087,0.38520926
1.9449829,5.5419273,1.2780993,7.897047,-0.025005102,-0.6073499,2.3170106,0.47848964
1.8839245,4.5116444,1.2076535,7.883684,0.004019022,-0.6435008,1.0223918,0.49946308
2.1057053,8.040773,1.3675587,7.843957,-0.014062047,-0.71947813,1.136606,0.4204483
1.6926633,6.62928,1.4662936,7.79746,0.000103235245,-0.71627855,2.0728726,0.45227385
1.607445,6.442399,1.4743462,7.7802234,0.024812937,-0.7045641,1.3893335,0.3913796
1.7010732,7.3081903,1.4417582,7.739905,0.05317211,-0.70731354,1.507551,0.49396574
1.633,8.588915,1.4721582,7.677338,0.05131173,-0.67406654,2.349374,0.3575809
1.7336249,7.1685996,1.5059731,7.535475,0.06706214,-0.76087284,2.087825,0.42676985
2.037168,6.8277297,1.4714453,7.5385456,0.10464096,-0.75180125,2.0602045,0.4891721
2.0505633,4.9263964,1.4949422,7.439253,0.09171033,-0.7950585,0.76387525,0.48626882
2.651675,9.753536,1.405709,7.459218,0.11245012,-0.7428398,0.5365591,0.40019214
2.1309123,5.8328342,1.384202,7.494073,0.10783625,-0.77247477,0.526304,0.3908308
1.9479046,5.1808205,1.3633003,7.518613,0.10503888,-0.76862144,0.18159485,0.00013387203
2.2103214,2.1975582,1.3715396,7.512508,0.07552338,-0.7592311,0.18383038,-0.13451427
1.9407239,2.5828364,1.3974419,7.5389442,0.074585676,-0.7228508,0.09381783,-0.18219295
1.7716205,2.9462955,1.4580312,7.5217304,0.08109951,-0.758235,0.05127287,-0.16991824
2.0075297,2.429803,1.4988403,7.40316,0.0908761,-0.76731277,0.042697668,-0.3097821
2.4594498,2.2984157,1.4747932,7.43998,0.14598727,-0.7762008,-0.06461054,-0.18736708
2.6342866,8.234949,1.2786894,7.4451504,0.19996786,-0.8188591,-0.116821945,-0.456408
2.1196423,7.090163,1.3477533,7.4583793,0.20100021,-0.8370173,0.08263743,-0.39288217
2.314126,5.3925457,1.4058704,7.4176693,0.20285559,-0.8821163,-0.10238224,-0.40817618
1.9254401,5.911154,1.3803291,7.4520106,0.2159965,-0.89755297,0.14253426,-0.34740424
1.7260542,6.3258224,1.3919342,7.456224,0.213444,-0.8763828,0.15668511,-0.4747257
1.7516553,9.545376,1.3739243,7.5757504,0.22880912,-0.94862604,0.16322672,-0.49376765
1.6133001,6.712228,1.372896,7.5283146,0.23835492,-0.95581126,0.19105232,-0.09239927
2.513865,8.27095,1.329937,7.541246,0.21303749,-0.8813422,0.07241881,-0.30544052
2.1409967,7.1818757,1.3644819,7.601571,0.1536026,-0.9319086,0.07303834,-0.4374169
2.098518,6.7723317,1.2371716,7.5951505,0.16628623,-0.8252044,0.041640997,-0.43610796
2.2123127,6.1764145,1.2164712,7.6266894,0.14538503,-0.8447573,0.07707739,-0.23966527
2.239956,7.000474,1.2395368,7.710506,0.14878464,-0.79843664,0.029826283,-0.23867738
2.1796286,4.1043262,1.1867607,7.6499205,0.16686583,-0.87606335,0.052224755,-0.25622663
2.3897479,6.20867,1.1824646,7.5722065,0.1719656,-0.8450422,0.10451329,-0.23558295
2.4921467,6.3165774,1.2128754,7.6089973,0.1768403,-0.8403573,-0.0117926,0.059780836
2.280528,7.717452,1.2754066,7.5825996,0.19567728,-0.8673115,0.18354332,0.028939962
2.570902,9.389728,1.2450454,7.5808153,0.17191577,-0.8373883,0.07429016,-0.21077552
2.4571986,5.6768217,1.2697,7.6064954,0.16944599,-0.8910787,0.08317149,-0.27109158
2.33913,6.5526195,1.0792334,7.6519017,0.16798377,-0.846364,-0.0064613223,-0.11356479
1.7726117,5.113529,1.0629115,7.729154,0.22151804,-0.8525357,-0.059304595,-0.29756784
2.0391262,7.614438,1.2132375,7.6522017,0.17059016,-0.8470526,0.042235136,-0.457792
2.2385383,7.5670857,1.2572079,7.6549478,0.17495322,-0.81253266,-0.08143592,-0.23288009
2.2288463,4.8341208,1.1920648,7.6448374,0.18815231,-0.8802326,0.04150188,-0.23789698
1.8711922,6.593368,1.1688633,7.6839566,0.19666958,-0.84258366,-0.016207218,-0.32113025
2.5237794,6.751972,1.1082752,7.694262,0.18391562,-0.8642659,-0.03174478,-0.28918847
2.367864,7.6543107,1.1576874,7.726361,0.16668963,-0.86568666,-0.0394423,-0.29960257
2.5391502,7.775363,1.0772815,7.8414745,0.16215158,-0.8445823,-0.040034354,-0.083473384
2.466263,9.3967495,1.2186697,7.7833066,0.1648817,-0.8846841,0.09485245,-0.31657338
2.4051836,9.167549,1.2262945,7.68206,0.19309974,-0.8574705,-0.006474495,-0.26473922
2.8598435,9.053873,1.2957249,7.516706,0.18662238,-0.87362933,0.24323797,-0.22351396
2.919248,6.431477,1.2006631,7.4791207,0.19130754,-0.8192544,0.021619797,-0.21596056
2.920633,8.199292,1.2251694,7.412423,0.21459651,-0.81540227,0.055620432,-0.21524465
2.4030375,9.679056,1.3292196,7.4380236,0.21545148,-0.8344178,0.08548951,-0.16290456
2.23239,9.318362,1.3206339,7.3829446,0.2641585,-0.8968713,0.075252295,-0.22696269
2.5564432,3.5626712,1.350054,7.1664886,0.31826806,-0.98686385,0.06020999,-0.2839533
2.5155218,4.951171,1.4176788,7.2350116,0.27708507,-0.98003674,-0.0017908812,-0.25551513
2.7928128,6.003635,1.4918606,7.092775,0.27907324,-0.9440186,0.008280039,-0.3131431
1.7425534,4.841804,1.542422,7.0779967,0.26777816,-0.8976333,0.07205355,-0.29534066
1.8140533,2.3787916,1.4163525,7.155036,0.27848315,-0.9183643,0.053171277,-0.10246521
2.562616,2.626193,1.4281621,7.1328745,0.28669047,-0.9206631,0.087369084,-0.07326922
1.9131012,3.0150168,1.4415588,7.1114483,0.29284883,-0.8852601,0.10947454,0.1590538
1.8453221,4.221127,1.4906421,7.214698,0.28032255,-0.9644983,0.39523268,0.3279941
1.5222797,5.8035793,1.4961417,7.2174673,0.2944677,-0.9872153,0.5394552,0.3220504
1.93808,9.089104,1.3946147,7.200204,0.3111589,-0.99815345,0.49635446,0.20270205
1.875919,6.3996067,1.4912982,7.183873,0.3281808,-1.007624,0.27014542,-0.07314688
2.1113622,4.7422495,1.5008447,7.089284,0.33510423,-1.0569289,0.059005857,-0.3658626
1.4502759,6.3855557,1.5301003,7.113467,0.349571,-0.96240854,0.010293484,-0.4092242
1.4517255,7.5127234,1.5758629,7.1552377,0.32481074,-0.9950969,0.035024405,-0.48768407
1.8057528,8.564415,1.4263415,7.0714836,0.3839047,-1.0055714,0.1539805,-0.49128723
1.8790908,9.067657,1.2993882,7.229882,0.43547487,-1.1084926,-0.115048826,-0.44251287
2.0247555,4.6891394,1.3396845,7.2581253,0.42706656,-1.0860152,-0.21950716,-0.47041145
1.903601,8.114331,1.3331923,7.1942205,0.41439652,-1.0812058,0.091753244,-0.498663
1.8743352,7.6917205,1.2677486,7.2059035,0.42948174,-1.0804331,0.10481334,-0.49824628
2.0711212,4.286977,1.2947714,7.1666408,0.43154836,-1.0763415,-0.07754809,-0.19968757
1.1442242,3.8112507,1.3601377,7.1868033,0.41867542,-1.06393,0.0479815,-0.4554155
1.0737041,5.6210103,1.4087486,7.224244,0.40387392,-1.0197246,-0.07959086,-0.46068752
1.3286139,4.8153696,1.4153924,7.2215686,0.376292,-1.0213449,-0.08580595,-0.36610538
1.3764061,4.77166,1.3702164,7.205248,0.40334868,-1.0147424,-0.13436288,-0.44871625
1.5250602,5.255394,1.3895681,7.161886,0.3977933,-1.0268488,-0.09418851,-0.41536754
2.0699558,5.240122,1.3834255,7.1636276,0.34925056,-1.01305,-0.052965164,-0.4896847
2.0757964,6.278015,1.3823638,7.1736054,0.3632257,-1.0293691,-0.050967097,-0.29735047
2.541613,4.816806,1.41992,7.12935,0.3593316,-0.99234366,-0.14155847,-0.22418901
1.5195408,4.663248,1.4172213,7.16099,0.39016795,-0.9883146,-0.11865181,-0.41674736
1.7298955,4.8254986,1.2911043,7.15933,0.4051497,-0.96050715,-0.10707623,-0.4552602
1.6832508,2.6314197,1.4174848,7.1478634,0.39975977,-0.9941485,-0.06420851,-0.13120657
2.923388,2.5535953,1.4443517,6.9132624,0.40220284,-1.0745401,0.05345285,-0.3056662
2.540269,2.281138,1.4294825,6.9224386,0.4116912,-1.0332563,0.0068417788,-0.17824352
2.9417577,6.7109113,1.5769367,6.9124174,0.39353108,-1.0233102,-0.23341972,-0.49742877
2.7862854,2.8291879,1.5996127,6.949871,0.39030623,-1.0345452,-0.24033809,-0.48770487
2.6381683,6.316745,1.5962925,6.941422,0.3825302,-1.0535648,-0.2268042,-0.48117512
2.766083,7.4176216,1.5816307,6.939762,0.38558626,-1.0546086,-0.12586212,-0.40518034
2.869394,4.9471135,1.5068874,6.982991,0.35355878,-1.0036311,-0.029365718,-0.49045137
2.6046858,4.6452374,1.4622905,7.0870056,0.34021664,-1.0094719,-0.023085356,-0.38720548
2.063478,3.723849,1.4873495,7.085856,0.326303,-0.98639655,-0.0031327605,-0.18117991
2.094427,3.873466,1.4474924,7.083603,0.32862186,-0.95171285,-0.06744999,-0.36242488
2.1725132,3.9430165,1.5122747,7.0538616,0.33903766,-0.9551878,0.005820751,-0.317633
1.2248508,3.6667347,1.4641371,7.1377015,0.36130476,-0.9533527,-0.10186124,-0.42195797
2.4565687,3.397085,1.4179208,7.082913,0.33901072,-0.9502983,-0.056550145,-0.4658475
2.1071684,2.8326476,1.4680004,7.0546894,0.35815787,-0.96039367,-0.045244157,-0.49300674
1.4934092,4.2152925,1.5243454,7.0473375,0.34297705,-1.0099626,0.055658817,-0.49944764
2.6778822,3.7437663,1.5173769,7.05338,0.34108424,-1.019561,-0.0435068,-0.49905002
2.912884,9.824497,1.4465528,7.068531,0.33710217,-0.9384122,-0.027440786,-0.23727798
2.884046,8.816176,1.4890907,7.11014,0.33194447,-0.96753216,-0.07490611,-0.4822447
2.677631,2.32623,1.5553634,6.9529896,0.36368394,-0.97236776,-0.06364977,-0.47019222
1.526416,2.6621778,1.4296322,6.9438744,0.3867736,-0.9817598,-0.07466465,-0.44522214
1.4116694,3.0627854,1.4491091,6.9760704,0.41447687,-1.0403141,-0.048979104,-0.22593969
1.4118927,3.7109466,1.4861815,6.9904814,0.43078828,-1.090461,0.16444516,-0.22896016
1.435753,2.799752,1.5046053,6.914013,0.43904257,-1.1246486,0.11775708,-0.015625179
1.2054777,2.716834,1.4912081,6.821055,0.44030714,-1.082253,0.2786286,0.11006898
1.3570786,2.8776984,1.5506122,6.8208,0.42835498,-1.0265254,0.26061058,0.2557258
2.859398,3.042221,1.501261,6.8514075,0.42572117,-1.0514102,0.17159617,0.17522687
2.0173898,6.493214,1.4700587,6.9389954,0.46122265,-1.1029215,0.17838502,-0.028599262
1.6370333,2.4422045,0.72166955,8.626114,-0.3649013,-0.2871964,-0.11518633,-0.14518598
1.8026963,3.0180998,0.9185853,8.562525,-0.37241948,-0.29385328,-0.10729706,-0.4703351
2.0125036,2.5894628,0.9232061,8.43544,-0.3639258,-0.27829385,-0.0036196113,-0.46382064
2.2339265,3.2354393,0.9304173,8.3880825,-0.36792934,-0.24642515,-0.047805786,-0.41437027
2.6162086,3.1273549,0.9751326,8.398501,-0.36739993,-0.23449755,-0.039756775,-0.4363965
2.3818908,2.808231,1.0467315,8.2700615,-0.34659815,-0.28892303,-0.04070431,-0.14833498
2.173666,2.6338317,1.0860071,8.269952,-0.319867,-0.324502,0.032824516,-0.141507
2.221529,2.1999187,1.0948608,8.209131,-0.3168999,-0.31577206,0.0034230947,-0.2234562
2.0031857,2.267755,1.1477623,8.230835,-0.32358646,-0.28003,0.04557967,-0.26755112
2.1184924,2.2440276,1.1458008,8.187447,-0.345935,-0.21230936,-0.054499805,-0.42335427
2.5786455,2.068964,1.4593799,8.19561,-0.3849187,-0.24314022,-0.01052016,-0.46210825
2.423016,2.0635252,1.5689363,8.068073,-0.37931597,-0.21850777,-0.06570476,-0.41166022
2.6437364,2.02772,1.6586607,8.052703,-0.34698546,-0.29572177,-0.12970906,-0.41292936
2.4517817,2.711555,1.7048893,8.084457,-0.34607947,-0.30287242,-0.053165913,-0.41185412
2.2455435,2.7269905,1.6460495,8.026768,-0.33883607,-0.36683178,0.14043462,-0.42584008
2.8102431,2.361895,1.6599596,8.001666,-0.33480406,-0.3539145,0.079420805,-0.39850378
2.4979024,2.148674,1.6495726,7.9648876,-0.32139206,-0.37901568,0.027559161,-0.3351404
2.8936293,2.1196558,1.601969,7.888147,-0.32132328,-0.3582642,0.18517935,-0.2941804
2.6251779,2.0433397,1.6008668,7.9627404,-0.3037541,-0.38188028,0.10011721,-0.32241148
2.70143,2.0411,1.7042587,7.9055004,-0.29332674,-0.37180662,0.064991355,-0.060994983
2.3396997,2.7697554,1.5469217,7.89354,-0.24668348,-0.36484456,0.21249199,-0.13820541
2.6848173,2.9276366,1.5022035,7.8614545,-0.2463013,-0.3932395,0.22812402,0.081552744
2.9040565,2.490369,1.4801886,7.8814354,-0.25180387,-0.42485762,0.176862,-0.05032605
2.9397516,2.0594122,1.4955432,8.014966,-0.30213356,-0.38088775,0.16961765,-0.14257547
2.755414,2.0126097,1.6060863,7.932133,-0.29927337,-0.38564348,0.08676398,-0.42514145
2.5606084,2.5920358,1.5748725,7.8252087,-0.27065873,-0.38787556,0.07395351,-0.46565872
1.63911,2.0959923,1.6045275,7.913422,-0.25581133,-0.4197352,0.14534402,-0.43440938
1.8227665,2.6166973,1.5802522,7.9522643,-0.26005733,-0.3889768,0.05818343,-0.051799923
2.4713902,2.523886,1.2472215,8.011568,-0.26996744,-0.33124113,0.04905379,-0.3139409
2.151694,2.522788,1.2311833,8.034216,-0.26319253,-0.3638816,0.13843632,-0.20835125
2.1305285,2.323874,1.2254198,8.087017,-0.280447,-0.35136557,0.046089888,-0.10433406
2.1781955,2.3156595,1.1686735,8.129358,-0.32518172,-0.32441664,0.0723871,-0.2640117
1.8131713,2.6619592,1.1464248,8.122334,-0.27648354,-0.31800103,0.14553654,-0.18294302
1.749742,2.3023021,1.2455335,8.160242,-0.26090717,-0.37730908,0.24087214,-0.14935163
1.6420665,2.4008682,1.1782353,8.1599655,-0.26490057,-0.36563826,0.37069714,0.34025586
1.6709546,2.2767115,1.1664712,8.160217,-0.2652614,-0.39477873,0.23964345,0.14844447
1.4713972,2.51997,1.1634073,8.231276,-0.27931094,-0.3333907,0.17786396,0.005109668
1.4827265,2.7245138,1.2214379,8.187954,-0.27885973,-0.33478284,0.23287809,-0.17255616
1.2993412,2.8727226,1.193325,8.212837,-0.2594633,-0.33609104,0.39974725,0.075923085
1.356787,2.7260628,1.2957344,8.191461,-0.2810254,-0.39298797,0.20367527,0.09765208
1.2850022,2.2630227,1.369056,8.261843,-0.28463316,-0.43176794,0.15688431,-0.25368893
0.93828213,2.034461,1.4304638,8.306631,-0.28723037,-0.3784964,0.42815053,0.2431916
1.0249975,2.0403738,1.1616952,8.525863,-0.34543633,-0.25609922,0.4577111,0.2750045
1.4645636,2.249347,1.1736212,8.349016,-0.38872385,-0.2859707,0.20209861,0.30707514
1.342874,2.1639524,1.1903446,8.475573,-0.3994701,-0.2843399,0.14410377,-0.23792249
1.3885822,2.2058825,1.1820488,8.427824,-0.4127245,-0.24541211,0.20236266,-0.0042633116
1.3417821,2.3493745,1.3636177,8.430199,-0.4329828,-0.24502826,0.32932734,-0.035889566
1.6828307,2.9895415,1.3757927,8.442782,-0.406453,-0.28463864,0.2656834,0.07090312
1.8947266,2.7834659,1.2133164,8.411636,-0.40961206,-0.28408623,0.2217766,-0.0473637
1.802531,2.5309172,1.2004902,8.39853,-0.40762854,-0.2593882,0.12182176,0.1124925
1.743337,2.4656215,1.2489116,8.387645,-0.40457857,-0.23788452,0.39061654,0.08272755
1.6616678,2.9046645,1.2689366,8.429986,-0.39867806,-0.25315213,0.1251694,-0.06772098
1.7305067,2.6858518,1.2409902,8.424859,-0.40708554,-0.27689028,0.18813813,-0.2524501
1.4006515,2.4930232,1.1849532,8.449332,-0.41273773,-0.21444988,0.22124898,0.07305372
1.7795231,2.246188,1.3119702,8.340162,-0.42535675,-0.2046814,0.22058678,0.15328765
1.6145706,2.0210993,1.3218141,8.379631,-0.44865787,-0.20268822,0.37960744,0.31409204
1.9860086,2.6872077,1.2211604,8.421404,-0.43654764,-0.21854639,0.3886875,0.34915572
2.9811838,2.5241225,1.1634722,8.356961,-0.41442955,-0.21429849,0.21906805,0.08709055
2.99718,2.5509555,1.2908475,8.242531,-0.40018952,-0.26317453,0.22457421,0.100826144
2.7762592,2.2731776,1.3824601,8.201502,-0.39569986,-0.29088688,0.33913493,0.09974742
2.56233,2.0562484,1.4889879,8.197137,-0.40737343,-0.248837,0.35827947,0.3284766
2.51503,2.024318,1.4505074,8.257408,-0.44070387,-0.23078394,0.32786214,0.09901893
2.6405172,2.131494,1.3390012,8.287945,-0.43277013,-0.20735335,0.16341591,0.23807222
2.8418458,2.328179,1.2521281,8.418078,-0.4442804,-0.2828009,0.5249444,0.29108876
2.6734369,2.686552,1.2296154,8.424885,-0.45626056,-0.21411037,0.26670563,0.2671857
2.463152,2.4882371,1.0852265,8.411594,-0.42994082,-0.20607996,0.29130793,0.22245127
2.2214458,2.7202697,1.0293784,8.456733,-0.47276723,-0.17307162,0.3011303,-0.014991105
2.2006106,2.6499534,1.068636,8.642935,-0.47579217,-0.20148826,0.16456449,0.0269773
2.2276607,3.1486197,0.79131687,8.637442,-0.45163047,-0.19539905,0.11808193,-0.13990104
2.2882543,2.730612,0.6231694,8.673343,-0.45875585,-0.24213767,0.12043774,-0.107067645
2.1799073,2.6890998,0.5680826,8.64876,-0.48346388,-0.13495398,0.15072882,0.00024962425
1.9140885,2.1040125,0.5961758,8.6365595,-0.4763726,-0.15967345,0.09732151,0.037238
2.031898,2.062235,0.6546991,8.6698475,-0.47187877,-0.18099451,0.04873717,-0.2828448
1.8170791,2.4907458,0.68245506,8.715717,-0.45490706,-0.1832366,-0.07604027,-0.29054925
1.7283294,3.1599584,0.55526567,8.699404,-0.4103043,-0.17798328,-0.07008487,-0.2867008
1.2504184,2.3775644,0.75776935,8.631993,-0.39448857,-0.20826912,0.13395882,-0.12562335
1.3028537,2.7688975,0.75647104,8.678968,-0.3935449,-0.2536676,0.2551229,-0.12325293
1.2627718,2.9622846,0.8920312,8.707173,-0.41972888,-0.24936056,0.04856491,-0.18454614
0.96921957,2.834214,0.82532454,8.850418,-0.39869976,-0.28585863,0.061945677,-0.16315037
1.1297207,2.9849179,0.8863615,8.810914,-0.3881799,-0.27142572,-0.0372414,-0.2624144
1.1311095,2.8888016,0.80963874,8.769402,-0.39910936,-0.26184297,0.06607616,-0.040975392
1.0822928,2.8458343,0.8147844,8.791361,-0.39001703,-0.20949364,0.13444483,-0.081208766
1.2871234,2.8682978,0.7884902,8.729403,-0.3791895,-0.27387166,0.06519377,-0.27608022
1.2783787,3.025601,0.8206059,8.772862,-0.3868158,-0.27961016,0.078707576,0.019813001
2.0272398,3.1500714,0.06403279,8.846434,-0.44848716,-0.20864749,0.04832852,-0.024315536
1.9818572,3.414999,0.2862134,8.916212,-0.5030328,-0.16407132,0.06825626,-0.19864944
1.8372642,2.800478,0.4869833,8.907385,-0.5550145,-0.12896538,0.03726232,-0.041050732
2.026204,2.6114137,0.7047694,8.910713,-0.58179677,-0.13422298,0.19421089,-0.163865
1.6699997,2.06476,0.7270076,8.909941,-0.5652877,-0.1329441,0.11820185,-0.12182039
1.9066575,2.0315468,0.5232347,8.940797,-0.5733421,-0.12747312,-0.0562312,-0.09589672
1.9767966,2.058835,0.54607034,9.002258,-0.6129792,-0.10931206,0.14760244,-0.21205854
1.4275279,2.4901047,0.7840853,8.930903,-0.57849145,-0.080384254,0.13549829,-0.113411725
1.6495824,2.2152562,0.9488828,8.864781,-0.6059574,-0.11014557,0.14300549,-0.119261086
1.928839,2.5241234,1.0766113,8.83326,-0.61361015,-0.09387803,0.16393948,-0.10419828
2.1173425,2.2626405,0.994894,8.838667,-0.63409853,-0.030238867,0.4223504,0.17433012
2.062431,2.1489623,0.9667237,8.875294,-0.642985,-0.068363905,0.3462509,0.25398493
2.212812,2.5059605,1.0728481,8.8202715,-0.64720273,-0.0145430565,0.5818167,0.15788144
2.8137732,2.803331,0.34156656,8.898432,-0.6137723,-0.0063779354,0.15644765,-0.061778247
2.2267554,2.3533869,0.41778314,8.82662,-0.59247875,-0.010417461,0.09965098,0.17370504
2.3857522,2.7049634,-0.20898259,8.852335,-0.58424807,-0.0319705,0.10097623,-0.12782821
2.3621511,2.3507473,0.45174658,8.838886,-0.5895356,-0.059216738,0.093492985,0.306162
2.5825236,2.2787256,0.36759305,8.719899,-0.57852805,-0.012171745,0.25502348,0.26944256
2.109571,2.2290401,0.5361308,8.753045,-0.5841434,-0.0053806305,0.22138488,0.2358712
1.7941637,2.3848085,0.5488732,8.782322,-0.5765567,-0.018143654,0.25081217,0.10799664
2.7952704,2.1101892,0.5356295,8.701162,-0.5722754,-0.040750027,0.22171819,0.20934224
2.9544833,2.1223023,0.56052566,8.735231,-0.590268,-0.003742218,-0.17545724,-0.18927881
2.8493645,2.0408077,0.5248618,8.643729,-0.58348465,-0.01159668,-0.15704024,-0.46168244
2.7324286,2.0785818,0.42712808,8.682251,-0.5651181,-0.012132645,-0.22209746,-0.48938268
2.872497,2.053165,0.42502284,8.7390175,-0.57945025,-0.030282974,-0.2473929,-0.49607617
2.908333,2.4700365,0.260913,8.77507,-0.57919884,-0.017439365,-0.19857949,-0.49612564
2.58568,2.3610978,0.25657463,8.819326,-0.57712793,-0.024313927,-0.19600934,-0.48924005
2.3200536,2.3309796,0.34091663,8.8428,-0.5964036,-0.016552925,-0.03127402,-0.37986532
2.658048,2.3827684,0.6553805,8.8402605,-0.61395633,-0.037478924,-0.0051035285,-0.41828096
2.6590123,2.6111336,0.40633273,8.863054,-0.59521663,-0.06919432,-0.04590231,-0.4111933
2.1596112,2.318338,0.4129851,8.85376,-0.59109247,-0.048439503,-0.0080058575,-0.34581771
2.2692015,2.490011,0.5595696,8.870966,-0.6029043,-0.09606409,0.007004738,-0.18631953
2.4031072,2.4632134,0.8445265,8.839195,-0.60948944,-0.0733521,0.034125566,-0.22404903
2.8401666,2.2216105,0.8772892,8.808359,-0.6236552,-0.073493004,0.057766438,-0.1886968
2.889369,2.1312213,0.8260522,8.80159,-0.6268834,-0.09304023,-0.044754565,-0.3332831
2.953522,2.2713933,0.80937636,8.836233,-0.65890884,-0.04936886,-0.018325627,-0.29507518
2.8515925,2.007437,0.61856174,8.730781,-0.60877454,-0.07317877,-0.000615716,-0.06080383
1.9326054,2.0142224,0.7902125,8.750225,-0.6113732,-0.038197994,-0.06560767,-0.38596877
2.76991,2.3044307,0.85431075,8.752581,-0.61235917,-0.060925722,-0.08003408,-0.39690733
2.7679877,2.4485126,0.83797216,8.72337,-0.616019,-0.03207755,0.06756365,-0.35765922
2.8614917,2.0245311,0.8450558,8.644657,-0.6106465,-0.067350864,0.10028434,-0.4264065
2.9686222,2.032376,0.8606838,8.681451,-0.6017605,-0.058921576,-0.07268667,-0.37432745
2.914522,2.181343,0.60208154,8.738565,-0.5928211,-0.078345776,-0.11001241,-0.38626254
1.6386924,2.017758,0.9470506,8.826954,-0.5901594,-0.03042841,-0.100070894,-0.35744244
1.5899793,2.0746374,0.9097016,8.788937,-0.59219694,-0.013853312,-0.05137688,-0.3682993
1.3347924,2.0399036,0.90512824,8.847857,-0.5838336,-0.01946044,0.041817307,-0.21488705
1.6163365,2.366007,0.908561,8.834648,-0.5674964,-0.051825523,0.23620725,-0.29365164
1.33298,2.2054625,0.8888588,8.902051,-0.55389214,-0.08104181,-0.11800277,-0.4793306
1.4219841,2.481361,0.65774584,8.947301,-0.5097575,-0.10846496,-0.124335706,-0.31837285
1.6107081,2.408508,0.46514714,8.845155,-0.5438973,-0.10015416,-0.055082917,-0.27060357
1.7463833,2.519869,0.54785097,8.919275,-0.5718353,-0.09013438,0.12265289,-0.25937408
1.8333272,2.4498858,0.44888186,8.883392,-0.57083285,-0.048547268,-0.051748753,-0.24459872
1.8443854,2.735262,0.61530304,8.819466,-0.56720126,-0.013607979,0.013108373,-0.37752035
1.9672697,2.4371362,0.37806094,8.855402,-0.5702634,-0.026556969,0.07220912,-0.27420777
1.9605114,2.5274894,0.70649254,8.771498,-0.5671991,-0.1041286,0.13269687,-0.12709686
1.9773256,2.6674905,0.4727676,8.778443,-0.54068196,-0.12883091,0.18832767,-0.106744885
2.2175858,2.7629604,0.71354556,8.777226,-0.53789055,-0.12022352,0.16057098,-0.21021259
2.093601,2.378249,0.91993666,8.635759,-0.53343153,-0.15871954,0.05088353,-0.4031075
2.3452797,2.2626722,0.95051575,8.563346,-0.5188365,-0.089803934,-0.04860121,-0.3572477
2.3033817,2.058999,0.9169457,8.595108,-0.53650534,-0.0912683,0.0131623745,-0.2312178
2.4702735,2.3907144,1.0137515,8.565903,-0.5291586,-0.09408212,-0.03581524,-0.11756039
2.0168982,2.5292058,1.1087615,8.601316,-0.52841485,-0.1080184,-0.110958874,-0.46928406
2.2138286,2.478741,1.0174437,8.637817,-0.5412233,-0.097278595,0.087670445,-0.49282712
1.8135962,2.1965818,0.9806895,8.631757,-0.53083694,-0.09286523,-0.028277993,-0.46528363
1.8746519,2.5335138,1.1861775,8.633987,-0.5479567,-0.0943656,0.11494267,-0.39653113
1.7646966,2.208008,0.97303545,8.737461,-0.55354273,-0.10501695,0.048868775,-0.34043312
1.6289849,2.4391184,0.9301069,8.776491,-0.5383086,-0.115023136,0.009365916,-0.3948421
1.7686038,2.4417386,1.0762813,8.771179,-0.542174,-0.15501642,0.069894195,-0.32918322
1.561268,2.4110696,1.0319204,8.78751,-0.5451294,-0.10994387,0.03030324,-0.2593423
1.3231006,2.015781,1.000525,8.782093,-0.53736067,-0.12365723,0.12871206,-0.24344927
1.2787576,2.000459,1.0463448,8.795849,-0.5545653,-0.10249972,0.11017406,-0.3240509
1.7084194,2.1621811,0.7008778,8.833771,-0.53706694,-0.1498909,0.11608279,-0.010855854
1.7636203,2.1796312,0.6059902,8.883402,-0.53720844,-0.15159321,0.124141455,0.07143259
1.6816666,2.1620362,0.58110666,8.857105,-0.5456376,-0.11272764,0.17843342,0.13345402
1.7277691,2.0060153,0.4773718,8.897938,-0.5612546,-0.10828209,0.17895007,-0.046225548
2.0234032,2.3932943,0.3496604,8.862602,-0.554934,-0.10731959,0.041318417,-0.31409174
2.0509331,2.1695957,0.34174418,8.88125,-0.54614806,-0.115169525,-0.026083112,-0.3179858
2.243391,2.4562964,0.9747386,8.754431,-0.56191456,-0.107483625,0.005733013,-0.26451388
1.691201,2.35388,1.0496647,8.789059,-0.6033708,-0.08390093,0.088798165,-0.3216581
1.7691507,2.2212114,1.1116757,8.806536,-0.63318956,-0.026602745,0.14222789,-0.17363536
2.0262961,2.0947704,1.0754216,8.831554,-0.6206689,-0.08078194,0.0063066483,-0.43653235
2.1662655,2.2109907,0.97388697,8.774086,-0.584257,-0.08717656,0.051586866,-0.39458203
1.7298139,2.3003945,0.9884324,8.779623,-0.5861579,-0.07117224,0.07723832,-0.32643914
1.8723524,2.3481946,0.86618733,8.805212,-0.56165206,-0.11266756,0.008509874,-0.13974082
1.451087,2.1619377,0.86878705,8.805245,-0.5458603,-0.094872475,0.073495865,-0.19381917
1.4173174,2.4176018,0.9733572,8.783869,-0.54287064,-0.099123955,0.029156089,-0.35495007
1.4964175,2.3830447,0.91929626,8.740592,-0.5502852,-0.088861704,0.14559495,0.075619996
1.7531178,2.4990215,0.734439,8.874201,-0.56371915,-0.083412886,0.24355984,-0.038636982
1.4308574,2.3916733,0.7155384,8.952098,-0.5692105,-0.10183573,-0.057489216,-0.11323422
1.5390834,2.0864701,0.5949491,8.963808,-0.5605186,-0.09731889,-0.098609865,-0.1313839
1.6422281,2.0161076,0.60086274,8.859999,-0.543705,-0.09204364,-0.051102996,-0.4958217
1.6632051,2.0139055,0.5932267,8.834471,-0.53021765,-0.08116007,-0.18461782,-0.49187383
1.2104697,2.0999486,0.6062691,8.900026,-0.5515542,-0.01781106,-0.20144916,-0.4668352
1.380452,2.743136,0.50586116,8.935116,-0.5560961,-0.040756226,-0.046004236,-0.4777789
1.5463811,2.6940603,0.47656846,8.90044,-0.53674185,-0.05137348,-0.004954934,-0.38244152
1.5182681,2.412137,0.63550234,8.969719,-0.5386512,-0.11943054,-0.026810884,-0.36255443
1.4957626,3.0093374,0.5250765,8.921652,-0.5324236,-0.08020949,0.13461256,-0.12527594
1.7423735,2.3086503,0.34140515,8.915527,-0.52101636,-0.104551554,0.013392329,-0.025796056
1.7239472,3.5260015,0.3621912,8.933975,-0.5210537,-0.047703028,0.07298589,0.124981344
1.8497019,3.1215606,0.18140316,8.878232,-0.48417115,-0.12697959,0.19861662,0.07572204
1.7693702,3.3126864,0.38665295,8.859587,-0.463557,-0.1388588,0.14367735,-0.20332807
1.7765036,2.7959285,0.40924466,8.7650795,-0.42920268,-0.20530343,-0.011518359,-0.3348602
2.0888453,3.3550491,0.37757564,8.881096,-0.41712785,-0.2671218,0.020230532,-0.21528122
2.2917638,4.228468,0.3532797,8.827829,-0.42441523,-0.29555392,0.28357732,-0.2590196
2.9199364,2.8857455,0.79262376,8.719535,-0.49686444,-0.18769836,0.27684414,0.46521723
1.4957037,2.7161589,0.88904727,8.673299,-0.4865626,-0.19777107,0.5348053,0.36940563
1.5273461,3.0286756,0.82201314,8.709164,-0.4218986,-0.24135876,0.26057172,0.31178832
2.02981,2.7961116,0.8991524,8.595884,-0.41754866,-0.2715652,0.2758559,-0.22119954
1.6969103,3.545547,0.8570571,8.67822,-0.39294815,-0.2699256,0.5820714,0.4089048
1.4088825,3.6894777,1.0626795,8.61776,-0.3772776,-0.2711692,0.51365733,0.42729282
1.421735,3.4416876,1.0149317,8.597344,-0.3577317,-0.2951808,0.53842354,0.33705747
1.6928687,3.624272,1.0527003,8.593112,-0.36716712,-0.29007816,0.59269905,0.29290426
1.7464885,3.8369544,1.1393552,8.530622,-0.3639611,-0.33250833,0.23788273,-0.31307298
1.4407573,3.49229,1.1849544,8.436908,-0.3292098,-0.3090279,0.094893575,-0.40067813
1.3088397,3.5057752,1.1736681,8.462685,-0.33073378,-0.35708165,0.11455846,-0.03447461
1.4727373,3.1986043,1.2601528,8.466385,-0.3471992,-0.35823607,-0.0030496716,-0.44666383
1.7127953,2.3403344,1.797008,6.4296837,0.5136974,-1.2212323,0.55704236,0.20443285
1.6053603,8.964254,1.7778859,6.4974594,0.5139172,-1.2200757,0.47639632,0.21809387
2.870903,2.7754114,1.6746836,6.5718803,0.5351131,-1.2100563,0.07375562,0.12964392
2.4610264,2.2951732,1.721869,6.4755597,0.50207996,-1.1143432,0.046868443,-0.13205808
2.8006413,3.8861675,1.7169852,6.4904556,0.46158624,-1.1131909,0.09962511,-0.42653823
2.7765799,2.6914356,1.8094206,6.405799,0.42185593,-1.0829046,-0.0043137074,-0.33819425
2.9618454,2.8113642,1.8110175,6.399623,0.45112777,-1.0775506,-0.040023148,-0.46947518
2.9611244,2.5655146,1.8174672,6.445846,0.44233704,-1.176958,0.00035369396,-0.4196279
2.9542294,5.7520304,1.8102634,6.4919176,0.43180966,-1.1139164,0.0074920654,-0.44854578
2.5422935,3.1649916,1.8255811,6.5005565,0.43049908,-1.1170846,0.034086227,-0.3834532
2.5719163,4.025709,1.850841,6.4697533,0.41190004,-1.0383915,-0.13390446,-0.45861086
2.9133818,3.7283206,1.8374174,6.488731,0.42100286,-1.1245782,0.054951668,-0.38466096
2.7963057,4.2207456,1.9185348,6.534386,0.41226435,-1.2186109,0.032890916,-0.20256793
1.8637087,4.731241,1.9917753,6.4500933,0.42102313,-1.191718,0.13175952,-0.08566764
2.3533201,4.23806,1.9586732,6.413534,0.46332645,-1.2129147,0.07338095,-0.48263586
1.7120751,7.7765985,1.907995,6.407644,0.46103573,-1.201345,0.27043676,-0.18829808
2.087492,2.3355186,1.9025881,6.3769927,0.45429873,-1.1561491,0.20225668,-0.17032728
2.8480625,7.2041593,1.9116058,6.3681517,0.46694016,-1.1957316,0.39871442,0.19885695
2.5633373,3.5998788,1.8474617,6.396899,0.46580386,-1.2401412,0.3215431,-0.05391729
2.7729106,2.6322682,1.8828962,6.380372,0.45993662,-1.1735368,0.045257807,-0.07084769
2.0275464,5.9310703,1.8952947,6.4112644,0.45610833,-1.1010835,0.048862815,-0.49248105
2.8339393,3.0286443,1.8192484,6.350358,0.461092,-1.1004548,0.071177125,-0.41978845
2.579623,3.2845783,1.7640414,6.4426107,0.4808228,-1.1251199,0.014317274,-0.18958771
2.7654912,7.9262385,1.7554708,6.4305305,0.49635434,-1.1322634,0.017871499,-0.46364358
2.2593498,3.6923835,1.7492158,6.465305,0.5004368,-1.1393934,0.0349555,-0.36021808
2.7328882,2.3553233,1.7667305,6.4509625,0.49350905,-1.1267447,-0.029053807,-0.45119557
1.9736993,3.882833,1.7117498,6.53019,0.5080488,-1.148356,0.00636971,-0.43277717
2.7899947,3.498809,1.666044,6.4993405,0.51530766,-1.1626806,-0.1231972,-0.49246195
2.4143775,2.7909424,1.644197,6.4828763,0.53815246,-1.152203,-0.01613158,-0.49982822
1.1707466,2.0648177,1.6792805,6.587534,0.53630376,-1.1602156,0.0063209534,-0.49317992
1.3204374,8.045731,1.6793206,6.6707883,0.5208359,-1.216601,0.027521014,-0.440838
1.3416312,6.157389,1.6918931,6.6389394,0.53601694,-1.2659464,0.1434238,-0.37570468
1.9278437,9.934224,1.7062845,6.5562387,0.5562918,-1.1948884,0.061920643,-0.3914793
2.1561756,9.52215,1.7179079,6.560108,0.4928329,-1.1570551,0.16501594,-0.4580018
1.7330521,7.8612523,1.7093403,6.606347,0.500263,-1.1254942,-0.10092479,-0.36739907
1.4024471,3.9861321,1.5576239,6.6433883,0.5188923,-1.1377387,0.085896134,-0.28012317
2.732617,3.0852418,1.5728519,6.6849155,0.5023382,-1.1301377,0.14088976,-0.25184268
2.8882637,4.491412,1.5226281,6.6824665,0.48683548,-1.1394757,0.13289785,0.05347675
2.455265,6.986496,1.6066494,6.6451464,0.50466967,-1.1073564,-5.9485435e-05,-0.18644202
2.0323324,7.3490205,1.5509162,6.666522,0.52401876,-1.1088806,-0.07027155,-0.35637474
1.4835823,6.580869,1.5779526,6.628689,0.567348,-1.1981177,0.084628224,-0.3721217
2.3608618,6.6408057,1.5742378,6.596961,0.56603456,-1.2520999,0.039514184,-0.21170032
2.5894685,3.851942,1.564117,6.6303854,0.57142854,-1.2616534,0.11226916,-0.045220435
2.9407575,5.6757708,1.493727,6.6136765,0.58194995,-1.2611243,0.021688342,-0.35412452
2.9537842,6.545214,1.542916,6.6751757,0.57366395,-1.2484319,-0.012577772,-0.33936477
2.9575753,6.317501,1.5261745,6.636339,0.5586672,-1.2157228,0.013962626,-0.3664598
2.9909976,4.9908485,1.5274599,6.618781,0.56067586,-1.2294049,-0.010940909,-0.09941989
2.706314,4.64464,1.4574702,6.693015,0.576283,-1.2288791,0.13881254,-0.17940149
2.303009,9.894974,1.4717982,6.7303514,0.6004889,-1.278537,0.09722459,-0.30745018
2.2350006,9.938679,1.4949825,6.7483063,0.60205674,-1.3135202,0.12004042,-0.27503705
2.336704,9.875517,1.4684448,6.8020597,0.6046207,-1.2982696,-0.01934719,-0.16706476
1.0945663,2.2839985,1.4906111,6.7680736,0.59276366,-1.3146089,-0.033296287,-0.44734243
0.7173123,2.4212482,1.5140631,6.7689576,0.59940886,-1.270133,0.03534782,-0.3892739
0.9678894,4.9211216,1.524158,6.789157,0.6003375,-1.2636867,0.15234506,-0.15796071
1.3175192,6.378594,1.5219426,6.7487755,0.5770345,-1.2879021,0.1498146,-0.366162
2.6269374,8.770287,1.5484908,6.63275,0.5679257,-1.2880608,0.12942994,-0.124812186
2.490347,4.8050423,1.4707227,6.764341,0.5442941,-1.2601408,0.020038605,-0.33344907
2.896692,7.3287597,1.471041,6.80242,0.57287765,-1.2568907,-0.059051335,-0.35024625
2.8252325,6.9170165,1.4482827,6.739485,0.58201027,-1.264086,0.00800395,-0.3305219
1.9681948,9.550463,1.4639313,6.7594895,0.58551645,-1.2836798,0.08237243,-0.46412045
2.5566251,8.757418,1.4445431,6.7553053,0.6092894,-1.2012346,-0.20241815,-0.4903701
2.0463846,8.747486,1.427454,6.7581835,0.62144995,-1.1926596,-0.10706133,-0.4331372
1.8521254,9.31048,1.3978839,6.782312,0.6166799,-1.272815,-0.030875027,-0.4939634
1.7988664,7.512057,1.4056952,6.812006,0.61665606,-1.2980701,0.09423959,-0.49792567
1.8902055,7.2235985,1.4017086,6.7855744,0.6223695,-1.2799468,-0.08279133,-0.47867534
2.4404926,7.29233,1.4019165,6.773233,0.6497259,-1.3399992,-0.116963744,-0.3031537
2.1428633,6.5668755,1.400063,6.7659345,0.70590067,-1.3734767,-0.105890214,-0.42118832
1.7103997,6.8350015,1.3593888,6.7832527,0.71098065,-1.3844728,-0.13687778,-0.42207313
1.8131489,5.7086725,1.3166747,6.782151,0.70127416,-1.364505,-0.10043156,-0.4742712
1.9234834,4.115039,1.3148122,6.7941117,0.7403934,-1.3719789,-0.15208411,-0.46135333
1.5209022,5.107355,1.3603237,6.7986584,0.70949006,-1.3210261,-0.1658526,-0.3902527
1.6115775,7.9604397,1.2746227,6.8595924,0.6927891,-1.3173076,-0.04135245,-0.18184015
2.1107912,8.658598,1.355037,6.824051,0.6966162,-1.3934729,-0.04969442,-0.4904593
1.7345053,7.612564,1.4205418,6.7616606,0.6911886,-1.3867006,-0.053726792,-0.49790138
1.8562983,4.615484,1.4239135,6.7278547,0.72209334,-1.3978236,-0.14005208,-0.4980862
2.696318,3.6439602,1.3768446,6.694316,0.706265,-1.390789,-0.12347573,-0.4977022
2.9657555,8.385173,1.4250126,6.6189632,0.7273667,-1.4005806,-0.014071643,-0.3646477
1.3848767,6.4054766,1.4763589,6.6259484,0.7259066,-1.40813,-0.018546462,-0.37360042
2.1348653,6.335837,1.409234,6.570945,0.76585937,-1.4438934,0.068385124,-0.4929557
1.5857902,6.5569057,1.3922367,6.5846157,0.7479558,-1.390141,0.0010834932,-0.4701182
2.6153395,9.960355,1.403173,6.539151,0.7533219,-1.4437318,-0.00095158815,-0.40300465
2.556331,9.877388,1.4009814,6.6425533,0.7489929,-1.4551939,-0.09752798,-0.45784056
2.8255024,9.903227,1.3580146,6.677917,0.7493849,-1.4557897,0.018453598,-0.43646145
2.7453663,9.576176,1.3623145,6.6404886,0.731832,-1.3694439,-0.028442979,-0.36824355
2.8805406,5.2481318,1.3969362,6.608078,0.7116113,-1.3584623,-0.078100085,-0.38417822
2.2570186,5.848029,1.4076533,6.596383,0.730134,-1.33937,-0.13187683,-0.34019154
1.603289,7.1316686,1.4107873,6.574564,0.7486267,-1.347495,-0.15939492,-0.4345016
2.4042368,3.3886309,1.4635501,6.690324,0.69397616,-1.366465,-0.13368106,-0.4636552
2.4798694,9.747999,1.4276717,6.6446953,0.6913438,-1.3043563,-0.21188092,-0.30272636
2.7880526,8.605618,1.4267201,6.5869417,0.66867375,-1.2481703,-0.11656898,-0.4799854
2.4006968,7.2806873,1.5001395,6.6082206,0.6083324,-1.2828552,-0.019183338,-0.42056644
1.884273,7.876203,1.5078135,6.579278,0.62494135,-1.2870989,0.008463383,-0.17929003
1.8664149,4.547373,1.5411139,6.5840344,0.65054417,-1.2615657,-0.059129655,-0.35877234
1.9320515,8.654358,1.5181689,6.547864,0.6600683,-1.3010364,0.00084900856,-0.4161598
2.772074,4.2303824,1.4730825,6.5466332,0.62857866,-1.2451782,-0.054967344,-0.3810547
1.5814371,5.0681124,1.5264456,6.4879456,0.65960765,-1.2382632,-0.1292929,-0.3663668
1.8836429,5.7239695,1.4614072,6.5485964,0.645581,-1.2474014,-0.01374197,-0.48264903
2.6558342,7.0551834,1.4586451,6.616724,0.610147,-1.25156,0.12483573,-0.15324748
1.6147285,2.810947,1.4955728,6.603407,0.6120076,-1.2323554,0.17753124,-0.0116529465
2.8190758,2.505572,1.477119,6.652254,0.5952511,-1.2488029,0.113794565,0.15185392
2.9613686,2.4960458,1.4145763,6.7286425,0.5827782,-1.2399099,0.14336479,0.15900505
2.025104,9.662249,1.4117019,6.6931286,0.60688186,-1.1759759,0.0656271,0.116482854
1.6724259,8.412134,1.4199672,6.6897917,0.64178705,-1.2198377,0.057008386,-0.3599298
1.7555152,7.289512,1.4349544,6.721234,0.63814235,-1.3420436,0.068063855,-0.28844842
1.8346797,9.096981,1.5029778,6.7217865,0.6532185,-1.3570064,0.009592652,-0.311856
1.7578168,7.5713787,1.4751701,6.751939,0.6446407,-1.3282775,0.060121417,-0.40189475
2.4620104,4.2315416,1.4121113,6.6889954,0.6393721,-1.3019519,-0.08311176,-0.38801566
2.7202249,2.3533857,1.4374776,6.7141776,0.6415622,-1.3172202,-0.07262701,-0.3785836
1.7285943,2.3517644,1.3510251,6.7304106,0.6860616,-1.3229752,-0.09831774,-0.48693603
0.8108269,2.4205346,1.420485,6.685122,0.68049645,-1.3099884,-0.1497044,-0.45610186
1.2158383,2.4852843,1.3585815,6.733843,0.67461514,-1.3037899,-0.12184602,-0.37256446
1.7370622,2.1696484,1.4448512,6.80371,0.59849334,-1.2514033,-0.056379914,-0.35211736
2.608539,2.210684,1.4619694,6.851571,0.52893853,-1.2265742,-0.02581811,-0.46916014
1.2384381,2.9299185,1.4942186,6.842621,0.53338623,-1.2163911,-0.00031507015,-0.03182441
2.0191631,3.127663,1.4971969,6.814872,0.5347066,-1.2066075,-0.01679027,-0.12861675
2.3652928,8.431595,1.494293,6.843106,0.5177338,-1.1864259,-0.04567355,-0.14847896
2.049568,5.4973693,1.485028,6.7233067,0.5334921,-1.1145301,-0.0033993125,-0.33534816
2.465857,4.843236,1.480834,6.8850255,0.4847939,-1.1699034,-0.028151214,-0.19264367
1.767165,5.472911,1.524157,6.8762684,0.48194766,-1.15901,0.019578218,-0.33628032
1.8365692,5.4479985,1.4838185,6.8851695,0.49811983,-1.1528144,-0.036954343,-0.39414352
1.9626358,9.708776,1.4489033,6.8458004,0.5212281,-1.1913066,-0.06835842,-0.49118152
1.9132179,2.8176706,1.4783139,6.7725773,0.55402803,-1.1415355,-0.040181756,-0.47125602
2.367443,8.079798,1.522603,6.6903467,0.5666013,-1.1908512,-0.054196656,-0.47672975
2.4972696,6.8770022,1.5499458,6.6609535,0.5722885,-1.2149429,-0.08795458,-0.4679496
2.8755586,8.165478,1.5472708,6.694865,0.56074166,-1.2633287,-0.08234453,-0.34335935
2.8265953,4.8429003,1.539463,6.6865406,0.5654199,-1.2179267,-0.03872013,-0.4405912
2.9825811,5.785516,1.4301465,6.7369742,0.56130457,-1.2450578,-0.02707386,-0.39040154
2.8755007,9.355396,1.4670973,6.739112,0.573437,-1.2430971,0.054043293,-0.35105115
2.346069,5.2378035,1.4841323,6.7172017,0.5801921,-1.2481928,-0.055808604,-0.2773499
1.5756853,7.640742,1.4853415,6.717104,0.6116171,-1.2397654,0.18304884,-0.25985226
2.033991,8.205345,1.4941778,6.7323174,0.60630155,-1.3548743,0.06569326,-0.25718838
2.7140012,8.24184,1.4506166,6.7390394,0.59690404,-1.2963084,0.1578815,-0.22809169
2.594787,8.882668,1.4402442,6.7150846,0.6022968,-1.2985936,0.21882617,0.00991267
2.9480522,8.451166,1.3944163,6.7427206,0.6065271,-1.2615452,0.19939482,0.0032776594
1.2673764,4.466138,1.4267507,6.7762623,0.59404635,-1.2100735,0.20341289,0.11146712
2.478469,8.096352,1.3935485,6.809432,0.5953138,-1.2224865,0.21986365,0.17805749
2.3696427,3.4238014,1.3233857,6.878989,0.5784774,-1.2346833,0.0410434,0.053302824
2.4898367,2.1021004,1.2577853,6.9932647,0.52863216,-1.1578019,-0.03910166,-0.36689794
2.5736542,4.8035994,1.3239985,6.8886747,0.5233648,-1.1299562,0.25267172,0.03294128
2.3843262,6.154197,1.2575507,6.9643784,0.56021595,-1.218975,0.21119952,0.13397765
2.1489139,8.853185,1.2537041,6.933923,0.59964156,-1.2072506,0.1290102,0.20882177
2.0214305,8.083292,1.3033211,6.8965664,0.61154914,-1.2535826,-0.07475191,-0.17658901
1.6604761,9.593239,1.323657,6.919468,0.6117964,-1.2834983,0.09596658,-0.32049358
1.795685,9.714523,1.256557,6.990984,0.60432506,-1.2379584,-1.013279e-05,-0.3039016
2.676579,4.3822556,1.3148551,6.949892,0.60936356,-1.2895957,-0.06406516,-0.44065776
2.0955691,9.686655,1.320941,6.9371634,0.61654496,-1.2965637,-0.014263332,-0.46842575
1.5475972,7.5687795,1.3580942,6.9899435,0.58976793,-1.3105663,0.023413897,-0.3877077
1.7658347,6.5979652,1.3628621,6.951094,0.5870743,-1.3446976,0.21993577,-0.20172483
2.4718912,9.085657,1.2973852,6.953027,0.5748391,-1.2742828,0.15110064,-0.033592373
2.5177195,6.842747,1.3110352,6.9050903,0.58591366,-1.2573527,0.017798066,-0.024154484
2.8206763,7.20804,1.3220038,6.902592,0.56139183,-1.2103461,-0.032988846,-0.19750452
1.7151656,8.2118845,1.3682938,6.817246,0.59606266,-1.2404423,-0.022373736,-0.37979144
2.3319988,9.720669,1.3989196,6.8154306,0.60347533,-1.2613213,-0.09693372,-0.3991514
1.8430725,9.881919,1.3072414,6.906191,0.61164784,-1.2632437,-0.026594281,-0.36501002
1.5883923,5.3458776,1.3232801,6.895522,0.6301687,-1.2859243,-0.03892398,-0.4504769
2.2984567,8.668969,1.3274581,6.981101,0.63203526,-1.296724,0.008994937,-0.40393406
2.1936042,9.712358,1.3278844,6.952359,0.63674164,-1.269738,-0.18242484,-0.42130554
2.1099613,9.070579,1.1846104,6.988596,0.69317675,-1.3093339,-0.059702516,-0.43144482
1.9734261,9.09051,1.2657442,6.877168,0.67951393,-1.3451123,-0.017727077,-0.13369933
1.9110425,3.7374833,1.2825265,6.79756,0.6997082,-1.3280692,-0.028859258,-0.31893608
2.5562034,7.1088624,1.3052745,6.7934923,0.71348166,-1.3612,-0.09226078,-0.13618019
1.8076353,7.504336,1.2639184,6.84997,0.7231941,-1.3759478,0.10818255,0.09149718
1.7725248,6.6965604,1.3119063,6.772108,0.7329593,-1.3863935,0.04842341,-0.0035646558
2.779053,6.6913595,1.2022877,6.8532414,0.7069311,-1.3295034,-0.1274808,-0.05184269
2.4617717,8.024332,1.2815118,6.8321195,0.7352202,-1.3537619,-0.12103915,-0.49392116
1.2868185,7.378173,1.2364182,6.8339643,0.7569046,-1.3453538,-0.08643669,-0.17972574
1.7834818,5.712596,1.2422185,6.8691864,0.76911354,-1.3977587,-0.14280212,-0.23961926
2.867814,9.017406,1.246315,6.876912,0.75473785,-1.3772643,-0.1995036,-0.47674078
2.801851,6.3013897,1.3849177,6.808199,0.731092,-1.4153321,-0.14091235,-0.41452092
1.49363,5.189978,1.3821521,6.8448133,0.7298577,-1.4294989,-0.19117957,-0.4771877
1.2438171,5.977422,1.4003067,6.719031,0.7418361,-1.4080586,-0.0775488,-0.28642207
0.9391941,5.1362576,1.3683231,6.7697816,0.74466133,-1.364161,-0.15119821,-0.4604591
1.0393255,3.782792,1.310792,6.7443037,0.7493646,-1.3597122,-0.14195442,-0.4288682
1.1510252,3.5298243,1.3936138,6.7225094,0.7067287,-1.3836926,-0.031166732,-0.29147318
1.9662948,7.7053304,1.3751247,6.710223,0.7053335,-1.3678832,-0.0865404,-0.22485885
0.8570183,2.3267002,1.4203467,6.7337074,0.71251774,-1.3867848,-0.012280345,-0.35912433
0.781746,2.1850953,1.4140759,6.734102,0.69084764,-1.385513,0.1389724,-0.30846447
0.6265946,2.2692134,1.4084287,6.7483726,0.69818974,-1.3608546,0.007483721,-0.26398546
0.70725334,2.2036633,1.4305325,6.83105,0.671227,-1.3916885,-0.1474973,-0.41502112
1.383971,9.145922,1.3965902,6.9105678,0.6770344,-1.360779,-0.13954681,-0.49224713
1.563667,9.029589,1.3868601,6.9535775,0.68128014,-1.3692458,-0.17512017,-0.48783004
1.6376308,6.936922,1.3495257,6.8277063,0.7145121,-1.3102945,-0.21957248,-0.40845323
1.3953614,7.283917,1.3480439,6.7817817,0.722296,-1.31651,-0.16487253,-0.49099764
1.9219425,6.7176714,1.3576012,6.675853,0.70257807,-1.3134874,-0.22705287,-0.37061366
2.747252,6.2159176,1.3933065,6.663122,0.69999933,-1.3169049,-0.09164083,-0.40440905
2.6988592,5.9755783,1.3709135,6.734373,0.67801476,-1.3480722,-0.06272304,-0.3943175
1.6800556,4.484496,1.4164524,6.6829777,0.67827606,-1.3532176,-0.0821417,-0.43407577
1.1957166,4.6048994,1.337538,6.818405,0.68549633,-1.3224447,-0.0395115,-0.45639354
1.5087641,6.711289,1.3672798,6.766091,0.684947,-1.2814232,0.023297906,-0.42479298
1.8085221,6.0029736,1.251857,6.9062557,0.6846967,-1.3052709,-0.15436429,-0.4091688
2.3025496,4.3363776,1.2671163,6.8905253,0.68257785,-1.3189652,-0.15501696,-0.39596516
1.9045191,9.837958,1.247047,6.885914,0.6834042,-1.2844605,-0.02065432,-0.47388613
2.0773916,9.815497,1.2025003,6.9972806,0.66404104,-1.2813587,-0.12176734,-0.3501867
1.6271088,5.6611366,1.2356238,6.9446425,0.6767676,-1.2814629,-0.048135698,-0.34140033
2.0923338,9.248163,1.2190297,6.9078627,0.68161345,-1.2981395,-0.05598879,-0.22639182
2.2541313,4.9295845,1.2885056,6.92489,0.66021514,-1.3039441,-0.035792172,-0.16774622
2.69144,2.1577365,1.2568712,6.846942,0.6540735,-1.3254864,0.054502368,-0.2686248
2.4991372,9.966472,1.2549212,6.908328,0.677407,-1.3614132,-0.033150375,-0.1910612
2.0506022,2.5537527,1.2803335,6.979941,0.66741157,-1.3359873,-0.09192735,-0.27342623
1.6349307,3.627924,1.236664,6.8651423,0.7004359,-1.3548818,-0.015576422,-0.34341142
2.2657924,2.8137178,0.91921747,8.21343,-0.21423519,-0.43717337,-0.10300428,-0.46899563
1.8854874,2.867757,0.86755514,8.263649,-0.22488093,-0.41877317,-0.15614223,-0.45321453
1.9922736,2.3003647,0.8887036,8.261802,-0.24571359,-0.43537593,0.14113438,-0.38248652
1.9643949,2.7076483,0.89428365,8.175635,-0.21863234,-0.378309,-0.08894384,-0.37103787
1.7342057,2.1031966,0.9496101,8.134462,-0.21907604,-0.34390807,-0.086155534,-0.23825344
2.1973438,2.7824485,1.0267451,8.202077,-0.22976041,-0.4077201,-0.18991363,-0.36245653
2.398309,2.877315,1.154038,8.25122,-0.24742043,-0.4327221,-0.10294598,-0.41565335
2.3784523,2.6530185,0.9300878,8.25263,-0.24460125,-0.41444683,-0.04467863,-0.4430619
2.1716108,3.6500857,1.0920713,8.223434,-0.21865416,-0.399853,-0.118440986,-0.44054502
1.926703,3.5886312,1.0931125,8.289282,-0.22858846,-0.41045022,-0.008558989,-0.45835984
1.7315807,4.284492,1.0635736,8.337202,-0.23161674,-0.43105483,0.040173173,-0.45226488
1.4962273,3.6622272,0.90079284,8.326849,-0.23889136,-0.3498733,0.078314185,0.06273925
1.45979,3.5884752,0.5050256,8.48823,-0.20141304,-0.39786768,0.10852921,-0.09413341
1.4647255,3.7006664,0.47010756,8.609213,-0.18542886,-0.4683299,0.081694245,0.03116858
1.5552822,3.3251991,0.4951948,8.617136,-0.23156774,-0.45728064,0.08750594,0.02686429
1.4159136,3.3555107,0.44338644,8.647647,-0.2118932,-0.40711522,0.11679959,0.1717695
1.5322345,3.5937672,0.5943334,8.609258,-0.22615802,-0.36364365,-0.07821953,0.12627012
1.6677288,2.6389217,0.8029355,8.443344,-0.23059821,-0.3824637,-0.12330121,-0.42003158
2.5351598,3.1622956,0.5760449,8.43935,-0.26107335,-0.3831694,-0.1878857,-0.3950189
1.8635701,3.4205303,0.618937,8.438091,-0.24159694,-0.38932657,-0.12964833,-0.36783552
1.8590875,4.229409,0.5203351,8.467999,-0.22043765,-0.3258803,-0.053609133,-0.2870668
2.1283083,4.1967793,0.56872857,8.493789,-0.23318982,-0.33630276,-0.24544877,-0.45110342
2.535347,4.1622286,0.5885186,8.528062,-0.2430973,-0.3600142,-0.26247537,-0.35848418
2.8912609,4.142888,0.57813525,8.500359,-0.23412633,-0.37928987,-0.17054522,-0.3044507
2.570664,4.057494,0.22128165,8.496316,-0.2109952,-0.34579372,-0.17030025,-0.29925492
2.8117306,3.9864974,0.07183647,8.448294,-0.18536377,-0.34526014,-0.13686597,-0.2601907
2.6627796,4.3271,0.15829468,8.539347,-0.1836958,-0.35324764,-0.17668974,-0.26480526
2.5449643,3.5527186,0.09517157,8.534758,-0.1962471,-0.38859653,-0.24251807,-0.18049604
2.632015,3.3739357,0.43326974,8.520403,-0.20863378,-0.40220165,-0.15625179,-0.4850413
1.9779217,3.7883663,0.58301437,8.417635,-0.1767081,-0.42178583,-0.08489007,-0.42945957
2.410026,3.87851,0.45690703,8.467726,-0.2064246,-0.3920591,-0.07600784,-0.19438258
2.4654522,4.5986457,0.37137783,8.472984,-0.16875207,-0.46115804,0.03326714,0.025389135
2.09022,5.249263,0.33935475,8.478568,-0.17315328,-0.4149108,0.17635703,0.09519839
2.0302696,5.2374363,0.4281788,8.475775,-0.17473233,-0.44832683,0.24823678,0.094269395
2.3583002,5.399608,0.4471128,8.5253935,-0.21622872,-0.390872,-0.0017412305,0.043676734
2.5750139,4.7235856,0.4248786,8.485242,-0.22392154,-0.39587593,0.05674708,-0.3122369
2.2122319,3.3331919,0.41602027,8.532631,-0.21394718,-0.43380666,-0.041822314,-0.22577289
2.0642567,5.157774,0.7290385,8.521036,-0.23331416,-0.41750574,-0.014600217,-0.13265425
2.1295815,5.397463,0.6707716,8.521997,-0.21001482,-0.3927245,-0.0336352,-0.26949966
2.121398,5.226766,0.6710601,8.514896,-0.23357642,-0.40359783,-0.049645424,-0.309542
2.1642904,5.2387924,0.6526196,8.495249,-0.24353373,-0.38934493,0.0132581,-0.36137667
2.6531274,3.217809,0.685307,8.417973,-0.23303878,-0.39434266,-0.06892127,-0.30616102
2.1536798,4.03911,0.8208554,8.427102,-0.24630976,-0.39175034,-0.033643067,-0.4029917
2.1404219,3.9079719,0.8741796,8.432478,-0.24278867,-0.4533491,0.049068093,-0.34471232
2.4135098,3.911728,0.8195417,8.38573,-0.24520576,-0.46297216,0.055692792,-0.3443386
1.8289334,3.6011338,0.84785724,8.353699,-0.23541975,-0.35969734,-0.09315306,-0.3389349
1.8598189,3.546338,0.8564453,8.35816,-0.24921668,-0.38032055,-0.023305297,-0.47640228
2.0006418,3.5772462,0.8151853,8.289469,-0.22145629,-0.38775802,-0.09192443,-0.47133937
2.1667652,3.4670439,1.0442483,8.254261,-0.21587038,-0.46080232,-0.09239328,-0.47389796
2.0316052,3.3422647,0.94304824,8.366819,-0.19713545,-0.50306344,0.03154266,0.023443162
2.5349853,3.572101,1.0081644,8.264421,-0.21300662,-0.48241234,0.0666275,-0.20777845
2.4080937,3.728166,1.0209756,8.272753,-0.21275187,-0.4801221,0.2051264,0.014249682
2.615975,5.208823,1.071796,8.198555,-0.24326944,-0.44112659,0.217134,-0.13735867
2.3447254,2.0374074,0.96318316,8.178685,-0.21730363,-0.43801403,-0.03790325,-0.1879448
1.7702932,2.3628864,0.9118488,8.24906,-0.23003697,-0.41743946,-0.030368626,-0.25469908
1.7370777,2.4192553,0.92367625,8.274061,-0.22918224,-0.3991425,0.008454204,-0.29423887
1.5695989,2.855919,0.977597,8.280812,-0.22751737,-0.45037174,0.29095006,-0.08754718
1.8755106,2.891894,1.0058036,8.353082,-0.25703502,-0.38616943,-0.04754287,-0.4119802
1.9067839,4.016552,1.0391269,8.33504,-0.25321174,-0.4006362,-0.020218134,-0.31494254
1.6894077,3.9579334,0.9906981,8.345085,-0.1924721,-0.45172572,0.061324,-0.11434978
1.6417205,4.413477,1.1257064,8.34943,-0.22721338,-0.45221853,0.06319511,-0.41276407
1.7525295,4.2269645,0.8827605,8.354776,-0.20761108,-0.45892072,0.032754898,-0.43104377
2.1206152,4.2062473,0.9649348,8.326149,-0.21186388,-0.48988485,-0.04439777,-0.44504553
2.0888784,3.1609309,0.86419916,8.329027,-0.20663714,-0.48208857,-0.08729708,-0.2950999
2.1643333,4.92449,1.0056117,8.29785,-0.18439126,-0.51019526,-0.040807962,-0.40723097
2.7953002,4.2454424,1.154872,8.194329,-0.18507099,-0.49391222,-0.051003397,-0.4887225
2.5360174,4.4513073,0.9037136,8.234833,-0.18179798,-0.4782164,0.029717803,-0.49241942
2.2590864,3.6470337,0.94208765,8.271484,-0.24314988,-0.4700179,-0.014591157,-0.44060645
2.3496647,2.9047022,0.87531114,8.260277,-0.24912035,-0.35579157,0.011714339,-0.19767922
2.1383686,2.7893515,0.8391596,8.290424,-0.28364515,-0.35029507,0.06455481,-0.053003877
2.3480651,2.858237,0.9858341,8.2921715,-0.28187954,-0.34362078,-0.102755964,-0.2660811
1.9472673,3.0059671,1.0662906,8.276501,-0.28300774,-0.33831263,-0.070536196,-0.4244673
2.201597,2.5921674,1.1631014,8.298838,-0.2957703,-0.3578701,-0.08008313,-0.33803868
1.8982701,2.550993,0.98562455,8.357216,-0.30911112,-0.32671404,-0.09456748,-0.29955313
2.3418913,2.8865662,0.825107,8.438083,-0.3175758,-0.2703371,-0.15749341,-0.40269256
2.373724,2.870618,0.65110815,8.495495,-0.32791138,-0.3092332,-0.094813466,-0.26472458
2.5809188,3.4530768,0.6331781,8.521837,-0.3280226,-0.2779956,0.01635003,-0.22264948
2.5264912,2.9190142,0.93064725,8.373598,-0.31079602,-0.33941412,0.01609385,-0.09752995
2.3505034,2.2615707,0.958972,8.347655,-0.29903388,-0.35904884,-0.024841249,-0.21452862
2.7516093,2.1571765,0.9258622,8.316227,-0.29977608,-0.3676548,-0.12656116,-0.3693716
1.6790185,2.1480281,0.9348819,8.182631,-0.26894426,-0.3576131,0.1005702,-0.1798763
1.6425769,2.2129114,0.93540573,8.2743225,-0.26152337,-0.33244157,0.15436912,0.027681172
1.3874822,2.0637984,0.83843434,8.327166,-0.26975906,-0.32160187,0.0047369003,-0.10481894
1.6587174,2.6458044,0.644259,8.379532,-0.29636168,-0.31767368,-0.039013147,-0.03962028
1.037302,2.182406,0.80262065,8.394954,-0.27747583,-0.26454067,-0.041006267,-0.15573293
1.2689359,2.1938612,0.8573986,8.454365,-0.25509286,-0.3771596,-0.026503682,-0.32280332
1.6807355,2.1818895,0.8339784,8.408059,-0.24339676,-0.4547534,-0.07986599,-0.28908175
1.6109985,2.1953077,0.80011106,8.441595,-0.2348082,-0.45008516,-0.052804768,-0.1473963
1.409863,2.2487156,0.7552602,8.375881,-0.23480797,-0.44390392,0.02681756,0.1185419
1.8741165,2.6137645,0.8166634,8.399936,-0.23866522,-0.4307208,0.02741456,-0.20877266
1.5673367,2.8749297,0.76183903,8.291035,-0.19023657,-0.4192896,0.008571625,-0.20341378
2.0854173,2.8911428,0.7751957,8.337075,-0.20877528,-0.37977457,-0.143394,-0.30960396
1.6646941,3.2704294,0.6572001,8.4701,-0.21131957,-0.347955,-0.14391929,-0.40877742
1.8110518,3.40538,0.73390913,8.352752,-0.20314169,-0.3965814,-0.017612815,-0.1851564
1.8038517,3.2419386,0.62829876,8.363684,-0.1935432,-0.40094686,-0.03961122,-0.1256035
2.3398705,3.625535,0.59850645,8.365347,-0.19250596,-0.40238333,-0.1669454,-0.25953546
1.8874435,3.7743194,0.78984284,8.355907,-0.18495011,-0.41066313,-0.18536276,-0.49013448
2.400456,3.9473977,0.82652676,8.239445,-0.16857421,-0.40197134,-0.15205604,-0.24729323
2.6294432,2.9439852,0.9023068,8.251787,-0.24945152,-0.38407803,-0.14123791,-0.45761594
2.5738614,3.7478042,0.97626555,8.272072,-0.21783948,-0.43051815,-0.085642934,-0.43477404
2.6007147,2.8439753,0.94159496,8.264561,-0.24237096,-0.4379034,-0.05275613,-0.45037556
2.953069,2.906415,1.0014942,8.296869,-0.27903044,-0.38198566,-0.0749858,-0.37187073
2.6554577,2.5078578,1.1572628,8.32467,-0.32041943,-0.36183167,-0.075917006,-0.27469683
2.4766388,3.097502,1.0371308,8.383259,-0.31891203,-0.35751057,0.051950097,-0.43084967
2.4469852,3.0977674,0.9803846,8.295252,-0.29853392,-0.3419981,-0.054258943,-0.43105406
1.870433,2.5747168,0.9144497,8.270359,-0.29468524,-0.32442546,-0.06401867,-0.30942804
1.796443,3.1821346,1.2719634,8.228095,-0.28267694,-0.38595605,0.03517604,-0.2689342
1.4415653,2.2905586,1.2497263,8.250533,-0.28893065,-0.36989212,-0.056191444,-0.3810473
1.7629026,2.2514,1.3754649,8.203241,-0.2968818,-0.42988682,-0.07987565,-0.4480287
2.8351984,2.304739,1.2785559,8.046788,-0.24865317,-0.44495416,-0.028354287,-0.4895329
2.225788,3.1104739,1.3682323,8.021367,-0.2651925,-0.39341593,0.097798705,-0.47567403
2.8391204,2.4761631,1.3585925,8.044083,-0.26660383,-0.4188161,-0.076206446,-0.40096033
2.5382886,2.3076212,1.4507737,8.011303,-0.2452755,-0.4235196,-0.060090363,-0.32164645
2.2029438,2.665587,1.557086,7.950122,-0.2244668,-0.44410825,-0.049987435,-0.44835615
2.2473445,2.4729095,1.4970546,7.936844,-0.23955452,-0.43557978,0.13550568,0.046281695
2.4491217,2.4802706,1.501955,8.007112,-0.25470817,-0.43228984,0.09193623,-0.1841647
1.961224,2.64254,1.5464883,8.061416,-0.25606215,-0.47566557,0.04655814,-0.39893624
1.761482,2.5763824,1.4092269,8.068295,-0.26395273,-0.45772028,0.2034694,-0.37866348
1.9013804,2.419679,1.451479,8.01122,-0.26118982,-0.49311638,0.17249596,-0.24655962
2.9036028,2.6499624,1.5345051,8.000898,-0.28010678,-0.44598126,0.07695508,-0.2336131
2.8532863,3.1383064,1.4143331,8.057665,-0.26593208,-0.43762016,0.23251045,0.16454613
2.913271,3.0697482,1.4351795,8.056298,-0.2882614,-0.4231794,0.08541918,0.027698874
2.0812635,2.2857082,1.4905515,8.082029,-0.28002393,-0.43554282,0.20583153,0.17034459
1.7847683,2.1192029,1.2282951,8.1397,-0.27703345,-0.40624905,0.1283902,-0.0073616207
1.6472262,2.0356612,1.2036719,8.138564,-0.3022815,-0.3389113,0.100384116,-0.26565444
1.5012736,3.1716697,1.4002542,8.220095,-0.31620955,-0.34513116,0.10084045,-0.35639778
2.3974972,2.4846058,1.6584234,8.126884,-0.3485433,-0.43403745,0.15710902,-0.12565649
2.4161878,2.4854915,1.4682837,8.103214,-0.3407662,-0.3880763,0.1733917,-0.110403776
2.3377686,2.7177236,1.5489929,8.16011,-0.36145055,-0.3601179,0.18431866,-0.0071846843
2.1935897,2.2472205,1.6045775,8.1580925,-0.36297882,-0.3592465,0.18289948,0.092003286
1.9178787,2.3096237,1.5086558,8.105636,-0.35903168,-0.3497076,0.38843906,0.053007007
1.7699507,2.4448802,1.6067755,8.07987,-0.36586356,-0.2826457,0.42926693,0.31621325
1.4943535,2.1387222,1.5319977,8.129999,-0.35767746,-0.30369377,0.19336104,0.23600525
1.67384,2.2415993,1.5431268,8.187075,-0.3533969,-0.37258315,0.25186443,-0.038918257
2.3624377,2.0307639,1.5358248,8.105793,-0.33303678,-0.36836982,0.18086934,-0.02085632
2.1326854,2.027302,1.5982785,8.118195,-0.330449,-0.39472723,0.081000686,-0.18825912
1.9753557,2.0793579,1.4710495,8.178946,-0.31699407,-0.40880728,0.11156654,-0.28513384
1.8926787,2.2200227,1.4494653,8.21212,-0.31492746,-0.3695519,-0.0035770535,-0.3574876
1.6148983,2.5139043,1.5105629,8.3037195,-0.35382175,-0.39051247,0.13565218,-0.063753486
1.5922254,2.2298584,1.3426194,8.293634,-0.35983026,-0.32442808,0.04453993,-0.25475505
1.624672,2.2639816,1.2676232,8.333975,-0.35418415,-0.32647943,0.09263539,-0.4179325
1.5894653,2.5256872,1.4460022,8.299841,-0.38189816,-0.26979637,0.10472512,-0.33968595
1.5254042,2.6121838,1.388885,8.312497,-0.3954562,-0.23665547,0.095894456,-0.34944138
1.5378022,2.5246382,1.4567282,8.2339,-0.37060368,-0.29444027,0.1839025,0.07510942
1.375085,2.0330884,1.5094049,8.225861,-0.41533124,-0.22944164,0.11476874,-0.18099868
2.1537447,2.503239,1.430583,8.2401285,-0.47017288,-0.1739726,0.23373246,-0.12935367
1.9529568,2.0195475,1.3037035,8.287624,-0.471434,-0.16051865,0.21328926,-0.03465432
2.5651374,2.056795,1.439363,8.259444,-0.48433077,-0.16535664,0.21201193,-0.044508576
2.6692798,2.0227838,1.2608757,8.281963,-0.47941184,-0.11896372,0.18607283,-0.047761023
2.927841,2.014658,1.0817552,8.352446,-0.48518062,-0.09330082,-0.08031243,0.047192454
2.9025764,2.0240238,1.0139649,8.359872,-0.48773885,-0.14956069,0.11330068,-0.28391567
2.9231586,2.142828,1.014853,8.478897,-0.48756325,-0.158566,-0.067732096,-0.26907766
2.8033345,2.2646933,0.8969183,8.48231,-0.47182608,-0.20863485,-0.030273914,-0.25745562
2.6458213,2.4296675,0.89092696,8.475147,-0.44598186,-0.22110438,-0.063456416,-0.3940491
2.889901,2.476876,0.7288836,8.556196,-0.40672028,-0.19984937,-0.10962081,-0.026203215
2.7304728,2.5792885,0.32321334,8.5950365,-0.41003764,-0.18552971,-0.13967228,-0.42976445
2.690458,2.7878535,0.45795083,8.523772,-0.41551924,-0.14616609,0.018054843,-0.14911589
2.1328707,3.449564,0.7504208,8.528633,-0.39871943,-0.18974209,0.002424121,-0.11886531
2.241458,3.3368988,0.6107309,8.639429,-0.4558941,-0.15737462,0.10717642,-0.0038884282
2.0979981,3.2961607,0.61708164,8.692984,-0.45179677,-0.1408341,0.13109255,-0.139233
1.983993,2.8923926,0.626248,8.710234,-0.44636905,-0.26940393,0.021477818,0.05107802
1.4356589,3.4424357,0.96014297,8.803128,-0.4309368,-0.28425598,0.20596921,-0.14783394
1.7624393,4.175149,0.9611039,8.762895,-0.3924886,-0.3351729,0.07945049,0.0066720247
1.8234856,3.499281,0.8538883,8.714618,-0.3861674,-0.3435614,0.20146406,0.09791231
1.6335988,3.584834,0.8472147,8.600277,-0.37467408,-0.3045659,0.07862127,0.0052624345
1.9149469,3.6528091,0.72787595,8.58384,-0.33479607,-0.31333685,0.26718092,0.076758444
1.82797,3.8718739,0.6713531,8.608471,-0.32422435,-0.33138323,0.08320773,-0.021953642
1.9596134,3.662825,0.63261724,8.664924,-0.34595847,-0.320858,0.11352098,-0.21162862
2.0532298,4.417685,0.35100317,8.696058,-0.34526956,-0.2622826,0.12171328,-0.10870969
2.271152,3.9547882,0.35202885,8.800836,-0.37083197,-0.31214523,0.103170514,0.0369128
2.203617,4.2147665,0.41429913,8.761263,-0.36333704,-0.30858493,0.05744171,-0.09868485
1.7454882,3.8515573,0.38231254,8.759274,-0.34789896,-0.24455786,0.06829643,-0.048932195
1.7906235,3.5381625,0.1444912,8.778191,-0.3305725,-0.27705836,-0.05401039,-0.11022094
1.7838942,3.579129,0.2279445,8.809161,-0.353477,-0.28936434,-0.038449585,-0.19098082
1.8045135,3.6565194,0.19730175,8.768333,-0.34335065,-0.24579716,-0.06358361,-0.30139092
2.0624475,3.7251813,0.17071176,8.8066845,-0.36263204,-0.25696754,-0.11982924,-0.4001885
1.8004675,3.642251,0.30890644,8.793932,-0.34337616,-0.29057527,-0.14885694,-0.44130576
1.5509655,3.8909466,0.40868282,8.840886,-0.32577538,-0.2740445,-0.075276375,-0.33533052
1.5744696,3.8046782,0.13959575,8.8245735,-0.29008722,-0.27036333,-0.22684562,-0.33368045
1.6087455,3.616618,0.12886143,8.775959,-0.30355608,-0.26920605,-0.11178839,-0.31781596
1.517368,3.6070244,0.17554474,8.759542,-0.3018434,-0.26546,-0.1100229,-0.3071552
1.5751256,4.006069,0.3790418,8.827143,-0.3411559,-0.32607818,-0.13146913,-0.37448
2.3462942,3.798264,0.34228945,8.878234,-0.35842156,-0.36327052,-0.06984329,-0.20649523
1.4762971,4.402007,0.74387574,8.871685,-0.36597407,-0.32173038,0.071029425,-0.2606444
1.4967333,4.403754,0.79644156,8.870406,-0.37501788,-0.34033513,0.0645144,-0.21835664
1.611331,4.419862,0.803409,8.861367,-0.37102592,-0.34508276,0.06910074,-0.16794884
1.9534785,3.9459467,0.43235373,8.801447,-0.3390882,-0.331712,0.0331676,-0.22134185
2.0696423,3.8519807,0.39677858,8.768151,-0.37453926,-0.27716923,0.051853776,-0.11291289
2.014115,3.8254926,0.21148694,8.717669,-0.34464455,-0.254838,0.051708102,-0.20150024
2.1581588,4.1609364,0.27088404,8.753536,-0.34150434,-0.27960968,-0.1288234,-0.32196844
1.8221679,3.4761286,0.28994727,8.728352,-0.33927596,-0.28292227,-0.09630436,-0.42303175
1.691291,3.1513934,0.16952252,8.833609,-0.3526219,-0.27538824,-0.093661785,-0.41808474
1.67484,3.1914494,0.42111742,8.8231125,-0.36418104,-0.27362204,-0.10664129,-0.3769894
1.3712463,3.122662,0.32104707,8.931099,-0.34582543,-0.2481842,-0.23284811,-0.38848916
1.3991055,3.209879,0.04874897,9.010561,-0.37024665,-0.25045776,-0.10111487,-0.24366069
1.5500059,3.6369705,-0.033186436,8.971879,-0.36998475,-0.22077751,-0.09230858,-0.35123706
1.8019794,3.716586,-0.040272355,8.863244,-0.3889233,-0.2282114,-0.08504444,-0.22046971
1.8013871,3.72914,0.14725971,8.874739,-0.39534974,-0.18508029,-0.05941701,-0.2571416
1.6194913,3.9941254,0.14008093,8.980532,-0.4069382,-0.1834755,-0.035898983,-0.09734094
1.6080914,4.280258,0.2890507,9.017076,-0.43686152,-0.18039227,0.18641365,0.24922419
2.945354,4.6456957,1.6965375,7.042442,0.25561476,-0.95829487,0.052204132,-0.17159227
2.5053318,5.770499,1.6591103,7.0019875,0.24949288,-0.9096365,0.12579644,-0.08136517
2.2320814,5.9089737,1.6514382,6.9850507,0.2406795,-0.8547187,0.1842004,-0.39339903
1.9243824,4.66662,1.6934915,6.999119,0.2533145,-0.8564739,-0.011099458,-0.32340157
2.151137,2.6387486,1.6669416,7.0004606,0.28355527,-0.92423296,-0.11987722,-0.46846348
2.17374,6.4928427,1.633523,7.094458,0.27895236,-0.9080291,-0.0992803,-0.4843299
2.0065916,2.1124759,1.6003227,7.0376425,0.2831974,-0.885046,-0.16875052,-0.25948724
2.7257028,2.1743212,1.5749052,7.0156674,0.29608798,-0.91927576,-0.15085065,-0.47994485
2.7755995,2.06969,1.6211293,6.960301,0.29785252,-0.9004564,-0.16885906,-0.2460421
1.7417748,3.5391712,1.6317012,6.931605,0.309299,-0.940634,0.16931927,-0.12210491
2.5729558,4.4214544,1.6381111,6.945214,0.29117227,-0.9381385,0.17929018,-0.051624864
2.7787294,5.9375315,1.6437161,6.8606215,0.2877226,-0.8943045,0.09389329,-0.21111977
2.9551418,4.509452,1.6469834,6.902041,0.251132,-0.85535717,-0.03230226,-0.39133054
2.9675648,6.991514,1.6318238,6.947241,0.25948763,-0.8482733,-0.07037324,-0.4413582
2.9619513,4.755374,1.6382833,6.9776807,0.26678753,-0.86917114,-0.163863,-0.49156258
2.934372,3.3060777,1.5697823,7.017853,0.26462007,-0.85776234,-0.14793491,-0.42466602
2.9263396,4.1671047,1.601048,6.9882374,0.24048805,-0.87691474,-0.09011072,-0.44454715
2.7917743,3.0842423,1.5804791,6.9963503,0.25766087,-0.8722453,-0.057881713,-0.46921122
2.7506454,6.0078325,1.5907578,7.076796,0.25840306,-0.86333966,-0.12302554,-0.393666
2.7833412,4.3346815,1.5167537,7.025838,0.2698908,-0.8674123,-0.04051912,-0.4662285
1.6415458,7.9987583,1.6608944,7.0740433,0.2705047,-0.86384773,-0.04663241,-0.44663826
2.0424962,7.118748,1.646992,7.0024643,0.27482128,-0.9227023,0.02335167,-0.42673814
1.9392616,4.7117558,1.62431,7.023908,0.30579305,-0.93238664,-0.043293655,-0.443529
2.0421205,8.287399,1.6360588,6.987221,0.32402468,-0.9171877,-0.049167454,-0.47160378
1.7899704,6.070201,1.6064305,7.02785,0.31304836,-0.9954848,-0.045656383,-0.4853189
2.1594598,9.422911,1.6549072,7.0672703,0.28188396,-0.97445965,0.004660487,-0.4187491
2.6905208,2.452406,1.5507057,7.0409946,0.28327155,-0.92346144,-0.08760482,-0.48953483
2.6316357,2.9407191,1.5662546,7.0557837,0.26701498,-0.9196682,0.09206045,-0.06208068
2.0524902,3.8983593,1.556701,7.105187,0.26826477,-0.8986304,0.03871727,-0.32462955
2.2463806,6.076294,1.4942663,7.10927,0.29932666,-0.9309306,-0.046032548,-0.4081288
2.2317266,6.280343,1.4954717,7.110036,0.31037688,-0.96511936,-0.0021461844,-0.38665825
2.1021006,4.453791,1.4699512,7.076364,0.31921673,-0.9180758,-0.027320504,-0.49215445
1.7644682,8.149406,1.4642704,7.14523,0.3489387,-0.9611554,-0.065451086,-0.49427384
2.159908,7.163686,1.4599822,7.1350493,0.3824196,-1.0449817,-0.029497981,-0.49925745
2.0479975,6.998979,1.4314349,7.197359,0.36433268,-1.0443296,0.0070643425,-0.3349416
1.9480715,7.6983385,1.4463043,7.1643414,0.34853005,-1.0065436,-0.0092199445,-0.38115582
1.7565043,3.7665424,1.4144886,7.1223254,0.33999658,-0.97468615,0.014260411,-0.35040256
2.8026516,4.3885713,1.4525948,7.156288,0.34311008,-1.0209026,-0.04471463,-0.41922832
2.832026,7.3985734,1.4033828,7.2592144,0.3249035,-1.0428586,-0.105378926,-0.4134393
1.3547899,3.3134422,1.3624833,7.3085623,0.32336926,-1.0121684,0.033884287,-0.47434223
1.40691,5.971814,1.4532418,7.3133793,0.3031497,-1.0206145,0.017095804,-0.48543516
1.7766196,4.9884377,1.5087867,7.2106113,0.30876255,-1.0418167,0.020408511,-0.24445459
1.8948393,4.6528454,1.4808936,7.2170453,0.2937634,-1.0426121,0.14309573,-0.087500274
1.9380306,4.417534,1.5002613,7.2506,0.2715361,-1.0143424,0.14927995,-0.13800743
1.8283412,7.176538,1.4595165,7.2526283,0.2760117,-0.933707,0.16595769,-0.20918012
2.1190853,9.538831,1.4097981,7.2525063,0.289778,-0.9365268,0.06818223,-0.22206107
2.0026946,6.586393,1.4231257,7.2316914,0.2827983,-0.9159663,0.112306476,-0.24461806
2.601954,6.263417,1.4584072,7.1253157,0.2817011,-0.95269537,0.13787043,-0.19117591
2.3328142,6.466773,1.450695,7.196041,0.30918622,-1.0027938,0.1061461,-0.23220494
2.1711233,4.230805,1.4640985,7.1976943,0.29581165,-0.988317,0.12201083,-0.19804424
2.1201806,3.7775586,1.5300207,7.1808863,0.29618335,-1.0029628,0.0033307076,-0.17556342
1.5615189,6.2589293,1.5391078,7.1765947,0.31681108,-0.9497013,-0.045611203,-0.40060943
2.618665,4.708767,1.5304289,7.1142383,0.305444,-0.9969735,-0.04774475,-0.40851724
2.4828174,8.747306,1.5349162,7.099976,0.31304455,-1.007574,0.06046188,-0.25664628
2.6085517,5.6028624,1.4909377,7.1495476,0.311383,-1.0120924,0.06695378,-0.30790165
2.6831298,4.919544,1.4606476,7.124855,0.35380363,-1.0762278,0.024730563,-0.23407817
2.594358,5.8032227,1.4521852,7.208066,0.3178661,-1.084848,0.076770544,-0.19263527
2.6820102,9.147436,1.4522357,7.206544,0.31511545,-1.0399079,0.08733654,-0.2599668
2.379419,6.9496355,1.4277141,7.205745,0.32835007,-1.0502915,0.10379183,-0.08718991
1.5892253,5.539486,1.3997777,7.277504,0.289289,-0.95944023,0.050631166,-0.25182027
1.9934723,6.1706524,1.451345,7.222391,0.28051114,-0.9066522,0.06001544,-0.28667423
1.9633896,7.737653,1.5319166,7.2036543,0.27788758,-0.94620323,0.011359692,-0.31946504
1.7454481,6.820842,1.5009925,7.2566314,0.27027678,-0.9371288,0.100471616,-0.3882379
2.67285,6.369074,1.4231596,7.2090235,0.2949946,-0.9632492,0.115430355,0.0012506247
2.6701066,5.96605,1.3990216,7.212018,0.29210353,-0.9880383,0.1347605,-0.33341044
2.3968275,5.147341,1.4201841,7.2258844,0.2988634,-0.98691607,-0.011951685,-0.24687448
2.7517898,8.150173,1.4570735,7.2301493,0.2535379,-0.9376476,0.00891614,-0.42087248
2.8947308,6.7091994,1.3544302,7.2827463,0.270921,-0.9698591,-0.009803951,-0.11244619
2.0196474,3.707923,1.3618612,7.2542744,0.2984929,-0.9604559,-0.0084037185,-0.47332886
2.353416,8.155225,1.3780084,7.2457156,0.31158447,-0.9352529,-0.09953517,-0.2710001
2.0672622,6.245671,1.3620358,7.292634,0.30686593,-0.92577934,-0.07405472,-0.48371598
2.1059985,5.6093836,1.2886786,7.2512045,0.31134915,-0.9852712,0.04118824,-0.4053418
2.0019608,7.665994,1.3080497,7.2839775,0.32728648,-0.9337635,0.02237451,-0.28259933
2.0471117,7.7091575,1.322515,7.2600183,0.34845233,-0.93994594,-0.09802437,-0.44561553
1.7720873,6.512894,1.2983034,7.3006206,0.34602237,-0.95077825,-0.05700034,-0.41098624
1.6744666,6.8855023,1.3206773,7.3172665,0.33786345,-0.937479,-0.06567097,-0.44578126
2.157743,3.3540022,1.2699094,7.283931,0.35680413,-0.955786,-0.093084455,-0.40765303
2.9952521,4.914551,1.257165,7.2771974,0.35533857,-1.004939,-0.20859492,-0.35095742
2.9046102,8.068396,1.2508388,7.3262167,0.3973024,-1.0446986,-0.24451631,-0.46114847
2.2795901,7.3842688,1.1880562,7.30393,0.3557415,-1.0199974,-0.051203072,-0.32158482
1.6666715,5.324828,1.2337785,7.307537,0.3719201,-0.98764277,-0.0600574,-0.37484938
2.4829922,9.843978,1.2164507,7.3360896,0.3668735,-0.9781883,-0.07486755,-0.2959851
2.1475632,9.762849,1.2229035,7.3649926,0.33892226,-0.9751673,0.01336205,-0.0014572144
2.3185472,3.195742,1.2870791,7.465063,0.24800944,-0.92574334,0.015554905,-0.22741634
2.7406783,3.955988,1.2636094,7.361303,0.23072124,-0.89592004,-0.06322545,-0.258544
2.025432,3.1907964,1.3729315,7.36484,0.23915243,-0.9503925,0.07498014,-0.1820871
2.441439,3.9158735,1.3559647,7.382972,0.2703662,-0.95753574,0.076235056,-0.15614462
2.7030232,9.046939,1.3602316,7.352411,0.26089764,-1.0001118,0.022683859,-0.1874086
2.7846863,7.8770084,1.4165328,7.340415,0.26366735,-0.94160223,0.10368276,-0.25008136
2.185729,4.906726,1.3176057,7.3609586,0.25369382,-0.96079063,0.10575485,-0.057183266
2.7078857,9.871876,1.3758426,7.3566265,0.26764727,-0.9961374,0.055555224,-0.16172415
2.6875832,9.306822,1.3770559,7.3156323,0.28779888,-0.935452,-0.041690826,-0.42742226
2.9302073,9.460978,1.3055866,7.3132668,0.3050511,-0.9549532,-0.03962463,-0.20605597
1.647045,6.4106607,1.294868,7.2894225,0.33973384,-0.8713596,-0.070459425,-0.4496528
2.3684008,8.730356,1.4556851,7.266365,0.29432774,-0.9531512,0.0013941526,-0.40820453
1.9611013,4.935399,1.4221187,7.2998705,0.29206872,-0.9314945,0.0017260313,-0.23960248
2.4333005,8.379195,1.430337,7.289321,0.27898335,-0.94978523,-0.07491326,-0.2193324
2.5382285,7.1520104,1.41114,7.2783537,0.26996994,-0.98371553,0.06740546,-0.4309206
2.5731754,6.7488174,1.4077694,7.1776915,0.2893834,-0.93898225,0.19673204,0.1998024
2.8224158,9.8408575,1.405664,7.1561985,0.2843449,-0.9508028,0.13342416,-0.18074352
2.8397086,8.454159,1.407207,7.1993833,0.2850144,-0.99081516,0.022640824,-0.29015577
2.826502,7.7579713,1.4065626,7.208172,0.30579233,-0.99683475,0.09937656,-0.23812222
1.8873786,7.3851547,1.4153812,7.270016,0.31194234,-0.9952202,0.11262095,-0.054680467
1.6335912,4.594618,1.4355407,7.3026743,0.28816915,-0.984329,0.08236754,-0.13789546
1.6232674,5.819617,1.394372,7.3065267,0.30417252,-0.9887197,0.24631631,-0.13691819
1.6504171,6.790059,1.405776,7.2881036,0.2883165,-0.9495187,0.29863596,0.11037022
1.648214,6.9233274,1.454221,7.29849,0.2717979,-0.9612057,0.09167969,0.11198413
1.9639809,3.7589993,1.4318488,7.389945,0.2480545,-0.9706874,0.12666988,-0.24710068
1.9572451,3.16414,1.3868208,7.3781285,0.2589717,-0.9624679,-0.054961026,-0.25314796
2.2614393,3.7378302,1.3887975,7.315357,0.2558756,-0.90328574,0.077479005,-0.14672592
2.6943123,3.1915617,1.2938042,7.4455004,0.23525667,-0.89216757,0.004192829,-0.1343869
2.7843077,3.5540614,1.1978676,7.4807754,0.24036694,-0.8826277,-0.07863706,-0.1758425
2.8646526,6.853242,1.3540192,7.3990293,0.25736666,-0.9021666,-0.17771256,-0.4126942
2.8512006,3.277371,1.3483715,7.381495,0.20302892,-0.9109473,-0.0969072,-0.4465028
2.7174842,9.764961,1.3807027,7.252993,0.25827336,-0.92528033,0.047319412,-0.4899626
2.6789818,9.835352,1.3987727,7.2710533,0.27249813,-0.93118477,-0.03900987,-0.4272973
2.7290366,4.1197295,1.2440817,7.2739315,0.25837898,-0.8569701,-0.04555875,-0.38676566
2.6826246,7.940803,1.435283,7.2235165,0.2921784,-0.9519894,0.04439771,-0.32326418
2.0903106,8.740526,1.434866,7.1918197,0.3102064,-0.9670334,-0.007332027,-0.3403186
2.2689443,8.087406,1.4349284,7.2199144,0.30836153,-0.9667325,-0.020089507,-0.39740235
2.1937165,7.1469965,1.4018822,7.278124,0.31376243,-0.9897468,-0.05181402,-0.4609378
2.1461263,5.7533236,1.3642297,7.3522177,0.29537487,-0.96486807,-0.024157226,-0.33523196
2.6464334,8.460781,1.2413163,7.3803425,0.28681755,-0.96284866,0.020373344,-0.33633798
2.7473094,7.9100337,1.2824724,7.4992294,0.24487758,-0.94283843,-0.0019133091,-0.31711924
2.9210682,8.458427,1.2711792,7.4759326,0.23945355,-0.9549079,-0.027756095,-0.3006422
2.8430786,8.808363,1.2953048,7.5057793,0.2336247,-0.96115494,-0.02533865,-0.32840228
2.4273577,7.9035277,1.2797155,7.505184,0.21659684,-0.89684033,-0.01047641,-0.29739127
1.5936738,4.068857,1.3551219,7.5007463,0.22116089,-0.89677906,-0.11579418,-0.37732378
1.5287799,5.143416,1.3111591,7.506124,0.23758149,-0.8938272,-0.069090486,-0.42365757
1.5887941,5.8227396,1.3517857,7.466215,0.2370379,-0.8516972,-0.061051965,-0.34591034
1.5085914,5.715869,1.3201919,7.5051026,0.22439528,-0.83714414,-0.095849395,-0.37961373
1.9521486,4.071261,1.3108511,7.4801035,0.21287298,-0.8150499,-0.10553533,-0.39856064
1.8754798,7.0127406,1.2884626,7.473298,0.20979905,-0.8178668,-0.01574415,-0.37949207
2.1414416,7.552498,1.2979538,7.45582,0.21360111,-0.81356287,-0.072065175,-0.42535555
2.6928544,6.6435547,1.2750554,7.52456,0.20171762,-0.9110856,-0.097140074,-0.43304428
2.2774653,3.6557045,1.1977215,7.562177,0.2428112,-0.91559935,-0.08823669,-0.26941562
1.961209,2.9926832,1.2139843,7.5686884,0.22150016,-0.86168766,-0.1210621,-0.34517384
2.419108,7.230361,1.2318149,7.4584646,0.20801282,-0.8477087,-0.12211704,-0.42767546
2.5314424,6.4674287,1.2370381,7.576907,0.21743011,-0.8737812,-0.15674621,-0.30245042
2.5787659,6.936493,1.2937002,7.602478,0.17702484,-0.84371066,-0.117845714,-0.3371856
2.1937616,6.288732,1.2861028,7.579272,0.17326021,-0.8197894,0.0146228075,-0.37956262
2.0904531,8.127266,1.2811894,7.548191,0.16813278,-0.8222692,0.035031676,-0.31959814
2.5484784,9.758991,1.3180993,7.557946,0.17087531,-0.8811097,0.021602273,-0.3585451
2.5955167,8.915749,1.3142385,7.547324,0.17646098,-0.931211,0.10854423,-0.42272982
2.4819264,5.102111,1.4095206,7.433673,0.17725778,-0.8571677,0.009933591,-0.4349384
2.3664973,7.282225,1.4193449,7.4405203,0.19364142,-0.8753953,0.050028205,-0.41344118
2.1826897,8.28111,1.43063,7.3512793,0.19723654,-0.8680525,0.043509364,-0.17860782
2.5356007,8.512915,1.4961789,7.222745,0.2408061,-0.9110327,0.14451873,-0.22429615
2.6746137,8.820145,1.4592566,7.2320375,0.25145912,-0.9156828,0.07383287,-0.24855804
2.5945883,5.8552847,1.3355665,7.242205,0.26756668,-0.91954756,0.061138153,-0.09800559
2.8050313,5.7035527,1.3813097,7.1928587,0.2636528,-0.90332747,0.1561048,-0.020293832
2.842013,7.5737395,1.4385192,7.1346574,0.24398828,-0.8721483,0.118768334,0.0039905906
2.780346,4.3352118,1.5143521,7.1104193,0.24761057,-0.9281571,0.042296886,0.052250266
2.865493,5.510674,1.5780389,7.1552653,0.26590204,-0.9057915,-0.174196,-0.47704497
2.757844,6.9035635,1.5905778,7.1916027,0.22882652,-0.88071823,-0.1618985,-0.47042406
2.762406,3.5875757,1.5739696,7.106395,0.26119804,-0.91377306,-0.014555275,-0.45613068
2.7856119,8.690897,1.6122546,7.034257,0.27006388,-0.96617126,0.009111285,-0.42324957
2.84194,5.197958,1.6123979,7.093865,0.24168062,-0.95430136,-0.042318285,-0.4631976
2.7392745,4.2065506,1.6185722,7.1557765,0.2330122,-0.92768884,-0.047599554,-0.47150376
2.3607516,3.1470058,1.6078472,7.2314863,0.20115614,-0.8944378,-0.024846911,-0.4927536
2.6380928,2.8017874,1.5611398,7.178016,0.21522689,-0.9064522,-0.1094501,-0.48684525
2.5322466,7.4665785,1.5214105,7.151294,0.260319,-0.90608025,0.07631278,-0.43994164
2.6676803,5.7198763,1.5067885,7.1509523,0.24659348,-0.91709757,0.04418385,-0.06169033
2.9598112,6.902095,1.5284443,7.2571955,0.22737408,-0.9229946,-0.0011844635,-0.37778118
2.829106,4.467152,1.5403528,7.2004886,0.23051739,-0.98035026,0.037466288,-0.31553978
2.4188092,6.18606,1.6037095,7.1622353,0.25471854,-0.98971224,0.0634712,-0.37782073
2.0477805,8.068731,1.5685971,7.112111,0.26541948,-0.9460521,0.1350975,-0.1995728
1.9039428,9.438883,1.6474786,7.123885,0.27720022,-1.0174108,0.19093025,-0.22324857
2.0818615,6.997276,1.6449695,7.1367326,0.25464725,-0.9651327,0.17027032,-0.26817846
2.4911356,3.8648567,1.5968044,7.1126113,0.23180985,-0.9046061,0.13171959,-0.2801182
2.6138258,4.63169,1.6261256,7.0774374,0.22476292,-0.9313829,0.13771415,-0.24943477
2.8198605,8.579349,1.6357594,7.097835,0.22793078,-0.91954446,0.17509401,-0.15142983
2.7985754,7.7602625,1.6461103,7.049131,0.2122407,-0.88553905,0.2068851,-0.053153157
2.7896137,6.005016,1.6122658,7.0854588,0.20117712,-0.8871193,0.09361553,-0.15860665
2.674982,3.3177545,1.5994008,7.077371,0.20190406,-0.86492467,0.04467976,-0.3004589
2.3418784,2.1397405,1.7439845,7.011239,0.22302556,-0.88514876,-0.033245504,-0.32248777
2.5300987,2.0884466,1.7410865,6.9487,0.21715474,-0.8981576,-0.0052473545,-0.21311834
2.5103638,2.020809,1.7267501,6.923056,0.24233675,-0.86901665,0.016261697,-0.37679315
2.1417572,2.006018,1.7666888,6.973658,0.22850204,-0.8877177,-0.13284802,-0.48367035
1.885787,2.0318553,1.6828642,6.968224,0.24365616,-0.81382227,-0.1513136,-0.4286999
2.4333963,4.304853,1.6853313,7.064931,0.198349,-0.8733225,-0.11798632,-0.46605334
1.4480283,2.9687848,1.6611214,7.220876,0.20215893,-0.8473389,-0.12717044,-0.46241882
0.90011287,3.2749853,1.67261,7.266551,0.19520187,-0.81818724,-0.06558466,-0.48128527
1.8132666,2.1520057,1.6091018,7.23361,0.1721921,-0.80295277,-0.0064669847,-0.4357499
1.8310196,3.8659236,1.5198197,7.2755275,0.17717409,-0.8197408,-0.038466156,-0.46748993
1.3610206,4.895245,1.5906911,7.3004155,0.17431378,-0.84181523,0.12627065,-0.37477905
1.6091934,2.7796638,1.5378737,7.2832203,0.19866204,-0.8627105,0.16120565,-0.2774045
2.3576863,5.9507437,1.5773914,7.2969127,0.18847656,-0.87690806,0.050883174,-0.15881091
2.0369945,5.5021677,1.6166248,7.246308,0.19894242,-0.88053584,0.07400739,-0.12946084
2.9586396,2.2861428,1.5273843,7.1985373,0.18475628,-0.8877847,-0.0068137646,-0.18304342
2.9683533,2.6873677,1.4884927,7.2726293,0.17787361,-0.83319354,-0.02201873,-0.27999532
2.674169,3.3151896,1.5608139,7.3295803,0.15161729,-0.8361769,-0.008188605,-0.32742715
2.5478342,6.712495,1.5846932,7.2952847,0.16574502,-0.88764334,0.09097266,-0.42914143
2.4246469,5.663928,1.5633233,7.2022142,0.19742656,-0.835104,-0.01947385,-0.43816882
2.2841997,4.633461,1.5562263,7.2303023,0.20756054,-0.8414762,-0.15345871,-0.40835175
2.324638,3.2269366,1.5127237,7.302433,0.2359035,-0.90296984,-0.08243358,-0.42393026
2.3346167,2.3271737,1.4813998,7.2321978,0.24000669,-0.90040994,-0.14603645,-0.4104414
2.710217,6.1956463,1.4405949,7.213333,0.27323174,-0.9219122,-0.06878203,-0.47170126
2.399303,3.7721481,1.4497402,7.1731,0.27649927,-0.9239745,-0.083764374,-0.48169547
2.3911417,6.1713724,1.4449141,7.1255407,0.2980175,-0.9146359,-0.061269224,-0.47817504
2.9655223,2.787119,1.7220705,6.009467,0.7145746,-1.4332334,0.48711717,0.24669701
2.8945656,3.0397563,1.6700315,5.9900637,0.7377343,-1.389517,0.19742143,-0.37670577
2.99017,8.286672,1.7076328,6.066077,0.74269867,-1.4050295,0.11439741,0.0056429505
1.4021393,2.5234976,1.786397,6.0673876,0.7226274,-1.3815548,-0.0016961098,-0.36528075
2.2752473,5.081856,1.7894018,6.0416107,0.7051046,-1.3971174,0.043056846,-0.27116758
2.9950972,7.319211,1.7530746,6.0432477,0.73136544,-1.3846302,0.10249746,-0.296449
2.5815315,9.759545,1.7919149,6.0235295,0.7346909,-1.3784899,-0.027849376,-0.3527012
2.8619926,7.698569,1.7560732,6.1008883,0.6927874,-1.3273273,-0.07409239,-0.42713502
2.7220156,7.837127,1.8458977,6.0223823,0.67518115,-1.3232903,0.048324943,-0.42256883
2.799604,6.9526763,1.8136158,6.018813,0.69857764,-1.3288012,0.05907011,-0.21996626
2.6472185,6.931886,1.7917845,6.0306826,0.725441,-1.3839109,0.04258716,-0.14412808
2.3603106,2.7531495,1.7573929,6.0636683,0.7251663,-1.3765152,0.019578815,-0.38354367
2.5012777,7.1725526,1.7475238,6.092503,0.7143502,-1.3660777,0.10752034,-0.25364107
2.792151,7.696209,1.6790128,6.188867,0.7600422,-1.4267392,0.17035866,-0.24603331
2.7068927,4.885959,1.6182132,6.1756134,0.7666106,-1.4031104,0.023854256,-0.29743138
2.566031,5.0569696,1.6180754,6.236721,0.7645495,-1.4053413,-0.17144245,-0.4800878
2.1293154,6.7053113,1.619396,6.2794914,0.7628827,-1.3666866,-0.17666239,-0.4029361
2.511844,7.048637,1.4932446,6.211933,0.8315904,-1.3731369,-0.110705554,-0.45443457
2.8179557,2.785626,1.5128284,6.221067,0.8239579,-1.5008546,-0.03266847,-0.479394
0.7522124,2.4013014,1.5331681,6.382138,0.8088219,-1.4640595,-0.10956335,-0.49111483
1.3326752,3.2014868,1.5642102,6.371047,0.8080144,-1.4920759,0.008785486,-0.41206998
1.7949455,8.0870285,1.5530915,6.4036794,0.77815676,-1.4806999,0.006252408,-0.4513016
2.0965865,7.8879676,1.5401287,6.3802996,0.7760482,-1.4752843,0.035239577,-0.40052542
2.491588,8.509483,1.4769628,6.39109,0.830858,-1.4563274,0.05376029,-0.24172589
2.7584453,5.139553,1.5755954,6.205943,0.8444669,-1.5285591,0.006026268,-0.1554594
2.7076948,8.070372,1.5666649,6.1901197,0.8366296,-1.5190364,0.08913398,-0.22899431
2.6231697,5.0532813,1.5365748,6.2670627,0.8348179,-1.5201476,0.058426976,-0.30789578
2.5454402,8.002892,1.5132279,6.3065214,0.8569257,-1.5256689,-0.027263045,-0.4206162
2.6382377,5.865456,1.5064259,6.3420386,0.8672445,-1.5917765,-0.035013974,-0.1516372
1.8648235,4.9953337,1.4868963,6.329029,0.87647414,-1.5485498,0.043813944,-0.3290113
2.1354554,8.340904,1.5247941,6.26298,0.8374908,-1.5251644,0.04591453,-0.14379501
0.8511214,2.9896352,1.5161471,6.336337,0.8534138,-1.5040674,-0.033318162,-0.08350882
2.924064,3.115849,1.4640722,6.330903,0.83663416,-1.4701974,0.025923371,-0.4299518
2.3625264,3.6317973,1.463294,6.4202657,0.84314585,-1.5055609,-0.15924412,-0.42505425
2.779689,8.45318,1.4316952,6.420341,0.83219504,-1.5032117,-0.1137526,-0.49352196
1.9249971,9.555245,1.4509919,6.4189777,0.8006635,-1.4893123,0.03669536,-0.49673763
2.6257377,9.781118,1.53813,6.4162188,0.8056648,-1.5132276,-0.012153149,-0.25270534
2.030086,9.503239,1.4740374,6.433442,0.8417015,-1.5108191,-0.061186254,-0.44557327
2.4998896,4.747738,1.4415665,6.3601727,0.84092355,-1.4817764,0.06015539,-0.42686188
2.864111,9.935944,1.4367654,6.3787136,0.85205626,-1.474905,-0.08947843,-0.38948205
2.8848078,9.580969,1.4084768,6.3215218,0.85475206,-1.4712327,-0.036009133,-0.44917712
2.7180216,7.829154,1.461709,6.201826,0.867816,-1.4680413,0.0031682253,-0.443579
2.7277515,8.817431,1.515055,6.191607,0.87961435,-1.4668539,-0.048502028,-0.4213372
2.100298,9.671143,1.570817,6.1961203,0.8339901,-1.4447656,-0.03128028,-0.28445247
2.2794771,6.0728126,1.5697212,6.187074,0.7995229,-1.3986003,-0.006351292,-0.2467778
1.9845672,4.8981028,1.6115384,6.1588373,0.8153324,-1.4692672,-0.008682132,-0.2685889
1.9310783,7.307002,1.6089628,6.1285763,0.810102,-1.4417729,0.023798585,-0.31955326
1.3897928,9.305683,1.5604017,6.2322645,0.82971644,-1.4015417,0.08888447,-0.3093142
2.1513472,6.3640876,1.5528917,6.1785593,0.83086634,-1.4021873,-0.10313785,-0.45953
2.396349,8.182729,1.5425301,6.1791344,0.8308954,-1.3818481,-0.123122334,-0.3116486
2.4575837,9.232444,1.5484905,6.14919,0.8383486,-1.4400451,-0.029396474,-0.4363225
1.9414685,7.689483,1.4688444,6.26512,0.83660364,-1.462178,-0.034565628,-0.40962136
2.0729403,4.6636553,1.5297551,6.2246523,0.8478434,-1.4552848,-0.071409404,-0.35343218
1.8473909,3.5644965,1.5363963,6.229225,0.8062482,-1.4463658,-0.010319173,-0.38318574
2.895337,3.909021,1.6153495,6.1136227,0.7770822,-1.4157956,-0.009033322,-0.17916226
2.820672,9.20414,1.6147227,6.2577505,0.7529609,-1.4279312,-0.012068868,-0.34938923
2.795112,3.6701603,1.6213684,6.2275534,0.7570298,-1.405549,-0.0024430752,-0.28395936
2.7743585,3.1029305,1.6141951,6.221602,0.7512145,-1.4263237,0.04448843,-0.34190303
2.4453256,3.8409834,1.5816102,6.2417364,0.7529137,-1.4120404,-0.0019555092,-0.08526316
2.1873484,4.878192,1.5771797,6.256817,0.74923205,-1.3839937,0.24891114,0.23070616
1.2269707,3.7775588,1.5313325,6.257641,0.7881634,-1.400667,0.51707256,0.20441848
2.739503,6.4116654,1.5415041,6.273303,0.7745209,-1.4213138,0.51027715,0.44533813
1.6751829,6.650003,1.5456879,6.290841,0.77451324,-1.4158571,0.4750179,0.44426847
1.6162357,5.7707396,1.5686462,6.293914,0.7781117,-1.4007673,1.2207146,0.5135989
1.426511,6.5427747,1.5480962,6.3166018,0.76353145,-1.3628724,1.8320999,0.53629875
1.6230254,7.8917303,1.5322163,6.305855,0.7655494,-1.3640332,2.3215756,0.37578225
1.6114708,8.543489,1.5509953,6.3171973,0.7607429,-1.4032292,1.7972527,0.540252
2.2084785,7.2397876,1.605422,6.362327,0.73316646,-1.4102178,1.9849293,0.41518188
1.692888,6.782457,1.573678,6.4111824,0.70757604,-1.3694391,1.9757771,0.51171255
1.5312028,6.5922585,1.5988598,6.3512926,0.7162006,-1.3472575,1.3104742,0.4198166
1.4156642,2.703679,1.6190922,6.370948,0.69650245,-1.3383061,2.1397452,0.55253935
1.8070147,9.277272,1.6371927,6.350418,0.68702817,-1.3279903,1.508529,0.47972655
1.2648252,2.8544538,1.5799456,6.344264,0.69291854,-1.263345,2.6791143,0.554494
2.1893787,2.4452336,1.6338139,6.3005743,0.69626117,-1.2995579,2.6363127,0.57773876
1.887218,9.94042,1.6248116,6.290385,0.69754624,-1.3561746,2.793511,0.58293056
1.3213214,3.4477367,1.6416488,6.3167,0.69914985,-1.3524449,1.2702534,0.30299842
1.0847977,4.2190604,1.6559324,6.41879,0.6711221,-1.3589312,1.3719394,0.59612703
1.8630767,2.609695,1.5651641,6.416342,0.6732464,-1.4078953,1.1217792,0.3447367
0.87799776,2.0230792,1.6124039,6.2389855,0.732851,-1.4188224,0.49767733,0.4963171
2.9467268,4.891856,1.6812925,6.219695,0.7344012,-1.4436375,0.44020653,0.40511906
2.984687,3.4894783,1.700592,6.2883215,0.6912105,-1.4372308,0.13216805,0.21595258
2.9321506,2.6462755,1.6317074,6.164883,0.6874299,-1.2727222,0.20145965,0.116153
2.529526,3.6717477,1.744884,6.233554,0.64355636,-1.3077704,0.09986639,-0.17809492
2.8555949,2.3209343,1.7909446,6.197463,0.60648346,-1.2935396,0.021776676,-0.34247836
2.9789724,2.0639281,1.7862828,6.1766434,0.6095052,-1.3142141,0.07096064,-0.27089372
2.4991841,4.141081,1.7965882,6.229661,0.6097691,-1.3046014,0.03867197,-0.41128203
2.826341,5.204591,1.8599656,6.2492914,0.6061797,-1.329606,-0.047941327,-0.42895627
2.6412494,2.8373656,1.8382628,6.1754737,0.64436364,-1.3082643,0.029734135,-0.47546467
2.1000988,3.343482,1.8524592,6.1568856,0.638464,-1.3065817,-0.040670216,-0.48742744
2.8899212,6.014291,1.8563762,6.1052485,0.58854747,-1.274296,0.061864257,-0.48869434
2.9896731,2.4427173,1.8396537,6.1304207,0.61490345,-1.2554018,-0.055788755,-0.46115345
2.9430742,7.5464787,1.842788,6.175761,0.602592,-1.2344165,-0.050281823,-0.44184214
2.3295,3.7023401,1.843658,6.1491947,0.6060786,-1.2512805,-0.050900757,-0.39620802
2.5725615,3.9171393,1.8780065,6.134672,0.6039424,-1.2671196,-0.043613672,-0.4326333
2.430991,7.6681576,1.8770592,6.1476264,0.59462667,-1.2899172,0.10443199,-0.024427831
2.5639558,5.8690996,1.8789377,6.0821247,0.6155119,-1.2968702,0.25083423,0.11648083
2.3279982,5.847531,1.8880568,6.0830975,0.6154127,-1.2986765,0.22224188,-0.19788772
1.7326142,2.6297581,1.8549755,6.1314445,0.5967312,-1.278101,0.13112116,-0.18951264
2.2595797,2.362186,1.8838992,6.176734,0.57732844,-1.2718639,0.18527591,-0.3166794
2.2309296,2.828535,1.8365717,6.1808796,0.6301389,-1.30439,0.104346514,-0.2695046
2.2770362,4.869249,1.8060036,6.1807394,0.6291225,-1.3191798,-0.004632354,-0.2561134
2.1457763,6.257455,1.7998908,6.223727,0.6198435,-1.2857133,0.23729706,-0.27010876
2.3147907,4.8904467,1.7998953,6.2433195,0.6496625,-1.2721899,-0.06944978,-0.46714428
2.4372804,4.181018,1.8575678,6.2402945,0.58517957,-1.2594749,-0.079710305,-0.46118486
2.916384,3.3971763,1.8510768,6.2427206,0.5950227,-1.2864808,-0.045986652,-0.47812942
2.7096055,2.767536,1.8104966,6.2168293,0.59684753,-1.2746447,-0.1001026,-0.47626823
2.7624328,7.1797614,1.8255615,6.186616,0.59667253,-1.2033724,-0.07977915,-0.43171915
2.5051525,6.483431,1.8741918,6.188101,0.5830741,-1.1987154,-0.14208066,-0.39617187
2.0796947,7.47392,1.8663943,6.2181916,0.5611992,-1.1915286,-0.047364056,-0.49204278
2.755895,3.311573,1.8394494,6.260299,0.55202794,-1.2265229,0.044273734,-0.39553618
2.8568897,8.6180935,1.8627677,6.2309937,0.5397732,-1.2081767,0.0056945086,-0.2930359
2.3550563,6.512265,1.8141255,6.226072,0.56540656,-1.1894975,0.046116948,-0.19685856
2.2672586,2.490215,1.8603079,6.249192,0.5501559,-1.192153,-0.018948913,-0.3549943
2.874874,2.432139,1.7738252,6.1996236,0.5545013,-1.1955314,-0.0281564,-0.4793244
2.798223,4.883857,1.7847257,6.146794,0.60348415,-1.1907215,-0.0835495,-0.4418116
2.5987425,4.692069,1.7848129,6.1950006,0.60912895,-1.2561781,-0.03220421,-0.38901684
2.668865,4.773013,1.8218935,6.144636,0.6024687,-1.2193899,-0.012066305,-0.4017976
2.9706504,7.3013487,1.7884576,6.1740093,0.5977378,-1.2257707,0.0013748407,-0.23012933
2.419079,7.464511,1.8099556,6.2090526,0.5917766,-1.3027081,0.006185293,-0.47365674
2.8364563,7.3952956,1.8250499,6.237912,0.6078527,-1.3074477,0.07947588,-0.46889794
2.5812318,4.209819,1.81495,6.225379,0.61452794,-1.3052142,0.08997154,-0.4551093
2.822215,4.7661314,1.7749658,6.2229366,0.6208949,-1.3133166,0.07266939,-0.3851569
2.9476302,6.7082405,1.7598195,6.2965193,0.6091986,-1.3026828,-0.012770653,-0.076129556
1.6725627,2.2750363,1.7633319,6.3664765,0.5927849,-1.28408,-0.023484468,-0.42408293
2.7921941,3.1069932,1.701081,6.41026,0.58909893,-1.2144009,0.024097085,-0.3063392
1.50621,4.2230716,1.7014585,6.426733,0.5913856,-1.2319942,0.030533433,-0.43424746
2.0013804,8.38393,1.6918242,6.3864756,0.5844102,-1.2781477,0.09830344,-0.3919806
2.9498718,3.2948892,1.6089382,6.4358683,0.6100826,-1.2998271,0.14135599,-0.07798061
1.6823238,3.8999703,1.6905704,6.4396424,0.61347795,-1.3149784,0.2767142,-0.04714942
2.166716,6.5028167,1.6798859,6.435894,0.60819197,-1.3337901,0.24562597,-0.04506579
2.5387492,3.5153468,1.6443865,6.4006224,0.6023748,-1.3220723,0.24408448,-0.15782243
2.0609908,5.755491,1.6584513,6.414062,0.60434365,-1.2146118,0.1467824,-0.29542324
2.271439,4.7271404,1.6541636,6.419818,0.6297674,-1.2988055,0.09066439,-0.36485213
2.4665072,6.777773,1.7012258,6.3452177,0.61538506,-1.2881523,-0.013512969,-0.4058476
2.5203414,6.318451,1.7073307,6.3657684,0.6117072,-1.2643559,0.015026689,-0.4530812
1.7438098,5.805524,1.6775372,6.4247246,0.61498713,-1.2772083,-0.05460775,-0.40433142
1.9841892,5.67023,1.6632586,6.485282,0.6138711,-1.2778301,-0.035824776,-0.35743994
2.5176415,4.975959,1.5426095,6.5464234,0.6300101,-1.278565,-0.11774957,-0.47979885
2.6109116,5.9745655,1.5928807,6.638028,0.61966395,-1.3326459,-0.055571437,-0.46853933
2.6600275,8.406996,1.5582149,6.5608015,0.6338153,-1.3411443,-0.03827727,-0.42437243
2.380959,4.146745,1.5771325,6.5385475,0.6293144,-1.3322155,-0.059922576,-0.37123734
1.367408,5.093376,1.5686512,6.56198,0.6562257,-1.3010466,-0.09443098,-0.41244906
2.4282856,3.7551513,1.525512,6.544278,0.6596358,-1.2851517,-0.09397334,-0.37197158
2.5129166,9.445986,1.4923055,6.5244274,0.6849904,-1.3033923,-0.09398216,-0.32853413
2.2130485,9.642592,1.4939914,6.530154,0.69851255,-1.3544774,0.016750574,-0.4517373
2.1137068,9.73015,1.5424559,6.6484737,0.68252754,-1.329213,-0.06338656,-0.32922506
1.5461458,4.5814695,1.4706016,6.6309915,0.676898,-1.3062229,-0.060724318,-0.45301548
1.8812826,9.453687,1.4181976,6.6603365,0.67010736,-1.2784563,-0.06647688,-0.48869362
1.6913763,6.7145867,1.461904,6.7057095,0.66596365,-1.2814236,-0.12136155,-0.492044
2.593191,9.77928,1.4243717,6.6818476,0.66096663,-1.3477628,-0.058910728,-0.4586084
2.2263174,6.5186677,1.4456263,6.6621943,0.652287,-1.303594,-0.14703518,-0.485326
1.8118775,7.5394673,1.4018979,6.7481976,0.6592376,-1.2767075,-0.0786252,-0.49157405
2.0783045,9.770449,1.3272471,6.74734,0.6967354,-1.2732314,-0.06323236,-0.43547264
1.3251891,5.0322638,1.323986,6.7163134,0.71911263,-1.3393662,-0.08635348,-0.46922746
1.2736584,7.4294453,1.3526373,6.7793074,0.74197626,-1.3284899,-0.040587902,-0.31569356
2.4591537,3.9830284,1.2396753,6.8401575,0.76458144,-1.4065964,-0.021724343,-0.20878607
2.2307773,6.8799734,1.2454581,6.732168,0.74893284,-1.3854394,0.13768506,-0.03542155
2.6025772,7.6168327,1.2709582,6.7329216,0.78705144,-1.4238049,0.09122598,-0.03524083
2.0213299,4.30899,1.2751341,6.7300277,0.7890558,-1.4725184,0.021685481,-0.02791971
1.8989629,9.00823,1.2905905,6.684722,0.81327224,-1.4362146,-0.04285395,-0.27353835
2.4414942,6.393505,1.2852664,6.625599,0.82499146,-1.4681933,-0.12944502,-0.4526081
2.057827,9.342077,1.30194,6.634583,0.829988,-1.4695718,-0.013295174,-0.42549327
1.9059885,8.834993,1.2819831,6.6793523,0.8443606,-1.4826698,-0.145513,-0.46449637
2.1830325,5.421092,1.3030336,6.615802,0.8401346,-1.4428246,-0.19993436,-0.35575655
2.637711,5.071437,1.2987883,6.6493273,0.8263333,-1.4384912,-0.21346706,-0.4531914
2.7625816,7.3787093,1.3191085,6.6100845,0.81025934,-1.4467015,-0.16683471,-0.39999452
1.8912386,5.0459957,1.3367195,6.6090775,0.8492346,-1.4652246,-0.11638695,-0.419578
2.1644664,7.508802,1.3380387,6.609293,0.8333595,-1.4653115,-0.15065026,-0.31569177
2.1703806,8.414505,1.3110836,6.598427,0.83350444,-1.4637833,-0.060975194,-0.34970844
2.30926,8.744991,1.3321404,6.6537848,0.8152945,-1.4717185,-0.16262281,-0.392831
1.732567,4.4796085,1.3338184,6.726421,0.7944269,-1.4085677,-0.13134623,-0.35539335
2.6476572,8.591599,1.3093357,6.6744967,0.80076003,-1.3923104,-0.16001773,-0.35760814
2.9564285,8.169165,1.2642739,6.7505016,0.76767755,-1.4178704,-0.13634986,-0.3940926
2.8480241,7.71368,1.3586128,6.7462077,0.7291322,-1.4133943,-0.19762802,-0.3657775
1.9924028,6.5928297,1.3485625,6.7581387,0.7015867,-1.3843615,-0.062653184,-0.40529937
1.7920942,8.62238,1.34467,6.7739573,0.71547794,-1.3487148,-0.07361323,-0.3882212
1.7118982,9.767498,1.3857498,6.7771063,0.6818721,-1.3439074,0.014990091,-0.31368673
1.6606144,8.12412,1.346663,6.826554,0.6722994,-1.3208516,-0.033946693,-0.42240125
1.4168346,6.64697,1.3293605,6.842578,0.6516578,-1.3147161,0.013795853,-0.19977295
1.2681175,3.73594,1.3029294,6.8309865,0.6806381,-1.3703699,0.09486592,-0.122832835
1.6742961,6.9193387,1.3007879,6.735054,0.7361641,-1.378582,0.09472644,-0.09291077
2.1536274,7.684714,1.2563739,6.770289,0.7539773,-1.3938565,0.04092884,-0.2556426
1.8501233,5.704895,1.2691164,6.757939,0.74829865,-1.363154,0.09993124,-0.16460636
1.4649391,5.310152,1.2606249,6.77834,0.75792146,-1.4215269,0.10718799,-0.15792885
1.7158155,9.21834,1.261049,6.768928,0.75088954,-1.375161,0.09244096,0.13468271
2.0523791,2.6669316,1.2461658,6.8843036,0.7131605,-1.373534,-0.08686119,-0.40695313
1.5868707,9.230256,1.2909653,6.961814,0.6995232,-1.36278,-0.16109103,-0.47516787
2.5101902,9.124128,1.3210988,6.93515,0.7107618,-1.3794258,-0.086453974,-0.3556388
1.2772651,2.6015847,1.3111722,6.714736,0.7487378,-1.4123209,-0.026928961,-0.3243069
1.435037,2.9935713,1.3855383,6.747471,0.7274797,-1.3879621,-0.03246969,-0.26367393
1.5909398,8.117861,1.3939099,6.7447004,0.68830323,-1.3639028,-0.08667481,-0.4518821
1.798044,6.2020936,1.4269295,6.7464123,0.6787176,-1.3909988,-0.038317084,-0.21154356
2.5131938,9.622573,1.4073999,6.7508407,0.6620796,-1.3430309,-0.041911483,-0.3979708
2.2844675,3.7179499,1.3618464,6.7945457,0.691586,-1.3386452,-0.1585154,-0.4349419
2.446174,3.521274,1.3368919,6.7880116,0.69655585,-1.4168111,-0.03484243,-0.42837125
2.4073849,9.77776,1.3825262,6.782568,0.69715834,-1.3591127,0.008048296,-0.31815436
1.4362319,3.695571,1.3721445,6.775572,0.69095635,-1.3405714,-0.08875185,-0.22043595
1.8566134,2.3651652,1.3464484,6.72968,0.6720853,-1.3444858,-0.061805487,-0.3141673
2.082293,3.0558548,1.4485452,6.730445,0.68406653,-1.3259321,-0.12599123,-0.35933626
2.194817,6.6283493,1.4618268,6.603975,0.6805556,-1.3772328,-0.07172966,-0.42069027
1.0002341,6.3983097,1.1629357,7.5404882,0.48062325,-1.1194521,-0.022656798,-0.2652918
1.0226548,6.7585506,1.1048315,7.549559,0.49596357,-1.1053343,-0.070770085,-0.277267
1.0664494,8.463026,1.05544,7.6152434,0.47006035,-1.1321127,0.21791863,0.101699054
0.99902934,8.124938,1.0515089,7.5951424,0.48077726,-1.1153,0.25617623,0.019784093
1.1453086,7.9364424,1.1294391,7.5459065,0.4336543,-1.1083689,0.18212199,-0.29341474
1.1261203,8.457724,1.1145015,7.579653,0.4481249,-1.1075916,0.13431776,-0.11795336
0.992329,7.0061235,1.1180573,7.6460595,0.43288708,-1.137365,0.14736629,-0.15938139
1.055009,7.5994287,1.0860031,7.6578245,0.44004703,-1.0758362,0.09032118,-0.18432075
1.2940755,7.754355,1.0850508,7.534357,0.44277287,-1.059726,0.0747149,-0.15699473
1.2163143,8.094452,1.157898,7.67888,0.35162973,-1.0682776,0.16696727,-0.25452346
1.2302266,7.618392,1.0577381,7.764652,0.33925223,-0.9983444,0.12545443,-0.2497145
1.3564271,6.175024,1.0576591,7.713847,0.32281852,-0.9818206,0.090388775,0.16524774
1.4724286,9.960093,1.0135658,7.730158,0.33269167,-0.9836056,0.11115825,-0.24936771
1.4852378,8.500299,0.9967147,7.7444224,0.35381007,-0.942086,-0.063382745,-0.37051025
1.3909699,7.560155,1.0312176,7.7718325,0.365458,-1.050509,-0.055636227,-0.39604294
1.3452913,9.251998,1.0128603,7.7648163,0.37561512,-1.0009371,-0.03264135,-0.23824209
1.4769241,9.067851,0.9903388,7.6484394,0.39064074,-1.0149081,0.00264287,-0.42906472
1.3121004,6.1901674,1.1097558,7.6386623,0.36011314,-1.0342791,-0.026893318,-0.39464325
1.0531843,5.1237993,1.1005111,7.640547,0.37587833,-1.0058112,0.028922081,-0.22158837
1.1016085,6.1227865,1.1330643,7.656094,0.3736639,-1.016823,0.039911985,-0.28930247
1.1437119,4.9004397,1.1071525,7.599847,0.34364724,-0.97849894,0.07661998,-0.0323689
1.0247552,5.090951,1.1449213,7.612834,0.34579396,-0.99426603,0.02993989,-0.26272416
1.0804595,5.178735,1.112961,7.6020594,0.36782002,-0.97091746,-0.054487705,-0.3439898
1.0758259,5.4818697,1.1463456,7.569985,0.36850452,-1.0162396,0.022056699,-0.2279014
0.9648025,4.0360327,1.2136922,7.5912085,0.34063387,-1.0097082,0.029046774,-0.23272008
1.2165475,5.2918396,1.3049378,7.490427,0.3344493,-1.0293062,0.09101498,-0.2890235
1.1483126,5.7010164,1.2629144,7.5070343,0.3414712,-1.0052686,0.08559215,-0.23413476
1.1449971,7.2887225,1.2574925,7.617921,0.33961725,-1.0515809,0.06458068,-0.2365371
1.1348264,7.3421707,1.2722564,7.6457887,0.31943464,-0.9827435,-0.06267089,-0.40328637
1.2603276,5.540348,1.2430604,7.6498814,0.29512405,-1.0368066,0.06703293,-0.17600405
1.0506575,3.8266904,1.2409241,7.622758,0.31570315,-1.0248352,0.12441993,-0.344643
1.5051296,4.3499837,1.2545388,7.624179,0.28727627,-1.0036845,-0.06577128,-0.33814746
1.2968426,3.5248842,1.23283,7.620325,0.2661333,-0.9507091,-0.08591068,-0.18651095
1.4319115,5.416372,1.2460172,7.6115246,0.2714424,-0.9458473,-0.091722965,-0.48393512
1.6576095,7.281321,1.2034018,7.6123257,0.2637658,-0.9483967,-0.056735873,-0.44746608
2.2730603,6.373148,1.2525725,7.704792,0.21100926,-0.947603,-0.015264511,-0.44570994
2.0971541,9.150387,1.184983,7.6053057,0.2132442,-0.8299,-0.02188164,-0.41612107
2.0775802,8.809895,1.1414318,7.6585426,0.2057836,-0.8262968,-0.016896248,-0.17336062
1.9569945,7.560993,1.1347582,7.676691,0.18340492,-0.84370446,0.03748417,-0.14257333
1.8100095,6.8950515,1.2364767,7.64081,0.16812205,-0.81756353,0.18139148,-0.0671913
2.2302446,9.031092,1.1263547,7.7095757,0.18165684,-0.85554385,0.13606942,-0.11997807
2.2768788,6.702827,1.2250013,7.6673384,0.17507768,-0.8997674,0.052675128,-0.300054
2.1201122,7.2533727,1.14434,7.7406273,0.1599679,-0.8828907,0.12441373,-0.11276215
1.9363132,9.730341,1.2182579,7.783497,0.15864205,-0.8243153,0.16667771,-0.037172437
2.025352,9.536737,1.2498925,7.684555,0.14658093,-0.83643246,0.15710855,-0.27889788
1.9871417,8.09638,1.2395065,7.6989384,0.12958741,-0.7744994,-0.0050519705,-0.28069505
2.5583482,7.8487577,1.1888487,7.6812677,0.161767,-0.80120707,-0.011112988,-0.35616556
2.9583428,5.8368616,1.136348,7.5857544,0.13397646,-0.81214166,-0.026115775,-0.29451483
2.4275951,3.4295273,1.1752627,7.6904755,0.13453627,-0.7539861,-0.09799701,-0.2043707
2.1408725,3.3020139,1.1273086,7.7110524,0.16165853,-0.8072288,-0.09518331,-0.48405764
2.116238,9.176053,1.1887572,7.6142344,0.1741345,-0.76982474,-0.007938981,-0.45282543
2.333693,8.715427,1.2165735,7.567203,0.21399975,-0.84983563,-0.009955525,-0.39677906
2.3137307,8.219044,1.2709215,7.5257964,0.20635033,-0.8333862,-0.067368925,-0.41289395
2.2918177,7.325901,1.2914088,7.49642,0.21279716,-0.8247709,-0.056971967,-0.3013677
2.3616853,5.0832286,1.3014293,7.4383307,0.21724296,-0.8876238,-0.061753035,-0.4500459
2.6129923,4.9527397,1.3468199,7.438874,0.21943402,-0.88901734,-0.10043126,-0.30981943
2.8568835,3.0380704,1.3197575,7.3993793,0.20865107,-0.9090872,-0.05066532,-0.25738382
2.9158034,8.288588,1.4773202,7.334834,0.22682238,-0.9746654,0.074905515,-0.29859644
2.90814,5.793684,1.4544849,7.277864,0.2687297,-1.0012003,0.041997313,-0.36523944
2.8695467,9.366787,1.4364226,7.30312,0.27402377,-0.9466491,0.0042624474,-0.08943844
2.7069955,9.504677,1.3853207,7.245997,0.2781341,-0.92919064,0.18446958,0.18482459
2.5972216,9.669336,1.4366724,7.2807302,0.26813936,-0.95440125,0.42133856,0.09325367
2.8808265,2.0733695,1.4639277,7.170005,0.24089313,-0.96718407,0.27498758,0.07146597
1.3588469,2.9034984,1.5974052,7.1392884,0.29490852,-0.9826391,0.071003675,-0.46605167
1.7772048,6.807418,1.58126,7.107454,0.2871499,-0.95486546,0.19733417,-0.26530877
1.9514993,6.774383,1.5529449,7.1876273,0.22820687,-0.9725294,0.27565205,-0.16710147
1.8502524,2.3383965,1.4540055,7.254188,0.26234722,-0.9652126,0.048410058,-0.15163285
1.089541,2.82085,1.5375574,7.24136,0.26808643,-0.9628782,0.03411615,-0.20341596
1.1871183,3.1202052,1.4585862,7.2481966,0.2670951,-0.91519237,0.06199479,-0.23682413
1.3675591,3.0955203,1.4739547,7.243479,0.24256516,-0.8681102,0.06194794,-0.38554615
2.8065119,2.6005244,1.3889241,7.2397995,0.20611191,-0.84020114,-0.032271445,-0.37350434
2.168006,5.293769,1.4156687,7.377424,0.24666142,-0.9220717,-0.030935287,-0.48048604
2.1132839,6.1555023,1.4183576,7.2837567,0.24104834,-0.89795876,0.034085274,-0.35989356
1.799685,4.2303314,1.4345675,7.3427367,0.24124336,-0.93796253,0.030918598,-0.39921093
1.7123965,3.5817163,1.4115264,7.317801,0.24371386,-0.9214599,0.056931138,-0.39192227
1.1259018,3.5477428,1.4297101,7.3262353,0.2555158,-0.91182184,0.002728343,-0.46280405
1.1718445,2.8591304,1.3500402,7.4109106,0.24567318,-0.928782,0.03583026,-0.39768887
1.1336854,3.2319918,1.3902206,7.437068,0.24608111,-0.92270184,0.037974715,0.039269447
0.9512154,3.6750653,1.3731239,7.5118127,0.22206831,-0.90326524,0.16652346,0.023484588
1.9651282,4.0762753,1.2654805,7.5120063,0.20176291,-0.9206922,0.14269447,-0.2318987
1.8298196,6.768377,1.1778197,7.6025443,0.2018764,-0.9091573,0.12473822,-0.07808977
2.2891657,5.269473,1.1953082,7.6342883,0.19313312,-0.88868856,0.116488576,-0.16630182
2.4153757,8.357836,1.1895568,7.589544,0.19740582,-0.8973479,0.05620241,-0.27245864
2.4263363,6.1181536,1.2177835,7.51664,0.21300983,-0.88000965,0.10320318,-0.0406802
2.4939365,3.7441459,1.2550869,7.4779186,0.19263506,-0.8527727,0.16044247,0.024677873
2.4867465,3.9133801,1.2671497,7.4689116,0.19442248,-0.8497405,0.1791352,0.22327077
2.3051825,7.813578,1.3421767,7.4622087,0.21350932,-0.8801913,0.1323539,0.15594286
2.1609526,6.825766,1.3469753,7.4144425,0.21880007,-0.88719416,0.4127971,0.38270795
2.4135509,8.272718,1.4231942,7.3597894,0.20367193,-0.84858537,0.48173976,0.41891032
2.5281217,8.502792,1.3981705,7.3928404,0.24006414,-0.92793155,0.34181333,0.1548419
2.641225,4.6909037,1.4137933,7.222368,0.26270604,-0.9077766,0.29970443,0.18692344
2.3559852,8.564019,1.2793388,7.2595167,0.27783895,-0.87976027,0.34701753,0.053195
2.794769,8.3862705,1.31233,7.313682,0.26657438,-0.9105344,-0.0062800646,0.017786443
2.713197,8.314144,1.3164477,7.3202863,0.28602767,-0.9627867,0.014089346,-0.027776062
2.8379495,8.107479,1.2964804,7.357342,0.25720334,-0.92751884,-0.0007225871,-0.212975
2.6603193,4.003863,1.3407702,7.3305707,0.24432302,-0.8569677,-0.093088746,-0.37035048
2.8565843,4.0464168,1.3552651,7.284403,0.23907495,-0.8318634,-0.17993188,-0.37587696
1.5332237,4.7327085,1.4815915,7.238771,0.23364568,-0.89124966,0.00022983551,-0.42264372
2.2382045,5.156845,1.4021001,7.3109236,0.2776866,-0.9418795,0.058499098,-0.18529722
2.3916805,5.266187,1.4132924,7.2473116,0.26956987,-0.93301487,0.053399086,-0.25835234
1.5576782,6.1516047,1.4513285,7.29288,0.29838324,-1.0180289,0.045039892,-0.4607831
1.5753825,6.8441467,1.5151992,7.309726,0.26424384,-1.0361656,0.16468477,-0.28020468
1.4196931,6.1625385,1.4800646,7.2438874,0.28496313,-0.91743255,0.14860201,-0.3620085
1.4357246,6.3279023,1.4718814,7.236446,0.29302812,-0.98326397,0.098507166,-0.1291736
1.6937777,8.305115,1.5634744,7.2849197,0.24616027,-0.9419565,0.07002902,-0.47664496
2.334828,7.2167587,1.5604815,7.2399254,0.20766282,-0.9456234,0.07675767,-0.36723614
2.6032395,9.306604,1.486157,7.269419,0.22271109,-0.9408784,0.0356766,-0.36897835
2.5089872,9.240519,1.5703988,7.245318,0.22143674,-0.94625664,0.0014249086,-0.44043428
2.042581,9.792127,1.6419368,7.240509,0.23819971,-0.9785533,0.07476354,-0.4639185
2.1723974,9.5798435,1.6178446,7.1492763,0.23697114,-0.9550729,0.10733962,-0.39828205
1.964616,5.5508356,1.6923318,7.1593575,0.2456994,-0.95930433,0.04853058,-0.39043075
1.9371622,7.71721,1.6340432,7.206295,0.23748684,-0.9774809,0.040878654,-0.47995335
2.2404122,6.4229417,1.5719614,7.226743,0.23250246,-0.8961029,0.05175233,-0.29066384
2.220618,4.949873,1.6036291,7.2419133,0.19751287,-0.83637905,-0.023142576,-0.3361324
2.9626932,2.594492,1.538892,7.146543,0.1964724,-0.87862396,0.021941543,-0.2554611
2.9269044,2.9621205,1.5534554,7.200822,0.19387174,-0.8848872,0.049974203,-0.0032176971
2.9269485,2.1564116,1.6160142,7.114985,0.24400568,-0.92856455,0.10018718,0.04109347
2.8948314,9.175135,1.6265368,6.984318,0.29327393,-0.9583566,-0.013552189,-0.48084348
2.3224115,2.452436,1.6008189,7.020508,0.29879236,-0.9536226,-0.08869231,-0.46035337
2.6371253,4.9797006,1.5889816,6.968753,0.29811597,-0.92887115,-0.046697974,-0.4342659
2.4396763,6.736339,1.593324,6.9578114,0.31058192,-0.9260726,-0.05532819,-0.45205355
2.4492173,3.5739548,1.6499901,6.921388,0.29361105,-0.8934386,-0.118965745,-0.49238113
1.927062,4.7259808,1.6440072,6.916704,0.31287527,-0.91000843,-0.09116608,-0.48314765
1.7038479,4.507666,1.6562958,6.9400797,0.33053565,-0.9312327,-0.06681633,-0.48328254
1.9456272,3.413589,1.6827979,6.8671494,0.32742715,-0.9313464,-0.0512262,-0.24205005
2.231265,5.738414,1.7381351,6.838461,0.28044295,-0.9013138,0.111067414,-0.18056005
2.3578897,3.8517227,1.7605741,6.8038445,0.29046822,-0.9917333,0.16659951,-0.14939135
1.5339822,2.8504436,1.7618589,6.851877,0.30223465,-0.97250843,0.13122272,-0.16752088
1.3689811,3.080203,1.744467,6.9088564,0.30472445,-1.006436,0.10726452,-0.32809296
2.426772,3.8173404,1.7365382,6.844348,0.3201201,-1.0850949,0.08954346,-0.35304016
2.924545,4.230668,1.7332332,6.8390417,0.33799124,-1.0696769,-0.007963479,-0.48799372
2.8896728,3.66347,1.7278264,6.6811237,0.3498094,-1.064502,-0.026041627,-0.42043695
2.6958573,2.0271666,1.8322341,6.625518,0.3578937,-0.99858546,0.019331574,-0.2585825
2.710623,8.941658,1.8563969,6.6372967,0.35284233,-1.0440922,-0.030266821,-0.46636128
2.3874645,2.069241,1.8378344,6.5912066,0.34842014,-0.98654366,-0.0061393976,-0.24123216
2.406656,3.54568,1.841073,6.616396,0.35260105,-0.9863138,0.19637787,-0.06811249
2.9122343,6.2377124,1.7460709,6.640039,0.35650158,-1.0029542,0.12938583,-0.18041852
2.9060895,4.443799,1.7737908,6.7092924,0.34227872,-1.027016,0.1287911,-0.49078694
2.4489777,8.953202,1.8262992,6.7940965,0.31742406,-1.0494652,0.13333964,-0.4467676
2.6476839,9.288433,1.6997128,6.778343,0.32830977,-1.0267386,0.32324874,-0.38829625
2.6724792,4.8458705,1.7841868,6.8452754,0.2978673,-1.0540841,0.38387024,0.10056782
2.9069264,8.585845,1.7654953,6.808837,0.28923774,-0.95708704,0.47655416,0.0015990138
2.6787496,2.2754471,1.7225006,6.7040205,0.33687067,-0.9519539,0.18141043,-0.2640114
1.4198663,2.0732062,1.7329161,6.7458763,0.31788516,-0.96527076,0.17479157,0.11195946
0.96433103,2.1310246,1.7566209,6.8351374,0.30477953,-0.9473386,0.07943952,-0.22590744
0.7755059,2.6764312,1.7647345,6.9230375,0.309793,-0.95512867,0.043536425,-0.46016395
0.99015695,2.4722698,1.6877973,6.9145546,0.3213184,-0.9813564,0.0969398,-0.093645066
2.8327172,8.668453,1.6116967,6.9420853,0.33224177,-0.979589,0.09756601,-0.30131784
2.9698343,8.651142,1.5020308,6.9878454,0.35906672,-1.0656703,0.051511765,-0.21368909
2.4882643,8.142475,1.6196461,6.909437,0.39035344,-1.0783195,0.18729067,-0.16649497
2.4592934,7.6306844,1.6176753,6.8311567,0.410815,-1.0540736,0.19080687,-0.1415973
2.628105,7.693051,1.5740399,6.8451385,0.3746333,-1.0577813,0.40357912,0.22081232
2.5260952,8.4808235,1.6161749,6.8320417,0.3959267,-1.077345,0.41210604,0.41484445
2.2639108,7.293111,1.6089027,6.7519703,0.4122622,-1.0478997,0.32562864,0.054329038
2.2255476,4.5565844,1.6325257,6.76731,0.40639067,-1.0371239,0.3085487,-0.08565414
2.859048,6.2100806,1.5952997,6.786381,0.41176486,-1.0380802,0.17460275,0.33193445
2.78804,9.864612,1.6491065,6.793899,0.39574957,-1.0463759,0.3647468,0.2603737
2.3819537,7.968423,1.5666883,6.8875475,0.39369226,-1.0594864,0.5490638,0.27437186
2.3786826,7.929886,1.5780373,6.849967,0.38806796,-1.0484115,0.3484658,0.25188184
2.789209,4.524309,1.5428252,6.853818,0.39690542,-1.0631099,0.30927515,0.16019058
2.6945052,9.383364,1.4800146,6.8533278,0.42055798,-1.0665202,0.3884387,0.10125369
2.7454324,6.177511,1.5185342,6.8470488,0.42757082,-1.0057672,0.15984738,0.3136258
2.6320596,4.335098,1.6175859,6.738299,0.43401003,-1.0300237,0.016005516,-0.01470536
2.278655,9.092783,1.5393794,6.8369193,0.44653964,-1.1353905,0.29700196,0.32046497
2.3227575,8.935949,1.5335913,6.8743095,0.45052576,-1.1504099,0.14093971,-0.0876869
2.0318055,2.1959672,1.5719669,6.844374,0.4544127,-1.1063068,-0.0798462,-0.39064425
1.0258183,2.9740567,1.6169028,6.770665,0.4313202,-1.0614672,0.029920697,-0.378674
0.8524282,2.8219554,1.6646206,6.769953,0.42738557,-1.0535536,0.021356583,-0.3182048
0.7560303,2.4657807,1.670341,6.805962,0.43841672,-1.0851635,0.09642553,-0.4916712
0.5888208,2.6799479,1.7397938,6.8905606,0.4186833,-1.1351547,0.07238877,-0.45431426
0.5900146,2.4482372,1.7680516,6.762115,0.42739105,-1.086802,0.1985023,-0.1303947
0.6042942,2.2481863,1.7492547,6.7657595,0.4185536,-1.0603842,0.14490867,0.039690256
2.543102,3.5850816,1.80758,6.733034,0.3488915,-1.0665039,0.12722349,-0.39392892
2.4328704,9.701984,1.81792,6.738397,0.33659267,-1.0473948,0.186499,-0.3451711
2.4404318,9.720518,1.936748,6.645753,0.33674097,-1.0561513,0.31118667,-0.11852354
1.8216035,2.1414788,1.9379511,6.5027847,0.36637807,-1.073205,0.2350887,-0.49021053
2.542735,9.894626,1.927752,6.503005,0.3522966,-1.0025192,0.0954088,-0.4237915
2.5267763,2.0047035,1.9520507,6.4637556,0.37101817,-1.056963,0.019037008,-0.3592045
2.5365865,2.0133047,1.9414656,6.4689875,0.34535384,-1.0561184,0.029704452,-0.4126737
2.7940621,2.0132325,1.8318965,6.5468454,0.34171057,-1.0355333,0.07930553,-0.3721164
2.3246841,2.4017184,1.8827016,6.5524187,0.34247446,-1.0205739,0.098755956,-0.46715465
2.6695793,2.097852,1.8975053,6.533138,0.3540964,-1.0129623,-0.014233232,-0.36549038
2.6157475,2.0898843,1.9425826,6.463402,0.36021852,-1.036583,0.11388183,-0.3297325
2.8748665,6.7698727,1.9775412,6.4096127,0.36003208,-1.0681669,0.07773948,-0.44480738
2.7663746,3.2904234,1.9475043,6.3712306,0.39537215,-1.1188293,0.15073872,-0.47874996
2.7144244,8.200522,1.90717,6.4697986,0.42663145,-1.1531736,0.08980262,-0.3785861
2.7175848,2.4401486,1.8564212,6.447958,0.441329,-1.181139,0.057264686,-0.34082633
2.116499,2.1506639,1.8712924,6.417579,0.45860696,-1.1288524,0.08612347,-0.44596422
2.698837,2.9989262,1.9126382,6.396471,0.43216467,-1.1047909,0.12968624,0.11966455
2.6690414,2.501205,1.8976333,6.447654,0.43983436,-1.1714655,0.28188515,-0.06343585
2.9006243,5.123622,1.8937407,6.403719,0.42234516,-1.1271119,0.2930442,-0.28898787
2.8376048,3.9194396,1.9056385,6.370289,0.43700027,-1.0976474,0.13177621,0.020297885
2.9006877,2.4638534,1.9007657,6.378935,0.42669296,-1.1109993,0.32424366,0.18901086
2.9185119,4.8945255,1.8821969,6.387081,0.41296458,-1.1633887,0.4068321,0.12532401
2.943926,3.5186348,1.8608465,6.4984336,0.39491773,-1.1683728,0.25212157,-0.18897289
2.5786502,6.002267,1.9401639,6.4811416,0.40717602,-1.1343209,0.3069079,-0.20218328
2.8007872,6.500142,1.9503274,6.4357743,0.38829517,-1.0974164,0.22254801,-0.062188208
2.776049,2.17603,1.9631138,6.4005585,0.39494014,-1.0966108,0.21573663,-0.15359214
2.659355,4.901696,1.957942,6.389215,0.377285,-1.0402036,0.14227223,-0.40721357
2.7240613,5.036033,1.9554312,6.3912487,0.38085032,-1.0730565,0.31259942,0.0021471977
2.5317373,4.623,1.6043701,5.3379917,1.3210497,-1.9318917,-0.08212966,-0.14545542
2.5777378,2.2874413,1.5823519,5.347344,1.3092394,-1.9082093,-0.09220368,-0.4975871
2.9972425,9.585344,1.5698357,5.312155,1.3161848,-1.9243537,-0.045220554,-0.43281084
1.8811655,8.55349,1.5930536,5.3862605,1.3105893,-1.9106722,-0.07341957,-0.4987043
2.7344925,6.3733377,1.5860012,5.394596,1.2960103,-1.9060011,-0.11549634,-0.4349291
2.3134434,8.560078,1.5804975,5.440809,1.2830641,-1.9234028,-0.009556115,-0.46579972
2.6254551,8.891384,1.5949831,5.4556265,1.288384,-1.9675747,-0.04774183,-0.34794742
2.4488053,6.5984893,1.5907371,5.3508244,1.2879076,-1.9045055,-0.0865106,-0.43781316
2.419016,3.201106,1.6163692,5.446252,1.2540407,-1.8907632,-0.1092509,-0.35199696
2.79274,5.869912,1.6118276,5.351059,1.2778654,-1.8707597,-0.10664129,-0.29175097
1.3729591,3.4758615,1.6114049,5.3896213,1.2799256,-1.9070446,-0.077472925,-0.38724336
2.4880455,8.13325,1.665875,5.3843946,1.2809494,-1.9486648,0.095383525,-0.3993916
2.567302,7.6923475,1.5955482,5.325084,1.2976716,-1.9996958,0.071649075,-0.15503961
2.382185,7.950071,1.5498047,5.493931,1.3377454,-2.0028067,-0.00957036,-0.2471962
2.9618056,8.558753,1.5754364,5.415378,1.3392472,-1.9720227,0.04927981,-0.2565501
2.9212732,9.018568,1.536087,5.460001,1.3357759,-1.9583192,0.024261832,-0.44010484
1.2640337,4.771105,1.5785336,5.375508,1.3264611,-1.9708859,0.02212286,-0.3830415
0.91102743,5.4851637,1.5924511,5.382636,1.3192008,-1.9213694,0.062711954,-0.2940469
2.8925524,3.0914938,1.5765193,5.3516426,1.3191876,-1.9675128,0.093966365,-0.13857347
2.6131213,6.601654,1.6059172,5.342548,1.2994213,-1.9657052,-0.025376916,-0.33298308
2.9212732,7.441892,1.6414676,5.3090286,1.2904716,-1.9855089,0.07706344,-0.3263054
2.9408705,9.52157,1.6184688,5.416332,1.322727,-2.0415025,0.0054136515,-0.40797684
2.5697522,9.530159,1.6273894,5.434121,1.2926872,-2.0583558,0.07079947,-0.24112049
1.5849824,7.4623137,1.6274288,5.398691,1.3324976,-2.108655,0.018338919,-0.33636445
2.8294587,7.4175935,1.5815749,5.3904357,1.3372197,-2.032293,0.10888183,-0.27073538
2.9587796,8.638446,1.6208801,5.3744583,1.3454771,-2.046502,0.10710704,-0.16151667
2.9704812,9.029343,1.5520515,5.438464,1.3852122,-2.0483522,-0.00973779,-0.38098776
2.9766133,8.743883,1.5504138,5.402302,1.3780196,-2.0737844,0.052758455,-0.32685074
2.5904896,4.915859,1.5450563,5.363494,1.380089,-2.0710027,-0.052773774,-0.34514076
1.8950472,5.1851835,1.5502176,5.39836,1.3834705,-2.037541,-0.00962162,-0.19831455
2.8789148,2.8445232,1.533215,5.396718,1.3751488,-2.0287871,-0.03144753,-0.36653602
2.9715044,6.890472,1.5254939,5.4401197,1.3688126,-2.08127,0.093976974,-0.3260811
2.92013,8.2254305,1.5516229,5.5066214,1.37286,-2.0788782,0.062315583,-0.16198003
1.460077,7.940898,1.5335898,5.4878387,1.3729465,-2.0739965,0.054104567,-0.4209592
1.4874294,7.4397554,1.524991,5.4382887,1.3904173,-2.1155734,0.15834105,-0.22191611
2.9616804,8.438204,1.533139,5.443329,1.3936317,-2.1065674,0.111884475,-0.28530896
2.852128,5.5308647,1.5345643,5.431898,1.4014292,-2.119937,0.079351544,-0.1693142
2.6954825,5.575081,1.5107152,5.3680487,1.4164145,-2.0549517,0.08289683,-0.34275386
2.852053,4.4078465,1.5240269,5.3540163,1.4009569,-2.0506432,0.080026746,0.027676642
2.9171624,4.038922,1.5221028,5.3377895,1.375731,-2.0671184,0.105324864,0.014962077
0.9081159,2.4794605,1.5713181,5.353986,1.3913436,-2.0628476,0.058639765,-0.10584688
1.0835421,5.6744347,1.5599854,5.3713202,1.4046016,-2.0992997,0.0052741766,-0.39075145
1.5682955,8.795683,1.557333,5.43557,1.4042814,-2.0627928,-0.008380294,-0.3643468
1.4267405,8.89733,1.5481145,5.401419,1.3737886,-1.9629462,-0.0040364265,-0.44763675
1.7882596,8.276174,1.5383401,5.459947,1.3338184,-1.9934781,0.0026955605,-0.36377692
2.5743186,8.124903,1.5438502,5.475768,1.3046391,-1.9645517,-0.014193714,-0.2830925
2.6350663,2.406339,1.588526,5.4907846,1.2763929,-1.9566284,-0.010784924,-0.37658277
2.5672948,2.3137329,1.5623374,5.5963144,1.2671244,-1.919916,-0.11112213,-0.42111272
2.8346121,7.0638547,1.5380025,5.5511985,1.2465639,-1.8772933,-0.047458112,-0.29954904
2.459597,4.9085827,1.5366695,5.634165,1.2209177,-1.9261748,-0.025009215,-0.42212152
2.4657254,2.724794,1.5781953,5.6313324,1.225488,-1.935209,-0.06618452,-0.29598957
2.7053757,2.0299437,1.5784423,5.52227,1.2382314,-1.9665551,-0.044218898,-0.34860867
2.680452,2.0270169,1.5377154,5.5010395,1.2427042,-1.8814242,0.014018774,-0.15443704
2.6090174,2.0361445,1.5483158,5.5362315,1.2780497,-1.9474862,0.036819458,-0.29116288
2.499971,2.0301256,1.5522923,5.473498,1.2760246,-1.9372567,0.076275945,-0.30277222
2.9341786,9.895309,1.5758288,5.484376,1.250112,-1.903665,0.18185794,0.15260708
2.9516494,3.2957773,1.5706203,5.3458757,1.2927046,-1.9206033,0.14847004,-0.17506114
2.9727821,5.893399,1.5981846,5.2679234,1.306751,-1.9194732,0.06518161,-0.116245985
2.9706068,3.532216,1.6145992,5.271165,1.2757006,-1.9465725,0.07874727,-0.22473186
2.9548967,7.417104,1.6312308,5.2775774,1.2831094,-1.9001397,-0.13811159,-0.37973422
2.09945,7.7395167,1.7005208,5.2751837,1.2599466,-1.8983951,-0.07112169,-0.44967213
2.9450903,8.950743,1.6963651,5.272932,1.2391756,-1.885994,0.008902669,-0.4861682
2.3277652,6.603588,1.6953869,5.260144,1.2185373,-1.8445914,-0.03051126,-0.29475176
2.3347087,2.463719,1.7054901,5.2443533,1.2051964,-1.9093566,0.113343,-0.1240125
2.6814456,4.737232,1.7212789,5.2464104,1.2510071,-1.9788203,0.11724734,-0.31903815
2.7083216,5.3158484,1.712328,5.24731,1.2547882,-1.9946002,-0.028332472,-0.3394171
2.6561005,2.1571538,1.728106,5.243133,1.2584918,-1.9564328,0.021082282,-0.25762102
2.8262823,2.2702196,1.6577764,5.254869,1.2789083,-1.9274983,0.03344989,-0.12940598
2.8430288,2.6357915,1.6042922,5.384443,1.2754962,-1.9015613,-0.034031928,-0.29301396
2.7719643,7.631405,1.6326952,5.364324,1.2803819,-1.9713429,-0.06338549,-0.4475299
2.7626517,2.8145425,1.6356618,5.414547,1.2438173,-1.9553226,0.045511484,-0.23992708
2.7884173,2.6266189,1.644211,5.3391705,1.241931,-1.9382316,0.056667447,-0.15044832
2.8662896,4.4212418,1.6474965,5.405756,1.254031,-1.927971,0.09806645,-0.09272438
2.236631,4.231816,1.637578,5.313799,1.2808855,-1.9884982,0.057416797,-0.34943908
2.2073975,5.627494,1.6244369,5.331971,1.282094,-1.9172288,0.11744547,-0.26427832
2.6133294,5.590173,1.6344066,5.3212233,1.2934217,-1.9192663,-0.0009087324,-0.43904033
2.9618773,7.031886,1.6135876,5.471485,1.2734537,-2.000484,0.036622405,-0.41325104
2.5682416,6.1070337,1.6180596,5.440416,1.2536571,-1.9387397,0.03550577,-0.33200163
2.8580005,5.1945915,1.627878,5.440897,1.2237184,-1.9325355,0.0052485466,-0.3822399
2.974462,8.445522,1.6449761,5.4795785,1.2134926,-1.9103632,-0.028229594,-0.36205286
1.9098833,4.0412264,1.6148944,5.5062227,1.2213821,-1.8786632,-0.014041722,-0.27786502
1.4497923,2.5061746,1.586335,5.486676,1.2437718,-1.8764701,0.021479487,-0.2063955
2.7986703,9.587517,1.5882261,5.494182,1.229986,-1.9154373,0.06740928,-0.26693133
2.8526237,2.5737092,1.5793025,5.5635347,1.2092285,-1.9027627,0.0630852,-0.21130294
1.8712997,6.6276217,1.5874279,5.635205,1.2021914,-1.9058163,0.050878882,-0.3832137
2.103737,9.288668,1.6052351,5.6194572,1.2019308,-1.9137323,0.038589835,-0.44752583
2.5520778,2.228592,1.6265283,5.501459,1.1914062,-1.8420942,-0.06313872,-0.39446074
1.8038886,8.764618,1.6559849,5.450221,1.1949589,-1.8093917,0.033913136,-0.3702703
2.361678,8.475893,1.6609144,5.436028,1.1908278,-1.8714495,0.038759947,-0.27626616
2.6554873,3.4908066,1.7222047,5.376874,1.2036128,-1.8737165,0.04977858,-0.3323786
1.9988495,3.3534083,1.6578047,5.3791513,1.2090857,-1.8083227,0.03317094,-0.20452681
2.0624497,3.2469573,1.6593451,5.4015427,1.2053854,-1.7875918,-0.07798904,-0.388262
2.6299546,4.437728,1.6832757,5.3813996,1.2103612,-1.8748922,-0.068072855,-0.46718225
2.734291,2.9424121,1.6912453,5.3278446,1.237551,-1.8811839,-0.042682648,-0.45724493
2.2421615,2.843728,1.6546628,5.4409013,1.2413471,-1.8859181,-0.07169211,-0.36334974
2.2409997,2.5184262,1.6238732,5.428363,1.2413158,-1.8937901,0.051603913,-0.39439896
2.6604025,2.059862,1.5935011,5.516566,1.215605,-1.8997576,0.056646228,-0.3239501
2.533508,2.5078588,1.6141303,5.4784765,1.2095788,-1.9239045,0.05499363,-0.26501894
2.6963842,2.856497,1.5881937,5.537717,1.2314405,-1.9217721,0.026162624,-0.29068533
2.8015974,6.5887847,1.6002011,5.455091,1.2316301,-1.8831046,-0.019294024,-0.26082683
2.8553421,4.7884865,1.5768628,5.4835978,1.2510815,-1.9022944,-0.041846395,-0.33993715
2.4368086,5.4722223,1.5842779,5.484231,1.3042088,-1.946912,-0.12968695,-0.36476716
2.8570414,7.09491,1.5381832,5.4910145,1.316117,-1.8929739,-0.15044945,-0.3770563
2.9919138,6.833619,1.5313325,5.4490814,1.3185787,-1.9227428,-0.06695837,-0.24442586
1.6414962,3.2626302,1.6156213,5.350646,1.3257232,-1.9968228,-0.070073426,-0.19968271
1.3152144,3.4342651,1.6123419,5.340521,1.3273206,-2.006503,0.2202245,-0.123571455
2.4645953,4.9297295,1.5657821,5.3456535,1.3285961,-1.9467049,0.17158139,-0.12357265
2.8158154,2.0596433,1.5797222,5.2421217,1.3181822,-1.9622282,0.19475317,-0.07832855
2.7283854,2.2118483,1.5903718,5.2865276,1.3344922,-1.9671531,-0.014971852,-0.46393365
2.5030327,4.5154014,1.655134,5.250106,1.3217914,-1.9288718,-0.031560004,-0.49817112
2.43645,8.246389,1.6452451,5.154458,1.3459175,-1.9316437,-0.05964786,-0.4920978
2.9204013,9.157439,1.6396923,5.2257996,1.3361456,-2.0031292,0.06515205,-0.3872105
1.7415304,5.0219264,1.65007,5.2361784,1.3417115,-1.9999436,0.17795885,-0.2214548
2.1062522,3.1517873,1.6572819,5.2204294,1.3413827,-2.0161948,0.06837058,-0.27042922
2.950079,3.3226686,1.6200805,5.1299295,1.3662248,-2.0115776,0.01343596,-0.28115168
2.497974,4.9685826,1.6414251,5.181102,1.3674748,-2.0057352,0.013346672,-0.39808017
2.9385796,5.009351,1.6795287,5.088459,1.3732157,-2.0204935,0.04287231,-0.36139387
1.9813887,2.4456677,1.6893053,5.067888,1.3868446,-2.0462303,-0.026407182,-0.38090333
1.6446085,2.4503245,1.7107489,5.1178436,1.3658319,-2.103572,0.01057899,-0.40774
2.9799385,2.0572352,1.7046459,5.1234837,1.3358397,-2.0963073,0.023893714,-0.37876087
2.9137392,9.379921,1.7113838,5.1214743,1.3438075,-2.1004667,0.062963724,-0.31679693
2.9101682,8.0478,1.6708734,5.080818,1.3849645,-2.1180558,0.061958313,-0.3875227
2.7262337,3.0510135,1.6936107,5.067314,1.3854775,-2.0902123,0.015129685,-0.4345115
2.6145346,8.117611,1.6866827,5.0805387,1.3741901,-2.0911114,0.11906123,-0.37527117
2.8955529,8.016312,1.6687181,5.167694,1.3466799,-2.0425959,-0.008291423,-0.28476855
2.7983997,3.1304617,1.6978776,5.1865473,1.3277974,-2.0531597,-0.036186457,-0.43073094
2.494751,3.1307707,1.688801,5.188001,1.3234425,-1.9862435,-0.0675174,-0.28746074
2.6210856,3.4198651,1.7073982,5.116294,1.3173313,-1.9784575,-0.0652926,-0.325414
2.947352,4.0546527,1.7122488,5.0951414,1.2987263,-2.0166469,0.067760706,-0.3842678
2.9899025,3.0286126,1.7567227,5.080402,1.2583954,-1.9836502,0.07822597,-0.43827862
1.8172758,4.257556,1.788918,5.080703,1.2123613,-1.8813678,0.09244132,-0.35610682
2.9719982,7.187688,1.8292654,5.115473,1.2063565,-1.8616155,0.028602123,-0.35929263
2.9255812,3.2977288,1.8212435,5.03027,1.191405,-1.8680569,0.038689494,-0.2948526
2.5773044,2.718638,1.8650482,5.085277,1.1659086,-1.8642019,0.110126376,-0.2983137
2.8604283,3.2311893,1.8820844,5.1123238,1.1463535,-1.8667297,0.012969017,-0.24297342
2.8414633,3.6288328,1.8833952,5.063808,1.1398008,-1.8473275,0.080690145,-0.35196647
2.5019903,4.0427504,1.8942962,5.067649,1.1506822,-1.855248,0.06194234,-0.20984226
2.9563236,3.3721933,1.9125655,5.037591,1.1443157,-1.8457031,0.07883477,-0.40496892
2.5141628,3.5972452,1.9160361,5.0925517,1.1207306,-1.8780379,0.08730948,-0.18544638
2.6251216,4.726058,1.891458,5.1076436,1.1227136,-1.8224651,0.12741685,-0.49631014
2.516965,3.38611,1.9057982,5.104616,1.1211855,-1.7984824,-0.08518392,-0.43809205
2.6883478,4.376304,1.9494643,5.1506457,1.1063535,-1.7743759,0.021374226,-0.40390375
2.540399,2.4288392,1.804568,5.328839,1.0290005,-1.6835313,-0.021003723,-0.49603146
2.615665,3.4551623,1.8188283,5.3825045,1.0653086,-1.7146628,0.019098997,-0.48424038
2.9867113,7.3511934,1.8034196,5.3862267,1.0251484,-1.6876063,-0.003960967,-0.48104924
2.9990125,6.7562947,1.765228,5.429595,1.0848732,-1.724531,0.06552279,-0.4893446
2.5619984,6.9105697,1.7919607,5.370672,1.0479321,-1.6459448,0.042758346,-0.38337478
2.4785714,2.3506458,1.8026505,5.342396,1.0482183,-1.6639769,0.060519457,-0.29784405
2.833626,4.583174,1.8325896,5.3050203,1.0345175,-1.6450167,0.17067373,-0.12968832
2.5453553,2.7519264,1.8880029,5.3105054,1.0260255,-1.723475,0.10335791,-0.31331113
2.615628,2.8519495,1.8681176,5.3398523,1.0517647,-1.7379823,0.08134031,-0.33646673
2.6895628,4.53303,1.8642085,5.372407,1.0222371,-1.6912704,0.060797334,-0.25269234
2.7871614,4.365841,1.8403785,5.4248343,1.0231152,-1.7383541,0.033276796,-0.27006486
2.7677658,8.967564,1.8229291,5.4303503,1.0358019,-1.7662907,0.20424986,-0.15985239
2.3652925,6.2439837,1.8477099,5.411579,0.98976135,-1.6891687,0.2439009,-0.31480318
2.544107,2.0730398,1.8456211,5.4138064,1.0092876,-1.6440444,0.0063226223,-0.3834418
2.5696733,2.2055132,1.8551397,5.3755217,1.0234365,-1.7537785,0.08298981,-0.44005817
2.5218203,2.354875,1.8346453,5.385665,1.054779,-1.7612989,0.009106278,-0.28794152
2.4915662,2.1501856,1.8344584,5.3920674,1.05178,-1.7441859,0.01281333,-0.47632015
2.549366,7.078606,1.8078871,5.4046564,1.045021,-1.7109935,0.03923726,-0.35079277
2.7231011,4.7937636,1.7847037,5.411249,1.0774558,-1.724859,0.06294668,-0.1580841
2.5880046,2.7111182,1.7984054,5.362715,1.0805783,-1.73673,0.033983827,-0.2523441
2.8739748,2.7307243,1.8089314,5.272608,1.0832512,-1.7191247,0.023624182,-0.34527266
2.427931,4.503627,1.8502593,5.280326,1.0698004,-1.7148997,0.024038434,-0.37854436
2.1395094,3.1853385,1.8600707,5.2971454,1.0768292,-1.7114873,-0.04718131,-0.29600447
2.6580765,4.8640327,1.8401642,5.3234806,1.0694499,-1.7511284,0.11042261,-0.49855247
2.6326895,5.727991,1.8659294,5.276179,1.0588686,-1.6903672,0.23452044,0.0947814
2.9341156,4.948808,1.8699636,5.291822,1.0400915,-1.8034377,0.11855984,-0.19410405
2.951883,7.6070986,1.791539,5.4095936,1.0637004,-1.771522,0.245996,-0.37606287
2.8428855,9.0402565,1.8207011,5.351752,1.0529511,-1.7214928,0.19046402,-0.23714581
2.7140992,2.7911644,1.8084655,5.3520474,1.0420151,-1.6825283,0.16673088,-0.003337741
2.6821854,3.2593498,1.8633113,5.2091913,1.0494759,-1.718405,0.18305099,-0.16823715
2.9286172,3.851921,1.9177074,5.1497803,1.0564506,-1.7557116,0.17737067,-0.047403425
2.915643,2.159076,1.9123414,5.0660295,1.052206,-1.6827763,0.115888596,-0.110967875
2.478419,2.7363417,1.9287224,5.1145496,1.0714958,-1.6959255,0.10444951,-0.3720211
2.8158314,7.1433077,1.9254334,5.0941887,1.0748289,-1.695451,0.13183773,0.20000964
2.7728136,4.0074897,1.8986707,5.1278896,1.0711918,-1.6561068,0.0653137,-0.36731046
2.1420114,7.7458334,1.9077237,5.135018,1.0577214,-1.6731318,0.071581244,-0.3818459
2.197281,3.244872,1.923212,5.1368604,1.044702,-1.6781676,0.21843219,-0.08682114
2.9383283,9.090806,1.8881235,5.2140718,1.0407565,-1.7076131,0.13983238,-0.05031222
2.708595,8.32915,1.8976922,5.3245373,1.0126901,-1.7289473,0.13264525,-0.12277064
2.7583654,3.223003,1.9201217,5.300254,1.0071974,-1.7322056,0.096970916,-0.21993017
2.5187488,3.16605,1.9007041,5.3217506,1.0154345,-1.7212282,0.066812634,-0.252588
2.585102,5.5837774,1.8874695,5.2881613,1.0410888,-1.6876166,-0.09147841,-0.4732735
2.8324275,3.8927617,1.8591504,5.3486786,1.0157893,-1.6392365,0.147874,-0.3487153
2.6451166,2.1109865,1.8536906,5.2683754,1.0624754,-1.747726,0.018806577,-0.4621934
2.9421766,2.091003,1.874253,5.2205057,1.0823605,-1.7576935,0.11599457,-0.20947796
2.6557448,2.0786898,1.7980137,5.3665285,1.0759938,-1.7270774,-0.02703017,-0.27427834
2.5947666,3.2040372,1.7772324,5.303342,1.1178942,-1.8704059,0.25467265,-0.047315717
2.574323,4.41136,1.7172608,5.399544,1.1645956,-1.8664002,0.0983237,-0.07726359
1.9702016,4.605409,1.7165432,5.3867836,1.155549,-1.7948511,0.17682898,-0.36167693
1.3612154,7.7829475,1.7915483,5.282494,1.1437182,-1.7701705,0.090664744,-0.2580021
2.523086,2.2237988,1.7693877,5.244359,1.1657221,-1.8171563,0.07801068,-0.08861095
2.73251,5.882104,1.7747355,5.236286,1.1571088,-1.8743911,0.09733081,-0.30907047
2.812616,8.380442,1.7988198,5.2256193,1.1621087,-1.8556132,0.045464873,-0.37500483
2.7248414,8.594511,1.802902,5.220969,1.1697302,-1.8571212,0.18223774,-0.370493
2.8621554,3.9248815,1.7995172,5.162537,1.1551478,-1.8671557,0.2205962,-0.30910546
2.705246,2.7326407,1.8031964,5.1009645,1.1757791,-1.833932,0.18376422,-0.26000327
2.6712503,6.0241656,1.836101,5.144557,1.1420391,-1.7918941,0.06418693,-0.34010422
2.1950865,2.5031862,1.8512788,5.0988398,1.1393552,-1.8249452,0.10059881,-0.3442092
