2.1178756,3.656958,1.9835668,6.434165,-1.187369,-0.07158184,2.7028089,0.7420813
2.1167574,3.619711,1.9841352,6.2802997,-1.2937624,-0.1081996,2.7272532,0.7434869
2.1181371,3.5912287,1.9817667,6.380254,-1.3754771,-0.12897825,2.7191937,0.7493051
2.1163025,3.6086414,1.9902492,6.3925133,-1.3876207,-0.11545658,2.7282996,0.7513523
2.1095161,3.6039672,1.9816713,6.458903,-1.3671149,-0.13498282,2.7114127,0.75459826
2.1189618,3.6142447,1.9694643,6.5152874,-1.3318529,-0.068603516,2.7120605,0.7523943
2.1238909,3.635477,1.9678583,6.5153885,-1.3148353,-0.019792795,2.673554,0.7578962
2.1238747,3.6662896,1.9732845,6.5317187,-1.3260015,-0.1654303,2.6944292,0.7549937
2.1231742,3.644795,1.9739172,6.4988112,-1.3546352,-0.10863352,2.708501,0.7619288
2.1261363,3.7072487,1.9661787,6.533279,-1.3581698,-0.124355316,2.7085936,0.7581402
2.1260345,3.669609,1.9609551,6.5159817,-1.3420987,-0.11573696,2.636236,0.76871264
2.130272,3.7160513,1.961633,6.4342732,-1.3175628,-0.07571697,2.6053696,0.75910604
2.1315916,3.755356,1.9732056,6.412785,-1.3814136,-0.14542389,2.6020012,0.7547567
2.1286588,3.721268,1.9637239,6.501772,-1.3662487,-0.14903593,2.6471424,0.7529808
2.1285257,3.7082553,1.9622626,6.4657683,-1.3562157,-0.15993285,2.6434731,0.7544477
2.1062312,3.680026,1.9989085,6.37669,-1.3679688,-0.13404775,2.644098,0.7542906
2.1253958,3.6289463,1.9972835,6.3792973,-1.3739524,-0.13693094,2.675687,0.7423041
2.1181326,3.637052,1.9972305,6.375646,-1.3899187,-0.11471319,2.6281593,0.7462754
2.108023,3.6003036,1.9668331,6.3784842,-1.4055088,-0.12660289,2.6246293,0.71036875
2.103479,3.5717309,1.9264364,6.2817125,-1.4040079,-0.12010908,2.607678,0.6973814
2.0973992,3.68368,1.9010484,6.257743,-1.476882,-0.09131765,2.7050998,0.6992891
2.1064053,4.0940456,1.9154024,6.253028,-1.5162936,-0.08850002,2.6268082,0.6845734
2.110061,4.0586987,1.9255328,6.1591215,-1.3991581,-0.08183193,2.6594355,0.68229127
2.0948615,3.904046,1.9267204,6.248044,-1.3866473,-0.10345793,2.5754788,0.6953416
2.0921855,3.8890858,1.9871624,6.13101,-1.2923,-0.097667694,2.5086527,0.6970937
2.0954313,3.881997,1.9907656,6.17667,-1.2974494,-0.08790636,2.6806815,0.7026216
2.1051993,3.9552007,1.9874196,6.3704853,-1.1900429,-0.06893206,2.6411414,0.7055061
2.095739,3.8782463,1.9852052,6.303623,-1.2649503,-0.07896876,2.6970413,0.70538485
2.0945425,3.8681831,1.9881246,6.296056,-1.062582,-0.09705734,2.7713678,0.70757794
2.1063826,3.5525215,1.9598856,6.3222284,-1.4072057,-0.124764204,2.740526,0.7029505
2.101046,3.2711654,1.9652185,6.3143506,-1.3891664,-0.10104799,2.6657684,0.710762
2.0758088,3.5372121,1.9782667,6.294942,-1.3843753,-0.10004401,2.6526036,0.7205138
2.0678043,3.5602908,1.9820528,6.298159,-1.3789895,-0.056441784,2.6561322,0.72031975
2.068087,3.535647,1.9922969,6.427079,-1.260807,-0.07473302,2.6789389,0.72209036
2.0712519,3.477231,1.9889646,6.4743824,-1.2663612,-0.19763398,2.6830397,0.7198554
2.0702116,3.4272213,1.979831,6.535947,-1.2837803,-0.18766332,2.7437482,0.7246132
2.0613625,3.479767,1.9792409,6.5736923,-1.3018953,-0.21835184,2.7650578,0.72382164
2.062188,3.4055035,1.9708672,6.5708933,-1.3079067,-0.18072248,2.75849,0.7232318
2.07715,3.4469244,1.9769051,6.583873,-1.2921137,-0.20803118,2.7295947,0.72968805
2.0694191,3.4679604,1.9738557,6.486502,-1.2641966,-0.20799589,2.7145917,0.718369
2.0619755,3.4749668,1.9721413,6.4870553,-1.3700279,-0.22716141,2.6621218,0.7039261
2.0295568,3.4779134,1.972821,6.4774313,-1.3958797,-0.18931437,2.6203406,0.7088783
2.0197234,3.4142413,1.9789796,6.4816313,-1.466516,-0.08522892,2.62961,0.71742415
2.0281749,3.6345994,1.9228163,6.4923596,-1.4675212,-0.088611364,2.4981685,0.7047055
2.0415106,3.646469,1.9749792,6.4516654,-1.4906719,-0.06097269,2.6732588,0.7044815
2.057992,3.6560092,1.9659135,6.441883,-1.3607389,-0.17639017,2.6298182,0.7090299
2.0904608,3.513422,1.9192524,6.408875,-1.3617828,-0.17385626,2.6594124,0.70950365
2.0948796,3.7821448,1.9178276,6.401113,-1.3785226,-0.035325527,2.6562479,0.6992004
2.098247,3.7745914,1.9184122,6.4242887,-1.3483373,-0.041800022,2.6959782,0.6979003
2.086268,3.804289,1.9203167,6.3823767,-1.3516152,-0.22243714,2.6937544,0.687291
2.0879774,3.6038508,1.9067533,6.5636163,-1.3805234,-0.22701836,2.7720876,0.710827
2.0897658,3.5918868,1.9096324,6.4956503,-1.3613149,-0.2232914,2.7922106,0.70631087
2.0968611,3.695651,1.9001777,6.455327,-1.3583128,-0.19868708,2.709836,0.6978376
2.0861554,3.5603786,1.9117427,6.4290514,-1.3435812,-0.15509844,2.6746953,0.70198023
2.098121,3.5632977,1.891479,6.452423,-1.3521062,-0.11774802,2.6626098,0.70074666
2.0951061,3.6099365,1.8881826,6.52355,-1.3643857,-0.12655401,2.6329796,0.7013422
2.101233,3.3666482,1.8962655,6.5217223,-1.2832806,-0.10192299,2.6471946,0.6981931
2.106252,3.391751,1.8906221,6.4867535,-1.2860687,-0.12031269,2.6536071,0.7027141
2.1117325,3.292459,1.8931744,6.343549,-1.2844918,-0.12162781,2.6472428,0.7067394
2.1119251,3.270245,1.8926308,6.3538027,-1.2731972,-0.11655164,2.7027647,0.70214367
2.1078858,3.2760015,1.8953388,6.337224,-1.3331449,-0.10950327,2.7691855,0.7021508
2.1111221,3.611224,1.9328125,6.331559,-1.3243866,-0.11520958,2.7764008,0.6967865
2.112592,3.5725536,1.9371886,6.308367,-1.1438956,-0.12131643,2.8000262,0.68789387
2.1172314,3.6500523,1.9321768,6.2970476,-1.2406588,-0.1535511,2.7892473,0.6864753
2.1178808,3.6629372,1.9337878,6.289517,-1.1927812,-0.17526388,2.772678,0.6953106
2.128632,3.5093818,1.963584,6.2844667,-1.2102602,-0.1876409,2.7811334,0.7076204
2.1329298,3.6644921,1.9568746,6.27549,-1.1901965,-0.16329741,2.7917106,0.7005551
2.108878,3.7935417,1.9802425,6.2439,-1.2000194,-0.16881585,2.7374177,0.6918278
2.1090655,3.5700192,1.9771614,6.25637,-1.1805165,-0.16040492,2.769261,0.701638
2.1093683,3.6587057,1.9958651,6.2353983,-1.1809583,-0.17430544,2.7364163,0.70116687
2.0982747,3.5797122,1.997968,6.247176,-1.1435378,-0.19322014,2.7332656,0.69549966
2.0910857,3.5695453,1.9919508,6.2179394,-1.1240816,-0.19127059,2.6938696,0.67475295
2.0941334,3.624051,1.9891257,6.2102776,-1.109453,-0.19407272,2.6862485,0.67713773
2.0847554,3.5990026,1.9829502,6.1935053,-1.1347516,-0.19203377,2.6704926,0.6699276
2.0784707,3.5257657,1.9830291,6.2059946,-1.0714643,-0.15859652,2.6541383,0.67482746
2.078712,3.4994278,1.9835529,6.2253885,-1.1608562,-0.17223,2.697666,0.6708478
2.0829773,3.3269062,1.9858947,6.2246847,-1.1264782,-0.14807296,2.7050598,0.6716404
2.0554423,3.250362,1.9972606,6.267747,-1.2039893,-0.1636982,2.69956,0.6809535
2.0552855,3.456081,1.9674377,6.266115,-1.2380066,-0.18456936,2.6807542,0.6838294
2.0507555,3.3252754,1.9869258,6.2565804,-1.2383008,-0.11095333,2.6824439,0.65931225
2.046257,3.397934,1.9502101,6.305163,-1.2818244,-0.1291337,2.6768153,0.65259385
2.0465276,4.0556784,1.9722974,6.2653728,-1.2920954,-0.043752432,2.678851,0.64974046
2.0382743,4.822712,1.9687312,6.211046,-1.2406533,-0.08210182,2.4646754,0.64791083
1.9845883,4.780306,1.9856412,6.141778,-1.1837401,-0.079111814,2.4680762,0.61690545
1.9852147,4.7806034,1.9874578,6.154168,-1.1827135,-0.07673311,2.4728081,0.61286616
1.9884632,4.779663,1.9922545,6.0840807,-1.2004583,-0.07282448,2.4719787,0.59943235
1.9929134,4.8023996,1.992583,6.114378,-1.2242047,-0.06982899,2.4765518,0.5994469
2.0046096,4.7895823,1.9998934,6.1634197,-1.2220964,-0.055499554,2.473917,0.62487495
2.002748,4.8057814,1.9998999,6.091981,-1.2431314,-0.03906226,2.468704,0.61035967
2.0016599,4.829626,1.99926,6.0746403,-1.239205,-0.04725766,2.4751503,0.6182538
2.0013766,4.823707,1.9978964,6.156131,-1.2428375,-0.06542945,2.478469,0.6180768
2.010841,4.809496,1.9893765,6.216104,-1.2535366,-0.08077431,2.4780586,0.6133474
1.99396,4.7693505,1.9831352,6.191284,-1.1969316,-0.07824659,2.4700186,0.61212707
2.0191011,4.7507153,1.9810574,6.098171,-1.2724411,-0.06535721,2.4642649,0.6136584
2.0111067,4.6804485,1.984699,6.0659637,-1.3573616,-0.03436494,2.4415784,0.6141622
2.0236025,4.7458086,1.9835758,6.019455,-1.3965039,-0.019323826,2.4508903,0.62279046
2.015349,4.713586,1.9868727,6.073653,-1.3640884,-0.019547462,2.4361238,0.6294347
2.0260954,4.744339,1.9647365,6.0732765,-1.3208632,-0.03515601,2.4565942,0.6265569
2.0318942,4.709074,1.9580197,6.0279136,-1.3570497,-0.027205467,2.4671607,0.62931573
2.0370364,4.60553,1.9696658,6.1431546,-1.3548827,-0.042946815,2.3924384,0.64144075
2.03759,4.4943724,1.9596734,6.116637,-1.3771449,-0.031327963,2.3846815,0.6481888
2.0517292,4.508519,1.9656382,6.1605997,-1.3614674,-0.056750298,2.3777933,0.64597034
2.0298166,4.621223,1.9578497,6.168271,-1.4103073,-0.04074502,2.4092278,0.6329776
2.0293732,4.6258364,1.9472558,6.0601745,-1.3939273,-0.038709164,2.3997526,0.6376723
2.0270762,4.702122,1.9990029,6.075591,-1.361397,-0.023329735,2.3542602,0.6464639
1.993748,4.712059,1.9873395,6.1408043,-1.372051,-0.023883343,2.3525827,0.62649655
1.9996277,4.717676,1.9902389,6.1916094,-1.3942566,-0.044679165,2.3558161,0.6218426
1.995074,4.7251782,1.9891114,6.211004,-1.354948,-0.042049646,2.3647056,0.61150324
1.9991531,4.7514763,1.974544,6.2394114,-1.3560154,-0.06609893,2.3660605,0.61004543
1.9997226,4.7929378,1.9701099,5.960686,-1.3362174,-0.09100747,2.355655,0.60334456
1.9797659,4.788452,1.97558,6.0169106,-1.3301358,-0.08210826,2.3733258,0.60041726
1.9768515,4.839798,1.9636455,6.0096765,-1.2813361,-0.024307251,2.3532927,0.594591
1.9744937,4.8487873,1.9725094,5.945129,-1.26664,-0.052485943,2.354812,0.59123945
1.9770763,4.7820325,1.9978657,5.9184027,-1.2711612,-0.05044198,2.2894306,0.6029571
1.9827334,4.793844,1.9975805,5.867878,-1.2994173,-0.040283203,2.265045,0.6010779
1.9792433,4.7800255,1.9986541,5.8508797,-1.2067962,-0.026533127,2.2792475,0.6055441
1.9822767,4.8645077,1.9986062,5.856066,-1.156878,-0.018693924,2.2810285,0.6100571
1.9817412,4.8786216,1.9928536,5.852105,-1.1631389,-0.017690182,2.2709496,0.602111
1.9828919,4.8534155,1.9895537,5.837902,-1.1486729,-0.028481007,2.2670143,0.5979233
1.9834816,4.9173346,1.999476,5.8337717,-1.1634622,-0.05029583,2.2880569,0.59607196
1.9783242,4.854604,1.9962997,5.8679237,-1.1931651,-0.04194045,2.2809057,0.6051042
1.9761472,4.8125525,1.9996374,5.8724556,-1.1501118,-0.04711461,2.269059,0.59651375
1.975934,4.771244,1.999774,5.877972,-1.1271337,-0.037740946,2.2720547,0.60175455
1.9647858,4.791803,1.995914,5.9235325,-1.169874,-0.004453659,2.2627244,0.60674965
1.9655163,4.877823,1.9960139,5.9391546,-1.1921906,-0.043709278,2.259909,0.5982363
0.5344893,2.4293725,-0.7002721,7.169994,0.5267899,-1.0057023,0.9191488,-0.47486827
0.51203215,2.3043995,-0.69662,7.14685,0.49453807,-0.99545836,0.87762356,-0.4644789
0.6543433,2.292916,-0.7414725,7.30589,0.4226761,-0.96724224,0.8866601,-0.46362102
0.6498935,2.2938328,-0.7530527,7.2450905,0.48065162,-0.96326256,0.8917723,-0.47514307
0.64385635,2.2737246,-0.75835407,7.2306204,0.5084703,-1.0023112,0.8836664,-0.47093618
0.6870023,2.246307,-0.85186315,7.308018,0.46264362,-0.9756882,0.92649007,-0.46679664
0.68801093,2.2120981,-0.84751594,7.3077493,0.4636519,-0.9862101,0.9507011,-0.46473408
0.6787389,2.1862376,-0.82877135,7.15075,0.46655273,-0.9817641,0.95052063,-0.47367436
0.6795046,2.1653833,-0.8104111,7.0532804,0.51453805,-0.9732797,0.9232644,-0.46376553
0.6337282,2.2336793,-0.7846364,7.205255,0.52873874,-1.0020068,0.89978266,-0.47643685
0.58246547,2.2514138,-0.81860006,7.2631,0.53594065,-1.0069757,0.948524,-0.44964862
0.5746706,2.2853117,-0.80879277,7.1741824,0.53130054,-1.0049747,0.93423975,-0.48225617
0.6383559,2.288743,-0.81427854,7.1978245,0.5243089,-1.013223,0.919335,-0.48537493
0.6489631,2.2893305,-0.8340423,7.2168894,0.51211166,-1.0301325,0.9402126,-0.4960217
0.64638543,2.3003907,-0.84151304,7.0781994,0.5091734,-1.0285445,0.94266546,-0.4986705
0.6542744,2.3026056,-0.8376056,7.0953608,0.49305296,-0.99074936,0.9202708,-0.4653122
0.6215024,2.2729235,-0.8273293,7.293338,0.5196028,-1.0104713,0.9284688,-0.49095467
0.64492095,2.2887716,-0.80148035,7.163148,0.51582646,-0.9996517,0.92317665,-0.4844824
0.68808997,2.2848425,-0.85663605,7.3476477,0.50450134,-0.9837265,0.94158447,-0.49228027
0.6648052,2.301814,-0.7927957,7.177933,0.5161443,-0.984426,0.96870995,-0.4852753
0.6653148,2.3152857,-0.7834826,7.103891,0.50368285,-0.9793849,0.95333576,-0.4871201
0.64495254,2.3319044,-0.83310556,7.133568,0.49435687,-0.9949169,0.9457954,-0.49043944
0.6073255,2.38249,-0.77497035,7.282387,0.48431587,-1.0029169,0.95308554,-0.471691
0.5998546,2.2882206,-0.762439,7.201624,0.46911168,-1.0076733,0.849308,-0.4615687
0.5210332,2.3759909,-0.77816796,7.237562,0.47063303,-1.0264823,0.86615217,-0.43873104
0.55229425,2.3170547,-0.81602126,7.21702,0.47043276,-1.0172021,0.86753356,-0.43971264
0.5505818,2.2792428,-0.8165509,7.129316,0.4959767,-1.0185258,0.8706541,-0.4725488
0.5631579,2.3623435,-0.7898325,7.196029,0.50202894,-1.0199143,0.86815846,-0.46676445
0.5599373,2.4248264,-0.7608667,7.1888294,0.5059471,-1.0180453,0.87039506,-0.47338662
0.56391454,2.398109,-0.740643,7.165256,0.5371685,-1.0012254,0.91964304,-0.48866314
0.5735304,2.422818,-0.72413075,7.2095485,0.52498794,-1.0130765,0.92576957,-0.4770957
0.5981988,2.441283,-0.7752228,7.0653977,0.47214818,-1.0141001,0.84233177,-0.4765319
0.56734127,2.4202592,-0.77260816,7.1127896,0.4720819,-1.0384867,0.8550668,-0.4839478
0.57328033,2.4000354,-0.77092123,7.2645655,0.4631455,-1.015274,0.8481736,-0.46523327
0.577773,2.3936436,-0.75710106,7.1121273,0.5057304,-1.016119,0.94299746,-0.46024615
0.62052834,2.3124788,-0.81525475,7.179984,0.5094986,-1.0117419,0.92810535,-0.46685305
0.61658037,2.3691757,-0.7788768,7.185272,0.49638915,-1.0019004,0.9298593,-0.48362967
0.60738343,2.3655398,-0.78473336,7.312237,0.47197175,-0.99184275,0.92320526,-0.49008468
0.6161124,2.3456695,-0.74978507,7.291728,0.46176267,-1.0001163,0.8459451,-0.48572952
0.6105754,2.3795724,-0.79249066,7.209557,0.46396208,-0.98796177,0.87238646,-0.48276433
0.6254665,2.3149867,-0.7883016,7.3538322,0.4673183,-1.002329,0.87012947,-0.48777795
0.60574687,2.3534293,-0.83162624,7.2948694,0.46592498,-1.0193871,0.8817673,-0.4628184
0.60511315,2.3294418,-0.86328685,7.1407943,0.4600439,-1.0237458,0.8754566,-0.48789826
0.6100537,2.3533905,-0.84107065,7.1962996,0.45906353,-1.026931,0.8596393,-0.46018532
0.6026761,2.3633397,-0.83983946,7.212977,0.467175,-1.0195696,0.8767414,-0.45764464
0.6007483,2.3383179,-0.8614981,7.1753197,0.46950746,-1.0230241,0.84961665,-0.45666397
0.6553949,2.3312852,-0.8882478,7.2770357,0.4857967,-1.0276239,0.95151365,-0.4547349
0.64159095,2.2587793,-0.90839726,7.329698,0.5010421,-1.0270071,0.87045956,-0.45985216
0.6167888,2.1908138,-0.91956425,7.3124275,0.45437694,-1.0312216,0.88461757,-0.4505168
0.6134508,2.2404382,-0.9320469,7.304965,0.4547751,-1.0507326,0.8690764,-0.45572928
0.6194302,2.242631,-0.94837534,7.328935,0.44880724,-1.0708684,0.8588724,-0.45162508
0.5997375,2.208855,-0.84908867,7.1964083,0.41565394,-1.0626559,0.77430785,-0.44907877
0.5652919,2.1544895,-0.8661487,7.1918097,0.44645476,-1.0642726,0.786456,-0.45925206
0.5702999,2.3016803,-0.8513423,7.271593,0.43750572,-1.0664145,0.76024985,-0.45164666
0.5533243,2.4261436,-0.8610377,7.265196,0.43925405,-1.0819187,0.76112604,-0.45909685
0.5517039,2.4535658,-0.8038019,7.23665,0.41368508,-1.074504,0.8642062,-0.46473217
0.5208244,2.4353347,-0.7551707,7.164477,0.41924095,-1.0789473,0.7101215,-0.4735685
0.5504905,2.4773276,-0.81847197,7.2361517,0.4119296,-1.0854696,0.67156434,-0.46018165
0.55076665,2.5053446,-0.7919878,7.2302256,0.36379576,-1.0875275,0.7055304,-0.46548793
0.5834279,2.5216346,-0.77730453,7.2341533,0.32543683,-1.0980129,0.78102577,-0.4720883
0.61700314,2.4394772,-0.8176584,7.102471,0.40467548,-1.068675,0.7876711,-0.47358525
0.5309594,2.3327222,-0.7978553,7.4400864,0.38349676,-1.0686836,0.828514,-0.4953333
0.52488554,2.319393,-0.71122664,7.509607,0.42435312,-1.055426,0.837975,-0.49562943
0.52247643,2.3925617,-0.7593477,7.4343486,0.40329075,-1.032707,0.8245878,-0.48437527
0.51276,2.4151583,-0.760275,7.434662,0.38301015,-1.0628564,0.8084427,-0.4742649
0.52318335,2.4568813,-0.72182494,7.29717,0.2492137,-1.0652314,0.8143666,-0.47253835
0.51364243,2.5233593,-0.7146426,7.1361904,0.26212716,-1.1056699,0.8055631,-0.49994794
0.51161057,2.5881805,-0.70807016,7.287981,0.31953788,-1.111356,0.83412135,-0.4984613
0.5317837,2.4557345,-0.7473874,7.3402934,0.31400394,-1.0761938,0.78730214,-0.47113255
0.5378795,2.52364,-0.7733547,7.2717857,0.30853343,-1.0632541,0.75277364,-0.48770237
0.5477948,2.5026376,-0.7880114,7.240109,0.44271493,-1.0756071,0.7403233,-0.46984977
0.57179964,2.5471625,-0.8152517,7.220381,0.26885796,-1.1050569,0.72438025,-0.46796966
0.55699027,2.5532606,-0.82304144,7.2505608,0.24921346,-1.1149896,0.69459295,-0.47087562
0.553071,2.5309205,-0.8251297,7.2658157,0.22928762,-1.1438627,0.71683156,-0.47960317
0.57450485,2.5806398,-0.8313098,7.16486,0.25801468,-1.1489393,0.67781556,-0.4946125
0.5742794,2.5820215,-0.81357354,7.1461306,0.20525861,-1.1531329,0.6953306,-0.49796906
0.52176064,2.7117472,-0.7824804,7.274488,0.314317,-1.0999149,0.56879723,-0.4858618
0.52122945,2.6103272,-0.77294105,7.2634935,0.30522633,-1.1011357,0.57498705,-0.47436213
0.5195028,2.6338475,-0.7036828,7.301194,0.25222802,-1.0881269,0.5779197,-0.49475583
0.5757181,2.6431205,-0.74134815,7.4041605,0.17617345,-1.1033733,0.5045755,-0.4910364
0.5673454,2.6752594,-0.7493864,7.318539,0.20050454,-1.1096869,0.41017675,-0.47538254
0.5985944,2.6029456,-0.7519027,7.4628525,0.11394811,-1.1069022,0.44088805,-0.4590892
0.59183025,2.8001404,-0.7749823,7.266533,0.21007633,-1.0856547,0.44596863,-0.491441
0.58216894,2.815919,-0.78464603,7.2656746,0.21065116,-1.076241,0.45559,-0.490505
0.5912151,2.7786763,-0.80002236,7.255683,0.22264266,-1.1208347,0.45626402,-0.48074132
0.58669865,2.7961345,-0.77745754,7.1580443,0.15478754,-1.1444242,0.4571383,-0.4860828
0.58224815,2.7863934,-0.7306768,7.2799215,0.14349484,-1.0703963,0.39040244,-0.48066378
0.5625551,2.8263357,-0.7681401,7.275313,0.13672519,-1.1172277,0.4212451,-0.4847536
0.5629163,2.851644,-0.8045513,7.2573586,0.1919961,-1.1078742,0.41905606,-0.4862166
0.5805219,2.869472,-0.7743032,7.2338057,0.192734,-1.0911202,0.43298197,-0.481945
0.5582704,2.8610258,-0.78336775,7.210538,0.19355226,-1.058394,0.42689788,-0.49491256
0.57969373,2.8879042,-0.77675104,7.0896473,0.1869986,-1.0427661,0.5146624,-0.48797047
0.5601253,2.927055,-0.75158465,7.0542006,0.1981535,-1.025584,0.5270368,-0.4780242
0.58402246,2.9799867,-0.75832164,6.8820252,0.2005198,-1.0794387,0.4875964,-0.47888997
0.6214798,2.9711895,-0.8213918,7.0810328,0.19225073,-1.0553205,0.4707675,-0.48593974
0.61672944,2.9675741,-0.83395296,7.0880346,0.18385053,-1.0511675,0.46292496,-0.48760194
0.6132014,2.9873838,-0.76740104,7.10559,0.19105387,-1.0497632,0.4614004,-0.49289322
0.5661989,2.7380567,-0.77227914,7.0670457,0.18955159,-1.123974,0.48615658,-0.47274977
0.5661445,2.8249667,-0.77789974,7.080175,0.25537014,-1.0861824,0.5009177,-0.48525438
0.6585256,2.716108,-0.7741208,7.172288,0.32248592,-1.0694885,0.56347096,-0.48231125
0.5547261,2.5740118,-0.79120547,7.192484,0.34122086,-1.0767417,0.65462565,-0.49476483
0.56344974,2.537917,-0.7592715,7.416212,0.34967542,-1.0766935,0.7284341,-0.48387757
0.5548737,2.511696,-0.74858475,7.4096007,0.3842697,-1.0698309,0.70982945,-0.48941717
0.562205,2.5254436,-0.79498583,7.3911967,0.38303018,-1.0624884,0.70206106,-0.49401343
0.56130236,2.5429342,-0.7890271,7.44085,0.37028575,-1.0790973,0.68686545,-0.48848844
0.6714492,2.4474356,-0.7885202,7.4014773,0.38122058,-1.060626,0.7598653,-0.48653322
0.6606474,2.4138987,-0.75544214,7.414242,0.3882873,-0.97523,0.77892315,-0.465972
0.663514,2.3916185,-0.7649889,7.39525,0.34608245,-0.97274756,0.7892312,-0.47302708
0.6597887,2.373583,-0.7257363,7.4000173,0.36036587,-1.0238528,0.77202296,-0.48525593
0.54780465,2.3691714,-0.7916346,7.4308534,0.34409475,-1.0187893,0.78412104,-0.49832925
0.58257765,2.51619,-0.77134466,7.3352013,0.4051659,-1.0362128,0.78474414,-0.46171516
0.56998736,2.4239686,-0.7970468,7.407585,0.35963225,-1.0343446,0.79199266,-0.44707155
0.6070696,2.3351834,-0.7716478,7.4020796,0.37464166,-1.0174737,0.77687764,-0.45695063
0.58486414,2.415314,-0.81899744,7.424397,0.3638208,-1.0349646,0.72932696,-0.45540416
0.6863747,2.5061274,-0.8066842,7.373656,0.36544394,-1.039582,0.7350565,-0.4672916
0.6793984,2.508236,-0.79290104,7.3310184,0.36316204,-1.045032,0.68838406,-0.48928192
0.68301994,2.56285,-0.8142849,7.280559,0.38400578,-1.0344837,0.72391844,-0.48789662
0.67729867,2.5484455,-0.8102697,7.3142133,0.3736465,-1.0447154,0.65902555,-0.49595806
0.676492,2.5829628,-0.81996644,7.30007,0.36678863,-1.0448182,0.7001517,-0.49053925
0.67707866,2.5619843,-0.82735884,7.3372335,0.3634181,-1.040784,0.6993301,-0.49808824
0.69341576,2.6500406,-0.83478135,7.225954,0.3483119,-1.0311141,0.69349825,-0.49703845
0.5690111,2.6121688,-0.76198137,7.2597146,0.3453207,-1.0646693,0.6730379,-0.49825805
0.5640585,2.6087801,-0.81297505,7.246553,0.3797531,-1.0687892,0.6333991,-0.48464224
0.5626192,2.6296046,-0.7434028,7.248063,0.28471613,-1.0732946,0.6256155,-0.4920145
0.5414666,2.6265764,-0.7410428,7.3643126,0.28101802,-1.0635922,0.6102803,-0.48990473
2.8856301,4.1003623,-0.48066187,3.9179401,-1.8415158,-0.52806664,0.43459678,0.5503011
2.8722165,4.09702,-0.5188344,3.8898368,-1.8662479,-0.5096271,0.3974626,0.5840101
2.869977,4.012348,-0.5366941,3.9256628,-1.7909521,-0.3966732,0.41049933,0.52213085
2.8725793,3.963779,-0.54844195,3.8094816,-1.7849746,-0.39804912,0.4398644,0.55223954
2.8915935,3.9926333,-0.54604554,4.1547737,-1.8250039,-0.3021698,0.47614098,0.6280165
2.9312499,4.0161066,-0.48452103,4.1787996,-1.7901407,-0.30408454,0.46392047,0.6350844
2.9010322,3.9908895,-0.46826953,4.1888328,-1.7159859,-0.27275658,0.57304525,0.6418154
2.9435284,4.0089173,-0.47441363,4.22284,-1.775238,-0.31637454,0.45698512,0.62912035
2.9420128,3.8802783,-0.48947203,4.181747,-1.7219807,-0.33473587,0.42865288,0.62642705
2.960588,3.9127016,-0.5527477,4.172838,-1.780031,-0.31435823,0.45737576,0.62806106
2.9616668,3.9042513,-0.5617119,4.190826,-1.9356,-0.2858436,0.4495908,0.6389452
2.950092,4.021968,-0.5637347,4.1677637,-1.7555404,-0.3256333,0.4405228,0.67631626
2.8887117,3.9232817,-0.55998373,4.2628727,-1.7923067,-0.43881416,0.41109347,0.66715384
2.89809,3.8796606,-0.5558489,4.2572656,-1.7291062,-0.29712176,0.4075508,0.66990316
2.8827622,3.8451676,-0.5516977,4.248488,-1.7288034,-0.36363244,0.40172803,0.66113865
2.8883004,3.8816338,-0.5463407,3.7538285,-1.8269267,-0.37993002,0.3685447,0.6445414
2.8860252,3.8415418,-0.51976365,3.8236918,-1.6061141,-0.39887714,0.43522334,0.52982926
2.8941495,3.8342276,-0.5122891,3.789359,-1.7802453,-0.38266373,0.43138933,0.54119015
2.876373,3.8525982,-0.5178662,3.7916067,-1.8165485,-0.364825,0.39049733,0.56763256
2.8705938,3.8319492,-0.51775837,3.8281078,-1.6639555,-0.36018085,0.41849458,0.5845288
2.8605328,3.7130485,-0.483478,3.8521752,-1.5842329,-0.37850666,0.41564178,0.5992496
2.9068663,3.7924314,-0.51849365,4.079919,-1.4177971,-0.40661335,0.4099418,0.6372973
2.9052224,3.9340696,-0.50652564,3.795296,-1.6312419,-0.45416713,0.38891733,0.61219
2.8983572,3.9441,-0.51918876,3.9615014,-1.6527267,-0.42212486,0.37217736,0.6053567
2.9063196,3.829243,-0.5144964,3.8927035,-1.6475677,-0.40899205,0.43279386,0.5516088
2.8874054,3.760342,-0.44083244,3.9062867,-1.4628093,-0.40092325,0.4411025,0.5546076
2.8847272,3.6485882,-0.45174313,3.9258466,-1.3838516,-0.3699093,0.42181504,0.5589602
2.9561212,3.6792016,-0.41853917,3.898157,-1.3122237,-0.36653757,0.45446086,0.5968778
2.960927,3.668568,-0.41367066,3.850775,-1.3183888,-0.36664462,0.45429552,0.6080822
2.9534183,3.6737251,-0.33500326,4.0034413,-1.29249,-0.37341547,0.40535712,0.6485573
2.8797052,3.6896553,-0.34193176,4.083371,-1.2647045,-0.29406142,0.42987585,0.6313242
2.8797736,3.7419763,-0.37811542,3.892633,-1.3158411,-0.27282476,0.4286778,0.6631706
2.8787065,3.7992737,-0.38791728,3.882499,-1.3126062,-0.2922213,0.49726796,0.6344243
2.8680716,3.871423,-0.4393558,3.991744,-1.3372242,-0.34635186,0.5026461,0.65176296
2.8716955,3.8164864,-0.40017217,3.8364744,-1.3535342,-0.36131644,0.43333495,0.66621363
2.8675132,3.8155646,-0.41917092,3.8911154,-1.4192326,-0.37350512,0.40801167,0.6914017
2.8325987,3.8639297,-0.43960482,3.8580904,-1.3142366,-0.47662258,0.422266,0.6385931
2.90344,3.8567605,-0.4463259,3.835227,-1.9999881,-0.47268915,0.42904973,0.63892126
2.8262157,3.88835,-0.45973265,3.828774,-1.997703,-0.4733398,0.4313302,0.6327579
2.8325393,3.90989,-0.44780916,3.8331804,-1.9178815,-0.4410143,0.430341,0.6376803
2.8521032,3.9088595,-0.45341182,3.8280728,-1.8818299,-0.44002604,0.44984365,0.6317973
2.8487914,3.9302888,-0.46342248,3.8231661,-1.8921285,-0.44188142,0.4624703,0.6327499
2.8676312,3.9531403,-0.47281122,3.8517654,-1.9159685,-0.4154322,0.46983516,0.6287563
2.8648536,4.0583363,-0.51214945,3.8837206,-1.8271015,-0.4214337,0.53965783,0.6155511
2.9336436,4.0610547,-0.50538445,3.851217,-1.8132868,-0.38190293,0.40628588,0.6319909
2.9754272,3.9397345,-0.5076134,3.864287,-1.9803472,-0.38005328,0.4553628,0.6396165
2.9915884,3.9262218,-0.4969831,3.8581073,-1.8113425,-0.3979621,0.4544816,0.6761918
2.9831753,3.942009,-0.5165449,4.0591984,-1.6908859,-0.36803818,0.5054455,0.676358
2.9841871,3.950151,-0.5121563,4.0265408,-1.7029355,-0.39176893,0.5094508,0.6597787
2.9606185,4.0599775,-0.49591446,4.029857,-1.8812498,-0.3949399,0.55258644,0.6529255
2.9642518,4.1733885,-0.4371906,4.0351896,-1.8679249,-0.39210272,0.5637671,0.6554818
2.9666216,4.04734,-0.44004035,4.00723,-1.872921,-0.39312506,0.5609368,0.64632833
2.9240236,4.0745783,-0.43148065,3.9811773,-1.8605716,-0.51254416,0.54956496,0.64059365
2.9212196,4.0265408,-0.43684137,3.9555905,-1.8562263,-0.56420135,0.5526686,0.6239717
2.93812,4.0169554,-0.44413137,3.9507113,-1.855314,-0.52934146,0.55012155,0.6303885
2.9582548,3.9387982,-0.4333666,3.9230964,-1.8622329,-0.44612432,0.61127174,0.62932765
2.9313047,4.0961246,-0.4258616,3.9111981,-1.8665677,-0.53774476,0.5146843,0.6318569
2.8408403,4.0421057,-0.4380204,3.8850667,-1.8624744,-0.53369164,0.53235114,0.63661146
2.8613143,4.035969,-0.38649553,3.9073372,-1.8648769,-0.525342,0.50028,0.6490624
2.8388705,4.0757866,-0.47326744,3.9721553,-1.7962489,-0.43186808,0.50502074,0.6498163
2.8158708,4.138818,-0.4762705,3.9154787,-1.7981025,-0.4430046,0.5565871,0.6630707
2.8172143,4.1625586,-0.4152137,4.0064907,-1.7995803,-0.47368288,0.54813266,0.6639669
2.8133006,4.0772824,-0.4184296,3.967668,-1.7885404,-0.47704577,0.5431192,0.65004086
2.8561325,4.193553,-0.41365927,3.9958894,-1.8702362,-0.4886856,0.39942586,0.63290954
2.8446376,4.240566,-0.42651242,3.9814506,-1.9717116,-0.48855257,0.40534425,0.6215112
2.856935,4.219488,-0.49449718,3.9791076,-1.9704602,-0.5047927,0.53249586,0.62731194
2.8660808,4.1390467,-0.43610716,3.97782,-1.895668,-0.468616,0.47361207,0.6222302
2.940997,4.1605935,-0.501104,4.0493326,-1.9410391,-0.4715054,0.4776647,0.6304147
2.955886,4.1121006,-0.4607668,4.101982,-1.9726537,-0.5167477,0.44684935,0.6377368
2.9068496,4.1895704,-0.47057444,4.0520763,-1.9388835,-0.51332426,0.3846389,0.6031287
2.8806891,4.187348,-0.50020444,4.03261,-1.9836606,-0.5336807,0.36488497,0.6086191
2.863861,4.2194414,-0.45820528,4.025329,-1.9932044,-0.5313122,0.46945798,0.6124592
2.8621004,4.187929,-0.4586997,4.032208,-1.9779309,-0.5201671,0.44383752,0.6194434
2.858544,4.1742396,-0.5117442,4.024223,-1.9936252,-0.5464077,0.44881487,0.6188313
2.9095354,4.1961994,-0.5303865,4.0319223,-1.9889232,-0.49861932,0.44978392,0.6139152
2.8650935,4.193092,-0.5132879,4.006915,-1.9700845,-0.5889554,0.4280684,0.60630727
2.825195,4.160265,-0.5029818,4.003698,-1.925841,-0.57821965,0.37965643,0.6098876
2.8035233,4.128966,-0.4868517,3.9893472,-1.9299227,-0.5569985,0.37788022,0.60573435
2.886243,3.9894478,-0.46411777,3.9876204,-1.9195362,-0.5333743,0.30234647,0.59946704
2.8946192,4.039242,-0.52092147,3.9335058,-1.8815057,-0.48495317,0.41276503,0.5731492
2.89347,3.9670334,-0.5151559,3.9710236,-1.8549298,-0.41940928,0.48895073,0.5956216
2.908187,4.022277,-0.5246197,3.9158006,-1.7513473,-0.3561182,0.48883557,0.59928024
2.9128966,4.0077915,-0.5334985,3.9283276,-1.7485334,-0.33809996,0.52130437,0.5884963
2.886156,3.9962578,-0.5340676,3.9252605,-1.8492427,-0.39040256,0.5170342,0.5789919
2.8727548,4.049878,-0.56328547,3.9001598,-1.8782834,-0.39658165,0.49360335,0.60873914
2.9311767,3.9607482,-0.37413466,3.713512,-1.9110006,-0.41653872,0.51221514,0.6297802
2.8757126,4.000554,-0.3994534,3.6974373,-1.9295552,-0.38373947,0.5520383,0.6147735
2.8819373,4.067383,-0.38480437,3.7061872,-1.889034,-0.36930895,0.5811367,0.62759256
2.8788433,4.104513,-0.39774358,3.703146,-1.8747214,-0.37473798,0.5815971,0.6104846
2.8881536,4.0155373,-0.42988485,3.7163758,-1.8880297,-0.4638629,0.54556525,0.59427
2.8319223,4.008289,-0.44558525,3.701729,-1.8476934,-0.44939494,0.53028023,0.59253323
2.810914,4.008084,-0.44332677,3.7197883,-1.8342394,-0.46193218,0.5206021,0.6000904
2.8259068,3.8811164,-0.45806706,3.7167296,-1.8304349,-0.45800495,0.5093459,0.611243
2.8554811,3.8233492,-0.46203566,3.7301135,-1.7865521,-0.44966388,0.5303197,0.6113751
2.8515413,3.812571,-0.45861703,3.7143974,-1.8129375,-0.44695807,0.5771283,0.61393154
2.9448938,4.1087947,-0.44244254,3.590423,-1.7963512,-0.39368367,0.51588356,0.6233032
2.9443448,4.0967956,-0.4102639,3.685847,-1.8522971,-0.3632865,0.5365845,0.62304544
2.849443,4.0081797,-0.4336847,3.7237778,-1.9664783,-0.34551167,0.49726415,0.6354568
2.8103478,4.048131,-0.40868855,3.706818,-1.9111702,-0.3574009,0.50206363,0.62379396
2.8922536,4.05336,-0.4568888,3.7458258,-1.9586685,-0.36599827,0.6201042,0.64361095
2.8838902,4.076434,-0.45509267,3.820181,-1.9194095,-0.33117843,0.5154244,0.639874
2.8729115,4.0926094,-0.44313574,3.795464,-1.919938,-0.32159472,0.52672625,0.63228023
2.8928576,4.1215215,-0.41250658,3.7637105,-1.9274844,-0.46529984,0.52702093,0.6188655
2.8957922,3.8765132,-0.40693468,3.7694228,-1.943655,-0.33649397,0.4233514,0.61545527
2.8869965,4.1477175,-0.4312302,3.7847812,-1.9284824,-0.34290004,0.43214726,0.6114341
2.8922608,4.137399,-0.4272262,3.863348,-1.9476421,-0.43656516,0.42494154,0.59300995
2.8745167,4.163316,-0.43153894,3.8134634,-1.9400944,-0.4451666,0.49886072,0.59822357
2.8809714,3.9446785,-0.5117089,3.8154485,-1.9725604,-0.4645095,0.4000616,0.59599173
2.8907151,3.8083482,-0.5059309,3.8042915,-1.9098009,-0.46022654,0.43196535,0.5900364
2.9287586,3.9284837,-0.47037017,3.8244448,-1.9797887,-0.4490695,0.47612417,0.60400283
2.855807,3.9881728,-0.46129447,3.8142004,-1.9539765,-0.44513416,0.43761098,0.6158657
2.897863,3.9526076,-0.5163783,3.8055625,-1.9352703,-0.40036106,0.4255482,0.6113448
2.896554,4.0647745,-0.51883376,3.8222015,-1.9660845,-0.4102757,0.4998598,0.6163311
2.8956678,4.0697565,-0.50619006,3.8367434,-1.9835207,-0.41039562,0.5231936,0.6146153
2.8943927,3.9906247,-0.5186855,3.8229265,-1.9773456,-0.4128673,0.5386535,0.6234083
2.876788,4.0058155,-0.4933836,3.79746,-1.9269747,-0.3409965,0.4784037,0.61903954
2.8994334,4.1945677,-0.44301414,3.8057761,-1.9976034,-0.39313245,0.5354072,0.6152978
2.9171143,4.1052184,-0.47900414,3.7903862,-1.9959211,-0.38957882,0.5070636,0.6163428
2.8995492,4.097821,-0.44296515,3.811724,-1.983438,-0.39836144,0.48416686,0.61576223
2.8918228,4.0496826,-0.4339705,3.7772849,-1.9918381,-0.4283135,0.49978256,0.6145109
2.888281,3.999474,-0.43958092,3.7605476,-1.9860436,-0.44105816,0.58514917,0.63963985
2.8547971,3.8492074,-0.45676506,3.7482147,-1.9470505,-0.41865873,0.49444652,0.55264187
2.9091954,3.8402903,-0.4591503,3.7589698,-1.9129919,-0.43642712,0.47914386,0.61025774
2.9251347,3.8616362,-0.46489912,3.8016365,-1.9561062,-0.44848132,0.46518183,0.6144495
2.8947217,3.841903,-0.48854506,3.8041582,-1.9592819,-0.44750643,0.49770713,0.62625027
0.8400781,9.413633,1.7149916,6.374854,0.07534289,-1.814991,2.4972303,-0.47539613
0.82904583,9.397493,1.7310915,6.2812834,0.07613182,-1.8402789,2.5183709,-0.48377857
0.84140414,9.380614,1.7240267,6.2215805,0.10026121,-1.8751749,2.4838858,-0.48957232
0.8699572,9.419074,1.7653136,6.167019,0.09135914,-1.893628,2.4744036,-0.46131465
0.8304179,9.468903,1.7622142,6.0746074,0.096377134,-1.8974049,2.4762585,-0.45825684
0.8373307,9.463587,1.7440734,6.0752897,0.099812984,-1.8556017,2.5135288,-0.46533927
0.83623326,9.484894,1.7426672,6.142644,0.120202065,-1.9151728,2.5170026,-0.47346094
0.8333044,9.457384,1.7428753,6.1749916,0.10794234,-1.8741755,2.5025346,-0.47546235
0.91423,9.470617,1.7140284,6.2246637,0.11512613,-1.8775625,2.5108283,-0.4633526
0.9722971,9.470156,1.7377567,6.233345,0.17856169,-1.9117464,2.514913,-0.46745184
0.89062893,9.276589,1.7473376,6.2537704,0.18293667,-1.9123547,2.5109599,-0.47767782
0.90034133,9.28612,1.7433932,6.301982,0.19525099,-1.9273773,2.497831,-0.4823826
0.8569311,9.286856,1.733819,6.303438,0.18256521,-1.9263474,2.504295,-0.49510536
0.8372305,9.288193,1.742136,6.129101,0.18880081,-1.9152753,2.5306976,-0.49834374
0.8480394,9.345432,1.7376363,6.1038113,0.18736649,-2.0016572,2.4806578,-0.4892559
0.91449565,9.362764,1.786428,6.239746,0.1827786,-2.011773,2.4848723,-0.4758724
0.9089293,9.484868,1.759768,6.044923,0.18628955,-2.012008,2.503224,-0.4710967
0.95296997,9.365538,1.7638066,6.361618,0.18651223,-1.9327592,2.4850826,-0.46690437
0.9599513,9.400519,1.7433705,6.3761873,0.18675017,-1.9096279,2.4886892,-0.4729371
0.9589374,9.317508,1.7637706,6.3365636,0.18607593,-1.9068457,2.486732,-0.4660974
0.8637916,9.354088,1.7567983,6.1392565,0.15592098,-1.9395394,2.4952464,-0.4690086
0.8465128,9.296444,1.7575598,6.1993275,0.16342044,-1.9616824,2.4591074,-0.48419744
0.8815305,9.299568,1.7421939,6.066209,0.16406345,-1.966898,2.4397833,-0.49267057
0.89576256,9.262224,1.735657,6.0122027,0.16056657,-2.0492163,2.4204688,-0.49713618
0.88196445,9.242158,1.7218146,5.8044834,0.15940666,-2.0402057,2.4309056,-0.4986685
0.8775513,9.263937,1.727453,5.8089385,0.17407632,-2.0475013,2.4382644,-0.4893103
0.8818819,9.274127,1.73838,5.8239484,0.1678164,-2.0530493,2.437719,-0.4965607
0.8776039,9.28932,1.7292595,6.0831165,0.17331243,-2.0388916,2.4089985,-0.4904486
0.8728162,9.292011,1.7219028,5.823084,0.16560626,-2.046512,2.4370584,-0.49687877
0.8768497,9.269448,1.7420247,5.8392,0.17753553,-2.0700173,2.4492555,-0.4813722
0.90024436,9.386276,1.7033558,5.9235325,0.1669147,-2.0795856,2.4151993,-0.48961854
0.87105143,9.361242,1.7244854,5.858989,0.18368292,-2.0909548,2.4507885,-0.48954067
0.8799256,9.308915,1.7685242,6.107831,0.18685007,-2.0374131,2.4578538,-0.4943143
0.86316967,9.270756,1.76963,6.155306,0.17940164,-2.0709333,2.4538667,-0.49605358
0.8788907,9.341217,1.7701263,6.0869865,0.17874384,-2.069686,2.4607124,-0.49736157
0.8733454,9.329444,1.7645562,6.009034,0.20262146,-2.0291219,2.4626493,-0.47808737
0.87200594,9.163353,1.806577,6.032735,0.17962003,-1.9866058,2.4189453,-0.48486182
0.8708607,9.194335,1.7706463,6.177382,0.19488192,-1.9985058,2.426034,-0.48867324
0.8516077,9.167032,1.809257,6.191681,0.21635652,-2.0070057,2.4129438,-0.49413526
0.8676367,9.170319,1.7701793,6.0931716,0.2242043,-2.0286937,2.4584298,-0.48695463
0.8681712,9.108904,1.7652805,6.137815,0.26002502,-2.0312207,2.4619997,-0.49233213
0.8694938,9.095973,1.7605147,6.050312,0.27127934,-2.055798,2.4752536,-0.49667567
0.85624576,9.119362,1.7453914,6.144405,0.2691915,-2.011189,2.4716504,-0.49037948
0.8783419,9.12048,1.7554946,6.0832043,0.2981329,-2.0310206,2.4871025,-0.49357742
0.8571477,9.127592,1.7485201,6.1388083,0.27346325,-2.028121,2.4705021,-0.4838779
0.88210905,9.164728,1.7310028,6.0876966,0.25729156,-2.09444,2.4099367,-0.49300286
0.89737386,9.163317,1.7399566,6.098913,0.25010133,-2.0812,2.4038024,-0.48938042
0.88882816,9.162657,1.7595272,6.0050945,0.22638512,-2.072112,2.4310305,-0.4966958
0.8686506,9.196739,1.7568698,6.0946712,0.22386432,-2.0743265,2.4347446,-0.49760035
0.89192826,9.184937,1.7551229,6.084773,0.22177577,-2.0245824,2.4279954,-0.49470222
0.8805871,9.180525,1.7809706,6.083824,0.23227882,-2.0104713,2.4296198,-0.47788492
0.8938025,9.156792,1.7306557,6.0352635,0.25851607,-2.0491943,2.460351,-0.4887839
0.8857933,9.0822525,1.7215486,5.874257,0.29092455,-2.0427551,2.523544,-0.4884232
0.8773504,9.082928,1.751399,5.8828764,0.27409005,-2.0316286,2.5248778,-0.4855491
0.89620245,9.094648,1.755985,5.7180805,0.27053833,-1.9977084,2.5326884,-0.47225413
0.89024025,9.097826,1.7662251,5.5948043,0.26257873,-2.0121317,2.5742073,-0.46519965
0.88798535,9.152811,1.7679973,5.690859,0.25136852,-1.9633058,2.57925,-0.45788562
0.88565594,9.113924,1.7641506,5.865206,0.27193546,-1.96285,2.5731757,-0.45950204
0.87424767,9.124798,1.7671046,5.8522577,0.25833988,-1.9559658,2.5951595,-0.4529059
0.87027556,9.168598,1.7638791,5.8187313,0.23749375,-1.9589369,2.576831,-0.45955485
0.8699818,9.114187,1.7739956,6.01785,0.2593472,-1.9446081,2.576336,-0.45345044
0.86190844,9.123454,1.7758071,6.2766914,0.27310944,-1.9194549,2.5593524,-0.4783591
0.87146497,9.146267,1.7588391,6.2754545,0.2501793,-1.8965552,2.5529337,-0.48820472
0.8470434,9.10571,1.7944319,6.206565,0.24782181,-1.8840103,2.5801082,-0.47900137
0.81519413,9.026797,1.8495126,6.11721,0.26506925,-1.8878748,2.5781748,-0.48471957
0.8126943,9.048649,1.8093348,6.107831,0.24444318,-1.8801696,2.5997097,-0.4899713
0.81734216,8.9885845,1.7778022,6.2980223,0.29831243,-1.8852108,2.5976965,-0.49970242
0.8209995,8.922484,1.7657459,6.082265,0.31869626,-1.8734797,2.5734508,-0.49990585
0.88096786,8.836359,1.7814734,5.878623,0.2931018,-1.9363258,2.4815574,-0.4996137
0.8934625,8.924345,1.7668123,5.7843094,0.26592708,-1.942005,2.5203295,-0.4875848
0.8779552,8.979681,1.7765067,5.677206,0.2416687,-1.9187042,2.5609944,-0.48277298
0.8898109,9.0905695,1.7655652,5.702923,0.2082386,-1.949125,2.550756,-0.48030543
0.89135444,9.098481,1.753058,5.8199463,0.19540143,-1.9556725,2.5151372,-0.4896189
0.88671184,9.034796,1.748126,5.7521563,0.21096969,-1.9562201,2.5297096,-0.4923197
0.8773779,9.133819,1.7418127,5.831937,0.2199328,-1.9564604,2.5296502,-0.49919805
0.86316085,9.119652,1.7523222,5.8303375,0.21230125,-1.9459,2.5418048,-0.49908173
0.85096323,9.103415,1.7748127,5.9963646,0.21085835,-1.9950819,2.504434,-0.4943049
0.8267864,9.164139,1.8107948,6.097228,0.20655036,-1.9588667,2.5038667,-0.4893673
0.8205173,9.167324,1.8186729,5.9969378,0.19921589,-2.0010543,2.5001414,-0.49733183
0.82340544,9.133934,1.80637,5.946654,0.22515845,-1.9913265,2.5218692,-0.47439802
0.84176064,9.1491375,1.7953696,5.9504876,0.21644402,-1.9986982,2.4931695,-0.47507545
0.84112036,9.108574,1.8079445,6.0648413,0.20410514,-1.989462,2.5012968,-0.4965642
0.83090746,9.182379,1.8089671,6.0730762,0.20710254,-2.0512533,2.4863753,-0.49709615
0.822339,9.249842,1.8096113,6.2131186,0.20080304,-1.9635005,2.4862776,-0.4814237
0.82709366,9.243686,1.8118324,6.123722,0.20151997,-1.9648644,2.4895315,-0.48214364
0.8309216,9.197455,1.8115048,5.948785,0.2003305,-1.9631028,2.5006974,-0.4622335
0.84426856,9.229147,1.7977948,5.946582,0.19831657,-2.0258055,2.4931927,-0.48735648
0.84747285,9.226074,1.7779005,5.9626102,0.19017363,-2.000754,2.4899232,-0.48255792
0.85375184,9.235035,1.771843,6.0035276,0.19646358,-1.986537,2.4730992,-0.49164656
0.8733834,9.252901,1.729064,6.0262322,0.2029779,-1.9804028,2.4821258,-0.49641323
0.87395847,9.237511,1.7471106,5.9263105,0.22554803,-2.0150275,2.5010993,-0.48775047
0.8791971,9.266028,1.7237823,5.971588,0.24241567,-2.0695724,2.4924717,-0.49390557
0.87917614,9.24772,1.7179799,5.949486,0.26105285,-2.0898983,2.5045557,-0.49776766
0.87127304,9.144299,1.7286835,5.9394484,0.29674196,-2.0760436,2.5129883,-0.49745336
0.87572205,9.126228,1.7275281,5.95872,0.30709958,-2.0689688,2.505132,-0.49796942
0.8809619,9.138548,1.7436562,6.0153117,0.30989814,-2.06145,2.515197,-0.4851933
0.8850646,9.142345,1.7424631,5.982287,0.31364918,-2.107686,2.4711468,-0.48473048
0.8837031,9.119997,1.7468548,5.9298525,0.28689528,-2.114584,2.4688475,-0.49267253
0.8867523,9.190963,1.7113273,5.920102,0.2630887,-2.080735,2.4762826,-0.48996124
0.8933865,9.200014,1.7057669,5.9518967,0.26651692,-2.0789783,2.4806201,-0.48896036
0.89320225,9.268595,1.7168016,5.8675165,0.25751996,-2.066997,2.5104947,-0.48278394
0.9128449,9.21356,1.6821208,5.787683,0.2853694,-2.0945094,2.5176442,-0.47149524
0.9335045,9.151166,1.7139683,5.6802177,0.31944847,-2.0853286,2.534842,-0.47944438
0.92383945,9.107435,1.6964402,5.772461,0.31436205,-2.0834193,2.5144675,-0.4830109
0.92182064,9.18108,1.690661,5.790986,0.3019154,-2.0974612,2.5170352,-0.48063236
0.9184792,9.179997,1.6761527,5.708736,0.26327896,-2.0858746,2.5057564,-0.48669922
0.9225293,9.166358,1.6801393,5.7015643,0.27451754,-2.0645573,2.516431,-0.48529088
0.9398558,9.227711,1.6786437,5.5989017,0.27687383,-2.0973978,2.5171056,-0.48110414
0.924685,9.112045,1.6862168,5.8207293,0.28649402,-2.0648792,2.498147,-0.4825671
0.92611504,9.08483,1.6990483,5.854,0.2884307,-2.0615628,2.4889224,-0.48864895
0.9182694,9.16132,1.6758645,5.777895,0.29607248,-2.0759745,2.5190077,-0.4849504
0.92806596,9.182565,1.6779151,5.7997284,0.2934792,-2.0772405,2.5143619,-0.48821712
0.8969676,9.150903,1.7024465,5.875804,0.2941513,-2.074754,2.4971514,-0.4821265
0.9332641,9.167484,1.6988568,5.871894,0.29256487,-2.0617628,2.4874756,-0.48203096
0.94213635,9.103898,1.6960409,5.68025,0.28267193,-2.0583117,2.4910495,-0.49303097
0.9451579,9.136072,1.7179022,5.798229,0.24813604,-2.0590205,2.4759607,-0.4725571
0.9444134,9.119759,1.722902,5.6454,0.28199124,-2.0875027,2.4803035,-0.4835286
0.959743,9.123986,1.7102959,5.7209406,0.28622007,-2.0348442,2.4997706,-0.47997847
0.94340193,9.099539,1.7198639,5.72546,0.29724312,-2.040628,2.5202372,-0.47924927
0.92721266,9.079487,1.7277017,5.7715063,0.28639746,-2.0498636,2.5121427,-0.48625708
0.9367659,9.065285,1.7292039,5.565975,0.3103912,-2.0361438,2.5159922,-0.48018977
0.9339484,9.027491,1.7293503,5.692111,0.3322413,-2.0212154,2.5192122,-0.4939467
0.9292987,9.042648,1.7329459,5.658561,0.26691508,-2.0311356,2.5099847,-0.484749
0.91139996,8.968025,1.729877,5.7818317,0.2932949,-2.0428936,2.4977517,-0.49430436
0.889577,9.038825,1.727849,5.828343,0.27927232,-2.0556226,2.5019822,-0.49313414
0.52001435,2.6862345,-0.36042798,3.0131876,-0.522892,-2.5961175,2.6473663,0.053330183
0.50753707,2.693441,-0.38626623,3.3024306,-0.44803786,-2.5970879,2.5816708,0.07166171
0.5224525,2.7190697,-0.38148314,3.08368,-0.46916437,-2.5921264,2.599964,0.0667029
0.5249077,2.775762,-0.44856083,3.0670888,-0.5546806,-2.5937705,2.6301026,0.07316202
0.51946753,2.9958234,-0.5145136,3.0613,-0.5983765,-2.5982022,2.6292512,-0.06576145
0.5292172,2.927432,-0.48907632,3.0512285,-0.6340158,-2.602495,2.647544,0.0029637814
0.514439,2.9478924,-0.4822551,3.059133,-0.62008893,-2.621429,2.5693648,0.00082194805
0.5034111,2.9695976,-0.46939182,3.1167233,-0.6317806,-2.6180146,2.536641,-0.043613106
0.5090058,2.993997,-0.4622057,3.030418,-0.6061441,-2.6219745,2.5182164,-0.04225582
0.5967194,3.0575123,-0.48194897,3.0756328,-0.5596007,-2.634739,2.4763334,-0.049203902
0.608564,3.07861,-0.48876178,3.102534,-0.5673363,-2.6360202,2.577775,-0.06771436
0.52876914,3.121262,-0.47801375,3.035125,-0.48634398,-2.6160464,2.587552,-0.05083084
0.5290708,3.1245792,-0.4731145,3.0101569,-0.45510352,-2.6243467,2.6112585,-0.0504604
0.5484715,3.1187277,-0.46243477,3.0465589,-0.37706053,-2.5951793,2.6336696,-0.05235672
0.544931,3.0751472,-0.4707803,3.0319324,-0.42080355,-2.6084318,2.569292,-0.0154562
0.5204371,3.0840268,-0.45714283,3.1889694,-0.4015231,-2.61064,2.520415,-0.005913049
0.5127626,3.0540729,-0.4253354,3.0028806,-0.41495562,-2.6298263,2.6512592,-0.0454368
0.64393353,3.0553029,-0.41966105,3.1123412,-0.42826283,-2.6299195,2.6627758,-0.062080473
0.60392064,3.0307403,-0.40299308,3.0626333,-0.4275099,-2.6493523,2.694834,-0.03813517
0.52475846,2.96688,-0.38897294,3.0097024,-0.4503404,-2.654086,2.4611967,-0.06734645
0.5179503,2.9217405,-0.37427807,3.0011387,-0.50147605,-2.6450744,2.6144369,-0.07101148
0.5259362,2.9476638,-0.37476254,3.0007963,-0.47048652,-2.6607754,2.5555398,-0.04024434
0.526027,2.9346325,-0.37389112,3.0000577,-0.50178874,-2.6655564,2.5179696,-0.024808109
0.5195299,2.948368,-0.3716179,3.0008361,-0.48598504,-2.6517086,2.5377908,-0.0311926
0.5124658,2.9131987,-0.38140476,3.0041838,-0.481524,-2.6413598,2.5097365,-0.03589022
0.5176609,2.865715,-0.36694562,3.0057342,-0.47443187,-2.6518745,2.5170605,-0.034838438
0.5051405,2.901634,-0.36333036,3.0503461,-0.4818424,-2.6424332,2.6110775,-0.060641408
0.5147336,2.8705907,-0.3796745,3.0178945,-0.5267879,-2.6224623,2.673247,-0.043217063
0.562222,2.7605357,-0.3685075,3.0663342,-0.5321404,-2.6423323,2.6685648,-0.03789687
0.539763,2.7424233,-0.3678596,3.0890996,-0.54528105,-2.647727,2.6417384,-0.016174078
0.5051514,2.7672212,-0.36423558,3.0379477,-0.5560415,-2.6615915,2.7032204,0.006489873
0.5094806,2.7973971,-0.38645595,3.0662484,-0.5656351,-2.6600058,2.7159436,0.00025892258
0.5073229,2.7179394,-0.3836758,3.0790117,-0.5655303,-2.642475,2.6334178,0.011760533
0.51421434,2.665681,-0.38309288,3.0289109,-0.55328715,-2.6493618,2.7384672,0.011202395
0.50983626,2.6607082,-0.3318715,3.0766435,-0.56991816,-2.648878,2.61989,0.0071355104
0.519365,2.5543954,-0.3337462,3.0055075,-0.56873405,-2.6471343,2.5842052,0.010749936
0.51873213,2.6637692,-0.32382888,3.0275662,-0.5791354,-2.645309,2.530658,-0.022873044
0.5187449,2.5695267,-0.3156891,3.0464292,-0.5674746,-2.6417418,2.5018466,-0.014015555
0.5181951,2.579204,-0.33656853,3.0258837,-0.56803656,-2.6395032,2.6239233,-0.028509557
0.5253677,2.596144,-0.36284173,3.043871,-0.555202,-2.643416,2.632893,0.025486112
0.5071018,2.6045005,-0.34826738,3.0119398,-0.5745492,-2.6346908,2.5877903,0.025805056
0.52817273,2.4858227,-0.33827794,3.0225363,-0.5733882,-2.645757,2.6137664,0.008249402
0.5048292,2.642822,-0.34253818,3.0203161,-0.5662352,-2.6530662,2.6382608,0.013367832
0.51251036,2.6250505,-0.33080256,3.0139012,-0.56764567,-2.6392112,2.5849278,-0.0053932667
0.5117695,2.5636718,-0.33784884,3.0091586,-0.5426148,-2.62534,2.5594714,0.004943073
0.5604638,2.5192285,-0.32444966,3.014724,-0.56367326,-2.6465487,2.594021,-0.01330173
0.5441247,2.570457,-0.33998346,3.1601083,-0.549397,-2.6442437,2.597953,-0.022390217
0.55834824,2.537459,-0.33447337,3.1416123,-0.5506797,-2.64492,2.5998542,-0.0027923882
0.5433994,2.5919452,-0.32651263,3.086532,-0.53495777,-2.6554918,2.6147797,0.008437812
0.5110265,2.5889444,-0.31074762,3.0314472,-0.54218984,-2.6560366,2.6887572,-0.01287806
0.5219457,2.7139819,-0.3366505,3.038091,-0.5591632,-2.6562169,2.6297016,-0.01115483
0.5235916,2.5525913,-0.29861045,3.0856144,-0.5350008,-2.6779156,2.6597564,-0.052104175
0.54315466,2.5035212,-0.30107546,3.0070488,-0.5432404,-2.6552167,2.6664786,0.029590845
0.5562114,2.606538,-0.3255329,3.0064657,-0.5255178,-2.6463587,2.6057525,-0.047965884
0.55359733,2.605504,-0.30754578,3.0273113,-0.5134233,-2.6610847,2.6092193,-0.05397412
0.50592715,2.655478,-0.32746542,3.018817,-0.53033197,-2.6534781,2.5903149,-0.061443985
0.5892072,2.6724052,-0.30017155,3.0172734,-0.53886485,-2.669223,2.5637815,-0.06655824
0.5728986,2.677338,-0.2905054,3.0395262,-0.5344299,-2.6749797,2.5603528,-0.0829556
0.56306595,2.738975,-0.34350443,3.023824,-0.5526618,-2.6661313,2.5681043,-0.085611045
0.5017532,2.8322716,-0.35250926,3.0537887,-0.55714095,-2.6551902,2.621613,-0.064041555
0.51828426,2.8173227,-0.35592163,3.0321543,-0.52265394,-2.639143,2.5181112,-0.06486675
0.5094341,2.7938352,-0.36560196,3.0267267,-0.5682453,-2.6403198,2.4666576,-0.0005746484
0.5079465,2.7906556,-0.37169087,3.0199296,-0.5814308,-2.6483164,2.6454675,0.0017675161
0.53728014,2.7903755,-0.37285084,3.020468,-0.62361133,-2.649356,2.4780543,-0.0812999
0.5082736,2.7635233,-0.36671704,3.033236,-0.65907395,-2.6400692,2.4402068,-0.06544936
0.50281286,2.8367648,-0.34935784,3.0016599,-0.6142665,-2.6436205,2.5106215,-0.0688577
0.5076153,2.7886724,-0.36976904,3.098273,-0.62108517,-2.642318,2.4631188,-0.06375718
0.5187236,2.8124762,-0.3658951,3.044034,-0.6025646,-2.6357155,2.4844234,-0.046907008
0.51467305,2.6892037,-0.36346865,3.028854,-0.60899186,-2.6304038,2.4825792,-0.012116671
0.5170209,2.6730523,-0.41450727,3.0145087,-0.6304438,-2.6212268,2.4993312,0.015293241
0.5193511,2.676848,-0.36932892,3.0091724,-0.57120335,-2.62065,2.4815264,-0.050923914
0.5216073,2.713246,-0.3923223,3.0844088,-0.53927803,-2.5887868,2.48583,-0.00037020445
0.527258,2.6106951,-0.38399005,3.010234,-0.5049223,-2.579288,2.570857,-0.0038915277
0.52385294,2.6546512,-0.38820374,3.113997,-0.5103524,-2.5992174,2.587928,-0.0042095184
0.51996243,2.6329668,-0.39017045,3.1446512,-0.46751225,-2.603087,2.5808036,0.026055992
0.51300114,2.687158,-0.39410448,3.0277843,-0.43195355,-2.5720267,2.5770633,-0.017700464
0.5123321,2.6745226,-0.41143095,3.0182056,-0.42210507,-2.5737374,2.556653,-0.015800565
0.5113079,2.8234723,-0.4169653,3.0069857,-0.49818873,-2.5891902,2.549627,-0.004518807
0.533759,2.8458164,-0.3954795,3.000843,-0.44489372,-2.5715714,2.590258,-0.069684505
0.50037944,2.8132699,-0.40645385,3.0081077,-0.45893025,-2.5799642,2.6471746,-0.04607749
0.518449,2.7616384,-0.405662,3.0284133,-0.4542327,-2.5904498,2.6611528,-0.015687197
0.5382709,2.7056007,-0.36652648,3.0286357,-0.4453169,-2.5947886,2.6869364,-0.020844877
0.50760347,2.5906773,-0.37438023,3.053325,-0.47294605,-2.5944276,2.4989302,0.05488068
0.50481087,2.6203763,-0.40178895,3.110866,-0.49364305,-2.6149645,2.5095592,0.03963518
0.5048071,2.5784883,-0.4005711,3.078856,-0.465387,-2.6267793,2.516762,0.04109156
0.507985,2.631826,-0.4027406,3.1106708,-0.42699373,-2.6190379,2.5136101,0.069586754
0.51025015,2.5952647,-0.4122169,3.0223887,-0.4542395,-2.6222732,2.5196345,0.056411266
0.52108645,2.5627444,-0.38806593,3.1621249,-0.50600326,-2.603949,2.5227542,0.04978615
0.50823617,2.5976655,-0.39050317,3.0586963,-0.5068948,-2.6212447,2.6698294,0.041933537
0.53669363,2.645291,-0.36043644,3.0251386,-0.5161984,-2.6243892,2.673551,0.02222085
0.50277436,2.610951,-0.35024405,3.06819,-0.4927764,-2.6184506,2.7047427,0.041642785
0.50234,2.611775,-0.35333043,3.0037787,-0.4601984,-2.610657,2.7036076,0.027353287
0.5031169,2.5448303,-0.3458277,3.1607444,-0.42881632,-2.613245,2.6813707,0.011308908
0.5015308,2.5923855,-0.34605938,3.1429627,-0.41048682,-2.6133065,2.6443295,0.009088516
0.5014896,2.5718231,-0.33391082,3.132446,-0.48882282,-2.6108932,2.6409745,0.048158586
0.50292563,2.5884917,-0.3195513,3.0096657,-0.49985313,-2.6351848,2.617455,0.02689588
0.50618905,2.5236816,-0.310287,3.004548,-0.46190524,-2.6142247,2.6219292,0.01432848
0.6068347,2.5606155,-0.37015927,3.033103,-0.53040147,-2.6145885,2.5310638,0.0550704
0.5651678,2.590835,-0.4168473,3.024938,-0.5297384,-2.603806,2.7347798,0.038029313
0.5664707,2.6062675,-0.38374054,3.02376,-0.49620914,-2.586957,2.6804607,-0.012473702
0.5666152,2.5285707,-0.3964919,3.002243,-0.48916495,-2.6092167,2.6092281,0.027530253
0.5750793,2.5418677,-0.3508274,3.001302,-0.47455585,-2.6119893,2.6936138,-0.03003952
0.53617185,2.5272648,-0.36305606,3.0042703,-0.45811915,-2.6148934,2.681269,0.051698446
0.5353841,2.5502806,-0.34697092,3.061561,-0.4532578,-2.6149654,2.6478076,0.034211874
0.5384613,2.5607743,-0.38148427,3.0805342,-0.43387687,-2.616324,2.5158064,0.055051148
0.5429539,2.5465384,-0.44987118,3.0879407,-0.6495935,-2.5925407,2.5564039,0.04443133
0.5490217,2.5925193,-0.44408906,3.1358223,-0.69343007,-2.5835726,2.5309088,0.059328735
0.5519078,2.519291,-0.44292468,3.1550035,-0.75413465,-2.576577,2.4840558,0.05369407
0.5953299,2.4941442,-0.4429208,3.0924506,-0.55910504,-2.5720496,2.5157874,0.06025046
0.5817661,2.494784,-0.4419045,3.0394228,-0.5535703,-2.5813282,2.499542,0.056607485
0.6023194,2.4942503,-0.43436664,3.046178,-0.49184668,-2.5929909,2.4743202,0.04735267
0.5450328,2.494246,-0.3834185,3.0810816,-0.48543024,-2.6135945,2.5124173,0.06571579
0.527431,2.597851,-0.27787554,3.0765953,-0.4613279,-2.615096,2.5830445,-0.035552204
0.5821415,2.5909243,-0.29758036,3.0153096,-0.44407856,-2.6234655,2.5788138,-0.059331715
0.5086478,2.7579958,-0.30501676,3.0063515,-0.42896605,-2.6256926,2.5216906,-0.052536428
0.5186553,2.717419,-0.2921753,3.0708983,-0.43863738,-2.619884,2.6499693,-0.07706076
0.5082553,2.7697053,-0.34144378,3.2375875,-0.46815765,-2.6242933,2.7066762,-0.09115893
0.5076976,2.8297224,-0.29477912,3.108791,-0.5084604,-2.6569724,2.5931802,-0.11178738
0.5031301,2.6724193,-0.30838102,3.0284271,-0.53656375,-2.6463037,2.597423,0.010716319
0.50272995,2.7766056,-0.34228665,3.0127137,-0.53354704,-2.6470556,2.6043758,-0.06866154
0.5012718,2.6924703,-0.35448015,3.0106616,-0.53654885,-2.6321213,2.620193,-0.016791403
0.5103481,2.692085,-0.36304498,3.0402496,-0.50375843,-2.6160269,2.6230724,0.0078969
0.54474276,2.603385,-0.390633,3.0777247,-0.5300336,-2.621016,2.6309454,0.0057899356
0.5515564,2.4908903,-0.377824,3.1474278,-0.50755894,-2.6480074,2.8117402,-0.014908552
0.62058985,2.5189612,-0.3967402,3.0891457,-0.48911047,-2.6440911,2.8251865,-0.0016118884
0.60757786,9.95808,0.9779999,3.3602042,-1.0053259,-2.3714585,-0.4410727,0.7976575
0.597007,9.922496,1.0278208,3.2472782,-0.97673905,-2.3697848,-0.44189543,0.79820406
0.59736353,9.959671,1.0178578,3.2949004,-0.9529846,-2.3771703,-0.44910634,0.7965797
0.5789106,9.908314,1.022304,3.2902958,-0.9227171,-2.382939,-0.3941657,0.78406763
0.5758894,9.904001,1.0219646,3.238059,-0.8985616,-2.3812428,-0.3464592,0.7929913
0.57590556,9.961588,0.999251,3.4493709,-0.8988035,-2.3904614,-0.32530183,0.7654793
0.57835233,9.981903,0.91402483,3.342977,-0.886737,-2.3625038,-0.33972102,0.78365684
0.5792915,9.95331,0.9768858,3.2769125,-0.892709,-2.3729174,-0.3386097,0.7830392
0.56943434,9.939041,0.9475281,3.1680508,-0.8615829,-2.3764632,-0.34390068,0.7818054
0.5724238,9.952745,0.9753301,3.4667473,-0.86960256,-2.3825808,-0.33481646,0.77618873
0.5763805,9.955191,0.8930005,3.5304747,-0.9098849,-2.3954744,-0.28517413,0.76180065
0.5801402,9.965237,0.9688003,3.4912035,-0.8957521,-2.3920193,-0.36921537,0.7725886
0.56504744,9.94416,0.9464693,3.3510134,-0.88549113,-2.386118,-0.33731413,0.7674155
0.5718959,9.956917,0.8949983,3.4836285,-0.93557775,-2.3795066,-0.3326202,0.7669673
0.571801,9.8945875,0.9528289,3.4816396,-0.9241781,-2.4031835,-0.35352546,0.75058484
0.580476,9.869699,0.98081684,3.4856167,-0.92501295,-2.4089847,-0.2922414,0.7525854
0.5976255,9.871116,0.9109137,3.6236773,-0.9568372,-2.3990524,-0.29143107,0.758615
0.5839283,9.811762,0.8901012,3.4584541,-0.94958353,-2.386627,-0.28303277,0.7775912
0.5910369,9.824871,0.96726465,3.2016869,-0.95345867,-2.369108,-0.18203765,0.7589687
0.60437274,9.846954,0.96981287,3.2128224,-0.96868527,-2.3666308,-0.14264625,0.75898623
0.6239412,9.925216,0.91262925,3.1346154,-0.97457254,-2.3688307,-0.17928445,0.7670274
0.59708697,9.917955,0.95177245,3.3390212,-0.95511127,-2.3738017,-0.32572222,0.7702148
0.6031194,9.904438,0.92226124,3.198812,-0.97738445,-2.3637505,-0.2863235,0.7693913
0.5912068,9.955271,0.9794123,3.0814106,-0.9424211,-2.3420444,-0.30226016,0.77594936
0.59201884,9.972547,0.8633559,3.3295743,-0.94834244,-2.3574617,-0.26060724,0.77727735
0.59066725,9.947986,0.8550519,3.3158991,-0.96159625,-2.3489234,-0.2803862,0.7720876
0.6188918,9.959529,1.0088892,3.1657953,-0.9664904,-2.344955,-0.18700719,0.7907578
0.63219607,9.954466,1.0242248,3.161711,-0.9694549,-2.3617363,-0.33605742,0.8131863
0.6282398,9.943926,0.9645612,3.5080879,-1.0094848,-2.3593626,-0.35312456,0.8073412
0.60952836,9.873547,0.9651885,3.1187363,-1.0101603,-2.3404775,-0.32962263,0.7832575
0.6099272,9.791442,1.0308733,3.1083698,-0.99138725,-2.3507304,-0.3647511,0.7827531
0.60785633,9.722146,1.0670152,3.008368,-0.99625623,-2.362359,-0.4076159,0.7859901
0.5965928,9.877386,1.1039689,3.0743897,-0.9808959,-2.3629446,-0.54015124,0.78193426
0.5924573,9.917386,1.023267,3.1772833,-0.98424006,-2.3391252,-0.5238861,0.78328514
0.59355736,9.915001,0.96088684,3.1212869,-1.0052958,-2.3370728,-0.5234545,0.7873031
0.59356827,9.884615,0.9476962,3.0845366,-1.0113623,-2.3167763,-0.501861,0.78573895
0.6001875,9.961363,0.9332576,3.4218957,-1.0139096,-2.3178048,-0.47333026,0.7853476
0.61483455,9.966433,0.95992184,3.4014945,-0.99824834,-2.3424563,-0.49494284,0.7872436
0.609952,9.9256935,0.957283,3.513884,-0.9743228,-2.3471005,-0.4949774,0.8071054
0.60905117,9.917652,0.96266437,3.512964,-0.9745846,-2.3587365,-0.4796217,0.8110682
0.6166041,9.975548,0.93166995,3.2423663,-0.9518254,-2.3425722,-0.42299855,0.82693934
0.60783684,9.968142,0.96005154,3.0190454,-0.9998094,-2.3594444,-0.44032872,0.80382943
0.6229711,9.968661,0.9478884,3.2172718,-1.0066862,-2.3352826,-0.3905958,0.7972418
0.6229251,9.991137,1.013803,3.263267,-1.0083959,-2.3224685,-0.34575844,0.78445673
0.62027806,9.99724,1.076895,3.117108,-0.9686556,-2.3281593,-0.29908395,0.7771125
0.6186964,9.951607,0.94636214,3.14441,-1.030535,-2.3286574,-0.32727152,0.7822889
0.62498194,9.974213,0.9542973,3.4797306,-1.0242112,-2.3319912,-0.3003686,0.7742567
0.627837,9.963663,0.9427414,3.2756724,-1.015085,-2.3292406,-0.301619,0.78649354
0.63133466,9.957338,0.96609664,3.2170784,-1.0285031,-2.3135538,-0.32210916,0.78292906
0.61554146,9.9269495,1.033328,3.1170795,-0.99068034,-2.359663,-0.3781953,0.7880404
0.6237488,9.8880205,1.0345347,3.1705546,-0.985904,-2.3493886,-0.32352865,0.79450977
0.6088848,9.849101,0.98133874,3.342717,-0.9936104,-2.3733373,-0.31280726,0.7911744
0.59597325,9.7453575,1.0149674,3.291909,-0.9745853,-2.3870697,-0.3329705,0.7710514
0.60148907,9.725756,1.1399279,3.0727139,-0.92921484,-2.3964052,-0.32159567,0.7828517
0.5855781,9.724224,1.1087947,3.075134,-0.9250268,-2.390153,-0.29266387,0.7842219
0.5747254,9.8733835,1.1261268,3.2150369,-0.8596103,-2.3803124,-0.30824876,0.77951217
0.57855237,9.951632,0.91058576,3.3745759,-0.8634975,-2.3810406,-0.29817832,0.74531925
0.5863702,9.9189625,1.1072445,3.3742046,-0.8624437,-2.3642178,-0.31933558,0.77434254
0.60990137,9.964401,1.0663698,3.4808018,-0.89998984,-2.3070707,-0.33397663,0.8012215
0.61013454,9.953962,1.09765,3.514042,-0.90230405,-2.3138378,-0.27912062,0.7877182
0.60942894,9.951606,1.0807767,3.5454369,-0.9012258,-2.3160288,-0.32327384,0.78581786
0.6110836,9.9143715,1.1029968,3.5099459,-0.9062687,-2.324791,-0.30202842,0.79935765
0.59800184,9.908583,1.059087,3.5460439,-0.9326023,-2.3443646,-0.3767261,0.7719743
0.6013728,9.880482,1.0362797,3.5411985,-0.91858196,-2.3342283,-0.35122836,0.78888655
0.6039296,9.880533,1.0093088,3.5425365,-0.936033,-2.3520784,-0.35753685,0.79615676
0.61294943,9.916946,0.97734845,3.565116,-0.94460917,-2.358798,-0.32368892,0.8095126
0.6037863,9.956948,0.9647827,3.131445,-0.94321287,-2.3578625,-0.32305318,0.80517507
0.6053949,9.995783,0.9534042,3.133716,-0.918764,-2.3442867,-0.27429694,0.8043779
0.60674214,9.984359,0.94314003,3.2334955,-0.95562613,-2.3427527,-0.23736447,0.79818845
0.6197804,9.986328,0.9481554,3.056155,-0.9340186,-2.3388734,-0.23316026,0.8018441
0.6268649,9.99606,0.9394343,3.160818,-0.953339,-2.336979,-0.11907023,0.8031496
0.6301659,9.984701,0.9267125,3.2469335,-1.0276506,-2.316864,-0.27301878,0.80625105
0.647514,9.9472885,0.908586,3.2639709,-1.033283,-2.3064225,-0.25959563,0.8118017
0.64663017,9.9171915,0.9241953,3.199264,-1.0177209,-2.3239675,-0.21219271,0.8144734
0.6449219,9.923941,0.88558865,3.1986613,-1.0267556,-2.3234465,-0.17891264,0.8128092
0.64839184,9.924282,0.88675404,3.203272,-1.0047143,-2.3301733,-0.15118396,0.81275177
0.6359699,9.888468,0.8888527,3.1507266,-1.0027053,-2.3389673,-0.20479327,0.8084805
0.6338007,9.891739,0.8860189,3.2473228,-0.993752,-2.3379502,-0.18553662,0.80085385
0.62991893,9.94691,0.8737637,3.259547,-0.9967699,-2.3413844,-0.20695096,0.78824186
0.6321279,9.9501,0.8955345,3.2447467,-0.9742738,-2.3138044,-0.13029414,0.8077588
0.63492596,9.972742,0.86487055,3.2363186,-0.99104667,-2.315144,-0.13710845,0.8001486
0.63264585,9.958215,0.84679055,3.2139573,-0.98463094,-2.3077962,-0.083901465,0.8002424
0.6344293,9.988441,0.85748804,3.274515,-0.9533106,-2.310325,-0.062542915,0.7996559
0.6399989,9.970596,0.91169953,3.2722726,-0.98352695,-2.310601,-0.11691314,0.8007014
0.6430702,9.972626,0.9051676,3.181417,-0.98700607,-2.3142755,-0.10679966,0.7822809
0.6333978,9.963259,0.9071033,3.212903,-0.9842535,-2.3264017,-0.01811719,0.77380455
0.6516503,9.966347,0.9012661,3.2919333,-0.966887,-2.325922,-0.044630766,0.7929368
0.6445269,9.95211,0.88473105,3.394384,-0.9746778,-2.3218846,-0.06415224,0.7999979
0.62459344,9.968868,0.9665861,3.1923683,-0.96533465,-2.3446743,-0.21297002,0.77592623
0.62444144,9.9339285,0.9424195,3.2796504,-0.9644594,-2.3414676,-0.10130525,0.7692493
0.61552805,9.979515,0.8892422,3.3610551,-0.9392197,-2.3280272,-0.080406606,0.7806871
0.61960614,9.964249,0.9048495,3.4570885,-0.92577076,-2.328301,-0.042717516,0.78297234
0.6064714,9.92667,0.9046612,3.3211803,-0.9503733,-2.370732,-0.16385001,0.7774899
0.61044514,9.883453,0.9276854,3.3380866,-0.91472304,-2.3951077,-0.18688011,0.79465365
0.60637426,9.872606,1.0140545,3.4154649,-0.8972335,-2.4094546,-0.15932286,0.7902061
0.6144867,9.929052,0.9917228,3.3553443,-0.8806704,-2.397847,-0.1479879,0.79157627
0.624437,9.927685,1.0516188,3.3218632,-0.91400754,-2.3902225,-0.16455531,0.8019775
0.6131078,9.9128685,0.9757657,3.3598948,-0.944613,-2.370295,-0.2380839,0.7844659
0.6084205,9.9574795,1.002094,3.1781178,-0.9624547,-2.344776,-0.25304776,0.7744515
0.59407526,9.974613,0.99439716,3.107484,-0.96780133,-2.3425033,-0.35030293,0.78086853
0.59963673,9.973702,0.91464615,3.1165576,-0.9335904,-2.3502803,-0.26347566,0.78446424
0.5993204,9.990326,0.86515594,3.4142618,-0.93657935,-2.3449416,-0.2665735,0.7879293
0.60910404,9.932783,1.0609217,3.2735753,-0.9368067,-2.3718157,-0.26538593,0.7828367
0.6045819,9.887268,1.013763,3.1715186,-0.96706057,-2.3550649,-0.3144849,0.77959454
0.60880595,9.89742,1.0179656,3.0656466,-1.0013921,-2.3113976,-0.36594337,0.7850375
0.63004607,9.961159,1.0175266,3.0122619,-1.0066769,-2.3052096,-0.19907898,0.76999485
0.6343845,9.919446,1.005985,3.1061213,-1.006568,-2.325613,-0.16202652,0.7763022
0.62944466,9.945526,0.9401001,3.289733,-1.0099866,-2.3272662,-0.24660534,0.79308283
0.6317793,9.885128,0.92301345,3.487254,-1.0069419,-2.3490536,-0.2360555,0.79620767
0.63347733,9.900528,0.92383766,3.368964,-1.0136986,-2.3564873,-0.21462756,0.7852371
0.63112426,9.884092,0.91077757,3.411921,-1.0049844,-2.3581939,-0.2152273,0.8063443
0.63823223,9.899461,0.9318882,3.0652373,-1.003089,-2.3403256,-0.21679705,0.80120766
0.6301698,9.873591,0.9725323,3.1817038,-1.0074289,-2.3505926,-0.21190113,0.79571855
0.66087234,9.861777,1.0236235,3.0155568,-1.0275095,-2.3519287,-0.26046515,0.8019216
0.653993,9.940337,0.9776647,3.0319855,-1.0152835,-2.3185291,-0.25330698,0.79039
0.638575,9.9092655,0.8900032,3.0829587,-1.0054908,-2.3222346,-0.09816235,0.79969645
0.6826263,9.908296,0.8923459,3.0846715,-1.0403938,-2.3210745,-0.07859069,0.7928177
0.7177501,9.776289,0.98094475,3.0793672,-1.0400703,-2.3256962,-0.030207753,0.8513851
0.7095811,9.930253,0.95451176,3.0555415,-1.0506852,-2.3144913,-0.045226216,0.8361466
0.7040872,9.96931,0.9506731,3.065334,-1.0863283,-2.283727,0.0035957098,0.82965314
0.72165376,9.949358,0.9661319,3.0841253,-1.1055932,-2.2622957,-0.17720628,0.83982253
0.7125102,9.936867,0.923278,3.059565,-1.1257629,-2.2696414,-0.097174585,0.84981215
0.7116617,9.890015,0.9057691,3.0738366,-1.1219606,-2.2737467,-0.06826013,0.8504126
0.7117184,9.962566,0.8980751,3.1649873,-1.0954969,-2.293387,-0.076114595,0.857044
0.70175487,9.95741,0.93216646,3.121006,-1.0777884,-2.264573,-0.041172445,0.830629
2.1336823,2.2651083,1.9389975,3.397478,1.6592715,-2.0092566,-0.8554139,0.38852596
2.1197636,2.3353179,1.9408994,3.395182,1.6578333,-1.9811528,-0.863767,0.3955567
2.12097,2.4253354,1.945451,3.3810399,1.6404552,-1.9718848,-0.8223287,0.38080394
2.1158013,2.4084067,1.9476645,3.3784516,1.6161706,-1.9697207,-0.82336545,0.38087392
2.1248589,2.4032235,1.9518712,3.3777227,1.6616194,-1.9772239,-0.8341361,0.38253224
2.124545,2.435947,1.9474697,3.3801048,1.631686,-1.9785259,-0.8336648,0.37842685
2.1249738,2.3514888,1.9489801,3.384428,1.6414485,-1.9841937,-0.84801215,0.38468212
2.1134853,2.413849,1.9546916,3.3697379,1.635828,-1.9831579,-0.84860367,0.38386357
2.117458,2.4237165,1.9652491,3.3854485,1.6744173,-2.0046475,-0.84435415,0.38571858
2.1180315,2.4350739,1.9792717,3.3763433,1.7007506,-1.9953938,-0.84535396,0.38828373
2.1165338,2.4335852,1.9742863,3.3660178,1.6893964,-1.9910879,-0.847203,0.38751346
2.106874,2.4481924,1.9775264,3.37644,1.6814818,-1.9734309,-0.8598553,0.38752848
2.1261406,2.4511995,1.9811921,3.3878205,1.7291677,-1.9762348,-0.8303176,0.38476574
2.123168,2.441292,1.9720712,3.3856704,1.7078097,-1.9775822,-0.8658863,0.38634396
2.15175,2.4346282,1.9715941,3.3929222,1.7409759,-1.9742332,-0.84362805,0.38729048
2.1403954,2.370008,1.9708722,3.3841364,1.7158649,-1.9931589,-0.8327163,0.39307916
2.1132405,2.383984,1.9690857,3.3900456,1.7148657,-1.9789926,-0.8004252,0.4017166
2.149942,2.364413,1.9607773,3.4016414,1.6824749,-1.9764011,-0.8024811,0.40036416
2.1058478,2.323139,1.9535005,3.4022918,1.7224116,-1.973738,-0.7566378,0.39657605
2.1523352,2.3160648,1.9569113,3.385744,1.7220054,-1.9496403,-0.7463781,0.40049648
2.1442528,2.2740555,1.960819,3.3689146,1.694778,-1.9404403,-0.7472625,0.40895748
2.1415715,2.2665882,1.9658456,3.374069,1.7147143,-1.9468074,-0.76371413,0.40856183
2.1084988,2.3621387,1.9676552,3.380365,1.669498,-1.9514941,-0.777389,0.40849984
2.1027472,2.3054166,1.9682755,3.3944902,1.6497335,-1.9538214,-0.77648485,0.4093901
2.116263,2.3396378,1.9676356,3.3851912,1.5149539,-1.9415041,-0.77484524,0.40998256
2.0887027,2.3278327,1.9670374,3.3836267,1.484448,-1.9362018,-0.785293,0.41160762
2.091773,2.2864823,1.969065,3.388034,1.4962308,-1.9531684,-0.7874303,0.41244513
2.0598133,2.2984924,1.9646189,3.3860083,1.4920411,-1.9506186,-0.79959,0.40949047
2.06418,2.2449722,1.9632604,3.3800614,1.4958596,-1.9381987,-0.78641313,0.4103881
2.0723631,2.2562373,1.9673078,3.3787487,1.4589477,-1.947547,-0.7912822,0.41010523
2.0695548,2.2921288,1.9674482,3.377781,1.4347885,-1.9481441,-0.801364,0.40902996
2.042097,2.2457144,1.9675522,3.374026,1.4356682,-1.9479345,-0.79812115,0.4084519
2.0927763,2.3707175,1.9664488,3.3750296,1.4492009,-1.9425492,-0.8002794,0.40542316
2.1078873,2.3351207,1.9637158,3.3771358,1.4627221,-1.9472446,-0.793995,0.4051051
2.1079283,2.3179204,1.9655557,3.3757784,1.462328,-1.9474342,-0.78083974,0.40475285
2.092557,2.2478871,1.9669807,3.3758218,1.4885857,-1.9437928,-0.76659775,0.4067453
2.0741718,2.164886,1.9673579,3.372709,1.5109959,-1.9397303,-0.76209474,0.40697157
2.0790024,2.1768684,1.9616528,3.381617,1.4969974,-1.9332788,-0.7556949,0.4075635
2.0755877,2.1662498,1.9650874,3.3791246,1.4790456,-1.9413719,-0.7227548,0.40305257
2.071248,2.2183263,1.9620981,3.3758228,1.4908462,-1.9467655,-0.7333816,0.39931607
2.0350504,2.2475302,1.9662526,3.3856573,1.463732,-1.9599005,-0.7623071,0.3978904
2.0762734,2.247603,1.9637976,3.3798742,1.4099741,-1.9668665,-0.7582043,0.3937394
2.0302942,2.1917427,1.9564931,3.378784,1.423944,-1.9698176,-0.7644733,0.39124727
2.0455537,2.1898053,1.9567966,3.3840387,1.4649887,-1.9748701,-0.7631308,0.39110672
2.0425754,2.199284,1.9603987,3.3721972,1.4818618,-1.9875252,-0.7837296,0.3912754
2.0423398,2.1835968,1.9672229,3.3715634,1.4519131,-1.9936482,-0.79256046,0.39263773
2.0287328,2.1870842,1.9666028,3.3756943,1.4641936,-1.9928395,-0.7859013,0.39526033
2.0337753,2.1903434,1.9674859,3.375389,1.4914179,-1.9892435,-0.7717985,0.39727783
2.0425758,2.169339,1.9665568,3.3733888,1.502959,-2.0020614,-0.78423387,0.39720088
2.0596278,2.166628,1.9697089,3.37352,1.5022271,-2.01282,-0.8013581,0.3987385
2.0120358,2.1714184,1.97172,3.3745394,1.5171921,-2.044104,-0.80047446,0.40257132
2.0339282,2.197569,1.9725049,3.3640182,1.5462093,-2.032631,-0.8002387,0.39284933
2.0551708,2.1591911,1.9725175,3.3612902,1.5363677,-2.024956,-0.8030915,0.39716327
2.0144162,2.1523948,1.9648905,3.359827,1.5392921,-2.0228474,-0.80215925,0.4173146
2.004642,2.208885,1.969279,3.3483324,1.5361907,-2.0270562,-0.796467,0.4160626
2.0140066,2.0651839,1.9767942,3.3556867,1.5324583,-2.0245647,-0.7845805,0.41710436
2.0218663,2.0869548,1.9869332,3.3689406,1.467567,-1.9966947,-0.77641445,0.43942058
2.0213156,2.0739455,1.9847212,3.3529363,1.5238276,-1.9634368,-0.7962471,0.43654633
2.0165734,2.156893,1.9786565,3.345864,1.5170798,-1.9641333,-0.8032862,0.44032025
2.030271,2.134865,1.9799771,3.387959,1.5075872,-1.9597262,-0.7804896,0.4370432
2.0557992,2.08993,1.977745,3.3970015,1.5073991,-1.9618701,-0.7776972,0.43391275
2.0490675,2.2933855,1.9795659,3.392771,1.49786,-1.9420508,-0.76094615,0.43153107
2.0256543,2.18415,1.9765677,3.3939877,1.5158205,-1.9559249,-0.76567787,0.43121076
2.052538,2.309279,1.9774747,3.403082,1.502615,-1.9508897,-0.7658201,0.4302203
2.0255666,2.3297188,1.9834902,3.4007409,1.4964635,-1.958148,-0.76641333,0.4344328
2.0138621,2.2043955,1.9922092,3.3844538,1.496033,-1.9573157,-0.7331925,0.43189967
2.062501,2.1610444,1.9923878,3.3838415,1.5073135,-1.9486045,-0.72890675,0.4328543
2.0658042,2.179444,1.9906955,3.376856,1.5067501,-1.9202652,-0.73414826,0.43316966
2.0461771,2.1625347,1.9899092,3.3792586,1.5044782,-1.9220243,-0.7390575,0.43113405
2.0469341,2.042746,1.9902997,3.3776438,1.4869409,-1.938251,-0.7389767,0.4340961
2.025391,2.0572722,1.9893222,3.3819623,1.4888535,-1.9293213,-0.7587486,0.43469763
2.0341787,2.112812,1.9930625,3.3879979,1.489619,-1.946061,-0.7305422,0.43731135
2.0314102,2.033288,1.9920039,3.3908875,1.4875093,-1.9417629,-0.73979855,0.4398638
2.0341983,2.0557077,1.995075,3.3885987,1.4877112,-1.9298697,-0.752421,0.44688416
2.0380063,2.0967705,1.9969323,3.3739517,1.4853332,-1.9349694,-0.7601428,0.4486146
2.0341015,2.1196089,1.9950771,3.3803358,1.4712892,-1.93572,-0.77522564,0.44842857
2.0361247,2.0445864,1.9959898,3.379681,1.4833267,-1.9463685,-0.7734498,0.44736302
2.02809,2.0161204,1.999526,3.3430164,1.4543736,-1.9499326,-0.8068042,0.44755566
2.0165472,2.059649,1.9978344,3.3574724,1.4487855,-1.9449472,-0.8146591,0.4478371
2.0625048,2.023217,1.9965377,3.356131,1.4578164,-1.9390806,-0.82827926,0.44693118
2.0280728,2.0626411,1.995606,3.3556888,1.4707997,-1.9655713,-0.81889033,0.44216543
2.017047,2.0765998,1.9905078,3.3614278,1.4354331,-1.9300411,-0.8321314,0.43426156
2.027227,2.054168,1.990267,3.3595645,1.4232566,-1.935343,-0.8154812,0.4330225
2.028115,2.1603215,1.9912555,3.365902,1.4410555,-1.9406644,-0.8033408,0.426502
2.0310543,2.1369405,1.9889934,3.3507473,1.4632249,-1.9428866,-0.81034863,0.42782938
2.0456645,2.1049256,1.9897499,3.351156,1.4656594,-1.9353434,-0.8042223,0.42734516
2.0565882,2.247738,1.9953074,3.3558276,1.4200964,-1.9220293,-0.8091645,0.42782426
2.0563543,2.2310867,1.9983318,3.3448584,1.4390376,-1.91785,-0.8182882,0.43400574
2.0688865,2.1906114,1.9990416,3.3448856,1.4557307,-1.9126899,-0.7981396,0.43346477
2.0705628,2.2620964,1.9991412,3.3461719,1.4584382,-1.9173951,-0.79613686,0.4331386
2.061954,2.1427672,1.9980676,3.3432612,1.4609034,-1.9112493,-0.7960268,0.4347418
2.0578725,2.0814235,1.9977105,3.3443213,1.4756904,-1.9158514,-0.79250515,0.4351058
2.0418577,2.188835,1.9969954,3.3436449,1.4758241,-1.9417185,-0.7675075,0.4293416
2.041442,2.3130744,1.9983411,3.360962,1.4356618,-1.9369171,-0.7872155,0.4316132
2.0455837,2.31488,1.997869,3.3606193,1.4511335,-1.9344786,-0.7897882,0.4301749
2.045055,2.238949,1.99593,3.3618917,1.444905,-1.9407549,-0.7863638,0.4271196
2.0496087,2.2470965,1.9961932,3.3580377,1.4484658,-1.9378257,-0.79336154,0.4339249
2.040246,2.251984,1.9946687,3.3691635,1.4314492,-1.9398782,-0.8088149,0.4362238
2.0287466,2.167395,1.9947205,3.3744986,1.4245074,-1.9663533,-0.82693326,0.4408518
2.060637,2.2657042,1.9965324,3.3634388,1.4332502,-1.9734869,-0.81842834,0.4469018
2.0589118,2.2346725,1.9966977,3.357488,1.4342268,-1.9571364,-0.8083116,0.44713753
2.052659,2.4774766,1.992142,3.380045,1.4242914,-1.99991,-0.8055208,0.4485169
2.0586967,2.4594884,1.9923744,3.4050946,1.4196355,-1.9986058,-0.80007625,0.44979382
2.0481281,2.2002826,1.9949317,3.3895378,1.4171505,-1.9656739,-0.8029604,0.43851376
2.0033777,2.2146552,1.9920516,3.3851776,1.4530647,-1.91707,-0.7947889,0.43863416
2.0501082,2.2222486,1.9899395,3.3874695,1.420279,-1.9231398,-0.7959782,0.4356563
2.0340784,2.187939,1.9948044,3.3896327,1.4296596,-1.9472214,-0.78017455,0.44044095
2.0455763,2.1211178,1.9898715,3.3940482,1.4282639,-1.9479412,-0.80192196,0.45478988
2.0222807,2.0844378,1.9890282,3.3969572,1.399241,-1.9399486,-0.80951166,0.4393518
2.0478067,2.0581179,1.9906561,3.3953035,1.4007909,-1.9258101,-0.792433,0.4430681
2.0413418,2.1758118,1.9899983,3.3959897,1.4310575,-1.9220755,-0.78978455,0.44347507
2.056138,2.1129632,1.9909277,3.3917353,1.4207354,-1.9162741,-0.78275526,0.44340968
1.9961618,2.1443098,1.9876361,3.404477,1.4129889,-1.924822,-0.79302615,0.44260496
2.000883,2.1464612,1.9925809,3.3987782,1.4128208,-1.9688324,-0.79718935,0.44475573
1.9988779,2.2041025,1.9882054,3.399826,1.3924699,-1.9666969,-0.8105784,0.44099742
1.9928347,2.3233082,1.9855545,3.4163647,1.3842473,-1.9823476,-0.8009887,0.4422652
1.9493406,2.2229834,1.9679189,3.4171705,1.359546,-1.9668654,-0.8058814,0.42559373
1.935855,2.2711244,1.9713433,3.4311824,1.3494637,-1.9661053,-0.8132007,0.42257243
1.9675499,2.259956,1.9713492,3.420451,1.3556321,-1.9834847,-0.8204122,0.42090052
1.9776136,2.228369,1.9676147,3.4049294,1.3821094,-1.9822323,-0.8436783,0.41262114
1.9866508,2.1786084,1.9663434,3.4057102,1.3713086,-1.9715163,-0.8736211,0.41405523
1.9884717,2.1845534,1.9631138,3.4056745,1.3824005,-1.9783101,-0.8273469,0.40809846
1.983217,2.0798128,1.9646156,3.4030108,1.3816915,-1.9802516,-0.85066324,0.4075349
1.9562166,2.034904,1.9453206,3.4541569,1.3595374,-2.0039,-0.94798744,0.40619612
1.9584936,2.015271,1.9358599,3.3714662,1.3548336,-1.992509,-0.96767867,0.4016298
1.2109952,9.443123,-0.78461355,5.72027,-1.8795362,-0.27535605,2.2562852,-0.0550268
1.2145694,9.338621,-0.7532153,5.6617208,-1.8170519,-0.24530983,2.2863283,-0.056714892
1.218992,9.330944,-0.70432985,5.6419353,-1.8278964,-0.2595408,2.2917986,-0.038612187
1.2035518,9.439684,-0.7091625,5.551613,-1.8300412,-0.26265025,2.2627945,-0.034189165
1.205282,9.429228,-0.8915005,5.583769,-1.8350755,-0.25804257,2.278053,-0.035777867
1.2063388,9.483721,-0.88972104,5.497841,-1.8337196,-0.2451024,2.270578,-0.03601995
1.1888523,9.401344,-0.92038715,5.4953403,-1.82877,-0.2401619,2.2758512,-0.039648592
1.1904805,9.410973,-0.92852324,5.490951,-1.823174,-0.25517273,2.2762897,-0.037073374
1.1797729,9.34197,-0.8577824,5.568613,-1.8357118,-0.28322268,2.2794352,-0.037674338
1.1849844,9.395914,-0.8654895,5.5731974,-1.8263335,-0.27353597,2.2826588,-0.033394277
1.1887498,9.328956,-0.86178106,5.4265375,-1.8310323,-0.2919309,2.283913,-0.02990812
1.1878068,9.419552,-0.8690304,5.6079683,-1.831351,-0.3093562,2.2813466,-0.03156072
1.1826968,9.422327,-0.8670668,5.333931,-1.8354619,-0.2922449,2.2716362,-0.025801957
1.1836264,9.262541,-0.86953104,5.284479,-1.8412092,-0.3014927,2.2795594,-0.023448229
1.180253,9.209894,-0.8705743,5.437825,-1.8364686,-0.3072996,2.275876,-0.023183465
1.197606,9.415531,-0.8714604,5.4200325,-1.8492445,-0.29032016,2.2702277,-0.024025738
1.1888278,9.425735,-0.88569474,5.476878,-1.8346926,-0.30030417,2.269264,-0.022850752
1.1846919,9.42501,-0.8948062,5.5280294,-1.8354911,-0.29437518,2.2520719,-0.02613163
1.1793071,9.474253,-0.879806,5.4865513,-1.8340516,-0.32082653,2.2496986,-0.025918037
1.1627201,9.464519,-0.8479231,5.4621053,-1.8326463,-0.33659887,2.2582712,-0.022495627
1.1628689,9.433527,-0.87582576,5.4575615,-1.8355398,-0.33366394,2.2509394,-0.018201768
1.172486,9.2620125,-0.83913565,5.3976035,-1.8343749,-0.32780147,2.2458484,-0.014167249
1.1746783,9.228008,-0.8386057,5.29993,-1.8411773,-0.3250215,2.2440126,-0.011595964
1.1673753,9.346615,-0.84467983,5.2723255,-1.8523083,-0.3381064,2.2480693,-0.019406736
1.1664593,9.311021,-0.85771567,5.222586,-1.8592674,-0.3461833,2.2385962,-0.01155442
1.1672066,9.266895,-0.9354452,5.427351,-1.8733318,-0.33103824,2.2362885,-0.017888606
1.1608838,9.257924,-0.9356617,5.418983,-1.8650541,-0.2911191,2.232266,-0.023584843
1.1598234,9.079181,-0.9571043,5.29639,-1.8468705,-0.28273487,2.2751093,-0.01874885
1.1641529,9.159984,-0.9629568,5.296135,-1.8598902,-0.27935505,2.2609437,-0.023313612
1.1589959,9.060873,-0.9848565,5.3381186,-1.8615421,-0.30241394,2.2565203,-0.023590237
1.156738,9.16,-0.9786762,5.291424,-1.8487829,-0.28313398,2.2522864,-0.018471956
1.1565435,9.177507,-0.9468008,5.3038654,-1.8443787,-0.30787754,2.2507367,-0.019253194
1.149181,9.115955,-0.96243787,5.3046227,-1.8209004,-0.30226445,2.2693708,-0.014340907
1.1601989,9.234308,-0.953478,5.3221455,-1.8166614,-0.30049014,2.2564702,-0.019478679
1.1633592,9.202614,-0.89550424,5.3641148,-1.8256079,-0.279274,2.2457376,-0.016610146
1.1666123,9.203105,-0.89145494,5.314093,-1.8240637,-0.27072334,2.2391608,-0.015508413
1.1655946,9.077411,-0.97530985,5.317086,-1.8391492,-0.27008986,2.2483804,-0.012224823
1.1749692,9.094784,-0.94229174,5.3568983,-1.8446445,-0.25358224,2.243373,-0.015150249
1.1755164,9.2504635,-0.96137077,5.3736467,-1.8481417,-0.26126456,2.2403574,-0.015234619
1.1805035,9.245154,-0.95213866,5.311776,-1.8249097,-0.23011017,2.2582915,-0.018663466
1.1788081,9.171867,-0.9810604,5.334435,-1.8194581,-0.2358079,2.2650008,-0.021119744
1.1788294,9.176413,-0.9654986,5.372365,-1.8383118,-0.28796864,2.2939243,-0.022811502
1.1876779,9.049414,-0.9638906,5.3975887,-1.8372071,-0.28578734,2.2843575,-0.0166367
1.1887724,9.019795,-0.90800375,5.3926506,-1.8453999,-0.28031182,2.2872195,-0.015811473
1.1753743,9.305948,-0.9509295,5.2788305,-1.8322225,-0.2820034,2.3029153,-0.01654476
1.1771935,9.289146,-0.9280969,5.325718,-1.8256149,-0.24554348,2.3095853,-0.02602011
1.164493,9.238733,-0.9320924,5.251071,-1.820816,-0.2527933,2.307964,-0.026380181
1.15593,9.290888,-0.9443899,5.2389655,-1.8211167,-0.25381994,2.3122578,-0.026639462
1.1593997,9.258064,-0.93492734,5.378113,-1.8181583,-0.25371218,2.3097808,-0.03171122
1.1564369,9.263426,-0.93696004,5.390471,-1.8091575,-0.2571962,2.3017592,-0.0319328
1.1470661,9.2490425,-0.93132484,5.231332,-1.8099642,-0.26397276,2.3059354,-0.029909432
1.1516731,9.222979,-0.93693006,5.346132,-1.835478,-0.26685,2.3158011,-0.043886364
1.1501665,9.077663,-0.9479373,5.4433336,-1.8253462,-0.24905348,2.2980897,-0.043991804
1.1611516,9.067912,-0.9786294,5.5993958,-1.8320754,-0.2580068,2.2936122,-0.046006083
1.1582022,9.0430565,-0.9623441,5.6081247,-1.8525689,-0.2661636,2.2900805,-0.047248542
1.1579843,9.063017,-0.98115444,5.6223917,-1.8606564,-0.24858761,2.2690387,-0.050286084
1.1586912,9.190719,-0.94744503,5.5309424,-1.848946,-0.26833296,2.2716758,-0.04774463
1.1528748,9.174594,-0.9514564,5.531797,-1.8306018,-0.26837397,2.273309,-0.04586184
1.1405749,9.175826,-0.9392672,5.355765,-1.8447171,-0.2879367,2.3239992,-0.05419314
1.1315918,9.185525,-0.9412134,5.4150662,-1.8543081,-0.3364172,2.336202,-0.05050978
1.1439868,9.251014,-0.9388387,5.5062284,-1.815089,-0.33214712,2.34539,-0.050771892
1.1663209,9.196605,-0.95284975,5.5015464,-1.8268379,-0.26496792,2.3799343,-0.05449629
1.1996281,9.202056,-0.9194763,5.61976,-1.8481916,-0.27656412,2.4444304,-0.058648854
1.2069422,9.211151,-0.9592816,5.4467278,-1.8660846,-0.33159566,2.492076,-0.05875987
1.2124994,9.182306,-0.9440893,5.5098953,-1.8809114,-0.25805426,2.4951365,-0.059746385
1.2360629,9.1714,-0.9684342,5.407015,-1.8956697,-0.25512767,2.4945257,-0.05539924
1.2355127,9.147214,-0.9655752,5.7348213,-1.9373332,-0.29654312,2.4918287,-0.0637126
1.2391642,9.113998,-0.9549145,5.700745,-1.9471788,-0.2968099,2.4910161,-0.06800294
1.237284,8.989866,-0.9198446,5.557494,-1.9247588,-0.2788601,2.4462814,-0.061373174
1.2353729,9.005092,-0.93100154,5.608924,-1.9309322,-0.267776,2.4410295,-0.063310385
1.230807,8.969006,-0.88699365,5.7658405,-1.9521513,-0.3071196,2.4459758,-0.06295344
1.2239518,8.862289,-0.89161134,5.9462733,-1.9006562,-0.27980804,2.4443653,-0.059685946
1.2259853,8.773781,-0.8813393,5.8307467,-1.9051954,-0.2803626,2.4626021,-0.058122873
1.2241127,8.814444,-0.84716535,5.8244843,-1.8976364,-0.28773832,2.4259074,-0.05886203
1.240199,8.794418,-0.82097375,5.828881,-1.9007956,-0.26631045,2.4275227,-0.060267866
1.2451291,8.776468,-0.83978295,5.832039,-1.9183469,-0.23978543,2.3229556,-0.057572246
1.2536265,8.783929,-0.9147311,5.822215,-1.9387327,-0.20893049,2.4064133,-0.058721274
1.2535362,8.855042,-0.88711196,5.9499493,-1.95499,-0.23619008,2.4403286,-0.06167406
1.2349408,8.644224,-0.9105635,5.9266367,-1.9571978,-0.29338598,2.4303734,-0.053735226
1.2282968,8.750665,-0.94046,5.9368205,-1.9674094,-0.29414272,2.408331,-0.05977735
1.2316661,9.045154,-0.91895294,5.882101,-1.9283738,-0.29180908,2.3332927,-0.05655718
1.2333095,9.109085,-0.8799311,5.8426113,-1.9327941,-0.29525328,2.3470852,-0.05653578
1.2419614,9.139789,-0.9182088,5.8575287,-1.9319507,-0.28757453,2.3601973,-0.059295446
1.2414908,9.180866,-0.85276234,5.8211613,-1.9220072,-0.2814107,2.36224,-0.062226653
1.2295743,9.182543,-0.8585907,5.733842,-1.9285032,-0.2872901,2.3675604,-0.060185492
1.2238896,9.358601,-0.81396997,5.485077,-1.9021281,-0.26170254,2.3623939,-0.067102194
1.2197269,9.259371,-0.8213326,5.5152564,-1.8970217,-0.26971483,2.3907137,-0.06931049
1.2258164,9.155917,-0.81938905,5.426176,-1.9296745,-0.2771399,2.4078965,-0.06681591
1.223352,9.24227,-0.82339627,5.4513483,-1.9242625,-0.26843405,2.3926036,-0.06916508
1.2186384,9.340087,-0.88756764,5.3794866,-1.9366813,-0.24051285,2.4098532,-0.07350826
1.2184923,9.374583,-0.86832106,5.3822165,-1.9390624,-0.27781487,2.4095888,-0.07006401
1.2326801,9.307938,-0.85519606,5.421582,-1.9340957,-0.26876616,2.431989,-0.06985301
1.2395266,9.282022,-0.82857215,5.366791,-1.9334573,-0.23927188,2.4299552,-0.06985718
1.2341726,9.29471,-0.86373913,5.323516,-1.950217,-0.29053068,2.432551,-0.0664348
1.2328048,9.243845,-0.7953713,5.3727436,-1.9615108,-0.31569624,2.461389,-0.06955114
1.2254081,9.363761,-0.8119831,5.388188,-1.9587383,-0.34818602,2.442149,-0.07475555
1.2269576,9.325147,-0.8210214,5.4240446,-1.9615049,-0.3197565,2.437547,-0.075173795
1.2265728,9.345933,-0.8399255,5.339491,-1.9758911,-0.33803606,2.4602964,-0.07902971
1.2235476,9.346519,-0.8744967,5.324933,-1.9806291,-0.3091457,2.4609802,-0.079539835
1.229161,9.348072,-0.8677019,5.347703,-1.9817392,-0.32079148,2.4568872,-0.07945478
1.229955,9.3241825,-0.8837384,5.360081,-1.9985961,-0.32446384,2.4540088,-0.07939494
1.2314277,9.285118,-0.8757559,5.405999,-1.995752,-0.32574177,2.4443338,-0.073211014
1.2383296,9.267473,-0.8697924,5.374096,-1.994924,-0.32858896,2.445451,-0.072586596
1.246736,9.337843,-0.8853526,5.3508906,-1.9943241,-0.30484533,2.4416218,-0.07181966
1.2355783,9.353573,-0.8402919,5.349884,-1.9937763,-0.29394388,2.4349883,-0.07820958
1.2295616,9.373804,-0.8531906,5.3814287,-1.990617,-0.28805017,2.4308298,-0.08076233
1.2287829,9.313772,-0.8481541,5.404004,-1.9923542,-0.30148506,2.4247537,-0.07878831
1.232312,9.30135,-0.82603145,5.4058304,-1.9963082,-0.29305625,2.420289,-0.07627922
1.2369541,9.281368,-0.8940835,5.4045095,-1.9899571,-0.300663,2.4281008,-0.07279533
1.2387173,9.257908,-0.7603859,5.4005938,-1.9719522,-0.291219,2.3792017,-0.07145429
1.2193208,9.355683,-0.78962857,5.299491,-1.9879068,-0.29843378,2.3837452,-0.07321361
1.2250202,9.321081,-0.7150051,5.768732,-1.8983935,-0.29666138,2.3510919,-0.06647974
1.210846,9.397224,-0.7003483,5.8491845,-1.8556596,-0.26311064,2.32641,-0.066069305
1.1912445,9.387136,-0.6134392,5.4994373,-1.8612614,-0.23895335,2.3030524,-0.048333794
1.1970329,9.402844,-0.61379975,5.4962473,-1.8240467,-0.26032543,2.3624678,-0.044898152
1.1933994,9.353125,-0.61452913,5.506762,-1.8333524,-0.2093935,2.374212,-0.044907182
1.2083901,9.284506,-0.61928463,5.4839473,-1.8574598,-0.4526658,2.3750057,-0.03897327
1.1827421,9.283602,-0.6034989,5.453384,-1.8746138,-0.36417603,2.349552,-0.037082195
1.148795,9.480143,-0.60136235,5.437298,-1.8624723,-0.23278666,2.2814922,-0.044297278
1.1496406,9.483632,-0.65432,5.4095993,-1.8830248,-0.40629315,2.2728393,-0.04271421
1.1634526,9.5021515,-0.6507176,5.3344574,-1.8324348,-0.41376328,2.2724037,-0.030927598
1.1598201,9.638299,-0.6409605,5.316826,-1.8329079,-0.43549442,2.2674804,-0.024492025
1.1635535,9.472096,-0.64664024,5.287651,-1.8431708,-0.39999914,2.2574418,-0.026961565
1.1738498,9.587172,-0.5725341,5.4581804,-1.8605164,-0.37873697,2.2781324,-0.032272995
1.1792939,9.48773,-0.5777923,5.4713397,-1.855722,-0.10084057,2.271488,-0.02849549
2.9176438,2.050684,-0.7348724,3.5762882,-1.664737,-2.5388207,-0.85936135,0.38730025
2.9311676,2.0577388,-0.6941469,3.5566435,-1.6493552,-2.5350847,-0.8770868,0.39742404
2.9239275,2.0658348,-0.70298266,3.5509622,-1.7088914,-2.5774932,-0.8795285,0.39652288
2.9214525,2.15379,-0.70598996,3.4602795,-1.592436,-2.5256472,-0.87218046,0.39883554
2.9312382,2.1193821,-0.6656442,3.4711843,-1.4401631,-2.5093875,-0.902275,0.39923418
2.9337802,2.093841,-0.6550194,3.4659834,-1.4313333,-2.5296378,-0.9422232,0.423818
2.926122,2.10776,-0.66428137,3.3861542,-1.372884,-2.4931324,-0.9436604,0.42396933
2.9080706,2.1534455,-0.63072723,3.2856753,-1.3752214,-2.4550195,-0.9379273,0.43084955
2.9017267,2.1480157,-0.6647812,3.3144383,-1.3208191,-2.5108488,-0.92489874,0.42826092
2.9037983,2.2269857,-0.66482854,3.3602846,-1.4790273,-2.5520163,-0.9555801,0.4109906
2.945668,2.1861236,-0.6834799,3.3905764,-1.4880185,-2.5448642,-0.90536654,0.38764077
2.9437048,2.1511567,-0.69693506,3.4644485,-1.5668728,-2.528491,-0.8942933,0.38790685
2.9311724,2.1728292,-0.715085,3.5432405,-1.60022,-2.5706456,-0.89127946,0.39882874
2.9267778,2.189735,-0.68159276,3.5739357,-1.5516293,-2.5655704,-0.95294327,0.39843506
2.9357016,2.1797042,-0.6981232,3.5474806,-1.5337404,-2.5937011,-0.9504824,0.43344003
2.9201157,2.0997875,-0.7180681,3.5704775,-1.5803503,-2.6129189,-0.95343536,0.4137218
2.9070156,2.1578543,-0.68436927,3.5473676,-1.7119145,-2.6352592,-0.9638095,0.41079235
2.9011092,2.1764276,-0.6899201,3.465087,-1.5455477,-2.6343377,-0.9684872,0.41766632
2.8974233,2.284337,-0.68332875,3.4177997,-1.5756422,-2.6099234,-0.9371172,0.41770995
2.91757,2.3038332,-0.65248513,3.375088,-1.6503937,-2.612061,-0.9076631,0.4045083
2.882756,2.2911096,-0.65341127,3.3118901,-1.6433226,-2.62406,-0.88903844,0.41497946
2.8901448,2.3553855,-0.63865423,3.2822654,-1.6857449,-2.6432476,-0.8741732,0.38391674
2.9052567,2.0809178,-0.65464586,3.2735848,-1.6452901,-2.601379,-0.8855109,0.37253463
2.8712902,2.2980394,-0.65780497,3.2157419,-1.6004548,-2.603882,-0.91639763,0.37061483
2.8934443,2.2977693,-0.6617314,3.2239964,-1.636609,-2.6474278,-0.85877544,0.36590242
2.911454,2.2356374,-0.69270694,3.2513313,-1.5437138,-2.5729349,-0.8680611,0.3686595
2.9137356,2.114867,-0.68903303,3.293705,-1.390605,-2.5436857,-0.8736841,0.3773054
2.918223,2.0383883,-0.69567627,3.2803922,-1.3790305,-2.6165323,-0.9005942,0.39343357
2.9198582,2.2737217,-0.68310654,3.2495346,-1.354466,-2.5782652,-0.9185742,0.36876392
2.917966,2.2127504,-0.686588,3.2846403,-1.3152033,-2.556949,-0.91642255,0.39318
2.907948,2.2137094,-0.70314634,3.335146,-1.3608584,-2.50707,-0.90514696,0.38796258
2.861584,2.238639,-0.7039595,3.296039,-1.335654,-2.505314,-0.9300236,0.3883875
2.8661766,2.0945683,-0.70158637,3.2863517,-1.3120424,-2.5033605,-0.9290204,0.37563586
2.8760116,2.0557132,-0.69408476,3.3134089,-1.3221633,-2.4814522,-0.92994046,0.38652086
2.8727205,2.02737,-0.72717845,3.298843,-1.28993,-2.479244,-0.90667206,0.39055717
2.9037807,2.075975,-0.7321602,3.3987114,-1.3596056,-2.499202,-0.8979938,0.38299167
2.9007664,2.100908,-0.71859014,3.4160683,-1.4091895,-2.5100484,-0.8907012,0.38504046
2.9330308,2.0778484,-0.6976701,3.4704518,-1.5735352,-2.4858387,-0.9028652,0.403013
2.9599426,2.0908263,-0.68598163,3.4675698,-1.6266726,-2.5105953,-0.91437185,0.4034797
2.9601998,2.09564,-0.691104,3.424375,-1.5909257,-2.4882588,-0.9324708,0.4241503
2.9466136,2.1291242,-0.70298535,3.4162867,-1.5361521,-2.4833393,-0.923983,0.42460448
2.9281492,2.0974605,-0.69147986,3.3991146,-1.5411097,-2.4821625,-0.9105382,0.4210527
2.919337,2.0999131,-0.66746736,3.339344,-1.3925979,-2.480534,-0.91466486,0.41736674
2.9125197,2.1210275,-0.6499057,3.2120094,-1.3400378,-2.5026767,-0.9200928,0.42302948
2.9185588,2.1067512,-0.6724352,3.2823768,-1.3821957,-2.5280106,-0.9197191,0.3862326
2.9128141,2.1637335,-0.66231096,3.2421877,-1.3660829,-2.5237885,-0.9261183,0.36912
2.8938165,2.1649184,-0.6634221,3.2693248,-1.3573549,-2.5497825,-0.93827033,0.4332062
2.8921814,2.2651052,-0.66820025,3.2283182,-1.3874404,-2.484519,-0.91434795,0.40156603
2.7228196,2.2480783,-0.6598672,3.1859665,-1.2647996,-2.4832594,-0.9220021,0.3739245
2.8333673,2.2428842,-0.65644157,3.199065,-1.2763993,-2.4811628,-0.91621065,0.3821671
2.8661647,2.2102373,-0.6584758,3.2240157,-1.3033607,-2.4699335,-0.86890876,0.38186443
2.8664174,2.3054411,-0.64249957,3.2787406,-1.2829549,-2.4048653,-0.83631045,0.3833505
2.8774407,2.4128134,-0.6509377,3.2794824,-1.241482,-2.4199758,-0.8434193,0.3809775
2.8723693,2.5533462,-0.6489579,3.2479846,-1.2461756,-2.4686928,-0.83903825,0.37823552
2.8900626,2.3630607,-0.6795314,3.2814171,-1.2523227,-2.476911,-0.83747476,0.37681144
2.878755,2.5165615,-0.62624884,3.235951,-1.247529,-2.4264739,-0.80989844,0.3805061
2.8831882,2.5143611,-0.66739833,3.2187252,-1.2126793,-2.4366894,-0.80163586,0.3744309
2.86565,2.3958676,-0.65047723,3.2127247,-1.2735918,-2.5099444,-0.81792635,0.34888017
2.8758824,2.4763372,-0.64931136,3.2750072,-1.2815055,-2.482723,-0.9028251,0.34221596
2.6672735,2.4681025,-0.6447516,3.2666054,-1.3283052,-2.4500136,-0.9154943,0.41114748
2.6563835,2.473329,-0.6346983,3.2678576,-1.2737069,-2.4358485,-0.90987945,0.41223586
2.5727406,2.4839242,-0.6146842,3.319508,-1.2731137,-2.4268951,-0.8555612,0.3920573
2.6934886,2.497567,-0.6388824,3.4820862,-1.0540733,-2.4201515,-0.9133993,0.3707912
2.6568353,2.6289473,-0.67838967,3.5200982,-1.0720007,-2.4339886,-0.9867709,0.36996293
2.5864692,2.6665432,-0.6538385,3.351087,-1.0489844,-2.4310682,-0.83492136,0.37270415
2.6523662,2.7267613,-0.65664315,3.3783298,-1.1362972,-2.3505352,-0.7855309,0.3596936
2.6684365,2.2996335,-0.66445255,3.518899,-1.082016,-2.3762746,-0.8010924,0.40488994
2.663329,2.2902806,-0.61870337,3.3048935,-1.0812302,-2.394101,-0.8894282,0.39373904
2.681581,2.2958841,-0.62521255,3.3078117,-1.0615352,-2.364071,-0.91292244,0.3731941
2.7054868,2.288505,-0.62528837,3.3211982,-1.1042686,-2.3639078,-0.91211224,0.37252492
2.6453464,2.284281,-0.58438325,3.1960273,-1.1847031,-2.3875473,-0.8535575,0.37688154
2.665043,2.2867868,-0.5786097,3.3044043,-1.1232611,-2.3905559,-0.8234782,0.40807116
2.620627,2.2256055,-0.5712702,3.2501721,-1.1838326,-2.3785458,-0.68516123,0.41203284
2.6409526,2.2284708,-0.5758697,3.2054129,-1.0688113,-2.4472659,-0.682953,0.37970376
2.6950247,2.2650514,-0.5954658,3.144101,-1.1595594,-2.455883,-0.6773094,0.35485852
2.5679293,2.2523022,-0.5821038,3.126619,-1.1990297,-2.454489,-0.6953627,0.33426332
2.542581,2.3127375,-0.6046915,3.0899107,-1.2203567,-2.4519224,-0.7169149,0.3250655
2.6050787,2.307507,-0.57321686,3.1476824,-1.1574259,-2.4334562,-0.740957,0.36448658
2.70844,2.2941318,-0.54039645,3.1324296,-1.1439258,-2.4454553,-0.718881,0.3617444
2.5488963,2.2887216,-0.5139333,3.1186676,-1.1684833,-2.4361863,-0.7690616,0.37003082
2.549459,2.2934942,-0.5381918,3.1584046,-1.0962023,-2.4082239,-0.83645326,0.3718214
2.610398,2.2612023,-0.5759308,3.275914,-1.0991353,-2.3692706,-0.8551138,0.40954077
2.5346208,2.320187,-0.5681304,3.274104,-1.0884712,-2.3922553,-0.9169605,0.40495288
2.5350642,2.3167233,-0.5549785,3.3916926,-1.0634475,-2.44548,-0.9165146,0.4194075
2.5309172,2.4212244,-0.53431606,3.3304791,-1.1112425,-2.4587555,-0.86462367,0.41227454
2.5152617,2.417995,-0.537687,3.3192194,-1.139328,-2.429451,-0.88280505,0.41575104
2.5762224,2.3983488,-0.54319173,3.2512646,-1.1376345,-2.420001,-0.90054005,0.43350124
2.6348836,2.3602424,-0.54137194,3.299653,-1.1292155,-2.4232142,-0.80795187,0.41331917
2.5809689,2.368481,-0.64888686,3.316249,-1.0792881,-2.4227133,-0.79187024,0.43037176
2.5730715,2.3361132,-0.6475285,3.2726336,-1.0117692,-2.454898,-0.7842857,0.39784276
2.550632,2.6316261,-0.6485771,3.3474097,-1.0083989,-2.4621887,-0.94807583,0.36242402
2.68363,2.4011605,-0.64582795,3.504616,-1.0234659,-2.4015136,-0.9087329,0.3553152
2.662625,2.420801,-0.6610095,3.4689922,-1.0200433,-2.4115388,-0.80117744,0.42957437
2.6813498,2.3945944,-0.6496056,3.6451416,-0.9971913,-2.411172,-0.9865566,0.35970962
2.7556133,2.3832123,-0.68652314,3.662383,-0.9494089,-2.4091663,-0.98219234,0.35837996
2.755657,2.4382806,-0.6854931,3.683006,-0.9492959,-2.3931036,-0.97929573,0.4026637
2.708374,2.4346278,-0.6805923,3.642254,-0.8724488,-2.392265,-0.98018175,0.392389
2.720535,2.227553,-0.6741013,3.6319046,-0.86598086,-2.3968346,-0.9837641,0.3939469
2.7466173,2.3051894,-0.68099046,3.6519291,-0.8630614,-2.4015427,-0.9743495,0.41811067
2.7160687,2.391694,-0.6512289,3.6490684,-0.949865,-2.4016993,-0.9371559,0.41897428
2.6784081,2.464517,-0.66803646,3.5983024,-0.9020827,-2.4297235,-0.9341594,0.4184962
2.6822402,2.4591074,-0.67722523,3.6182318,-0.8920263,-2.4348786,-0.9134892,0.4152472
2.6726499,2.4625354,-0.67798394,3.6159148,-0.86667347,-2.4446104,-0.982915,0.3976438
2.736028,2.463576,-0.6836418,3.5716748,-0.90360534,-2.427215,-0.94905484,0.41213357
2.6667206,2.425067,-0.6046279,3.5792856,-0.91212523,-2.4469185,-0.99881816,0.4117006
2.6601832,2.380872,-0.622368,3.4844728,-0.9296788,-2.4368324,-0.9990165,0.42768908
2.7515378,2.278653,-0.6477497,3.3893032,-1.1052148,-2.4267883,-0.83081806,0.43279874
2.8477025,2.2906673,-0.63849974,3.4281576,-1.0535996,-2.393691,-0.8764974,0.42423403
2.855219,2.3159654,-0.64004475,3.4348257,-1.0470614,-2.3929493,-0.94387776,0.4264753
2.6778913,2.3660889,-0.63861585,3.5089338,-1.0646768,-2.370131,-0.9495107,0.4423918
2.6561267,2.4587626,-0.60375065,3.3553889,-1.0394379,-2.3907478,-0.90475965,0.44733137
2.632927,2.5618227,-0.6217671,3.487889,-1.06341,-2.4396791,-0.87607914,0.38103855
2.6171644,2.611576,-0.59600437,3.3148808,-1.0586302,-2.4514508,-0.87653047,0.3942222
2.6915112,2.5657458,-0.5977217,3.3055363,-1.1111488,-2.453621,-0.83896554,0.38562799
2.6537707,2.5528018,-0.5882649,3.303901,-1.0842896,-2.481429,-0.8405372,0.38866466
2.5745957,2.703857,-0.60720444,3.311903,-1.1761628,-2.4988794,-0.8537806,0.3925054
2.6057537,2.684505,-0.6080425,3.421992,-1.0089493,-2.4772227,-0.9330974,0.39783704
2.485252,2.4947639,-0.57507783,3.3708687,-1.0725675,-2.4569914,-0.9006041,0.43796575
2.5398133,2.439522,-0.5505066,3.3085055,-1.0745714,-2.4293232,-0.9514897,0.4238851
2.5268211,2.476119,-0.5605717,3.2976942,-1.0766883,-2.4442077,-0.9566313,0.43492985
2.5987413,2.457165,-0.53826004,3.2164826,-1.0285339,-2.4417737,-0.9902854,0.44486272
2.5757267,2.416941,-0.5718658,3.1884665,-1.018692,-2.4230268,-0.9977913,0.43767548
2.5865328,2.5048218,-0.5636068,3.181083,-1.1079268,-2.4447694,-0.99914026,0.4125353
2.6296039,2.5216262,-0.55986804,3.316146,-1.0878464,-2.433553,-0.99805814,0.44625938
2.5927331,2.4966128,-0.5578153,3.2684934,-1.1105933,-2.4258623,-0.95671177,0.41584527
0.51102966,2.4517648,-0.59876436,4.54209,-1.9863125,-1.8551548,-0.30180138,-0.4843304
0.5160868,2.4580586,-0.6077224,4.710078,-1.9217275,-1.848579,-0.30906713,-0.4885723
0.50854045,2.434277,-0.6088129,4.707257,-1.9395765,-1.8464694,-0.30140245,-0.4918239
0.5028558,2.4568124,-0.61075616,4.6994777,-1.9173839,-1.8449426,-0.28759575,-0.48590648
0.5029554,2.4702423,-0.6019418,4.6950803,-1.9164748,-1.8447846,-0.30968636,-0.4825399
0.5022394,2.503442,-0.6198723,4.6584888,-1.9428086,-1.8354491,-0.2969815,-0.4925582
0.5121902,2.5026546,-0.6259242,4.6891365,-1.9457333,-1.833394,-0.33959812,-0.49412045
0.50989664,2.435658,-0.6170355,4.725519,-1.948488,-1.8328333,-0.33332163,-0.4953783
0.5064303,2.4340234,-0.61480486,4.74341,-1.979368,-1.8396409,-0.33248848,-0.49574995
0.5129479,2.4802113,-0.6192175,4.6748705,-1.9926368,-1.8434131,-0.3119201,-0.49752176
0.53711003,2.5023098,-0.61608887,4.667858,-1.989035,-1.824971,-0.35679662,-0.4951986
0.53166544,2.4670405,-0.61079955,4.6701035,-1.9738775,-1.8495314,-0.2950468,-0.48589024
0.50967985,2.4597056,-0.6262723,4.61961,-1.9710517,-1.8492254,-0.31275296,-0.48818573
0.53606886,2.4334402,-0.6236417,4.61525,-1.9830452,-1.8551254,-0.29531914,-0.48404962
0.5435185,2.4804113,-0.6268054,4.6103544,-1.9839972,-1.8426051,-0.28228724,-0.47598958
0.5335283,2.4807332,-0.62179095,4.589355,-1.9745212,-1.845962,-0.28191102,-0.47617567
0.5311547,2.5110931,-0.6094076,4.5728927,-1.9532579,-1.85392,-0.27629536,-0.47629574
0.54462004,2.5132113,-0.6173605,4.573849,-1.9728503,-1.8527725,-0.24797821,-0.48493007
0.5057447,2.557066,-0.61957425,4.5346985,-1.9726,-1.8434908,-0.25893354,-0.47873497
0.5488757,2.5295508,-0.62486917,4.5583053,-1.9786612,-1.8419037,-0.26575583,-0.47900307
0.502903,2.5248866,-0.6162839,4.5335712,-1.9476787,-1.8387418,-0.27254957,-0.47806203
0.5084239,2.508499,-0.6011016,4.6757197,-1.9353935,-1.8337495,-0.28296328,-0.47646803
0.50310636,2.4805298,-0.6052331,4.6482434,-1.9590436,-1.8455871,-0.31363094,-0.48338544
0.50197405,2.4638517,-0.6195845,4.6545143,-1.9499358,-1.8519046,-0.2733364,-0.48674703
0.54470134,2.449934,-0.62161374,4.6141834,-1.963399,-1.8636338,-0.26097614,-0.48413175
0.5088516,2.4465146,-0.61638856,4.6023545,-1.9393101,-1.8580691,-0.24888724,-0.4749101
0.51930964,2.4943874,-0.624833,4.606,-1.9396368,-1.8596721,-0.25227487,-0.4841935
0.504637,2.4836948,-0.5928828,4.5806217,-1.9139893,-1.8590324,-0.31674713,-0.4717815
0.50454485,2.4945571,-0.55870354,4.6067514,-1.9349729,-1.8663299,-0.3189726,-0.47954822
0.5026548,2.5439067,-0.58754015,4.562233,-1.923358,-1.8614933,-0.2998616,-0.4808014
0.50253296,2.538863,-0.58633566,4.5948243,-1.9010655,-1.8568511,-0.28495234,-0.4822757
0.50066,2.5666947,-0.58967865,4.6159263,-1.9320732,-1.859714,-0.25977814,-0.49480775
0.52834123,2.631896,-0.58454275,4.585481,-1.9640479,-1.8528197,-0.3497997,-0.49633896
0.50686574,2.6462755,-0.59331816,4.579692,-1.939785,-1.8434165,-0.30202788,-0.49792245
0.5182458,2.6749334,-0.5844898,4.569961,-1.9280099,-1.8429892,-0.2837627,-0.49332434
0.5023147,2.6732655,-0.58809775,4.583907,-1.8692361,-1.8391428,-0.2339046,-0.49349865
0.50672424,2.6675196,-0.6032355,4.535604,-1.8943136,-1.8360146,-0.14979213,-0.48778096
0.54512256,2.660721,-0.59008527,4.538014,-1.9001272,-1.833457,-0.117078125,-0.49005863
0.53074735,2.6692278,-0.5861776,4.387671,-1.9713335,-1.8593369,-0.3011763,-0.49519435
0.5339067,2.683773,-0.5395844,4.6003284,-1.9762447,-1.8642529,-0.4204318,-0.498005
0.5301765,2.6605108,-0.5343134,4.5921497,-1.9973373,-1.8741883,-0.35405844,-0.4938169
0.5118545,2.7416863,-0.5453657,4.5317497,-1.9858439,-1.8663528,-0.39732677,-0.4998242
0.50699544,2.7159522,-0.53517956,4.56536,-1.9776496,-1.8572016,-0.37405115,-0.49996176
0.52306473,2.7138982,-0.5393424,4.576068,-1.9358894,-1.8543645,-0.37922448,-0.49071717
0.5059578,2.748354,-0.5451972,4.5779285,-1.9111948,-1.8425912,-0.37965423,-0.49915755
0.51152754,2.7452676,-0.54552895,4.530694,-1.956772,-1.8470936,-0.29314637,-0.49630177
0.5087194,2.7462637,-0.5560009,4.581598,-1.9946153,-1.8254368,-0.33043826,-0.49558625
0.5072749,2.7553253,-0.54921466,4.438343,-1.9729128,-1.846724,-0.3531186,-0.49408856
0.51744056,2.6437695,-0.5332324,4.5452156,-1.9736611,-1.8832707,-0.387649,-0.4930396
0.50121516,2.7176807,-0.5565591,4.4534173,-1.9840957,-1.8750474,-0.3107192,-0.48866925
0.5161808,2.7193522,-0.5518014,4.6597733,-1.9474279,-1.8508742,-0.39106667,-0.49794075
0.5201789,2.741491,-0.5079741,4.625512,-1.9061809,-1.8536386,-0.37976784,-0.49668503
0.5019292,2.7515311,-0.5176375,4.675169,-1.9267104,-1.854965,-0.32251698,-0.49446368
0.50696903,2.6527236,-0.51821256,4.6821175,-1.817276,-1.8653802,-0.29538536,-0.48559737
0.5102985,2.6760724,-0.54058653,4.692524,-1.8527892,-1.8476692,-0.27083188,-0.4808994
0.5174916,2.6809485,-0.5468446,4.6959,-1.9370532,-1.8339672,-0.38903898,-0.4996945
0.52039933,2.6717973,-0.51958084,4.7086296,-1.9380198,-1.8607988,-0.37724066,-0.49926278
0.51007533,2.6640844,-0.5210979,4.6534367,-1.9274292,-1.8605349,-0.385669,-0.49395448
0.52594876,2.6581855,-0.539122,4.671676,-1.9395694,-1.8479528,-0.37855482,-0.49624988
0.50831413,2.5752125,-0.5555248,4.6918535,-1.9751947,-1.8347642,-0.3650995,-0.49687558
0.5347247,2.6072273,-0.55661994,4.6982136,-1.9617196,-1.8440847,-0.38729787,-0.49658686
0.53947186,2.6183064,-0.5433524,4.689099,-1.9649128,-1.8569711,-0.38608104,-0.49546346
0.5245368,2.7222638,-0.5271249,4.617529,-1.9815459,-1.8683047,-0.3837902,-0.49476746
0.5127646,2.7025979,-0.5503228,4.5755186,-1.9871571,-1.8629456,-0.35388798,-0.49214894
0.5293614,2.6961713,-0.51157343,4.5992002,-1.9947281,-1.8576983,-0.36297268,-0.4910684
0.5659457,2.6554132,-0.5225342,4.624183,-1.9756522,-1.874085,-0.35506803,-0.4903531
0.5196766,2.6239839,-0.5429095,4.5058885,-1.9833307,-1.8745863,-0.47513682,-0.4902349
0.50323856,2.6831064,-0.54621464,4.548273,-1.9757718,-1.8714364,-0.455292,-0.49380964
0.5196723,2.6816916,-0.54625785,4.4833965,-1.9828646,-1.8833135,-0.38958204,-0.49259976
0.5117468,2.7110906,-0.5555018,4.5055637,-1.9848332,-1.8635819,-0.39691126,-0.4907357
0.53230983,2.6922746,-0.55234325,4.5334787,-1.9840897,-1.8640198,-0.2966023,-0.49897957
0.52104795,2.748361,-0.578671,4.4916,-1.9839294,-1.849421,-0.3149404,-0.49724114
0.5051186,2.6981587,-0.5751817,4.4900484,-1.9681214,-1.846689,-0.31624204,-0.49928135
0.5115681,2.6549728,-0.5817933,4.4953127,-1.9917457,-1.862495,-0.35101986,-0.49496856
0.5000092,2.5946612,-0.56953394,4.58414,-1.9903896,-1.8470803,-0.35091257,-0.4946774
0.50000113,2.63238,-0.5571326,4.609624,-1.987827,-1.8528472,-0.35295492,-0.49528465
0.50480044,2.7226896,-0.57239693,4.608912,-1.9501356,-1.8166513,-0.36270326,-0.48831266
0.5018662,2.7148266,-0.5563314,4.61052,-1.9611132,-1.8111398,-0.35153162,-0.49385872
0.508764,2.6271198,-0.57417536,4.6353283,-1.9752069,-1.8383375,-0.3701309,-0.4969658
0.50075424,2.6309478,-0.57136416,4.620859,-1.976662,-1.862845,-0.43877512,-0.49817777
0.50134754,2.702561,-0.54880434,4.586794,-1.9848355,-1.8391542,-0.48192048,-0.4996798
0.5014682,2.7055295,-0.55461866,4.5981135,-1.9879892,-1.8297434,-0.36349118,-0.4999899
0.527294,2.6989343,-0.56866765,4.4245214,-1.9975456,-1.8679236,-0.35074574,-0.4999742
0.52333105,2.8186119,-0.54065776,4.529063,-1.9983248,-1.8736169,-0.3433795,-0.49997777
0.5211163,2.7804518,-0.5359072,4.55038,-1.9660839,-1.860673,-0.3373376,-0.49751896
0.50959885,2.7158902,-0.50625604,4.6268263,-1.9714203,-1.8485916,-0.33537072,-0.49465522
0.5014424,2.738495,-0.505723,4.632572,-1.9632748,-1.8304297,-0.4142952,-0.48661658
0.50319374,2.7680604,-0.50908643,4.544429,-1.9751731,-1.8502176,-0.40093327,-0.49862516
0.52060515,2.8273404,-0.4992118,4.539093,-1.9882611,-1.8655176,-0.29111183,-0.4893692
0.5139422,2.936807,-0.49248874,4.5108156,-1.9864314,-1.8627236,-0.40853077,-0.491175
0.51454735,2.7416077,-0.48764962,4.568864,-1.9068778,-1.8622434,-0.41832358,-0.4768544
0.5115905,2.7154315,-0.4934526,4.5251007,-1.9959718,-1.8670454,-0.3227052,-0.47525692
0.51983845,2.7747865,-0.49232167,4.512308,-1.9765561,-1.8652906,-0.30728757,-0.47107008
0.5474658,2.7658613,-0.48400366,4.48107,-1.981173,-1.868949,-0.3261999,-0.46983078
0.51346976,2.7251735,-0.49746674,4.426077,-1.976612,-1.882745,-0.32723486,-0.46849135
0.5138005,2.6636333,-0.4993167,4.390088,-1.9738793,-1.8829095,-0.3248284,-0.46432638
0.51244235,2.6618793,-0.50814044,4.420396,-1.9653445,-1.883248,-0.30953127,-0.46968308
0.5178783,2.698159,-0.5095421,4.447077,-1.975007,-1.8678715,-0.29910868,-0.46568316
0.5072631,2.766584,-0.5123592,4.387365,-1.9874752,-1.8682095,-0.30194545,-0.47354063
0.506596,2.750587,-0.5102557,4.372592,-1.9894154,-1.8687612,-0.30717885,-0.47160888
0.5176354,2.7628727,-0.5091707,4.3886876,-1.9931289,-1.8687041,-0.2904979,-0.47091946
0.513381,2.758081,-0.50009525,4.4200287,-1.9490845,-1.8780227,-0.3082835,-0.4733197
0.5101144,2.7274628,-0.49522358,4.4211855,-1.9788798,-1.8981206,-0.32172894,-0.4717679
0.5007637,2.706363,-0.499363,4.4669533,-1.895644,-1.8831564,-0.32126886,-0.46724668
0.5215129,2.732942,-0.47207546,4.4613748,-1.8988916,-1.8791919,-0.32572466,-0.45904255
0.5271446,2.8859413,-0.46295154,4.448163,-1.8803874,-1.8829834,-0.32377523,-0.4572589
0.54646724,2.8029878,-0.4527622,4.55945,-1.8796833,-1.8956144,-0.33068687,-0.46017474
0.52425,2.8111324,-0.47386277,4.5775156,-1.9251684,-1.8730865,-0.33739263,-0.46717402
0.5252657,2.7266164,-0.47142518,4.5625186,-1.9595748,-1.8726465,-0.38023537,-0.4738093
0.516834,2.7821903,-0.4562965,4.532952,-1.9250872,-1.8899541,-0.3737806,-0.47745052
0.5056254,2.7741945,-0.45227742,4.477106,-1.9315168,-1.9041369,-0.32920682,-0.46911946
0.5120617,2.8948672,-0.44017488,4.5208316,-1.9474585,-1.9248604,-0.38100725,-0.47849014
0.52885336,2.65046,-0.43397808,4.407495,-1.9465449,-1.9251732,-0.32559335,-0.44206032
0.50104135,2.9198873,-0.41883606,4.4599586,-1.9714935,-1.9202024,-0.35356313,-0.43365413
0.50298053,2.7205672,-0.42436337,4.463092,-1.9608699,-1.9066701,-0.36630172,-0.43713385
0.51886845,2.7225964,-0.4247902,4.530982,-1.9099706,-1.9172382,-0.30851114,-0.44706026
0.51492834,2.7049556,-0.43503588,4.4295335,-1.9355291,-1.9211885,-0.31840497,-0.44928223
0.52082604,2.7015848,-0.43693393,4.4676876,-1.9421965,-1.9043125,-0.32726246,-0.4381669
0.5150466,2.9515872,-0.46852988,4.4675517,-1.9476514,-1.885427,-0.37213397,-0.46887928
0.50380826,3.0993276,-0.41096562,4.3740177,-1.9059323,-1.9005885,-0.36632597,-0.48486066
0.5033751,2.8848274,-0.4017617,4.4553356,-1.901708,-1.9226804,-0.35982174,-0.48806217
0.52336293,2.9029818,-0.36349452,4.526936,-1.9931182,-1.9194219,-0.3529089,-0.4395197
0.50198483,3.1304808,-0.377012,4.466849,-1.7963991,-1.9142098,-0.41736728,-0.4469443
0.50210637,3.1234045,-0.3674054,4.4838977,-1.9086094,-1.9180628,-0.5373541,-0.45881957
0.54045624,3.1629844,-0.3439049,4.571246,-1.8133402,-1.9139692,-0.52994895,-0.47056353
1.3239708,2.2545557,-0.94545424,5.4194074,-1.7775979,-0.6345825,0.8918718,-0.39085472
1.3492262,2.2512631,-0.91656995,5.518249,-1.7839686,-0.66969395,0.88241565,-0.38337588
1.338345,2.124425,-0.88279897,5.523578,-1.7365687,-0.6030669,0.8970214,-0.3905685
1.3557554,2.2044294,-0.89889085,5.519265,-1.7593663,-0.7160101,0.89398086,-0.39307308
1.3244823,2.2076442,-0.9183876,5.5277233,-1.8107802,-0.6577332,1.0343661,-0.41220558
1.3266728,2.1974454,-0.9482271,5.4833403,-1.8308616,-0.6734519,1.0197062,-0.41639555
1.3380351,2.1791213,-0.9079152,5.5097785,-1.8468437,-0.6638012,1.0603912,-0.44317946
1.3269403,2.2104752,-0.86286795,5.523794,-1.855286,-0.73492575,1.0895574,-0.4459731
1.3185834,2.249349,-0.83675206,5.599968,-1.6429517,-0.7075777,1.0578661,-0.45864373
1.3192496,2.2556045,-0.8644883,5.8084927,-1.6002492,-0.667078,1.0630941,-0.43131047
1.3073783,2.267345,-0.80739135,5.760442,-1.850972,-0.67514133,1.0646226,-0.4245767
1.3139693,2.2053933,-0.8302249,5.5672293,-1.7240474,-0.68432474,1.100694,-0.4261505
1.3178802,2.2572343,-0.8617891,5.484805,-1.741072,-0.63148093,0.9818963,-0.44388366
1.3083291,2.2889922,-0.85505164,5.4370427,-1.753913,-0.630847,0.9887334,-0.45878768
1.2859254,2.3912172,-0.8861942,5.4672384,-1.7545872,-0.59783006,0.9646957,-0.4738012
1.2986275,2.3736649,-0.8794163,5.7391653,-1.7607546,-0.62469316,0.9576471,-0.49566022
1.2825637,2.0249424,-0.8887425,5.692911,-1.891322,-0.6113324,0.8998827,-0.49964172
1.2860466,2.066949,-0.91786397,5.6714706,-1.8173368,-0.620136,0.9041662,-0.49780935
1.3350147,2.1067927,-0.9180979,5.7068796,-1.6870373,-0.7088876,0.93986535,-0.4928537
1.3144869,2.040221,-0.95661074,5.7023425,-1.6611637,-0.7760174,1.2159953,-0.41856652
1.2892742,2.2412453,-0.9009571,5.740304,-1.6286081,-0.7935746,1.2038527,-0.42169875
1.2612911,2.1626987,-0.9142757,5.714666,-1.7556205,-0.78066516,1.2149031,-0.4327264
1.234454,2.2700608,-0.85844,5.7459955,-1.684626,-0.82415915,1.1458616,-0.42055947
1.3566777,2.2777905,-0.8453766,5.8138847,-1.7102637,-0.8060193,1.1043584,-0.40904552
1.3385165,2.2512333,-0.8383732,5.7437067,-1.7214323,-0.804368,1.1583841,-0.4207832
1.2962451,2.2219942,-0.8429682,5.7880354,-1.9591789,-0.7342088,1.2625144,-0.41023725
1.3541564,2.2486656,-0.8525052,5.792004,-1.9500352,-0.7320509,1.2383785,-0.39308304
1.3479625,2.1086018,-0.8511181,5.778357,-1.9286013,-0.7164855,1.2367322,-0.41282034
1.3029957,2.0785816,-0.8366432,5.5494976,-1.8991218,-0.68226624,1.227617,-0.40084305
1.3025045,2.130968,-0.8614752,5.508648,-1.8539588,-0.6463785,1.1630557,-0.40509403
1.3265319,2.1757305,-0.9441449,5.5173965,-1.8539214,-0.69486284,1.149277,-0.41211617
1.3434597,2.1138248,-0.93184304,5.530241,-1.7853906,-0.7135112,1.0908754,-0.41518492
1.3320838,2.0179303,-0.9635627,5.6805897,-1.6821207,-0.7064929,1.0976436,-0.44884655
1.2930803,2.3031023,-0.9483748,5.6677103,-1.6989145,-0.6910374,0.96504295,-0.4486579
1.305167,2.2607508,-0.9115258,5.6040106,-1.6997992,-0.75570583,0.904423,-0.4816972
1.2793021,2.1562314,-0.8964024,5.632825,-1.6918119,-0.76026297,1.0507991,-0.47862804
1.2792166,2.2048965,-0.76813936,5.731747,-1.8418211,-0.7490647,1.125104,-0.48705247
1.34808,2.1038291,-0.8433516,5.7354546,-1.8076206,-0.7469144,1.0056875,-0.46548194
1.3165592,2.258789,-0.8328811,5.7150216,-1.8296833,-0.70177555,1.1238954,-0.4589435
1.3290879,2.234091,-0.82930225,5.7388897,-1.8432646,-0.7065201,1.1169295,-0.45798755
1.335247,2.133592,-0.87842846,5.695424,-1.82079,-0.762763,1.04445,-0.45832208
1.328568,2.096481,-0.86238694,5.543985,-1.9036794,-0.7043295,1.013834,-0.46111754
1.3125865,2.1922264,-0.85098994,5.5584188,-1.9037156,-0.7195749,1.0170028,-0.49314818
1.3323052,2.2169998,-0.86683226,5.5301113,-1.6573746,-0.7144551,0.98659,-0.3486452
1.3197317,2.187403,-0.8746977,5.4617004,-1.6614137,-0.7034874,1.1112263,-0.42282447
1.3352408,2.1444492,-0.9593376,5.492705,-1.9051981,-0.66036344,1.156096,-0.38939965
1.3571855,2.1741023,-0.8768659,5.4967957,-1.9123907,-0.61678696,1.0875907,-0.39641
1.3016112,2.023868,-0.9045952,5.500161,-1.7603724,-0.6295588,1.076062,-0.4788249
1.2811304,2.0297954,-0.8591191,5.4506726,-1.7219007,-0.6593709,1.0697587,-0.47661865
1.2885098,2.0559285,-0.82081246,5.404626,-1.7263377,-0.6215124,1.0685103,-0.44650036
1.2971935,2.104551,-0.8301973,5.4745283,-1.7523607,-0.6533897,1.1088011,-0.43897885
1.3004982,2.3497777,-0.8315817,5.484686,-1.7407104,-0.6760602,1.113888,-0.42746133
1.2907501,2.1698735,-0.8195113,5.519184,-1.7566648,-0.68917346,1.091681,-0.42869997
1.3206575,2.3092453,-0.8336634,5.7006445,-1.7672483,-0.6903634,1.1228554,-0.41499862
1.3350555,2.502119,-0.81402063,5.675707,-1.7849348,-0.68800545,0.9892411,-0.41755372
1.347442,2.301814,-0.87928545,5.469061,-1.820005,-0.6817019,1.0226235,-0.38320023
1.3692367,2.1820042,-0.90349233,5.6568947,-1.8221904,-0.6916499,1.1332726,-0.40355992
1.3557674,2.1028285,-0.9294192,5.637427,-1.8851421,-0.61927176,1.1227612,-0.39635843
1.3629742,2.0997212,-0.9003974,5.6182666,-1.8884839,-0.62972236,1.2394319,-0.3583622
1.3833563,2.088995,-0.9299204,5.67115,-1.918457,-0.75474834,1.2180395,-0.37759086
1.3708756,2.1132789,-0.931672,5.6849155,-1.9037191,-0.731678,1.2342756,-0.4004012
1.3563831,2.0088167,-0.9335272,5.6572523,-1.8429873,-0.71544456,1.2211032,-0.40584874
1.3608663,2.0274951,-0.913332,5.662483,-1.840968,-0.68379784,1.2206547,-0.3973525
1.3567189,2.046129,-0.9195072,5.6694784,-1.849628,-0.6574197,1.2485645,-0.43509108
1.3417573,2.0335367,-0.92705834,5.652286,-1.8430468,-0.7008743,1.2092125,-0.3910529
1.3526827,2.0804107,-0.89722914,5.66117,-1.8762403,-0.6638982,1.2839127,-0.38163632
1.3368567,2.0468097,-0.90397835,5.667547,-1.8589802,-0.6394217,1.3100581,-0.37554535
1.3416095,2.0328138,-0.96362674,5.656937,-1.8434533,-0.6280079,1.3224974,-0.37477273
1.3400651,2.0788805,-0.93391126,5.6126456,-1.7188923,-0.6284671,1.2622631,-0.39428055
1.3326862,2.150318,-0.9332368,5.6193366,-1.6833552,-0.6101091,1.254724,-0.3754618
1.3346212,2.2553246,-0.94102585,5.5036135,-1.806685,-0.65429544,1.1932197,-0.37767857
1.3404367,2.297722,-0.94038737,5.6766624,-1.8287135,-0.67039895,1.0982866,-0.37367886
1.3463907,2.1517768,-0.91118276,5.415512,-1.8235198,-0.6298003,0.97040594,-0.40811944
1.33397,2.1458294,-0.9281992,5.448182,-1.7753489,-0.5986438,1.0064869,-0.41022292
1.325496,2.1563818,-0.9222373,5.5350966,-1.7525527,-0.6138773,0.9962368,-0.44287556
1.3237432,2.0263195,-0.896791,5.5657544,-1.8210385,-0.68800545,0.93556404,-0.44866642
1.3207664,2.014268,-0.89245486,5.644287,-1.6907248,-0.68392706,1.1457758,-0.449209
1.3413279,2.0106916,-0.89299434,5.670277,-1.8220792,-0.66684294,0.9503776,-0.46141797
1.333303,2.0039096,-0.9123781,5.5904,-1.753229,-0.688499,0.9588388,-0.43479705
1.3434505,2.2085748,-0.88091844,5.5665336,-1.6671014,-0.7393782,0.9021028,-0.4362461
1.3337345,2.2088923,-0.87543833,5.5637093,-1.8049444,-0.743907,0.9633199,-0.43944213
1.345935,2.2039971,-0.8843317,5.547393,-1.7544112,-0.7978275,0.94448733,-0.45006898
1.3557903,2.1679845,-0.8656932,5.5870833,-1.7164145,-0.6647692,0.96329117,-0.4312298
1.3470838,2.2916322,-0.8393779,5.658802,-1.7310202,-0.62472534,0.9065857,-0.39805126
1.333056,2.3470504,-0.87621343,5.6095076,-1.7614076,-0.5968785,0.91000056,-0.40164328
1.3340752,2.3605492,-0.8715087,5.6780787,-1.7740681,-0.61995554,0.9632194,-0.40484184
1.3453753,2.2951047,-0.84171975,5.4294524,-1.8502932,-0.6283188,1.0238681,-0.39062122
1.3276,2.2659466,-0.947567,5.404821,-1.9359777,-0.68754363,1.035738,-0.4016224
1.3809348,2.265255,-0.9300016,5.4006433,-1.9182011,-0.5748663,1.105516,-0.40179127
1.3781748,2.3011668,-0.9536354,5.447653,-1.9292732,-0.5787804,1.1159952,-0.4032805
1.3384554,2.1968355,-0.9516746,5.4805117,-1.9321853,-0.63694954,1.1030595,-0.3991484
1.3225304,2.1007571,-0.8549237,5.4919033,-1.7633622,-0.6883359,0.93610084,-0.3862555
1.3620455,2.1194348,-0.9056659,5.4480376,-1.7755463,-0.7336438,0.89362586,-0.423547
1.3488033,2.1243572,-0.8804062,5.442196,-1.8555914,-0.6968193,0.8695648,-0.40092823
1.3362234,2.1330414,-0.94176,5.461852,-1.8852785,-0.7152939,1.0326884,-0.4124647
1.3516289,2.1538703,-0.97308254,5.4998956,-1.8846341,-0.6553869,1.05042,-0.41058666
1.3623981,2.222653,-0.91435194,5.4966536,-1.8885765,-0.6691208,1.1300986,-0.39175457
1.3633503,2.2104309,-0.8853215,5.5136986,-1.8925667,-0.6411226,1.1073356,-0.39950314
1.3515756,2.2337441,-0.8724597,5.520459,-1.8397623,-0.6820092,0.97621834,-0.41214013
1.3656006,2.350308,-0.8621007,5.6000113,-1.8550242,-0.6857619,1.039046,-0.41369703
1.356535,2.266545,-0.9028673,5.5546355,-1.7935013,-0.6779969,1.0793519,-0.3945419
1.3700042,2.2781763,-0.9102452,5.5950003,-1.8558043,-0.6973846,1.1110022,-0.36188674
1.363818,2.2972393,-0.9111948,5.587444,-1.8045385,-0.6233864,1.0642893,-0.3688653
1.3201909,2.2875295,-0.88405204,5.5827293,-1.8094012,-0.5987408,0.9943204,-0.39012438
1.3159019,2.2961128,-0.8868909,5.786104,-1.6913855,-0.69174147,0.9339088,-0.47298738
1.3242533,2.1622736,-0.8810011,5.703476,-1.6920304,-0.68947506,1.1306891,-0.47057196
1.3116937,2.1096916,-0.8631991,5.712522,-1.6507803,-0.6824217,1.1248419,-0.4614824
1.3135558,2.3065846,-0.8384419,5.7987375,-1.6904237,-0.7262442,1.034215,-0.48322922
1.3034121,2.3445828,-0.82745737,5.761704,-1.6435828,-0.7234585,1.0180142,-0.4601738
1.3328379,2.3006768,-0.82679987,5.736657,-1.641455,-0.74913216,0.96724594,-0.4905524
1.3314277,2.1887314,-0.82132864,5.7371693,-1.6060133,-0.74106646,0.928053,-0.4943521
1.3124578,2.3581967,-0.87214243,5.6110125,-1.6699374,-0.70199513,0.8795816,-0.47134414
1.3345621,2.1504977,-0.8250101,5.6365066,-1.7017593,-0.73368263,0.89100075,-0.4685243
1.292352,2.1905053,-0.8113626,5.6948643,-1.7077768,-0.6846795,0.8942957,-0.49038354
1.3188804,2.3156133,-0.8182082,5.638387,-1.7663777,-0.7050555,0.89834213,-0.49357423
1.2996519,2.2490513,-0.8706857,5.8228145,-1.4539006,-0.74191284,1.086122,-0.47933614
1.2846706,2.2401738,-0.8484612,5.7323813,-1.7181904,-0.7095299,1.1189678,-0.4779986
1.3035386,2.1393583,-0.8552794,5.725071,-1.7199965,-0.7465272,1.1265049,-0.4740873
1.3161784,2.0081177,-0.866289,5.722967,-1.7825165,-0.771564,1.0227625,-0.4755999
1.335507,2.0283794,-0.8571742,5.7473345,-1.7992175,-0.7378764,1.039824,-0.48841247
1.3346832,2.2785778,-0.84199226,5.657357,-1.7505211,-0.70878386,1.0533457,-0.49330986
1.3139136,2.2820263,-0.88707936,5.655841,-1.7810532,-0.74709105,1.0091283,-0.47234148
1.3325739,2.1779137,-0.93528324,5.6902328,-1.6898595,-0.7338872,1.1298308,-0.44857836
1.3251709,2.1604521,-0.93387353,5.5367713,-1.6397387,-0.67298126,1.1542475,-0.4305758
1.3271816,2.164227,-0.8944751,5.477153,-1.7588953,-0.6598656,0.9847065,-0.4120684
2.2922077,3.5193768,-0.4019339,7.9288177,-1.2965018,-0.030968666,2.812407,0.9284426
2.2919574,3.5243258,-0.38758898,7.9352713,-1.2487564,-0.083226204,2.8073444,0.94458866
2.2860067,3.446217,-0.39729726,7.9628887,-1.2494757,-0.077263355,2.8131766,0.9670155
2.295175,3.4989767,-0.3807714,8.079954,-1.2721846,-0.06839299,2.80995,0.9671128
2.2706375,3.377604,-0.382783,8.05932,-1.276909,-0.06164527,2.7922685,0.9590391
2.260902,3.3762727,-0.37788403,8.016418,-1.2926373,-0.07690573,2.7841861,0.93794954
2.258532,3.4334674,-0.36157995,7.9749784,-1.2665151,-0.07707763,2.7981765,0.9447911
2.223936,3.5401473,-0.34455204,7.9541154,-1.2567048,-0.064220905,2.7788022,0.9476551
2.2167413,3.5484343,-0.3267485,7.940614,-1.2709782,-0.07779932,2.7784553,0.94455147
2.2190735,3.6167395,-0.33427477,7.919351,-1.2623358,-0.071058035,2.7740579,0.9511343
2.2269034,3.628285,-0.33223784,7.897157,-1.2594067,-0.07546282,2.767459,0.9512242
2.2342424,3.6225119,-0.3426004,7.9191275,-1.2582638,-0.07610655,2.775998,0.95788586
2.2444725,3.6209688,-0.35205114,7.936363,-1.2406708,-0.0761292,2.8010492,0.9514358
2.2326367,3.5923061,-0.3419839,7.902325,-1.2558833,-0.07506108,2.8069904,0.9427787
2.2315316,3.6134944,-0.34250772,7.8919425,-1.2482632,-0.072220325,2.8101144,0.9550252
2.2218559,3.613115,-0.33221138,7.9027176,-1.2489924,-0.06865239,2.8216305,0.96047246
2.2263038,3.6140933,-0.32806015,7.91341,-1.2498267,-0.08044243,2.7983425,0.96028936
2.2156935,3.5870795,-0.32744598,7.9269648,-1.2680495,-0.07821226,2.7724502,0.9550556
2.2340946,3.6037216,-0.33392215,7.937387,-1.2790661,-0.079551935,2.7845745,0.9572463
2.2339253,3.5680535,-0.33115667,7.9358664,-1.2864285,-0.08038092,2.7779703,0.9496528
2.2322497,3.5936623,-0.34041268,7.95654,-1.288834,-0.064810514,2.7994573,0.9704678
2.2276797,3.5874202,-0.35453922,7.9166994,-1.2751145,-0.06422567,2.7834582,0.97391844
2.2270465,3.4531708,-0.35968274,7.9751577,-1.2982322,-0.056802988,2.7944844,0.97614515
2.237525,3.4461188,-0.35633254,8.116743,-1.3007503,-0.060764074,2.7990975,0.97690773
2.2149088,3.4610753,-0.35612488,8.15535,-1.3151616,-0.042412758,2.79302,0.99501014
2.222494,3.4468865,-0.3579502,8.001859,-1.2971538,-0.045862913,2.8124456,0.97148156
2.2260435,3.3943417,-0.35247225,8.0212345,-1.2991886,-0.04884982,2.8227518,0.967536
2.2368295,3.456305,-0.36238623,8.063739,-1.2929313,-0.03319621,2.8255532,0.97329414
2.2182772,3.4907856,-0.36614168,7.915966,-1.2718265,-0.032414675,2.817676,0.9432262
2.2345514,3.510633,-0.39970666,7.920715,-1.2790091,-0.008468151,2.8372867,0.98185325
2.2505915,3.5274215,-0.39238608,8.158192,-1.2403917,-0.024908781,2.8251607,0.97057295
2.23777,3.546865,-0.384102,8.201115,-1.2560294,-0.01391983,2.8272183,0.98507106
2.22478,3.5418339,-0.38803482,7.780965,-1.255285,-0.0035021305,2.8397074,0.9717963
2.2178903,3.5449862,-0.39250702,7.9271812,-1.2481196,-0.012362003,2.8316832,0.94886947
2.215587,3.5171883,-0.40070868,7.9093432,-1.2018558,-0.015676022,2.841603,0.94983745
2.2263472,3.4899478,-0.398569,7.94935,-1.1953377,-0.03613329,2.8459322,0.9589603
2.2201214,3.5188124,-0.39322078,8.069808,-1.2028408,-0.03512001,2.842379,0.97464323
2.219696,3.5377405,-0.403813,8.034468,-1.1772022,-0.029609203,2.8303626,0.9702817
2.2088675,3.5467184,-0.42297375,8.0428505,-1.170127,-0.023619175,2.8144975,0.99590397
2.199006,3.5124686,-0.42621768,8.053202,-1.170864,-0.017718077,2.80531,0.9955876
2.1938496,3.5370173,-0.43811035,7.9672384,-1.170773,-0.0072221756,2.804963,0.9947046
2.1986609,3.528022,-0.46874005,8.047838,-1.1427479,-0.00405097,2.7922232,0.9905052
2.1586735,3.5558853,-0.452204,8.054588,-1.1471542,-0.0036010742,2.7672377,0.9892101
2.1627414,3.5595202,-0.4843114,8.055595,-1.1300328,-0.0033786297,2.7622187,0.9872129
2.136321,3.5466995,-0.47422945,8.0325,-1.1288159,-0.007545471,2.7896736,0.9971744
2.1273265,3.518255,-0.49785584,8.04031,-1.1217668,-0.0025367737,2.7960389,0.99464476
2.117848,3.5044308,-0.49032462,8.0314,-1.0972534,-0.0039975643,2.8142567,0.9966507
2.1070142,3.4904575,-0.46838373,8.071927,-1.0952072,-0.017075539,2.812986,0.9800445
2.1985583,3.4586,-0.47198552,8.0726385,-1.1366149,-0.015550852,2.8158333,0.98891795
2.205739,3.4664736,-0.4549541,8.068483,-1.1483638,-0.006709099,2.8187418,0.9971427
2.1163125,3.409508,-0.44497418,8.033342,-1.1118994,-0.025972843,2.8187983,0.99685
2.113977,3.319455,-0.46955764,8.074047,-1.1112564,-0.003907919,2.8210592,0.9932538
2.0984178,3.3608022,-0.45809305,8.150531,-1.1051941,-0.010473967,2.793245,0.9705739
2.109364,3.3565545,-0.45568836,8.164099,-1.1040797,-0.00820756,2.8071778,0.9700271
2.1286805,3.1148808,-0.4862876,8.352434,-1.0804152,-0.015268087,2.802993,0.9784293
2.1423035,3.1197157,-0.47870666,8.385699,-1.1085873,-0.019096375,2.8009808,0.99924135
2.1442099,3.0560062,-0.4772029,8.364937,-1.1255894,-0.026947975,2.7976513,0.9433081
2.1348433,3.1234298,-0.47963178,8.377026,-1.080272,-0.032307148,2.8041072,0.99764526
2.1435518,3.1648874,-0.48390853,8.423411,-1.0888956,-0.021271467,2.8029978,0.99922264
2.152034,3.1835659,-0.5209638,8.299673,-1.0430706,-0.0056757927,2.8330457,0.98483884
2.146281,3.1492708,-0.5333108,8.392624,-1.0661399,-0.0015583038,2.8229673,0.9844178
2.141381,3.1082072,-0.58112323,8.302834,-1.0385392,-0.004295349,2.8164406,0.97225904
2.14893,3.1002746,-0.57264966,8.435625,-1.0635159,-0.005402088,2.8165126,0.9737539
2.132234,3.0818264,-0.5849065,8.292963,-1.0556655,-0.0036365986,2.8235304,0.98225
2.1568193,3.092248,-0.5863253,8.351803,-1.0460322,-0.0011451244,2.8227303,0.9734936
2.173925,3.0999672,-0.60001695,8.359806,-1.0528982,-0.004765749,2.824243,0.9951972
2.1863256,3.253622,-0.5956188,8.308992,-1.0282507,-0.012843609,2.8202782,0.99962354
2.174064,3.2380342,-0.60516787,8.289785,-1.0136385,-0.01231885,2.8222802,0.9957924
2.1774175,3.2516546,-0.5807823,8.3501215,-0.932688,-0.021737099,2.8340473,0.9935336
2.1804566,3.1758537,-0.5825728,8.516812,-0.99359787,-0.022473574,2.8227413,0.9934932
2.1653473,3.2011845,-0.6208847,8.439852,-1.0044892,-0.017121792,2.806645,0.999843
2.1687984,3.20609,-0.59933,8.3106,-0.9953263,-0.016919851,2.8061578,0.9997231
2.1729436,3.1701164,-0.5725789,8.433847,-1.0204163,-0.020970345,2.8176377,0.99993086
2.1650732,3.1927385,-0.55871236,8.3308115,-1.027817,-0.0006875992,2.8141549,0.97191083
2.1657119,3.1818514,-0.5463787,8.3442545,-1.0527613,-0.0031604767,2.8282387,0.98063135
2.159877,3.1197448,-0.5455298,8.424519,-1.0529959,-0.005244732,2.8189611,0.9956317
2.1572251,3.1837053,-0.48300004,8.333371,-1.0767548,-0.030630589,2.8071225,0.9934505
2.1566732,3.189252,-0.4972734,8.367743,-1.0663619,-0.009747982,2.830959,0.99314904
2.1538901,3.1918344,-0.4907788,8.471896,-1.0815164,-0.012479305,2.8163507,0.99726105
2.1511328,3.1685,-0.50364995,8.424032,-1.0473056,-0.0105137825,2.8251328,0.9962659
2.1516504,3.1423416,-0.49266154,8.404221,-1.0534804,-0.018505573,2.8313646,0.995736
2.1634817,3.2500334,-0.49217677,8.346268,-1.0141072,-0.018175602,2.8400767,0.9898118
2.1988537,3.2646065,-0.5154905,8.474554,-0.97360337,-0.027505636,2.8339264,0.99499357
2.205937,3.3098536,-0.5353446,8.396688,-0.9952651,-0.026349068,2.855026,0.9944091
2.1994445,3.2619324,-0.54655313,8.388172,-0.99150884,-0.029404163,2.8421898,0.9920902
2.162909,3.2014747,-0.5218595,8.391186,-1.0240582,-0.027419567,2.8302765,0.9916954
2.185223,3.1683016,-0.5406233,8.162729,-1.0338508,-0.01428318,2.8266435,0.92179453
2.1786034,3.2661119,-0.5462887,8.007012,-1.0310366,-0.01169157,2.8321278,0.9285642
2.172666,3.3106334,-0.5450461,7.999309,-1.0344832,-0.008092403,2.8390737,0.92721
2.2095633,3.3844705,-0.51820195,8.419842,-0.9993664,-0.012195826,2.8374386,0.9388081
2.2095304,3.3901238,-0.5455642,8.339876,-1.0006547,-0.006741047,2.8454206,0.9997928
2.2298858,3.4000788,-0.5722889,8.401047,-1.0156093,-0.004439831,2.851369,0.9996493
2.2096689,3.327657,-0.6032533,8.329319,-0.9826391,-0.014165401,2.8334122,0.99872494
2.209947,3.3311534,-0.59980774,8.453709,-0.9741119,-0.012117386,2.845328,0.9988692
2.2032857,3.2725987,-0.6399076,8.420679,-0.97297406,-0.01169014,2.805477,0.99355114
2.2033727,3.3483615,-0.6114621,8.46504,-0.97248185,-0.008691311,2.8157058,0.99572253
2.2117662,3.3463821,-0.6090543,8.445372,-0.9865283,-0.014318943,2.775178,0.9893794
2.2127986,3.4054132,-0.6051739,8.400681,-1.005343,-0.008888483,2.774873,0.98727226
2.21067,3.4218273,-0.6118011,8.401163,-0.96769893,-0.0061426163,2.7738636,0.98453915
2.1748035,3.481728,-0.5889559,8.35743,-0.9523922,-0.0057337284,2.7727208,0.98590755
2.2015238,3.5160801,-0.6230992,8.264935,-0.9683367,-0.006492853,2.758518,0.9917475
2.1972458,3.4885278,-0.62051696,8.305983,-0.96797204,-0.0027558804,2.7255316,0.9744804
2.1816077,3.4694986,-0.619959,8.409954,-0.95841694,-0.0013341904,2.7357817,0.99049973
2.1874163,3.466649,-0.6208292,8.329149,-0.96426296,-0.0100438595,2.7454047,0.9932432
2.204343,3.4874353,-0.6002681,8.362602,-0.97284675,-0.014134169,2.7428465,0.9927975
2.2122602,3.4956002,-0.6052909,8.331686,-0.9769615,-0.008896828,2.733383,0.9956659
2.212207,3.5522308,-0.58577454,8.360551,-1.0398171,-0.00014686584,2.7339544,0.99414957
2.198862,3.4636908,-0.6005534,8.367329,-1.0021622,-0.004585266,2.7637286,0.99962926
2.2040744,3.4937372,-0.6099967,8.329025,-1.0020077,-0.0058219433,2.7640197,0.9999974
2.1717281,3.415888,-0.61871904,8.242825,-1.0066016,-0.006816864,2.767379,0.99821615
2.1548276,3.433163,-0.52136296,8.241556,-1.0100353,-0.0018360615,2.834418,0.9939265
2.1562479,3.4056408,-0.5175127,8.188707,-1.0387568,-0.002677679,2.8426106,0.9988035
2.1780624,3.3232613,-0.5370225,8.223396,-1.0522797,-0.006600857,2.835063,0.9932662
2.1445246,3.3695922,-0.53371745,8.287111,-1.0351374,-0.0074117184,2.8014941,0.9988222
2.1543217,3.2568083,-0.5535904,8.271927,-1.0570588,-0.0018081665,2.8173537,0.99720097
2.1524494,3.2406259,-0.57331055,8.260181,-0.93004537,-0.0031175613,2.8211837,0.99775875
2.1474833,3.1943498,-0.58429575,8.2904415,-0.9137759,-0.0015530586,2.834425,0.99719703
2.1506443,3.191866,-0.58420116,8.285381,-0.92232275,-0.013123035,2.803582,0.9986894
2.135754,3.1118855,-0.5743124,8.233754,-0.9155512,-0.037116528,2.798637,0.9982575
2.136708,3.0876994,-0.6058252,8.169513,-1.0296519,-0.0285604,2.8072767,0.99446
2.1258466,3.112421,-0.6352753,8.152676,-0.9827198,-0.027120352,2.7993963,0.99279654
2.1386535,3.085482,-0.6656033,8.171289,-0.9808097,-0.02200222,2.8026354,0.97812295
2.1346986,3.0627978,-0.59915286,8.169903,-0.99429584,-0.017356157,2.8126423,0.9545089
2.1335416,3.0608506,-0.5779823,8.149556,-1.0135525,-0.02905345,2.796403,0.9518111
2.1135988,3.044309,-0.565734,8.09675,-1.0413907,-0.034564972,2.79404,0.9497199
2.3690784,2.7607126,-0.33323908,4.1643696,-1.2016387,-0.16449857,2.2872367,-0.069179535
2.3153942,2.8620496,-0.30748594,4.214302,-1.2590139,-0.18769217,2.222164,-0.109289944
2.3571587,2.8829184,-0.28256726,4.235812,-1.2665683,-0.17907977,2.14435,-0.08887565
2.356197,2.7937837,-0.46348888,4.13225,-1.3530318,-0.12126827,2.2638173,-0.09131819
2.3428686,2.9088705,-0.4346738,3.8677406,-1.5411181,-0.19039345,2.3100522,-0.079624
2.3195703,2.9146852,-0.50903976,3.86346,-1.4767368,-0.2127204,2.367987,-0.08040893
2.3256326,2.7278745,-0.47569656,3.8736067,-1.4533752,-0.21385169,2.2506444,-0.078582644
2.3208337,2.7050624,-0.43459725,3.7869291,-1.3615432,-0.2046156,2.2338314,-0.07542983
2.3093934,2.7844853,-0.42549115,3.7938714,-1.3759974,-0.23453617,2.2066567,-0.07798928
2.3110695,2.8280344,-0.43451625,3.8102078,-1.4077297,-0.2593038,2.2127695,-0.07992804
2.3449783,2.8070393,-0.22047591,3.7759895,-1.398203,-0.12562013,2.2890196,-0.07437259
2.324769,2.4612393,-0.029421747,3.7047062,-1.3137261,-0.18734026,2.085344,-0.07445848
2.3440192,2.3951678,-0.03464091,3.9091005,-1.3296328,-0.34130836,2.1622639,-0.11532992
2.384777,2.4246068,0.07904315,3.9462101,-1.1180365,-0.40304995,2.3054163,-0.1147486
2.4103432,2.31173,0.08968699,3.9741292,-1.1984262,-0.47260737,2.3759918,-0.11982405
2.5317357,2.3526564,0.09784484,3.960709,-1.1651368,-0.45808935,2.3883495,-0.11397049
2.516052,2.3569775,0.1356107,3.99547,-1.2506688,-0.45549297,2.3614147,-0.11521083
2.4141445,2.3627186,0.077335596,3.9848328,-1.2551799,-0.4412954,2.346698,-0.108971834
2.453999,2.357518,0.14262855,3.9808166,-1.2469878,-0.44371653,2.3066828,-0.10495186
2.483263,2.2434094,0.13036227,3.9648137,-1.3073945,-0.4358735,2.308986,-0.10084993
2.391797,2.1907668,0.20469153,4.0451484,-1.2738606,-0.46491098,2.3044848,-0.10911739
2.52651,2.3032813,0.11642027,4.036082,-1.2727661,-0.37781143,2.2302966,-0.10656169
2.556943,2.2981937,0.09864092,4.0079536,-1.2526696,-0.4308722,2.3786957,-0.109918594
2.4482892,2.308992,0.10059309,3.9994235,-1.2901411,-0.45035267,2.2899618,-0.095932245
2.4706984,2.3016589,0.103527665,3.5609496,-1.2640688,-0.36565995,2.2568486,-0.09581101
2.4900458,2.3422618,0.07815659,3.5343328,-1.2224338,-0.39113736,2.248259,-0.08293858
2.4877784,2.6577497,0.059928894,3.489124,-1.2810524,-0.32109475,2.40019,-0.06655276
2.4957776,2.5748088,0.06391668,3.515441,-1.2832344,-0.41826606,2.365352,-0.039247453
2.5286298,2.5910125,0.025843978,3.5881124,-1.2447171,-0.39316702,2.3633342,-0.05537033
2.5448747,2.5450683,-0.008224726,3.544454,-1.2139179,-0.37223887,2.36297,-0.046693504
2.562855,2.4434412,0.092074394,3.576301,-1.1824414,-0.38604522,2.3278704,-0.035657883
2.601861,2.4495318,0.07462251,3.5419388,-1.286624,-0.39712524,2.388522,-0.03134218
2.5665832,2.4727354,0.043981552,3.6353145,-1.2634599,-0.41189218,2.4052117,-0.034914136
2.55768,2.4969974,-0.032515526,3.931221,-1.2072501,-0.40103674,2.4126403,-0.09877926
2.60346,2.5431337,0.02004826,3.8417156,-1.2152499,-0.38733006,2.518037,-0.09909201
2.6149476,2.6122427,-0.1289975,3.8653374,-1.2356067,-0.40898228,2.4698236,-0.09801763
2.5919998,2.6929135,-0.11410624,4.102959,-1.2256423,-0.40996838,2.4402156,-0.10496408
2.6080475,2.6447306,-0.10913122,3.8090491,-1.2016798,-0.44561172,2.4400463,-0.10029179
2.507332,2.6289165,-0.12261248,3.935571,-1.209702,-0.30852413,2.442334,-0.10170251
2.5849488,2.484868,-0.10967791,3.5922775,-1.213045,-0.333102,2.44314,-0.10898447
2.6432061,2.6120868,-0.10162115,3.613039,-1.2511888,-0.31301045,2.4639695,-0.1022383
2.6153464,2.6899104,-0.13100493,3.6218326,-1.3042984,-0.2960155,2.4230638,-0.105758905
2.6167443,2.6940608,-0.124201536,3.5378006,-1.3519888,-0.31947994,2.416596,-0.10580495
2.609001,2.5749702,-0.11557698,3.5623658,-1.4139504,-0.32028294,2.4382205,-0.103312254
2.6024933,2.5425606,-0.08928096,3.482435,-1.4244407,-0.32007456,2.4185069,-0.10070878
2.6007717,2.6394496,-0.26738703,3.546967,-1.2241209,-0.3232286,2.4770947,-0.095942914
2.6211832,2.6891568,-0.20646858,3.7004943,-1.2077827,-0.36704326,2.5251017,-0.09583765
2.604952,2.8384783,-0.22052753,3.6525602,-1.260045,-0.30444193,2.5513086,-0.09063348
2.6537097,2.778414,-0.23233068,3.6975062,-1.3477927,-0.30550718,2.466981,-0.08933103
2.6502666,2.763508,-0.19571114,3.6918254,-1.2950504,-0.3077395,2.4326696,-0.09847361
2.5897923,2.6488874,-0.2861886,3.68817,-1.342802,-0.22188759,2.436037,-0.10721052
2.5697556,2.8264322,-0.26615292,3.7267027,-1.3023708,-0.31186104,2.499235,-0.11613011
2.6128216,2.9163334,-0.2451235,3.4799073,-1.3420665,-0.3788414,2.5697107,-0.086690605
2.6226592,2.6538534,-0.24476767,3.4881325,-1.3064736,-0.36877537,2.4829075,-0.08748582
2.6126506,3.4587545,-0.24919224,3.4520817,-1.3130476,-0.36486363,2.555366,-0.09634784
2.628042,3.3949957,-0.30907786,3.4351935,-1.4161305,-0.39025736,2.4163277,-0.08588952
2.6255603,3.3402388,-0.29440707,3.3639297,-1.4275382,-0.44567347,2.4516299,-0.08726284
2.6147246,3.3281848,-0.30565423,3.3654368,-1.4537731,-0.41058445,2.5935693,-0.07998639
2.617668,3.3243995,-0.31142002,3.4097154,-1.4937623,-0.39206362,2.5907707,-0.08089107
2.6135828,3.42253,-0.30346292,3.469285,-1.5373465,-0.36705875,2.6331782,-0.07482964
2.6601396,3.3973067,-0.30357093,3.4643018,-1.5100718,-0.49487948,2.6438828,-0.07285723
2.67284,3.418757,-0.32190108,3.4677396,-1.5355142,-0.442672,2.6114907,-0.056566656
2.64918,3.417955,-0.35268492,3.474631,-1.425151,-0.3600204,2.504775,-0.08086431
2.6441338,3.4111514,-0.3223809,3.4069242,-1.3844299,-0.3933711,2.47148,-0.07358733
2.6353855,3.383273,-0.35357767,3.412587,-1.4004662,-0.39604378,2.4534276,-0.07627547
2.6320624,3.3621488,-0.3407178,3.4473214,-1.4048427,-0.42420006,2.4256709,-0.09180421
2.6378746,3.3762426,-0.35238612,3.359985,-1.3943202,-0.4679401,2.6140244,-0.089707404
2.6677434,3.348422,-0.3234086,3.4362252,-1.4509804,-0.45535278,2.5931067,-0.0935424
2.707299,3.3368597,-0.35943258,3.4191537,-1.4441018,-0.50986624,2.5091047,-0.062526226
2.683115,3.5824594,-0.30458403,3.4089599,-1.4262956,-0.38588238,2.6415226,-0.059824944
2.6227796,3.7184052,-0.3156531,3.4081488,-1.5390182,-0.385952,2.66307,-0.06172812
2.7108212,3.6014671,-0.27860957,3.3395395,-1.555584,-0.39542627,2.6569335,-0.059235185
2.7194166,3.6191926,-0.27685702,3.292894,-1.657882,-0.3772378,2.528676,-0.06629807
2.70463,3.5916138,-0.27929944,3.296139,-1.6523273,-0.3981352,2.5756187,-0.066750735
2.7221894,3.2727442,-0.28340763,3.240264,-1.7323692,-0.40075564,2.5522087,-0.059175253
2.710607,3.6535463,-0.28616786,3.2214365,-1.7242166,-0.3938179,2.5813723,-0.0555315
2.703479,3.8435798,-0.31340134,3.269965,-1.7151046,-0.36875105,2.5648618,-0.057536125
2.7123144,3.7621818,-0.32167274,3.2467225,-1.7095842,-0.32624006,2.5503113,-0.05536741
2.705949,3.7562141,-0.3320744,3.2867885,-1.6616441,-0.3014226,2.4799542,-0.053571254
2.719047,3.790383,-0.34318328,3.2994692,-1.664839,-0.3039608,2.4734678,-0.050939262
2.6853857,3.8438416,-0.34450054,3.2930686,-1.6973526,-0.2981863,2.4671464,-0.0521788
2.6827953,3.9086432,-0.3606453,3.2205095,-1.7298471,-0.2841909,2.5066154,-0.050715595
2.6837318,3.791854,-0.33064413,3.2490327,-1.6669242,-0.33139706,2.5416052,-0.0536983
2.7368035,3.710965,-0.32636023,3.2822802,-1.6465721,-0.32281947,2.5240345,-0.03679484
2.737176,3.811915,-0.34473604,3.258596,-1.6852013,-0.3084991,2.5644488,-0.03891647
2.6723666,3.8123446,-0.35172284,3.280187,-1.674021,-0.2798264,2.4966848,-0.03857714
2.6690207,3.8671098,-0.35256302,3.260529,-1.7150654,-0.28513288,2.475299,-0.041027486
2.707349,3.8657985,-0.34460008,3.2600532,-1.7009177,-0.28129578,2.458625,-0.048766196
2.6851082,3.9776926,-0.34444726,3.250717,-1.7295549,-0.33221865,2.5156436,-0.06346476
2.68984,3.7819958,-0.34308684,3.2809298,-1.7194054,-0.34942055,2.5553744,-0.05730611
2.7015786,3.850586,-0.34783208,3.2952142,-1.7018085,-0.32970762,2.5574965,-0.044411063
2.7130516,3.8269882,-0.33739036,3.2455344,-1.7189827,-0.35655403,2.5933802,-0.047274113
2.6976008,3.8478112,-0.34461516,3.2286298,-1.6382442,-0.30018806,2.5210838,-0.031493366
2.7120655,3.8703294,-0.3302865,3.2760894,-1.6069522,-0.26783538,2.5300674,-0.03257799
2.7614985,3.7570639,-0.3240673,3.2696903,-1.6153362,-0.27196407,2.5867875,-0.023033202
2.6495328,3.8778481,-0.3309304,3.2500772,-1.5981995,-0.27137923,2.4706905,-0.021592498
2.6759834,3.8361182,-0.34353757,3.3459373,-1.6567547,-0.3552544,2.6051445,-0.015082419
2.686119,3.7846794,-0.37131798,3.3230126,-1.5997114,-0.30754995,2.6240826,-0.020330608
2.7177799,3.7861485,-0.31695402,3.350159,-1.5286038,-0.29767752,2.6010163,-0.050088346
2.7033448,3.7122774,-0.2542696,3.3047917,-1.5043489,-0.30797076,2.633258,-0.041749656
2.708863,3.7400808,-0.32979923,3.2798688,-1.5645204,-0.36245108,2.637872,-0.048880965
2.7424521,3.751776,-0.27482212,3.1693752,-1.6633438,-0.31734824,2.6246262,-0.025233716
2.768826,3.772371,-0.293751,3.158699,-1.6872967,-0.36398268,2.6398463,-0.030780852
2.7636878,3.8345652,-0.31756854,3.2305295,-1.6385677,-0.33075714,2.5964465,-0.036763906
2.6910846,3.8555858,-0.31246132,3.2157385,-1.6755599,-0.3277483,2.5925925,-0.034031987
2.723995,3.7740006,-0.32307822,3.3089206,-1.6149657,-0.325521,2.620136,-0.03615278
2.771273,3.7827053,-0.32269943,3.250727,-1.6526057,-0.3534491,2.6117868,-0.026480079
2.7157395,3.7723355,-0.32145292,3.3145268,-1.6397414,-0.30307245,2.5590115,-0.0031660795
2.7266932,3.84752,-0.3478402,3.302194,-1.5927732,-0.29284406,2.544204,-0.02055648
2.724272,3.965317,-0.34180772,3.3077955,-1.5983902,-0.25292063,2.5862281,-0.007106781
2.6254797,3.9755733,-0.36097872,3.3340259,-1.6966908,-0.25981665,2.5589428,0.0035575628
2.6281447,3.9831707,-0.33870792,3.3340738,-1.6637437,-0.28783083,2.491037,-0.08165568
2.7022545,4.016865,-0.33644998,3.3625417,-1.6627042,-0.29349566,2.493351,-0.08734763
2.6291032,3.9953828,-0.33312786,3.350881,-1.6446096,-0.32042766,2.5018513,-0.09842563
2.574015,3.803405,-0.34355128,3.3120933,-1.6405659,-0.32627726,2.4846683,-0.106288254
2.5765862,3.8970213,-0.349454,3.3126736,-1.6704221,-0.2895732,2.4638307,-0.1045534
2.5709965,3.8909836,-0.35302573,3.3675485,-1.662965,-0.3172679,2.5006385,-0.12670532
2.578419,3.9528005,-0.407575,3.3654525,-1.6429641,-0.32917976,2.5131373,-0.119740486
2.5888581,4.1581807,-0.42819387,3.4150968,-1.6754993,-0.29228282,2.4751956,-0.12369442
2.5650232,4.004115,-0.38492888,3.4155703,-1.665096,-0.35504484,2.5099142,-0.11961585
2.5646985,4.045787,-0.3822105,3.339701,-1.7076085,-0.3370633,2.4994931,-0.12245417
2.577361,4.1742916,-0.40636587,3.4583578,-1.6847734,-0.34935522,2.4977968,-0.115866184
2.6007466,4.025953,-0.3747136,3.487963,-1.675585,-0.34782314,2.504172,-0.11387092
2.585009,4.05761,-0.33761448,3.4860077,-1.6838497,-0.34485984,2.5061297,-0.112116694
2.5833507,3.9604063,-0.3765428,3.48467,-1.7000008,-0.36326933,2.4933276,-0.123563856
1.9347839,9.454605,0.09752166,4.8269587,-1.906823,-2.7251008,-0.73294014,-0.44346786
1.8651783,9.334358,0.14750087,4.2982407,-1.9344137,-2.6940842,-0.7229785,-0.45471606
1.8896194,9.278416,0.13942409,4.334062,-1.9415464,-2.7028213,-0.7135929,-0.4609595
1.9020481,9.248127,0.10597086,4.7528844,-1.9900495,-2.6681979,-0.74554616,-0.47080323
1.8742595,9.338085,0.1316688,5.2341604,-1.9946136,-2.7401006,-0.7873522,-0.42233914
1.920253,9.311615,0.18672407,5.2426476,-1.9930863,-2.751703,-0.76520145,-0.42760098
1.858514,9.302261,0.1963278,5.201008,-1.9641256,-2.7767143,-0.735885,-0.43064523
1.8459688,9.26725,0.17053282,4.7169824,-1.9788295,-2.7549593,-0.7344192,-0.4299336
1.9133208,9.346065,0.1690458,4.7922096,-1.9533886,-2.8018003,-0.7435799,-0.42250574
2.045336,9.321825,0.1743803,4.826439,-1.9529525,-2.8230293,-0.73308337,-0.42047352
2.0180535,9.300727,0.19229531,4.8857527,-1.9714535,-2.8368304,-0.72203016,-0.42247382
1.983419,9.296659,0.17146218,4.7894607,-1.9777125,-2.8231428,-0.7352271,-0.42764047
1.9719093,9.268503,0.11782646,4.7181797,-1.9527693,-2.790997,-0.78120625,-0.4486682
1.9927803,9.218387,0.11023176,5.1124196,-1.9450908,-2.7831483,-0.700305,-0.4519998
2.023115,9.317831,0.14725816,5.0644197,-1.9186826,-2.7671955,-0.6918603,-0.4552672
1.9081483,9.26111,0.11506057,5.029527,-1.9245931,-2.782525,-0.73100257,-0.4262537
1.9335002,9.400238,0.14456975,5.135908,-1.9281349,-2.7883425,-0.71542025,-0.4226314
1.9253391,9.439856,0.14620018,5.2206616,-1.8908566,-2.8189156,-0.72206795,-0.4275906
1.9476262,9.427808,0.13899374,5.094215,-1.8860459,-2.8346164,-0.7214252,-0.4141658
1.9747527,9.390429,0.124589205,4.980872,-1.8851776,-2.8391984,-0.72786057,-0.42797118
1.9804202,9.404346,0.104834676,4.981889,-1.8792164,-2.8139455,-0.7072196,-0.41886425
1.9795583,9.395122,0.10091901,5.0605693,-1.8798317,-2.8437967,-0.71972096,-0.42075822
1.9771578,9.313738,0.08319092,5.1049757,-1.8695625,-2.8264701,-0.76338214,-0.41212726
1.996134,9.307676,0.07662439,5.0867887,-1.87394,-2.8270502,-0.7607094,-0.41662908
2.0425398,9.353153,0.05870855,5.076912,-1.8835291,-2.8276086,-0.7716105,-0.42172822
2.0690718,9.251776,0.06795144,4.769539,-1.9186676,-2.7972376,-0.7776731,-0.42536846
1.9762586,9.254653,0.05783415,5.2145634,-1.9405468,-2.7952564,-0.7888809,-0.43713662
1.9576254,8.940676,0.048259974,5.271076,-1.9082725,-2.7997377,-0.7878898,-0.42847535
1.9628619,8.895634,0.04954946,5.3039346,-1.8977631,-2.7905765,-0.81279814,-0.4349033
1.9494246,8.873585,0.06673789,5.317403,-1.9017916,-2.8048387,-0.7974951,-0.46615404
1.9686689,8.867897,0.058129787,5.3011518,-1.9145875,-2.7967,-0.8251256,-0.46245277
1.9928621,8.848907,0.056482196,5.3270297,-1.8824753,-2.8037293,-0.7947991,-0.48469627
1.9022208,8.857047,0.050249457,5.338147,-1.8811145,-2.795961,-0.82180035,-0.47573018
1.8883411,8.855701,0.038492203,5.589394,-1.8719819,-2.7296803,-0.81954134,-0.48139745
1.8009797,8.736449,0.03831935,5.5792403,-1.892461,-2.7163174,-0.82452565,-0.47272137
1.819988,8.723211,0.048642397,5.6604333,-1.8767778,-2.741539,-0.8119735,-0.48196736
1.8053786,8.774243,0.10784674,5.6523757,-1.8792591,-2.737339,-0.80226034,-0.46782804
1.8283367,8.742266,0.14972079,5.6731367,-1.9276192,-2.7468948,-0.89214575,-0.47453076
1.8344824,8.793294,0.20167089,5.813772,-1.9391887,-2.7428486,-0.8300878,-0.4761373
1.855626,8.726702,0.19524908,5.791152,-1.9146335,-2.826763,-0.8155428,-0.46732104
1.764246,8.718278,0.17469203,5.8155494,-1.9157574,-2.8271582,-0.78015125,-0.48911965
1.783339,8.738976,0.17590916,5.873805,-1.8966551,-2.829443,-0.7800004,-0.4835499
1.7400769,8.726668,0.22117567,5.8358703,-1.9035712,-2.9006224,-0.8715054,-0.49038005
1.8146777,8.719498,0.18301392,5.9001384,-1.9139491,-2.8634827,-0.8201661,-0.49171853
1.8313687,8.722862,0.2711923,5.7456856,-1.9120631,-2.8825984,-0.87846774,-0.4958048
1.8405087,8.736973,0.25906634,5.715331,-1.9047236,-2.896818,-0.8743801,-0.48832688
1.8354026,8.737688,0.25319445,5.718602,-1.909635,-2.8933475,-0.88623697,-0.48103425
1.8318491,8.720247,0.23329449,5.751549,-1.9098037,-2.9016294,-0.8944984,-0.4896148
1.82108,8.718401,0.1568222,5.749633,-1.9091294,-2.8604186,-0.88827187,-0.4709689
1.8583053,8.7007885,0.15246987,5.7566595,-1.9115607,-2.8490593,-0.8874585,-0.4890379
1.8244082,8.775045,0.18630195,5.682875,-1.9781655,-2.8563757,-0.8923315,-0.4951009
1.7850077,8.701883,0.18519413,5.6702433,-1.9744647,-2.8584354,-0.8779527,-0.48908657
1.7961361,8.731925,0.2298975,5.731205,-1.9718202,-2.8053365,-0.8479948,-0.49516305
1.8088758,8.721539,0.25278294,5.8062077,-1.9594611,-2.8229787,-0.85205793,-0.4915707
1.779396,8.769042,0.2607714,5.7835226,-1.9769026,-2.8283021,-0.86038774,-0.48882595
1.7839022,8.658993,0.2622831,5.8795137,-1.9801081,-2.8187437,-0.84736377,-0.4955337
1.7975334,8.724936,0.25370014,5.8526783,-1.9550674,-2.7916756,-0.84242624,-0.49252307
1.8015856,8.667564,0.26678514,5.842106,-1.9748452,-2.8435845,-0.86620164,-0.496546
1.7645853,8.672383,0.19721103,5.83008,-1.9741049,-2.8251598,-0.8662574,-0.49524066
1.7698239,8.519077,0.04700291,5.8427677,-1.9808869,-2.8269622,-0.85706085,-0.4940971
1.8055375,8.570066,0.051865816,5.738468,-1.9584028,-2.793614,-0.84698904,-0.49299046
1.7881141,8.590139,0.06561875,5.7487316,-1.9340411,-2.7938974,-0.83267313,-0.46940944
1.7882967,8.653301,0.067525506,5.741147,-1.9260039,-2.744109,-0.8108388,-0.49849948
1.7951467,8.61693,0.065274835,5.717581,-1.971639,-2.757586,-0.8024855,-0.49808204
1.7978244,8.554574,0.07430577,5.7815638,-1.9799359,-2.8205576,-0.81991047,-0.49822968
1.7570585,8.552374,0.0016473532,5.762371,-1.9782518,-2.8221464,-0.8286301,-0.46809793
1.8099213,8.53346,0.05973053,5.770801,-1.9752759,-2.8209481,-0.8495623,-0.48763448
1.7817826,8.533071,0.15620255,5.793412,-1.9725895,-2.842312,-0.9056225,-0.48509055
1.7561076,8.529442,0.13849449,5.7499228,-1.9763737,-2.8143952,-0.95014226,-0.48700166
1.74815,8.524799,0.16947794,5.835717,-1.9794343,-2.7780027,-0.8241329,-0.49946016
1.7260697,8.5734215,0.19602752,5.829164,-1.9594005,-2.7857032,-0.82733727,-0.49819106
1.7752764,8.579334,0.15675282,5.8975344,-1.9440081,-2.8463733,-0.87623787,-0.49423552
1.7527177,8.508024,0.20418012,5.928995,-1.9340116,-2.810398,-0.85673094,-0.49315786
1.7508398,8.661692,0.12560213,5.895158,-1.9511877,-2.8994038,-0.8020979,-0.4603383
1.7829341,8.690744,0.1725241,5.8633175,-1.9583054,-2.9098182,-0.8332276,-0.48036793
1.7562882,8.669161,0.14360261,5.8930044,-1.9369001,-2.90428,-0.8187431,-0.46632704
1.7424327,8.717678,0.16827607,5.8939943,-1.9437414,-2.9079225,-0.8024268,-0.49402565
1.7213225,8.714389,0.17241395,5.8847675,-1.938805,-2.8947961,-0.7967074,-0.4934389
1.7363683,8.530035,0.15949273,5.913804,-1.9652177,-2.872886,-0.8572272,-0.4934213
1.7732011,8.560961,0.16055155,5.823978,-1.9651183,-2.7780612,-0.8763546,-0.49373582
1.763114,8.639983,0.17923856,5.7787375,-1.9708681,-2.8268068,-0.92450255,-0.491252
1.8155718,8.653294,0.17625213,5.6568527,-1.9653659,-2.8474977,-0.91689825,-0.49271664
1.7786894,8.697649,0.23424947,5.72506,-1.9384958,-2.8581917,-0.90219903,-0.4875916
1.796627,8.609116,0.13906002,5.821021,-1.9259704,-2.796692,-0.9091682,-0.48213148
1.8256563,8.563755,0.13931036,5.806978,-1.9190205,-2.7861323,-0.888666,-0.48149216
1.8783028,8.623011,0.17293477,5.7912292,-1.933076,-2.852804,-0.8701343,-0.4696945
1.8804872,8.637716,0.11963534,5.732477,-1.9338957,-2.849442,-0.8455945,-0.47205442
1.8743362,8.901466,0.15696585,5.731857,-1.9213898,-2.8211412,-0.8184129,-0.47057933
1.8463534,8.926645,0.13663769,5.7309875,-1.9227105,-2.7998216,-0.8300238,-0.4791454
1.8537406,8.635908,0.07148218,5.7770996,-1.9105103,-2.8023133,-0.8504721,-0.46898967
1.8117379,8.759113,0.13663197,5.748807,-1.9168491,-2.8038547,-0.8472091,-0.4678076
1.8056855,8.804511,0.14734697,5.7355356,-1.8615503,-2.813031,-0.8623654,-0.46907333
1.7954499,8.769693,0.11739242,5.789404,-1.8604113,-2.8053858,-0.8103655,-0.47579664
1.8524911,8.652729,0.033871174,5.752042,-1.8891184,-2.8114452,-0.76306874,-0.47728506
1.8363233,8.680445,0.12914872,5.7802477,-1.9149618,-2.82324,-0.79766536,-0.48287037
1.8352258,8.652752,0.11272311,5.789056,-1.918012,-2.82092,-0.8749688,-0.47716492
1.8471287,8.669476,0.14400601,5.7296286,-1.9323212,-2.8086023,-0.87275696,-0.46916357
1.8658836,8.686165,0.108798146,5.7233047,-1.9090146,-2.823756,-0.87003547,-0.4741174
1.8432734,8.659832,0.120419145,5.710842,-1.9203974,-2.8145761,-0.88042283,-0.47534573
1.8256447,8.6932335,0.11932647,5.715953,-1.9266618,-2.8176212,-0.8687395,-0.46766543
1.8026042,8.685635,0.10192418,5.71324,-1.9172518,-2.8248103,-0.84344953,-0.47512004
1.8306712,8.618079,0.07618928,5.693562,-1.9365065,-2.77192,-0.8029058,-0.48933205
1.8426976,8.611703,0.08049047,5.6122007,-1.9205402,-2.775086,-0.89437187,-0.4653258
1.8442622,8.580046,0.02124381,5.662521,-1.8917612,-2.7722921,-0.90091634,-0.46748558
1.836658,8.582701,0.020305395,5.811902,-1.8806155,-2.8155754,-0.8534642,-0.45940354
1.8758888,8.68127,0.17370927,5.769617,-1.8944107,-2.8232486,-0.87082404,-0.4630177
1.848923,8.690035,0.19787943,5.781907,-1.86274,-2.830675,-0.9155158,-0.4732416
1.8552794,8.669754,0.16004872,5.8244505,-1.8823607,-2.8998933,-0.9126523,-0.47640267
1.8860841,8.65839,0.17910075,5.8347554,-1.8607103,-2.8949733,-0.90856093,-0.45998406
1.8772006,8.610271,0.1733098,5.8586583,-1.8460486,-2.8759222,-0.92103696,-0.4582747
1.8800538,8.649582,0.14528453,5.867616,-1.8590639,-2.892735,-0.89045715,-0.45590487
1.8683163,8.640966,0.17227507,5.849757,-1.8714685,-2.8963816,-0.8962263,-0.45536298
1.8653331,8.637035,0.106447935,5.861253,-1.857146,-2.8954768,-0.91225857,-0.46602994
1.8895322,8.6321535,0.10978937,5.860792,-1.8458853,-2.8785906,-0.8936149,-0.4600033
1.8670962,8.644722,0.17208982,5.86918,-1.8555648,-2.8459156,-0.8828522,-0.46354166
1.8810282,8.652284,0.21016383,5.8494163,-1.8462397,-2.8414412,-0.8850843,-0.4600101
1.8630536,8.646118,0.17382383,5.847883,-1.8528316,-2.85241,-0.9189772,-0.46556637
1.8704691,8.622688,0.14469087,5.823627,-1.861196,-2.8516662,-0.9033324,-0.47067022
1.8782437,8.679218,0.18504143,5.7794065,-1.8724109,-2.89539,-0.910933,-0.46971792
1.8867188,8.730168,0.17448151,5.705392,-1.8522336,-2.8624644,-0.8935764,-0.47336888
1.88851,8.742262,0.21132398,5.6769533,-1.8395101,-2.8723292,-0.9201587,-0.47978184
1.888551,8.744032,0.20378745,5.677821,-1.839625,-2.9026144,-0.91863585,-0.47960383
1.8933884,8.755283,0.17992043,5.6784077,-1.8414416,-2.8925486,-0.90953046,-0.47461998
1.8445498,8.852734,0.1836555,5.7538924,-1.8356804,-2.796974,-0.9044622,-0.469108
1.7951058,8.856643,0.13478255,5.776589,-1.8392398,-2.8619514,-0.8548879,-0.47214785
1.4475873,3.0787182,-0.94813734,3.1484222,-0.3040805,-2.7194767,-0.9909976,0.46604568
1.4457945,3.07895,-0.9380095,3.1413503,-0.3025266,-2.7147355,-0.98609275,0.46365905
1.4479461,3.073248,-0.92354286,3.1345053,-0.24685884,-2.7212262,-0.97375983,0.4646659
1.454466,3.0842144,-0.9170543,3.2307806,-0.12944722,-2.7180762,-0.98785484,0.45324314
1.4512186,3.1249201,-0.93757164,3.4003172,-0.4682393,-2.7262692,-0.9939076,0.452286
1.4512303,3.161212,-0.9334966,3.4548814,-0.40193582,-2.7176726,-0.9942918,0.45400006
1.4157383,3.1933553,-0.93756115,3.3982224,-0.4450946,-2.7143323,-0.9631019,0.4541465
1.440385,3.221903,-0.93874526,3.4251492,-0.43907058,-2.716416,-0.9677903,0.45397663
1.4131327,3.226414,-0.94765353,3.4607627,-0.52677464,-2.7228458,-0.9785122,0.4471835
1.3737226,3.2446742,-0.9700803,3.4156473,-0.61547005,-2.7249146,-0.99764436,0.43136096
1.3682472,3.2810795,-0.9721248,3.397409,-0.61471164,-2.7289183,-0.995452,0.41838992
1.3312936,3.2592096,-0.9645804,3.3051195,-0.6157483,-2.6734712,-0.98832345,0.43461537
1.3247519,3.245881,-0.94857776,3.3508196,-0.5472708,-2.650806,-0.99503815,0.44006717
1.3230352,3.2556791,-0.9497373,3.317064,-0.56445754,-2.6342216,-0.9999773,0.43334162
1.3129671,3.221817,-0.9415324,3.2932928,-0.54759943,-2.63357,-0.99950534,0.44043308
1.3184128,3.2343845,-0.9433467,3.2711601,-0.5441414,-2.623335,-0.99919885,0.444789
1.3299419,3.2346334,-0.9520524,3.2589858,-0.5170306,-2.6325505,-0.9710442,0.44809306
1.3113022,3.245109,-0.951917,3.1814842,-0.5564457,-2.6334574,-0.96293354,0.4485495
1.3226922,3.366952,-0.9321083,3.235658,-0.60476434,-2.6274185,-0.897457,0.46129227
1.3244597,3.354534,-0.9310316,3.253162,-0.60507333,-2.6218615,-0.89481944,0.447596
1.3164033,3.3119588,-0.93840796,3.045935,-0.32431638,-2.6603699,-0.91570437,0.446321
1.3334539,3.3913345,-0.9412152,3.0315838,-0.24007773,-2.7514696,-0.9383923,0.48173618
1.2994409,3.3541803,-0.9396511,3.0192974,-0.03123045,-2.681772,-0.98014253,0.4583466
1.2993821,3.321236,-0.940517,3.0335422,-0.093436,-2.7061875,-0.9791188,0.39243972
1.2797403,3.241334,-0.94703305,3.1057744,-0.10010314,-2.7092562,-0.976254,0.39788103
1.2708704,3.2296557,-0.9297994,3.1027884,-0.13535392,-2.7047486,-0.9772155,0.40442455
1.334188,3.2790956,-0.9326954,3.0915678,-0.14378285,-2.7095997,-0.96716946,0.41208863
1.3329506,3.2789161,-0.9371777,3.1042976,-0.16147089,-2.7060208,-0.96794146,0.41775823
1.3295815,3.2806077,-0.941299,3.1749434,-0.16798985,-2.7111633,-0.9805075,0.4338801
1.3333068,3.319116,-0.94413656,3.2496033,-0.21557438,-2.6800482,-0.9305986,0.43809402
1.3485634,3.352539,-0.9584487,3.2736073,-0.30340374,-2.6957684,-0.9303396,0.44645762
1.34883,3.338432,-0.9509988,3.283795,-0.42958534,-2.6961455,-0.9365549,0.4344747
1.3443801,3.3636427,-0.9503331,3.3458033,-0.45409417,-2.678597,-0.9457109,0.43210196
1.3243558,3.4499714,-0.95293975,3.3689868,-0.5306668,-2.6778378,-0.92561424,0.42973608
1.315503,3.3291817,-0.94263333,3.3444314,-0.61911345,-2.6888974,-0.9425381,0.41390777
1.3121157,3.3815997,-0.94710636,3.441746,-0.57998204,-2.6824229,-0.97441906,0.40987486
1.3194501,3.4087217,-0.94285715,3.4691205,-0.68298054,-2.6824002,-0.97299737,0.41334814
1.3112421,3.4194613,-0.94014466,3.4760048,-0.69198537,-2.7084413,-0.9658929,0.4188041
1.2819295,3.415852,-0.91703284,3.4764302,-0.6007167,-2.700828,-0.98419803,0.40787542
1.3078825,3.5393615,-0.9143036,3.4963782,-0.60627174,-2.724245,-0.9868439,0.45955443
1.312921,3.3536382,-0.916806,3.4848628,-0.5618174,-2.7072427,-0.9937175,0.42796433
1.3107169,3.355626,-0.9177121,3.4947305,-0.5689095,-2.6868367,-0.99361354,0.43682945
1.2881674,3.3289804,-0.90814745,3.4700487,-0.5454209,-2.7323737,-0.9800854,0.4571843
1.303196,3.3718004,-0.9045999,3.4733152,-0.5449828,-2.7411513,-0.98380184,0.45567822
1.2778969,3.3393788,-0.8813572,3.4735048,-0.41923022,-2.7400365,-0.973052,0.44390512
1.3088535,3.1892056,-0.8715464,3.4162576,-0.44388747,-2.7664988,-0.96440387,0.39649415
1.297671,3.1971295,-0.8780898,3.3613956,-0.39449477,-2.7379875,-0.979667,0.3966707
1.3176386,3.1747098,-0.8442756,3.3903565,-0.2855389,-2.7335103,-0.9764093,0.39863253
1.3288202,3.1290827,-0.8566593,3.366135,-0.28116918,-2.7330918,-0.9766863,0.40209913
1.2909522,3.284698,-0.80888116,3.5766454,-0.28485107,-2.7264957,-0.9839228,0.40222335
1.3831836,3.302162,-0.82271504,3.4662845,-0.31639826,-2.7600977,-0.9851802,0.45385504
1.278709,3.2524142,-0.82131636,3.564823,-0.3188846,-2.7470386,-0.9961041,0.47731704
1.2683427,3.2469697,-0.8116571,3.5263119,-0.3586533,-2.765016,-0.9915422,0.41979188
1.2743199,3.2384384,-0.81373507,3.519699,-0.36080253,-2.7695327,-0.97883075,0.44833708
1.2794863,3.2497916,-0.79653525,3.5280747,-0.36734617,-2.7794938,-0.9827228,0.3942361
1.3085024,3.299333,-0.81714624,3.4965613,-0.20678711,-2.7778711,-0.9840571,0.48067015
1.3186792,3.248589,-0.82490355,3.322081,-0.36554277,-2.7854335,-0.97494227,0.47884512
1.319067,3.2998648,-0.8507105,3.4387424,-0.34009564,-2.7579944,-0.94166946,0.5002085
1.3122568,3.3836737,-0.8548229,3.3837106,-0.3416158,-2.7399433,-0.9181898,0.5056032
1.2909768,3.3813105,-0.8514959,3.4110446,-0.3789221,-2.7900343,-0.91223645,0.49765074
1.1130402,3.3766599,-0.83361435,3.4923482,-0.49865198,-2.7873282,-0.97169346,0.60694253
1.2275391,3.3840098,-0.81767446,3.5021777,-0.45775533,-2.7484603,-0.9667945,0.5047451
1.2527208,3.3397183,-0.85255885,3.5176473,-0.6401355,-2.7559566,-0.99464315,0.49123538
1.2422788,3.4141722,-0.83605516,3.5622952,-0.44913125,-2.7147973,-0.99069875,0.46291208
1.216776,3.4176202,-0.8312149,3.4803343,-0.37008822,-2.7327857,-0.9782255,0.46207887
1.2582753,3.3325067,-0.8310653,3.5152617,-0.38608646,-2.7625616,-0.972932,0.4685731
1.2853485,3.305136,-0.830294,3.5408897,-0.6882925,-2.7794588,-0.9572431,0.46582
1.1950219,3.3488057,-0.7758048,3.5492024,-0.77997243,-2.765736,-0.8587375,0.4703858
1.1983066,3.3423133,-0.7906332,3.5994434,-0.78487194,-2.7496796,-0.8621473,0.47017145
1.282124,3.3684306,-0.7797417,3.495986,-0.37970245,-2.776112,-0.939457,0.4809847
1.2490697,3.4148536,-0.808424,3.5149019,-0.6147953,-2.788153,-0.9473962,0.4883384
1.1137455,3.4396813,-0.7815683,3.5294924,-0.69118214,-2.7787604,-0.9712822,0.48708296
1.1552674,3.4574468,-0.8477032,3.5414681,-0.70441926,-2.7417336,-0.94605017,0.47036135
1.1559751,3.3863063,-0.8311391,3.5667539,-0.7549988,-2.75382,-0.91541463,0.495736
1.146821,3.4057555,-0.81937766,3.595699,-0.7258487,-2.7404926,-0.92347324,0.46824932
1.1785525,3.4286,-0.82260966,3.632228,-0.7785119,-2.7175446,-0.9391626,0.48106927
1.1479663,3.4459374,-0.8268614,3.672791,-0.7562301,-2.7162127,-0.9295024,0.47701448
1.1401317,3.4364967,-0.8289863,3.5970998,-0.68657994,-2.734651,-0.9058671,0.4955328
1.1584276,3.447174,-0.8273499,3.5327477,-0.6332822,-2.7652242,-0.9540122,0.49586582
1.1727343,3.45743,-0.8416328,3.5876005,-0.54074013,-2.7445235,-0.9676393,0.5120113
1.1544831,3.4115932,-0.866283,3.5716214,-0.54767334,-2.7516434,-0.9793664,0.51823056
1.1593869,3.3461194,-0.8857018,3.555586,-0.59181917,-2.7595534,-0.9940529,0.5414914
1.163043,3.4147348,-0.88149446,3.558962,-0.65861034,-2.7518349,-0.9928787,0.5158243
1.2475629,3.3165166,-0.87934816,3.5280929,-0.6677172,-2.7800806,-0.99474704,0.4842468
1.2613004,3.2527184,-0.87221175,3.458822,-0.5738027,-2.7411475,-0.998806,0.4830079
1.2771075,3.3215766,-0.86888933,3.496839,-0.5290103,-2.7517905,-0.99104583,0.48958832
1.2562275,3.3578548,-0.8675094,3.5458803,-0.65671706,-2.749147,-0.9698166,0.4850368
1.2273419,3.2450538,-0.86594915,3.5584779,-0.6525693,-2.7473958,-0.9515509,0.43415707
1.2248036,3.151346,-0.8715966,3.575665,-0.67796457,-2.748143,-0.9947733,0.40401828
1.3274344,3.1578307,-0.8567617,3.5786037,-0.68244123,-2.7484164,-0.9926199,0.40409756
1.3238344,3.2321723,-0.8549409,3.5806723,-0.40582502,-2.7485886,-0.9873402,0.44059116
1.3572283,3.238312,-0.8541498,3.5686202,-0.4614148,-2.7430375,-0.95736223,0.4149382
1.3535886,3.239042,-0.85566264,3.5488472,-0.464185,-2.7345243,-0.95443684,0.4621905
1.2699543,3.271043,-0.87259203,3.5130787,-0.46746433,-2.7420104,-0.9669198,0.42955005
1.2746146,3.2935152,-0.836102,3.5984304,-0.4308672,-2.7398136,-0.9896344,0.42068756
1.2871313,3.279766,-0.8384639,3.586654,-0.4932028,-2.7361965,-0.9397719,0.46632087
1.2875118,3.3014355,-0.8342656,3.5843427,-0.3963343,-2.75336,-0.973965,0.4574437
1.29754,3.2749486,-0.8159719,3.565476,-0.39138496,-2.7491379,-0.97660404,0.4771607
1.2993617,3.307832,-0.8175645,3.559144,-0.37617433,-2.7547328,-0.9229874,0.4384998
1.2935562,3.268572,-0.820244,3.554774,-0.37422967,-2.7460012,-0.93727565,0.43881482
1.2859597,3.2374022,-0.81872076,3.552719,-0.38044584,-2.7640705,-0.9809644,0.41956317
1.2564847,3.2360725,-0.81710815,3.5361888,-0.40942228,-2.7591007,-0.98500365,0.44644606
1.3034828,3.2288206,-0.82286996,3.5353322,-0.245718,-2.757995,-0.9884594,0.44257486
1.3067324,3.2472868,-0.79492944,3.5501425,-0.22739398,-2.7497964,-0.9919644,0.45473802
1.250108,3.2642312,-0.78821754,3.5673983,-0.2485075,-2.7601612,-0.9960911,0.44999748
1.2447488,3.2991261,-0.76935446,3.5715837,-0.27636123,-2.7562613,-0.9946775,0.48207814
1.2396989,3.259923,-0.79604137,3.4872828,-0.29808986,-2.7627249,-0.9950865,0.41975725
1.2974601,3.3156958,-0.7967776,3.4028866,-0.19166493,-2.7633977,-0.97297245,0.49740088
1.2841494,3.2597933,-0.84776145,3.3399606,-0.18892658,-2.7613413,-0.9927655,0.4802872
1.2775197,3.321507,-0.85130763,3.3733685,-0.24230981,-2.7337563,-0.9983186,0.48628306
1.2840598,3.3048744,-0.84628904,3.4167564,-0.23143351,-2.740582,-0.998128,0.48596215
1.2898848,3.2792788,-0.8435211,3.4421344,-0.26155066,-2.743485,-0.99871904,0.47995347
1.2775978,3.4102056,-0.8345459,3.4660923,-0.26106632,-2.7396934,-0.9970677,0.42951775
1.2519665,3.4064686,-0.83629465,3.4613056,-0.28035665,-2.7306836,-0.99308026,0.43714082
1.2503152,3.3921175,-0.83743584,3.4637444,-0.29874635,-2.7348886,-0.99740034,0.42330396
1.2665011,3.3982568,-0.8322142,3.4467788,-0.26849365,-2.739225,-0.9883875,0.46033728
1.2636474,3.3977191,-0.8373824,3.465188,-0.293499,-2.7257814,-0.9577863,0.45938277
1.2628989,3.4198525,-0.8472904,3.4006464,-0.2985741,-2.7093806,-0.9701544,0.46657497
1.2933496,3.3002543,-0.8792283,3.4131424,-0.31087255,-2.7258358,-0.9578984,0.41931337
1.2812064,3.4040112,-0.8533184,3.4262035,-0.18307567,-2.730048,-0.9930001,0.40812445
1.274082,3.4063282,-0.90770215,3.252798,-0.19277203,-2.7148046,-0.9539742,0.4448191
1.3100276,3.4389734,-0.90375835,3.267187,-0.22322309,-2.7160637,-0.9956624,0.47682673
1.3095849,3.4956796,-0.926512,3.2694528,-0.25294805,-2.674912,-0.91032225,0.46315676
1.2963839,3.4580574,-0.9479755,3.2649255,-0.30732667,-2.6905909,-0.94439065,0.41057396
1.2915885,3.4863207,-0.9594765,3.2489352,-0.5211823,-2.6788366,-0.9409594,0.40598714
1.3411169,2.8128836,-0.8694118,5.2277255,0.0443573,-0.53899884,2.0131125,-0.31591356
1.3368421,2.827869,-0.8657266,5.1948934,0.04993272,-0.5295925,2.014089,-0.34730744
1.3398545,2.812029,-0.8727975,5.1932154,0.04967785,-0.5253761,2.0083318,-0.33352858
1.342523,2.8187587,-0.87062407,5.183231,0.049101353,-0.522872,2.0126824,-0.32339585
1.3359168,2.8175726,-0.86304,5.2039127,0.05264592,-0.53269744,2.0123973,-0.3127005
1.3277302,2.8165002,-0.87285644,5.1993237,0.06580567,-0.5342765,2.0112345,-0.3089393
1.3384739,2.7890306,-0.88240075,5.2532067,0.061825752,-0.5238991,2.007333,-0.31702787
1.3303148,2.7650461,-0.8554033,5.2297325,0.06555629,-0.52463007,1.9908183,-0.34534737
1.3290406,2.775907,-0.88664,5.245743,0.071180105,-0.51997876,1.9924729,-0.31058663
1.3015437,2.7421517,-0.87609893,5.161978,0.070376396,-0.5079677,1.9927723,-0.33975726
1.3151865,2.7609792,-0.87860864,5.1617336,0.07507968,-0.4958315,1.991395,-0.34429795
1.3124117,2.7620885,-0.90138805,5.188256,0.07153034,-0.4875493,2.0104086,-0.35036778
1.3095117,2.7599304,-0.90220284,5.1681633,0.055844545,-0.5031495,2.008073,-0.33522722
1.3009096,2.743948,-0.92813414,5.216339,0.065009356,-0.49642825,2.0058885,-0.30274495
1.3014734,2.7426205,-0.920494,5.211091,0.06302285,-0.50290537,2.0054834,-0.3005729
1.308661,2.7566767,-0.92285526,5.1862106,0.06392908,-0.5038886,2.012228,-0.3269721
1.3001494,2.7797613,-0.89000815,5.1808763,0.07366848,-0.5001888,2.0307775,-0.33120722
1.2997618,2.7788305,-0.8891722,5.19158,0.07486153,-0.5129976,2.0296412,-0.3068785
1.2992828,2.7907627,-0.9083456,5.217937,0.07489443,-0.51273584,2.021811,-0.32161504
1.3019831,2.797009,-0.91070914,5.204514,0.07271147,-0.50739145,2.0231419,-0.33083975
1.31653,2.781878,-0.90962887,5.1818933,0.058184147,-0.5098009,2.003127,-0.32111764
1.319777,2.7617128,-0.91755366,5.188361,0.040760756,-0.5054569,2.010866,-0.32614356
1.3247688,2.7575772,-0.9025899,5.182004,0.043951273,-0.50984144,2.0082276,-0.3074226
1.3243368,2.7669177,-0.90602815,5.1688547,0.041555166,-0.51738524,1.9892612,-0.33450288
1.3320227,2.7458901,-0.8697763,5.2283883,0.046666622,-0.52486706,1.9887927,-0.326406
1.3328141,2.7524638,-0.85724443,5.2297335,0.048444986,-0.5427785,1.9886501,-0.3246802
1.3239976,2.746448,-0.871456,5.2054644,0.04185438,-0.54022384,1.9955869,-0.33788484
1.335538,2.7537925,-0.82020915,5.203356,0.043494225,-0.5317178,1.979785,-0.3487974
1.3374503,2.7210913,-0.85286754,5.1976748,0.03573394,-0.53232217,1.9695275,-0.3693991
1.3333113,2.6999557,-0.8072705,5.1035385,0.03777337,-0.52890706,1.9518855,-0.35899913
1.3177819,2.744699,-0.80573404,5.214388,0.030641317,-0.5357759,1.9387729,-0.3614582
1.2879958,2.914299,-0.8054028,5.084219,0.028618574,-0.5241084,1.9565694,-0.3536825
1.2928536,2.9655542,-0.80821276,5.2967024,0.13984275,-0.52577066,1.9635067,-0.38525802
1.2945642,2.9090652,-0.7993423,5.261663,0.13127065,-0.5455344,1.9399722,-0.41434306
1.2866528,2.926125,-0.81140697,5.2707796,0.1398704,-0.5241704,1.963094,-0.41322175
1.2943583,2.9080665,-0.8056133,5.2461557,0.09718442,-0.53179765,1.9414895,-0.41476193
1.2963912,2.809127,-0.8156718,5.2272377,0.09855747,-0.5687914,1.9338439,-0.3645789
1.2983794,2.796399,-0.83341336,5.1842604,0.1026392,-0.5723572,1.929249,-0.36600175
1.3227217,2.8129213,-0.8524716,5.153413,0.100200176,-0.5590415,1.9206617,-0.36722896
1.3288581,2.9139113,-0.85509956,5.085066,0.109837055,-0.5451262,1.923197,-0.41586122
1.3261806,2.8647196,-0.84734076,5.0410433,0.09493089,-0.5545597,1.9217453,-0.3668269
1.3228986,2.8653057,-0.85107124,5.024065,0.08703828,-0.55652666,1.9186807,-0.38067585
1.3218008,2.7933283,-0.8467976,4.9258895,0.0063409805,-0.55486965,1.974256,-0.3728588
1.3235595,2.8947637,-0.90073913,4.9678392,-0.0031046867,-0.5646882,1.9785686,-0.33645254
1.3213212,2.8896966,-0.8710993,5.019719,-0.0041484833,-0.57423186,2.0265024,-0.3503093
1.3273618,2.906332,-0.88631845,5.0179205,-0.0036135912,-0.576807,2.0237935,-0.35385942
1.3329772,2.9321604,-0.89825207,5.028574,0.0030412674,-0.5937402,1.9784248,-0.2971299
1.3254802,2.8899941,-0.89253366,4.998184,-0.0072146654,-0.57094383,1.9770017,-0.33755472
1.328669,2.8926806,-0.90247196,4.8593445,-0.0005635023,-0.5586152,1.9727371,-0.3340131
1.3270351,2.8928297,-0.9130737,4.884567,-0.011391759,-0.53391314,2.0009396,-0.33067393
1.300139,2.8587866,-0.91030645,4.899127,-0.0019488335,-0.5465901,1.9962592,-0.34086147
1.2985791,2.8407474,-0.9096079,4.8993716,-0.0040724277,-0.53710747,2.0015488,-0.3111116
1.2958012,2.87481,-0.90891075,4.8881164,-0.009210706,-0.56836796,2.0144718,-0.32146448
1.3171263,2.9649076,-0.91239136,4.899636,-0.016937971,-0.56316423,2.012441,-0.29584104
1.3135517,2.93674,-0.90999126,4.9164543,-0.02233088,-0.60562944,2.0084682,-0.2967028
1.3068492,2.9162297,-0.8963083,4.90635,-0.024032116,-0.6075506,2.0234683,-0.30134523
1.3003438,2.911471,-0.9044952,4.8802495,-0.01976037,-0.59711266,2.0249352,-0.32517055
1.3075774,2.9175062,-0.9094219,4.8606853,-0.028105736,-0.59824467,2.0379493,-0.31306893
1.3227767,2.9292731,-0.8774086,4.87989,-0.039787054,-0.5994518,2.0351593,-0.29887167
1.3215714,2.9278684,-0.8815536,4.885624,-0.033941388,-0.588269,1.9963963,-0.3143957
1.33577,2.891591,-0.8792778,4.8685803,-0.024810076,-0.59140086,1.9966426,-0.31622365
1.3377441,2.8774688,-0.8598647,4.882316,-0.06473994,-0.57768846,2.0214784,-0.3175844
1.3373351,2.8357804,-0.9064371,4.9470167,-0.05449474,-0.55514646,2.0388746,-0.29030135
1.3326415,2.8563018,-0.91596353,4.9739575,-0.0492934,-0.56663823,2.041177,-0.31366017
1.328361,2.8669355,-0.94539225,4.970457,-0.055425882,-0.55318785,2.0476987,-0.31791997
1.3143145,2.891458,-0.92925197,4.9769306,-0.047556758,-0.5984812,2.0471892,-0.32847613
1.3327453,2.8771043,-0.92010176,5.0181227,-0.04809785,-0.5752888,2.056926,-0.32768983
1.3429854,2.890975,-0.88694865,5.018867,-0.04619527,-0.573679,2.0702558,-0.28505236
1.3416289,2.8848891,-0.89315975,5.018979,-0.04402995,-0.5730727,2.0197747,-0.30586344
1.3424697,2.8184648,-0.89732486,5.0258923,-0.041784406,-0.5538192,2.0336044,-0.30123615
1.3409421,2.8547144,-0.88974464,4.9832654,-0.029298544,-0.5510323,2.0380216,-0.3007762
1.3338588,2.9139535,-0.92474777,4.944916,-0.029403687,-0.5610776,1.9819748,-0.30501223
1.3322366,2.9207256,-0.9087965,4.9621735,-0.023145556,-0.5334749,1.9856911,-0.30191475
1.3151543,2.8409598,-0.9115766,4.9500136,-0.017972112,-0.57711434,1.9821162,-0.3101533
1.320665,2.876596,-0.8927914,4.9346285,-0.016434431,-0.56209993,2.022362,-0.32088438
1.3192275,2.8744626,-0.8831816,4.961811,-0.003023386,-0.5611048,2.0200295,-0.30169475
1.3209295,2.8429375,-0.8750663,5.0384903,-0.0030157566,-0.56335545,2.0211744,-0.30456704
1.3434558,2.8565476,-0.8735377,5.1136584,0.0031063557,-0.5692134,2.0105114,-0.31505805
1.3446745,2.9098563,-0.8731736,5.125677,0.0038731098,-0.5826833,1.9787393,-0.34672576
1.3190409,2.8837054,-0.91827476,5.103742,0.023330212,-0.6056421,1.9645412,-0.29667062
1.3192513,2.9042194,-0.9351681,5.099187,0.025162458,-0.6032865,1.9678957,-0.30853167
1.3292848,2.9256876,-0.89742947,5.0976715,0.03115344,-0.6004145,1.977284,-0.31310079
1.328346,2.9027324,-0.9153741,5.1235895,0.033026695,-0.6006298,1.9677408,-0.3057676
1.3367126,2.9187024,-0.91134554,5.110879,0.035134315,-0.60034823,1.9626665,-0.29934832
1.3254539,2.898519,-0.9288256,5.110156,0.057849646,-0.5552993,1.9475191,-0.29845768
1.3367481,2.864132,-0.8985779,5.1249385,0.063994884,-0.55329585,1.945235,-0.30149502
1.3272641,2.9620843,-0.87737656,5.148052,0.07987356,-0.52139115,1.9395559,-0.33778954
1.325951,3.0563867,-0.9107583,5.1323204,0.10037041,-0.5450077,1.9590113,-0.32762262
1.3242855,2.9257808,-0.91377276,5.136363,0.10535765,-0.5313842,1.965209,-0.3198264
1.3368906,2.9326026,-0.89493847,5.150977,0.07585001,-0.53475,2.004121,-0.2965755
1.332694,2.9300425,-0.91187704,5.163006,0.07474303,-0.535974,1.9407885,-0.32647425
1.3174618,2.9227266,-0.9092842,5.2602434,0.10233402,-0.61052465,1.9305675,-0.36415482
1.3236947,2.907623,-0.88742465,5.235755,0.109778404,-0.60996485,1.9249458,-0.34205645
1.3227578,2.9655538,-0.89591384,5.178344,0.090432405,-0.61539125,1.9353516,-0.32251254
1.3024695,2.9671926,-0.87277484,5.0859976,0.08475566,-0.614696,1.9658134,-0.367626
1.2853798,2.9708982,-0.9097006,5.0839357,0.082410336,-0.6254246,1.9638488,-0.35586926
1.2867706,2.9708054,-0.9177721,5.0882654,0.06499815,-0.63089037,1.9708631,-0.3272705
1.2998219,2.9628975,-0.86787343,5.1383553,0.08117533,-0.62366366,1.9521918,-0.36559758
1.3053577,2.9335864,-0.89662975,5.127995,0.057589054,-0.6177769,1.9619563,-0.35438147
1.3293486,2.9908543,-0.8965922,5.214909,0.038880825,-0.61633396,2.0097878,-0.3475879
1.3403563,2.9881558,-0.90025693,5.18437,0.02403593,-0.6249285,2.0327978,-0.34754813
1.3411542,3.0433552,-0.93955606,5.0935836,0.047772408,-0.6117091,1.9927261,-0.34084055
1.3497405,3.0867102,-0.9475928,5.1218076,0.060439587,-0.52734804,1.9953198,-0.34363288
1.349731,2.9566967,-0.92717147,5.1703444,0.05550003,-0.55669475,2.0049748,-0.3359095
1.338531,2.9531996,-0.9317107,5.155324,0.05765152,-0.5444176,2.0533319,-0.32394278
1.3533351,2.9680774,-0.9360233,5.1514354,0.06001687,-0.5452726,1.9617205,-0.3367225
1.3536785,2.9779837,-0.91499406,5.139336,0.048256397,-0.5554507,2.018041,-0.33882856
1.3544952,2.9581923,-0.9165052,5.142067,0.048998117,-0.5486486,2.0091648,-0.33840927
1.3461077,2.9554784,-0.90579975,5.133985,0.052212,-0.56072736,2.021757,-0.336119
1.3478831,2.8637552,-0.9194372,5.159526,0.046286345,-0.56203866,1.9319208,-0.3121649
1.3460237,2.8861418,-0.94878715,5.1486616,0.044169426,-0.5568576,1.9516778,-0.31101188
1.3552598,3.0871105,-0.9498226,5.145079,0.045576334,-0.48246646,1.9645443,-0.30008072
1.35392,3.0062504,-0.9520446,5.118769,0.033896685,-0.5516248,1.9798229,-0.28361312
1.3580283,3.0673695,-0.97738725,5.105255,0.018419743,-0.4838531,2.0223033,-0.300313
1.363094,3.0158932,-0.9753127,5.128087,0.016333103,-0.60319376,2.0179992,-0.2958935
1.3512532,3.0086317,-0.9617418,5.100966,0.011524677,-0.60471606,2.022394,-0.34943032
1.355936,3.025056,-0.92347515,5.149889,0.012113571,-0.6007159,1.9700391,-0.3323595
1.363689,2.8877373,-0.8992007,5.1679916,0.015691996,-0.519547,1.9922559,-0.31961
1.367273,2.9007165,-0.89527833,5.1692514,0.02849722,-0.5217252,2.0455585,-0.32387435
1.3730228,2.9042869,-0.87987083,5.170067,0.022951126,-0.5245373,2.038937,-0.3678679
1.3718075,2.9046516,-0.90042955,5.188836,0.017360687,-0.53570247,2.0418134,-0.32659212
1.3762109,2.9014235,-0.9172951,5.1733594,0.011974812,-0.53675556,2.0359502,-0.365889
1.3835639,2.8882878,-0.9109788,5.276945,0.017954588,-0.5303345,1.9743011,-0.36426142
1.373317,2.8695123,-0.84095883,5.2853403,0.008939266,-0.51728773,1.9594646,-0.3316412
1.3730509,2.713615,-0.81865495,5.284669,0.01294899,-0.49846578,1.9866819,-0.34445179
