2.493985,2.1854415,-0.80912817,3.0532796,1.0382912,-0.6337662,2.9100487,0.5922091
2.4912608,2.1927094,-0.8099278,3.047308,1.0458095,-0.6339588,2.9376264,0.5925956
2.4866328,2.206853,-0.81007093,3.031144,1.0429068,-0.6420553,2.8764932,0.5956013
2.4864192,2.2279682,-0.80844414,3.0284956,1.0494637,-0.64988303,2.8843687,0.6440208
2.485618,2.2085571,-0.81000066,3.0310495,1.0493634,-0.65582037,2.85949,0.6261889
2.4869547,2.1357703,-0.8106681,3.0415242,1.0518658,-0.6529393,2.8547382,0.61655664
2.4866278,2.13985,-0.80630875,3.0231438,1.0572762,-0.6490898,2.8800154,0.61973345
2.4850252,2.1410947,-0.8034127,3.0153832,1.0556664,-0.65124154,2.859136,0.6125463
2.487588,2.1124635,-0.80993336,3.0105498,1.0522842,-0.66145635,2.851984,0.63307416
2.488953,2.1568396,-0.8066625,3.0051622,1.0370944,-0.6547127,2.8401523,0.6461451
2.4900222,2.2152865,-0.80657315,3.0211546,1.0337002,-0.658798,2.8368979,0.616096
2.4911675,2.1328766,-0.80402607,3.0163264,1.0275469,-0.6463237,2.8317263,0.6119821
2.491365,2.0212874,-0.8081038,3.012621,1.0099118,-0.64282155,2.813316,0.58994746
2.4927506,2.011582,-0.8050287,3.0149722,0.99517345,-0.64852977,2.784961,0.5898148
2.4905384,2.0123265,-0.806612,3.012967,0.99518394,-0.6525345,2.770827,0.5872263
2.4906223,2.0024986,-0.8058882,3.0153332,0.9994812,-0.6538353,2.7626708,0.58899355
2.4896188,2.0044951,-0.8059198,3.0156605,1.0020044,-0.66423297,2.752602,0.588182
2.4921708,2.1270158,-0.80518746,3.0502732,1.0044637,-0.65798473,2.7725203,0.5883018
2.496263,2.1101441,-0.8022776,3.0518749,1.0054052,-0.6654911,2.7718956,0.5888834
2.4950943,2.0282924,-0.8101362,3.0531116,1.0028875,-0.65823174,2.7661338,0.5924915
2.4974613,2.0269523,-0.8052393,3.0577633,1.0043392,-0.6676264,2.7642317,0.62730694
2.4977179,2.0122514,-0.8219814,3.06464,0.99723196,-0.67094254,2.7755647,0.6428734
2.4951766,2.0118744,-0.8209691,3.082234,0.99630594,-0.65420127,2.76679,0.6513821
2.4962518,2.0870025,-0.8212645,3.084175,0.9914694,-0.64683104,2.7591588,0.64228296
2.4958005,2.0246007,-0.8170505,3.0885413,0.99102616,-0.64892435,2.7366095,0.65561545
2.4904675,2.1117775,-0.8194378,3.1000888,1.0007205,-0.64135647,2.722379,0.664299
2.4918494,2.086242,-0.8173774,3.0897152,0.99014425,-0.6266794,2.7444663,0.6692599
2.4921024,2.0854516,-0.8159073,3.0784965,0.9859414,-0.62313986,2.7517169,0.66285396
2.4935267,2.082626,-0.8146446,3.0858278,0.98765063,-0.6208215,2.745964,0.663241
2.4925694,2.161979,-0.8137159,3.0899734,0.97920895,-0.6154301,2.7624145,0.66711783
2.4958005,2.0708618,-0.80958796,3.0828679,0.9798436,-0.63466835,2.7578807,0.6385958
2.4969776,2.1149404,-0.81291413,3.073806,0.978652,-0.62553287,2.7696505,0.6272373
2.496777,2.0913775,-0.826274,3.0877595,0.98169327,-0.63631797,2.7603052,0.6418723
2.4959233,2.0590496,-0.8198723,3.080915,0.98563933,-0.6137593,2.7682574,0.685341
2.4958334,2.0606327,-0.8089607,3.0853875,0.9832072,-0.6120572,2.7631955,0.6222191
2.4960873,2.0777173,-0.8093966,3.0837255,0.97635555,-0.5994401,2.7622137,0.643152
2.4977512,2.1680927,-0.82016885,3.098394,0.9689231,-0.62079954,2.7564645,0.64106226
2.4979963,2.1232882,-0.8078971,3.1004577,0.9878392,-0.6387696,2.7541149,0.62923443
2.500887,2.1255498,-0.8086673,3.104591,0.9886739,-0.6405728,2.7557425,0.67855287
2.5003743,2.1658082,-0.8009868,3.127121,0.9644294,-0.6151328,2.7104535,0.6961719
2.4967182,2.1922543,-0.8035573,3.1171174,0.97297215,-0.6156206,2.7236574,0.672593
2.4960365,2.218496,-0.8034219,3.115956,0.9608853,-0.62329865,2.724019,0.696692
2.5012078,2.188763,-0.7787277,3.0953496,0.9579761,-0.6062169,2.7170727,0.68302214
2.498073,2.1599247,-0.7833006,3.1049254,0.95383763,-0.59461737,2.706184,0.6817725
2.4973233,2.123634,-0.7947992,3.1062703,0.9475806,-0.5999303,2.6843855,0.68188155
2.4948606,2.1054585,-0.7934607,3.0808954,0.94093585,-0.59406424,2.6844203,0.6804842
2.4948308,2.0870814,-0.7632339,3.0771315,0.95001745,-0.57274365,2.68344,0.67968607
2.4920168,2.0600483,-0.7770679,3.0553184,0.94977427,-0.5752411,2.6984231,0.69044757
2.4933465,2.0119948,-0.77795035,3.0479708,0.95965195,-0.5723574,2.7064335,0.7014557
2.4919987,2.0350971,-0.78458893,3.0461,0.9589684,-0.57506824,2.706289,0.70400655
2.4933882,2.0230312,-0.78162163,3.0662029,0.96935034,-0.56731343,2.7239113,0.70346344
2.4939473,2.1791155,-0.77285624,3.0774958,0.94633937,-0.5688062,2.7177029,0.69366074
2.4968414,2.1495607,-0.7770781,3.1039646,0.9588022,-0.5609753,2.7336543,0.7032008
2.498969,2.0632854,-0.7766136,3.094806,0.97921777,-0.572242,2.727873,0.69259965
2.493666,2.0442648,-0.7739973,3.1000774,1.0015771,-0.59420204,2.6981974,0.7219646
2.494164,2.019074,-0.7646799,3.1027262,1.0110157,-0.5979562,2.693661,0.7060497
2.4910555,2.028661,-0.75897455,3.104994,1.0128644,-0.5922456,2.6926565,0.69117224
2.4928741,2.0142384,-0.77649486,3.1188369,1.0033698,-0.6050775,2.696116,0.6799936
2.4933097,2.1214726,-0.7882136,3.1341383,1.0008173,-0.6026492,2.6967335,0.6822386
2.494555,2.1122446,-0.7843088,3.121034,0.9998081,-0.60817575,2.717212,0.69901276
2.4932146,2.1384308,-0.78440154,3.1014125,1.0034475,-0.61731625,2.7250986,0.68803036
2.4987004,2.0860813,-0.78388965,3.1009748,1.0024452,-0.63600445,2.7465334,0.65860224
2.498736,2.1355143,-0.77739483,3.0931544,0.9887583,-0.6347046,2.7385616,0.62863183
2.5013645,2.106698,-0.7795225,3.097813,0.98214555,-0.6422825,2.7287152,0.6290839
2.501008,2.033598,-0.7826405,3.1009285,0.98582244,-0.6292157,2.7222254,0.64169884
2.5001702,2.130142,-0.7810083,3.08216,0.98985624,-0.6272652,2.7385871,0.6626837
2.4967866,2.1447206,-0.78179526,3.0994704,0.99310136,-0.6391301,2.7267895,0.6659186
2.4958305,2.0616577,-0.7967837,3.0885131,0.99958706,-0.63020515,2.7254994,0.68436384
2.494899,2.1107528,-0.78394836,3.1001263,1.0035799,-0.6157179,2.7229369,0.681422
2.4947667,2.1194155,-0.78765595,3.1000679,1.0021083,-0.620075,2.7369866,0.67409396
2.4962442,2.1229937,-0.7871376,3.1100168,1.0225863,-0.6125016,2.757568,0.6759536
2.4967897,2.117903,-0.7862263,3.1019244,1.0123525,-0.61287713,2.7728481,0.67363024
2.4943738,2.0627382,-0.7907274,3.0952754,1.0247648,-0.62886524,2.7726016,0.62660694
2.496181,2.04634,-0.79081655,3.0853426,1.0235398,-0.6283276,2.7751904,0.65589786
2.496264,2.0902493,-0.7718934,3.0906966,1.0227106,-0.63482594,2.7639792,0.6178479
2.4980156,2.0726326,-0.76896346,3.0779934,1.0241935,-0.64082575,2.7639737,0.6251278
2.4986556,2.1813123,-0.77428997,3.0678277,1.0160527,-0.6557298,2.7787275,0.61101484
2.4997458,2.2008653,-0.77260363,3.0698237,1.014349,-0.655324,2.7887578,0.61176264
2.500418,2.1667027,-0.7429445,3.0766346,1.0370822,-0.6345477,2.789328,0.627388
2.5015814,2.0779047,-0.7515496,3.069264,1.0390286,-0.63471603,2.7806082,0.6628363
2.500106,2.0266895,-0.75022,3.0484724,1.0127935,-0.63770247,2.7483246,0.65516067
2.49579,2.047903,-0.7486366,3.044977,1.0157006,-0.6159406,2.7580764,0.64032483
2.496157,2.024903,-0.7719606,3.0370297,1.0079644,-0.62060714,2.7565892,0.6703026
2.4952893,2.0482142,-0.7645484,3.0384355,1.006418,-0.61661816,2.7582178,0.6240121
2.4952707,2.1530316,-0.7450394,3.040281,1.0062103,-0.61891484,2.7502513,0.6103705
2.499223,2.0411913,-0.7489458,3.0476258,0.9887078,-0.61434984,2.7476406,0.62348735
2.4993486,2.0373106,-0.738263,3.0400836,1.0025368,-0.616035,2.7563775,0.6174518
2.5033708,2.0717869,-0.742661,3.0440547,0.9955826,-0.6222353,2.7686899,0.61654544
2.4976935,2.0818295,-0.75364125,3.0471077,1.0099766,-0.6177366,2.7740006,0.6142876
2.4959934,2.0669963,-0.7538304,3.0110056,1.0080688,-0.6234863,2.772089,0.63586307
2.4949055,2.1097019,-0.7485898,3.013201,1.0140362,-0.6518202,2.765465,0.5720756
2.4939218,2.126348,-0.7588581,3.0117273,1.017106,-0.66290855,2.773615,0.56129193
2.4939826,2.2117906,-0.73606586,3.0108874,1.0224016,-0.65889645,2.7741725,0.5639967
2.4882205,2.2224083,-0.7450113,3.0104809,1.0268698,-0.6671989,2.7828236,0.61140776
2.4874809,2.2599497,-0.76437914,3.0045753,1.0232368,-0.6579311,2.7827213,0.59909
2.4853575,2.263376,-0.7535814,3.0112767,1.0252979,-0.6305704,2.7840354,0.6131854
2.485252,2.2597141,-0.7558093,3.026007,1.0228131,-0.6315408,2.7792664,0.62705874
2.4877155,2.1367226,-0.7399213,3.0031745,1.0224612,-0.6190357,2.7708087,0.63069785
2.4870617,2.1472583,-0.7304303,3.0003674,1.018647,-0.6040971,2.782524,0.63262033
2.4891012,2.1656232,-0.73355746,3.0179245,1.0208926,-0.60390806,2.7732303,0.6354809
2.4903986,2.1454225,-0.730716,3.0045984,1.0139754,-0.58363986,2.777755,0.63735497
2.4897738,2.1661897,-0.73789614,3.0060265,1.0215979,-0.6009455,2.783288,0.6131911
2.4878352,2.1878035,-0.75767314,3.0093381,1.0156348,-0.6044452,2.7859466,0.6280875
2.488069,2.1501865,-0.76545143,3.015108,1.0056181,-0.5751991,2.785808,0.649925
2.48605,2.1565657,-0.7780514,3.0115232,1.0036836,-0.56905794,2.789335,0.66858745
2.4825017,2.15535,-0.77725756,3.006769,1.0126457,-0.57004476,2.7864387,0.67912555
2.4826915,2.1547682,-0.78325224,3.0152974,1.0097866,-0.5606234,2.799715,0.71248317
2.4830554,2.1536684,-0.77682734,3.0105753,1.0083239,-0.5629158,2.789867,0.6749381
2.4868674,2.1182146,-0.7769995,3.008992,0.9948797,-0.5840256,2.7781472,0.6474017
2.4872441,2.1077955,-0.7709241,3.0074086,1.0050383,-0.60677814,2.7796419,0.6082598
2.4873724,2.1292489,-0.75874716,3.0032127,1.0055346,-0.60553217,2.7769296,0.64300346
2.4874558,2.15411,-0.7596131,3.00048,0.9886749,-0.6217003,2.7605073,0.6554303
2.489203,2.1219847,-0.76717865,3.00977,0.98081636,-0.638814,2.729395,0.6259707
2.4913173,2.1185908,-0.75266874,3.0162086,0.9986551,-0.6396363,2.7449703,0.63309
2.4915042,2.1085014,-0.75023085,3.0047116,0.9879503,-0.6382766,2.7338877,0.59299624
2.4844234,2.0094063,-0.7636801,3.003411,1.001713,-0.66413903,2.6983151,0.60459673
2.4830444,2.0233195,-0.7647832,3.0075085,1.0024183,-0.6494913,2.692886,0.62170434
2.4823914,2.0061119,-0.75388515,3.0128088,1.0099294,-0.6253662,2.6984818,0.6297188
2.485767,2.021293,-0.7568309,3.0101597,1.0062752,-0.6360178,2.696823,0.62611866
2.4870806,2.0303786,-0.7506567,3.0178099,1.0046952,-0.6456244,2.697735,0.6043179
2.484624,2.0280867,-0.7521835,3.0134795,1.0026424,-0.6530051,2.6838682,0.6014081
2.4849296,2.0432992,-0.7367253,3.002745,0.9919579,-0.632488,2.6759262,0.63159645
2.4849277,2.0106907,-0.7306162,3.0043662,0.993227,-0.6459818,2.658537,0.63753974
2.487021,2.077014,-0.73315835,3.0148518,0.9868846,-0.64703774,2.6768703,0.6204028
2.48664,2.1447937,-0.72065127,3.0105011,0.9886036,-0.6310053,2.681687,0.6288533
0.55549365,3.3698487,0.027378201,3.6889267,-0.35277855,-0.028605938,2.5788703,0.9429302
0.57529616,3.3681817,0.020517826,3.7063131,-0.3724637,-0.028960466,2.5658388,0.9325094
0.56305087,3.348341,0.026049614,3.7281637,-0.38771844,-0.018897772,2.585089,0.9159024
0.572072,3.327251,0.0141637325,3.723584,-0.44862807,-0.030062199,2.592173,0.9444485
0.5653027,3.3261008,0.015498757,3.722981,-0.43752384,-0.025203466,2.5945783,0.93106496
0.56478065,3.3389826,0.013833761,3.718336,-0.39388585,-0.007124424,2.5993233,0.9316778
0.5592708,3.3466516,0.013921738,3.7227874,-0.4178419,-0.03512001,2.5988128,0.93782306
0.55130273,3.3388271,0.013521194,3.7201586,-0.47207606,-0.034967422,2.6124358,0.9140792
0.51905674,3.3196368,0.010679722,3.738589,-0.4701419,-0.0846653,2.5927947,0.9084352
0.5204844,3.311329,-0.02154857,3.7310278,-0.44941485,-0.09211111,2.6276407,0.90558434
0.52774775,3.296165,-0.019788682,3.7351284,-0.47415364,-0.049215555,2.6230109,0.9064288
0.5371346,3.2907143,0.027627468,3.7372851,-0.48356223,-0.064465046,2.6239786,0.9072943
0.5433286,3.2979083,0.022201777,3.7459764,-0.44651246,-0.045309544,2.6295424,0.9315213
0.5347786,3.3179889,0.044261456,3.7401776,-0.4367261,-0.050406456,2.6059039,0.9207008
0.52461326,3.3112483,0.05829513,3.735879,-0.36153555,-0.037676334,2.6043735,0.9303031
0.5340059,3.300912,0.059585452,3.738006,-0.3843385,-0.04157543,2.5834455,0.92995083
0.5219019,3.285901,0.05890584,3.7597327,-0.38314462,-0.061058044,2.588457,0.93520975
0.5166344,3.2897606,0.041035652,3.7459016,-0.43412483,-0.052860737,2.5775344,0.93971133
0.51792526,3.3001716,0.032583,3.7690325,-0.41513288,-0.010651112,2.5612178,0.9446945
0.53255737,3.3042798,0.028469443,3.77495,-0.43749595,-0.005698204,2.5619912,0.9417132
0.5349585,3.3033369,0.038834095,3.7778099,-0.3887428,-0.0052404404,2.534112,0.9254563
0.5526155,3.2896276,0.03902936,3.7789657,-0.3348539,-0.005306244,2.5484483,0.94814754
0.54056257,3.30303,0.038712382,3.7802029,-0.33296573,-0.051956654,2.5543842,0.9587486
0.53856075,3.2978024,0.031914115,3.7926147,-0.34084404,-0.039564133,2.5688193,0.9556471
0.56923234,3.3030908,0.02543497,3.7990718,-0.34092677,-0.045646667,2.5664656,0.954528
0.5602775,3.3003716,0.03206086,3.7653236,-0.35442567,-0.06581712,2.5695953,0.9541558
0.57967824,3.304932,0.033015132,3.7583225,-0.32408285,-0.061370373,2.5347073,0.95599234
0.5522203,3.314354,0.03308916,3.7542071,-0.32459593,-0.06793141,2.555773,0.9188522
0.56751657,3.2845783,0.046354294,3.740623,-0.3583901,-0.05569744,2.5724456,0.9188422
0.5595181,3.274889,0.057352066,3.74631,-0.39900422,-0.0650022,2.610671,0.90803707
0.5632153,3.280449,0.059734106,3.746388,-0.3883344,-0.044632673,2.5943336,0.9071865
0.5411115,3.2925353,0.061180115,3.75334,-0.38887918,-0.03796029,2.5697253,0.9143977
0.55084807,3.2746515,0.05404401,3.7616584,-0.36422443,-0.014312983,2.5713089,0.92072785
0.555591,3.2721875,0.062149882,3.7569737,-0.40060294,-0.010056257,2.5719023,0.9114996
0.5312209,3.275024,0.057866335,3.7582026,-0.4020965,-0.09244871,2.5719194,0.9119226
0.5500766,3.2616856,0.05770278,3.7320964,-0.40906334,-0.10282993,2.6308017,0.9132601
0.5299168,3.2678695,0.053688526,3.7609885,-0.39586794,-0.088656425,2.6331298,0.91241896
0.52871925,3.2937138,0.060303926,3.7382596,-0.4038155,-0.104091644,2.6419208,0.90976036
0.5275603,3.2884216,0.061197877,3.7462726,-0.42208767,-0.076156616,2.6422422,0.919263
0.52725893,3.3049338,0.07358134,3.7311153,-0.36110508,-0.077246666,2.6418676,0.9234482
0.5157467,3.2907104,0.07334709,3.7324522,-0.3981043,-0.08313942,2.6444008,0.92358375
0.5159048,3.2736113,0.07670832,3.738706,-0.3993976,-0.082835674,2.637602,0.90418446
0.51558,3.2897515,0.07336962,3.7569537,-0.37620437,-0.07910538,2.5617523,0.9033041
0.5220781,3.2985568,0.06559205,3.7535295,-0.38898432,-0.09873152,2.618231,0.90626276
0.5454044,3.281005,0.033118963,3.7451825,-0.36810005,-0.09695101,2.620066,0.9363502
0.5426155,3.281414,0.036106825,3.7367368,-0.36552882,-0.09391618,2.601924,0.95526886
0.61048347,3.2808142,0.036226988,3.7356434,-0.36945057,-0.09860897,2.5911758,0.95210016
0.5671856,3.2673535,0.034533978,3.7382598,-0.37597024,-0.078276634,2.6001775,0.9473796
0.56608486,3.2557147,0.03034997,3.7460642,-0.39945245,-0.07998204,2.656759,0.93725467
0.560623,3.2666068,0.033717155,3.748721,-0.39580584,-0.09230733,2.6517432,0.93408513
0.56548744,3.2636805,0.035615444,3.742902,-0.41959524,-0.10978913,2.6050768,0.90486455
0.56667405,3.2711468,0.031957984,3.7373579,-0.4231503,-0.07624817,2.6120572,0.91486585
0.576565,3.2579887,0.043617606,3.750787,-0.41987574,-0.0990746,2.6285913,0.9071219
0.567887,3.2652354,0.039830685,3.7600799,-0.40782285,-0.07506704,2.6308875,0.915805
0.57693255,3.2624636,0.038811922,3.7549467,-0.42601144,-0.07068491,2.629228,0.91618633
0.57258266,3.266736,0.03400469,3.7477067,-0.43301868,-0.036955357,2.6155417,0.9179015
0.5698186,3.2595735,0.031223416,3.7623308,-0.3999231,-0.11087227,2.6212912,0.9133725
0.55019885,3.2633076,0.033004522,3.7801723,-0.39054894,-0.095350266,2.6226175,0.91278434
0.5157431,3.2774134,0.02921474,3.7777247,-0.39248645,-0.11395049,2.6296082,0.9119942
0.5319511,3.282937,0.03328681,3.772179,-0.3900361,-0.06963587,2.6170979,0.95141935
0.5324064,3.2812214,0.024073362,3.7760363,-0.37947333,-0.07403922,2.6499267,0.94080687
0.5415935,3.2901192,0.032927632,3.7750669,-0.3392328,-0.082104206,2.5970094,0.9403093
0.5620248,3.2921119,0.025968313,3.7714381,-0.3220415,-0.033570766,2.5883224,0.93595386
0.5980554,3.277509,0.026471615,3.7742765,-0.3177892,-0.015212059,2.5813868,0.9449754
0.58684397,3.3005953,0.036953688,3.7410295,-0.30389702,-0.010399342,2.580812,0.9478425
0.5867991,3.2843804,0.038380146,3.7315097,-0.3304236,-0.010739565,2.5881503,0.9518385
0.57955545,3.283196,0.039913416,3.7364426,-0.3225969,-0.03014493,2.5827172,0.951239
0.588215,3.283958,0.04233575,3.7369123,-0.35592508,-0.032339334,2.5747437,0.9280685
0.60050064,3.2797623,0.031224966,3.728806,-0.38609755,-0.024247646,2.5910935,0.92801905
0.6004549,3.2838821,0.031264067,3.729488,-0.37085366,-0.006663084,2.5842977,0.9177567
0.5963329,3.2776132,0.024600148,3.7276397,-0.35833895,-0.0015358925,2.5868385,0.9467219
0.60782564,3.2871547,0.02064085,3.7384567,-0.34378588,-0.000667572,2.5811453,0.9421232
0.60854214,3.2829535,0.023995042,3.745246,-0.382115,-0.00029182434,2.5752277,0.9272115
0.61050844,3.2826667,0.023028731,3.7297397,-0.39226222,-0.00035119057,2.5875192,0.9226258
0.61401945,3.2573285,0.03344357,3.721077,-0.35234904,-0.0036861897,2.5916371,0.9495435
0.6150495,3.2594004,0.035735488,3.7183146,-0.36340046,-0.04918194,2.6090024,0.9533889
0.6233208,3.2377448,0.03153205,3.7319756,-0.38624012,-0.051737785,2.610593,0.94535625
0.63234425,3.2353344,0.042450786,3.735194,-0.41085255,-0.07658076,2.6239884,0.8987689
0.61784244,3.239428,0.045985818,3.741103,-0.37533808,-0.0691607,2.6223323,0.96349454
0.60396993,3.2247686,0.040490627,3.7720304,-0.3665737,-0.06358409,2.6208744,0.96005774
0.6119818,3.2044215,0.03496766,3.7645335,-0.3767674,-0.03841281,2.6217246,0.9192616
0.5925776,3.1881323,0.04172921,3.7604656,-0.3858546,-0.03794527,2.6182232,0.9167621
0.6082715,3.2022533,0.035802364,3.7629848,-0.39178014,-0.037433863,2.6108677,0.9121361
0.6277812,3.1996639,0.03740418,3.7751765,-0.39878476,-0.04286623,2.6110134,0.9242896
0.63143504,3.1856813,0.020943165,3.7796974,-0.3979267,-0.043257713,2.630776,0.9273797
0.6022074,3.1918683,0.01902616,3.7838392,-0.41422856,-0.038816452,2.6378758,0.9303371
0.56717706,3.1878476,0.02303648,3.785706,-0.4241922,-0.03819132,2.6355538,0.9288136
0.5950029,3.1753585,0.0048310757,3.7766433,-0.43699574,-0.035131216,2.641745,0.9235854
0.6149118,3.1608465,0.010549784,3.7750568,-0.38565743,-0.036556244,2.6423006,0.92200303
0.6019256,3.1792839,0.014625907,3.7694228,-0.4057026,-0.038354397,2.6419804,0.92502856
0.6256953,3.1984115,0.011039615,3.7641344,-0.40984476,-0.035255194,2.6457593,0.92813444
0.6128056,3.1918972,0.014064312,3.76151,-0.42097807,-0.031802177,2.651512,0.9321289
0.6219046,3.2054067,0.013399839,3.7622943,-0.41693437,-0.03356099,2.6519804,0.9339473
0.63459736,3.2097278,0.010862112,3.7682571,-0.38357294,-0.024130583,2.6315947,0.948076
0.5646287,3.198426,0.015777469,3.7717133,-0.3952211,-0.011984587,2.630053,0.9351876
0.5676512,3.2012672,0.016315937,3.7624695,-0.37475562,-0.013171911,2.6358454,0.9399699
0.5792079,3.2019677,0.025010586,3.7417974,-0.3597765,-0.014161587,2.6399415,0.9408976
0.62796795,3.2005517,0.030733943,3.7607296,-0.3388344,-0.0150671005,2.622322,0.93292713
0.6252099,3.1990843,0.018512964,3.7653792,-0.32938015,-0.005835533,2.6146595,0.9301834
0.6099267,3.1827993,0.019301057,3.7781124,-0.33328104,-0.009898186,2.6167798,0.93234634
0.63953507,3.1925921,0.017148256,3.7685428,-0.33014345,-0.010230064,2.6155238,0.9319165
0.62999976,3.1949801,0.01984191,3.7752404,-0.39617383,-0.028711319,2.6157496,0.9333079
0.60999775,3.200337,0.009916544,3.7728958,-0.37806785,-0.021245003,2.611338,0.9203799
0.5947856,3.2191324,0.027276516,3.7689989,-0.3938235,-0.022520065,2.6064053,0.92532325
0.59521776,3.2191434,0.028806806,3.7726212,-0.39465475,-0.021814585,2.6132247,0.9373499
0.56980217,3.2231584,0.04307151,3.7652967,-0.367275,-0.018559456,2.5966458,0.92059827
0.56459594,3.2251055,0.059676886,3.7654223,-0.37053537,-0.023218155,2.596322,0.92684555
0.55581254,3.2105756,0.06147015,3.7772205,-0.3736465,-0.109115124,2.6126478,0.94631624
0.53976154,3.2094426,0.051190853,3.7959692,-0.3564329,-0.13214374,2.59593,0.94133306
0.54128015,3.2016125,0.07793367,3.7963428,-0.3801738,-0.06458235,2.5795987,0.8995309
0.54137015,3.1946692,0.096423745,3.7976556,-0.344357,-0.07527423,2.579924,0.905401
0.5466737,3.1924205,0.102173805,3.7895682,-0.325158,-0.07305002,2.5380213,0.910831
0.54809284,3.1868691,0.102422,3.7966328,-0.3304435,-0.07024479,2.5419316,0.90354586
0.5531764,3.1980958,0.09853506,3.7920923,-0.3531598,-0.07231879,2.5641282,0.8981178
0.5586802,3.1964443,0.10467875,3.7926033,-0.36057997,-0.06369376,2.5498354,0.89373124
0.55896986,3.1922863,0.107486606,3.7940965,-0.32966292,-0.06742716,2.5605214,0.8977046
0.55608195,3.1973658,0.10677874,3.7954633,-0.33536935,-0.058918238,2.5637152,0.8985791
0.54567444,3.1979136,0.1042366,3.795745,-0.33072162,-0.05963421,2.5746355,0.89690435
0.53579867,3.1770353,0.09722817,3.789834,-0.39751375,-0.052892923,2.5405238,0.89360404
0.5611945,3.1699991,0.09496319,3.7876484,-0.4170035,-0.062698364,2.5858452,0.90323675
0.52626306,3.1753676,0.09606922,3.7911518,-0.42109716,-0.062564135,2.5698187,0.91435003
0.5361108,3.1736853,0.09072161,3.7842507,-0.41527724,-0.108576775,2.6178815,0.9120562
0.52353835,3.173429,0.09862518,3.7805083,-0.41393793,-0.09583092,2.5832083,0.88827825
0.5481399,3.1589313,0.101434946,3.7874627,-0.4091376,-0.10537386,2.5748055,0.90607
0.5582228,3.1699786,0.091680646,3.7991219,-0.39610398,-0.09565878,2.6030974,0.90394926
2.1015525,4.8610754,1.7993946,3.8587017,1.4455175,-0.19946337,-0.9775533,0.068596244
2.0968232,4.8650894,1.8025055,3.8461573,1.4611838,-0.19728851,-0.9045859,0.07769191
2.0656214,4.826996,1.7852571,3.8776746,1.4661636,-0.18105865,-0.91173494,0.08394152
2.07162,4.799467,1.7967935,3.8529909,1.4644036,-0.21767259,-0.9789554,0.08897829
2.065418,4.7250395,1.783864,3.8630688,1.5166209,-0.23634696,-0.9474491,0.08643937
2.0482001,4.750836,1.7666802,3.8497887,1.5547554,-0.22584891,-0.96976584,0.085303605
2.0740523,4.7541485,1.781879,3.85295,1.5385923,-0.2294867,-0.9672177,0.08368039
2.0638328,4.6393495,1.7862449,3.84797,1.5277424,-0.2146995,-0.9855604,0.0819844
2.0176497,4.5480075,1.7859793,3.8549483,1.5623395,-0.20686078,-0.9849942,0.08422744
2.0164204,4.5565186,1.7965381,3.867599,1.5415869,-0.20261216,-0.9589442,0.085670054
2.0236852,4.6379957,1.788198,3.8578773,1.5608449,-0.1987555,-0.97498924,0.084113896
2.0252316,4.6168747,1.7943184,3.8598733,1.565484,-0.20183587,-0.9528519,0.08402187
2.0278268,4.568671,1.8034239,3.8664658,1.5472021,-0.20485926,-0.94834447,0.085568905
2.0252147,4.461809,1.805325,3.8572214,1.5168674,-0.19607711,-0.92032063,0.085858226
2.043146,4.544549,1.8276653,3.8606086,1.4992363,-0.20413637,-0.93787235,0.09480393
2.0452414,4.5332794,1.8298769,3.852644,1.5911498,-0.19479322,-0.89558446,0.086447954
2.04575,4.4991236,1.8502378,3.8784459,1.5781052,-0.17120028,-0.9035276,0.07710707
2.034371,4.501033,1.8498914,3.886393,1.565547,-0.17175055,-0.9073563,0.07502526
2.054753,4.498307,1.8530219,3.9057074,1.5627265,-0.20258856,-0.9128052,0.069909096
2.0545092,4.673564,1.8442826,3.921047,1.5216334,-0.20392728,-0.9171999,0.07418072
2.0531125,4.6962986,1.8234415,3.9193425,1.5333555,-0.2074256,-0.8841499,0.07307726
2.0407588,4.6961784,1.8204522,3.9272873,1.5410905,-0.20467639,-0.9062444,0.07279599
2.0480375,4.6199455,1.8216681,3.9351606,1.5291097,-0.21075225,-0.888475,0.06085211
2.0685635,4.6902256,1.82127,3.9332733,1.5333345,-0.2185297,-0.90546346,0.06164825
2.0657089,4.679345,1.8278358,3.9420571,1.5276778,-0.21235657,-0.94040644,0.06154245
2.0461102,4.671224,1.8318663,3.9234145,1.5201497,-0.20775008,-0.95541006,0.07082474
2.027029,4.6574345,1.7978249,3.9059494,1.491554,-0.18356371,-0.9182002,0.07291281
2.0175343,4.582493,1.7836075,3.8947856,1.4532685,-0.18286562,-0.93893415,0.07335496
2.0207887,4.5378795,1.78567,3.87186,1.4854875,-0.16607189,-0.97046757,0.06429505
2.0195189,4.582078,1.769,3.858779,1.4986112,-0.15318537,-0.9165201,0.068232894
2.0198941,4.58051,1.7582774,3.8646915,1.5046556,-0.1464448,-0.89091027,0.065951586
2.0174441,4.46344,1.7742033,3.8553214,1.5555642,-0.14602709,-0.89429086,0.06696975
2.0219457,4.470523,1.7714534,3.840319,1.5553925,-0.15878558,-0.8862748,0.06691581
2.0283408,4.4594927,1.7686567,3.8426487,1.5845194,-0.17959952,-0.9091925,0.06567198
2.00791,4.4171853,1.7715914,3.852877,1.5516806,-0.18431807,-0.9352353,0.06734997
2.012795,4.519232,1.7770975,3.8331985,1.526387,-0.1680572,-0.93618107,0.08047509
2.0166974,4.533023,1.7830245,3.846839,1.5479317,-0.16113472,-0.9472752,0.07231665
2.015554,4.573329,1.7859077,3.8381655,1.5133717,-0.15938044,-0.9426219,0.08001399
2.014615,4.5726094,1.786763,3.8315687,1.5192623,-0.14685416,-0.9504587,0.07746732
2.0167496,4.573548,1.781729,3.830136,1.4800036,-0.14186502,-0.938842,0.0796572
2.0285218,4.546553,1.7890079,3.800128,1.5390422,-0.11690259,-0.9293611,0.07598555
2.028516,4.516362,1.78827,3.7972348,1.493751,-0.11250639,-0.9220862,0.07002306
2.0295107,4.4936056,1.8138099,3.7958775,1.530854,-0.113049984,-0.9289192,0.08353293
2.0318525,4.4913273,1.8201149,3.796793,1.5098128,-0.11753893,-0.92681795,0.08997893
2.0320892,4.540833,1.82375,3.796307,1.5250051,-0.109439135,-0.9260308,0.08840954
2.0321648,4.4709034,1.7942214,3.7929316,1.5133615,-0.114139795,-0.93561524,0.07442647
2.0177307,4.5290594,1.7840879,3.7896318,1.5338857,-0.10630798,-0.924205,0.08155519
2.0242095,4.492911,1.8019805,3.7937312,1.5370345,-0.116547346,-0.9416629,0.07751614
2.0176816,4.502072,1.7905719,3.7897978,1.5155337,-0.10558295,-0.93385255,0.075003624
2.0243852,4.56507,1.774476,3.7967808,1.5166707,-0.12143803,-0.914583,0.075414896
2.0203457,4.57839,1.76683,3.7952695,1.5024166,-0.099867344,-0.9276253,0.073675215
2.0204349,4.551564,1.7715492,3.801217,1.5269611,-0.10090327,-0.9233894,0.064601004
2.0220656,4.5300417,1.7878654,3.820297,1.4940352,-0.10966325,-0.91193014,0.065134585
2.029871,4.490509,1.7726829,3.8219185,1.4792566,-0.12387991,-0.93412495,0.059987724
2.0429168,4.5134454,1.8086991,3.81325,1.5334299,-0.14322352,-0.95377636,0.06428051
2.0417657,4.443441,1.7912011,3.7858844,1.531208,-0.14125681,-0.95055157,0.068338394
2.037917,4.428531,1.8140016,3.8030994,1.5270078,-0.11227751,-0.9389813,0.057193756
2.0345302,4.3704395,1.8117142,3.8030596,1.5395892,-0.12344885,-0.9464173,0.051602125
2.033484,4.4508243,1.8034165,3.8230426,1.5346217,-0.1270454,-0.90986586,0.057631552
2.023869,4.4317513,1.7683239,3.8427062,1.5013468,-0.14534831,-0.92144877,0.06373721
2.0144556,4.4728646,1.7555902,3.844802,1.5168486,-0.14863753,-0.9023941,0.062490344
2.009118,4.513792,1.7447891,3.829844,1.5079808,-0.1411643,-0.9248394,0.05630988
2.0028715,4.497261,1.7481501,3.8386235,1.5715091,-0.14241743,-0.92489594,0.06284189
2.0007362,4.574975,1.741651,3.8395462,1.5291431,-0.13127375,-0.91915596,0.06430715
2.0015464,4.568342,1.7638223,3.848434,1.5043766,-0.12821007,-0.9072371,0.06408656
2.013445,4.5886974,1.7609415,3.8614101,1.5056643,-0.11549616,-0.87672997,0.058327794
2.0081592,4.583045,1.7638874,3.8481615,1.5009153,-0.13443565,-0.9152617,0.0619002
2.0305037,4.591383,1.7973228,3.846605,1.4972825,-0.13546705,-0.94534314,0.06534737
2.0276184,4.5009985,1.8011167,3.8597,1.4996045,-0.14734745,-0.9345419,0.066997826
2.0204413,4.5023575,1.8055007,3.8692634,1.5356772,-0.13589478,-0.88338286,0.07230371
2.0200639,4.5802574,1.8091445,3.8499527,1.552594,-0.13334179,-0.89197147,0.085430264
2.0224967,4.6019297,1.8069856,3.839126,1.5083346,-0.13507676,-0.86860853,0.096571684
2.0326543,4.6124105,1.7929103,3.8369465,1.5135846,-0.14415216,-0.86944157,0.094759345
2.0305226,4.644579,1.7998548,3.852935,1.4839964,-0.14212942,-0.88139635,0.0944556
2.0247624,4.540319,1.8249569,3.841123,1.4509311,-0.14745235,-0.93978834,0.09733224
2.0239553,4.5887737,1.8326523,3.8531446,1.467659,-0.1285367,-0.92273086,0.081609726
2.0263102,4.5923347,1.8169653,3.853859,1.5103581,-0.124222994,-0.91246265,0.08345389
2.0195773,4.5855427,1.80374,3.8527734,1.51158,-0.13470602,-0.90730023,0.083010614
2.014425,4.506959,1.8098831,3.850698,1.5294352,-0.15209651,-0.9093749,0.09163457
1.986336,4.3796797,1.7954001,3.872841,1.5504994,-0.14511728,-0.9075158,0.09860885
1.9885762,4.3876905,1.7978189,3.8955822,1.623311,-0.20621085,-0.9136672,0.09501523
1.9922231,4.4372826,1.7727299,3.8895972,1.6222534,-0.2239995,-0.92656827,0.09310448
1.9922036,4.4338474,1.7700105,3.8577156,1.5530813,-0.21455765,-0.92333907,0.10721719
1.993172,4.477235,1.7733603,3.8558245,1.5672929,-0.21689558,-0.93968993,0.107138515
1.9873078,4.4914794,1.7596488,3.856695,1.5449963,-0.23649144,-0.9511444,0.10885978
1.9930465,4.513294,1.7329412,3.8523684,1.5921082,-0.23838162,-0.9637991,0.10480726
1.998437,4.5841427,1.7574813,3.8344522,1.5835669,-0.23279572,-0.9542599,0.11937368
1.9983178,4.604414,1.7487264,3.8354435,1.5533996,-0.23041439,-0.91836655,0.123821914
1.9922531,4.619032,1.7495997,3.837088,1.5540936,-0.20416951,-0.91952085,0.12237346
1.9900106,4.5613375,1.7589068,3.8286095,1.567214,-0.20151806,-0.9174387,0.13318849
1.9898393,4.481856,1.7725348,3.8262856,1.5872753,-0.19954824,-0.9149805,0.1280635
1.9912767,4.478381,1.7643275,3.8209877,1.5792997,-0.20824409,-0.9145626,0.1288302
1.9945377,4.4283156,1.7824757,3.8230965,1.5795827,-0.2241714,-0.91529906,0.1406995
1.9933062,4.407217,1.7982144,3.7984042,1.567502,-0.19773817,-0.9383685,0.13828772
1.9872296,4.4022746,1.7878902,3.789607,1.5622892,-0.18067288,-0.934336,0.14242136
1.9982909,4.3824463,1.7994385,3.7880147,1.6181405,-0.17441368,-0.9143124,0.14113718
2.0030231,4.4178696,1.7996135,3.7712824,1.5527935,-0.18004894,-0.9146738,0.13946867
2.0066035,4.4875298,1.7961965,3.779841,1.5496879,-0.15281081,-0.9005594,0.1399982
2.0072353,4.448192,1.7977934,3.7808933,1.556212,-0.158952,-0.8935182,0.12585855
2.0067112,4.454397,1.7688732,3.7857444,1.5756361,-0.16178465,-0.9031422,0.112718225
2.0093942,4.4707656,1.7667325,3.7852683,1.5777259,-0.16422033,-0.89892817,0.11095238
2.0094163,4.420825,1.7673922,3.7854342,1.640758,-0.15892696,-0.90747106,0.10057962
2.013445,4.4607086,1.7673869,3.7861993,1.5893595,-0.16718578,-0.93498653,0.09253812
2.0147243,4.458941,1.7648673,3.782174,1.6195626,-0.15544438,-0.9349097,0.09020656
2.0134418,4.4554234,1.7736132,3.778523,1.5745373,-0.14338827,-0.9408407,0.0861541
2.0139728,4.4409223,1.7709267,3.7856758,1.5481553,-0.15971994,-0.9542161,0.08952546
2.012083,4.4741,1.7418759,3.7630622,1.5432837,-0.14314795,-0.9346483,0.086366236
1.9971417,4.4552565,1.7258472,3.7561715,1.5683684,-0.17995095,-0.92993957,0.113065064
1.9929733,4.419769,1.7293186,3.7572167,1.5971701,-0.16990018,-0.9169774,0.12312633
1.9911795,4.434559,1.724402,3.7573907,1.5659513,-0.16714239,-0.8994075,0.11923647
1.9985588,4.4390984,1.7212267,3.7497149,1.6199567,-0.18360138,-0.93905973,0.11868477
1.9937325,4.4266243,1.7198203,3.745939,1.5804384,-0.18553305,-0.9235759,0.12060177
1.9951851,4.4156094,1.7137101,3.736229,1.5849798,-0.18257904,-0.9322218,0.116482675
2.0042524,4.470537,1.7046416,3.7386189,1.6522074,-0.18823743,-0.94599473,0.11644369
1.9937766,4.457725,1.7130103,3.7439265,1.5847952,-0.18217087,-0.9501947,0.11401576
1.9991425,4.477586,1.6978326,3.7332237,1.6206751,-0.17395711,-0.93439484,0.11809248
1.9982119,4.4656515,1.6979961,3.7460818,1.6367767,-0.17305589,-0.921566,0.11381078
2.0033288,4.4889107,1.6946223,3.7589197,1.5985744,-0.1794889,-0.919643,0.10759342
2.0018024,4.4973726,1.672097,3.7466617,1.6067755,-0.17983341,-0.88772017,0.121742904
2.0016165,4.566842,1.6830304,3.7388346,1.6195221,-0.16249919,-0.8909017,0.11981678
2.002285,4.5153894,1.6865983,3.731566,1.6135657,-0.15397978,-0.8840437,0.12294221
2.0041413,4.512291,1.6901734,3.7457972,1.6323683,-0.17292953,-0.8824104,0.11528802
2.0048494,4.6822424,1.6798482,3.7578497,1.5698168,-0.20916295,-0.96593845,0.118741274
2.0140517,4.7430305,1.7056141,3.7567668,1.5781004,-0.2171936,-0.957175,0.13804698
2.019796,4.7126637,1.7076697,3.743786,1.5528457,-0.2066896,-0.9046867,0.14409214
2.9050827,2.1427557,-0.91238546,4.4244857,0.4523952,-2.3917408,2.0443347,0.49424863
2.9119687,2.1506274,-0.8463095,4.4038997,0.44995427,-2.3931062,2.0156198,0.4959811
2.9133067,2.1608758,-0.88836104,4.368845,0.44535637,-2.4046202,2.0235362,0.47748494
2.9167447,2.1631417,-0.8814214,4.3721714,0.44509053,-2.404782,2.0190673,0.47879934
2.9200203,2.136836,-0.9268445,4.3695407,0.4024284,-2.412047,2.2273116,0.4372121
2.9301465,2.1231196,-0.9619528,4.3762493,0.43648148,-2.4003572,2.2088802,0.42999673
2.940106,2.0360203,-0.9516112,4.402273,0.52072287,-2.399142,2.2454252,0.42539227
2.9390123,2.0205393,-0.96831906,4.43815,0.48759794,-2.3970878,2.2799869,0.42698878
2.9320512,2.0227299,-0.9731103,4.4014425,0.4246416,-2.3920622,2.2638814,0.42876542
2.9399316,2.0554695,-0.9509396,4.274506,0.44148207,-2.400425,2.2528384,0.43634522
2.945094,2.0240247,-0.85880303,4.2894807,0.4386077,-2.394412,2.2528214,0.44584918
2.939068,2.022809,-0.85809374,4.1930857,0.41435885,-2.3958988,2.3195837,0.44725376
2.9359622,2.1948888,-0.861312,4.1596513,0.34838152,-2.412311,2.1326272,0.43476576
2.9393141,2.0423193,-0.87714803,4.3417015,0.32833934,-2.4228137,2.2540042,0.433779
2.9338853,2.0930734,-0.84638566,4.078377,0.3488481,-2.413382,2.2745376,0.4508251
2.937728,2.0690415,-0.8320954,4.2136626,0.3572352,-2.4091053,2.3156135,0.41762447
2.9387915,2.1004622,-0.7965352,4.1363287,0.34583712,-2.4081392,2.3180215,0.4178157
2.9141788,2.1229546,-0.797908,4.043637,0.30009198,-2.3974774,2.3278341,0.43903363
2.9217412,2.1307855,-0.72249895,3.833907,0.29522753,-2.4197228,2.3265367,0.43185037
2.930871,2.109053,-0.7343504,3.811931,0.2909453,-2.4431572,2.3262813,0.39957488
2.9308035,2.0906324,-0.73312616,3.8450766,0.2710905,-2.4404495,2.1091304,0.39837754
2.9308662,2.1198194,-0.71978885,3.8391175,0.2603109,-2.4345922,2.0717082,0.38044024
2.9062762,2.1666534,-0.7216754,3.7866814,0.25682855,-2.4243731,1.992044,0.5032029
2.9092839,2.2049828,-0.61239374,3.7909408,0.25808072,-2.4222183,1.9601972,0.5025296
2.8971462,2.1907759,-0.66207457,3.8416445,0.26751208,-2.420127,2.0487638,0.49679136
2.8980308,2.1812384,-0.644611,3.830984,0.2585883,-2.4189458,2.1318622,0.47292608
2.8979702,2.1968524,-0.73277783,3.824639,0.27296448,-2.42087,2.1420915,0.4747783
2.9089649,2.1936703,-0.66344315,3.7280643,0.2776556,-2.4092352,2.1398895,0.47640455
2.9055161,2.1962342,-0.6761152,3.7431889,0.27234244,-2.3983378,2.0838397,0.49114466
2.9034352,2.1730382,-0.67743313,3.635319,0.26038504,-2.4089937,2.123825,0.46980834
2.9055147,2.1667194,-0.6991268,3.6881168,0.2748375,-2.4071307,2.1851263,0.45733404
2.9387887,2.068307,-0.6734019,3.6850553,0.27609205,-2.4505231,2.110003,0.4614942
2.9513326,2.144,-0.6715785,3.766018,0.34909773,-2.4384303,2.220676,0.45245564
2.9499502,2.1182015,-0.68330455,3.7621522,0.35085344,-2.4196086,2.349663,0.44661164
2.948287,2.1006315,-0.6768927,3.8182476,0.32683587,-2.4146163,2.274895,0.44058955
2.9444733,2.044993,-0.7246406,3.8324904,0.32291436,-2.4061837,2.2958212,0.43777394
2.9451957,2.0829642,-0.6804773,3.898393,0.3234651,-2.4157968,2.2200158,0.44205636
2.946372,2.0878723,-0.69680655,3.9137213,0.3409207,-2.4097853,2.2503061,0.43834996
2.9443493,2.0947897,-0.9457941,4.0738487,0.3443663,-2.4011636,2.1934984,0.45380515
2.9467428,2.0880103,-0.88579863,4.0985236,0.3475933,-2.400916,2.1544747,0.4740858
2.9455884,2.0754051,-0.9022353,4.1177707,0.27155232,-2.3942065,2.0801454,0.4848984
2.9559414,2.061492,-0.90089864,4.146493,0.32790947,-2.3871033,2.0190053,0.48163414
2.95771,2.0400708,-0.85206044,4.0813527,0.32891083,-2.3741727,1.9719384,0.4940616
2.9567797,2.038459,-0.7981996,4.077794,0.3047042,-2.381435,2.1074536,0.4942447
2.9482439,2.0460958,-0.79357463,3.9868717,0.2645464,-2.3765755,2.0943096,0.49865735
2.945004,2.0031834,-0.81024563,3.9488964,0.27002573,-2.3732762,2.3813365,0.46600246
2.9400282,2.0497696,-0.87609434,3.9009647,0.27158165,-2.381232,2.3741548,0.46698797
2.9343152,2.065298,-0.7910655,3.959726,0.2681718,-2.3787456,2.404593,0.4650141
2.938567,2.05074,-0.86349297,4.135929,0.26712084,-2.383798,2.416421,0.46557117
2.9338927,2.0131495,-0.8598517,4.238797,0.26991367,-2.376295,2.433999,0.46794075
2.943438,2.0012684,-0.83540994,3.9592748,0.2783854,-2.3779593,2.3885832,0.37177962
2.9458733,2.0608048,-0.84195215,3.9300041,0.2601223,-2.3786097,2.4172225,0.37023342
2.9479342,2.000927,-0.84066534,4.1620226,0.25160575,-2.3781781,2.3778899,0.369101
2.9322104,2.0377805,-0.83421206,4.217224,0.28396654,-2.3736453,2.3917575,0.36038315
2.9211814,2.0109138,-0.8336345,4.029231,0.19984555,-2.3384712,2.5398738,0.33733976
2.9171708,2.0479202,-0.82431936,4.0957,0.20648813,-2.3386502,2.592427,0.34084535
2.9295454,2.0074222,-0.82872134,4.1853733,0.33253646,-2.3380823,2.5193355,0.3391838
2.9290981,2.0061972,-0.82782125,4.1843576,0.32047892,-2.3327641,2.5133295,0.34134114
2.9328582,2.056612,-0.8332264,4.0142612,0.31617427,-2.3377562,2.51368,0.43806517
2.9132335,2.0633957,-0.84757674,3.972972,0.30518556,-2.3449564,2.506311,0.39586854
2.9167068,2.038814,-0.8476405,4.014294,0.29587722,-2.3414717,2.5341504,0.39940453
2.9061813,2.0647228,-0.8344951,3.909772,0.31636524,-2.3518012,2.5192738,0.43043613
2.902549,2.0164757,-0.7289348,3.9104817,0.32267642,-2.3393748,2.5239475,0.41627747
2.9045923,2.0116632,-0.7710142,3.8734918,0.31080508,-2.3592095,2.5392637,0.4190147
2.90873,2.0273602,-0.77321565,3.970293,0.31742382,-2.3573596,2.5644248,0.41734064
2.909429,2.0553954,-0.7946999,4.0547132,0.28822327,-2.3551745,2.5491452,0.42047167
2.894406,2.139191,-0.79970837,4.048487,0.2839532,-2.327334,2.595151,0.43858635
2.921452,2.0738423,-0.83182037,4.0866733,0.28235316,-2.3405406,2.5497227,0.4699154
2.919239,2.072647,-0.81436694,4.092429,0.2786641,-2.3353686,2.552873,0.38462853
2.927034,2.0259523,-0.82907045,4.037195,0.29426527,-2.3221307,2.5724282,0.4281808
2.92691,2.023611,-0.8110497,4.033275,0.29719138,-2.3217094,2.5799189,0.42269254
2.905409,2.006862,-0.8180816,4.03555,0.30071902,-2.3354056,2.5801206,0.41532683
2.937791,2.0296686,-0.79340744,4.118691,0.29436898,-2.3273473,2.583921,0.4176519
2.9192927,2.0137646,-0.7928817,4.07407,0.3086908,-2.334083,2.5647526,0.39485085
2.9166272,2.0146918,-0.7913275,4.05097,0.33916116,-2.3156323,2.5667753,0.43063998
2.9158647,2.1201549,-0.81141645,4.017726,0.3216095,-2.3213418,2.5867767,0.4390638
2.9172008,2.0572329,-0.7972608,4.02035,0.31594753,-2.3232164,2.6005116,0.37972325
2.911667,2.0420372,-0.7896305,4.048154,0.3064654,-2.319065,2.6192913,0.4258312
2.915523,2.042922,-0.76404405,3.9875796,0.2943685,-2.3211913,2.6198533,0.46147776
2.9081714,2.0380747,-0.78466773,4.109241,0.29036498,-2.310836,2.6459892,0.44110167
2.8971658,2.0576918,-0.770347,4.1232543,0.27835083,-2.304778,2.6634305,0.44135058
2.8921123,2.020644,-0.7789608,3.8056087,0.27566648,-2.2916307,2.6687713,0.43936944
2.8804567,2.1125207,-0.8040968,3.9039974,0.2892232,-2.3015213,2.6479132,0.4434495
2.8928201,2.0237277,-0.81664217,4.0263076,0.27504063,-2.2577896,2.6749592,0.4348777
2.881791,2.0967054,-0.835907,4.0262356,0.27949262,-2.2404115,2.670703,0.4273271
2.879728,2.0208127,-0.7632884,4.025085,0.28207135,-2.2193518,2.6606827,0.4232396
2.8944452,2.019324,-0.8367101,4.036707,0.3039236,-2.2134552,2.6699836,0.52579
2.8831964,2.0236015,-0.8395221,3.7668943,0.32425904,-2.193034,2.641047,0.4497167
2.888163,2.0217,-0.879719,3.8697827,0.3324902,-2.187886,2.6518404,0.41116226
2.8814461,2.039884,-0.86525774,3.8401027,0.31070232,-2.2090826,2.666804,0.4410789
2.8702612,2.0814142,-0.8513727,3.8399816,0.31102395,-2.2187932,2.6684985,0.43903983
2.8754964,2.1032743,-0.8735939,4.0362463,0.27914786,-2.2060995,2.679813,0.43557578
2.8774996,2.0044794,-0.9003616,3.9773107,0.2669258,-2.2098458,2.8223162,0.5394318
2.8810074,2.010545,-0.9342569,4.0762014,0.2563727,-2.1766524,2.829032,0.51804113
2.8594165,2.0208755,-0.89725804,3.9927158,0.25301504,-2.146624,2.844252,0.50888276
2.860137,2.010599,-0.9098434,4.010283,0.23471022,-2.1359262,2.8706436,0.44439864
2.8881576,2.0211978,-0.9134008,4.042364,0.23535514,-2.1084683,2.8930848,0.43957007
2.8820858,2.0512927,-0.917729,4.024423,0.23422694,-2.1060739,2.9115033,0.43403435
2.876947,2.0051997,-0.9049353,4.029076,0.23739028,-2.1452377,2.8828616,0.4401214
2.8856277,2.0103116,-0.89855415,4.014873,0.22279501,-2.0983832,2.8791394,0.43601513
2.8787475,2.0117311,-0.924307,4.0199327,0.216681,-2.1080928,2.882509,0.43772745
2.8851714,2.0073483,-0.9361298,4.0966935,0.24942636,-2.1079986,2.8590202,0.39326644
2.861529,2.0178368,-0.88161355,4.0567083,0.2731905,-2.092655,2.808814,0.45350385
2.8396232,2.0328453,-0.9098891,3.9856849,0.26143646,-2.1106806,2.823812,0.4429078
2.8525248,2.04264,-0.8983333,3.9619174,0.3117144,-2.1612244,2.8549619,0.4541353
2.856056,2.0254064,-0.90195626,3.9635305,0.3518703,-2.1751487,2.8468463,0.5008426
2.8438687,2.0349,-0.9034756,3.9583278,0.28749108,-2.170597,2.856315,0.46351117
2.8351028,2.0747273,-0.93198454,3.9328609,0.27862668,-2.1170037,2.8521636,0.4723127
2.8389893,2.0511897,-0.89147973,3.93244,0.28640342,-2.1533604,2.8645399,0.44826013
2.8336847,2.0277147,-0.91391295,3.8893585,0.29327917,-2.136899,2.8634262,0.4426182
2.8387136,2.0250447,-0.9521382,3.8826451,0.33364224,-2.108399,2.860947,0.45433617
2.8517265,2.0216703,-0.95781183,3.9094472,0.3543024,-2.1075375,2.8505602,0.45534134
2.850462,2.036603,-0.9481126,3.904542,0.31708455,-2.1068387,2.8571975,0.50129116
2.8561463,2.0196521,-0.9441797,3.8801112,0.27568483,-2.0999703,2.8282876,0.5046811
2.849864,2.0016181,-0.9727469,3.8937242,0.30948973,-2.1011367,2.8024685,0.5123491
2.845773,2.0008204,-0.9392273,3.9769068,0.3143747,-2.147835,2.7981606,0.5352026
2.8524714,2.0104923,-0.9065193,4.0701184,0.3114159,-2.1735435,2.8060856,0.46322787
2.8645287,2.049812,-0.86772615,4.068225,0.32398462,-2.162146,2.7906187,0.49799216
2.8690283,2.0447261,-0.85620844,4.073599,0.3298211,-2.192697,2.6780849,0.49712706
2.8485737,2.114213,-0.8506837,4.178547,0.33200216,-2.1775217,2.6341739,0.48836017
2.8991446,2.008375,-0.8088728,4.157424,0.3583877,-2.1903937,2.6034,0.4351908
2.8997138,2.0748053,-0.83339185,4.264542,0.35591865,-2.190827,2.5994039,0.40585232
2.8995714,2.053111,-0.9752662,4.38456,0.38025618,-2.185621,2.637118,0.48458076
2.8872938,2.0212545,-0.9989096,4.3442254,0.38069224,-2.155839,2.6879568,0.47712994
2.8906002,2.0081568,-0.94067776,4.266857,0.3572638,-2.1671274,2.7054226,0.48883408
0.6339113,2.032346,-0.5654521,4.5460653,0.7393551,-0.9335377,2.2814145,0.17032737
0.63921654,2.0238926,-0.5816549,4.613864,0.8004422,-0.93486214,2.3506293,0.15870953
0.6471002,2.0186143,-0.55406004,4.625604,0.8217232,-0.9399431,2.3260183,0.17392886
0.64636445,2.028578,-0.5516032,4.6416845,0.7972615,-0.9483843,2.3992949,0.17859918
0.6499054,2.0415468,-0.61063427,4.665089,0.73532605,-0.9596453,2.609643,0.17847306
0.53850585,2.1202762,-0.6596714,4.639838,0.75519705,-0.96360445,2.6509852,0.18376821
0.55982745,2.1570232,-0.661166,4.617303,0.80281305,-0.9646573,2.6407764,0.17655551
0.54795516,2.0493937,-0.52029425,4.626506,0.78662324,-0.9415536,2.46559,0.17388141
0.564639,2.2051857,-0.64823174,4.6262817,0.88246226,-0.93892646,2.542975,0.17703044
0.56275874,2.218452,-0.6772544,4.629386,0.8350127,-0.959326,2.5568144,0.18093109
0.5892377,2.0959089,-0.6651889,4.598933,0.8358066,-0.9583833,2.497634,0.17412049
0.5968267,2.0649931,-0.6134991,4.548922,0.8962419,-1.0074527,2.4466531,0.17326176
0.59962475,2.0381138,-0.590396,4.5739264,0.9205291,-1.0161419,2.5198681,0.17108417
0.60303855,2.0174177,-0.59848434,4.531989,0.97888947,-1.0182943,2.4494505,0.16798079
0.57525635,2.0758977,-0.6213855,4.5508995,0.97669363,-1.0424669,2.4362373,0.13488096
0.628247,2.0391936,-0.6649971,4.5389957,0.97112775,-1.0086257,2.4358652,0.14240444
0.61850053,2.0534608,-0.6905178,4.6334624,0.96724963,-1.0046251,2.4660304,0.1395787
0.6027896,2.0974166,-0.6518171,4.6793275,0.8639426,-1.0020157,2.446143,0.13524961
0.5741364,2.1632342,-0.733025,4.735962,0.7780404,-0.9312124,2.4147964,0.13177603
0.5728749,2.2362275,-0.72265375,4.749729,0.81190014,-0.9576733,2.4664207,0.13032478
0.57533586,2.1403873,-0.72972375,4.72345,0.8515649,-0.9515312,2.4592905,0.10404289
0.5238501,2.1505544,-0.66819143,4.774002,0.8309884,-0.98527193,2.5977306,0.10107124
0.5182088,2.0492983,-0.6818068,4.7749767,0.8355775,-0.9393673,2.5762894,0.12159103
0.5008595,2.0393975,-0.68316257,4.693678,0.8033352,-0.9473686,2.646175,0.123303175
0.5410214,2.1213915,-0.7508292,4.564887,0.8518417,-1.0174685,2.439414,0.12392557
0.5173896,2.1137786,-0.8754036,4.4684978,0.7922573,-1.0106134,2.435595,0.12424922
0.50630116,2.1509585,-0.8633291,4.542199,0.76871634,-0.93182564,2.3546984,0.12876856
0.5027073,2.1094363,-0.9045615,4.5506506,0.788707,-0.9414661,2.427729,0.10550362
0.50172794,2.0789297,-0.9400981,4.5358925,0.80797505,-0.9393518,2.4361057,0.09727275
0.5024983,2.0696218,-0.9274494,4.5244026,0.84005666,-0.93156934,2.4488647,0.09587568
0.5035473,2.1377354,-0.9412692,4.5152755,0.8600807,-0.93901443,2.3517869,0.09066731
0.50853723,2.141855,-0.94345665,4.7066393,0.86876106,-0.93892026,2.3893995,0.08491278
0.5175342,2.0783691,-0.9331792,4.5353637,0.8812239,-1.034147,2.415686,0.06964266
0.5127753,2.0436816,-0.93004465,4.546395,0.8850281,-1.0340226,2.406443,0.07135475
0.5288235,2.049931,-0.9189454,4.720811,0.90552115,-1.0458472,2.3962636,0.068933785
0.5300428,2.0536032,-0.89935964,4.79109,0.9244585,-1.0607135,2.3884041,0.0676198
0.5294898,2.0754352,-0.9354757,4.722213,0.9275634,-1.0410895,2.3443754,0.076259494
0.5279801,2.10512,-0.92013574,4.441286,0.93172765,-1.0334728,2.362383,0.07838917
0.52750176,2.0304236,-0.8527664,4.54652,0.92652726,-1.0917611,2.3685637,0.08208537
0.54784584,2.0886538,-0.90470934,4.5542974,0.9254062,-1.0411351,2.3570342,0.08675766
0.5413607,2.003085,-0.8783673,4.6087008,0.9039829,-1.0940269,2.3040257,0.09857845
0.5529678,2.0043917,-0.8105767,4.627677,0.91322136,-1.0612446,2.3540885,0.08425748
0.5166962,2.0116923,-0.8180042,4.6318693,0.9441738,-1.0408273,2.3746097,0.07185221
0.5504209,2.0553715,-0.80001235,4.6068306,0.954777,-1.0041,2.4118118,0.07170147
0.68573403,2.080927,-0.856078,4.706814,0.9684155,-0.9927888,2.398319,0.07777977
0.6863865,2.1072457,-0.7629535,4.835616,0.94844246,-1.0085603,2.4522357,0.09567332
0.6693508,2.235446,-0.7499494,4.800613,0.9496796,-0.98179746,2.4556391,0.09512037
0.67350984,2.1961153,-0.7590971,4.7504153,0.94469,-0.9204173,2.3904037,0.09349239
0.6697491,2.2198894,-0.7368375,4.745037,0.9774771,-1.0101967,2.3960311,0.095796525
0.67373204,2.303868,-0.7383145,4.8124785,0.9766772,-1.0164489,2.4191384,0.08660829
0.6721368,2.2309685,-0.7464207,4.862257,0.97846365,-1.017222,2.357883,0.069708824
0.68014705,2.298723,-0.7424413,4.865555,0.98754406,-1.021043,2.3685596,0.08088362
0.6871085,2.3185039,-0.7224438,4.8245344,0.97992444,-0.9951825,2.3638551,0.09080428
0.67620987,2.3099399,-0.71854335,4.787565,0.980767,-0.98736167,2.3514245,0.08994293
0.69949603,2.2520988,-0.91327095,4.8169794,0.9370253,-0.9485829,2.3520122,0.14433151
0.75094056,2.24803,-0.8934337,4.890612,0.9264989,-0.95530844,2.3413327,0.16553068
0.7450418,2.231011,-0.8838627,4.9214745,0.8743055,-0.97865033,2.3468459,0.15744835
0.75962085,2.1901023,-0.86376446,4.8883495,0.885417,-0.9709842,2.3457158,0.15121508
0.77027273,2.3143685,-0.88027114,4.868656,0.99594665,-0.96748257,2.3428257,0.15674204
0.76831806,2.120641,-0.8247757,4.843664,0.94768834,-0.9679911,2.3521175,0.15261847
0.76306474,2.1144326,-0.7932969,4.831507,0.9764781,-0.97218823,2.3806639,0.1457156
0.75430536,2.306014,-0.83033395,4.8335323,0.981107,-1.0018055,2.379625,0.1503219
0.76632166,2.0647576,-0.9137971,4.7682934,1.0103574,-1.003247,2.4192944,0.14889753
0.76445746,2.0348606,-0.8757441,4.742561,0.96122885,-1.0032914,2.412045,0.158494
0.7636466,2.022674,-0.8243362,4.7585993,1.0755966,-1.0123934,2.3419075,0.1609919
0.7607957,2.0356438,-0.8126521,4.785055,1.0504231,-1.0351181,2.3462458,0.16034621
0.75481725,2.0539553,-0.84041333,4.807079,1.0310082,-1.0515742,2.3708737,0.17891961
0.75157905,2.0481076,-0.77161086,4.8062024,1.1163912,-1.0731831,2.3279293,0.15955782
0.7386425,2.2148213,-0.7430458,4.680661,1.1235106,-1.0257108,2.31543,0.17675215
0.73518395,2.0745609,-0.72486174,4.6482625,1.1288657,-0.99940014,2.294498,0.17856145
0.7582381,2.0931218,-0.7073419,4.727109,1.1327193,-1.036737,2.3547604,0.16636544
0.7557945,2.1064088,-0.6925111,4.707281,1.1877651,-0.98232913,2.3581116,0.19404179
0.76805466,2.0848403,-0.7301538,4.648993,1.1527445,-0.9817054,2.510763,0.16069263
0.7535014,2.1576881,-0.64284563,4.5363617,1.157062,-0.95140386,2.5010417,0.1705302
0.77234304,2.1206605,-0.6148554,4.526004,1.1918399,-0.94471455,2.4978027,0.16387165
0.7794822,2.0196269,-0.6656132,4.5993285,1.1960199,-0.9754026,2.4968717,0.19390869
0.74585307,2.3565285,-0.67005265,4.6851687,1.1439166,-0.9747472,2.533887,0.2013638
0.74221885,2.0378535,-0.68571335,4.5927296,1.1390843,-0.96686363,2.4731054,0.21423674
0.748815,2.281235,-0.75254524,4.698172,1.1760447,-1.0017865,2.4610527,0.20358628
0.7339962,2.285851,-0.67364347,4.611247,1.1446941,-1.0374084,2.4344387,0.20200574
0.7443197,2.1516204,-0.77180135,4.7606673,1.1652598,-1.0605522,2.3865657,0.20481396
0.7361329,2.131503,-0.78197885,4.7220173,1.1093137,-1.0535903,2.3829741,0.20311344
0.7096236,2.2799623,-0.6723207,4.581685,1.1087294,-1.0528747,2.4127686,0.20139909
0.73202693,2.332786,-0.83271354,4.611561,1.1207225,-1.0613327,2.386938,0.20635396
0.6695013,2.3087256,-0.8183264,4.670545,1.1134727,-1.057421,2.3860333,0.20776194
0.6715884,2.295554,-0.71969956,4.5776696,1.0969231,-1.0818491,2.4192579,0.20803583
0.6721797,2.3356376,-0.69241434,4.5468764,1.1009223,-1.0743604,2.4074013,0.21174037
0.67982906,2.2362163,-0.73460186,4.263657,1.1508245,-1.0764632,2.3874257,0.16969836
0.68857896,2.1980855,-0.7567303,4.336673,1.1499002,-1.0569403,2.2957034,0.18150079
0.7076749,2.2830715,-0.7271638,4.3580017,1.1448443,-1.0520636,2.334429,0.16313553
0.70755625,2.111793,-0.7393317,4.354066,1.119905,-1.0185707,2.328397,0.16198832
0.7075989,2.160226,-0.7292879,4.394124,1.1251879,-1.0127081,2.3271348,0.1610021
0.7076547,2.0966241,-0.7116708,4.384517,1.1209819,-0.99046636,2.308191,0.15097618
0.6902228,2.0436718,-0.6734072,4.3544827,1.177289,-1.0391643,2.3861775,0.13783449
0.6716014,2.1651835,-0.697554,4.373078,1.1319015,-1.01243,2.4077814,0.15854871
0.6708449,2.1120498,-0.74489975,4.3354917,1.1004417,-1.0187674,2.3857934,0.15670896
0.6842916,2.1050456,-0.75761926,4.414323,1.0252974,-0.9651575,2.3929186,0.16616309
0.68706113,2.11132,-0.7084043,4.4737883,1.0306139,-0.9657347,2.4319484,0.16166902
0.6826213,2.2074263,-0.7550601,4.455157,1.0066814,-0.98528385,2.432103,0.16627568
0.68402725,2.178962,-0.74359107,4.458126,1.0531416,-1.008702,2.3987398,0.1559279
0.6747796,2.1765542,-0.720513,4.457468,1.1255229,-1.0140994,2.360104,0.22557843
0.68803495,2.1653059,-0.73332834,4.7200866,1.1575518,-1.0832459,2.3285155,0.21601403
0.6919093,2.1285973,-0.74479437,4.6555223,1.1774411,-1.0916451,2.3538988,0.21850187
0.6986203,2.1717384,-0.6280848,4.6232176,1.1683807,-1.0875045,2.337987,0.21980095
0.70002735,2.1820202,-0.73855686,4.707044,1.1796532,-1.0877776,2.337977,0.2103461
0.72077584,2.1912403,-0.69374263,4.299674,1.2100728,-1.084295,2.3360102,0.21667707
0.71780616,2.1841004,-0.7295221,4.6505055,1.2308462,-1.1077241,2.3511326,0.21981841
0.7234121,2.3150766,-0.7514806,4.600509,1.2473276,-1.1199843,2.344299,0.2200067
0.7304743,2.230736,-0.59324473,4.5265703,1.2648721,-1.1026747,2.3148446,0.22269773
0.7313082,2.1554048,-0.63986534,4.5812907,1.2588689,-0.97561884,2.3205936,0.2208829
0.7560748,2.2606044,-0.52749383,4.5742106,1.259541,-0.99903584,2.3916771,0.21478105
0.7743463,2.160627,-0.61092675,4.5479293,1.260808,-0.98991203,2.3687704,0.20576131
0.77753925,2.3002791,-0.6392223,4.52635,1.2601614,-1.0157673,2.3926504,0.18684065
0.772845,2.1202536,-0.66584575,4.395255,1.2743247,-1.0552068,2.376389,0.18701571
0.78957987,2.0904136,-0.71031487,4.363356,1.2988403,-1.0709856,2.3921154,0.15228897
0.7908356,2.1229072,-0.712267,4.3615837,1.2978022,-1.0559123,2.4270601,0.16106486
0.7720765,2.0521588,-0.73044145,4.340036,1.2879045,-1.066555,2.4358053,0.16479498
0.7689239,2.1275077,-0.7330229,4.3128004,1.2852852,-1.100604,2.3914428,0.1762014
0.74713105,2.1823642,-0.7079986,4.2592373,1.2464006,-1.0853145,2.2801886,0.17958164
0.74480164,2.0977385,-0.70896006,4.2358747,1.2394285,-1.0674974,2.3090582,0.1774332
0.7312934,2.1420145,-0.7060082,4.1884193,1.246511,-1.0806384,2.2764988,0.18761474
0.728941,2.0909402,-0.6964768,4.1442976,1.2539012,-1.0684373,2.3121662,0.2007767
0.73104286,2.663721,-0.6800003,4.260176,1.263171,-1.0540547,2.3339157,0.20474386
0.7425072,2.366998,-0.7071445,4.245199,1.2755544,-1.0533333,2.3109088,0.14106727
0.75946635,2.0604699,-0.6753491,4.2363586,1.2783592,-0.9872613,2.3132133,0.1524303
1.9453967,3.8485231,0.7465676,7.9327865,1.9407933,-2.839407,2.4341986,-0.47753134
1.9653616,3.7988296,0.75538754,7.9143267,1.9573433,-2.8421645,2.4275603,-0.43708897
1.996125,3.8034904,0.7484782,7.92043,1.9573557,-2.8539944,2.4212756,-0.44376644
1.9973445,3.7993026,0.7590561,7.921738,1.9607463,-2.8358507,2.426706,-0.45166045
2.044989,3.778318,0.76432586,7.953699,1.9645758,-2.8814564,2.429559,-0.42947677
2.0256667,3.7353122,0.7964603,7.8929844,1.9502664,-2.8748796,2.3874493,-0.4210212
2.0372176,3.7387643,0.7899536,7.89824,1.9744565,-2.8564317,2.4102905,-0.4220115
2.0393636,3.7116544,0.814142,7.945692,1.96932,-2.8335013,2.4176137,-0.4136615
1.9598264,3.622055,0.7888986,8.0045185,1.9715991,-2.854497,2.4260085,-0.4109709
2.0020823,3.672861,0.7621702,7.9669466,1.972048,-2.8684394,2.4225757,-0.4151692
2.0588412,3.5388463,0.75142384,7.958827,1.961623,-2.8909981,2.4010174,-0.40947968
2.0443747,3.5414276,0.75441575,8.011032,1.9932451,-2.8660605,2.3835788,-0.42360353
2.0579734,3.4081402,0.7397692,8.026005,1.9406457,-2.866309,2.329682,-0.4407166
2.081377,3.4922578,0.7590339,8.005417,1.9323142,-2.844039,2.3263595,-0.43846366
2.0632987,3.4062886,0.7988975,7.9849224,1.8134525,-2.8846874,2.3971717,-0.42912418
2.087929,3.5151362,0.79982686,7.975812,1.9916344,-2.8329892,2.2075913,-0.44089162
2.0903852,3.6807446,0.8000071,8.006086,1.9834676,-2.924772,2.2488945,-0.44872373
1.999789,3.7637653,0.8013458,7.984956,1.9130633,-2.9170475,2.264224,-0.44421452
2.074885,3.6143703,0.801847,8.003763,1.9654875,-2.8845763,2.3273177,-0.4315049
2.0202239,3.6872227,0.81388676,7.9371433,1.9284065,-2.864938,2.2406158,-0.43732435
2.057169,3.6968217,0.8438989,7.988552,1.9552348,-2.9374294,2.2489932,-0.42817947
2.0159924,3.6778507,0.8069124,8.037043,1.9157357,-2.925816,2.2812293,-0.43718287
2.002081,3.6763062,0.82050145,8.074985,1.929095,-2.9423757,2.308667,-0.43404323
1.9853041,3.6840472,0.8158815,8.034388,1.9320064,-2.9365115,2.3170977,-0.43210554
2.000766,3.7210639,0.8450637,7.9941063,1.9765642,-2.9231775,2.2126126,-0.41909987
2.0333347,3.6872265,0.87781215,8.007099,1.910861,-2.917458,2.2411618,-0.42073137
2.038134,3.809083,0.8530233,8.015777,1.9457045,-2.923959,2.289585,-0.42212328
2.039929,3.6525478,0.8022717,8.052036,1.9906554,-2.8795466,2.3427794,-0.41656363
2.011958,3.5286198,0.8325529,8.050028,1.9688988,-2.8828642,2.3522563,-0.41057652
2.006772,3.621397,0.81128824,8.010986,1.9480824,-2.8603022,2.3448138,-0.4278755
2.0592432,3.602789,0.8333461,8.024517,1.9593179,-2.9151647,2.2723136,-0.42275724
2.065496,3.5782254,0.8572459,8.059359,1.8586605,-2.9528263,2.4432342,-0.4206041
2.0692682,3.6426604,0.7256603,8.071604,1.9031191,-2.9559183,2.4595423,-0.40733448
2.0457006,3.316826,0.6721103,8.1504135,1.9132993,-2.9266355,2.4455369,-0.43797025
2.0263948,3.323364,0.66106915,8.188796,1.9336979,-2.9381254,2.4413867,-0.42254877
2.1252422,3.4305267,0.66149867,8.110449,1.9450777,-2.9460068,2.4422204,-0.42486933
2.16416,3.3717616,0.6653496,8.126979,1.9267216,-2.9720495,2.4116433,-0.42024097
2.1361504,3.4343448,0.6702926,8.175739,1.9602022,-2.961536,2.4405217,-0.40182287
2.1329432,3.439608,0.65805817,8.134399,1.9720688,-2.9569013,2.4576335,-0.39342925
2.0796008,3.6351771,0.64214957,8.110592,1.9612563,-2.9690425,2.487332,-0.3780273
2.069937,3.643704,0.6136545,8.100573,1.9769847,-2.9583342,2.4643722,-0.3813538
2.0783842,3.3800092,0.6541662,8.092962,1.919337,-2.9775279,2.4594264,-0.38894668
2.0920095,3.2051692,0.6861892,8.091523,1.8982713,-2.929627,2.4682207,-0.38895136
2.1074662,3.3973947,0.63153744,8.022888,1.9067287,-2.9395251,2.4737444,-0.38705966
2.104918,3.6782708,0.62693024,8.00263,1.9070084,-2.9467852,2.4725547,-0.38218337
2.0972812,3.3615105,0.6579766,8.125044,1.9061797,-2.9837835,2.4707592,-0.361761
2.1093938,3.4633942,0.6820495,8.072306,1.9270587,-2.990189,2.4736354,-0.35952264
2.0783973,3.4602902,0.65586543,8.175333,1.9182696,-2.9881296,2.4796474,-0.3580992
2.0261636,3.4232285,0.72428656,8.202831,1.9484601,-2.9712265,2.470823,-0.3801393
2.016345,3.4892101,0.70146775,8.195214,1.9820223,-2.9752717,2.4721699,-0.37519664
2.0643384,3.6141357,0.6906781,8.081425,1.9794245,-2.9872,2.4656818,-0.3887835
2.0306034,3.6628861,0.6666242,8.098108,1.9862103,-2.9793768,2.4453347,-0.3887145
2.0195017,3.5661883,0.760573,8.122474,1.9700785,-2.983834,2.4448564,-0.3783269
1.9936612,3.6310134,0.7854986,8.089631,1.905787,-2.955252,2.440612,-0.3821681
2.007052,3.5689492,0.72306466,8.068152,1.8897867,-2.9544017,2.4356494,-0.39154878
2.007184,3.5728526,0.69041216,8.053099,1.9539042,-2.9429896,2.447994,-0.4062438
2.017631,3.5842776,0.6590432,8.033918,1.8684735,-2.9901717,2.4216788,-0.3751857
1.998821,3.5632126,0.7202556,8.073952,1.9102552,-2.948495,2.4221616,-0.41144142
1.9904727,3.5271306,0.6664016,8.108446,1.891825,-2.9900775,2.4276369,-0.41040343
1.9955009,3.5202544,0.6480347,8.079973,1.8841989,-2.9947298,2.4224207,-0.40950692
1.991308,3.50181,0.6401193,8.11334,1.8985462,-2.9912744,2.4193616,-0.42880452
2.020587,3.507442,0.63942456,8.128599,1.9088824,-2.994856,2.4258208,-0.43975604
2.0335875,3.487817,0.65071464,8.173918,1.9234304,-2.9952378,2.4176176,-0.43993285
2.0296688,3.6489663,0.6306368,8.091564,1.9648857,-2.9948215,2.4315681,-0.41654748
2.01128,3.700996,0.6067507,8.066817,1.969651,-2.9883664,2.4453294,-0.42953825
2.0375638,3.661631,0.5638108,8.171724,1.970078,-2.9947913,2.4388518,-0.43470344
2.0667648,3.7047577,0.5358758,8.11434,1.9686351,-2.994959,2.4479113,-0.43657798
2.1111588,3.735468,0.5233513,8.073473,1.9664433,-2.9675353,2.4464526,-0.41760936
2.025649,3.8317657,0.69188976,8.028827,1.9979672,-2.9241378,2.4453893,-0.42835492
2.0305805,3.8427587,0.62099576,8.008171,1.9938502,-2.919425,2.438442,-0.47326055
2.0545783,3.951981,0.5485827,7.960431,1.9613209,-2.8969944,2.4803214,-0.49466586
2.0069842,3.9304655,0.55685925,7.9859715,1.9840956,-2.8919556,2.46942,-0.49863964
2.0169723,3.9308949,0.53087354,7.9876237,1.9779701,-2.8932936,2.470177,-0.49904653
2.034791,3.938891,0.5426018,7.961736,1.9301286,-2.895711,2.4927316,-0.4952601
2.0202017,3.9507775,0.5912318,7.9281588,1.9417391,-2.8986213,2.4846542,-0.49456856
2.0182405,3.9461846,0.5974319,7.8250213,1.9475477,-2.8939047,2.486263,-0.47114536
1.9689062,3.9462647,0.5821147,7.821641,1.890471,-2.900075,2.4902108,-0.4831676
1.9495213,3.9395885,0.6031356,7.8158064,1.8974707,-2.9182801,2.4764419,-0.4843292
1.9010682,3.945137,0.6107627,7.8039002,1.9412191,-2.892186,2.4761174,-0.47522852
1.9425756,3.9303398,0.63031507,7.820325,1.9312811,-2.893122,2.4701035,-0.4695134
1.9639252,3.909059,0.625818,7.8239465,1.8825111,-2.9201484,2.465488,-0.47155184
2.0009649,3.9115057,0.6347716,7.8239064,1.8608057,-2.9093177,2.4666772,-0.48708546
2.0264692,3.881394,0.6669457,7.878065,1.8491154,-2.8980448,2.4644487,-0.48295805
1.85701,3.8834195,0.6995554,7.776464,1.8435829,-2.8802965,2.4858074,-0.48673114
1.8094046,3.8805242,0.7015445,7.887923,1.8548033,-2.901593,2.468802,-0.4906878
1.8296466,3.8981533,0.71428156,7.932228,1.8980141,-2.9019923,2.4336545,-0.4870011
1.8606089,3.8962154,0.7004638,7.8815613,1.9136982,-2.9021518,2.4331226,-0.49044985
1.8995738,3.8997095,0.7397255,7.851977,1.8257015,-2.9024978,2.4337656,-0.49637496
1.8727528,3.903043,0.7250352,7.862416,1.831435,-2.91165,2.4413786,-0.49251807
1.8622775,3.892616,0.727515,7.88476,1.8345327,-2.918794,2.4269094,-0.48631164
1.895728,3.8918228,0.73531747,7.9419975,1.8799999,-2.9325986,2.413869,-0.49747682
1.8865945,3.9619417,0.78164375,7.9210863,1.9110377,-2.9241412,2.3785052,-0.49427646
1.8848355,4.048074,0.7452009,7.970879,1.9377825,-2.9569075,2.372606,-0.48794213
1.9002873,4.203194,0.7066455,7.9726057,1.9504664,-2.9718983,2.3821833,-0.48979452
1.844707,4.1331425,0.72157955,7.913345,1.9453249,-2.968533,2.3251472,-0.49935344
1.9045503,4.179598,0.7153282,7.939985,1.9415882,-2.9658408,2.3644447,-0.49942422
1.8549472,3.981038,0.68426704,7.948496,1.9420104,-2.9924622,2.3733482,-0.48702735
1.8423961,3.9916766,0.63331604,7.961639,1.9115283,-2.9935722,2.374566,-0.47792357
1.8194491,3.9398077,0.6367494,7.9931164,1.9166608,-2.9878974,2.3744907,-0.47212428
1.9659417,3.9009674,0.5645263,7.981346,1.9735932,-2.9892652,2.407175,-0.47956777
1.9437125,3.721799,0.6018692,7.9704604,1.9726608,-2.9636161,2.4049616,-0.48725972
1.9326859,3.7866306,0.608876,7.950516,1.9791613,-2.9705887,2.4041996,-0.48238862
2.0052707,3.800928,0.6110997,7.9866195,1.9817314,-2.9778018,2.3992324,-0.47916177
2.0041404,3.892634,0.58568513,7.9983673,1.9020879,-2.9810812,2.3940797,-0.47956702
1.9911993,4.182331,0.6955836,7.9500513,1.9385378,-2.992505,2.3868868,-0.4698848
2.036233,4.2514067,0.66514015,7.9338365,1.9822335,-2.9924307,2.3282626,-0.46150792
2.0062041,4.1297464,0.66469264,7.9388447,1.9938929,-2.9900987,2.3099911,-0.4797515
2.0721347,4.193267,0.6528827,7.900751,1.9984424,-2.980494,2.3103905,-0.48624432
1.9873886,4.2883663,0.6294427,7.8359966,1.9925847,-2.9613695,2.3423252,-0.48225087
2.1111727,4.203162,0.4427842,7.8673553,1.9990032,-2.984961,2.344046,-0.4935919
2.139135,4.1774693,0.46505332,7.8607397,1.989804,-2.9746864,2.3521736,-0.49481598
2.0333414,4.180971,0.7256956,7.862039,1.9418418,-2.9520018,2.3041031,-0.47936606
2.007918,4.1373644,0.76506233,7.986768,1.9309702,-2.964009,2.3746212,-0.4886097
2.040041,4.1645403,0.7549733,8.042879,1.9312816,-2.9656885,2.3951852,-0.49552557
2.0329297,4.191016,0.7552397,7.9157715,1.9403355,-2.9653964,2.4045608,-0.41667554
1.9486808,4.119768,0.73448944,7.9101663,1.9153264,-2.9820414,2.4054356,-0.40219736
1.9729167,4.138301,0.7294657,7.905778,1.8945384,-2.9753356,2.3853302,-0.3881218
1.9327407,4.1566195,0.7139766,7.918315,1.9872534,-2.975135,2.360474,-0.41687003
1.9628372,4.134881,0.7941716,7.907954,1.9403074,-2.9620013,2.37486,-0.4166339
1.9194312,4.2067857,0.65880585,7.8843503,1.9319117,-2.9684885,2.4258132,-0.4275998
1.9850988,4.2315865,0.6422589,7.7122726,1.925832,-2.9740803,2.4192429,-0.41623998
1.9375286,4.061019,0.61510503,7.7049603,1.9040651,-2.9490492,2.4261675,-0.417417
1.9634914,4.007763,0.58167183,7.7279606,1.9032536,-2.9649043,2.4272673,-0.40398592
1.95818,4.099636,0.6096283,7.7669334,1.9035623,-2.9657924,2.4299366,-0.42614064
1.9403048,4.244357,0.5920491,7.7776184,1.9012387,-2.9622524,2.4444597,-0.46303803
2.8906956,2.317881,-0.93893,4.0304036,-1.3668277,-2.1896596,-0.58990717,0.39434308
2.8691025,2.3457825,-0.94307834,3.9925818,-1.3701023,-2.1164312,-0.5897718,0.40204102
2.8858128,2.3495307,-0.9425577,3.994036,-1.3551049,-2.2028756,-0.5928403,0.4065528
2.8759005,2.4105692,-0.9468652,3.9741316,-1.3858782,-2.1255856,-0.58941233,0.41178703
2.8650198,2.4105625,-0.9444751,3.9632165,-1.3883916,-2.154272,-0.64111876,0.37384522
2.8880608,2.461179,-0.9370652,3.9570003,-1.3662026,-2.139643,-0.63048035,0.3785869
2.9012036,2.496661,-0.9477518,3.8990397,-1.367595,-2.1543427,-0.6066489,0.42607462
2.954376,2.4351554,-0.9460329,3.9468307,-1.3397901,-2.150517,-0.6068739,0.3824643
2.9345276,2.3983102,-0.94608384,3.947271,-1.3574982,-2.1648479,-0.6055818,0.40963078
2.9288776,2.4857368,-0.95433587,3.8434153,-1.3735046,-2.1646495,-0.6115448,0.4143796
2.8887112,2.4702208,-0.9459729,3.8892896,-1.3874801,-2.0376022,-0.62443435,0.4187727
2.943299,2.50827,-0.943158,3.8974206,-1.3903012,-2.0787024,-0.6242102,0.42921144
2.9437773,2.50279,-0.9435037,3.9224422,-1.4112294,-2.0786953,-0.6067147,0.4285437
2.938226,2.4846344,-0.9420935,3.8814807,-1.3891945,-2.0704741,-0.6189643,0.42836475
2.945482,2.4597998,-0.93797827,3.8675885,-1.357187,-2.07726,-0.62725043,0.42296422
2.9573715,2.600033,-0.93874127,3.839743,-1.3933442,-2.114556,-0.6167002,0.46172905
2.9318223,2.5191002,-0.9484716,3.8136163,-1.3822824,-2.083029,-0.624285,0.45827043
2.9287095,2.4396393,-0.9478592,3.815391,-1.3523903,-2.1555133,-0.60498,0.44939023
2.9469535,2.7209678,-0.9386851,3.8380208,-1.3285348,-2.1135995,-0.6073655,0.4262985
2.9600992,2.5737188,-0.95088714,3.8569539,-1.322602,-2.1522748,-0.61630696,0.3952375
2.9504905,2.5121958,-0.9433863,3.8596585,-1.321389,-2.1236992,-0.6122,0.4084379
2.8411021,2.4919572,-0.9449713,3.8077059,-1.3222136,-2.1321888,-0.58682835,0.40492177
2.8658464,2.537079,-0.9462505,3.8079042,-1.3050148,-2.164887,-0.57861626,0.40569293
2.8483756,2.5211449,-0.9469007,3.820829,-1.3085587,-2.0966911,-0.67762816,0.40222204
2.8471563,2.4003813,-0.9534101,3.749983,-1.2940844,-2.0954685,-0.65159893,0.45715076
2.8601513,2.3593822,-0.949248,3.7899597,-1.2815626,-2.0964365,-0.6475409,0.45456868
2.8476377,2.3545117,-0.9398,3.8369598,-1.3500152,-2.060295,-0.6510227,0.44782364
2.8435907,2.3697739,-0.93656427,3.9216185,-1.329206,-2.0922258,-0.64681494,0.44508803
2.86298,2.3742337,-0.9415036,3.7217803,-1.3545322,-2.0537112,-0.65130186,0.48751235
2.8890464,2.5629468,-0.9437658,3.727139,-1.3559513,-1.9897145,-0.6630784,0.49442744
2.87867,2.634927,-0.9433309,3.7334585,-1.3624153,-1.9893368,-0.660759,0.4960425
2.8779247,2.5358853,-0.9430417,3.7383883,-1.3780273,-2.0384707,-0.66850686,0.48733997
2.8605707,2.348417,-0.9416831,3.7474742,-1.2776554,-1.9874955,-0.68472826,0.48882735
2.8616428,2.2912836,-0.9453981,3.7572277,-1.2475845,-1.9807862,-0.6813559,0.4879725
2.8556967,2.2739272,-0.9435765,3.804184,-1.2558823,-1.9568038,-0.68266225,0.4834872
2.795431,2.214811,-0.9459485,3.742578,-1.2684345,-1.9918845,-0.65741086,0.47979474
2.8063364,2.1840637,-0.95159125,3.765209,-1.2252121,-2.00529,-0.7434876,0.46956396
2.8126397,2.1251884,-0.95396996,3.73882,-1.189053,-1.9988625,-0.7887546,0.47157025
2.8145795,2.0933602,-0.9804729,3.7489345,-1.111155,-1.9982053,-0.7661397,0.47885704
2.803152,2.1001556,-0.9764154,3.6610894,-1.1213248,-2.0141354,-0.77610576,0.47659934
2.8125694,2.070263,-0.9045944,3.6788838,-1.1413481,-1.9997153,-0.7783935,0.47257435
2.8081467,2.054494,-0.93619174,3.7422938,-1.1474807,-2.011642,-0.78522027,0.4703406
2.80346,2.0199273,-0.921903,3.776608,-1.145848,-2.006997,-0.8029815,0.46797276
2.8043642,2.0303974,-0.92258924,3.8066812,-1.1315901,-2.0035691,-0.76859194,0.46266663
2.8043878,2.0105917,-0.9651932,3.8749757,-1.147758,-1.9986156,-0.74459267,0.46184498
2.7925916,2.0133908,-0.9446217,3.484282,-1.149996,-1.9931763,-0.7608339,0.46375895
2.7897146,2.0538635,-0.93930966,3.4834952,-1.1318855,-1.9774855,-0.75773543,0.4619708
2.78908,2.036977,-0.9204712,3.4967527,-1.1662846,-1.9605455,-0.8059455,0.4678967
2.7199025,2.038832,-0.94569016,3.5986562,-1.1794634,-1.9613266,-0.81580144,0.50744927
2.717318,2.0448318,-0.94625765,3.597823,-1.1454409,-2.0197577,-0.78898495,0.50052476
2.7386925,2.0519695,-0.9078629,3.6087089,-1.0718257,-1.9938954,-0.7834078,0.49834204
2.7346566,2.113361,-0.9485383,3.6689186,-0.8505297,-2.071732,-0.7806667,0.49402416
2.707313,2.175265,-0.9875179,3.5044198,-0.84834385,-1.9686815,-0.8085032,0.48982906
2.7402143,2.1784616,-0.9722867,3.7551043,-0.81969035,-1.9911544,-0.80936515,0.47220898
2.7001212,2.1865757,-0.9743919,3.640967,-0.7638116,-1.9897408,-0.8331827,0.46616977
2.6747532,2.2489436,-0.99030256,3.566817,-0.7187762,-1.9186088,-0.8328967,0.46656567
2.6579692,2.2416384,-0.9960716,3.4496233,-0.7294884,-1.9915421,-0.85055256,0.47441328
2.6465616,2.2336447,-0.9939835,3.4764252,-0.7399802,-1.9451387,-0.8666868,0.49460548
2.6652174,2.2231238,-0.9836699,3.5841084,-0.72718585,-1.9505317,-0.8739429,0.50274515
2.6558335,2.2556455,-0.9768226,3.6058857,-0.7462443,-1.9311801,-0.87595725,0.5190896
2.6557167,2.1881456,-0.9847448,3.458149,-0.76480937,-1.9489349,-0.8755195,0.5200789
2.6498702,2.139301,-0.96981037,3.4938955,-0.76140344,-1.9871848,-0.85494685,0.51542807
2.6535072,2.0923996,-0.9847778,3.5441883,-0.7437593,-1.9728504,-0.8690332,0.5285827
2.6692715,2.0466769,-0.935908,3.5372782,-0.7755363,-2.0287757,-0.8646331,0.52933407
2.701216,2.0221717,-0.9393357,3.6091912,-0.78905714,-2.0362988,-0.8706609,0.5320411
2.6973705,2.068589,-0.90616775,3.7945728,-0.78187454,-2.0244255,-0.8403918,0.5257211
2.723925,2.0611143,-0.9504224,3.7426064,-0.79889095,-2.028377,-0.86064625,0.5134752
2.72565,2.041849,-0.9506425,3.7396724,-0.84321713,-1.979546,-0.84293103,0.5184982
2.725895,2.021313,-0.9566252,3.497176,-0.85274553,-1.9944518,-0.7985298,0.5205445
2.7222779,2.0893803,-0.99165964,3.5386293,-0.8504989,-2.002579,-0.7997731,0.5075481
2.7172337,2.0991168,-0.98488855,3.5142257,-0.8407626,-1.9603698,-0.8007403,0.5092802
2.7265484,2.04514,-0.98191595,3.5197687,-0.8617526,-1.9390045,-0.81114817,0.50790095
2.7401607,2.0813847,-0.98142505,3.45012,-0.8309541,-2.005291,-0.8098061,0.5058516
2.7605846,2.3091683,-0.94634485,3.4377697,-0.8307227,-1.9790192,-0.84166163,0.49725544
2.7523916,2.007168,-0.9588486,3.8063273,-0.8285706,-1.9786677,-0.85200614,0.49690306
2.7498832,2.0953968,-0.94800454,3.9335861,-0.94056916,-1.9935762,-0.8072254,0.49686778
2.7767136,2.0678618,-0.9532717,3.8822455,-0.9963943,-1.9462872,-0.8078463,0.51376975
2.754629,2.0164645,-0.98664135,3.904348,-1.0261631,-1.9286625,-0.8002489,0.5112648
2.7438202,2.0022802,-0.97956896,3.8971646,-0.9893446,-1.8487065,-0.7901926,0.5119586
2.748324,2.0047312,-0.98122436,3.8871055,-0.9710604,-1.8970658,-0.8194982,0.51474285
2.757442,2.00404,-0.95713437,3.926319,-1.0188166,-1.901827,-0.80886656,0.5092305
2.7630005,2.0608034,-0.98709637,3.9289322,-1.0089235,-1.9270176,-0.8065562,0.5051477
2.7551694,2.0043557,-0.9723512,3.9111805,-0.9568467,-1.8717769,-0.8023837,0.5065793
2.7410474,2.0135942,-0.9856746,3.8785114,-1.0323614,-1.884742,-0.77412033,0.51585305
2.7295413,2.0006826,-0.9669939,3.8017166,-1.0560696,-1.9438047,-0.77988863,0.5190239
2.75517,2.0547462,-0.9931645,3.7924185,-1.0405362,-1.9409475,-0.7809613,0.5234449
2.7158709,2.0448186,-0.9736697,3.748959,-1.0440681,-1.9703861,-0.77088505,0.5335221
2.7349126,2.0635486,-0.9858371,3.6727889,-0.98451316,-1.9554121,-0.77081317,0.5267055
2.7409103,2.0611424,-0.9685102,3.8284206,-0.9748,-1.9089103,-0.81364936,0.5289501
2.6674733,2.012106,-0.9719623,3.6960914,-0.8151673,-1.9089445,-0.8322284,0.53046405
2.6751,2.0166206,-0.9876769,3.4721282,-0.774523,-1.9556216,-0.8534113,0.5269027
2.6426716,2.01662,-0.97890985,3.666059,-0.75948083,-1.9594791,-0.86787623,0.52846146
2.6846852,2.0031958,-0.9563208,3.651077,-0.7950485,-1.9059657,-0.8630967,0.5344784
2.6459844,2.045959,-0.9602722,3.5932946,-0.77094924,-2.0021973,-0.8489962,0.53613544
2.6678214,2.0676448,-0.9662803,3.4887214,-0.7962595,-1.9892225,-0.8791289,0.5385444
2.6789665,2.1083093,-0.9434364,3.5721862,-0.77961874,-1.9841528,-0.87215924,0.530856
2.680083,2.013086,-0.96149,3.588732,-0.75621676,-1.994715,-0.8856719,0.5283463
2.7239013,2.06937,-0.9204111,3.3461945,-0.7483146,-2.002153,-0.89672256,0.529017
2.7234545,2.2130527,-0.9265511,3.4333186,-0.7854651,-1.9989715,-0.8838926,0.5278938
2.7194943,2.17702,-0.9151113,3.3902297,-0.77770853,-2.0280278,-0.8804333,0.52680814
2.7304988,2.0204763,-0.880712,3.5956955,-0.7673638,-2.0332716,-0.90442836,0.5247164
2.735361,2.0147367,-0.9091656,3.451832,-0.72521925,-2.0362856,-0.8810287,0.5127487
2.7375913,2.0261552,-0.90828764,3.5138934,-0.68338025,-2.0221694,-0.9194139,0.49866307
2.7387207,2.0034103,-0.9112411,3.499372,-0.6911515,-2.0092878,-0.94481796,0.5043788
2.7426906,2.175284,-0.9073402,3.6538467,-0.689314,-2.0111265,-0.9036518,0.4867506
2.7503855,2.1107697,-0.8958893,3.6713638,-0.6901399,-2.0790057,-0.90843785,0.48684824
2.7359302,2.2691464,-0.8986398,3.5461705,-0.6840358,-2.0762186,-0.9025557,0.48700052
2.7365327,2.2718005,-0.90923107,3.5309036,-0.6856023,-2.051704,-0.8842957,0.47907084
2.5903006,2.423659,-0.9147008,3.5536327,-0.6983856,-2.091333,-0.8942154,0.4840262
2.5864882,2.3503814,-0.9337674,3.5841944,-0.6991544,-2.1009653,-0.92225254,0.47453326
2.7483757,2.3077512,-0.9457228,3.5746727,-0.68908966,-2.0435438,-0.9206333,0.4871757
2.7504923,2.2718952,-0.9208033,3.6533606,-0.6704973,-2.0560684,-0.92844677,0.48155153
2.7375584,2.0120873,-0.9170905,3.6796198,-0.6560315,-2.033506,-0.9231321,0.48300636
2.731128,2.0769098,-0.9757712,3.5038955,-0.6598431,-2.011705,-0.8553237,0.46772516
2.7448847,2.1180165,-0.9591919,3.432294,-0.6996343,-2.02498,-0.86692405,0.48227322
2.6747158,2.1991746,-0.95440686,3.526125,-0.71437347,-2.0486207,-0.849658,0.4819665
2.6229758,2.1875865,-0.9130508,3.809088,-0.65909624,-1.9570743,-0.8656612,0.4843372
2.6193948,2.0667155,-0.9424732,3.6474302,-0.6514375,-1.9678912,-0.8381458,0.47943127
2.626571,2.082187,-0.9620829,3.704413,-0.6462256,-1.968226,-0.8524741,0.475349
2.6610622,2.1393106,-0.96879417,3.6953835,-0.67879426,-1.9500506,-0.8496843,0.47792327
2.6201854,2.118921,-0.9613733,3.712378,-0.6990832,-2.0044851,-0.85218495,0.480084
2.6374788,2.0987847,-0.9530424,3.6148562,-0.6850418,-2.0032828,-0.87477404,0.5012977
2.699378,2.095393,-0.93244904,3.639465,-0.7026268,-2.0199351,-0.84450644,0.500041
2.705755,2.1622624,-0.92497957,3.34338,-0.6915159,-2.0712466,-0.8540267,0.4954263
2.699008,2.1705108,-0.90142924,3.3910348,-0.6933757,-2.0759354,-0.8616413,0.49546576
0.57235646,5.077692,1.2743425,3.080832,1.9475613,-1.3669914,2.8908317,0.67156434
0.5719061,5.1030674,1.2716479,3.0536606,1.9514279,-1.3460464,2.9222915,0.6752039
0.55905247,4.954218,1.2724037,3.0781124,1.9564943,-1.3640354,2.9273324,0.6589725
0.5474018,4.9104934,1.2744625,3.0990508,1.965421,-1.3459761,2.9223301,0.6655369
0.55416554,4.7892537,1.2853074,3.1010692,1.9517045,-1.3554661,2.942619,0.67130125
0.5470928,4.803711,1.263767,3.1026185,1.9374013,-1.3414564,2.9590633,0.67808414
0.532502,4.803449,1.2700803,3.077513,1.9393387,-1.2703819,2.997212,0.66697645
0.5287893,4.7774167,1.2525854,3.0698242,1.9293242,-1.2088001,2.9484684,0.6678872
0.52923495,4.7395077,1.2523265,3.0250368,1.9148133,-1.2287073,2.9483895,0.67176616
0.53148425,4.9357414,1.2457123,3.0631318,1.9413755,-1.2307069,2.970941,0.6768366
0.531178,4.906291,1.2506301,3.062252,1.9573522,-1.2240196,2.9506621,0.6750512
0.5356731,4.9682302,1.2629199,3.0598717,1.999507,-1.1829548,2.983572,0.6828749
0.5264391,4.899107,1.2660043,3.0547452,1.9674869,-1.2443773,2.9744735,0.6640533
0.5260915,4.9822474,1.2404916,3.0015814,1.8412797,-1.234474,2.9609916,0.6585181
0.5207081,4.957738,1.2409332,3.00195,1.7750294,-1.241602,2.9652658,0.64526
0.5252528,4.940848,1.2388692,3.0028243,1.792701,-1.2436736,2.9520838,0.65904415
0.52886766,4.920608,1.2360303,3.002668,1.8156433,-1.2498653,2.952073,0.6658076
0.52762854,4.9114814,1.2465813,3.016102,1.8071284,-1.2395349,2.9617343,0.66466856
0.528929,4.9177675,1.2469883,3.0403738,1.8085477,-1.2667061,2.9613078,0.6687391
0.5339021,4.8559356,1.2574482,3.0285072,1.7910702,-1.2725277,2.9693537,0.64836264
0.535638,4.857376,1.2688785,3.0244036,1.7933497,-1.2792447,2.981461,0.66374445
0.5380261,4.8018,1.2551982,3.026946,1.7919972,-1.2989247,2.9941463,0.6798986
0.53742874,4.760857,1.2193308,3.0536551,1.794883,-1.3159086,2.9825408,0.68783617
0.5332513,4.7740326,1.2295213,3.062501,1.8344944,-1.3321234,2.9910736,0.68346095
0.5300946,4.59711,1.2369375,3.1102915,1.8595951,-1.3372948,2.995952,0.6933116
0.52720296,4.5617943,1.2378154,3.1329412,1.8776896,-1.3530877,2.9918413,0.6879226
0.52490526,4.514496,1.2299256,3.1088502,1.8347392,-1.3610076,2.9936566,0.6831312
0.52811825,4.5817375,1.2386565,3.1010306,1.8540187,-1.3524481,2.9972148,0.6805326
0.5237057,4.5543594,1.2303152,3.0949826,1.831239,-1.3477082,2.9893835,0.6860466
0.5242453,4.6442327,1.2218802,3.0624115,1.8600678,-1.349663,2.9924767,0.67636013
0.5277032,4.655505,1.2227621,3.0427175,1.8534868,-1.3457955,2.9940727,0.6767411
0.52737916,4.5819464,1.2234616,3.091813,1.9006965,-1.3186846,2.9631298,0.6714356
0.5167766,4.6646094,1.2276251,3.0902925,1.9024627,-1.3099349,2.99319,0.67318714
0.5184209,4.659667,1.2245815,3.0951123,1.9216919,-1.3197477,2.9812074,0.6648849
0.51991063,4.6347647,1.2247889,3.1030114,1.928355,-1.3188479,2.9819345,0.6583693
0.5227819,4.674861,1.2264318,3.097663,1.9149745,-1.3198173,2.9970553,0.6781552
0.5226571,4.6707115,1.2248766,3.1164913,1.9160218,-1.337764,2.9955423,0.6817857
0.5268032,4.64466,1.2244728,3.1183505,1.9009905,-1.3411884,2.9822762,0.6807984
0.5301681,4.9722657,1.2255421,3.1113708,1.8914969,-1.3432512,2.9532957,0.6885762
0.5377175,5.1920023,1.2250624,3.105371,1.8677342,-1.2358227,2.9439445,0.6923566
0.550544,5.1818147,1.2733226,3.104606,1.8583221,-1.2370489,2.9288545,0.68688464
0.5470216,5.1502604,1.264622,3.1116521,1.858253,-1.271532,2.9249723,0.685755
0.5499332,5.109244,1.2535744,3.11643,1.8373692,-1.2503593,2.9171028,0.67160296
0.5561372,5.0863714,1.2600749,3.1151621,1.8282063,-1.278826,2.910217,0.6508759
0.5424062,5.077128,1.2576392,3.102128,1.8367755,-1.2608569,2.9329395,0.65438247
0.53867126,4.7851524,1.2558875,3.1319437,1.7926471,-1.2467542,2.9328735,0.6527771
0.53192526,4.8550334,1.252497,3.0766556,1.8333263,-1.2406108,2.9386373,0.679405
0.5365361,4.933304,1.2488744,3.1352835,1.8828754,-1.2279443,2.9134011,0.676023
0.53108996,5.0102816,1.2551291,3.1317248,1.8412864,-1.18533,2.9173632,0.6770294
0.5353496,5.034811,1.2286043,3.1135437,1.822206,-1.2792324,2.9192564,0.6580131
0.5346099,4.8935614,1.2372694,3.134634,1.8127685,-1.2755181,2.9336357,0.66701055
0.5455736,4.8890142,1.2411594,3.1216857,1.8251336,-1.3249673,2.9339097,0.6271367
0.5442921,4.953259,1.2373888,3.1138835,1.8220942,-1.3768983,2.930358,0.61708486
0.5415831,4.955802,1.2448008,3.1469061,1.8351152,-1.3081281,2.9207127,0.627373
0.5413541,5.065956,1.2294898,3.0987597,1.8142059,-1.2794569,2.9238856,0.6497314
0.537798,5.0518885,1.223762,3.098651,1.8218029,-1.287916,2.909764,0.6389892
0.5391599,5.0256577,1.2230394,3.1097,1.8281832,-1.2837485,2.9041772,0.65901315
0.5451658,5.0121107,1.2206318,3.1279898,1.8270328,-1.323624,2.8964977,0.653239
0.5554661,5.0894995,1.1743379,3.1876454,1.8257389,-1.3041613,2.8899088,0.6522459
0.5511284,5.0137224,1.174665,3.234492,1.8274856,-1.3557884,2.8836539,0.65394926
0.5523082,5.012973,1.1752739,3.2169936,1.831645,-1.3792229,2.8762727,0.6540098
0.55307215,5.0405264,1.1817997,3.2176013,1.8289332,-1.3469479,2.8891182,0.65864575
0.5542081,5.0145493,1.1845784,3.255401,1.8273501,-1.337982,2.888002,0.65655756
0.5449816,4.9032288,1.1863353,3.2719707,1.8237345,-1.3628087,2.8914053,0.65436375
0.5467945,4.8624144,1.185631,3.17716,1.8342059,-1.326798,2.8909657,0.656095
0.5430777,4.891595,1.1853735,3.2241514,1.8295958,-1.3372049,2.8999875,0.65750337
0.54505104,4.9404325,1.1791332,3.2347853,1.829824,-1.4039122,2.8808632,0.65450895
0.54503155,4.9765534,1.180341,3.2104964,1.8313522,-1.4176414,2.8848896,0.6552658
0.56024444,4.9208794,1.1800187,3.2765663,1.8328323,-1.3459628,2.884238,0.6567509
0.55607843,4.9264936,1.1856337,3.2650306,1.8322511,-1.300669,2.8746085,0.6546383
0.5499139,4.9140906,1.1894078,3.2651474,1.8334486,-1.3196044,2.8720503,0.6528907
0.5497692,4.7506676,1.1830912,3.2816782,1.8413401,-1.2905064,2.874024,0.6535511
0.5463062,4.8187714,1.1912723,3.346267,1.8459728,-1.2938726,2.872511,0.6515602
0.5385448,4.5816574,1.1889255,3.3443463,1.85496,-1.2909181,2.8481622,0.6539035
0.5517714,4.6940327,1.1868997,3.3349051,1.8527212,-1.279644,2.8554335,0.65340686
0.5511975,4.702468,1.1902089,3.280881,1.8546324,-1.3114789,2.8457541,0.6545943
0.5422675,4.7244987,1.1938486,3.389595,1.8564522,-1.3067911,2.8400388,0.6538762
0.5356358,4.603883,1.1916556,3.383501,1.8623285,-1.3077288,2.84518,0.65456426
0.52290857,4.5009694,1.1939952,3.388368,1.8623192,-1.3310909,2.8393805,0.65471625
0.5222819,4.606407,1.1821115,3.4043806,1.8661246,-1.3033142,2.841889,0.65824056
0.5212956,4.6382656,1.1681757,3.3798406,1.8795345,-1.3281924,2.8385596,0.6573236
0.5334316,4.694351,1.1672273,3.280591,1.8761146,-1.362472,2.8469403,0.65693367
0.5305939,4.731559,1.1675401,3.3106241,1.8754811,-1.3148198,2.8596706,0.6551428
0.5371649,4.666115,1.1639948,3.3608668,1.8764322,-1.3687778,2.8409712,0.65407395
0.5375472,4.783477,1.1639407,3.2878592,1.8756862,-1.2726889,2.8464217,0.6521634
0.53626066,4.7826014,1.1628704,3.332716,1.8748081,-1.267741,2.8399856,0.65188324
0.54345256,4.7346373,1.1698611,3.3095322,1.8733943,-1.2232053,2.8347147,0.6508002
0.5434956,4.730088,1.1577499,3.296975,1.8764026,-1.3854007,2.8325028,0.65588415
0.5420046,4.8736,1.1645651,3.308153,1.8745661,-1.3889716,2.8227644,0.6537359
0.54649985,4.683428,1.167592,3.3320594,1.8737774,-1.4004138,2.8135219,0.65662396
0.5490931,4.822938,1.168983,3.2810695,1.8816593,-1.4474218,2.8143377,0.66595566
0.5488373,4.8083906,1.1599326,3.3233795,1.8922224,-1.4336188,2.8089535,0.6662959
0.55386925,4.778369,1.1605544,3.2893527,1.8896658,-1.4460688,2.8026242,0.6668689
0.5466255,4.7949467,1.1589985,3.2721202,1.8937168,-1.3618265,2.827482,0.66649175
0.5436455,4.844591,1.1631176,3.330245,1.8939126,-1.3382516,2.823564,0.66105556
0.54405755,4.821639,1.1541238,3.2175047,1.8928053,-1.3627875,2.8165548,0.6643622
0.5568301,4.858513,1.1510289,3.239142,1.8913553,-1.3068691,2.8083262,0.657727
0.5396103,4.6976223,1.1526237,3.2780647,1.888772,-1.3843431,2.8255165,0.65489185
0.5418769,4.578123,1.1579173,3.2679641,1.882375,-1.3919337,2.8299751,0.6528835
0.51754904,4.5638804,1.1649084,3.269569,1.8836701,-1.3476989,2.8429885,0.6511495
0.50260955,4.5836596,1.1868889,3.2724977,1.8826299,-1.2767332,2.8389726,0.6517589
0.5105568,4.5610847,1.2055583,3.2648811,1.8854339,-1.3519603,2.8436475,0.6474383
0.5064031,4.576777,1.1789854,3.2400565,1.8817139,-1.4425278,2.8483405,0.6423042
0.511527,4.603043,1.1425962,3.2543721,1.8809457,-1.4772773,2.8347266,0.6445452
0.5171032,4.612547,1.136698,3.2571049,1.8790503,-1.5103918,2.8326232,0.6420171
0.5145127,4.6132,1.1400831,3.274034,1.8802156,-1.4301853,2.839455,0.64335096
0.5209239,4.596162,1.1430464,3.2797081,1.86802,-1.3928965,2.8558288,0.63889194
0.5175371,4.648322,1.1439371,3.3021526,1.864017,-1.3973148,2.84696,0.63870263
0.5211796,4.6470146,1.148885,3.2643907,1.8604858,-1.2785071,2.8453574,0.63687444
0.5030625,4.7078285,1.1489048,3.3255892,1.8588636,-1.2694907,2.8505654,0.63399065
0.5049608,4.7366114,1.1510842,3.1945148,1.8584518,-1.2473519,2.8618824,0.63302124
0.50702006,4.7377377,1.1488676,3.2032845,1.858643,-1.27634,2.8630223,0.63229966
0.51391554,4.8107758,1.1516376,3.1970427,1.8600147,-1.2623774,2.8634622,0.63437724
0.5294202,4.891034,1.2242618,3.198079,1.8620522,-1.2007692,2.8675466,0.65926504
0.5206812,4.9443736,1.258177,3.2188096,1.875915,-1.268817,2.8580787,0.6302831
0.5316071,4.9299474,1.2722378,3.2416623,1.9559572,-1.3031284,2.8608608,0.6293212
0.53542274,4.854311,1.2601545,3.2201393,1.961761,-1.2852418,2.8566194,0.62555194
0.5350984,4.754033,1.2691722,3.2148912,1.9269123,-1.2945678,2.842608,0.6321064
0.5439182,4.847323,1.266577,3.259163,1.9713132,-1.3105855,2.8159935,0.63272715
0.5526765,4.896537,1.2654169,3.2494576,1.9760463,-1.3128185,2.8361263,0.63306653
0.5449397,4.8781395,1.2695334,3.2407553,1.9895556,-1.3120512,2.8823535,0.6327001
0.57016563,4.834387,1.2879534,3.2587447,1.9941635,-1.3007566,2.853249,0.6375712
0.5544507,4.8825636,1.2940199,3.2567773,1.9448192,-1.2980036,2.8588626,0.62476075
0.562263,4.812086,1.285954,3.1742494,1.9471967,-1.3304253,2.8965714,0.6323798
0.56376565,4.6484947,1.296905,3.222322,1.9398234,-1.3436637,2.9068735,0.62960863
2.4422216,3.7634852,-0.5385319,4.1763234,-1.912383,-0.46659422,2.6652656,-0.023148179
2.432148,3.7513027,-0.5433241,4.1558027,-1.8347553,-0.42895436,2.682298,-0.025098383
2.4186268,3.7842338,-0.56278694,4.161045,-1.8205376,-0.43876266,2.7433434,-0.015983164
2.4209394,3.7193737,-0.56098765,4.136037,-1.8102748,-0.44338727,2.7746174,-0.013905406
2.4185328,3.7167072,-0.5657509,4.142787,-1.8188815,-0.46357918,2.756372,-0.0111938715
2.4387188,3.6680615,-0.56451726,4.1432486,-1.7806139,-0.4255128,2.7899303,-0.009346485
2.4369838,3.6449802,-0.5622145,4.158017,-1.8196961,-0.42337346,2.7561512,-0.010343075
2.4512086,3.631301,-0.56104755,4.218107,-1.862879,-0.42049694,2.7349372,-0.0095255375
2.4651885,3.6959453,-0.5484482,4.237167,-1.8912644,-0.42887163,2.6986713,-0.019049525
2.4536614,3.7185853,-0.55432296,4.2300243,-1.8696713,-0.4555111,2.6988113,-0.02018866
2.4574537,3.7187724,-0.54727197,4.237526,-1.8864576,-0.45827484,2.5740788,-0.028122813
2.4497523,3.689663,-0.5524535,4.254058,-1.8142201,-0.3836074,2.6861749,-0.027193695
2.4363074,3.6769433,-0.55747926,4.2815657,-1.8067856,-0.4156301,2.6701183,-0.025791168
2.4668465,3.7554865,-0.5588368,4.2951636,-1.83748,-0.38238573,2.6670668,-0.02980259
2.4907444,3.7750313,-0.55668074,4.202456,-1.7945197,-0.36088777,2.6152978,-0.026002228
2.4803774,3.7431693,-0.55552185,4.213176,-1.7891818,-0.40656686,2.6214793,-0.02924645
2.4785225,3.7111478,-0.55423963,4.219337,-1.7851691,-0.35348558,2.5864048,-0.030829698
2.4964123,3.7038836,-0.5448577,4.1813884,-1.7754571,-0.31243157,2.5824957,-0.0320338
2.495186,3.8146634,-0.5584963,4.1775227,-1.769226,-0.28269005,2.5774975,-0.028969139
2.5079381,3.8103762,-0.56930083,4.1631665,-1.7146431,-0.29957676,2.594759,-0.026352197
2.5569034,3.7792,-0.57181984,4.138156,-1.6849945,-0.30754995,2.5877094,-0.026690662
2.5295463,3.8562937,-0.5723087,4.152894,-1.6839962,-0.2533884,2.6213682,-0.024093747
2.522879,3.809165,-0.5787337,4.153094,-1.6860373,-0.29903173,2.6149943,-0.023781955
2.5268354,3.8329244,-0.5824071,4.138818,-1.7093406,-0.2976489,2.5556366,-0.031790257
2.5270944,3.8321724,-0.59294415,4.153803,-1.6723069,-0.2953539,2.6161137,-0.022109747
2.53154,3.8358836,-0.5982772,4.162875,-1.7004852,-0.29261947,2.7772183,-0.01309973
2.501221,3.8349638,-0.59861267,4.152448,-1.7244042,-0.31547832,2.6363962,-0.017854095
2.530327,3.76929,-0.5863484,4.226199,-1.6161878,-0.2897992,2.6262956,-0.014438868
2.4913034,3.6960573,-0.6015029,4.2967997,-1.7340345,-0.2993493,2.6611814,-0.0070293546
2.5754285,3.8196526,-0.5638851,4.163876,-1.7435577,-0.29918146,2.6712704,-0.006221354
2.5234146,3.8169541,-0.5666295,4.173043,-1.7641373,-0.27030802,2.6493227,-0.0050946474
2.526271,3.6688423,-0.575398,4.213414,-1.7629795,-0.25108814,2.662892,-0.0034355521
2.5217817,3.7079973,-0.5920061,4.2226667,-1.772202,-0.26441097,2.659863,-0.0031602979
2.5223527,3.7399216,-0.5699771,4.2006826,-1.7482271,-0.26348925,2.6526403,-0.0061874986
2.5210228,3.7569609,-0.58512497,4.2297845,-1.7602497,-0.26423216,2.6394534,-0.008061111
2.536824,3.7643712,-0.5758947,4.1941066,-1.7549865,-0.31809998,2.7269032,-0.008611858
2.5804236,3.806355,-0.5795321,4.1602144,-1.759229,-0.2761588,2.734887,-0.015689194
2.5726056,3.8090296,-0.5911499,4.1629467,-1.6957177,-0.27794957,2.7215772,-0.0068175197
2.5911603,3.7983792,-0.59120643,4.1671605,-1.6790432,-0.2831602,2.6357994,-0.009016365
2.5904086,3.8841238,-0.6073493,4.14746,-1.6370611,-0.23577261,2.6420097,-0.0014455914
2.5669487,3.9526343,-0.5861375,3.9234667,-1.6206322,-0.37497616,2.637992,0.0055032372
2.5785902,3.9847975,-0.5852813,3.9119794,-1.6113129,-0.33011222,2.6365097,-0.00088584423
2.5537705,4.002604,-0.5994826,3.9395638,-1.6092435,-0.3340168,2.6550972,0.0010101199
2.5480394,4.0405197,-0.6042119,3.8989697,-1.5936539,-0.34539676,2.6524773,0.0019081831
2.5344725,4.0019336,-0.6111565,3.911076,-1.6406922,-0.33512807,2.584013,-0.0033131838
2.5771914,3.945825,-0.5925,3.9415202,-1.704851,-0.3650856,2.7020228,-0.0010482073
2.6265063,3.9858918,-0.5933885,3.8424616,-1.7562691,-0.3631611,2.76962,0.01911825
2.5455747,4.080144,-0.5894883,3.8492823,-1.8197197,-0.34310412,2.657823,0.014192045
2.5446103,4.073004,-0.5777624,3.7661357,-1.801903,-0.3180189,2.667733,0.037754595
2.542509,4.1345506,-0.5865674,3.7612314,-1.815646,-0.3064382,2.7302966,0.021738708
2.570432,4.1265326,-0.5870755,3.7540305,-1.8267883,-0.30271673,2.737667,0.024385035
2.6150784,4.2806816,-0.54434407,3.6012049,-1.6852403,-0.32598972,2.703273,0.051647544
2.615056,4.3906083,-0.51456434,3.609082,-1.7080536,-0.3287506,2.7184641,0.048448563
2.6368587,4.347583,-0.4415235,3.4807768,-1.7499568,-0.3077979,2.682996,0.04394293
2.600492,4.3396387,-0.4376353,3.5240662,-1.7073995,-0.31375742,2.7243571,-0.0011072159
2.6168523,4.2694407,-0.43911892,3.5895352,-1.6768451,-0.301378,2.6449049,0.0040001273
2.5983636,4.2672863,-0.5345037,3.534983,-1.6844438,-0.32011056,2.6299303,-0.015725851
2.6507094,4.2755423,-0.54485995,3.6120794,-1.749726,-0.3543434,2.5904453,-0.03856927
2.6826901,4.2654457,-0.5510861,3.636424,-1.7440565,-0.35261083,2.6196487,-0.002771467
2.6495757,4.2021933,-0.525435,3.6429567,-1.7214407,-0.35240293,2.597531,-0.004283875
2.6033475,4.2294073,-0.53502166,3.6380076,-1.7104124,-0.36029053,2.6100419,-0.011757851
2.6006389,4.2240734,-0.51908857,3.543532,-1.7271485,-0.3748603,2.6227405,-0.042458177
2.5929039,4.2543125,-0.523381,3.5643456,-1.7200663,-0.35486484,2.614429,-0.043290883
2.604907,4.2582865,-0.5262384,3.5273702,-1.6802208,-0.31928372,2.612822,-0.03693047
2.5906498,4.2396708,-0.52623194,3.521481,-1.6912107,-0.35236025,2.6612227,-0.01103425
2.5601614,4.230975,-0.5449853,3.5471659,-1.6886241,-0.3772726,2.6353889,-0.008008182
2.6029968,4.267741,-0.5446193,3.6163297,-1.6958578,-0.36005926,2.6449072,-0.03905636
2.5919533,4.258286,-0.5459243,3.5889416,-1.7029026,-0.3926673,2.6392372,-0.029245079
2.6109507,4.236747,-0.55027777,3.6077116,-1.7293811,-0.4008031,2.6138852,-0.033238888
2.6069548,4.2455773,-0.5420264,3.6045718,-1.7211428,-0.41951084,2.6231775,-0.02331227
2.5647295,4.3032417,-0.54268134,3.5823226,-1.7111094,-0.41381264,2.6264155,-0.048875213
2.5741143,4.2997828,-0.5369474,3.6636217,-1.6849698,-0.3769405,2.6274223,-0.051993847
2.5774639,4.254366,-0.48874182,3.687381,-1.6637368,-0.36818528,2.6138844,-0.06604874
2.5646367,4.25667,-0.46378368,3.6371021,-1.7336149,-0.37689447,2.6138778,-0.073158026
2.5712533,4.271887,-0.51033664,3.5874739,-1.6745765,-0.38214278,2.614496,-0.07060683
2.55052,4.237668,-0.51081365,3.6242115,-1.6675566,-0.3883605,2.5853157,-0.07937145
2.539915,4.219742,-0.50753,3.613573,-1.6467589,-0.40092993,2.570817,-0.074309915
2.567792,4.215665,-0.5010216,3.6681318,-1.654629,-0.3947096,2.5788581,-0.07705873
2.598865,4.1113663,-0.51380575,3.704018,-1.6529789,-0.35796762,2.545023,-0.08144939
2.6246607,4.055046,-0.5000658,3.6272244,-1.6941282,-0.35453415,2.4878476,-0.08237067
2.616401,4.070613,-0.45683783,3.6261039,-1.643717,-0.31974387,2.496273,-0.090254724
2.6013384,4.02935,-0.45913124,3.6708949,-1.6325872,-0.3277738,2.5037632,-0.09640443
2.613744,4.024523,-0.46480608,3.6756647,-1.637132,-0.3117764,2.4810925,-0.10862869
2.575427,4.099947,-0.5003607,3.6793475,-1.6138988,-0.31928825,2.4828773,-0.10635999
2.6119947,4.1156025,-0.5259676,3.787657,-1.599459,-0.3316195,2.4725382,-0.10129124
2.5903282,4.0971484,-0.5218862,3.7322865,-1.6044112,-0.33316565,2.4329054,-0.10130566
2.593208,4.0957003,-0.5331778,3.7894707,-1.5940766,-0.35138988,2.4195874,-0.12269956
2.5852602,4.079418,-0.527493,3.6959307,-1.5970247,-0.33619666,2.423002,-0.12189144
2.5918932,4.057795,-0.5701642,3.6505113,-1.5697919,-0.30114913,2.4409046,-0.102324605
2.6000614,4.0610037,-0.5719738,3.7113044,-1.5798907,-0.29137444,2.4596796,-0.05995369
2.6662667,3.9232054,-0.5497371,3.7245977,-1.583209,-0.30252123,2.4069567,-0.058912277
2.6618924,3.9676926,-0.563926,3.7159672,-1.5361413,-0.27519846,2.4267128,-0.06608695
2.660494,3.9440207,-0.5360843,3.7297769,-1.5471445,-0.27963758,2.4339664,-0.0861572
2.6896257,4.084081,-0.52066064,3.8290453,-1.5494912,-0.2823918,2.4707851,-0.06719178
2.682503,4.2111397,-0.49829435,3.607391,-1.559737,-0.28521204,2.4082007,-0.076798856
2.6924422,4.19807,-0.52549386,3.6830978,-1.5898707,-0.25419712,2.3733208,-0.08175439
2.6700573,4.2073736,-0.5191111,3.671409,-1.576053,-0.273283,2.3204565,-0.091397226
2.6588748,4.182005,-0.50166976,3.6559923,-1.630379,-0.2667489,2.388065,-0.094934285
2.6590755,4.199649,-0.50812995,3.7375593,-1.5981157,-0.2788694,2.4252932,-0.08731997
2.6721535,4.103821,-0.5235811,3.6584902,-1.6025828,-0.26271725,2.4200187,-0.085595965
2.6903942,4.0717974,-0.5267443,3.7755623,-1.479442,-0.24562073,2.395292,-0.09284091
2.6624022,4.036633,-0.5155597,3.7187996,-1.4928406,-0.22561765,2.4572341,-0.08751309
2.6330812,4.034562,-0.51629585,3.7483792,-1.4921052,-0.23040485,2.4421637,-0.08964658
2.6474218,4.099586,-0.52273303,3.7634103,-1.5192229,-0.24906158,2.4599926,-0.094474256
2.6869464,4.1893425,-0.5259726,3.7245905,-1.5449867,-0.25527358,2.4483614,-0.08718917
2.6713476,4.174526,-0.53180283,3.7038531,-1.5485002,-0.28005672,2.4431622,-0.077160776
2.6713638,3.946343,-0.5050911,3.702011,-1.5576823,-0.2695291,2.4706063,-0.06421551
2.6675606,3.9577866,-0.49468577,3.700832,-1.5315814,-0.25848818,2.4528592,-0.08392298
2.6730092,3.9246078,-0.48767495,3.696902,-1.5379248,-0.259552,2.4372046,-0.094836295
2.6685982,3.9785786,-0.48765767,3.6727004,-1.5519376,-0.23524547,2.408918,-0.0920524
2.6704009,4.005704,-0.47985125,3.6571293,-1.5223138,-0.23664927,2.3729887,-0.090851724
2.693389,3.8914745,-0.47744238,3.662245,-1.5301185,-0.22367072,2.3979914,-0.078321695
2.7003984,3.8638816,-0.4603061,3.6784039,-1.5874853,-0.22754931,2.3184836,-0.0887014
2.686903,3.8502872,-0.46352816,3.6975243,-1.5616847,-0.25122142,2.37604,-0.09459323
2.6969128,3.8133242,-0.46577585,3.6926646,-1.5613708,-0.2618158,2.3683927,-0.09031564
2.7122734,3.8523357,-0.4551251,3.6939461,-1.5567564,-0.2669103,2.4112399,-0.0857023
2.7114377,3.8575494,-0.4617464,3.7031045,-1.5869476,-0.27986908,2.2984421,-0.084555686
2.7354887,3.87157,-0.46859264,3.7233937,-1.5697434,-0.29334593,2.3721688,-0.092994094
2.715137,3.8105555,-0.46968734,3.7498446,-1.5451121,-0.29677153,2.3212633,-0.08730316
2.6441364,3.8075376,-0.44099265,3.722657,-1.5589983,-0.29834127,2.3562844,-0.106851876
2.6838655,3.7144141,-0.38957453,3.7509344,-1.5546057,-0.30257797,2.3843224,-0.11982256
2.6984384,3.6772902,-0.39706558,3.7558286,-1.5144899,-0.30787015,2.3502102,-0.11634156
2.7079787,3.6056285,-0.387545,3.800598,-1.51634,-0.32233858,2.2717721,-0.1214636
2.6474042,3.6106493,-0.37060553,3.7812495,-1.5037136,-0.3241043,2.3213713,-0.124604106
2.6542146,3.4755464,-0.35605848,3.7297711,-1.4823385,-0.35521078,2.2702518,-0.12081641
0.86249286,3.2479496,-0.90664566,7.134731,1.6615667,-1.4131519,2.5628986,0.4169802
0.86596274,3.0897675,-0.90171975,7.1362796,1.6484542,-1.3709974,2.5935786,0.41747046
0.8379103,3.1272888,-0.89107704,7.1390777,1.6623819,-1.3783116,2.6281612,0.41820002
0.83153975,3.1966734,-0.8996866,7.1442094,1.6619842,-1.3860222,2.6356318,0.41945696
0.8292241,3.179799,-0.89221805,7.1658382,1.6675053,-1.4064989,2.565042,0.41344213
0.8322,3.2427182,-0.9029329,7.0520344,1.6896324,-1.3438368,2.5466948,0.40114117
0.8247231,3.230959,-0.9070549,7.0625167,1.6842318,-1.378664,2.5526555,0.4071129
0.8333883,3.1785421,-0.87078214,7.1271844,1.6784847,-1.383971,2.5046382,0.41473317
0.8168181,3.1956549,-0.8848505,7.126013,1.7233331,-1.374669,2.5943673,0.40053368
0.8329176,3.224713,-0.8633853,7.109651,1.7256052,-1.3807772,2.420675,0.4068855
0.86208445,3.597337,-0.90429604,7.147398,1.7245772,-1.402103,2.4374762,0.40424114
0.8545761,3.5838976,-0.9145722,6.9067874,1.7332258,-1.4232548,2.438936,0.40435946
0.86592793,3.4310646,-0.9266595,6.927602,1.7206032,-1.3858845,2.4270482,0.39573318
0.86408997,3.4541516,-0.98446476,6.933036,1.7272656,-1.4089005,2.4260194,0.39506018
0.93076926,3.4222233,-0.9767773,6.9742126,1.7130401,-1.3743467,2.428458,0.3995881
0.8618773,3.4530993,-0.9453217,7.0212245,1.7068565,-1.3868734,2.433523,0.3940273
0.8469766,3.4511502,-0.9780213,7.081188,1.7254894,-1.3794308,2.3985846,0.39513838
0.9077707,3.476518,-0.97874874,7.085842,1.7289927,-1.3581657,2.3992918,0.4046936
0.92678654,3.4726663,-0.97297513,7.089227,1.739419,-1.3594556,2.4008446,0.4046296
0.91296333,3.5257306,-0.9735923,7.045742,1.7457271,-1.367665,2.3933733,0.4118569
0.88014585,3.4922047,-0.95809144,6.997,1.7299967,-1.4046767,2.3791785,0.41000485
0.89973545,3.471953,-0.95622313,7.0027766,1.7335312,-1.3509166,2.3809829,0.41447043
0.9014899,3.4118605,-0.93601245,6.798919,1.7481596,-1.3685964,2.3972633,0.40912473
0.9114751,3.4877167,-0.9604831,6.8576984,1.7355816,-1.3643098,2.3913875,0.39324087
0.90758085,3.3190184,-0.9668807,7.0549808,1.7456834,-1.3902221,2.3991547,0.39596152
0.8973841,3.28514,-0.9210971,6.9892592,1.749249,-1.3813593,2.4219027,0.4141426
0.9053012,3.249844,-0.9189136,7.0077906,1.7657862,-1.3704114,2.3829637,0.4034369
0.88563615,3.4574528,-0.9300035,7.0626774,1.7683995,-1.3857508,2.3455741,0.406296
0.8289865,3.545078,-0.91921955,6.996442,1.7834945,-1.3937447,2.355973,0.39573604
0.87286943,3.553658,-0.954897,7.0639763,1.801362,-1.3822078,2.3268027,0.41075194
0.86546063,3.4703436,-0.896735,7.0309095,1.7954223,-1.3823082,2.3094168,0.41140944
0.8767184,3.4466095,-0.88099945,7.090484,1.8249271,-1.3661516,2.2810276,0.42333525
0.8702148,3.2861843,-0.8701577,7.0788584,1.8101068,-1.3043766,2.307651,0.38150656
0.8425656,3.3694763,-0.8883645,7.024878,1.8264611,-1.3019521,2.2746532,0.37807572
0.91668785,3.2889457,-0.88763577,7.0444045,1.8516629,-1.2786144,2.2259905,0.36416554
0.9456381,3.3730638,-0.9124715,7.032318,1.8751769,-1.2717824,2.1653028,0.35939825
0.9583112,3.341731,-0.8758227,7.0042152,1.8651342,-1.2794306,2.1793447,0.36649597
0.94438,3.28166,-0.9038162,7.0830517,1.8950493,-1.273653,2.152305,0.36552256
0.9050688,3.2770033,-0.9255234,7.180553,1.8914742,-1.3000612,2.1793048,0.3510723
0.91133446,3.199127,-0.91196746,7.181941,1.849061,-1.2959479,2.2043445,0.34197974
0.91955364,3.2492404,-0.8886404,7.187471,1.8124828,-1.2330339,2.197213,0.3732233
0.9465392,3.1259198,-0.9073215,7.171004,1.8064029,-1.296199,2.2911553,0.36351418
0.8545023,3.2374454,-0.8991177,7.0938263,1.8322971,-1.2882323,2.2424839,0.3691839
0.87255627,3.267023,-0.88872695,7.112119,1.8405385,-1.2692986,2.2291076,0.36822963
0.883824,3.2910366,-0.8730742,7.140299,1.8408442,-1.2675465,2.232188,0.3618585
0.8717809,3.3461404,-0.8507014,7.128939,1.8318117,-1.2695303,2.2653816,0.35028082
0.86872816,3.3070095,-0.9183478,7.122046,1.8273339,-1.300008,2.271624,0.35925412
0.93727505,3.317397,-0.9155477,7.1327124,1.8238459,-1.3016782,2.2911508,0.35904598
0.903508,3.313699,-0.93094754,7.1053843,1.82616,-1.3551099,2.2967029,0.35922563
0.86623126,3.4032385,-0.931943,7.1329093,1.8450124,-1.342891,2.3442357,0.341137
0.8721954,3.4520748,-0.92779595,7.1070895,1.8625932,-1.3525491,2.368305,0.33347487
0.8916049,3.34523,-0.885229,7.189006,1.8615327,-1.33886,2.3790662,0.33402753
0.89952075,3.4042697,-0.906819,7.159464,1.8639214,-1.3017328,2.2288032,0.35903502
0.8689792,3.3544989,-0.9052787,7.0362554,1.874677,-1.2882671,2.213684,0.37681806
0.9338512,3.2510257,-0.8994224,7.071761,1.8721929,-1.290233,2.1956084,0.3733393
0.9495115,3.2813296,-0.9185486,7.0364966,1.8484457,-1.35597,2.162198,0.3685956
0.93966436,3.2590678,-0.9290686,7.0540013,1.872313,-1.3802387,2.1636927,0.36937976
0.9538971,3.3985207,-0.918208,7.053388,1.8642051,-1.3898995,2.1469367,0.36871028
0.95756036,3.3867903,-0.9246848,6.8717904,1.8631437,-1.3069954,2.1520014,0.39369965
0.91834,3.228087,-0.9074363,7.011659,1.8545389,-1.3212751,2.1844845,0.39133322
0.92178404,3.2520816,-0.91632235,7.0194554,1.8752842,-1.3214543,2.1795216,0.3833707
0.9221535,3.2837706,-0.8827701,7.0882225,1.8476045,-1.3248944,2.187002,0.38268018
0.9074645,3.438518,-0.9004803,6.9512715,1.8850551,-1.316149,2.1719456,0.39285958
0.8594164,3.4375198,-0.84135795,6.9266524,1.8878415,-1.3267367,2.1367557,0.39945805
0.86650836,3.4697125,-0.87581563,6.9569674,1.8900604,-1.3123708,2.1844273,0.38746202
0.89313036,3.447436,-0.91481596,6.9896326,1.9016128,-1.3130031,2.1545033,0.36590052
0.8556733,3.4755073,-0.8742388,6.985168,1.9197364,-1.308341,2.1555398,0.36784643
0.8904449,3.5165048,-0.94976586,7.0554485,1.9063063,-1.3111615,2.1997192,0.3315761
0.88107914,3.5519447,-0.8479479,6.96922,1.9114304,-1.2948153,2.1906087,0.34232754
0.8623315,3.5566077,-0.85768473,6.927107,1.8855634,-1.2866995,2.1676497,0.35184443
0.87396634,3.5991204,-0.8666185,6.932549,1.8854146,-1.2807758,2.1889908,0.35329843
0.8804165,3.4951048,-0.85779136,7.079795,1.9035296,-1.2817094,2.1362154,0.35342216
0.8710483,3.483112,-0.8853684,7.0592628,1.9381111,-1.3045839,2.1584399,0.29948902
0.85140795,3.5430026,-0.8888365,7.162596,1.9249344,-1.3036484,2.2348986,0.28072292
0.84375304,3.4524832,-0.91756403,7.16456,1.9195147,-1.3085915,2.2134585,0.27714062
0.86377823,3.485716,-0.9524532,7.171694,1.9112644,-1.3069658,2.2002888,0.27305353
0.87076473,3.4911122,-0.94699806,7.1158886,1.9128032,-1.3214246,2.2084107,0.34631395
0.88999844,3.3873625,-0.95360076,7.1663322,1.9088259,-1.3148956,2.212899,0.282304
0.87017465,3.4789803,-0.95858103,7.2067337,1.8985257,-1.367518,2.2559223,0.28133726
0.88185406,3.4329991,-0.86762786,7.213372,1.8861475,-1.2885822,2.203636,0.3430875
0.87734246,3.29245,-0.8885608,7.1848965,1.9155679,-1.2890453,2.1737843,0.3303545
0.90878594,3.2999926,-0.9373182,7.1885133,1.8962808,-1.2899327,2.1572886,0.3249157
0.8895395,3.3233545,-0.92449,7.18527,1.8982532,-1.3103671,2.218474,0.31985813
0.9127777,3.285598,-0.95397526,7.2063246,1.8713484,-1.3038508,2.221614,0.32147497
0.8827548,3.2911181,-0.9653666,7.1868477,1.8572965,-1.3053184,2.288246,0.319049
0.8754813,3.4620314,-0.97412944,7.181019,1.8347225,-1.3074534,2.3198645,0.36000454
0.884285,3.551849,-0.9468564,7.172908,1.8593688,-1.3535144,2.300024,0.350518
0.89231163,3.659782,-0.9648408,7.1151576,1.8487144,-1.3585107,2.3145795,0.3602816
0.8282163,3.6932673,-0.94983417,7.164653,1.8817017,-1.3746253,2.275922,0.37531817
0.85003453,3.642354,-0.99094707,7.176546,1.8974903,-1.3480573,2.2658858,0.34191966
0.8931619,3.7407868,-0.9991085,7.1691546,1.8986721,-1.3474565,2.291144,0.34675765
0.87854373,3.701048,-0.9983456,7.1927986,1.8932343,-1.3868122,2.3071332,0.36031604
0.87876904,3.703804,-0.9945822,7.183522,1.8908169,-1.4125983,2.2844467,0.36158192
0.8645539,3.7284591,-0.9904407,7.2243633,1.9109056,-1.4176862,2.240585,0.35330492
0.8674068,3.8348908,-0.9784662,7.228668,1.9372396,-1.343099,2.294489,0.35921907
0.86830735,3.755021,-0.94997686,7.201578,1.9104302,-1.3165066,2.3206701,0.360358
0.8695792,3.7160678,-0.98135334,7.20932,1.8937061,-1.3930702,2.2563586,0.39349103
0.86806035,3.6104298,-0.97175765,7.094106,1.8969998,-1.3874092,2.2816777,0.38977635
0.87998796,3.5554876,-0.92172766,7.0652666,1.8907311,-1.3895519,2.247928,0.3914674
0.8644583,3.5713162,-0.90663004,7.058826,1.8939342,-1.3241215,2.228517,0.38716513
0.8909888,3.5052795,-0.914587,6.9863596,1.8285532,-1.3657618,2.2299554,0.40659034
0.8989104,3.4951549,-0.8948342,7.0695558,1.8449073,-1.3632617,2.2250545,0.42384845
0.89768356,3.4724898,-0.9158216,7.0536165,1.8376224,-1.3878789,2.2512155,0.4281069
0.9056325,3.4975324,-0.916731,7.1271634,1.8344877,-1.3855523,2.2867758,0.44006145
0.8923693,3.542479,-0.9253659,7.1628437,1.8379354,-1.3938856,2.2602894,0.438798
0.88954306,3.4516668,-0.83465266,7.045476,1.8522108,-1.3252909,2.175653,0.42465794
0.89506614,3.429421,-0.8590412,7.0620856,1.8922675,-1.3900076,2.278038,0.36915565
0.88861984,3.4548154,-0.9044739,7.0023694,1.8886192,-1.3993268,2.3190308,0.3648088
0.9140852,3.464283,-0.9351736,7.0123672,1.8706241,-1.4122579,2.3235836,0.36431742
0.877083,3.4881253,-0.9304776,7.0376377,1.8692238,-1.4084347,2.2703052,0.3636586
0.84482276,3.2301583,-0.9060927,7.164397,1.8239169,-1.2894146,2.2896888,0.35096896
0.81418025,3.4409752,-0.8799672,7.0334067,1.827168,-1.2904055,2.349018,0.3539859
0.8071157,3.4396122,-0.90825677,7.045011,1.8318012,-1.3138998,2.3246253,0.35297048
0.828151,3.4341419,-0.8844417,7.0775747,1.8477669,-1.3400106,2.3536155,0.35045356
0.8186607,3.4625049,-0.8645198,7.067193,1.8099458,-1.414684,2.401631,0.38877088
0.8252761,3.4233384,-0.85269296,7.040677,1.8181872,-1.3863162,2.409042,0.38424802
0.8018416,3.3610716,-0.84729975,7.0299587,1.8294148,-1.379955,2.4121623,0.38732982
0.80275977,3.3548899,-0.85049033,7.0707226,1.8042223,-1.380589,2.3508267,0.38880736
0.8271273,3.339039,-0.8635134,7.070241,1.7785945,-1.3900092,2.3829823,0.3898549
0.80630326,3.4476004,-0.8606812,7.0778313,1.7891552,-1.3754978,2.3565915,0.3862564
0.8199045,3.4559038,-0.9030585,7.056274,1.8057821,-1.3641433,2.4072802,0.37564433
0.83845055,3.5059342,-0.92027503,7.024521,1.7978933,-1.3611699,2.4031782,0.36728966
0.83420455,3.5749075,-0.8813296,7.066261,1.7300715,-1.3488884,2.4074893,0.3877334
0.77452683,3.6330352,-0.8567007,7.189476,1.7815416,-1.3612779,2.4178922,0.38012344
0.75150585,3.436956,-0.85450864,7.2108355,1.7863183,-1.379989,2.418424,0.36709726
2.3353996,2.0107496,-0.7423293,3.3538282,1.0726581,-0.3814323,2.38886,0.7011943
2.3369827,2.007378,-0.74024546,3.2887692,1.0399966,-0.38128352,2.3772538,0.6936892
2.3325977,2.007017,-0.7244575,3.271904,1.0552819,-0.37363577,2.3772418,0.68835914
2.3355556,2.017571,-0.71656305,3.274574,1.0499716,-0.36904335,2.377532,0.7042177
2.3333566,2.0086794,-0.706277,3.268508,1.0449848,-0.3692727,2.37321,0.6797117
2.3355372,2.000731,-0.70062476,3.2778065,1.1115863,-0.36887217,2.369681,0.6846949
2.3495975,2.0077105,-0.7046692,3.31352,1.1890955,-0.36687517,2.381249,0.71101916
2.3571844,2.002594,-0.6924261,3.298134,1.1424062,-0.3670404,2.3812902,0.7074288
2.357892,2.005125,-0.6976473,3.324257,1.0760462,-0.37157083,2.3853183,0.70083857
2.3634136,2.0167582,-0.6986197,3.3283272,1.1306951,-0.36917973,2.3887806,0.7070458
2.363135,2.0223672,-0.69920146,3.3182054,1.1183884,-0.36538935,2.3891463,0.7083876
2.3599427,2.043228,-0.7065532,3.207028,1.0806084,-0.36187458,2.3854997,0.70758224
2.3578782,2.0545783,-0.7042606,3.2158022,1.0812428,-0.35670924,2.378328,0.6937852
2.355885,2.0497835,-0.703155,3.198275,1.1445785,-0.35455823,2.3760731,0.6855767
2.3533087,2.0752723,-0.69946146,3.2638896,1.1859972,-0.3593595,2.3713424,0.6859864
2.362667,2.058498,-0.71310437,3.2610612,1.2011347,-0.35495758,2.381677,0.6913316
2.3577461,2.0546422,-0.706216,3.1235862,1.1156919,-0.35558486,2.378691,0.6837058
2.3575487,2.0477638,-0.6958722,3.1856148,1.0972502,-0.35723686,2.3779955,0.6848166
2.3583536,2.0388482,-0.6921978,3.1659236,1.0985544,-0.35710478,2.38055,0.7090864
2.358014,2.0351346,-0.70267504,3.1696033,1.1022315,-0.35384607,2.3801692,0.70428383
2.356885,2.040328,-0.7218824,3.1562808,1.0958807,-0.3640499,2.3773868,0.708771
2.3559499,2.0315197,-0.72573614,3.112811,1.0929387,-0.36422014,2.387667,0.6830821
2.3586807,2.0252013,-0.71760225,3.180045,1.1062396,-0.36622143,2.3862793,0.695263
2.356137,2.0020254,-0.7195024,3.1675794,1.089293,-0.37062693,2.3870184,0.7106917
2.3584273,2.019126,-0.7211747,3.2461588,1.096976,-0.37056208,2.379282,0.71499956
2.3635678,2.047269,-0.7235195,3.2635903,1.0982826,-0.37234855,2.3767009,0.7039865
2.3518865,2.0435922,-0.73022985,3.0899894,1.0976393,-0.37000108,2.374687,0.69569564
2.3512266,2.037314,-0.72776973,3.0836606,1.1055541,-0.36438704,2.3749394,0.6844299
2.3571522,2.0815516,-0.740173,3.1417525,1.1045344,-0.36738563,2.3739297,0.6899197
2.3561363,2.0787742,-0.7321495,3.1397948,1.1065867,-0.36882472,2.3756864,0.69048786
2.3550963,2.0632198,-0.741197,3.0918212,1.1204426,-0.3626802,2.3736663,0.69200885
2.3533688,2.0742369,-0.73140705,3.0327876,1.1113539,-0.367342,2.3734426,0.6866666
2.3532658,2.0787456,-0.7380351,3.0338683,1.1148996,-0.3598442,2.3738394,0.7012868
2.3531036,2.0842378,-0.7490065,3.0444736,1.1096022,-0.36522746,2.3730488,0.7036805
2.354113,2.0906382,-0.73365,3.0592523,1.1107135,-0.36186028,2.3705592,0.7005962
2.3532207,2.0978045,-0.7310971,3.0457852,1.1152952,-0.35903502,2.367639,0.678691
2.3461075,2.0764327,-0.7106178,3.0797567,1.0687687,-0.35267067,2.3696866,0.69642913
2.3449807,2.0926213,-0.7062314,3.1030538,1.0810885,-0.34579563,2.370611,0.6988435
2.3504007,2.0982633,-0.7077816,3.1465564,1.0836189,-0.3425696,2.3740973,0.69840956
2.349363,2.083272,-0.72625774,3.1454515,1.081717,-0.35234714,2.371864,0.70118594
2.3455734,2.0804985,-0.73499954,3.1861458,1.085149,-0.3523631,2.3761683,0.7001288
2.3435113,2.0514984,-0.7294975,3.1384673,1.0630987,-0.3579743,2.3745298,0.70141625
2.3434033,2.034728,-0.7301576,3.1672637,1.0629084,-0.36088896,2.37773,0.696321
2.3439422,2.0472965,-0.73251164,3.1308832,1.0684264,-0.35870457,2.3798597,0.6930556
2.3470554,2.0505,-0.7377144,3.1683989,1.0936623,-0.35542107,2.383591,0.6984016
2.3486218,2.033402,-0.74629843,3.1361885,1.0846047,-0.36560178,2.3807113,0.6906768
2.346963,2.0524812,-0.7416672,3.0864692,1.0847571,-0.36061454,2.381123,0.6956177
2.3461819,2.0570014,-0.7480924,3.2116416,1.0835183,-0.36332965,2.381351,0.6858083
2.3463013,2.0504904,-0.7414026,3.2068727,1.0782294,-0.35725307,2.3861072,0.6973783
2.3459623,2.0511413,-0.745934,3.1397018,1.0785346,-0.35253477,2.3899858,0.7006743
2.3448882,2.0569897,-0.75072026,3.1327152,1.0688655,-0.35320377,2.3901558,0.7015089
2.3483744,2.0442204,-0.7463324,3.1599433,1.0838158,-0.34907532,2.3961787,0.70751965
2.3499832,2.041683,-0.7425704,3.194245,1.1093004,-0.34748507,2.3995752,0.70149755
2.3456645,2.0397103,-0.7536918,3.1871576,1.126425,-0.34276247,2.3997805,0.71003914
2.3479435,2.0451543,-0.7577758,3.1995695,1.1055906,-0.34078074,2.4069207,0.71785283
2.3498378,2.059062,-0.76276684,3.0957654,1.0856125,-0.33994365,2.4062622,0.7194748
2.3519032,2.0453417,-0.84347296,3.0981352,1.0913641,-0.33836412,2.4125996,0.7223182
2.350585,2.0245683,-0.845387,3.106039,1.0993891,-0.33596563,2.4243457,0.7262298
2.3539932,2.0256085,-0.8459251,3.1415641,1.1571877,-0.34007072,2.4240887,0.728155
2.3496659,2.0189846,-0.8411913,3.1562107,1.1622064,-0.33868814,2.4229336,0.7302983
2.3457785,2.0223508,-0.8260419,3.1717498,1.1609261,-0.33482766,2.4274254,0.723969
2.3486874,2.0229967,-0.8569307,3.1982605,1.1721842,-0.34292555,2.4260516,0.7313237
2.3484406,2.0286176,-0.84152323,3.2078187,1.1653476,-0.33819842,2.4257534,0.7353009
2.3320928,2.0407212,-0.8458871,3.2268832,1.1606042,-0.34130287,2.424172,0.73817277
2.341065,2.0316465,-0.84223914,3.2251801,1.165626,-0.3415606,2.4259048,0.7366626
2.3403041,2.0279462,-0.83526015,3.240528,1.1612132,-0.34338355,2.4283576,0.72493505
2.3430166,2.0341377,-0.8342391,3.2603211,1.1774366,-0.345917,2.4275856,0.7252965
2.3440096,2.0246131,-0.83836854,3.2643874,1.1828618,-0.3453002,2.4299524,0.72798467
2.351223,2.0035455,-0.8278189,3.2549188,1.2047842,-0.35032701,2.4349105,0.7224575
2.35316,2.0162675,-0.82960767,3.257359,1.192802,-0.35114002,2.4347432,0.7168715
2.3562682,2.0243576,-0.83785737,3.252571,1.1928608,-0.34930682,2.4364426,0.7241864
2.3608258,2.0224807,-0.8318394,3.2468896,1.2007818,-0.3456707,2.4340703,0.7180821
2.365629,2.0157661,-0.816808,3.2421465,1.1996222,-0.34770894,2.4357789,0.71786904
2.3630097,2.00968,-0.805562,3.2366402,1.1610875,-0.3478384,2.433483,0.7328646
2.3615687,2.0027778,-0.79839456,3.2356162,1.1473849,-0.34763932,2.4310832,0.7347871
2.364322,2.0161273,-0.79468393,3.2454958,1.1688349,-0.34452987,2.4330215,0.7288904
2.3623579,2.0060353,-0.78128827,3.2770815,1.1730461,-0.34277177,2.4341097,0.73014224
2.3544567,2.0065556,-0.76979804,3.301615,1.178216,-0.3409989,2.429786,0.7237091
2.3545117,2.0067098,-0.76623774,3.302747,1.1808698,-0.3441174,2.4303324,0.71768844
2.3616736,2.018232,-0.7407191,3.3072622,1.2010672,-0.34446764,2.4349122,0.6786808
2.3631861,2.02966,-0.7257217,3.3224127,1.1833229,-0.3421135,2.4312606,0.6837666
2.3594615,2.0236282,-0.72430253,3.2830744,1.1712339,-0.34342957,2.429783,0.6811516
2.358611,2.027411,-0.72566843,3.3157403,1.0178046,-0.3457713,2.4340088,0.69054854
2.3659241,2.0364678,-0.7339856,3.391333,1.0662167,-0.35184383,2.4463985,0.6802343
2.3707688,2.0124717,-0.7303793,3.3834028,1.1193225,-0.35051274,2.4430017,0.70501935
2.3722873,2.0278208,-0.7311438,3.354304,1.1119125,-0.34964657,2.4425564,0.7071841
2.3672204,2.0411022,-0.73348224,3.400271,1.0682843,-0.3523531,2.4523041,0.6938938
2.3522856,2.0333984,-0.736518,3.4711783,1.1010587,-0.3480661,2.4513116,0.68422425
2.3482034,2.0030653,-0.7337324,3.4221666,1.1049342,-0.34767246,2.4558437,0.68541145
2.3465233,2.003384,-0.73855346,3.4175408,1.1082704,-0.34676552,2.4526963,0.7205404
2.3520255,2.0003831,-0.7430578,3.393034,1.0800023,-0.3483708,2.4545643,0.7100711
2.3510332,2.0096934,-0.73628336,3.3762476,0.97564864,-0.3550806,2.453786,0.68546903
2.3710802,2.0168786,-0.7384517,3.345094,0.9790647,-0.35646677,2.4527671,0.688831
2.3716474,2.0169861,-0.7253696,3.3612986,0.9840636,-0.35263777,2.4465802,0.6871356
2.371872,2.0035837,-0.7295433,3.3536432,1.0342522,-0.35046482,2.4518557,0.7027018
2.3775992,2.0120342,-0.7306955,3.345367,1.043201,-0.3520198,2.445717,0.7024301
2.3730137,2.0060828,-0.7341957,3.3405786,1.1689658,-0.3591888,2.4407575,0.68667746
2.3703694,2.0042322,-0.7359398,3.3557723,1.1643617,-0.3537526,2.4454844,0.68937004
2.3691745,2.008921,-0.730546,3.3523707,1.1543906,-0.352844,2.4482753,0.6867248
2.3688436,2.0159996,-0.7414238,3.36996,1.0744748,-0.3534205,2.4500988,0.69611096
2.3846745,2.0176733,-0.7375316,3.3572526,1.0154576,-0.36041665,2.452038,0.70641255
2.3734565,2.019561,-0.7526127,3.3322713,1.015738,-0.3641622,2.4501204,0.6983199
2.365418,2.013359,-0.75382704,3.3444417,1.0064459,-0.3658967,2.4469094,0.69856787
2.3671207,2.0308795,-0.7385231,3.334454,0.9765606,-0.36221337,2.4450953,0.70355487
2.368741,2.0511131,-0.7469444,3.3417654,0.97817135,-0.36081123,2.4451585,0.7025404
2.3678722,2.0603957,-0.751181,3.3508584,0.97530985,-0.36702204,2.4462678,0.706512
2.369084,2.0551858,-0.7561193,3.340778,0.98209715,-0.36227202,2.4488173,0.70438933
2.3699918,2.0235426,-0.750517,3.3417037,0.98359394,-0.36270857,2.4527066,0.7129897
2.3080218,2.0063975,-0.75723946,3.3428473,0.9642403,-0.3570931,2.4531958,0.7412361
2.306416,2.0046346,-0.7451757,3.3465497,0.97271085,-0.3492608,2.4549377,0.7506777
2.2920651,2.0051188,-0.736689,3.3636823,0.9661703,-0.35418367,2.459125,0.77039325
2.300239,2.0083067,-0.7433926,3.3709533,0.93481064,-0.3567462,2.4624898,0.7530334
2.2974885,2.014637,-0.76060987,3.3727508,0.92487884,-0.35840416,2.4656515,0.75239456
2.296736,2.0100708,-0.75960916,3.367036,0.9274378,-0.36007166,2.4637706,0.7575252
2.3025541,2.0443892,-0.76034755,3.365547,0.9311421,-0.36026335,2.4651241,0.7500429
2.3070245,2.0349605,-0.7500618,3.3724074,0.97698545,-0.3621328,2.462553,0.7497183
2.2924852,2.0317268,-0.79391724,3.3649497,0.9796636,-0.36275315,2.4595976,0.75745463
2.2965736,2.0448778,-0.84347034,3.3706713,0.983587,-0.36014938,2.4625046,0.77554286
2.3044367,2.0293233,-0.8426192,3.3897104,0.9876416,-0.35978556,2.46962,0.77668834
2.2971776,2.0195572,-0.8661146,3.4101083,1.0115433,-0.35976958,2.4722946,0.78011215
2.3068867,2.007603,-0.85803676,3.398058,0.98975754,-0.35399842,2.4786434,0.7860782
2.3103952,2.025266,-0.8238034,3.3816047,0.9963918,-0.3571322,2.4759545,0.7789935
2.3013217,2.0145683,-0.83768404,3.3849282,0.9954214,-0.36332583,2.4706008,0.76181245
2.2969086,2.0094168,-0.7947907,3.3850403,0.9717829,-0.3691759,2.4706938,0.7731991
2.2858615,2.0378892,-0.7785709,3.364671,0.98500156,-0.3657353,2.4625638,0.77042925
2.3018003,3.4005551,-0.593658,8.014497,-0.8343698,-0.089634895,2.5420463,0.9741696
2.302096,3.4128203,-0.5893582,8.025704,-0.8387102,-0.08514309,2.5621657,0.97283185
2.2935357,3.4002397,-0.5907738,8.108756,-0.8387222,-0.087489605,2.523904,0.9572686
2.2885585,3.3819678,-0.59037644,8.190577,-0.84275734,-0.09057546,2.4535058,0.95470905
2.2857444,3.219418,-0.5898801,8.199987,-0.8517288,-0.09686279,2.4883895,0.9518223
2.2789583,3.321986,-0.5868835,8.135279,-0.8542572,-0.09741378,2.4826226,0.9503411
2.28068,3.2093234,-0.59005517,8.147303,-0.8632771,-0.09215546,2.4696345,0.94822335
2.2805274,3.1017113,-0.6194675,8.19404,-0.87877464,-0.08180547,2.491778,0.9427798
2.2808733,3.1348197,-0.6448956,8.257415,-0.86689997,-0.08695698,2.5263357,0.95198345
2.2768352,3.1044598,-0.65970147,8.252746,-0.8660184,-0.08112955,2.4401472,0.95654094
2.2646413,3.152152,-0.6793966,8.323034,-0.92031693,-0.059975147,2.5745723,0.9519185
2.2288973,3.1147437,-0.6993891,8.388879,-0.88850915,-0.046308994,2.4769685,0.95030034
2.1962757,3.1283212,-0.69746816,8.306472,-0.8837787,-0.06224823,2.470086,0.9410653
2.1823094,3.127372,-0.7055982,8.242577,-0.8862479,-0.06632519,2.4721704,0.89284945
2.1578188,3.1114697,-0.70900315,8.245861,-0.8843808,-0.06163597,2.4633384,0.8872646
2.1737912,3.122045,-0.7018755,8.372015,-0.8864285,-0.05865717,2.4685872,0.90837026
2.2056174,3.1086416,-0.7031001,8.323614,-0.88892114,-0.05314231,2.4833775,0.8963865
2.1903853,3.1446888,-0.70059,8.251143,-0.9001349,-0.03449583,2.4777846,0.90812385
2.1863291,3.149012,-0.6980282,8.44915,-0.89225686,-0.04279065,2.468082,0.9338099
2.1980839,3.1565278,-0.7104563,8.408634,-0.8486805,-0.04421234,2.4640446,0.9305235
2.238105,3.1560817,-0.7106225,8.160044,-0.8610567,-0.021112442,2.4417803,0.8983861
2.2434368,3.1726696,-0.7158735,8.21146,-0.858678,-0.02194047,2.4544134,0.9116719
2.2436476,3.1560948,-0.72382975,8.0402775,-0.8383335,-0.030373573,2.4348438,0.8621485
2.2617586,3.1049366,-0.72279346,8.129892,-0.8410337,-0.069609165,2.4313908,0.8888153
2.2502248,3.141345,-0.7102281,8.172287,-0.8365388,-0.06806755,2.4560456,0.8850539
2.2450008,3.1830082,-0.70801497,8.156286,-0.8432745,-0.054320097,2.4405391,0.8872256
2.2474604,3.2049677,-0.7015427,8.175005,-0.8319862,-0.039019585,2.4194658,0.8861345
2.2643912,3.203311,-0.7029042,8.054667,-0.84136486,-0.040495872,2.4301639,0.9218768
2.2579985,3.203775,-0.7040857,8.079489,-0.8329096,-0.037812233,2.4351628,0.92948353
2.2017765,3.1781259,-0.7035007,8.193031,-0.8406224,-0.034557343,2.38847,0.92593527
2.2787924,3.1801343,-0.70459056,8.209093,-0.824674,-0.026454449,2.3858764,0.936473
2.2821164,3.1922402,-0.7015257,8.04199,-0.8389802,-0.027597904,2.413278,0.9250455
2.287363,3.2199373,-0.6946112,8.003533,-0.8445543,-0.049844265,2.417686,0.92394876
2.2925277,3.2132652,-0.6873156,8.04669,-0.8633834,-0.045042515,2.4224455,0.93098545
2.288452,3.1495252,-0.67265195,8.045412,-0.8619945,-0.0527277,2.428599,0.93784213
2.2714937,3.1628635,-0.6726545,8.01828,-0.87495315,-0.05679369,2.4121366,0.9453006
2.2442985,3.1885593,-0.67652977,8.183033,-0.8840227,-0.06109357,2.4602196,0.9419924
2.207454,3.2392902,-0.6672596,8.15273,-0.9045348,-0.0618124,2.4629505,0.94195783
2.2126384,3.2056684,-0.6648494,8.257902,-0.9145595,-0.058827877,2.4558196,0.93907285
2.2115562,3.1656027,-0.6667465,8.190688,-0.91429305,-0.058798313,2.5647924,0.93671155
2.2077308,3.177532,-0.66219884,8.357147,-0.9239464,-0.06724167,2.4577897,0.93388665
2.1999912,3.1747062,-0.6639836,8.332053,-0.9207909,-0.07662439,2.467195,0.93104994
2.2004116,3.167397,-0.67027944,8.220465,-0.91975725,-0.059927464,2.472852,0.9268733
2.201663,3.1641417,-0.67126703,8.300459,-0.9293885,-0.04311371,2.4766135,0.91402876
2.196519,3.1953864,-0.66380006,8.416788,-0.93457794,-0.047031403,2.514284,0.924613
2.197709,3.1783378,-0.6762298,8.291351,-0.9304813,-0.04456544,2.4385066,0.901739
2.2064662,3.143663,-0.67034394,8.294069,-0.9227408,-0.043012857,2.4580023,0.9194195
2.2050738,3.1845179,-0.6692121,8.035522,-0.92661476,-0.036261797,2.511288,0.92113316
2.1992583,3.2006347,-0.6666075,8.075183,-0.923524,-0.037553072,2.4939103,0.9323585
2.197486,3.236809,-0.6698236,8.08004,-0.93012416,-0.02694273,2.5117173,0.9280529
2.1883411,3.2634268,-0.6698425,8.140979,-0.93901634,-0.02843237,2.5020247,0.92224896
2.1786544,3.2497547,-0.67630094,8.164666,-0.93655825,-0.023593903,2.570186,0.93371415
2.1821012,3.260168,-0.6788515,8.063438,-0.9387567,-0.023079634,2.483129,0.935385
2.174273,3.276435,-0.67806995,8.111095,-0.9485868,-0.01974082,2.4976327,0.93050873
2.1694348,3.2692332,-0.6769725,8.128444,-0.94970465,-0.025042295,2.490067,0.92737925
2.1723201,3.253509,-0.67738795,8.335278,-0.9459386,-0.023278236,2.4927502,0.924875
2.1773589,3.3063219,-0.6795517,8.228088,-0.9298403,-0.01428318,2.5972917,0.91527665
2.142853,3.3759604,-0.67544836,8.224165,-0.8965219,-0.018773556,2.5857353,0.93592787
2.135495,3.3656478,-0.6823721,8.2009325,-0.87876666,-0.014710903,2.6093328,0.93359673
2.1610343,3.3633342,-0.6926986,8.3168,-0.88225496,-0.015071869,2.5464673,0.93875825
2.1396742,3.401216,-0.6919228,8.290989,-0.86932456,-0.012716293,2.5456417,0.927372
2.1402168,3.4245114,-0.6852133,8.269062,-0.86762786,-0.011209965,2.502539,0.9279059
2.2304811,3.3967578,-0.6835095,8.292774,-0.8513527,-0.013130188,2.5907855,0.9151784
2.2206383,3.3631516,-0.68923455,8.397095,-0.8585067,-0.010157824,2.5660768,0.9214146
2.238378,3.4270463,-0.69857764,8.463667,-0.8466371,-0.0098257065,2.5476532,0.92430794
2.2290406,3.5207734,-0.6893964,8.300629,-0.84614575,-0.006495476,2.5232244,0.9294871
2.2026205,3.5095787,-0.6920872,8.026852,-0.8415315,-0.0057930946,2.5018137,0.9089267
2.2020497,3.496974,-0.69810385,7.9814878,-0.84279263,-0.0067453384,2.4787145,0.912199
2.2330606,3.514812,-0.7231391,7.94226,-0.769966,-0.014669657,2.4897556,0.9077126
2.250317,3.5245879,-0.73142946,8.067657,-0.7508855,-0.010955334,2.4992247,0.903607
2.2244856,3.528639,-0.7074358,8.152079,-0.75191474,-0.002368927,2.5100951,0.8936831
2.159358,3.4897518,-0.6885332,8.267447,-0.8184676,-0.022766113,2.5170887,0.91090727
2.206273,3.4867964,-0.6841208,8.269251,-0.7853395,-0.028495312,2.5250611,0.9290644
2.1858296,3.4826527,-0.67867845,8.316987,-0.7616066,-0.034965515,2.4989388,0.9226661
2.1565108,3.4751348,-0.67114615,8.391649,-0.80470467,-0.02037239,2.4977353,0.93827033
2.2825842,3.5139308,-0.68921614,7.9620976,-0.8356823,-0.0051703453,2.5020578,0.9659313
2.3158166,3.4994657,-0.6742111,7.9787273,-0.8238534,-0.0020971298,2.4871101,0.99265337
2.3146603,3.4961443,-0.6732554,7.9716597,-0.8178593,-0.001888752,2.489139,0.9955201
2.3130527,3.4519076,-0.6737752,8.009959,-0.8288101,-0.0035982132,2.4749012,0.9930029
2.312573,3.4719543,-0.6671077,8.134638,-0.8366543,-0.0043611526,2.4584975,0.99145675
2.3134215,3.487949,-0.6654676,8.131321,-0.8315104,-0.0041503906,2.4548247,0.9912536
2.3216789,3.5111904,-0.66459614,8.071611,-0.8192351,-0.0044384003,2.46161,0.9883481
2.3254337,3.5017028,-0.6668721,8.087502,-0.8131633,-0.0039789677,2.4645824,0.9891187
2.3196375,3.554407,-0.66559297,8.013982,-0.8179642,-0.00072932243,2.4752219,0.99358535
2.3148232,3.5657988,-0.6658095,8.068549,-0.81803215,-0.00024318695,2.4751744,0.9903928
2.328956,3.5669656,-0.66827977,8.047146,-0.8256508,-0.00043535233,2.488557,0.9624839
2.3083482,3.4333286,-0.6698089,8.045664,-0.8485311,-0.011358023,2.5677006,0.96085906
2.309124,3.4449196,-0.66873837,7.984166,-0.8413471,-0.005883217,2.5394979,0.9579071
2.3097854,3.4337907,-0.66728455,8.016239,-0.8488796,-0.006903887,2.5277357,0.95468664
2.3154144,3.360034,-0.6646246,7.9485908,-0.85569704,-0.011408806,2.5214617,0.9603338
2.3241649,3.359322,-0.6675882,7.994954,-0.8451022,-0.01409626,2.5058274,0.97485065
2.3346024,3.339457,-0.6654959,7.980088,-0.84278893,-0.014401913,2.4841106,0.97996426
2.3348804,3.2997465,-0.66854894,7.9756365,-0.83542955,-0.011415482,2.4563265,0.9678279
2.3349447,3.3167553,-0.6679227,7.9681687,-0.8425517,-0.016282558,2.5077848,0.97896004
2.3593597,3.3156152,-0.6684669,8.047813,-0.8417636,-0.014672995,2.4956863,0.9876721
2.3519359,3.299457,-0.66367435,8.068892,-0.84539616,-0.019181252,2.474449,0.98877585
2.345122,3.282906,-0.66157484,8.0692425,-0.8501959,-0.020848274,2.4775815,0.9798218
2.3299737,3.2921247,-0.6616856,8.065629,-0.85338354,-0.018639088,2.4581652,0.9782983
2.3442864,3.280878,-0.66426057,8.032871,-0.854455,-0.020950317,2.4816206,0.97522044
2.3456182,3.3792984,-0.6632048,8.009982,-0.82796276,-0.019074678,2.5029697,0.9832754
2.345508,3.3831444,-0.6547893,8.004768,-0.82655036,-0.018085718,2.4719336,0.97346914
2.3461514,3.2938635,-0.65108705,8.025238,-0.82516456,-0.017632723,2.469928,0.9536412
2.343746,3.305924,-0.6501998,7.935183,-0.8177142,-0.018741608,2.4247391,0.940333
2.3369899,3.3228564,-0.6505142,7.9068646,-0.81438637,-0.016615152,2.4267316,0.9711821
2.3341627,3.3270648,-0.65400344,7.9198985,-0.824396,-0.016814232,2.4389434,0.97782576
2.3366208,3.3675492,-0.6560719,7.9146366,-0.8258891,-0.01304245,2.4547045,0.97282684
2.3368163,3.3456423,-0.6628339,7.982028,-0.82711613,-0.018338919,2.4594567,0.98513377
2.3349721,3.2871976,-0.65588105,7.9340363,-0.8185513,-0.01944375,2.4425316,0.94861436
2.335609,3.297333,-0.65954155,8.007601,-0.8183799,-0.017410278,2.472379,0.96267164
2.3279555,3.4045038,-0.6594338,8.012065,-0.8236109,-0.019504547,2.4484293,0.9653071
2.3216584,3.4004169,-0.6612039,8.027267,-0.8137717,-0.018924713,2.4568279,0.9853207
2.3404608,3.3748517,-0.64876604,8.094624,-0.844221,-0.015313864,2.4462423,0.985466
2.341998,3.4033182,-0.64339674,8.058111,-0.8465475,-0.0148561,2.4457707,0.9552108
2.3467097,3.45586,-0.65222216,8.0653,-0.832976,-0.010269403,2.4916377,0.9646497
2.347426,3.4958556,-0.6466349,8.122416,-0.8401339,-0.010552883,2.4839804,0.97700596
2.357534,3.441866,-0.64852583,8.051367,-0.8363352,-0.010029316,2.4958665,0.96757007
2.3624108,3.3592904,-0.6553648,8.10391,-0.8245499,-0.008740187,2.4374146,0.96627295
2.354572,3.3846056,-0.653047,8.116638,-0.8158016,-0.01149869,2.4373875,0.98136497
2.3484669,3.3661628,-0.65373,8.018598,-0.8165417,-0.012663603,2.45221,0.9898102
2.3575716,3.3674188,-0.6524576,7.9941115,-0.81809187,-0.011400223,2.449765,0.9680191
2.3522654,3.4021275,-0.6508728,8.001697,-0.8171997,-0.0130319595,2.4850316,0.9604895
2.3543081,3.41814,-0.65198815,8.062381,-0.81539965,-0.013162613,2.442891,0.97805965
2.3519857,3.45471,-0.6517954,7.9767942,-0.81280804,-0.012804985,2.4618921,0.96094537
2.3522558,3.4498396,-0.6472128,7.9399624,-0.81264234,-0.012305498,2.4618976,0.975618
2.3518138,3.449843,-0.64701414,7.961095,-0.81046486,-0.012568951,2.459819,0.98395574
1.1762812,3.4830317,-0.97016376,3.3065753,-0.46854544,-2.3450902,-0.94257873,0.16541839
1.1724827,3.5089283,-0.9617876,3.2825584,-0.48386753,-2.3289895,-0.9473329,0.16024983
1.1775057,3.5167398,-0.9709202,3.2497396,-0.4858228,-2.3122106,-0.9473071,0.17177111
1.1860197,3.495707,-0.9689624,3.2499776,-0.47952485,-2.314663,-0.9219521,0.17023289
1.1800534,3.5033054,-0.9475919,3.282133,-0.47146678,-2.321001,-0.91447616,0.16232151
1.1845841,3.5807624,-0.93757576,3.245204,-0.5136645,-2.2940493,-0.9138543,0.15684092
1.1772399,3.5509586,-0.9624508,3.2424285,-0.4966588,-2.2722986,-0.90000844,0.14448404
1.1835159,3.5243754,-0.95827717,3.2165997,-0.5057857,-2.2751918,-0.90662074,0.14330482
1.1852511,3.477604,-0.9635501,3.2214327,-0.5010096,-2.2788284,-0.8672475,0.14496946
1.173728,3.4314086,-0.997685,3.2200902,-0.48814774,-2.2815158,-0.9189161,0.13823766
1.1742187,3.369845,-0.98616797,3.2250214,-0.4859835,-2.2819772,-0.89403474,0.13859153
1.1724966,3.4350548,-0.95995456,3.2093332,-0.4914149,-2.2819448,-0.90711427,0.13675523
1.1744946,3.3881488,-0.99928564,3.2236903,-0.4823799,-2.2779942,-0.8700863,0.1316843
1.1762242,3.4429631,-0.9995081,3.1769838,-0.4974016,-2.261,-0.9234894,0.10918617
1.174692,3.4211063,-0.9975465,3.202479,-0.5052,-2.223802,-0.8548212,0.11799109
1.1747222,3.4892027,-0.99903953,3.1984048,-0.4808643,-2.2571135,-0.85168195,0.1387304
1.1932049,3.4936922,-0.9987285,3.189569,-0.49668574,-2.2652302,-0.8565664,0.13741255
1.2050194,3.4819489,-0.9426764,3.1873994,-0.5031681,-2.2631044,-0.84998286,0.13478255
1.2040591,3.4771504,-0.9762879,3.188817,-0.5093453,-2.277543,-0.869532,0.1205703
1.2037023,3.4463186,-0.98083735,3.2066338,-0.50913084,-2.273447,-0.96540564,0.14135182
1.1918459,3.4574494,-0.9861159,3.2082174,-0.5050466,-2.2759657,-0.93213797,0.13390958
1.1935093,3.439237,-0.99720734,3.199089,-0.49467027,-2.2814226,-0.8747029,0.14093482
1.1936396,3.4161892,-0.99527866,3.2019672,-0.492056,-2.287069,-0.90194565,0.14329839
1.1774207,3.4485679,-0.96364164,3.208291,-0.44376767,-2.318091,-0.8950992,0.14806652
1.1742792,3.4526477,-0.9687776,3.198243,-0.44395018,-2.3188214,-0.9270438,0.16111249
1.170577,3.4568815,-0.98087436,3.22234,-0.44145608,-2.3354895,-0.9279302,0.15978867
1.1720998,3.3924494,-0.9740243,3.236899,-0.42006767,-2.3421438,-0.9266462,0.15797114
1.165561,3.4108393,-0.9710794,3.2386281,-0.41731012,-2.3296435,-0.8819895,0.15999484
1.1697235,3.3719678,-0.9786623,3.221423,-0.3815776,-2.3435652,-0.9051024,0.15667361
1.1600628,3.409079,-0.9711091,3.246203,-0.39048982,-2.3374357,-0.906679,0.15721762
1.1591852,3.396048,-0.9854642,3.2359827,-0.39205515,-2.333287,-0.93178535,0.16375989
1.1642337,3.406841,-0.97408366,3.220404,-0.3603499,-2.3180268,-0.92244685,0.17403364
1.1568649,3.4068136,-0.9661541,3.213436,-0.36030078,-2.3151655,-0.9203578,0.1702196
1.1652406,3.4640021,-0.99600846,3.2223504,-0.3917017,-2.317067,-0.84372604,0.17359585
1.1701916,3.417647,-0.9890486,3.1976538,-0.37691057,-2.3154619,-0.8552096,0.17731255
1.1723151,3.4192884,-0.9987435,3.2002518,-0.3811767,-2.331604,-0.90264,0.16335839
1.1705732,3.3662553,-0.98428226,3.1957223,-0.4112115,-2.3367016,-0.95671356,0.15640616
1.174885,3.36519,-0.9876461,3.212473,-0.42739344,-2.3187747,-0.94216406,0.16404825
1.1800569,3.3863647,-0.9863551,3.2150495,-0.38295138,-2.3386526,-0.9509,0.17756861
1.1746796,3.421801,-0.99528724,3.2136233,-0.43836153,-2.3078108,-0.9426605,0.16827929
1.1787022,3.4502757,-0.9947299,3.220767,-0.42332232,-2.3468711,-0.9437733,0.1719771
1.1823497,3.4371707,-0.9933677,3.2496405,-0.45262957,-2.3563757,-0.9752168,0.16562635
1.1767436,3.4570255,-0.9926593,3.276075,-0.45319188,-2.3565905,-0.9618748,0.16829485
1.186377,3.4778502,-0.9655437,3.30608,-0.47908723,-2.3509974,-0.9529733,0.14745355
1.18386,3.4840994,-0.9788974,3.3341334,-0.49274755,-2.3622541,-0.93305194,0.14560544
1.1893723,3.4544785,-0.9621229,3.3159966,-0.4496479,-2.371396,-0.9517394,0.14497405
1.172285,3.424325,-0.9521111,3.34112,-0.4690969,-2.368945,-0.9521947,0.14835674
1.1822432,3.5055292,-0.94813955,3.3061666,-0.48298645,-2.3724744,-0.99240917,0.13632977
1.1904185,3.5377557,-0.9556089,3.2883477,-0.48434746,-2.3645291,-0.97465056,0.15567815
1.1912183,3.5651739,-0.9583244,3.28881,-0.48409176,-2.365737,-0.9785656,0.14879572
1.1896679,3.4827209,-0.9643771,3.2926295,-0.48227537,-2.3711548,-0.96497554,0.12724566
1.2033703,3.5631523,-0.93931985,3.3186638,-0.4870447,-2.3804388,-0.95131576,0.14049482
1.2058469,3.647882,-0.93402165,3.3291798,-0.48463154,-2.3840618,-0.9455498,0.13782215
1.2058036,3.6506555,-0.92748094,3.3151646,-0.4744649,-2.381824,-0.9577376,0.17871457
1.203692,3.6312528,-0.92394,3.3496544,-0.47620022,-2.393163,-0.95718217,0.16677725
1.2030126,3.6705236,-0.9189769,3.390192,-0.48604882,-2.3959255,-0.95751244,0.12476826
1.1997075,3.6551352,-0.9211128,3.384548,-0.48621655,-2.3916943,-0.96231824,0.13639712
1.2063453,3.736449,-0.92052096,3.3518982,-0.4915079,-2.3826094,-0.9612476,0.14385843
1.2076735,3.719294,-0.9174145,3.325651,-0.4915657,-2.3637495,-0.95929354,0.15111023
1.2061367,3.6964202,-0.9215039,3.311616,-0.46377182,-2.3713574,-0.9407467,0.16278768
1.2107525,3.6196947,-0.9404253,3.3136375,-0.49018192,-2.373281,-0.9260316,0.1608876
1.21337,3.6940732,-0.9409455,3.307853,-0.50681436,-2.3711536,-0.913867,0.1456219
1.228613,3.7420177,-0.9433663,3.3150764,-0.49205005,-2.371141,-0.90812397,0.1454345
1.2334102,3.743494,-0.93263227,3.2717385,-0.49415278,-2.3673823,-0.8923621,0.14565897
1.237642,3.7469563,-0.94006586,3.2699962,-0.49342215,-2.3589535,-0.89331764,0.14713037
1.2316196,3.7959259,-0.9194331,3.2894459,-0.50695467,-2.3644257,-0.92030835,0.14009035
1.2335622,3.777398,-0.912945,3.301856,-0.5229484,-2.3553112,-0.93266386,0.11773825
1.2343383,3.768109,-0.9122819,3.3121634,-0.53219354,-2.3561811,-0.9284116,0.1595298
1.2246624,3.7867084,-0.89015865,3.3047695,-0.52421963,-2.3536642,-0.90304285,0.10959983
1.2050383,3.736386,-0.8928967,3.2997549,-0.52394867,-2.3495922,-0.9960764,0.09177303
1.2018416,3.7260656,-0.89337814,3.298258,-0.5050067,-2.3616972,-0.9901577,0.09968269
1.2073624,3.6983294,-0.8930384,3.3117476,-0.5078839,-2.3578053,-0.99903846,0.10618806
1.1952173,3.7375426,-0.88828254,3.3150337,-0.5216342,-2.3465254,-0.9933473,0.109386265
1.2030115,3.7766159,-0.89361805,3.3052778,-0.5247643,-2.346683,-0.986248,0.10721207
1.2156504,3.7814848,-0.87252927,3.2980962,-0.5261378,-2.3506737,-0.9019223,0.11013019
1.2090979,3.7502317,-0.8850963,3.306184,-0.51959825,-2.342115,-0.894575,0.11387688
1.2126453,3.7848604,-0.8729964,3.3149722,-0.5210724,-2.3571181,-0.9037209,0.11431754
1.2112572,3.7409682,-0.88874614,3.2529383,-0.48160863,-2.3607876,-0.8991782,0.11013645
1.2183756,3.733906,-0.8843057,3.2511473,-0.48086262,-2.368345,-0.8667515,0.09039384
1.2286378,3.742075,-0.8932948,3.2474606,-0.45701718,-2.3708303,-0.8458657,0.09772122
1.2100185,3.7132256,-0.8927554,3.294915,-0.45670128,-2.3836875,-0.9160689,0.10061389
1.2077832,3.7363076,-0.87064105,3.3247805,-0.4692242,-2.371426,-0.85319185,0.093865454
1.2205185,3.758952,-0.8655927,3.3321903,-0.49220204,-2.3751235,-0.8778804,0.08209467
1.2143507,3.7359614,-0.88820493,3.3445668,-0.49455976,-2.3739114,-0.88932633,0.11165351
1.2087309,3.7706437,-0.8747003,3.3951654,-0.5150775,-2.3746908,-0.8944046,0.10819137
1.2129427,3.7415423,-0.9180546,3.4021611,-0.5251484,-2.3729837,-0.89872617,0.13692808
1.2165571,3.7595396,-0.9094708,3.3924072,-0.53037417,-2.3559277,-0.8617026,0.14809167
1.2178438,3.7499862,-0.9061021,3.372311,-0.53275836,-2.3507779,-0.8670218,0.15167278
1.2108388,3.7475314,-0.91249853,3.3857076,-0.5232483,-2.3494916,-0.9121641,0.13921452
1.20908,3.759598,-0.9259262,3.3636866,-0.5442405,-2.3500333,-0.8985692,0.14755166
1.2074122,3.6666927,-0.92204183,3.3738058,-0.5385057,-2.346796,-0.90308446,0.1329323
1.2111061,3.7253919,-0.9181717,3.3600302,-0.5439855,-2.3448741,-0.9054688,0.12386
1.2168593,3.625714,-0.9309113,3.360088,-0.56799436,-2.3466768,-0.8655002,0.11549872
1.2153106,3.5818748,-0.9354004,3.3818817,-0.5716598,-2.3493943,-0.8710082,0.11944032
1.2223681,3.5891743,-0.928536,3.3973105,-0.58481944,-2.3460836,-0.8833152,0.10843933
1.2247672,3.5860672,-0.93677527,3.3846054,-0.57437146,-2.369792,-0.8905175,0.109527946
1.2285572,3.5655384,-0.93735564,3.382621,-0.57931566,-2.3712616,-0.90023607,0.10240501
1.2252713,3.5559592,-0.93905723,3.377662,-0.5573375,-2.3703656,-0.8763928,0.100041986
1.2227654,3.5946274,-0.93756384,3.389806,-0.5707923,-2.3695312,-0.86343825,0.11456114
1.2283752,3.660262,-0.92751354,3.397586,-0.5650945,-2.3653617,-0.8317781,0.10729796
1.229363,3.6416378,-0.9136244,3.4002695,-0.59260476,-2.3655894,-0.9005714,0.106013894
1.2387888,3.6186018,-0.93694776,3.369962,-0.57302284,-2.3651485,-0.8872492,0.122594476
1.232615,3.7158563,-0.9314992,3.3431633,-0.5466516,-2.373115,-0.8815096,0.12636584
1.2382277,3.7268386,-0.9303215,3.3477273,-0.54581535,-2.3751183,-0.8615033,0.13925683
1.2343016,3.7632475,-0.89805377,3.3752174,-0.54385483,-2.3660104,-0.8247803,0.13812232
1.2448782,3.7755952,-0.89633465,3.350748,-0.5128846,-2.3801012,-0.8243334,0.13948572
1.2424867,3.707855,-0.89437425,3.3466406,-0.5061202,-2.3825455,-0.8068222,0.0958789
1.2426883,3.7046576,-0.89033866,3.3545969,-0.5077225,-2.384218,-0.8238967,0.09613335
1.2554758,3.7289019,-0.88655305,3.3663259,-0.5408412,-2.379877,-0.8242746,0.07632941
1.2536001,3.725021,-0.9001031,3.3559258,-0.52822244,-2.3794706,-0.82319176,0.071127534
1.2549473,3.655126,-0.9267896,3.3559508,-0.54929686,-2.3845615,-0.8470307,0.0837028
1.2413279,3.587809,-0.9340511,3.3528075,-0.53254247,-2.3749218,-0.85873866,0.10309988
1.2420835,3.5679152,-0.950341,3.3448179,-0.5369576,-2.3959277,-0.8921454,0.10581654
1.2403016,3.6704433,-0.93981385,3.3462744,-0.53253067,-2.3917723,-0.8952895,0.1091336
1.2365009,3.6632152,-0.93756026,3.3419573,-0.54870045,-2.3898997,-0.91830343,0.1176064
1.2368507,3.6240425,-0.9440234,3.3577406,-0.55409086,-2.3859031,-0.91505736,0.11474025
1.2230781,3.6087651,-0.93936414,3.3366632,-0.5803988,-2.372599,-0.9593168,0.10143173
1.219816,3.5121298,-0.933709,3.3342159,-0.5611391,-2.363606,-0.9416061,0.10209769
1.2178521,3.5212727,-0.93413144,3.3455462,-0.56841254,-2.373786,-0.9540853,0.099027455
1.2117989,3.4853683,-0.9363429,3.3611631,-0.57185674,-2.355143,-0.94841367,0.10024345
1.1990691,3.545239,-0.93359965,3.3643644,-0.5781195,-2.357633,-0.9577045,0.11030829
1.2033821,3.4777403,-0.93115324,3.3536453,-0.5521128,-2.3670082,-0.9422239,0.104275286
1.2081085,3.4973822,-0.9336394,3.3387225,-0.55889356,-2.3602948,-0.96466786,0.101014435
1.2048049,3.5289981,-0.9277148,3.3758154,-0.56396055,-2.3589423,-0.94988394,0.10763878
1.2128086,3.5428934,-0.9387768,3.3791857,-0.58766115,-2.366322,-0.9345712,0.10955179
1.6080363,5.7667713,1.6513839,4.3187675,1.364579,-0.9012637,2.6278784,-0.49625468
1.6147316,5.938122,1.6567171,4.2171926,1.3644078,-0.8940046,2.7079744,-0.49737275
1.6112998,5.832794,1.606772,4.2960224,1.3692744,-0.8919687,2.7183876,-0.48607162
1.6077498,6.0858383,1.595058,4.171336,1.3780103,-0.9061098,2.7890518,-0.4827224
1.6099337,5.9998693,1.5988283,4.206689,1.380682,-0.9052942,2.757334,-0.48806676
1.6143484,5.97224,1.5344191,4.199876,1.394805,-0.91294885,2.7757668,-0.49232885
1.6028863,6.023693,1.5437949,4.1036654,1.3977785,-0.90885377,2.789881,-0.47845343
1.6131252,6.015781,1.55621,4.1165833,1.3859591,-0.91091704,2.783462,-0.48803353
1.6300958,6.007879,1.5781813,4.1086144,1.4003668,-0.8828523,2.7891445,-0.47586936
1.6316372,5.9838643,1.5654745,4.1099796,1.3732703,-0.87760854,2.7740066,-0.48019913
1.6143693,6.0877886,1.6003664,4.356265,1.3549833,-0.9121127,2.7890847,-0.47741514
1.5946971,6.127737,1.5965977,4.352044,1.3482735,-0.9388051,2.8352678,-0.49383053
1.5977348,5.9475584,1.584732,4.3334694,1.3569295,-0.9385967,2.846413,-0.49504033
1.5874205,6.0048747,1.5454812,4.3592024,1.3572314,-0.9428582,2.8291168,-0.49271393
1.6185565,5.943697,1.5424361,4.3431687,1.3768425,-0.95510554,2.8524563,-0.49377236
1.5523288,5.932803,1.522407,4.4665146,1.3602276,-0.9839399,2.85683,-0.4937585
1.6079227,5.9797544,1.5112507,4.406396,1.3584981,-0.9989178,2.864129,-0.48946127
1.5962889,5.8042064,1.4935284,4.4883976,1.3537686,-1.0362854,2.8577797,-0.48695168
1.5564562,5.8249383,1.4789071,4.4858847,1.3469818,-0.9929848,2.8642898,-0.48443165
1.5761847,5.8666887,1.4976449,4.492909,1.3447628,-0.99600506,2.8411822,-0.48844272
1.5614382,5.687521,1.4915991,4.5174437,1.326932,-0.9786029,2.8470945,-0.48265442
1.6035966,5.6743994,1.4847844,4.4769783,1.406496,-0.9614756,2.8249013,-0.48624617
1.6110427,5.7083054,1.4976408,4.425312,1.3662672,-0.94978523,2.842838,-0.4877131
1.6207721,5.6656313,1.4981482,4.375438,1.3661952,-0.9515569,2.8551085,-0.47383335
1.6204116,5.67902,1.5075953,4.389509,1.3743496,-0.9750695,2.8587003,-0.4708422
1.6048865,5.6478167,1.5069313,4.390705,1.3432896,-0.9578481,2.8608878,-0.48403227
1.6134818,5.682853,1.5154936,4.4707823,1.5262833,-0.9265201,2.870815,-0.49256387
1.5458993,5.6889734,1.5209849,4.4855375,1.5319102,-0.9200437,2.8811362,-0.4930372
1.5882113,5.7167697,1.5186946,4.5044384,1.531296,-0.9256413,2.878557,-0.49971724
1.6001166,5.7615433,1.5199108,4.5936065,1.5293064,-0.93687606,2.8800259,-0.49887848
1.6075292,5.8671517,1.5462556,4.393813,1.319299,-0.93769026,2.8805554,-0.49791956
1.5966706,5.8690605,1.5212603,4.348104,1.3339982,-0.91897535,2.8718162,-0.48663807
1.6359824,5.9220123,1.5163755,4.3325725,1.333632,-0.9250412,2.8790631,-0.4998633
1.6113359,5.8057847,1.5162795,4.324477,1.3658032,-0.9621668,2.88082,-0.49613294
1.6173922,5.8488417,1.4761703,4.3915324,1.3667789,-0.99068975,2.8708773,-0.49617082
1.6654185,5.4245777,1.4880118,4.425435,1.3933833,-0.9621234,2.869088,-0.4915122
1.6742188,5.438534,1.4926727,4.399429,1.3893743,-0.95296574,2.8437705,-0.48038304
1.6676778,5.438033,1.4712827,4.347851,1.3973539,-0.94549894,2.8701236,-0.48846954
1.6757116,5.4128857,1.4877841,4.3262186,1.3941281,-0.93609047,2.8756733,-0.48787028
1.6688478,5.4613986,1.4190726,4.329006,1.4046893,-0.9672642,2.8676264,-0.4841158
1.6679636,5.4581046,1.4193254,4.3275843,1.3771002,-0.9390161,2.892257,-0.48232722
1.655967,5.4590864,1.4169731,4.3403525,1.3883297,-0.9785249,2.8813014,-0.48515198
1.6463343,5.5120344,1.4159956,4.3413687,1.3910365,-0.97288275,2.876553,-0.48243445
1.6531166,5.498871,1.3959355,4.3243794,1.4049063,-0.979743,2.8759513,-0.4904257
1.6652033,5.499652,1.4072199,4.3380523,1.3606,-0.9809077,2.8767967,-0.48400792
1.7100033,5.5130415,1.4092305,4.3219867,1.3513014,-0.9728925,2.875079,-0.48845398
1.694083,5.515066,1.4092989,4.328822,1.3515875,-0.9587145,2.877767,-0.4876354
1.7146382,5.5306945,1.4081852,4.3089895,1.3463285,-0.9970813,2.8719466,-0.48935327
1.6637778,5.5419674,1.5166464,4.332672,1.3394651,-0.979275,2.886283,-0.489856
1.6712475,5.4738693,1.5227177,4.341307,1.3746932,-0.9520521,2.8720677,-0.49863622
1.6628981,5.5344877,1.5273206,4.3556566,1.3758192,-0.94707084,2.860514,-0.4910432
1.656923,5.5457144,1.5258245,4.3787227,1.3841012,-0.94509363,2.882881,-0.49727866
1.6630203,5.4868174,1.5082207,4.3912425,1.3725529,-1.0207124,2.8913472,-0.498122
1.6645238,5.4912133,1.5055752,4.379968,1.37535,-1.0177324,2.8942053,-0.4983426
1.6680459,5.4651947,1.5036068,4.37486,1.3594928,-0.98118496,2.8917005,-0.49837035
1.6499705,5.471533,1.49369,4.3672085,1.3570573,-0.9898956,2.8846526,-0.4942942
1.6826215,5.4950666,1.5172167,4.3526506,1.4107783,-0.97940874,2.8818715,-0.49622813
1.6409215,5.6085024,1.4980011,4.346461,1.370511,-0.97674465,2.8811195,-0.49870908
1.6411138,5.757266,1.502887,4.343839,1.355202,-1.0655715,2.8787906,-0.49846482
1.6473048,5.6811013,1.4898984,4.338954,1.3858516,-1.0493565,2.8816879,-0.49791193
1.6420947,5.7138686,1.4829583,4.334734,1.377146,-1.0471878,2.8942068,-0.4953012
1.6456739,5.7158527,1.4024177,4.3295813,1.3888614,-1.052062,2.894718,-0.4732302
1.6475437,5.7328835,1.4059753,4.315789,1.3676825,-1.0537927,2.8885813,-0.46553576
1.6466178,5.7419844,1.4076562,4.3920045,1.3645623,-1.0530664,2.8807385,-0.47098306
1.6424742,5.901758,1.5039797,4.3828726,1.3890703,-1.0448188,2.8489408,-0.49693453
1.6380305,5.909149,1.5140736,4.381832,1.3916576,-1.0091941,2.854701,-0.48819795
1.6417217,5.921734,1.5234907,4.397689,1.3858504,-1.0126648,2.8550854,-0.49157014
1.6413313,5.9491,1.5230284,4.420047,1.422281,-1.0045793,2.8524916,-0.48957914
1.662609,5.859851,1.5248296,4.371532,1.4177442,-1.0069392,2.8811479,-0.47961986
1.6669905,5.867545,1.5313089,4.416966,1.3754978,-0.9783311,2.808735,-0.48668343
1.6834255,5.869754,1.5901811,4.4660788,1.3351138,-0.989346,2.767937,-0.48405334
1.6604514,5.821777,1.5929656,4.4816046,1.3482251,-0.9114194,2.7810707,-0.4921771
1.6642283,5.8189864,1.586786,4.56058,1.3333113,-0.92526627,2.7865062,-0.49456158
1.6808615,5.735573,1.5850282,4.55072,1.4198489,-0.87614155,2.687485,-0.49472618
1.6909952,5.783024,1.630419,4.5283556,1.4172175,-0.8742187,2.7023857,-0.4772343
1.6651852,5.8193893,1.6317654,4.476883,1.3914721,-0.8943157,2.699447,-0.4824132
1.6492907,5.660408,1.6536481,4.7213006,1.3786075,-0.9002478,2.701751,-0.48775727
1.6855577,5.682859,1.5902748,4.65511,1.3850286,-0.8575597,2.742737,-0.48569906
1.6832931,5.6071615,1.5891848,4.6660905,1.3810506,-0.85709333,2.710964,-0.48864165
1.6952317,5.834341,1.5794296,4.6453524,1.368861,-0.88836884,2.7749496,-0.48703256
1.6879508,5.390505,1.5849068,4.6406155,1.3538394,-0.88499165,2.7755115,-0.46368435
1.6821227,5.343364,1.5669832,4.658771,1.3390558,-0.8568375,2.7500908,-0.46981525
1.702456,5.289757,1.5138197,4.5763483,1.3965018,-0.9489052,2.7530377,-0.49986207
1.6955186,5.3329186,1.5173573,4.595598,1.3730581,-0.93406796,2.753369,-0.49996427
1.6932431,5.2180805,1.5427241,4.6204166,1.380177,-0.9105339,2.7656446,-0.49933463
1.689933,5.2645903,1.5383439,4.645792,1.3776393,-0.93565655,2.7669036,-0.49912667
1.6966698,5.24957,1.5369041,4.620347,1.3947806,-0.86937714,2.7680588,-0.4991592
1.691665,5.365956,1.5291405,4.5214005,1.3781526,-0.8591714,2.735626,-0.49758974
1.6983731,5.2271857,1.5331492,4.5434637,1.3429236,-0.8815236,2.789826,-0.47934943
1.7018876,5.227878,1.5047843,4.547114,1.3455625,-0.8973391,2.8084693,-0.48330107
1.7130475,5.2483435,1.4918242,4.5375304,1.383841,-0.9423232,2.7890341,-0.48787722
1.7126244,5.262176,1.4953372,4.521681,1.4183226,-0.96018434,2.877988,-0.4980156
1.7254852,5.2352414,1.5050263,4.503584,1.446181,-0.9492626,2.8469517,-0.49765903
1.7302206,5.2436886,1.5008538,4.5107746,1.4358683,-0.93087244,2.8365276,-0.48247823
1.7365911,5.225292,1.495229,4.5450606,1.4246526,-0.9424839,2.833611,-0.47453368
1.7255212,5.2289314,1.4824042,4.541375,1.4073114,-0.9231286,2.848507,-0.47982806
1.7299423,5.2391114,1.4333751,4.533162,1.4468007,-0.92950296,2.7875931,-0.48613513
1.7133771,5.261779,1.4395278,4.5470457,1.4629333,-0.95584726,2.8496165,-0.4807912
1.7137969,5.25552,1.4390788,4.5487366,1.4540029,-0.9489007,2.8291767,-0.48068085
1.7112495,5.2713265,1.4683156,4.506922,1.4354475,-0.99181604,2.8267555,-0.48377967
1.7128649,5.271533,1.4603679,4.5008116,1.4261234,-0.8881507,2.8144436,-0.48493308
1.7152376,5.262315,1.4762018,4.49277,1.4106715,-0.9901638,2.8218987,-0.48300222
1.7673081,5.2685814,1.4561217,4.5104,1.4076068,-0.96944094,2.863835,-0.48006463
1.736986,5.2523804,1.4424849,4.5436954,1.4111836,-0.97245646,2.8659103,-0.48017478
1.7305509,5.253628,1.4559186,4.559803,1.3982837,-0.99608636,2.8578014,-0.47597384
1.7405238,5.248732,1.464185,4.543436,1.4126232,-1.0106173,2.829429,-0.47475713
1.7674273,5.2493076,1.4634705,4.539772,1.4236467,-1.0208993,2.8468366,-0.474372
1.7009968,5.2490373,1.50352,4.5749655,1.421346,-1.0233903,2.8328433,-0.47591513
1.6969701,5.2403665,1.4871869,4.6002383,1.4272597,-0.9576001,2.8441834,-0.48035532
1.6944727,5.2200866,1.4912968,4.6033607,1.4216204,-0.9464874,2.847533,-0.4806461
1.6970768,5.2518587,1.5119224,4.593378,1.4244459,-0.9742327,2.8491604,-0.4804353
1.7080613,5.370794,1.558558,4.558141,1.4325495,-0.9476304,2.8928862,-0.49502861
1.7461193,5.2480145,1.5509775,4.5785656,1.4042947,-0.9303427,2.8162148,-0.49550948
1.7419845,5.255101,1.5392132,4.560805,1.4063642,-0.9483528,2.7856503,-0.455271
1.7478092,5.2458167,1.530247,4.565795,1.3928721,-0.9184756,2.765511,-0.49396148
1.7242748,5.249626,1.5470533,4.5640554,1.405251,-0.90582657,2.7834258,-0.48967767
1.7278713,5.242916,1.546876,4.542165,1.373354,-0.877548,2.7890577,-0.4884217
1.7282066,5.2222557,1.5120034,4.5536118,1.3291209,-0.8638563,2.83059,-0.49604964
1.7222188,5.1998215,1.514195,4.577093,1.420778,-0.92693305,2.815294,-0.494271
1.7168933,5.21653,1.5031116,4.5849824,1.4471042,-0.9198773,2.8690455,-0.49402282
1.7205281,5.2519274,1.512799,4.5881343,1.4557292,-0.9157324,2.859132,-0.49370518
1.6883788,5.220888,1.4674299,4.607418,1.3637271,-0.91888475,2.9115524,-0.4981326
1.6889302,5.2239175,1.4888816,4.5983295,1.4577279,-0.94161654,2.9146671,-0.4988631
1.7053103,5.220854,1.4937253,4.623564,1.4479198,-0.94344354,2.9254298,-0.499283
1.6998779,5.2313013,1.4890082,4.6247683,1.4553494,-0.94264436,2.942916,-0.4929382
0.93572164,4.3491096,-0.9934923,3.0047894,-0.43808115,-2.3599875,-0.9900696,0.2554018
0.93705326,4.335887,-0.99980855,3.0012558,-0.4406222,-2.3666267,-0.9718951,0.2542305
0.9445013,4.3837547,-0.99987876,3.0175562,-0.5834967,-2.3564668,-0.9740794,0.25645715
0.9328008,4.371092,-0.9918283,3.0056415,-0.319443,-2.3396246,-0.9657079,0.27061224
0.9530308,4.3737497,-0.9915239,3.0012038,-0.39184797,-2.3471227,-0.983962,0.26475227
0.94535697,4.339762,-0.9745038,3.0096676,-0.37534165,-2.3412979,-0.99771667,0.26246202
0.94950056,4.3592463,-0.9943872,3.0213163,-0.41576362,-2.3455644,-0.9961669,0.2605216
0.91141737,4.3772736,-0.97744375,3.018564,-0.25794244,-2.3361802,-0.99205506,0.24943805
0.8948219,4.3782163,-0.97257376,3.031283,-0.22547865,-2.3434908,-0.9937451,0.24936914
0.9112053,4.3785,-0.9832716,3.0392785,-0.28625202,-2.3449657,-0.9695402,0.2477144
0.9098582,4.4005866,-0.987617,3.0220969,-0.3441646,-2.334188,-0.9951192,0.25568324
0.9064415,4.381301,-0.98462737,3.0837111,-0.18042254,-2.3375,-0.9909795,0.2579503
0.90575004,4.35234,-0.98031545,3.1187522,-0.3346572,-2.3489573,-0.9799677,0.25598192
0.9174559,4.392947,-0.97847056,3.11241,-0.3300128,-2.3302543,-0.99893475,0.2532946
0.9411299,4.3660707,-0.9688908,3.0735552,-0.37029982,-2.3451593,-0.96733254,0.24995852
0.9099105,4.306367,-0.9802411,3.097394,-0.4047402,-2.3745441,-0.96248883,0.25267667
0.90639615,4.342984,-0.9674212,3.009534,-0.3597442,-2.3731484,-0.9564231,0.24991882
0.9366308,4.362524,-0.9745974,3.0323586,-0.46888864,-2.3808627,-0.92161477,0.25176585
0.93762386,4.351753,-0.9710075,3.0805612,-0.52427495,-2.401927,-0.9400538,0.25388008
0.8886095,4.307288,-0.9990961,3.0734668,-0.5718136,-2.4021785,-0.9930718,0.24824852
0.89998156,4.343236,-0.9929095,3.0342505,-0.5614655,-2.4130075,-0.9772753,0.24827397
0.8932873,4.321929,-0.98539215,3.0575802,-0.49455047,-2.3898368,-0.95241,0.24336636
0.8750328,4.322159,-0.98487926,3.0596435,-0.44231665,-2.3929424,-0.9602651,0.24326456
0.8963227,4.3644342,-0.9777821,3.0842125,-0.4823445,-2.3749223,-0.9614509,0.23680663
0.9604102,4.3890553,-0.93862724,3.0859854,-0.4947853,-2.3682582,-0.9963626,0.23697746
0.94572914,4.3798,-0.9572642,3.0500717,-0.48853612,-2.3705149,-0.98159754,0.23435938
0.88606787,4.353651,-0.95116574,3.0507433,-0.46236074,-2.3714995,-0.9900761,0.2289359
0.93050075,4.37784,-0.9624586,3.121984,-0.47555244,-2.358162,-0.9840986,0.23850632
0.9293561,4.354101,-0.9674959,3.080294,-0.42766166,-2.358521,-0.97167677,0.24261844
0.9103598,4.351552,-0.98331636,3.0613813,-0.46153677,-2.3688247,-0.96814,0.2400912
0.9193827,4.313122,-0.9844632,3.050698,-0.47266662,-2.3767085,-0.96951455,0.23954594
0.911958,4.2794895,-0.97562575,3.047327,-0.46090078,-2.401701,-0.9685421,0.24711543
0.92521685,4.229007,-0.9600194,3.0251849,-0.4605887,-2.3998206,-0.979795,0.24101573
0.9235194,4.30212,-0.95682,3.0206254,-0.41094935,-2.3907006,-0.9772029,0.24771976
0.9437367,4.2839975,-0.98692113,3.0176506,-0.49662828,-2.3922253,-0.99271923,0.24869174
0.92682654,4.3238516,-0.98364276,3.0167334,-0.53960145,-2.388359,-0.9904187,0.25030315
0.91126144,4.302225,-0.9833453,3.0175624,-0.5322554,-2.4157364,-0.9710101,0.24597216
0.92108256,4.2899303,-0.9893197,3.040215,-0.47477472,-2.3964505,-0.97927386,0.2421608
0.8694066,4.319873,-0.9896999,3.0858746,-0.4847449,-2.4048321,-0.9664836,0.23828113
0.86376405,4.293309,-0.9930796,3.0229425,-0.44324076,-2.3813624,-0.9741229,0.23859465
0.87350196,4.3058105,-0.9934415,3.0985067,-0.44261563,-2.3826847,-0.98406196,0.23761916
0.8685771,4.2050214,-0.9888989,3.0440722,-0.3775313,-2.4228373,-0.96029395,0.23784506
0.86100733,4.214347,-0.9798846,3.0871053,-0.38965774,-2.4117823,-0.9815109,0.24386585
0.8629406,4.176592,-0.98701155,3.1012444,-0.4169941,-2.4006884,-0.98230845,0.24279636
0.85728735,4.1652937,-0.99135107,3.0512366,-0.38517988,-2.4445596,-0.9936578,0.23273534
0.854912,4.1857424,-0.9876599,3.0187974,-0.3685937,-2.4563406,-0.9909889,0.23909378
0.8787478,4.183916,-0.9926133,3.0203733,-0.3978269,-2.4163365,-0.97599053,0.235152
0.87273395,4.1860175,-0.97366685,3.0124793,-0.29527986,-2.413881,-0.9827892,0.24192065
0.87769675,4.2071714,-0.9573326,3.0092585,-0.2916174,-2.413459,-0.97794884,0.23950207
0.8683335,4.2187076,-0.97286654,3.0232944,-0.31370103,-2.4194207,-0.9679589,0.2371813
0.8768308,4.2246327,-0.9802457,3.0168118,-0.37460697,-2.4061723,-0.9615618,0.2412163
0.91190255,4.2805214,-0.9623608,3.0046241,-0.39687502,-2.403235,-0.95728743,0.2477088
0.9025161,4.2711544,-0.96646,3.0229359,-0.4764886,-2.4044077,-0.9657006,0.254983
0.9067349,4.21679,-0.99686164,3.0113382,-0.42431295,-2.3992338,-0.9463898,0.27499622
0.9214215,4.2455263,-0.9946816,3.1711955,-0.4834621,-2.4067998,-0.9477758,0.27470696
0.92587376,4.217697,-0.9534905,3.191472,-0.47548616,-2.4213967,-0.95112354,0.25761783
0.91657984,4.238864,-0.9961097,3.113148,-0.46861148,-2.400888,-0.96273166,0.2577089
0.91805345,4.256975,-0.99352974,3.0064516,-0.47692502,-2.396164,-0.9808973,0.24361539
0.9504564,4.2512126,-0.99245095,3.0041857,-0.55748785,-2.445457,-0.98511577,0.24568689
0.951133,4.219997,-0.98637515,3.0015726,-0.5283358,-2.5122812,-0.99179816,0.23964006
0.97440165,4.1664886,-0.9600349,3.0019078,-0.5403044,-2.5032842,-0.9966263,0.25335115
1.0108795,4.173134,-0.94048256,3.079577,-0.56341815,-2.4635649,-0.98460805,0.25327957
0.96727455,4.128026,-0.9443182,3.2871835,-0.5419401,-2.4006827,-0.9654767,0.2766853
0.94396985,4.1515613,-0.9499565,3.2810035,-0.39873636,-2.3919492,-0.9833981,0.28255117
0.95854867,4.068288,-0.9488704,3.2554975,-0.44984603,-2.4020157,-0.9751219,0.28582597
0.95594555,3.9413986,-0.9400123,3.3045917,-0.47378373,-2.4332993,-0.9757764,0.28451025
0.9817318,3.9525595,-0.91437286,3.32125,-0.33867776,-2.4298842,-0.9801598,0.29302388
0.9632345,3.956319,-0.91849774,3.3230712,-0.32932365,-2.4298387,-0.965819,0.29886508
0.963076,3.9624095,-0.91431314,3.240751,-0.33361983,-2.4288092,-0.9756181,0.2885632
0.9750296,3.9986403,-0.9302195,3.25323,-0.33200777,-2.4263222,-0.9709363,0.2967981
0.97255325,3.96837,-0.92743003,3.2433958,-0.3157804,-2.4279685,-0.9886346,0.29989928
0.97730863,3.9878073,-0.9220799,3.2599435,-0.32715142,-2.4204056,-0.99176085,0.29542327
0.9719825,3.958212,-0.94785714,3.270619,-0.3862332,-2.4285707,-0.99565816,0.29607123
0.97614384,3.96666,-0.9485485,3.2336998,-0.39072347,-2.4181643,-0.9954481,0.29635227
0.9837834,3.9310508,-0.9645565,3.2366383,-0.36277175,-2.4213188,-0.99707174,0.29749525
1.0128231,3.968009,-0.9954436,3.1951919,-0.5070671,-2.4206054,-0.9975307,0.3034202
1.0233126,3.9989839,-0.98988616,3.1681736,-0.53666556,-2.4213662,-0.9950098,0.3052609
1.0288924,3.97355,-0.97750187,3.1891453,-0.5758742,-2.428769,-0.9908292,0.3112831
1.0183334,3.9270349,-0.9986582,3.1182148,-0.5284486,-2.4572816,-0.9831349,0.31013644
1.027508,3.9116478,-0.9952262,3.1265218,-0.53057885,-2.4630146,-0.97754335,0.30468965
1.0267506,3.8984234,-0.99192286,3.0966642,-0.5076314,-2.4564247,-0.9749183,0.31261492
1.0227225,3.9178388,-0.9988747,3.0286403,-0.5178535,-2.4831939,-0.96881515,0.2991736
1.0145657,3.909677,-0.99905056,3.0781863,-0.5270616,-2.4651349,-0.9749468,0.30221426
1.0125493,3.9437861,-0.9912351,3.071209,-0.58073723,-2.4930477,-0.9822469,0.30076885
1.018574,3.9261298,-0.9530091,3.1969843,-0.6019081,-2.4956686,-0.9523748,0.31047952
1.0280683,3.9932904,-0.9680496,3.1470776,-0.66473496,-2.4970605,-0.9595395,0.31373668
1.0458362,3.9587095,-0.9939591,3.129136,-0.6533308,-2.4948704,-0.9940953,0.30875129
1.0475812,3.9608254,-0.9834272,3.0811498,-0.6239474,-2.4987457,-0.97766954,0.30132908
1.0808377,3.9761848,-0.9879479,3.0758233,-0.6348735,-2.4986072,-0.97894925,0.3084845
1.076478,3.9727204,-0.9912276,3.0569632,-0.5924847,-2.4810135,-0.9607088,0.30832124
1.046961,3.9453843,-0.9820456,3.0447087,-0.58948505,-2.491489,-0.95781714,0.30745202
1.0515352,3.9287438,-0.9627177,3.0782552,-0.5693164,-2.491354,-0.9639953,0.3107844
1.0554476,3.9822946,-0.99912065,3.040263,-0.62322176,-2.4910576,-0.9368418,0.3113098
1.0286113,4.0073004,-0.9990179,3.0136135,-0.58744013,-2.4708452,-0.9465683,0.30822277
1.0331962,4.0490046,-0.9674926,3.0719526,-0.5914376,-2.42849,-0.9795553,0.29985404
1.0830982,4.121934,-0.970496,3.0095978,-0.612671,-2.395958,-0.98804843,0.30221403
1.0809224,4.118858,-0.9389105,3.138624,-0.5460341,-2.4018612,-0.9912936,0.30655658
1.0648708,4.1015587,-0.90088606,3.1986303,-0.5376308,-2.3800342,-0.99591225,0.30264294
1.0762498,4.159591,-0.9649366,3.2775116,-0.6125219,-2.3865395,-0.99504435,0.31795847
1.049588,4.052803,-0.9995325,3.1003811,-0.579998,-2.412427,-0.99893177,0.3132288
1.0684669,4.0533667,-0.9992422,3.06602,-0.574474,-2.4074235,-0.9994605,0.3109659
1.0792183,4.0421906,-0.9959977,3.314567,-0.5916343,-2.3914716,-0.99824977,0.3158698
1.0494854,4.052214,-0.9928297,3.3503299,-0.57877016,-2.3915796,-0.9996073,0.31778818
0.9892029,4.018407,-0.9888099,3.2140865,-0.46358335,-2.3958337,-0.9645417,0.3184055
1.0089068,4.0956373,-0.9339589,3.2107673,-0.47649992,-2.4109435,-0.9474075,0.30123752
0.98177874,4.109299,-0.9927885,3.161688,-0.47731555,-2.4075224,-0.96992517,0.29116833
0.9588705,4.0695252,-0.99749386,3.1638198,-0.4778483,-2.3914838,-0.9759782,0.29120326
0.9720354,4.0818796,-0.988216,3.1861932,-0.51139855,-2.3952327,-0.9785904,0.28447318
0.99050707,4.1419163,-0.9794794,3.2031817,-0.49656415,-2.373897,-0.9903855,0.2935971
0.98199165,4.237916,-0.9859154,3.2013376,-0.43699634,-2.3748016,-0.98017716,0.2767483
1.0248804,4.325372,-0.9743587,3.1845436,-0.6537427,-2.3825092,-0.9741161,0.28114498
1.0602647,4.294657,-0.9921181,3.0949814,-0.6684613,-2.3780868,-0.9975825,0.29433352
1.0673443,4.255493,-0.9685253,3.1090357,-0.65828466,-2.3862245,-0.99792206,0.30068195
1.0543177,4.3155775,-0.9806756,3.060015,-0.6337092,-2.3758664,-0.99701315,0.28845096
1.0396924,4.321639,-0.9906392,3.066358,-0.6350825,-2.3769932,-0.9901332,0.2869171
1.0364163,4.366664,-0.99616206,3.114829,-0.6529168,-2.377421,-0.99069005,0.28643924
1.0345504,4.353183,-0.98728293,3.1047833,-0.6713618,-2.389483,-0.9926125,0.28196466
1.0470247,4.371729,-0.9830755,3.025288,-0.66553926,-2.3808272,-0.9830067,0.282681
1.0387721,4.320813,-0.98456806,3.0430381,-0.6460694,-2.3944814,-0.9708593,0.28556013
1.0551468,4.3173213,-0.9706383,3.033867,-0.6411097,-2.3952358,-0.97977746,0.29125214
1.0457435,4.332873,-0.9860776,3.0600908,-0.61511636,-2.3811698,-0.97713846,0.28454518
1.0354695,4.2728033,-0.97118294,3.0594096,-0.5630683,-2.365809,-0.9988771,0.2837919
1.0539951,4.2783804,-0.99640197,3.158992,-0.60369384,-2.3648486,-0.9962356,0.28751504
1.0409188,4.283822,-0.996226,3.1821012,-0.6810713,-2.3856668,-0.9767192,0.2902007
1.0706372,4.405773,-0.99478835,3.0758564,-0.6799036,-2.3676944,-0.935792,0.29084277
0.5800524,2.066983,-0.69133,3.2109392,-0.40185452,-0.7730453,0.74770606,0.19961298
0.709169,2.0368516,-0.7017397,3.2337546,-0.37442803,-0.7696886,0.6772469,0.19334829
0.5811848,2.062013,-0.6900417,3.131942,-0.30070603,-0.7202592,0.687446,0.18377602
0.56926036,2.0654263,-0.65235937,3.156485,-0.300964,-0.6831982,0.7558067,0.17798841
0.7179916,2.1256073,-0.6389445,3.1529005,-0.34103298,-0.6928406,0.7198694,0.18956423
0.6901715,2.1311011,-0.62429744,3.223728,-0.33465672,-0.7602415,0.58766115,0.22392702
0.7404448,2.168873,-0.6798327,3.2098486,-0.37426865,-0.76654434,0.6333847,0.22135532
0.69626385,2.1118653,-0.65313894,3.1905372,-0.33891845,-0.75876355,0.66673684,0.2203604
0.58610064,2.0631402,-0.65543044,3.3026562,-0.33413863,-0.806998,0.6499891,0.20097452
0.73257715,2.0669012,-0.662536,3.243131,-0.39559364,-0.8226743,0.61606145,0.20884424
0.72882646,2.0753942,-0.68490386,3.1996458,-0.410365,-0.8177421,0.6290879,0.20542288
0.54582524,2.0498667,-0.6298331,3.1928556,-0.46335912,-0.8070111,0.75334513,0.1992948
0.54480845,2.0767121,-0.6145836,3.1995604,-0.46160603,-0.81697845,0.7557639,0.20364326
0.5702734,2.0195088,-0.5382453,3.1908922,-0.33529687,-0.7409868,0.62100446,0.2060051
0.65277874,2.023888,-0.5446845,3.0718164,-0.32434762,-0.73683953,0.66802156,0.17945504
0.7066942,2.161674,-0.70809114,3.1732578,-0.33563793,-0.735656,0.5991936,0.18133938
0.6914014,2.1956713,-0.60092694,3.1540267,-0.3135109,-0.71708727,0.6179085,0.22070712
0.7312723,2.2300363,-0.57502216,3.1619103,-0.30489528,-0.73178935,0.5746696,0.2265991
0.6559451,2.254232,-0.55594885,3.0536125,-0.30880272,-0.70755553,0.6150553,0.22844458
0.6888168,2.148154,-0.5132648,3.047164,-0.30430746,-0.76841235,0.6543534,0.22595036
0.7247232,2.014161,-0.69880575,3.0194533,-0.320199,-0.74953485,0.6491754,0.17191172
0.7324835,2.0492585,-0.77363276,3.0135047,-0.29761732,-0.7446058,0.77215517,0.1982621
0.7149965,2.141287,-0.6682215,3.0145411,-0.35120165,-0.74426174,0.75219154,0.20174146
0.74508905,2.1102827,-0.68801665,3.0398486,-0.416937,-0.7243533,0.7444793,0.17624253
0.75936013,2.0789545,-0.6931482,3.0548673,-0.31926417,-0.7369096,0.7231376,0.17726588
0.6476822,2.0158927,-0.66072583,3.188258,-0.32747078,-0.7312565,0.74002075,0.17351544
0.6463475,2.0324042,-0.66250885,3.0702496,-0.3175285,-0.6740868,0.7444906,0.1703335
0.6771196,2.0449953,-0.6366695,3.0122268,-0.29552698,-0.67496085,0.7516656,0.16879213
0.6331577,2.0475223,-0.6506531,3.0648148,-0.29140985,-0.68154526,0.73102117,0.17634618
0.64702386,2.1563287,-0.5889437,3.1832218,-0.31168962,-0.7167659,0.7139355,0.18543518
0.61487436,2.126317,-0.6086047,3.0935931,-0.3509643,-0.71265364,0.6975026,0.18701088
0.634073,2.186426,-0.5829412,3.0801375,-0.40490198,-0.7189374,0.7238586,0.18143451
0.59082514,2.1926184,-0.5771276,3.1571848,-0.35802448,-0.69044614,0.6889142,0.18757808
0.6227628,2.1880405,-0.5968437,3.0807953,-0.34480166,-0.6905768,0.686507,0.17140073
0.64528555,2.1318712,-0.5955242,3.052027,-0.31212687,-0.65358114,0.7156838,0.1810571
0.706919,2.0749817,-0.7318176,3.1687677,-0.30565965,-0.64238787,0.7543063,0.17678124
0.7298385,2.0722575,-0.68162227,3.0908372,-0.37764966,-0.66047096,0.7814032,0.16863012
0.65507877,2.0738342,-0.6830981,3.2203538,-0.3560778,-0.6822586,0.6879258,0.17635024
0.6628276,2.1351273,-0.6974498,3.227451,-0.39210796,-0.74090934,0.64482105,0.20288587
0.64758813,2.024038,-0.58462584,3.4214225,-0.3154602,-0.7304661,0.6226233,0.19428277
0.70921165,2.0113218,-0.62539583,3.3183002,-0.32113194,-0.7412925,0.58693767,0.20060587
0.7566606,2.0863225,-0.63247144,3.109697,-0.3331039,-0.7767005,0.6194346,0.21013731
0.7204578,2.2193089,-0.6321127,3.0581634,-0.288944,-0.7408693,0.6522304,0.22167814
0.664201,2.1739507,-0.6288263,3.1118417,-0.23966336,-0.7956741,0.6268017,0.23565292
0.69175094,2.1804285,-0.6306704,3.1020339,-0.16724527,-0.80548954,0.6248659,0.25315642
0.6903547,2.0241034,-0.684413,3.2133646,-0.27657735,-0.84763384,0.65966105,0.2538972
0.70087874,2.291086,-0.652188,3.0553298,-0.27655756,-0.81816983,0.6760981,0.2483272
0.7055745,2.184337,-0.669137,3.0456607,-0.27977788,-0.76016283,0.68402183,0.23462343
0.7316684,2.1318069,-0.6406858,3.035398,-0.2456479,-0.78042865,0.6704465,0.23806077
0.6998637,2.179689,-0.6283081,3.008181,-0.23455727,-0.7787585,0.6648654,0.23907101
0.71994495,2.1163208,-0.6501686,3.0324152,-0.32250416,-0.76362586,0.7582314,0.21869254
0.5995882,2.1360245,-0.6118694,3.0084033,-0.310717,-0.71559453,0.76591194,0.22064453
0.67975587,2.183574,-0.5801784,3.020913,-0.3026973,-0.77558804,0.60333264,0.22272605
0.74099416,2.1132402,-0.6616522,3.0372837,-0.38655698,-0.8415172,0.67504025,0.23830295
0.71159685,2.0641,-0.60419255,3.0680935,-0.22790837,-0.85886,0.60530496,0.23635352
0.7552906,2.0623465,-0.76266825,3.1606746,-0.24189949,-0.8524573,0.6038965,0.20050162
0.76006985,2.0675871,-0.71040606,3.1348066,-0.14793587,-0.85112524,0.5550909,0.28612363
0.8396691,2.0256715,-0.7867269,3.1129718,-0.16347826,-0.93741226,0.58699524,0.2875529
0.82782614,2.0298674,-0.77097255,3.1287892,-0.16311002,-0.93467927,0.60668814,0.28429055
0.7955638,2.030173,-0.7939782,3.153779,-0.18542337,-0.93429947,0.5843419,0.28042644
0.8445765,2.0214732,-0.7427598,3.13786,-0.1837939,-0.93734026,0.54445255,0.27410305
0.8354609,2.003001,-0.73949015,3.0689285,-0.18899691,-0.8854761,0.52973473,0.27808827
0.780411,2.0014179,-0.69308424,3.0966463,-0.1881007,-0.9546633,0.5054635,0.2829463
0.83075213,2.0140986,-0.69796,3.0537765,-0.18902433,-0.9548876,0.47476077,0.27470726
0.8026123,2.1302915,-0.57251495,3.08424,-0.22244859,-0.90948224,0.44835293,0.26422805
0.78524125,2.355979,-0.583114,3.0185468,-0.27874136,-0.871552,0.45562875,0.23317707
0.7894784,2.2414935,-0.6235584,3.0211763,-0.28940344,-0.77846694,0.44080043,0.21878284
0.744643,2.2105794,-0.6272272,3.006947,-0.28770792,-0.8782704,0.5233439,0.21642274
0.7920163,2.0746918,-0.58662486,3.0131476,-0.2500528,-0.81308603,0.48595417,0.2539382
0.7731761,2.079846,-0.604127,3.0320325,-0.3393935,-0.8928547,0.50988925,0.28013504
0.741073,2.039683,-0.5941516,3.0474963,-0.3574146,-0.9939189,0.48702633,0.3014624
0.767857,2.436809,-0.6480526,3.093754,-0.32976627,-0.9894433,0.483441,0.2635355
0.79248995,2.174598,-0.6393651,3.0596535,-0.312137,-0.8049972,0.48315418,0.24447215
0.93286014,2.0609627,-0.7669505,3.1020746,-0.3688451,-0.93079185,0.53581417,0.21872675
0.83253866,2.0941975,-0.74226993,3.115254,-0.3795985,-0.90561485,0.58105886,0.22074139
0.86066633,2.0922115,-0.8296939,3.120759,-0.39117348,-0.8923063,0.63356006,0.21565855
0.76190543,2.0874298,-0.7062231,3.0945466,-0.39578116,-0.9339576,0.6267148,0.21019262
0.7339963,2.0884008,-0.6596525,3.143836,-0.3605113,-0.80458856,0.6517345,0.21425939
0.72120816,2.0842762,-0.7480018,3.1571057,-0.36854053,-0.84636784,0.66774714,0.21916014
0.7261404,2.0602999,-0.7448941,3.1983018,-0.36510897,-0.8417239,0.6690328,0.22280431
0.78337973,2.0186548,-0.75310606,3.1986613,-0.34090364,-0.82101774,0.6687751,0.22365546
0.86271167,2.0158148,-0.6532873,3.125515,-0.2218678,-0.79782224,0.546427,0.21043944
0.86809593,2.0068965,-0.6835915,3.0631113,-0.3160212,-0.7535088,0.62643945,0.18515909
0.7875938,2.1119738,-0.6595143,3.0433278,-0.36637568,-0.70264053,0.63317513,0.18553758
0.73409903,2.0361881,-0.5886159,3.1840467,-0.3129636,-0.7025564,0.7188895,0.18825799
0.6935836,2.0409422,-0.63497746,3.1995108,-0.31561196,-0.7256019,0.63589346,0.18932194
0.6829511,2.0376165,-0.65358746,3.1922498,-0.21219063,-0.74572134,0.6647537,0.20477396
0.6792978,2.02156,-0.615595,3.166255,-0.27472925,-0.69602776,0.6479821,0.19428003
0.69163096,2.0051088,-0.63055336,3.3092878,-0.31901646,-0.74613094,0.6338639,0.18804753
0.63361514,2.0047808,-0.64173466,3.4460473,-0.34653926,-0.76378894,0.61166906,0.19140595
0.64678764,2.0202484,-0.62729585,3.5854292,-0.3463061,-0.7078786,0.5104848,0.16169864
0.6385208,2.1090388,-0.61183834,3.5767531,-0.38507628,-0.721416,0.50704575,0.17185211
0.6635741,2.0984514,-0.5886469,3.460988,-0.1832143,-0.6687217,0.5382819,0.17215699
0.7322183,2.0402458,-0.61780876,3.4516146,-0.21202588,-0.6748786,0.5550827,0.16138172
0.73305875,2.037354,-0.60243684,3.4841874,-0.31978095,-0.6892967,0.48043442,0.16163701
0.7228943,2.0189636,-0.5991066,3.6252227,-0.30626452,-0.68988395,0.4809296,0.17132318
0.7369484,2.1007028,-0.60201156,3.6263745,-0.22615778,-0.69689274,0.4755535,0.1921227
0.67946374,2.0960352,-0.6136084,3.4780602,-0.2817588,-0.7129326,0.5045748,0.18425685
0.64922386,2.1971219,-0.6053488,3.4396217,-0.3276887,-0.70581913,0.5804447,0.19039369
0.6354175,2.1720455,-0.5895508,3.4643779,-0.3224659,-0.6796241,0.57592976,0.18719077
0.61478883,2.2052665,-0.59932256,3.507572,-0.3512603,-0.67901564,0.58975303,0.18123204
0.629314,2.247968,-0.6101362,3.5012188,-0.4276353,-0.67003036,0.5382607,0.16948146
0.6298212,2.2557867,-0.6101368,3.522765,-0.48612607,-0.68518114,0.5509597,0.16447854
0.6220157,2.2673013,-0.6020225,3.4821556,-0.45808554,-0.693954,0.5261998,0.16783953
0.661301,2.2336302,-0.6283653,3.4290216,-0.2730013,-0.6819625,0.56014645,0.18631661
0.6572495,2.283853,-0.62336874,3.2846713,-0.27794695,-0.6444869,0.6263015,0.19524455
0.65597206,2.2562177,-0.63120806,3.3757052,-0.29476404,-0.64778185,0.6302136,0.16232485
0.5873632,2.2277448,-0.63977766,3.3501434,-0.29319847,-0.6771734,0.6345087,0.1758467
0.6035525,2.058252,-0.6278692,3.358254,-0.3019017,-0.6831076,0.6365651,0.16983557
0.6200184,2.1067896,-0.6107254,3.3684924,-0.3369838,-0.6734998,0.64221156,0.1692732
0.6203676,2.1115587,-0.6066066,3.2150202,-0.27443695,-0.7126918,0.684587,0.18246895
0.73832273,2.0312586,-0.6711807,3.2055378,-0.2714069,-0.72020817,0.6133436,0.18326962
0.71619755,2.1551151,-0.6163355,3.1492507,-0.29885054,-0.73487616,0.6106355,0.18574435
0.71237314,2.1686718,-0.58212423,3.1481283,-0.2957213,-0.6743052,0.6432264,0.20666593
0.67585707,2.1179492,-0.5844252,3.1301296,-0.3072796,-0.78109646,0.6265204,0.21380258
0.6310322,2.0975897,-0.5654346,3.146528,-0.31811535,-0.82582545,0.66698205,0.21811706
0.6102059,2.1512952,-0.64809304,3.3780708,-0.36926544,-0.76432085,0.63949656,0.19496644
0.5879398,2.1360667,-0.6805959,3.3897166,-0.31241345,-0.7418034,0.65635836,0.208377
0.57365656,2.1822946,-0.60778797,3.3621757,-0.36512387,-0.75540566,0.60626864,0.21358901
0.5519867,2.19648,-0.6508206,3.386224,-0.4461888,-0.786736,0.61993873,0.17363638
0.54522216,2.1674972,-0.6660702,3.3182178,-0.46006668,-0.81299424,0.6307883,0.17605329
0.5525937,2.2586246,-0.6838089,3.3748555,-0.45315528,-0.8077493,0.6685177,0.2020855
0.5793093,2.0872142,-0.7374006,3.454354,-0.4035741,-0.7825272,0.67798734,0.20029008
0.59989244,2.0853665,-0.68012583,3.5021489,-0.4079994,-0.78915906,0.6608639,0.20346844
0.6134625,2.0738337,-0.77657104,3.4995234,-0.41091025,-0.7836065,0.6144749,0.21094441
