0.9900062,7.807038,-0.4921564,9.909922,-0.8346789,-1.1646733,-0.46662307,0.10232186
0.97440255,7.852656,-0.4829272,9.7170315,-0.8305317,-1.1590873,-0.44407284,0.09285712
0.95298684,7.9415803,-0.46354586,9.653437,-0.61137617,-1.1905401,-0.42984658,0.09285152
0.97027934,8.018648,-0.46551234,9.608999,-0.6901281,-1.2421796,-0.37437332,0.10152984
0.99262583,8.433701,-0.48494095,9.61252,-0.58886695,-1.3159575,-0.3177157,0.119128585
1.0003495,7.866904,-0.4845786,9.6297655,-0.63181293,-1.3161201,-0.29820126,0.13185245
1.0141288,8.118686,-0.50495607,9.397087,-0.5713619,-1.3307287,-0.2765118,0.1340074
0.9964074,8.120916,-0.50504225,9.185121,-0.60284495,-1.3152225,-0.33688444,0.14167035
0.98494005,8.128532,-0.501212,9.218788,-0.61734974,-1.326548,-0.47594613,0.16066569
0.972808,8.21861,-0.50763535,9.234613,-0.6259322,-1.3358946,-0.5303838,0.16826206
0.9604765,8.236145,-0.49726343,9.203551,-0.62836385,-1.3528521,-0.422853,0.1516642
0.98546016,8.483967,-0.49055934,9.174887,-0.5884361,-1.3809123,-0.46910787,0.16896069
1.0368949,8.368675,-0.50724393,9.078371,-0.6156899,-1.3791304,-0.35656768,0.16820759
1.0051093,8.406624,-0.5164996,9.082663,-0.6193241,-1.3356242,-0.43279874,0.17029828
1.0517275,8.684734,-0.515996,8.997864,-0.60733426,-1.3880882,-0.48238468,0.16591531
1.079563,8.78447,-0.51212025,8.83444,-0.5893955,-1.3828207,-0.48340613,0.17636639
1.0630846,8.829082,-0.52017933,8.852438,-0.6149429,-1.3847977,-0.45657885,0.17523468
1.0636489,8.811323,-0.49964023,9.042742,-0.5961335,-1.3671052,-0.52167267,0.19805592
1.0597243,8.843221,-0.48759156,9.0204315,-0.6234596,-1.3857274,-0.50767833,0.22022527
1.0787859,8.794981,-0.5019909,8.983517,-0.71246374,-1.387585,-0.52182543,0.22744292
1.0860939,8.863556,-0.48064184,9.058034,-0.61896586,-1.3713537,-0.5771814,0.1974501
1.0814165,8.932705,-0.5069214,9.0362015,-0.822929,-1.3655838,-0.5971432,0.1812883
1.0555332,8.8962145,-0.505864,9.063717,-0.85048807,-1.3800743,-0.52682656,0.16596258
1.0530581,8.892679,-0.5604781,9.082655,-0.9340676,-1.3646357,-0.35159308,0.19427514
1.0273684,8.893808,-0.5663732,9.073096,-0.7951659,-1.365239,-0.3965494,0.18649137
1.0403006,8.889074,-0.5425472,9.091385,-0.7437843,-1.3458505,-0.37896144,0.18110502
1.0331428,8.76021,-0.5834497,9.088634,-0.6596103,-1.360498,-0.43630403,0.2586298
1.0394237,8.418946,-0.59126365,9.044514,-0.5280787,-1.3471823,-0.44276023,0.2521931
1.0291836,8.170065,-0.5943229,9.079145,-0.5980574,-1.3861997,-0.36746752,0.25870484
1.0276871,8.777342,-0.5627816,9.127284,-0.48652363,-1.3683612,-0.35747355,0.26007527
1.0177248,8.3808975,-0.5816897,9.147543,-0.35120225,-1.3739436,-0.29233283,0.27006972
1.0512414,8.501226,-0.5781873,9.031221,-0.3762809,-1.3703377,-0.28914118,0.2626863
1.0544449,8.800502,-0.5650002,8.954413,-0.38907325,-1.3661048,-0.2877931,0.2684096
1.0505575,8.59025,-0.6012208,9.027969,-0.4206562,-1.3992938,-0.355699,0.2889462
1.09118,8.319189,-0.59680754,8.9549675,-0.3199004,-1.3729174,-0.31476396,0.30646396
1.0865049,8.434076,-0.5978783,8.946144,-0.31638098,-1.3791242,-0.30368507,0.30148572
1.102476,8.729357,-0.5971444,8.8838825,-0.3101374,-1.359595,-0.28891486,0.28561735
1.0806715,8.766277,-0.59452033,8.843639,-0.28125155,-1.361197,-0.2916,0.27848387
1.0646169,8.820513,-0.6125231,8.828836,-0.4208126,-1.3449569,-0.21477073,0.27180046
1.0735965,8.543929,-0.60074735,8.859181,-0.41707325,-1.3408513,-0.2920034,0.2705611
1.1081063,8.80335,-0.6262448,8.656822,-0.37937963,-1.3048565,-0.3321923,0.27293634
1.1127611,8.779562,-0.6166489,8.452763,-0.39262843,-1.3297095,-0.35637146,0.27699423
1.1166093,8.813062,-0.60785586,8.624077,-0.3377266,-1.3080473,-0.35374624,0.2746601
1.1188457,8.946708,-0.61147237,8.592924,-0.32981813,-1.2288132,-0.365214,0.2943936
1.1041793,8.788743,-0.60630727,8.704394,-0.30660498,-1.177799,-0.3958041,0.2927103
1.0882354,8.671869,-0.60737,8.725857,-0.31005764,-1.1787543,-0.3699749,0.27758223
1.0939431,8.703739,-0.60072964,8.70669,-0.30193055,-1.2998884,-0.33928335,0.27317917
1.0910804,8.919257,-0.5996949,8.584543,-0.33307445,-1.2165288,-0.4140522,0.2819121
1.0953993,9.073291,-0.59139466,8.572585,-0.3486054,-1.3047712,-0.42290747,0.28485537
1.09915,9.198731,-0.58369565,8.327287,-0.36834645,-1.3080277,-0.393628,0.28280485
1.1077551,9.198221,-0.58240545,8.257545,-0.39813745,-1.3335929,-0.39963043,0.2777921
1.1109707,9.067503,-0.5800131,8.336059,-0.42987537,-1.3365514,-0.39421535,0.2624067
1.1079385,8.432032,-0.60762846,8.370385,-0.46785617,-1.2932918,-0.39080065,0.26352525
1.2105871,8.135164,-0.5820039,8.374612,-0.444098,-1.2840052,-0.4190185,0.26076603
1.2024393,8.181101,-0.5846434,8.447802,-0.46387625,-1.3065321,-0.3827234,0.25149632
1.2095865,8.141779,-0.59361964,8.423645,-0.4761759,-1.2851354,-0.39005816,0.25301784
1.1645137,8.1067095,-0.58865905,8.569451,-0.4460957,-1.2707739,-0.41084772,0.25176847
1.1586668,8.358776,-0.5749953,8.533976,-0.42422092,-1.2692022,-0.39396977,0.25521624
1.2140086,8.278046,-0.5756804,8.740469,-0.42427444,-1.2821678,-0.30188894,0.2614665
1.250918,8.375647,-0.57649875,8.664501,-0.37466347,-1.280625,-0.3261165,0.2990507
1.2188785,8.31308,-0.57672155,8.624314,-0.38676476,-1.3089405,-0.30150628,0.29475486
1.2516754,8.344837,-0.59363973,8.582129,-0.38573813,-1.2512879,-0.29335833,0.2972598
1.2447398,8.454672,-0.5752867,8.555073,-0.3669989,-1.2860005,-0.27709377,0.3073442
1.2185895,8.488412,-0.5667477,8.574408,-0.4049033,-1.3001622,-0.4080878,0.29338503
1.2138717,8.755249,-0.52872485,8.534956,-0.38188314,-1.3464336,-0.38976753,0.28077626
1.2197912,8.792478,-0.511761,8.641445,-0.3122965,-1.324096,-0.40010774,0.2849847
1.2211378,8.404685,-0.47327685,8.692198,-0.31399298,-1.3200665,-0.41814673,0.2880417
1.258242,8.512183,-0.4804905,8.555027,-0.3040408,-1.2402723,-0.4243167,0.28685462
1.2497566,8.540427,-0.49215853,8.584099,-0.30144393,-1.2473506,-0.47548234,0.2906235
1.260539,8.517458,-0.49673516,8.598727,-0.3036611,-1.2733473,-0.4247359,0.28541398
1.2545575,8.581251,-0.504547,8.529655,-0.33054972,-1.2936165,-0.551488,0.28435677
1.2570817,8.660656,-0.49480116,8.521403,-0.3191247,-1.2508225,-0.5449344,0.29373896
1.260319,8.599934,-0.50568753,8.56263,-0.33434343,-1.301985,-0.5403067,0.29711866
1.2621585,8.568128,-0.52173615,8.561316,-0.3495524,-1.2917995,-0.5161251,0.28238875
1.2322786,8.640054,-0.49144626,8.558313,-0.36018515,-1.2750123,-0.4378025,0.26496387
1.2443361,8.447929,-0.48017687,8.378296,-0.24657714,-1.3128595,-0.3995815,0.25873792
1.2107344,8.30855,-0.46914923,8.487589,-0.2533158,-1.3104861,-0.36646396,0.2519303
1.253571,8.263233,-0.47101235,8.430596,-0.2653209,-1.3104894,-0.35210115,0.24339622
1.3016002,8.380372,-0.46853042,8.531352,-0.32563615,-1.345865,-0.3271922,0.24530303
1.2832265,8.2892275,-0.45447904,8.523739,-0.3253305,-1.3720812,-0.30489302,0.23737049
1.2496312,8.319637,-0.45261496,8.834167,-0.31025112,-1.3486032,-0.29439467,0.22269034
1.2501295,8.098287,-0.4574219,8.546551,-0.3359877,-1.3484678,-0.27896065,0.21552801
1.2458912,8.100101,-0.4532708,8.785364,-0.34507954,-1.3299446,-0.2933845,0.20007342
1.2131107,8.040657,-0.44675547,8.788351,-0.34488654,-1.3251054,-0.25143433,0.19478858
1.2733998,8.010503,-0.4503513,8.75229,-0.34870517,-1.3555309,-0.22657788,0.209678
1.2746413,8.140767,-0.45447218,8.8953285,-0.3480531,-1.3544587,-0.24550998,0.2033416
1.2743567,8.0177145,-0.43965375,9.001455,-0.3405311,-1.3519962,-0.008561909,0.21851897
1.3137761,7.93186,-0.45034653,9.021055,-0.36853218,-1.3661896,-0.01350373,0.20123851
1.3042932,7.819237,-0.45911086,8.992712,-0.40771246,-1.3763471,-0.042414248,0.15144831
1.269376,7.8570023,-0.45333356,9.001772,-0.42591286,-1.3925447,0.021410942,0.16172254
1.2854581,7.8526764,-0.45893663,8.988611,-0.45432675,-1.3991082,-0.1422928,0.15942782
1.3451641,7.378856,-0.46076286,8.782889,-0.50462854,-1.4049346,-0.11452234,0.16836995
1.3644416,7.270035,-0.454264,8.646516,-0.50882685,-1.4067088,-0.15073466,0.20237243
1.3561816,7.6353354,-0.45400345,8.637379,-0.48313582,-1.404525,-0.15081841,0.19094735
1.340441,7.6737204,-0.45255756,8.786379,-0.49090075,-1.4139049,-0.17717409,0.17504263
1.3217982,7.6657495,-0.4571644,8.796722,-0.49735868,-1.4561446,-0.15069711,0.17176694
1.3290465,7.8582606,-0.45635688,8.790552,-0.4666996,-1.42283,-0.1996786,0.18782657
1.2829399,7.9330807,-0.45893425,8.900864,-0.457646,-1.4113488,-0.1987443,0.19448465
1.2096064,7.9803996,-0.4599281,8.805729,-0.46269464,-1.4293716,-0.26140356,0.17362982
1.2077131,7.939888,-0.465528,8.8209,-0.48445618,-1.4285055,-0.27598524,0.19448602
1.2769933,8.093348,-0.4781382,8.676548,-0.48442852,-1.426259,-0.3005727,0.2066623
1.2110966,8.04925,-0.4744128,8.763538,-0.47725987,-1.4197576,-0.3065675,0.1878537
1.2381308,7.9637775,-0.47238028,8.727304,-0.4689231,-1.419301,-0.3000183,0.19909447
1.2070241,8.028018,-0.4495983,8.906914,-0.45635426,-1.4399511,-0.30253232,0.19906461
1.2094728,8.156984,-0.4558965,8.989767,-0.49579597,-1.4351778,-0.28202057,0.1919654
1.2122242,8.28043,-0.4558742,8.578548,-0.48786664,-1.4540071,-0.29570806,0.21119547
1.2234266,8.746744,-0.481427,8.612426,-0.4737252,-1.4297086,-0.30383295,0.20684844
1.2252164,8.737941,-0.45327866,8.568775,-0.4474609,-1.4290409,-0.2642218,0.20955646
1.2319343,8.611683,-0.4525863,8.5190935,-0.45623887,-1.4283113,-0.25875843,0.20010978
1.227345,8.635106,-0.45626843,8.502468,-0.41357195,-1.4143426,-0.2419771,0.19153303
1.2316637,8.697784,-0.45904893,8.596552,-0.41620553,-1.406843,-0.24299794,0.19461375
1.2437332,8.643196,-0.465702,8.581666,-0.41300344,-1.410485,-0.20637107,0.19065279
1.2034106,8.534877,-0.48473305,8.585201,-0.4087628,-1.3938041,-0.1786182,0.18948913
1.2398039,8.555933,-0.4910456,8.669226,-0.42704916,-1.3885041,-0.22598141,0.20326698
1.2398093,8.582728,-0.48557186,8.687704,-0.43140018,-1.3881557,-0.2434408,0.20717102
1.2453009,8.04589,-0.48064178,8.758291,-0.4223472,-1.3638899,-0.27266514,0.17331707
1.212791,8.009409,-0.4710973,8.69986,-0.41237938,-1.3577297,-0.26887375,0.18731022
1.2156161,8.208851,-0.4560747,8.752727,-0.41557372,-1.3704647,-0.24841237,0.17482013
1.259995,8.173126,-0.45241326,8.717133,-0.40598738,-1.371805,-0.09239483,0.16748834
1.23276,8.285627,-0.46317053,8.787645,-0.41059375,-1.3709652,-0.23721993,0.1777755
1.2345159,8.438397,-0.47446817,8.631135,-0.41133547,-1.3607801,-0.19731557,0.1802206
1.2316706,8.30501,-0.48163915,8.683001,-0.42206836,-1.3512101,-0.10128802,0.17595541
1.2184294,8.441816,-0.4777121,8.817874,-0.44965208,-1.4000387,-0.1025036,0.16020048
1.2259282,8.434755,-0.49799955,8.620754,-0.4631015,-1.3894811,-0.098107934,0.15419674
1.205895,8.490229,-0.49235022,8.6154,-0.47072423,-1.3892951,-0.15621722,0.1546207
1.1957064,8.587764,-0.48258942,8.712689,-0.4788332,-1.4044701,-0.08152926,0.1553191
1.1790831,8.488727,-0.4875102,8.574946,-0.44456685,-1.4041761,-0.05724424,0.11474687
1.2001439,8.584442,-0.48483467,8.643673,-0.4377991,-1.4352618,-0.04581988,0.124743044
1.1948088,8.59661,-0.50183856,8.742231,-0.49522674,-1.4409695,-0.039716184,0.13149565
1.1912308,8.651876,-0.50450903,8.510802,-0.46103597,-1.4548726,-0.04783261,0.12587976
1.2180961,8.800831,-0.50168806,8.507675,-0.47228563,-1.469646,-0.052454412,0.010874748
1.1964285,8.721821,-0.51094806,8.522959,-0.46854043,-1.4732344,-0.03097123,0.08461392
1.2040948,8.705389,-0.48040628,8.515932,-0.41919887,-1.4716133,-0.0043703318,0.097213805
1.1583431,8.613949,-0.51252186,8.624978,-0.48508668,-1.4697529,-0.0039665103,0.04307556
1.15258,8.603691,-0.5007171,8.536701,-0.45867717,-1.453307,-0.0028018951,0.06518549
1.1901407,8.506686,-0.46285748,8.593599,-0.4542408,-1.4422584,-0.010184169,0.09669703
1.19992,8.521994,-0.473857,8.431093,-0.43740785,-1.4288367,-0.1119473,0.113817096
1.2013404,8.532942,-0.48045754,8.560345,-0.46338117,-1.4282563,-0.102788806,0.13052934
1.2016637,8.548248,-0.47188115,8.6836815,-0.4531814,-1.4049683,-0.096743524,0.1319226
1.1864501,8.69166,-0.4840148,8.66109,-0.4736805,-1.4204111,-0.063724816,0.12582374
1.1895401,8.71287,-0.45681095,8.681395,-0.4597845,-1.3965822,-0.08436781,0.12073195
1.1832206,8.17045,-0.43730628,8.669172,-0.45224798,-1.4235675,-0.17106473,0.12035537
1.1796259,8.16231,-0.44480324,8.769909,-0.45933843,-1.3932669,-0.18539488,0.12570882
1.1638572,8.059684,-0.4391628,8.776655,-0.45655763,-1.3930621,-0.075877964,0.122487605
1.2676857,8.092327,-0.45526278,8.758882,-0.44887733,-1.3907318,-0.123583734,0.12938458
1.314998,8.179003,-0.44056046,8.617117,-0.4586482,-1.4141568,-0.092798054,0.12557685
1.3174218,8.113683,-0.4313264,8.611824,-0.44468367,-1.4066767,-0.061417103,0.12527794
1.3167635,8.204815,-0.4209075,8.621792,-0.45755398,-1.4195509,-0.1060853,0.11637294
1.3042278,8.2292595,-0.4250679,8.666279,-0.4618305,-1.4476662,-0.15227425,0.14211613
1.2989088,8.079626,-0.4232133,8.669153,-0.4734211,-1.4381616,-0.18495816,0.1451239
1.273915,8.22184,-0.42311436,8.708205,-0.5045315,-1.4618471,-0.15037608,0.15425742
1.3056365,8.200214,-0.4446684,8.648639,-0.47274125,-1.4633785,-0.122004926,0.1737532
1.308326,8.342104,-0.43662757,8.627692,-0.46631324,-1.4646145,-0.13604975,0.1845535
1.302995,8.315964,-0.43734455,8.626282,-0.4628985,-1.4597592,-0.1394738,0.16835427
1.2856654,8.41757,-0.44021922,8.722975,-0.446043,-1.4674034,-0.04613352,0.15074861
1.2603512,8.427669,-0.44166112,8.688199,-0.43154383,-1.4565148,-0.060482085,0.12686002
1.2227786,8.487244,-0.41948497,8.645487,-0.40957105,-1.4489547,-0.05070162,0.10803163
1.2190722,8.466719,-0.43308663,8.707872,-0.40590692,-1.4331172,-0.048906684,0.10543382
1.219475,8.432148,-0.4300037,8.695368,-0.41168773,-1.4512961,0.0021053553,0.11090779
1.239917,8.449793,-0.43758684,8.662645,-0.40333116,-1.4439335,-0.057801306,0.12179637
1.2349269,8.451327,-0.43938422,8.715751,-0.40972662,-1.448132,-0.08236182,0.14227057
1.2503359,8.271571,-0.4505778,8.724794,-0.42068946,-1.3992081,-0.1530397,0.15172899
1.270754,8.277,-0.44907284,8.734848,-0.4285264,-1.378809,-0.016910076,0.1441065
1.2257819,8.393821,-0.44748485,8.649667,-0.41585028,-1.3691708,-0.067902744,0.13071883
1.2129502,8.585253,-0.45064342,8.626928,-0.41844273,-1.3808198,-0.21581697,0.15015697
1.182011,8.411359,-0.4229915,8.570864,-0.34710586,-1.3742727,-0.1703111,0.13664037
1.2026509,8.372448,-0.42372692,8.624092,-0.3571918,-1.3724542,-0.13221055,0.12900937
1.2141895,8.479082,-0.43463647,8.491227,-0.34010565,-1.4057382,-0.09631866,0.1356647
1.1873301,8.429525,-0.42271763,8.486929,-0.32943714,-1.3953478,-0.120209575,0.12276077
1.1796417,8.420683,-0.42837292,8.485531,-0.33210278,-1.3872359,-0.07567459,0.11937946
1.1885691,8.529514,-0.41092676,8.464163,-0.33089364,-1.4215719,-0.1640445,0.10103977
1.1664968,8.436985,-0.41764385,8.464209,-0.33514142,-1.4237512,-0.12386364,0.09923226
1.1640316,8.39705,-0.4141382,8.430182,-0.33108723,-1.4087224,-0.09652096,0.093055665
1.1316842,8.4008875,-0.422365,8.419479,-0.3073994,-1.4170393,-0.14235258,0.08981359
1.1625869,8.345844,-0.42073482,8.412115,-0.33403814,-1.4211435,-0.13514227,0.104946315
1.1882967,8.388304,-0.40605897,8.45719,-0.35261905,-1.4152248,-0.08539051,0.113705516
1.1926372,8.312723,-0.41758025,8.459871,-0.34015524,-1.3902593,-0.06629765,0.09981471
1.2107704,8.399904,-0.42017543,8.462636,-0.3584814,-1.3979205,0.029263496,0.10440892
1.199964,8.487614,-0.43170303,8.444161,-0.3442471,-1.4072027,-0.0657925,0.09982848
1.1734976,8.46459,-0.46615827,8.476262,-0.42466736,-1.4296077,-0.1124298,0.116654634
1.1720299,8.501012,-0.458448,8.48172,-0.35534835,-1.3984019,-0.025574803,0.107628584
1.1938646,8.641927,-0.49579048,8.550011,-0.36773348,-1.3807071,0.009193659,0.1214385
1.1881044,8.3987255,-0.49996662,8.559202,-0.47519624,-1.417482,-0.031582594,0.120559335
1.2024672,8.368463,-0.48037875,8.5279255,-0.4781283,-1.4236495,-0.09804469,0.11939967
1.1896236,8.343959,-0.46926373,8.50816,-0.475098,-1.4407754,-0.11631554,0.11769843
1.1990402,8.842838,-0.46212906,8.495163,-0.38982475,-1.4256005,-0.11058557,0.13323629
1.195615,8.769838,-0.47457618,8.438937,-0.3751439,-1.4083396,-0.09731853,0.11452699
1.2032821,8.587722,-0.48447847,8.447178,-0.4736879,-1.4358394,-0.052723706,0.09838891
1.2086856,8.555912,-0.46899152,8.636307,-0.48531103,-1.477768,-0.053905845,0.10053748
1.1905018,8.571756,-0.46191722,8.640244,-0.49002314,-1.4353588,-0.07272011,0.084623694
1.1671287,8.657785,-0.4511937,8.759144,-0.48912823,-1.4456925,-0.05774486,0.087978065
1.1856952,8.488396,-0.46501172,8.675193,-0.49068844,-1.4516795,-0.06266314,0.089214504
1.280974,8.312913,-0.46339148,8.580136,-0.49123454,-1.4204962,-0.103106976,0.11830133
1.1715535,8.278734,-0.4482847,8.621392,-0.4912722,-1.4401076,-0.15077937,0.11272478
1.1425835,8.284092,-0.44503927,8.653255,-0.5048859,-1.4479165,-0.08693522,0.08589089
1.1890221,8.333649,-0.4487332,8.691446,-0.506919,-1.4467742,-0.1190778,0.09475887
1.159697,8.469279,-0.49740314,8.6895895,-0.5062039,-1.4205183,-0.0892126,0.113937855
1.154049,8.686056,-0.49639606,8.701836,-0.4661957,-1.4062432,-0.08494836,0.09239185
1.1091437,8.748621,-0.5102979,8.740137,-0.50162387,-1.3200483,-0.09606743,0.035020232
1.1412342,8.836706,-0.5178257,8.836321,-0.50190985,-1.3159025,-0.12659574,0.027771235
1.0607187,9.368799,-0.53460234,8.805887,-0.53119195,-1.3271255,-0.17001861,0.13607681
1.039638,9.618309,-0.50713825,8.733263,-0.5802034,-1.3194723,-0.2073769,0.11985695
1.0342423,9.533726,-0.5051662,8.808322,-0.5749295,-1.291416,-0.2357732,0.09811616
1.0568438,9.395008,-0.48987484,8.856345,-0.54240024,-1.2980222,-0.247639,0.097835004
1.0431771,9.424287,-0.50253564,8.680457,-0.55392194,-1.3302872,-0.27050078,0.08842099
1.0546715,9.375291,-0.5138882,8.754163,-0.5372678,-1.2999425,-0.28784108,0.11777896
1.0240364,9.43186,-0.48491633,8.858507,-0.5393369,-1.2971542,-0.29272938,0.110306084
1.0520273,9.291506,-0.47182816,8.829208,-0.55366886,-1.2954106,-0.316827,0.08613241
1.0186449,9.309721,-0.4529053,8.832289,-0.54255927,-1.290798,-0.31881344,0.09176797
1.0293078,9.249302,-0.486206,8.775537,-0.52498686,-1.2550111,-0.3188424,0.1072737
1.0254309,9.21538,-0.4792081,8.807758,-0.5068898,-1.2805588,-0.31724948,0.1269548
1.0187395,9.166855,-0.49554104,8.935513,-0.5072652,-1.2510424,-0.27844882,0.10181826
0.96585876,9.140825,-0.4733762,8.977728,-0.53737676,-1.2609699,-0.29149187,0.10447919
0.99207425,9.133148,-0.50179434,9.038469,-0.5581429,-1.2582103,-0.28149974,0.104233444
0.9784286,9.149405,-0.5060849,8.99608,-0.5700623,-1.2558112,-0.28508812,0.113025784
1.0058227,9.23991,-0.5112623,9.027951,-0.5948535,-1.2468908,-0.2915904,0.107782364
1.0103538,9.489557,-0.46379733,8.720795,-0.5551976,-1.2632858,-0.29735118,0.114141524
1.0855272,9.396429,-0.47806263,8.575972,-0.54819596,-1.3023844,-0.33025753,0.111058414
1.1021382,9.403697,-0.4959942,8.560923,-0.50147593,-1.3067648,-0.30489266,0.1174829
1.1006643,9.417926,-0.5355552,8.512915,-0.51000345,-1.335684,-0.27133805,0.11319697
1.0905325,9.519321,-0.5362691,8.474953,-0.5726402,-1.366832,-0.27612084,0.09343994
1.1165771,9.770056,-0.5518724,8.40176,-0.5700749,-1.3848178,-0.24592304,0.11529267
1.1413649,9.550617,-0.55010283,8.444132,-0.53831005,-1.3785739,-0.25070566,0.11818379
1.1101403,9.558908,-0.5078549,8.509237,-0.5612217,-1.4149199,-0.2502935,0.13398117
1.100214,9.630636,-0.46595448,8.494384,-0.5652275,-1.402358,-0.24406654,0.16866726
1.086566,9.737319,-0.47319704,8.397448,-0.6046022,-1.3667865,-0.28512293,0.06976974
1.098469,9.561459,-0.48423117,8.272767,-0.57862127,-1.3965077,-0.26517898,0.06512439
1.115732,9.326285,-0.44441807,8.592419,-0.60417855,-1.384623,-0.37065947,0.052062273
1.1308473,9.313589,-0.4330517,8.661359,-0.6611476,-1.3912323,-0.35699385,0.044304907
1.1431981,9.4061165,-0.43369257,8.674431,-0.67405987,-1.4159486,-0.37021708,0.058809876
1.1472812,9.442597,-0.39144993,8.617662,-0.68137014,-1.4300416,-0.38267225,0.030964553
1.1331487,9.496913,-0.42138594,8.627409,-0.6849723,-1.4311671,-0.38798463,0.037230134
1.1093667,9.549732,-0.4218483,8.648563,-0.68381584,-1.4389193,-0.35429668,0.051356733
1.1284742,9.739391,-0.45883155,8.562642,-0.69361234,-1.4381921,-0.2113145,0.02026397
1.1040125,9.7554655,-0.4466043,8.558916,-0.7066916,-1.457053,-0.04008794,0.029738963
1.0766034,9.675761,-0.44342917,8.535765,-0.7264885,-1.4589472,-0.083557606,0.04525709
1.0776144,9.78739,-0.44062948,8.531383,-0.69563293,-1.4437487,-0.09702343,0.040585577
1.1370084,9.796345,-0.4467613,8.539453,-0.6828387,-1.4533031,-0.03243977,0.037910104
1.1496754,9.861831,-0.4501493,8.498892,-0.6674441,-1.4592128,-0.01647228,0.045754433
1.1129954,9.725834,-0.39106053,8.556667,-0.6817559,-1.4628112,-0.15442723,0.004108548
1.1269681,9.723693,-0.41765547,8.544231,-0.6689645,-1.4938753,-0.1341834,0.043961287
1.1573918,9.737488,-0.43106598,8.471637,-0.66324115,-1.4942031,-0.07008368,0.04684651
1.1648693,9.624699,-0.39016712,8.428303,-0.67933965,-1.5004811,-0.31000304,0.049730122
1.168787,9.683636,-0.41633135,8.460359,-0.6706313,-1.4799982,-0.16597104,0.033332407
1.1729714,9.490627,-0.3994431,8.695833,-0.7535244,-1.5121512,-0.15052873,0.047985435
1.1757711,9.520639,-0.38606167,8.735804,-0.7960583,-1.5103182,-0.16829157,0.016452432
1.1470525,9.564005,-0.38869792,8.692528,-0.85392785,-1.516397,-0.17213881,0.04273057
1.185702,9.551321,-0.38449,8.702009,-0.8193933,-1.5271178,-0.13825542,0.016259909
1.174505,9.490831,-0.40013838,8.688797,-0.81908214,-1.5272479,-0.13525712,-0.0014473796
1.1697142,9.488031,-0.41595232,8.658958,-0.8695775,-1.5164578,-0.19227141,-0.0068042874
0.9359902,3.1177273,-0.7734616,9.041647,-0.75975037,-2.64616,2.1142867,-0.39908448
0.9719023,3.1227908,-0.7619898,9.01256,-0.7470422,-2.6055024,2.0164564,-0.389313
0.95261717,3.280744,-0.8164636,9.025652,-0.70246744,-2.5777507,1.9936862,-0.41569617
0.96960527,2.994975,-0.7852181,9.035547,-0.6858789,-2.5712714,2.0878632,-0.43839008
0.96144485,3.30651,-0.7925614,9.007408,-0.69590056,-2.565318,2.0915968,-0.4079546
0.9636959,3.1301646,-0.8302908,9.0579815,-0.69809175,-2.5679927,2.0546834,-0.4124217
0.96590316,3.085497,-0.80903876,9.124305,-0.6947701,-2.5766044,2.0286179,-0.4037488
0.9544054,3.2714467,-0.80072975,9.116783,-0.6704918,-2.5563512,2.0264993,-0.40866837
0.9692113,3.315021,-0.8266896,9.135105,-0.6876612,-2.560165,1.9801533,-0.40056527
0.96939445,3.2314367,-0.83760273,9.048374,-0.6995379,-2.5585687,2.0269954,-0.40336615
0.99604106,3.243486,-0.81494105,8.964766,-0.7129594,-2.5717816,2.028362,-0.39716005
1.0123638,3.300618,-0.85253227,8.946574,-0.7129184,-2.5904331,1.8994827,-0.3894707
0.99354815,3.2340698,-0.84162927,9.015469,-0.72066724,-2.5939329,2.039476,-0.38233563
1.008142,3.200256,-0.8481529,9.029237,-0.71619856,-2.5749636,1.8727033,-0.37639758
1.0184114,3.1785443,-0.83396184,9.082534,-0.73359215,-2.6000206,1.9903712,-0.36748976
1.016976,3.3320494,-0.8538046,9.241452,-0.73142624,-2.6128988,1.8592865,-0.35798022
1.0143659,3.424531,-0.8760312,9.169376,-0.70117545,-2.6026797,1.8938549,-0.37348926
0.98772144,3.4065695,-0.8439213,9.1579275,-0.73184,-2.594654,1.920167,-0.37030166
0.9577048,3.3785138,-0.7813291,9.1317,-0.73106563,-2.582639,1.9961329,-0.37394804
0.9386984,3.4279692,-0.8156304,9.086927,-0.7262757,-2.5731204,2.011674,-0.38704583
0.9453771,3.296988,-0.82062864,9.060549,-0.7263899,-2.5660794,2.017689,-0.38368458
0.94865984,3.2859483,-0.8095266,9.053942,-0.7244779,-2.5853434,2.0543945,-0.377542
0.99552995,3.159717,-0.8084671,9.110191,-0.705446,-2.6217852,2.044306,-0.38964498
0.9997807,3.468987,-0.8224127,9.104243,-0.7046261,-2.6194925,2.0368268,-0.3844631
0.98655736,3.4907064,-0.8001467,9.225292,-0.7159835,-2.617643,2.0061266,-0.38564205
0.9241919,3.6619372,-0.83733284,9.035398,-0.70728445,-2.6126945,1.9930124,-0.38919002
0.8350153,3.770956,-0.8437185,9.050083,-0.7655517,-2.6089785,2.0437143,-0.3832007
0.8334604,3.7159557,-0.9044348,9.070387,-0.7588961,-2.5869827,2.0167513,-0.38458163
0.8295559,3.7891705,-0.9234011,9.053654,-0.782488,-2.604911,2.0330229,-0.38105512
0.81277657,3.9900093,-0.9033789,9.0694065,-0.771557,-2.6056972,2.039101,-0.3752423
0.7980169,3.9536252,-0.9184936,9.165232,-0.7721052,-2.6287043,2.0239735,-0.3690516
0.8257803,3.7888744,-0.8489547,9.234938,-0.76393664,-2.64112,2.011448,-0.3634568
0.82944477,3.8860278,-0.8796189,9.137236,-0.73374975,-2.6254773,1.9895077,-0.3645668
0.82599515,3.9003415,-0.8836988,9.168451,-0.7200761,-2.588371,2.0145965,-0.36443365
0.84215975,3.9334626,-0.8304479,9.134357,-0.71081805,-2.5656767,2.0007591,-0.35977048
0.82143843,4.0100527,-0.8516007,9.159028,-0.7080442,-2.5623198,2.0555089,-0.3669001
0.8285798,4.0273204,-0.88911265,9.159065,-0.71007144,-2.5999494,2.0513237,-0.3901821
0.84061533,4.0187116,-0.8349995,9.121586,-0.6959007,-2.5920877,2.0152938,-0.37206694
0.828369,4.022931,-0.8290532,9.156029,-0.68631136,-2.5843883,2.0547185,-0.3717014
0.8348419,3.8958206,-0.7852143,9.326425,-0.6936842,-2.6307797,2.0691662,-0.3816948
0.83437943,3.964652,-0.77900416,9.300473,-0.6899314,-2.6282935,2.0367496,-0.3739974
0.8623936,4.051606,-0.8260914,9.261102,-0.6902015,-2.646002,2.085357,-0.39278477
0.8771355,3.8991833,-0.80857927,9.175209,-0.69048226,-2.6567178,2.042916,-0.40531868
0.93625957,4.2235727,-0.91116846,9.080287,-0.6894773,-2.65381,2.0410478,-0.38729942
0.9120322,4.5135536,-0.9223485,9.025883,-0.72098064,-2.6549654,1.9944744,-0.38369492
0.9035233,4.002661,-0.89847666,9.094768,-0.7140956,-2.6417232,2.0234585,-0.3939234
0.9089887,4.5594854,-0.8227258,9.076252,-0.712464,-2.6600823,2.0133848,-0.3648886
0.92949617,4.2267075,-0.806316,9.112478,-0.7240504,-2.6842287,1.9894619,-0.3528274
0.9268439,4.053687,-0.8073983,9.057981,-0.7438948,-2.6830568,1.9753973,-0.3332862
0.9066635,4.1563635,-0.87831485,9.002012,-0.79388714,-2.6856577,1.9839768,-0.34527826
0.9130049,4.091218,-0.84961337,8.967643,-0.7796339,-2.6702702,2.0114923,-0.3324064
0.8997705,4.2543364,-0.8186691,9.022062,-0.760442,-2.6724787,2.0073545,-0.35387814
0.9115452,5.066445,-0.88936764,9.017967,-0.69615376,-2.6666121,1.9605749,-0.36174238
0.90305895,5.09272,-0.917271,9.104529,-0.69872046,-2.6865413,1.9531379,-0.37285912
0.89495844,4.8595657,-0.9271947,9.093764,-0.6558951,-2.6830194,2.0745182,-0.38692087
0.86037886,4.5166044,-0.9648944,9.112679,-0.6960356,-2.63736,2.0492547,-0.4024369
0.8633332,4.5351477,-0.96517146,9.000889,-0.67469287,-2.6495569,2.0728824,-0.4639704
0.8646873,4.511982,-0.96102095,9.070316,-0.67436385,-2.6052866,2.1011329,-0.40468478
0.8644829,4.5386963,-0.995781,8.983716,-0.7053584,-2.626626,2.1137872,-0.41390544
0.8650593,4.542005,-0.98055184,8.897557,-0.6718638,-2.6135786,2.0486245,-0.3952257
0.8654435,4.725013,-0.91838014,9.014046,-0.6498896,-2.6037521,2.0532935,-0.38722152
0.8885471,4.847122,-0.9480878,9.321735,-0.5575075,-2.6194081,2.0106225,-0.4021788
0.91566074,4.8315754,-0.95741343,9.248064,-0.55988276,-2.625864,2.0028758,-0.40676358
0.9324914,4.288591,-0.8572144,9.28627,-0.60395074,-2.6197147,2.0064006,-0.38640758
0.9400856,4.2864923,-0.8685036,9.268431,-0.626444,-2.615558,1.9943912,-0.36882833
0.96008927,4.17629,-0.87470245,9.244977,-0.58398867,-2.6086237,2.018639,-0.38835472
0.9649917,4.5878344,-0.9070131,9.235565,-0.5481459,-2.6121068,2.0671215,-0.36690077
0.9328363,4.5066776,-0.9394637,9.116825,-0.57968414,-2.6316993,2.0459096,-0.3732658
0.92245346,4.542823,-0.96613747,9.015406,-0.5831598,-2.6429422,2.0399928,-0.39168167
0.9223082,4.0958014,-0.81102556,9.014368,-0.6428431,-2.6280618,2.0470562,-0.39511108
0.9122355,4.132235,-0.7899206,9.261461,-0.6572467,-2.6272788,2.0365715,-0.3671912
0.9177325,4.1870794,-0.83363783,9.240858,-0.6647773,-2.6496077,2.012314,-0.37324965
0.91009605,4.199503,-0.81067073,9.161207,-0.6443279,-2.6310706,2.0443816,-0.37960556
0.90039355,3.9412088,-0.8200078,9.137832,-0.6706102,-2.6277199,2.0701492,-0.39891708
0.9404105,3.9535456,-0.81798005,9.13433,-0.6780865,-2.633255,2.0258162,-0.36619902
0.9476748,4.1748304,-0.7910229,9.117268,-0.66467535,-2.6409693,1.9893882,-0.36370635
0.9591949,4.1926165,-0.80474794,9.157872,-0.64023256,-2.6466982,2.0388238,-0.3663342
0.9639894,4.098261,-0.7691999,9.23542,-0.637789,-2.6420522,2.0120187,-0.37102818
0.9421243,4.164217,-0.754812,9.184322,-0.63835263,-2.646059,2.0848644,-0.3717674
0.9737638,4.0988092,-0.7531998,9.129744,-0.6323645,-2.6354325,2.0765035,-0.3639605
0.9909494,4.097994,-0.7547579,9.158333,-0.61930895,-2.621061,1.9901111,-0.35233104
0.96657455,4.0751467,-0.8477665,9.221481,-0.6179669,-2.6016295,1.9963236,-0.3609485
0.9601466,3.8728874,-0.8522086,9.093264,-0.6205373,-2.576591,1.9756439,-0.36623824
0.9891456,3.7456,-0.736842,9.286304,-0.6101148,-2.577957,1.9815955,-0.36277008
0.99778414,3.8157158,-0.7201245,9.096134,-0.614421,-2.5832796,1.9698277,-0.3545663
0.9993937,3.7310038,-0.718547,9.097162,-0.62275815,-2.58302,1.9530427,-0.35407016
0.99605966,3.5398612,-0.83746016,9.119706,-0.6486299,-2.5534146,2.002082,-0.37942398
1.0003203,3.5919797,-0.8239259,9.011613,-0.653803,-2.5649154,1.977077,-0.37111044
1.0023434,3.5552163,-0.817959,9.009064,-0.65591395,-2.5577102,1.9547169,-0.3638127
1.0173059,3.6583393,-0.82410777,9.005121,-0.6610191,-2.5693543,1.9554965,-0.36841014
0.9976038,3.5594378,-0.8720551,9.010656,-0.7060801,-2.5860624,1.9003594,-0.3681481
0.98546195,3.6079922,-0.86363304,9.057354,-0.7203405,-2.5930097,1.9544637,-0.33323017
0.9908925,3.7373834,-0.9070022,9.049523,-0.7113627,-2.620493,2.0177505,-0.373339
0.9372954,3.6237319,-0.90351754,9.054056,-0.72279215,-2.6216109,2.002989,-0.40908667
0.92900693,3.5729163,-0.8989254,9.108288,-0.68627226,-2.596015,2.059428,-0.4406312
0.94624543,3.4980612,-0.9083982,9.080331,-0.7083777,-2.5831597,2.0489657,-0.41490602
0.9397116,3.5942774,-0.9222327,8.977423,-0.7103281,-2.5719008,2.018372,-0.39460397
0.90633214,3.603424,-0.9884141,9.051151,-0.6959958,-2.5421581,2.034824,-0.4112571
0.894752,3.533752,-0.8941128,9.153667,-0.70171595,-2.5809376,2.005309,-0.41203526
0.90055466,3.534834,-0.91391623,9.132016,-0.73153627,-2.5648794,1.9902263,-0.3896949
0.898484,3.737072,-0.9674361,9.028948,-0.73031306,-2.5718348,2.0390332,-0.40580636
0.8987998,3.6316805,-0.9695526,9.092031,-0.7243067,-2.567884,1.9868183,-0.38902006
0.9221222,3.687698,-0.91302663,9.00804,-0.7362466,-2.585577,2.0017002,-0.3807911
0.92683023,3.602795,-0.9093754,9.016738,-0.74418986,-2.62055,2.0810819,-0.4095811
0.93536544,3.646634,-0.8856014,9.032964,-0.7266029,-2.6265142,2.0387633,-0.40823606
0.95796585,3.6312842,-0.8310223,8.9565935,-0.71987903,-2.612913,2.0297773,-0.39286983
0.95871896,3.6991978,-0.8568241,8.916014,-0.7315588,-2.6119647,2.0275352,-0.3880081
0.96017396,3.7254775,-0.81639534,8.889929,-0.739087,-2.6253557,2.108468,-0.3886425
0.99898773,3.5682154,-0.8276324,8.875051,-0.7406287,-2.6220813,2.05117,-0.39202744
1.0437409,3.4602985,-0.8212648,8.82362,-0.81318676,-2.7819185,2.0797837,-0.3940072
1.0299569,3.4700303,-0.948622,8.813295,-0.8744452,-2.7299988,2.0984035,-0.37952128
1.0435911,3.6017241,-0.90489805,8.736054,-0.8706143,-2.6694982,2.0661926,-0.3783701
1.0363114,3.4422824,-0.95642674,8.670326,-0.84286475,-2.6580079,2.065619,-0.37879986
1.0308028,3.419548,-0.935095,8.702421,-0.9094304,-2.6614594,2.0997438,-0.3945716
0.9793688,3.2412477,-0.88594687,8.704648,-0.9164393,-2.6692855,2.1276858,-0.3994979
0.943545,3.3958907,-0.79226017,8.787178,-0.92898214,-2.708323,2.1646764,-0.37881336
0.9537603,3.1147556,-0.7858821,8.754278,-0.92449427,-2.7053337,2.1757486,-0.37976688
0.94674426,3.2595139,-0.78531367,8.751997,-0.9441073,-2.7144494,2.1831372,-0.36821622
0.9824362,3.461006,-0.8077254,8.776322,-0.923967,-2.7107143,2.142469,-0.37068632
1.0220473,3.166458,-0.8462737,8.778569,-0.9137747,-2.690006,2.123928,-0.38607568
0.9990785,3.180973,-0.8589756,8.783232,-0.89346147,-2.6832123,2.1370487,-0.38640457
0.97016793,3.3053384,-0.8603073,8.825729,-1.0125933,-2.7928789,2.1067665,-0.3838217
0.96228325,3.546216,-0.9388059,8.834997,-1.0480899,-2.8251348,2.2533593,-0.42514974
0.93796945,3.4315772,-0.92783,8.883732,-1.0952499,-2.897086,2.2516289,-0.39561623
0.95381266,3.5243359,-0.80474377,8.941036,-0.9285321,-2.8595042,2.238852,-0.40025702
0.917186,3.4130623,-0.81338805,8.981278,-0.93846524,-2.8152106,2.2598412,-0.39941978
0.9458393,3.4709163,-0.8244275,8.896814,-0.96360517,-2.8877528,2.2551658,-0.40681794
0.9434464,3.3375607,-0.78646004,8.792127,-0.93888617,-2.9619112,2.273144,-0.40002212
0.9757217,3.3329396,-0.7783652,8.840913,-1.0727859,-2.8818965,2.3420346,-0.40571737
0.9950857,3.1471124,-0.8494478,8.79525,-1.0867169,-2.8249876,2.2988148,-0.39366263
0.95604503,3.69175,-0.86484975,8.779852,-1.1060252,-2.8104866,2.2465155,-0.40597528
0.988494,3.4587955,-0.9527546,8.746906,-1.1007888,-2.7865198,2.3009694,-0.4134058
1.0463108,3.2688456,-0.95501953,8.643979,-0.9760399,-2.776021,2.2693772,-0.42705557
1.061347,3.436006,-0.9547932,8.597717,-0.96463466,-2.7055101,2.2871296,-0.44154206
1.0489755,3.1197147,-0.9615986,8.56274,-0.94380724,-2.7061882,2.2886572,-0.45063502
1.0532352,3.1036682,-0.9725322,8.562724,-0.9471719,-2.6125317,2.2775416,-0.4496359
1.0168414,2.979364,-0.9325718,8.598137,-0.9418355,-2.857377,2.2899218,-0.45049882
0.98346317,2.8759868,-0.9227106,8.594332,-0.901513,-2.8489625,2.2755682,-0.45355627
0.9988469,2.9260285,-0.92356086,8.716504,-0.9547781,-2.850794,2.2599223,-0.44745624
0.9907677,2.7349992,-0.9602653,8.613788,-1.0287647,-2.7124045,2.259792,-0.4653243
0.9795282,2.6493998,-0.9505986,8.609774,-1.0481542,-2.717877,2.25139,-0.47772294
0.971114,2.2928264,-0.97364444,8.610561,-1.0431504,-2.7360458,2.186455,-0.46736288
0.985616,2.0509398,-0.9691732,8.546473,-1.0564128,-2.7165337,2.162256,-0.48150626
0.9746693,2.1614568,-0.98559254,8.553459,-1.078933,-2.6960125,2.2320032,-0.4802548
0.98196244,2.1739578,-0.9633635,8.568662,-1.0729978,-2.8025985,2.297351,-0.48870096
0.9680003,2.6212945,-0.9405956,8.618647,-0.8289764,-2.7439792,2.285416,-0.49434057
0.9671204,2.8452735,-0.84945333,8.8337965,-0.8230823,-2.724385,2.284086,-0.49813026
0.9831443,2.8986716,-0.92668986,8.711472,-0.83923733,-2.695829,2.2586658,-0.499293
0.9635177,2.128224,-0.9206532,8.695126,-0.9318745,-2.6871216,2.1544805,-0.49931014
0.95887005,2.2348418,-0.9143281,8.740667,-0.89776266,-2.6755743,2.198324,-0.49480686
0.94650435,2.255479,-0.90963894,8.773342,-0.9059571,-2.8540788,2.1981246,-0.47833994
0.946993,2.2743125,-0.93494093,8.836377,-0.98227453,-2.8347335,2.2390702,-0.4798428
0.93062377,2.6769607,-0.9462411,8.817472,-0.9999875,-2.8161376,2.3169327,-0.4809256
0.9377265,2.8680618,-0.9655923,8.822499,-1.0406073,-2.8379087,2.2978156,-0.47743103
0.9301401,3.0487628,-0.9903513,8.759178,-0.92186904,-2.8106234,2.3254428,-0.47869986
0.89844567,2.9686372,-0.9879692,8.770983,-0.9874207,-2.9072804,2.3184311,-0.48471832
0.8960496,2.7582014,-0.9892149,8.880605,-1.0456014,-2.8559465,2.2647345,-0.4740994
0.8938349,2.989427,-0.9306854,9.245204,-0.9202342,-2.945763,2.1829376,-0.47233915
0.8842305,2.8628917,-0.98678774,9.206411,-0.92247295,-2.9522917,2.221688,-0.47433645
0.88787764,2.909485,-0.92650294,9.200997,-0.9448656,-2.8417058,2.2159677,-0.4671837
0.86045915,2.887289,-0.9454303,9.391383,-0.9473884,-2.8656313,2.1073792,-0.47239807
0.8492496,2.6318989,-0.93720883,9.14732,-0.92466366,-2.798916,2.1617289,-0.4816857
0.81804717,2.6469922,-0.90897685,9.117176,-0.92279184,-2.804017,2.2526991,-0.47836947
0.8190055,2.5916657,-0.8800132,9.163919,-0.92914605,-2.685245,2.260043,-0.47873837
0.8052509,2.6491797,-0.84912187,9.102579,-0.90739405,-2.6843758,2.2648866,-0.49502006
0.80426335,2.7755933,-0.8709209,9.082401,-0.9090984,-2.7206426,2.296328,-0.48906255
0.80409294,2.7954385,-0.8913974,9.167263,-0.9063009,-2.6934323,2.2958088,-0.49409494
0.8029579,2.7214913,-0.89297104,9.127098,-0.9289582,-2.661826,2.2941303,-0.49155083
0.7928359,2.7229471,-0.87692463,9.0124445,-0.91088855,-2.6094832,2.2910364,-0.47883302
0.80432785,3.186431,-0.92686576,9.081599,-0.91306317,-2.6774578,2.2979376,-0.4843101
0.8293146,2.9083662,-0.93854624,9.031168,-0.943648,-2.6549563,2.295768,-0.48127055
0.8243941,3.0044227,-0.98681504,9.123053,-0.90154135,-2.6573224,2.2965224,-0.49759853
0.8051928,3.1446176,-0.95887893,9.122368,-0.9044211,-2.6687932,2.2888632,-0.4947492
0.77833843,3.0685472,-0.9526998,9.130226,-0.92112267,-2.690693,2.2920418,-0.4980992
0.7965112,3.1097574,-0.9855052,9.061897,-0.91619635,-2.6990476,2.2628715,-0.49797425
0.823498,3.425209,-0.99310404,9.055387,-0.91220224,-2.7016258,2.264642,-0.49185765
0.8198701,3.3886728,-0.9787851,8.980848,-0.91269577,-2.6828377,2.1807382,-0.47228202
0.79198015,3.2726724,-0.9719056,9.113514,-0.9064946,-2.6998272,2.1750998,-0.4395333
0.7906436,3.5542634,-0.97602105,9.119022,-0.90726805,-2.7108655,2.158139,-0.45019642
0.791989,3.6652951,-0.984665,9.06474,-0.9098003,-2.7136388,2.2076616,-0.46096578
0.81779844,3.6766968,-0.9889504,9.060501,-0.91267574,-2.7862368,2.1745117,-0.4626262
0.83842796,3.2772698,-0.9930802,9.285807,-0.91122997,-2.772849,2.1408286,-0.47617525
0.8574147,3.3499193,-0.95584625,9.244159,-0.90152526,-2.7556918,2.1451368,-0.4510171
0.86310554,3.3005924,-0.913315,9.298851,-0.8908528,-2.7805114,2.1568043,-0.42562902
0.8736218,3.1421292,-0.86900175,9.308409,-0.89094806,-2.804637,2.1304014,-0.42888102
0.86804223,3.1361237,-0.9355591,9.451801,-0.88862634,-2.9000535,2.1163023,-0.43374008
0.8718246,3.440167,-0.85810435,9.353144,-0.913877,-2.8974562,2.2447743,-0.43089175
0.87733626,3.2619114,-0.751009,9.330514,-0.9043946,-2.8563817,2.244721,-0.4330896
0.905491,2.8659685,-0.6809255,9.388107,-0.8675724,-2.851383,2.1864693,-0.43173134
0.9009962,2.967694,-0.67075056,9.101896,-0.8781638,-2.831622,2.2438695,-0.41945124
0.8879285,3.0437565,-0.6965786,9.263103,-0.88478875,-2.8572924,2.2669117,-0.40919918
0.8842452,3.0109215,-0.717349,9.179491,-0.9539658,-2.8874242,2.263853,-0.4136001
0.88143337,2.9935718,-0.71880114,9.241747,-0.88557804,-2.8575602,2.2326362,-0.41188747
0.90647537,3.1312947,-0.8100827,9.260088,-0.8965906,-2.933206,2.2236707,-0.43157864
0.93061376,3.569262,-0.85891116,9.108178,-0.9200543,-2.928049,2.262688,-0.42790008
0.9025531,3.2491794,-0.8887516,8.891128,-0.8589424,-2.9553714,2.2783022,-0.46254772
0.9703981,3.6286793,-0.9735176,8.871918,-1.0437405,-2.8782043,2.2514477,-0.42985916
0.9821242,3.402732,-0.9562113,8.893728,-1.0203373,-2.970626,2.2499838,-0.44188714
1.0209786,3.1934657,-0.90989125,8.719194,-0.9501091,-2.9571126,2.2988029,-0.45574307
1.0335736,3.2257833,-0.9206311,8.719515,-0.9726068,-2.9869335,2.332298,-0.4754436
1.0237489,3.1320786,-0.926801,8.605209,-0.9808017,-2.978169,2.3071303,-0.4691928
1.0512131,3.4258828,-0.91988945,8.571518,-0.9272436,-2.910387,2.3325334,-0.43375173
1.0931001,3.2060351,-0.70176375,8.493435,-0.96150553,-2.9096107,2.3589737,-0.42568344
1.0866113,3.1824887,-0.827651,8.520498,-0.97239566,-2.9496183,2.3309722,-0.42950308
1.066049,2.8787138,-0.8033587,8.447713,-0.9997989,-2.9341118,2.3110673,-0.409956
1.1512,2.8668551,-0.784302,8.3594265,-0.8754326,-2.9602332,2.4153845,-0.428034
1.1039584,2.848795,-0.78410363,8.414991,-0.7603903,-2.7757905,2.2670896,-0.42712343
1.0953821,2.563664,-0.85824966,8.238119,-0.8035085,-2.8004532,2.1198745,-0.43165496
1.0889587,2.4378693,-0.89379257,8.235686,-0.8308904,-2.6174936,2.1024249,-0.4285193
1.066417,2.6363962,-0.7828408,8.242989,-0.76739204,-2.6017516,2.2253137,-0.43249252
1.0506527,2.8995888,-0.7750434,8.234793,-0.79282856,-2.5764537,2.2365277,-0.4332325
1.0768274,2.918254,-0.81438035,8.168961,-0.7511376,-2.525444,2.2527673,-0.436931
1.0508754,2.9262908,-0.80006486,8.1062155,-0.9203191,-2.5265865,2.3393285,-0.45611537
1.0912254,2.9265213,-0.8031528,8.06982,-0.9263226,-2.511718,2.3143542,-0.4562586
1.0987159,2.9455194,-0.7973677,7.9500575,-0.9663081,-2.5233831,2.335525,-0.4674044
1.0928822,2.8117585,-0.7897377,7.9454427,-0.95077,-2.524236,2.3404245,-0.4778808
1.093181,2.9159856,-0.78207344,7.947206,-1.0040379,-2.506693,2.3634553,-0.46360034
1.0844963,3.29258,-0.8018823,8.005994,-0.9933132,-2.5272512,2.3335319,-0.47636443
1.090026,3.0220852,-0.81663513,8.217111,-0.97768104,-2.6129913,2.366757,-0.47150785
1.0944253,2.8209357,-0.7980338,8.2078705,-1.0811955,-2.6393847,2.3930135,-0.48127827
1.0915883,2.994867,-0.7957577,8.169055,-0.958457,-2.6165416,2.3535886,-0.45692992
1.0981772,2.9507384,-0.8200147,8.228507,-0.8492434,-2.6616342,2.355722,-0.45122588
1.1146137,2.766181,-0.9101904,8.296381,-0.9064131,-2.559245,2.368638,-0.46399578
1.0935904,2.8363993,-0.9398971,8.249804,-0.9221966,-2.734733,2.3637402,-0.46710038
1.0764182,2.7697332,-0.91964716,8.310028,-0.9535017,-2.8848453,2.3794022,-0.45943415
1.097579,3.0423176,-0.9233662,8.0771055,-0.9272195,-2.8732562,2.373345,-0.43974924
1.088317,3.0628939,-0.89189893,8.217634,-0.94292986,-2.8358972,2.3377352,-0.4258291
1.1243347,2.894491,-0.88190156,8.241894,-1.0632975,-2.8379552,2.324033,-0.41903955
1.1163176,3.1890125,-0.84382564,8.260547,-0.91604805,-2.8225696,2.353988,-0.4377122
1.10571,3.078492,-0.9074686,8.269131,-0.91057277,-2.7496057,2.3965793,-0.47167233
1.1130388,2.7691016,-0.8344478,8.413767,-0.99474394,-2.908457,2.3913326,-0.4475792
1.1155996,2.9204125,-0.8070033,8.451339,-1.0716074,-2.8885021,2.371838,-0.43072715
1.0997262,3.0164769,-0.79920655,8.37136,-0.9819517,-2.876822,2.3761368,-0.42383742
1.0887847,3.0326734,-0.6690772,8.390786,-0.74628615,-2.8943515,2.3985467,-0.44219583
1.0780222,3.2014189,-0.69767934,8.417041,-0.75701547,-2.917385,2.3970833,-0.44786143
1.0489769,3.0533624,-0.6918993,8.41881,-0.97793317,-2.765976,2.3516457,-0.44042593
1.0282774,2.9103446,-0.7351787,8.4194355,-0.92755413,-2.8501432,2.3532498,-0.43268314
0.9645481,2.7126431,-0.7597923,8.663,-0.9732032,-2.9328363,2.3385162,-0.43497407
0.9723375,2.8030043,-0.7869624,8.701616,-0.8538989,-2.9373507,2.2759216,-0.4324302
0.96424043,2.6631398,-0.8285403,8.698861,-1.0189853,-2.941378,2.3216388,-0.44657868
0.970129,2.6496525,-0.8342062,8.682425,-0.9607961,-2.7468264,2.3498797,-0.4622572
0.9458405,2.6500506,-0.87478006,8.690561,-0.9426296,-2.8157024,2.2505279,-0.4660078
0.9548621,2.4508317,-0.8520949,8.815137,-0.94326806,-2.8058047,2.258709,-0.46113512
0.96933746,2.3737671,-0.8763584,8.530508,-0.8943176,-2.7836912,2.188436,-0.45470014
0.9871406,2.7646232,-0.974792,8.511643,-0.8881165,-2.900351,2.2272038,-0.46160427
0.9616722,3.1081362,-0.9814275,8.704199,-0.85516727,-2.9518232,2.1358204,-0.45379168
0.9892882,3.1002007,-0.9960125,8.710392,-0.91012466,-2.9495492,2.1308248,-0.43358454
0.96330714,3.263318,-0.97539747,8.815228,-0.91249,-2.9378822,2.135797,-0.445734
0.98259515,3.2881155,-0.9547773,8.854971,-0.8732439,-2.9313788,2.1638265,-0.4191633
0.9572504,3.2249792,-0.9435419,8.920073,-0.8565073,-2.733691,2.0570338,-0.41507128
0.5246192,5.2667165,0.3906957,8.593409,-1.302733,-2.5131097,1.5491698,-0.10824722
0.5088975,5.310214,0.45015073,8.670723,-1.2278899,-2.5216122,1.5621748,-0.11513546
0.5388705,5.1850586,0.40724015,8.619654,-1.1647794,-2.5585706,1.5479705,-0.1010308
0.556286,5.2024183,0.3943293,8.628248,-1.1695852,-2.5493832,1.4940736,-0.1047737
0.5311852,5.1713467,0.39548182,8.651378,-1.1223676,-2.5435884,1.2353635,-0.1383158
0.5374176,5.155018,0.41163826,8.587788,-1.0870745,-2.535527,1.261621,-0.14261624
0.50555754,5.0391793,0.39942443,8.6214,-1.1415172,-2.5667558,1.1889544,-0.14458823
0.52214646,5.097002,0.4299389,8.565178,-1.1419984,-2.5671058,1.296911,-0.1334404
0.5127229,5.2539296,0.42537284,8.607365,-1.1768291,-2.5584254,1.1714981,-0.12947398
0.5098344,4.9280367,0.44039237,8.613559,-1.1691775,-2.5413156,1.1831274,-0.12627009
0.5119896,5.3355827,0.44160676,8.642767,-1.168216,-2.5726297,1.1514533,-0.1394828
0.51644236,5.341344,0.508338,8.615706,-1.1550968,-2.564588,1.2338727,-0.15950033
0.5175141,5.170268,0.4961543,8.676048,-1.1845436,-2.567382,1.266931,-0.17180118
0.5142972,5.1623354,0.513837,8.6612015,-1.1813271,-2.5538435,1.2647433,-0.16130728
0.50390774,5.424985,0.47896135,8.682875,-1.1640608,-2.5466075,1.2255094,-0.15905914
0.5076576,5.365866,0.47211838,8.754297,-1.2022702,-2.5557308,1.3895149,-0.15015781
0.5088919,5.3557215,0.4973433,8.795008,-1.2083381,-2.4810297,1.2548664,-0.1571927
0.50289476,5.1615157,0.41665828,8.827168,-1.2741246,-2.505319,1.2392156,-0.13866678
0.5534701,5.5593634,0.43208408,8.8853655,-1.1857529,-2.4813943,1.2756951,-0.12290421
0.50240356,5.34142,0.4146601,8.890103,-1.216079,-2.4380198,1.2373238,-0.13301498
0.52936333,5.302619,0.45128512,8.838032,-1.2483426,-2.4518824,1.2614768,-0.13152325
0.5073591,5.3861628,0.3950839,8.838284,-1.2214742,-2.4526172,1.1971259,-0.13758355
0.5045796,5.350424,0.39656544,8.858023,-1.149761,-2.456241,1.2220666,-0.13201419
0.50495094,5.3516726,0.35072422,8.882729,-1.1711285,-2.4459713,1.3012097,-0.085570395
0.50344867,5.329588,0.27794826,8.740236,-1.1436926,-2.4618902,1.3879228,-0.08843833
0.5073666,5.3825884,0.30906546,8.724709,-1.1488731,-2.4877787,1.432091,-0.07832199
0.5046452,5.3001366,0.3073752,8.6802845,-1.2323289,-2.5626655,1.3732128,-0.0920549
0.5199426,5.3209887,0.40554357,8.704325,-1.2319074,-2.5627463,1.3877614,-0.09067553
0.61078316,5.42513,0.3251121,8.712818,-1.2183417,-2.491674,1.4492862,-0.08481717
0.5800809,5.395865,0.33334875,8.708565,-1.2720001,-2.4130197,1.4502163,-0.095497906
0.56454283,5.4751763,0.34991658,8.985058,-1.3382522,-2.397552,1.5141716,-0.1089223
0.5072525,5.351677,0.33745205,8.647644,-1.3617187,-2.3894546,1.5248804,-0.12342101
0.5063623,5.3870115,0.34232783,8.879133,-1.3342848,-2.33994,1.498708,-0.10313761
0.5568411,5.434144,0.2491504,8.662659,-1.3174796,-2.341279,1.508668,-0.0971334
0.5164617,5.4633927,0.24203348,8.616909,-1.3662372,-2.3850935,1.4475307,-0.08915451
0.5208299,5.665456,0.29302692,8.593397,-1.4609239,-2.3961399,1.4502666,-0.06742799
0.53609186,5.852193,0.3700111,8.613174,-1.2046777,-2.307238,1.4947035,-0.07492185
0.53733677,5.95698,0.20770454,8.672522,-1.2307911,-2.365707,1.4670632,-0.068861604
0.59024674,6.008007,0.28254175,8.54496,-1.1995137,-2.3713384,1.5026951,-0.060286522
0.5787881,5.9469614,0.24140191,8.597431,-1.1431444,-2.424048,1.4998245,-0.05097717
0.5641227,6.0816894,0.24291408,8.450064,-1.1596148,-2.4619014,1.5005393,-0.039168894
0.5773123,6.0582824,0.24294877,8.539965,-1.1327162,-2.4715893,1.4907799,-0.044463456
0.58306766,5.95744,0.25297904,8.607868,-1.1774971,-2.4035163,1.4591026,-0.06343657
0.50952786,5.856717,0.25564682,8.549877,-1.2191916,-2.3560472,1.479002,-0.060613453
0.5183105,5.9206853,0.34083796,8.467297,-1.323935,-2.3740356,1.5155973,-0.04466039
0.51004463,5.898851,0.30543828,8.402691,-1.4122574,-2.359999,1.4670374,-0.061791718
0.52744186,5.8540955,0.33947754,8.532455,-1.4035947,-2.368113,1.2136831,-0.049984038
0.51862097,5.845796,0.39366138,8.532639,-1.4033347,-2.3613696,1.2990372,-0.038231432
0.5016741,5.8640556,0.44218576,8.526979,-1.4157581,-2.3490553,1.2439425,-0.03673628
0.5141105,5.864072,0.23004186,8.851133,-1.3926845,-2.3624477,1.2075696,-0.015170991
0.51243705,5.8278575,0.23934317,8.838726,-1.4019032,-2.4179623,1.1079111,-0.033850312
0.5156329,5.7527413,0.24923754,8.751969,-1.3810335,-2.427226,1.2004142,-0.03261912
0.5518726,5.8249063,0.18530047,8.614128,-1.4461236,-2.2942314,1.2862604,0.023750305
0.52683973,5.7233877,0.082674265,8.634483,-1.4212917,-2.3102188,1.3014984,0.008596063
0.57136804,5.7690506,0.113316774,8.78463,-1.4468898,-2.2535276,1.344013,-0.015957415
0.64950716,5.6568804,0.13437653,8.812939,-1.4391977,-2.207241,1.3586493,-0.007478237
0.644207,5.6303425,0.09955716,8.610502,-1.4379965,-2.328444,1.3842585,-0.011129022
0.6586965,5.5460386,0.086930275,8.694875,-1.3929651,-2.3553066,1.3938494,-0.002329588
0.67943406,5.6408625,0.092764616,8.730667,-1.312211,-2.4159992,1.3931439,-0.00606668
0.71617657,5.780388,0.0344764,8.608089,-1.3085663,-2.5488148,1.4142404,0.009809077
0.72921574,5.8344293,-0.003418982,8.6377125,-1.3027667,-2.4917564,1.417443,0.018412769
0.72874707,5.8156567,0.0066074133,8.633341,-1.2648761,-2.5266013,1.4423177,0.015250802
0.7240982,5.8453255,0.2315867,8.682358,-1.3000069,-2.4136615,1.472542,-0.026557028
0.69383097,5.877255,0.22556436,9.004468,-1.3116326,-2.2775953,1.4727654,-0.034930795
0.63881063,5.8628974,0.20148861,8.996492,-1.3447328,-2.3105245,1.5240064,-0.03598869
0.6584772,5.61616,0.21718264,9.014238,-1.3583095,-2.289309,1.5115378,-0.0283086
0.639477,5.7144194,0.17625833,9.041271,-1.3550014,-2.214044,1.515971,-0.015566498
0.56522644,5.801239,0.16188002,9.049583,-1.3761384,-2.215169,1.5481663,-0.06417698
0.5675243,5.7570066,0.14148414,9.004795,-1.3693801,-2.1745582,1.5553901,-0.056446075
0.5757077,5.9643283,0.1511693,9.157591,-1.3492069,-2.1479385,1.5168102,-0.044822395
0.57341707,6.031769,0.1388303,9.245449,-1.3222405,-2.1038136,1.4381845,-0.045249462
0.5930424,6.1856837,0.13550925,9.365473,-1.2497165,-2.1138623,1.5125544,-0.06868917
0.56636184,6.325605,0.13797235,9.368113,-1.1639309,-2.2223127,1.5844736,-0.07231596
0.58187616,6.0805016,0.12289429,9.358469,-1.1988913,-2.2084138,1.5840018,-0.074810386
0.5929972,6.222663,0.09692693,9.289808,-1.2043679,-2.2671235,1.5722449,-0.073678344
0.633418,6.1829753,0.016330719,9.33491,-1.1911123,-2.2642403,1.5252106,-0.08704823
0.63354427,6.1332235,0.109513044,9.308426,-1.2171457,-2.276774,1.5085633,-0.0768978
0.6122288,6.32271,0.10313046,8.7848,-1.2232842,-2.3079722,1.6253471,-0.075072944
0.64664996,6.3403835,0.11875749,9.076126,-1.215489,-2.2966666,1.6392272,-0.07953721
0.62283456,6.352579,0.12227249,8.954187,-1.2866359,-2.28096,1.6112416,-0.0695177
0.62384796,6.306941,0.086327314,8.865179,-1.2817035,-2.2708838,1.6294374,-0.07710707
0.60215676,6.139833,0.08088565,8.899285,-1.279466,-2.2485337,1.6385183,-0.08120024
0.6182799,6.11885,0.084326506,8.798502,-1.2454919,-2.2631197,1.6569455,-0.057708114
0.67295086,6.5268254,0.106113315,8.82752,-1.1887656,-2.2804031,1.6121538,-0.047377825
0.6530992,6.504436,-0.024505258,8.53138,-1.2304065,-2.2393525,1.6088288,-0.024306923
0.6241027,6.435837,0.020868182,8.598715,-1.2386403,-2.1237369,1.5112164,-0.03878817
0.6323046,6.4582295,-0.0035042763,8.560305,-1.2357621,-2.1428394,1.540302,-0.027884364
0.63032424,6.3829923,0.02609253,8.652336,-1.3420165,-2.1477718,1.4827795,-0.030470133
0.6273308,6.5208116,0.05774784,8.648452,-1.3344278,-2.1319342,1.4374812,-0.032179117
0.61749214,6.4429092,0.113830924,8.658003,-1.2791288,-2.1428645,1.2936947,-0.018852204
0.6121696,6.3644147,0.037700415,8.646836,-1.2853914,-2.129485,1.299475,-0.008618504
0.6277276,6.4062653,0.047222614,8.595562,-1.2358594,-2.106898,1.3265502,-0.01609525
0.5476548,6.5639367,0.052054167,8.6847105,-1.2466164,-2.1134486,1.3555634,-0.020215303
0.54079324,6.572947,0.074329376,8.724869,-1.2239044,-2.0622125,1.3526919,-0.022470355
0.5590718,6.4999623,0.050220966,8.747173,-1.2826297,-2.1433105,1.3922939,-0.01604107
0.6089161,6.503317,0.06621051,8.725744,-1.2784784,-2.1226158,1.3748662,-0.017643392
0.5684103,6.495935,0.12545109,8.733311,-1.2687461,-2.068627,1.3476384,-0.020439088
0.5648986,6.533394,0.07362068,8.855061,-1.2275904,-2.1157975,1.3553886,-0.010417819
0.5876373,6.4559865,0.085443735,8.876199,-1.177223,-2.112492,1.3862526,-0.011833131
0.61137766,6.553363,0.059886575,8.701208,-1.2240167,-2.1599264,1.3887453,-0.016392648
0.608418,6.545743,0.057759643,8.631172,-1.2456948,-2.1714134,1.4129393,-0.018080652
0.5904436,6.5932345,0.031391263,8.760812,-1.2499034,-2.163089,1.419388,-0.022134721
0.5662785,6.6174364,0.05739498,8.800209,-1.2819949,-2.1594481,1.4186654,-0.033760846
0.54851025,6.560516,0.090245366,8.695246,-1.2880757,-2.1134024,1.4724255,-0.031110078
0.5688451,6.590894,0.15799022,8.667712,-1.3294071,-2.0337858,1.426467,-0.030174732
0.5463437,6.618574,0.038311124,8.444944,-1.3027595,-2.0360856,1.4696591,-0.04283434
0.53902847,6.6215143,0.026723385,8.412281,-1.3348291,-2.035866,1.4604783,-0.040107608
0.55689293,6.630204,0.006520748,8.423887,-1.3495524,-2.106832,1.5448759,-0.05679524
0.5802586,6.6479573,-0.0109785795,9.487839,-1.332567,-2.1099112,1.5216789,-0.056413352
0.51220113,6.615065,-0.061726213,9.175079,-1.3221593,-2.094783,1.5088866,-0.055393934
0.5257954,6.6190233,-0.03676951,8.842041,-1.299053,-2.0968676,1.4672089,-0.047658563
0.5081479,6.68979,0.009363651,8.539718,-1.2612118,-2.0184712,1.3786929,-0.042516768
0.5041475,6.7021613,-0.053077042,8.534729,-1.2842755,-2.0234315,1.3524907,-0.0375275
0.64960754,6.6519046,0.07256508,8.568861,-1.3298564,-2.1109638,1.3734703,-0.043630987
0.6470925,6.6611333,0.05517888,8.766028,-1.3273146,-2.1580386,1.396091,-0.07162362
0.5950405,6.669095,0.07621336,8.777594,-1.3224763,-2.1223645,1.4080341,-0.05700785
0.53505087,6.673935,0.11125553,8.75187,-1.3545222,-2.0693154,1.4166574,-0.05397594
0.53380686,6.6125326,0.04070759,8.684802,-1.2970765,-2.031319,1.3399873,-0.042543888
0.51934505,6.6366405,0.03466332,8.527605,-1.2995036,-2.0694833,1.3959634,-0.037852973
0.5130743,6.664807,0.07562065,8.593521,-1.3017423,-2.071648,1.4088037,-0.064177066
0.5076607,6.634144,0.09157717,8.623045,-1.3505359,-2.0196085,1.3433931,-0.031479865
0.5027973,6.5997825,0.11137831,8.652691,-1.319675,-2.071912,1.5091994,-0.030999959
0.5744279,6.615089,0.08745003,8.764286,-1.2735069,-2.0812998,1.3839581,-0.0361183
0.5887088,6.69022,-0.0010246038,8.743291,-1.323534,-2.1372957,1.2992504,-0.044300795
0.58747464,6.676333,-0.03716314,8.7993,-1.3394378,-1.9627872,1.3124259,-0.034397364
0.55028707,6.6062493,0.1070838,8.636147,-1.3569553,-2.028267,1.3047092,-0.045751512
0.57443845,6.548882,0.09397924,8.896286,-1.3734043,-2.028326,1.4075489,-0.052573144
0.5784369,6.5939307,0.12615919,8.942998,-1.4109747,-2.105025,1.4260585,-0.051098615
0.6035621,6.5952053,0.13754952,8.913633,-1.3968687,-2.1434374,1.4633226,-0.064249665
0.5896213,6.634975,0.13844144,8.959085,-1.3950192,-2.0933976,1.4488428,-0.05437696
0.5607054,6.4958673,0.18696105,9.08264,-1.4661641,-2.0882144,1.4546382,-0.05634415
0.5695375,6.4944534,0.17305565,9.098355,-1.4354988,-2.0991735,1.5187328,-0.057100862
0.57891357,6.6446166,0.16981673,9.0929165,-1.4449277,-2.1202483,1.5162985,-0.04783857
0.60310465,6.6361017,0.16025388,8.950636,-1.4501395,-2.125637,1.5071201,-0.0432249
0.61491376,6.5811443,0.17788792,8.918434,-1.4759347,-2.1260946,1.4665353,-0.044844776
0.57745904,6.572422,0.12941885,8.953913,-1.4487431,-2.1002371,1.4602745,-0.052149713
0.5316533,6.5793104,0.13123167,8.753738,-1.3987068,-1.9539238,1.3841527,-0.049753726
0.53784865,6.5420403,0.061089158,8.750496,-1.3473752,-1.9599097,1.5004904,-0.058210403
0.5073109,6.617754,0.05102229,8.656446,-1.327657,-1.9542898,1.4933696,-0.06031844
0.54044104,6.6411257,-0.06311566,9.041473,-1.3579633,-2.0091677,1.5930674,-0.068173766
0.54864657,6.567361,-0.06638801,8.7612,-1.3961642,-2.0109339,1.6936202,-0.08940825
0.52199465,6.580374,-0.070696354,8.926582,-1.3848858,-2.0115256,1.5692625,-0.07423574
0.57742506,6.605805,-0.02619183,8.73579,-1.3843545,-2.017653,1.549248,-0.06544772
0.5757868,6.602538,-0.0058847666,9.016529,-1.3579872,-1.9974763,1.5288844,-0.088661134
0.58235776,6.582847,-0.03255117,9.104594,-1.3623651,-2.0564127,1.5670078,-0.05358565
0.6052361,6.4376807,-0.21191299,8.745144,-1.3189538,-2.0774941,1.6768498,-0.047840595
0.5014192,6.7491837,-0.21219212,8.783687,-1.4106506,-2.1196108,1.7299037,-0.0594351
0.52206564,6.7876334,-0.2660203,8.876534,-1.4202896,-2.1661823,1.7131479,-0.019129395
0.5057612,6.748229,-0.3073429,8.681255,-1.4217491,-2.1622076,1.7267334,-0.08939019
0.5169805,6.675314,-0.34692228,8.531074,-1.2875481,-2.1093678,1.8095856,-0.08040619
0.5481101,6.7394853,-0.39981484,8.641827,-1.3192241,-2.1088595,1.7434008,-0.10573119
0.55756515,6.7027817,-0.43756658,8.614748,-1.3208909,-2.1281765,1.5289605,-0.10358989
0.5023239,6.6677732,-0.4310583,8.8321495,-1.395464,-2.1015277,1.5415411,-0.09860581
0.50474113,6.6649866,-0.4045735,8.994171,-1.3640621,-2.1200316,1.5516236,-0.11395466
0.5197354,6.6615133,-0.3976602,8.941646,-1.3431985,-2.124734,1.5277019,-0.115550935
0.5355046,6.6708646,-0.5096528,9.043362,-1.3615578,-2.1286867,1.5363824,-0.1387164
0.52413034,6.709243,-0.48513865,8.910942,-1.3651617,-2.1088707,1.5727448,-0.14900208
0.532041,6.7169204,-0.47272015,8.762815,-1.3551685,-2.1072946,1.6467679,-0.14922655
0.562832,6.7309937,-0.5275047,8.685925,-1.3227422,-2.0917335,1.6423821,-0.1670461
0.55863696,6.676884,-0.58699447,8.661177,-1.4150864,-2.1027164,1.5436475,-0.16438279
0.54464394,6.1905518,-0.5908362,9.210159,-1.4774295,-2.0522494,1.5239828,-0.17926934
0.5221327,6.0819607,-0.7112374,9.142401,-1.5311491,-2.0016913,1.5447981,-0.1951322
0.5604913,6.4150248,-0.7275013,8.774496,-1.5205848,-2.0288904,1.5565095,-0.17583266
0.5524039,6.3066926,-0.7767235,9.082187,-1.4144912,-2.0334349,1.4919279,-0.17306745
0.56294584,6.6901336,-0.7345729,9.196564,-1.3929135,-1.9777627,1.4408705,-0.16108006
0.58959633,6.3872247,-0.7418882,9.185598,-1.3907456,-2.0054243,1.4886467,-0.17757821
0.5870536,6.179028,-0.7267658,9.187321,-1.426317,-2.02845,1.5009751,-0.171987
0.60608625,6.1838384,-0.7277533,9.059042,-1.4052981,-2.0504565,1.5188456,-0.18774408
0.6223451,6.233224,-0.6662922,9.064442,-1.4166731,-2.0552747,1.5019145,-0.16394717
0.5928297,6.2864037,-0.72656834,8.97423,-1.3955591,-2.0718782,1.4965308,-0.16879815
0.61439824,6.0744095,-0.72516274,8.89985,-1.4967463,-2.0523467,1.5431919,-0.18989831
0.61903095,6.2685494,-0.7459806,9.207973,-1.5179716,-2.0488963,1.5504642,-0.17509425
0.6229053,6.3055296,-0.7519382,9.256673,-1.5582379,-1.9970168,1.6405463,-0.23374867
0.529667,6.475005,-0.789068,8.965328,-1.4431481,-2.0536053,1.6327972,-0.244338
0.523733,6.27459,-0.75375175,9.045481,-1.7318649,-2.0919132,1.63147,-0.25684285
0.52607685,6.3324475,-0.7174304,9.08773,-1.8032392,-2.1202571,1.5635259,-0.23366994
0.53052837,6.306303,-0.68868136,9.277351,-1.5222602,-2.1081185,1.5432656,-0.20930314
0.5550928,6.307644,-0.65083194,9.2425785,-1.5449367,-2.0771346,1.581151,-0.17906657
0.5226572,6.6084867,-0.66692716,9.253733,-1.6695311,-2.039848,1.5834439,-0.19539961
0.51870054,6.523595,-0.6673336,9.2611065,-1.6841635,-2.069868,1.5298307,-0.1967254
0.5520202,6.4831553,-0.7083163,9.392038,-1.5142624,-2.074345,1.525641,-0.2076717
0.5605135,6.3588476,-0.6361815,9.364808,-1.4854856,-2.066771,1.5403779,-0.18413025
0.54438305,6.6344686,-0.6089024,9.366198,-1.530774,-2.1152587,1.546185,-0.19387779
0.5454372,6.6415124,-0.59430265,9.281273,-1.5985947,-2.3146067,1.552808,-0.20650226
0.5123913,6.5862913,-0.61897624,8.967068,-1.5932155,-2.2328227,1.5514536,-0.2079308
0.51317257,6.592666,-0.5493922,9.282806,-1.7142495,-2.41647,1.5583467,-0.2418803
0.5043988,6.5772867,-0.6355344,9.512775,-1.561401,-2.345504,1.5664806,-0.24553183
0.52010864,6.489661,-0.6596376,9.539892,-1.5825441,-2.3462706,1.4745882,-0.2535913
0.5069584,6.4432297,-0.661286,9.367951,-1.5467948,-2.2759821,1.4737804,-0.24104944
0.5316691,6.3163443,-0.6944112,9.363834,-1.6655269,-2.2863145,1.4779308,-0.23866695
0.5561048,6.3258104,-0.72689456,9.184887,-1.5541431,-2.2422957,1.5284164,-0.24230272
0.54110986,6.2973957,-0.72625375,9.2520485,-1.6203307,-2.172681,1.5602012,-0.24494815
0.55003124,5.9060683,-0.6887076,9.232929,-1.6308869,-2.2594516,1.5220466,-0.23999858
0.53435624,5.9075966,-0.67582464,9.014066,-1.6727794,-2.2958522,1.5817313,-0.27557823
0.527483,6.2766614,-0.7195569,9.405344,-1.792868,-2.3076227,1.5856094,-0.2722414
0.5269186,6.2906494,-0.6984397,9.162134,-1.8483294,-2.3405852,1.5854979,-0.2608046
0.5146642,6.146642,-0.60238886,9.17381,-1.8658612,-2.2893836,1.5470517,-0.24747634
0.5226866,6.119512,-0.6062166,9.4474,-1.9394056,-2.2821994,1.5651917,-0.24419883
0.54816353,6.049349,-0.55718493,9.408184,-1.8873603,-2.5511322,1.503329,-0.22309297
0.548862,6.055263,-0.4938103,9.300491,-1.881921,-2.5375552,1.5384383,-0.21787333
0.53752846,6.0730615,-0.5123081,9.137126,-1.8591483,-2.499528,1.4232492,-0.18779814
0.5444502,5.847779,-0.48423767,9.177753,-1.8234692,-2.4463012,1.4039338,-0.1941294
0.56876016,5.9498634,-0.5310573,9.063238,-1.502975,-2.3596735,1.3877997,-0.18335342
0.5566386,6.3908243,-0.5240446,9.092918,-1.469073,-2.3438227,1.3641849,-0.17841846
0.5420536,6.450377,-0.44785058,9.021334,-1.4672565,-2.3156457,1.4621739,-0.17727232
0.54444444,6.6133685,-0.465554,9.149747,-1.434211,-2.3126662,1.4576979,-0.18327537
0.5240768,6.6434326,-0.5178288,9.311508,-1.4787891,-2.2555504,1.4350498,-0.1528717
0.53717095,6.6291094,-0.4691863,9.276298,-1.4681001,-2.3838658,1.4318233,-0.15446186
0.5331837,6.636577,-0.45733792,9.358202,-1.4360831,-2.435201,1.4125175,-0.16523916
0.51035756,6.668334,-0.43117422,9.333314,-1.4114041,-2.4736881,1.3956451,-0.17437485
0.53359777,6.5785675,-0.36593187,9.148008,-1.4189725,-2.5427008,1.3745539,-0.17466679
0.5576328,6.5629973,-0.36860734,9.235374,-1.3955296,-2.5083735,1.4059265,-0.17617589
0.5314388,6.5621605,-0.40215552,9.098811,-1.4417064,-2.4463587,1.4311204,-0.16990224
0.5264599,6.5581517,-0.3695125,9.263409,-1.4516155,-2.5074444,1.3574741,-0.14651957
0.53481245,6.581964,-0.3393039,9.16554,-1.4619586,-2.4888144,1.3614538,-0.13612175
0.5389564,6.4963284,-0.3342198,8.91859,-1.4900973,-2.496111,1.3669496,-0.117424786
0.50914955,6.6021123,-0.38869792,9.0697,-1.4800065,-2.4142215,1.3930917,-0.12130672
0.50954926,6.5949135,-0.37421608,9.048975,-1.4917245,-2.3927631,1.3797681,-0.11871523
0.5576999,6.5973206,-0.35053682,9.170526,-1.4326293,-2.387187,1.4644186,-0.12431717
0.5358558,6.7097325,-0.33530235,9.104957,-1.4536293,-2.3776953,1.4769835,-0.11111301
0.5298467,6.7220683,-0.39485317,9.303248,-1.5856271,-2.3954208,1.5283337,-0.10556483
0.56642604,6.742433,-0.40533662,9.391746,-1.5961542,-2.4180176,1.5434694,-0.06263316
0.5632271,6.747655,-0.40661025,9.366905,-1.5856841,-2.3743749,1.5679674,-0.11296135
0.5769792,6.747168,-0.40217805,9.141962,-1.5409648,-2.4287124,1.6317108,-0.10634649
0.56440115,6.787875,-0.40475607,9.535801,-1.6158743,-2.3225932,1.6300182,-0.11504409
0.54508936,6.7050734,-0.38169086,9.049713,-1.5381498,-2.393864,1.5140359,-0.11788204
0.5375215,6.7258596,-0.35065854,9.090401,-1.5181412,-2.4239094,1.5637622,-0.1376884
0.56857526,6.6881185,-0.41152513,9.1168375,-1.4451691,-2.3059785,1.6146362,-0.16283056
0.5566956,6.7522473,-0.44108427,9.235716,-1.5133985,-2.300931,1.5827489,-0.15020841
0.5170724,6.791755,-0.44553006,9.404072,-1.536597,-2.3608544,1.591233,-0.18395239
0.5015297,6.9330316,-0.47133803,9.621008,-1.6563276,-2.3374834,1.649317,-0.16253334
0.5000346,6.9770694,-0.5014491,9.214514,-1.6684003,-2.2774754,1.7024822,-0.112909436
0.5000754,6.9609942,-0.55680597,9.026591,-1.7323314,-2.2088664,1.7206931,-0.16262832
0.50039744,6.958108,-0.5219037,9.129804,-1.7108102,-2.1816826,1.7194841,-0.12997323
0.50047,6.935164,-0.45335102,9.461411,-1.7239674,-2.110186,1.73318,-0.14120409
0.5000101,6.90143,-0.47749698,9.552817,-1.6789646,-2.1652184,1.7329595,-0.13346249
0.50001854,6.8684974,-0.53336954,9.440599,-1.6942022,-2.168162,1.7068007,-0.14574343
0.504088,6.9560866,-0.46266282,9.732165,-1.6612241,-2.2912695,1.7775357,-0.16672409
0.5253643,6.911635,-0.52612007,9.727865,-1.6598055,-2.2708626,1.8405969,-0.18815765
0.53047156,6.909693,-0.4790771,9.83681,-1.6137623,-2.2630093,1.78199,-0.21071586
0.52105623,6.8696117,-0.4629234,9.974832,-1.5941161,-2.2693243,1.7437136,-0.21997285
0.5313165,6.8483796,-0.41393137,9.583519,-1.542789,-2.1485043,1.7379444,-0.19312215
0.6781873,6.881967,-0.43258864,9.633699,-1.5757446,-2.0432546,1.7082746,-0.2119753
0.6795579,6.8378263,-0.50950766,9.631293,-1.6350119,-1.835133,1.7088151,-0.2294575
0.72992015,6.782433,-0.4693631,9.636748,-1.7208776,-1.8567636,1.7238498,-0.19132784
0.6829798,6.8956223,-0.44461042,9.452522,-1.7091779,-1.8931803,1.7465703,-0.19705477
0.7957846,7.01777,-0.47525454,9.785704,-1.7859669,-1.8219693,1.7463341,-0.20147237
0.64306676,7.0079865,-0.46560442,9.679541,-1.8913169,-1.8082598,1.7332642,-0.21189779
0.8357651,6.978086,-0.53938043,9.702757,-1.9078636,-1.69223,1.809603,-0.21238184
0.7629229,6.871501,-0.5363421,9.718964,-1.8170853,-1.7381105,1.7654727,-0.17747623
1.3613887,9.113136,1.9731982,3.7741938,1.7418957,-2.522087,1.5709023,0.8631158
1.3329582,8.9674,1.9027991,3.9379647,1.7398906,-2.509038,1.5270777,0.89083385
1.3535205,9.029997,1.9753773,3.975315,1.7628441,-2.5007248,1.5332766,0.89675784
1.384371,8.804285,1.9501083,4.0275507,1.7532065,-2.5045342,1.51036,0.8987843
1.3172839,8.839569,1.9742732,4.203712,1.7425823,-2.4842472,1.5267324,0.90875566
1.3442211,8.787857,1.960161,4.2201967,1.7388616,-2.4524195,1.5763755,0.93654144
1.3505929,8.815659,1.9920712,4.2050533,1.7614264,-2.4631276,1.5966492,0.9458643
1.3379996,8.853338,1.9819105,4.2834716,1.7660272,-2.4914582,1.5852611,0.9492912
1.3749653,8.823612,1.984468,4.264137,1.7537398,-2.5204768,1.5561593,0.95639193
1.3797915,8.534921,1.9848278,4.406125,1.7784185,-2.5424204,1.652879,0.9997952
1.411151,8.564028,1.9962511,4.479356,1.7886417,-2.5346537,1.5570016,0.9997586
1.4022671,8.383777,1.994762,4.2855253,1.7731786,-2.5238764,1.5022018,0.9998164
1.4454105,8.408169,1.9716663,4.3080916,1.7331176,-2.523841,1.5489953,0.9995148
1.4607654,8.812395,1.97524,4.2431107,1.649195,-2.5205092,1.516274,0.9953146
1.4602484,8.706501,1.969315,4.2060566,1.6653309,-2.518497,1.4983606,0.99742484
1.4691944,8.754668,1.9840019,4.176556,1.6927581,-2.514718,1.497931,0.9823173
1.4461439,8.957258,1.9834242,4.2516127,1.6901817,-2.5096316,1.5194895,0.97886944
1.4262381,8.776024,1.9917374,4.789407,1.6828816,-2.5075262,1.5124421,0.99058926
1.4190458,8.720683,1.9575691,4.7162313,1.6772964,-2.4859836,1.5492766,0.9745281
1.4117651,8.813711,1.9678411,4.383211,1.6503122,-2.4601202,1.5469179,0.9747803
1.4151108,8.6912,1.9277039,4.2482295,1.6619558,-2.4742332,1.5720344,0.9671562
1.3987447,8.386103,1.8297987,4.4399652,1.6180382,-2.425558,1.5208225,0.95277476
1.3974618,8.424229,1.8369765,4.318528,1.6640537,-2.4283838,1.36395,0.94026816
1.4127346,8.499594,1.8809259,4.6617227,1.7287948,-2.473576,1.3138549,0.9499364
1.4049578,8.463989,1.9351864,4.139391,1.720427,-2.4760575,1.3707561,0.95076084
1.3598856,8.610676,1.9362555,4.1702724,1.713685,-2.4534907,1.5318909,0.95747364
1.3397841,8.551523,1.9402323,4.1669817,1.7095203,-2.4623454,1.615613,0.98049116
1.2933342,8.609495,1.9449463,3.9900424,1.7323356,-2.4723792,1.6604958,0.9670315
1.2330911,8.667736,1.9311075,3.968885,1.7316039,-2.4689934,1.7123642,0.9760797
1.3230919,8.549509,1.9645317,3.9548829,1.7099395,-2.5162733,1.7101431,0.9947032
1.342888,8.514806,1.956243,3.9710212,1.7092915,-2.53426,1.676018,0.9926214
1.293472,8.507931,1.9362514,4.146418,1.7999289,-2.5692708,1.6735778,0.9903283
1.2981931,8.36293,1.9483528,3.8420258,1.8142381,-2.587982,1.5897317,0.9814788
1.3629665,8.539729,1.9492459,3.7809405,1.7880895,-2.6082413,1.581178,0.98385215
1.2626249,8.336332,1.9093664,3.744752,1.8190672,-2.6267927,1.6417522,0.9693798
1.3126991,8.406315,1.9873123,3.5017037,1.8279269,-2.6183596,1.6894555,0.9610553
1.2158564,8.621017,1.8909001,3.5614939,1.7851532,-2.582262,1.6959612,0.9567766
1.2391167,8.642804,1.8471873,3.5661135,1.7586384,-2.560534,1.6290796,0.9542743
1.2489454,8.636476,1.8510933,3.8578682,1.7610672,-2.549693,1.6175342,0.9606842
1.1994164,8.82453,1.8363724,3.7646887,1.7480247,-2.536178,1.6678507,0.9462069
1.2156856,8.826212,1.8544345,3.7794335,1.7474995,-2.4870882,1.6715372,0.92490625
1.3121051,8.917122,1.8440795,3.6103249,1.7466948,-2.5412765,1.5588427,0.916139
1.2980465,9.137594,1.8272014,3.4102674,1.7416415,-2.5369217,1.5422764,0.83059084
1.298828,8.792448,1.8138738,3.5806222,1.7393794,-2.5417397,1.5025084,0.85572493
1.3113499,8.5654545,1.8141444,3.585047,1.7401891,-2.5690086,1.4663596,0.8166487
1.3496025,8.489868,1.8146808,3.4883041,1.7252872,-2.577186,1.4891524,0.80604935
1.317062,8.441471,1.808857,3.4792914,1.7343855,-2.5601203,1.454715,0.7712202
1.3323717,8.477969,1.7993875,3.498038,1.705513,-2.551887,1.421536,0.7762935
1.3507657,8.475098,1.8372602,3.4235396,1.7086146,-2.5472376,1.5426178,0.85459447
1.3370535,8.440865,1.8282089,3.3728185,1.6892867,-2.5369182,1.5638411,0.80803084
1.3166461,8.281792,1.8531661,3.3088608,1.6903203,-2.5403368,1.5239937,0.813627
1.3187091,8.256475,1.8564746,3.3812022,1.7166812,-2.517551,1.524225,0.8511517
1.349416,8.331421,1.8824344,3.4063663,1.7118852,-2.5244634,1.5150518,0.85406065
1.3533535,8.277343,1.8942771,3.388468,1.7027841,-2.5116994,1.5244613,0.8375089
1.3655076,8.255944,1.894403,3.4622698,1.683408,-2.4607165,1.5270066,0.8714931
1.2875822,8.209152,1.8927321,3.4827058,1.687408,-2.437538,1.582778,0.86345744
1.3120954,8.356483,1.9059114,3.5285416,1.6757016,-2.4017463,1.5907183,0.87616134
1.2631748,8.313099,1.9115918,3.5735502,1.6352644,-2.357377,1.6235545,0.8832514
1.2940788,8.818396,1.9270034,3.6632977,1.6531107,-2.373821,1.6551678,0.9051124
1.2887292,8.813507,1.8957198,3.6724331,1.6479497,-2.377467,1.6145632,0.91162455
1.2769504,8.602357,1.9059563,3.699138,1.7356081,-2.4597015,1.6467922,0.8964976
1.2222581,8.582304,1.914953,3.5361784,1.71998,-2.4692934,1.6623719,0.91148305
1.288517,9.019253,1.9293685,3.4811924,1.709856,-2.4505816,1.6713548,0.8638357
1.3003509,8.621414,1.9145365,3.5234392,1.7197657,-2.4616222,1.6373336,0.87276757
1.3066323,8.780087,1.9154928,3.4010696,1.6912649,-2.458432,1.6429276,0.84666824
1.3258028,8.7508545,1.905973,3.5281262,1.6708953,-2.454132,1.6572297,0.83763754
1.3115895,8.743036,1.8814821,3.4183197,1.6710463,-2.4669592,1.6417851,0.8625022
1.2768842,8.901598,1.8489101,3.533844,1.7045717,-2.493619,1.6379738,0.8752878
1.3352044,8.988235,1.8407307,3.4850237,1.7022519,-2.528137,1.6704237,0.9014275
1.3214444,8.836773,1.8389597,3.539444,1.6782408,-2.5129457,1.6352801,0.91045666
1.2626767,8.853596,1.8373747,3.6183066,1.7037294,-2.491498,1.6192803,0.90694547
1.3490374,8.826984,1.8024621,3.5596821,1.6860952,-2.5059645,1.6258957,0.89923704
1.316936,8.955091,1.8045483,3.3412783,1.6979058,-2.5494144,1.6622672,0.87470865
1.295687,8.660434,1.8143606,3.3231704,1.6946335,-2.5582983,1.6787121,0.8783703
1.3455873,8.708498,1.825099,3.2811823,1.6339211,-2.5361419,1.7662125,0.8794949
1.2796457,8.711494,1.8239458,3.2492657,1.6398339,-2.5283241,1.7629483,0.8673028
1.2691951,8.434919,1.8786705,3.2288322,1.6657352,-2.4677422,1.716826,0.8606149
1.2021325,8.488976,1.8856368,3.219048,1.7020111,-2.5196302,1.7539494,0.817569
1.2016349,8.907803,1.8773832,3.2524211,1.7090521,-2.5772629,1.7988222,0.8625095
1.2173932,8.707743,1.8771751,3.3262062,1.716913,-2.5593207,1.8176403,0.86231065
1.2151839,8.828896,1.8883574,3.3205993,1.7261748,-2.5588455,1.8232992,0.8688866
1.2232451,8.708094,1.8702815,3.2936275,1.7163084,-2.5374749,1.7646892,0.8811822
1.2632893,8.686485,1.863102,3.2862341,1.6768825,-2.5539951,1.8265646,0.86824894
1.2978814,8.750943,1.8976915,3.2746797,1.6649089,-2.519741,1.8029399,0.8631098
1.3241851,8.784999,1.9109342,3.3601422,1.7007947,-2.5097647,1.6989129,0.8637074
1.3025703,8.544811,1.8935959,3.3220837,1.6939392,-2.5145311,1.7281649,0.86887383
1.3089831,8.553858,1.8283811,3.4856899,1.6852989,-2.4730713,1.6140597,0.8234812
1.2859842,8.507902,1.8380029,3.5208125,1.6770835,-2.4895337,1.5975168,0.9052503
1.3436184,8.2915,1.8493893,3.5867853,1.7481244,-2.5262728,1.568639,0.94734895
1.3447659,8.320496,1.8500583,3.731122,1.7353773,-2.5347047,1.5302887,0.94837356
1.2661605,8.862299,1.8437309,3.8279765,1.7327187,-2.49194,1.6540291,0.94881666
1.2955894,8.62369,1.9014354,3.791583,1.7366714,-2.462932,1.6299479,0.9218173
1.2844628,8.629631,1.904171,3.8643072,1.7478273,-2.4664488,1.6227822,0.9329523
1.3106296,8.655701,1.9151938,4.1399584,1.7654436,-2.465838,1.5692549,0.95530295
1.3270128,8.460578,1.9716992,4.467998,1.7681413,-2.4755182,1.5772505,0.974162
1.3550477,8.252613,1.9757667,4.5817747,1.7571781,-2.4350717,1.5554368,0.9647083
1.3534713,8.608158,1.9811442,4.5401673,1.7340839,-2.4404747,1.5272965,0.95504045
1.3360882,8.455311,1.9255185,4.414352,1.6912942,-2.4184985,1.5857236,0.9568062
1.3218478,8.289871,1.9113431,4.5261946,1.7121127,-2.4426687,1.6140451,0.965258
1.3411813,8.544533,1.9142475,4.104602,1.6729028,-2.437664,1.6003993,0.9575913
1.3305285,8.396707,1.8789654,4.2058296,1.624758,-2.4130063,1.6072347,0.9424983
1.3305306,8.304653,1.8844175,4.2583675,1.6951213,-2.4371023,1.6008546,0.9486108
1.2690444,8.806231,1.8787761,4.070749,1.6998501,-2.4134521,1.6330035,0.9489486
1.2438258,8.638359,1.9156578,4.343983,1.7038164,-2.4083908,1.675761,0.96533537
1.2499835,8.598832,1.9443729,4.2346067,1.7653975,-2.446192,1.641681,0.95768046
1.2772341,8.706871,1.9310634,4.2550707,1.8240285,-2.4679742,1.5978172,0.9656904
1.2173612,8.554185,1.9597464,4.041334,1.8129413,-2.4913292,1.7241259,0.975001
1.2420232,9.021276,1.9626355,3.9829724,1.8388793,-2.4949117,1.7130518,0.93858635
1.3144517,8.961856,1.9852486,4.0138,1.814353,-2.5103214,1.6256096,0.9399985
1.3333937,8.917949,1.9810638,3.9253674,1.778971,-2.4954445,1.6268265,0.92734957
1.3374852,9.0344095,1.9527698,3.9546728,1.7599158,-2.488118,1.5952504,0.934517
1.3427359,8.732892,1.9200695,3.9902406,1.7517247,-2.5022812,1.6358109,0.95797133
1.3717365,8.793108,1.8978379,3.990841,1.7751665,-2.5306187,1.5567358,0.9635968
1.3143021,8.875351,1.9094973,4.181472,1.7972305,-2.5174892,1.565633,0.97727036
1.3336277,8.792093,1.9130545,4.736395,1.7945929,-2.5465736,1.5303986,0.97554696
1.296484,8.936168,1.8716066,4.4334702,1.8270149,-2.5254455,1.4358697,0.97324383
1.320139,8.617033,1.8594875,4.438115,1.7874837,-2.5255597,1.4509647,0.97528994
1.3283958,8.788589,1.845717,4.337831,1.7960229,-2.5306995,1.4489996,0.97656083
1.3416214,8.744501,1.8381054,4.411271,1.7945414,-2.540315,1.3979921,0.9683733
1.3527632,8.793293,1.8639145,4.318825,1.7994814,-2.5142748,1.4001029,0.95985675
1.3429666,8.595966,1.8704424,4.2833667,1.8037531,-2.5134099,1.4228292,0.959857
1.3337519,8.560856,1.8691392,4.3415914,1.851341,-2.5938141,1.3835309,0.9634507
1.3592845,8.556799,1.8575394,4.407717,1.8626411,-2.574071,1.3250859,0.96439314
1.3891125,8.49753,1.8791981,4.4886546,1.8548555,-2.5360107,1.2911904,0.9697288
1.3877351,8.3620615,1.9333832,4.38646,1.831877,-2.5440147,1.2860992,0.9740344
1.4115744,8.549818,1.8657761,4.362957,1.8206232,-2.5518758,1.2946122,0.96708155
1.384882,8.762744,1.8381629,4.211053,1.8036203,-2.573646,1.2647521,0.9698039
1.3553514,8.588701,1.8661726,4.238389,1.8323636,-2.5604715,1.2982831,0.91702175
1.3533593,8.5943,1.8289154,4.239834,1.7705286,-2.5548284,1.2942467,0.9157567
1.3470099,8.570915,1.8444078,4.356678,1.780762,-2.555449,1.2936382,0.916435
1.3125665,8.570159,1.8325717,4.332735,1.7972567,-2.5496309,1.3135898,0.91689146
1.3624699,8.562651,1.8467009,4.247926,1.7960589,-2.5553217,1.3335986,0.90996957
1.4035654,8.802933,1.8636765,4.0253725,1.7831614,-2.5366602,1.3263688,0.92086315
1.3847777,8.737954,1.8686059,4.0110245,1.8354177,-2.5577235,1.3189607,0.93286765
1.396348,8.640668,1.853797,3.8847723,1.851341,-2.5847912,1.3298373,0.922315
1.3724914,8.502575,1.8661196,3.9009051,1.8479416,-2.6056638,1.3267078,0.92171764
1.3673373,8.4600525,1.8569214,3.89307,1.8358741,-2.5977194,1.328975,0.9122772
1.370939,8.7511215,1.8283665,3.8581398,1.8086627,-2.5915246,1.3598244,0.9090841
1.420378,8.538826,1.8483305,3.947349,1.8024759,-2.586329,1.3761861,0.93862486
1.3770448,8.6748085,1.8360786,3.967461,1.8110452,-2.5914133,1.4086573,0.9542879
1.3432267,8.669248,1.8454261,4.1401706,1.8131545,-2.5692048,1.4519343,0.94376326
1.2869512,9.010056,1.8732822,4.208214,1.8114479,-2.5510256,1.462918,0.94776046
1.2798777,8.975106,1.925514,4.139339,1.7919166,-2.4956636,1.5486822,0.9477494
1.2813394,8.803543,1.8509588,4.239492,1.7542474,-2.4574928,1.5419714,0.9676125
1.2770891,8.67975,1.853888,4.234615,1.7372,-2.4901836,1.5489366,0.94596565
1.2182746,8.518055,1.8758543,3.879517,1.7125082,-2.4793768,1.6157746,0.93072915
1.2253942,8.545035,1.8002009,3.5592928,1.746743,-2.4496517,1.6779888,0.9440379
1.2046018,8.627849,1.8889384,3.8055055,1.7582815,-2.5095453,1.6748416,0.93335783
1.2063315,8.55077,1.908669,3.8011363,1.7625268,-2.5173388,1.6784229,0.9607463
1.2192962,8.59312,1.9366882,3.921123,1.7993481,-2.5033405,1.6450801,0.9656539
1.2109216,8.662205,1.9278426,3.7603877,1.8053243,-2.5140085,1.7185383,0.9608989
1.2197607,8.895178,1.9383125,3.6439924,1.7801042,-2.537618,1.7630305,0.9381566
1.1988964,8.523542,1.9663706,3.6498742,1.7649276,-2.518554,1.827816,0.9555634
1.1921585,8.514141,1.9650476,3.5640903,1.7942574,-2.57808,1.841183,0.95587754
1.2167506,8.516442,1.9673405,3.7132964,1.823209,-2.5913434,1.8079548,0.97167337
1.2031052,8.577491,1.9262712,3.7222805,1.769084,-2.5657687,1.757488,0.9790697
1.263994,8.687724,1.924052,3.5577571,1.7848659,-2.6165562,1.8033583,0.9845309
1.2020066,8.337183,1.9158282,3.5831616,1.8255448,-2.613336,1.6886578,0.98620677
1.242121,8.2451935,1.9196777,3.2707107,1.8693175,-2.604649,1.80144,0.99312186
1.222272,8.270525,1.8601041,3.459088,1.7856648,-2.5944638,1.8231206,0.9985812
1.2615182,8.528906,1.9175434,3.5495052,1.7561836,-2.568925,1.8225577,0.9909766
1.254453,8.45769,1.9249063,3.5963497,1.7074976,-2.5951872,1.8210175,0.9922843
1.2713461,8.592373,1.9762936,3.6785774,1.7235563,-2.5543928,1.8561962,0.9982691
1.2737777,8.322385,1.8944073,3.705173,1.741219,-2.5567245,1.7456458,0.9889653
1.330046,8.316918,1.9079897,3.6604404,1.7596946,-2.5719018,1.7025974,0.99848735
1.358341,8.331966,1.9975412,3.705269,1.7732775,-2.5442665,1.6825659,0.97500634
1.355265,8.451424,1.9999249,3.7156808,1.7506859,-2.5256681,1.6538494,0.97105706
1.3674657,8.314286,1.9077897,3.6945548,1.7324593,-2.5277338,1.685885,0.97220397
1.2042716,8.308762,1.9643502,3.5971646,1.7937894,-2.512759,1.6607151,0.9360391
1.2448161,8.194372,1.9659727,3.6791382,1.8068309,-2.5408232,1.5909302,0.9496765
1.3076277,8.6038685,1.8924634,3.695033,1.7876971,-2.612624,1.5874712,0.96364653
1.309835,8.360383,1.8981838,3.8098207,1.7966092,-2.5661545,1.5844195,0.9610578
1.4023498,8.39753,1.9230304,3.8168857,1.7511065,-2.566093,1.5253775,0.970353
1.3879918,8.38058,1.9160342,3.96544,1.7492292,-2.5906508,1.5133994,0.98349524
1.3842621,8.376106,1.8861265,3.9992802,1.6932094,-2.5413213,1.5447574,0.9808402
1.3827341,8.632668,1.9067574,3.986547,1.6703084,-2.529131,1.6202147,0.98596144
1.4015446,8.373133,1.9082053,3.8661308,1.6692159,-2.5290504,1.5433605,0.9808886
1.4531367,8.311523,1.8826697,3.8532562,1.6311417,-2.524344,1.3708029,0.96734536
1.4779615,8.22261,1.8847249,3.863635,1.6139321,-2.5317218,1.3420062,0.97962964
1.4481503,8.286961,1.8678348,3.784963,1.6134531,-2.5589638,1.3480873,0.98178196
1.4314489,8.289071,1.8567741,3.8037546,1.5883298,-2.5824528,1.5686653,0.98657155
1.4047756,8.316101,1.8582885,3.711177,1.5791321,-2.5356421,1.60426,0.9893098
1.3978336,8.310612,1.8619661,3.5309234,1.5022817,-2.559292,1.63549,0.97954607
1.4044622,8.3157425,1.8717265,3.5877337,1.6149304,-2.5687754,1.5887306,0.9568633
1.4647633,8.239272,1.8671749,3.7150009,1.5443037,-2.4800866,1.5311687,0.9546529
1.4414481,8.211319,1.8540604,3.6516173,1.5375547,-2.511629,1.5168304,0.9505918
1.4276164,8.237921,1.8577454,3.477382,1.5884855,-2.525488,1.5382335,0.9452598
1.4349289,8.442722,1.8713579,3.6413045,1.6047127,-2.5072205,1.5384383,0.95376086
1.4461085,8.584034,1.855515,3.565401,1.5990133,-2.5052578,1.5522528,0.95156264
1.4571574,8.540882,1.8919516,3.4289331,1.5866351,-2.4844644,1.5240779,0.95765746
1.4463105,8.243352,1.9031119,3.5464215,1.6313581,-2.4588017,1.5786371,0.90824366
1.4368141,8.117017,1.9606905,3.4346304,1.6716557,-2.5457327,1.5815802,0.9230968
1.436635,8.153223,1.9956696,3.4420762,1.6553297,-2.455987,1.61398,0.9367627
1.4020859,8.138947,1.9956775,3.6529427,1.7014,-2.4836679,1.635706,0.96006036
1.3648019,8.469025,1.9940555,3.6614656,1.7211347,-2.4639554,1.6143403,0.9628289
1.331167,8.142746,1.9993217,4.0041523,1.731288,-2.4667082,1.6261606,0.9895686
1.2951734,8.293897,1.9636617,3.9831543,1.7300208,-2.5059586,1.6651392,0.9844544
1.3002759,8.233345,1.9556565,3.9431107,1.7476916,-2.51403,1.6933205,0.97834444
1.3094339,9.135538,1.9972072,4.167321,1.7710202,-2.506515,1.6685169,0.98602915
1.3394654,8.893713,1.9739928,4.5530195,1.7246594,-2.4498901,1.6184554,0.9823139
1.3484904,8.965069,1.9718456,4.2383323,1.6835074,-2.446364,1.6398633,0.9816563
1.3464265,9.315624,1.9363625,4.0023155,1.6620674,-2.4582162,1.5943911,0.9396312
1.314523,9.346411,1.9144788,4.047984,1.6237288,-2.4541404,1.62498,0.9642345
1.2528536,9.248253,1.9426324,4.1229153,1.6433411,-2.4416442,1.6445305,0.967015
1.3500865,9.460459,1.973377,3.8067036,1.6346185,-2.4391804,1.650162,0.97259116
1.3440471,8.194754,1.972126,4.162836,1.6671433,-2.4109344,1.6269188,0.9603243
1.3604207,8.474429,1.9613452,3.7629125,1.6577895,-2.4345405,1.6819034,0.96228004
1.3738097,8.549755,1.9567013,3.705299,1.6665244,-2.4564328,1.6610758,0.95107853
1.3698952,8.604525,1.9315319,3.866036,1.6740904,-2.4629004,1.6211133,0.9659002
1.3751272,8.588839,1.9356008,3.8816805,1.6760132,-2.4565437,1.5997958,0.9524982
1.3837998,8.486082,1.9370041,3.8572714,1.6746428,-2.4529588,1.6227062,0.9670831
1.3766053,8.23218,1.9794452,3.7919178,1.6796384,-2.4600291,1.6056156,0.9695916
1.3945031,8.57098,1.9957485,3.8473387,1.6477957,-2.464946,1.6045058,0.97640634
1.4332032,8.537525,1.964212,3.7511992,1.6421335,-2.4298222,1.5886586,0.9555328
1.4109333,8.2596035,1.938818,3.9329977,1.634732,-2.4154124,1.5030897,0.9575863
1.4019482,8.30636,1.9671025,4.1115704,1.6269503,-2.4031878,1.5484257,0.95913434
1.4119521,8.274099,1.9507017,3.831059,1.6278961,-2.4402509,1.5221446,0.9626548
1.4148171,8.514903,1.9527135,3.808104,1.6280949,-2.4299695,1.5109406,0.9625064
1.3338046,8.633573,1.9152596,3.7456493,1.6229706,-2.4268029,1.6648717,0.96007276
1.3344151,8.118696,1.9228601,3.7383854,1.6229515,-2.3987556,1.676352,0.961805
1.3443482,8.385541,1.9621496,3.6958716,1.6337874,-2.409202,1.6837163,0.9514582
1.3691359,8.212027,1.9624083,3.6135647,1.6427805,-2.448117,1.6822755,0.9517181
1.3618921,8.227075,1.9418895,3.5662217,1.6515372,-2.4503527,1.6770005,0.94302106
1.3408358,8.430991,1.9494061,3.5960755,1.632124,-2.426049,1.7060356,0.9281317
1.3255169,8.446997,1.8891749,3.7967587,1.6280541,-2.3932772,1.6481206,0.94711196
1.3432541,8.445374,1.8886919,3.82163,1.585104,-2.365601,1.6386395,0.93359184
1.3433574,8.779688,1.9175203,4.104418,1.5950954,-2.3610396,1.6159267,0.9596684
1.3361623,8.508865,1.898663,3.948451,1.5733836,-2.3771286,1.7290063,0.9679738
1.3158021,8.336246,1.9527078,4.1052427,1.5867927,-2.3777251,1.6921802,0.97158945
1.3184035,8.441523,1.9520416,4.172119,1.6548555,-2.3896523,1.6933265,0.96906674
1.2850089,8.6396885,1.9615502,4.195495,1.635016,-2.3876483,1.7007782,0.98101914
1.2888825,8.686238,1.9524493,4.3351707,1.6555381,-2.3916626,1.6753812,0.9600884
1.2698102,8.800009,1.8882105,4.203081,1.6484284,-2.387153,1.6695409,0.9555223
1.305271,8.667754,1.8626771,4.188387,1.6110604,-2.3962202,1.7125854,0.9647927
1.3187013,8.574742,1.8760495,3.813939,1.5783017,-2.4115705,1.7183416,0.9686533
1.2928646,8.605675,1.8995938,4.0669107,1.5892768,-2.4170554,1.701108,0.97010493
1.305747,8.484346,1.9015827,4.270852,1.572356,-2.3901145,1.7239511,0.9705484
1.3292098,8.434805,1.8677962,4.239516,1.5648851,-2.3753314,1.6714952,0.9494065
1.3578631,8.425522,1.8290987,3.9661257,1.5471995,-2.375084,1.607907,0.95126915
1.3773361,8.518929,1.8521004,3.8366616,1.556437,-2.3823836,1.633812,0.95497227
1.3618395,8.54616,1.8726594,3.987123,1.5759232,-2.3972795,1.6307788,0.9417126
1.3650428,8.673384,1.8351846,3.8249333,1.5757539,-2.4117444,1.5962212,0.94127417
1.4187317,8.345312,1.8023746,3.6785913,1.5517247,-2.3960097,1.5339935,0.9149555
1.4574187,8.569236,1.7982419,3.6087525,1.5235085,-2.3999174,1.551039,0.9223813
1.4743035,8.577461,1.7512536,3.7059774,1.513849,-2.3889065,1.4040911,0.9187095
1.4756143,8.563364,1.7371686,3.6519537,1.5114462,-2.3893929,1.4682088,0.9107852
1.4860511,8.516207,1.7290847,3.6996357,1.5151668,-2.400619,1.4093168,0.918542
1.4497931,8.463468,1.7641888,3.6052864,1.5056484,-2.4002416,1.4461999,0.8782033
1.4194618,8.418266,1.7364182,3.7407246,1.5075326,-2.352579,1.4439597,0.873211
1.395231,8.431917,1.7357249,3.7982593,1.5271623,-2.3904533,1.4528975,0.8844701
2.66526,3.1229413,0.8131114,6.964155,1.9574044,-1.425794,-0.357974,-0.121944964
2.667125,3.3246317,0.8423567,7.19156,1.9342368,-1.3480258,-0.35681462,-0.13743138
2.7367702,3.1503696,0.836653,7.0243464,1.7847624,-1.2724502,-0.42697757,-0.1805942
2.7830975,3.0331888,0.8167324,7.0700293,1.784771,-1.2818,-0.4197011,-0.1856882
2.7469878,3.0404367,0.8171812,7.0590363,1.8087909,-1.3153648,-0.41995156,-0.179551
2.7586546,2.9973788,0.79503226,7.058214,1.7973814,-1.3009411,-0.43945438,-0.19649029
2.749107,2.9734066,0.78437185,7.0638485,1.7550647,-1.3041483,-0.44262594,-0.2069403
2.7039614,2.95536,0.75788474,7.120011,1.7357483,-1.3357832,-0.45560813,-0.21446168
2.6696255,3.0665421,0.7559097,7.1886415,1.749218,-1.3240303,-0.43914872,-0.19442815
2.635828,2.801341,0.75603473,7.1686587,1.9079654,-1.278397,-0.43387383,-0.20009264
2.6248531,2.888051,0.7464199,7.0553164,1.962584,-1.2631214,-0.4311899,-0.16248474
2.6841671,2.8858132,0.73319376,7.0692205,1.9032803,-1.3635445,-0.43406075,-0.18395016
2.7036922,2.6052668,0.73570645,7.019942,1.9562016,-1.3396064,-0.50240254,-0.18634486
2.648524,2.54548,0.6508846,6.9247923,1.9769027,-1.3194687,-0.47935474,-0.19261071
2.6521842,2.4713686,0.65241563,6.9055505,1.9877074,-1.2856634,-0.47421074,-0.18895191
2.6760008,2.5954256,0.68137264,7.056623,1.9683735,-1.2715197,-0.46813804,-0.19320726
2.6484084,2.5312254,0.69874287,7.1712217,1.7528019,-1.2255396,-0.53186136,-0.20917314
2.556649,2.7028055,0.69365454,7.3163314,1.7756588,-1.2761011,-0.5679616,-0.20645145
2.5970826,2.7506702,0.6772679,7.297808,1.7999349,-1.3493962,-0.5493481,-0.21999055
2.5802712,2.666814,0.73288417,7.309884,1.829035,-1.2479477,-0.53650606,-0.17869219
2.501279,2.6743486,0.71451914,7.331187,1.8109064,-1.3670785,-0.5445255,-0.16074315
2.5050383,2.698759,0.6772214,7.3368278,1.7297828,-1.3645356,-0.5603218,-0.17120737
2.5038564,2.3558486,0.5395111,7.3068285,1.8208182,-1.0649176,-0.5395286,-0.23267749
2.5126572,2.3721247,0.5815563,7.277183,1.8979294,-1.0913515,-0.52969694,-0.2349185
2.5287015,2.4276905,0.5779729,7.2659516,1.7879131,-1.1977825,-0.51516104,-0.19542313
2.5396276,2.3326108,0.6022341,7.1331606,1.88922,-1.2034953,-0.5726892,-0.20403382
2.5474288,2.459796,0.62885237,7.413513,1.9481177,-1.2807043,-0.61791,-0.2171728
2.5804744,2.330882,0.63280606,7.2001886,1.866241,-1.3125591,-0.7215368,-0.23788646
2.5796514,2.2686343,0.58517265,7.1446843,1.8432584,-1.2543452,-0.6480011,-0.22647652
2.5925648,2.1649706,0.56004715,6.953923,1.8338602,-1.2044199,-0.6148393,-0.21542162
2.5859947,2.0759606,0.5261984,7.1095705,1.7049026,-1.2592206,-0.6420398,-0.21300912
2.607097,2.0746114,0.45719004,6.9927926,1.7038856,-1.1519797,-0.64159,-0.22949558
2.6257339,2.113211,0.47828305,6.922523,1.7616911,-1.192356,-0.63669324,-0.2337243
2.6095114,2.0264547,0.46965182,6.8736877,1.7673774,-1.1941584,-0.63207513,-0.21137437
2.5992253,2.0228941,0.47088528,7.0941577,1.7505078,-1.2359159,-0.667157,-0.21142036
2.6133823,2.0024133,0.47612035,7.368585,1.744271,-1.2097499,-0.64263284,-0.23070884
2.5942862,2.001085,0.48070705,7.0368433,1.8030651,-1.1735594,-0.63409084,-0.22110045
2.5962265,2.0000672,0.4867791,7.044468,1.77477,-1.1269923,-0.63750315,-0.22056824
2.5831194,2.135651,0.5852089,6.969,1.8260205,-1.1492739,-0.62375295,-0.19726348
2.5975695,2.129936,0.71069264,6.9604435,1.7085378,-1.1985065,-0.68764925,-0.1968559
2.5185027,2.0515263,0.6825588,7.0136213,1.7673211,-1.2105894,-0.70862436,-0.18393257
2.455144,2.0877,0.7188872,7.0457783,1.711097,-1.0837514,-0.73607993,0.06953466
2.457764,2.0488477,0.68847156,7.0165706,1.7834122,-1.1291059,-0.7364696,-0.0073207617
2.4712088,2.151744,0.59837604,6.9666753,1.7090199,-1.1885809,-0.92883337,-0.124348104
2.4851637,2.1307766,0.57596016,6.9857416,1.7560129,-1.1352355,-0.694559,-0.15034124
2.4852157,2.1311738,0.5806819,7.0296617,1.8468225,-1.2107389,-0.6661701,-0.1267479
2.4597263,2.1727862,0.6391792,7.0053873,1.7299159,-1.1385875,-0.68561,-0.10107085
2.4554358,2.1738856,0.6365757,6.923353,1.6886711,-1.12158,-0.82483727,-0.06568116
2.4585853,2.168676,0.59028125,7.026444,1.7312872,-1.0098784,-0.68989515,-0.06836605
2.4726827,2.1714513,0.57447696,6.824017,1.807498,-1.1310899,-0.60986865,-0.040358245
2.4693856,2.0552022,0.4495139,6.8846264,1.8569825,-1.0669188,-0.6250931,-0.056365848
2.4706633,2.2242584,0.50609326,6.61403,1.9024038,-0.94929385,-0.5293832,-0.062494934
2.4681423,2.1522193,0.39028955,6.7187233,1.8548772,-1.0171113,-0.48921633,-0.07676411
2.4837441,2.1764622,0.5111376,6.9304605,1.8601744,-0.99151325,-0.3274396,-0.089515716
2.4833565,2.1658475,0.26736832,7.0336456,1.8660452,-0.9308076,-0.38467157,-0.096720636
2.4843411,2.13968,0.5389979,7.1518106,1.8455603,-0.97820735,-0.3792752,-0.10356748
2.4786634,2.1326418,0.49083865,7.039737,1.8922174,-1.0833331,-0.45311916,-0.11991212
2.4923377,2.1234727,0.30178928,6.8353124,1.9436381,-1.047143,-0.4783399,-0.1013819
2.5012536,2.156579,0.33881855,6.615841,1.9451315,-1.0428317,-0.44090188,-0.12460169
2.5165884,2.080752,0.56024075,6.6238403,1.9919348,-0.9422648,-0.50687826,-0.13262442
2.4862466,2.0723867,0.55321264,6.9387116,1.9990556,-1.0329306,-0.46382147,-0.11189592
2.4449737,2.4038026,0.49605632,7.059358,1.9878821,-1.1483064,-0.50786304,-0.13809702
2.4282887,2.390369,0.56365514,7.1804175,1.9027946,-0.9094672,-0.40161794,-0.11086452
2.4230423,2.4236865,0.47526598,7.069729,1.8330588,-0.95875764,-0.5349375,-0.10272452
2.4459918,2.4026651,0.4682001,6.903679,1.8732731,-0.8924694,-0.36513793,-0.10391596
2.450099,2.4031696,0.45969224,6.8088384,1.8300736,-0.94332266,-0.42818987,-0.0897581
2.4144564,2.6156154,0.4341601,6.810283,1.7586391,-0.8330996,-0.8245677,-0.07804716
2.4387026,2.0701368,0.44932938,7.032405,1.7427108,-0.9628532,-0.81243503,-0.10440269
2.4299965,2.429248,0.46513999,7.0343323,1.8503163,-1.0463973,-0.47457308,-0.120153785
2.455296,2.330297,0.46376872,6.9100327,1.8503251,-0.8743663,-0.5585137,-0.11682546
2.4538765,2.2636833,0.466756,6.8322525,1.8489075,-0.6506686,-0.08962834,-0.12640095
2.4330208,2.123496,0.4832363,6.848923,1.7974377,-0.8045232,-0.049698472,-0.09713033
2.444538,2.111774,0.49076605,6.850642,1.8118756,-0.8018141,-0.08571428,-0.10347533
2.4440627,2.1648133,0.5620382,6.8070784,1.8149531,-0.860538,-0.08412379,-0.10895726
2.4601533,2.1917307,0.44192433,6.8419704,1.8593075,-0.8494663,-0.08895731,-0.12250465
2.465568,2.155472,0.5986581,6.764984,1.8771994,-0.8814974,-0.047507644,-0.12739688
2.461781,2.1985843,0.5918546,6.8234234,1.8234439,-0.8864641,-0.023375452,-0.14068508
2.4613233,2.3302286,0.69327116,6.8588796,1.6673532,-0.888227,-0.020410717,-0.13144055
2.4539804,2.2582521,0.6788862,6.916997,1.6743479,-0.87457705,-0.008114457,-0.13411361
2.4563785,2.3230925,0.7649815,6.9189224,1.7271886,-0.89527655,-0.052714407,-0.1262899
2.4612632,2.3935878,0.66231966,6.928522,1.6298568,-0.8898678,-0.18739241,-0.117411405
2.4623742,2.3929343,0.7277026,6.931294,1.6338868,-0.88356733,-0.1314677,-0.13024804
2.4591033,2.2917898,0.5453274,6.931877,1.5413301,-0.7648535,-0.08751297,-0.12712511
2.4386215,2.2255797,0.5294106,6.946729,1.6550949,-0.82692003,-0.071143806,-0.1095646
2.4326859,2.1523588,0.48625684,6.9755025,1.7111843,-0.8108721,-0.061404407,-0.10609031
2.4045548,2.2122684,0.5571811,6.9435854,1.7474012,-0.7956631,0.00968051,-0.13950017
2.405274,2.334028,0.5532217,6.9736977,1.7229762,-0.66964436,0.03852558,-0.13928378
2.4039001,2.3912106,0.57312846,7.005172,1.5729764,-0.779253,0.0034362078,-0.12398553
2.3947957,2.266338,0.53833234,6.909253,1.6301985,-0.6870055,-0.0040093064,-0.09416032
2.383277,2.1664252,0.63201475,6.87541,1.6251469,-0.6577854,-0.043730676,-0.09425628
2.4050574,2.1702375,0.60024416,6.8583736,1.6117425,-0.58561015,-0.1630035,-0.07943097
2.4000466,2.1656804,0.7133955,6.822511,1.6142046,-0.64360833,-0.1777556,-0.08659625
2.4330735,2.14593,0.38467908,6.702728,1.8395481,-0.6677668,-0.19718343,-0.08198121
2.4393084,2.2418382,0.3743143,6.7147493,1.8004506,-0.6788416,-0.19974524,-0.051461995
2.4408197,2.247312,0.44422686,6.6619554,1.9714937,-0.8135166,-0.18542653,-0.051587462
2.4406555,2.1549268,0.41616464,6.640192,1.9518418,-0.83847666,-0.13641548,-0.030785978
2.4639316,2.126071,0.43877506,6.540257,1.983257,-0.81493115,-0.06478399,-0.07813305
2.4798017,2.1031287,0.4210645,6.687869,1.9985704,-0.73453546,-0.24790955,-0.07710099
2.4783459,2.0875134,0.5295429,6.694689,1.9077051,-0.86512804,-0.17244917,-0.062257826
2.444038,2.0357366,0.5181825,6.7427855,1.8669417,-0.87476873,-0.119776785,-0.07158989
2.4411392,2.3573277,0.55021024,6.7750874,1.8661928,-0.8598442,-0.1219762,-0.09143776
2.4469237,2.2791586,0.66333485,6.756136,1.875411,-0.82728887,-0.11789358,-0.105210006
2.431478,2.0597687,0.6190611,6.4660816,1.9445899,-0.8571656,-0.009218037,-0.0919826
2.4445486,2.1155038,0.48037887,6.6444354,1.9497883,-0.7525692,-0.049832046,-0.096201
2.4437387,2.2458959,0.642951,6.637542,1.9168956,-0.7772913,-0.12400985,-0.08836898
2.4492311,2.0149236,0.4849999,6.71496,1.9286115,-0.69728374,-0.1352368,-0.10000825
2.4553158,2.0047164,0.5769683,6.6773586,1.9144018,-0.855669,-0.12293035,-0.072814584
2.4442873,2.0625744,0.5193558,6.6979427,1.9391196,-0.8414669,-0.096257746,-0.064021945
2.4445207,2.0769315,0.57499313,6.675173,1.9229007,-0.77172875,-0.10575867,-0.088143885
2.4376543,2.2048445,0.50983834,6.6145267,1.9294844,-0.78611803,-0.036034048,-0.07197738
2.439972,2.046926,0.5297142,6.7134504,1.8961132,-0.8511591,-0.046258986,-0.07463437
2.4539487,2.006953,0.51425695,6.662101,1.8720617,-0.7026274,-0.045438766,-0.09468073
2.45755,2.1235507,0.5345478,6.7160954,1.8495595,-0.78566504,-0.10907835,-0.10797143
2.4494834,2.1023896,0.560202,6.6245427,1.8049984,-0.6170645,0.029822826,-0.12516749
2.4394593,2.3976579,0.6520115,6.5222015,1.6013534,-0.66878295,0.10605466,-0.13736835
2.4582093,2.3306375,0.47974443,6.572455,1.8306236,-0.8980446,0.07460153,-0.14296246
2.454535,2.3396301,0.4890399,6.520213,1.3915555,-0.92336965,0.089939475,-0.13789755
2.4647934,2.002654,0.45518446,6.4979267,1.6930654,-0.93013287,0.21500826,-0.1278035
2.4562268,2.0004919,0.2487508,6.414178,1.708224,-0.88335824,0.17925763,-0.12783039
2.4288216,2.0010924,0.2597767,6.3534393,1.7219005,-0.8680079,0.17956305,-0.14036402
2.447606,2.0042336,0.23462665,6.3733034,1.7508001,-0.8436179,0.11839223,-0.14606622
2.474557,2.1655836,0.26659584,6.671114,1.7652378,-0.8420589,0.1363765,-0.16271538
2.495839,2.1081471,0.22320378,6.535536,1.8294394,-0.88771296,0.1913315,-0.16701853
2.4887455,2.2727973,0.28034294,5.983247,1.8466711,-0.89847445,0.2275697,-0.18022358
2.5051148,2.0208259,0.2742672,5.8795424,1.8133278,-0.8934789,0.24122727,-0.17152244
2.4976225,2.01927,0.30956018,6.007001,1.8608909,-0.925436,0.21152794,-0.16599193
2.4941554,2.0490007,0.23108506,6.072427,1.7049537,-0.93825483,0.2406801,-0.16013438
2.5056958,2.014906,0.19804811,6.245603,1.6923363,-0.9191961,0.09102595,-0.16247755
2.4946718,2.0098476,0.19921434,6.3600087,1.6735592,-0.88645434,0.1263485,-0.16864014
2.5076513,2.1667309,0.347309,6.296234,1.7829459,-0.7816105,0.12558866,-0.17616573
2.5438623,2.2337043,0.4628235,6.422963,1.55095,-0.7825146,0.07852042,-0.19201922
2.5213594,2.215138,0.43416882,7.0891857,1.587177,-0.887135,0.07020259,-0.19133282
2.4942842,2.2157755,0.43072987,7.1642866,1.59853,-0.8467076,0.080195546,-0.1937994
2.5044694,2.227872,0.43223274,7.1899123,1.637816,-0.85570884,0.09812176,-0.20576572
2.5208976,2.13156,0.4086764,7.172818,1.5842502,-0.84140134,0.10409844,-0.20948118
2.5102973,2.0935042,0.38958347,7.1785736,1.5114605,-0.845798,0.145123,-0.18834728
2.511379,2.1085818,0.38890827,6.27356,1.6244147,-0.8024447,0.118349195,-0.18666908
2.4439569,2.0915413,0.5311755,6.4933567,1.7260594,-0.83093333,0.11164057,-0.14708397
2.494578,2.0803583,0.45198512,6.874255,1.374501,-0.820971,0.2186104,-0.15965158
2.4959774,2.02135,0.47227585,6.8322496,1.4922993,-0.83523226,0.14253616,-0.14113915
2.4931407,2.0081353,0.49783444,6.6442285,1.587085,-0.8362975,0.13875866,-0.16537982
2.4919357,2.131454,0.5047082,6.7070203,1.3594449,-0.75478053,0.09550917,-0.18494913
2.517141,2.1393113,0.4789623,6.981929,1.4957387,-0.7900939,0.046791196,-0.19833434
2.5424786,2.1317356,0.48276758,6.9239836,1.4878514,-0.77952313,-0.06953937,-0.19872585
2.5361843,2.0768328,0.5326531,6.942047,1.5023437,-0.74967265,-0.09143728,-0.19996321
2.5199823,2.103848,0.48781145,6.900384,1.5067236,-0.6227336,0.07130623,-0.18190184
2.5078535,2.0639148,0.52609086,6.4358563,1.7951012,-0.6680434,0.1212486,-0.13994548
2.5099924,2.1225078,0.42220426,6.427971,1.8758206,-0.70944834,0.14293349,-0.1621018
2.5006208,2.1237702,0.3905728,6.776079,1.4570451,-0.702291,0.11135185,-0.14576179
2.488866,2.0487275,0.4289999,6.8652487,1.5892053,-0.7397795,0.10051477,-0.14248821
2.48314,2.023103,0.35527408,6.8930836,1.5351567,-0.73511004,0.16421199,-0.1265781
2.4912758,2.001868,0.34836698,6.9234233,1.5901799,-0.6390128,0.20402789,-0.15083787
2.4736114,2.0019336,0.40941262,6.683696,1.494225,-0.70816684,0.19963431,-0.15062568
2.4568264,2.0347154,0.40378475,6.3821936,1.6596138,-0.7775042,0.16924226,-0.14997041
2.457242,2.1503563,0.36171126,6.0617375,1.5789249,-0.80843353,0.17355704,-0.08803567
2.4353476,2.1588614,0.41844916,6.105386,1.7770011,-0.7892637,0.19437015,-0.112906635
2.397162,2.0152864,0.29307842,6.30457,1.7585456,-0.8650584,0.17922318,-0.09295845
2.4607723,2.0149279,0.32188535,6.2813234,1.750195,-0.8738291,0.10605502,-0.1366694
2.4506595,2.0611477,0.55172765,6.2661343,1.8556166,-0.7827635,0.098956704,-0.13539341
2.468843,2.094109,0.4756409,6.146929,1.793895,-0.8036885,0.19080698,-0.12341601
2.469355,2.0925431,0.5068047,6.131496,1.6756387,-0.79157686,0.21989381,-0.120428026
2.4564486,2.2954283,0.5051353,6.0580664,1.7203641,-0.73831654,0.26740468,-0.12159103
2.461339,2.1313481,0.5090234,6.0779,1.8558257,-0.7013807,0.2134614,-0.107494354
2.4392037,2.2204096,0.6139233,6.084715,1.9026666,-0.7115691,0.12837958,-0.1158939
2.4790356,2.2788424,0.60355437,6.286842,1.8156581,-0.58100843,0.12158513,-0.1158337
2.4598808,2.221234,0.6056558,6.255555,1.5566816,-0.49804783,0.08262169,-0.11947769
2.4599206,2.2136905,0.6054239,6.349378,1.5190871,-0.56522155,0.12245715,-0.11901218
2.4418821,2.1158223,0.60419273,6.3567123,1.5003946,-0.581707,0.13396525,-0.12939376
2.454478,2.004648,0.50810266,6.2694063,1.5056374,-0.5392568,0.02692461,-0.1012243
2.4441214,2.4978287,0.54370964,6.2101336,1.3049657,-0.46125412,0.0036777258,-0.10348573
2.4224858,2.1429405,0.5723517,6.2133393,1.2104511,-0.41065836,0.013374448,-0.09136695
2.4369473,2.2337306,0.51579356,6.1788683,1.2220838,-0.4349897,-0.001803577,-0.08500737
2.4326794,2.101533,0.4681692,6.0674458,1.2782099,-0.37955523,-0.1457957,-0.07735279
2.499804,2.204838,0.467206,6.123448,1.3001122,-0.40097737,-0.13511544,-0.09045881
2.4754722,2.2172852,0.5178704,6.1042166,1.3982162,-0.39703465,-0.101728916,-0.090326846
2.4869888,2.2389145,0.41373897,6.153575,1.3590496,-0.33559465,-0.09419513,-0.101700604
2.488331,2.0932899,0.4683714,6.130095,1.3990421,-0.3221891,-0.23150921,-0.10921514
2.446238,2.0255682,0.5764396,6.4846053,1.3534837,-0.42185426,0.028377056,-0.13604897
2.464823,2.1406174,0.50784385,6.5637655,1.3926704,-0.4559207,-0.06714159,-0.14098763
2.4619033,2.0837345,0.48093796,6.6586294,1.6330528,-0.5096116,-0.091738105,-0.11687255
2.482501,2.1078358,0.51951504,6.6295285,1.6852555,-0.5302768,-0.0022948384,-0.13930216
2.467564,2.128021,0.5251043,6.5676203,1.703238,-0.45864153,-0.0582186,-0.13708764
2.4889235,2.1791925,0.4920386,6.161252,1.6814864,-0.49031067,0.018414974,-0.13307035
2.5165856,2.1094842,0.4991343,6.266303,1.6633687,-0.4890051,-0.0026706457,-0.13671929
2.5068755,2.06489,0.4929825,6.384058,1.9688232,-0.60293984,-0.09280002,-0.15182266
2.4991827,2.1516244,0.59062123,6.2911315,1.9671087,-0.54290056,0.09995508,-0.14566836
2.5213196,2.1404953,0.5081687,6.2707014,1.9817166,-0.6080048,0.061261415,-0.14529079
2.5273771,2.3016052,0.5540061,6.191546,1.7302995,-0.6120937,0.021619081,-0.13487989
2.5023134,2.4422085,0.56564045,6.091767,1.8760757,-0.53842545,0.0053696632,-0.14036673
2.5139253,2.4669323,0.58326054,6.1436224,1.8652899,-0.5590544,-0.016728818,-0.15761256
2.5155919,2.0584846,0.51222825,6.1350513,1.6950257,-0.4590392,0.039664865,-0.14015198
2.4945698,2.0948045,0.57179284,6.161743,1.6852794,-0.4557762,0.017653704,-0.12823313
2.508625,2.0519156,0.58854866,6.0803156,1.6866598,-0.44076848,0.0047801733,-0.13027868
2.5001767,2.444153,0.55703485,6.1084914,1.6177547,-0.5658698,0.20690942,-0.1406892
2.4635458,2.2049608,0.58712316,6.0719643,1.8008788,-0.63342714,0.28222334,-0.121223986
2.5227945,2.04833,0.5456109,6.079921,1.9614377,-0.59683466,0.035986543,-0.12094623
2.5120986,2.393174,0.5917506,6.3227835,1.7703664,-0.52280426,-0.17088431,-0.1302135
2.5065134,2.0414345,0.612165,6.4325333,1.6551614,-0.6013236,-0.02900052,-0.13751039
2.4830656,2.0151622,0.50456333,6.2961035,1.4331534,-0.45057344,-0.07195318,-0.11504215
2.475254,2.1776724,0.549793,6.1235313,1.7002718,-0.45649862,-0.020184517,-0.12095827
2.4504602,2.1580772,0.51245284,6.1224127,1.8030763,-0.41909027,-0.1552999,-0.12612706
2.4744358,2.095616,0.508229,6.047082,1.6030719,-0.4050603,-0.18744689,-0.12724721
2.4647162,2.0494978,0.590636,6.5480976,1.7906857,-0.4322343,-0.19811076,-0.1289117
2.502587,2.041572,0.5578201,6.3805075,1.6266961,-0.45758867,-0.17819887,-0.11694223
2.498342,2.0084643,0.5369115,6.193187,1.7010434,-0.45731902,-0.209378,-0.1080879
2.5123885,2.0338857,0.58674836,6.184457,1.726006,-0.47110415,-0.23918462,-0.10470712
2.5616136,2.2793949,0.6351036,6.1895266,1.6358438,-0.4857297,-0.2544741,-0.13197663
2.537624,2.2475147,0.62628233,6.2214146,1.7520957,-0.5466187,-0.45650983,-0.12902611
2.5473897,2.209423,0.5730982,6.567973,1.6544535,-0.6000247,-0.6445538,-0.14478901
2.5437362,2.1258633,0.42310667,6.6252413,1.8140066,-0.76146173,-0.63450146,-0.14064509
2.5682454,2.022209,0.34205902,6.4850245,1.8126891,-0.74999666,-0.6823231,-0.16200325
2.5763495,2.029098,0.35226738,6.7251496,1.7091975,-0.69641495,-0.70027447,-0.18151462
2.567618,2.0811431,0.37820208,6.70694,1.8275225,-0.81643367,-0.5863645,-0.20664066
2.5668328,2.0758252,0.3469628,6.9205875,1.597039,-0.7590499,-0.5786688,-0.20709327
2.5674012,2.1399558,0.26658964,6.9944057,1.7511599,-0.8090575,-0.4591378,-0.19589362
2.5638819,2.2156837,0.30792665,6.926607,1.7474458,-0.77610445,-0.50321794,-0.19429329
2.5583413,2.188978,0.32329655,6.9381485,1.7900176,-0.8280122,-0.5002718,-0.20056042
2.529642,2.1996317,0.27261424,6.945777,1.7852311,-0.84262204,-0.5037474,-0.1680536
2.5328386,2.2824247,0.2773199,6.83651,1.8052039,-0.80502415,-0.25001955,-0.14670953
2.528819,2.2522898,0.41153574,6.789835,1.9215546,-0.91297793,-0.31185663,-0.18290702
2.5120385,2.3183684,0.57054925,6.8279605,1.9970996,-0.8939676,-0.4153993,-0.1747168
2.5080338,2.3800828,0.614869,6.8788958,1.9420938,-0.92632246,-0.36749786,-0.1545358
2.515951,2.3329027,0.658432,6.876463,1.952054,-0.912236,-0.36622626,-0.1584701
2.5243642,2.439439,0.6646683,6.853465,1.8443363,-0.9359393,-0.21432811,-0.16311881
2.5257046,2.28273,0.5982046,6.8340592,1.7608576,-0.89442205,-0.22532243,-0.15947437
2.5094273,2.3522415,0.65603614,6.794117,1.8066812,-0.8746686,-0.324179,-0.14064258
2.5108337,2.3262842,0.5461688,6.755367,1.9163618,-0.7592528,-0.3136704,-0.15947199
2.5150251,2.3001065,0.51091504,6.7908144,1.8968515,-0.82807446,-0.31918222,-0.14230719
2.5140638,2.292121,0.5727606,6.754338,1.9139378,-0.81014967,-0.28482896,-0.14786378
2.5050862,2.291219,0.47132707,6.706556,1.9742761,-0.88639235,-0.12770611,-0.139862
2.5172145,2.2641616,0.6205156,6.71047,1.9528134,-0.892807,-0.13486809,-0.15758604
2.526241,2.2464373,0.4623809,6.6821046,1.9424245,-0.83234215,-0.13535792,-0.16233101
2.528026,2.19392,0.43307817,6.770963,1.9553978,-0.7404933,-0.2887978,-0.14092505
2.5395648,2.118589,0.36506796,6.6957817,1.9508572,-0.7635851,-0.15977609,-0.13145202
2.5233483,2.334849,0.25360465,6.7411313,1.9386477,-0.82295513,-0.24953538,-0.1387696
2.5088878,2.332094,0.4031756,6.787246,1.943754,-0.87493014,-0.11766422,-0.15103006
2.4967508,2.4149656,0.29538584,6.946542,1.9541795,-0.83049583,-0.31877708,-0.16537857
2.4861858,2.377653,0.3394723,7.0096536,1.8317094,-0.81481314,-0.10814434,-0.16859835
2.4869518,2.2455719,0.3168553,6.9987707,1.8308375,-0.6968298,-0.095131695,-0.16490719
2.5017152,2.2060697,0.35134435,6.9850874,1.7662313,-0.6962559,-0.14117724,-0.15585735
2.5101678,2.2904053,0.39818585,7.0340595,1.7689464,-0.7888212,-0.47770214,-0.17040831
2.5069127,2.1954887,0.34358335,7.0768886,1.7319541,-0.63480735,-0.13943684,-0.19926327
2.5004406,2.266283,0.366516,7.0607567,1.7317927,-0.6807027,-0.12536258,-0.18248731
2.495925,2.2359574,0.37484956,7.069642,1.7203269,-0.6637292,-0.16079092,-0.15511161
2.4950452,2.1206481,0.34746134,7.0122547,1.7761221,-0.6189692,-0.084099114,-0.1588242
2.481142,2.054217,0.3062203,7.0732102,1.7298915,-0.6602752,-0.0007349849,-0.15846086
2.4854531,2.0998836,0.31298578,7.0807276,1.705745,-0.7751951,0.0065869093,-0.1596281
2.4760141,2.067268,0.35335958,7.06248,1.7118399,-0.73770785,-0.083164334,-0.09618986
2.487448,2.0377102,0.35457194,7.070142,1.7194123,-0.7466707,-0.13829923,-0.09705782
2.4676366,2.0327442,0.37740707,7.0301456,1.7703137,-0.7383764,-0.08929473,-0.1427359
2.1612113,9.27697,-0.7556584,7.360697,1.4751759,-0.0034923553,1.9732864,-0.4360641
2.2464733,9.286507,-0.7595238,7.381663,1.4558897,-0.019655466,2.088391,-0.45868158
2.2444444,9.463959,-0.71468604,7.321265,1.4836423,-0.0024456978,2.0885715,-0.42074883
2.2630033,9.587488,-0.69886744,7.328846,1.4721339,-0.0048263073,2.1085727,-0.41981736
2.3438244,9.587698,-0.6969136,7.9788446,1.4382913,-0.05377555,2.143403,-0.42542058
2.3352954,9.409546,-0.6984309,8.1499,1.4428022,-0.039494276,2.1798701,-0.42745635
2.4704325,9.328322,-0.715317,7.3515964,1.4457152,-0.030578136,2.1631992,-0.42670238
2.3178194,9.568243,-0.71399665,7.5111394,1.4677086,-0.02610612,2.1584816,-0.43129098
2.3204126,9.7907715,-0.70581347,7.1339455,1.4642992,-0.05112481,2.1736763,-0.4399023
2.329915,9.818194,-0.7114936,7.017645,1.4360378,-0.009144783,2.1638632,-0.44961855
2.3237848,9.665644,-0.74026084,7.2540603,1.429328,-0.06255221,2.1716468,-0.44795468
2.3541183,9.709214,-0.7235078,7.199846,1.4371786,-0.021474838,2.1772788,-0.4461577
2.376464,9.617416,-0.7137569,7.4659066,1.482867,-0.01172328,2.1549544,-0.4453536
2.301432,9.558714,-0.715798,7.9704256,1.4739561,-0.0017876625,2.1674738,-0.441481
2.3190832,9.614909,-0.7141943,6.9842405,1.4797456,-0.0012271404,2.1128592,-0.44202712
2.388937,9.71827,-0.7238395,7.026412,1.5071256,-0.0022113323,2.0779986,-0.43837503
2.3423502,9.717991,-0.7362792,7.065215,1.4385753,-0.0023424625,2.1023734,-0.4271407
2.277596,9.745069,-0.721213,7.150457,1.437257,-0.00081801414,2.1288512,-0.42710587
2.371071,9.516756,-0.7203993,6.970834,1.4073632,-8.940697e-05,2.0903575,-0.40973398
2.2533946,9.634815,-0.6855937,6.9230022,1.3965933,-0.00021839142,2.0315301,-0.42801258
2.1874099,9.794975,-0.57807124,6.924636,1.2978473,-0.003440857,2.0525017,-0.41252685
2.190027,9.874138,-0.60734767,6.937992,1.3128152,-0.010297775,2.0731347,-0.40761414
2.1884327,9.855191,-0.59589756,6.942888,1.2845459,-0.040184975,1.9659824,-0.38147652
2.1843386,9.844171,-0.5679094,6.9838467,1.2867773,-0.0570817,1.7845535,-0.3710671
2.1489146,9.825231,-0.58765745,7.0292063,1.2785678,-0.11144614,1.6240814,-0.33424956
2.1740112,9.757292,-0.5828174,6.9543295,1.3425314,-0.06512451,1.9436731,-0.32824537
2.416463,9.6797695,-0.61499065,6.7984657,1.3251755,-0.08089423,1.8613858,-0.32786337
2.229596,9.733621,-0.5835228,6.8091717,1.3308065,-0.11969471,1.8684275,-0.37806314
2.2244055,9.734812,-0.582414,6.9379005,1.357878,-0.12221575,2.0219214,-0.3973965
2.2209094,9.65917,-0.5413496,6.933024,1.3661411,-0.049308777,2.0529168,-0.40027535
2.2361717,9.498,-0.52215886,6.9207144,1.403877,-0.032982826,2.127584,-0.41583493
2.2389357,9.778902,-0.69315815,7.0499163,1.4369617,-0.053106785,2.087252,-0.4282167
2.195183,9.719882,-0.50356627,7.13262,1.4529831,-0.07878709,2.1369572,-0.45751157
2.207046,9.808993,-0.46926105,6.949333,1.4986677,-0.104002476,2.1341274,-0.46632224
2.1936994,9.805864,-0.5547727,7.064399,1.4435859,-0.096203804,2.1046221,-0.46763688
2.1408002,9.843853,-0.4922737,7.1447124,1.4360731,-0.06112051,2.0785747,-0.49314785
2.1347618,9.828777,-0.571362,7.0974307,1.5928862,-0.028077602,2.0775256,-0.49063358
2.1136136,9.815502,-0.40907276,7.1758814,1.4635711,-0.025298119,2.1012475,-0.49387226
2.1400921,9.855868,-0.38498205,7.084669,1.4368238,-0.04052162,2.1146111,-0.4741664
2.1759965,9.85512,-0.40217543,7.1441717,1.4094143,-0.014431953,2.0930264,-0.4823297
2.174026,9.782896,-0.5888422,7.0936418,1.3480244,-0.003066063,2.1342118,-0.45387232
2.1635466,9.620876,-0.520694,7.136546,1.3730865,-0.020781279,2.1446538,-0.45539516
2.1744916,9.664486,-0.6116736,7.167037,1.3948293,-0.011315823,2.1605961,-0.45991793
2.176344,9.621687,-0.6290011,7.179163,1.383631,-0.0014612675,2.1079664,-0.44984517
2.1595788,9.578995,-0.6325867,7.0986457,1.2963064,-0.011592627,2.1215017,-0.44009155
2.1466217,9.680107,-0.63926995,7.042931,1.2445064,-0.022211075,1.8037257,-0.42659563
2.1380606,9.635345,-0.6632004,7.0223007,1.2949564,-0.024635792,1.8340952,-0.33951223
2.1747105,9.664983,-0.66381246,7.112779,1.2625763,-0.022465229,1.8810565,-0.27622825
2.1465588,9.697346,-0.6817233,6.9596906,1.2527494,-0.0051641464,1.8790407,-0.4128632
2.1682758,9.60096,-0.68894243,7.028391,1.309941,-0.0041024685,1.852653,-0.44068497
2.213735,9.604389,-0.71417785,7.040113,1.3867996,-0.01885295,1.8734043,-0.46689537
2.2160745,9.585628,-0.70794857,7.0323257,1.3950403,-0.043879986,1.8255713,-0.46854785
2.0338013,9.616077,-0.7310175,7.047558,1.3285654,-0.0429945,1.665786,-0.39921921
2.0389512,9.518869,-0.69903374,7.374237,1.158968,-0.0012862682,1.6208892,-0.44455105
2.0808241,9.425675,-0.7918843,7.108635,1.1913562,-0.043262005,1.5036986,-0.39301068
2.2438257,9.417361,-0.82602924,7.231441,1.2329621,-0.05279398,1.5218363,-0.29556823
2.267504,9.475618,-0.83763397,7.07006,1.1667316,-0.025167465,1.6165035,-0.28044003
2.2679672,9.477848,-0.8432416,7.171272,1.2016032,-0.033724308,1.5744767,-0.28571245
2.3537388,9.425057,-0.8342651,7.170319,1.2724602,-0.05323577,1.5990412,-0.28859398
2.3392868,9.447563,-0.8289486,7.3531027,1.2755973,-0.05768442,1.6478038,-0.2977158
2.327872,9.437866,-0.8342817,7.4673715,1.2828927,-0.0601151,1.6910722,-0.3008199
2.2974222,9.445981,-0.8274797,7.488822,1.2770169,-0.05733967,1.6722763,-0.29174986
1.9413917,9.318792,-0.876278,7.6103396,1.1245217,-0.095057726,1.6224415,-0.24495187
1.9392679,9.338778,-0.88132614,7.6012783,1.1451757,-0.1153965,1.6213288,-0.24763572
1.9318906,9.382912,-0.8684827,7.6182594,1.1605022,-0.11469936,1.6599317,-0.23510939
1.95435,9.247173,-0.83003426,7.6232114,1.1819913,-0.17960978,1.688153,-0.23001042
1.8293955,9.3578825,-0.8176534,7.664539,1.1180873,-0.1867826,1.6783245,-0.24582991
1.8047551,9.362915,-0.8409779,7.7571516,1.1394291,-0.108748436,1.7436697,-0.23309481
1.8317981,9.369438,-0.8585459,7.772677,1.2102537,-0.03088522,1.9198544,-0.22518283
1.8254535,9.3377285,-0.85361445,7.825935,1.21282,-0.01930499,1.875447,-0.24803656
1.6806674,9.394335,-0.85891575,7.7750587,1.2017665,-0.06539059,1.8249536,-0.18971273
1.6942012,9.303061,-0.99915963,7.6629925,1.2059197,-0.065632105,1.7716808,-0.19190216
1.6959187,9.332265,-0.99867535,7.609432,1.1971221,-0.04202056,1.8287356,-0.17065585
1.7223761,9.381102,-0.9978385,7.3154263,1.2117848,-0.0065214634,1.8491895,-0.17841774
1.6697652,9.374636,-0.9966198,7.4460382,1.2118781,-0.08179903,1.8203592,-0.19339469
1.6512725,9.152462,-0.99470574,7.702332,1.2291489,-0.08124685,1.8501747,-0.17499861
1.6376047,9.215483,-0.99398834,7.7891574,1.2059393,-0.09728336,1.8419902,-0.17870688
1.6706866,9.400914,-0.9867498,7.748116,1.1246374,-0.094730616,1.8941543,-0.12845436
1.6037686,9.23666,-0.99158335,7.424166,1.1383135,-0.08953762,1.8663304,-0.121533066
1.66732,9.44478,-0.99986583,7.3607926,1.2311714,-0.016364098,1.8868728,-0.110355735
1.6450262,9.393909,-0.99969685,7.2026777,1.2587268,-0.04694414,1.8288391,-0.13448969
1.5415016,9.414755,-0.99973863,7.2096376,1.1596816,-0.06873703,1.7801797,-0.11507964
1.4851496,9.355629,-0.9999899,7.2460175,1.0952203,-0.12408471,1.7881241,-0.11460385
1.4928751,9.477579,-0.98169625,7.2743,1.3892567,-0.099573135,1.783289,-0.3547783
1.4950477,9.252501,-0.8187359,7.322272,1.4459634,-0.042008877,2.061804,-0.3642883
1.496161,8.931032,-0.8154379,7.273122,1.3815176,-0.12988615,2.1320064,-0.36094928
1.5195678,9.022183,-0.81029564,7.2793846,1.4035187,-0.07936907,2.18979,-0.3480444
1.6008059,8.998521,-0.8114841,7.551504,1.4284048,-0.09044528,1.9255214,-0.37463513
1.6307061,9.098986,-0.8164176,7.182194,1.5269396,-0.16334271,1.9225061,-0.32375497
1.644552,9.225502,-0.8736489,7.168481,1.5530372,-0.07493782,1.9451611,-0.3712104
1.6330836,8.986607,-0.871541,7.4412074,1.6269855,-0.025700092,1.9427104,-0.3790686
1.6896431,8.905526,-0.85386604,7.606142,1.6539023,-0.0471313,1.9352126,-0.36711466
1.6564723,8.934684,-0.81400436,7.5919366,1.5939672,-0.07142234,1.8988266,-0.36601526
1.6591465,8.363087,-0.7563229,7.7202797,1.5756342,-0.08778,1.9420903,-0.3513814
1.7230159,8.673033,-0.8098097,7.713751,1.6181397,-0.10839653,1.8969514,-0.33600718
1.715046,8.87796,-0.77674305,7.7122865,1.5640287,-0.11990309,1.8308978,-0.3406535
1.7143476,8.833065,-0.7732059,7.697466,1.5856881,-0.09594464,1.8904238,-0.3254612
1.6892955,8.751076,-0.77275157,7.6528826,1.5789332,-0.10684514,1.8875959,-0.3241757
1.6495279,8.769424,-0.83239925,7.639168,1.5702786,-0.15472364,1.8851657,-0.36714154
1.6645057,8.660496,-0.8417797,7.56198,1.5804307,-0.15133715,1.8206613,-0.3665412
1.6522732,8.9808655,-0.9244392,7.390072,1.602534,-0.15085149,1.8426828,-0.32842022
1.6410612,8.909665,-0.92775303,7.6615243,1.5874197,-0.0430336,1.8488059,-0.32660854
1.7582569,8.92396,-0.93951523,7.533672,1.650732,-0.056242943,1.7090082,-0.32149988
1.9496973,8.801408,-0.9553571,7.642366,1.695405,-0.06900978,1.8542039,-0.34810537
1.9930546,8.324465,-0.98152834,7.6319613,1.785496,-0.008309364,1.973763,-0.39990294
2.084148,8.873384,-0.86130834,7.2954435,1.7838244,-0.044758797,2.020755,-0.40952927
2.0891442,8.839481,-0.8943684,7.165437,1.8261032,-0.046976805,2.027639,-0.4131557
2.0882924,8.798544,-0.8729569,7.1675296,1.8033082,-0.050770283,1.9591191,-0.40849924
2.0796006,8.398239,-0.913228,7.266346,1.8054433,-0.05347228,1.9702249,-0.40225506
2.1120846,8.628441,-0.9032036,7.2145896,1.8355396,-0.026717186,2.0935712,-0.41893512
2.0706816,8.694593,-0.9138595,7.2581067,1.8412535,-0.02798891,2.076786,-0.40845686
2.0078897,8.970359,-0.9102529,7.231748,1.9082153,-0.028383255,2.0961556,-0.3943138
1.9317136,8.887786,-0.88556075,7.349911,1.8829145,-0.018906593,2.1029103,-0.3858186
1.9328195,8.694099,-0.9003649,7.399924,1.8822322,-0.0032782555,2.091453,-0.3833941
1.8378994,8.607883,-0.8306186,7.4277325,1.871808,-0.0025134087,2.0735717,-0.40285736
1.8215027,8.50466,-0.8225863,7.49932,1.8822143,-0.06463361,2.0867326,-0.39600796
1.8071733,8.3727665,-0.7881861,7.5890284,1.8647385,-0.12307215,2.126615,-0.41169584
1.8669391,8.443104,-0.833373,7.564745,1.8274741,-0.06821227,2.0507274,-0.39789256
1.9741786,8.8172455,-0.8373389,7.3024063,1.8206167,-0.065000296,2.0183632,-0.40045255
1.8316895,8.748478,-0.82648075,7.6408935,1.8063779,-0.05304241,2.0079768,-0.39127555
1.719325,8.589867,-0.7801275,7.645317,1.7566004,-0.10358453,2.0285435,-0.39346653
1.8061798,8.670071,-0.7867904,7.651884,1.7156308,-0.12005091,1.9654524,-0.40712205
1.859252,8.256277,-0.76770186,7.6125126,1.7057478,-0.13384247,1.9214797,-0.408164
1.9601934,8.655811,-0.7441448,7.5956945,1.6900811,-0.13856411,1.9550438,-0.40781054
1.967426,8.5437155,-0.78983295,7.5730143,1.7786634,-0.060580015,1.9906363,-0.41274107
1.8617481,8.689894,-0.74406767,7.5014696,1.7808244,-0.059424162,1.9457026,-0.44787633
1.831463,8.927671,-0.82211286,7.4961925,1.7883425,-0.052455902,1.9782298,-0.4490937
1.73941,8.636993,-0.8775568,7.573849,1.7657051,-0.028331518,1.9199698,-0.43951336
1.7999731,9.140456,-0.80965966,7.4160495,1.7525551,-0.06447363,1.8830457,-0.42638972
1.9938115,9.226742,-0.8389844,7.571682,1.720453,-0.00011229515,2.037615,-0.42600012
2.0227933,9.16112,-0.8134997,7.4471736,1.7557902,-0.00013542175,1.9809458,-0.43178016
1.8819776,9.39347,-0.848313,7.280759,1.8053701,-2.7179718e-05,1.8603806,-0.43325973
1.7535578,9.418745,-0.87537354,6.9914913,1.8101487,-0.021139622,1.8732383,-0.44263157
1.7430758,9.312185,-0.89600503,6.9087076,1.8459542,-0.07866955,1.9421883,-0.44663382
1.7104989,9.291559,-0.895881,6.8993216,1.8054934,-0.015258789,1.8443415,-0.4505922
1.6607813,9.273286,-0.9064849,6.860396,1.8203278,-0.05226326,1.8571973,-0.43094838
1.6707464,9.165476,-0.8958389,6.8350563,1.8392959,-0.050792217,1.9738352,-0.41383564
1.6391491,9.115139,-0.9151167,6.838151,1.8433826,-0.04092455,1.9524472,-0.44572967
1.6386876,8.927059,-0.8951538,6.8115034,1.8535116,-0.033287525,1.9531183,-0.43510318
1.6276971,8.817242,-0.8978337,6.8152723,1.8587682,-0.0056214333,1.9492834,-0.4354103
1.3448514,9.156466,-0.8253303,6.889039,1.8638706,-0.054774046,2.1043992,-0.4722936
1.305581,9.051705,-0.941988,6.843579,1.8400168,-0.079399586,2.105636,-0.44367272
1.3124495,9.126363,-0.89932215,6.914075,1.7728736,-0.071237326,2.1770573,-0.43074602
1.3832533,8.9625435,-0.8775685,6.913398,1.7920561,-0.019467354,2.172956,-0.45215088
1.3100903,8.88685,-0.9186074,6.865903,1.813899,-0.02275896,2.1571643,-0.44691548
1.341882,9.228607,-0.9177982,6.9123993,1.7114134,-0.003080368,2.0544202,-0.4582063
1.342454,9.247706,-0.94560724,6.6509733,1.7050409,-0.0021281242,1.9124675,-0.4559586
1.3596997,8.916313,-0.93154097,6.775898,1.7314885,-0.00021123886,2.0183868,-0.45856333
1.4343851,9.005079,-0.8670076,6.7188215,1.8115652,-0.00487566,1.9949927,-0.4603353
1.1606464,9.180571,-0.9453753,6.679768,1.6074705,-0.0025296211,1.9543478,-0.45004797
1.2836616,9.254981,-0.95498025,6.584364,1.6213627,-0.14851952,1.8195581,-0.46687657
1.2826679,9.262841,-0.9642386,6.550588,1.6318798,-0.18272233,1.828687,-0.46702054
1.5077705,9.281567,-0.95309395,6.6594634,1.6356261,-0.17808485,1.8361034,-0.48201555
1.6026841,9.03231,-0.9003104,6.7993946,1.6471641,-0.17609572,1.8386004,-0.49256852
1.5785439,9.129391,-0.9193787,6.8305254,1.5460167,-0.22475195,1.8452337,-0.45783642
1.5972049,9.015949,-0.9144888,6.824812,1.5578685,-0.23945308,1.8632691,-0.42827198
1.6500076,9.00045,-0.88139904,7.0978713,1.5579865,-0.23370314,1.8719499,-0.3915394
1.6751592,9.012638,-0.8989568,7.0234156,1.5366096,-0.25993514,1.8597107,-0.39840913
1.6857243,8.970753,-0.8339421,7.1075754,1.4649258,-0.27238345,1.8749652,-0.39044484
1.6050535,8.956731,-0.8401558,6.6651835,1.4480066,-0.2783599,1.8474274,-0.34131634
1.614316,8.939817,-0.8794009,6.5187597,1.3654592,-0.17642283,1.7559149,-0.34746104
1.5338805,9.022676,-0.9275036,6.8662987,1.3468869,-0.22470284,1.7985656,-0.33915618
1.5026525,9.182266,-0.9638096,6.920797,1.3655703,-0.21951723,1.8229871,-0.35891902
1.4852629,9.1925535,-0.92090017,6.9547706,1.404834,-0.21586657,1.8369763,-0.48290163
1.494349,9.220657,-0.91621053,7.4660354,1.3878727,-0.15291691,1.759598,-0.47652417
1.4893298,9.155413,-0.93578917,6.836337,1.3774621,-0.30515432,1.7814217,-0.43348712
1.4335303,9.159317,-0.98593163,6.822152,1.5046582,-0.14820504,1.8690023,-0.45012838
1.431041,9.218684,-0.92650694,6.8271866,1.4726968,-0.160882,1.829644,-0.4458604
1.4398744,9.220633,-0.9877199,7.0103836,1.5109758,-0.11980295,1.925221,-0.45253515
1.4873167,8.708597,-0.9107507,7.044701,1.6042852,-0.020422459,1.7751865,-0.43874928
1.5140038,8.993741,-0.944999,7.320606,1.474427,-0.03125453,1.9780054,-0.33964807
1.516391,9.018829,-0.94086766,7.296811,1.4998984,-0.07893658,1.9653902,-0.29371744
1.6092947,8.940834,-0.9416077,7.2502604,1.5526783,-0.07723808,1.9702351,-0.28828478
1.6171905,8.74699,-0.9474138,7.48418,1.6006203,-0.17614508,2.0052223,-0.28994575
1.562096,8.582434,-0.9415116,7.641126,1.6044424,-0.070643425,1.9527636,-0.34311017
1.6302338,8.647865,-0.9546136,7.2514043,1.6490433,-0.16167688,2.0028706,-0.33546954
1.6079673,8.655835,-0.9667229,7.4224596,1.6076694,-0.02362442,1.972964,-0.3154471
1.5865905,9.114834,-0.97417426,7.5034275,1.5758259,-0.014094353,1.9350693,-0.31522834
1.5557804,9.035597,-0.9739079,7.334904,1.5535579,-0.0098629,1.8651657,-0.31155336
1.5681783,8.928724,-0.9752079,7.476626,1.5569236,-0.04025078,1.8648446,-0.30998728
1.5354679,8.906366,-0.9937416,7.0613875,1.4956284,-0.08827305,2.1024897,-0.3043378
1.5082518,9.013226,-0.9905462,7.290126,1.4631851,-0.060416937,2.0337365,-0.29026547
1.404258,8.561863,-0.9919602,7.472927,1.545888,-0.073628426,2.1361895,-0.23582903
1.32867,8.512219,-0.9678148,7.670361,1.5759852,-0.19613981,2.0779233,-0.25855637
1.3307216,8.553003,-0.9612833,7.5140867,1.2926464,-0.13289571,2.182487,-0.3132935
1.320756,8.609031,-0.95413256,7.5202127,1.2438395,-0.18390632,2.237016,-0.3394457
1.3605133,8.589588,-0.9375,7.585256,1.3011262,-0.15989351,2.1788676,-0.34347743
1.3652108,8.607595,-0.94415504,7.8319616,1.3213048,-0.1313448,2.0620682,-0.39017233
1.3707592,8.754999,-0.9422806,7.69083,1.3369777,-0.11599517,1.9857745,-0.37789857
1.4195685,8.081091,-0.9465667,7.7098737,1.3980014,-0.08018565,1.9780948,-0.35794288
1.4058201,8.27917,-0.86919594,7.743785,1.4042361,-0.09896183,2.1757336,-0.40384698
1.4392111,8.499397,-0.9143211,7.6473413,1.4490993,-0.1287198,2.1319237,-0.300112
1.3270879,8.462455,-0.93055505,7.6335883,1.3766522,-0.2256155,2.1425533,-0.28650767
1.3292215,8.459061,-0.9664278,7.6714354,1.3299835,-0.1520853,2.189417,-0.3015326
1.2433157,8.366955,-0.9794337,7.61248,1.2976415,-0.099711895,2.1052322,-0.41224948
1.2486897,8.494941,-0.9831671,8.0902,1.2784004,-0.1416359,1.9854872,-0.39821902
1.2503082,8.013384,-0.9710617,8.102685,1.2179723,-0.08481097,1.926393,-0.4431368
1.2661902,7.980242,-0.9871157,8.006544,1.1977892,-0.21218777,1.9745607,-0.40493983
1.2601774,7.796638,-0.9779143,7.9429436,1.201143,-0.29947662,2.0225015,-0.43977925
1.2105021,8.153379,-0.89373744,7.976643,1.224057,-0.2245481,2.1015925,-0.44434807
1.209449,8.130423,-0.887557,7.959984,1.2202592,-0.17794585,2.0242105,-0.48968112
1.2253155,8.135042,-0.8444222,7.873596,1.222502,-0.1676035,1.9723527,-0.47554782
1.2190647,8.011259,-0.83487135,7.7986374,1.1459122,-0.16619563,2.0385187,-0.47776735
1.1903986,7.8694367,-0.9291456,7.9658127,1.0855286,-0.087997675,1.9656658,-0.49232945
1.1495464,7.919948,-0.8023797,8.089776,1.0860229,-0.105047226,2.0053809,-0.49802333
1.1718552,7.8739095,-0.8691559,7.953448,1.0890293,-0.14494133,2.0041726,-0.4869389
1.168524,8.096558,-0.91122067,8.244387,1.0826497,-0.19090557,2.0395286,-0.48827925
1.1700873,7.723322,-0.99393713,8.228279,1.1013272,-0.1490457,1.9370837,-0.35834962
1.2417753,7.5452075,-0.9940904,8.28567,1.1362305,-0.19962668,1.9577496,-0.3533162
1.240613,7.623506,-0.9832869,8.298114,1.1681378,-0.25178957,1.9103096,-0.34439847
1.2793303,8.045387,-0.9791724,8.137146,1.1875465,-0.2184112,2.031655,-0.37759006
1.2730534,8.45988,-0.9571424,8.209774,1.2118082,-0.124602556,1.8758247,-0.42181614
1.2577598,8.532381,-0.95206076,8.212332,1.1406918,-0.14902449,2.0395288,-0.41725135
1.259136,8.496926,-0.9202106,8.159649,1.1663108,-0.12407112,2.115419,-0.41869187
1.2679923,8.202421,-0.9084093,7.9981375,1.1950982,-0.13202143,2.0521967,-0.42114145
1.2669103,8.345287,-0.92266625,7.9807687,1.2202356,-0.121643305,2.199989,-0.41040838
1.279244,8.33538,-0.92882264,7.9556556,1.2361231,-0.120287895,2.0612175,-0.40802443
1.2734659,8.372069,-0.9431113,8.1374035,1.2205172,-0.093238354,2.103486,-0.41295406
1.2834197,8.259518,-0.95738626,8.279818,1.2350354,-0.11283302,2.1209297,-0.29473242
1.2614069,8.300368,-0.93734336,8.1607685,1.221946,-0.09274769,2.1749785,-0.3817353
1.281175,8.358041,-0.95740914,7.876604,1.2408793,-0.12082219,2.2482502,-0.37769216
1.2665396,8.300506,-0.91084075,7.8581867,1.2201912,-0.18159437,2.192463,-0.42356825
1.2719314,8.283672,-0.90960443,7.7764034,1.2179971,-0.19472194,2.2137952,-0.42007312
1.3133035,8.23052,-0.91146827,7.9322643,1.2446585,-0.21857905,2.1303713,-0.42783225
1.2984277,8.02212,-0.94080883,7.933679,1.2088826,-0.13691235,1.9622383,-0.35357502
1.3125226,8.033838,-0.90547514,7.9943266,1.1976972,-0.16174555,1.950377,-0.36034054
1.273052,7.8814526,-0.8962052,8.138024,1.219393,-0.17542458,2.1337664,-0.34107178
1.2748406,7.9052496,-0.90875316,8.083492,1.1648352,-0.21111679,2.0547862,-0.43663493
1.2601345,8.405793,-0.89549106,7.9912405,1.1553323,-0.26287842,2.0413804,-0.4340899
1.3436679,8.262768,-0.9009811,7.993697,1.0947464,-0.3522861,2.0051374,-0.41721368
1.3588107,8.1999655,-0.84991324,7.945359,1.1390133,-0.29305124,2.023653,-0.39830738
1.3388257,8.180042,-0.85418177,7.8386774,1.1361024,-0.29783106,2.0390015,-0.40715224
1.3307812,8.1807,-0.9004313,8.02401,1.132884,-0.32613707,2.0606914,-0.39328665
1.3896785,7.7895603,-0.7823515,8.054403,1.1463449,-0.30900478,2.077265,-0.3780368
1.3814499,7.5767136,-0.8295946,8.101434,1.1494036,-0.3280146,2.1063614,-0.32916856
1.3797536,7.8841867,-0.7860911,7.8036156,1.1472857,-0.31424665,2.1216245,-0.36877286
1.4053612,7.861755,-0.76493955,7.7385163,1.1474621,-0.4195702,1.9825976,-0.38712087
1.3155298,8.048542,-0.9537834,7.8986545,1.1292627,-0.37111807,1.8448586,-0.42630774
1.3062134,8.320549,-0.88703626,7.9575663,1.1351638,-0.3732953,1.8473239,-0.4447868
1.2855388,8.531964,-0.9956595,7.904436,1.1246793,-0.31800675,1.8666658,-0.4549077
1.2891526,8.284478,-0.9965049,8.171453,1.0678358,-0.36067557,1.8041472,-0.45278692
1.2596339,8.3075695,-0.77905107,8.044406,1.1013663,-0.38733625,1.7784522,-0.453473
1.2678273,8.246356,-0.7635205,8.090348,1.1074731,-0.41918206,1.7941494,-0.4509289
1.268829,8.314846,-0.8191572,8.093135,1.1600797,-0.43643665,1.7492754,-0.45134103
1.2551048,8.410944,-0.7781716,8.14513,0.9520986,-0.31155014,1.7559214,-0.4571831
1.2759503,7.867546,-0.76629454,8.216071,0.9825344,-0.36003637,1.9584854,-0.4522804
1.1850681,8.453737,-0.89143616,8.297442,0.9416568,-0.30550814,1.8111994,-0.45016527
1.184243,8.36678,-0.8979627,8.1577,1.0558243,-0.107132435,1.8926773,-0.47297832
1.167367,8.711195,-0.9597094,8.179436,1.1175649,-0.19392753,1.9819028,-0.479781
1.1717741,8.78134,-0.9115699,8.216093,1.0745616,-0.17992878,1.9764767,-0.47879368
0.89120686,4.3799257,-0.60955477,3.2049956,-1.53955,-1.2169611,0.41279626,0.121836305
0.9223031,4.450554,-0.6202297,3.1831465,-1.4719846,-1.2733989,0.3339579,0.108985364
0.9700604,4.487889,-0.6358223,3.18379,-1.4612439,-1.2343862,0.35696054,0.09249878
0.89884233,4.5475683,-0.6013144,3.2164657,-1.3909847,-1.254724,0.40363932,0.013606906
0.92387116,4.6744347,-0.60492903,3.2009652,-1.4928937,-1.2724502,0.35094273,0.059557557
0.92138624,4.0562897,-0.6047956,3.2401216,-1.5131283,-1.2736913,0.42063177,0.042316556
0.9006678,4.343515,-0.65654373,3.2333128,-1.5213027,-1.2598789,0.41617572,0.05196196
0.88487047,4.2879033,-0.6734265,3.3032248,-1.4794676,-1.2433991,0.4140408,0.019249678
0.89584184,4.331063,-0.7035154,3.2629333,-1.4816451,-1.2473886,0.38535678,0.019664347
0.90093756,4.4236326,-0.6729895,3.2330775,-1.5014179,-1.2552842,0.3723632,-0.0014216304
0.9686369,4.1679254,-0.52639806,3.2035015,-1.3729619,-1.2406508,0.35976255,0.099490225
0.8950807,4.5107665,-0.48584867,3.1104968,-1.4307683,-1.2263768,0.31157374,0.069738686
0.90025216,4.3521566,-0.4894505,3.1039248,-1.3480899,-1.2010106,0.3896706,-0.0066492558
0.86280644,4.575596,-0.50134045,3.161789,-1.334717,-1.1893805,0.43298817,0.03557545
0.89808613,4.7705035,-0.44884264,3.144145,-1.445297,-1.2349081,0.39790595,0.054964602
0.88956857,4.5728226,-0.4535461,3.073122,-1.505931,-1.243516,0.40558445,0.07480419
0.8938284,5.109377,-0.45293528,3.0788865,-1.5120994,-1.24473,0.41011,0.06410456
0.889267,5.1179204,-0.45166123,3.0674117,-1.4966757,-1.2372183,0.3700775,0.08627963
0.90020937,5.4903197,-0.46768773,3.033238,-1.4672964,-1.2390072,0.36302924,0.083082676
0.89088655,5.294922,-0.4679519,3.0219517,-1.4850798,-1.2255675,0.3846929,0.1106416
0.93317485,5.228112,-0.46516263,3.0143871,-1.4571412,-1.214278,0.3414606,0.11076689
0.9280906,5.132208,-0.45360744,3.008,-1.461238,-1.2191,0.34436584,0.09612495
0.92915094,5.7333703,-0.4607957,3.0070057,-1.4564286,-1.2287096,0.34184444,0.0807879
0.9117914,5.70282,-0.45772862,3.0229301,-1.4403131,-1.2316879,0.32883835,0.079794645
0.9050273,5.406357,-0.45701373,3.0186346,-1.4281964,-1.243589,0.3243153,0.059835434
0.93214333,5.400914,-0.45306838,3.1312504,-1.4065886,-1.2408396,0.34495008,0.082822084
0.8930141,5.305504,-0.46532094,3.1336503,-1.3718349,-1.22534,0.34500325,0.064477324
0.88801223,5.326528,-0.48824263,3.0951393,-1.3793426,-1.1767234,0.34128428,0.06883311
0.87534624,5.280122,-0.49256694,3.1003823,-1.3624457,-1.1523225,0.31388628,0.045836806
0.8775454,5.250599,-0.4935277,3.117321,-1.3727348,-1.1610328,0.31730545,0.021285236
0.8598549,5.4969206,-0.5021849,3.2079113,-1.4206675,-1.1678264,0.3344655,-0.023689985
0.8552755,5.667202,-0.5020692,3.2364433,-1.4128909,-1.161289,0.3202591,-0.018119335
0.86508393,5.756762,-0.4948426,3.344512,-1.3869448,-1.1581647,0.34013617,-0.01305896
0.8974688,5.740119,-0.49176127,3.2670722,-1.489474,-1.1611059,0.34175026,0.0014059544
0.89307284,5.721145,-0.5269083,3.2331882,-1.4288032,-1.0897441,0.3495139,0.012234807
0.8859904,5.746386,-0.5425593,3.173646,-1.3905408,-1.0941682,0.30961096,0.015411913
0.90321827,5.6607094,-0.5433199,3.162907,-1.3725895,-1.0905089,0.2832042,0.024737835
0.8941289,5.7422667,-0.53619057,3.194514,-1.363801,-1.0885402,0.29327703,0.014277101
0.8981358,5.698291,-0.54571986,3.1906574,-1.3688607,-1.0711538,0.28241122,0.018450916
0.9218348,5.1091003,-0.5710572,3.2112665,-1.3685372,-1.0648744,0.26222908,0.017250657
0.92028624,4.941777,-0.5971337,3.2139788,-1.3876123,-1.0541958,0.26625395,-0.0405159
0.8906867,5.1114035,-0.5824442,3.2478592,-1.4001005,-1.120451,0.26825225,-0.038333476
0.89437616,4.9410753,-0.59214056,3.2753553,-1.404958,-1.1686145,0.2735517,-0.042432904
0.8866348,4.8348455,-0.59691215,3.2721179,-1.4035472,-1.1951666,0.27095866,-0.043789446
0.88913554,4.7655993,-0.6084677,3.2744465,-1.4009695,-1.2230791,0.27386224,-0.06894404
0.9121016,4.6189156,-0.60997283,3.241751,-1.3990839,-1.2266171,0.27178717,0.031419873
0.8889327,4.654402,-0.5999543,3.1801953,-1.3780768,-1.2620305,0.372123,0.013780177
0.9226906,4.3705416,-0.6807686,3.2130766,-1.4192069,-1.1979951,0.3577727,0.03377986
0.9334802,4.262656,-0.7053585,3.2922912,-1.3573437,-1.2131612,0.3307284,-0.004105568
0.9235164,4.706472,-0.70876956,3.4422865,-1.3537128,-1.1986874,0.35509992,0.032888234
0.9220184,4.598715,-0.65461445,3.4741647,-1.325319,-1.2180564,0.40486503,0.0049527287
0.922506,4.6700335,-0.58720136,3.4479666,-1.2765937,-1.2486001,0.40153158,0.0028275251
0.9245782,4.670871,-0.60550237,3.3817534,-1.2692145,-1.2213876,0.36922538,0.011409819
0.91825056,4.695284,-0.6075691,3.327702,-1.3108757,-1.2295609,0.33577597,0.0034255385
0.90883136,4.65543,-0.6132227,3.319764,-1.3559093,-1.1786776,0.3206191,0.0069499016
0.8784975,4.6186934,-0.61652493,3.3460405,-1.3156891,-1.2369876,0.38372147,-0.006307006
0.8785449,4.722105,-0.5614004,3.3677237,-1.341856,-1.2309487,0.3835044,0.00057041645
0.8782538,4.6790333,-0.6119486,3.3443046,-1.33657,-1.2158158,0.40154445,-0.0063153505
0.8404564,4.6491637,-0.6075353,3.2355266,-1.3433467,-1.222183,0.38451922,-0.010836244
0.9121138,4.608264,-0.6046247,3.2815475,-1.396513,-1.2208142,0.35819602,0.044736505
0.9238455,4.4870386,-0.5675816,3.203978,-1.3293154,-1.2362709,0.3668779,0.043938696
0.9416993,4.495925,-0.55700433,3.1905265,-1.3189279,-1.2304899,0.31575286,-0.019794911
0.94907844,4.3914585,-0.51736796,3.204759,-1.3041682,-1.2293041,0.3439536,0.08652842
0.9459609,4.406691,-0.5310499,3.1974826,-1.307332,-1.2485465,0.3195567,0.048849642
0.9363251,4.6353493,-0.6086433,3.2791173,-1.3406439,-1.2242464,0.29691923,-0.006647289
0.9186274,4.61203,-0.5850314,3.223767,-1.3996875,-1.220316,0.3591709,0.033962667
0.912261,4.578099,-0.5826765,3.270578,-1.4122962,-1.263634,0.35711515,0.026977837
0.8846795,4.3685894,-0.6467107,3.3626137,-1.3524837,-1.2467556,0.35092628,0.028122425
0.91262126,4.3450713,-0.6367417,3.3762012,-1.361341,-1.2482561,0.43250215,0.043851137
0.9575682,4.366516,-0.6223222,3.389232,-1.3628429,-1.2510799,0.44303,0.032906115
0.9365365,4.4788294,-0.6308835,3.3602414,-1.3694403,-1.2403271,0.41956663,-0.017878383
0.9294182,4.2703886,-0.62335,3.3320956,-1.3669572,-1.2197516,0.42180324,0.06461662
0.95118237,4.209236,-0.62411547,3.2779808,-1.3700194,-1.206694,0.4384476,0.03863865
0.8988539,4.5065265,-0.60446084,3.3333561,-1.3798571,-1.1967149,0.47480965,0.05854869
0.9139717,4.713772,-0.65753204,3.3017821,-1.3489726,-1.066737,0.48652005,0.04542297
0.9000045,4.6002192,-0.62042624,3.297477,-1.2319366,-1.1019734,0.48439896,0.06575811
0.92133856,4.574054,-0.70406246,3.354513,-1.2739711,-1.0865482,0.4379636,0.036172032
0.9291518,4.6505184,-0.73261964,3.3487806,-1.331691,-1.0661082,0.39200723,-0.012414098
0.89505994,4.1376038,-0.635651,3.3481953,-1.3133649,-1.0596582,0.4648732,-0.01573205
0.91471297,4.3533893,-0.63214386,3.2820125,-1.3047211,-1.0397472,0.4552797,-0.20862865
0.89718705,4.3846636,-0.6366858,3.2769241,-1.3326554,-1.043436,0.48067403,-0.17114958
0.9038989,4.777584,-0.65487134,3.348269,-1.4073904,-1.0220847,0.51447415,0.031181216
0.9210526,4.7926188,-0.656214,3.2599258,-1.4239669,-1.0089079,0.5167959,0.04762727
0.9128307,4.799405,-0.6732552,3.2486126,-1.3901021,-0.99300003,0.5100919,0.05609405
0.9089087,4.8357525,-0.65758497,3.2627783,-1.4303877,-0.9905956,0.47221434,0.030328155
0.927438,4.812872,-0.70775026,3.2595365,-1.4274948,-0.96012545,0.48703623,0.029699743
0.85739595,4.854499,-0.74302214,3.2508945,-1.4488057,-0.91880894,0.5153589,-0.011284441
0.8525531,4.885363,-0.70309186,3.1910634,-1.4124479,-0.89143944,0.5241326,-0.004896641
0.767563,4.744322,-0.6571024,3.1768072,-1.4344103,-0.97711563,0.6778946,0.026224315
0.7603519,4.698371,-0.6644503,3.1736522,-1.3997793,-0.9547467,0.6944393,0.021480262
0.75592357,4.708414,-0.6754002,3.1571038,-1.2946258,-0.94133115,0.65781844,0.025749147
0.73104024,4.813837,-0.62580764,3.0970736,-1.3390305,-0.9426751,0.65563786,0.021371722
0.7031688,4.8412695,-0.6210172,3.0712445,-1.3292384,-0.92410684,0.6505537,0.019995272
0.7079651,4.858898,-0.623132,3.144625,-1.288317,-0.95472383,0.6886245,0.0049299
0.71298015,5.4066877,-0.6492002,3.1509051,-1.19773,-0.95244217,0.66982865,0.027674317
0.73644376,5.517848,-0.66023785,3.2364433,-1.1318202,-0.9712739,0.6739503,0.04272127
0.7391727,5.41251,-0.6469577,3.243696,-1.1756916,-0.99911237,0.6043366,0.044607997
0.74486065,5.424403,-0.63554585,3.2434688,-1.0831547,-1.0197333,0.60864294,0.039730787
0.7239387,5.3312216,-0.66270065,3.2419007,-0.9671174,-1.0245699,0.60084486,0.03824234
0.7255811,5.0328064,-0.65759003,3.128877,-0.92094874,-1.0181811,0.6013894,0.03351766
0.7442726,5.0691323,-0.54959863,3.1264226,-1.3122939,-1.0712755,0.6050068,0.06289852
0.7220471,4.95482,-0.60860115,3.0354536,-1.2213935,-1.0361706,0.6681359,0.092790544
0.72135174,4.98833,-0.5969976,3.0005198,-1.2375896,-1.0585124,0.64156616,0.09541786
0.72962224,5.0619,-0.58068335,3.000746,-1.2463601,-1.0423019,0.62793636,0.0936985
0.7296411,5.072867,-0.57318,3.0022304,-1.2362955,-1.0593498,0.62880623,0.09473783
0.7343439,5.0525913,-0.6012218,3.021481,-1.2309691,-1.0591316,0.6439414,0.09744811
0.72765875,4.9419327,-0.6269204,3.0432482,-1.116276,-1.0552437,0.66914856,0.09870088
0.743857,5.0627656,-0.6384976,3.1140718,-1.1182088,-1.050912,0.70083904,0.09562194
0.7455915,5.0183706,-0.6268755,3.0999079,-1.2148944,-1.0402513,0.6802316,0.096852124
0.7483228,5.101257,-0.596363,3.1204848,-1.314294,-1.0428368,0.67685735,0.098496735
0.7859806,5.0646124,-0.544085,3.1597633,-1.4235201,-1.0541486,0.6640003,0.10273218
0.76499605,5.076041,-0.5333922,3.120574,-1.4904943,-1.046653,0.67881536,0.095942676
0.75126934,5.016621,-0.49660832,3.1101143,-1.5004448,-1.0538647,0.71109223,0.07980245
0.70638835,5.13853,-0.56005263,3.114176,-1.4814198,-1.0398047,0.77081275,0.07890558
0.68562245,5.2786536,-0.53255975,3.135041,-1.5556856,-1.0563185,0.71174705,0.081641555
0.70039845,5.24652,-0.54387873,3.1205702,-1.3134421,-1.0914328,0.6878159,0.09724873
0.68505,5.070835,-0.62523746,3.1204228,-1.3422792,-1.1239471,0.85263,0.18962651
0.68782866,5.3159122,-0.62781316,3.1116958,-1.1473544,-1.1191189,0.8623419,0.1621908
0.7367275,5.209465,-0.69347763,3.157658,-1.1181436,-1.1005881,0.89464056,0.15257055
0.7215229,5.4594088,-0.70325744,3.1595633,-0.93437254,-1.0884908,0.9095123,0.15683132
0.6822909,5.395277,-0.7277135,3.1660345,-1.0522786,-1.1222911,0.9022434,0.15891886
0.56770194,5.3432884,-0.7210561,3.196647,-1.0428567,-1.1215346,0.8013346,0.09726119
0.56606585,5.298126,-0.69706964,3.2110534,-1.040561,-1.140975,0.97288775,0.083336234
0.54704726,5.427242,-0.6914193,3.220785,-0.9276602,-1.1589322,1.0089731,0.08795029
0.5381337,5.382096,-0.6658336,3.3280165,-0.8921039,-1.1978956,0.82417965,0.095983505
0.5257654,5.44942,-0.7598793,3.4042952,-1.1705706,-1.2337013,1.0046835,0.097738504
0.53290135,5.834678,-0.7013293,3.4646974,-1.0703738,-1.2044206,1.0008631,0.091163754
0.5247096,5.28043,-0.7754188,3.401197,-0.987164,-1.1870682,0.99670434,0.084472895
0.51355815,5.4246683,-0.75605094,3.3122365,-1.0002491,-1.1670244,0.99421275,0.093205094
0.5352946,5.4544926,-0.7347019,3.3162687,-0.9910711,-1.1603837,1.2044778,0.10015607
0.54068816,5.3613777,-0.7347477,3.3234777,-0.9440335,-1.1330706,1.172384,0.107254446
0.5374268,5.493888,-0.7086673,3.2981944,-0.9138905,-1.1451099,1.1517916,0.11043489
0.5876045,5.4729843,-0.7591952,3.3068385,-0.93089485,-1.1179659,1.1749814,0.10107046
0.5496579,5.516969,-0.73691064,3.2660148,-1.0264852,-1.1357443,1.1759055,0.11072004
0.5412636,5.419383,-0.76319957,3.241646,-1.0809152,-1.1326647,1.170624,0.10507727
0.53778976,5.333273,-0.7841026,3.2364404,-1.2688873,-1.1302378,1.2523005,0.10511422
0.54339284,5.4416876,-0.80202186,3.237388,-0.9080726,-1.0819988,1.2374859,0.10234457
0.57130015,5.2669716,-0.73080736,3.2619262,-0.93005,-1.075861,1.1453795,0.09973526
0.5330172,5.2274857,-0.78464425,3.228166,-0.95952964,-1.0598692,1.19589,0.089876354
0.53977036,5.218257,-0.78126514,3.205682,-1.0094534,-1.0529668,1.2007232,0.095276535
0.55856675,5.265669,-0.75609,3.1968396,-1.3950291,-1.0557754,1.1546042,0.102843285
0.5750222,5.166274,-0.7569973,3.2123437,-1.0289805,-1.050219,1.1223667,0.08148593
0.57245034,5.2299433,-0.7330866,3.206856,-1.0726316,-1.0842994,1.0854871,0.08831352
0.5893919,5.2422233,-0.69324756,3.2427824,-1.3871331,-1.0963352,1.1370986,0.11355722
0.596563,5.271146,-0.74260545,3.2740119,-1.3612616,-1.0792465,1.1427765,0.099502385
0.62253356,5.1295767,-0.7500466,3.2669122,-1.3516864,-1.0279295,1.1470344,0.10054386
0.6519898,5.231207,-0.8055663,3.2130053,-1.3327858,-0.98025393,1.1052604,0.10986149
0.6528059,5.4501123,-0.8020904,3.1823523,-0.9265506,-0.9848287,1.0919411,0.11298835
0.64683366,5.3696246,-0.8519465,3.1736252,-0.9446714,-0.99666,1.0883224,0.11043346
0.6396562,5.4371667,-0.8421406,3.1667461,-0.94486856,-0.97744036,1.065119,0.09971815
0.6253495,5.5084286,-0.8528973,3.1607974,-1.0384594,-0.9865446,1.0838344,0.092048764
0.6366365,5.783135,-0.8257737,3.1454418,-0.8977963,-0.9927678,1.1202805,0.0979529
0.6094856,5.804121,-0.86500597,3.0991201,-1.0933156,-0.9987483,1.1162145,0.10597396
0.61428213,5.83955,-0.86218095,3.146425,-0.99459934,-0.9797163,1.1411862,0.10641354
0.6340559,5.839428,-0.9168966,3.189768,-0.97275364,-0.9710069,1.1530428,0.10529655
0.65227354,5.656232,-0.92326975,3.229792,-0.963128,-0.9810722,1.1124535,0.08459544
0.6466282,5.694055,-0.90221554,3.2519307,-0.97651494,-0.9764981,1.0408766,0.0876351
0.6488713,5.768998,-0.8598086,3.232903,-0.9688486,-0.98990035,1.0711932,0.08159381
0.6724514,5.8762007,-0.8696418,3.3287578,-0.89363694,-0.97273827,0.99044895,0.080388546
0.6718835,5.286295,-0.8594708,3.4197698,-0.87974703,-0.9857516,1.012186,0.07879585
0.668643,5.1441216,-0.8160543,3.4526615,-0.85190856,-0.97732115,0.9864892,0.07149345
0.67859554,5.192234,-0.80968904,3.4467995,-0.85794103,-0.9684942,1.0247078,0.07327771
0.65833056,5.2063484,-0.8067875,3.4378042,-0.806815,-0.9764445,0.99857247,0.07482052
0.6644927,5.450707,-0.8841419,3.4803677,-0.8313465,-0.95972586,1.1084719,0.05126065
0.6684721,5.4943132,-0.860936,3.5009863,-1.198749,-0.9943259,1.0837739,0.062238336
0.6551206,5.427322,-0.8603139,3.4855506,-1.159902,-1.0342407,1.0731971,0.052885175
0.6540667,5.365879,-0.8582946,3.491214,-1.1948333,-1.0294836,1.0742416,0.049605846
0.64079463,5.3384438,-0.9001688,3.5198526,-0.9593389,-1.0228329,1.0977697,0.04905367
0.6487764,5.5034475,-0.89246964,3.5247164,-1.0820765,-1.0123088,1.1213305,0.044309795
0.64340556,5.558902,-0.89535594,3.4693742,-1.0786145,-1.0177782,1.0943437,0.04189551
0.64203256,5.423115,-0.89742553,3.4996092,-1.0354488,-1.0334117,1.0473158,0.044046402
0.64707196,5.4886265,-0.86111844,3.4647872,-1.1047411,-1.0228693,1.0385773,0.03567952
0.64235216,5.4722166,-0.8170521,3.4622188,-1.1830084,-0.9996867,0.9847293,0.025966644
0.6406374,5.475672,-0.7840605,3.4808512,-1.2682705,-0.994447,1.0013349,0.024597526
0.655843,5.441685,-0.82002705,3.4864821,-1.2353373,-0.98084044,1.0281382,0.03538692
0.6686787,5.4426975,-0.8159306,3.611139,-1.2642707,-0.9701078,1.0555313,0.060323358
0.66662157,5.528148,-0.8042433,3.6149979,-1.224544,-0.958096,1.0613451,0.071513
0.66698456,5.5461154,-0.78542674,3.5939746,-1.2470918,-1.0218785,1.117661,0.080845475
0.66600025,5.548932,-0.7737568,3.643904,-1.2050867,-1.055042,1.1448927,0.08881992
0.6752493,5.5195866,-0.75624126,3.7464607,-1.2100227,-1.0694672,1.1456444,0.085202634
0.68283653,5.387002,-0.7439157,3.6589532,-1.2575651,-1.0769681,1.1048062,0.078183115
0.68047875,5.3231697,-0.76189667,3.819675,-1.2080874,-1.0937619,1.0275984,0.04856628
0.67780805,5.424677,-0.7434986,3.8206873,-1.240766,-1.0762324,1.0202096,0.048675954
0.67169553,5.3652353,-0.730211,3.7126918,-1.2349677,-1.0734429,1.0496628,0.047001243
0.6710863,5.3802457,-0.7372643,3.646803,-1.3469058,-1.0541837,1.042403,0.061890244
0.67287356,5.3482795,-0.7277011,3.6757436,-1.3538318,-1.050163,1.0968695,0.060709953
0.66501224,5.3139887,-0.7342726,3.885014,-1.3013136,-1.0725503,1.0856245,0.041899085
0.6649749,5.2522945,-0.71573913,3.6821966,-1.3070508,-1.1064498,1.0295603,0.03140205
0.65823436,5.20278,-0.7177779,3.6892104,-1.3343885,-1.122046,0.9979429,0.027125478
0.6445867,5.2414665,-0.7289096,3.8143795,-1.3178113,-1.1181774,1.0530446,0.030593455
0.6233955,5.2464957,-0.73508525,3.6349745,-1.3044441,-1.1233492,1.0142012,0.034338176
0.61677825,5.2304935,-0.72145987,3.6112123,-1.3017972,-1.1295258,1.0794883,0.03449011
0.6133287,5.153791,-0.7529217,3.5908756,-1.233497,-1.1376145,1.0425558,0.03877467
0.6172014,5.5771885,-0.75711185,3.6017947,-1.0954359,-1.1254799,1.0279636,0.040867567
0.61589086,5.2630095,-0.7469043,3.6391406,-1.059279,-1.132236,1.0454197,0.03264326
0.60591686,5.201339,-0.7463126,3.6569114,-1.0824122,-1.157553,0.97886527,0.034183145
0.6146114,5.255826,-0.73413956,3.5903168,-1.0942316,-1.1559868,0.9881834,0.039405465
0.6113799,5.1151476,-0.7298237,3.596089,-1.1075989,-1.1539557,1.0774183,0.054897666
0.6067809,5.1511445,-0.7312596,3.5584786,-1.1990628,-1.1794901,1.0255127,0.06561047
0.6209719,5.2998543,-0.71405864,3.5632672,-1.0826882,-1.1777912,0.9889393,0.06438118
0.63387966,5.3043737,-0.71313584,3.5683866,-1.111294,-1.1937907,1.0102146,0.06519228
0.62709427,5.3200097,-0.7139237,3.531622,-1.1353636,-1.1901759,1.0998197,0.086761475
0.62335443,5.2720203,-0.7298706,3.490463,-1.1535834,-1.1815648,1.0553048,0.089782596
0.643576,5.1444993,-0.7308376,3.5272603,-1.2740672,-1.1913774,1.0696626,0.09205872
0.6399313,5.223238,-0.6975118,3.545452,-1.3400884,-1.1861196,1.1470802,0.10721552
0.6513733,5.1897507,-0.6942983,3.6781218,-1.3395376,-1.1994898,1.0771267,0.09154588
0.62201273,5.2547684,-0.6826654,3.659614,-1.3290777,-1.2081516,1.1602213,0.09294891
0.61244905,5.3123093,-0.70955896,3.6205719,-1.3146534,-1.2026408,1.1385956,0.09750664
0.61244035,5.3167763,-0.7024709,3.569335,-1.3213444,-1.1779873,1.14487,0.093954325
0.61022246,5.323453,-0.70083356,3.581797,-1.3152554,-1.1907747,1.1386809,0.10065615
0.6104303,5.2490244,-0.70901227,3.5475225,-1.2984116,-1.1875838,1.132709,0.09206015
0.6006916,5.3042326,-0.72257304,3.5411894,-1.2615368,-1.1915762,1.1237597,0.0782274
0.5788388,5.2885513,-0.776542,3.5227342,-1.2348261,-1.1908541,1.1265321,0.07159507
0.56357193,5.363736,-0.7423808,3.5266771,-1.2267729,-1.2220957,1.1691313,0.07097119
0.531843,5.4026814,-0.75869244,3.5171545,-1.2066431,-1.2146163,1.2692149,0.07050806
0.55320215,5.360027,-0.75825274,3.4883153,-1.2171693,-1.2240288,1.0807524,0.092523456
0.5360739,5.4560795,-0.73076653,3.4513965,-0.9996302,-1.2041597,1.0988624,0.07242715
0.55754316,5.5271006,-0.69516397,3.4741015,-1.035603,-1.2084142,1.0291796,0.077355266
0.5854448,5.5615616,-0.698869,3.55036,-1.0072993,-1.172698,1.0051243,0.061930716
0.60835975,5.4661865,-0.7640879,3.5541825,-1.0952374,-1.1680756,1.0980041,0.06592798
0.60326415,5.4510946,-0.7193663,3.5416946,-1.1974161,-1.167795,1.0806043,0.06801367
0.60234755,5.5221233,-0.7110546,3.5547886,-1.1905701,-1.1423359,1.0275922,0.07155621
0.5817858,5.505179,-0.7175235,3.5811868,-0.9935572,-1.1551113,1.0302684,0.048159957
0.5949991,5.5503626,-0.72368175,3.663464,-1.1492172,-1.1475306,1.085006,0.047249436
0.5956669,5.553602,-0.7707497,3.6395807,-1.1559857,-1.1445597,1.0904624,0.04726273
0.5852129,5.5573225,-0.7738865,3.6724935,-1.176554,-1.1709304,1.1212268,0.051430225
0.58836204,5.604762,-0.7536429,3.7480931,-1.1217036,-1.1516707,1.0504773,0.024464726
0.5938066,5.590307,-0.75968504,3.6974554,-1.0720658,-1.1480544,1.0519116,0.02974385
0.58771443,5.543624,-0.7627337,3.60748,-1.1157267,-1.1394401,1.0512452,0.0330773
0.5960918,5.554279,-0.74023306,3.7296393,-1.162833,-1.1602054,1.0531821,0.038324296
0.58069,5.566966,-0.69744855,3.6884274,-1.1554525,-1.1527627,1.0194571,0.02258867
0.5895696,5.640561,-0.70076776,3.7402966,-1.176522,-1.1250061,1.0344224,0.014819145
0.59910405,5.62443,-0.72086024,3.7652407,-1.2400663,-1.1001148,1.0743747,0.026958466
0.600282,5.7033587,-0.731739,3.8103106,-1.2546098,-1.0829197,1.1022046,0.025729954
0.5938745,5.494567,-0.74647534,3.7599092,-1.3548378,-1.0918419,1.1457677,0.045300543
0.6048791,5.549801,-0.6874337,3.8285177,-1.3899689,-1.0458201,1.1546814,0.04335946
0.6035139,5.6097403,-0.69015884,3.82603,-1.3714527,-1.0170231,1.1541927,0.055229247
0.6059801,5.702585,-0.65818083,3.7503917,-1.3770992,-1.0490041,1.1459079,0.055194795
0.6000983,5.6558456,-0.64787364,3.8584352,-1.3867583,-1.0491875,1.1736593,0.058301866
0.61303943,5.6057844,-0.6300435,3.8498735,-1.391183,-1.076378,1.1457613,0.05762762
0.62129104,5.596283,-0.6299183,3.7625399,-1.4168222,-1.0752914,1.1546037,0.077555954
0.62215793,5.6174927,-0.6239999,3.70212,-1.449079,-1.0733825,1.1230454,0.081869304
0.6038041,5.6420536,-0.63215214,3.621131,-1.4410946,-1.1150532,1.0924218,0.09660578
0.6210649,5.5698423,-0.6306649,3.6377811,-1.4381666,-1.098624,1.2029395,0.10071081
0.637338,5.6258554,-0.631043,3.729373,-1.438673,-1.0393703,1.1955144,0.105362415
0.6380104,5.4240694,-0.6284297,3.8320985,-1.4128312,-1.0850909,1.20542,0.092538476
0.6396634,5.4542217,-0.6266943,3.845224,-1.3919971,-1.0964795,1.2248018,0.09267652
0.649446,5.4953394,-0.6041784,3.8406692,-1.3846561,-1.0224526,1.2254324,0.11110282
0.65191495,5.503792,-0.5835665,3.812404,-1.3963846,-1.0598806,1.2009163,0.12458211
0.67143446,5.520521,-0.49471414,3.9916463,-1.4180882,-1.1152024,1.189631,0.12787503
2.5454547,2.4848065,0.77059793,7.832807,-1.2573289,-0.3205657,0.4218452,0.82280576
2.5493443,2.5782933,0.80306983,7.860073,-1.1682699,-0.101692915,0.36123288,0.8402388
2.4350934,2.3654206,0.82533336,7.878468,-1.040961,-0.00922513,0.3029766,0.8478739
2.5421925,2.3088152,0.84083796,7.8322606,-1.2275938,-0.022681236,0.28358066,0.85194314
2.5188174,2.3743148,0.8716996,7.8287416,-1.1951292,-0.01668644,0.16505301,0.8521404
2.4584718,2.404729,0.8379166,7.8031316,-1.1456009,-0.029580593,0.28019154,0.83484364
2.4489293,2.3370526,0.86008286,7.8007936,-1.0798414,-0.030380726,0.30232525,0.8536235
2.466806,2.3532743,0.8611715,7.7706947,-1.0347579,-0.022342205,0.30270517,0.86110306
2.4518495,2.413852,0.83968604,7.691825,-1.1048685,-0.005522728,0.38539004,0.8599583
2.512681,2.3490598,0.8126199,7.70527,-1.2192951,-0.008406401,0.41012895,0.84679484
2.5000763,2.394114,0.80888355,7.753538,-1.1963053,-0.03729844,0.3271612,0.8441936
2.5574114,2.1498024,0.8075485,7.780513,-1.3666835,-0.001844883,0.28861892,0.8361132
2.5622747,2.1422498,0.8070586,7.8063264,-1.3247514,-0.008134365,0.24530232,0.8498355
2.7949376,2.3857248,0.7770088,7.880804,-1.218887,-0.006235838,0.4336878,0.86368227
2.8375468,2.1475885,0.81493247,7.913626,-1.3839186,-0.035494328,0.4289062,0.8736782
2.836099,2.1253731,0.82910705,8.0693865,-1.5202036,-0.038196564,0.31926703,0.91228795
2.8575797,2.1359892,0.8328824,8.08659,-1.5893453,-0.04655671,0.35959208,0.89395785
2.792712,2.1445787,0.8401058,8.165327,-1.5530847,-0.0534997,0.26652133,0.8442426
2.8299475,2.1398454,0.810524,8.113711,-1.4610953,-0.014953375,0.36727476,0.87515616
2.755157,2.1154268,0.77281404,8.084894,-1.3835782,-0.025173664,0.40774834,0.860139
2.77037,2.293169,0.7733016,8.11498,-1.4163474,-0.06331515,0.3980484,0.86401165
2.7530744,2.1239407,0.72211874,7.8943,-1.3818328,-0.021843195,0.5260408,0.8484242
2.83175,2.1974936,0.7513977,7.8506217,-1.3146298,-0.057336807,0.51313484,0.8484248
2.7435641,2.2231078,0.7569823,7.945245,-1.4289801,-0.0718112,0.5032711,0.8585136
2.7336512,2.1922078,0.74499154,8.075556,-1.5456347,-0.09495115,0.49671853,0.8534677
2.716662,2.3234076,0.7468965,8.052888,-1.5722241,-0.0987463,0.51143634,0.83595765
2.7412195,2.2422523,0.7522553,7.8703685,-1.4868767,-0.04826832,0.4765972,0.8403307
2.7405477,2.3811343,0.75520647,8.420357,-1.4464226,-0.06594896,0.41076815,0.7937043
2.684146,2.0892382,0.7796314,8.281824,-1.5203362,-0.29883695,0.3926195,0.8139272
2.9368298,2.1077814,0.779845,8.398767,-1.4147893,-0.23918152,0.3900727,0.8621757
2.8881423,2.0202243,0.8143209,8.617866,-1.5706415,-0.2372303,0.3937559,0.91798913
2.8874445,2.3042173,0.8391603,8.378927,-1.581654,-0.20700455,0.29966426,0.89638877
2.8849788,2.3204093,0.81975675,8.424534,-1.6181725,-0.08608198,0.46513855,0.88347185
2.868147,2.3496442,0.78707623,8.295675,-1.6173397,-0.083471775,0.47302246,0.8798536
2.9005864,2.4211862,0.7649336,8.329065,-1.615751,-0.12015867,0.49498522,0.87840855
2.8950813,2.461855,0.7679193,8.499094,-1.6287454,-0.13253045,0.47109473,0.8760966
2.9243078,2.4469476,0.7694578,8.570798,-1.6934876,-0.13051653,0.48516786,0.8755988
2.9160812,2.4302254,0.8529575,8.590912,-1.6920766,-0.17393589,0.40835512,0.9121648
2.8701413,2.1221855,0.84262645,8.671844,-1.7030404,-0.17509651,0.39862263,0.85870814
2.865408,2.113373,0.8178866,8.724653,-1.6517607,-0.14154553,0.4474268,0.8556503
2.829891,2.1453345,0.8234103,8.630976,-1.7280846,-0.068591595,0.58315146,0.8724904
2.8816543,2.2039375,0.80600166,8.608273,-1.6943758,-0.21556616,0.44083428,0.8763572
2.8650231,2.1868515,0.8058386,8.544582,-1.693281,-0.22536111,0.4296925,0.8799689
2.8696148,2.2727084,0.8298105,8.612163,-1.6946882,-0.2182951,0.4175694,0.88158894
2.8860526,2.115278,0.904042,8.637284,-1.6928442,-0.16664028,0.34517932,0.90115273
2.8560076,2.007382,0.8784828,8.675281,-1.6844429,-0.1253767,0.4230758,0.8687732
2.875689,2.0004253,0.88922954,8.767763,-1.7147428,-0.11563587,0.40173936,0.8588892
2.8638034,2.0148754,0.8846134,8.788419,-1.7113124,-0.09484863,0.39152753,0.86590695
2.8577845,2.0422268,0.89508986,8.663648,-1.6946608,-0.10387778,0.36432493,0.8461729
2.862288,2.0576732,0.8835826,8.668131,-1.6015031,-0.04505539,0.37498176,0.85546875
2.9224286,2.1055515,0.85586655,8.601354,-1.7212236,-0.049140453,0.364676,0.87655365
2.8620374,2.0467749,0.8708819,8.657978,-1.554793,-0.17133904,0.34809768,0.86558855
2.877057,2.082528,0.82500255,8.602394,-1.5507747,-0.04280424,0.41107857,0.8822566
2.8760593,2.0636592,0.77630377,8.588822,-1.4981847,-0.20431614,0.44043672,0.8411498
2.8507836,2.4064722,0.72679925,8.702601,-1.4018066,-0.3346181,0.50312304,0.8512974
2.744162,2.0106752,0.752336,8.450636,-1.3955779,-0.44114375,0.46640432,0.81850934
2.722791,2.0864587,0.7348008,8.409886,-1.3568797,-0.4293747,0.4912567,0.8429165
2.6682951,2.2834868,0.7960869,8.498383,-1.3418914,-0.47398305,0.5665604,0.853145
2.6642885,2.245285,0.8018048,8.375343,-1.3656212,-0.4727118,0.6610651,0.8608531
2.6641521,2.314126,0.8059403,8.404066,-1.3438952,-0.4695859,0.78279257,0.85041046
2.6170053,2.294003,0.7679179,8.104367,-1.352407,-0.46111202,0.61790204,0.8544464
2.5336094,2.6430278,0.755075,8.191037,-1.220654,-0.46290588,0.55534816,0.842988
2.6028094,2.967187,0.71467793,8.142443,-1.2397292,-0.5255208,0.71356285,0.82870233
2.5930772,2.1960824,0.7607243,8.210571,-1.2685244,-0.5021775,0.4305768,0.824638
2.6149337,2.1752605,0.76947856,8.03319,-1.3008622,-0.4923668,0.6904324,0.82827616
2.616947,2.2215128,0.71302867,8.297228,-1.3286358,-0.47893786,0.7407521,0.8355315
2.621668,2.1853037,0.74341464,8.267711,-1.3470843,-0.4707396,0.68600667,0.8402976
2.6068907,2.2805479,0.7673116,8.22267,-1.351829,-0.48982835,0.66939914,0.82238615
2.529772,2.5531585,0.69702315,8.105921,-1.3369979,-0.49132943,0.68699634,0.8316469
2.4969916,2.7097692,0.66879284,8.119858,-1.2236954,-0.47331095,0.6373004,0.83333564
2.5011156,2.6411977,0.6659386,7.8360453,-1.2423332,-0.45637536,0.75427413,0.8211893
2.606201,2.6194837,0.6495335,7.853769,-1.3032562,-0.26504183,0.6171037,0.7586696
2.5570254,2.771979,0.66785383,8.011944,-1.3166531,-0.31092954,0.522208,0.7796949
2.6049225,2.8540967,0.6128491,7.9496746,-1.2967992,-0.25720787,0.4697324,0.7207725
2.6924458,2.4747083,0.55554557,8.1113405,-1.4137911,-0.15851736,0.51846385,0.75871253
2.6993146,2.681692,0.67336774,8.106864,-1.4822276,-0.19929433,0.4997524,0.75806165
2.7649112,2.7444558,0.6705009,8.133291,-1.3581986,-0.22706413,0.45945048,0.7572212
2.7003493,2.6132517,0.7008486,8.112977,-1.4665422,-0.23198533,0.48446202,0.7508346
2.6310952,2.5970683,0.72666574,7.5957613,-1.4366137,-0.36761427,0.41784155,0.7680354
2.6459422,2.6052954,0.74107385,7.759976,-1.3725424,-0.38812828,0.41922367,0.7778735
2.6326435,2.6577091,0.6931616,7.898984,-1.5123571,-0.3600633,0.35942876,0.72988355
2.5586088,2.6464086,0.71684587,7.850773,-1.5415896,-0.3648386,0.35785282,0.7265644
2.5506148,2.5309331,0.6902205,7.9600716,-1.6389534,-0.25315475,0.3508221,0.7308736
2.594072,2.4980638,0.72662115,8.056518,-1.4580083,-0.16419244,0.3209492,0.73685837
2.6063,2.5509617,0.7153621,8.060732,-1.4325967,-0.18064952,0.2940507,0.75575686
2.572579,2.6042871,0.6378701,8.115015,-1.4493898,-0.18099499,0.33796132,0.7350948
2.6113608,2.6599624,0.6074525,8.022669,-1.4466848,-0.0035710335,0.26175237,0.7309767
2.523301,2.5564878,0.721818,8.020456,-1.4752158,-0.0035691261,0.29429412,0.6946176
2.52437,2.4651785,0.6059061,8.017252,-1.545259,-0.0402565,0.3172499,0.7182958
2.5084808,2.370788,0.6680261,7.9953165,-1.507899,-0.17810369,0.29381526,0.7169657
2.5234687,2.51281,0.66853976,8.094667,-1.567657,-0.2374134,0.37149596,0.70224524
2.5372584,2.6864786,0.6442653,8.192738,-1.598038,-0.31812525,0.38544405,0.65505314
2.5054016,2.7137268,0.556921,8.08111,-1.292619,-0.34331036,0.4062233,0.70587814
2.5704906,2.5819123,0.63748896,8.265171,-1.2096848,-0.09109712,0.42344987,0.70970917
2.5666578,2.660686,0.6257174,8.184545,-1.4311587,-0.10410428,0.34269905,0.70977545
2.6552124,2.729538,0.63487184,8.151962,-1.4604793,-0.12909651,0.29656017,0.7077855
2.633431,2.7490485,0.68739724,8.167021,-1.5069555,-0.08798742,0.2987151,0.6974195
2.6450737,2.858025,0.609692,8.210609,-1.3829994,-0.27054,0.36732137,0.7069392
2.6224637,2.9111423,0.6120589,8.263758,-1.3995854,-0.3494737,0.35048485,0.6743026
2.5522172,2.871873,0.6019325,8.2841625,-1.3984725,-0.27241015,0.37362063,0.6694803
2.5785563,2.5385237,0.50887203,8.438063,-1.347027,-0.1678462,0.593657,0.6713431
2.6009207,2.5922198,0.45867896,8.471144,-1.6803601,-0.031312704,0.6204623,0.62782073
2.3214583,2.6120117,0.48042023,8.340701,-1.5771463,-0.021894455,0.66027594,0.63414824
2.306974,2.6205292,0.5239458,8.416952,-1.5665534,-0.035142183,0.85760415,0.6707834
2.3104322,2.493211,0.5984187,8.393215,-1.4682076,-0.03956628,0.73919106,0.7384591
2.3137956,2.4337242,0.6321864,8.619528,-1.3454826,-0.04292941,0.6432446,0.7310226
2.2815468,2.5044818,0.6446452,8.156933,-1.3204417,-0.04688692,0.55179393,0.723436
2.2851682,2.4002168,0.61073637,8.162788,-1.3613772,-0.023575783,0.5881833,0.7261661
2.2839015,2.4204428,0.6158569,8.021153,-1.3133892,-0.031228304,0.667104,0.75904405
2.2849848,2.2542953,0.62017906,8.234282,-1.0984652,-0.03865075,0.68819976,0.76603353
2.2950225,2.242794,0.57567763,8.396989,-1.0989969,-0.059281588,0.79980147,0.79079676
2.3167257,2.2430127,0.5333922,8.283126,-1.0873458,-0.03804469,0.78813076,0.8024806
2.306696,2.3390355,0.5356122,8.523453,-1.1679465,-0.037305117,0.763397,0.79757583
2.2980983,2.3029327,0.6714306,8.179762,-1.1434615,-0.091510534,0.6981263,0.83233273
2.341818,2.2065866,0.6218599,7.9228325,-1.1704994,-0.06953859,0.6795654,0.82474756
2.3437176,2.191083,0.5673424,8.126907,-1.1919489,-0.021299839,0.75019693,0.82462335
2.3280764,2.3511412,0.60885656,8.024024,-1.5243428,-0.008826971,0.7009349,0.7415376
2.3190665,2.3742957,0.62326527,7.9634857,-1.5495775,-0.012893438,0.62392724,0.7334473
2.2919924,2.4242887,0.6408639,8.040028,-1.2249546,-0.0013718605,0.60831404,0.73926866
2.3195772,2.3952308,0.6224828,7.7387295,-1.3226073,-0.0017671585,0.50644815,0.7367619
2.3204317,2.4369526,0.6784532,7.7379036,-1.2144465,-0.036137104,0.38439715,0.7363168
2.4697094,2.4750366,0.54941535,7.907496,-1.4514809,-0.059982777,0.3793893,0.73215806
2.4556327,2.426265,0.5528183,7.956749,-1.4614179,-0.0140070915,0.39199793,0.6866312
2.4409955,2.420888,0.5610151,7.8201923,-1.4448279,-0.00517416,0.39875686,0.723554
2.4723382,2.4938946,0.6316128,8.001895,-1.3583903,-0.005240917,0.30451536,0.7031648
2.3655882,2.48667,0.5873139,7.845519,-1.3882523,-0.000880003,0.26365352,0.7168
2.3864994,2.4656987,0.61826587,7.8456707,-1.357584,-0.04893875,0.26592588,0.7157515
2.3926992,2.4591188,0.63360584,7.923223,-1.5027726,-0.02959013,0.29509163,0.70752394
2.3586946,2.4598386,0.6979921,8.087769,-1.4793324,-0.021139145,0.34990537,0.68105924
2.3246977,2.4382675,0.6583488,8.056136,-1.4570332,-0.049883127,0.3848821,0.67418694
2.4137719,2.4830155,0.47193098,7.9950485,-1.4493906,-0.24377179,0.49235022,0.702461
2.397114,2.3810112,0.5711912,8.216472,-1.3812649,-0.13205695,0.55883455,0.69910955
2.3841138,2.3433034,0.53864,8.171325,-1.4218792,-0.10951853,0.5823815,0.71572053
2.3787668,2.3333967,0.4875722,8.092634,-1.3321544,-0.14343429,0.6194477,0.7164345
2.4059515,2.3437614,0.53063977,7.9668503,-1.4824653,-0.117348194,0.5613271,0.71455455
2.383985,2.3057923,0.59549415,8.092414,-1.4480298,-0.11641979,0.5574219,0.71211755
2.427173,2.3475595,0.56049275,8.190653,-1.5160633,-0.14446068,0.6696228,0.70691586
2.5814595,2.33355,0.56051373,8.163343,-1.6509124,-0.10760093,0.5742439,0.6916199
2.570203,2.295141,0.545722,8.253579,-1.6183132,-0.09821653,0.63134587,0.7023972
2.4998062,2.336172,0.5465485,8.319809,-1.5918527,-0.109348774,0.5723623,0.69280434
2.4461002,2.3702855,0.5512934,8.2224045,-1.7099311,-0.102630615,0.6931952,0.6965126
2.536693,2.239527,0.54394436,8.263529,-1.7071265,-0.088069916,0.6869333,0.6915376
2.501464,2.3168988,0.5226257,8.226453,-1.7295594,-0.07918692,0.58312523,0.67193925
2.4562669,2.4348247,0.49567735,8.249002,-1.7238798,-0.08420849,0.61049724,0.6547644
2.477586,2.5156186,0.53946304,8.369242,-1.6836631,-0.12439585,0.61166537,0.6455512
2.5161793,2.4515452,0.5347266,8.388897,-1.6990396,-0.16078568,0.5911372,0.657668
2.5002813,2.729247,0.6513034,8.413664,-1.7033361,-0.18281817,0.58904433,0.6608577
2.6026645,2.5845253,0.6596279,8.449138,-1.753907,-0.08450103,0.53143704,0.6606567
2.5539587,2.4904265,0.6449263,8.427197,-1.8035221,-0.08322048,0.5213144,0.64937615
2.4658375,2.435444,0.6305702,8.520866,-1.8577915,-0.06804252,0.51046073,0.6299572
2.5707994,2.441093,0.70863914,8.485565,-1.8274467,-0.10069156,0.51443815,0.6504451
2.5817728,2.4698527,0.7138561,8.498619,-1.8288515,-0.092592955,0.5240791,0.6868119
2.6037695,2.4408984,0.71764684,8.44393,-1.7942992,-0.10159731,0.52442694,0.6964321
2.6033654,2.5614872,0.7054068,8.489441,-1.7953061,-0.10264182,0.49855018,0.68520045
2.505592,2.4094524,0.69041944,8.564085,-1.7245401,-0.124262094,0.5567851,0.69225883
2.4593253,2.2182508,0.6736989,8.564698,-1.5057586,-0.080353975,0.5598546,0.68471384
2.4531333,2.225181,0.68987584,8.646624,-1.552358,-0.05962515,0.54255295,0.6798724
2.4370928,2.269891,0.6721537,8.5638485,-1.4259057,-0.051321507,0.595389,0.6868309
2.4473076,2.245017,0.66780686,8.529568,-1.4553149,-0.07057047,0.61875725,0.70807064
2.517719,2.1732142,0.64499664,8.47406,-1.5498486,-0.20175886,0.60761464,0.70385575
2.5525272,2.1948628,0.64369965,8.3720665,-1.5123723,-0.23227787,0.6040859,0.72638166
2.581056,2.1328132,0.6051651,8.348796,-1.5659373,-0.0860734,0.6015537,0.7401569
2.4976041,2.109602,0.62199974,8.358538,-1.6350403,-0.098852396,0.5881847,0.68860686
2.4660687,2.2192316,0.6293757,8.348716,-1.6851736,-0.099153996,0.5637251,0.700094
2.4514236,2.3061748,0.6471063,8.520588,-1.5514923,-0.059102774,0.5442772,0.6867566
2.445247,2.2460608,0.64326286,8.485205,-1.467159,-0.05561304,0.5212004,0.67330503
2.4640121,2.1950192,0.59578884,8.314932,-1.5344534,-0.11480403,0.62135017,0.7052882
2.4807315,2.2045465,0.585757,8.425291,-1.4380221,-0.16601205,0.7311796,0.7260337
2.498661,2.1587312,0.61201227,8.366657,-1.4651835,-0.16304207,0.6553639,0.7365794
2.4940956,2.2267663,0.5989845,8.329561,-1.5325862,-0.18976235,0.62673795,0.69981444
2.5237286,2.3670313,0.55387855,8.267958,-1.4751177,-0.20437074,0.57751024,0.6913805
2.583181,2.4169116,0.49296522,8.343472,-1.4903777,-0.1723752,0.5757319,0.69654536
2.560391,2.6282244,0.5264027,8.30429,-1.4319235,-0.23189783,0.5462364,0.6983589
2.6186764,2.6256502,0.5895332,8.392614,-1.5308772,-0.27463388,0.6530086,0.70633507
2.4927037,2.6290252,0.573154,8.439271,-1.5726539,-0.28220725,0.72442937,0.6753342
2.5401807,2.3676877,0.5360421,8.471014,-1.6305733,-0.2844739,0.7465372,0.6613059
2.5434,2.3402777,0.54067945,8.371111,-1.6266382,-0.15064764,0.64945185,0.6659117
2.4765244,2.279944,0.54390955,8.230186,-1.5953102,-0.1675663,0.5674199,0.6836513
2.4900386,2.3482108,0.58344626,8.231466,-1.4395661,-0.1424725,0.5329739,0.6971986
2.5967348,2.2775986,0.5917802,8.122444,-1.5887921,-0.031689405,0.5574688,0.75080884
2.5443728,2.1880438,0.5921838,8.0406475,-1.6067166,-0.023777008,0.62018275,0.74432576
2.43887,2.1482928,0.6032083,8.028622,-1.5845321,-0.028939962,0.5721663,0.74914443
2.4312391,2.2262232,0.589358,7.932572,-1.5640315,-0.028192043,0.5929127,0.74739754
2.440055,2.1739402,0.60525656,7.978468,-1.5851464,-0.011268139,0.6162176,0.73123217
2.4194505,2.1753225,0.62625766,8.134155,-1.6362584,-0.0022103786,0.62248206,0.763989
2.4292102,2.085708,0.6527555,8.272438,-1.5622333,-0.0029149055,0.5900599,0.7520623
2.3764954,2.127169,0.67798674,8.305325,-1.1208721,-0.008588076,0.58312273,0.7197082
2.4410944,2.1159852,0.6604912,8.131502,-1.3256137,-0.044445515,0.51624954,0.762287
2.4086864,2.1094208,0.670851,8.18689,-1.4173504,-0.060775757,0.46759963,0.7593508
2.4735007,2.182178,0.68402267,8.153648,-1.1933085,-0.065734625,0.4048561,0.769923
2.4128945,2.1968904,0.6963134,8.137733,-1.1655121,-0.09146953,0.4778223,0.7934617
2.5660474,2.5617428,0.75500834,8.045174,-1.0935411,-0.10120487,0.40421724,0.7882004
2.3904424,2.587988,0.7484487,7.945766,-1.0886483,-0.025496483,0.28562975,0.792732
2.3495407,2.4635937,0.7783532,7.9965024,-1.0789416,-0.055957317,0.2837596,0.75277126
2.3852048,2.4883456,0.7726803,7.9692545,-1.0211034,-0.0100188255,0.27410614,0.7527983
2.382646,2.4769366,0.7640921,7.921626,-1.453867,-0.01452589,0.26675057,0.7487004
2.3798537,2.4780538,0.777599,7.870018,-1.4326732,-0.0628767,0.27604163,0.7585256
2.6917496,2.5790768,0.9022144,7.9251957,-1.3366436,-0.06278849,0.25958335,0.7569369
2.618544,2.7274034,0.7697233,7.927013,-1.3510449,-0.056475163,0.26353574,0.72594976
2.6837888,2.603202,0.79638577,7.9478927,-1.3852375,-0.027409554,0.26951885,0.7293683
2.6926658,2.6928196,0.8702774,7.9485135,-1.3376716,-0.035404682,0.30185258,0.71951926
2.6042619,2.7133327,0.8140967,7.993212,-1.2681425,-0.04221487,0.24208724,0.75065804
2.3728042,2.5488906,0.7746382,7.9074626,-1.144928,-0.05234146,0.23165762,0.7322755
2.4063382,2.4943101,0.7842283,8.075757,-1.2970071,-0.16702724,0.19760656,0.73308325
2.450211,2.6341681,0.77675486,7.869263,-1.2412983,-0.19634366,0.1956675,0.77937806
2.4117289,2.9007225,0.76912045,7.8478045,-1.1308333,-0.2272911,0.20431066,0.75962496
2.425434,2.6175327,0.69223976,7.846641,-1.3633254,-0.187428,0.18018854,0.73355913
2.4727242,2.58212,0.6957884,7.921594,-1.2586114,-0.27244616,0.19074512,0.6587455
2.524898,2.6248035,0.6801424,8.001053,-1.3215559,-0.0047733784,0.23484099,0.7095126
2.572497,2.6393428,0.6480547,8.107827,-1.377845,-0.027176619,0.25395787,0.6956117
2.623556,2.651073,0.60753465,7.943645,-1.5143977,-0.009473324,0.32437742,0.72880197
2.5717435,2.5788202,0.6186893,7.990725,-1.4793065,-0.0090100765,0.28978026,0.72977257
2.5751023,2.483051,0.6211035,8.085577,-1.3874309,-0.0013537407,0.28732467,0.7115625
2.2471714,2.5232196,0.6942587,8.102467,-1.4655211,-0.021077871,0.40492642,0.69521976
2.2168434,2.5797358,0.6402899,8.109327,-1.3342396,-0.013462067,0.5123466,0.7186109
2.2295175,2.5702443,0.57970715,8.087887,-1.3473037,-0.011328936,0.6512538,0.7323322
2.2304313,2.5757265,0.5582621,8.374346,-1.29551,-0.008040428,0.54473305,0.66940725
2.2069345,2.577168,0.58879566,8.273907,-1.3568673,-0.0074203014,0.8094382,0.6696522
2.230671,2.658308,0.68287015,8.257683,-1.3568261,-0.05367732,0.72783256,0.71725667
2.1832426,2.646357,0.6898718,8.065645,-1.3420243,-0.060629845,0.59710217,0.70617735
2.2062726,2.5889482,0.69694924,8.440561,-1.3188236,-0.008216858,0.598932,0.70626616
2.2208138,2.5972261,0.6540389,8.4008,-1.3323025,-0.01994133,0.69777286,0.7052884
2.2319798,2.5791702,0.6704769,8.374509,-1.316639,-0.016793728,0.74581015,0.7177321
2.274086,2.5841055,0.6203761,8.368805,-1.3448509,-0.027977705,0.6756855,0.7139976
2.2238681,2.5384336,0.63456845,8.315797,-1.2778918,-0.021208048,0.70274115,0.70765114
2.22779,2.5604224,0.6671635,8.278101,-1.3531845,-0.010789633,0.6086756,0.6996598
2.244443,2.6015797,0.66985273,8.377077,-1.3690124,-0.04369092,0.65809214,0.71087646
2.2535107,2.5278258,0.6349611,8.212641,-1.328208,-0.07235074,0.6421653,0.743189
2.2534578,2.5709255,0.57664037,8.255552,-1.2338071,-0.10341644,0.6843492,0.72555304
2.2466364,2.5775561,0.5626805,8.300116,-1.1757815,-0.105243206,0.62350166,0.72529554
2.2788672,2.5625951,0.5665879,8.227295,-1.1626258,-0.0020935535,0.6327454,0.73204494
2.2563975,2.5526774,0.5830759,8.130393,-1.1477244,-0.019147873,0.5745151,0.712114
2.2861454,2.542043,0.5818484,8.122644,-1.162261,-0.009230137,0.50266826,0.72505414
2.235506,2.4478154,0.6091368,8.019821,-1.2639593,-0.0052018166,0.42507327,0.7154765
2.2256033,2.5230777,0.63792515,8.016679,-1.2194676,-0.0010323524,0.55407095,0.7044852
2.1804385,2.5280135,0.68885076,7.8134522,-1.1696601,-0.014390945,0.49756432,0.7221991
2.1730807,2.5419068,0.68973756,7.9297786,-1.2772168,-0.010200739,0.55770826,0.72441125
2.187218,2.5736187,0.6833136,7.997007,-1.3320472,-0.007628441,0.504117,0.70313084
2.230786,2.5840998,0.64591527,8.0208,-1.3248266,-0.014193296,0.50276744,0.7055304
2.2321258,2.5252733,0.61586905,8.092024,-1.3075643,-0.040320396,0.50462973,0.6969271
2.2455559,2.5351262,0.64068556,8.255493,-1.279603,-0.056321144,0.66456425,0.7119651
2.254632,2.5383735,0.62450063,8.036946,-1.2565612,-0.025640488,0.61918426,0.7343488
2.2536025,2.5220213,0.6065085,8.244295,-1.2157362,-0.04356742,0.62943935,0.73575974
2.240371,2.4581158,0.62723875,7.91912,-1.2067962,-0.06979895,0.55718756,0.73133016
2.244489,2.4776025,0.68493414,7.851807,-1.297228,-0.02942276,0.38067102,0.7317767
2.646228,2.5126848,0.70513296,8.088514,-1.4782627,-0.096007824,0.38313854,0.73341227
2.4790347,2.4805934,0.6238551,7.9160223,-1.2857567,-0.11420441,0.3710065,0.7230234
2.5015306,2.5085344,0.66240597,7.779268,-1.3306603,-0.07946873,0.34507096,0.75180316
2.4516582,2.5595055,0.6395345,7.650155,-1.3715425,-0.066316366,0.4061501,0.74663806
2.5162897,2.5314658,0.68681884,7.675839,-1.4479381,-0.11788511,0.41891062,0.74663055
