1.7184057,9.203245,-0.7154485,7.9610205,1.4623265,-2.9807181,0.82887125,-0.28736445
1.718034,9.265703,-0.7082662,7.9459386,1.458343,-2.975291,0.7894559,-0.29074112
1.7116023,9.074179,-0.7346785,7.702123,1.4583862,-2.926053,0.78379226,-0.2672489
1.7056313,9.066307,-0.7860129,7.8312116,1.4370649,-2.9270632,0.9172064,-0.27711365
1.730874,9.07128,-0.7474954,7.8605785,1.4236233,-2.8888187,0.926087,-0.20820287
1.7102367,9.266344,-0.611022,7.938952,1.7029965,-2.9790359,0.88139224,-0.17446339
1.6794453,9.339269,-0.62479687,8.043814,1.679456,-2.9896767,0.93223166,-0.18691024
1.6186376,9.307758,-0.60340333,8.090294,1.6466045,-2.9271374,0.9164175,-0.1895141
1.7343192,9.395599,-0.5967472,8.275077,1.7956359,-2.9404213,1.0599802,-0.18917108
1.7584727,9.501495,-0.5636018,8.551165,1.8203273,-2.9315395,0.9975821,-0.14453372
1.7458965,9.747067,-0.63907653,8.377052,1.6139069,-2.9785466,1.0196204,-0.12558234
1.7300453,9.703987,-0.55567336,8.337254,1.6596098,-2.9786842,1.0329003,-0.16289163
1.7635921,9.574635,-0.43363744,8.224256,1.6977808,-2.928284,0.9543551,-0.16808948
1.765698,9.571474,-0.52460736,8.396147,1.6981065,-2.9275134,1.024554,-0.16295072
1.6864433,9.576721,-0.6072368,8.582439,1.7027085,-2.9458995,1.0427971,-0.16132915
1.757732,9.699364,-0.6074319,8.455309,1.7041423,-2.9559133,1.0669489,-0.11866367
1.8092881,9.588472,-0.52156985,8.491627,1.672039,-2.8947885,1.2058244,-0.066238284
1.7623003,9.598735,-0.5234614,8.470841,1.644912,-2.8994937,1.198365,-0.060987353
1.7514675,9.513136,-0.50135016,9.000681,1.62954,-2.9248393,1.1805182,-0.018103182
1.718179,9.845976,-0.4893279,8.9129305,1.6079452,-2.9693816,1.1318576,-0.02384305
1.836754,9.87421,-0.5370821,8.987095,1.6852248,-2.9708116,1.2158422,-0.00890553
1.8490337,9.871643,-0.6130427,8.908806,1.7361438,-2.996812,1.5030038,0.015054941
1.7952385,9.865935,-0.55345815,8.867429,1.7268324,-2.987672,1.7164407,0.0029200315
1.7927586,9.865665,-0.5673617,9.006279,1.6495986,-2.998395,1.6998127,0.0014124513
1.787581,9.865132,-0.61237097,8.996864,1.7361398,-2.9927115,1.6983984,-0.007384062
1.8033357,9.867901,-0.5989406,8.935929,1.7343967,-2.9982584,1.7558248,-0.0026702583
1.8067744,9.893717,-0.51457214,8.900724,1.8266876,-2.9849768,1.1996231,-0.012199223
1.7993562,9.986817,-0.5230632,8.798522,1.7806525,-2.9735963,1.1787491,0.009386241
1.7980008,9.94086,-0.52359915,8.568291,1.694982,-2.9723883,1.1756094,-0.0528453
1.8724958,9.657188,-0.5258831,8.663663,1.8074603,-2.9844418,1.1860714,-0.08939713
1.8737948,9.6514435,-0.5668352,8.541582,1.7737727,-2.9585187,1.1573484,-0.112656236
1.9056956,9.66366,-0.47466475,8.592141,1.790901,-2.9554505,1.0807796,-0.16144684
1.861743,9.32581,-0.57073355,8.30845,1.7756407,-2.9472158,1.1408427,-0.17558208
1.8864654,9.336282,-0.5639875,8.295376,1.8501594,-2.9742832,1.0954542,-0.15654197
1.8298063,9.772789,-0.5430295,8.3022,1.9162183,-2.982397,1.036439,-0.0857079
1.8273232,9.481823,-0.55328226,8.333325,1.8383503,-2.994376,1.0103929,-0.13835323
1.7986202,9.55368,-0.53361744,8.206366,1.8584979,-2.9789765,1.0243218,-0.15010881
1.8146617,9.422277,-0.521416,8.20467,1.5589797,-2.9835978,1.0366535,-0.18306056
1.7647681,9.703836,-0.5107267,9.031402,1.5707202,-2.9913003,1.0060241,-0.18237424
1.7790788,9.943493,-0.5098263,9.025774,1.5488787,-2.9848561,1.0122116,-0.19597566
1.7506604,9.924047,-0.4936356,8.648792,1.5364516,-2.989298,1.0261168,-0.15563968
1.7491813,9.756646,-0.6022777,8.519003,1.626468,-2.985857,1.0316873,-0.18829769
1.8098617,9.756296,-0.6082783,8.434324,1.6369758,-2.9629683,1.1198134,-0.16937941
1.8312845,9.814142,-0.519531,8.744048,1.7347696,-2.9585574,1.0754118,-0.1489551
1.8668561,9.818043,-0.48531145,8.656252,1.7130246,-2.9660962,1.0262115,-0.1547826
1.7884591,9.943283,-0.47980034,8.671076,1.6686683,-2.9600418,1.0801218,-0.13820666
1.8359314,9.735687,-0.51745105,8.879865,1.6720817,-2.982435,1.1329167,-0.13521904
1.8367839,9.749313,-0.5647553,8.882293,1.6587241,-2.982965,1.1611695,-0.1669583
1.7897332,9.557539,-0.58651394,8.827757,1.6985462,-2.9828603,1.0946002,-0.1640661
1.7808024,9.672585,-0.53163385,8.886069,1.673167,-2.9457986,1.1013634,-0.16361031
1.7681693,9.671753,-0.53176403,8.761667,1.7108917,-2.957779,1.1104622,-0.09144923
1.7251003,9.557049,-0.5643162,8.860403,1.8320212,-2.915974,1.1108899,-0.10118228
1.7787731,9.794612,-0.5672786,8.6639805,1.8139932,-2.9291642,1.1344905,-0.073219955
1.7822397,9.806501,-0.528222,8.544707,1.7553871,-2.9203875,1.0622568,-0.12380278
1.8079705,9.844702,-0.52968276,8.606618,1.7040453,-2.959433,1.1296194,-0.12167877
1.8028396,9.876065,-0.51100904,8.903221,1.5974112,-2.967859,1.2168691,-0.11650768
1.7631328,9.876551,-0.5280093,8.982576,1.5430641,-2.9892335,1.1784034,-0.052729607
1.781368,9.919571,-0.5420556,8.880676,1.6549938,-2.962042,1.2238522,-0.05687785
1.7949914,9.752608,-0.5321227,8.948299,1.6568224,-2.9752517,1.2150862,-0.074756205
1.7908703,9.7603245,-0.55254185,9.103027,1.8373618,-2.9827425,1.1928654,-0.06633413
1.743786,9.530585,-0.57517993,8.95932,1.9266162,-2.9237962,1.2886777,-0.05744034
1.6900818,9.535715,-0.56212324,8.99109,1.9207172,-2.953607,1.1499445,-0.013628602
1.7317342,9.479412,-0.5407729,8.916772,1.6727188,-2.9450984,1.1295221,-0.017731398
1.6101872,9.522011,-0.5246066,8.769665,1.7649307,-2.9689806,1.0353544,-0.010133147
1.6491941,9.559734,-0.5376094,8.634958,1.7632964,-2.969292,1.0403242,-0.107953936
1.759301,9.582922,-0.55769044,8.375571,1.7200642,-2.970937,1.011724,-0.10479474
1.7954092,9.671951,-0.59543526,8.38683,1.6999471,-2.9740484,0.99421227,-0.17414701
1.764665,9.408325,-0.6986585,8.347857,1.6236701,-2.9642332,0.97103393,-0.18693435
1.6844002,9.272476,-0.685036,8.124905,1.5870383,-2.915843,0.9560877,-0.17061368
1.6398301,9.359528,-0.6938536,8.122883,1.5744627,-2.9201052,0.9055296,-0.17899191
1.6519794,9.372263,-0.7082999,8.054098,1.4064641,-2.9300272,0.89348674,-0.15418094
1.6356096,9.420775,-0.59835505,8.05858,1.5299063,-2.9358747,0.8888141,-0.18880817
1.6701676,9.307405,-0.58697355,8.007097,1.553077,-2.9170675,0.9352071,-0.20595524
1.6782013,9.266504,-0.58821297,7.9671745,1.5708611,-2.877444,0.9433954,-0.21248126
1.7471833,9.357468,-0.53513694,8.048668,1.5173655,-2.9473562,0.96444464,-0.2417534
1.7491088,9.311038,-0.5381546,8.082045,1.5192044,-2.8895311,0.9950855,-0.24182767
1.7920123,9.322075,-0.5276704,8.212333,1.4322634,-2.8762443,1.0722716,-0.24486619
1.7031056,9.385654,-0.3929987,8.153088,1.4123766,-2.945115,1.127326,-0.24940437
1.7722557,9.550189,-0.5062354,8.170156,1.3771496,-2.9600446,1.0970883,-0.24331075
1.6956012,9.538998,-0.57439375,8.05208,1.4140735,-2.9817152,0.95215607,-0.23444301
1.6082032,9.493141,-0.58381987,8.028183,1.3017514,-2.9493628,0.8925955,-0.21476328
1.6847787,9.504717,-0.58053756,8.043617,1.3966835,-2.9760704,0.8809601,-0.21971866
1.6342859,9.535288,-0.7640114,8.036958,1.3233206,-2.9130182,0.81165254,-0.21343765
1.6705687,9.666651,-0.6851341,8.214827,1.2739916,-2.9691584,0.8712425,-0.18536082
1.6365067,9.608212,-0.48743397,8.200356,1.2840657,-2.9110115,0.90036273,-0.257326
1.6686705,9.598339,-0.49521852,8.173931,1.2867639,-2.9669738,0.9122664,-0.24081814
1.6948137,9.5119,-0.7010219,8.144793,1.3244658,-2.934231,0.9732195,-0.22054228
1.7486814,9.516248,-0.71575594,8.083426,1.2966275,-2.9415135,0.9209728,-0.2376793
1.7399422,9.542874,-0.72122097,8.1061,1.2773719,-2.993004,1.0009265,-0.25074813
1.7051339,9.460528,-0.4506824,8.118093,1.2745929,-2.9971564,1.0126972,-0.25705636
1.688969,9.20488,-0.59751415,8.364647,1.6428115,-2.8408759,1.019239,-0.2518684
1.7062237,9.365247,-0.6102531,8.177145,1.5539494,-2.8826551,1.0214293,-0.20009431
1.7119247,9.522211,-0.6246103,8.1241665,1.5419602,-2.9506729,1.0000782,-0.19250092
1.6807966,9.3695965,-0.5795225,8.123236,1.577373,-2.8784602,1.0053163,-0.18591216
1.6851529,9.43498,-0.5352594,8.22912,1.5579691,-2.8742251,1.0019133,-0.19185543
1.7062168,9.528414,-0.5717074,8.0418,1.3558698,-2.901771,0.92092097,-0.20716438
1.7074184,9.51376,-0.57541883,8.108096,1.3824298,-2.9298005,1.0070195,-0.20089406
1.6842875,9.491192,-0.5726575,8.038136,1.4392948,-2.9297462,1.0125728,-0.19844681
1.6480544,9.449417,-0.56243914,7.9722085,1.2649813,-2.9286473,0.92534614,-0.19189367
1.61269,9.349438,-0.666485,7.8875623,1.258729,-2.920313,0.8515798,-0.19457823
1.6238983,9.3515415,-0.6224463,7.9281898,1.4721041,-2.996891,0.87341094,-0.151093
1.6387453,9.758187,-0.6236483,8.623585,1.636682,-2.995279,0.8853675,-0.20866325
1.7113466,9.836458,-0.60764694,8.500822,1.2466955,-2.9926124,0.8985963,-0.23618221
1.6697286,9.932729,-0.45766366,8.604101,1.3972123,-2.9380789,0.92471445,-0.25421298
1.6251359,9.886543,-0.54506814,8.28551,1.3267314,-2.9695427,0.89671993,-0.18721339
1.6697843,9.848328,-0.5324418,8.295381,1.5611434,-2.9951792,0.93514013,-0.16887051
1.6684082,9.752068,-0.50013715,8.231127,1.563842,-2.9971688,0.92136395,-0.19765508
1.8099082,9.806107,-0.5206344,8.361052,1.6307082,-2.988889,1.018435,-0.2093445
1.682103,9.377006,-0.7878232,8.426985,1.6227965,-2.9822264,0.8898239,-0.2161566
1.6422219,9.28201,-0.8155731,8.515081,1.6417017,-2.9825735,0.8946816,-0.24105433
1.6244972,9.288684,-0.8528041,8.518421,1.5562711,-2.9874072,0.86481845,-0.23917702
1.6507742,9.3509655,-0.69409627,8.467047,1.6557717,-2.9846036,0.8285228,-0.21351644
1.6137857,9.347164,-0.78657097,8.513615,1.6288362,-2.983777,0.88582504,-0.20600152
1.623486,9.251955,-0.72302943,8.446341,1.5982888,-2.9775798,0.8804383,-0.21869615
1.7094821,9.360887,-0.63102776,8.378303,1.7036135,-2.9836483,0.8941288,-0.20632657
1.7317585,9.404437,-0.59235716,8.381173,1.730511,-2.9664881,0.92734647,-0.21980104
1.7607212,9.32583,-0.67457867,8.509081,1.7805889,-2.9612348,1.010608,-0.19463629
1.7681364,9.323496,-0.6405778,8.423834,1.7874315,-2.971321,0.9766849,-0.21045852
1.7515168,9.3853855,-0.61634463,8.374698,1.7594557,-2.9696212,0.9363525,-0.18966648
1.7844836,9.392365,-0.6304114,8.45031,1.7317307,-2.9919927,0.9473562,-0.1859113
1.7453754,9.38883,-0.6652669,8.296492,1.7082875,-2.997658,0.90400887,-0.21049553
1.834578,9.318165,-0.571596,8.417965,1.7319243,-2.9566038,0.9637611,-0.23260888
1.8609955,9.322529,-0.5205333,8.660401,1.7938054,-2.9567707,1.0390642,-0.2233125
1.8948714,9.225372,-0.47268295,8.569691,1.816442,-2.980172,1.0694017,-0.20125479
1.785143,9.387117,-0.36576414,8.700903,1.8890707,-2.9682536,1.1492944,-0.19451708
1.7827383,9.29418,-0.3961864,8.812012,1.9636366,-2.9640684,1.1939907,-0.18683177
1.7695688,9.443653,-0.3966788,9.734193,1.9191515,-2.9520962,1.1789265,-0.1927236
1.7738326,9.374622,-0.39358526,9.438856,1.916652,-2.8699553,1.2561784,-0.20792112
1.811623,9.273588,-0.42875195,9.527015,1.9355605,-2.9855285,1.2586558,-0.20937383
1.8337733,9.220318,-0.3978979,9.453948,1.9401622,-2.9618866,1.1738956,-0.19700438
1.7968342,9.283545,-0.33769417,9.248451,1.9699454,-2.995498,1.1717653,-0.20210856
1.7594287,9.29715,-0.32614636,9.705975,1.9797506,-2.996157,1.1585522,-0.18989056
1.7819865,9.31214,-0.3359028,8.575269,1.9229414,-2.9592843,1.1655018,-0.1830056
1.7865115,9.343836,-0.28928858,9.680189,1.9481525,-2.9919941,1.236053,-0.1403014
1.739961,9.307272,-0.28353542,9.692285,1.9591303,-2.99832,1.4413686,-0.13559926
1.4391958,9.216321,-0.21810853,9.686784,1.9757721,-2.989368,1.4912796,-0.13283372
1.4692308,9.210312,-0.16009325,9.43642,1.7947371,-2.9236546,1.6319237,-0.08185908
1.4777979,9.178484,-0.18159813,9.363268,1.7722001,-2.9917617,1.7730901,-0.026450932
1.4847598,9.157437,-0.13734955,9.353178,1.695786,-2.9866393,1.7999139,-0.016574562
1.4959148,9.196458,-0.061620593,9.35486,1.771296,-2.9965324,1.7644083,0.02591312
1.502829,9.185915,-0.14755976,9.343284,1.794522,-2.9972034,1.7511916,0.0038539171
1.5071645,9.179025,-0.119778395,9.389112,1.8096957,-2.993617,1.7323256,-0.0054517984
1.4599642,9.234898,-0.13938439,9.397801,1.8714676,-2.9584584,1.7285457,0.0025527477
1.465116,9.277229,-0.13465416,9.393382,1.9106553,-2.9286435,1.71822,0.0058846474
1.4162047,9.301183,-0.13178587,9.369541,1.9439352,-2.954112,1.6899011,0.000864923
1.4467132,9.255468,-0.12808728,9.319273,1.9359229,-2.9706695,1.7061262,0.013539195
1.4469565,9.243391,-0.153929,9.27495,1.8924701,-2.9192317,1.7496922,-0.002250731
1.4205532,9.238897,-0.16249704,9.2407675,1.8647211,-2.9595852,1.7344542,-0.0021517873
1.4207118,9.2621155,-0.16491657,9.268478,1.9479518,-2.9816046,1.7587287,-0.008893251
1.4143217,9.228298,-0.17256975,9.376076,1.8909783,-2.9379873,1.6901724,-0.027052522
1.4830225,9.248631,-0.18217301,9.382618,1.4319236,-2.9128525,1.5830159,-0.051894248
1.5849224,9.247118,-0.15230376,9.460106,1.5636828,-2.8233416,1.5473158,-0.024514973
1.6129568,8.961533,-0.10228193,9.548452,1.5509658,-2.8086064,1.5225732,-0.046065003
1.6515906,8.911728,-0.114867985,9.641521,1.6544132,-2.8068528,1.49125,-0.116281986
1.6712015,9.020605,-0.08082646,9.62616,1.646513,-2.7684813,1.4137352,-0.12933603
1.6757722,8.9126625,-0.114959955,9.666769,1.6986144,-2.7686043,1.4321897,-0.122663796
1.7041967,9.1491585,-0.12502897,9.707071,1.656069,-2.8410325,1.4366515,-0.16465348
1.7262082,8.973087,-0.0983901,9.809011,1.9228551,-2.9037797,1.4304664,-0.11978197
1.6937166,8.915963,-0.10133314,9.6935,1.8808794,-2.9254203,1.5291891,-0.05988437
1.6951325,9.006676,-0.10770023,9.529078,1.9268956,-2.8506346,1.3981669,-0.033912092
1.7494328,9.175433,-0.109217525,9.4479065,1.8313553,-2.8359652,1.4572608,-0.033754587
1.7747122,9.166576,-0.11226797,9.431854,1.9302888,-2.795337,1.4131117,-0.013371766
1.7736958,9.167732,-0.10808158,9.396805,1.9733965,-2.8316045,1.3861077,-0.05372578
1.7986344,9.226794,-0.14883584,9.601757,1.995678,-2.7370136,1.4065664,-0.077524275
1.8029399,9.252647,-0.14965737,9.455506,1.393848,-2.7832131,1.4384408,-0.09011781
1.7780206,9.352551,-0.23524725,9.376535,1.5512788,-2.8485982,1.4733493,-0.18865424
1.7527299,9.375414,-0.25184476,9.481283,1.4968729,-2.8482707,1.4905,-0.14410433
1.7654588,9.359213,-0.22767997,9.390983,1.5346591,-2.7644825,1.4841206,-0.07266718
1.7538273,9.354682,-0.21420217,9.361532,1.4128783,-2.879319,1.2615826,-0.08391881
1.7437783,9.379028,-0.34104484,9.293217,1.3406467,-2.8991356,1.3385649,-0.04789734
1.757721,9.390814,-0.3415625,9.305654,1.3530374,-2.8978162,1.3199117,-0.057515204
1.7512767,9.451988,-0.38750386,9.309101,1.5452299,-2.9395292,1.1304181,-0.07156795
1.7505019,9.45783,-0.36789757,9.346443,1.5724652,-2.9137158,1.3722241,-0.06820589
1.701979,9.457861,-0.3862325,9.414058,1.4092207,-2.9892871,1.3439922,-0.06844947
1.7016212,9.423113,-0.36216754,9.397451,1.3676884,-2.978999,1.3673623,-0.08006853
1.7068459,9.3988495,-0.32025355,9.3823185,1.3472052,-2.8442972,1.4465685,-0.07762903
1.7106711,9.43387,-0.37481397,9.448393,1.3625479,-2.8700469,1.4591837,-0.06811154
1.7106473,9.521282,-0.3745138,9.274536,1.3760221,-2.8370452,1.5402088,-0.0726192
1.7188509,9.572824,-0.4278685,9.131981,1.7028689,-2.7431793,1.5528564,-0.087706745
1.684826,9.563643,-0.43489504,9.139803,1.6556528,-2.7407367,1.4161541,-0.04203123
1.6797713,9.558218,-0.48139596,9.114807,1.5743802,-2.796983,1.4103515,-0.048033953
1.656251,9.596434,-0.49296236,9.164606,1.7107847,-2.8216312,1.507252,-0.050653756
1.670019,9.599194,-0.46935892,9.175755,1.8073123,-2.8153465,1.4742072,-0.049603105
1.6671433,9.612566,-0.46248806,9.215718,1.6801538,-2.843459,1.4803104,-0.05180341
1.2816737,9.700097,-0.3909222,9.247744,1.7334883,-2.9522445,1.5127063,0.0008826852
1.3517237,9.705577,-0.4120193,9.135214,1.6818047,-2.9367778,1.7148561,0.003756702
1.3718687,9.643539,-0.38481808,9.213544,1.5897825,-2.9451401,1.6398292,-0.0066744387
1.3254503,9.613552,-0.38390112,9.238905,1.8433115,-2.937891,1.6149626,-0.07562578
1.2877121,9.590578,-0.36687952,9.277523,1.68292,-2.986838,1.7097032,-0.061126143
1.1611974,9.578638,-0.30283433,9.270737,1.4099596,-2.976539,1.5413613,0.0032364726
1.2282567,9.660573,-0.29699194,9.272369,1.5088024,-2.9674387,1.5258884,0.016417742
1.2205465,9.744534,-0.3018279,9.237488,1.5023687,-2.994199,1.5540378,0.02480936
1.273384,9.784704,-0.43259823,9.2534485,1.5470057,-2.988023,1.5452504,0.008061707
1.5241252,9.651424,-0.5038047,9.298166,1.5886321,-2.9920437,1.4903805,-0.0023092628
1.5313883,9.698055,-0.44104522,9.283743,1.5725784,-2.940917,1.5333982,-0.026604682
1.5379373,9.747281,-0.45284784,9.172733,1.5267174,-2.990677,1.5364053,0.010010004
1.5826759,9.76269,-0.47610295,9.32128,1.5470858,-2.9935567,1.5760856,-0.024024934
1.6163898,9.702788,-0.4702772,9.311622,1.5838525,-2.941857,1.5965676,-0.053548723
1.5465591,9.679672,-0.4643315,9.292781,1.607444,-2.9092474,1.6032372,-0.040880024
1.6803148,9.544904,-0.46829307,9.28122,1.7229831,-2.9880311,1.5711389,-0.052457064
1.6069503,9.555311,-0.45446908,9.304737,1.8883519,-2.8745406,1.6650574,-0.085713595
1.5825037,9.582081,-0.45754027,9.331762,1.9336865,-2.7994316,1.6268146,-0.03022784
1.6070983,9.571648,-0.462964,9.273219,1.9019086,-2.8059158,1.70963,-0.009644985
1.6150523,9.606014,-0.45653236,9.151204,1.9285848,-2.8244138,1.5932715,-0.04047492
1.6115248,9.620831,-0.4113474,9.141165,1.7690938,-2.823654,1.6262546,0.05592835
1.61641,9.548752,-0.39026368,9.069017,1.7118556,-2.769878,1.6394563,0.061098218
1.6101872,9.58432,-0.46733248,9.06868,1.7895322,-2.7557638,1.534713,0.0560925
1.6133887,9.610605,-0.46746582,9.097858,1.7952123,-2.7577252,1.5410633,0.028245926
1.5965414,9.603876,-0.47707963,9.039923,1.7933362,-2.766693,1.6118352,0.0022488832
1.6174394,9.635449,-0.45511025,9.141159,1.7980978,-2.8849208,1.5510964,0.052444458
1.6251734,9.645566,-0.46363962,9.14308,1.8116686,-2.8770351,1.4550884,0.057747424
1.6547372,9.694107,-0.4927594,9.146458,1.8520088,-2.861181,1.4983351,0.050405443
1.630275,9.687331,-0.48786098,9.091518,1.8727179,-2.8945692,1.513937,0.041988432
1.6342268,9.667519,-0.48308378,8.944586,1.549304,-2.8165677,1.4582441,0.058603823
1.5725856,9.686073,-0.49913025,8.913038,1.6224442,-2.857907,1.4834538,0.07034755
1.494678,9.698559,-0.48190552,8.919654,1.7634902,-2.8666897,1.4565399,0.083406806
1.6202261,9.7128725,-0.47838998,9.041964,1.8178327,-2.9512591,1.4410698,0.07289076
1.6555908,9.706146,-0.45521355,9.008353,1.7956176,-2.9372907,1.354363,0.063661695
1.6485534,9.724502,-0.5151806,9.103026,1.8417218,-2.9590452,1.4863267,0.050720632
1.6039888,9.719782,-0.51344734,9.084246,1.6735077,-2.9890497,1.4456213,0.060266197
1.6325662,9.715445,-0.40038735,8.996444,1.5906248,-2.9502203,1.5044446,0.057103634
1.6371218,9.811878,-0.4522617,9.017616,1.6271579,-2.9443927,1.4391823,0.05620742
1.5065572,9.68273,-0.49075902,9.069986,1.60432,-2.9594662,1.3455486,0.06934041
1.525416,9.72616,-0.48583382,9.041794,1.875175,-2.9456217,1.4544535,0.07759148
1.4848883,9.726362,-0.4878052,8.920038,1.6448715,-2.948014,1.4349155,0.072455466
1.448047,9.758724,-0.4365853,8.954404,1.6904817,-2.9510465,1.3970857,0.09260273
1.4500127,9.6905575,-0.51046854,8.971512,1.6676075,-2.946509,1.3104131,0.064587176
1.4583294,9.699909,-0.5517732,9.004501,1.8256073,-2.9232287,1.2525048,0.047665834
1.4861083,9.689163,-0.56811255,9.0094595,1.9349666,-2.9534922,1.2761254,0.038565636
1.4620223,9.730934,-0.56722313,9.082651,1.895663,-2.9331129,1.3520188,0.027580619
1.4464791,9.643892,-0.5793514,9.103325,1.7480457,-2.9770331,1.3135002,0.063892424
1.3814548,9.718517,-0.5410881,9.094356,1.6110904,-2.9616816,1.3725519,0.02254504
1.3686173,9.747307,-0.5512122,9.112488,1.7675459,-2.9691217,1.3625429,0.015574813
1.4033408,9.725321,-0.559831,9.102434,1.8220415,-2.9797454,1.3363848,0.00826174
1.4128349,9.658785,-0.6666727,9.0900345,1.7295868,-2.9371989,1.4063342,-0.016789436
1.4396172,9.561143,-0.6621544,9.09144,1.6673198,-2.9414122,1.4224994,-0.013825417
1.6957027,9.515576,-0.6864724,9.146456,1.6661317,-2.9772677,1.4154675,-0.072904974
1.7413199,9.495888,-0.66628635,9.165024,1.7523394,-2.9740162,1.3404889,-0.050370842
1.7201002,9.477606,-0.3427741,9.167675,1.6556289,-2.9728074,1.3390868,-0.05616975
1.7058547,9.515803,-0.3619777,9.363493,1.5701427,-2.8699553,1.4819043,-0.052932024
1.6207755,9.441964,-0.3901661,9.330658,1.5150404,-2.9018977,1.4931209,-0.040097
1.624099,9.358086,-0.40992248,9.387895,1.574136,-2.9138951,1.2747068,-0.050403953
1.6148522,9.390232,-0.42150223,9.3654785,1.4453886,-2.9199333,1.3384738,-0.015035152
1.6104882,9.406603,-0.4292559,9.43013,1.4689794,-2.9758172,1.375046,-0.03728199
1.6673293,9.424244,-0.39620662,9.314625,1.6899915,-2.926685,1.2294159,-0.036060512
1.6550429,9.421122,-0.40152442,9.311079,1.6464088,-2.8912091,1.3777089,-0.030339658
1.4162416,9.475021,-0.35442853,9.363129,1.6054173,-2.9201202,1.3760035,-0.020368636
1.3770257,9.495548,-0.29714012,9.346001,1.5957627,-2.882755,1.3844411,-0.038277864
1.4443388,9.42113,-0.2904222,9.348351,1.4760661,-2.8480692,1.3080535,-0.049082756
1.4393623,9.362339,-0.27687824,9.377187,1.512321,-2.8562722,1.5240173,-0.051677227
1.6520947,6.713259,0.73778605,8.531939,-1.8646652,-2.7670226,-0.4346549,0.9920273
1.5958906,6.9035635,0.7557771,8.507762,-1.7978495,-2.8698752,-0.45335126,0.9966198
1.6253182,7.1354337,0.69724464,8.492672,-1.7562973,-2.8660295,-0.46904504,0.9981508
1.7595263,7.3734164,0.703861,8.45174,-1.6200969,-2.893569,-0.53735566,0.9999081
1.6863191,7.2543,0.6957698,8.455748,-1.6333592,-2.9645438,-0.5796677,0.99538505
1.7052608,7.295424,0.65493584,8.458822,-1.5786656,-2.9526823,-0.6058055,0.99313235
1.7381064,7.218395,0.6516378,8.443657,-1.5343469,-2.8807163,-0.57951254,0.9968107
1.6796715,7.3704042,0.62109375,8.346305,-1.960421,-2.8405144,-0.5727751,0.979967
1.886843,7.3147454,0.7333412,8.279985,-1.8397685,-2.8706594,-0.58178055,0.9655385
1.7449349,7.0432334,0.76485896,8.308006,-1.7891409,-2.8534849,-0.51246643,0.93944144
1.7603793,7.1363063,0.76054144,8.286887,-1.8708273,-2.934706,-0.55632836,0.93808293
1.7657814,7.5173187,0.7714951,8.311862,-1.9103136,-2.953655,-0.5266198,0.88447046
1.7476032,7.233295,0.7570207,8.352238,-1.8819976,-2.9098485,-0.5461232,0.9097992
1.7351488,7.2037735,0.7718755,8.400895,-1.8431376,-2.921643,-0.55974257,0.93282723
1.6961758,7.099412,0.8107829,8.383654,-1.8448477,-2.9400327,-0.5516424,0.9295291
1.7234725,7.0899386,0.7571342,8.439751,-1.650286,-2.9560184,-0.5918851,0.927469
1.7578895,7.2702136,0.7565975,8.461626,-1.6581254,-2.9126165,-0.6147618,0.95398796
1.7674104,7.3137245,0.7649727,8.435986,-1.6545713,-2.994476,-0.725288,0.982741
1.7878193,7.246723,0.7797891,8.509884,-1.7252731,-2.9229665,-0.45014888,0.9735105
1.7691356,7.7695684,0.7930598,8.6152525,-1.7823296,-2.9423656,-0.3159091,0.9976059
1.7368506,7.4528794,0.77494454,8.669457,-1.8193767,-2.9005458,-0.6912772,0.9993222
1.7006478,7.588076,0.8071363,8.542565,-1.7341285,-2.9926083,-0.6638844,0.99312115
1.6389441,7.6814156,0.80972886,8.503422,-1.6052727,-2.9993896,-0.5550133,0.9866016
1.6636206,7.55798,0.77669346,8.472664,-1.9477605,-2.997299,-0.4846961,0.9913069
1.851255,7.59972,0.7975514,8.519852,-1.9471155,-2.997756,-0.5554064,0.98950243
1.8383554,7.789623,0.7864659,8.507927,-1.9797094,-2.98672,-0.69332147,0.9833783
1.8162034,7.7662845,0.78385043,8.5445175,-1.9804391,-2.992974,-0.6795945,0.9903921
1.889129,8.118286,0.8361813,8.529959,-1.8504958,-2.8673332,-0.6592556,0.9798341
1.8982488,8.272287,0.84276295,8.483491,-1.8164272,-2.8568482,-0.7928731,0.96943045
1.8898789,8.130296,0.84127665,8.429699,-1.9795556,-2.8796015,-0.87101036,0.80415463
1.8779582,8.152375,0.94869304,8.362558,-1.566375,-2.866291,-0.8316481,0.8607652
1.866228,7.8053637,0.9249468,8.262857,-1.5340929,-2.8901472,-0.85239315,0.8243681
1.843583,7.1850305,0.8809247,8.241364,-1.5866859,-2.8760574,-0.39471507,0.8217566
1.868594,7.916079,0.890656,8.2975,-1.5770285,-2.8197541,-0.57140404,0.7823019
1.8234164,7.8409076,0.8924017,8.396097,-1.5375242,-2.8134246,-0.6333896,0.8047106
1.8451766,7.9683547,0.935004,8.51661,-1.6013335,-2.8853438,-0.58050066,0.80689394
1.8295419,8.086801,0.9081507,8.579618,-1.7889628,-2.886694,-0.6710964,0.80225503
1.8331664,7.984393,0.9705807,8.56674,-1.7507854,-2.8870516,-0.75736034,0.81374824
1.8553745,8.463192,1.0277042,8.005281,-1.5542613,-2.9264753,-0.57244337,0.91976166
1.8314126,8.776534,1.1883717,7.9027576,-1.4764142,-2.8746183,-0.99544156,0.93171656
1.8060505,8.488491,1.1757746,7.6408024,-1.2537599,-2.811094,-0.99442095,0.9232447
1.794195,8.615955,1.2307272,7.749273,-1.2806001,-2.8688278,-0.9889793,0.86587644
1.7639831,8.708418,1.2298889,7.79514,-1.3470762,-2.8717086,-0.99226934,0.9041555
1.7491546,8.707028,1.2288733,7.7084837,-1.2814176,-2.8693683,-0.96273035,0.93774223
1.7659934,9.67991,1.2448251,7.732325,-1.5269644,-2.8406386,-0.9355947,0.91402435
1.7799306,9.431439,1.26544,7.848941,-1.5145961,-2.7463355,-0.9028119,0.92937577
1.7943292,9.692863,1.3338394,7.9069586,-1.5942334,-2.950041,-0.8547253,0.9523399
1.7895668,9.4960575,1.4005041,7.921768,-1.5200213,-2.8363655,-0.96474963,0.94640064
1.7840035,9.401978,1.3738589,7.9923954,-1.5898095,-2.8706815,-0.7821362,0.9122927
1.7705301,9.169406,1.2724855,7.906122,-1.5800068,-2.806068,-0.7766773,0.88124514
1.6936526,9.128653,1.5995181,7.786426,-1.5483352,-2.7975805,-0.74366915,0.87924683
1.7708462,9.066767,1.5755534,7.624802,-1.5620126,-2.7986035,-0.7923769,0.8572438
1.7658834,9.111427,1.5474381,7.8922043,-1.5649673,-2.7256348,-0.8542694,0.8574617
1.6720982,9.122297,1.4065993,7.9078617,-1.6637464,-2.832493,-0.90534145,0.8218579
1.7461326,9.308264,1.5008829,7.906513,-1.6653469,-2.8577359,-0.8656091,0.843402
1.675118,8.9318695,1.3860326,7.529737,-1.6442053,-2.9047272,-0.9111,0.8371197
1.6746743,9.280342,1.4753518,7.2577233,-1.6151551,-2.9259243,-0.9605871,0.8115145
1.6834896,9.143686,1.3601542,7.1838627,-1.6325737,-2.6364079,-0.9586773,0.7850385
1.7160249,9.447445,1.3106663,7.174881,-1.4823191,-2.6604698,-0.9551323,0.75755453
1.7433105,9.651976,1.2108321,7.191349,-1.3838947,-2.673687,-0.95804006,0.7522216
1.7076716,9.703385,1.2786646,7.28273,-1.701941,-2.7538056,-0.9381617,0.75260115
1.7305689,9.531624,1.3931468,7.4414616,-1.6512157,-2.7395968,-0.95329094,0.8000773
1.7054292,9.567701,1.3196282,8.198248,-1.6003972,-2.7673793,-0.9733954,0.8277317
1.7104301,9.602327,1.3165131,8.218643,-1.6047728,-2.805974,-0.95440847,0.857286
1.7161813,9.565203,1.3052118,8.080827,-1.5956241,-2.872243,-0.9625382,0.8613149
1.6940035,9.563269,1.2923365,7.7564206,-1.7437823,-2.8891628,-0.88445985,0.8563683
1.7253002,9.532021,1.4583931,7.6241765,-1.5828614,-2.714162,-0.9797971,0.80758023
1.6747695,9.596471,1.4165945,7.196146,-1.4778497,-2.7089984,-0.9679216,0.77886105
1.8941597,9.525007,1.3306489,7.1755633,-1.5212474,-2.7092128,-0.82188606,0.8299421
1.8491623,9.340656,1.4389641,7.2986746,-1.3839679,-2.7513797,-0.8221193,0.84797907
1.7072921,9.385159,1.3733251,7.096641,-1.3329101,-2.7359312,-0.94710535,0.84304047
1.8174846,9.347668,1.5032496,7.100193,-1.19913,-2.6514633,-0.93367946,0.8333663
1.7884469,9.035934,1.5075722,7.0895877,-1.1166275,-2.6682057,-0.980349,0.83421826
1.7544689,9.072359,1.5204558,7.0724635,-1.183511,-2.7166462,-0.857582,0.83356285
1.8112457,9.256025,1.3900175,7.246289,-1.1483827,-2.6531072,-0.81254065,0.88371396
1.7037852,9.21979,1.4380889,7.339118,-1.1030178,-2.8307748,-0.979972,0.8922044
1.8336318,9.665046,1.4417171,7.2127047,-1.2545035,-2.6710677,-0.8202904,0.8716059
1.8179309,9.922649,1.3949785,7.2074866,-1.0759783,-2.7055972,-0.7936053,0.8659562
1.8232578,9.947855,1.3575823,7.239857,-1.2049248,-2.6522062,-0.8249086,0.8940964
1.8510611,9.980423,1.0744236,7.466379,-1.2499602,-2.6200852,-0.9243465,0.9047682
1.9471586,9.909506,1.2566953,7.641158,-1.2488704,-2.535187,-0.91353637,0.90717244
1.9300985,9.863167,1.1956413,7.749356,-1.2285445,-2.4631033,-0.78851575,0.8775841
1.9158344,9.8913555,1.1895175,7.6762714,-1.245549,-2.514177,-0.8395613,0.87201333
1.8968087,9.998074,1.2163677,7.5839496,-1.2398788,-2.5044067,-0.779286,0.87403464
1.860413,8.6363945,1.2203789,7.508523,-1.2764189,-2.5591679,-0.85049134,0.83815813
1.8514946,8.462259,1.1910918,7.2496305,-1.3264474,-2.602902,-0.8766788,0.8054619
1.8124766,8.52985,1.16714,7.4234667,-1.3254361,-2.5930247,-0.86432546,0.7484112
1.7655475,8.07305,1.1712697,7.490979,-1.3729045,-2.619923,-0.7535302,0.88298035
1.8044646,8.075135,1.2547419,7.775211,-1.2902117,-2.647899,-0.8500681,0.88324845
1.6702572,8.130724,1.193327,7.5862975,-1.1567963,-2.571459,-0.8031448,0.91010296
1.6554134,8.140583,1.3925543,7.4223924,-1.1811491,-2.747724,-0.78342026,0.9045918
1.6386238,8.373275,1.4820142,7.281252,-1.1674844,-2.8176727,-0.76584697,0.9076214
1.595481,8.364127,1.4363241,7.402023,-1.1212184,-2.8749332,-0.7509266,0.9274461
1.6653359,8.426189,1.4544048,7.6319184,-1.0997804,-2.8315816,-0.7792721,0.9347694
1.646145,8.404971,1.4484808,7.4589705,-1.1620617,-2.825944,-0.7604517,0.94231987
1.6449504,8.5484085,1.4743834,7.5386934,-1.1182256,-2.7902381,-0.78445524,0.95418406
1.7828522,8.45417,1.1237657,7.641227,-1.1931643,-2.7658017,-0.77094966,0.9559164
1.7317346,8.401365,1.362783,7.6017437,-1.0442952,-2.766064,-0.7175265,0.9551232
1.729138,8.413965,1.2506139,7.6649704,-1.077708,-2.6718872,-0.7331232,0.957173
1.7312843,8.419214,1.2752645,7.690293,-1.2036505,-2.7193716,-0.7463251,0.95746183
1.7141205,8.48115,1.2283075,7.819722,-1.1844099,-2.7927227,-0.65780234,0.9693266
1.7966424,8.578001,1.0707338,7.8215566,-1.1579258,-2.9776213,-0.7096604,0.96455336
1.7393894,8.560394,1.3208416,7.808387,-1.2480127,-2.9369326,-0.6515593,0.9723164
1.7619803,8.642311,1.3320758,7.818489,-1.0047616,-2.9966056,-0.70646834,0.96058655
1.7470752,8.6831875,1.2174163,7.8231735,-1.2169263,-2.9309306,-0.9100649,0.9497223
1.7527263,8.583346,1.1118283,7.8418818,-1.2513068,-2.9545252,-0.9503806,0.92839503
1.7501465,8.437889,1.1602263,7.797567,-1.1316813,-2.9540126,-0.9484422,0.8765652
1.6668851,8.41539,1.1763432,7.908512,-1.1900136,-2.8936028,-0.93062824,0.8536986
1.6725011,8.46575,1.1715913,8.026726,-1.1897285,-2.896873,-0.9448653,0.84239674
1.7169019,8.480579,1.2516868,7.6886163,-1.1496502,-2.8816953,-0.8838734,0.89700794
1.6213348,8.3835945,1.2404933,7.6127453,-1.2129364,-2.868514,-0.8993613,0.90333545
1.7796319,8.404501,1.2733598,7.5183396,-1.4374368,-2.7606552,-0.85865384,0.89636207
1.7986512,8.474524,1.0774956,7.431732,-1.2551639,-2.7606416,-0.8511074,0.9029896
1.8218505,8.496668,1.197248,7.436988,-1.1167798,-2.762603,-0.8227333,0.90270615
1.774038,8.556342,1.1882477,7.490669,-1.0972996,-2.8259778,-0.8034764,0.89773583
1.8022686,8.467741,1.1208682,7.536488,-1.1098608,-2.837427,-0.74111366,0.89889026
1.8184787,8.495202,1.0993075,7.3535957,-1.2754716,-2.815955,-0.59777296,0.88651633
1.8189179,8.453751,1.0913393,7.353339,-1.2185407,-2.8287632,-0.7775906,0.8821213
1.7839664,8.415815,1.0766277,7.375572,-1.3599739,-2.7122726,-0.7681808,0.8971356
1.791305,8.419597,1.1504655,7.361016,-1.0799826,-2.794852,-0.7562786,0.85005474
1.7467834,8.387806,1.0843112,7.355156,-1.0589206,-2.788192,-0.80397874,0.8846326
1.7036159,8.418352,1.3355284,7.403227,-1.0517185,-2.798081,-0.71708786,0.9106997
1.720685,8.382912,1.135181,7.441822,-1.1797101,-2.8405085,-0.80206037,0.8933121
1.6882519,8.384586,1.1758499,7.4561777,-1.2743871,-2.8604403,-0.88302076,0.9123372
1.6522018,8.465831,1.2177467,7.7455935,-1.1893549,-2.8318632,-0.9129762,0.91635454
1.5784371,8.49907,1.4018035,7.4741325,-1.1453735,-2.7833343,-0.96513194,0.8821757
1.5947584,8.731653,1.4574933,7.3653407,-1.0692353,-2.8952107,-0.9769234,0.873129
1.6195089,9.180811,1.4851441,7.0850325,-1.1852399,-2.8532817,-0.9395833,0.86408293
1.5772332,8.918287,1.4368558,7.164236,-1.2359166,-2.8471546,-0.9191421,0.84781206
1.5699707,9.075141,1.360765,7.014878,-1.2685575,-2.9911292,-0.8011105,0.84797335
1.564389,9.364628,1.350013,7.068355,-1.1693122,-2.9154887,-0.96706825,0.89807427
1.5638578,9.070118,1.2019563,6.994094,-1.048073,-2.9307747,-0.90619695,0.93350387
1.5689797,9.07239,1.2389991,6.9104905,-1.0442729,-2.9475079,-0.8976884,0.90571606
1.5109996,9.066633,1.4009204,6.77378,-1.1148456,-2.7534158,-0.7017641,0.9331105
1.5757651,8.949038,1.5099661,6.8261027,-1.0992038,-2.7775168,-0.64563835,0.89770997
1.5718813,9.413679,1.4645381,6.9287987,-1.1509995,-2.8700595,-0.6266463,0.8859885
1.5823157,9.497929,1.2099538,6.9162936,-1.2195526,-2.8581674,-0.62732065,0.8594191
1.5756652,9.605562,1.2039475,6.9391003,-1.211071,-2.8743424,-0.71820337,0.8695226
1.6220822,9.067192,1.1918335,6.925376,-1.1986005,-2.854725,-0.56568116,0.9858993
1.6185089,9.145477,1.2308545,6.9032784,-1.2078671,-2.8722157,-0.29193568,0.9741652
1.6125515,8.944744,1.1859183,6.8627844,-1.1828525,-2.8239162,-0.7922385,0.96718144
1.6107917,9.3656025,1.1092124,6.8558207,-1.1725596,-2.8072357,-0.734756,0.9770701
1.6236532,9.067574,1.1602066,6.7801075,-1.1846272,-2.8180633,-0.7687067,0.97528386
1.6244549,9.145514,1.1518583,6.738596,-1.2502515,-2.830774,-0.7608807,0.9336256
1.7036256,9.105141,1.1411641,6.8449903,-1.1336025,-2.8577788,-0.86329705,0.9206066
1.7336558,9.063026,1.1336687,6.7802744,-1.1912842,-2.888637,-0.846534,0.91605246
1.6522725,9.2666,1.1384811,6.6629963,-1.132457,-2.803994,-0.8391414,0.9161228
1.6238431,9.090565,1.1297319,6.698104,-1.2427092,-2.8187118,-0.7747173,0.92712426
1.698179,9.2644005,1.2511206,6.779588,-1.1206427,-2.7936628,-0.7642354,0.9374869
1.6870668,9.379874,1.2286787,6.7333117,-1.1085229,-2.7740502,-0.7779753,0.9324281
1.7039504,9.263292,1.250895,6.63976,-1.1105199,-2.7807336,-0.7875766,0.90497494
1.7502266,9.201773,1.2243028,6.6144676,-1.1342858,-2.8187966,-0.7984654,0.8940544
1.6279964,9.23068,1.2442265,6.6105723,-1.2589464,-2.825612,-0.7539011,0.895838
1.5673987,8.9015255,1.2175918,6.7552633,-1.2958728,-2.8548443,-0.74250805,0.88253593
1.6341542,9.268162,1.1676826,6.751933,-0.8631309,-2.8729138,-0.7378862,0.8661462
1.6315897,9.1994,1.1775529,6.683845,-0.8683481,-2.8586133,-0.8231256,0.84611607
1.646022,9.4691105,1.2398672,6.6381655,-0.94175947,-2.8742776,-0.7029458,0.849947
1.6260211,9.360992,1.2657461,6.690243,-0.9536822,-2.9222136,-0.8566047,0.8493509
1.6309589,9.393241,1.2668936,6.9212255,-0.9883423,-2.9212146,-0.89875317,0.8480977
1.6392652,9.361525,1.2618048,6.83529,-1.025546,-2.957705,-0.8969462,0.85425305
1.6469333,9.37245,1.3110282,6.9343147,-1.0183475,-2.931367,-0.9213884,0.8674996
1.6751796,9.498058,1.4486647,6.920125,-1.1056831,-2.9355104,-0.9335915,0.83934975
1.7218244,9.836683,1.4508092,6.877199,-1.0051183,-2.9147594,-0.9547043,0.8340211
1.6969529,9.446726,1.4635456,6.8428607,-0.99469995,-2.8772423,-0.9230805,0.85362875
1.7689927,9.861532,1.4709318,6.798539,-0.9780414,-2.9376953,-0.97410595,0.8539132
1.7198236,9.403275,1.337852,7.1924477,-0.9988929,-2.922562,-0.95915157,0.8783903
1.7131245,9.43035,1.3089881,7.1316013,-0.9108528,-2.9449062,-0.9735088,0.93070424
1.6877252,9.275569,1.2365015,7.1297727,-0.9631797,-2.9389207,-0.9017683,0.90222
1.6079583,9.334944,1.2345581,7.025671,-1.185234,-2.9638472,-0.91962826,0.8739011
1.638468,9.262468,1.3294988,7.188572,-1.2225654,-2.9415784,-0.9506076,0.8768976
1.6174598,9.279367,1.2687378,6.900133,-1.1275392,-2.9253137,-0.91368717,0.8569759
1.6653426,9.356426,1.2084818,6.961919,-1.0184053,-2.9277236,-0.775702,0.8612833
1.6661643,9.417702,1.1438785,7.0120196,-1.0916708,-2.9338307,-0.900825,0.8764981
1.6689899,9.876904,1.1721978,6.908681,-1.1269469,-2.9378562,-0.8940716,0.83546054
1.6562126,9.976079,1.1555817,6.9550643,-1.1303484,-2.8693895,-0.9329505,0.8442265
1.6718228,9.997334,1.1790524,7.0017204,-1.3045714,-2.954488,-0.9699088,0.8402016
1.6515133,9.990208,1.0000863,7.072174,-1.1312981,-2.9567862,-0.87230504,0.8190141
1.6569898,9.824945,1.0082343,6.9455166,-1.1179028,-2.9780116,-0.86563957,0.8434905
1.667997,9.765893,1.0501752,6.970931,-1.118646,-2.9738898,-0.8612617,0.8435924
1.6563879,9.484043,1.2002172,6.9711165,-1.1173904,-2.9476435,-0.87309194,0.8218665
1.6488683,9.43243,1.0641956,6.9500227,-1.1258984,-2.9170299,-0.8005383,0.7948396
1.6242816,9.231995,1.031383,6.9213657,-1.0196503,-2.906383,-0.75306416,0.8060205
1.6847674,9.35968,0.9716604,6.9516907,-1.024878,-2.882246,-0.7325451,0.79233515
1.6683767,9.224575,0.9612124,6.783866,-1.0348824,-2.8850644,-0.7108594,0.7855787
1.6469157,9.227981,1.018215,6.9333415,-1.0591216,-2.8675313,-0.7404729,0.77018905
1.6576977,9.511269,1.0224776,6.8812475,-1.0690622,-2.8732483,-0.7929373,0.77416134
1.6569892,9.73496,1.032069,6.8617015,-1.0675759,-2.8477087,-0.70005214,0.7497362
1.6567211,9.624651,0.9206631,7.0709305,-1.0543611,-2.8829775,-0.850621,0.7547803
1.7530062,9.222015,0.90473485,6.979191,-1.10024,-2.8909564,-0.7657407,0.74605155
1.7496222,9.244629,0.939296,6.9171233,-1.096828,-2.8848975,-0.6599457,0.75412834
1.7245861,9.326575,0.96783054,6.917496,-1.107637,-2.8826168,-0.7546699,0.755553
1.6569484,9.193299,0.98578286,6.889625,-1.0945776,-2.8699598,-0.64949906,0.7610961
1.6630152,9.008078,1.0072613,6.818668,-1.1236092,-2.9183567,-0.6750485,0.76359355
1.6664035,9.341792,1.0098779,6.7723684,-1.2971143,-2.8335116,-0.713711,0.7675768
1.6592088,9.219204,1.0398479,6.8403616,-1.052696,-2.8766124,-0.7425972,0.7853662
1.6711403,9.546489,0.99848497,6.9428477,-0.9974123,-2.8516088,-0.74376166,0.8039646
1.6462451,9.508003,0.9910886,6.8445067,-0.98214555,-2.8644826,-0.7696267,0.7956227
1.64673,9.656662,1.0694785,6.833417,-0.9722426,-2.8642402,-0.746704,0.79884887
1.6236976,9.461788,1.1064439,6.809181,-0.9859148,-2.872849,-0.73251987,0.80709887
1.6251848,8.846109,1.1122699,6.7453766,-1.1386893,-2.8826332,-0.79703665,0.8227513
1.6009426,9.41844,1.132153,6.8287716,-1.0764961,-2.9012754,-0.78208387,0.8233315
1.6160319,9.473898,1.1676359,6.7818623,-1.0488563,-2.993064,-0.7575772,0.80612016
1.6882343,9.551313,0.92083144,6.708699,-1.1105335,-2.8944829,-0.72091335,0.8190578
1.7307467,9.815828,1.1753943,6.704537,-0.91527,-2.8529828,-0.7095164,0.8300748
1.7786703,9.675531,1.1640301,6.731396,-1.0289366,-2.8084438,-0.6557641,0.8606329
1.724663,9.537016,1.2636015,6.7021084,-1.1213601,-2.884043,-0.74245495,0.8775139
1.6182606,9.440776,1.3074884,6.7035136,-1.0822053,-2.873188,-0.75103456,0.8731295
1.6362758,9.521896,1.3430741,6.7067137,-1.1055865,-2.8309348,-0.763748,0.86519575
1.6647706,9.511314,1.2249246,6.8617096,-1.1217058,-2.9253705,-0.7952827,0.8655592
1.7248423,9.772079,1.2722628,7.0975523,-1.0847437,-2.974671,-0.87071174,0.85032547
1.7085552,9.741241,1.2445605,6.967787,-1.0498946,-2.8094676,-0.84940106,0.86420846
1.7178303,9.999393,0.998415,6.8851523,-0.96052015,-2.7819517,-0.805133,0.8545339
1.7204336,9.706988,0.9653914,6.918348,-0.8913877,-2.741464,-0.63789773,0.86461437
1.756419,8.948477,0.9929464,6.8877764,-0.9578248,-2.7705138,-0.67548126,0.8776816
1.7652338,8.719919,1.1324553,6.998704,-0.95983493,-2.7682514,-0.47520357,0.88447106
1.7529895,8.796736,1.1155474,7.0453167,-0.9541385,-2.748514,-0.432769,0.8989085
1.7641443,8.674605,1.1116586,7.031163,-0.94610906,-2.7294102,-0.5521362,0.89733934
1.7376266,8.747894,1.1034718,7.023144,-0.92744267,-2.7717779,-0.4702919,0.9012363
1.7505777,8.747737,1.1250801,7.019647,-0.98134756,-2.7767339,-0.6112002,0.89827406
1.7558233,8.704328,1.1190567,6.9506187,-0.978927,-2.7307043,-0.5864425,0.90011036
1.7679586,8.76429,1.103507,7.0111866,-0.97863054,-2.7820606,-0.5825419,0.9120867
1.7889363,8.738386,1.1051488,7.217206,-1.0233328,-2.9105375,-0.47139722,0.8807378
1.7583466,8.826893,1.1978569,7.278179,-1.1010624,-2.881044,-0.6592835,0.91756964
1.8023884,8.957619,1.1025755,7.2272463,-1.1313231,-2.8838387,-0.6886567,0.9311174
1.8047279,8.933039,1.1965065,7.145087,-1.2137516,-2.9137986,-0.7090936,0.9213395
1.6787387,8.928007,1.2132406,7.1100416,-0.97659516,-2.823781,-0.7108984,0.91207385
1.6745671,8.86718,1.1795805,7.2818675,-1.0270103,-2.8896663,-0.6630943,0.92921925
1.679427,8.841871,1.260637,7.3422394,-1.0645547,-2.886401,-0.7661725,0.9474013
1.6597826,8.828707,1.2320678,7.23619,-1.046509,-2.9176054,-0.6462128,0.94010353
1.6432981,8.65664,1.145884,7.1517544,-1.1335433,-2.8494132,-0.6517474,0.92115855
1.6844544,8.845079,1.2242627,7.2112455,-1.1327524,-2.8643904,-0.66093457,0.9575372
1.7024307,8.76972,1.1534631,7.2144194,-1.1260598,-2.8358836,-0.698182,0.9493661
1.6938809,8.82776,1.1970456,7.216256,-1.173857,-2.8496358,-0.6373879,0.95841193
1.6996713,8.818797,1.1606197,6.995908,-1.1562862,-2.7788827,-0.6409037,0.94339705
1.6665033,9.021834,1.1666117,7.004213,-0.98906887,-2.819865,-0.6776708,0.9606507
1.6612176,9.024364,1.2091415,6.9842057,-1.201921,-2.8216093,-0.68326056,0.9656398
1.6853154,8.982973,1.248976,6.8286166,-1.0121629,-2.7176123,-0.6684716,0.9696605
1.6503255,8.99164,1.2486434,6.841657,-1.1694455,-2.8372116,-0.64320576,0.9860569
1.6612976,8.985546,1.1671898,7.04443,-1.193618,-2.8217974,-0.56685126,0.98155665
1.6627522,8.983815,1.148382,7.041095,-1.0994389,-2.7819571,-0.55773723,0.983881
1.680383,8.992966,1.146678,7.0080075,-1.083218,-2.7638419,-0.6141504,0.973531
1.6956944,9.003166,1.174294,7.03999,-1.0749317,-2.7710712,-0.6211015,0.959002
1.7503107,8.918823,1.1115041,6.9566655,-1.0169439,-2.7819376,-0.6275373,0.9147017
1.7867558,9.201192,1.1162107,6.9578857,-1.0127828,-2.764466,-0.66786206,0.9365877
1.8011909,9.619823,1.1388984,6.944186,-0.9889395,-2.779492,-0.6702639,0.9462874
1.7678427,9.600351,1.1867952,6.9524164,-0.9914776,-2.7724361,-0.712974,0.9235885
1.7967703,9.803718,1.3320985,6.99564,-0.9567059,-2.7571597,-0.7230178,0.95511544
1.8011782,9.647056,1.3753223,7.141368,-0.955505,-2.7274873,-0.7732952,0.95408523
1.7817466,9.724596,1.388591,7.110629,-0.9321369,-2.7607093,-0.82668686,0.9287962
1.7737303,9.536553,1.3910899,7.1204214,-0.9870117,-2.7502427,-0.86563396,0.9149054
2.522879,6.698438,1.5201192,3.4259045,-1.9119673,-2.9618812,0.1979307,0.6211901
2.5193808,6.6195154,1.5097873,3.0142994,-1.9824047,-2.9484897,0.1525743,0.6056447
2.4487667,6.8578625,1.505209,3.011834,-1.94879,-2.9466805,0.10765648,0.59075296
2.5106344,6.7553144,1.5151057,3.3454752,-1.9441828,-2.9037588,0.12263453,0.5909356
2.4953325,6.8630004,1.4432294,3.1342926,-1.9233774,-2.860446,0.11499286,0.5962018
2.4897838,6.893796,1.4681578,3.0784228,-1.8779188,-2.8826482,0.11013782,0.58754015
2.4947467,6.8840346,1.4701335,3.0745072,-1.9102904,-2.8606277,0.09954846,0.59580004
2.5383368,7.0806203,1.4456449,3.125957,-1.8682076,-2.9047897,0.097133875,0.60002136
2.5458918,7.516026,1.3332663,3.1382155,-1.8777987,-2.8774252,0.060307145,0.59144926
2.5454667,7.4829936,1.3147428,3.2482584,-1.8805783,-2.8877754,0.039922953,0.57165587
2.5633867,7.523211,1.4004674,3.2404406,-1.8742392,-2.9367404,0.0085788965,0.5796776
2.5737026,7.7050962,1.4385462,3.167961,-1.9271247,-2.959212,-0.061374903,0.57676387
2.613091,7.7291265,1.3908544,3.202592,-1.9130762,-2.9360623,-0.08730602,0.56422234
2.5826128,7.726577,1.3703237,3.2068636,-1.9876361,-2.9938982,-0.07389796,0.55075026
2.576933,7.612329,1.3219943,3.186956,-1.9754295,-2.9993176,-0.10132778,0.5558646
2.5877595,7.626022,1.4939718,3.1297638,-1.9623747,-2.9995255,-0.19863147,0.57926357
2.5409904,7.478917,1.5725348,3.1094615,-1.7798362,-2.998811,-0.17674518,0.5745907
2.5047643,7.0392694,1.5895004,3.1899195,-1.7547036,-2.999137,-0.24941033,0.5720891
2.6377413,7.3420463,1.5851552,3.0781395,-1.7777771,-2.9997141,-0.25978458,0.57272553
2.6121614,7.302679,1.5572784,3.0773532,-1.829105,-2.999387,-0.30461824,0.56547284
2.550301,7.3071556,1.4240916,3.084895,-1.7716423,-2.9956694,-0.10739565,0.5686513
2.569038,7.1429853,1.4616961,3.1973794,-1.8540219,-2.8969727,-0.0067088604,0.57114387
2.52796,7.1303763,1.4829707,3.0354588,-1.8336378,-2.9491322,-0.0787164,0.5720035
2.575567,7.1898155,1.5027671,3.4022977,-1.8190975,-2.9909945,-0.15364504,0.5687945
2.5939364,7.5088987,1.5053005,3.3619847,-1.7173543,-2.9945412,-0.15492517,0.5692146
2.594194,7.49262,1.579778,3.0384011,-1.6247072,-2.9744978,-0.16627145,0.5646306
2.575899,7.394323,1.5879667,3.539351,-1.6381179,-2.9925647,-0.22338855,0.5638993
2.5706196,7.0127754,1.5439153,3.141562,-1.6226907,-2.9889905,-0.23206747,0.562047
2.56234,6.895641,1.583461,3.2817588,-1.6719738,-2.958458,-0.24119729,0.57387316
2.5969968,6.799943,1.5974207,3.1721895,-1.7432349,-2.8899398,-0.31499588,0.57612383
2.5925727,6.8514795,1.578682,3.431875,-1.7709367,-2.9754708,-0.2683006,0.56305325
2.504622,6.7611527,1.530256,3.192994,-1.700767,-2.984634,-0.22335237,0.55693567
2.5522246,6.9097333,1.5538175,3.0230308,-1.7544696,-2.9813838,-0.21754879,0.57438815
2.5163841,6.9901037,1.5486202,3.1365294,-1.6423641,-2.9779482,-0.26675045,0.5717772
2.6250904,7.301865,1.5465882,3.563892,-1.7971789,-2.9813316,-0.19693673,0.5690961
2.581595,7.2305036,1.5455687,3.2232587,-1.8495538,-2.9859343,-0.22588551,0.56480074
2.5858316,7.1960235,1.5387878,3.200155,-1.8321693,-2.9927773,-0.21225786,0.562377
2.600335,7.1368046,1.5476656,3.4567928,-1.8485646,-2.9335728,-0.2083295,0.5637797
2.6297448,7.0125694,1.541383,3.709313,-1.640687,-2.9298148,-0.19826621,0.55052423
2.626055,6.9052706,1.506891,3.4968843,-1.5894253,-2.9310377,-0.21089041,0.546458
2.6563954,6.9258833,1.5009058,3.3248415,-1.6427234,-2.971748,-0.14149833,0.54728925
2.650948,7.3110356,1.4599531,3.420977,-1.8432846,-2.9635396,-0.14378017,0.54738796
2.7035396,7.826186,1.4452801,3.0747972,-1.8406585,-2.9784715,-0.046795547,0.5522562
2.720669,7.834629,1.4499619,3.0127907,-1.8474503,-2.983693,-0.009801269,0.57181704
2.5323367,7.847112,1.44875,3.0105507,-1.8226305,-2.932082,-0.01259011,0.58141875
2.4828367,7.5040684,1.4194486,3.6139674,-1.8300728,-2.989625,-0.041545868,0.58679724
2.529945,7.7530093,1.3811808,3.6083508,-1.8180666,-2.9573183,-0.038555384,0.5827124
2.4744813,7.4921107,1.3967984,3.4346619,-1.7966688,-2.9721127,-0.05299884,0.5814097
2.5279675,7.7804227,1.4437721,3.3237782,-1.8327869,-2.9758537,-0.12720954,0.58081055
2.5438125,7.7049,1.4490755,3.543179,-1.78493,-2.9887843,-0.11023277,0.58716714
2.5086818,7.1983986,1.5042729,3.205928,-1.6866922,-2.9398339,-0.084716916,0.5881474
2.5095,7.2963743,1.454602,3.1876893,-1.8478568,-2.9719172,-0.1192233,0.5661583
2.500408,7.398507,1.2861981,3.314804,-1.8239303,-2.9049327,-0.091434896,0.58592045
2.5473065,7.469386,1.4496012,3.0461943,-1.7861853,-2.8990915,-0.0338372,0.5854913
2.6315665,7.464189,1.4198775,3.0531802,-1.7959533,-2.9751124,-0.013484478,0.58330405
2.6181707,7.080278,1.4267597,3.048384,-1.7857718,-2.9795108,0.17766273,0.5829474
2.596303,7.1395235,1.4453261,3.3573048,-1.9522235,-2.9703233,0.18840659,0.59467936
2.5676227,7.2274246,1.4504311,3.0966265,-1.9433159,-2.966705,0.15509915,0.60277176
2.6217995,7.3072395,1.453248,3.0803974,-1.9491137,-2.9452243,0.18119574,0.61030924
2.6829853,7.2875314,1.4814098,3.0640178,-1.9485155,-2.9672554,0.17592907,0.61625624
2.7395577,7.2878394,1.5083082,3.053725,-1.918557,-2.9829168,0.23342133,0.6100602
2.7560833,6.979683,1.5386274,3.0242674,-1.897679,-2.9952707,0.20667088,0.6106273
2.8392663,6.934666,1.5777793,3.0111547,-1.878514,-2.99898,0.22099459,0.5776756
2.825416,6.908082,1.5555849,3.2748492,-1.977887,-2.9963624,0.23320127,0.57775235
2.8608665,6.885204,1.5604358,3.1405177,-1.9548395,-2.9803557,0.20644033,0.5906272
2.8278005,6.828567,1.5560184,3.1278157,-1.9478205,-2.9909384,0.17309189,0.5872451
2.7371206,6.810573,1.5365872,3.0570428,-1.9173338,-2.9932926,0.18691409,0.5895971
2.7379162,6.717102,1.5281243,3.1103184,-1.9431099,-2.9199998,0.20199406,0.5877296
2.7377987,6.5907326,1.527276,3.2126184,-1.9027579,-2.9617054,0.20393288,0.58324003
2.7231047,6.901687,1.5417185,3.2293267,-1.9157647,-2.9720352,0.1389817,0.6078441
2.7267725,6.9663205,1.5265238,3.1033456,-1.8885483,-2.9966817,0.1310209,0.59043634
2.736226,7.0703273,1.5167851,3.1548197,-1.8629082,-2.9959776,0.14421439,0.5948906
2.743541,7.310559,1.4963751,3.1420953,-1.8127902,-2.9453113,0.1463089,0.60859764
2.6608322,7.1518903,1.5071449,3.3268623,-1.8891269,-2.957221,0.16950119,0.6249769
2.564479,7.5799837,1.5168366,3.403175,-1.9404789,-2.972768,0.15274823,0.63279605
2.523951,7.4577003,1.5056472,3.3777342,-1.774495,-2.9825017,0.13432145,0.6347927
2.5176835,7.288886,1.4783082,3.4147627,-1.718849,-2.949269,0.124085784,0.63888586
2.5243895,7.35924,1.4778628,3.543132,-1.7159129,-2.945971,0.1328075,0.6409137
2.5052006,7.4574885,1.4715886,3.3424218,-1.800015,-2.9483624,0.13336551,0.6414355
2.5495977,7.3803506,1.483005,3.4130557,-1.6481369,-2.8781667,0.08381617,0.63833714
2.6314664,6.941785,1.533072,3.4578257,-1.685212,-2.7866833,0.08013737,0.6443367
2.5403554,6.8076,1.5390463,3.4342873,-1.6825354,-2.8426323,0.013021708,0.6345576
2.5739074,6.860785,1.5392549,3.4434595,-1.6059873,-2.827568,0.019519925,0.62371755
2.5215597,6.9085913,1.5485096,3.4052496,-1.7342373,-2.8276372,-0.0045701265,0.6320751
2.5735493,6.9386024,1.5498564,3.5992513,-1.6943568,-2.841242,0.026432395,0.6350051
2.578419,6.871605,1.5410585,3.6021137,-1.5973747,-2.7799516,0.02513659,0.63034165
2.6009526,7.145785,1.5182636,3.4399323,-1.6724614,-2.852245,0.037145972,0.63181186
2.553718,6.9601545,1.5308747,3.185311,-1.6475112,-2.9425237,0.0498482,0.6085752
2.5314107,7.362581,1.5254025,3.2028825,-1.6622441,-2.9090946,0.09761739,0.61136794
2.5129106,7.4680734,1.4242878,3.3688245,-1.6715368,-2.8861437,0.03996575,0.61442757
2.5880272,7.638996,1.4286871,3.6969633,-1.6172916,-2.8701887,0.0589633,0.6186271
2.5715163,7.595668,1.4752667,3.9281688,-1.6187183,-2.8744788,0.065274,0.62302625
2.5282426,7.3499403,1.4772358,3.7096176,-1.7106266,-2.877211,0.05198598,0.6262286
2.568434,7.6709642,1.4808669,3.756543,-1.6507173,-2.9349508,0.010780573,0.62509584
2.5133314,6.962228,1.4815593,3.460218,-1.655804,-2.9171436,0.0029234886,0.6195626
2.542511,6.7521973,1.5048504,3.514564,-1.60846,-2.8484201,0.036690593,0.6180837
2.5347157,6.786182,1.437105,3.6869218,-1.5689259,-2.8090255,0.031269073,0.6051017
2.471678,6.7287,1.4236956,3.425025,-1.5721856,-2.7767038,0.04165435,0.61698365
2.4775941,6.7787604,1.2767951,3.282999,-1.621045,-2.7771466,0.052609205,0.59738564
2.4930024,6.770783,1.3130965,3.392613,-1.6781884,-2.786452,0.06168747,0.5851538
2.4951007,6.841579,1.3036232,3.5231738,-1.6628174,-2.83421,0.12883139,0.580582
2.502503,7.0963945,1.3398829,3.3608968,-1.6810346,-2.8506408,-0.08166522,0.5811405
2.51469,6.932041,1.3617249,3.2084887,-1.730307,-2.8450875,0.030464053,0.5811603
2.485537,6.9330316,1.3279052,3.2194893,-1.6366088,-2.8736577,0.0009824038,0.58679986
2.4866705,8.2514305,1.3445406,3.2836268,-1.7560639,-2.8301604,0.027257323,0.5778258
2.529929,7.9943414,1.3305459,3.3908114,-1.6988717,-2.864677,0.035547733,0.5775939
2.5309443,8.012301,1.3321378,3.316102,-1.7259955,-2.8124254,0.048674464,0.5842291
2.4874177,8.163,1.3187222,3.302693,-1.792479,-2.8065426,0.07294071,0.5874895
2.4855232,7.64895,1.2747841,3.2588904,-1.7863544,-2.815236,0.05769527,0.58677995
2.511619,7.7601624,1.2885113,3.2714078,-1.9378505,-2.8258066,0.037009835,0.5629728
2.5383496,7.8387537,1.2908902,3.2730596,-1.9468638,-2.965206,-0.11612129,0.5613817
2.506188,7.9951997,1.3523304,3.28209,-1.973504,-2.9955685,-0.007914603,0.5542909
2.6145842,8.440947,1.3250749,3.2492628,-1.9424686,-2.9866033,-0.031785905,0.54367375
2.603949,7.488002,1.3450828,3.25653,-1.942902,-2.9975805,-0.103669524,0.5307646
2.5203457,7.3945293,1.4538028,3.3126576,-1.9750859,-2.995188,-0.08681625,0.537568
2.504566,7.382104,1.4407592,3.285389,-1.9602002,-2.9829829,-0.03256452,0.5076206
2.4600415,6.4331446,1.3970122,3.5075288,-1.9514753,-2.982679,-0.018664956,0.5072324
2.4547694,6.7859435,1.3999894,3.2477448,-1.9938856,-2.983663,0.09597194,0.51143765
2.4760494,6.7823634,1.3410199,3.6490185,-1.9743034,-2.9705086,0.07175672,0.50064397
2.461495,6.7371235,1.3612576,3.4919217,-1.9675087,-2.9700794,0.087111354,0.5209075
2.4547448,6.968292,1.3158846,3.2134173,-1.954655,-2.9595387,-0.032446563,0.5263927
2.5086946,6.653644,1.4661198,3.2926705,-1.9541738,-2.9074955,0.012945771,0.5242865
2.5508626,6.7447023,1.4730823,3.3740625,-1.9514143,-2.8406918,-0.040955603,0.520692
2.660055,6.8929815,1.4847329,3.0963275,-1.9278548,-2.9984815,0.044385552,0.5209451
2.6142483,6.7985272,1.4897718,3.1225734,-1.9578412,-2.997951,-0.076088965,0.51202035
2.5658808,6.8955197,1.507752,3.0032053,-1.967852,-2.9979935,-0.11859316,0.52068055
2.465127,6.856509,1.5504079,3.3131495,-1.8998952,-2.964542,-0.13468802,0.5402734
2.5802853,6.7001677,1.521483,3.3524551,-1.8290324,-2.9607873,-0.12176192,0.5483967
2.570333,7.207125,1.5045536,3.087026,-1.9098998,-2.969397,-0.098412514,0.55123055
2.5466876,7.157259,1.5242424,3.3262792,-1.9300203,-2.9543972,-0.055665135,0.5538826
2.5887916,7.0366726,1.5240428,3.4483457,-1.9381751,-2.9720964,-0.058081627,0.5589088
2.5617495,7.081704,1.5245605,3.4218497,-1.9326243,-2.9834278,-0.05155021,0.5595312
2.5396724,7.038388,1.5499823,3.2821908,-1.9803694,-2.97714,-0.028745115,0.544492
2.5251527,6.6372,1.5859809,3.2138603,-1.9833995,-2.9548278,-0.18439257,0.5334362
2.6494012,7.186585,1.5811067,3.15125,-1.9793859,-2.980442,-0.19050264,0.5341675
2.6054273,7.005108,1.58796,3.0656734,-1.9669598,-2.9585676,-0.15738893,0.5400431
2.5525486,6.9417367,1.5551813,3.2758617,-1.9123645,-2.9811585,-0.2391038,0.5132289
2.4864316,6.7965317,1.5209634,3.163339,-1.9340693,-2.9892032,-0.24203175,0.5098299
2.5092318,6.704466,1.5119519,3.1430576,-1.8800642,-2.9942064,-0.2370004,0.5212859
2.428609,6.777659,1.4777992,3.1074946,-1.8988156,-2.969395,-0.23443455,0.5146588
2.4464514,7.1381845,1.5879793,3.1902347,-1.8845277,-2.9988005,-0.36379582,0.5175526
2.4602106,6.6837573,1.5951583,3.0981305,-1.8367686,-2.9996858,-0.259489,0.5588201
2.439664,6.719252,1.6076307,3.1507604,-1.7488124,-2.9701664,-0.40149254,0.5646424
2.4637995,6.908789,1.6925592,3.1437209,-1.8751848,-2.9590645,-0.4021601,0.55974483
2.4709628,7.3148346,1.7217731,3.1792622,-1.8669323,-2.9748762,-0.39985543,0.5622616
2.4750915,7.0801163,1.7246544,3.1999974,-1.9238904,-2.9828808,-0.40866554,0.5670451
2.5793958,6.8470592,1.727071,3.177453,-1.7973359,-2.9946413,-0.4346161,0.5911381
2.574429,7.060811,1.6612358,3.0115907,-1.7536814,-2.9161751,-0.40226686,0.5879184
2.644872,7.2298226,1.6671777,3.015483,-1.7439747,-2.9101496,-0.3647185,0.6089107
2.6531627,7.3113146,1.698765,3.2553124,-1.8659078,-2.9312408,-0.35070848,0.5908073
2.6467474,6.929475,1.6920006,3.2393274,-1.9227504,-2.9801166,-0.3391049,0.5810455
2.643404,6.8283005,1.6874886,3.2392936,-1.8906175,-2.9868762,-0.3427512,0.5648625
2.638833,6.846018,1.6888437,3.4313483,-1.8607914,-2.981744,-0.32985514,0.5705786
2.6290917,6.740083,1.6917343,3.425549,-1.8654988,-2.9823308,-0.34164906,0.56732154
2.6164644,6.6752644,1.6676025,3.5376732,-1.8468574,-2.9833226,-0.32308114,0.5630853
2.5729325,6.758677,1.6803279,3.1095686,-1.9495311,-2.9930606,-0.32128996,0.5420649
2.5635982,6.7042623,1.6928253,3.0128732,-1.9373608,-2.9940412,-0.32152098,0.575065
2.5495214,6.683904,1.6881306,3.0207815,-1.8185445,-2.978865,-0.35135198,0.58049524
2.547616,6.618411,1.6851254,3.0121498,-1.7289164,-2.93096,-0.3380574,0.5848696
2.5256166,7.050762,1.674767,3.0068216,-1.8786118,-2.9498477,-0.32968563,0.586884
2.5354958,6.8155456,1.674972,3.007203,-1.9142808,-2.9308724,-0.29151565,0.57383704
2.5317945,6.936343,1.673867,3.081206,-1.8815079,-2.9432685,-0.38370013,0.5714457
2.615582,6.8634834,1.7031486,3.104485,-1.8433309,-2.9342682,-0.41952348,0.5896015
2.6173816,7.05943,1.710655,3.1767237,-1.7684675,-2.939289,-0.4288965,0.5824847
2.6262608,6.9302597,1.6893044,3.153307,-1.7770321,-2.9175577,-0.41788357,0.5819293
2.6158698,6.8447433,1.6613362,3.0188136,-1.7480747,-2.962199,-0.42102736,0.56083035
2.6200032,6.8586245,1.6822238,3.01341,-1.7211168,-2.9540925,-0.444597,0.55379677
2.621659,6.8112974,1.6920865,3.4626262,-1.7748041,-2.952836,-0.4442641,0.55372405
2.6316953,6.9122324,1.710161,3.5886145,-1.7759187,-2.995938,-0.5130969,0.52181387
2.6042662,6.8630166,1.7164061,3.4680219,-1.8297431,-2.9973948,-0.5459094,0.5191585
2.6092312,6.960482,1.6588149,3.4043622,-1.6988184,-2.9688916,-0.53514445,0.50950336
2.5991988,6.829699,1.6528394,3.5425947,-1.7050444,-2.9626908,-0.50844586,0.50890803
2.63026,6.9344125,1.7219324,3.381476,-1.7686726,-2.9467828,-0.5529805,0.51694465
2.589124,6.9268,1.7206955,3.4203024,-1.7847905,-2.976492,-0.60208654,0.50680625
2.578034,6.9424253,1.7335005,3.3855274,-1.7665162,-2.9420283,-0.5706421,0.52089906
2.6090186,6.9031124,1.714227,3.3910322,-1.6811908,-2.9252198,-0.6186323,0.5236182
2.502656,6.9008694,1.6842556,3.4916868,-1.7209525,-2.9101775,-0.6340334,0.5262834
2.5540473,7.042939,1.6730661,3.4957168,-1.6027936,-2.921036,-0.57971406,0.5311544
2.5433745,6.8675833,1.6658092,3.659932,-1.6772851,-2.9214478,-0.56243443,0.52783513
2.5038044,6.3869767,1.6583114,3.7693822,-1.6732683,-2.9487536,-0.57506907,0.51960874
2.4931972,6.420051,1.6644559,3.7406402,-1.6694126,-2.9664028,-0.55704683,0.53494453
2.507024,6.4032707,1.6611638,3.7507277,-1.681776,-2.9590552,-0.56197166,0.5352316
2.4944365,6.8111143,1.643009,3.6913192,-1.651811,-2.954432,-0.5252773,0.53054214
2.4320369,7.0023437,1.6323786,3.6955485,-1.642389,-2.951487,-0.55680466,0.52558005
2.4341893,7.015628,1.6421556,3.573217,-1.577752,-2.947354,-0.5593535,0.5388062
2.4496844,6.6528916,1.6185265,3.3499184,-1.6070397,-2.9437466,-0.60109985,0.53026736
2.4730804,6.6514792,1.6144152,3.1558356,-1.6358124,-2.929824,-0.61898494,0.5347966
2.4632273,6.6354346,1.6259165,3.1796544,-1.5385404,-2.9131634,-0.5692396,0.535218
2.4637156,6.5750113,1.6071522,3.1793253,-1.5976192,-2.9322138,-0.535781,0.5329039
2.563921,6.6209126,1.6201966,3.123487,-1.5948766,-2.9396818,-0.366786,0.5409843
2.5605268,6.5831666,1.6154163,3.1245708,-1.643757,-2.9748952,-0.3882683,0.52970624
2.587488,6.5202093,1.6333776,3.7420998,-1.6459459,-2.9843488,-0.38840526,0.5296352
2.596066,6.398092,1.6523919,3.7779303,-1.6259028,-2.9712753,-0.38621068,0.5227634
2.6025336,6.582785,1.6592238,3.715203,-1.6351708,-2.9783797,-0.38965803,0.52576435
2.5876923,7.0017385,1.6551936,3.740103,-1.6918669,-2.9659357,-0.40435392,0.5424793
2.6370351,7.0999265,1.6841426,3.6545687,-1.6619327,-2.9769702,-0.38567334,0.54110813
2.630987,7.239528,1.6687536,3.5671322,-1.7287902,-2.9766872,-0.40113968,0.5488335
2.62307,7.1707673,1.6625636,3.5439348,-1.7184733,-2.9951847,-0.37559527,0.5500293
2.632485,7.595333,1.6490035,3.5573492,-1.7371812,-2.9892032,-0.39644474,0.5477638
2.627599,7.3936615,1.6744604,3.674298,-1.701139,-2.997987,-0.40827054,0.54304934
2.6121316,7.418635,1.627996,3.5240386,-1.7187307,-2.9799466,-0.43157238,0.53351176
2.6628168,7.3540497,1.6140251,3.276879,-1.7183309,-2.9742126,-0.46925038,0.52317333
2.6627564,7.2652926,1.6037662,3.3538332,-1.7032063,-2.9859262,-0.37138706,0.5286031
2.6492555,7.1981254,1.6069162,3.4695456,-1.6893668,-2.9948967,-0.36619514,0.52214956
2.6486707,7.156495,1.5883,3.302822,-1.656303,-2.969689,-0.34300846,0.5297216
2.652448,6.907227,1.5891032,3.3883116,-1.6368481,-2.9531384,-0.28609842,0.5338639
2.6532087,6.853175,1.5959547,3.3812263,-1.6570573,-2.9237316,-0.3159073,0.5314772
2.6379616,6.874691,1.5415306,3.4486208,-1.6461934,-2.9067678,-0.31948972,0.53021586
2.641165,6.875773,1.5431733,3.0854223,-1.6624827,-2.9092555,-0.31076515,0.5370134
2.6441011,6.9192085,1.5764172,3.247648,-1.6580089,-2.8881521,-0.33437353,0.5454569
2.6634498,7.0449142,1.5736823,3.1418774,-1.6710734,-2.8683171,-0.30854893,0.5572127
2.661369,7.179053,1.5843704,3.2064881,-1.6488332,-2.8725033,-0.3296932,0.5526483
2.6641574,7.1927924,1.6559525,3.2764359,-1.6237693,-2.874978,-0.3526997,0.55060077
2.6681542,7.2838316,1.6611733,3.315097,-1.6307789,-2.8792396,-0.35735732,0.5611346
2.676649,7.099155,1.6423345,3.3471358,-1.639626,-2.8898318,-0.34267575,0.5508157
2.685921,7.0584116,1.6019418,3.3766825,-1.6610124,-2.893311,-0.30464447,0.54866624
2.6629097,7.16933,1.5826526,3.3990264,-1.6176238,-2.8798938,-0.29426402,0.5500574
2.6544948,7.0391965,1.5872753,3.2665758,-1.6668758,-2.932052,-0.28649527,0.5502901
2.66634,6.9603767,1.5901108,3.271896,-1.6510803,-2.9474454,-0.26422298,0.54818356
2.6481762,6.98565,1.5749831,3.269558,-1.7331481,-2.9163117,-0.24421704,0.55666065
2.6449554,7.1363015,1.5765705,3.3178859,-1.6242427,-2.9344964,-0.25727183,0.56017625
2.6403913,7.0227365,1.5701251,3.069723,-1.6103476,-2.8788223,-0.28503752,0.5558313
2.639245,7.208817,1.5611084,3.0673485,-1.5909283,-2.8686807,-0.28266418,0.55492043
2.6378078,7.1192684,1.5638134,3.1201115,-1.5904106,-2.8861423,-0.28006905,0.54926777
2.6215904,7.0655136,1.5590587,3.0362139,-1.6886269,-2.9846814,-0.21414584,0.56285226
2.623661,7.037347,1.578289,3.0006952,-1.6380023,-2.978032,-0.22511661,0.5680373
2.4839194,7.1325936,1.5859303,3.0047057,-1.6876578,-2.9699378,-0.18271846,0.5751691
2.5501528,7.1814256,1.5230098,3.003934,-1.6826473,-2.9692829,-0.18238413,0.5659964
2.5309055,7.9813437,1.4093859,3.1866622,-1.7557387,-2.9418132,-0.059544623,0.56668353
2.5985377,8.048035,1.4463758,3.3833349,-1.7793308,-2.9298494,-0.10574299,0.5635427
2.6013286,7.5030766,1.4511199,3.6952238,-1.7394294,-2.9987233,-0.13480651,0.57238805
2.6094532,7.6884136,1.4437346,3.4027827,-1.8004612,-2.97296,-0.1037724,0.58498096
2.5442035,7.607081,1.4474301,3.1958976,-1.9152622,-2.9066572,-0.09233886,0.58577466
2.5637038,7.6757145,1.4344783,3.3702235,-1.7984549,-2.8938212,0.046509624,0.60105443
2.5365944,7.250853,1.4659004,3.3201165,-1.8257477,-2.910434,0.023713946,0.613444
2.578785,7.062723,1.5329492,3.306766,-1.5988083,-2.7469087,0.004032731,0.6061504
2.5404892,7.107558,1.5636437,3.4348214,-1.6004889,-2.8842049,0.024405003,0.6132121
2.5030394,7.0019917,1.5088484,3.137884,-1.6530342,-2.8953466,-0.08101833,0.5946169
2.547277,7.130272,1.5144262,3.403904,-1.6918178,-2.9416473,-0.11826092,0.58788157
2.5556707,7.4959073,1.5635669,3.5862122,-1.7881322,-2.9525194,-0.09661502,0.6052184
2.5645156,7.403972,1.5162432,3.5447068,-1.7198803,-2.9716585,-0.05858779,0.5961845
2.5877492,7.1592884,1.5062232,3.6167245,-1.6357625,-2.9171746,-0.03458464,0.59989905
2.572549,7.2836485,1.5230262,3.5661101,-1.5980555,-2.917684,-0.01152581,0.600109
2.5574074,7.122294,1.4830446,3.2916427,-1.7552528,-2.9055123,-0.07504076,0.6003475
2.5436177,7.167955,1.4918153,3.2718935,-1.6672376,-2.8732977,-0.07065129,0.61072373
2.6528206,7.3193846,1.4871736,3.3162858,-1.6815053,-2.8801749,0.03993213,0.6082927
2.64503,6.972659,1.4814672,3.3127816,-1.774846,-2.9062877,0.070765615,0.6017151
2.5631306,7.1375422,1.4537039,3.300494,-1.7765825,-2.9104526,-0.07056737,0.5965061
2.605682,7.275577,1.5135198,3.3283575,-1.6288499,-2.9853737,-0.054856062,0.5813525
2.5756109,7.409539,1.4346523,3.1863303,-1.640737,-2.9994779,-0.108964026,0.56161344
1.1817102,9.080563,1.878021,7.4595885,1.2456644,-0.5479493,-0.027054489,0.7681539
1.1891494,9.074551,1.8557632,7.4426036,1.2427413,-0.5736697,-0.01523447,0.7679255
1.1983232,9.064861,1.8632166,7.4362125,1.2705619,-0.5251179,0.07394087,0.76566947
1.1872175,9.005727,1.8706589,7.4077764,1.269767,-0.5681939,0.061156273,0.7649574
1.1498741,8.799975,1.8573489,7.440841,1.2715173,-0.6323719,0.05669403,0.7601398
1.1559541,8.8354,1.857758,7.430379,1.2246623,-0.6741433,0.030669928,0.7595086
1.1643708,8.776197,1.8417387,7.409642,1.2585514,-0.66591835,0.015770555,0.76420903
1.1772316,8.842306,1.8105917,7.4083815,1.2227206,-0.65508986,0.011363864,0.7624366
1.1616886,8.914133,1.8106036,7.46335,1.2263,-0.6446326,0.013179898,0.7580718
1.1826282,8.776655,1.812679,7.3946095,1.2070036,-0.5835304,-0.038648188,0.76180124
1.2140303,8.929161,1.8269801,7.447647,1.248107,-0.60789466,-0.056175828,0.7568294
1.2171342,8.926667,1.7793481,7.4175286,1.2551844,-0.60007906,-0.056799352,0.7533016
1.2179501,8.859133,1.7504396,7.412965,1.266073,-0.60593367,-0.051540017,0.7551763
1.2081113,8.868679,1.7395821,7.4159164,1.2687218,-0.58767295,-0.04036808,0.76038766
1.1881459,8.8123,1.7401838,7.4169836,1.2879272,-0.56579447,0.08176899,0.7496102
1.1834453,8.803331,1.7339697,7.3967147,1.3196921,-0.5572667,0.14120424,0.7527131
1.2026389,8.701459,1.6531858,7.3867974,1.3867004,-0.62856793,0.124056816,0.755463
1.1889209,8.659354,1.6391218,7.3919754,1.4041688,-0.63274455,0.1575427,0.7498441
1.1876445,8.6845045,1.6400146,7.3900723,1.3814874,-0.6049626,0.15565658,0.75081897
1.2178869,8.714998,1.6870825,7.39319,1.3986688,-0.6932998,0.18638766,0.7441306
1.2020942,8.81178,1.6648378,7.3878036,1.4052987,-0.64538264,0.26517296,0.74728215
1.2011585,8.807534,1.7406862,7.3708625,1.441711,-0.7230725,0.2631477,0.74634326
1.1808162,8.773933,1.7157824,7.3887005,1.4416761,-0.7181463,0.2651924,0.7545626
1.167582,8.795589,1.6693783,7.3993626,1.4389915,-0.68958116,0.25625777,0.75814545
1.1656287,8.823621,1.7484362,7.4162273,1.4407332,-0.6838794,0.26590538,0.7585757
1.1745325,8.886059,1.7519381,7.4428954,1.4574735,-0.7284734,0.256387,0.74865437
1.178125,8.873949,1.759959,7.4595046,1.4471242,-0.7034936,0.25746965,0.7427739
1.1823299,8.826977,1.777379,7.4502654,1.4525716,-0.70692945,0.27784276,0.73518705
1.1938839,8.884529,1.7482469,7.4907665,1.4407606,-0.6851282,0.25960016,0.7338369
1.185024,8.826779,1.7412374,7.52849,1.4087341,-0.6594024,0.23756719,0.7253885
1.1875094,8.829682,1.7358017,7.572084,1.4130125,-0.6611016,0.24410427,0.7227528
1.2078896,8.852751,1.7890213,7.6548896,1.4100626,-0.6718528,0.16556776,0.7123294
1.1704789,8.837782,1.783423,7.6300163,1.3658068,-0.6737075,0.189111,0.7276486
1.1884323,8.865477,1.82553,7.631153,1.3625119,-0.7128072,0.1677177,0.7079351
1.1877472,8.738325,1.8305736,7.6475754,1.3770318,-0.7429893,0.19013214,0.7101308
1.1782522,8.7325735,1.852123,7.660007,1.3542981,-0.74702334,0.14331174,0.70493364
1.2193135,8.732304,1.8444796,7.5382957,1.3496056,-0.7773876,0.15651381,0.6978599
1.242824,8.762188,1.85109,7.5467706,1.3813224,-0.7980063,0.1921202,0.69002545
1.2429593,8.797652,1.7811649,7.519675,1.371908,-0.79618716,0.13033211,0.70176756
1.263032,8.892398,1.8159802,7.463984,1.4206207,-0.84985757,0.10211992,0.698002
1.2619586,8.945784,1.8182931,7.4512434,1.4162428,-0.5987172,0.15320158,0.7394898
1.2651687,9.123782,1.9017243,7.5230923,1.4248729,-0.73693085,0.120289326,0.73136044
1.2560477,9.066952,1.8815255,7.5190063,1.3288915,-0.6661401,0.177971,0.6928396
1.2506703,9.092579,1.986614,7.523689,1.3484368,-0.658262,0.14357257,0.6965151
1.2452607,9.043331,1.9363055,7.5241137,1.3918295,-0.69623494,0.20366108,0.6883974
1.2645864,9.00234,1.9830143,7.4307957,1.3300638,-0.7270045,0.18370497,0.6951091
1.2667925,8.818796,1.8331294,7.5105057,1.3764794,-0.73169804,0.17194557,0.67253923
1.2664526,8.724287,1.8449464,7.5005302,1.3528056,-0.7182236,0.22530389,0.6747583
1.2706463,8.72398,1.856251,7.471038,1.3407738,-0.7356024,0.19589925,0.6647775
1.2579001,8.662731,1.8573425,7.4876366,1.3020718,-0.74732447,0.21102417,0.64680576
1.2653377,8.600281,1.8591659,7.603801,1.3012297,-0.80523586,0.115249634,0.6588168
1.2585137,8.586479,1.8405585,7.4792404,1.3374093,-0.80703616,0.13056028,0.66974676
1.2566718,8.5851345,1.8351829,7.5288825,1.2859769,-0.8660464,0.07272315,0.7002692
1.2213496,8.611383,1.8388681,7.5481415,1.3008325,-0.8642583,0.04012966,0.73126936
1.196388,8.613193,1.8246953,7.5477185,1.332406,-0.86018467,0.09420395,0.73702693
1.20136,8.646086,1.8707032,7.5435705,1.357584,-0.85042524,0.11968613,0.7404002
1.2057006,8.824773,1.8684876,7.5203915,1.3672793,-0.8508854,0.13360131,0.7553456
1.1908185,8.673299,1.8699024,7.6339135,1.4297574,-0.8389461,0.15234375,0.76408017
1.1823292,8.70179,1.8650191,7.7435207,1.4525218,-0.86092234,0.14704967,0.7823801
1.1731629,8.704393,1.8525779,7.7615266,1.483135,-0.8538141,0.16459894,0.7732469
1.17855,8.706176,1.8518558,7.771802,1.4952381,-0.8122945,0.17281485,0.7644372
1.2170464,8.6918545,1.8874907,7.7993035,1.4392607,-0.79150105,0.1837827,0.68257856
1.2012,8.736965,1.9155178,7.6681085,1.360347,-0.7710707,0.17346883,0.7504196
1.1866732,8.718584,1.9082437,7.698717,1.390346,-0.78331685,0.17525196,0.7538866
1.1851914,8.691577,1.8677773,7.664325,1.4058955,-0.78501415,0.18227887,0.75618625
1.1837525,8.643394,1.8927639,7.5247517,1.3640134,-0.8260093,0.20152378,0.7657559
1.1748959,8.67815,1.9150174,7.581538,1.3517084,-0.80794,0.16634035,0.77045727
1.1723449,8.713801,1.8916178,7.527923,1.3433566,-0.8105042,0.120419025,0.7793442
1.1774181,8.649075,1.9083791,7.544384,1.3182132,-0.7916696,0.07311165,0.7928188
1.1744034,8.739698,1.8699586,7.4820447,1.2978821,-0.77780247,0.06300151,0.7665843
1.1826178,8.694284,1.8887968,7.58388,1.3181534,-0.8174031,0.092621446,0.75033236
1.18429,8.6260195,1.8772216,7.565926,1.3253169,-0.82370234,0.10551953,0.7486279
1.187911,8.611025,1.8364706,7.5495887,1.3264396,-0.8329587,0.06633091,0.75880504
1.1882346,8.69314,1.8408921,7.5901327,1.2883012,-0.83758426,0.028089881,0.75890946
1.1931024,8.725462,1.8087995,7.546411,1.3296256,-0.7701216,0.0120021105,0.7754687
1.2119727,8.651072,1.7713461,7.584395,1.2845299,-0.68268967,0.06793773,0.6984365
1.2071834,8.803541,1.872992,7.5763774,1.283859,-0.71494555,0.13122082,0.70530534
1.2088746,8.84742,1.9137897,7.5886145,1.3105903,-0.7499573,0.08825922,0.7199142
1.2261512,8.838469,1.9359031,7.558898,1.302638,-0.757982,0.084160924,0.7188276
1.234421,8.864235,1.9113925,7.506196,1.2915108,-0.7582221,0.044106722,0.7112726
1.2128395,8.851144,1.9303408,7.542122,1.2932799,-0.74522686,0.06696522,0.7134081
1.2184616,8.708393,1.9334531,7.511587,1.2616479,-0.7462926,0.10051954,0.7169777
1.221729,8.680941,1.9671602,7.613496,1.262836,-0.7596712,0.07911229,0.698287
1.2141647,8.728891,1.9649792,7.5475893,1.2158558,-0.69590425,0.10333514,0.73116314
1.2132763,8.727603,1.96751,7.55076,1.213001,-0.70199585,0.10643196,0.7039486
1.2159681,8.696702,1.9353833,7.5182247,1.2246149,-0.72780204,0.11403823,0.70131564
1.2258141,8.796768,1.93963,7.721899,1.2319686,-0.75062203,0.0050400496,0.692201
1.2246811,8.853876,1.9725583,7.6922393,1.2522712,-0.7624345,0.020884752,0.7095752
1.2346599,8.886414,1.9903808,7.533978,1.2572997,-0.76264477,0.055016637,0.71455383
1.2340717,8.8742485,1.9656298,7.5617585,1.2006099,-0.7389188,0.0007252693,0.67225385
1.2219191,8.906425,1.9892054,7.8113422,1.2033823,-0.6878309,0.025838375,0.703902
1.1986288,8.971416,1.9872649,7.8674793,1.2077241,-0.70578694,0.064661264,0.6772468
1.2056503,8.89023,1.9876323,7.5814133,1.1822426,-0.70580244,-0.003856063,0.7543087
1.1827395,8.879574,1.9543478,7.464769,1.1765871,-0.70042443,-0.018115997,0.7738179
1.1746103,9.00354,1.9540439,7.4388723,1.2865217,-0.69773793,-0.029352427,0.81019855
1.174095,9.188767,1.9393969,7.4418483,1.303999,-0.5722616,-0.0064238906,0.806031
1.1935225,9.198177,1.9101677,7.3745003,1.3067174,-0.59978724,0.044356227,0.81004286
1.1816787,9.15346,1.9905617,7.3837514,1.308099,-0.63491845,0.041965008,0.8016422
1.1888467,9.173533,1.9770086,7.4054766,1.3221512,-0.6656463,-0.026085079,0.81391287
1.1247042,9.163715,1.9828873,7.508038,1.4041677,-0.66608477,0.048189998,0.8588977
1.0815835,8.907662,1.9761763,7.609082,1.2994242,-0.6695895,0.05186045,0.8703451
1.0565517,8.854002,1.9690812,7.6399803,1.3469634,-0.6568904,0.085433125,0.8779644
1.0575808,9.0466385,1.9941683,7.4180365,1.334775,-0.5843363,0.14538693,0.88136184
1.048471,8.994635,1.978224,7.419685,1.4390521,-0.62795925,0.22858012,0.87608564
1.0058513,9.014704,1.9785054,7.430616,1.4067972,-0.6241605,0.2821033,0.8771454
1.0175326,8.98878,1.9757576,7.431685,1.3794606,-0.6190622,0.26478112,0.8717141
1.0516869,9.169361,1.9696889,7.6012793,1.4474707,-0.6625838,0.16209209,0.863359
1.0549841,9.128057,1.9832957,7.505686,1.4580057,-0.67162156,0.16802108,0.89219403
1.0457743,9.278322,1.9786623,7.560746,1.4649448,-0.65614104,0.13661313,0.9152187
1.0342417,9.161314,1.9599223,7.4171267,1.490871,-0.6413238,0.09710145,0.9320029
1.0150042,9.200989,1.9565351,7.406593,1.5691254,-0.63767004,0.06031692,0.93752646
1.0190785,9.26333,1.9205949,7.512447,1.5292985,-0.6295011,0.067752,0.9405402
0.99844295,9.101507,1.9336119,7.4299397,1.542299,-0.64313173,0.1575098,0.92241776
0.9934565,9.139377,1.9489923,7.403217,1.4830475,-0.60473585,0.27029932,0.91109264
0.97869134,9.137575,1.9383438,7.519247,1.4632332,-0.5734985,0.17776453,0.909672
0.9543479,9.061958,1.9322796,7.5744143,1.4128208,-0.53744125,0.2378937,0.90501165
0.9452225,9.273706,1.9403424,7.6008625,1.4769566,-0.51750803,0.21129167,0.9110738
0.93971944,9.296656,1.9355297,7.4574013,1.3857391,-0.52512026,0.20604217,0.9167855
0.946767,9.441784,1.9137435,7.6542425,1.488102,-0.52295375,0.047403097,0.9470507
0.9704299,9.317511,1.9870477,7.553664,1.4794166,-0.4549303,0.09106302,0.94153476
0.9185511,8.900551,1.8902693,7.576273,1.4842467,-0.46791792,0.13112533,0.94695437
0.94739765,9.219877,1.9387479,7.5429296,1.4939725,-0.49351382,0.037202,0.98926294
0.96647453,9.256662,1.9298997,7.4546685,1.4968126,-0.5585544,0.117605805,0.92483664
0.9714925,9.375492,1.9402969,7.4402957,1.440903,-0.53619814,0.18370807,0.9072993
0.98397136,9.366245,1.9344351,7.4425955,1.4846914,-0.55739546,0.17943966,0.90371263
0.9479336,9.272069,1.9119027,7.5941544,1.4818919,-0.5448365,0.1694746,0.9028257
0.9520203,9.258915,1.8890951,7.669831,1.4000432,-0.4853468,0.12529838,0.88225555
0.9494002,9.325871,1.9439065,7.6861825,1.4476726,-0.5027013,0.15832949,0.8811923
0.9485035,9.257452,1.9526644,7.668647,1.3944383,-0.49859238,0.13916421,0.88246536
0.9480718,9.302853,1.9588454,7.244735,1.3752627,-0.44818687,0.13286388,0.9525728
0.9425074,9.304762,1.9141629,7.2011423,1.3228467,-0.24886107,0.12010467,0.95986795
0.9453806,9.326093,1.9322028,7.167929,1.2453744,-0.26161003,0.08985853,0.96868813
0.9393199,9.3396015,1.8880863,7.1894913,1.2978497,-0.25486517,0.09385729,0.9720479
0.96569103,9.433027,1.8741391,7.1434526,1.3319345,-0.25393438,0.10430217,0.9661958
0.9698117,9.247116,1.9069893,7.182689,1.2297893,-0.25153208,0.17750573,0.9404874
0.958123,9.295759,1.8372037,7.2201843,1.237752,-0.23116255,0.13469338,0.94456387
0.95871025,9.274603,1.8168011,7.262718,1.3042476,-0.21113634,0.068006754,0.94229436
0.97220814,9.306921,1.8235803,7.2180386,1.2601008,-0.26382422,0.035119772,0.94074655
0.9798791,9.281512,1.8829262,7.2155643,1.2794876,-0.24157524,-0.006943643,0.94317174
1.0003386,9.259153,1.9310465,7.2099833,1.2661417,-0.23029518,-0.0076786876,0.93914545
0.9993012,9.005335,1.8911662,7.3281503,1.2951424,-0.4038098,-0.016653538,0.8965721
0.9992502,9.14119,1.914325,7.2222743,1.2466662,-0.33999777,0.02771759,0.90490305
0.9953675,9.137636,1.8988276,7.2218704,1.2111034,-0.37210965,-0.028945267,0.9047471
0.99491966,8.957476,1.8949018,7.2251687,1.2244768,-0.37961984,-0.062087357,0.9167974
1.0031192,9.11141,1.9054136,7.2055798,1.3097341,-0.37147617,-0.024172664,0.937569
0.98938674,9.121121,1.9239707,7.196142,1.2716944,-0.3561976,0.079853654,0.909336
1.0021497,9.122086,1.8758545,7.181037,1.2837853,-0.32035398,0.06301916,0.9062624
1.0019357,9.07694,1.9103785,7.1727285,1.3062775,-0.32914758,0.12884927,0.9061086
1.0104401,9.050156,1.9229791,7.167977,1.2418323,-0.25824404,0.05672753,0.8981925
1.0111412,9.012096,1.9020789,7.1323075,1.241889,-0.26561403,0.09443283,0.90006876
1.0113431,9.046032,1.9255235,7.134432,1.2340019,-0.28844237,0.10338223,0.897048
1.0154424,8.942015,1.9751511,7.096306,1.2090564,-0.30926323,0.029504538,0.88617885
1.0112568,8.95578,1.9879818,7.065258,1.2057354,-0.3311746,0.053414583,0.8870317
1.0089326,9.039942,1.9752386,7.072053,1.1939185,-0.32948494,0.068101645,0.8889612
1.0284154,9.125725,1.9977672,7.091703,1.2029548,-0.33305693,0.107739925,0.8845742
1.057245,9.062798,1.982888,7.0457263,1.2514243,-0.33931208,0.16844428,0.87245667
1.0516284,8.993391,1.9442613,7.0266876,1.2655547,-0.37383318,0.19288528,0.8653351
1.0496943,8.9926605,1.9247582,7.0497265,1.2267234,-0.3173027,0.11039257,0.8744911
1.0394443,8.944281,1.9554915,7.0225286,1.236124,-0.38159204,0.088454485,0.8746363
1.0680426,8.946117,1.9803312,6.9956207,1.2078216,-0.34758234,0.063922405,0.86114717
1.0749025,8.981115,1.9187837,7.0101137,1.2078316,-0.39365864,0.062632084,0.86284566
1.0713005,8.971522,1.904706,7.015203,1.184583,-0.34193897,0.048483968,0.8613857
1.0749198,8.934143,1.8893011,6.93521,1.1802754,-0.36891413,0.034186482,0.87019837
1.074988,8.931038,1.9181316,6.910803,1.158195,-0.37573767,0.025099397,0.87
1.0642335,8.91345,1.891154,6.9117737,1.1306617,-0.40611482,0.026080012,0.8788364
1.0778615,8.920746,1.9271731,6.878937,1.0594726,-0.15695763,-0.077052176,0.88643146
1.0903251,8.950216,1.8881178,6.879905,1.1488886,-0.16190434,-0.1035862,0.90318227
1.0931296,8.962671,1.8816388,6.9054613,1.1859088,-0.14530087,-0.19404441,0.91174126
1.0838486,9.029293,1.8619261,6.8503265,1.1862321,-0.2929206,-0.17787921,0.91900873
1.0858247,9.00545,1.8774805,6.845004,1.05094,-0.14576507,-0.24617016,0.9081315
1.0588422,9.015395,1.8833222,6.8719463,1.0569861,-0.15251017,-0.045579493,0.9120505
1.0669279,8.997997,1.8497372,6.892644,1.1112962,-0.09174824,-0.2114377,0.9212544
1.0742626,8.946597,1.8682938,6.8276396,1.0968187,-0.11175394,-0.33494574,0.92162204
1.058464,9.006326,1.9973948,6.8606243,1.0757663,-0.17695332,-0.12582481,0.9172847
1.0500667,9.033741,1.9667733,6.9114256,1.0435615,-0.17686796,-0.12077153,0.91975224
1.0379694,9.053299,1.9122901,6.929179,1.0243773,-0.13716102,0.03284383,0.9197657
1.0475259,9.078951,1.8624759,6.922946,0.9915583,-0.13734984,-0.044092417,0.910395
1.0668727,9.073914,1.8171678,6.9381886,0.9624648,-0.07570815,0.00741148,0.90390253
1.0380255,8.9747505,1.8526783,6.9029427,0.940665,-0.1136992,-0.047066152,0.89843583
1.0293876,9.029166,1.838155,6.9666176,0.9416735,-0.13249636,-0.0139173865,0.895414
1.0309571,9.013382,1.99949,7.009967,0.972384,-0.10988641,-0.05858141,0.9025581
1.0523996,9.04022,1.999826,6.987886,0.9831803,-0.1035738,-0.05931765,0.9037181
1.0531179,9.052748,1.9998605,6.9952545,0.98008704,-0.11562586,-0.14555591,0.8945836
1.0225675,9.017644,1.990303,7.0631137,0.90615416,-0.12094879,-0.26834,0.8383647
1.0213218,8.957034,1.8123479,6.931098,0.86361766,-0.1183486,-0.19849634,0.84534407
1.0465329,8.956311,1.9829173,6.934739,0.87027836,-0.083449125,-0.1969443,0.8558744
1.0276068,8.951033,1.9809151,6.8780694,0.8657062,-0.0909667,-0.22942281,0.87817705
1.0035346,8.911474,1.9642978,6.8801336,0.85544395,-0.054413557,-0.22978026,0.86288357
1.020724,8.892195,1.9382415,6.901369,0.83380675,-0.078983545,-0.13211215,0.8534272
0.9744231,8.829702,1.9150121,7.029209,0.86800504,-0.086984396,-0.08321077,0.8546946
0.97557235,8.815632,1.787786,7.1591744,0.85413,-0.062267542,-0.27884483,0.8534179
1.0021266,8.991224,1.8669174,7.199653,0.8091774,-0.049055576,-0.1765005,0.8520138
1.0126903,8.963715,1.9088256,7.0807104,0.81774807,-0.051059723,-0.3110366,0.8274057
1.0271153,8.936118,1.9226618,7.036925,0.8160734,-0.035770655,-0.12042266,0.8455925
1.0190163,8.936186,1.8924067,7.0330763,0.80917954,-0.055819273,-0.122644246,0.8465396
1.0305107,8.972911,1.8892763,7.0049715,0.8204613,-0.061520338,-0.24968898,0.84982896
1.0298697,8.974079,1.8022945,7.161861,0.84665656,-0.056893826,-0.23544526,0.8434706
1.0352796,9.021818,1.869957,7.1864133,0.8846495,-0.079532385,-0.18730724,0.8452436
1.0265124,8.961076,1.8134599,7.0301847,0.8616495,-0.09135389,-0.17692304,0.8460854
1.0463228,9.036804,1.7892733,7.1453104,0.9208853,-0.07013607,-0.2050981,0.84689665
1.0807774,9.259016,1.7551386,7.1638145,0.941123,-0.06973815,-0.17537683,0.8396659
1.112959,9.322254,1.8613193,7.1317034,0.9340105,-0.07754421,-0.1946348,0.854056
1.1074193,9.300727,1.9240189,7.091447,0.9218621,-0.11204529,-0.19661552,0.88561225
1.1152188,9.357405,1.9205866,7.1074467,0.93461037,-0.071525574,-0.24426174,0.88994837
1.1364887,9.355608,1.9056544,7.147473,1.0131159,-0.070748806,-0.14244407,0.88212264
1.1938571,9.411831,1.8953786,7.182457,1.0254042,-0.07037735,-0.5382078,0.879838
1.2017145,9.469097,1.8928916,7.21144,1.0407903,-0.09935975,-0.007832706,0.8841152
1.167396,9.407183,1.8615549,7.234966,1.0068374,-0.055758238,-0.59506106,0.8746697
1.2065523,9.357171,1.7710533,7.163491,0.9925597,-0.010491848,-0.61043054,0.8737247
1.1918994,9.373334,1.8870542,7.2462106,0.98989797,-0.046532393,-0.59334415,0.8713038
1.1644998,9.42355,1.7838559,7.2489233,1.0499139,-0.06594539,-0.4292146,0.87561464
1.1970019,9.449707,1.7345994,7.2706056,1.0576098,-0.07557917,-0.30518597,0.87190366
1.1964766,9.480015,1.794116,7.238478,1.0357425,-0.12296128,-0.2561708,0.857134
1.1722653,9.438411,1.7985263,7.2173996,1.0113432,-0.10625529,-0.2713641,0.8427923
1.2190312,9.513093,1.8815863,7.219557,1.0241244,-0.14883447,-0.30447352,0.8488412
1.2178426,9.491537,1.8204792,7.24078,1.0357549,-0.09460688,-0.2422865,0.8603287
1.1912253,9.462069,1.7855844,7.2175717,1.0222912,-0.10019207,-0.19236207,0.8513346
1.231441,9.581158,1.8656256,7.2316914,0.99234915,-0.10262251,-0.21305138,0.843256
1.244225,9.602327,1.8768773,7.2179236,0.98866177,-0.10561085,-0.47575217,0.8482511
1.1652212,9.604582,1.9443581,7.3123894,0.99323964,-0.11938858,-0.49889314,0.8594965
1.1380215,9.438337,1.9449518,7.25709,1.0252013,-0.13001823,-0.31982648,0.86643004
1.1230643,9.36033,1.948004,7.21976,1.045358,-0.15081501,0.14681304,0.8863536
1.0896865,9.317815,1.9587431,7.182813,1.1456368,-0.14797616,0.17915177,0.8888359
1.0733216,9.344021,1.8995743,7.18003,1.1309786,-0.16744661,0.16264367,0.8906063
1.0690309,9.391739,1.9610534,7.2269597,1.2115479,-0.20752096,0.09531057,0.8815019
1.0672885,9.4572525,1.9760392,7.276567,1.3355811,-0.2748177,0.056186557,0.88677514
1.0660311,9.5087805,1.8381014,7.2387285,1.3014996,-0.27481174,0.06250203,0.89988303
1.046556,9.474461,1.8973842,7.2832956,1.2871475,-0.29357266,0.06374085,0.8936472
1.0506582,9.344044,1.9012926,7.301718,1.2932079,-0.25749445,0.081039906,0.89057076
1.0751433,9.470495,1.9165411,7.2291546,1.3057423,-0.2846501,0.08025277,0.88937235
1.0755123,9.376392,1.9355326,7.162203,1.2607167,-0.28839898,0.07583225,0.88918376
1.0897105,9.307466,1.9047081,7.1077766,1.2299018,-0.24253869,0.061105013,0.89038444
1.082525,9.263327,1.870647,7.2084813,1.2119758,-0.23814535,0.0964551,0.86690116
1.0838296,9.105615,1.8017766,7.1939073,1.188993,-0.22308064,0.09326613,0.8687469
1.0750014,9.127429,1.8064413,7.175587,1.1450741,-0.21297479,0.11607337,0.87238514
1.0467789,9.040573,1.8468204,7.124288,1.1291003,-0.23142147,0.14515996,0.86068845
1.040807,8.940835,1.8062456,7.100458,1.1304908,-0.22904682,0.12582195,0.87384343
1.053416,8.946941,1.8609304,7.15488,1.1596875,-0.26641607,0.11732125,0.86439514
1.0538381,8.898678,1.8148623,7.158989,1.1630671,-0.19443917,-0.20290327,0.8662896
1.0451691,8.986892,1.8875651,7.1807556,1.1608777,-0.23565459,-0.18343616,0.88181424
1.0449182,9.01605,1.8733096,7.1562614,1.1396148,-0.21713805,-0.18018955,0.87782526
1.0280603,8.993868,1.9071019,7.1616793,1.1707442,-0.23068166,0.072838664,0.8818611
1.0174217,8.985035,1.8910596,7.1990347,1.176153,-0.25578356,-0.02260542,0.87651443
1.0187991,8.996814,1.9163888,7.217604,1.1812336,-0.30239654,-0.023011625,0.8674159
1.0299168,9.038351,1.9251032,7.259125,1.1550486,-0.3523376,-0.027666926,0.8682703
1.0345043,9.046657,1.9168236,7.241646,1.1547699,-0.29973888,-0.081686735,0.8598187
1.0543208,9.096148,1.7826247,7.169782,1.1134689,-0.1733861,0.018643737,0.89111686
1.0510517,9.070945,1.8577309,7.1254344,1.137851,-0.19348407,0.108395696,0.8943025
1.0440402,9.115176,1.8894367,7.1383905,1.1956446,-0.2073338,0.06667507,0.8988763
1.0513792,9.110401,1.9446511,7.0677853,1.1850953,-0.23255229,-0.071623445,0.9091879
1.5715725,6.3939247,1.1434195,8.042309,0.41257715,-2.7087421,2.4498086,-0.267858
1.5387285,6.3436766,1.1315413,8.115534,0.4109788,-2.6808505,2.4385157,-0.24883729
1.6037471,6.1653614,1.0816219,8.1687765,0.41270995,-2.739577,2.4348283,-0.28353694
1.5418081,6.319602,0.8431264,8.185408,0.4284513,-2.7411315,2.3824313,-0.27327317
1.5210402,6.3187294,0.8328818,8.182966,0.4291649,-2.733366,2.4201698,-0.2278507
1.5020845,6.31309,0.86322546,8.150627,0.42046475,-2.6983442,2.3941817,-0.19403294
1.4631169,6.2722235,0.81217086,8.134872,0.46156192,-2.7007527,2.3570035,-0.24005973
1.5241566,6.295974,0.90185976,8.096544,0.35415554,-2.6723902,2.2986498,-0.246191
1.5803698,6.1842685,0.8550699,8.079559,0.3402586,-2.7032704,2.273962,-0.24442127
1.4897846,6.3218803,0.88341236,8.084023,0.30871654,-2.677493,2.2724416,-0.22034156
1.4874132,5.9577494,0.8477262,8.008558,0.33920145,-2.7003074,2.2831829,-0.214697
1.5050485,6.0521255,1.0036283,8.022001,0.3670845,-2.676204,2.2602944,-0.23174632
1.5063909,6.0367007,0.96356475,8.020578,0.3534696,-2.63526,2.4036238,-0.22366893
1.544811,6.187605,0.95129824,8.015581,0.36083746,-2.6543748,2.3721325,-0.23022947
1.5152601,6.4219246,0.96321297,8.038513,0.34859204,-2.6236062,2.375266,-0.21503279
1.5318452,6.2755013,0.96034324,7.884304,0.38757515,-2.5411232,2.3493564,-0.24901655
1.5458184,6.2058306,0.95897794,7.581877,0.4193492,-2.5421276,2.4693687,-0.26931572
1.5257143,6.2040086,0.98720896,7.556715,0.4604764,-2.5333822,2.4653108,-0.26709887
1.498377,6.464038,0.96417713,7.594899,0.47053576,-2.531155,2.4488552,-0.2568163
1.5508766,6.543433,0.8915893,7.5667887,0.51182556,-2.551854,2.498945,-0.21775877
1.5863585,6.35935,1.2407255,7.5131946,0.482615,-2.5099258,2.5050507,-0.17983076
1.5683018,6.1174955,1.246309,7.5244102,0.48112416,-2.4711423,2.6271992,-0.17931199
1.5646389,6.6515627,1.1971936,7.6062503,0.49542713,-2.477097,2.5536249,-0.17690411
1.5627217,6.637294,1.1658287,7.521729,0.44335032,-2.4811752,2.4915485,-0.16468015
1.5725126,6.660465,1.2103629,7.543344,0.42571974,-2.5495155,2.4910336,-0.14588419
1.5636694,6.4468365,1.1304553,7.4938617,0.37030458,-2.5646274,2.4085658,-0.14835599
1.5800312,6.2548847,1.1386812,7.621545,0.3767376,-2.552353,2.5511348,-0.14466125
1.5862144,6.299146,1.0863857,7.5952,0.3741107,-2.5294235,2.4478521,-0.14347714
1.5764213,6.282917,1.0722394,7.5222883,0.42394423,-2.5414093,2.3556194,-0.23606461
1.5826843,6.2799478,1.0216138,7.39895,0.4235072,-2.5057049,2.3958871,-0.2183873
1.7059878,6.7514567,1.0759702,7.4159455,0.44496083,-2.5020142,2.3885856,-0.24006644
1.7007304,6.683853,1.1008258,7.4197955,0.46432424,-2.4957516,2.332222,-0.24499139
1.6489199,6.7650757,1.1212287,7.440643,0.44210505,-2.6285722,2.389963,-0.24571893
1.6483207,6.786854,1.0900865,7.4349093,0.52246165,-2.499332,2.4535077,-0.21214595
1.562844,6.699681,1.0214925,7.4423776,0.50711703,-2.5088422,2.4503133,-0.22295386
1.5600433,6.6945505,1.0874786,7.5003138,0.5532892,-2.510491,2.4928033,-0.25626498
1.5626823,6.553007,1.0456574,7.515826,0.5755303,-2.4739475,2.5541644,-0.2295467
1.5676472,6.6057434,0.97978973,7.5554886,0.55911326,-2.499172,2.5708587,-0.23276472
1.587593,6.6730695,0.99152064,7.5934944,0.55863714,-2.555402,2.5857303,-0.24451542
1.5878049,6.61139,0.98464847,7.6453776,0.5430918,-2.5185544,2.6069381,-0.2085751
1.5965445,6.5729313,1.0830789,7.5836396,0.50208235,-2.5036902,2.5948787,-0.2518912
1.6055472,6.5544477,1.086896,7.57034,0.5224383,-2.515324,2.5803347,-0.26532328
1.6197624,6.247406,1.072423,7.5791187,0.5026958,-2.4995377,2.580292,-0.25831768
1.6060042,6.7571664,1.0981016,7.707732,0.50549746,-2.5104632,2.5684667,-0.2583279
1.633253,6.6892834,1.0890319,7.6009455,0.49070954,-2.5023866,2.6304655,-0.19698918
1.5973276,6.707726,1.0844805,7.6900706,0.47340488,-2.4931307,2.6135392,-0.16959482
1.6111583,6.7705355,1.0604992,7.806318,0.48112965,-2.504608,2.5632823,-0.16627789
1.6503698,6.8330107,1.029093,7.8072424,0.44186783,-2.5722644,2.5501158,-0.17029104
1.6502217,6.673924,1.0248144,7.795905,0.43055582,-2.5431156,2.5656185,-0.17692795
1.6087996,6.6611342,1.0536728,7.729579,0.45346045,-2.479125,2.590129,-0.16585672
1.5733854,6.6614547,1.0543599,7.777225,0.45419407,-2.5068977,2.6222646,-0.14568946
1.5739022,6.666675,1.1200955,7.653451,0.47250986,-2.4801753,2.6124487,-0.15023127
1.5512675,6.544463,1.111126,7.61729,0.5226209,-2.4990091,2.6408913,-0.17415321
1.5399292,6.5349555,1.113045,7.6344223,0.5197072,-2.5150337,2.6191363,-0.21452546
1.5155382,6.438858,1.1197798,7.601489,0.5384388,-2.4848473,2.5126123,-0.2204186
1.5085891,6.4771404,1.082469,7.473554,0.56588197,-2.5094852,2.4751704,-0.23686254
1.453526,6.5331097,0.99797225,7.5692105,0.54232025,-2.451838,2.434703,-0.22091809
1.4602797,6.388131,1.0472891,7.4657545,0.50306606,-2.4513159,2.4362373,-0.23857683
1.4506344,6.545547,0.9619911,7.987575,0.4973464,-2.7391315,2.2525754,-0.24079388
1.443258,5.874546,0.9583001,8.082193,0.36259055,-2.723704,2.2311099,-0.20612612
1.3901856,5.8114924,0.94929314,8.119278,0.37343526,-2.7347755,2.3610716,-0.15988788
1.3454059,5.9680123,0.9824829,8.092985,0.37177873,-2.7213674,2.3878043,-0.15894836
1.3643572,6.005773,0.81790507,8.10685,0.38248563,-2.7189848,2.4051137,-0.14564958
1.3667281,5.9628563,1.0407944,8.104529,0.5030005,-2.7096834,2.4537208,-0.1539247
1.3636386,5.96384,1.1240084,8.227772,0.54630494,-2.731251,2.4127877,-0.18203998
1.3046263,5.979598,1.0911846,8.2703285,0.53805137,-2.8246975,2.4590158,-0.19023895
1.3847204,5.821151,1.0256228,8.08777,0.58471966,-2.6931753,2.4625168,-0.21032134
1.3803818,5.765122,1.0133581,8.143741,0.63047266,-2.718409,2.4399028,-0.23659298
1.2858241,6.622224,1.0885754,8.106677,0.7199843,-2.7880607,2.427487,-0.19426632
1.2752929,6.538354,1.2922292,8.140397,0.8440361,-2.7068515,2.4216263,-0.212609
1.2826838,6.588664,1.2935,8.064056,0.8551507,-2.777461,2.436596,-0.19542652
1.317114,6.653571,1.1490424,8.090736,0.8990743,-2.8018146,2.4466226,-0.22124583
1.1856811,6.609458,1.2559371,8.039829,0.8208709,-2.903177,2.459123,-0.20879638
1.2784935,6.7793565,1.3823354,8.173399,0.8217907,-2.8970463,2.4661896,-0.22561902
1.2979937,6.6978035,1.357511,8.143803,0.7908704,-2.816864,2.464912,-0.19783494
1.3399484,6.714012,1.3201582,8.058685,0.77593565,-2.6884286,2.457222,-0.2151742
1.3413368,6.6292076,1.2350247,7.9922934,0.7334442,-2.6639917,2.436971,-0.2240169
1.3462794,6.360133,1.2375743,8.087103,0.69170094,-2.6580133,2.4638593,-0.2269035
1.3500042,6.3745503,0.9974657,8.06012,0.609514,-2.6121256,2.3777502,-0.23991323
1.3956609,6.353878,0.9633237,8.102359,0.55265355,-2.687077,2.380945,-0.22675669
1.3792676,6.380568,1.0520518,8.118377,0.6123271,-2.726937,2.3831403,-0.24431339
1.370056,6.2295814,1.0266716,8.124567,0.58001184,-2.6730115,2.379504,-0.25030798
1.3811888,6.3142257,1.0220127,8.065245,0.6016326,-2.6677363,2.3701117,-0.24501231
1.3823824,6.2824864,1.0064034,8.055792,0.59112453,-2.612842,2.3181915,-0.2529701
1.3853095,6.322457,1.1017587,8.05121,0.57055974,-2.5816855,2.414747,-0.2409181
1.3536708,6.216164,0.99479246,8.095082,0.49324465,-2.5846438,2.4303708,-0.22408277
1.3421394,6.1294274,0.9917624,8.065094,0.4791026,-2.6045616,2.4332995,-0.19918674
1.3746876,6.2082996,0.9759443,8.0633955,0.453974,-2.5667503,2.4441504,-0.17010102
1.3857349,6.154707,0.9215143,8.024343,0.42868972,-2.568243,2.4216444,-0.17190993
1.4265342,5.956935,0.9361719,7.9358177,0.44708562,-2.5527833,2.3371418,-0.16934493
1.4292372,5.848691,0.9437125,7.9633436,0.41115904,-2.5474267,2.3571148,-0.1935722
1.4338915,6.294573,0.9205251,8.013104,0.3720584,-2.517716,2.2017224,-0.17917025
1.421314,6.0549316,0.9272175,8.042095,0.4073534,-2.5915673,2.34531,-0.17660707
1.4119941,6.0603166,1.0279896,8.00266,0.33621168,-2.586628,2.326148,-0.19804376
1.5173773,6.1112895,1.0826945,8.061469,0.40607595,-2.7682364,2.3239982,-0.18583754
1.528235,6.085146,1.0695434,8.151106,0.41901684,-2.784524,2.3845701,-0.21250075
1.5873579,6.127343,1.0679879,8.06102,0.4190402,-2.7380352,2.38994,-0.26145232
1.5321372,6.1622977,0.9456787,8.032627,0.42088485,-2.7007494,2.3116238,-0.28363898
1.5482327,6.277692,0.9680078,8.040757,0.4733956,-2.6864195,2.3166556,-0.34930155
1.5701408,6.351453,1.1002312,8.064979,0.48936582,-2.682879,2.3872685,-0.3579195
1.5944242,6.480596,0.9972663,8.033018,0.4688623,-2.6555462,2.4282153,-0.33629483
1.6056312,6.333592,1.0125542,8.098199,0.4470513,-2.6232705,2.4748523,-0.39438164
1.6004173,6.338936,0.9213369,8.095743,0.31147337,-2.6241696,2.4655533,-0.35444587
1.5994658,6.3550467,0.9283316,8.069133,0.35688877,-2.6438515,2.456913,-0.33155876
1.567258,6.1214814,0.9593687,8.044655,0.32135987,-2.6272535,2.4650135,-0.20967433
1.646483,6.1185827,0.9638734,8.074739,0.28036857,-2.6528125,2.4600198,-0.2851566
1.694813,6.2768745,0.9419806,8.039654,0.25460696,-2.6600013,2.468676,-0.29027438
1.6652606,6.1490755,1.0098853,8.080624,0.27322912,-2.643395,2.4343853,-0.27385807
1.6854993,6.183365,0.89224696,8.082909,0.25421882,-2.6416616,2.4697847,-0.29798362
1.644448,6.203494,1.0065303,8.119003,0.23862696,-2.6288872,2.4441857,-0.29982442
1.61529,5.995926,0.89248943,8.147345,0.27752066,-2.651599,2.5041568,-0.2944431
1.6123891,6.192342,0.9402163,8.176485,0.27394748,-2.6805043,2.482965,-0.29507148
1.6020342,6.186293,0.91600347,8.182926,0.2856238,-2.6797776,2.4205604,-0.31247395
1.6093572,6.116396,1.059907,8.197627,0.3988943,-2.7002206,2.4047875,-0.33294177
1.5814472,6.1546154,1.0221548,8.129303,0.4046893,-2.7105656,2.4153934,-0.28977814
1.5884672,6.557561,1.0050802,8.060542,0.40278077,-2.714601,2.4106774,-0.2755783
1.6172571,6.6022444,0.8248066,8.057397,0.4472835,-2.7386906,2.5371885,-0.28318265
1.5977616,6.7404876,0.8744695,7.98995,0.47101426,-2.7526364,2.5038223,-0.29984456
1.6219181,6.6982436,0.93037295,7.856125,0.52687645,-2.824965,2.4633064,-0.27655452
1.6164798,7.254715,0.91654885,8.039664,0.5464494,-2.8215318,2.51979,-0.2892897
1.4969229,7.409766,0.9013095,8.033865,0.6356852,-2.8469734,2.6693237,-0.29960006
1.5009532,7.339514,0.90195584,8.049854,0.6495497,-2.9024417,2.6010492,-0.30219102
1.5700849,7.347555,0.91366994,8.112558,0.6358371,-2.8020597,2.6648712,-0.30093747
1.5475653,7.0288587,1.0731173,8.013628,0.5966706,-2.8457496,2.6614907,-0.30645454
1.5764186,7.0870433,1.0503206,7.682218,0.5757582,-2.8208513,2.5583615,-0.28291005
1.60281,6.957396,1.104553,7.5967755,0.50206304,-2.783935,2.435482,-0.27798617
1.6478173,6.9666696,1.0876276,7.591663,0.48486233,-2.6902409,2.4069726,-0.28885394
1.6795051,6.95026,1.0740952,7.547543,0.48438978,-2.774974,2.4302227,-0.3074006
1.6638213,6.7014403,1.0482049,7.7548966,0.4769578,-2.7494242,2.4840117,-0.31266236
1.6630273,6.6731277,0.882287,7.931402,0.43647885,-2.7434862,2.4550288,-0.34385073
1.6943569,6.7328267,0.8877523,7.97581,0.45620584,-2.655146,2.3876011,-0.3367133
1.6579019,6.7300634,0.9194857,7.9916434,0.45054913,-2.705569,2.356796,-0.36441642
1.6457267,6.719931,0.86617255,7.9706883,0.5685923,-2.734298,2.307702,-0.3646173
1.6199974,6.7146945,0.865746,7.851628,0.56152034,-2.7080917,2.3765786,-0.35299742
1.6254313,6.9637837,1.113199,7.6590414,0.54357624,-2.713756,2.524259,-0.3467393
1.6647837,6.9234033,1.1911051,7.740508,0.514869,-2.757627,2.4858098,-0.34269384
1.6711128,6.8518867,0.9633417,7.8501177,0.55152917,-2.7765245,2.5035765,-0.3531487
1.6215938,6.6092997,1.143847,7.941924,0.51792264,-2.7641091,2.4495971,-0.3464588
1.6189901,6.665984,1.1013815,7.987302,0.50714445,-2.768131,2.4637387,-0.35338652
1.6230766,6.622969,1.1319251,7.823358,0.49610353,-2.7141767,2.451732,-0.33330616
1.6377968,6.6306386,1.105751,7.7096915,0.53826714,-2.6218438,2.359886,-0.34731585
1.6321654,6.704762,1.0319922,7.731801,0.54157996,-2.7503545,2.4284713,-0.3553962
1.6570016,6.9679976,1.1478271,7.7181506,0.53666306,-2.6696808,2.4433703,-0.33211237
1.7075163,6.943922,1.2466764,7.6133385,0.55830336,-2.6828218,2.3971438,-0.32471964
1.694656,6.936517,1.1970034,7.628776,0.5718453,-2.6599839,2.4367783,-0.32385534
1.6423299,6.951591,1.0207782,7.6312385,0.5391774,-2.6172743,2.3968997,-0.31889048
1.6504489,6.887201,1.0585237,7.557272,0.614871,-2.5908904,2.3567626,-0.31205344
1.6197476,6.639712,1.1048253,7.5076375,0.5945487,-2.6726255,2.31765,-0.32519573
1.5941269,6.7366133,1.1189792,7.5462832,0.625504,-2.5945072,2.1968086,-0.329724
1.5766591,6.7581606,1.0773935,7.596196,0.62967706,-2.5804307,2.2078714,-0.3290218
1.602945,6.702849,1.0547009,7.642851,0.6074307,-2.587381,2.2597778,-0.36455673
1.6053096,6.501257,1.0675979,7.723078,0.58872724,-2.5460703,2.1958327,-0.38060662
1.6092459,6.6715837,1.0651033,7.701709,0.58306694,-2.5808976,2.2629623,-0.36112395
1.639129,6.7687736,1.0723095,7.7362614,0.5993948,-2.560516,2.2893138,-0.3556843
1.6464466,6.912963,1.0749745,7.776062,0.6215112,-2.5654693,2.2671332,-0.36500302
1.6446261,6.901061,1.0969005,7.7688456,0.6273587,-2.5874345,2.3012922,-0.37324485
1.6582328,6.9714227,1.0373154,7.906038,0.6165254,-2.580667,2.2910776,-0.3702269
1.6490592,6.9367027,1.0097022,7.9627213,0.63966346,-2.5875158,2.2977018,-0.37043598
1.6536484,6.967687,1.0313993,7.7569757,0.6265681,-2.61398,2.309887,-0.37262326
1.6400788,6.9635663,1.0163565,7.77049,0.5996618,-2.7425058,2.408493,-0.36156482
1.6291443,6.8969607,1.034523,7.6788406,0.5643904,-2.7697566,2.4353793,-0.36531124
1.5864733,6.8092318,1.0672302,7.6831136,0.5857363,-2.735623,2.468376,-0.37450045
1.5165981,6.800371,0.98912907,7.7419324,0.4757545,-2.7220328,2.485843,-0.31264207
1.5491264,6.541271,1.0871265,7.863996,0.59820485,-2.68679,2.2268107,-0.33524308
1.5480819,6.6213555,1.1017888,7.4081397,0.6350727,-2.6662436,2.0004852,-0.29258722
1.5159557,6.6127086,1.0726905,7.5161586,0.5238745,-2.6180363,2.3537662,-0.24936369
1.5059088,6.666466,1.0853403,7.640129,0.4496205,-2.6406257,2.4546263,-0.24672636
1.6355882,6.5811977,1.1294012,7.612107,0.42875814,-2.6449375,2.4071772,-0.24501732
1.6445155,6.478831,1.1655607,7.6223035,0.42284656,-2.6476521,2.3345153,-0.2427246
1.5965099,6.3467507,1.1198914,7.640525,0.4368205,-2.62049,2.378302,-0.2525806
1.6828513,6.4758954,1.1260674,7.6596975,0.42194486,-2.6459014,2.3223352,-0.26993713
1.6476438,6.4433713,1.1124208,7.594773,0.43195033,-2.6252203,2.3910043,-0.23561293
1.6606076,6.394016,1.1448433,7.5903525,0.42385197,-2.6100583,2.383909,-0.24374777
1.6534028,6.318136,1.0457864,7.59244,0.36280656,-2.6517565,2.3723352,-0.2503182
1.7101862,6.1830883,1.009512,7.645666,0.35892606,-2.5604625,2.3546884,-0.27922645
1.6817713,6.205633,1.0373724,7.607423,0.3540578,-2.598771,2.2730756,-0.29096636
1.6868756,6.3332734,0.9730675,7.763527,0.30722094,-2.642408,2.3198452,-0.290358
1.7204574,6.261554,0.9015471,7.8492475,0.25512862,-2.605489,2.4801855,-0.2972797
1.6960946,6.253121,0.9633646,7.875974,0.32967734,-2.6094475,2.4567225,-0.30270684
1.6393256,6.3204646,0.98199797,7.7057815,0.31226945,-2.612732,2.4941812,-0.058532357
1.6389219,6.3527136,1.0342622,7.7852645,0.3083024,-2.627128,2.5137827,-0.08986777
1.65087,6.3423843,1.0576,7.704658,0.30141425,-2.6413703,2.5411499,-0.060554862
1.6542737,6.372868,1.066442,7.7769513,0.27383518,-2.660774,2.506093,-0.061125934
1.6254598,6.357951,1.0963349,7.77827,0.28950167,-2.6912527,2.468381,-0.070210785
1.6211295,6.3571672,1.1001942,7.83172,0.2733848,-2.7015247,2.4773695,-0.094602436
1.5837616,6.329628,1.0621076,7.814889,0.2956879,-2.6829345,2.4567275,-0.09284741
1.5814271,6.240016,1.0105948,7.760893,0.30948114,-2.4611652,2.428292,-0.0801425
1.5469403,5.9754286,1.0017493,7.6335325,0.30812573,-2.452692,2.3384936,-0.006377876
1.5336187,5.976532,1.0061975,8.017273,0.3451283,-2.4153943,2.307147,-0.020327449
1.5265846,5.9788938,0.99492013,7.8196607,0.23309493,-2.4714136,2.3157759,-0.016821593
1.532956,5.959324,0.9888501,7.820437,0.23474073,-2.5063453,2.2941797,-0.00091573596
1.5503887,6.1623993,1.0120239,7.8370905,0.2528956,-2.6682773,2.2505248,-0.07245472
1.5819848,6.0356464,0.99856424,7.8511143,0.32545495,-2.715414,2.2784898,-0.18867919
1.5810055,6.0624123,1.0591695,7.763094,0.32235026,-2.7230797,2.2333398,-0.19317758
1.583853,6.0660567,1.0559437,7.7082057,0.35045648,-2.6994257,2.264393,-0.19117898
1.5889988,6.0885334,1.0512989,7.688286,0.35306048,-2.6478798,2.3733199,-0.17830154
1.6077918,6.1025305,1.0111971,7.802558,0.35532546,-2.6588032,2.4294143,-0.2114675
1.6034982,6.101429,0.9658915,7.896363,0.37079406,-2.655822,2.49016,-0.21022388
1.6332117,6.7070856,1.1798754,7.941638,0.3722942,-2.6684642,2.4434085,-0.23154819
1.6536635,6.57259,1.1303749,7.9888477,0.33590245,-2.6710432,2.4923227,-0.22717741
1.6191775,6.422199,1.0115168,8.070405,0.38420987,-2.6949286,2.403271,-0.2776756
1.6202507,6.326403,1.0497246,8.070494,0.33993268,-2.6584516,2.4131243,-0.3213811
1.6003972,6.5054636,0.9858153,8.045518,0.39851117,-2.6373343,2.4835062,-0.33269936
1.621333,6.4817615,1.0455813,8.055874,0.40596986,-2.648318,2.4768229,-0.35625696
1.6447151,6.448575,1.0664651,8.006481,0.42103672,-2.6973972,2.4546766,-0.37161863
1.6808615,6.5544906,1.0871382,7.946957,0.42931247,-2.7301874,2.4333367,-0.36233157
1.6476426,6.5589695,0.8893447,7.9332,0.43965173,-2.7233763,2.3634715,-0.38968205
1.6054958,6.41446,1.0434268,7.975948,0.41323805,-2.7245371,2.3945076,-0.2410495
1.6764698,6.394943,0.8871608,7.938956,0.3213904,-2.6958323,2.4093678,-0.28151208
1.6688923,6.4235744,0.9618113,7.9672823,0.3314376,-2.7209404,2.3868642,-0.27781692
1.6852442,6.3975005,0.9415263,7.9343033,0.32404566,-2.700472,2.339595,-0.29254934
1.6471968,6.4260554,0.9520649,7.9376187,0.3507402,-2.7077785,2.345983,-0.26101884
1.6919167,6.527365,0.98725677,7.8893595,0.3379259,-2.665303,2.357547,-0.309324
1.6710297,6.5509453,1.0965452,7.923096,0.36439776,-2.659039,2.4312322,-0.30192405
1.7216291,6.6139603,0.89993,7.8903384,0.36281085,-2.7135043,2.4194174,-0.29979908
1.7166648,6.6233964,0.89771986,7.881571,0.34739494,-2.625152,2.1059382,-0.33915356
1.6870432,6.4479218,0.90214634,7.863617,0.37035537,-2.7141304,2.3372645,-0.32569683
1.6920366,6.6158013,0.94080853,7.947341,0.33784366,-2.693376,2.3894188,-0.26407537
1.6203556,6.34076,0.96684146,8.030479,0.3707161,-2.6956642,2.3959239,-0.2615811
1.5771914,6.3093476,0.80522037,7.933212,0.36553907,-2.6925106,2.3651118,-0.31421846
1.6226978,6.363006,0.96220684,7.871276,0.3850615,-2.657911,2.4459844,-0.29499096
1.6693144,6.593262,0.9537771,7.637225,0.42410898,-2.6450808,2.424971,-0.29645061
1.6535647,6.6185064,0.9293791,7.721206,0.4151826,-2.6527574,2.44605,-0.3078703
1.652488,6.5777116,0.9074681,7.697178,0.3363521,-2.506606,2.2126584,-0.25549835
1.6045828,6.6004677,0.8756342,7.80597,0.42484498,-2.5556054,2.207238,-0.26077932
1.613738,6.6506195,0.90042496,7.808714,0.49899697,-2.5943804,2.1348066,-0.3340177
1.6156559,6.709798,0.890471,8.020297,0.50823355,-2.5431008,2.2926881,-0.329045
1.630349,6.741465,0.9441674,8.02821,0.5121417,-2.5461373,2.2559896,-0.3461498
1.636423,6.7166767,0.9711549,7.809899,0.536958,-2.5552638,2.2514882,-0.3350209
1.5920526,6.2218432,1.0232394,7.778513,0.55884457,-2.519224,2.4477491,-0.3383352
1.6039587,6.2391763,0.9625068,7.768504,0.56027436,-2.5217252,2.3746345,-0.3756498
1.5957772,6.503467,1.0185483,7.940828,0.56529355,-2.8383267,2.3199089,-0.37336588
1.6003647,6.5116215,0.85953665,8.036192,0.6086712,-2.826659,2.2959163,-0.37321612
1.5864223,6.491867,0.9939599,8.062882,0.5951576,-2.8212628,2.318951,-0.3787024
1.5852348,6.499104,1.1734285,8.040661,0.58351564,-2.8054342,2.3863978,-0.3678668
1.571863,6.6141973,1.0527389,8.028618,0.59897685,-2.8339033,2.3869123,-0.33571568
1.5766473,6.549048,0.87529576,7.913748,0.60075617,-2.8356652,2.3701499,-0.3508458
1.5725259,6.536557,1.0062613,7.9741397,0.5896342,-2.8514268,2.4182432,-0.3036336
1.646449,6.668425,1.131288,7.988777,0.5530677,-2.8422368,2.414841,-0.36328903
1.6111476,6.7074137,1.1016183,7.8931766,0.6282773,-2.8424785,2.3985546,-0.36608
1.6175841,6.7659035,1.0543282,7.878958,0.6594775,-2.850222,2.318096,-0.39539236
1.6407015,6.9092913,1.1605406,7.849091,0.6326957,-2.9159677,2.2421749,-0.42740417
1.5816448,6.729544,1.1604569,7.8416777,0.8174627,-2.9404147,2.1844661,-0.39226758
1.5891753,6.844566,1.2050738,7.8352175,0.75905585,-2.9420593,2.2125595,-0.42500705
1.6925895,6.7614493,1.1983461,7.820839,0.63049746,-2.7726576,2.2006605,-0.45831478
1.6501864,6.7170315,1.1126547,8.2040205,0.70512724,-2.8212004,2.1993897,-0.4567935
1.6737283,6.616938,1.1105602,8.144402,0.6864641,-2.8357637,2.1119504,-0.45841247
1.6467416,6.6060224,0.97448325,8.194444,0.6692834,-2.856148,2.1809843,-0.472648
1.6303321,6.695829,0.9916532,8.135192,0.7819557,-2.8371463,2.1555564,-0.44645235
1.6732279,6.6516066,0.9816861,8.132619,0.68420196,-2.8517306,2.2574525,-0.41922855
1.7412331,9.899607,0.41409612,4.487742,1.9161022,-0.21252441,-0.20362103,0.7076576
1.7429037,9.898376,0.45828235,4.465932,1.9154446,-0.5080514,-0.22531223,0.6986482
1.6976033,9.847606,0.4323666,4.375764,1.9261527,-0.34740138,-0.23016673,0.7055192
1.691069,9.939161,0.4410956,4.271273,1.9253373,-0.4337566,-0.2212981,0.69450486
1.7668681,9.930283,0.41510105,4.6083546,1.9442925,-0.4167893,-0.23212826,0.69643426
1.7839277,9.910778,0.1851182,4.5941052,1.9606326,-0.3942833,-0.22897136,0.6876745
1.8728387,9.783937,0.065606594,4.500392,1.9553792,-0.37123823,-0.2291981,0.65967107
1.8507742,9.756016,0.06115961,4.43412,1.9525111,-0.3735299,-0.2371791,0.68077934
1.9069626,9.699057,0.07181442,4.4525723,1.9647477,-0.41084957,-0.24287486,0.6837115
1.8846041,9.759971,0.042649984,4.5369864,1.9867303,-0.31995416,-0.25915402,0.692096
1.8881645,9.820103,0.36116683,4.4128346,1.9789598,-0.29863787,-0.23497468,0.6833532
1.842079,9.771478,0.33140004,4.453434,1.9786775,-0.29529142,-0.2502762,0.6878294
1.8590133,9.770662,0.39220464,4.373495,1.9976649,-0.25882864,-0.2601288,0.69664264
1.8507074,9.703331,0.31323004,4.4367414,1.9999399,-0.22324586,-0.2414788,0.6867752
1.820452,9.895571,0.47481894,4.0123067,1.9630191,-0.1972413,-0.23482007,0.72812533
1.8140732,9.898022,0.424685,3.9618235,1.9787097,-0.19170547,-0.1948458,0.7104862
1.8789344,9.878391,0.44918144,4.1488056,1.9695671,-0.22276187,-0.19398463,0.7134714
1.8771094,9.775654,0.45053136,4.238642,1.9773948,-0.27103448,-0.18732065,0.7285857
1.8333236,9.652819,0.48885536,4.3434734,1.9578726,-0.21771145,-0.18354833,0.7281157
1.830396,9.43837,0.49005866,4.399537,1.9591227,-0.20521712,-0.17268175,0.7150848
1.8474847,9.1916275,0.54362607,4.464675,1.9494843,-0.2461853,-0.15449268,0.7217748
1.8381054,9.151544,0.55753756,4.472597,1.950444,-0.24457788,-0.16624016,0.72800934
1.8356727,9.114828,0.5525956,4.5151315,1.9406364,-0.26164675,-0.1581797,0.72239614
1.8550758,9.082592,0.56256604,4.537982,1.9413395,-0.28466845,-0.1662463,0.7319989
1.846762,9.030218,0.5457394,4.584006,1.9472775,-0.2922237,-0.17132664,0.73147273
1.8263893,9.005066,0.53345823,4.5781283,1.9380205,-0.29481888,-0.18240929,0.72239685
1.8669537,9.055498,0.5418743,4.584254,1.9463954,-0.29660487,-0.16103,0.71982956
1.8789809,9.446747,0.5199139,4.6092463,1.9474664,-0.2953341,-0.16346633,0.72448015
1.87709,9.187038,0.53283703,4.649702,1.9589126,-0.27616596,-0.13461393,0.7261913
1.8862727,9.176586,0.715353,4.4708796,1.9391782,-0.27835274,-0.111851394,0.72021914
1.8394583,9.23279,0.7159443,4.5576262,1.941453,-0.30528998,-0.123753786,0.72985387
1.8386006,9.210342,0.71394753,4.5291395,1.9508846,-0.3023262,-0.1472264,0.73702216
1.8414282,9.216454,0.7140932,4.5118346,1.9283879,-0.3079729,-0.14021724,0.7373066
1.8327707,9.223013,0.72069216,4.431946,1.9254215,-0.31280112,-0.14778948,0.7440156
1.8303365,9.240665,0.7234256,4.3917656,1.9341786,-0.27022552,-0.16173989,0.74656606
1.8659085,9.240728,0.7285789,4.350877,1.9353755,-0.30018544,-0.19375265,0.7425747
1.8712804,9.389524,0.74974465,4.369311,1.9536042,-0.30314517,-0.21585572,0.7425326
1.8443125,9.383051,0.7984694,4.376976,1.9684777,-0.2884326,-0.2024886,0.7439556
1.8255105,9.494596,0.8211374,4.3971753,1.9638441,-0.3351972,-0.22161227,0.73547244
1.8256662,9.518137,0.81853724,4.4940085,1.97328,-0.31678247,-0.28436255,0.7250267
1.8117852,9.513876,0.79210865,4.512223,1.9744315,-0.29650545,-0.2973473,0.730288
1.8149881,9.530436,0.7968168,4.576077,1.9866467,-0.22007608,-0.29567546,0.72769547
1.8112943,9.627947,0.6070963,4.756752,1.9847755,-0.28628373,-0.30236948,0.72963715
1.80592,9.607414,0.5650246,4.6736646,1.99193,-0.25580668,-0.29660648,0.73653543
1.7970533,9.840027,0.6061244,4.670084,1.9987864,-0.27102518,-0.28495616,0.73055804
1.7585175,9.826834,0.51432896,4.903739,1.9970691,-0.28797746,-0.31582892,0.6953262
1.725112,9.918743,0.5274633,5.0096483,1.9818566,-0.30713177,-0.25884587,0.72938585
1.7251796,9.931019,0.53112185,5.0078506,1.9757087,-0.3535576,-0.28365433,0.7256669
1.6978154,9.968992,0.30810118,4.941907,1.9752386,-0.42360115,-0.28330594,0.702523
1.7669771,9.71883,0.36621833,4.8012457,1.9385488,-0.1916027,-0.24816436,0.709231
1.7718325,9.901384,0.50307894,4.4352365,1.9517055,-0.13863802,-0.27598792,0.706043
1.750602,9.97851,0.45831633,4.2861123,1.9621885,-0.14797258,-0.27129352,0.6885315
1.705845,9.990842,0.33529544,4.5259676,1.9886863,-0.16623616,-0.2619807,0.7312572
1.739833,9.811219,0.48980796,4.662245,1.9884913,-0.1423142,-0.34998816,0.70125985
1.743873,9.312277,0.49954545,4.6574435,1.9996061,-0.15242863,-0.35229295,0.7112638
1.731306,9.530899,0.47874033,4.5683947,1.9531555,-0.14720511,-0.31654555,0.7128947
1.7170054,9.565474,0.45739555,4.4298954,1.9532623,-0.094662905,-0.22543377,0.722476
1.7451112,9.918959,0.42615998,4.4483433,1.9755282,-0.29309845,-0.22647399,0.7175336
1.7675612,9.895183,0.40788925,4.557665,1.959091,-0.45832562,-0.22743815,0.7270663
1.7605761,9.871806,0.19740224,4.6266346,1.9553666,-0.47232604,-0.23647285,0.7341089
1.7074335,9.860264,0.21656728,4.6441383,1.9306936,-0.43063736,-0.28842884,0.7605283
1.70697,9.870352,0.2263614,4.61306,1.9221182,-0.23325276,-0.27521282,0.77898216
1.7070327,9.841743,0.2340641,4.5239263,1.903208,-0.24723005,-0.050075352,0.7575064
1.6950833,9.840067,0.16095507,4.386409,1.9357078,-0.2598474,-0.061291695,0.7478597
1.674321,9.843708,0.14121199,4.3923864,1.9032176,-0.25190187,-0.07373077,0.78247285
1.6869262,9.8646755,0.17863095,4.355265,1.9114044,-0.21347404,-0.034742594,0.7680105
1.70536,9.815191,0.16487229,4.43769,1.9076645,-0.36506915,-0.044680417,0.8226603
1.7267146,9.768394,0.24616766,4.5139337,1.8893206,-0.4030981,-0.043322206,0.8078873
1.716415,9.711933,0.2759148,4.5707054,1.8858306,-0.40046287,-0.086291075,0.81201243
1.7290782,9.670466,0.3088416,4.728825,1.9135256,-0.13282347,-0.006053269,0.8187702
1.7861838,9.654072,0.39744115,4.4710703,1.9476647,-0.10424328,0.013312459,0.8064356
1.8017604,9.621317,0.4922552,4.412319,1.9400148,-0.10448432,0.016964674,0.800995
1.764359,9.607302,0.56902575,4.4867597,1.9494314,-0.11397958,-0.0013098121,0.8001019
1.7940902,9.694224,0.39749944,4.5588384,1.9475186,-0.13230419,-0.006584406,0.8058897
1.7809391,9.622322,0.45232785,4.266091,1.9480674,-0.111138105,-0.00021320581,0.8124584
1.799349,9.629991,0.47111034,4.238808,1.9516664,-0.10621452,0.11135805,0.82293606
1.7147782,9.515902,0.49812055,4.302344,1.962831,-0.09965539,0.02845943,0.83201694
1.7477418,9.171918,0.5093931,4.0504875,1.9830775,-0.08906555,0.016508937,0.8322966
1.7401475,9.189134,0.490273,4.1351767,1.9532332,-0.09465361,0.018030405,0.8154676
1.748327,9.324097,0.521875,4.2414393,1.9673169,-0.10928631,-0.010211527,0.8229252
1.7483264,9.230292,0.5214999,4.1630526,1.9683168,-0.10678315,0.02309668,0.83093464
1.74508,9.39426,0.5270835,4.2002053,1.9664943,-0.106621504,0.02414155,0.84637773
1.7383639,9.524752,0.56439984,4.2470627,1.9784422,-0.10727978,-0.028582454,0.8426149
1.7001215,9.576006,0.57585955,4.2176104,1.982348,-0.08888149,-0.11920178,0.85377824
1.6956694,9.567471,0.5992992,4.1595154,1.9823079,-0.10943508,-0.042456567,0.8484665
1.6327233,9.753179,0.5615159,4.5353794,1.9773259,-0.12724376,-0.14019829,0.85337675
1.6283387,9.710442,0.5303323,4.416479,1.9821897,-0.0039377213,-0.30453944,0.8461261
1.6567476,9.616732,0.54330873,4.383393,1.963788,-0.028835058,-0.15130162,0.84721005
1.6749207,9.554945,0.55721545,4.607832,1.9679756,-0.06733012,-0.13064158,0.8306327
1.6729349,9.650695,0.56433845,4.148017,1.9646473,-0.11076832,-0.09278214,0.8540436
1.6790154,9.601196,0.557415,4.1622467,1.947767,-0.11635423,-0.102895975,0.8551936
1.6770078,9.61416,0.55898356,4.2797084,1.9605489,-0.116545916,-0.09689659,0.85413074
1.4596943,9.360151,0.5766214,4.244462,1.9154949,-0.11483121,-0.103349745,0.8815758
1.3688824,9.217232,0.5609975,4.2528133,1.9127796,-0.09802914,-0.10812706,0.879266
1.363085,9.220389,0.5711477,4.341842,1.9136019,-0.108226776,-0.10013229,0.8762934
1.3611484,9.144143,0.5733285,4.384101,1.9233754,-0.12996268,-0.093025625,0.8836577
1.377926,9.159716,0.55257964,4.372433,1.9211893,-0.1138916,-0.08305973,0.8723885
1.467468,9.283997,0.5496168,4.3760033,1.9343424,-0.116232395,-0.06607038,0.87202644
1.6148779,9.308525,0.54733086,4.4744635,1.9133327,-0.12029314,-0.058193088,0.84866786
1.605517,9.0892315,0.5554862,4.489045,1.923219,-0.153543,-0.061312795,0.8261657
1.654892,9.267242,0.55418956,4.482431,1.9352458,-0.17608404,-0.08955008,0.8322599
1.5992222,9.399755,0.53473604,4.3697248,1.8789005,-0.1476798,-0.07967216,0.8377081
1.6230279,9.344818,0.54878235,4.395226,1.8789749,-0.07563615,-0.09114027,0.851411
1.5978867,9.336025,0.5574267,4.3976526,1.8679981,-0.2171278,-0.09588134,0.8150568
1.5633187,9.278009,0.5677378,4.4684525,1.9270849,-0.23972654,-0.08960962,0.8211316
1.5933956,9.216679,0.5775986,4.3679295,1.9407406,-0.21166778,-0.08865142,0.82313824
1.5817753,9.138465,0.5823233,4.3060775,1.9380553,-0.24485564,-0.09233254,0.82276404
1.5690169,9.417917,0.5501878,4.408593,1.9155498,-0.2536707,-0.072131336,0.8209877
1.570616,9.405626,0.5352932,4.544836,1.9053679,-0.22614002,-0.05884868,0.7928095
1.673639,9.271203,0.55037975,4.5646553,1.9347076,-0.22709537,-0.07852185,0.7822603
1.6793313,9.28981,0.56407726,4.563797,1.9244058,-0.22499108,-0.08532989,0.7850795
1.6724021,9.287901,0.592757,4.5994606,1.9327652,-0.2296834,-0.12446892,0.7822113
1.6537604,9.2660885,0.58214784,4.6916966,1.9577343,-0.22600079,-0.13049436,0.778635
1.6547326,9.397785,0.61435366,4.6950803,1.9539111,-0.2637465,-0.123390555,0.78217864
1.6485447,9.385931,0.5695214,4.70014,1.958637,-0.19634986,-0.12713027,0.78828716
1.5619583,9.385714,0.5703368,4.6693964,1.8670268,-0.24184275,-0.12530267,0.7918128
1.605613,9.23015,0.5871413,4.650327,1.8484871,-0.24966192,-0.1349358,0.8048241
1.6010857,9.704967,0.5092286,4.7060623,1.8573828,-0.24226189,-0.21283126,0.7884933
1.6061723,9.83987,0.51057386,4.5322504,1.8634884,-0.27546835,-0.30617768,0.7669194
1.6252556,9.544561,0.5265565,4.7100735,1.8841372,-0.25528526,-0.30578882,0.7615683
1.5761731,9.666698,0.56511736,4.7230277,1.8737605,-0.39471722,-0.3219247,0.775851
1.5903293,9.647383,0.47656393,4.9676433,1.8507347,-0.5537677,-0.29517078,0.7784561
1.5849688,9.675117,0.44585395,4.899272,1.8222122,-0.5519204,-0.25193363,0.7948264
1.6116747,9.600157,0.32857394,4.9689374,1.7897868,-0.6535425,-0.25558192,0.7716731
1.5829986,9.655066,0.2352159,5.178849,1.7696395,-0.5759449,-0.2559682,0.8183489
1.588727,9.488134,0.32581043,4.7650375,1.7632442,-0.5990987,-0.25475234,0.804603
1.6113224,9.480745,0.30649996,4.816087,1.7356913,-0.5537574,-0.21904033,0.79461455
1.6109968,9.42247,0.46326327,4.8785186,1.7495704,-0.5782881,-0.20393759,0.76974833
1.6088667,9.578871,0.3584342,5.0013633,1.7285705,-0.6069405,-0.19389373,0.7717259
1.5538187,9.643394,0.23322201,4.972794,1.7206388,-0.6165781,-0.21809095,0.7864816
1.5840911,9.716734,0.22993553,5.0097866,1.7562551,-0.58375454,-0.22929275,0.7845659
1.6472441,9.636751,0.2364819,5.0173273,1.7637398,-0.44878793,-0.1897183,0.8295268
1.6444077,9.54975,0.25876248,4.9043703,1.7752001,-0.52673054,-0.19448912,0.82221806
1.6336522,9.53146,0.2309506,4.765164,1.7722106,-0.5135138,-0.15835005,0.81737936
1.6385543,9.526962,0.19920409,4.850287,1.7797973,-0.5415449,-0.31091017,0.80592203
1.6132385,9.546494,0.24689281,4.793808,1.7689455,-0.521291,-0.3056913,0.79241514
1.6530976,9.5577545,0.23053432,4.820632,1.8119047,-0.47591543,-0.2984786,0.83933616
1.6546172,9.389879,0.24010777,4.712324,1.8908472,-0.47720814,-0.72297907,0.89755595
1.625524,9.354989,0.3013333,4.74938,1.8402989,-0.46870828,-0.68962777,0.91093624
1.625626,9.34614,0.3084228,4.7505584,1.8075445,-0.4793427,-0.6094742,0.8787805
1.6331215,9.378685,0.2776686,4.8122797,1.8166454,-0.4929433,-0.68722844,0.8886092
1.6331187,9.366709,0.29833126,4.9512997,1.8220689,-0.5196681,-0.5649888,0.87702096
1.6239619,9.396082,0.2674471,4.9306216,1.8305702,-0.554132,-0.6771338,0.87789285
1.6209818,9.407227,0.25436807,4.9553432,1.8642383,-0.53122616,-0.7873278,0.86630464
1.6355387,9.439098,0.2356956,4.9451017,1.8909347,-0.54914093,-0.8223735,0.88585055
1.664776,9.400231,0.21876872,4.4045615,1.9109397,-0.49053335,-0.9207498,0.8974993
1.6737683,9.373344,0.21921086,4.388204,1.7947922,-0.49319363,-0.94089156,0.8799249
1.6611687,9.350706,0.20065069,4.5748377,1.8935735,-0.49331856,-0.8893622,0.90593195
1.656,9.376026,0.21198976,4.4858036,1.9035227,-0.47365284,-0.9000825,0.91643775
1.6613126,9.362932,0.21124959,4.536462,1.9435453,-0.51406217,-0.93216556,0.9142343
1.6647596,9.344929,0.2140212,4.494694,1.8424222,-0.5270028,-0.9202492,0.9017073
1.672495,9.295682,0.25074315,4.565964,1.8817885,-0.55882025,-0.9522532,0.86675835
1.6765155,9.301388,0.26092243,4.7767286,1.8738563,-0.55505943,-0.87040967,0.89361
1.6848595,9.341898,0.19893348,4.728361,1.856611,-0.5769615,-0.9326718,0.86953485
1.7003268,9.346838,0.1925323,4.7898474,1.8512654,-0.6060045,-0.96483564,0.8608004
1.6460524,9.352549,0.14649284,5.016045,1.8472879,-0.5605762,-0.95687634,0.8633635
1.7156509,9.286925,0.127334,5.1743374,1.8107584,-0.5595412,-0.942946,0.8560666
1.6925329,9.195852,0.048731208,5.0841475,1.8194077,-0.5468397,-0.9245709,0.90161633
1.644856,9.262831,0.06982064,4.971493,1.8390367,-0.58814025,-0.8254416,0.91841304
1.6556691,9.222086,0.07117808,4.9232044,1.8467815,-0.5437436,-0.8757895,0.93699944
1.666706,9.19026,0.15373588,4.7272825,1.8541343,-0.60031223,-0.8119236,0.9442198
1.6985013,9.205803,0.14594674,4.6385527,1.8677115,-0.57612705,-0.93642837,0.9370258
1.6975334,9.2284565,0.15281641,4.4905767,1.846863,-0.6361165,-0.99296975,0.8956659
1.703909,9.236586,0.1061641,4.537017,1.8453677,-0.63928246,-0.9909109,0.92184436
1.711941,9.2681465,0.11317253,4.5304294,1.8635335,-0.6527238,-0.981707,0.9090141
1.7249116,9.29257,0.08385527,4.6918545,1.892379,-0.62480044,-0.98178214,0.8913162
1.7279325,9.33745,0.086728334,4.8119063,1.8185532,-0.63933325,-0.86691296,0.87001836
1.7069448,9.301966,0.066019535,4.8926935,1.8083994,-0.5967014,-0.9408949,0.8749361
1.778929,9.237846,0.06789851,4.524326,1.82442,-0.51993847,-0.86732596,0.9154315
1.7138476,9.228447,0.020219803,4.6599245,1.7876611,-0.7227781,-0.8534514,0.9018092
1.6959261,9.266724,0.026058316,4.3956733,1.7961323,-0.67666554,-0.85668725,0.89971447
1.7063628,9.286303,0.04132116,4.2446756,1.7900565,-0.6601541,-0.9897637,0.95275927
1.6487131,9.308819,-0.13274884,4.3239293,1.796952,-0.3419304,-0.9957165,0.9620373
1.657588,9.353395,-0.09201157,4.3325315,1.8218455,-0.33944654,-0.88759094,0.99111986
1.6686442,9.313568,-0.20816827,3.9954956,1.8091433,-0.3364699,-0.8780809,0.98559093
1.6426036,9.356644,-0.21879005,4.463375,1.7976809,-0.3738041,-0.8238382,0.99368894
1.6605774,9.696167,-0.14255589,4.758371,1.779917,-0.45334625,-0.79572415,0.95298254
1.6619244,9.771454,-0.11145979,5.180598,1.7881911,-0.3882475,-0.7987277,0.9522979
1.7010347,9.519518,-0.17440736,4.279687,1.8219819,-0.5740037,-0.97827697,0.95169485
1.6347272,9.649099,-0.13380516,4.4056454,1.768256,-0.60310817,-0.93569714,0.9454999
1.6312132,9.585091,-0.10259956,4.319298,1.7735627,-0.7240317,-0.9749001,0.96389747
1.5905123,9.656425,-0.12584323,4.3670993,1.7829199,-0.67268753,-0.9603227,0.94301176
1.6495631,9.662122,-0.14799654,4.400078,1.8175948,-0.63254595,-0.957734,0.9260137
1.6204115,9.64028,-0.123493254,4.403247,1.7645779,-0.61184144,-0.90982103,0.9230318
1.6221648,9.67613,-0.12748337,4.4427214,1.7418678,-0.5940523,-0.8877044,0.91388726
1.6322997,9.628866,-0.13017726,4.529497,1.8415644,-0.5797219,-0.86590666,0.8977524
1.667122,9.682049,-0.09756744,4.725379,1.7716086,-0.6237664,-0.85892904,0.85641646
1.6690571,9.686365,-0.10446924,4.8661413,1.8008387,-0.60656047,-0.8294469,0.86201453
1.6786878,9.681743,-0.10429472,4.9246635,1.7938957,-0.6170809,-0.8029841,0.8450204
1.6595893,9.801538,-0.09798181,4.7163553,1.9011734,-0.5704918,-0.993175,0.862913
1.6382666,9.794849,-0.08564806,4.76857,1.8608224,-0.5332713,-0.9336715,0.8272294
1.6577411,9.792333,-0.038696885,4.7798367,1.8423886,-0.57330537,-0.9685751,0.8391386
1.6453192,9.837158,-0.0356974,4.7605476,1.7828126,-0.49502683,-0.9959135,0.8319652
1.5278976,9.892194,-0.020776033,4.7773128,1.770437,-0.5246241,-0.7978678,0.85110795
1.5146965,9.862788,0.07530832,5.019743,1.6599009,-0.52637887,-0.8381039,0.85881245
1.49991,9.779754,-0.0024047494,4.723206,1.6427538,-0.5936036,-0.83863527,0.7928827
1.4903928,9.8179,0.056049824,4.628376,1.684026,-0.56991386,-0.9186353,0.78844833
1.4579799,9.816349,0.060636044,4.7636347,1.6682115,-0.5282221,-0.92243505,0.77695954
1.4643271,9.823461,-0.03236127,4.658345,1.6519508,-0.5211983,-0.79457545,0.75821245
1.4340537,9.705011,0.041745663,4.6518254,1.654979,-0.4986143,-0.93965703,0.7567527
1.5120424,9.725481,0.05550766,4.5611324,1.560682,-0.5436964,-0.9083713,0.74940896
1.4444542,9.772106,-0.077025294,4.587455,1.6009247,-0.53821063,-0.8635242,0.74674654
1.4583006,9.797245,0.049299717,4.7657785,1.6167111,-0.5459094,-0.88099545,0.7721783
1.5152826,9.772586,0.024661422,4.6540728,1.6051812,-0.5884254,-0.84732234,0.7764152
1.3104694,9.820429,-0.075633764,4.498616,1.5597093,-0.59382343,-0.8939504,0.76893187
1.3463566,9.738708,-0.02423668,4.4913406,1.5289474,-0.5887966,-0.9174893,0.75013256
1.3599582,9.717852,-0.031868458,4.578975,1.6326938,-0.5760634,-0.81031907,0.73131394
1.4445564,9.71977,0.09021568,4.662996,1.6512105,-0.666172,-0.998101,0.7297894
1.5635393,9.761213,-0.017986238,5.05103,1.6800485,-0.6331668,-0.99896574,0.7379098
1.7156792,9.625105,-0.025951385,5.1424313,1.8591104,-0.75578403,-0.98824525,0.8281274
1.4714098,9.532811,0.07049525,5.132249,1.9304054,-0.73884773,-0.96968055,0.8330463
1.5171933,9.55038,-0.0049220324,4.8980813,1.9082232,-0.754338,-0.97940946,0.8430264
1.5456585,9.439665,0.024068356,5.019271,1.9626715,-0.7595525,-0.9757343,0.8524848
1.6489688,9.487629,0.015356541,5.018457,1.9855702,-0.83329344,-0.9598883,0.85410047
1.7053456,9.482053,0.011523366,5.1608467,1.9858472,-0.70808005,-0.85016453,0.8367399
1.690917,9.50304,0.08538866,5.17784,1.9248979,-0.6849227,-0.7340763,0.83588433
1.6803834,9.50742,0.08311057,5.133363,1.8956995,-0.661639,-0.7048684,0.8284812
1.6688681,9.491468,0.06323516,5.1225843,1.8742251,-0.6419616,-0.81712496,0.8323394
1.6417828,9.422199,0.05361736,4.826009,1.8797553,-0.63412046,-0.7967289,0.8559587
1.6965798,9.364827,-0.026530504,4.8568945,1.8948507,-0.69502616,-0.82818145,0.86553824
1.6440362,9.356855,-0.027703404,4.873066,1.8917441,-0.6865072,-0.8376379,0.929392
1.6520914,9.343467,-0.022375405,4.6555963,1.9256546,-0.6809654,-0.9156037,0.935596
1.6857727,9.343168,-0.03404367,4.6980133,1.8657687,-0.6678891,-0.8472653,0.93545365
1.6857231,9.3520355,-0.023603559,4.724651,1.8903744,-0.6629939,-0.8425184,0.9248469
1.684652,9.344347,0.014143586,4.588994,1.9289312,-0.6247754,-0.888449,0.8892355
1.6806614,9.450991,0.010728717,4.6157646,1.7790012,-0.5868237,-0.8692299,0.8806039
1.6748972,9.44154,0.009805679,4.6440425,1.9564202,-0.5877943,-0.81606734,0.90427375
1.6845586,9.459823,0.063406944,4.679525,1.8095853,-0.57941484,-0.9348999,0.85060275
1.6989928,9.453644,0.06040263,4.7873926,1.9392748,-0.60401225,-0.97510237,0.8554971
1.6841257,9.535261,0.15716004,5.042781,1.8095539,-0.5568242,-0.95877963,0.815794
1.6578196,9.67499,0.15461755,4.952266,1.8263912,-0.52419853,-0.6483804,0.7481146
1.6211185,9.5042515,0.16891193,4.588295,1.6867278,-0.50828457,-0.65824604,0.7454941
1.6000227,9.527002,0.19226658,4.606727,1.7603822,-0.5039487,-0.87288654,0.7410656
1.6782762,9.551481,0.14354825,4.5442195,1.7819133,-0.4603076,-0.9088956,0.75511956
1.740624,9.556695,0.21140432,4.530832,1.8528152,-0.4049511,-0.91691476,0.7856866
1.7203501,9.556116,0.14585948,4.422625,1.8406692,-0.3523178,-0.8323495,0.804019
1.777653,9.508111,0.14731431,4.433606,1.8604898,-0.3399775,-0.82949215,0.81158614
1.7770146,9.508113,0.10039401,4.4116163,1.7598853,-0.36053085,-0.81614023,0.74970865
1.808446,9.484883,0.12282932,4.429183,1.7200303,-0.33889723,-0.93026,0.78958404
1.810782,9.539937,0.06378603,4.488767,1.7290139,-0.33704257,-0.9884454,0.77143466
1.8014474,9.5773735,0.12656343,4.543636,1.758142,-0.32695532,-0.9639822,0.7314633
1.8044906,9.603146,0.118661284,4.39501,1.7584543,-0.2265389,-0.90950674,0.72368777
1.846276,9.566725,0.17179751,4.479271,1.6868727,-0.2482276,-0.89523673,0.72881484
1.8346252,9.6019745,0.08843291,4.4551373,1.721518,-0.24147129,-0.8699076,0.7281804
1.853998,9.6046505,0.03077674,4.3454285,1.7240438,-0.30482054,-0.98461723,0.74072385
1.831877,9.632884,-0.050026476,4.396904,1.6893651,-0.35374928,-0.9482232,0.735994
1.8751922,9.60918,-0.04652965,4.439462,1.7760313,-0.41679263,-0.9585943,0.72174263
1.8448489,9.605541,-0.06301463,4.406974,1.6080334,-0.4171412,-0.9316456,0.7170099
1.8270166,9.674059,-0.08667803,4.3183656,1.6085219,-0.3462155,-0.91673934,0.720502
1.834963,9.716984,-0.07463598,4.3177247,1.7033644,-0.2921028,-0.9858428,0.6997627
1.9191312,8.490656,0.21066642,9.546871,-0.9711695,-1.3007586,-0.92685235,-0.38096398
1.903019,8.505729,0.22835422,9.742559,-0.90742886,-1.3117683,-0.9385439,-0.38724226
1.8921232,8.4987755,0.231107,9.576218,-0.9310801,-1.293221,-0.93176013,-0.37789673
1.9008992,8.596127,0.22067237,9.512461,-0.88423586,-1.3219593,-0.94194,-0.38107133
1.9157702,8.552218,0.21367931,9.539583,-0.8824357,-1.3335857,-0.9391356,-0.37497407
1.9079037,8.549593,0.21070933,9.52674,-0.91297233,-1.334075,-0.86935556,-0.4048472
1.9597975,8.420038,0.25150216,9.050504,-0.7633002,-1.3265858,-0.84764516,-0.29579496
1.9518064,8.40659,0.23845983,9.054416,-0.7894732,-1.3314539,-0.7953571,-0.3035415
1.9910686,8.275251,0.28063583,9.475391,-0.8160895,-1.3189485,-0.8112581,-0.37964296
1.9558798,7.8743954,0.2393533,9.472233,-0.9187256,-1.2242558,-0.84726936,-0.4321921
1.9774303,8.044479,0.25842285,9.426739,-1.0489914,-1.1803284,-0.8400612,-0.4456639
1.9763546,8.051242,0.24339008,9.473004,-1.0719151,-1.2395787,-0.83653027,-0.42173678
1.959896,7.967699,0.23605001,9.520122,-0.9127886,-1.2213063,-0.83484554,-0.40698346
1.9586706,7.9478827,0.2532469,9.509636,-1.0386622,-1.23856,-0.8481262,-0.40589517
1.9622496,7.8733535,0.26053798,9.459986,-0.89043295,-1.240797,-0.91696066,-0.39470997
1.9789598,7.7993913,0.24256778,9.431984,-0.9915576,-1.2342188,-0.9360107,-0.40167683
1.9470351,8.388177,0.27158403,9.42145,-1.0116607,-1.2363672,-0.94334835,-0.36756492
1.9429405,8.234505,0.23825431,9.410288,-0.9906919,-1.242614,-0.98498183,-0.34189332
1.9581215,8.204015,0.23218918,9.438752,-0.97993755,-1.2614434,-0.98635423,-0.35008043
1.9592053,8.286924,0.22227299,9.345775,-0.9968318,-1.2748642,-0.93569785,-0.36349967
1.9552767,8.128098,0.20744431,9.173525,-0.90732765,-1.2802594,-0.7350831,-0.36151338
1.9555056,8.465341,0.16014552,9.202152,-0.960099,-1.28771,-0.8908417,-0.38815668
1.9560795,8.587266,0.20054173,9.22751,-0.9734603,-1.281533,-0.88080925,-0.39097238
1.9794977,8.600988,0.19414985,9.180349,-0.9838939,-1.314272,-0.8707229,-0.40636224
1.9783679,8.423464,0.17967439,9.081769,-0.97484124,-1.2843254,-0.88686574,-0.42612898
1.9788611,8.3074,0.18062592,9.134475,-0.9900459,-1.2760427,-0.8460888,-0.4483298
2.0027587,8.493214,0.18131578,9.131151,-1.0127863,-1.3380814,-0.860787,-0.42741746
1.9950532,8.478985,0.1658746,9.275047,-0.97920346,-1.4011577,-0.82647103,-0.4113602
1.9880745,8.513344,0.22814906,9.279743,-0.9054799,-1.3835478,-0.7874598,-0.40211982
2.003191,8.616507,0.24376619,9.217755,-0.93392324,-1.4036026,-0.83455473,-0.42577434
1.9924663,8.530167,0.20212686,9.12439,-0.82024705,-1.3848855,-0.899487,-0.44561026
1.9216481,8.5714245,0.23002827,9.084623,-0.81161404,-1.381313,-0.8766918,-0.44830352
1.931503,8.538754,0.22710156,9.229277,-0.8518686,-1.3872352,-0.8760468,-0.45725393
1.8738282,8.608965,0.23375773,9.267244,-0.8515637,-1.3639684,-0.8253112,-0.49169862
1.8355504,8.66237,0.28113985,9.485127,-0.85741615,-1.5724003,-0.817525,-0.48950607
1.8285098,8.673067,0.2552092,9.260725,-0.8349297,-1.6162478,-0.8260063,-0.49809876
1.8167459,8.409555,0.20715094,9.27466,-0.8066217,-1.5546362,-0.82923096,-0.49642524
1.8100042,8.751907,0.25539732,9.374821,-0.82169235,-1.5446342,-0.8445186,-0.49479437
1.8747978,8.736826,0.26064336,9.376091,-0.8181282,-1.5664538,-0.7835253,-0.48779002
1.63227,8.396767,0.22467184,9.392244,-0.7958026,-1.567123,-0.75016904,-0.48805714
1.6379948,8.012655,0.22374177,9.408205,-0.7912606,-1.5942531,-0.96770805,-0.4788591
1.6318529,8.013828,0.24614108,9.568761,-0.7630942,-1.635019,-0.9588785,-0.4578896
1.5930927,7.842719,0.24029136,9.570494,-0.8010191,-1.5672182,-0.96884805,-0.42180473
1.6080716,7.910949,0.24252713,9.431714,-0.7651223,-1.6461213,-0.9587521,-0.42719674
1.5709385,8.065035,0.2519604,9.3953285,-0.73611224,-1.5750084,-0.9524604,-0.41966635
1.5862441,8.06389,0.28734648,9.470959,-0.7248943,-1.5399102,-0.98712146,-0.4243469
1.5718412,7.94051,0.20457757,9.371853,-0.7643211,-1.5556519,-0.9871576,-0.41811115
1.5805256,8.075073,0.19964302,9.344315,-0.72414136,-1.5630482,-0.9709078,-0.41335234
1.5859005,8.055731,0.258839,9.349363,-0.7453182,-1.5801581,-0.9740547,-0.4261904
1.5955848,8.002083,0.23341441,9.384687,-0.74036646,-1.6603816,-0.95605785,-0.4226631
1.599435,8.079453,0.19105935,9.436525,-0.7085893,-1.6715149,-0.8635665,-0.4144687
1.6929321,7.9892406,0.2019862,9.3272705,-0.6230004,-1.6892425,-0.89573485,-0.41326255
1.6874304,7.952346,0.20720506,9.354437,-0.65585816,-1.6616945,-0.8858963,-0.4217295
1.6911725,7.746624,0.2568667,9.374353,-0.7202376,-1.6349043,-0.89495176,-0.4264186
1.6084023,8.038391,0.2747004,9.367664,-0.6932758,-1.6632965,-0.9116347,-0.4248289
1.6277475,8.512632,0.2557621,9.362962,-0.6433338,-1.7086002,-0.9649069,-0.42585695
1.5831184,8.6403885,0.27364707,9.368265,-0.6941328,-1.7090712,-0.96288514,-0.42815694
1.5931088,8.642981,0.27799118,9.315767,-0.77599585,-1.6493489,-0.8768735,-0.40662897
1.5879128,8.691229,0.27965295,9.362294,-0.7803757,-1.6045898,-0.85321826,-0.40415236
1.5917487,8.747587,0.29944944,9.322386,-0.77831507,-1.604469,-0.8675987,-0.4018156
1.5997498,8.76478,0.29486322,9.360427,-0.7727965,-1.6055747,-0.87055606,-0.40830716
1.5929785,9.010094,0.26139832,9.555262,-0.8011166,-1.5602905,-0.85868084,-0.40483674
1.6155418,9.012413,0.28253245,9.474687,-0.7323415,-1.5778552,-0.87775123,-0.44351506
1.8642387,8.90573,0.3047011,9.619749,-0.7199042,-1.677224,-0.916393,-0.41179934
1.7894893,8.996405,0.2706828,9.45932,-0.71198547,-1.6506642,-0.9388576,-0.39344
1.7825396,9.0199375,0.2689842,9.731947,-0.4800402,-1.6236186,-0.9712273,-0.37060672
1.8280333,9.219464,0.2822292,9.759611,-0.45253813,-1.5446498,-0.99769753,-0.3716676
1.7802384,9.253684,0.27111578,9.7285,-0.4889295,-1.5358841,-0.99428344,-0.36192966
1.853766,9.270685,0.33574057,9.732716,-0.5146674,-1.6040275,-0.96688557,-0.40878826
1.894168,9.291622,0.34101367,9.771177,-0.4938177,-1.5727051,-0.96951586,-0.4110654
1.7906504,9.268025,0.28338134,9.700029,-0.8122791,-1.6014667,-0.9900553,-0.42821163
1.6183257,9.300196,0.31371474,9.790574,-0.816749,-1.608794,-0.99343467,-0.4344966
1.8693346,9.084407,0.3911698,9.963495,-0.79871,-1.5745274,-0.99617434,-0.38445097
1.8753674,9.081305,0.368356,9.957485,-0.7830522,-1.6058259,-0.999408,-0.3697374
1.899926,9.076075,0.34300244,9.9220705,-0.57244337,-1.6314642,-0.99956757,-0.40289634
1.7375976,9.089088,0.39378095,9.945093,-0.5973817,-1.6590223,-0.9680666,-0.4324326
1.6935471,9.043323,0.41645336,9.989407,-0.60531807,-1.672375,-0.9667962,-0.4323033
1.7461884,9.049156,0.4865502,9.992646,-0.7324296,-1.7106665,-0.95359343,-0.42997923
1.8324955,9.01338,0.41593862,9.998169,-0.7759558,-1.7132483,-0.9448306,-0.43599027
1.8010103,9.073037,0.43601894,9.786098,-0.8662121,-1.7052262,-0.9740252,-0.43630666
1.7821765,9.10556,0.52258444,9.708028,-0.8414446,-1.7029845,-0.91566896,-0.4259636
1.6879617,9.139728,0.5548887,9.5563965,-0.7049825,-1.693347,-0.9032304,-0.4104344
1.7391498,9.204771,0.5245702,9.622288,-0.71044624,-1.6723994,-0.9216892,-0.41370782
1.7357714,9.201328,0.3541335,9.769563,-0.78922486,-1.6652439,-0.9442972,-0.4262173
1.7152812,9.008652,0.2854141,9.670004,-0.78106177,-1.6625545,-0.9156267,-0.4247691
1.873638,9.024118,0.47461104,9.960281,-0.7939422,-1.6869397,-0.965129,-0.41380894
1.7255166,9.036655,0.5429723,9.945831,-0.6233605,-1.7044517,-0.98428065,-0.4241586
1.7267836,9.091591,0.5292275,9.820194,-0.594913,-1.6855855,-0.98234975,-0.42309532
1.7709813,9.273674,0.57323337,9.819925,-0.65522313,-1.6957172,-0.95667404,-0.41566104
1.7851808,9.308147,0.60694647,9.871904,-0.6745652,-1.6838996,-0.96269727,-0.4122995
1.7205034,9.313927,0.5806284,9.97399,-0.72628736,-1.6453502,-0.98638326,-0.39638573
1.8244325,9.297596,0.57254374,9.938688,-0.59987664,-1.654437,-0.90719855,-0.40731204
1.7798698,9.132358,0.5234754,9.94347,-0.61590004,-1.6594635,-0.8653984,-0.42243156
1.7926913,9.106108,0.592263,9.952425,-0.696602,-1.7098575,-0.8664175,-0.42487612
1.7789779,8.886195,0.56022906,9.934082,-0.7259207,-1.7765889,-0.99733126,-0.45218113
1.8155545,8.837557,0.5570557,9.975565,-0.77804744,-1.8269982,-0.9779772,-0.45154738
1.8480773,8.921101,0.34718156,9.83725,-0.7014233,-1.7605758,-0.96783173,-0.4500178
1.8743318,8.850762,0.42687023,9.807041,-0.8549521,-1.7363011,-0.9158998,-0.45636547
1.796935,8.839841,0.43830752,9.829131,-0.87843513,-1.711885,-0.85435224,-0.45414034
1.7686241,8.792891,0.4465109,9.892921,-0.7062881,-1.7233596,-0.88220245,-0.4601201
1.8458006,8.8028555,0.45371127,9.855934,-0.86867833,-1.750707,-0.89093375,-0.4657207
1.8308132,8.918603,0.45788968,9.880307,-0.7233151,-1.7525327,-0.89536774,-0.45450497
1.7740495,8.916916,0.46241808,9.901245,-0.7399219,-1.7499796,-0.96513605,-0.45784605
1.7832062,8.795337,0.4417647,9.880276,-0.7405224,-1.715524,-0.88119465,-0.45594308
1.7141018,8.851471,0.4468459,9.848028,-0.79736304,-1.751375,-0.9430888,-0.4624886
1.8323016,8.892185,0.45240128,9.995401,-0.7881303,-1.7463712,-0.9458343,-0.4660833
1.7270869,8.909832,0.5157571,9.986261,-0.7731838,-1.732283,-0.92091787,-0.4438426
1.7291585,8.957041,0.5390942,9.982882,-0.7812278,-1.7192758,-0.94208413,-0.4375076
1.7308608,9.1791725,0.6114881,9.481043,-0.69656193,-1.7325944,-0.9302835,-0.43768084
1.735718,9.280592,0.607847,9.534847,-0.6537585,-1.7334805,-0.91296387,-0.46782684
1.7205551,9.272516,0.51893735,9.431978,-0.55523443,-1.7350547,-0.9667657,-0.4761272
1.6982762,9.251342,0.50259113,9.440749,-0.54441667,-1.7501982,-0.98385,-0.47860315
1.7138054,9.228982,0.45993745,9.715093,-0.59382546,-1.7128999,-0.9834037,-0.476327
1.8164585,9.251339,0.48879302,9.744154,-0.88477075,-1.6892651,-0.9858959,-0.46138427
1.8248854,9.067368,0.47248495,9.68222,-0.86814153,-1.6976588,-0.97126865,-0.43739873
1.7621536,9.012526,0.4592899,9.80748,-0.87393665,-1.7116352,-0.9834922,-0.44152102
1.6783575,8.994331,0.4677739,9.787797,-0.7167907,-1.7378066,-0.988478,-0.4411249
1.749134,8.997637,0.4557762,9.840782,-0.71353734,-1.7292861,-0.99742484,-0.45622563
1.6992443,8.980066,0.50302935,9.780565,-0.9256871,-1.718505,-0.95838964,-0.46559086
1.6968758,8.988017,0.4837755,9.896869,-0.8679528,-1.7287977,-0.97362393,-0.4553365
1.7970517,8.886234,0.43523073,9.690441,-0.8249738,-1.791479,-0.97585016,-0.48969007
1.8413559,9.165912,0.44501817,9.536376,-0.7317643,-1.7387751,-0.98809856,-0.4967819
1.8313148,9.108141,0.39347243,9.517162,-0.73514175,-1.6991781,-0.94053704,-0.4715141
1.7690611,9.002395,0.34523344,9.659308,-0.71645784,-1.7150161,-0.94546634,-0.37671554
1.8396671,9.16815,0.37597156,9.665379,-0.72176194,-1.6437446,-0.92179775,-0.40428004
1.7401906,9.100092,0.3386531,9.692334,-0.7771847,-1.6448988,-0.9620728,-0.38947535
1.7429788,9.151581,0.37352526,9.843486,-0.7812623,-1.6460743,-0.9483038,-0.39598882
1.6392368,9.087172,0.37181997,9.826479,-0.75914073,-1.6672804,-0.9380371,-0.44692564
1.5792685,8.996681,0.3514129,9.973829,-0.6826358,-1.6337861,-0.9576442,-0.41576663
1.5931914,9.158302,0.36375916,9.839764,-0.7424567,-1.6312597,-0.97218615,-0.42046607
1.5543057,9.224806,0.3650149,9.680559,-0.50925696,-1.6354179,-0.967352,-0.42200315
1.5570457,9.281332,0.39984965,9.448479,-0.52383995,-1.6383121,-0.958344,-0.41590968
1.5481908,9.224421,0.4075365,9.599812,-0.49615717,-1.6435442,-0.9583894,-0.4133632
1.5400257,9.230324,0.4039904,9.681545,-0.52139187,-1.668664,-0.9767505,-0.40137726
1.5525806,9.194032,0.39700365,9.569288,-0.5830674,-1.664781,-0.97778195,-0.40403187
1.5619854,9.050877,0.39420068,9.573004,-0.63995254,-1.691265,-0.9496716,-0.38372955
1.5551355,9.032145,0.35949206,9.510016,-0.7309917,-1.6817502,-0.88620657,-0.38247937
1.5487564,8.862484,0.34313488,9.835896,-0.6854451,-1.6727895,-0.87717944,-0.37462202
1.5393162,8.8687935,0.34346533,9.896666,-0.69238317,-1.6788256,-0.93476397,-0.3809746
1.5337441,8.892587,0.33105874,9.919424,-0.7218909,-1.6682274,-0.9381888,-0.37975496
1.5368946,9.021091,0.33948958,9.9471855,-0.7237704,-1.6016922,-0.9319746,-0.37615073
1.5394965,9.098951,0.38629413,9.927942,-0.73376846,-1.6864215,-0.93831146,-0.36794192
1.5390064,8.692694,0.3489151,9.949857,-0.73729634,-1.6376966,-0.9245634,-0.37889504
1.5473354,8.705762,0.30905414,9.991644,-0.5634674,-1.686645,-0.9036349,-0.3879242
1.5697434,8.59651,0.33752525,9.735153,-0.49618232,-1.7172849,-0.8627348,-0.3866936
1.5859848,8.6721325,0.3364004,9.705511,-0.5366516,-1.7323952,-0.88352436,-0.39115867
1.5727246,8.7342415,0.35180855,9.8974695,-0.54746354,-1.7244626,-0.9150964,-0.3762869
1.5838418,8.665898,0.34218013,9.884596,-0.45936394,-1.666095,-0.91594493,-0.39569035
1.5818331,8.753935,0.38044906,9.957711,-0.46116328,-1.7159779,-0.9381898,-0.38378012
1.5850935,8.715052,0.40985394,9.88965,-0.57319975,-1.7464559,-0.9262536,-0.38338274
1.5936593,8.609644,0.3784834,9.677498,-0.5761578,-1.701076,-0.897641,-0.39094222
1.5644307,8.669693,0.36243725,9.54128,-0.5735996,-1.7043998,-0.9434003,-0.37858817
1.5453464,9.012903,0.41059005,9.502808,-0.73697674,-1.7078288,-0.9267173,-0.3637795
1.5736583,8.913364,0.39909983,9.630728,-0.80444276,-1.7477554,-0.9405564,-0.38758367
1.5704817,8.494257,0.3735664,9.461039,-0.9200679,-1.7129918,-0.9940311,-0.39508772
1.5764492,8.473931,0.3906877,9.422826,-0.7951311,-1.6984462,-0.9845749,-0.3943831
1.55873,8.578005,0.31046784,9.283955,-0.76660407,-1.6859145,-0.92667854,-0.36899388
1.5609717,8.500761,0.32556522,9.193256,-0.772257,-1.6892128,-0.8769462,-0.37040564
1.5645256,8.367929,0.33710694,9.193125,-0.7654418,-1.6863928,-0.8770782,-0.3726179
1.5822449,8.444403,0.33837175,9.318371,-0.76320827,-1.6936362,-0.86438894,-0.3768676
1.5685923,8.465357,0.36489522,9.199135,-0.78936625,-1.6996379,-0.872622,-0.36578804
1.5713671,8.452032,0.35948563,9.208767,-0.7647388,-1.7351384,-0.84955466,-0.3603206
1.5938697,8.501209,0.5429361,9.148628,-0.79782116,-1.729696,-0.897333,-0.3867948
1.5951533,8.814116,0.53652203,9.200729,-0.67682433,-1.7266022,-0.91756654,-0.38118213
1.584339,8.793572,0.48245,9.230098,-0.8088001,-1.7387587,-0.90614676,-0.38547516
1.5915027,8.146898,0.4696889,9.286099,-0.8407489,-1.7311786,-0.9344867,-0.3998174
1.5852505,8.159213,0.49388957,9.284004,-0.8457339,-1.7474236,-0.9387325,-0.40408683
1.5863981,8.179802,0.51624894,9.26391,-0.8402188,-1.7375181,-0.8291006,-0.39352828
1.5916709,8.1987095,0.5022683,9.232281,-0.8176191,-1.749162,-0.9173497,-0.39033183
1.5898732,8.184307,0.5236819,9.101751,-0.8295506,-1.722754,-0.93128294,-0.3806516
1.5896801,8.127995,0.50802255,9.13875,-0.82421887,-1.7173073,-0.9547392,-0.3817901
1.5694271,8.044369,0.5287955,9.273906,-0.8247899,-1.717407,-0.971088,-0.37701768
1.566568,8.073286,0.52441764,9.4173355,-0.7459346,-1.6977241,-0.96674865,-0.36935347
1.5617025,8.095703,0.5148784,9.390658,-0.75065744,-1.7066827,-0.97998476,-0.37362695
1.5626836,8.10074,0.51079273,9.370862,-0.8795016,-1.7054219,-0.9969248,-0.37446702
1.5627152,8.152358,0.4859885,9.39225,-0.86747026,-1.711365,-0.9858029,-0.37702227
1.5599236,8.134323,0.5001557,9.322393,-0.8723773,-1.6819129,-0.98527324,-0.37342113
1.5584162,8.185818,0.5163679,9.36304,-0.87938344,-1.6555152,-0.9608261,-0.37421498
1.557811,8.185238,0.50720644,9.355858,-0.88381386,-1.7645297,-0.94909763,-0.378766
1.5598431,8.187284,0.5013064,9.32694,-0.87612915,-1.7578228,-0.9712601,-0.36982688
1.5556843,8.181583,0.49015713,9.280286,-0.87492,-1.7576846,-0.94299966,-0.37893325
1.5586495,8.267658,0.49633753,9.201944,-0.8942045,-1.7011048,-0.94728535,-0.38198096
1.5552156,8.226219,0.49659336,9.205503,-0.89326715,-1.7322515,-0.9674066,-0.37965137
1.5519285,8.367562,0.5089886,9.168814,-0.9000833,-1.7164547,-0.9623961,-0.37977922
1.5813042,8.370519,0.42606354,9.188437,-0.9014014,-1.7527323,-0.98915946,-0.378478
1.5695395,8.215673,0.47121036,9.198584,-0.8823999,-1.7851636,-0.9801801,-0.38395286
1.5522442,8.29254,0.50057507,9.080609,-0.87074375,-1.761769,-0.94747645,-0.37170094
1.5288897,8.293943,0.46918952,8.978666,-0.87201834,-1.7528288,-0.9287703,-0.3690856
1.5366181,8.312859,0.5618528,8.996492,-0.874544,-1.7301037,-0.92533,-0.37170586
1.5503397,8.271634,0.54625106,9.043667,-0.8801923,-1.7293264,-0.9354384,-0.37226576
1.5742606,8.235657,0.5434365,9.119213,-0.86814475,-1.7475815,-0.9357694,-0.36881563
1.5648047,8.337653,0.5379107,9.070402,-0.8603879,-1.7394572,-0.9347908,-0.3601272
1.5656828,8.5065,0.4696741,9.117702,-0.8376678,-1.7034128,-0.91875494,-0.3683989
1.5679018,8.4596615,0.4382254,9.263953,-0.8324106,-1.6986012,-0.9181133,-0.3686204
1.5716661,8.478327,0.4354422,9.240255,-0.8270806,-1.680312,-0.90719235,-0.36501098
1.5451982,8.5100765,0.4254166,9.405106,-0.8262682,-1.6927453,-0.89257395,-0.35056373
1.5362058,8.597639,0.38131464,9.565553,-0.755056,-1.7269918,-0.8004763,-0.34328932
1.5391479,8.643267,0.4412321,9.8647175,-0.78834605,-1.7725962,-0.88114464,-0.3552083
1.5534025,8.61031,0.4537475,9.806289,-0.7623826,-1.7677381,-0.9080809,-0.36487466
1.549204,8.605518,0.46016645,9.836254,-0.87490356,-1.747329,-0.83396995,-0.35445088
1.5339094,8.494471,0.45377886,9.8671,-0.7380676,-1.7502953,-0.83521616,-0.35973865
1.5540924,8.443669,0.4449259,9.8938675,-0.7477846,-1.7399495,-0.7515848,-0.36119968
1.566023,8.546745,0.44584572,9.8326,-0.7748047,-1.7289449,-0.7802276,-0.36026967
1.5517381,8.669903,0.44191575,9.723466,-0.8251412,-1.7217128,-0.8974776,-0.35453802
1.5461714,8.696466,0.47309375,9.918341,-0.66053545,-1.7375047,-0.9073417,-0.36251497
1.5532539,8.758839,0.39774537,9.928191,-0.52468324,-1.7339278,-0.9634826,-0.37216645
1.5521822,8.7459,0.39578152,9.962546,-0.5373759,-1.6685603,-0.9729353,-0.3726862
1.5450275,8.760196,0.39000392,9.968073,-0.53582716,-1.6688256,-0.96331054,-0.37018287
1.5448619,8.894094,0.4332595,9.966081,-0.57961214,-1.6814752,-0.98595494,-0.3513393
1.5115285,8.914864,0.37428164,9.941424,-0.6334349,-1.6707762,-0.92489696,-0.34467834
1.5127606,8.989037,0.35471594,9.949011,-0.65029585,-1.6165335,-0.9778961,-0.3495171
1.5050441,9.328288,0.31660962,9.913677,-0.592522,-1.563547,-0.922507,-0.3620259
1.6907321,9.380791,0.3091228,9.826691,-0.660123,-1.554016,-0.96726644,-0.4238173
1.6951995,9.389656,0.30017483,9.819181,-0.8570118,-1.5528426,-0.9482391,-0.45715675
1.678724,9.200045,0.4494208,9.794718,-0.78094757,-1.5831223,-0.88509583,-0.4289681
1.7385514,9.340895,0.38853168,9.538532,-0.7886847,-1.5740967,-0.85097486,-0.43340623
1.742694,9.285349,0.35946107,9.493246,-0.83524203,-1.5682005,-0.85437024,-0.4377926
1.6726873,9.550011,0.4478898,9.558662,-0.8252332,-1.5987456,-0.8444953,-0.41632172
1.6611718,9.557312,0.46833026,9.4171295,-0.6506891,-1.592888,-0.8303369,-0.4136218
1.6451182,9.718693,0.4264493,9.415501,-0.6808878,-1.5672568,-0.86499333,-0.38596147
1.5894903,9.797644,0.4388739,9.537888,-0.6529558,-1.5768119,-0.85957134,-0.4167645
1.6382716,9.744266,0.4757837,9.516827,-0.659165,-1.5874155,-0.8597117,-0.38587397
1.5269382,9.644514,0.4746909,9.595516,-0.661891,-1.5841082,-0.8377584,-0.3857802
1.5718923,9.637336,0.46014738,9.639733,-0.6968224,-1.5676665,-0.8237418,-0.38516784
1.5807834,9.657957,0.4556116,9.6615505,-0.68904984,-1.5826849,-0.84867084,-0.3818026
1.7613422,9.734463,0.3922652,9.700718,-0.6839087,-1.5332044,-0.97572196,-0.411208
1.7010031,9.753051,0.35044336,9.711355,-0.6913136,-1.5224332,-0.978991,-0.4103972
1.6985526,9.798144,0.3543731,9.643145,-0.669945,-1.5162591,-0.97861284,-0.43445897
1.7026662,9.854861,0.35970426,9.652707,-0.67887366,-1.5575514,-0.9757945,-0.42464408
1.6846834,9.710016,0.3945347,9.665318,-0.6687697,-1.5639623,-0.97161835,-0.4350855
1.6779985,9.691565,0.38869643,9.632677,-0.6898037,-1.5692179,-0.9415028,-0.45038852
1.676043,9.6410885,0.36654925,9.6828575,-0.6480967,-1.545893,-0.9429657,-0.46025735
1.7169676,9.686838,0.37865937,9.757225,-0.60379314,-1.541185,-0.94965255,-0.4746028
1.7195251,9.518318,0.34598076,9.753904,-0.5616659,-1.5540067,-0.95886785,-0.36425537
1.7007215,9.506035,0.3499596,9.769463,-0.5945611,-1.580244,-0.9964845,-0.49244526
1.8035634,9.565828,0.39920378,9.891764,-0.8483802,-1.5872922,-0.99609697,-0.4765946
1.7272869,9.551635,0.44889975,9.843021,-0.50211966,-1.6078324,-0.9775403,-0.48692408
1.6871111,9.6210785,0.41782188,9.859991,-0.49797893,-1.5918945,-0.9580386,-0.42760938
1.6973203,9.50993,0.43518376,9.809162,-0.50941455,-1.5880237,-0.93567324,-0.4382976
1.6844258,9.5021305,0.42983282,9.901722,-0.41966438,-1.5803922,-0.9541243,-0.4424535
1.6395073,9.441013,0.43372655,9.690304,-0.44941688,-1.5756711,-0.8815398,-0.41778052
1.5872033,9.475401,0.40379786,9.524208,-0.4538542,-1.5814185,-0.81369036,-0.41883227
1.6026399,9.491144,0.40052056,9.486097,-0.47012937,-1.5701284,-0.7917561,-0.42121476
1.599285,9.491142,0.3491937,9.441141,-0.44089139,-1.537906,-0.80296576,-0.4284839
1.610711,9.424646,0.34140778,9.37997,-0.4711429,-1.5556859,-0.7360623,-0.43880382
1.5972971,9.465641,0.32550657,9.355625,-0.55737805,-1.5482156,-0.79846257,-0.4245677
1.5778066,9.449829,0.33632553,9.388691,-0.6032953,-1.5600884,-0.7892399,-0.39708242
1.5906852,9.486195,0.35708773,9.318992,-0.61078703,-1.5684103,-0.9089277,-0.43938807
1.5659224,9.597037,0.30849147,9.111933,-0.6759267,-1.5858659,-0.838108,-0.42957094
1.5992869,9.535158,0.3352176,9.052387,-0.7441715,-1.5890745,-0.83735967,-0.4403284
2.6083925,8.478165,1.5681443,8.131212,1.9205451,-0.63575125,0.6371025,-0.1898064
2.6395252,8.317738,1.555974,8.400616,1.9288278,-0.63884807,0.65975964,-0.17654985
2.7066028,8.337927,1.6457682,8.513717,1.9558427,-0.5854447,0.57295346,-0.14538172
2.8218033,8.322918,1.6462541,8.48519,1.9068193,-0.57021284,0.5581986,-0.0988248
2.9204333,8.413707,1.722192,8.504595,1.9043643,-0.5519526,0.49918544,-0.089912325
2.9231298,8.350716,1.6954296,8.517136,1.9130981,-0.56373453,0.39213908,-0.08749741
2.889724,8.358055,1.7762437,8.296996,1.8136749,-0.45088053,0.4214691,-0.08102977
2.8748212,8.335043,1.7418075,8.326861,1.9501293,-0.43708253,0.4986031,-0.16968766
2.7318277,8.574011,1.7300546,8.091823,1.9320416,-0.59961367,0.5238161,-0.16561356
2.6971462,8.667727,1.7696948,8.102434,1.9843392,-0.6214895,0.50472915,-0.21552402
2.7724192,8.816557,1.8094313,8.103655,1.9575071,-0.7396102,0.47158062,-0.22060248
2.77138,8.959465,1.9083633,8.11083,1.9730282,-0.6992817,0.4601606,-0.20087266
2.754772,9.038164,1.840591,8.369036,1.9829223,-0.7511649,0.39673328,-0.18856108
2.7536674,9.109632,1.8531568,8.534689,1.9758759,-0.6763091,0.33432925,-0.19881818
2.8085313,8.984626,1.975656,8.105255,1.8945575,-0.51417065,0.3822112,-0.19414854
2.8518488,8.723848,1.9743104,8.165474,1.9762018,-0.5321727,0.4418689,-0.22558331
2.8711529,8.8047,1.8951569,8.2438135,1.9840896,-0.4866662,0.47313774,-0.22985727
2.6540072,8.818933,1.858819,8.339568,1.9108946,-0.49594092,0.26455176,-0.24006292
2.8574057,8.948133,1.9121656,8.410648,1.7332768,-0.55882835,0.33926034,-0.23256728
2.7941022,8.905964,1.9662442,8.64948,1.7694736,-0.6709459,0.3800503,-0.24190372
2.8673887,8.917893,1.9640572,8.677033,1.8932846,-0.5437074,0.3386792,-0.28366667
2.8340492,8.723215,1.9550638,8.5858965,1.9195302,-0.57216454,0.35191643,-0.25905213
2.8633084,8.889415,1.8756788,8.593476,1.9534183,-0.47964263,0.35649514,-0.25312755
2.982234,8.833929,1.9125733,8.325574,1.904047,-0.3260944,0.35349536,-0.20320112
2.9778566,8.775896,1.8420329,7.9077625,1.9370983,-0.24515891,0.2695427,-0.1740067
2.920781,8.614639,1.847841,7.798623,1.9388657,-0.33427763,0.2708093,-0.13401553
2.841759,8.622963,1.8735602,7.836928,1.7991328,-0.24539495,0.28054094,-0.18871742
2.8192534,8.794411,1.8839936,8.000313,1.8034346,-0.45171857,0.17511606,-0.07143104
2.8295803,8.851007,1.8902283,8.175421,1.7888048,-0.46977186,0.121721625,-0.20558298
2.821022,9.05414,1.9631603,8.195404,1.90308,-0.47374034,0.45894825,-0.251148
2.7961278,8.729554,1.8528521,8.207291,1.8868504,-0.48256016,0.4790411,-0.22420958
2.75056,8.514076,1.8838754,8.421364,1.941458,-0.47536373,0.44824767,-0.23823538
2.7340727,8.998197,1.8714464,7.8526583,1.9465151,-0.6477046,0.5750282,-0.18022609
2.777095,9.086295,1.9457273,7.879026,1.8992031,-0.7368853,0.5626701,-0.18369931
2.7043984,9.076373,1.9320312,7.708397,1.884939,-0.696105,0.556445,-0.20694691
2.7714038,9.147463,1.9027398,8.222202,1.8125908,-0.68490505,0.63058555,-0.3043551
2.7121098,9.162134,1.9691999,8.043398,1.802511,-0.6870942,0.6305256,-0.29532728
2.758001,9.629541,1.9488606,8.167741,1.8236167,-0.64914155,0.29978216,-0.30497277
2.7204947,9.223927,1.8397145,8.133403,1.7648642,-0.6315546,0.4196906,-0.30136138
2.7186577,9.313742,1.8684108,7.800916,1.8988552,-0.6116569,0.41970062,-0.27973244
2.6762848,9.528702,1.9006226,7.6979046,1.9026079,-0.66059566,0.37580848,-0.28554747
2.60978,9.406188,1.9018302,7.437274,1.9224181,-0.604861,0.371297,-0.28405145
2.635657,9.366241,1.9344652,7.422404,1.9018493,-0.6080525,0.36545432,-0.28586996
2.6425138,9.685089,1.9252956,7.648128,1.9449279,-0.5696156,0.31130338,-0.27027422
2.6473918,9.676849,1.9428406,7.616772,1.983825,-0.5703094,0.30208075,-0.26781166
2.6251068,9.74585,1.9532514,7.446824,1.9879224,-0.555531,0.3181212,-0.2814859
2.5891595,9.858546,1.9703,7.195692,1.9581797,-0.34813,0.4373678,-0.28602582
2.528902,9.76337,1.9980764,7.1542096,1.5494444,-0.3968525,0.5908196,-0.30223733
2.5493097,9.826082,1.9776409,7.242809,1.4736257,-0.42829156,0.49016368,-0.30307463
2.5239496,8.985422,1.9738717,7.39813,1.4391997,-0.52044344,0.4954778,-0.3059481
2.5498657,9.357466,1.9691601,7.081023,1.5601983,-0.5191791,0.5004395,-0.3096248
2.5931835,9.34873,1.960254,7.303348,1.5312285,-0.65910625,0.44988084,-0.30744022
2.588577,9.388412,1.9847484,6.9287686,1.7936015,-0.7022774,0.46506894,-0.3075518
2.638011,9.46484,1.9708858,6.924898,1.6738327,-0.65911055,0.4859693,-0.31115496
2.5717409,9.449791,1.9563146,7.028287,1.9287703,-0.5286894,0.48072088,-0.2987896
2.537957,9.444569,1.9201877,6.6791697,1.8887854,-0.45265412,0.5310044,-0.31129226
2.5371058,9.448904,1.9106522,6.6418257,1.6268635,-0.53766966,0.5354409,-0.3100733
2.5469606,9.194822,1.8283467,6.667436,1.6963696,-0.40269923,0.5293268,-0.30050695
2.4471405,9.196903,1.7641139,6.6534863,1.7444687,-0.58523583,0.62239814,-0.3036431
2.5329587,9.312799,1.8545969,6.728469,1.6010554,-0.39742994,0.5815234,-0.2971155
2.5329669,9.29473,1.9007778,6.5338984,1.4858475,-0.5157256,0.5187267,-0.3187014
2.5119052,9.368057,1.8854942,6.6350946,1.6777372,-0.3434248,0.50913537,-0.3274023
2.457745,9.04357,1.8736768,6.731677,1.790993,-0.3399887,0.49171853,-0.30802497
2.5069828,9.341962,1.9808793,6.7129145,1.665622,-0.46362376,0.4953431,-0.28958234
2.526193,9.22293,1.9827025,6.6237903,1.4187284,-0.4507537,0.46009016,-0.28320628
2.5418222,9.277399,1.9789848,6.7381234,1.5735431,-0.3417554,0.49185288,-0.2852413
2.551149,9.72294,1.9808493,6.450828,1.4638,-0.4012885,0.50763154,-0.3032704
2.5457218,9.516523,1.9718628,6.5929317,1.679503,-0.3783455,0.47589064,-0.3247609
2.4065173,9.570753,1.9679525,6.873144,1.66665,-0.38024592,0.45124578,-0.34489372
2.5053756,9.652465,1.9450788,6.9056296,1.6916106,-0.34654713,0.50887275,-0.35293084
2.4800234,9.336435,1.9599552,6.837352,1.888,-0.33043528,0.48877275,-0.30562145
2.5250962,9.37945,1.9682717,6.4710674,1.8116467,-0.34463668,0.48759067,-0.29317194
2.5285802,9.427387,1.837493,6.6558304,1.9088335,-0.38850784,0.5049343,-0.31071413
2.5169466,9.515026,1.8528464,6.7137938,1.7553458,-0.3716278,0.5934111,-0.30576947
2.5125961,9.443077,1.9197106,6.6863146,1.7944372,-0.33248162,0.57022464,-0.2923674
2.530412,9.53112,1.9088562,6.8124027,1.8641255,-0.42933846,0.5730425,-0.28954488
2.5283766,9.485886,1.9109528,6.6482353,1.6928847,-0.32013655,0.57310414,-0.2915045
2.5733287,9.553793,1.9050906,6.7582445,1.8724914,-0.36164856,0.5494318,-0.2892997
2.6281595,9.510499,1.9010217,6.8289537,1.7627652,-0.33578157,0.5538949,-0.29278278
2.5111408,9.461848,1.8788733,6.7012987,1.7929637,-0.32473612,0.5699699,-0.3175928
2.5408764,9.464596,1.9010081,6.7618127,1.7716463,-0.55292344,0.4688983,-0.31658262
2.5249977,9.090326,1.9451234,6.666991,1.3158689,-0.5332699,0.43887615,-0.2605024
2.487895,9.030106,1.9382124,6.6514525,1.8415058,-0.44401026,0.44545877,-0.26430708
2.5523264,8.961832,1.911912,6.7318807,1.8789964,-0.47456598,0.458066,-0.26380134
2.4916372,9.559026,1.9750857,6.83021,1.7163215,-0.19373178,0.47788262,-0.28203714
2.493863,9.475386,1.9251606,6.925785,1.8408115,-0.28473997,0.384349,-0.36087877
2.4878793,9.497774,1.8717897,6.9096227,1.850832,-0.32720184,0.38187551,-0.39177722
2.4951024,9.451122,1.9450512,7.0539927,1.8538797,-0.33380914,0.33446324,-0.38033882
2.491318,9.673877,1.9502659,7.1048203,1.8429995,-0.37024975,0.28313398,-0.38286787
2.4742665,9.709986,1.8415174,7.068437,1.8500128,-0.34625506,0.30340326,-0.38791305
2.478372,9.635141,1.9244881,7.065917,1.7625821,-0.46474695,0.28146875,-0.37348297
2.5502284,9.702851,1.8130789,7.056428,1.7619498,-0.37871027,0.30977225,-0.40919968
2.5526958,9.689268,1.8120015,7.0144134,1.5799158,-0.36911893,0.31195343,-0.4221803
2.5431347,9.772202,1.8272169,7.05378,1.9385998,-0.27292967,0.31458223,-0.39219922
2.500096,9.735952,1.8255513,6.9675136,1.9933805,-0.28530002,0.37408817,-0.41288537
2.4767804,9.760114,1.7622392,6.9583354,1.9904792,-0.28090572,0.3820343,-0.4452385
2.4802315,9.681452,1.7729802,6.9336042,1.999151,-0.6212456,0.37751698,-0.4320768
2.455676,9.605185,1.9219875,7.1744633,1.740952,-0.42485857,0.38706565,-0.41852772
2.4617887,9.546406,1.9058261,6.9848213,1.7524006,-0.42499685,0.36307037,-0.37714782
2.449912,9.539927,1.8744283,7.0238013,1.7219946,-0.42019653,0.38089967,-0.3744883
2.4488568,9.678888,1.9458556,6.951391,1.9421332,-0.5430727,0.40832376,-0.38153687
2.4491901,9.726597,1.960356,6.8417215,1.9518635,-0.535161,0.43836844,-0.40010244
2.4803424,9.609983,1.955235,6.8604198,1.8665283,-0.46565533,0.39334238,-0.39149338
2.4894176,9.6451845,1.9264107,6.8707786,1.7547755,-0.51698613,0.36712265,-0.34504843
2.4830039,9.270297,1.8842669,6.8768277,1.8275971,-0.6033721,0.38013816,-0.34015915
2.4662783,9.2384205,1.8605404,6.342355,1.7164037,-0.46259475,0.581341,-0.32709658
2.6018484,9.380945,1.8575511,6.4779215,1.5960829,-0.4339919,0.5870898,-0.33292574
2.5807824,9.374218,1.7807477,6.671393,1.5401118,-0.7310853,0.6322731,-0.337892
2.542273,9.345469,1.7862623,6.8889613,1.3526385,-0.7204497,0.6565834,-0.33537084
2.4621787,9.277865,1.8879075,7.199415,1.4389837,-0.7417817,0.5367521,-0.32751122
2.4660735,9.157635,1.8812127,7.282344,1.4281833,-0.435117,0.5054562,-0.33385253
2.466092,9.635521,1.9397628,7.29415,1.42309,-0.47152972,0.5867199,-0.3335238
2.4722958,9.614151,1.9285557,7.240402,1.442976,-0.4777422,0.5830859,-0.3377801
2.4666464,9.54249,1.9428604,7.218451,1.4252107,-0.6269083,0.49040544,-0.3364514
2.4751043,9.662914,1.9309635,7.241909,1.4053085,-0.68564653,0.5374037,-0.33720616
2.5266023,9.44651,1.9304597,7.6258507,1.4560802,-0.72669315,0.36397564,-0.32051247
2.462294,9.343227,1.9363008,7.6930437,1.5737977,-0.6315341,0.39514375,-0.31927767
2.4629362,9.4949,1.9032085,7.5768785,1.7017386,-0.55363345,0.27354002,-0.32398927
2.4926982,8.883377,1.9068611,7.4902854,1.6671002,-0.6609831,0.26121974,-0.32119873
2.5070903,9.0167675,1.8723762,7.362618,1.6103292,-0.68476415,0.2879598,-0.32261914
2.497869,9.326527,1.8976958,7.62533,1.6056542,-0.654392,0.3025751,-0.31041974
2.5656238,9.494342,1.8695698,7.7804546,1.5850253,-0.6450381,0.30093312,-0.317144
2.6213408,9.567961,1.9733257,7.7948146,1.4733822,-0.9302664,0.30480957,-0.3211793
2.6122937,9.614262,1.9797916,7.76623,1.5706365,-0.69721127,0.5902629,-0.335132
2.6112225,9.499276,1.9878302,7.8330827,1.3680127,-0.80140305,0.591339,-0.32958347
2.5866175,9.360319,1.9774957,7.6172533,1.5383747,-0.8236289,0.57605743,-0.33076555
2.6390858,9.378602,1.8703995,7.666089,1.5156786,-0.9565754,0.5811521,-0.31245506
2.6243563,9.285554,1.9176774,7.591236,1.4197402,-0.91033554,0.6305088,-0.31634653
2.621328,9.237156,1.9196174,7.4854703,1.2778387,-0.8835659,0.61926293,-0.30316824
2.6392057,9.356518,1.7100031,7.8289638,0.9056759,-0.9639802,0.66377115,-0.31230384
2.612692,9.425285,1.7196579,7.855737,0.9320719,-0.97868323,0.69640267,-0.31404194
2.5812967,9.358677,1.7515783,7.857289,0.9410455,-1.0046171,0.68189645,-0.30752316
2.6139417,9.388354,1.8496356,7.815604,0.98296714,-0.9016938,0.67008364,-0.30476707
2.7012622,9.226973,1.8896568,8.321626,1.5142303,-0.88796186,0.54719555,-0.30122688
2.69514,9.109421,1.9592752,8.680138,1.4968488,-0.856488,0.37990165,-0.30145377
2.6926215,8.9325485,1.9155493,8.555613,1.5557551,-0.8845086,0.44485414,-0.28637215
2.6263447,9.301146,1.9093454,6.9623985,1.6841011,-0.8491025,0.42579913,-0.29394925
2.58122,9.349199,1.9452887,7.173235,1.7005613,-0.8477714,0.46782732,-0.29159603
2.5696228,9.340752,1.8776646,6.8586326,1.6562045,-0.86177826,0.48100996,-0.29132792
2.6031027,9.345631,1.9262886,6.842575,1.7130566,-0.8038342,0.44208097,-0.29788184
2.6296282,9.311485,1.934088,7.540842,1.6086006,-0.8098223,0.56099975,-0.28866512
2.655668,9.243969,1.9242964,7.514248,1.532592,-0.8812444,0.56606114,-0.29049373
2.572571,9.202254,1.8823416,7.452536,1.4267459,-0.86462855,0.4723817,-0.29359734
2.463724,9.480318,1.9013972,7.5051584,1.6449435,-0.8742795,0.4744897,-0.2909217
2.4215078,9.526181,1.8242092,7.543003,1.6170917,-0.8667431,0.51381946,-0.28842008
2.5187726,9.465263,1.916223,7.5613475,1.60133,-0.84740305,0.5882895,-0.29241082
2.611243,9.546431,1.9113472,7.527581,1.7094822,-0.81163025,0.6308452,-0.29563358
2.6501422,9.500414,1.8915482,7.6086254,1.6135924,-0.8591728,0.5284481,-0.27555197
2.609838,9.523538,1.8564448,7.810137,1.6087539,-0.86973906,0.5566708,-0.2814946
2.7000315,9.521198,1.8478827,7.699091,1.8702061,-0.75870633,0.5066023,-0.28141573
2.728593,9.54921,1.8796518,7.6195154,1.7447333,-0.7534218,0.54683805,-0.27655149
2.6402154,9.330785,1.9534805,7.477357,1.5617192,-0.8037691,0.6431489,-0.2820186
2.5917969,9.294271,1.8536012,7.632809,1.5433989,-0.9012494,0.6222794,-0.3009206
2.6014686,9.447913,1.8925567,7.7000117,1.5172184,-0.93100166,0.57294667,-0.29632926
2.5854316,9.875755,1.8807878,8.039056,1.4653513,-0.9055147,0.62436914,-0.30107516
2.617924,9.486008,1.8544016,8.184565,1.1886244,-0.890044,0.693027,-0.29910025
2.6207592,8.637962,1.8527029,8.091746,1.3271527,-0.7255287,0.6784115,-0.24175668
2.6357589,8.5465555,1.8290641,8.121164,1.4643745,-0.6868501,0.18819058,-0.25771943
2.5489466,8.990143,1.8861985,8.158373,1.6550848,-0.7874923,0.19389307,-0.25454807
2.6800325,9.021201,1.7979727,8.30052,1.4898267,-0.77208066,0.17516553,-0.2502839
2.7281728,8.600466,1.8240051,8.298685,1.5084271,-0.7566881,0.1923796,-0.26188597
2.7500727,8.767273,1.8807003,8.283207,1.4240215,-0.77228785,0.2391895,-0.27994752
2.6326752,8.783169,1.8831723,8.287163,1.4984176,-0.7087076,0.56545615,-0.29735705
2.6248581,8.672018,1.8840787,8.224575,1.5574803,-0.82012725,0.56842184,-0.287386
2.602766,8.493656,1.971875,8.1873665,1.513843,-0.56930685,0.56437397,-0.27517882
2.5801811,8.451311,1.976253,8.151482,1.2609689,-0.5892532,0.5445224,-0.30201313
2.5779247,8.664111,1.9782548,8.1542,1.2945459,-0.53317,0.5599519,-0.2926968
2.565173,8.55987,1.9392004,8.133717,1.2717655,-0.5880914,0.5383668,-0.28562167
2.5761614,8.504006,1.9374561,8.131756,1.4492443,-0.6245737,0.5261171,-0.2652675
2.556288,8.577745,1.9333715,8.105211,1.3407795,-0.67404604,0.5050584,-0.25706363
2.51138,8.510847,1.9316711,7.7417574,1.3519471,-0.611933,0.46585166,-0.26356244
2.510408,8.508078,1.9457688,7.681272,1.3545134,-0.6705382,0.47783363,-0.25314063
2.4952865,8.388809,1.9296699,7.8633842,1.2820358,-0.66697,0.38580692,-0.2556363
2.5184116,8.516472,1.9363885,7.857819,1.2914326,-0.84100723,0.4048561,-0.28800893
2.5864987,8.482803,1.9399941,7.7104926,1.055187,-0.72534156,0.42637837,-0.24851498
2.6284838,8.446316,1.9265792,7.739543,1.0418174,-0.7324314,0.5162257,-0.19257501
2.708896,8.503227,1.9419837,7.9060845,0.953953,-0.7481909,0.4577477,-0.13650286
2.6747885,8.478858,1.9532254,7.7741084,0.9181881,-0.76883936,0.47262883,-0.16671419
2.6726365,8.428915,1.9781771,7.805657,1.1023257,-0.8654194,0.2960459,-0.18472356
2.661031,8.400394,1.9712806,7.683876,1.1023705,-0.8215153,0.05757153,-0.17023376
2.6201243,8.295116,1.9628508,7.646256,1.1027439,-0.73330736,0.26167572,-0.11980468
2.6349292,8.31852,1.964545,7.6238866,1.1527684,-0.425951,0.29394758,-0.110932946
2.6711774,8.327709,1.9517117,7.5991125,1.2512498,-0.54933476,0.3133216,-0.113077104
2.6700623,8.3043585,1.9284191,7.5807877,1.3058867,-0.4229722,0.40573788,-0.11488664
2.674901,8.322222,1.9240575,7.6414266,1.3559902,-0.46961164,0.41993737,-0.09816557
2.7423651,8.33793,1.9289932,7.9882603,1.4310184,-0.41209316,0.12263298,-0.035730124
2.6742742,8.393817,1.9664762,7.990822,1.5100563,-0.41010165,0.05917561,-0.10715693
2.6752782,8.308968,1.996042,8.000885,1.9456041,-0.3569498,0.3518932,-0.11753696
2.7579112,8.253382,1.9980965,8.230646,1.7327757,-0.49858952,0.33998048,-0.12453288
2.7883291,8.37755,1.9412735,8.280159,1.769939,-0.45437002,0.41116858,-0.17758074
2.7682276,8.410499,1.8910627,8.301929,1.6569691,-0.42798972,0.4181428,-0.19033149
2.803306,8.393777,1.9531658,8.429846,1.5889883,-0.39398575,0.3488139,-0.18003908
2.6255217,8.215473,1.9876854,8.267323,1.7459285,-0.3676963,0.25868678,-0.021277428
2.7910323,8.314404,1.9026775,8.382824,1.8368444,-0.45717573,0.26007342,-0.029215932
2.783691,8.231237,1.8701246,8.351175,1.8844471,-0.4168074,0.2052288,-0.015303642
2.60209,8.421808,1.8566027,7.625125,1.9350898,-0.43397236,0.15144694,-0.021034002
2.7720156,8.487719,1.9407334,8.098363,1.9678273,-0.3010745,0.17513335,-0.08354619
2.6486933,8.487947,1.9094391,7.5712466,1.9914727,-0.30881834,0.25968325,0.0096027255
2.6433315,8.418692,1.4381762,7.526147,1.9985566,-0.34218144,0.21913838,0.029656112
2.5959213,8.350269,1.3863559,7.541028,1.973372,-0.36868477,0.21637559,0.0377869
2.59305,8.396702,1.3828003,7.2743883,1.9293988,-0.36242533,0.215716,0.033625484
2.6085758,8.379152,1.3977456,7.3787465,1.9257219,-0.30955863,0.1775577,0.0524683
2.5910666,8.431677,1.4470491,7.2211375,1.9077387,-0.3167696,0.18820262,0.0558002
2.5949287,8.429392,1.4465377,7.415669,1.9496992,-0.30398273,0.19852519,0.06638521
2.5780644,8.439862,1.447262,7.5779057,1.9832964,-0.32647085,0.18700922,0.07615787
2.579062,8.46331,1.4287629,7.4119062,1.9846973,-0.3139019,0.16989493,0.07653034
2.61059,8.482626,1.4466252,7.459826,1.9921737,-0.31074858,0.12641406,0.07256681
2.600808,8.5746,1.434294,7.5333767,1.9895859,-0.3603444,0.12895405,0.07975596
2.5957336,8.528678,1.4648094,7.4867516,1.9794619,-0.32800078,0.11575532,0.0836916
2.5668223,8.470827,1.4074409,7.314526,1.9848218,-0.29348588,0.12427366,0.095324755
2.5550992,8.524925,1.4448941,7.2574177,1.8661067,-0.3448944,0.12576795,0.07590312
2.520896,8.515554,1.428699,7.69621,1.7520821,-0.3469975,0.12799108,0.089531064
2.5519943,8.407793,1.3855822,8.104128,1.7941828,-0.4209547,0.11186862,0.075377226
2.5538359,8.449394,1.3862653,8.030195,1.7332575,-0.4427073,0.11134207,0.078504264
2.5745835,8.398536,1.4094701,7.9626837,1.6495795,-0.5284159,0.1024425,0.059942126
2.549537,8.472321,1.4372971,7.7549734,1.7645094,-0.5497558,0.08162308,0.07641363
2.5781767,8.371187,1.5903296,7.800851,1.6402352,-0.5634434,0.07266784,0.054365516
2.7192006,8.315788,1.7471323,7.8869576,1.6714802,-0.39821482,0.059124112,0.04773277
2.762768,8.259425,1.7503428,7.842894,1.6260135,-0.39859152,0.09508526,0.042931616
2.734173,8.301491,1.7105813,7.8839684,1.6329868,-0.4595766,0.08060658,0.062123537
2.7091718,8.303188,1.6882858,7.964319,1.5404131,-0.47872877,0.12220514,0.016113997
2.6894596,8.317339,1.7293849,7.9324226,1.5373285,-0.5084214,0.110474944,0.010217011
2.6624064,8.320187,1.6998146,7.988237,1.536324,-0.5718725,0.1092273,0.017407775
2.6440759,8.317428,1.7069366,8.030592,1.5989447,-0.43980694,0.086328745,0.033539414
2.559012,8.371655,1.6182022,8.160898,1.6164682,-0.5528841,0.116898656,0.026027083
2.577754,8.347162,1.9439487,8.131907,1.6653605,-0.5295825,0.09107959,0.010477066
2.5702412,8.28819,1.8702598,8.131922,1.8876524,-0.5171535,0.21547449,0.015268803
2.5261364,8.293121,1.8628426,8.184538,1.6918912,-0.5453539,0.14675057,0.017647624
2.5216246,8.298832,1.8425512,8.140957,1.7813461,-0.6264739,0.2359041,-0.07374179
2.5426962,8.440155,1.8138752,8.045803,1.8694766,-0.68098617,0.30884433,-0.09495133
2.5917318,8.450268,1.7863388,8.003641,1.67927,-0.62561464,0.2760352,-0.061231285
2.6302285,8.390169,1.8128743,8.004948,1.6967762,-0.5863042,0.17038536,-0.048395693
2.6751103,8.212867,1.8212566,8.263931,1.5775337,-0.58282804,0.39462912,-0.056955397
2.6927447,8.309822,1.7857466,7.9641604,1.7735002,-0.49763846,0.3205366,-0.053961247
2.6281347,8.317793,1.8409352,7.5286765,1.5958495,-0.62455726,0.3604324,0.011374235
2.6207285,8.300713,1.852395,7.604351,1.4244595,-0.6120908,0.2978896,0.03270912
2.6334238,8.304725,1.8562422,7.57633,1.5705423,-0.5908005,0.30809236,0.009249151
2.6459343,8.313627,1.8763819,7.3317127,1.3890531,-0.5820143,0.35011017,-0.09655222
2.5877874,8.364571,1.8800507,7.9965744,1.3393357,-0.6460414,0.38863158,-0.098569155
2.565719,8.390266,1.8773048,7.825075,1.9477687,-0.5622637,0.2644781,-0.07230863
2.7564867,8.322048,1.8723602,8.039606,1.9933462,-0.478688,0.25299525,-0.07656795
2.733328,8.272711,1.9637208,8.258887,1.6627934,-0.25164604,0.26715863,-0.017440319
2.829335,8.296506,1.9588566,8.360228,1.6764591,-0.31454277,0.2629938,-0.012792885
2.8165276,8.355609,1.9384403,8.508595,1.6694534,-0.29496527,0.3165233,-0.031726122
2.8908784,8.265308,1.9229007,7.8211403,1.6722431,-0.2965212,0.3351748,0.00054240227
2.8520453,8.105825,1.8820705,7.3802924,1.8046744,-0.27515984,0.3639487,0.02310723
2.8302722,8.226246,1.8585389,7.4149094,1.9964688,-0.27195,0.398901,-0.003832996
2.8329215,8.319096,1.9563172,7.3512545,1.964988,-0.23983884,0.46470666,-0.027427614
2.7690816,8.444862,1.9873364,7.3354955,1.8756621,-0.30135226,0.3700347,-0.017540097
2.701319,8.384654,1.9890885,7.338299,1.8375912,-0.30887222,0.4087354,-0.024892926
