2.2386522,5.5401163,-0.087162495,7.469833,0.20039964,-0.77373147,-0.018043578,-0.46651465
1.9765599,6.1999326,-0.030308962,7.5934935,0.17047358,-0.7656002,-0.23825109,-0.37402606
2.7542934,8.499642,0.012149692,7.433119,0.20228958,-0.8316903,-0.21444303,0.09238422
2.8879573,5.0092177,-0.19357288,7.5643606,0.18241048,-0.79633,-0.26472348,-0.23529273
1.7929077,5.9716578,-0.10021651,7.7228813,0.13712335,-0.7882924,-0.4015332,-0.22391477
2.1407049,2.7927656,-0.12238175,7.435746,0.049641132,-0.6806536,-0.26772517,-0.42213553
2.27072,2.2402432,-0.24592853,7.577471,0.09022689,-0.6977205,-0.3172452,-0.4843156
1.4602265,2.2346368,-0.2264958,7.6022778,0.07626486,-0.6924763,-0.33043808,-0.48638952
2.1453896,2.7125607,-0.019082725,7.669037,0.04897237,-0.6451497,-0.48790902,0.21749544
1.1629851,2.1353552,-0.14618456,7.696185,0.00048851967,-0.6059849,-0.47881204,-0.39434883
1.1401429,2.2652004,-0.1260109,7.7707405,0.018182993,-0.59346724,-0.69253707,-0.046999693
1.6018181,2.1640105,-0.33632326,7.6145334,0.022581339,-0.57325053,-0.7080765,-0.15694755
1.4079419,2.2408905,-0.101406455,7.6095595,0.011437893,-0.61953187,-0.41853374,0.07880634
2.6784027,9.697264,-0.06950092,7.630878,0.13648224,-0.6559031,1.8310437,0.50097704
2.702734,9.186842,-0.05958736,7.6451254,0.18810272,-0.8011651,2.154268,0.25577056
2.4241686,4.851432,-0.14893311,7.6670713,0.21214533,-0.7854161,-0.5549517,0.23595202
2.1018302,5.7246804,-0.45015055,7.699542,0.21838355,-0.8393583,0.68951154,0.46293753
2.4759471,6.628272,-0.4300152,7.8775845,0.20179224,-0.87150025,1.4816461,0.77072144
1.5747994,3.6478157,-0.3183809,7.908442,0.24874926,-0.86161137,1.523207,0.7694907
1.73107,4.1153393,-0.5281538,7.927455,0.27672863,-0.9149914,1.298976,0.9308238
1.9230957,4.407737,-0.520941,7.913055,0.317657,-0.93211603,0.82728326,0.44709694
2.5636902,6.458624,-0.5273928,8.00004,0.31638694,-0.9904585,1.8669865,0.55173945
1.8446143,9.661547,-0.17717576,7.9627123,0.30631542,-0.9951296,1.7701004,0.766938
1.7416114,9.026457,-0.5793407,8.058573,0.3090322,-0.9718399,2.1666925,0.6884855
2.8382232,7.3615484,-0.3682918,7.761648,0.32582164,-0.87652206,-0.3369134,-0.14582896
2.9486046,8.133691,-0.40526527,7.8408203,0.2402451,-0.8456769,-0.4851116,-0.09099272
2.7451391,8.684351,-0.40308076,7.8549623,0.20723867,-0.8579142,-0.41807365,-0.2546208
2.7586746,9.740319,-0.45581412,7.873661,0.17977929,-0.7946012,-0.31335592,-0.07915917
1.8505423,4.2882338,-0.2317583,7.810752,0.13403034,-0.7955797,-0.0855214,0.0060589314
2.9723115,8.725279,-0.12389302,7.5807705,0.13917303,-0.79689956,-0.42201096,-0.29971272
2.637075,6.995378,0.2715813,7.5197153,0.11558676,-0.7687626,-0.10630381,-0.006896615
2.7360537,8.036301,0.2865268,7.3789506,0.12374997,-0.80376744,1.2109945,0.4503823
2.8350482,7.029104,0.21636343,7.470968,0.20925736,-0.81083584,0.069501996,0.43496245
1.5393124,3.609397,-0.22619236,7.4431505,0.2037692,-0.775794,0.52685416,0.47354937
1.545587,3.232944,-0.23395336,7.655375,0.21233654,-0.7624233,0.47072315,0.42554653
1.2028238,2.5290933,-0.2990948,7.824757,0.100714445,-0.79953194,0.52536035,0.47360396
0.8596039,3.1691475,-0.006905496,7.721361,0.13551879,-0.6794133,0.4878658,0.4760443
1.235712,2.4657438,-0.41684818,8.056152,0.1285584,-0.737591,0.67006433,0.6748321
0.95337033,2.6582854,-0.43553925,8.199046,0.11525893,-0.73770666,0.22499585,0.8702817
0.9584662,3.1224241,-0.47190976,8.127238,0.17670226,-0.72562385,0.54394674,0.76864004
0.8773494,4.091983,-0.33358586,8.094027,0.19562674,-0.7242589,0.15775716,0.7001313
0.93497145,3.3764844,-0.39251816,8.072372,0.19000816,-0.78071165,0.30610585,0.56392837
0.85853624,4.1123066,-0.3572632,8.092391,0.22583771,-0.7617984,1.232755,0.5563103
0.92503417,3.2802303,-0.04932964,7.95229,0.14776802,-0.71233726,0.5162314,0.71549463
0.7940494,3.415369,0.00031626225,8.048965,0.12474203,-0.7402365,0.59035194,0.5045352
0.9289973,3.8941276,-0.09038198,8.136759,0.09193516,-0.70002747,0.44515598,0.72775245
0.9702686,4.1322584,-0.00705719,8.128101,0.014639616,-0.7132335,1.6419823,0.56056416
1.115998,3.9749217,-0.13416731,8.092666,0.095396996,-0.72038364,1.7418196,0.8540187
0.9612957,3.2796843,-0.22805363,8.095274,0.090117455,-0.667655,-0.5547948,0.61408067
1.3169496,5.3138447,-0.8794726,8.353546,0.051074743,-0.72792697,0.8335607,0.38054836
1.3646488,5.1304603,-0.95066965,8.306707,0.026391745,-0.59988546,1.2438018,0.34014618
1.4223542,6.618385,-0.8315929,8.464504,0.11586332,-0.6617842,1.2367315,0.5216944
1.3782558,6.0228457,-0.45678896,8.1075535,0.11280513,-0.78017545,0.79483557,0.5607531
1.5188068,6.008685,-0.6957705,8.150349,0.11999631,-0.71315813,0.87252486,0.775985
1.3815713,5.9990864,-0.6628807,8.154113,0.13044977,-0.7005348,0.72648597,0.78625774
1.2805185,5.789387,-0.31480658,8.059853,0.08528447,-0.6807797,0.9214487,0.31334114
1.1857765,4.8475895,-0.33623314,8.062893,0.100652695,-0.78032255,2.4015024,0.17319536
1.5455528,4.6753817,-0.18893522,7.756447,0.098455906,-0.66247797,1.6236386,0.79528546
2.0190601,5.8506165,-0.3522408,7.8655257,0.07014561,-0.6987598,1.7214806,0.60858405
2.680146,6.71202,-0.36607003,7.832511,0.035826206,-0.6949315,1.4640112,0.6466849
2.1402252,5.274575,-0.61010396,7.819212,0.06299138,-0.55941486,1.7538383,0.6790501
2.6573858,6.759786,-0.30696005,7.696324,0.051194906,-0.56120753,1.6562095,0.78183806
2.6229978,6.652426,-0.24225366,7.614265,0.14330935,-0.69460106,0.68302023,0.77159894
2.0302815,3.7533574,0.057038426,7.52247,0.1770215,-0.7772379,0.38325512,0.7489414
2.5374484,8.021343,0.0468117,7.6014466,0.17534137,-0.78022337,1.0991814,0.7176312
2.1928327,9.247808,0.29503524,7.5631266,0.18405008,-0.85734606,0.83092463,0.78376603
2.2955441,7.5978456,-0.05037391,7.6958547,0.15506744,-0.793957,2.6072652,0.59772897
2.3596263,9.889841,-0.10794699,7.5025916,0.17594504,-0.74791384,2.1558814,0.6050991
2.524176,9.718156,0.0625633,7.6272383,0.118186474,-0.7683821,2.5439072,0.5024419
2.5951889,7.063855,-0.16861594,7.5869045,0.13444352,-0.75328064,1.9358096,0.5481967
1.8562154,6.262765,-0.2637241,7.9035196,0.11143088,-0.7472801,1.3473377,0.54670715
2.9833124,6.765623,-0.45923328,7.757152,0.05104208,-0.6786158,0.87506926,0.5318295
2.9166772,8.153843,-0.2644838,7.7599883,0.027009726,-0.5963397,0.78894806,0.4803
2.7803588,7.9736423,-0.7408701,7.9315953,0.009531498,-0.69219184,0.37404668,0.5799484
2.658732,9.611149,-0.6920533,8.147837,0.007880926,-0.64302254,2.1746206,0.6019083
2.6224174,8.770341,-0.8766897,8.106964,-0.0041265488,-0.55451274,1.7011149,0.71080434
2.6115212,7.43887,-0.8231528,8.021513,-0.075733304,-0.5714624,0.91283154,0.4839307
2.950986,8.124802,-0.6785115,8.106939,-0.08432162,-0.5746722,1.3776143,0.44492912
2.7685473,7.3843093,-0.53888714,8.054186,-0.095576644,-0.5758357,1.8921056,0.6737076
2.2102041,7.238084,-0.5163766,8.084364,-0.034556746,-0.5543611,1.6946585,0.2679379
2.75636,8.156068,-0.29305494,7.9957633,-0.143682,-0.52101016,2.1456044,0.8155414
2.910818,8.135262,-0.79148626,7.982117,-0.12951648,-0.5352926,1.5978756,0.2621659
2.986826,9.7927475,-0.68390226,8.0328665,-0.12153554,-0.5175419,0.56260455,0.30817342
2.9575796,3.99073,-0.887994,7.978651,-0.06857622,-0.5180378,2.4021466,0.14232403
2.9601812,4.817495,-0.92804176,7.9889145,-0.09447515,-0.429415,-0.571319,0.50006425
2.9735796,3.6100955,-0.973277,7.983545,-0.11646235,-0.43205357,1.3403285,0.92143834
2.8588278,4.1314044,-0.6081727,8.07271,-0.23958707,-0.32839298,0.9206461,0.9435767
2.5624185,4.8396626,-0.47189003,8.031185,-0.21113253,-0.38946867,1.2091739,0.96024156
2.910465,5.1721206,-0.5775568,8.062288,-0.22920692,-0.4111135,1.0435653,0.8741355
2.8339546,5.062419,-0.7955319,8.022814,-0.17660046,-0.44125414,1.7930787,0.7286494
2.8475497,4.9085503,-0.5070972,7.847348,-0.15219736,-0.43095636,1.2001617,0.6020019
2.4277802,4.5216084,-0.3888272,7.7619023,-0.19324887,-0.44391966,2.7651384,0.55279875
2.8775756,4.5323496,-0.788664,8.000117,-0.18666351,-0.4890597,0.9019824,0.6459943
2.424049,3.761311,-0.96397424,7.9841986,-0.16320574,-0.48299193,1.3150718,0.64444435
2.3852754,3.7240806,-0.66975206,7.9653616,-0.13598001,-0.46188188,1.5151346,0.68305063
2.984956,4.265625,-0.91412276,7.9263334,-0.13482583,-0.47638726,1.3009887,0.770411
2.3248057,4.932325,-0.8057835,7.9350743,-0.028321147,-0.5432942,2.1549866,0.626057
2.4427714,5.283233,-0.8370638,8.080164,-0.07210374,-0.5859151,1.9251873,0.6399751
2.5724921,8.06491,-0.22507834,7.9293966,-0.01594603,-0.6675205,2.4318442,0.2968961
2.2324219,7.932307,-0.5593451,7.9592013,0.02263546,-0.6648629,0.88885605,0.30128253
2.2301881,6.2218294,-0.6543677,8.049361,0.074980736,-0.7197015,0.74814713,0.6513213
2.5002036,5.752501,-0.7112529,8.041641,0.057400227,-0.6919875,1.9198291,0.82830215
1.8173854,5.543658,-0.21206874,7.9436646,0.06685066,-0.72619605,2.1841624,0.7535367
2.2845023,7.3170547,-0.18483073,7.937712,0.10181284,-0.737345,1.1454551,0.9893956
2.2535362,7.5410447,-0.42380238,7.807046,0.1104455,-0.7352755,0.97209406,-0.11819053
2.937769,4.3358936,-0.48872364,7.6947513,0.18843555,-0.7727196,-0.73168176,-0.3815748
2.6961036,7.7986655,-0.52384794,7.8195643,0.20516562,-0.7649665,-0.60605454,0.038934946
2.6142247,5.9403543,-0.28848368,7.8148584,0.19416928,-0.8102224,-0.29811352,-0.19398889
2.6485066,5.9332576,-0.5966681,7.7320137,0.2000494,-0.7550802,-0.22991991,0.38534594
2.9008484,7.236543,-0.4750198,7.632322,0.19960213,-0.8168645,-0.16740465,0.30932105
2.2591627,3.7467315,-0.23192239,7.7417555,0.21053004,-0.8550513,-0.20567131,0.1921947
2.4866033,5.9581327,-0.17690432,7.608333,0.21620965,-0.8515403,-0.15389013,-0.14412415
2.694541,6.945867,-0.18573654,7.5835276,0.30225658,-0.8870857,-0.54688585,0.3422957
2.776103,7.2566113,-0.2690817,7.602442,0.3024099,-0.86961746,-0.5487102,0.07379782
2.7787933,5.491184,-0.114468336,7.550854,0.31190872,-0.93800163,-0.22095978,-0.17303705
1.9739717,5.619815,-0.24854213,7.7326546,0.2666223,-0.903044,-0.30756968,0.002798438
1.3252642,4.262973,-0.056257784,7.819035,0.28505325,-0.9059806,-0.3044601,0.06165135
1.1532191,4.5998607,0.07183373,7.693303,0.24670196,-0.879452,-0.27037102,0.37488776
1.3445603,4.4704504,-0.035606027,7.737857,0.21399045,-0.833343,-0.045585155,-0.27665842
1.4753065,3.0616882,-0.41612887,7.7310305,0.17404938,-0.78682613,-0.31731576,0.24556357
1.4511925,6.265217,-0.39055747,8.073281,0.20009565,-0.8427353,-0.26843715,0.3102476
1.334058,7.513661,-0.56777614,8.384373,0.22729707,-0.83446026,-0.03423363,0.34812832
1.2925814,7.7088137,-0.5414155,8.327305,0.21750855,-0.8988168,-0.07517952,0.033885002
1.259111,6.7175717,-0.5095223,8.313215,0.2663362,-0.92209387,-0.3810308,-0.36712748
1.1458286,5.577787,-0.48565876,8.234938,0.28980303,-0.9335313,-0.106785655,-0.26644164
1.1027706,5.7640114,-0.46920413,8.255245,0.35715532,-0.93400335,-0.56229305,0.13809985
1.133229,6.399632,-0.5458075,8.376429,0.34511924,-0.92547655,-0.30714017,-0.23364773
1.5081884,6.6938534,-0.8739838,8.200277,0.3457036,-0.9434762,-0.2527969,-0.031819105
1.5440055,6.80747,-0.7612052,8.188995,0.33449316,-0.8998909,-0.4532566,0.0063501
1.7270985,8.680792,-0.77561975,8.206865,0.30579257,-0.91253424,-0.44844896,-0.17469251
2.2692416,6.6568503,-0.88739187,8.183258,0.28877735,-0.9382353,-0.58302784,-0.27666718
2.4461305,8.280764,-0.9413871,8.297119,0.22394967,-0.876946,-0.5466035,-0.19553372
2.2694116,6.4172163,-0.818386,8.350765,0.1772983,-0.86039305,-0.31348866,-0.2352348
2.7035794,6.6113715,-0.94847095,8.167997,0.22481108,-0.8592088,-0.265826,0.022017896
2.90205,6.0139184,-0.90479136,8.0770035,0.24262643,-0.8702693,-0.3034168,-0.102864146
2.5581124,4.573389,-0.66474044,7.9647865,0.20730019,-0.84276485,-0.4133771,0.27801216
2.7100856,5.8745875,-0.6696272,7.8684464,0.21836567,-0.8463576,-0.34266824,-0.14582688
2.6891973,4.488929,-0.6468264,8.032138,0.24099183,-0.81317043,-0.49681664,0.64952946
2.5052006,9.7558,-0.87889844,8.203205,0.24985433,-0.8450208,-0.2148171,0.20616281
2.392333,8.145401,-0.69463736,7.8440943,0.24476457,-0.7784097,-0.2610988,-0.052165866
2.3507943,5.289342,-0.56969726,7.7137403,0.2383771,-0.8986962,-0.24559724,-0.14307004
2.8271868,4.732325,-0.5471636,7.8343935,0.23599744,-0.8498924,-0.6889609,-0.34545332
2.6934724,9.484257,-0.5814258,7.7284846,0.24924684,-0.9228885,-0.2512552,-0.33848268
1.8231294,8.975353,0.04340303,7.746415,0.22299981,-0.9149926,-0.156205,0.25181186
2.3765423,7.9886994,0.2243874,7.7286577,0.19041371,-0.8995719,-0.105100036,0.30765867
1.6235536,9.387951,-0.019000113,7.797415,0.23211694,-0.8271308,1.5272768,0.90840137
1.9259,8.782556,-0.012203932,7.8683763,0.23377395,-0.8222532,0.8604671,0.9422698
1.864402,4.6026926,0.15805876,7.428825,0.21342564,-0.75528646,1.1760902,0.89863765
1.5488888,4.6880302,0.102825046,7.6728134,0.17182565,-0.76013184,1.9993908,0.58527386
2.0897908,8.144223,-0.03221309,7.6303763,0.2562425,-0.8535092,1.9241121,0.62834835
1.8694541,7.41943,-0.008039594,7.6455073,0.24151897,-0.88721037,0.16727126,0.4167143
2.2689092,5.367672,-0.0016179681,7.26979,0.26726747,-0.82414436,0.22733593,0.6812576
2.7608726,4.7686625,0.009344816,7.3451967,0.22896194,-0.7951293,0.34323406,0.37275374
2.7846909,4.221772,0.03805256,7.4862256,0.13385272,-0.7961328,0.15113151,0.3781141
2.7276685,8.876762,0.007751465,7.78565,0.14585042,-0.8055136,0.2717508,0.9054668
2.2479086,9.205833,0.036168933,7.6502275,0.24720669,-0.88870263,1.8098209,0.8113098
1.2192612,3.1267376,0.19836473,7.664688,0.22036505,-0.88262606,1.6429193,0.7903042
1.7014023,6.5382123,-0.15495753,7.565834,0.23976135,-0.9079342,0.18685067,0.5509074
2.9656775,2.2781096,-0.21357405,7.604698,0.24545765,-0.84127045,-0.4496737,0.08353627
2.980774,7.532735,-0.24575388,7.6046476,0.20217681,-0.81511784,-0.027128458,0.21854562
2.6318774,8.429784,-0.29208332,7.7124996,0.1946752,-0.86027,0.051211476,0.09432262
2.2917142,8.288219,-0.3326447,7.804617,0.22225046,-0.86219096,-0.16709554,0.17644817
2.4823291,3.0626783,-0.23863941,7.81229,0.2663896,-0.928452,-0.44975185,0.23100162
2.544907,3.447374,-0.6092657,7.7850895,0.2745669,-0.91402364,-0.14500684,-0.05371487
2.1204264,2.530871,-0.4324748,7.7375765,0.2696786,-0.90037537,-0.4042018,-0.082911074
2.6771247,9.260681,-0.2034806,7.82154,0.30044985,-0.97504425,-0.39358616,-0.45538187
1.8752539,3.1823568,0.039922237,7.662137,0.32325792,-0.950423,-0.5363612,-0.21872869
2.1409447,4.852378,-0.066310346,7.6449194,0.29004598,-0.9354539,-0.47508788,0.26001894
2.1400235,3.5131373,-0.20068657,7.5821695,0.26842856,-0.8821392,-0.23864031,-0.2250171
1.8624666,3.212023,-0.30248284,7.6258087,0.25420952,-0.8824148,-0.4269079,-0.2820345
2.7533183,3.6663613,-0.32816178,7.5870833,0.2634828,-0.85169196,-0.5256499,-0.3526618
2.539375,4.3758163,-0.28657526,7.7112136,0.2342813,-0.8481302,-0.48144597,0.2548287
2.646359,4.4047103,-0.23321176,7.6130533,0.25953054,-0.8304672,-0.6191013,-0.34992343
2.7030046,8.953177,-0.27166092,7.669728,0.23598742,-0.8265896,-0.5300743,0.13739878
2.8720644,5.2802906,-0.24802494,7.613348,0.25097418,-0.7971127,-0.65640616,0.20798236
2.8935754,6.163083,-0.7152879,7.830095,0.3443277,-0.8488703,-0.18351132,0.7353971
2.9737442,7.8356833,-0.5462875,7.78703,0.2980981,-0.8766556,-0.85816914,-0.34347188
2.9738405,5.1330824,-0.5463747,7.7686,0.2160511,-0.8743553,-0.35838807,-0.2966609
2.6250453,8.181759,-0.5342167,7.809539,0.264431,-0.8605597,-0.44493115,-0.31962222
2.366426,4.937543,-0.8166348,7.85118,0.30655098,-0.89514446,-0.42515683,-0.08052474
1.4286952,6.4035625,-0.88287294,8.128282,0.30016065,-0.8768401,-0.49071378,0.032572627
1.984337,9.6518345,-0.6948024,8.19846,0.2751975,-0.8792236,-0.66079724,-0.11632925
2.9275467,5.5926485,-0.7959292,8.108126,0.23189831,-0.8960378,-0.4891029,-0.46000665
2.8220782,7.7353644,-0.9311565,8.186052,0.26456118,-0.92308235,-0.52418333,-0.3471737
2.8204694,9.685928,-0.86537325,8.277377,0.28588653,-0.92751,-0.48005277,-0.1748845
2.0122032,9.805894,-0.9524824,8.460566,0.2586658,-0.8605542,-0.36632234,0.08919346
1.796288,9.601888,-0.8806908,8.469102,0.20155168,-0.880239,-0.5537839,-0.24666294
1.9324124,6.615616,-0.7319018,8.314358,0.20394444,-0.85181,-0.68383646,-0.111049235
1.8028932,6.9536705,-0.63561416,8.093808,0.23690677,-0.83922744,-0.75600356,-0.23711959
1.9468918,4.674906,-0.7818479,8.024285,0.24947786,-0.83273125,-0.69190586,-0.44647714
1.9733808,8.839632,-0.5136585,8.103551,0.2314229,-0.86052537,-0.35015023,-0.47481462
1.783089,7.016367,-0.7848542,8.148574,0.2519722,-0.8821173,2.3308744,0.71836257
2.0574448,8.755926,-0.8357306,8.151079,0.2765286,-0.89710116,0.7759576,0.7976905
1.9643581,9.770882,-0.8701022,8.11352,0.2721672,-0.8248143,0.9684614,0.77708685
2.9723752,9.558898,-0.76008564,7.8693714,0.20537663,-0.8201802,0.4031738,0.6008545
2.9860244,8.819434,-0.5273255,7.591435,0.23019671,-0.79839015,0.3412341,0.59330285
2.8815227,2.1765287,-0.73431545,7.748561,0.12361312,-0.71268725,0.2792865,0.5114143
2.6280932,2.5721834,-0.47354865,7.742717,0.0795033,-0.71231365,2.4401345,0.5658374
2.1249497,2.4307225,-0.6253692,7.6001196,0.1263206,-0.66874933,1.9413025,0.6133524
2.9556322,9.179664,-0.68125075,7.867944,0.12762046,-0.6862056,1.6802902,0.76259136
1.0307779,3.974787,0.2720021,7.1421666,0.79142976,-1.4038306,-0.21989274,0.19592607
1.148813,3.980174,0.16298676,7.15748,0.7811732,-1.367337,-0.33965874,0.1608901
1.5341899,8.159334,0.20531797,7.2674522,0.72797513,-1.3840849,-0.012718141,0.030995965
1.7362446,6.5898705,0.27330208,7.250173,0.7378621,-1.37074,-0.314228,0.44047242
2.1807246,8.522379,0.28635192,7.259747,0.7393975,-1.4359764,0.13685274,0.5415895
1.2701386,8.086096,0.29309702,7.2602615,0.7501273,-1.3925331,0.0103235245,0.2985499
1.1309004,7.8474026,0.2986064,7.2458334,0.6807611,-1.1957116,0.15850544,0.2893231
1.6905943,7.887659,0.18927407,7.188011,0.61833525,-1.2008891,0.053929806,0.18992037
2.5513258,8.637276,0.20580113,7.207015,0.57409,-1.2108624,-0.28755176,-0.2667479
2.7696354,7.4646106,0.25303972,7.161482,0.56906056,-1.1792862,-0.32177705,0.0372144
2.9681776,6.880005,0.27796817,7.157604,0.55579877,-1.1894307,-0.45562398,-0.32501352
2.9968758,6.3698387,0.29283214,7.0226064,0.58632874,-1.1885815,-0.14522105,-0.20565605
2.994035,6.33466,0.31252432,7.022871,0.595067,-1.1932898,-0.427648,-0.18509847
2.429996,8.827709,0.28314435,7.023158,0.6170752,-1.2443986,-0.2839471,-0.11756605
2.774799,9.577375,0.42060626,7.0010195,0.61420965,-1.2363122,0.04511559,0.31684119
1.9010018,7.304901,0.47536004,6.992443,0.5869715,-1.2451842,0.039636374,0.5018059
2.237644,3.474772,0.3347355,7.1837435,0.53790283,-1.1888498,0.038123965,0.6200398
1.5764725,5.4320316,0.23496425,7.2678223,0.5984249,-1.2444081,0.40428543,0.70685935
1.5294739,8.755414,0.22901344,7.2598085,0.6253793,-1.2335477,-0.07646257,-0.35964987
1.5200257,6.380318,0.25548518,7.2341843,0.63274074,-1.2389784,-0.123930514,-0.12970847
2.388486,2.9133115,0.22409987,7.0714903,0.6324477,-1.1610056,0.4417796,0.6057832
2.3217359,9.387393,0.2677325,7.207386,0.6894579,-1.2846935,0.27848506,0.54821444
2.2578962,8.822985,0.5079527,7.1243615,0.67827225,-1.3433057,-0.034168243,0.5390464
2.9239519,7.4674244,0.4871546,6.8374195,0.6892047,-1.2713084,0.0638423,0.43108058
2.8091645,5.44149,0.31582868,6.8525715,0.64674544,-1.2691107,0.4502679,0.47637004
2.3445601,4.198698,0.40593064,6.9324327,0.6269715,-1.2173929,0.21523619,0.50321484
2.5823915,8.434873,0.3883139,6.9551077,0.628211,-1.2399478,-0.015181184,0.038017094
1.8634949,5.7008495,0.2580768,7.023728,0.6005297,-1.1924496,0.10487056,0.14748907
1.7189745,4.9963355,0.30468082,7.154065,0.533576,-1.1755875,-0.19728392,-0.025755286
1.6166642,4.7990856,0.17866707,7.2583485,0.5062735,-1.0785608,-0.26271564,-0.2506492
2.2435598,7.742343,-0.11705065,7.4131055,0.5010476,-1.1410184,-0.22892272,-0.29113287
2.3219535,9.168816,-0.061135173,7.516048,0.54920363,-1.1401281,-0.17025185,-0.3011497
1.896489,6.4880867,0.008340716,7.487235,0.58333254,-1.1995184,-0.23406398,0.3648399
2.482026,8.387479,-0.11231983,7.485282,0.57050705,-1.2158465,-0.19652152,-0.14006376
2.417502,8.667571,-0.13619673,7.479349,0.5785177,-1.1616473,-0.76623195,-0.2225104
2.2243724,9.8326645,-0.15202844,7.37514,0.5894153,-1.1853672,-0.30337942,0.13309473
2.1502945,9.972738,0.0063205957,7.399552,0.5377748,-1.1059835,-0.5853695,0.016102314
2.741216,9.913007,0.22452688,7.094157,0.5158961,-1.122272,-0.64256895,-0.156459
2.7249632,8.923904,0.3921237,7.0630655,0.5259659,-1.0796182,-0.6293094,-0.45741078
2.6749852,8.897471,0.4693787,7.0738683,0.4924028,-1.1024898,-0.6265417,-0.4721895
1.7839539,5.9499493,0.3961935,7.1592503,0.49423552,-1.1026397,-0.77397305,-0.46793324
1.7920744,5.356123,0.48570228,6.990364,0.5228739,-1.1141685,-0.62636197,-0.33857504
1.4510583,6.337665,0.4804635,6.958209,0.532727,-1.1220891,0.0030977726,0.16313034
2.2799146,5.5129194,0.52379775,6.8482933,0.5103588,-1.1774437,0.3076223,0.10330093
2.1516712,6.703605,0.4853704,6.9159985,0.56568027,-1.0943956,0.4268757,0.7560642
2.341796,4.2299056,0.7053747,6.773776,0.5554223,-1.1655502,2.247337,0.6637461
1.5145072,3.6568995,0.749768,6.744253,0.5385182,-1.1792436,1.9417379,0.59052277
1.8237073,3.1560242,0.66791606,6.7922087,0.64105177,-1.2185178,2.0283902,0.6017821
2.6993032,8.571201,0.62475204,6.7992296,0.61666775,-1.2168491,2.3482063,0.77445436
2.4194868,9.871445,0.48598194,6.8859897,0.56470585,-1.1864508,2.344162,0.3153864
1.3297656,2.9031475,0.50005186,6.879261,0.6185019,-1.2016995,1.8838422,0.79185295
1.9183192,3.4227488,0.42584574,7.027958,0.59738016,-1.1861231,1.8501081,0.76775396
2.1920114,9.770996,0.4205979,6.962742,0.632437,-1.2337112,1.686497,0.24741596
2.5586922,8.50249,0.40037394,7.0863028,0.62308455,-1.2402565,0.39857543,0.9389119
2.4481673,3.2688239,0.19671953,7.347872,0.55888796,-1.1914513,0.81022847,0.81061614
2.6512656,9.321451,0.13305521,7.3406625,0.485286,-1.1445484,0.18944287,0.43747985
1.9087901,9.376567,0.24026752,7.35685,0.46258616,-1.1207933,0.5781994,0.64357615
2.2626905,4.0705132,0.43282688,7.3385596,0.4280429,-1.1102461,0.028136492,0.6029103
2.5955899,4.330116,0.08907664,7.539721,0.39675045,-1.0822141,0.13245511,0.51644266
1.9926734,8.348494,0.08753538,7.5544605,0.4895525,-1.0937093,0.39622474,0.7139629
2.2579985,8.502241,0.0933969,7.5532136,0.49976635,-1.142545,0.8350432,0.8014772
2.4849954,8.352076,-0.26288128,7.6248407,0.5540619,-1.1312947,0.23850465,0.69545937
1.9914205,3.9415317,-0.2787677,7.8445616,0.53375745,-1.1682682,-0.050010026,0.59121954
1.2034924,5.906643,-0.010691643,7.85049,0.5157902,-1.1926291,-0.031049252,0.42709196
1.0221853,6.098217,-0.23438764,8.068377,0.5086446,-1.1427753,0.042191148,-0.028366268
1.3337077,4.0405717,-0.22176528,7.8661413,0.5211179,-1.1745548,-0.24050862,-0.19146866
1.6497872,6.7253895,-0.5858345,8.017918,0.4994483,-1.1329308,-0.2570433,0.3632939
2.386228,7.4468303,-0.66827965,8.023698,0.4962213,-1.078444,-0.11899972,-0.17034864
2.409443,7.449561,-0.5419607,8.015581,0.39733052,-1.0434127,-0.096403,0.20697796
2.3200402,5.762867,-0.5571955,8.026224,0.40300274,-1.0397017,-0.42874378,-0.27981722
2.2544556,5.938672,-0.64079005,7.8139043,0.37478137,-0.9260464,-0.16833115,-0.30355984
1.6870499,6.4497924,-0.495252,7.86011,0.35906625,-0.9113145,-0.38374293,0.019515157
2.855915,3.3522062,-0.6826983,7.9553514,0.3832295,-0.98347473,-0.26985538,0.09082997
2.824647,9.217245,-0.6214378,7.870365,0.38367748,-1.0246129,-0.102482796,0.146366
2.449962,5.3155537,-0.45480466,7.6946545,0.43078375,-1.0004672,-0.13100684,0.06878501
2.9467878,7.552927,-0.40753013,7.8155384,0.4110446,-1.0367241,-0.21831572,0.1565854
2.542229,5.373028,-0.33125865,7.8070965,0.3896711,-1.0485967,-0.20579946,0.055934787
1.9890289,5.80387,-0.23131037,7.8290563,0.42339063,-1.0712142,0.43869913,0.55228055
1.3905097,7.2113585,-0.26247203,7.713162,0.4266777,-1.0298593,0.16348934,0.45222843
1.3466551,9.264887,-0.15245396,7.9347334,0.43252707,-1.0290924,0.07239556,0.42216045
1.2370701,7.689993,-0.2183075,7.9601474,0.40751672,-1.0389323,1.8734975,0.8214271
1.0360782,7.1658444,-0.13493323,7.8721876,0.45701575,-1.0862528,0.6956531,0.4600125
1.0634583,6.896344,-0.23823297,7.92279,0.467103,-1.0150597,0.6780616,0.5480069
1.0990038,7.7482886,-0.208238,7.826677,0.50074625,-1.0730907,0.90798485,0.61832476
1.0826247,6.0595837,-0.20463258,7.771916,0.55922866,-1.1732826,0.07145119,0.67087245
1.3994663,4.7226324,-0.23480308,7.747153,0.49095893,-1.1300237,0.4870845,0.6173723
1.1686845,3.802835,-0.1472562,7.805185,0.55919504,-1.2109432,2.935868,0.6260445
1.188558,7.9592266,-0.029592872,7.600194,0.5820203,-1.1497576,1.8144586,0.4638635
1.4296634,8.073099,0.0121843815,7.6829515,0.6021023,-1.1688641,2.9779158,0.78961945
1.2318207,5.432151,-0.1840064,7.5822678,0.6103785,-1.211772,2.9634078,0.6444231
2.020905,6.680769,-0.13288677,7.627654,0.56446314,-1.2107534,2.9442523,0.8093742
1.8390577,8.765697,-0.16733241,7.799388,0.5737276,-1.2031313,2.6595175,0.906548
1.8030407,2.1700969,-0.31459975,7.6865396,0.6907084,-1.2275121,0.92749333,0.9404882
1.4060022,9.758511,-0.16807652,7.9393535,0.70080733,-1.3242879,1.4335349,0.7410047
0.954106,9.628422,0.027086377,7.8485146,0.735023,-1.3487346,1.161773,0.6261318
0.9521581,9.874353,0.025447607,7.8451796,0.7135196,-1.3708329,1.3970063,0.7130797
0.95770246,9.722629,0.13287377,7.8370776,0.71472335,-1.3542706,1.3441007,0.5481849
0.9325332,9.878642,-0.02122116,7.778474,0.7369437,-1.3396759,0.09741974,0.20210373
1.0356066,9.607252,-0.01996386,7.757154,0.74156046,-1.3630612,0.659719,0.44922465
1.0092425,9.420952,0.05635786,7.8247547,0.7061174,-1.3585442,0.50492275,0.40340036
1.3658199,9.399678,-0.13960278,7.836039,0.74413824,-1.358597,0.30668986,0.6038666
1.7781153,2.0735576,-0.24727827,7.744683,0.6992395,-1.3270705,0.41681242,0.7493684
1.1706654,2.2114997,-0.2302357,7.624332,0.7904122,-1.4443978,0.2672838,0.45611537
2.346404,9.892642,-0.19557309,7.488177,0.8308151,-1.4417858,0.11144233,0.5206413
2.4619474,9.830843,-0.06900543,7.3698697,0.8540194,-1.4403851,0.54705715,0.58965194
0.72891665,5.21516,0.10803795,7.8150635,0.9134178,-1.5157505,0.9206052,0.77831435
0.64466774,3.7133803,0.056957126,7.80693,0.91300344,-1.5277885,-0.123713136,0.19720638
0.74168766,3.8454487,-0.07581842,7.6856346,0.883368,-1.4824009,-0.20728761,-0.15934455
0.7942046,4.0500383,0.09414482,7.407823,0.8548827,-1.4417542,-0.5148271,-0.0874598
2.7393427,2.9034295,0.06947458,7.415901,0.8001692,-1.4045141,-0.5379138,0.3201782
1.7831256,9.710023,0.038028,7.3870344,0.8662083,-1.412554,-0.633417,0.15597951
1.8530885,9.090012,-0.077840924,7.2401814,0.91492915,-1.4160651,-0.6209874,0.40558833
1.5059081,4.919354,0.15247595,7.0517497,0.9100051,-1.421084,0.25056624,0.80474937
1.2778337,6.616577,0.10846877,7.1673045,0.9499216,-1.5276554,0.2309246,0.06290567
1.2389615,6.3377185,0.17211199,7.2477427,0.9594805,-1.5217429,0.4576149,0.80396545
1.2238383,4.0450673,0.1324954,7.1956873,0.94730806,-1.519427,-0.15611845,0.2228744
2.587411,6.3381977,0.22459555,7.159354,0.88965154,-1.5224996,-0.3411852,-0.14077324
2.8474798,7.2855535,0.3351829,7.058422,0.8611214,-1.5284324,-0.17894,-0.11004001
2.545538,7.91677,0.49281502,6.82136,0.8389542,-1.5074081,-0.52289677,-0.227209
2.1746337,8.390226,0.58169246,6.782976,0.7895305,-1.3878918,0.012752175,0.007250488
2.5105963,8.452457,0.55143523,6.749917,0.7703066,-1.4137101,-0.00854075,0.15206087
1.6904557,7.192037,0.5598279,6.830043,0.7363179,-1.3877867,0.5045128,0.2118991
2.4209394,6.356435,0.61695755,6.8118553,0.7387314,-1.3917528,0.48840094,0.44088352
2.8464444,5.1228304,0.5664966,6.6612616,0.7394383,-1.3102652,0.21141338,0.4274789
2.9573805,6.937101,0.6114361,6.766617,0.7587712,-1.3340015,0.886745,0.6828544
2.9486563,5.9070044,0.6632947,6.4643908,0.7295408,-1.2737656,0.9334965,0.3756883
1.5559355,8.612081,0.77384317,6.5311446,0.7438991,-1.2866759,1.2671218,0.37182915
2.6448064,6.2398496,0.8591125,6.379167,0.7434418,-1.4420325,0.5233265,0.41022748
2.6951776,7.3859553,0.93491507,6.27855,0.76321626,-1.4262532,1.9717879,0.38330472
2.9965003,6.107429,0.9096023,6.3443847,0.79471254,-1.3922522,2.6369386,0.36158645
0.5488758,2.2414234,1.0062077,6.2461557,0.7965722,-1.4091879,2.4047594,0.47655708
0.6079351,3.3672194,0.91974103,6.5410733,0.72791123,-1.396497,0.3526311,0.18361777
1.3332918,2.6330595,0.8487017,6.598945,0.713814,-1.3497057,1.0588887,0.32538474
2.6592317,7.8270054,0.7355168,6.4651337,0.767488,-1.3544214,0.27451718,0.15964222
2.1867685,7.4354167,0.74112177,6.5198526,0.8272183,-1.4294181,0.021920443,0.07151306
2.1065042,8.516932,0.6678467,6.799647,0.8582134,-1.5338224,0.23779905,0.5924125
1.9310278,7.803263,0.51537263,6.7352333,0.82472444,-1.4198887,0.3075763,0.02763629
1.0323331,4.5395536,0.5083697,6.8108115,0.8381951,-1.4502814,0.43982756,0.3194661
1.2068291,3.4125452,0.6847446,6.7312694,0.7866192,-1.3834133,0.08723068,0.55803025
1.9040928,3.8007188,0.7294457,6.4349694,0.84325695,-1.386318,0.3500285,0.45141637
2.283166,4.396263,0.62309015,6.583228,0.8359356,-1.4939463,0.44531143,0.4901005
2.397739,3.4191504,0.64999866,6.4138994,0.8128774,-1.4305711,0.13307357,0.32849574
2.4235013,3.996762,0.7118033,6.434499,0.8596504,-1.4915369,0.44733512,0.56473804
2.1464942,9.808441,0.64937294,6.475738,0.9141321,-1.531543,1.5282462,0.4820506
2.464018,7.984615,0.71031845,6.4808807,0.91508627,-1.504004,0.14905858,0.49547815
1.4307636,4.816148,0.74158,6.419429,0.9708121,-1.5568053,1.2194843,0.79672027
1.9164934,4.167548,0.69782686,6.555823,0.91017437,-1.4947782,1.1309104,0.63694525
1.1494915,3.771721,0.5579103,6.721581,0.877249,-1.488307,0.028865576,-0.37204778
2.093234,8.8467045,0.55074096,6.668659,0.8539922,-1.4899318,-0.52957463,-0.30015886
1.9730246,4.202179,0.49256587,6.6598363,0.82215095,-1.406436,-0.52391165,-0.23992065
2.4580483,6.037753,0.5562444,6.6704936,0.80382943,-1.4188588,-0.16629732,0.31863832
1.228786,6.9838753,0.54042864,6.6255713,0.86514544,-1.4520955,0.37814033,0.36438924
1.2201313,3.45749,0.63981915,6.5747056,0.8083091,-1.4261189,0.22971773,0.31900668
0.8839615,5.576422,0.8192291,6.5940657,0.8054235,-1.4454072,0.9325949,0.30726713
0.9998359,5.6907396,0.7306917,6.716819,0.8393533,-1.4543277,0.30531788,0.83045185
1.141729,4.4611163,0.69166374,6.72089,0.760427,-1.3415506,0.8352598,0.35911465
2.0664768,7.6732683,0.7165834,6.692797,0.7246196,-1.3459207,-0.056048274,-0.010508418
2.1780372,5.167943,0.69435966,6.6369905,0.75390553,-1.4102025,0.23777008,0.27735245
2.055252,9.85206,0.65151334,6.637224,0.73689675,-1.377137,1.0621953,0.3733579
2.220594,9.892241,0.58187675,6.683115,0.75843954,-1.326855,-0.054677844,0.7000433
2.5004637,9.897076,0.5647907,6.839135,0.73459554,-1.3327312,-0.08876896,0.7667639
2.7126677,4.548541,0.49149966,6.8376064,0.7107954,-1.3233035,-0.6157305,-0.42682755
2.918422,4.5559044,0.5711577,6.764965,0.6573715,-1.2433941,0.05278337,-0.49521688
2.957596,7.145604,0.5492356,6.761345,0.67776823,-1.3437599,-0.30256355,-0.38273138
1.8474184,6.7174015,0.5625198,6.7801642,0.70947075,-1.3213274,0.095819354,0.80255413
1.641514,4.970009,0.6141069,6.715431,0.6499572,-1.2904615,0.14118052,-0.4650655
2.3679461,8.844465,0.7335503,6.8503428,0.64477015,-1.2855309,-0.53491163,-0.18289387
2.4640162,5.191394,0.4870379,6.818513,0.76026964,-1.3565943,-0.085464,-0.045786083
2.4626324,8.181635,0.3190068,6.779025,0.77687836,-1.3514755,-0.14615148,-0.10756734
2.483702,7.837044,0.49239707,6.8386602,0.77758,-1.3584477,-0.74468756,-0.0957163
1.6889362,6.7965665,0.4131744,6.8789697,0.8078902,-1.3964556,-0.56109613,0.108377516
1.8250751,6.9229302,0.28096688,6.8897843,0.82549644,-1.384759,-0.56869435,0.064739704
2.072413,5.492954,0.24499393,7.0197964,0.79458284,-1.3766516,-0.10186732,-0.024253458
1.7230388,6.927976,0.24982512,7.0003433,0.81939316,-1.4317789,0.19162273,0.027550101
2.9848614,4.2096157,0.22888517,6.9855022,0.80175495,-1.4340245,0.16975355,0.6397692
2.3313272,9.42658,0.16798413,7.0208416,0.8039315,-1.452222,-0.26658654,-0.15838021
1.6282787,8.283031,0.15116215,7.071357,0.7619262,-1.3789868,-0.12458867,-0.09588757
2.4970043,7.2447786,0.21748912,6.9646482,0.8263955,-1.3872695,-0.17072624,-0.1899077
1.6303728,6.68686,0.24877977,6.999874,0.8469472,-1.3969406,-0.23199606,0.0927791
2.844055,8.833516,0.19884312,7.003352,0.92684174,-1.4596406,-0.36900806,0.17910415
1.6519107,8.71772,0.21080017,7.0213904,0.962981,-1.5522488,-0.36326414,-0.46992382
1.4775037,3.8041918,0.28042483,6.9494452,0.9059105,-1.487321,-0.6050055,0.25168014
2.9710045,8.832653,0.28412056,6.9097095,0.9183552,-1.493083,0.009802222,0.13333988
2.8722165,7.9091206,0.3772682,6.977361,0.84531474,-1.4936075,-0.2893691,-0.020737708
1.222859,7.281694,0.5136931,6.964095,0.8210211,-1.4915103,-0.18949044,-0.32868022
1.0971029,7.150773,0.5260072,7.0651817,0.8106992,-1.4732687,-0.19844913,0.21834272
1.0416865,8.137499,0.54748225,7.0367475,0.8262429,-1.4894317,1.3582051,0.46518666
1.2010314,8.869092,0.423849,7.0159354,0.8323097,-1.4756665,0.4817214,0.4061674
1.3249049,8.792822,0.42915297,6.978448,0.86559224,-1.4500475,0.20352507,0.6571269
1.0223062,9.188656,0.390226,6.985248,0.8467407,-1.4510927,1.3541377,0.45163935
1.1032917,8.664555,0.56461525,7.0115695,0.76863766,-1.3771591,0.09122491,0.18155348
1.5530664,3.7087235,0.6357137,6.7306185,0.71728945,-1.3548042,0.13295197,0.0052536726
1.3005592,4.279087,0.65324664,6.661852,0.7393248,-1.3883836,1.0488024,0.23368531
1.8348417,4.355827,0.6282253,6.672917,0.7285719,-1.3429809,-0.04866171,-0.23748958
2.811675,6.901663,0.46629786,6.7537713,0.73824334,-1.3190651,-0.0978474,-0.4728421
2.2901018,4.8516803,0.5786915,6.747542,0.6961539,-1.3296028,-0.4476694,0.059762955
2.4928982,4.9957266,0.4970876,6.727354,0.7543273,-1.330328,0.7270905,0.30538386
1.7968259,2.7862015,0.5683408,6.753515,0.76091266,-1.4001365,2.1846867,0.7939956
1.8188186,3.7474375,0.570014,6.7640505,0.7088399,-1.327759,1.741502,0.31222904
2.2662888,5.9747114,0.5939019,6.723118,0.6814542,-1.2513216,1.514559,0.8636775
2.5611372,4.0382347,0.6758187,6.279831,1.2102857,-1.7899445,1.6450665,0.60889125
1.400886,4.32465,0.6984582,6.2648506,1.1123488,-1.7200792,2.4751964,0.6960957
1.1807754,4.773754,0.7132032,6.4221926,1.1065907,-1.7506145,2.1704848,0.62665033
1.1327525,4.234538,0.68927145,6.4266443,1.1650162,-1.741467,1.6063814,0.67019606
1.241677,4.6277165,0.8081627,6.2592916,1.072176,-1.6092069,1.2570896,0.69207406
2.7037768,4.042591,0.8195138,6.187557,1.0424745,-1.6078389,1.317847,0.6144643
1.6472294,8.126905,0.8965602,6.136554,1.042306,-1.6709006,1.5972669,0.7465155
2.581919,8.677804,0.9042027,5.9771013,1.0305943,-1.6232098,2.0928218,0.8351691
2.0979962,3.3749766,0.9749881,6.0293217,1.0347157,-1.607492,0.6153971,0.93087685
1.805362,2.4021454,0.8805957,6.301154,1.0356159,-1.619679,-0.83670944,-0.12585914
1.7411226,9.357658,0.786736,6.301174,1.0290215,-1.6486381,-0.6492479,-0.24892724
1.6265996,8.817541,0.7392428,6.290597,1.0510836,-1.7047236,-0.5411868,0.0062930584
1.7989147,6.0469685,0.72737265,6.417041,1.032332,-1.6179183,-0.7766144,0.27467644
2.904451,7.4190054,0.6749673,6.430955,1.0239937,-1.6888399,-0.49758226,-0.08898258
2.7558804,9.888943,0.72905946,6.3808107,1.0696995,-1.6991723,0.01325202,-0.2111941
2.3896198,9.594812,0.605428,6.305873,1.1027601,-1.7119352,-0.14068592,-0.026544034
2.2392025,7.774142,0.67400336,6.295402,1.1505971,-1.7359734,-0.042660832,0.4609921
1.0100181,6.436592,0.70384026,6.344969,1.1426597,-1.7301998,2.1387434,0.3532964
1.6903008,7.0198183,0.7458359,6.240885,1.1548274,-1.7521298,-0.10518736,0.27456546
2.3690555,7.0332394,0.8095243,6.2412267,1.0984082,-1.687835,0.5810839,0.6091832
2.668291,7.2352347,0.7502861,6.281996,1.1096005,-1.7058201,0.42844605,0.61170006
1.9640608,4.2297573,0.7397351,6.180727,1.0982201,-1.7076975,0.51650274,0.45055187
1.7753783,2.2164693,0.7391145,6.112168,1.0958686,-1.6631593,0.46304166,0.5395982
1.6971071,3.300521,0.75132334,6.163927,1.0929193,-1.6894829,1.1595016,0.79388356
1.5701023,2.897687,0.78734004,6.16021,1.1314585,-1.6944505,1.5370672,0.36980164
1.9635382,2.9459848,0.7954936,6.1557245,1.1410942,-1.7889467,0.4369049,0.46984076
2.094674,8.955839,0.7053673,6.223856,1.1430776,-1.77096,0.8031378,0.5587082
2.7508826,6.5721073,0.7012975,6.257295,1.1230035,-1.7066171,0.5564048,0.4134878
1.4623113,6.9430523,0.6838161,6.301513,1.1201363,-1.743001,0.0053424835,-0.44408983
1.7146513,4.3695655,0.6914892,6.4843483,1.0202117,-1.7247607,0.770192,0.39847332
1.9500268,6.3828993,0.5288055,6.5596943,1.0152528,-1.6818542,0.38870394,0.4462731
2.1706982,9.076281,0.6428335,6.4314957,1.0743098,-1.6746494,0.818249,0.6111342
2.2794971,5.3826213,0.602021,6.628063,1.0387497,-1.6480955,1.0158668,0.6626096
1.2787565,6.958201,0.49855483,6.6434364,1.0367582,-1.6363559,2.9430323,0.31421584
2.483241,7.8819575,0.4482317,6.7101774,1.0230579,-1.5952406,2.369474,0.76340616
1.8233291,3.8991055,0.5218922,6.6368113,0.99295425,-1.6051793,0.8027803,0.78566945
1.3825582,6.888843,0.5812168,6.8238893,0.9754474,-1.6388041,1.0817022,0.8409674
1.5621011,7.7033057,0.50504005,6.837799,0.9882505,-1.5977929,-0.56468225,0.34632647
1.8610936,5.950614,0.4719975,6.8377852,0.9729614,-1.586952,1.0645604,0.05261427
2.87164,7.6014543,0.3341701,6.834641,0.885607,-1.4884818,0.0013663769,0.2933488
2.9375672,6.8144803,0.38081682,6.9568977,0.8820834,-1.5513711,-0.032932103,-0.39193264
2.515437,7.259947,0.43919253,6.8012815,0.8828807,-1.5025741,-0.11960238,0.5325149
2.5017726,7.204136,0.6138673,6.777335,0.8747239,-1.4927876,2.984815,0.5824647
2.1883316,4.9063864,0.68864584,6.527048,0.8938978,-1.551192,1.7702119,0.525859
1.927843,5.7584496,0.6929014,6.458991,0.9296932,-1.5766251,1.2655106,0.6301774
2.3677423,6.957723,0.6695638,6.475441,0.97182393,-1.6043074,1.140008,0.3771597
2.4716532,4.6778517,0.69889,6.633906,0.9410188,-1.6058674,2.1176753,0.42883706
1.882278,4.2994385,0.46166635,6.797552,0.9771123,-1.5993721,0.75578666,0.77806413
1.355308,8.290745,0.46276462,6.80915,1.0385633,-1.6075358,1.0949979,0.84140706
1.697406,7.86951,0.36765695,6.8544345,1.1138024,-1.6957421,0.9767734,0.4835229
2.6180418,6.0971622,0.38524926,6.832404,1.0992,-1.6773558,-0.1000824,0.38993645
2.7190902,3.2498145,0.38336575,6.7710476,1.0967054,-1.6849092,-0.60106725,-0.11359143
1.1948256,7.49657,0.39473724,6.7771,1.073658,-1.6854415,-0.33475274,0.18802369
2.546613,5.593026,0.35733426,6.9712744,1.0693419,-1.7307575,-0.3862353,-0.31118736
1.8211656,7.3875866,0.350446,6.9318223,1.0999475,-1.7207563,0.10833919,0.2668159
2.8573472,2.6827939,0.3506658,6.811331,1.0489736,-1.6719713,0.24222004,0.22245526
2.353941,5.6847234,0.46774626,6.763523,1.0428574,-1.6636667,-0.17195308,-0.20071244
2.0045643,6.975977,0.39093804,6.893773,1.0202298,-1.6807697,-0.3359602,-0.27493036
1.7604926,3.8489375,0.3739996,6.8369923,1.0289459,-1.6587795,-0.098243,0.10803598
1.7008357,7.0870833,0.33634555,6.8521614,1.0852754,-1.689396,-0.14687741,0.46421015
1.9127303,4.3383183,0.36881328,6.8893924,1.0630007,-1.7186584,-0.08185077,0.05655974
2.6309838,5.335888,0.1449002,6.8841896,1.1359019,-1.727509,-0.5091235,-0.43541533
1.3677015,3.507433,0.25477052,7.038902,1.1631899,-1.8034084,-0.15814352,0.3004343
0.74153537,8.359906,0.3665321,7.1407385,1.2485116,-1.8313869,0.4072305,0.2960453
0.7303684,6.083996,0.34985745,6.945859,1.259409,-1.9174825,-0.2688467,-0.3757196
2.5417612,6.619616,0.26376593,7.087994,1.2739334,-1.9343821,-0.28645027,-0.2606192
2.44953,5.1067963,0.3681109,6.9436426,1.250684,-1.9326057,-0.33814323,0.4543748
2.0154448,8.729763,0.35572445,6.9307876,1.1956468,-1.8753893,0.06083727,-0.07316354
2.244221,6.625075,0.32340002,6.9328947,1.2369716,-1.8875215,-0.27685976,-0.046726942
1.7850653,6.0600343,0.38942337,6.867056,1.2147453,-1.8582734,-0.31752062,0.1332497
0.9978341,8.409921,0.3109932,6.93557,1.2702398,-1.8672131,0.07562041,0.15128899
0.8255874,8.106653,0.3008883,6.9848013,1.2654119,-1.8627682,0.7269323,0.61238813
1.4940774,5.998419,0.2173611,7.0791826,1.2597177,-1.8550011,0.32922983,0.61497235
2.589721,8.861654,0.2844193,6.956995,1.2256801,-1.8763359,0.041950345,-0.03613931
1.5557685,4.146456,0.3204708,6.7288575,1.2192137,-1.8528752,-0.010552049,0.3900615
0.9782566,9.420826,0.32613015,7.090122,1.1676202,-1.8730606,-0.025602698,0.2332142
1.3486753,3.6656694,0.27700233,7.0503902,1.2347941,-1.8827571,-0.051526487,0.2344284
1.9996885,9.160381,0.25145185,7.0911336,1.2310762,-1.8457757,-0.40189165,-0.18652526
2.0035033,8.523035,0.21373701,7.256981,1.19504,-1.840764,-0.36910206,0.2231853
2.5729263,5.202753,0.22176313,7.112951,1.2040012,-1.7885255,-0.7598035,0.24698532
1.6499147,8.189781,0.22005439,6.936327,1.1682391,-1.7980299,-0.07054794,0.16833162
2.2554014,8.507729,0.19657195,7.211881,1.1346917,-1.7995248,-0.050094783,0.2134378
1.6459882,8.899705,0.13546121,7.296153,1.1752653,-1.7768421,-0.038014352,0.33746004
1.464836,6.639851,0.13511348,7.144153,1.1755323,-1.777809,-0.41123807,0.14434797
2.037879,8.966347,0.20742297,7.1338205,1.1426511,-1.80223,-0.0789482,0.05662495
2.5036032,9.173385,0.23126793,7.0997114,1.1675079,-1.8080791,-0.054645717,0.09745425
2.7328238,2.2605948,0.36095393,6.9606905,1.2141237,-1.8514607,1.2102053,0.643579
2.7266388,8.620907,0.48400402,6.758129,1.2113109,-1.8352537,2.5136244,0.68600917
2.7791953,8.055651,0.514693,6.6592903,1.237627,-1.9017844,2.4545484,0.5596837
1.2119975,5.1940675,0.54438186,6.6859465,1.2407897,-1.8932207,2.4646704,0.81506634
0.9613793,6.1246295,0.4357649,6.6984653,1.3127537,-1.8561794,0.8339844,0.454005
0.74029905,8.317177,0.5671965,6.583844,1.3111267,-1.9054571,0.55680287,0.4998687
0.9438478,8.373915,0.58697474,6.535893,1.2420042,-1.9542484,1.5834885,0.35170853
1.1603302,7.0125723,0.57263136,6.5725937,1.3464015,-2.0510366,0.8983035,0.46244144
0.7431787,8.665327,0.66658854,6.475457,1.4596372,-2.1018066,1.350807,0.7792902
0.7965394,9.446503,0.6490233,6.46557,1.4893863,-2.072661,2.1986508,0.66973567
0.9088641,8.147537,0.6602578,6.465949,1.425297,-2.0616033,2.8830876,-0.05217004
0.91983914,8.667645,0.549773,6.4195056,1.4249785,-2.0445576,1.6861656,0.8707856
2.3261566,6.646687,0.48603535,6.621112,1.3195457,-1.9979832,0.42324877,0.27604413
1.1443596,6.7187943,0.4747553,6.60768,1.364805,-1.984134,-0.021576226,0.28582013
1.571217,6.6441984,0.4731902,6.6051598,1.3615501,-1.9917606,0.032396197,0.49772787
0.8866065,5.9083214,0.4669814,6.5725117,1.3603683,-1.9217447,0.0061434507,0.04501736
1.4032102,6.3053246,0.57306314,6.560644,1.3189015,-1.955297,-0.2414478,0.03316331
1.2445967,8.056199,0.45435286,6.801921,1.3193617,-1.9509292,-0.6087405,-0.20535213
1.5606481,3.1025877,0.47257638,6.6968994,1.3101363,-1.9582001,-0.5345459,-0.13913798
1.2707554,4.933426,0.4559028,6.6007223,1.3140182,-1.9167815,-0.01834166,-0.022805989
1.5943173,8.976588,0.46331406,6.6760144,1.3322334,-1.9589254,-0.55066764,-0.39009163
1.1977129,4.755312,0.46414304,6.6014004,1.282407,-1.8291347,0.48150826,-0.37782553
1.9797237,7.4526744,0.5563183,6.5962305,1.2599432,-1.8752588,-0.80153453,-0.36225125
1.700267,8.930332,0.47175515,6.5191584,1.2673237,-1.8071778,-0.7643651,-0.20830044
2.9863327,9.851306,0.4565482,6.4927416,1.229078,-1.8054737,-0.42777395,-0.04835701
2.927728,9.508171,0.35931396,6.6023855,1.2452183,-1.8518884,-0.24950016,-0.08832413
2.9011211,8.510028,0.48569036,6.6763296,1.2394667,-1.8752766,-0.4873011,-0.097269356
1.7602282,3.765984,0.35090244,6.68079,1.2167683,-1.8388158,0.21432924,0.51117194
2.4838428,9.850815,0.4333738,6.679726,1.2185066,-1.8522698,0.11351657,0.48061115
1.3138623,9.80451,0.4514773,6.654617,1.2220206,-1.7962034,-0.6761808,0.31006163
1.4075274,4.4138727,0.41556466,6.6182733,1.2211621,-1.7466019,-0.053203225,-0.09280908
1.8319921,3.318674,0.39585125,6.5735526,1.2372293,-1.7425847,-0.6329689,0.015201032
2.097825,5.1836033,0.42601287,6.72545,1.1734002,-1.732872,-0.93140256,-0.10675603
1.5840373,7.5754375,0.33945978,6.6838927,1.2158015,-1.7616132,0.3551978,-0.17534074
1.1830273,8.106398,0.5973785,6.206332,1.2186663,-1.8236113,-0.5348997,-0.020139575
1.6112916,5.850549,0.62417555,6.414455,1.2010443,-1.8238236,1.1635551,0.38474864
2.061735,7.732994,0.636384,6.442613,1.1937969,-1.8317182,1.1539354,0.6128855
2.1765208,5.6794915,0.60973144,6.331198,1.21683,-1.8311449,1.3574774,0.5766368
1.9738505,6.651574,0.5732653,6.4464426,1.2343891,-1.8166825,0.27709508,0.3617897
1.666136,5.3349066,0.57420635,6.581654,1.1650512,-1.7460649,-0.62098455,0.39812392
1.9748539,4.202027,0.587415,6.4114323,1.1530621,-1.7561482,0.9614271,0.07190752
2.0288749,4.1702967,0.59738827,6.394514,1.2362726,-1.7959607,0.4558326,0.5492284
2.8698063,9.509596,0.56657887,6.536733,1.2073264,-1.8602438,0.6648437,0.4843784
2.8794446,3.3974652,0.66588044,6.2767334,1.2595892,-1.8709136,2.7152553,0.6682228
0.7197742,4.256772,0.6793895,6.234858,1.266237,-1.8611313,2.441932,0.18355107
0.8302554,8.85492,0.6149912,6.598222,1.1890624,-1.9049535,1.0119586,0.27802575
2.5950942,4.2639294,0.5218806,6.492418,1.3487885,-1.8987217,-0.025234938,0.81704104
1.2901287,4.433341,0.64884686,6.524108,1.1595743,-1.7968216,-0.56982785,-0.25578955
1.4104794,7.8821,0.6434449,6.340072,1.1615455,-1.8035711,-0.6214595,-0.4385964
1.1138215,7.221945,0.59272385,6.546839,1.1509573,-1.7844777,-0.08438301,-0.44893238
1.3461102,6.9793935,0.59693897,6.272805,1.1987956,-1.8174332,-0.13087845,-0.38768023
2.0982745,4.5074754,0.6631403,6.1998878,1.1990688,-1.8278543,-0.15271807,-0.39548877
1.895496,8.102287,0.67663133,6.273976,1.2035472,-1.8391865,-0.22081947,-0.31843778
2.3133798,8.321978,0.7629162,6.1321516,1.275305,-1.8195837,-0.6514254,0.18560708
2.7607107,2.5975177,0.69012856,6.216417,1.2730532,-1.8502183,2.646188,0.20765156
2.051724,2.153541,0.7098049,6.1405916,1.3909218,-1.9609411,2.0619564,0.678375
1.2567174,6.9617434,0.70229125,6.140782,1.3972201,-2.0183754,2.6199248,0.6008512
1.094367,6.9254465,0.7274265,6.165544,1.4222586,-2.0917535,1.8123786,0.70839965
2.6435878,4.1495605,0.8151436,5.7693176,1.4345987,-2.0800061,1.8383203,0.6965008
2.513238,2.7793264,0.8635249,5.788213,1.5086691,-2.119556,1.5683334,0.7075181
2.911901,9.476105,0.90888286,5.8074427,1.4470146,-2.1078944,1.3642492,0.70271134
0.52638704,3.0355384,0.83065915,5.9827876,1.4483609,-2.0501878,0.80934215,0.35536486
1.811305,2.2947793,0.82203865,5.9489975,1.4355006,-2.0620184,1.4145479,0.82623553
1.742069,3.0175178,0.8686502,5.953159,1.4773624,-2.1149573,1.9506469,0.46795416
1.0855886,4.680922,0.8580581,6.011319,1.4453945,-2.1047883,0.32930946,0.22224832
0.7334618,7.0400887,0.7038797,6.3311143,1.4297302,-2.092321,-0.08836937,-0.01945293
2.0069542,6.6873665,0.682976,6.2681427,1.427146,-2.060619,0.13413405,-0.17821294
1.4202422,7.799757,0.65858674,6.2211018,1.3871858,-2.0029643,-0.06824052,0.3208965
1.6269758,8.05722,0.6367037,6.287986,1.3913419,-2.0303419,0.7544348,0.4345883
2.0986514,5.0419874,0.67542815,6.266605,1.3817096,-2.0075574,1.0942135,0.5753846
2.7431483,5.640299,0.62665343,6.1420727,1.3822827,-2.0024512,0.38622844,0.32227814
2.1409388,5.6456776,0.6528276,6.0603666,1.4460382,-2.0423417,-0.15356839,0.15011966
2.8123271,7.1941423,0.6017375,6.155535,1.4497135,-2.0960746,0.09625971,0.3385694
2.692675,5.896486,0.6572604,5.859124,1.5103507,-2.100816,-0.10003102,0.06339705
2.9100807,3.100428,0.6732199,5.835313,1.5064034,-2.1127062,0.3088956,0.25169563
2.8008878,5.8939137,0.7656535,5.750349,1.4886601,-2.0700321,0.22356224,0.31512153
1.5658028,3.4242277,0.8310101,5.933152,1.3882704,-2.028115,0.42320943,0.33485115
1.2766057,3.125226,0.7534609,5.9707813,1.4183817,-2.0570316,0.17915273,0.39972222
2.7726836,3.6762974,0.7653148,5.9158688,1.4655356,-2.087337,0.18278313,-0.3251496
1.6471575,4.581285,0.7870288,5.931259,1.4597051,-2.132722,0.018273711,-0.40390983
0.73979545,6.1495667,0.78231,6.007228,1.482888,-2.1170921,-0.087237895,-0.4168198
1.3375306,8.976982,0.73028827,6.1217184,1.4765303,-2.1076183,-0.20409507,0.13881558
2.340619,6.5838304,0.6587341,6.220219,1.5013812,-2.155644,-0.15435171,-0.3450265
1.5930647,9.416903,0.6399634,6.1922,1.489847,-2.11165,-0.16940379,0.07268202
1.2292098,4.097081,0.6758174,6.199071,1.4785502,-2.1049557,-0.34201634,0.1594044
1.4632075,9.47036,0.7054696,6.116832,1.4906325,-2.1223443,2.4524121,0.6485722
2.603294,2.6710017,0.70559347,6.1122313,1.5043266,-2.1408625,0.3379686,0.7685063
2.2437482,9.370429,0.6773093,6.0046287,1.5055633,-2.1440907,1.2169287,0.5731487
2.325451,9.366713,0.77928495,5.9775653,1.4952269,-2.1659217,1.9085417,0.6554923
0.8669978,8.34456,0.7781892,5.919138,1.5056651,-2.0906029,1.3821576,0.8643563
1.058422,8.369929,0.8191031,6.038108,1.4405739,-2.0838377,1.3310268,0.70030975
1.179047,3.885178,0.81162834,5.983611,1.4469717,-2.078326,1.4776285,0.73605096
1.1406024,3.0357714,0.8203094,5.9139023,1.4374075,-2.0952342,1.1664145,0.5418867
1.0498042,8.803244,0.79691696,5.8912306,1.4276452,-2.0985699,1.1986728,0.5422244
2.514104,7.7515717,0.73513055,5.769695,1.524024,-2.10903,0.8639903,0.49742645
2.0724669,3.8667014,0.94179845,5.808567,1.5657251,-2.2161684,0.9579432,0.53177595
1.233515,2.8832533,0.83768964,5.754965,1.5659232,-2.2063458,0.6090286,0.40258747
1.1009452,2.7318335,0.93893766,5.6331944,1.5295243,-2.207032,0.19674861,0.59292793
2.174773,8.1747,0.87565756,5.6377206,1.507633,-2.1315336,0.014952421,0.0073221326
2.304541,4.998497,0.8956727,5.603509,1.5017571,-2.1236043,-0.18911946,0.0053605437
1.6670696,8.603228,0.9455869,5.599717,1.4834704,-2.0860028,-0.26267445,-0.052526593
2.955742,3.2200332,0.8798113,5.69156,1.5145512,-2.1300182,0.279253,-0.22214293
2.249178,8.845457,0.8454038,5.516447,1.5120218,-2.1105042,-0.33851832,-0.10081476
1.9451201,8.825121,0.84006405,5.6909876,1.4903798,-2.0356343,0.93406796,0.28534865
2.5967982,3.4405348,0.9148607,5.669952,1.4566121,-2.1425056,0.36966574,0.5631435
2.5590727,5.567827,0.9652592,5.5516753,1.4965131,-2.1559887,0.97258985,0.31544107
0.78309274,2.922783,0.98493123,5.5425725,1.5676169,-2.2037077,0.09485066,0.31043136
0.51093465,3.4006104,0.9243188,5.6641874,1.5719433,-2.1821063,0.6773603,0.15134573
2.9207313,2.2348247,0.8776138,5.5338745,1.5206807,-2.1074126,0.842821,0.62130535
2.9097168,4.0731378,0.81546545,5.749981,1.5263855,-2.1566522,0.679592,0.22634828
2.881044,5.5607767,0.70597184,5.7230496,1.6172111,-2.2550654,0.033415675,0.27537566
2.9091065,6.0907288,0.88775945,5.74422,1.5632377,-2.2540317,-0.087053776,-0.29332083
1.64449,5.6047196,0.8112781,5.7486467,1.6052413,-2.2765565,-0.21679091,-0.34745705
1.8364561,7.8039913,0.7656199,5.8459096,1.626256,-2.2122226,-0.2221613,-0.46087828
2.5367165,7.4106126,-0.5793598,7.888541,0.1948986,-0.84798074,0.4111365,0.5180708
2.145297,7.281299,-0.695866,7.945459,0.20183563,-0.83593273,0.18054652,0.500432
2.148416,7.60983,-0.70488954,7.978327,0.19782329,-0.7945478,0.117803335,0.5063411
1.911321,7.924639,-0.57457364,8.042088,0.19740629,-0.76693225,2.5760574,0.5158789
1.8036289,7.723379,-0.6557112,8.115425,0.14504313,-0.76733303,2.7629597,0.6856756
1.9049413,6.833476,-0.96037626,8.352728,0.07145405,-0.70106506,2.2794068,0.70332015
2.9204018,6.7776637,-0.9012049,8.245798,0.08995652,-0.7291441,2.0536153,0.6362777
2.280625,3.6989484,-0.8187157,7.776158,0.08283377,-0.67638683,1.0148966,0.55446887
1.8707798,4.5473747,-0.82325166,7.8312364,0.07632995,-0.6819787,2.5433536,0.61230123
2.7753918,3.7484813,-0.7800051,7.880144,-0.029442787,-0.6355171,2.967341,0.54465437
2.6923308,3.0039563,-0.77459455,7.9323597,0.023450375,-0.6577368,1.2144613,0.6379843
2.041779,3.6057925,-0.46691287,7.94293,-0.07465911,-0.61333203,0.49567664,0.4915415
2.1177187,8.411396,-0.31355232,8.24861,-0.05457759,-0.58436584,0.15296054,0.69528985
2.051808,9.158478,-0.46208256,8.328209,-0.031440258,-0.59282494,0.82043254,0.9775357
2.68461,8.259775,-0.9377228,8.201158,-0.038591027,-0.6534798,2.1762922,0.70727456
2.885527,7.422833,-0.7893908,7.836556,0.07722926,-0.65322495,2.2576106,0.7347518
2.587011,5.6321015,-0.74654216,7.909155,-0.0068502426,-0.6500821,2.568537,0.71312237
2.6186612,4.706892,-0.7917762,8.013003,0.06842899,-0.62965465,2.7535555,0.7570183
2.0707672,6.51377,-0.64977944,7.999314,0.037411213,-0.68344784,1.4954739,0.60427356
2.3130069,5.512858,-0.5956968,8.035763,0.053253412,-0.6807971,2.550643,0.7373463
2.3604476,4.955782,-0.6707102,7.875295,0.10857439,-0.6557994,0.08132863,0.63896954
2.7480454,7.310164,-0.78074896,7.8833294,0.051528454,-0.6587739,0.5901655,0.6071961
2.2329335,6.240393,-0.40933776,7.781194,0.069909096,-0.73817754,2.7056959,0.5349139
2.8745573,5.662636,-0.39825946,7.7872057,-0.031187057,-0.63454294,2.0903025,0.5421643
2.8050535,7.072343,-0.15061188,7.7352576,-0.011758447,-0.58101964,1.901489,0.67935884
2.3909497,2.7150831,-0.2771842,7.7992463,-0.024871945,-0.59995127,0.81280005,0.5007503
2.6675508,7.713938,-0.9444769,8.02578,0.028495073,-0.5698323,0.8887315,0.6613114
2.7735522,5.980014,-0.9585894,7.962616,-0.018073678,-0.5690594,0.41049242,0.581745
2.6942773,4.061557,-0.9644761,8.173863,-0.021120429,-0.5609596,-0.43132728,-0.3670711
1.8713667,3.2629585,-0.9718887,7.902604,0.032034397,-0.5683842,-0.52544403,0.27739918
2.1178842,4.0767307,-0.9580522,7.95719,-0.015913606,-0.6002326,-0.1833691,-0.48463884
2.6523387,4.4356494,-0.7577228,7.9804764,-0.018339634,-0.61457586,-0.58233845,-0.39855316
2.8165803,4.463149,-0.5173013,7.996102,-0.02255094,-0.6125443,-0.5924656,-0.43410075
2.8931477,4.784526,-0.3813879,7.8598123,0.009390116,-0.61127734,-0.9500207,-0.008962274
2.7385266,5.3408422,-0.26997674,7.8124566,0.0099105835,-0.6233518,-0.70037514,-0.2219705
2.9192019,5.2137427,-0.22650516,7.6016827,0.040382862,-0.61867523,2.8798342,0.21408474
2.7853212,5.6948113,-0.22893584,7.755164,-0.009711504,-0.5407257,-0.84479445,-0.29388592
2.7402363,3.3901057,-0.18325794,7.6385226,0.030559301,-0.6050718,-0.846029,0.11594063
1.9029081,3.5944445,-0.36702132,7.773896,0.049365044,-0.60758495,-0.44116777,-0.43483752
2.4413161,3.2558036,-0.593212,7.790154,0.03105092,-0.59873533,-0.62848794,-0.24716374
1.9787188,3.4195395,-0.4598583,7.726393,0.046849728,-0.5984411,-0.49031776,0.41978228
2.8903663,3.7746305,-0.632607,7.867657,0.07322574,-0.6650963,-0.8009623,0.2562669
2.8337162,7.4751587,-0.3424052,7.7392387,0.07703638,-0.650085,-0.58943427,-0.39726764
2.687193,5.07245,-0.7275201,7.8473587,0.10794258,-0.6574514,-0.72030556,-0.22927073
2.4470925,6.144162,-0.61757046,7.7509813,0.12825775,-0.6905682,-0.869926,-0.34709257
2.87955,4.165888,-0.6249302,7.775887,0.2016635,-0.7514396,-0.34118408,-0.2077967
2.4711695,6.6090555,-0.7275198,7.8308573,0.123461485,-0.67501545,-0.30005246,0.045669198
2.6771123,7.38991,-0.40108937,7.7803197,0.07684636,-0.664237,-0.4405502,-0.29988456
2.845106,7.040258,-0.14756304,7.6853657,0.0751555,-0.63046837,-0.7497574,-0.105302125
2.5402877,7.2030983,-0.6531031,7.778312,0.16352868,-0.7039466,-0.08401489,-0.08841941
2.430418,7.5917025,-0.42695343,7.813631,0.18216515,-0.72289276,0.73022246,0.27588922
2.1028085,6.5298038,-0.37813282,7.847526,0.15464139,-0.68848085,-0.89337474,-0.05668688
2.1474557,6.704247,-0.4915554,7.821936,0.15867329,-0.7698424,-0.5884064,0.142228
2.1792297,7.1396494,-0.5734217,8.058659,0.17535281,-0.85579515,-0.39816332,0.30880678
2.4134746,5.942135,-0.7415255,8.00764,0.30791044,-0.8782749,-0.80181617,-0.33636096
2.2871292,6.261761,-0.6796229,8.024757,0.26822686,-0.8297496,-0.5312842,0.16923505
2.5456834,8.704094,-0.65042436,8.042988,0.26690197,-0.8390975,-0.70391756,0.61763847
2.2368371,5.882579,-0.7343974,7.9165964,0.31057835,-0.90679646,2.1438315,0.68226516
2.1383958,8.546249,-0.8177162,8.027185,0.33683324,-0.88339806,2.0457816,0.69229794
2.0374126,9.096059,-0.6034734,8.018696,0.23383284,-0.9079647,2.4224794,0.6331277
2.0188866,8.466272,-0.54488945,8.02993,0.16604972,-0.8420532,2.5162172,0.6834297
1.9919603,8.593729,-0.3990413,7.9279704,0.11771536,-0.74446774,2.1156108,0.62844586
2.1460857,7.614742,-0.3817814,7.9435544,0.105326176,-0.7194383,1.0544465,0.751948
2.6034894,6.3565044,-0.32057214,7.8452396,0.098893404,-0.7143111,1.9858732,0.6882198
2.2289104,9.09848,-0.4574579,7.8457537,0.15839696,-0.70343184,1.6015489,0.5498407
2.6181855,6.434057,-0.35341024,7.6532073,0.13082671,-0.6894784,-0.10533732,0.5663047
2.653661,7.241786,-0.5615554,7.749863,0.1689372,-0.7998657,2.7619004,0.6118487
2.337738,4.160637,-0.21514678,7.5964255,0.17234111,-0.7840624,2.316396,0.55862975
1.8542807,5.136315,-0.0617581,7.546864,0.22822762,-0.7936797,0.39379895,0.42167127
1.9305863,7.006265,0.07496476,7.5119095,0.23513675,-0.8325281,0.49980187,0.69417214
2.8154845,5.2062654,-0.22060496,7.6046367,0.23079324,-0.8397579,2.6587362,0.68267226
1.9390172,5.9299297,-0.10146546,7.7692533,0.17048573,-0.7846496,-0.24366891,0.533803
1.9564297,7.1143303,-0.08939099,7.714014,0.20295501,-0.7757559,2.601036,0.5958848
1.8644102,6.572007,-0.08801806,7.709512,0.16504645,-0.77378845,-0.031761765,0.38444644
2.4510245,6.91445,-0.08072424,7.5972347,0.102779865,-0.7365551,0.21121216,0.19535339
1.9881485,6.2605205,-0.026478827,7.563013,0.1042583,-0.74727106,2.7729783,0.77344215
2.9944296,5.3407745,-0.010490179,7.5551987,0.115171194,-0.7457752,2.6796305,0.63342047
2.9999785,8.510212,-0.28100735,7.6825128,0.12984371,-0.7405946,2.6575065,0.7444246
2.779152,3.9694326,-0.45356095,7.8732905,0.13850093,-0.78672385,0.42844415,0.65118945
2.8190048,6.377395,-0.6168864,7.944258,0.17930722,-0.7918477,-0.08453441,0.6025394
2.8502393,8.05921,-0.50360096,7.9294853,0.11758399,-0.7477591,2.9587047,0.5975845
2.944344,6.1629868,-0.98845243,8.11977,0.17887902,-0.7350631,-0.7839633,0.57170105
2.9167457,8.035017,-0.8950788,8.129065,0.18302727,-0.7586012,0.7577386,0.90745926
1.7656901,8.388226,-0.9034907,8.035547,0.17845178,-0.74058795,0.9519844,0.6952133
1.6080356,4.818182,-0.70348454,8.173679,0.20817447,-0.7567892,0.75138795,0.63039684
1.6492975,5.1652656,-0.9242533,8.095518,0.17169762,-0.7804713,1.1335211,0.7427492
1.9232078,7.3201203,-0.9566123,8.15753,0.1725545,-0.7876506,1.7101481,0.49400175
1.9643793,7.489558,-0.9148879,8.154139,0.15172935,-0.72744894,0.45707715,0.7528393
1.690203,7.755274,-0.71490777,8.3525505,0.12680793,-0.7775934,0.5561793,0.31758296
1.4892688,5.951171,-0.7629396,8.3766775,0.10629535,-0.6958368,0.96406543,0.70273495
1.2327206,5.9273953,-0.7805347,8.405002,0.09262824,-0.6791935,2.443034,0.7973387
1.4883952,5.936075,-0.7513377,8.100399,0.13788557,-0.7141564,1.0895889,0.6550597
1.4957198,6.6904283,-0.46116585,8.048707,0.1691122,-0.7619612,0.18387079,0.13557458
1.7530576,7.1799016,-0.4042207,8.236126,0.07999778,-0.7383008,-0.09958553,0.37378645
1.6536257,4.862638,-0.65298206,8.037427,0.04425001,-0.71800613,0.5484141,0.30728376
1.852892,6.284764,-0.60233974,8.02766,0.06919789,-0.6838882,0.6229409,0.78221095
2.194633,8.15604,-0.50184494,7.854628,0.088959455,-0.6654613,2.0897875,0.8056774
2.7453747,6.317685,-0.26026696,7.790787,0.090327024,-0.71880007,0.3463471,0.78927803
2.7997084,7.123748,-0.07459164,7.5788474,0.11103892,-0.70329905,1.4778502,0.52580154
1.7482079,3.6280313,-0.027136087,7.69167,0.04217577,-0.63562846,2.7196043,0.87034047
1.5283012,4.145534,-0.04643035,7.82419,0.051411152,-0.6324532,2.2374706,0.8262875
1.5876594,4.418665,-0.116545975,7.8505535,0.14561749,-0.72102594,0.38113177,0.82900584
2.31572,8.121186,-0.1392206,7.6198378,0.13785028,-0.7562585,0.6592816,0.15168297
2.300982,6.8202066,-0.20892894,7.852062,0.16076231,-0.7572863,0.93710005,0.8932648
2.5987911,8.086499,-0.65886474,7.9289484,0.16474295,-0.7990341,0.5668957,0.59106493
2.549254,8.945902,-0.34193486,7.7688174,0.13852286,-0.73799324,1.796305,0.59452355
2.550961,8.245152,-0.34102082,7.761145,0.10862613,-0.70592046,0.6252934,0.56844294
2.9085083,4.445579,-0.29904127,7.6797953,0.013076782,-0.6809428,0.7311572,0.5146557
2.9470284,6.599298,-0.29710847,7.6635714,0.12106252,-0.67471886,0.2838781,0.659914
2.9781914,5.942766,-0.29140222,7.6373725,0.05751443,-0.66576767,1.3172739,0.6848273
2.9113586,7.3232055,-0.5082848,7.6794357,0.057668924,-0.59577394,2.923151,0.71447206
2.8175657,6.8390355,-0.49743974,7.6335893,0.06806731,-0.69119143,2.7720962,0.5393677
2.8346722,3.6591473,-0.26090991,7.644155,0.10765481,-0.70284986,2.573688,0.7529192
2.6904488,6.0073924,-0.40855014,7.68839,0.033326626,-0.6338575,1.2342963,0.70453787
2.6807728,5.0616846,-0.42044485,7.6059012,-0.026025057,-0.6314664,1.0188379,0.4355204
2.8732295,7.170201,-0.65548223,7.6155486,0.12966156,-0.6289182,0.15484309,0.66490304
2.7998865,4.152855,-0.65180176,7.678716,0.1342256,-0.731092,0.49232197,0.6439383
2.8127375,6.463139,-0.59855837,7.5384293,0.19375348,-0.7002406,0.0103622675,0.18944305
2.5030673,4.0180283,-0.24739325,7.6064725,0.15266776,-0.71266246,-0.21508837,0.67377424
2.302082,6.3840823,-0.14083767,7.5674033,0.17568922,-0.75733566,2.538205,0.6304544
2.9237437,6.1222005,-0.012688398,7.5039034,0.16356587,-0.78694415,0.8134724,0.3887018
2.669588,6.1583657,0.046325684,7.481308,0.20471859,-0.8139434,0.007514,-0.19689262
2.312823,7.0565968,-0.16444373,7.6268005,0.19689369,-0.82696795,-0.14127094,0.10959858
2.6942308,4.6926994,-0.23824549,7.706526,0.1327939,-0.8297982,-0.17460573,-0.17359507
2.950139,8.718195,-0.0375849,7.5767984,0.15275335,-0.8046386,-0.11085671,-0.07909942
2.7141285,5.5825753,-0.012537062,7.594439,0.1501143,-0.83730006,-0.25776547,-0.36448517
2.1036782,5.834587,0.116820216,7.6053743,0.20338082,-0.90919423,-0.32276374,-0.3970986
1.5104666,5.4766808,-0.14160478,7.7586155,0.276726,-0.9010503,0.015822172,0.48699963
1.5686741,8.956304,-0.19162816,7.887725,0.3037429,-0.9047358,2.7073123,0.8355801
1.8215423,7.328641,-0.1826868,7.860855,0.25697947,-0.87735295,2.6881473,0.6997831
1.677386,8.585569,-0.5010511,7.9123154,0.28348112,-0.91283894,1.6574621,0.77091026
1.3832728,8.599979,-0.41955918,8.203134,0.24775457,-0.9485874,1.1436808,0.6107129
1.3040729,7.4568057,-0.6557001,8.279193,0.24893689,-0.86628246,0.9898584,0.5926064
1.0869216,7.3216,-0.4606501,8.517099,0.22951508,-0.8926873,1.5941045,0.68493116
1.2684228,6.9467726,-0.38374573,8.22714,0.26280022,-0.88400316,0.57823396,0.7179903
1.3955339,6.032153,-0.42074025,8.034851,0.25936937,-0.8523927,1.3614523,0.70500946
1.2621014,5.5065627,-0.34539503,8.220846,0.23253131,-0.87156796,0.59845567,0.8022269
1.2055544,6.0405755,-0.33319652,8.173981,0.29585075,-0.8948376,1.8867197,0.82742345
1.2058362,8.097943,-0.3380196,8.229232,0.3140564,-0.9107561,0.18823957,0.69661903
1.3457756,7.0907145,-0.43833816,8.183376,0.28851295,-0.8941548,0.5655296,0.84437704
1.1804041,7.29012,-0.4892637,8.27342,0.305449,-0.86579967,1.5896268,0.6709063
1.0799725,6.7136517,-0.5987232,8.356103,0.30115366,-0.9064739,1.7779772,0.68797326
1.1327776,8.691233,-0.5866946,8.402766,0.263736,-0.87633514,0.8476927,0.6607344
1.184052,7.774062,-0.41018355,8.268854,0.24313712,-0.84076786,1.4374108,0.6198695
1.3924121,5.254944,-0.5485677,8.219003,0.18735218,-0.84522986,-0.36139357,0.39251637
2.1254492,6.899717,-0.5532197,8.1649475,0.18332195,-0.8200531,-0.3111412,0.5202726
2.5146806,7.3703647,-0.8364971,8.301111,0.21126604,-0.8434379,-0.37882328,-0.28101018
2.5326688,7.3434258,-0.8370091,8.275259,0.19428873,-0.8513601,-0.32410634,-0.031700134
2.8299649,8.120308,-0.8804146,8.253907,0.20916605,-0.7882252,-0.42019737,0.27517998
2.8424366,7.8673925,-0.87374794,8.077726,0.23742747,-0.85079503,0.18990505,0.48541808
2.6585526,8.392196,-0.5294559,8.056875,0.23268938,-0.8849983,0.07463527,0.5124595
2.0395486,8.597478,-0.49444485,7.9494653,0.24222565,-0.8259678,-0.14003056,0.5753522
2.2293968,8.399384,-0.24285841,7.8364096,0.23165536,-0.82884884,2.3826318,0.633234
2.9926364,5.508765,-0.053239763,7.594063,0.19496274,-0.8277285,2.0760815,0.71560276
2.9573898,8.159843,0.060300827,7.528527,0.17901635,-0.77054644,1.333123,0.7237427
2.9566526,8.963491,-0.02362001,7.572339,0.16087604,-0.7913785,1.8763447,0.6549376
2.4890227,9.448803,0.26659274,7.570047,0.11836171,-0.7956245,1.7855065,0.96963155
2.666874,4.2364445,0.034072757,7.5708475,0.093224525,-0.72078085,1.4445603,0.91285324
2.5824594,7.6252623,-0.3838178,7.677512,0.0537858,-0.684937,1.0479228,0.77807903
2.7760763,4.847007,0.009972811,7.665234,0.03258872,-0.6271429,1.8092885,0.7328638
1.852693,4.996855,-0.070442796,7.713513,0.015321732,-0.64387846,1.777652,0.8048123
2.129704,2.751862,-0.043997943,7.641654,0.031427145,-0.6424303,1.2763448,0.8253658
2.565113,3.218618,-0.22770572,7.680395,0.018535376,-0.6368718,1.476881,0.8001784
2.5378227,3.0062208,-0.34034204,7.763358,0.031901836,-0.6386628,0.88214576,0.6944727
2.8423965,6.6905622,0.0247643,7.7295713,-0.024188995,-0.57681346,1.0638328,0.58188176
2.866041,5.55188,-0.055162072,7.494011,0.010224581,-0.59711933,0.61894,0.6518285
1.9899349,2.1192343,-0.3485245,7.585403,-0.0054335594,-0.54707575,0.7275351,0.93792427
2.2996635,2.7288604,-0.17464244,7.646014,-0.027722955,-0.54561806,0.24403787,0.94110894
2.338715,6.594012,-0.097145796,7.704482,-0.005390644,-0.56702566,2.0867708,0.9546552
2.681281,7.1171374,0.00069892406,7.7351108,0.0022358894,-0.6248641,2.066179,0.93172574
1.7811345,3.8900032,0.046995163,7.6778393,0.01702857,-0.5919733,2.5893712,0.98120356
2.2352245,3.4302056,0.009567261,7.64051,0.04424143,-0.63696885,1.1892064,0.98199594
1.5598036,3.6919289,-0.39665842,7.7109137,0.16077018,-0.6634338,0.76842225,0.92701554
1.7738116,7.2932086,-0.43968225,7.868516,0.10298848,-0.68947315,1.2301226,0.9324596
1.696781,5.543313,-0.43105173,7.9336653,0.14853215,-0.7100282,0.23283052,0.7299683
1.5627187,5.032725,-0.102370024,7.9348946,0.06583071,-0.7061496,2.1015368,0.6070926
1.1871388,5.304611,-0.15170968,8.046299,0.052710533,-0.6413379,2.5165648,0.58564115
1.2990655,5.212865,-0.29055405,8.121502,0.008527279,-0.64182854,0.94925547,0.48370397
1.2339079,4.5062075,-0.2530017,8.078579,0.042214155,-0.6661067,2.5365107,0.6744834
1.3034953,4.5033073,-0.05108756,7.987826,-0.007838368,-0.6322839,-0.1285069,0.70796347
1.8210223,3.4591327,-0.24951172,7.8780327,0.002974987,-0.5899153,2.3806071,0.88978434
2.047835,3.626746,-0.592255,7.761328,-0.017144322,-0.5598283,1.3359673,0.89371896
2.5779324,3.162318,-0.65744936,7.85443,-0.01922071,-0.60264254,2.4466584,0.71136665
2.6378667,3.514709,-0.84735227,7.8030624,-0.010043979,-0.53491354,2.9042854,0.6915873
2.3611143,3.2459545,-0.64733267,7.800214,0.04940486,-0.60060096,2.9616005,0.772027
2.5083215,6.1868362,-0.9987725,8.131126,0.009537458,-0.6584811,1.3588419,0.76251173
1.9808981,7.719639,-0.9997944,8.135577,0.095256805,-0.6673374,1.990073,0.8295423
2.1103716,4.59589,-0.35757113,7.8465614,0.0846324,-0.7090881,2.1886861,0.5893675
1.4746959,7.268821,-0.4852336,8.1159115,0.066070795,-0.68265414,1.9314146,0.5675225
1.9270121,6.6750574,-0.7541212,8.24591,0.07190871,-0.7007792,2.1853645,0.5966402
2.7401757,5.679384,-0.8455683,7.9685097,0.057591677,-0.7010348,0.66431653,0.3468755
2.9033027,9.933111,-0.984618,7.9349513,0.06080365,-0.6949897,2.6746566,0.3928429
2.7769299,6.0565577,-0.74684,7.9082813,0.103443384,-0.75629354,2.8140507,0.6026679
2.4587302,9.3052635,-0.78382826,7.966876,0.14744711,-0.6714659,-0.32089967,0.72745943
2.7775486,8.19277,-0.83780533,7.906438,0.15018845,-0.70540905,2.2500114,0.82689416
2.9029522,8.0347,-0.882413,7.881448,0.17763138,-0.6599777,1.4130108,0.7530848
2.8232765,8.452612,-0.7913788,7.7013087,0.15987945,-0.69399333,1.741859,0.7820598
2.557851,5.5774093,-0.8086323,7.8749647,0.20573568,-0.6877067,0.22083008,0.8160268
1.9970957,7.5633307,-0.80343735,7.7953043,0.23953772,-0.7162576,2.3768728,0.56688833
1.3108826,6.8951373,-0.2446186,7.951253,0.21130824,-0.8283086,0.4551468,0.5603471
2.3394856,3.7471476,-0.25250238,7.592246,0.39852405,-0.9987612,-0.16672748,0.2344734
2.0228908,7.9202046,-0.1905495,7.6649284,0.3905325,-0.9918201,0.11771321,0.35211003
2.6332579,7.294158,-0.31851107,7.8503,0.3525951,-1.0089078,-0.2806006,0.42489147
1.2431347,5.063502,-0.19213402,7.843831,0.3403802,-1.0009443,-0.19690716,-0.28095126
1.2116388,6.059276,-0.18589866,7.947407,0.39678383,-1.0630016,0.027893424,0.065659046
1.425944,6.765093,-0.31491274,7.983327,0.37982416,-1.0612533,0.0401659,0.19455826
1.2451622,7.759403,-0.30919164,7.971153,0.32060337,-0.94463253,-0.116506696,-0.09319061
1.6532776,4.1897697,-0.23502666,7.8673363,0.29683542,-0.91322374,-0.6460077,0.26396108
1.507912,6.004096,-0.34202015,7.855487,0.37017202,-0.9473469,-0.5788877,-0.07688448
1.33114,3.4492671,-0.2910853,7.8517966,0.39259744,-0.965271,-0.5016262,-0.16425353
1.6704638,3.270132,-0.6473577,7.732046,0.3994801,-0.9760678,-0.33580375,-0.28126258
2.248802,6.8035903,-0.56210047,7.8603196,0.33494902,-0.9795978,-0.4677654,-0.31257212
1.9396756,6.790048,-0.53594774,7.994028,0.34480524,-0.9460435,-0.43759614,-0.09865785
1.7099843,8.459286,-0.4600647,7.9665837,0.29090476,-0.8847761,-0.8901807,-0.077121615
1.8022954,7.037426,-0.46710688,7.9159827,0.29803205,-0.86249256,-0.8148549,0.027616203
1.9834397,5.3020077,-0.8352346,7.7084966,0.25241637,-0.7581153,-0.8544055,0.17137259
2.8106713,6.165165,0.01702869,7.6007943,0.26297355,-0.8856313,-0.914321,0.5038806
2.5875256,6.988503,0.009247065,7.5010624,0.3444116,-0.9094641,-0.8357401,0.39073467
2.3939917,3.7363124,0.052362442,7.515235,0.3433795,-0.92883444,0.70410657,0.6967869
2.4686112,9.740652,0.004701376,7.370152,0.38253975,-0.9114814,1.3548372,0.49378622
2.1118858,3.899981,0.06522918,7.23989,0.36332512,-0.98063374,0.45312095,0.5638324
2.9073734,8.559441,0.39082348,7.13352,0.36298418,-0.9948697,2.5056622,0.64700747
2.7181013,9.086954,0.25910997,7.194276,0.39892578,-0.9805033,0.6042192,0.625067
1.4887576,6.1289315,0.41743898,7.2198915,0.41638875,-0.99667597,-0.028419554,0.5730405
1.4900763,7.8472614,0.2303989,7.454573,0.38048315,-1.0110841,0.022587895,-0.15309528
1.9016814,8.344431,0.28100395,7.452495,0.35750365,-1.0135775,0.085413456,0.7791712
2.1054573,6.0672126,0.1345768,7.3995886,0.35643864,-0.95531774,0.68174803,0.693115
2.6527913,7.3424535,0.27985168,7.1121626,0.36982036,-0.9863951,0.45905983,0.7148988
2.0609205,4.500008,0.14449453,7.1263328,0.44413567,-0.98189545,0.42342055,0.65479994
2.180593,4.572792,0.17736793,7.37784,0.41825843,-0.9808867,0.09390998,0.81420183
2.5608094,6.4309783,0.042776823,7.3164325,0.43473458,-1.0294157,0.56294703,0.6101148
2.4944754,5.366209,-0.106349826,7.329202,0.39301395,-1.008438,0.2017281,0.6997366
2.5246353,5.26358,-0.15551817,7.569057,0.33749986,-0.9978237,2.3840773,0.619625
1.8557746,4.996806,-0.11235547,7.546293,0.41454196,-1.0377071,1.1661074,0.6474968
2.1189015,8.866802,-0.22000253,7.6858897,0.4521532,-1.0441084,0.688503,0.72264767
1.8119168,7.0780387,-0.14710438,7.473195,0.4811132,-1.0553337,0.9556012,0.74352694
1.7553148,9.1499405,0.005849123,7.4789,0.46952367,-1.0822222,2.2145731,0.6657337
1.7972221,9.525642,0.03615117,7.4448714,0.5401828,-1.0762575,-0.31250173,0.5845752
1.5259527,8.325577,0.18877268,7.433963,0.5777786,-1.1428883,0.42594123,0.79759455
1.205328,8.778299,0.39844632,7.3851223,0.53329873,-1.2111586,1.7517166,0.71953773
1.5521652,8.909121,0.332996,7.399217,0.558625,-1.215089,0.29528558,0.72328305
1.6354911,5.7537985,0.24741936,7.207284,0.58424664,-1.2176253,0.14345288,-0.16840094
1.51966,6.1964946,0.30658007,7.0304832,0.5810113,-1.185491,-0.45454198,-0.054676145
1.7903845,7.129059,0.27731943,7.2581563,0.54732275,-1.1531045,-0.28156793,-0.09896654
1.9406683,9.113861,0.19545817,7.2191935,0.5839162,-1.2132161,-0.118171215,-0.24272972
1.9579155,8.55434,0.3019719,7.2163363,0.57761693,-1.1560421,-0.52996373,0.02372247
2.2367675,6.6750183,0.20632148,7.0197163,0.60686374,-1.1243173,-0.5513797,0.25600588
2.2408128,7.901929,0.08033252,7.1352687,0.5759506,-1.1207974,0.3055334,0.8069242
2.0347786,8.600911,0.11698723,7.3323364,0.47829175,-0.9688344,1.8978102,0.90222263
2.1067195,5.5204964,0.06945801,7.6103086,0.44685817,-1.1180946,1.6156716,0.85420597
2.6197348,4.20936,-0.31772465,7.5906186,0.43155622,-1.0648346,1.4202206,0.6083138
1.710604,6.6193633,-0.22578663,7.574749,0.5533626,-1.0758362,0.8961501,0.8355472
2.4876666,4.431283,-0.27352852,7.5497723,0.55869055,-1.1627686,0.45126522,0.2003184
2.7605422,6.939659,-0.2551663,7.59175,0.53261256,-1.1430328,-0.0422343,0.3595289
1.8889835,9.590562,-0.10145497,7.7917285,0.42466927,-1.0706556,-0.051177084,0.1733095
1.9863012,2.8357334,-0.22425306,7.7581577,0.40701675,-1.046361,-0.44428855,-0.058402717
2.0287733,5.6281266,-0.19473743,7.494106,0.44643688,-0.99700713,-0.4505778,-0.22584963
2.2263105,5.219598,-0.30067688,7.549138,0.451097,-0.9949987,-0.84126127,-0.29039836
2.41253,6.0241537,-0.21957481,7.458677,0.43410873,-0.9585314,-0.80573833,-0.25904638
2.0226521,7.511985,0.19145691,7.4533267,0.36235476,-0.97260356,0.9282614,-0.06311411
2.505764,7.4121337,0.08778596,7.2152424,0.319762,-0.94617677,1.1912887,0.58888483
1.5697155,4.3639126,0.3957168,7.1787477,0.3047161,-0.93165827,0.9056103,0.70353925
1.8149924,3.3532906,0.36561847,7.364644,0.35939384,-1.0097296,0.47652066,0.47065985
2.0619016,3.347989,0.18950796,7.065771,0.2916448,-0.8931725,0.04292202,0.32968414
1.8787776,5.1776447,0.31732726,7.123819,0.34674764,-0.89241505,0.321679,-0.08943042
2.4499824,8.390826,0.31766784,7.377692,0.34758925,-1.0194092,-0.1928078,-0.16978478
2.8079643,5.0888796,0.3399272,7.3360596,0.34594822,-0.96318173,0.32814932,0.48268402
1.686413,6.928845,0.28298974,7.326424,0.391037,-1.0325613,1.4433191,0.8519596
1.2563133,7.025474,0.43479967,7.2800026,0.3942418,-1.0475988,2.2287827,0.7681637
1.974191,3.5311625,0.4766028,7.164607,0.37862134,-1.071624,1.5131879,0.7433393
1.653403,8.093297,0.3093989,7.2247343,0.4226346,-1.0180203,1.0759408,0.5885254
2.0786974,6.005203,0.3208059,7.231148,0.3968668,-1.0530789,0.34411883,0.5525621
2.1557608,7.099506,0.38719893,7.23586,0.35511637,-1.0061364,-0.008536756,0.37721413
2.0275123,4.381524,0.4121269,7.1196246,0.3619299,-0.9730859,0.068210244,0.34319162
2.1081545,3.3426602,0.3281796,7.3513327,0.3555019,-1.0087749,0.12844491,-0.013405532
1.5867093,3.3338482,0.36514616,7.3206735,0.44903588,-1.0175267,0.17776978,0.69263303
2.529084,5.962205,0.24549961,7.3156996,0.3537886,-0.9515965,0.7992829,0.5722976
2.7111468,7.7626157,0.23365176,7.3722215,0.3761475,-1.0256143,0.23052943,0.44764358
2.2715104,7.8452215,0.1865319,7.4323993,0.33520103,-1.0046729,0.37007463,0.59298897
1.8047873,4.412137,0.021300554,7.414819,0.41642737,-1.0224898,1.0475118,0.777977
2.0429244,7.834762,-0.05479157,7.5416617,0.4077661,-1.0619613,0.7507428,0.65323853
2.5410268,6.8366895,0.32468343,7.313188,0.4269266,-1.0857135,0.020920157,0.70384717
2.687135,7.7119236,0.38948822,7.138953,0.4072802,-1.0227654,1.4058301,0.8103001
2.28269,3.8901033,0.3909999,7.1689825,0.40201044,-1.0129666,1.3343871,0.69160175
2.4912927,9.344465,0.31663167,7.356807,0.39463925,-1.0801558,0.22714067,0.5046973
2.707209,6.9772897,0.02381444,7.3390827,0.4174378,-1.0505695,-0.15248632,0.0505355
2.8201215,8.498146,-0.01659149,7.5257807,0.37971663,-1.0048907,-0.22519332,0.19134587
2.558147,9.541103,-0.059123993,7.586443,0.3770721,-1.0393686,-0.32800353,-0.2803464
2.1484468,5.9055967,-0.4179508,7.7217484,0.33979487,-0.98858404,-0.22622854,-0.07748744
2.3453536,6.703135,-0.40772045,7.913835,0.2647252,-0.9575281,-0.10619694,0.3326875
2.4306934,5.482502,-0.15933365,7.6238036,0.26454616,-0.853045,-0.011666536,0.1469478
2.365765,6.2850113,-0.24699044,7.675953,0.15620327,-0.7789931,0.13741195,0.46358037
2.8762028,7.1197433,-0.26811445,7.631273,0.19429636,-0.81680655,0.14128196,0.3036061
2.3537557,4.495677,-0.21059883,7.576904,0.1961391,-0.7897346,-0.27239704,0.37090456
2.125299,4.2604465,-0.2405023,7.4708786,0.19701076,-0.7496581,-0.30637765,-0.30215907
2.6649194,5.5511293,-0.20790917,7.498803,0.2295258,-0.69919443,-0.8749125,-0.3671226
2.4696462,4.359602,-0.18249398,7.500172,0.19744682,-0.7388761,-0.8743763,-0.25980523
2.9531343,4.787359,0.122603774,7.4005146,0.16671038,-0.7743182,-0.9561593,-0.3049378
2.9228284,4.652475,0.16662359,7.319223,0.18351555,-0.7654362,-0.41458338,-0.39580032
2.276218,3.4428158,0.27880836,7.089695,0.24726367,-0.7441466,-0.3342926,-0.04335615
2.7699409,3.2559934,0.24961162,7.1807637,0.22720242,-0.8727913,-0.121647775,-0.24829784
2.292385,2.4259262,0.37834144,7.1951423,0.2349019,-0.858027,-0.37939644,-0.21890292
2.5692182,6.7659893,0.33434856,7.4887967,0.22603655,-0.8654733,-0.25741696,0.29650617
2.4912837,8.540672,-0.048395336,7.4821024,0.28233314,-0.8461032,-0.32975626,0.081807435
2.578691,5.085788,-0.08433986,7.436458,0.2652626,-0.8588128,-0.44983876,-0.36102837
1.9655211,6.154938,-0.2481879,7.6018696,0.2646277,-0.86456084,-0.24870813,-0.20192763
1.9837598,6.672933,-0.039415717,7.695716,0.27509618,-0.9102435,-0.521742,0.029115498
1.7000711,6.245257,0.019332886,7.701765,0.34320784,-0.93859076,-0.54076916,-0.085944
1.4791805,6.6468787,-0.12315035,7.8335843,0.34729743,-0.9504678,-0.7042259,-0.28924486
2.0808702,4.1918216,-0.45514947,7.592295,0.38753605,-0.9255719,-0.9730189,-0.4476691
2.879267,3.4361606,-0.42694908,7.6603327,0.26949525,-0.833405,-0.9217023,-0.11934292
2.3722787,8.754276,-0.4101209,7.60725,0.28669715,-0.7841053,-0.8659893,-0.3640213
2.4024267,8.689198,-0.18880254,7.606957,0.259418,-0.78987765,-0.6824441,-0.3642335
2.5274308,6.386408,-0.16063535,7.5793757,0.2030952,-0.7904372,-0.5085188,-0.39324278
2.8890352,8.880926,-0.14330685,7.6731663,0.18494892,-0.8356359,-0.19792545,-0.42636666
2.8756983,9.492981,-0.013916135,7.638918,0.16613388,-0.8435273,-0.38802028,-0.40978873
2.3863125,8.429391,-0.04894483,7.7850823,0.17108798,-0.8470571,0.0058717728,0.5481303
1.6558514,6.098985,-0.05124259,7.871775,0.1527586,-0.83670044,2.3353171,0.8589765
1.6501102,9.45307,-0.19454104,8.06724,0.12842417,-0.77690816,1.9872649,0.57226515
1.6500325,8.062784,-0.3368367,8.04718,0.13666034,-0.7767644,1.352979,0.53757
1.5095267,6.4413586,-0.67512685,8.121143,0.2253797,-0.81249833,0.61804473,0.631402
1.5463692,6.4256253,-0.626812,8.032236,0.2709372,-0.87141204,0.6928612,0.61494684
1.4550071,5.748087,-0.57723475,8.015875,0.35247064,-0.87670064,2.1746106,0.8000994
1.9400091,6.6432347,-0.36683023,7.8573427,0.3068788,-0.89317036,2.231575,0.7842984
1.5713902,8.458744,-0.2854566,7.9411864,0.27327013,-0.8963244,0.6738081,0.7513133
1.6384434,4.201486,-0.4185235,7.944296,0.203578,-0.83184695,0.038155556,0.6456386
2.6184278,3.607293,-0.26511657,7.620064,0.22819662,-0.8187008,-0.39479542,-0.254098
2.9640827,3.4252076,-0.20981336,7.4002485,0.1931479,-0.78711414,-0.42124587,-0.22071385
2.767839,2.4266934,-0.00076043606,7.391761,0.19036722,-0.7720525,-0.49032682,-0.30473703
2.4618335,4.2403955,-0.13748324,7.652975,0.21712255,-0.81831956,-0.5263261,-0.19698778
2.6819701,5.7239265,-0.31818706,7.71804,0.23890734,-0.86394525,-0.36380702,-0.27707362
1.7486277,5.4450107,-0.23059916,7.7810345,0.25776148,-0.90762734,-0.33659905,0.39267612
1.5228043,4.7275543,-0.09744185,7.694135,0.21183228,-0.87338567,0.37080848,0.49769998
1.2943339,5.098584,0.013715267,7.7569337,0.20427561,-0.87218904,1.9861388,0.7612039
1.3795594,4.3349094,0.04271555,7.7028484,0.17433763,-0.74827003,2.4757562,0.7727984
2.1301448,6.218655,-0.027027488,7.7374024,0.10131168,-0.7205124,2.8478327,0.8408487
2.4532416,3.8323007,0.16737127,7.4841547,0.08996725,-0.7403784,2.0847602,0.7884898
2.8431678,3.613495,0.09284079,7.5876856,0.15386581,-0.7755866,1.3309541,0.76848936
2.3554492,6.7574577,-0.14483869,7.635736,0.099559784,-0.7710383,1.610223,0.73629797
2.5413992,6.208429,-0.06746161,7.3555546,0.19340181,-0.7588744,1.9567292,0.7596959
2.9052863,5.3968477,0.03647971,7.5091543,0.117518425,-0.73091197,2.3207624,0.4973396
2.910733,4.123441,-0.12531036,7.509268,0.18466663,-0.7331257,0.8225744,0.79083085
2.8151045,5.1001015,-0.02966106,7.5341187,0.098691225,-0.67401457,1.5156415,0.7832866
2.5349822,5.743329,0.040714502,7.54953,0.07944989,-0.7255678,1.9361796,0.54417896
2.4005537,4.861108,0.38905478,7.526701,0.050830126,-0.7068095,0.77014256,0.7442677
2.9976351,7.641022,0.36890173,7.5288496,0.069592476,-0.73836136,0.8135625,0.7252325
2.8914506,2.6099312,0.39782393,7.376196,0.007296324,-0.6957674,1.6975868,0.7676407
2.8683643,2.5175357,-0.15304232,7.441535,0.14538598,-0.67459583,0.2726575,0.79954445
2.6995869,3.7394214,0.18717766,7.283921,0.1208508,-0.7244687,0.29236162,0.5461935
2.8302686,2.7855873,0.35894203,7.3044567,0.08953118,-0.7341502,0.9222957,0.21660805
2.7332826,4.7669053,0.28271973,7.2834353,0.13414645,-0.7449651,-0.14783865,0.18761462
2.8743043,5.5727654,0.29337537,7.252685,0.14044952,-0.74590063,0.0401752,-0.08374503
2.474681,4.7634735,0.3134731,7.174933,0.15141988,-0.78874636,2.7474835,0.44472492
2.1538458,5.7061815,0.46567273,7.1780562,0.14853,-0.70675206,0.299523,0.58010554
2.8757865,5.753771,0.36740994,7.2905507,0.12537074,-0.7572422,0.22427917,0.11365092
2.961513,7.8187547,0.40007758,7.269988,0.09563637,-0.73177266,0.15986371,0.43854296
2.8975465,4.7691345,0.40696716,7.2883077,0.041625023,-0.67920756,-0.14228278,0.088344514
2.183675,4.3547697,0.14208722,7.290259,0.042543173,-0.5922885,0.49329102,0.09545106
2.738178,2.0352755,0.30834103,7.1880574,0.039081573,-0.57210445,0.077426314,0.29527175
2.4816136,2.0569446,0.39207053,7.3670826,0.0010049343,-0.6031401,-0.46171653,-0.48852104
2.7884047,3.1169426,-0.27181387,7.4194727,0.0016794205,-0.59721875,-0.24412102,0.39529258
2.938899,2.8676343,-0.44451296,7.5775046,0.045743465,-0.6635561,-0.060109615,-0.13873905
2.9009726,2.1981483,-0.41024798,7.599029,0.044074535,-0.6634152,-0.35543132,0.07703173
2.7291253,2.066836,0.14970934,7.473651,0.057384014,-0.7145395,-0.34486037,-0.25601602
1.988105,2.1869142,0.29774404,7.3608584,0.12854886,-0.7630873,0.28264022,0.41947377
2.1568007,2.3627884,-0.12747025,7.41901,0.1709578,-0.7586787,0.19519973,0.3147183
2.02375,3.2355952,0.058892727,7.3669066,0.1429069,-0.72487617,0.4308219,0.63388133
2.028576,2.3669996,0.03771603,7.2353864,0.10741687,-0.69441366,0.2427485,0.40562534
2.9757288,3.4661407,0.043070912,7.198847,0.14823627,-0.69712305,0.13718033,0.21521628
2.944592,3.9302106,-0.12827617,7.4380846,0.16605759,-0.73589754,0.065820694,0.4672506
2.9358437,9.491283,-0.112329185,7.791774,0.1395061,-0.80420876,0.20579779,0.23788059
2.5346231,7.911882,-0.12845266,7.744463,0.14609385,-0.8195193,0.32543468,0.31489432
2.8883204,7.585175,-0.36972946,7.6516023,0.17537999,-0.78816986,0.27031612,0.47470284
2.8388846,7.3405876,-0.28794158,7.739133,0.16923213,-0.76807237,-0.35335732,0.31653142
2.880031,7.8926735,-0.43292648,7.699844,0.14727521,-0.78260946,-0.17403042,-0.043579847
2.5536158,5.569003,-0.14019692,7.655997,0.19187737,-0.8361957,-0.14738977,0.013392687
2.6162581,7.9240823,-0.13566518,7.662964,0.23501492,-0.8554692,0.029827237,0.7530452
2.2251074,5.8460226,-0.1644764,7.5619006,0.25058198,-0.85028505,-0.5834745,0.083605826
2.3063788,8.176185,0.008857131,7.5897284,0.33675408,-0.97205925,0.19954848,-0.042744875
2.9018245,7.5871215,-0.079844594,7.3252144,0.37110853,-0.98360634,-0.31515932,-0.045600295
2.929263,7.4717507,-0.24009728,7.5717683,0.4009006,-0.9945481,-0.22982955,0.30154848
2.3183289,7.085694,-0.30374718,7.693448,0.38639665,-1.0310833,-0.28211516,-0.3091513
2.5180676,7.670639,-0.31572747,7.9078674,0.3787837,-1.0245448,-0.27272218,-0.2618532
1.110021,6.1034446,-0.65397084,8.2383995,0.40936494,-1.0573579,-0.260625,-0.41596583
1.1946027,7.6419034,-0.609573,8.375615,0.39553857,-0.9950459,-0.32281965,-0.15437514
1.2191703,8.23042,-0.5796324,8.24584,0.40134835,-1.0280102,-0.594239,-0.18311408
1.2394319,7.536527,-0.59246063,8.231673,0.42209983,-1.0186265,-0.46629393,-0.4393195
1.1838477,6.702126,-0.98618335,8.37041,0.44106984,-0.9945307,-0.055606842,0.16642582
1.5192431,8.628908,-0.8678828,8.190559,0.4455855,-0.9574592,-0.15260404,0.13959897
1.4795852,9.116453,-0.9779646,8.244095,0.40914512,-0.898664,-0.5630861,0.19262385
1.9786036,9.126904,-0.99245554,8.29323,0.30751252,-0.9337599,-0.20930552,-0.26647612
2.494355,6.8673596,-0.93880117,8.250624,0.28012705,-0.9212675,-0.44217765,0.08421892
2.166449,8.257124,-0.6289695,7.99776,0.2343986,-0.88911676,-0.45704746,-0.2819012
2.380809,9.259541,-0.8185402,8.05299,0.21240234,-0.8188622,-0.4009893,-0.026354432
2.521367,9.81609,-0.78060913,8.125298,0.18249035,-0.83355904,-0.27535814,-0.10111752
2.9320068,9.757502,-0.7568852,7.967021,0.1989963,-0.8518007,-0.34253013,-0.1212821
2.7171328,3.5986009,-0.77934545,8.10601,0.20176983,-0.82111454,-0.2796023,0.21244717
2.0370042,4.900096,-0.78915405,8.208513,0.2155993,-0.86415386,-0.2749473,0.21734947
1.3929441,2.9912019,-0.8010406,8.256127,0.2572627,-0.8509617,-0.5543717,-0.028670877
2.1430855,7.522605,-0.801832,8.181566,0.23810554,-0.8722098,-0.1788544,-0.014286816
2.6039484,7.9675913,0.42236376,7.1613526,0.5715914,-1.194888,1.0815835,0.8222114
2.0362234,4.0624113,0.42188168,7.036518,0.60656404,-1.2039909,0.24207056,0.9250598
2.6732888,8.100037,0.51021194,7.0139465,0.5526364,-1.1868649,1.8395851,0.74952936
2.1096961,7.159684,0.39945197,6.992782,0.56370807,-1.1824661,1.3670571,0.37485838
1.9280266,6.518911,0.44571877,6.973878,0.57285213,-1.141015,1.4222097,0.7869365
2.193891,9.70228,0.4480934,7.015564,0.5493555,-1.1463454,0.46688294,-0.23750138
2.3968368,9.89053,0.46740115,6.96585,0.5543256,-1.1723604,0.6142936,0.97525346
2.2958472,3.3063998,0.5202813,6.999814,0.58489394,-1.270179,1.2307479,0.43630242
0.84808195,2.3649433,0.49890828,7.0208936,0.6134403,-1.2729201,1.0903707,0.6510838
2.3663948,2.1345716,0.51829076,6.7368593,0.6152291,-1.2439361,1.9128158,0.69285107
2.7454708,9.646015,0.5220704,6.8609223,0.5541613,-1.2180603,0.70762765,0.62276137
2.7052794,9.712057,0.34561145,7.2067432,0.60749125,-1.1564629,0.30816245,0.63256145
2.0760517,9.202048,0.52134633,7.1686363,0.54212236,-1.2079654,0.24876308,0.45859843
1.8184087,4.9534483,0.35213006,7.109792,0.5554004,-1.1915942,0.20078194,0.59916043
1.8170035,5.189907,0.25602043,7.1450663,0.42800736,-1.0437319,-0.784762,-0.112683594
2.3966713,3.0121694,0.24830043,7.3806443,0.48884344,-1.0677378,-0.430798,0.17991918
1.6259768,2.6023242,0.25466096,7.238599,0.5081608,-1.0977033,-0.82457435,-0.4472228
2.4816082,4.6970234,0.24898314,7.251862,0.50612926,-1.1266584,-0.7780372,-0.4464322
2.7244074,3.5753932,0.28595817,7.2855883,0.4741583,-1.1294577,-0.09462404,0.6386999
2.1809292,8.886773,0.3605857,7.1878176,0.5188296,-1.1381662,1.1318805,0.7284857
1.6255993,5.9794674,0.27864182,7.3386154,0.48996615,-1.1234404,0.8883717,0.59670484
2.9055138,5.2816205,0.24477696,7.2702985,0.4846561,-1.1250155,1.2052779,0.8057233
2.807166,7.0338445,0.18313909,7.2424927,0.46824884,-1.0744162,-0.093511045,0.64878523
2.5179381,7.54447,-0.027663589,7.369325,0.5430682,-1.0762398,-0.37519252,0.17867708
2.8750823,3.6109262,-0.05732572,7.4596767,0.5391302,-1.108571,-0.48940563,0.3643788
1.6944618,3.8432202,0.05348468,7.3278704,0.49212933,-1.0820813,-0.67742467,0.12261915
2.2536206,3.0417867,0.17879558,7.2460594,0.5029156,-1.0892354,-0.8262217,0.270864
2.541737,2.8630977,-0.3034609,7.3511705,0.5323062,-1.0737054,-0.7915237,-0.3132776
2.0475383,4.2382846,-0.27146065,7.6567707,0.49769497,-1.0890759,-0.31236243,-0.14942864
2.689179,9.086052,-0.22140515,7.6269875,0.52653,-1.0470388,-0.6171826,-0.14387882
2.3683004,8.299345,-0.31350565,7.693574,0.53817844,-1.1197944,-0.5052423,0.21360695
2.2299886,8.5455885,-0.44012612,7.7372813,0.56497073,-1.1544489,-0.26774526,0.17554593
2.7628305,8.192853,-0.45703137,7.800877,0.5545716,-1.1955726,-0.3112594,0.039249957
2.0361724,7.039734,-0.4617313,8.014571,0.6030061,-1.2306193,-0.118027866,0.49141687
1.6301928,5.20056,-0.45453823,7.9904537,0.609612,-1.206629,0.34719384,0.51942
2.180884,4.895269,-0.45177174,7.9076266,0.5944407,-1.2054574,-0.28896326,0.35776126
2.674363,5.855605,-0.54082847,7.9298906,0.64790726,-1.2287478,-0.13621128,0.23846388
1.5760223,8.578331,-0.39422733,7.9707,0.5726085,-1.217757,-0.2525097,0.35677207
2.6603053,5.3234053,-0.66956836,7.8678904,0.6437757,-1.1759187,-0.052758574,0.6912198
2.4364223,4.1960573,-0.36973417,7.851298,0.54787135,-1.1850765,0.13000536,0.5674517
2.1021702,7.444819,-0.19833004,7.5525465,0.5341346,-1.1730297,0.009696484,0.4713629
2.7541025,9.089743,-0.1339696,7.6498137,0.49354577,-1.1445241,0.061750054,0.3582157
1.9247262,8.966671,-0.13938123,7.631991,0.5173209,-1.1316619,-0.12865078,0.23705661
2.112927,7.4800005,0.027378082,7.596596,0.48928785,-1.083763,-0.29900587,0.13005072
2.1242764,3.6529572,-0.04740739,7.687405,0.51816034,-1.1872094,-0.20232904,-0.18101138
1.1753194,8.399976,0.058044195,7.789711,0.5450444,-1.1776339,-0.10973191,0.124840915
1.0990996,7.574711,-0.03556454,7.8335958,0.5312691,-1.1859787,2.1465673,0.7112013
1.1297231,7.7453494,-0.019644499,7.892082,0.5479717,-1.2223315,2.454131,0.5759877
1.017751,7.4591165,-0.05426401,7.91425,0.45924163,-1.1161594,2.1844728,0.6891037
1.4188437,7.3510475,-0.2580968,7.945719,0.550127,-1.1416199,2.7717896,0.5798737
1.3503472,9.781782,-0.24127698,7.957688,0.5458281,-1.1987804,2.9280329,0.6798419
1.4510028,5.0823717,-0.058011413,7.827218,0.54915047,-1.1889915,2.9647856,0.7599406
1.4062736,8.057631,-0.096093774,7.911195,0.54978704,-1.2016735,1.51563,0.7199621
1.1313378,9.988895,0.02395451,7.8568387,0.5196276,-1.1432354,0.69179356,0.54571533
2.0480204,9.989151,-0.04584968,7.770114,0.5322628,-1.1402619,1.707972,0.62625074
1.7726766,2.6590214,-0.37600106,7.8626833,0.54070187,-1.1874715,0.2191658,0.5463357
2.0444572,9.569052,-0.3233431,7.7596283,0.5379648,-1.1690723,0.22587693,0.6047025
2.6544638,7.8471904,-0.238648,7.6718645,0.5822458,-1.2532303,-0.16602308,0.56569684
2.7789714,9.867737,-0.20441544,7.589256,0.7289388,-1.2606943,-0.69383836,0.048105
2.3434386,9.797131,-0.39771605,7.581317,0.7435019,-1.3039432,-0.41706014,-0.46341395
2.108155,9.29567,-0.36777633,7.696322,0.69208336,-1.3034488,-0.53729415,-0.49803254
2.4129257,9.283375,-0.5742997,7.9182663,0.765512,-1.321959,1.9559231,0.9390228
2.1756527,2.7237864,-0.48984367,7.9340672,0.7732904,-1.3758881,2.8715708,0.93115175
1.2870924,2.4025955,-0.3449008,7.939345,0.79401875,-1.3476369,2.6741688,0.7963935
1.4946687,4.2361574,-0.48436183,7.9085455,0.7785363,-1.3494768,2.7089674,0.6255655
2.2116566,4.7258024,-0.49283135,8.213997,0.69462824,-1.3276215,2.5861542,0.8146188
2.0035224,4.8887043,-0.63435525,8.205742,0.69913816,-1.3088061,0.49682176,0.6300659
1.5868255,6.819193,-0.60211337,8.212166,0.75700784,-1.3409152,0.79797983,0.9015291
1.100371,6.8984294,-0.7710719,8.279098,0.8788135,-1.3807974,0.5307275,0.7917911
1.0796845,5.9615154,-0.73318875,8.29575,0.82972765,-1.3851199,0.66868496,0.73768234
1.922432,5.2953053,-0.76450706,8.474457,0.8091366,-1.4309614,0.7902025,0.81935847
2.7381353,5.386824,-0.6437457,8.072573,0.84823084,-1.4629178,0.46600616,0.7795241
2.481437,8.270756,-0.43297744,7.892233,0.9238918,-1.4809229,0.24184728,0.8153293
1.711841,6.662278,-0.11115724,7.876261,0.8798766,-1.520051,0.36096585,0.8268106
1.0995672,9.9622,-0.1379484,7.935192,0.8908229,-1.5346185,0.19163907,0.6035528
1.0586686,9.912334,-0.24516153,7.8873568,0.8895416,-1.4913073,-0.33786106,-0.026024342
1.0767031,5.5358515,-0.16895884,7.94775,0.8525982,-1.5026464,-0.2923928,-0.32631895
0.9596361,5.158164,-0.42327368,8.120159,0.89810085,-1.5224829,-0.32908773,0.03361684
1.7877436,4.2027707,-0.47087502,8.120056,0.8377311,-1.476016,-0.413504,-0.0028083026
2.9893966,8.368346,-0.48961532,8.070695,0.8329005,-1.4728,-0.39791203,0.17480576
0.6923772,4.505561,-0.5172951,8.135145,0.8942375,-1.4889278,-0.11547303,0.5289836
0.56465834,5.1055036,-0.41733104,8.3108635,0.9650471,-1.5016599,0.7269449,0.4016376
0.78745115,9.647425,-0.4145761,8.240932,0.94033813,-1.5180719,0.08082533,0.53829813
0.7230181,9.512398,-0.4266951,8.793983,0.93808484,-1.5653852,-0.11450273,0.46767145
0.7230368,9.019068,-0.4350996,8.859698,0.94023037,-1.5744615,-0.5341682,0.14898318
0.7232281,9.345022,-0.38004148,8.8671,0.9282048,-1.6476917,-0.26645088,-0.16205966
0.72454554,9.611727,-0.4178486,8.687803,0.944885,-1.5478017,-0.4602304,-0.19000533
0.738657,9.529535,-0.39854598,8.627509,0.9436388,-1.5218143,-0.34960258,-0.17544454
0.66717046,9.657428,-0.4988597,8.837793,0.9879365,-1.5479257,-0.1880874,-0.4883815
0.7586398,9.152787,-0.5124918,8.874439,0.9553945,-1.6395452,-0.33646208,-0.482925
0.7026604,8.34164,-0.563046,8.892334,0.94949055,-1.6216125,-0.6160532,-0.44708756
0.7210039,8.022129,-0.5995474,8.733941,1.0179365,-1.6464022,-0.30402482,0.10109913
0.6433115,7.791206,-0.5794521,8.832308,1.0419803,-1.5970621,-0.061029315,0.07891691
0.70003,9.10458,-0.6774317,9.00573,0.9818051,-1.6586049,-0.17897981,-0.3319444
0.79788923,8.689151,-0.7982096,9.050183,1.0037596,-1.6342261,-0.11756545,0.24185419
0.7205744,8.706961,-0.76302093,8.978672,0.92971706,-1.4956031,-0.038199544,0.3234595
0.72514105,6.3002234,-0.7098758,8.884229,0.9442928,-1.579963,-0.4145261,0.0080602765
0.7510483,6.7896695,-0.7857046,8.87776,0.94904494,-1.5210015,-0.4718243,-0.21575549
0.81003165,9.925447,-0.8769065,8.918972,0.91625667,-1.444006,-0.1399566,0.5108863
0.78828627,6.4074774,-0.7986866,8.8390465,0.7623811,-1.4051411,0.7193787,0.5827038
0.78112495,7.8022494,-0.74070245,8.858826,0.77496195,-1.3787138,1.9213607,0.65469337
0.78601605,9.38623,-0.7376049,8.933505,0.77134585,-1.322998,2.35983,0.8109305
0.79409313,7.478784,-0.7297121,8.901305,0.7517395,-1.3823521,1.720453,0.89433193
0.7377072,5.8877716,-0.78374815,8.636689,0.78835034,-1.3830516,0.5276748,0.5817795
0.8254576,8.559593,-0.71678174,8.772343,0.80240655,-1.400357,0.25776494,0.6405034
0.79004866,9.265417,-0.77339804,8.749739,0.71760464,-1.2467289,0.12742913,-0.084298074
0.75601155,7.630601,-0.67715406,8.8371315,0.702765,-1.3543365,-0.21489966,0.44639158
0.7602863,7.7030506,-0.7510277,9.073956,0.68244743,-1.356671,0.09721851,0.66523755
0.781924,9.742481,-0.7739606,9.143054,0.74100685,-1.3180127,1.7065647,0.6495217
0.86311173,9.343476,-0.89358616,9.019008,0.77312255,-1.3773949,1.6351345,0.76943564
0.8169212,8.217102,-0.963522,9.128877,0.78314376,-1.3725618,2.3821793,0.8488928
0.7702284,9.395964,-0.9914307,9.19729,0.75483036,-1.34899,2.419347,0.6138234
0.745226,6.066676,-0.9701881,8.993452,0.72864246,-1.30054,0.47864246,0.7146858
0.7293846,6.7617345,-0.94736284,9.068377,0.7425437,-1.3674724,1.0329177,0.6332618
0.77473986,6.5171194,-0.88463825,8.971628,0.7382889,-1.3534849,0.43051803,0.64853156
0.7579477,8.912062,-0.7626451,9.139934,0.8936267,-1.4993573,-0.65900075,0.595541
0.7691159,8.217194,-0.72875416,9.134193,0.9269445,-1.5066329,-0.53459394,-0.079769194
0.74833006,8.24962,-0.68546134,9.038245,0.9786849,-1.5654206,-0.83715284,0.13686377
0.7377058,8.903465,-0.6833241,8.993207,0.9824467,-1.5646834,1.5942678,0.3196081
0.6853162,9.063938,-0.57596344,9.05066,0.9520688,-1.5509763,2.6921563,0.89476883
0.67714024,8.948097,-0.54442227,8.978974,0.94261694,-1.5492723,0.5913758,0.7740947
0.6452342,7.7835913,-0.57962835,9.186169,0.9469094,-1.6111952,0.13269031,0.110636234
0.65394866,9.613813,-0.41604078,9.026054,0.9532566,-1.5984459,0.13632321,0.106288075
0.66119003,9.474415,-0.5053044,8.979143,0.97629476,-1.6083508,0.15843105,0.48932838
0.67295265,8.243376,-0.52143407,8.666836,1.0277452,-1.5611023,-0.20047706,0.6811259
0.69501686,8.85161,-0.53940976,9.053893,0.99307513,-1.6206309,2.6944358,0.6920018
0.6248529,8.197676,-0.4418661,8.940294,0.9716897,-1.6378813,2.8410609,0.6294044
0.6232113,7.798713,-0.43133092,8.9758835,0.983598,-1.6234093,2.9404545,0.73683846
0.61611545,7.7178245,-0.517892,8.9911995,1.016696,-1.6529646,0.7389251,0.3729155
0.62349343,6.525335,-0.44880807,8.859343,1.0429416,-1.6812376,0.96801853,0.72977114
0.5926504,5.9265356,-0.41124249,8.902342,1.0468175,-1.7005233,1.2918901,0.7254064
0.55421823,5.859625,-0.40262568,8.686674,1.0170519,-1.6111611,0.5368514,0.7026944
0.5848049,6.359187,-0.42773616,8.840208,1.0553138,-1.6865911,0.4339919,0.48970312
0.5491195,6.278018,-0.40678823,8.711575,1.1201854,-1.6750636,-0.08185959,0.41020715
0.51889366,8.006242,-0.20892662,8.652958,1.1075752,-1.7397316,0.56528616,0.28029877
0.5316367,7.65022,-0.23143065,8.534449,1.210737,-1.8220057,1.1020696,0.38776422
0.5013659,6.63346,-0.122125685,8.5450115,1.245769,-1.8362924,1.501087,0.6878886
0.50112164,4.937086,-0.18933535,8.537179,1.150356,-1.8163917,1.2236733,0.5620272
0.51262707,4.222377,-0.27291584,8.581299,1.1598525,-1.8048989,2.950708,0.422848
0.50413436,5.5159464,-0.33992273,8.400606,1.2320037,-1.7891268,0.5099542,0.7241421
0.52520525,6.0292115,-0.367881,8.77091,1.1801326,-1.8194436,0.76906884,0.60810375
0.530406,8.455091,-0.32501775,8.7839985,1.175647,-1.8196139,2.2081199,0.46653277
0.5551435,6.56029,-0.32293314,8.756909,1.1427824,-1.7590818,0.24484229,0.57230616
0.5289963,4.9326177,-0.25730193,8.5601425,1.058073,-1.74106,0.3725145,0.6524464
0.5581221,4.4540024,-0.32172346,8.376562,1.1802821,-1.7601233,1.5701289,0.46895373
0.5239076,4.2454042,-0.25777608,8.367081,1.2486169,-1.8511865,1.8970287,0.4616989
0.535124,6.7330117,-0.33831275,8.533537,1.2733305,-1.9131444,0.8033153,0.27978307
0.5463523,5.869153,-0.30743706,8.593886,1.2935207,-1.8970447,-0.6014098,0.038026094
0.50768757,5.614877,-0.3066728,8.603519,1.3008511,-1.8892813,-0.50956774,-0.4874745
0.50098306,7.0279884,-0.24598086,8.760105,1.312978,-1.9616249,2.8483243,0.4887278
0.5019873,5.8008156,-0.24167466,8.63686,1.2860713,-1.9517295,1.9929695,0.54021335
0.5180197,4.882394,-0.2667846,8.569056,1.3015795,-1.9550356,1.8069167,0.7977934
0.67084086,4.2527113,-0.20717001,8.093343,1.3290849,-1.9543337,0.70279074,0.34282398
0.55752546,9.185499,-0.10090923,8.369179,1.4492297,-2.0988023,2.7698221,0.928105
0.56973445,9.290653,-0.10422552,8.280316,1.4130168,-2.038199,1.6341221,-0.15911755
0.6051896,9.352331,-0.09925187,8.216885,1.4112382,-2.0866704,2.5034368,0.5517216
0.5871967,9.603025,-0.06483841,8.222418,1.4375184,-2.0486534,0.18886197,0.29064548
0.5682675,9.682623,-0.13585317,8.436145,1.3810909,-2.0372088,0.12593985,0.29457456
0.612373,9.502,-0.16427553,8.332681,1.4029405,-1.9659158,0.5829153,0.49739516
0.62039256,9.460741,-0.12391883,8.041386,1.3746741,-1.9566913,0.6863537,0.55948246
0.6738088,9.261818,-0.35060275,8.159784,1.382647,-1.9734491,-0.05591762,0.4373442
0.8800303,8.841383,-0.29932237,8.34494,1.4288557,-2.0472703,-0.5277031,-0.30993974
0.7925168,9.097555,-0.34942442,8.175972,1.4681354,-1.9877036,-0.7373072,-0.19323677
0.69725287,8.892546,-0.3124284,8.102678,1.4825456,-1.9896076,-0.9376304,-0.38873753
0.59775364,3.284614,-0.3298869,8.131241,1.4548123,-2.0027356,-0.62210417,-0.44504583
0.7388027,7.908338,-0.45053214,8.374228,1.4912784,-2.0683324,-0.5722952,0.33325028
0.7077681,2.1313558,-0.380131,8.364105,1.4661479,-2.111212,-0.5259361,-0.10448581
0.5402224,6.4932685,-0.3860554,8.422583,1.4871845,-2.0822003,-0.66850686,-0.30042636
0.7213385,6.5189543,-0.5524285,8.386398,1.4801645,-2.0373306,-0.35207218,-0.38778234
1.359205,7.2285776,-0.6609144,8.457033,1.4114976,-2.0366604,-0.504313,-0.3282431
0.8545643,6.1022925,-0.70938176,8.566654,1.5522976,-2.1048934,-0.4937337,0.07507837
2.184196,7.433727,-0.7211678,8.525414,1.5869546,-2.1176293,-0.5413784,0.19333768
2.9166484,7.6402392,-0.7508889,8.448476,1.5674424,-2.094809,-0.48739696,-0.14397079
2.9235916,8.84343,-0.73545384,8.448194,1.5035081,-2.0571704,-0.7278712,-0.477623
2.4006171,3.247415,-0.62714016,8.611231,1.4731619,-2.0794084,-0.7938826,-0.49713656
0.8943907,8.1736355,-0.5737001,8.442738,1.5476,-2.1056204,-0.47707504,-0.4959501
1.0198591,5.5877066,-0.571405,8.342901,1.4690032,-2.108529,-0.45660204,-0.45828444
1.057601,6.4205356,-0.5721237,8.299044,1.5851357,-2.0500956,-0.9678606,-0.4731127
1.9585114,8.164875,-0.64835286,8.53802,1.5492301,-2.061394,-0.9032934,-0.4692263
0.6942259,8.229191,-0.55801743,9.052168,1.5649557,-2.2292776,-0.92472786,-0.23211026
0.7316186,6.074221,-0.5629983,8.897835,1.5928166,-2.2570434,-0.9432793,-0.4423047
0.79469573,7.112674,-0.67840344,8.921345,1.6926923,-2.2237883,-0.9847829,-0.020520985
0.65186,6.8595104,-0.6756525,8.932515,1.6657093,-2.1679034,-0.951601,-0.3487187
0.6367225,8.100168,-0.67001927,8.954979,1.6764636,-2.1755552,-0.9425028,-0.39499593
0.5999387,6.4224787,-0.68472004,8.982595,1.657583,-2.1810226,-0.9307984,-0.37532192
0.6907773,7.35869,-0.6704215,8.949696,1.6470754,-2.172554,-0.96592426,-0.31677896
0.6719855,6.143201,-0.5841349,8.573089,1.6425264,-2.1338615,-0.7433973,-0.18597561
0.548644,3.9585657,-0.51207066,8.5082245,1.6393125,-2.1642451,-0.73358667,-0.34510034
0.53465635,5.2249513,-0.485237,8.662669,1.6107199,-2.1719875,-0.82919586,-0.2976415
0.73688835,8.036982,-0.46603882,8.657989,1.5235767,-2.177475,-0.41120863,-0.3786885
0.80373836,9.309216,-0.4191857,8.560753,1.5844276,-2.219742,-0.4066645,-0.41754138
0.678234,8.930998,-0.48929644,8.529323,1.5818517,-2.1878896,-0.3954416,-0.4333072
0.687925,9.669975,-0.4734065,8.653722,1.5645375,-2.1057992,-0.39071375,0.2621491
0.6476866,9.337234,-0.56418633,8.696918,1.5520875,-2.092228,2.4968667,0.87382317
0.6248737,9.177657,-0.57368016,8.941301,1.5678391,-2.0593278,2.301234,0.6105317
0.62943125,2.5561943,-0.69199085,8.872854,1.580015,-2.1073508,2.418241,0.800117
0.8808989,9.45321,-0.6782726,8.681355,1.5436575,-2.1426947,0.9019246,0.7531898
0.9067574,8.200022,-0.5511997,8.6944685,1.5601201,-2.1973124,0.116906404,0.6263331
0.8362333,8.776595,-0.6235876,8.690098,1.6778569,-2.2329388,0.079676986,0.5722418
0.70492196,4.487562,-0.5900012,8.866865,1.6503491,-2.2577405,0.053901196,0.56591105
2.2153406,6.9359775,0.20200062,7.0164332,1.939636,-2.589553,-0.24051034,-0.14231333
0.6798701,8.307167,0.2153194,7.00895,1.9392033,-2.5059493,-0.67185855,-0.44143894
2.2333508,3.2964516,0.14570892,6.8962708,1.9412196,-2.4955378,-0.8685001,-0.45194608
1.2854381,2.7925289,0.12784445,6.855535,1.9506924,-2.4552028,-0.57613474,0.800756
2.3052971,2.8921127,0.19518638,6.663394,1.9139588,-2.48179,-0.14195204,0.40993428
1.2716513,4.771151,0.33660114,6.6073446,1.9189365,-2.4844584,0.0030229092,0.48934078
2.4392385,7.706374,0.36241055,6.661082,1.9289529,-2.51777,2.9289174,0.63993204
1.3808765,8.342543,0.3495487,6.6630507,1.8594668,-2.435855,2.8694875,0.6830239
0.77982706,7.0910144,0.44173837,6.665493,1.8430655,-2.4291892,2.1414318,0.42023814
0.6572028,5.94169,0.38316345,6.5915537,1.8873601,-2.443519,-0.0628168,0.67695355
2.2053988,5.8721514,0.47500753,6.4902596,1.8752892,-2.5625942,1.4247189,0.426345
1.889057,3.9413114,0.51262593,6.2272744,1.9293568,-2.5279233,0.50233054,0.31972474
0.92546093,4.946201,0.41254795,6.27353,1.9761043,-2.5369446,-0.64829695,0.34394395
1.342694,9.912325,0.3850267,6.3327446,1.9598155,-2.5261083,-0.3397575,-0.4109926
1.4174695,8.508566,0.4260099,6.3658824,1.9512823,-2.5573008,-0.40955406,-0.053168774
2.0478058,2.172879,0.39300942,6.2484837,1.9730127,-2.564723,-0.71080565,-0.30701107
2.5270426,2.4054768,0.3199799,6.567044,1.9841499,-2.6002984,-0.10008925,-0.09507275
2.8469677,8.231775,0.29332924,6.623754,1.9878657,-2.597969,-0.38861227,-0.41306064
2.8523974,3.4860106,0.34768438,6.4995766,1.987787,-2.6295996,-0.5028241,-0.4346437
2.2289019,3.8539548,0.3498385,6.6325607,1.9924164,-2.6415498,-0.4789785,-0.060726702
2.791674,2.3475938,0.3183645,6.7452593,1.9905362,-2.6357386,-0.37194747,-0.3892992
2.8479044,3.753746,0.17885518,6.918722,1.9903445,-2.674499,-0.47292864,-0.3880114
1.7924546,7.2495246,0.21286035,6.931948,1.9856849,-2.6364317,-0.78056324,-0.4726779
0.51853925,6.220118,0.23687649,7.038869,1.9983995,-2.6214457,-0.60684717,-0.49217477
0.5336571,3.8243217,0.14286268,7.146372,1.9989083,-2.6081672,-0.52660716,0.3661548
0.5319914,6.0341525,0.12216115,7.377305,1.9875298,-2.5826554,1.5141177,0.44802153
0.5383921,6.7188926,0.11067963,7.339055,1.9641991,-2.5982304,2.8216424,0.2282213
0.5326569,6.843784,0.1886096,7.196301,1.9972286,-2.6576824,0.057191253,0.3943292
0.63324505,4.7723365,0.20127952,7.05075,1.9908049,-2.5943484,-0.013404429,0.13042879
0.665972,9.414443,0.22830486,7.013055,1.9979064,-2.5968487,-0.25343806,0.31846654
0.85091066,7.4128356,0.25710285,6.8757453,1.9832194,-2.5760326,-0.65061504,0.052476943
0.75380695,7.9979906,0.33498335,6.7554,1.957169,-2.5788822,-0.42785335,-0.36848152
0.7051041,8.67301,0.31535053,6.788109,1.9581182,-2.5901206,-0.4165238,-0.23116851
2.751231,4.8221555,0.2951765,6.8012676,1.935365,-2.610617,-0.33832943,-0.23982939
1.5967376,9.260719,0.28458512,6.7819314,1.9443681,-2.5979567,-0.35318732,-0.24897343
1.8367686,9.068127,0.2925185,6.7375226,1.9970205,-2.6265688,-0.35764182,-0.26907584
1.4259804,6.698178,0.28837156,6.7781754,1.9990709,-2.638457,-0.46904975,-0.41442755
2.4518094,4.6215744,0.26200247,6.6777945,1.9932733,-2.5889354,-0.33988982,-0.055884063
1.7435691,3.248725,0.30108905,6.6832175,1.9980259,-2.5958896,-0.29131967,-0.027579904
1.9589403,8.844548,0.2833749,6.654012,1.9997725,-2.597026,-0.2752239,-0.11721158
1.9979682,3.7870064,0.26156557,6.756591,1.9829199,-2.6327996,-0.755179,-0.34926713
0.5582357,9.974013,0.32629967,6.9444714,1.9901261,-2.6448889,0.21595454,0.032720566
0.5648066,7.0585303,0.24594736,7.0279875,1.9865518,-2.605329,0.73661745,0.46775478
0.6103191,8.016839,0.2533257,7.116738,1.9987087,-2.6660786,0.18030655,0.65901065
0.8404042,8.182662,0.12934613,7.174219,1.9959068,-2.6203904,0.4076481,0.7607435
0.69029033,9.065241,0.18535233,7.1085167,1.9795299,-2.611511,0.114457846,0.061941683
0.7585938,4.0632277,0.24462879,6.9911637,1.9410913,-2.6109123,-0.1927312,-0.3095597
0.58584356,6.4352255,0.21731412,6.989096,1.9416974,-2.5916429,-0.18435854,-0.10243091
0.5460443,4.9139977,0.28428304,7.035378,1.9461002,-2.6191134,-0.31345218,0.19635248
1.6678402,5.197045,0.253376,6.9230337,1.8856354,-2.5182645,0.056056976,0.26606482
0.8224873,6.2724895,0.26835895,6.894334,1.9024086,-2.565018,-0.12822568,0.37454176
0.7710117,9.353094,0.31334996,6.737623,1.9714105,-2.575568,0.16282713,0.54033303
0.72695804,4.8037057,0.26540315,6.843506,1.9804726,-2.5800102,0.4193995,0.6673608
2.3149407,5.5948906,0.26212132,6.7275686,1.9386654,-2.5284934,-0.39172935,0.38318193
2.5040424,9.188242,0.2606299,6.8136754,1.8713641,-2.5296392,-0.31424886,0.2329076
1.7891494,3.954866,0.24894333,6.799157,1.8223219,-2.4754336,0.13653755,0.3755337
1.9414161,9.793301,0.20246041,6.9043846,1.8919816,-2.5678518,-0.11784369,-0.41893798
1.9690686,3.9541712,0.24174356,6.9132605,1.910989,-2.5415344,-0.3216709,-0.4099363
2.4543395,7.379873,0.18502879,6.8238525,1.8819308,-2.5137417,-0.36314696,-0.156964
1.8394353,6.777733,0.2976588,6.7354903,1.874193,-2.5296469,-0.29410774,-0.17847043
1.9316033,5.955119,0.33942115,6.744454,1.8979537,-2.54643,-0.39636648,-0.41478455
0.80160344,8.062798,0.32184887,6.7513704,1.900264,-2.527977,-0.20531487,-0.22298473
2.6440108,2.7388115,0.3871261,6.607689,1.8896592,-2.5450196,-0.4112937,-0.3314935
2.660466,8.518143,0.36059594,6.647835,1.9180675,-2.59167,-0.105116844,0.21801823
2.2117712,4.179558,0.30934703,6.665021,1.9486561,-2.561868,-0.49499363,-0.20010781
2.484942,6.7319717,0.2908945,6.6984005,1.9625428,-2.556247,-0.5046402,-0.46596274
2.0773504,7.975307,0.34263873,6.5001326,1.9150298,-2.5724638,-0.19805408,-0.25678825
1.9260521,4.0992627,0.3415866,6.3690405,1.9899342,-2.5790112,-0.3582188,0.09231007
2.2643514,3.789481,0.48341465,6.3477173,1.9915042,-2.5744915,-0.5854201,-0.12438086
0.54945767,6.1066947,0.55908203,6.1324444,1.9818408,-2.560151,0.3647846,-0.020988405
0.52002674,6.6771684,0.60798264,6.1806307,1.9802573,-2.6114974,0.4400971,0.7246239
0.6764288,9.918347,0.5461154,6.2430005,1.9792273,-2.5931559,1.4351099,0.5767149
0.7330207,2.5621605,0.59563303,6.238406,1.9550972,-2.6444492,2.3797038,0.78374624
0.8114644,8.007931,0.60218966,6.2594175,1.955493,-2.6178756,1.2855747,0.58020735
0.6462045,7.2985244,0.53997326,6.2026224,1.9465792,-2.5747871,2.0138955,0.6248268
1.1856179,5.3668137,0.54956603,6.193442,1.9812713,-2.5960436,2.0421255,0.2323209
0.7656064,3.7314897,0.4776144,6.453755,1.9670289,-2.6361635,0.14273822,0.6257049
2.0837407,6.9297614,0.4572481,6.1959453,1.971499,-2.6192315,1.1111765,0.6494788
2.666534,3.2782855,0.49690914,6.1396313,1.9333282,-2.5422263,-0.6519155,-0.02049014
2.5895889,3.4725456,0.5505525,6.151985,1.9336431,-2.5515888,0.19981253,0.5489814
1.0459726,9.53236,0.5419185,6.1154585,1.9063144,-2.532312,0.09301126,0.2881142
1.3950192,8.929274,0.5470083,6.1445007,1.9086151,-2.535785,0.10313964,0.016141534
1.212329,8.517021,0.57923126,6.1326566,1.8577337,-2.5247798,-0.016112864,0.15282094
1.8340784,8.760315,0.63815,6.1335607,1.8790991,-2.5953503,-0.13911551,0.15579993
1.1447911,7.9317083,0.6155417,6.130233,1.858068,-2.5138886,-0.031457484,0.3054167
1.6268125,4.835256,0.5742531,6.02641,1.8736362,-2.5511396,-0.027932286,0.014993489
2.0735245,7.725093,0.55316544,6.1023273,1.9234285,-2.633791,-0.02394265,-0.063114405
1.1307372,6.801233,0.5878788,5.953418,1.9888029,-2.6092045,-0.03605169,-0.3378715
1.5281229,4.775848,0.5796869,5.82751,1.980217,-2.554562,-0.28961408,-0.16530314
2.817735,6.6453395,0.67024636,5.7604694,1.983957,-2.5798457,-0.045774043,-0.36825937
0.86483014,5.3619866,0.6356175,5.888505,1.9794369,-2.6127303,-0.39387065,-0.087349564
2.871492,3.1469257,0.56349397,5.9446177,1.9795916,-2.5887275,-0.26744837,-0.29826057
2.1706698,9.381549,0.5585792,6.009392,1.9337723,-2.5880578,-0.25568902,-0.3682544
2.3544097,2.2998364,0.5583718,6.024397,1.9744997,-2.6113102,0.058403492,-0.13484469
2.1122563,8.10257,0.5986277,5.995596,1.9547789,-2.5194993,2.4344366,0.51053596
1.9105566,3.619597,0.55316997,6.0040436,1.9320064,-2.5956142,1.5116699,0.56072235
2.4716325,7.9916415,0.6673541,5.9343443,1.9210408,-2.514781,1.1567755,0.75123274
1.4971181,9.438864,0.6472471,5.8565083,1.8600101,-2.4267316,1.109278,0.46666348
2.9700582,5.86868,0.6710055,5.823141,1.9126613,-2.5125775,-0.28975564,-0.46022642
2.5845697,5.356311,0.70981646,5.885228,1.8420846,-2.5281618,-0.36724836,-0.091797054
1.809972,8.383261,0.7178879,5.458108,1.9117277,-2.517574,0.22809184,-0.18818325
2.3899417,8.152115,0.7635585,5.5150266,1.915709,-2.5439966,0.31609404,0.24005455
2.4626021,5.091622,0.851429,5.4911118,1.7593787,-2.490652,-0.0065087676,0.07549918
1.7040806,5.9684505,0.922886,5.2498813,1.8228319,-2.3655307,-0.7244281,-0.2202344
2.26919,2.0263886,1.0047221,5.1589823,1.7830393,-2.3367712,1.0217822,0.44799185
2.0862951,3.850946,0.99372196,5.059175,1.8426232,-2.4075463,1.6300132,0.22172934
1.9329333,7.459716,0.9343605,5.3867836,1.8707695,-2.5251598,0.1293292,0.378649
1.2242657,9.734688,0.9375367,5.298678,1.8258843,-2.522817,-0.0970999,0.11752558
1.6521897,7.6917796,0.9719132,5.088755,1.9101782,-2.5204635,0.18321371,0.33789015
2.1378808,6.676513,1.0134833,5.0939198,1.892165,-2.5622969,2.2193787,0.7646792
2.0679717,6.4555573,1.0264177,4.895644,1.9079809,-2.4971068,2.278434,0.16382414
1.1807578,6.391935,1.0579202,4.8314757,1.9244394,-2.5045326,2.3798034,0.5054774
1.7981491,7.0612445,1.0892603,4.907481,1.9409723,-2.5272865,0.8682269,0.65117085
0.5965152,7.260158,1.063407,5.102202,1.9726028,-2.523551,1.0261502,0.9277904
0.5770186,6.0947165,1.0477908,5.165855,1.9629533,-2.6552777,1.9137688,0.92756295
1.3547804,9.691999,0.9681289,5.147829,1.9748156,-2.6192365,1.3867855,0.90660834
1.26263,9.35668,0.9746227,5.2930775,1.9764593,-2.644908,0.84895766,0.828091
0.83318776,9.686548,0.96040344,5.2823386,1.9616745,-2.6247554,2.3026087,0.8353112
1.76965,8.854814,0.98438954,5.137912,1.9478788,-2.5810769,2.432587,0.8719287
2.0006351,8.271933,0.99877214,4.985573,1.9913697,-2.6137884,1.2297828,0.0059280396
2.4951868,3.5105686,1.008656,4.957604,1.9526854,-2.6723046,1.6929171,0.107454
1.197684,4.0631227,1.0350063,4.9419837,1.9900916,-2.6196237,2.204543,0.5717833
2.3394966,2.8973994,1.0637069,4.963792,1.9367568,-2.6463256,1.3233044,0.17860115
2.5582006,2.974284,1.1011777,4.8798566,1.9822431,-2.6463432,1.3650377,0.8343754
1.1355426,2.566732,1.1694334,4.6907725,1.9804342,-2.5908482,1.3758025,0.8160274
1.5553001,5.5652456,1.1783879,4.676079,1.9756906,-2.6055248,0.5560546,0.6227374
0.82015336,7.532156,1.1293128,4.676039,1.9796028,-2.612525,0.031161308,-0.35632634
2.9358366,4.0143013,1.1192269,4.708648,1.9640231,-2.6822925,0.2402929,0.1419074
1.2755973,6.243334,1.1076055,4.70934,1.9889343,-2.6191566,0.23194373,-0.16643235
0.7672951,9.907845,1.131036,4.7058897,1.9858267,-2.5914571,0.3265568,-0.44027337
1.7538807,3.0853174,1.131835,4.7532854,1.9709344,-2.612619,0.26842904,-0.29985997
0.6179302,4.770988,1.1038222,4.8118505,1.9371843,-2.5757713,0.33487308,0.28964037
0.6175971,6.1694736,1.1125684,4.8843307,1.8750846,-2.480855,1.5949745,0.4759037
2.9617908,4.757555,1.070724,4.901269,1.9061875,-2.5541594,2.8892717,0.2921133
0.7615417,3.45936,1.0911725,4.7867227,1.9047711,-2.5021095,2.6332405,0.6291015
2.5701787,3.3613958,1.1656456,4.842432,1.8227534,-2.5087652,2.8199294,0.73936343
2.2079039,2.918416,1.1414776,4.866503,1.8184931,-2.4500403,2.6872606,0.77234054
1.9878321,5.8523855,1.1141164,4.8335915,1.8060308,-2.4393024,1.1276872,-0.039776474
1.3863815,6.6483808,1.0803111,4.896307,1.7977409,-2.3733158,0.8426466,-0.38874623
0.94409674,6.41484,1.1189706,4.9343233,1.8040795,-2.4910376,0.70982647,-0.24207526
0.78844357,6.735769,1.1129303,4.931993,1.8664379,-2.4823542,1.3605843,0.6326505
1.2394432,9.060428,1.1297283,4.885426,1.8866923,-2.562193,1.8528829,-0.055430055
0.858824,8.570435,1.115777,4.811796,1.8764863,-2.4779265,2.7244534,0.16863179
1.26683,5.5986686,1.1018515,4.9277415,1.8981183,-2.5342696,2.0638225,0.631125
2.4016714,2.56852,1.0964949,4.9297013,1.8371019,-2.466575,2.6326263,0.45253468
2.2232583,2.4363637,1.0785885,4.80451,1.8327014,-2.388336,0.13136327,0.45335555
2.6550245,3.6644418,1.0829687,4.781836,1.8378928,-2.4916701,0.8283756,0.2229433
2.7933526,5.355655,1.052866,4.8585763,1.8518691,-2.4493785,-0.36815852,-0.12050301
0.9040282,2.6317477,1.0467138,4.9265065,1.8613677,-2.5192423,1.3461549,-0.01746285
2.7393808,8.809545,1.0609698,4.9475584,1.8768725,-2.4700873,0.5692574,-0.05442339
1.2424012,3.1945097,1.1154985,4.8080063,1.8372695,-2.4591365,0.23799574,-0.20391816
1.4931877,6.9967084,1.1557727,4.696657,1.8415015,-2.4298344,2.8724747,0.43778515
2.2360806,3.3939943,1.1588588,4.7066174,1.8865662,-2.4405317,2.2981203,0.31627756
2.2502458,9.533623,1.059294,4.7033386,1.9741881,-2.60804,1.0647595,0.36312747
2.6391692,8.645092,1.0648649,4.8310623,1.9903142,-2.6011872,0.83023965,0.35673922
2.3824503,6.3543806,1.0821033,4.82368,1.9454343,-2.5450125,0.3310653,-0.10719895
2.463365,7.3400927,1.0496883,4.897851,1.9873412,-2.6287696,0.8128257,0.7107836
2.8099983,4.5073366,1.0073164,5.0026093,1.9797511,-2.681931,1.5959492,0.5804758
2.7262988,6.935527,0.9599047,4.9522333,1.9817874,-2.6212912,0.4734112,0.046997428
2.4604535,3.3107438,0.9557034,5.0218077,1.954303,-2.6108427,-0.07079607,-0.024219632
2.4858718,8.925835,1.0051756,4.981662,1.9789941,-2.5839086,-0.1791771,0.37113225
1.2778301,2.3507128,0.9257896,4.9991093,1.9748662,-2.563573,0.43226957,-0.021436602
2.7574723,9.44159,0.98574305,5.0674596,1.9844546,-2.5803158,-0.48019147,-0.23650527
1.1248837,8.192227,0.9648036,5.1056433,1.9190304,-2.5390177,-0.17545205,-0.12629122
2.3595986,8.218948,0.96426463,5.186901,1.8915732,-2.4629102,0.4696356,0.14431763
1.7251724,9.637322,0.8610482,5.3686037,1.9032862,-2.4561393,0.35807276,0.053748906
2.7553604,2.5226421,0.7648802,5.52186,1.9236126,-2.4583187,-0.65258944,-0.43345436
2.7328527,4.0079618,0.7944776,5.542297,1.9446316,-2.5739708,-0.7005156,-0.16687593
2.9171832,7.0356674,0.77473855,5.5565395,1.9262891,-2.4958434,2.955085,0.35356385
2.0987723,5.9137764,0.7724669,5.5145845,1.9753332,-2.612852,0.63560474,0.4376375
2.3346572,5.099124,0.8002794,5.4080677,1.9848173,-2.6519399,0.5256258,0.3953377
2.6165404,4.353674,0.8104764,5.6230063,1.9773293,-2.6787527,0.64626527,0.52112067
2.3450928,7.061431,0.79228425,5.462755,1.997894,-2.579924,0.3891908,0.047823966
2.6729817,5.408727,0.6924486,5.5316963,1.995156,-2.5539846,0.40321672,-0.14562717
2.6095107,4.167459,0.714591,5.568327,1.9947097,-2.6635144,0.15728343,0.15834337
2.3981287,6.058248,0.7200222,5.5610332,1.9695067,-2.5576973,0.40841436,0.43945348
2.33481,7.832703,0.663854,5.6691556,1.9164116,-2.5321932,-0.19124573,0.45100528
1.3589594,9.008335,0.71267486,5.8607984,1.9250467,-2.5697184,0.37476826,0.46294183
1.3409488,8.85479,0.7597821,5.5814157,1.9310956,-2.5291443,0.70781505,0.045377493
1.2831359,6.2938485,0.7976563,5.613185,1.9320469,-2.5829892,0.48405862,0.25774777
0.627573,8.670866,0.78061306,5.6963453,1.8666313,-2.554955,0.57622147,0.26299548
0.6861671,7.4672103,0.8617914,5.633193,1.8644109,-2.548312,0.34176803,0.34725785
0.53932834,5.2799435,0.78372014,5.717819,1.8666246,-2.4809558,0.048187852,0.019709527
0.56347555,8.793336,0.8086597,5.8094,1.9030774,-2.5005686,2.4484954,0.33226067
0.60610926,7.7324686,0.8086904,5.8466063,1.9126334,-2.5738254,1.3608148,0.45125186
0.55012006,8.383061,0.79109716,5.768929,1.9038076,-2.5397115,1.8389332,0.5914687
0.55312526,6.907286,0.76409626,5.811618,1.9506586,-2.5882227,0.41496658,0.4592898
0.52530545,6.7579327,0.7161958,5.860921,1.9600427,-2.5903482,2.5429409,0.3157708
0.8855073,9.240068,0.7276828,5.727499,1.912962,-2.5554893,2.149136,0.32524538
1.3526913,4.0472307,0.74360144,5.740658,1.8669395,-2.4909463,2.5402036,0.8566413
1.079464,8.7346115,0.78417575,5.678388,1.855278,-2.5039978,1.0654502,0.86097026
1.7966378,8.749446,0.73517144,5.72079,1.8802583,-2.4409533,1.033273,0.33746362
2.5637658,8.434641,0.7651093,5.618544,1.85517,-2.4540393,-0.46091747,-0.21186757
2.3711774,9.291296,0.8204043,5.590972,1.8527567,-2.5072358,0.43373907,0.1562984
1.0860363,5.5627613,0.8591325,5.529316,1.8268464,-2.4613104,0.7785218,0.21013516
2.8371177,6.561064,0.8529892,5.3119645,1.8142962,-2.4157677,-0.0047363043,0.38298774
2.6387272,5.28648,0.77710116,5.555705,1.8515949,-2.4218445,1.6827724,0.2533027
1.4098704,7.9705076,0.839128,5.5638785,1.8981607,-2.5305731,2.5476146,0.3083722
2.5817294,2.1624973,0.7808083,5.732597,1.8682716,-2.555483,2.3618195,0.33897263
1.8564771,9.73057,0.7529113,5.6483965,1.9400806,-2.55615,-0.5346636,0.32898748
0.6087493,5.7243223,-0.72355413,9.050556,0.95099616,-1.5564054,-0.1567657,0.18903589
0.5876155,5.5398617,-0.67871964,8.897659,0.8924036,-1.5203391,-0.1504603,0.25612885
0.56428206,5.6687145,-0.5963432,9.065857,0.8597193,-1.4942204,-0.03540325,0.098691344
0.5586082,5.4072285,-0.54188776,8.999926,0.8336024,-1.5217927,-0.030227482,-0.12201998
0.56248987,5.229521,-0.623851,9.025494,0.9267533,-1.5110402,1.9865446,0.5102259
0.5453649,4.8001647,-0.682508,9.146242,0.91375923,-1.5322887,1.1446905,0.74947953
0.5858135,6.001554,-0.6977743,9.225628,0.89385295,-1.5107778,1.2238288,0.7178047
0.5890051,6.6873813,-0.73200524,9.170292,0.914624,-1.4394779,1.3883562,0.8033323
0.5904445,5.7958636,-0.7299573,9.083508,0.86843896,-1.4192162,0.7198038,0.78752923
0.586907,5.151238,-0.78098273,9.144784,0.8670709,-1.4303336,0.6707978,0.7032242
0.57814103,4.8118105,-0.7875099,9.334574,0.8758714,-1.4902258,0.6465275,0.63649654
0.5551748,5.1359396,-0.90004456,9.474587,0.8421178,-1.4893444,1.4842856,0.7985742
0.56613225,5.3647146,-0.86596775,9.533938,0.85709524,-1.453536,1.505528,0.8151927
0.5434906,5.979642,-0.93537956,9.674773,0.88065934,-1.4770863,1.7742848,0.75196934
0.55135584,5.221447,-0.87788665,9.408804,0.8746879,-1.4693274,2.0925598,0.6193652
0.5398265,5.821924,-0.7985682,9.37397,0.8665178,-1.4565507,-0.19456655,0.19260049
0.53714657,5.2880373,-0.69049317,9.445827,0.8789301,-1.4913485,-0.020360053,0.613014
0.54625094,5.6091676,-0.68767226,9.409176,0.86241865,-1.5425357,0.34134054,0.6062095
0.56744426,6.2284203,-0.78018767,9.429731,0.85276294,-1.490207,0.028254628,0.38418055
0.5937924,5.732936,-0.7484014,9.374489,0.8576362,-1.5006517,0.09690809,0.38403058
0.639192,6.3839602,-0.76813215,9.388432,0.8788059,-1.5126095,1.7339706,0.6902919
0.59505635,7.5147476,-0.96064603,9.567364,0.91244006,-1.4555655,0.03086698,0.5374843
0.53613317,6.9752274,-0.8411678,9.572798,0.9182761,-1.5455333,0.1380415,0.38099027
0.53101236,7.1383467,-0.82495105,9.557637,0.95807123,-1.5013858,0.6433985,0.410442
0.5523476,6.8643465,-0.8211137,9.764681,0.90290093,-1.4894719,0.91939783,0.7522019
0.5524043,7.7803655,-0.9325651,9.974581,0.8433256,-1.4401312,0.7693418,0.5227666
0.53702897,7.454078,-0.8127478,9.967375,0.8527682,-1.5048509,0.07940042,0.38981926
0.52219826,7.3219543,-0.7629586,9.87895,0.8529124,-1.4501889,0.26989782,0.24612677
0.52555865,5.9310393,-0.6416444,9.556207,0.76637936,-1.4247576,0.014518738,-0.1304242
0.5313955,5.1047025,-0.6741045,9.329224,0.76202416,-1.4131511,-0.018671751,-0.19289806
0.5734536,6.1155663,-0.6140274,9.336809,0.7626581,-1.3831948,-0.16279554,0.13826215
0.55489117,6.4778023,-0.7993824,9.4320345,0.8434818,-1.4425925,-0.32131982,-0.047893196
0.55086297,5.9190273,-0.7704055,9.485882,0.8201244,-1.4490099,0.060219884,0.5338366
0.58849585,6.524475,-0.8865967,9.496475,0.80679274,-1.4592907,0.08628619,0.13479453
0.5584237,6.0601845,-0.8431909,9.364006,0.7863121,-1.4280837,0.117800236,0.15631229
0.56374776,5.690175,-0.7806909,9.398883,0.7744496,-1.3825061,0.10046041,0.26019025
0.5796093,5.3706646,-0.7805296,9.261432,0.78238153,-1.39967,0.053905725,0.32691145
0.5718521,5.675576,-0.73992604,9.244875,0.8094597,-1.4747969,0.055261254,0.2928995
0.56680894,6.3989334,-0.70471466,9.243145,0.8753891,-1.4552939,1.679137,0.7110789
0.51180255,5.9860716,-0.6368756,9.33056,0.8766928,-1.5353563,1.8047178,0.6337694
0.6092613,6.1049438,-0.5693103,9.060622,0.8660085,-1.4723883,1.6778283,0.46916258
0.5854594,7.293024,-0.52281064,9.076597,0.8373413,-1.4904301,1.2762773,0.37399948
0.5963846,5.817174,-0.53213,8.977713,0.87911224,-1.5008574,1.6282609,0.6428478
0.658744,6.5775776,-0.4894997,8.907773,0.8648946,-1.4960951,0.78974414,0.8025191
0.61171335,6.025778,-0.5593461,8.85349,0.8301518,-1.4543656,1.4560902,0.5396528
0.63090897,6.477474,-0.4996835,8.917213,0.83898664,-1.4076086,0.47586906,0.61764455
0.73450166,6.4817,-0.7202046,8.939613,0.7851634,-1.4065988,0.37486327,0.61976135
0.7248099,7.3893876,-0.72245157,8.86147,0.776705,-1.3000104,-0.35899854,-0.22954422
0.86715746,4.831965,-0.52666175,8.558874,0.7896786,-1.4092866,-0.3884769,0.30174
0.9580151,8.9045515,-0.6889194,8.610809,0.7669487,-1.2881055,-0.7495332,-0.35338512
0.9938078,6.8856206,-0.75776565,8.628845,0.74540615,-1.3487316,-0.91194665,-0.41527113
1.1059241,5.931901,-0.6411166,8.518137,0.76161814,-1.4132634,-0.33005065,-0.46083564
1.0298402,7.0304027,-0.77614564,8.54425,0.7347698,-1.2890793,-0.5074209,0.5105021
0.9618048,7.37829,-0.9477033,8.777163,0.76931596,-1.283727,0.40217328,0.66846955
0.8258114,7.9167075,-0.80782664,8.854174,0.7500553,-1.3192468,1.8831558,0.60497904
0.84507024,8.773291,-0.77737087,8.918973,0.7631006,-1.3692695,1.8438928,0.6191968
0.7670482,7.08585,-0.65967494,8.808285,0.73509216,-1.3485248,1.4600551,0.17555255
0.752539,7.1160626,-0.67216736,8.829296,0.78033113,-1.3493081,1.4262314,0.8598108
0.7143841,7.8346715,-0.48010385,8.782251,0.74414897,-1.3367465,0.31473255,0.55289674
0.7984162,8.795532,-0.58492005,8.855702,0.7341628,-1.3371589,0.383332,0.4994138
0.78887075,8.6405945,-0.57980174,8.662285,0.70364594,-1.3265065,0.39806867,0.28475916
0.79757476,7.9713225,-0.70213807,8.853776,0.7319064,-1.2958629,0.4262693,0.6236758
0.7831049,8.141855,-0.75385916,8.950687,0.7584295,-1.3194988,0.1536659,0.62404275
0.82862264,9.570278,-0.7941696,8.9703665,0.7281375,-1.3371422,0.40825534,0.48551035
0.8021614,9.615669,-0.80013776,8.969093,0.83220387,-1.354885,0.69501436,0.53570974
0.76053107,9.476049,-0.81394017,9.013351,0.7959981,-1.3699663,0.275532,0.4591052
0.7790225,9.311174,-0.81920993,9.167903,0.79449606,-1.3610891,2.0313084,0.79930234
0.77508855,8.474696,-0.7656045,9.195066,0.72273254,-1.3568354,0.32785892,0.75654507
0.7151184,8.513456,-0.87827396,9.264511,0.728945,-1.4211348,2.5457706,0.4781705
0.72778517,7.774219,-0.78824216,9.270883,0.7592683,-1.3864379,0.11295283,0.6255181
0.698341,9.1819725,-0.81647694,9.282601,0.72641253,-1.315387,0.4374168,0.32143354
0.72871107,9.502068,-0.7611297,9.261784,0.6837616,-1.2868062,0.4302112,0.6991725
0.6941049,8.665814,-0.687489,9.385151,0.6284735,-1.2587796,0.6154876,0.5374516
0.7069864,8.986201,-0.8210424,9.358035,0.6711557,-1.2441039,0.17485964,0.478922
0.72087544,8.498148,-0.86249715,9.319292,0.6756458,-1.2949495,0.22347116,0.5552993
0.7579361,8.250323,-0.947261,9.30135,0.64601374,-1.2685826,0.31377387,0.18547869
0.80022806,9.00942,-0.95799404,9.309115,0.6986995,-1.2804394,0.110589504,0.605742
0.73271036,9.132417,-0.92836434,9.402553,0.67742324,-1.280193,0.2328229,0.35643506
0.70051974,9.1364765,-0.7942294,9.595463,0.6624341,-1.3265666,0.28684723,0.3261534
0.68382055,9.486043,-0.7965313,9.710045,0.6430726,-1.2910149,-0.04435247,0.5000323
0.67233324,9.899479,-0.5378287,9.538883,0.620306,-1.2902844,0.9876565,0.52867126
0.6441273,9.775944,-0.5470825,9.583023,0.6087394,-1.2488263,0.73810947,0.5943967
0.6369829,8.872399,-0.44832814,9.439705,0.6031356,-1.2266381,1.3701355,0.5507548
0.6441288,9.525162,-0.6359999,9.568731,0.6277971,-1.2324626,0.9358294,0.81953573
0.64779687,8.792837,-0.61312854,9.411091,0.6421423,-1.2636611,1.2052891,0.78426516
0.66738147,8.61928,-0.6465324,9.355725,0.69189906,-1.3186759,1.0249672,0.5715848
0.6510819,7.5737066,-0.8658659,9.395008,0.6961286,-1.3687917,0.10226691,0.17642498
0.69186383,7.699643,-0.8845512,9.395702,0.57522917,-1.2610327,0.13684273,0.12853956
0.7099577,6.8986254,-0.83512044,9.278709,0.49905157,-1.1619104,0.29673767,0.25838602
0.6714194,6.33943,-0.806294,9.313658,0.5282204,-1.179528,0.32754636,0.33366257
0.6753142,7.010788,-0.81792617,9.386711,0.5488739,-1.1447973,0.09156406,0.40874672
0.67594254,7.3086014,-0.82118094,9.39435,0.5232372,-1.123788,0.46862125,0.3324939
0.678349,7.5468707,-0.781907,9.444378,0.5548794,-1.143655,-0.18657881,0.5028758
0.70521986,7.941718,-0.95925814,9.457348,0.554657,-1.1978173,0.6093739,0.4755175
0.72382206,6.32175,-0.9237202,9.091686,0.66573954,-1.271961,-0.009547234,0.23559248
0.7129413,6.0616245,-0.9469389,9.219737,0.636873,-1.2390828,0.026796818,0.61231303
0.6275058,5.0094724,-0.9323642,9.285551,0.6835699,-1.2758505,0.7149277,0.7006352
0.629501,6.6197987,-0.85585296,9.29943,0.6977992,-1.2494903,0.7289878,0.7041762
0.6532234,6.692853,-0.80803126,9.179449,0.6779096,-1.256469,1.7228677,0.7698288
0.6750118,6.2040114,-0.7968675,9.167274,0.63986254,-1.274693,1.8376906,0.6897429
0.71437764,7.809334,-0.62053317,9.119,0.6778083,-1.3055966,2.2598007,0.6535976
0.68258965,6.7183743,-0.8097951,9.029676,0.72433376,-1.303942,0.7043216,0.62765694
0.6470447,6.6020966,-0.7385336,9.239549,0.72934556,-1.302485,0.29003143,0.6178162
0.6437564,7.605609,-0.6561179,9.262892,0.70316577,-1.2948844,0.46286833,0.6598332
0.6272369,8.455916,-0.67093205,9.373795,0.7266202,-1.3861227,2.122778,0.5958545
0.67113686,7.9932094,-0.75152695,9.469125,0.73754835,-1.3679192,2.5796847,0.67623615
0.6453186,7.3879695,-0.7281008,9.317412,0.7631061,-1.4390314,2.0987308,0.75081146
0.6230828,5.8766975,-0.80904025,9.188362,0.8653507,-1.4404768,-0.057783067,0.73860455
0.6319128,5.760774,-0.78323895,9.280119,0.82656074,-1.4392176,1.6897426,0.90876496
0.62162006,6.722764,-0.84213233,9.350397,0.83519316,-1.4523389,0.69446456,0.7576723
0.6206269,6.366247,-0.8100358,9.254213,0.7598884,-1.3838428,1.321991,0.45280695
0.5815945,6.2094,-0.7134227,9.344203,0.7707715,-1.4144945,0.5592989,0.78229713
0.6181529,7.425961,-0.7612062,9.399544,0.779685,-1.4344085,1.848877,0.65611017
0.6069786,7.7396398,-0.73281825,9.48888,0.81887746,-1.4604843,1.8043771,0.6940954
0.60282433,7.335328,-0.7720418,9.433714,0.8452265,-1.4254872,0.6838983,0.70538044
0.60091245,7.4033265,-0.80810606,9.478405,0.86720943,-1.4502707,0.7481364,0.68707407
0.5763676,6.9401093,-0.856084,9.605244,0.8941035,-1.4731064,2.1964545,0.69302773
0.6189859,4.983214,-0.8955516,9.230354,0.91937375,-1.4626601,1.3108072,0.52742994
0.60695434,4.751782,-0.86312383,8.984579,0.9435561,-1.4678483,-0.2937603,-0.20701686
0.6338906,2.119303,-0.98197,8.851068,0.92671466,-1.4650059,-0.6421186,-0.11228651
0.6898116,4.182228,-0.9850785,9.25041,1.0125961,-1.5721397,-0.6598822,-0.109507024
0.6541158,5.552417,-0.8919028,9.2300205,1.050153,-1.6096147,-0.9243546,-0.46514726
0.65803945,6.1481247,-0.9293109,9.264536,1.0348959,-1.5771091,-0.75815487,-0.2971236
0.6833701,9.066248,-0.8828367,9.318855,1.0126936,-1.5404298,-0.75767684,-0.24382496
0.6837608,8.597559,-0.8687557,9.3028755,1.0411181,-1.541182,-0.38269418,0.44801927
0.64901423,9.812846,-0.8107835,9.34093,1.0207224,-1.5929583,2.301932,0.41745615
0.74389446,9.845532,-0.77592325,9.152222,1.0299206,-1.6238227,0.0032930374,0.62705886
0.6960141,9.923121,-0.8523433,9.287136,0.95155954,-1.5709271,0.057546496,0.47046566
0.6861562,9.880852,-0.8400552,9.571962,0.8727977,-1.489471,-0.03147143,0.22521698
0.6771195,8.712181,-0.8578413,9.588072,0.85937357,-1.5058444,-0.14454848,-0.32093316
0.6852596,9.574414,-0.9345558,9.655075,0.9662905,-1.5651675,-0.12586403,0.5295117
0.6359179,9.0684185,-0.96112853,9.730324,0.9807615,-1.586087,-0.13789779,0.1590544
0.64010894,8.86081,-0.9132112,9.798346,0.9602411,-1.613422,-0.14423656,0.27135205
0.6515462,9.972028,-0.8450492,9.778423,0.96057487,-1.5697489,0.22447741,0.72396433
0.6651628,9.973743,-0.9529959,9.741741,0.93382764,-1.5747678,2.5339012,0.5928266
0.6448838,9.945663,-0.9937427,9.738447,0.92262053,-1.4639993,0.26463127,0.7949003
0.6429547,9.817074,-0.99554735,9.763293,0.89359283,-1.5415685,0.14701498,0.10165715
0.6958116,9.940836,-0.99638164,9.868418,0.8739042,-1.5587403,0.06515038,0.48309577
0.69862497,9.530338,-0.9896878,9.917566,0.8345001,-1.5646478,0.14367819,0.55864644
0.66414714,9.644375,-0.9922285,9.89409,0.8288443,-1.5141752,0.11430168,0.55024874
0.6431736,9.296425,-0.98896086,9.9541,0.9160924,-1.5629423,0.015385151,0.59555745
0.6428789,9.213879,-0.9794572,9.950085,0.8979516,-1.5458531,0.25284946,0.028198004
0.5672975,9.101938,-0.9335928,9.976017,0.88323283,-1.512646,-0.15899074,-0.20500785
0.5433567,8.78549,-0.75473756,9.799167,0.8907721,-1.5589867,-0.15400612,-0.17672679
0.55412734,8.908052,-0.7755241,9.817631,0.887249,-1.4628875,0.39148736,-0.17235392
0.54152554,8.687353,-0.7719958,9.896567,0.8789263,-1.503513,-0.17297256,-0.087507784
0.5628124,8.509239,-0.75721556,9.7974,0.8947723,-1.496764,0.23138356,-0.08604422
0.52930814,8.578032,-0.75446904,9.851518,0.8829248,-1.4217441,2.1431472,0.76815987
0.54160297,8.283777,-0.6707655,9.732182,0.8695612,-1.4489568,1.9640913,0.764915
0.5324556,9.193476,-0.5749545,9.629922,1.0265341,-1.6311971,0.65718186,0.5851147
0.5300742,9.136702,-0.5647349,9.626432,1.0182834,-1.6240453,0.6182538,0.63528156
0.5045426,9.18569,-0.554482,9.652817,1.004648,-1.5582782,0.64971566,0.60904455
0.50160474,9.107348,-0.4328239,9.762827,0.9387326,-1.6172174,1.6747189,0.70366
0.50119287,9.349474,-0.38924932,9.732676,0.9545758,-1.5517378,0.4159565,0.6928197
0.50458467,9.024124,-0.4321434,9.756201,0.9264052,-1.5117673,0.58582103,0.78630686
0.5083637,8.560815,-0.7060768,9.758055,0.9574406,-1.4962165,0.46874142,0.77103424
0.5819086,9.216996,-0.57573915,9.783933,0.8467057,-1.4947357,-0.16008967,0.576929
0.6264385,9.709214,-0.79399014,9.830397,0.7908857,-1.4499847,2.0658622,0.63551605
0.6184257,8.987179,-0.7085942,9.533387,0.79600716,-1.3819417,0.54726434,0.5327201
0.6575091,8.487526,-0.8261305,9.59374,0.79665303,-1.4151181,0.47827816,0.6889223
0.67511296,9.469715,-0.909245,9.606106,0.8318236,-1.4003546,0.7420951,0.5592232
0.6732676,9.694889,-0.9437761,9.846222,0.8024769,-1.4498122,2.7375534,0.5832579
0.67146057,9.544389,-0.9770737,9.771882,0.7956548,-1.3962379,1.604053,0.6743951
0.67351925,9.808528,-0.92643744,9.862339,0.77444005,-1.4011567,0.034870744,-0.039542556
0.66241044,9.712143,-0.96511066,9.713493,0.7518692,-1.3533452,-0.30267173,-0.17444316
0.65231705,9.374449,-0.8571537,9.78441,0.6379702,-1.3404332,-0.22866678,-0.21802142
0.67037123,7.794793,-0.989903,9.692482,0.67005634,-1.3070602,0.0356946,0.299484
0.67085075,8.941792,-0.9887518,9.837475,0.6729667,-1.2345059,0.16109788,0.6570511
0.6810652,9.053708,-0.9634637,9.857957,0.62781954,-1.2232178,1.2058024,0.66942143
0.6791894,9.033951,-0.6776022,9.671707,0.5640733,-1.1875825,0.6783216,0.6389897
0.62289965,9.317103,-0.8210409,9.87623,0.517946,-1.1866229,1.9123597,0.56585026
0.64604,9.042974,-0.7856903,9.742796,0.5213201,-1.0998237,1.0438704,0.34058303
0.6394377,8.975594,-0.67116046,9.682953,0.5542834,-1.1887865,0.9769635,0.1500504
0.63228375,9.244991,-0.6682937,9.616449,0.5528312,-1.1422005,2.850204,0.4314713
0.620915,8.720926,-0.6048357,9.615127,0.52293706,-1.1813282,2.0421026,0.27916884
0.6398489,9.068104,-0.59539795,9.611403,0.56203127,-1.1683161,1.4945889,0.46565318
0.619519,8.6101265,-0.63328207,9.430775,0.61283517,-1.1672237,1.4986103,0.65659535
0.61620826,7.237719,-0.6594892,9.533711,0.5795336,-1.1741378,1.403203,0.6739371
0.6387514,6.6948338,-0.8211407,9.501221,0.5050113,-1.1315131,1.0044498,0.5767772
0.6067922,5.937768,-0.9329602,9.379349,0.52028966,-1.111438,1.137753,0.6338645
0.6150022,4.9714165,-0.9573183,9.348687,0.5593035,-1.1728086,2.3639095,0.7317575
0.6040931,4.3825088,-0.9630878,9.32608,0.5532775,-1.1433537,0.2390225,0.7553327
0.5728781,3.6477466,-0.925879,9.135019,0.5770817,-1.1491252,0.56227505,0.8254374
0.55259424,3.8020291,-0.8378351,9.214394,0.54608107,-1.157491,-0.115918696,0.62637436
0.5236113,4.7191133,-0.8655516,9.398249,0.60666966,-1.2129376,1.279207,0.62225676
0.588091,5.4033,-0.8844281,9.374817,0.63816476,-1.2253468,1.3418934,0.7875378
0.5757953,4.809723,-0.93935436,9.378021,0.62416387,-1.2435982,0.559852,0.6404871
0.5783448,4.55297,-0.8990003,9.480186,0.5826919,-1.1734968,0.83036184,0.5725678
0.55105627,4.5518646,-0.98347235,9.601734,0.60077596,-1.2458282,-0.19471353,-0.34043327
0.5973845,4.75985,-0.9520308,9.475114,0.5603988,-1.2396551,-0.13930261,-0.35922182
0.63378185,4.609049,-0.94873106,9.434357,0.5377867,-1.1437442,-0.653875,-0.3896064
0.63036376,5.549094,-0.9375763,9.451075,0.58782506,-1.2208314,-0.47792768,-0.47180548
0.6385714,6.6651416,-0.94991946,9.295252,0.6630442,-1.2760954,-0.3352325,-0.48721957
0.64647406,6.206703,-0.8738494,9.463252,0.6404362,-1.2151563,-0.7394069,-0.40254408
0.6579889,5.9872994,-0.9122351,9.412815,0.7567301,-1.309154,-0.85710084,-0.40255123
0.6455722,6.0189323,-0.7798618,9.320553,0.7063451,-1.2731054,-0.98219526,-0.20662451
0.6095843,5.0845437,-0.8166209,9.290403,0.6620164,-1.2365835,-0.9424598,-0.2303567
0.60488284,5.213605,-0.80542195,9.407803,0.60441566,-1.2389593,-0.87332445,-0.41536474
0.598484,6.3347816,-0.8886375,9.419174,0.6936405,-1.2477005,-0.88138574,-0.3889932
0.64877546,6.341514,-0.9959763,9.316812,0.7159724,-1.2509637,-0.866369,-0.4547068
0.7319532,6.3568583,0.8494873,5.9389973,1.5623393,-2.1511683,1.0058608,0.5296526
0.64016116,9.351234,0.7960117,5.9456844,1.6320834,-2.2307851,0.6923368,0.428528
0.64078957,8.346001,0.7707697,6.0824738,1.6058686,-2.2743928,0.16056454,0.3596574
0.7234316,9.061344,0.8641732,5.878125,1.6434813,-2.294581,0.57178545,0.06409323
0.721854,9.506338,0.87660754,5.8346887,1.6406574,-2.330309,0.25577104,-0.0460307
0.87004447,5.410879,0.8019881,5.868045,1.6381519,-2.3012357,0.6257129,0.11374432
0.6816718,2.7183938,0.7619424,5.7772574,1.7012568,-2.3231492,1.4160082,0.44191366
0.7969996,2.5372565,0.8246864,5.551764,1.7014096,-2.2911549,0.8293307,0.19265485
0.6608902,2.1282766,0.83188343,5.630686,1.7488239,-2.3555229,0.5818809,0.64139307
2.7591171,2.136186,0.8809953,5.705766,1.6952105,-2.352223,2.989684,0.7982372
0.9356295,9.811092,0.90166235,5.523773,1.6579864,-2.263509,1.1920397,0.404073
2.2760468,9.348225,0.9251754,5.5101595,1.6962569,-2.3785496,1.344461,0.6076431
0.8590567,5.6666327,0.9563768,5.557607,1.6885815,-2.326529,2.2470238,0.65166056
0.53987366,5.0091,0.92086315,5.742855,1.6320369,-2.323254,1.3101289,0.53700006
0.5944447,5.1904716,0.9972719,5.5843296,1.6196923,-2.2699294,1.8651133,0.34076512
0.7249079,5.1361437,0.9347979,5.5549793,1.644758,-2.362756,1.9019899,0.30929846
0.9365311,9.230875,0.9604348,5.589698,1.589802,-2.188901,2.2365088,0.10948467
1.0317907,5.7427263,0.94090176,5.612625,1.5709264,-2.175932,0.64812696,0.5231867
0.8438635,6.3380585,0.9857727,5.5170236,1.5407875,-2.1741962,0.5661082,0.47418725
1.0047705,8.195588,0.8989929,5.5566797,1.5306358,-2.1612816,0.5282532,-0.023803651
1.6649089,8.700706,0.9869554,5.6362457,1.4158823,-2.0996158,0.30777788,0.23467034
1.9061822,6.432283,0.9696009,5.427704,1.4458952,-2.023906,-0.042901754,0.16507792
2.174038,5.482069,1.0018344,5.213556,1.4616687,-2.03475,0.39756882,0.31976533
1.4809687,7.8679914,1.0318122,5.3787985,1.518637,-2.1325974,0.4252094,0.47853816
2.2096453,7.42855,1.055222,5.171584,1.5252836,-2.1012793,0.6610836,0.43701136
1.36715,7.38462,1.0382118,5.176032,1.519983,-2.0894835,1.5901873,0.22287834
2.8519106,9.470837,1.0325155,5.175825,1.5168025,-2.10631,0.6481974,0.44765198
2.8935714,4.8409376,0.97130096,5.4177256,1.4954171,-2.0957541,0.5599191,0.24122673
1.8075862,5.844451,0.9853027,5.3918066,1.5158112,-2.0769932,0.37503946,-0.0041107833
2.322617,8.362032,0.9666233,5.4267445,1.5313904,-2.1309862,0.9586861,0.5083363
2.8230398,9.289198,1.0314999,5.4422274,1.5885723,-2.2084284,2.6307507,0.5370629
1.194413,8.171366,1.110662,5.2524166,1.564101,-2.1938667,0.063443184,0.45950556
2.127984,6.6644692,1.1233048,5.117228,1.5723746,-2.2085829,0.11304712,-0.3809173
0.8854815,6.939368,1.1714325,5.1323643,1.5569572,-2.2098117,2.986424,0.71737695
2.6235921,6.302174,1.1060896,5.4091563,1.5600955,-2.2206354,0.6905277,0.87189376
1.2288578,4.521041,0.9879043,5.432435,1.5419285,-2.0875466,1.9004955,0.6745821
1.6863906,4.049822,0.9979117,5.4373493,1.5583806,-2.1969657,0.72085464,0.53011394
1.5862393,3.7397494,0.95037365,5.486985,1.6134081,-2.2010171,0.42055917,0.75107694
2.27191,8.357712,0.9724431,5.5980377,1.578687,-2.2212625,2.566137,0.81929755
2.6635413,7.3057356,0.9626653,5.4222174,1.5541918,-2.1293826,0.6531925,0.1505059
2.798496,6.5631094,0.9796083,5.417921,1.5288317,-2.1639714,0.2668203,0.37312484
1.8701887,7.1035824,0.99415267,5.4506044,1.5736835,-2.2056186,0.02675724,-0.27281654
1.928641,9.307833,0.93259776,5.53808,1.5827351,-2.183071,0.39348245,0.2596497
1.3154826,6.005902,0.9336271,5.542188,1.5379031,-2.171558,0.15519524,-0.33808032
2.6971493,4.9936533,0.8709159,5.5994577,1.5458486,-2.1603017,-0.30110252,-0.389872
2.9347215,6.8496714,0.9253049,5.595691,1.554024,-2.1978183,-0.23769236,-0.31619155
1.9526612,2.6769605,0.92023516,5.583112,1.5605919,-2.2162015,0.5113871,0.3810829
0.81258893,2.8720503,0.9122057,5.5454164,1.5947742,-2.1998005,0.19553578,-0.14423823
2.126199,9.621103,0.9107809,5.5584183,1.5946071,-2.2441652,0.03236413,-0.080097854
2.7243924,4.9039774,0.92196107,5.4988194,1.5924304,-2.2602248,0.05040741,0.19570076
1.2999048,3.8432114,0.93289685,5.477786,1.55387,-2.1957703,0.5465597,0.41730118
1.1413133,9.506151,0.931844,5.5818825,1.5042739,-2.1128936,1.054039,0.52135503
2.650889,2.515312,0.9333472,5.5350294,1.4640582,-2.064442,0.19642735,0.4906206
1.0742208,3.1572661,0.97294617,5.5380387,1.4680212,-2.0989003,0.40958416,0.39449823
0.6488196,2.727083,0.9597187,5.5311155,1.4865322,-2.087896,0.23486781,-0.059529603
2.206916,9.801514,1.0154607,5.5149856,1.4434481,-2.097389,0.3137318,0.25836968
2.9447315,3.6793427,0.96739316,5.460393,1.4687636,-2.0710397,0.66636896,0.12163925
1.3157221,5.6540556,0.9480188,5.4691057,1.5197959,-2.1119013,0.15935671,0.07371873
1.0518538,3.2898164,1.0210283,5.4521317,1.5156853,-2.2083895,2.0015502,0.05599773
1.5983537,7.0395837,1.0226352,5.510778,1.508079,-2.1338582,2.351301,0.36419213
2.3949504,6.5167866,1.0234177,5.4448237,1.4669671,-2.145337,2.4880052,0.4322083
0.8513703,2.408125,0.95764744,5.4196687,1.5162907,-2.0729122,0.76239216,0.52444565
2.6788087,9.063681,1.0285273,5.3588367,1.5582273,-2.1982355,1.5151823,0.59245956
1.5718265,2.829651,1.0595527,5.363481,1.5274642,-2.2060566,1.738647,0.224689
1.9453602,9.948883,1.0692258,5.311707,1.5763924,-2.205472,1.292243,0.7806499
0.96660566,2.0484776,1.1100721,5.295263,1.5638683,-2.2242606,1.2403948,0.54167247
2.9520025,9.930664,1.1190333,5.2022314,1.5484498,-2.1537962,1.6660829,0.4331689
2.9875023,9.90682,1.1156116,5.3741245,1.5220768,-2.1822648,0.95754063,0.7225603
2.0936708,8.717381,1.0608876,5.4924154,1.5127592,-2.1986792,0.9755635,0.4783293
1.4285488,3.1397119,1.0022316,5.3896093,1.5237284,-2.1388068,1.4491694,0.2559272
2.1756833,3.9397497,1.0183222,5.4050636,1.5155346,-2.1403615,2.0518882,0.2200597
1.3794478,9.844851,1.0801952,5.4306917,1.5139086,-2.1551032,2.9223466,0.6050559
2.2335515,3.4348245,1.0055861,5.4609957,1.5005198,-2.1439564,2.6412373,0.5491675
1.0013151,9.196049,1.0112207,5.580638,1.4974213,-2.1535814,0.08305383,-0.20191813
1.0239208,9.926691,1.1501963,5.382746,1.5014224,-2.1382399,2.8361843,0.5510894
2.6276577,2.0301306,0.9662874,5.4530435,1.4694366,-2.1106446,0.5511981,0.53026867
2.1739068,9.797324,1.0563278,5.328309,1.4428174,-2.1210299,1.4732327,0.35756183
0.85731983,3.7292314,1.0888753,5.361661,1.5178981,-2.200501,1.4640756,0.09669876
2.1832914,3.273505,1.0901749,5.3575363,1.4376717,-2.1031156,2.7938268,0.6701734
2.4256747,3.2144113,1.1035359,5.3286524,1.4519784,-2.1351032,2.8977695,0.22422987
0.69646984,2.0449092,1.0943942,5.3343697,1.5574212,-2.1778424,2.4916875,0.6963011
1.3379707,2.199548,1.0284753,5.189002,1.6200554,-2.2679908,1.9004936,0.49630463
2.1134696,8.006184,1.0705142,5.411355,1.5407043,-2.19157,2.5019765,0.45588148
0.91959065,7.3346934,1.1304481,5.4275637,1.5371077,-2.1760678,2.5273106,0.3393671
2.0158832,7.4540453,1.0760365,5.4952917,1.4638708,-2.1689827,0.26036108,0.5444517
1.9447684,5.808156,0.9751065,5.5311437,1.5014093,-2.1052518,2.5668864,0.6155269
1.3244656,5.8608875,0.97777176,5.402086,1.4669285,-2.0758128,2.5588791,0.58273256
1.2865486,4.836552,0.95773363,5.438301,1.5592072,-2.0918958,2.9209638,0.7974913
2.2677472,6.539927,0.98623824,5.305517,1.5561316,-2.082551,0.13136005,-0.3538711
2.3011947,5.4909563,1.0869973,5.112556,1.6073351,-2.2058883,2.3698554,0.8295406
2.971876,2.6232784,1.3093913,4.88243,1.6170292,-2.1930065,2.0661433,0.6061789
0.9338318,5.8838215,1.118706,5.1154127,1.580847,-2.2391152,0.23959851,0.2949115
1.0622913,3.4402738,1.1580472,5.078261,1.5739396,-2.225965,0.17354786,0.11004591
2.5965407,2.4025588,1.1541264,5.0133677,1.5700476,-2.2017274,0.63174105,0.061154127
1.7222464,2.8294713,1.1542068,5.0503135,1.5770028,-2.156811,0.6559093,0.29365325
1.5869964,2.6691165,1.1664636,5.075488,1.5493681,-2.1393013,0.8347076,0.44613945
1.7098473,5.6106157,1.1613727,5.1154118,1.5413928,-2.1613202,0.77677536,0.1637283
1.9427965,8.689061,1.0378599,5.324497,1.52244,-2.1342268,1.6527247,0.5113392
2.3602257,8.395995,1.0551095,5.33154,1.5457034,-2.1512442,2.420144,0.65645444
2.9209695,5.8356576,1.1536667,5.039405,1.5483236,-2.0844128,-0.29802704,0.07916951
1.2945287,5.0900707,1.1227064,5.101431,1.5780654,-2.104426,-0.34300756,-0.3336665
1.320375,7.8508215,1.0953887,5.1554203,1.5782006,-2.2109244,1.909441,-0.06588447
1.8005043,3.148794,1.0913587,5.0676055,1.6636007,-2.3478012,0.40912986,0.26404238
1.0280426,4.287533,1.0363963,5.182363,1.6648879,-2.2146716,0.4898702,0.0067194104
2.096332,3.696515,1.0317378,5.2607555,1.6149406,-2.2492445,0.13160264,0.18444496
2.2328134,7.5249457,0.97691107,5.244996,1.6274669,-2.2116537,0.05477178,0.0456717
2.2248914,7.61841,0.9754207,5.267888,1.6683145,-2.2535224,0.059067965,-0.10814142
1.5768509,5.4373827,1.0011549,5.198012,1.6336358,-2.2566075,0.11802125,0.33416402
2.5250993,4.572772,0.9607974,5.4051633,1.6484752,-2.1783445,0.24594212,0.10409939
0.88151854,2.5339704,0.94276,5.676929,1.5156298,-2.1579192,2.2997177,0.9683716
0.91522026,7.468917,0.9603536,5.602785,1.5582557,-2.193393,2.545662,-0.38894084
0.7838385,5.6434097,0.96580637,5.7242985,1.5532148,-2.1746712,1.2210314,0.3533367
0.5716837,5.8120255,0.96763015,5.6303277,1.5493484,-2.0988655,1.3232021,0.38541365
0.6470662,6.3376207,0.9908345,5.4777355,1.552892,-2.1183524,0.7382746,0.4120685
1.5352464,6.9022455,1.0066609,5.618051,1.5436194,-2.1810324,1.4491334,0.58749115
1.4873029,3.2752857,1.0120316,5.290358,1.5627711,-2.162327,2.4525425,0.703604
1.8751,9.535451,1.0133979,5.580824,1.5585785,-2.192513,1.1003811,0.9667727
1.2037923,9.831156,1.0380759,5.4026093,1.5800774,-2.2393155,0.68035185,0.65588546
0.92130244,9.408811,1.0643864,5.4254837,1.5500841,-2.2326832,0.96534336,0.1352368
2.507533,2.6389036,1.0674019,5.4170556,1.5458024,-2.2297745,1.3772774,0.27990574
1.18123,2.7775857,1.0748823,5.2763762,1.589895,-2.2953086,0.3558823,0.49295902
1.2303572,2.4260454,1.0437324,5.1898527,1.6377311,-2.2565165,1.1734862,0.26012123
2.7444863,7.231451,1.0404048,5.0675073,1.6543732,-2.2853632,0.766469,0.30535424
0.8457624,5.6494684,1.0363998,5.152117,1.7015247,-2.3287015,0.96607435,0.556358
1.2720988,3.822821,1.064152,5.026459,1.727562,-2.3589852,0.9432212,0.4747101
2.2546132,2.7167764,1.0259244,5.156295,1.7277198,-2.252192,2.3305957,0.66211784
0.81581575,4.79661,0.9816221,5.3691955,1.6696091,-2.2795868,-0.19776654,0.5143583
2.0289612,5.8996325,1.0641713,5.1177354,1.6552186,-2.2794476,2.3817863,0.6188234
2.3931303,3.6518831,1.1032319,5.0977273,1.6531639,-2.3048704,2.6363757,0.5220666
1.6871576,4.0447955,1.120517,5.1026073,1.6542327,-2.294065,2.596088,0.45027936
0.611266,4.181349,1.1252513,5.106184,1.6449995,-2.3047924,-0.0018122792,0.41870356
2.9768984,3.0568008,1.0271547,5.27314,1.6164227,-2.2265356,2.5813336,0.47463024
1.1870077,5.9374957,1.0575151,5.3713245,1.6015925,-2.2424152,2.6871815,0.4921893
0.8469646,5.5379944,1.0968182,5.177767,1.6518202,-2.311639,2.6819162,0.29117215
2.5018313,3.1506429,1.1112604,5.0600896,1.7418644,-2.3296769,1.828239,0.9026035
1.4791666,3.3035986,1.0853119,5.0309734,1.7688732,-2.3990164,0.73348427,0.635744
2.5390315,2.465692,1.0773277,5.017185,1.7775824,-2.4456553,1.6808589,0.54424787
2.8750772,8.577674,1.0916092,4.893446,1.7859564,-2.413362,0.9831598,0.04087621
2.973022,5.0550675,1.1129711,4.902067,1.749753,-2.3885803,1.0564208,0.25831103
2.9668698,3.3901129,1.0816975,4.9365606,1.7650101,-2.383572,2.9275074,0.27562213
2.5809345,2.9585013,1.0691583,4.9249496,1.7618797,-2.293611,2.9621878,0.6728591
2.8364668,3.116497,1.1198285,4.785417,1.7423782,-2.3120265,1.8802454,0.28728235
2.0446935,7.807796,1.1509976,4.7660317,1.8098445,-2.3827803,1.6791968,0.76356566
2.0495753,4.001893,1.152787,4.754739,1.7923248,-2.4234881,1.6759968,-0.13013089
2.2993126,2.5128274,1.1522336,4.903647,1.7592299,-2.4660559,0.45497704,0.09401214
2.203752,8.121386,1.1360843,4.950742,1.7612665,-2.4482589,1.061594,0.64234114
2.9569557,4.7104664,1.136205,4.8944306,1.727807,-2.3586488,1.3591359,0.4455366
0.96835136,4.9880276,1.1316123,4.9356785,1.7447166,-2.3733025,0.3384279,0.06181562
1.203289,6.567397,1.14611,4.8633676,1.7293081,-2.394809,0.20690966,-0.48250434
2.3241224,7.297386,1.1295207,4.960183,1.7482495,-2.408758,-0.00539428,-0.091466755
2.3997405,3.8092418,1.0458043,4.869088,1.8304727,-2.3810544,0.18178666,-0.033804953
2.398481,8.4508505,1.0484416,4.7882075,1.8369386,-2.35078,0.18373013,-0.17359775
2.402059,3.857995,1.0379579,4.8396645,1.888195,-2.5224607,0.1548022,-0.010353088
2.6937873,8.818674,1.066951,4.822295,1.917541,-2.4991431,-0.048338592,0.13236344
1.3252068,2.6062179,1.0660253,4.767333,1.9209678,-2.5351577,0.22498536,-0.21063298
2.6435564,8.681763,1.1196046,4.671291,1.9398549,-2.5577815,0.85523534,0.11762738
0.9469954,9.134127,1.1555908,4.723999,1.9026134,-2.5587308,0.9577426,0.15121138
0.9412588,3.1384473,1.1255274,4.695345,1.9174016,-2.5360441,0.5182836,0.27450752
2.7431855,6.6376004,1.0974703,4.681301,1.9248681,-2.496048,0.41926324,0.038778365
2.9229698,6.4913917,1.0951943,4.6984167,1.938721,-2.59528,0.5965153,0.40335786
2.1815667,5.9794383,1.0597689,4.7871065,1.9620492,-2.537026,0.6050185,0.21553469
2.0318367,6.735934,1.0277188,4.828594,1.9459355,-2.543427,2.965995,0.5541966
2.8410437,2.464642,1.074722,4.8450484,1.9253755,-2.5956326,2.5748668,0.015872478
2.0867238,2.4055643,1.0665603,4.9234953,1.9443617,-2.5725179,1.555239,0.659729
1.6911542,8.589821,1.080555,4.920778,1.8880672,-2.478207,0.63880813,0.57723355
2.8355632,4.2969437,1.0913527,4.8475647,1.8653536,-2.49528,1.3450348,0.3207065
1.4828355,8.273382,1.1372886,4.7930284,1.8565745,-2.4814014,2.7811875,0.37238955
2.7006977,6.2568865,1.1073847,4.8935685,1.8783991,-2.5600634,0.8037666,0.39492524
2.5715592,9.286058,1.0786638,4.81415,1.8765235,-2.4642253,2.4027102,0.60268855
1.9218324,3.7939858,1.1089838,4.857054,1.841249,-2.4535959,1.6317759,0.5045153
2.2017045,8.987301,1.1951144,4.815791,1.7460356,-2.4251,0.9232216,0.1851778
1.5851221,5.253004,1.1711121,4.83417,1.7274308,-2.4205818,0.40575147,-0.0013107657
2.5542517,6.8145075,1.1706188,4.856275,1.7455063,-2.4053419,0.9009948,-0.23498663
1.8802853,7.636512,1.1954138,4.849302,1.7245953,-2.3075,0.4173392,-0.31480798
1.7861774,7.71908,1.1973066,4.874602,1.6466823,-2.3674285,-0.086135924,0.03706628
2.8133757,6.8409777,1.2452674,4.8515406,1.604418,-2.2698958,0.35380948,0.022749543
2.1446075,3.6629534,1.2045627,4.8475056,1.6843455,-2.3120286,1.6966453,0.5079162
1.3699696,9.294441,1.2041101,4.7407913,1.6701787,-2.2955732,1.5811317,0.31505477
2.8241527,7.268364,1.3209023,4.6341376,1.6845393,-2.283937,2.1905677,0.32861143
2.3218598,8.057512,1.27123,4.5456624,1.667171,-2.3146057,1.4657409,0.36638176
2.703668,7.321319,1.1556711,4.9586425,1.6117215,-2.222395,1.6995616,0.3609407
1.1713943,2.3066697,1.1303675,5.013421,1.5995562,-2.2265072,0.5486655,0.010473013
2.9485734,2.349103,1.1020474,5.0660477,1.5775332,-2.2108,0.19516861,-0.1469346
2.9024143,2.2006698,1.0915682,5.037987,1.5789444,-2.1687891,2.3690925,0.6641747
2.9123769,8.4688015,1.0738521,5.184099,1.6097112,-2.1545174,2.6911955,0.24972153
2.384501,7.6488285,1.130579,5.0008936,1.6060736,-2.2439904,2.6758244,0.6318673
1.4940289,3.9828286,1.1309619,5.161716,1.600476,-2.2368138,0.41776264,0.4608103
0.7629766,3.6754982,1.0179195,5.4703884,1.5983117,-2.2446213,2.192489,0.25349092
1.0256236,6.5625343,1.0137777,5.282734,1.584635,-2.22346,1.9167271,0.27497196
1.4712853,6.3288355,0.92818594,5.4547367,1.5574777,-2.1723928,0.5869539,0.6678262
2.7036357,7.540019,0.9717337,5.4933925,1.564333,-2.1727319,1.0941536,0.29141915
2.9956102,8.502024,0.98484254,5.5105133,1.5167177,-2.1837792,0.7246789,0.41142035
2.8922455,2.722393,1.0997362,5.3695846,1.4263117,-2.1458008,2.3127441,0.40201497
0.5070456,3.3866925,1.0843678,5.3117495,1.531831,-2.1356754,1.9787154,0.4182198
2.5236819,2.496506,1.1486707,5.2100997,1.5044878,-2.1287625,1.6095445,0.5941248
2.6740172,5.2492795,1.1521647,5.139862,1.4693327,-2.0285654,0.9539645,0.8942059
1.5691065,6.420681,1.1289539,5.285574,1.4706526,-2.078125,0.99297357,-0.48782358
1.539846,5.881322,1.140873,5.2002363,1.4678218,-2.086407,-0.0077942014,0.57501745
2.5325866,6.640048,1.0426219,5.4812517,1.4692311,-2.0418103,2.7608151,0.5150454
2.669855,5.8490105,0.928689,5.777193,1.5156097,-2.1865962,2.9585698,0.29099578
2.2203612,6.762708,0.20277584,7.1331906,0.5674429,-1.1349282,2.721357,0.6515862
1.9875805,4.400116,0.4257766,7.0415554,0.5177567,-1.133474,-0.11565119,0.39248443
2.1499367,8.811974,0.37255764,7.0804105,0.50530696,-1.1504706,-0.14792603,-0.40566415
2.3587804,8.554344,0.28238583,7.101239,0.59248114,-1.2045105,-0.3512652,0.4988432
2.2551959,3.7843318,0.30248117,6.9632883,0.6052482,-1.1399164,-0.44348925,-0.47353664
2.5609086,3.4478028,0.29630733,6.9325233,0.5568955,-1.135807,-0.55146205,-0.40352237
2.575257,9.146825,0.45337415,6.9859467,0.60398793,-1.166975,-0.783463,0.39999557
2.0854437,2.7328534,0.3110149,6.94096,0.62007046,-1.1311959,-0.386509,-0.4342494
1.7087449,6.594524,0.3259642,6.9960146,0.60003424,-1.145119,2.1727638,0.5941827
1.7856342,7.853896,0.39575982,7.1761107,0.49714398,-1.1379164,1.4418223,0.72433424
2.528894,7.0468225,0.4358616,7.116309,0.47588253,-1.111849,0.9808569,0.5857196
2.5039504,6.002929,0.38784397,7.015684,0.47833085,-1.0717428,0.09572661,-0.15752494
2.0460968,6.4504976,0.3895948,6.941355,0.5373237,-1.1171346,-0.41103613,-0.13347426
2.5599267,7.970196,0.52278626,6.7820263,0.5529027,-1.0736094,-0.61348,0.027729928
2.976373,7.4965906,0.4465841,6.8500795,0.5576875,-1.0893981,-0.1616863,0.47676897
1.7516568,7.0178943,0.73398876,6.7475123,0.54364276,-1.2229033,-0.07819462,0.30537271
1.7715731,4.2398205,0.85469246,6.6440277,0.5551436,-1.1696924,2.0625627,0.8401735
1.304377,3.0333395,1.0195308,6.5814323,0.5084441,-1.1475868,1.9168556,0.882426
2.5739915,6.3902664,0.7616422,6.684957,0.54261327,-1.181416,2.1016567,0.571234
2.4004784,6.645064,0.6851001,6.792668,0.55200315,-1.1660392,0.39212096,0.6818193
1.9832349,6.9942327,0.6956191,6.8900633,0.5340085,-1.1584778,1.3537917,0.6342766
1.9748881,9.216484,0.5256722,7.009257,0.5559695,-1.1502483,2.4232013,0.711313
2.4683838,9.371628,0.35953474,6.9801383,0.559711,-1.1290301,1.9677768,0.6859648
2.750858,2.700631,0.54177845,7.1149592,0.44360542,-1.0853236,0.13195658,0.7138622
2.8202002,5.584467,0.60165524,7.0769033,0.42529106,-1.0804191,-0.32259768,0.34763968
1.9797145,3.5431712,0.62551594,7.020206,0.39175653,-1.082135,2.382582,0.42186677
2.1303182,3.0843701,0.56463456,6.9011383,0.51513934,-1.1599227,1.4800487,0.7754576
2.310213,3.4891415,0.6233628,6.901708,0.5275259,-1.1006652,1.5392106,0.63947713
1.9286599,8.603396,0.61282194,6.8829107,0.523041,-1.1461017,2.1801853,0.672246
1.6828821,6.9707837,0.6528423,6.9343786,0.4964049,-1.163989,0.45965743,0.51503956
1.6231767,5.5479636,0.56122375,7.0470023,0.49869132,-1.1047037,-0.14396846,0.18640256
1.7436713,7.6908216,0.48724794,7.172829,0.52310586,-1.125289,-0.9251021,0.10318184
1.9965072,7.233864,0.3312974,6.917468,0.55971694,-1.1038488,-0.408473,-0.4363966
2.5970979,4.810348,0.38043213,6.9684896,0.5452423,-1.1817892,-0.23565412,-0.38681698
1.9413948,6.231138,0.4659636,6.9474893,0.58021426,-1.2151618,-0.52721894,-0.124100655
2.0848935,9.981592,0.5084171,7.0127344,0.57016754,-1.1315053,0.3887887,0.46320075
2.0655448,9.808422,0.31580007,7.084655,0.54896927,-1.1025872,0.12645066,0.8775337
2.067564,9.357775,0.22456408,7.361666,0.5132742,-1.1707833,0.36323214,0.007376075
2.8459647,8.6308975,0.24265254,7.242749,0.5030141,-1.1308997,-0.04545158,0.4086442
2.6747532,9.701864,0.08984852,7.2749186,0.49299812,-1.0716251,-0.2725668,-0.4779406
2.0848985,6.5483985,-0.2033652,7.4049993,0.48717308,-1.0964831,-0.5226078,0.0116353035
1.8038701,6.517807,-0.19360077,7.7578745,0.4270141,-1.0810521,-0.5567266,-0.3845862
2.0294847,8.788395,-0.24108791,7.6699443,0.4094615,-1.0541761,-0.28456998,-0.47592273
2.7786393,6.3840346,-0.1392026,7.451602,0.43982387,-1.0360205,-0.7881175,-0.1812061
2.7106602,2.7775068,0.10864079,7.154685,0.47848296,-1.0701056,-0.093218744,-0.45096368
2.8072224,8.977646,0.27024317,7.113814,0.46718574,-1.0707307,-0.6545691,-0.4517314
2.6776454,8.866929,0.4610598,7.147956,0.44299626,-1.0993941,-0.33328807,0.29879028
2.332546,4.0706167,0.514086,6.9664865,0.43427396,-1.066074,1.0188005,0.493917
2.561377,4.610296,0.4847511,7.021658,0.44269943,-1.0902665,0.6218282,0.6622642
2.9777026,6.657205,0.37469196,7.1654415,0.43065715,-1.0439011,1.41576,0.71534705
2.2553263,6.490237,0.5535873,7.04234,0.38519645,-1.0389483,2.5830474,0.6170223
2.1393468,7.8540597,0.6847503,7.117441,0.40156984,-1.0735693,1.3731492,0.7161956
2.0575647,4.5006447,0.4446473,7.104415,0.381984,-1.0214417,2.2196167,0.7355459
2.8424027,8.331503,0.53990626,7.0915747,0.40864897,-1.0082502,2.5318463,0.7684884
2.8134155,6.4088793,0.38911808,7.06927,0.44439626,-1.0751014,2.5683298,0.6015669
2.487082,9.532709,0.48452568,7.044103,0.4029522,-1.0156322,1.534483,0.5853188
2.383239,6.416692,0.497684,7.021682,0.43282127,-1.0946469,1.253804,0.5883014
1.8552855,6.56012,0.58049095,6.914527,0.44790936,-1.0679231,1.6082661,0.6311152
1.984412,3.8176637,0.6492512,6.838848,0.48791242,-1.10197,2.1215746,0.39022535
2.9244187,3.4726653,0.64887404,6.943489,0.47963548,-1.091039,0.0124851465,0.53761053
2.4671726,8.62745,0.68802094,6.8646536,0.51008844,-1.0981133,-0.098005176,0.25206316
2.715583,3.4713254,0.6286576,6.847929,0.4945507,-1.1088048,0.014276266,0.24177414
2.6849782,9.485847,0.56546843,6.7324624,0.5086801,-1.1265557,-0.05972308,0.12060714
2.7512774,5.699376,0.5384481,6.7201366,0.497005,-1.0718188,-0.046218872,-0.049100697
2.4689164,4.347296,0.34116912,6.992528,0.4410162,-1.0828711,0.26212728,0.017708778
2.9736304,4.399911,0.31893742,7.1151695,0.42655277,-1.1004038,-0.13838649,-0.3707401
2.6959333,4.184633,0.22112882,7.1987176,0.5169089,-1.1183333,-0.06575376,0.34774578
2.6876938,9.320952,0.35559082,7.134105,0.5097225,-1.1095729,-0.33881605,0.37615502
2.2824478,5.011991,0.4788257,7.17648,0.48831248,-1.1394866,0.12736225,0.14618123
2.1569295,8.814473,0.6823791,6.9786863,0.48745084,-1.1406137,2.0439856,0.6513597
2.0701408,7.191351,0.5914171,6.9677925,0.46601415,-1.0891342,1.0560858,0.42851305
2.4108691,4.9391894,0.46119034,6.909489,0.51382804,-1.1288974,1.8074043,0.6993966
1.7764144,7.0956917,0.57337916,6.988143,0.54842544,-1.1636665,2.3227425,0.76907516
1.6819997,6.4208717,0.67118716,6.871046,0.5317614,-1.1364374,1.5971992,0.5582011
2.8176785,9.57774,0.61441636,6.8120174,0.517009,-1.1792853,0.46415162,0.6629658
2.0098095,3.846213,0.84879804,6.8550367,0.50875187,-1.1656673,2.2081912,0.7165903
1.7941622,5.5938764,0.72339404,6.8480916,0.52145386,-1.1538477,1.6709735,0.72116613
2.6767983,9.811562,0.6893933,6.833342,0.5838547,-1.186144,1.7983208,0.28772342
1.2906055,6.5810156,0.6828394,6.950491,0.6053965,-1.2861555,-0.018073976,0.18599588
1.5336818,5.6324277,0.6806531,6.768689,0.6211753,-1.2920204,2.6637197,0.078052044
1.5192194,8.008056,0.7736435,6.6508226,0.6229396,-1.2147456,2.1011946,0.48292822
1.5668193,5.7983875,0.67316985,6.7651443,0.6313684,-1.2489707,0.1834898,0.6812656
1.4868898,7.5098596,0.8005669,6.7416697,0.5773473,-1.2321234,1.3546131,0.5312525
1.6408411,7.6234856,0.697976,6.7526274,0.62421036,-1.2604533,1.1064227,0.56934977
2.212325,6.2169337,0.6796733,6.73405,0.61661816,-1.2347256,1.9279318,0.7966888
2.5064425,7.774813,0.45398068,6.9302588,0.6268959,-1.2468469,1.6304238,0.4604184
2.3507385,6.8383346,0.51673865,6.8949385,0.64104486,-1.2501715,1.7746406,0.33845747
2.359223,6.995278,0.5953834,6.8596454,0.6271627,-1.2395418,1.8876104,0.6597198
1.8890717,9.325401,0.49060142,6.855639,0.6120851,-1.217518,0.5486971,0.85822594
1.5368462,9.945776,0.53458667,7.0166187,0.6636834,-1.2207968,1.3064833,0.6451769
2.562267,8.006244,0.3703164,7.0214276,0.7703347,-1.3361764,0.9475653,0.5802207
1.8587021,2.9691114,0.19128263,7.027975,0.776736,-1.4040029,0.7612808,0.6611358
1.9600158,9.752115,0.31630826,7.0052514,0.74121857,-1.3589768,0.82410645,0.64527893
2.8118544,5.818603,0.3967576,7.095873,0.78768945,-1.3692474,0.3310541,0.82782125
2.7482412,8.029566,0.24887347,7.089403,0.7856426,-1.3748084,1.1917455,0.29234743
2.9584415,8.780943,0.27602112,7.0799246,0.75439405,-1.3703763,-0.2193231,0.36011434
2.1833973,9.887553,0.15190077,7.1296453,0.78156877,-1.3845932,-0.32506436,0.4334402
1.9925396,5.3528676,0.18644321,7.0430374,0.7235837,-1.3732486,-0.09623146,-0.3024499
1.9671074,8.0855665,0.08540952,7.284893,0.8109102,-1.3511891,-0.78160614,-0.39484638
2.1419063,8.120632,-0.04286802,7.4793196,0.80688643,-1.3634852,-0.5389526,0.03971511
2.0019042,4.7795324,-0.20745146,7.6382866,0.7537732,-1.4164939,-0.44343352,0.10813248
2.7886782,4.3146486,0.0009022951,7.5198874,0.82437587,-1.426935,-0.43201882,0.19477022
2.9035695,6.8858666,0.026267767,7.5408964,0.81605554,-1.4489527,-0.38425952,0.25306863
1.3717873,6.274423,-0.05210948,7.7473264,0.82044816,-1.459833,-0.34118712,-0.047113925
1.2188604,8.745628,-0.045892358,7.7114906,0.90467644,-1.4874957,-0.25874996,0.6721821
1.4844145,6.076573,-0.124874234,7.590571,0.8351636,-1.4665987,-0.014277935,0.469087
2.1224399,6.862597,-0.14828229,7.408908,0.78900886,-1.4000821,-0.027093947,-0.24494496
2.0247927,6.8237586,0.012230754,7.514935,0.71901226,-1.3399289,-0.118551314,-0.084154844
1.7729782,7.759799,0.011513472,7.460933,0.76604414,-1.3548555,0.108849645,0.459162
2.0863824,6.4557524,0.08160806,7.380844,0.7632017,-1.3763232,0.001773119,0.5458071
2.6820624,7.195887,0.10365844,7.088757,0.7687385,-1.3315082,-0.12535858,0.26740164
2.535185,8.708706,0.12663984,7.10132,0.74776316,-1.3695034,-0.29571962,0.015548408
1.5439875,9.487423,0.26210427,7.126584,0.7764485,-1.4078183,-0.061953127,0.14318061
1.9625477,3.620417,0.15132332,7.108764,0.79159904,-1.3996177,0.011055827,0.13170636
1.81516,7.428331,0.06900835,7.3116894,0.7319224,-1.3831319,0.48242986,0.4009592
2.5556386,4.0921965,0.16925192,7.2948685,0.70183516,-1.2867658,0.2760203,0.76630473
1.1271756,8.232913,0.3390299,7.3761764,0.6603453,-1.2992172,2.574951,0.84572804
1.4463171,9.556236,0.26239145,7.316696,0.6653364,-1.3139908,1.549618,0.45887768
1.3056533,6.1556945,0.16932344,7.5177755,0.7014997,-1.3906832,1.5419569,0.6956774
2.0798724,2.8201346,0.15941715,7.2848225,0.7014437,-1.3856359,2.4659033,0.66076314
2.4517822,9.529634,0.13479638,7.064244,0.84324,-1.4360621,2.802596,0.64484096
2.547543,7.674249,0.28379714,7.205144,0.716943,-1.3973969,1.8601983,0.5195284
1.9488077,5.562955,0.15555978,7.2841725,0.8118663,-1.3981099,1.4784157,0.91180634
1.6406755,6.7496657,0.17482495,7.3737183,0.7775481,-1.3912187,0.5251075,0.8673489
1.7213544,6.3951745,0.08597779,7.2477016,0.76983833,-1.3651526,0.56772125,0.6416081
1.3325735,9.088887,0.22361648,7.3625536,0.7817292,-1.366847,0.6878911,0.7489494
2.0159736,3.3040316,0.0493474,7.4522867,0.7885475,-1.4058526,0.010898948,0.6454487
2.273967,2.7782836,0.10164142,7.392704,0.7955909,-1.4289906,0.55236256,0.7096598
1.2747214,7.1302586,0.04798293,7.4693365,0.8470719,-1.4714358,1.2172577,0.7200688
1.388688,7.8958683,0.18878198,7.4875755,0.73790145,-1.418184,1.4060705,0.7691339
1.2914141,8.903862,0.14352524,7.4682693,0.8516214,-1.4313895,1.4798312,0.69349587
1.7537689,9.822641,0.06537032,7.4026546,0.79653144,-1.3972583,1.9959052,0.69410753
1.3352748,6.3014197,0.17417574,7.295664,0.82710767,-1.4112794,0.90507257,0.7351854
2.3805747,6.4583416,0.21488607,7.2709703,0.82714534,-1.4393194,0.41909242,0.7622192
1.6643972,4.0335817,0.21816552,7.138546,0.8140104,-1.4572208,0.67355263,0.7774377
1.4760408,5.016342,0.364923,7.1133723,0.8126831,-1.4557188,1.9966266,0.81436455
1.3470676,8.631741,0.3703717,7.123293,0.81909084,-1.425482,1.7630315,0.7012733
1.5211667,5.965852,0.2722844,7.0410385,0.81084347,-1.4349973,0.35427237,0.06609315
2.126305,9.039469,0.29569697,7.1466126,0.7794409,-1.4414771,-0.011488676,0.3850782
1.7373449,6.9155006,0.21918273,7.143523,0.8094132,-1.4414799,0.18252051,0.36774242
2.2789412,8.678883,0.17759061,7.235529,0.9072685,-1.5016131,0.07459605,0.8533217
2.3631124,9.998226,0.1356113,7.332166,0.83318067,-1.4470979,-0.34993237,0.027130604
1.5964959,6.0065403,-0.03169465,7.3051386,0.8442874,-1.4256617,0.24538672,0.25245994
1.497688,8.903522,-0.020807922,7.5187025,0.8282225,-1.4160659,0.2618655,0.5199374
2.0261126,3.7687306,-0.033040047,7.532663,0.89115596,-1.465514,0.54283214,0.69243956
2.872076,6.411064,-0.05194187,7.491988,0.82137823,-1.3933756,0.19304264,0.77583015
2.990756,7.321604,-0.002891481,7.3031816,0.82461596,-1.4507713,0.70913625,0.53265595
2.8698542,7.272283,0.16185427,7.435705,0.72453713,-1.4065752,0.76064336,0.8224809
2.0921986,7.562867,0.015863061,7.2742043,0.7546265,-1.321946,0.4495207,0.46446323
1.9068817,7.9820766,0.11800766,7.300854,0.7209525,-1.3296006,2.1743793,0.81621647
2.1883292,7.9318547,0.05788517,7.47855,0.6689036,-1.3429382,0.85703623,0.31277132
2.328952,7.321005,0.084923506,7.251035,0.74474716,-1.3679699,1.7985187,0.4851777
2.7459936,4.525135,0.02034843,7.35072,0.7424326,-1.3414804,0.10190809,0.7686174
2.8363264,6.240599,0.040879965,7.4297705,0.7690711,-1.3747246,0.6796243,0.7714132
1.485699,8.621119,-0.020931304,7.323153,0.73663974,-1.3195648,0.46937513,0.6107073
1.1368666,8.114914,-0.020438492,7.643612,0.7170646,-1.3930016,0.094873786,0.2834348
1.1106017,8.469521,0.095416546,7.6240706,0.7559054,-1.3656288,0.39825916,0.45543844
1.2816726,9.706379,-0.0380373,7.6790037,0.80071163,-1.4277396,1.3881505,0.5461161
1.121376,9.662943,0.089907646,7.6215086,0.75803137,-1.3685222,1.1854906,0.75824094
1.1233524,9.967569,0.026696324,7.6525183,0.75481176,-1.376056,1.7479222,0.75479114
1.1400079,9.960554,0.094295144,7.668758,0.74462533,-1.401958,0.10085106,0.726254
1.0491586,7.5909758,0.061108112,7.8475833,0.6007626,-1.3043901,0.60637784,0.60327375
1.0795329,9.264412,-0.11087221,7.9774723,0.70507956,-1.3307548,2.342859,0.71885955
0.93809056,8.840326,-0.1726113,8.017538,0.7453892,-1.3028789,1.2567072,0.7136873
0.9861481,9.504965,-0.0919894,8.105388,0.7671633,-1.3616223,0.04744947,0.6827557
0.9860467,7.2311525,-0.05247271,7.927234,0.75638485,-1.3867428,2.4197872,0.9629481
1.0455525,8.286675,-0.13398802,7.908179,0.8102422,-1.3993051,0.39677072,0.18262488
1.0953262,9.290756,0.14415157,7.5489197,0.80768657,-1.4995008,0.23982394,0.3559031
1.1403501,8.473377,0.16758657,7.478361,0.8179536,-1.49442,0.0003029108,-0.042307228
0.94425446,5.130327,0.19583607,7.355596,0.79003286,-1.4574311,-0.2642597,-0.2871428
2.366353,4.0816593,0.022359729,7.5496655,0.7997999,-1.4535968,-0.39702195,-0.16043401
2.5353606,3.8492062,-0.09594226,7.546707,0.7896023,-1.4340029,-0.35668546,-0.2507003
1.8364513,9.505699,-0.10229409,7.581733,0.8206501,-1.4472826,-0.38170022,-0.43717945
0.9524642,2.8665414,-0.031811774,7.6063895,0.8078797,-1.4269364,-0.60126746,-0.3262526
2.422379,9.713971,-0.020297885,7.4011617,0.8881166,-1.4370873,-0.95934814,-0.4513764
2.4040837,9.001711,-0.054341257,7.415651,0.84255004,-1.3210398,-0.8963027,0.237809
2.0439348,2.9879534,0.00574708,7.3209085,0.78513145,-1.3663039,-0.58471537,0.5247164
2.9697793,7.8552675,0.13605845,7.1755643,0.76995635,-1.3534731,0.8653959,0.84913695
2.9489667,8.878784,0.07694006,7.208611,0.6931429,-1.3147047,0.62036955,0.7911465
2.9431524,5.361151,0.01578784,7.3769245,0.7675731,-1.3219419,0.18668735,0.7338121
2.9231637,7.868573,0.017465353,7.2169056,0.7554445,-1.3892602,0.0070979595,0.39120054
1.177877,2.3606443,-0.01840043,7.3507047,0.7529688,-1.3784912,0.1008203,0.3855903
0.9715344,7.9802217,0.42352295,7.3844514,0.73020816,-1.3742566,0.2519412,0.38208675
2.0456297,5.711559,0.15079403,7.336883,0.70896816,-1.3511449,1.9886289,0.80881214
2.4379363,2.5786943,0.23396444,7.141906,0.7244916,-1.3550739,0.3238411,0.6856772
2.7004285,8.442835,0.22595012,7.114151,0.72739506,-1.2950488,1.8610718,0.8068392
1.6078594,4.417912,0.28041553,7.077215,0.80428934,-1.3993707,1.385602,0.6512681
1.5797429,4.693548,0.22643614,6.9977527,0.8579948,-1.4460502,1.1115503,0.7055708
2.5664263,4.1246996,0.39537024,6.7837048,0.85764813,-1.4730923,0.6465676,0.4769243
0.99745667,3.7195323,0.40684342,6.8656006,0.9095042,-1.4706184,-0.08973539,0.3510641
2.4567807,8.837984,0.56358373,6.750175,0.90559125,-1.5174068,-0.27558076,-0.21902525
1.0756056,8.421671,0.5512922,6.748852,0.8716984,-1.4608995,-0.18508118,0.4990343
1.6576344,7.548811,0.4423815,6.917552,0.8047819,-1.423255,0.8897662,0.32135695
2.3797827,9.426879,0.32689,7.0693874,0.81852794,-1.4419845,0.93892705,0.96699107
2.3307183,6.7372203,0.03338337,7.252995,0.80974007,-1.4393163,0.66967165,0.33916682
2.6821597,6.89197,0.08368921,7.1913013,0.88596296,-1.4242963,1.1785803,0.83300614
2.5638993,9.575962,0.14012706,7.174806,0.8768866,-1.4338357,0.67770076,0.62055695
1.6676086,6.8154206,0.049344063,7.1512394,0.9179852,-1.5026022,1.2755027,0.6373985
2.1827183,5.211347,-0.045714855,7.408938,0.93223953,-1.5125474,1.9162242,0.6316478
2.131232,2.227392,-0.006685257,7.4315863,0.8735111,-1.5557212,0.567083,0.826828
1.3517288,4.574949,1.0860257,5.2160435,1.5867515,-2.2367365,1.9077711,0.35407948
2.9422727,5.950742,1.1004217,5.145384,1.6443014,-2.3550782,2.2208595,0.009752393
2.6090996,4.051116,1.0707021,5.141307,1.659399,-2.3584692,1.9741969,0.6040096
2.4934664,6.944323,1.0354271,5.3336096,1.671869,-2.3282938,0.8143538,0.12022418
0.99428093,5.169109,1.030035,5.2741737,1.6332767,-2.2747285,2.1196144,0.07681042
1.1928983,7.8233123,1.1040897,5.0603933,1.6711922,-2.2763267,2.3376913,0.46508723
0.79996544,4.312895,1.1384726,5.018551,1.6517379,-2.248906,1.9681046,0.35087377
1.0946732,8.10122,1.1447983,5.124178,1.6683908,-2.339978,1.561944,0.33786827
1.4936148,4.484331,1.0305579,5.1517825,1.7458014,-2.346324,2.6611826,0.55829453
2.2150784,4.624034,1.002619,5.064722,1.760818,-2.355868,0.769552,0.41948903
2.5779023,9.542151,0.95170784,5.2612543,1.7550344,-2.442749,1.4871678,0.51914287
1.1459786,9.783817,0.96614325,5.246071,1.7543781,-2.3611612,1.6824102,0.4062122
1.0323942,2.5733027,0.9960618,5.322845,1.7152014,-2.3536224,2.0847378,0.60616493
1.1878866,9.597205,0.9466307,5.2560916,1.6984618,-2.3069358,0.82150936,0.47719258
2.6619632,2.2655737,0.9888954,5.2834244,1.6971586,-2.2769713,0.94342554,0.4279579
0.968452,2.485685,0.9960213,5.2486672,1.6565709,-2.2962258,0.60555947,0.51649547
2.3116202,9.849194,0.97769713,5.2347016,1.6838217,-2.3158395,0.6662078,0.45557475
2.4952178,2.0128875,1.0434575,5.2504473,1.7124298,-2.3375201,0.08278072,-0.40001255
2.510319,9.468623,1.0040741,5.252071,1.7359822,-2.4502323,-0.20118892,0.089256585
2.1200376,3.3631158,1.0230985,5.3432937,1.7368801,-2.4500258,-0.2330265,-0.17811805
1.5586879,2.907822,0.97394085,5.335081,1.7955291,-2.434748,-0.3629598,-0.287167
1.7325463,6.272193,1.0327106,5.2266226,1.769604,-2.3393092,-0.40032625,0.099784374
1.6206787,6.944732,0.9076376,5.221237,1.7467847,-2.3460677,0.04908073,0.16330057
2.4941604,7.1304636,0.91808414,5.246207,1.7724671,-2.358861,0.19373095,0.112038195
1.6035109,2.7865925,0.9318439,5.209092,1.7591918,-2.3551316,0.0872463,-0.17796028
1.7468979,9.370184,0.9456061,5.2243414,1.7771006,-2.3829234,0.17060173,0.08495271
2.195887,7.386843,0.95624566,5.246756,1.7770674,-2.393478,-0.12611276,-0.30529773
2.7912395,5.375393,0.9313183,5.2199154,1.773288,-2.3865948,0.12838185,-0.14578304
2.5569208,5.433695,1.0342293,5.1015177,1.7846262,-2.350989,0.11836672,0.113949955
2.0336437,3.971455,1.0878644,4.8492584,1.7313142,-2.357205,0.30510068,0.08186567
1.2195793,4.188711,1.0529058,5.0566835,1.740643,-2.2849288,0.16842294,0.13533372
2.029004,9.021799,1.0548232,5.0680423,1.752867,-2.283003,-0.8343431,0.16418076
2.0252995,9.322985,0.8596703,5.3076878,1.7299314,-2.2037284,-0.6973655,-0.29968524
1.4120504,7.982056,0.884127,5.560322,1.7034955,-2.2173753,2.5727603,0.4735545
1.6848654,8.077574,0.7784301,5.6667004,1.7168586,-2.2206988,1.840992,0.7956855
1.9694308,8.134813,0.7448909,5.740267,1.654171,-2.19638,-0.010722041,0.20751959
2.1579576,5.0036035,0.769521,5.814966,1.5869155,-2.1651726,-0.39728707,-0.23996398
2.4992437,7.590731,0.800128,5.9274282,1.5621259,-2.2255278,2.2755845,0.048046947
1.3076178,3.4436786,0.7331315,5.9682474,1.6474924,-2.2621167,1.5129135,0.64598775
1.2041237,6.25684,0.7487149,5.9874687,1.6509063,-2.319748,2.1485224,0.72989464
2.0491838,6.4793234,0.77702713,5.938156,1.6293154,-2.222823,1.4357264,0.6473179
1.072322,7.467225,0.7271855,5.8901587,1.6424851,-2.2646518,0.44727778,0.54685605
2.7118537,9.026559,0.71219957,5.9302135,1.6357572,-2.2395625,2.93928,0.52341104
1.02759,6.7136297,0.6897092,5.985979,1.6220307,-2.2378204,2.0055268,0.57735515
2.5717576,9.702541,0.73024035,6.1335716,1.5942206,-2.222209,1.3088281,0.61709845
1.9321767,9.890237,0.80843997,5.8456516,1.6164815,-2.2765255,1.8980672,0.51829255
0.77824265,6.620147,0.90916514,5.914811,1.6122015,-2.2677066,2.1968396,0.50807166
0.5083976,7.2129183,0.9361644,5.865819,1.6116667,-2.2184925,2.1169927,0.46971273
0.51555294,5.99837,0.9174638,5.7742414,1.6068461,-2.2083747,0.105154276,-0.17096114
0.5708896,5.6252794,0.9211043,5.659772,1.630691,-2.2479823,0.48109007,0.4555136
2.764616,7.625349,0.9062958,5.494756,1.6911125,-2.2915647,0.13512743,0.27901328
2.589689,6.1554294,0.94666696,5.475967,1.7308881,-2.3743424,2.6798048,0.5611837
1.5485942,7.3245234,0.9150454,5.412347,1.7223232,-2.3829856,2.0276842,0.6291902
2.6900463,3.1818068,0.8881109,5.4880285,1.7547026,-2.4035175,2.4635677,0.09622222
1.4129485,3.275735,0.884048,5.530056,1.8097315,-2.4311886,2.18308,0.80912924
2.4408543,3.2682977,0.8269584,5.5487747,1.831176,-2.446471,1.1242075,0.21053064
2.6767397,9.952419,0.81715834,5.423338,1.8172829,-2.4064765,-0.119347036,0.47816205
1.424261,2.0550117,0.85492253,5.4021373,1.863899,-2.427205,2.1660829,0.51226807
1.8110244,9.739761,0.82832706,5.4177933,1.8506489,-2.473154,1.4740658,0.6598922
1.9342787,2.199069,0.8538742,5.411154,1.9307556,-2.52744,1.7386568,0.7544987
2.4130387,2.672784,0.883273,5.471071,1.8753712,-2.5658672,2.6794326,0.2809093
2.632907,5.3790503,0.82266474,5.4770308,1.9720993,-2.5828605,0.83298194,0.37328386
1.2246684,3.4623399,0.83366,5.4327955,1.9494035,-2.5674233,2.663669,-0.077397466
2.2943976,3.69727,0.818619,5.448031,1.9355421,-2.6313195,1.5494001,0.6657994
2.946013,7.454091,0.8570931,5.342865,1.9515564,-2.6204584,0.7307143,0.28013527
2.9705656,5.680279,0.8582691,5.3605723,1.9727585,-2.5998518,1.941817,0.5945376
2.871194,5.5772915,0.8649626,5.3684287,1.9898577,-2.60596,2.773017,0.20599729
1.4896793,4.813293,0.7850144,5.469594,1.9927785,-2.586811,-0.39373952,-0.11599395
2.8064675,6.5960383,0.7528286,5.3711944,1.9826894,-2.5074453,-0.594815,-0.3511027
2.770825,6.972526,0.702832,5.5187244,1.9192908,-2.5886862,-0.33992702,-0.34603554
1.1721458,6.7724175,0.8520224,5.53205,1.8995252,-2.572331,-0.2151202,-0.20036551
1.239992,9.905519,0.7907145,5.542897,1.887536,-2.532311,1.5768228,0.20019412
2.3854094,2.2272599,0.7093022,5.685503,1.9004877,-2.57602,0.3960055,0.30694222
2.1129868,8.606058,0.80473185,5.6319604,1.8787622,-2.4932652,1.6900845,0.18058133
1.3898591,2.9459782,0.7467822,5.615263,1.8880723,-2.473017,1.5351145,0.66804266
1.7609296,3.3485782,0.7889142,5.5607076,1.8488474,-2.4864783,0.535275,0.70847535
1.0367107,2.9104047,0.7538543,5.603758,1.8477492,-2.458187,0.33865118,0.05144745
2.8494434,4.4691057,0.7707815,5.5724955,1.7998905,-2.3997076,0.20811927,0.45805204
2.8432055,6.2665477,0.8083391,5.5764427,1.7900865,-2.4382386,-0.04482335,-0.44927293
2.9464173,7.719346,0.8743366,5.542681,1.7657859,-2.390938,0.1460681,0.028230965
2.926344,6.593494,0.8065069,5.5885606,1.7463,-2.387365,0.33445394,0.25055504
2.517937,8.350452,0.82561755,5.4654193,1.7889917,-2.3453293,0.20065498,0.24614078
2.1180737,6.182341,0.85073686,5.471149,1.78182,-2.4391348,0.39657605,0.3218966
1.5568256,7.4363937,0.87143874,5.497663,1.8045416,-2.4438396,0.39705682,0.23915756
1.2806491,3.8726354,0.8754482,5.4300327,1.8878973,-2.5284927,0.6625668,0.80097175
2.0145383,7.672431,0.86513686,5.3848033,1.9141238,-2.5847325,0.53045034,-0.114387274
2.1373065,7.035332,0.85817957,5.4214416,1.9399936,-2.5741022,-0.09935284,0.4995575
1.3611531,6.7009974,0.82620645,5.3929086,1.9263246,-2.5815198,-0.08931029,-0.37467456
2.3982816,2.5505116,0.7898271,5.3076954,1.9677682,-2.5750406,0.15576696,-0.15149778
2.8084784,6.3702464,0.7819942,5.4692345,1.876519,-2.574781,-0.058410883,-0.29986194
1.0736537,5.6537237,0.77101576,5.4557867,1.9044802,-2.5581114,0.006510377,-0.11341733
0.73460513,5.411353,0.8825495,5.281746,1.8674641,-2.4554994,0.42681515,0.09952092
2.9871225,4.0936065,0.92620015,5.1649017,1.8786678,-2.5143328,1.2550702,0.29847932
2.993512,8.226347,0.9645834,5.2790203,1.8788843,-2.4889631,-0.15938789,-0.2709134
0.96288896,7.451755,0.95427585,5.14645,1.8765478,-2.5174913,0.45788085,-0.23574471
0.94149876,8.455294,0.9554193,5.3219776,1.8734975,-2.5161052,-0.9520944,-0.023887277
0.9684062,6.60413,0.99980426,5.187912,1.8757033,-2.5661466,2.7245262,-0.0982945
1.462183,5.431286,0.9574425,5.173513,1.854743,-2.4833827,1.6811264,-0.08843443
1.1467681,8.590458,0.9276582,5.31805,1.8511112,-2.476992,-0.23693436,-0.3910318
1.0002568,9.1425495,0.9146563,5.4279785,1.8437419,-2.4737387,-0.3817616,-0.38726425
2.506658,3.597495,0.91183674,5.404995,1.8319027,-2.500339,-0.1281659,-0.36542815
2.8643968,8.923887,0.95219064,5.178716,1.8943074,-2.4696877,0.113708496,0.32141733
0.54377073,6.3388042,1.0069165,5.1571846,1.9002671,-2.4701874,-0.049292028,0.4116397
2.7566154,4.0671916,0.9983232,5.2444353,1.8492284,-2.5392513,-0.06630784,-0.23381668
2.570263,4.992983,0.90537727,5.2902336,1.8767376,-2.5438292,0.64758694,0.036185443
2.8961453,4.036532,0.93292546,5.249833,1.8967261,-2.5364788,0.7092532,0.6317377
1.0161201,7.1773396,0.9069421,5.173628,1.8939848,-2.4539773,1.0835071,0.57602656
2.6771016,4.7014313,0.933431,5.180488,1.8695729,-2.4477053,0.22907877,-0.16269922
2.7496963,6.972331,0.932268,5.2075005,1.8382847,-2.4806428,-0.030640543,0.10902548
2.3320813,4.3144884,0.9357705,5.1500416,1.8273196,-2.4211211,-0.15544486,-0.3745945
1.5636162,8.1673355,0.9551511,5.242923,1.8273265,-2.4156942,-0.16206878,0.010113537
1.6405083,5.198659,0.8810507,5.2660856,1.7925463,-2.3764043,0.39900327,0.54088616
1.1711462,3.432949,0.87626135,5.3631744,1.8158724,-2.383867,0.8530768,0.58383334
0.7298243,6.874832,0.8903401,5.4241285,1.7905571,-2.3839457,0.34615207,0.29052317
2.5530179,4.43869,0.8755994,5.44423,1.7254822,-2.333047,1.619154,0.48487628
0.6834884,2.565664,0.91812944,5.451495,1.7045991,-2.3757138,1.7263141,0.7555454
2.8984818,4.016226,0.93665195,5.4501657,1.7462392,-2.433035,2.0873852,0.5155519
2.2669663,7.759984,0.86557615,5.4237614,1.7203364,-2.3110347,1.1350222,0.53709865
1.0374072,6.04751,0.89920235,5.547396,1.7027166,-2.2511482,-0.040841997,0.31426048
2.3493302,6.877331,0.8484049,5.5551095,1.6380644,-2.2354462,0.39060593,0.34729373
2.2302377,6.428502,0.8722894,5.602207,1.6192992,-2.2585282,1.3013754,0.2806918
1.5044067,8.302269,0.96858716,5.588485,1.5417416,-2.1916044,0.6617564,0.6687796
1.4608243,9.517624,1.010591,5.405219,1.583288,-2.2327397,0.67379594,0.43257427
2.4241533,9.777922,1.0415626,5.3182945,1.6044168,-2.2201095,1.3476207,0.947191
0.55317694,2.229949,0.9966768,5.45106,1.6653209,-2.298482,1.5369675,-0.12160063
1.3499798,3.6277697,1.0187826,5.405727,1.707423,-2.371464,1.7680066,0.18309331
2.9599597,4.6717367,1.0369034,4.9373665,1.7405534,-2.371254,1.799145,0.6509856
1.9685919,5.6267967,1.1116347,4.7497845,1.6658618,-2.24024,1.5995181,0.36192977
1.2415845,5.916707,1.2370191,4.8988853,1.6584113,-2.3436198,0.1792463,0.4383005
2.3724873,4.2683964,1.2274272,4.806798,1.7540321,-2.3589227,1.243675,-0.021206677
2.3487802,4.2069263,1.1712084,4.8827467,1.7657609,-2.4265985,2.8531752,0.44232672
1.5025417,8.28732,1.2153993,4.704833,1.7548339,-2.4532144,2.8032928,0.52600527
2.997663,4.3668656,1.115463,4.7192082,1.8560064,-2.4598632,2.8852,0.38691485
0.5617707,2.3413055,1.2007127,4.675854,1.8779263,-2.492536,-0.40727878,0.25594282
2.3837757,3.6243472,1.1848521,4.668505,1.875704,-2.489725,2.425222,-0.19320256
0.5901054,2.482889,1.2069457,4.7479105,1.8573961,-2.4925756,1.0971837,0.7526212
2.920632,2.8082867,1.0977242,4.7559786,1.8629279,-2.4842114,1.0630822,0.4890535
1.2604684,4.7445483,1.077266,4.7771664,1.9331765,-2.5139027,1.4566474,0.40452695
0.97820294,6.1506457,1.0842359,4.7026405,1.9155109,-2.5163298,0.13014078,0.18957365
2.7809367,5.514817,1.0037708,4.807086,1.9417474,-2.5786884,-0.17477942,-0.36656082
0.89070356,7.815357,1.0585601,4.82121,1.9517355,-2.5110626,0.6655463,0.76979506
1.1899773,4.513661,1.0373054,4.898844,1.9399729,-2.5906086,2.077792,0.61744785
1.6768912,6.451891,1.0284245,4.9552326,1.9713128,-2.611166,1.907881,0.47210246
1.070522,7.405907,1.0302739,5.0333066,1.9525678,-2.6003485,2.7675009,0.61215806
2.8527749,5.1139154,0.9998338,4.9912453,1.96014,-2.5995703,2.7357154,0.6930127
2.6689124,5.6758904,1.0615473,4.9640226,1.9155066,-2.546591,2.292164,0.040807843
1.902902,5.5129604,1.0195897,5.0161986,1.8629508,-2.5064123,2.408905,0.06425148
0.8625255,9.626148,1.0006037,5.213519,1.847151,-2.4703379,2.4931817,0.07863343
1.2768958,2.0113232,1.0018976,5.238512,1.8579395,-2.5169084,2.4519944,0.7783308
2.4818468,6.804749,0.98597944,5.3528776,1.826973,-2.5412557,1.5183785,0.14197135
1.7025548,8.790213,0.9862306,5.291765,1.8599129,-2.5365863,-0.004026115,0.13386524
1.6185639,2.7463226,0.9065616,5.372775,1.8680463,-2.5307364,0.7695757,-0.008645415
2.26995,5.6713,0.907876,5.173175,1.867991,-2.4235396,-0.32073373,-0.19659084
1.9996212,8.303574,0.91776156,5.2393875,1.8722942,-2.4222846,-0.25481886,-0.44106758
2.2800722,9.720987,0.9274093,5.176318,1.849803,-2.3767118,2.0903838,0.65758455
0.92505854,4.580492,0.9275539,5.478652,1.7560453,-2.3759294,0.83506787,0.47248447
1.0668392,8.958597,0.9411354,5.390214,1.7670584,-2.3900974,0.45374608,0.43609047
1.563883,9.79506,0.9195707,5.262336,1.739042,-2.3857026,-0.07560718,-0.23969498
1.6902554,9.633284,0.8745161,5.426057,1.719729,-2.3114035,0.78259397,0.35047674
1.4954958,9.673868,0.860512,5.4199247,1.7418594,-2.3920825,0.48320448,0.35541064
2.985831,2.4505897,0.8714545,5.5174417,1.8381488,-2.5000684,1.3899577,0.25080192
2.9972534,2.3318577,0.75104094,5.516795,1.8587883,-2.4414268,1.2920501,0.21069133
2.9492445,2.6744697,0.74413574,5.8436203,1.8412147,-2.4487486,2.0075507,0.6772351
2.8775053,5.0547104,0.6930822,5.7995224,1.841958,-2.520996,2.5843575,0.51001334
2.71199,4.0224442,0.687907,5.8014283,1.8747258,-2.5364435,1.7680881,0.4181149
2.7894917,2.2510195,0.63858294,5.972393,1.8264444,-2.4701376,2.285841,0.64700615
0.81337106,6.7276278,0.7214372,5.78253,1.8753479,-2.4757354,0.83344245,0.809927
1.2837235,9.358534,0.71105444,5.8599977,1.9019494,-2.4643111,0.4289019,0.6163193
0.7880874,5.6317825,0.651762,5.924078,1.8852129,-2.504089,-0.1673643,0.2938664
2.3050528,9.037466,0.66407275,5.808096,1.8722692,-2.4691265,1.117414,0.096563935
2.589084,4.5652905,0.6277951,5.8888063,1.8744993,-2.5165231,0.37602055,0.54375744
2.5564334,3.6026616,0.61840725,5.872647,1.922106,-2.5802686,0.054573774,0.34862137
1.2205153,8.710758,0.69935715,5.906049,1.9220834,-2.6075473,0.23299801,0.25444478
1.965016,4.604311,0.689059,5.8236227,1.9778357,-2.6256495,-0.05454886,-0.42527932
2.158991,9.268267,0.61859393,5.8435516,1.9874871,-2.5921898,-0.31301367,0.39224768
1.4386096,5.7350116,0.59589434,5.927896,1.9852295,-2.5596728,0.6328559,0.621336
0.9101646,7.1987,0.5973077,5.940875,1.9953861,-2.676686,0.8322997,0.55646133
0.5612427,7.0942707,0.6000123,6.112151,1.9932132,-2.600056,0.3946786,0.19842958
0.58101374,8.488695,0.6786089,6.1749415,1.9067724,-2.5006447,0.22919452,-0.14504954
0.5545294,9.217252,0.67010534,6.1451664,1.9016955,-2.5324686,-0.07816309,-0.14064503
0.560596,9.648595,0.7049047,6.0803957,1.8962352,-2.572497,0.00929594,-0.15384454
0.56165135,9.7536955,0.7327633,5.8298264,1.9340193,-2.4883528,0.21158528,0.5469017
0.61997646,3.079866,0.7333138,5.8835616,1.9275336,-2.5119686,2.344979,0.16944063
0.7353884,7.438028,0.69618225,6.0044866,1.8849738,-2.5378141,0.65018654,0.75071096
0.5835747,3.3258286,0.64628816,6.195496,1.7717111,-2.5105357,-0.014614522,-0.04082969
0.7672316,3.0225344,0.58980227,6.2338676,1.7786808,-2.5103724,0.057066202,-0.4661897
0.6840416,2.4576259,0.5494467,6.2808876,1.8222818,-2.4798126,0.0095027685,-0.1376419
0.52593416,2.9958224,0.58476675,6.163638,1.8058138,-2.5232778,0.0545882,-0.08663073
1.0736456,9.929998,0.52834535,6.178489,1.860512,-2.475513,2.152607,-0.31390885
0.76357377,4.199443,0.5105212,6.281246,1.8939095,-2.4937024,-0.7463771,-0.32991844
0.51366365,7.23087,0.5523429,6.462701,1.9022081,-2.5473638,2.69199,0.24303925
0.5034055,7.185141,0.5766432,6.430103,1.8999135,-2.514267,-0.1270082,0.016462743
0.91459644,5.826785,0.4052421,6.357237,1.8705888,-2.52626,0.0030111074,0.049735606
1.3565232,4.26359,0.5314853,6.198128,1.8303399,-2.479828,-0.58784974,-0.16947514
2.5750086,7.782175,0.6019385,6.1104755,1.8724859,-2.493512,1.060909,-0.14614004
2.6663582,9.615686,0.6262673,5.960123,1.9091666,-2.6086094,-0.1495707,-0.09331149
1.0515321,2.8568048,0.6088295,6.0478125,1.8886309,-2.5183573,-0.14553046,-0.09052265
1.0079468,9.159366,0.56692815,6.068092,1.8718362,-2.4608107,0.0011751652,0.043302298
1.0286132,3.6669416,0.6453898,6.0434046,1.9220178,-2.5819497,0.047769427,0.045170367
1.2310702,5.4003553,0.6916201,5.793016,1.8331323,-2.4975975,0.04211569,0.094364405
1.7632706,4.9339247,0.17065263,7.695389,0.08993244,-0.7302799,1.8762002,0.7124716
1.4297273,3.9979734,0.1765616,7.674612,0.08919859,-0.73681355,1.3064392,0.5297965
2.7048554,3.5268204,-0.721015,7.684057,0.043489218,-0.6474385,2.9075382,0.7169287
2.2036433,5.487196,-0.6978487,8.008646,0.10064149,-0.6373749,-0.4328326,0.15771723
2.9123573,4.640558,-0.9417296,7.947243,0.036447287,-0.66692114,-0.27215803,-0.32527274
2.7104328,5.0430326,-0.9374083,8.179424,-0.008440733,-0.6188898,-0.501071,-0.31500137
2.3813338,7.2589684,-0.93743855,8.141261,0.0025269985,-0.6373112,-0.4306696,-0.27980006
2.0762174,7.3322625,-0.86547977,8.29882,-0.009549618,-0.648082,-0.33470863,-0.2509538
2.151535,6.7893257,-0.83169925,8.319803,-0.08227122,-0.59314036,-0.010261238,-0.03263396
2.212391,8.087456,-0.84801483,8.382655,-0.08449924,-0.58836627,-0.37120974,-0.2110436
1.7848973,6.602914,-0.74557614,8.331896,-0.008820772,-0.59858084,-0.75117743,-0.22354853
2.1065536,5.9405107,-0.8906741,8.102928,-0.014719963,-0.54983807,-0.6575975,0.121560454
1.4930469,4.1882687,-0.8063571,8.125896,0.0046823025,-0.5500736,-0.49734515,0.28178
2.0895922,6.5401936,-0.675422,8.0001335,-0.019600034,-0.5484407,-0.288858,-0.017598808
2.7531548,4.8420687,-0.7732053,7.983354,-0.013132572,-0.64513016,-0.33475643,-0.08867735
2.7018936,6.92399,-0.6021153,7.872993,0.00041031837,-0.60368276,0.26730907,0.044792175
2.5904431,2.8817081,-0.39164895,7.867752,-0.022830606,-0.6106615,-0.28324312,0.104180515
2.2445288,4.6564493,-0.5589406,8.018696,-0.015229464,-0.6174865,0.05659473,0.43049788
1.9964547,5.779793,-0.46560323,8.017153,-0.047047257,-0.59142613,0.18010616,0.56094563
2.009252,4.707526,-0.2949376,7.8870106,0.0064017773,-0.63644123,0.22595441,0.56922126
1.7099129,4.2208376,-0.14357263,8.006012,-0.0069485903,-0.631937,0.5770645,0.7888006
1.2406895,4.1983175,-0.509837,8.038408,-0.03492558,-0.5711217,0.062071323,0.7253423
1.3354075,5.233821,-0.5762639,8.225857,0.056438684,-0.5947015,2.7254028,0.9631305
1.2929919,5.027396,-0.548473,8.310041,0.0033242702,-0.58527493,1.6442633,0.49885517
1.2415015,3.643498,-0.7629497,8.329311,-0.053523302,-0.60225344,0.017137885,0.39766157
1.0732243,3.6938558,-0.7157995,8.392994,-0.044559717,-0.6105876,0.4106182,0.73194265
1.0811307,3.05588,-0.8244029,8.39168,-0.02819097,-0.5973942,0.37202597,0.69753134
1.1521193,3.9809666,-0.6400666,8.356055,-0.06363058,-0.59251547,0.8141453,0.4010049
0.96625805,3.4000077,-0.4614148,8.455917,-0.08673823,-0.5619321,0.60945666,0.8437214
1.0063434,3.3668048,-0.5126601,8.521276,-0.0854162,-0.6006911,0.5359818,0.54554653
0.9588169,3.879672,-0.53829193,8.565277,-0.08775759,-0.6022048,0.77951753,0.7314471
0.9517453,3.8239322,-0.62357974,8.484566,-0.04620409,-0.54573035,2.1870675,0.7070732
0.9703441,3.3947606,-0.60410976,8.47113,-0.04634404,-0.57076216,2.7018604,0.7389046
0.93668306,3.2299595,-0.7614689,8.481867,-0.093642,-0.58008957,1.0263987,0.46935058
0.905882,3.6730866,-0.49472588,8.460585,-0.080066085,-0.50256443,0.7769512,0.5206617
0.9995306,3.1567755,-0.530373,8.20003,-0.038841844,-0.5796795,0.2862743,0.68466854
1.0553429,3.9961007,-0.5673749,8.286081,0.03706765,-0.6193943,0.7668191,0.40333056
1.1111765,4.657979,-0.47492033,8.110235,0.07274127,-0.63630223,0.51672924,0.22883922
1.1015064,4.528652,-0.10742915,8.159294,-0.0035010576,-0.64622045,0.5711881,0.026752114
1.1022334,4.189469,-0.06779575,7.993095,0.011857271,-0.6194806,-0.111074686,-0.09003204
1.270283,3.7543864,0.15446675,7.8887987,-0.077892184,-0.59562397,0.147372,0.076443434
1.2702209,3.2107387,-0.061684966,7.8672953,-0.07860148,-0.50271225,1.5456979,0.63128805
1.213939,2.90189,-0.020198822,7.785688,-0.06707597,-0.5168948,0.6256294,0.9390832
2.2441747,2.9399762,-0.013256669,7.6500864,-0.030270338,-0.5739515,1.8924816,0.89113
2.3501852,2.4351647,0.4038396,7.494643,-0.10034001,-0.56490946,0.48262691,0.6398362
2.1667628,4.046324,0.20204628,7.3050313,0.045492887,-0.5704429,0.22638905,0.53550947
2.8703341,2.3541963,0.17311251,7.3239326,-0.061400294,-0.50913286,-0.2995652,0.17524678
2.420172,2.8156936,0.34339416,7.33189,-0.06990874,-0.5343714,-0.3344931,0.31328207
2.709424,2.8193097,0.04222548,7.38064,-0.089987636,-0.43638158,2.2125194,0.506639
2.8053033,2.7787726,0.5736928,7.0347295,0.018446445,-0.50274587,0.6751299,0.80188155
2.793699,2.397929,0.80822206,6.8551836,0.04865694,-0.50598025,0.7554369,0.9017782
2.549456,3.5851479,0.87099385,6.951463,0.05906415,-0.6942177,1.4888697,0.6244768
2.912493,2.5018125,0.80952585,7.1121817,0.059212923,-0.65647197,2.0379727,0.8454337
2.9227042,2.6370344,1.0467298,6.995628,0.026584148,-0.65178275,1.3360329,0.19881755
2.7767384,4.053336,0.9282079,6.955013,0.049309254,-0.68160844,2.3599625,0.7926557
2.273656,2.4960036,0.6439686,6.9480214,0.11561632,-0.6750357,1.9494054,0.6030761
2.3773496,2.0964618,0.49840617,6.9702425,0.14800024,-0.715374,2.265086,0.36537194
1.2722993,2.070633,0.73129046,7.1354976,0.10469675,-0.72146773,0.5059005,0.47209203
2.8715427,5.306824,0.6805022,7.09119,0.058343172,-0.676594,1.6723576,0.6568806
2.372199,2.9049158,0.7370484,7.1536455,0.05628562,-0.66303873,2.771024,0.6316078
2.2270012,4.710963,0.8862288,7.0235963,0.14793801,-0.7794709,2.551056,0.4527051
2.2678347,3.7771277,0.8397039,6.942376,0.16571808,-0.7470908,0.44065893,-0.04287368
1.5376341,2.465053,0.83478,6.947271,0.17199373,-0.77765584,0.030344486,0.3398143
1.3665612,2.674804,0.64224195,6.9828544,0.13419628,-0.7123151,2.4514143,0.8435521
2.7603078,3.3761773,0.7652619,6.8963537,0.09875798,-0.6841128,1.522778,0.4646597
2.9084468,4.411483,0.99176157,6.817051,0.10787153,-0.6656985,1.9836638,0.50877964
2.5294802,2.5491846,1.0051217,6.7944803,0.11247349,-0.7588763,2.1651707,0.45454156
2.8710616,6.559836,0.9575238,6.826793,0.18139338,-0.766448,0.07183576,0.17206585
2.6485124,2.5933485,0.8411484,6.8203087,0.19732952,-0.80088234,0.36140096,0.5393971
2.8574731,4.0919642,1.0248196,6.873332,0.14475822,-0.80471206,0.29653704,0.022113323
2.4847178,3.8063707,1.0395198,6.8756285,0.14056158,-0.829921,1.3034532,0.54673123
2.9927692,2.1139424,1.0774658,6.698454,0.19253016,-0.8083942,1.7591755,0.280733
2.9957957,5.041424,0.8764372,6.7654696,0.22590303,-0.82181334,1.2367792,0.5287243
2.6993442,4.4769382,0.83899546,6.845029,0.2581277,-0.8510337,1.7059574,0.6858268
2.961904,9.384171,0.7584617,7.02455,0.22114635,-0.88482,1.3911462,0.54144573
2.584563,5.7346325,0.5705044,7.299237,0.2173922,-0.8062234,2.466957,0.5256392
2.498818,9.350518,0.52271914,7.2648134,0.24752259,-0.8323622,2.9223933,0.9615898
2.4693856,9.599402,0.542953,7.303745,0.2887118,-0.8941591,2.1196554,0.9891697
1.7236143,9.1700325,0.50485325,7.437737,0.3014698,-0.8896756,0.9377229,0.86310816
2.9961743,7.076146,-0.20460755,7.534897,0.284544,-0.917305,2.5159507,0.65782535
2.0658658,3.6193147,-0.06794679,7.600101,0.27762341,-0.9142816,0.057633996,0.30902684
2.7829266,8.547553,-0.28071535,7.5821414,0.33927774,-0.9561715,-0.010668278,0.28308523
1.8680869,6.77161,-0.25015014,7.612073,0.3383355,-0.9789543,0.06944597,0.35903645
1.2904475,6.139253,0.04593849,7.676911,0.34700942,-1.0098207,-0.1140542,0.24548316
1.330525,4.5858145,-0.06987357,7.725737,0.35992813,-1.0387046,-0.07471889,0.0870592
2.3057904,6.852465,0.0064629316,7.5971417,0.33432865,-1.0263895,-0.25560063,-0.06616151
2.3876534,3.8742056,0.09331882,7.476179,0.3333032,-0.94855046,-0.40206355,-0.21776801
2.370707,6.875621,-0.24679327,7.585634,0.35310268,-0.98003054,-0.62424254,-0.40598065
2.129973,7.6829796,-0.20594615,7.650662,0.31197548,-0.8937049,-0.61884916,-0.37161323
2.6763227,2.9605188,-0.31192702,7.572276,0.34951115,-0.89322805,0.3356737,0.28596878
2.957914,9.857577,-0.08890349,7.4790297,0.23553061,-0.81748486,2.374981,0.688671
2.9417355,8.196314,-0.086557806,7.601934,0.20157623,-0.7989712,2.9198933,0.7744496
2.820045,9.80396,-0.28373265,7.6795263,0.18429661,-0.77655387,2.950771,0.66695
2.8001888,6.9762163,-0.24588108,7.659413,0.1358242,-0.7819183,2.707609,0.61269057
2.7404017,4.1917686,0.19314623,7.5373983,0.12500358,-0.764946,2.8336942,0.7801795
1.5640372,3.9676957,-0.049436092,7.681891,0.0980916,-0.70049477,0.85845685,0.5807718
1.5429387,3.7938209,-0.19783223,7.7469964,0.09301615,-0.64862347,0.8382689,0.613304
1.7060041,6.26329,-0.19579244,7.772317,0.08227587,-0.67168856,0.501794,0.4885943
1.5475023,4.4066687,-0.29669833,7.88063,0.10160041,-0.72100306,-0.14712632,0.081887364
2.1901524,4.2364926,-0.3009057,7.847994,0.02568078,-0.6093509,-0.19625896,0.11461437
2.8392198,6.5592866,-0.19619465,7.6594925,0.033176184,-0.59656024,-0.57403207,0.11554825
2.2991252,5.0828443,-0.1869663,7.7804966,0.078543186,-0.6462562,-0.8513703,0.46832877
2.5623841,3.1939874,-0.5213732,7.7148337,0.107565165,-0.60765743,-0.51691514,0.2816378
2.582854,3.3124816,-0.88834465,8.156092,-0.034565806,-0.62245464,-0.41889048,0.1863991
2.0728626,4.59892,-0.67584985,8.229107,-0.059526682,-0.5907123,-0.50407517,-0.25520915
1.7771425,4.75914,-0.7267569,8.179456,-0.075891495,-0.55247784,-0.7114044,-0.25381035
2.3934584,2.584825,-0.8894186,7.9061565,-0.09275699,-0.48186445,-0.09921026,0.11696327
2.119668,2.9859304,-0.7330772,7.9432125,-0.14072335,-0.5371275,-0.30340582,0.13597351
1.8667777,2.458077,-0.6428433,7.949743,-0.14479458,-0.4436388,0.45323968,0.8757683
2.225905,2.039531,-0.66003895,7.781363,-0.1561935,-0.4915998,0.6437923,0.69093466
2.4678807,2.1703203,-0.5158675,7.7389383,-0.1751163,-0.42277718,0.15510237,0.43972552
1.8556015,3.7598581,-0.5642012,7.8285494,-0.17248976,-0.42265654,0.30009043,0.25011492
2.7300012,3.5118842,-0.4586596,7.898995,-0.19503212,-0.4947698,2.008223,0.55606484
2.6226249,2.760854,-0.90853053,7.8857427,-0.17205417,-0.46496892,0.97718763,0.57413626
2.61813,2.04461,-0.37331313,7.688959,-0.19168806,-0.45084548,1.9250696,0.59828985
2.854193,2.0419338,-0.2473793,7.7407217,-0.121617794,-0.49280214,0.2763909,0.81764615
1.8013577,2.0103436,-0.2815997,7.7242804,-0.12343395,-0.4970355,2.4114957,0.725533
2.12433,2.0004244,-0.10848755,7.576746,-0.02775073,-0.5051489,0.7429434,0.5261055
2.41336,2.0163007,0.40665627,7.3883653,-0.052097082,-0.5250671,0.56904924,0.38136297
2.5775707,2.1425145,0.13264096,7.462437,-0.04468739,-0.5593345,-0.39220345,-0.0073857605
2.216709,2.137867,0.03958237,7.342889,-0.031381845,-0.5772388,-0.38678485,-0.35831875
2.7577326,2.2628028,-0.27228427,7.3299294,-0.038535237,-0.5292225,-0.2952267,0.24925554
2.8264363,2.7660682,-0.47384,7.6466737,-0.017443776,-0.5988169,-0.34428567,-0.33980286
2.878373,5.712838,-0.26172185,7.6696677,-0.020641565,-0.6159291,-0.37478554,-0.2814741
2.6675887,6.4847703,0.22759521,7.704055,-0.0525074,-0.6297779,0.5793469,0.694582
2.4936929,6.7623177,0.15055418,7.7471232,-0.05893755,-0.6145561,1.5297844,0.21252406
2.9279923,7.0154934,-0.53148395,7.765506,-0.06333399,-0.58400965,1.522605,0.7041886
2.9424107,2.819075,0.0060174465,7.7712502,-0.062173605,-0.55274963,0.43103254,0.73204315
2.8701432,5.4503293,-0.16405046,7.6391683,-0.084073186,-0.563035,1.612504,0.62979054
2.8682327,4.3857427,-0.60541445,7.7227135,-0.08470607,-0.50647783,1.5661118,0.59970903
2.2916512,6.1084404,-0.55104256,7.819867,-0.08511579,-0.5305903,1.1156144,0.45284635
2.9330494,5.9695845,-0.57102776,7.901676,-0.12362385,-0.53335714,1.4780786,0.5813546
2.7456448,5.3585367,-0.4640987,7.6574087,-0.052921057,-0.5437722,0.121564746,0.5525229
2.4960947,4.455922,-0.5742485,7.772508,-0.11195767,-0.48297405,1.2069726,0.67646885
2.8568969,4.5082974,-0.8075232,7.897102,-0.10507321,-0.42020202,1.3936646,0.5514715
2.848196,5.495025,-0.20976317,7.888465,-0.10473156,-0.497684,1.8860126,0.7839639
1.9516466,4.3319693,-0.78001714,8.122553,-0.08648038,-0.51928496,0.56228936,0.7304745
2.0696416,5.440299,-0.6066929,7.982085,-0.13443506,-0.5179229,0.50340223,0.23172975
2.3745422,6.100135,-0.34582698,7.942656,-0.13435161,-0.4889865,0.74414456,0.47005826
2.264891,5.147079,-0.79716265,7.9376726,-0.10672569,-0.53967,2.1713438,0.5832045
1.6636515,3.7887402,-0.049963713,7.9478655,-0.11267173,-0.49758244,2.1281686,0.47341925
1.8668479,3.076734,-0.7732,8.080766,-0.17385161,-0.42048526,0.80580866,0.7261586
2.5134177,3.1422827,-0.7129392,7.969458,-0.18270075,-0.4217186,1.6207118,0.782881
2.3867617,3.1424859,-0.52393496,7.857605,-0.195176,-0.4302628,2.1002939,0.7631688
2.3183622,2.7079198,-0.57704645,7.912512,-0.18329525,-0.4413011,2.5407622,0.42426974
2.9478784,5.8980494,-0.74406946,7.9724236,-0.14914417,-0.44905353,1.5763285,0.449789
2.9358418,5.477768,-0.8500241,7.989428,-0.13714159,-0.45016813,-0.1152004,0.56454206
2.983192,6.1294227,-0.77986157,8.066921,-0.13885534,-0.51045203,-0.12539625,0.30773365
2.872294,4.693326,-0.7975361,8.078976,-0.15469015,-0.4996438,0.41265547,0.3950578
2.9352338,6.7004905,-0.7716923,8.0985775,-0.22955501,-0.46674538,0.3196535,0.37432522
2.932335,4.76605,-0.811291,8.16578,-0.2598244,-0.3634894,1.0466247,0.48101425
2.7578473,5.274355,-0.6158155,8.12232,-0.26837182,-0.37766266,0.9576106,0.6598923
2.6353889,5.1445856,-0.84035355,8.132614,-0.25477087,-0.3824141,2.0318038,0.6268717
2.7748308,4.7401013,-0.5450392,8.0891485,-0.20569313,-0.39723635,1.4680355,0.42191017
2.8212998,6.8880124,-0.5713318,8.011828,-0.20399976,-0.49624467,1.5288022,0.6162698
2.9082189,2.5309575,-0.18939984,7.8188806,-0.16559792,-0.46956086,1.3807461,0.8557942
2.5921633,2.8165817,-0.23620903,7.7145667,-0.16230905,-0.46700335,1.7106712,0.5059098
2.156499,2.900141,-0.35691267,7.7796,-0.14465082,-0.500402,1.2283106,0.80103326
2.3113225,2.5059338,-0.47479296,7.8081403,-0.14483929,-0.43169928,1.1902688,0.75936115
1.8341193,2.4392145,-0.35626632,7.7669287,-0.06639767,-0.49095535,0.65120745,0.7280811
1.9196539,2.3478017,-0.31542552,7.8379045,-0.15601146,-0.49715877,0.8610202,0.61972666
1.5677308,2.4308743,-0.21730399,7.8184605,-0.16291618,-0.50009775,1.0035608,0.6482836
1.462208,2.251263,-0.34511417,7.853765,-0.09940648,-0.47695017,0.6697974,0.6398225
1.8751326,3.3042636,-0.3450874,7.834189,-0.13126612,-0.47913265,0.3431785,0.72679603
2.0467634,2.7015793,-0.5672122,7.947875,-0.122039914,-0.50448084,-0.44677562,-0.094531655
2.1671047,2.4332273,-0.7749913,7.9899755,-0.12117243,-0.48469687,-0.7461563,-0.3223576
1.5744087,2.2982552,-0.597813,7.9032254,-0.11423898,-0.4904251,-0.3225143,-0.37447438
2.6263678,5.1828384,-0.60523725,8.0565815,-0.111323,-0.49939108,-0.68642163,0.08653629
2.9678836,4.2338285,-0.8336773,8.104955,-0.03212595,-0.5187297,-0.5875921,-0.015519083
2.9411702,6.1084514,-0.9122224,8.12002,-0.019279718,-0.6250036,-0.5441824,0.06938237
1.9448702,6.13606,-0.91715276,8.334853,0.036959648,-0.6332934,-0.2729413,-0.26664796
1.9736757,5.1977963,-0.9480397,8.076088,0.052848816,-0.6947706,-0.2979402,-0.25752628
2.6035142,4.7436876,-0.6929769,8.086835,0.05802083,-0.6985154,-0.3797447,0.21912175
2.0175798,5.089147,-0.8845028,7.9913206,0.11463332,-0.6995802,-0.4958368,-0.24933535
1.5323656,5.0170603,-0.74177694,8.062046,0.13448358,-0.73766017,-0.40164542,0.067549765
1.4972266,5.945171,-0.5699204,7.998579,0.15610862,-0.7620318,0.23083818,0.5860547
1.570496,6.7613807,-0.38844174,8.0408535,0.16819572,-0.8140733,0.62663805,0.47092515
1.6647202,7.380911,-0.53658754,7.9559646,0.21548462,-0.8391762,0.087016106,-0.08322674
2.183777,7.562375,-0.5124425,7.844574,0.2425313,-0.82665396,0.052433133,-0.07912171
2.5395846,7.826024,-0.24576479,7.6042213,0.21529007,-0.8205223,0.8928467,0.5758225
1.8957438,6.0275674,-0.100373864,7.6872964,0.22093534,-0.827075,0.75710976,0.70646703
2.063687,7.479297,0.009110093,7.603468,0.23193884,-0.8383746,0.87120426,0.68527305
2.2711015,6.365142,0.11759114,7.4250774,0.25801706,-0.8124063,0.64670444,0.47178912
2.301787,6.7737927,-0.1976009,7.4956284,0.2985747,-0.8652363,0.296754,0.3678093
1.228666,4.190481,0.030495167,7.687919,0.26018786,-0.9309435,0.31500924,0.59998536
1.1471516,4.245735,0.19548225,7.4894795,0.26166558,-0.8810084,0.019845486,0.30283827
1.3492137,3.5772104,-0.017176569,7.4740524,0.28259254,-0.86274934,-0.1658327,0.29204094
1.7622125,5.556851,0.12938476,7.3711195,0.28369617,-0.85580516,0.24033904,0.4571107
2.6231053,6.150136,0.19503808,7.32484,0.2563107,-0.87449527,0.026359916,0.29707205
2.3899798,8.263826,0.04175651,7.4286823,0.2580912,-0.8880296,-0.19015062,0.33669126
2.5885215,6.7978015,-0.051146924,7.4316173,0.32538176,-0.90495205,0.13035321,0.4852063
2.6078181,3.5619764,-0.109535694,7.5009685,0.27229023,-0.87832737,-0.29152942,0.5830573
2.6367538,6.9181757,-0.0072656274,7.520212,0.27741218,-0.8836076,2.34101,0.611465
2.372334,6.1569138,0.061692238,7.431389,0.27942657,-0.9429829,-0.11364585,0.5466312
2.257866,7.3905754,-0.10586649,7.4596605,0.32549763,-0.9108043,0.26678193,0.25189775
2.3384767,4.4284325,0.12841225,7.468542,0.23516893,-0.8943181,-0.0036814213,0.11012697
2.301857,3.0614574,0.08064377,7.4622893,0.27260613,-0.9084382,-0.016685724,0.5287237
1.2305334,2.7871866,0.11584425,7.4243083,0.2719028,-0.82595825,0.45352423,0.21597242
2.0164542,5.2555437,0.08435154,7.4803143,0.20909047,-0.8619206,-0.6784042,-0.014903277
2.313302,5.9889402,0.05183482,7.6443524,0.3118508,-0.89174986,-0.9349824,-0.41770104
0.54554254,8.574338,0.15623188,8.2549515,1.0603218,-1.6664732,1.0110159,0.5361674
0.59641725,8.914007,0.110028744,8.286999,1.0665865,-1.7418873,2.8833451,0.7776686
0.60830843,8.967688,0.004259348,8.345873,1.0510731,-1.6237947,2.917164,0.85580945
0.53394896,9.183224,0.106031775,8.3131695,1.0776417,-1.7467813,2.7951016,0.29748583
0.52974826,9.432814,0.19947314,8.20496,1.0949423,-1.7091925,1.2981374,0.2795338
0.56488645,9.36791,0.20409024,8.266167,1.0638518,-1.7183563,0.7776512,0.7391596
0.60671085,9.435438,0.08334482,8.239388,1.0751271,-1.6768311,1.3619673,0.42904556
0.60353035,9.543314,0.051958323,8.457572,1.0618043,-1.6580815,1.2758346,0.8135655
0.5588205,9.96327,0.014879346,8.718903,1.0550716,-1.627447,2.5249958,0.8992771
0.60527295,9.980514,-0.22899294,8.733177,1.0464425,-1.6567252,2.914247,-0.16992888
0.72145665,9.606359,-0.44936067,8.742132,1.0337257,-1.7536247,2.9375496,0.8207226
0.802979,9.403488,-0.5647669,8.625536,1.0108054,-1.5650655,2.8157487,0.19308686
0.79110205,7.489597,-0.58667934,8.683542,0.9857235,-1.5721095,1.9379206,0.6591461
1.8427296,7.0443835,-0.5221571,8.40128,0.98484325,-1.6650622,0.9789027,0.8916204
0.93888104,4.35415,-0.43435562,8.083847,1.0238173,-1.646958,0.37190378,0.56614685
1.1817214,9.718861,-0.36997736,8.072361,1.0744724,-1.6615151,0.22606575,0.3793953
0.9653401,7.6644154,-0.4107542,8.21641,1.0432584,-1.6881834,-0.14479172,0.015838623
0.91023034,9.7916,-0.271923,8.376114,1.0070705,-1.6780483,-0.48111516,-0.107387245
1.3309654,9.090187,-0.43748748,8.2037735,1.0086429,-1.6644053,-0.46679467,-0.39847112
1.1310863,8.03779,-0.31726366,8.138803,1.0353146,-1.6670966,-0.52603674,-0.35135776
0.8594967,6.1816335,-0.40332162,8.226222,1.0252583,-1.6444141,-0.3173052,-0.08231273
0.8384179,4.6704454,-0.45865285,8.183357,1.0470963,-1.6320654,-0.55775124,-0.3992054
1.0119586,3.3961906,-0.46602416,8.265701,1.0579572,-1.6887763,-0.6589011,0.18007123
1.0973754,9.999897,-0.4150241,8.125452,1.0799475,-1.6564367,-0.62415314,-0.062107027
1.1062524,8.198315,-0.34985727,8.056454,1.0093889,-1.6504469,-0.40714437,-0.20275971
0.98614013,6.0579987,-0.31345522,8.066823,0.9134309,-1.5749707,-0.26114702,-0.12848377
1.6959352,4.673401,-0.28014803,8.012108,0.8856113,-1.5698457,-0.36504686,0.18797779
1.2997603,4.9257646,-0.30565614,7.9881954,0.9133165,-1.583542,-0.38832736,-0.19426525
1.5263704,7.0235667,-0.34051913,7.8913627,0.8534322,-1.5049162,-0.07442087,0.02230066
0.9984236,8.070509,-0.24696821,8.035231,0.8425317,-1.4780177,-0.33268535,0.51185167
1.0536779,8.290768,-0.23189634,7.9528365,0.9027364,-1.5343522,-0.20088243,0.09167075
1.1051149,9.09911,-0.17264634,7.72336,0.893991,-1.4952781,-0.5698719,-0.005377054
1.2697022,2.8953156,-0.28350568,7.746475,0.9068103,-1.5304337,-0.54456866,-0.05458665
1.0693655,9.082048,-0.23681015,7.8807945,0.8831465,-1.5098995,0.12743795,0.8599671
1.1592984,9.851791,-0.113978386,7.820477,0.9080665,-1.5009582,1.3786495,0.86907077
1.3318032,9.94673,-0.10485691,7.793854,0.8880844,-1.4545588,1.4509244,0.87856066
1.0353472,9.9644165,-0.15226078,7.8298044,0.77552176,-1.3425086,1.5925086,0.62345946
1.0648952,9.2811775,-0.20739347,7.7265944,0.8247249,-1.3544414,0.77699375,0.9167961
0.90417147,3.9010854,-0.20458591,7.7654037,0.83149815,-1.3687341,0.8641194,0.4748752
2.6546514,7.448811,-0.15483868,7.672427,0.64497185,-1.3527589,2.176221,0.6711596
2.9165246,6.566586,0.06307721,7.082665,0.7359719,-1.2860093,2.8457344,0.5830126
2.3880935,8.127643,0.38551366,7.0021734,0.7137425,-1.3481939,0.16615176,0.6882026
1.9348204,8.689556,0.41422176,6.975201,0.72428346,-1.3803685,0.57649755,0.7203628
2.652279,9.895536,0.42811453,6.8997736,0.78995967,-1.4855511,-0.18964696,-0.42531216
2.2693737,2.314418,0.44365513,7.027857,0.7840009,-1.4841199,-0.06707257,0.20669937
2.5701413,6.6562595,0.22132099,7.059821,0.800992,-1.3568356,-0.30066037,0.07950318
1.8873768,8.417908,0.16066253,7.442371,0.73070383,-1.3930703,-0.505841,-0.3167313
1.3033134,9.881138,0.16073465,7.3669147,0.7576246,-1.3925836,-0.08601534,0.012372673
1.5583997,9.639036,0.20001423,7.423668,0.74391913,-1.3791786,-0.17209423,0.13629913
1.7545108,8.78622,0.1304847,7.2971625,0.7601955,-1.3105495,-0.13219798,0.3669384
2.1537094,8.80212,0.12518287,7.33225,0.7509835,-1.3489392,-0.60110295,0.19019115
1.8652709,8.1098585,0.15029705,7.2659593,0.6799488,-1.2619545,-0.4095863,-0.4654825
1.8327284,6.6448603,0.13838267,7.290582,0.676883,-1.3227873,-0.55255973,-0.48390624
2.5485494,6.8904705,0.13623619,7.313143,0.67660475,-1.2887869,-0.4238363,-0.49631962
1.7015444,6.75165,0.05840206,7.402532,0.66926575,-1.2952874,-0.55955476,0.20453024
2.117262,7.0580225,0.087643385,7.2786794,0.7158413,-1.3200614,-0.31598473,0.4708376
1.7188064,3.8830614,0.13028228,7.1619415,0.74583817,-1.281893,-0.22591347,0.3379534
1.2474148,9.250694,0.011087537,7.464524,0.70991063,-1.2454925,-0.5578549,0.1960088
1.267499,9.837136,0.045403242,7.479492,0.72178817,-1.2788587,-0.75015557,-0.18941492
1.9817779,5.059692,0.024255157,7.4052095,0.7218163,-1.3176259,0.050717473,0.29478073
1.7598385,9.221888,0.061930537,7.4777865,0.71033597,-1.3102709,-0.40725803,0.3953631
1.523216,9.049875,0.14730108,7.3899894,0.72547555,-1.3425689,-0.40455675,-0.14344355
1.8439275,8.084327,0.215155,7.2616363,0.71708775,-1.3595278,-0.5309637,-0.47161996
2.481215,8.025383,0.22673547,7.1524386,0.72890997,-1.3650355,-0.23831552,-0.42804235
2.0621705,4.962815,0.28805268,7.0453234,0.808481,-1.3896139,-0.37396085,-0.41123545
2.0593433,6.291343,0.24537122,7.102757,0.78441024,-1.4144473,-0.46022123,-0.4633263
2.8824313,8.1132965,0.12901103,7.1256695,0.74854565,-1.3879133,-0.39341652,-0.43170622
2.658004,8.473356,0.030058503,7.2107124,0.7934756,-1.384031,-0.3365445,-0.41640157
2.8423355,3.794385,0.047278643,7.4444056,0.7174268,-1.3283806,-0.484684,0.043395042
2.8400571,9.81732,0.18126655,7.3394127,0.69141674,-1.3388532,-0.39618272,-0.32671124
2.7934103,2.2420406,0.13685536,7.0770063,0.65392447,-1.2503922,-0.15510136,0.17459261
2.230195,9.891701,0.26218355,7.046376,0.641572,-1.217514,-0.10766846,0.028527498
2.6404681,3.503199,0.020742059,7.3877854,0.6142545,-1.2492474,-0.2230758,0.01480782
2.4108047,9.551579,-0.10108149,7.3419485,0.69987893,-1.238621,-0.6903418,-0.058748007
2.6304343,6.337723,-0.06594658,7.476564,0.60459995,-1.1993792,-0.37798798,-0.051068187
1.687581,3.296589,-0.0005790591,7.448404,0.5421982,-1.2020016,-0.16126972,-0.07817757
1.0301852,2.3097248,0.0741663,7.451232,0.5410981,-1.205543,-0.31064785,-0.35995343
1.9424548,9.538027,-0.19668412,7.6315503,0.5736048,-1.1860402,-0.27486593,0.38549626
2.0934582,5.5253496,-0.18014991,7.5619116,0.6074574,-1.2188548,-0.32285857,-0.34267077
2.962435,8.460243,-0.22185236,7.20594,0.6637013,-1.1927953,-0.15800613,0.13137943
2.940988,4.536622,-0.19672728,7.297376,0.6278286,-1.1613426,-0.37059987,0.1905539
2.5215676,8.973543,0.07248759,7.4364934,0.53746724,-1.2097676,-0.34101307,0.05124986
2.9357495,9.360838,-0.12726521,7.4801245,0.61136746,-1.2282736,-0.11235529,0.10210425
1.0438519,7.625755,-0.0068172216,7.436716,0.65343976,-1.2368779,-0.15227419,-0.37628782
1.0845867,6.964691,-0.07703948,7.4985003,0.6333325,-1.2210453,-0.0040153265,-0.30230355
1.9634495,6.0128107,-0.021740198,7.3518105,0.58023024,-1.1293981,-0.71881944,-0.041434526
2.3380122,6.940059,-0.14764738,7.5213366,0.5472257,-1.0994716,-0.5412711,-0.4255501
1.7520826,7.573008,-0.12471795,7.4374123,0.52105904,-1.0792937,-0.6317928,-0.30818745
1.2364845,4.8587203,0.009766459,7.4409904,0.5255134,-1.0383558,-0.33447587,0.13969374
1.245061,4.1375723,0.22331822,7.3834085,0.41265416,-1.0674491,-0.12699676,-0.35252836
2.528968,4.8714814,0.12058282,7.404159,0.3985989,-1.0426223,-0.14210737,0.17061394
1.9175489,5.987774,0.1437043,7.4139214,0.3485999,-1.0378964,-0.113419175,0.059203863
1.4517562,5.356296,0.18864918,7.4506316,0.37246275,-0.9882891,-0.08758783,-0.21500108
2.8205588,6.0899715,0.050293803,7.398499,0.38329864,-1.014034,-0.26692635,-0.18805996
2.473924,5.4316635,-0.046078563,7.4015393,0.4018948,-1.0341392,-0.18254322,-0.013969004
2.4768114,5.385245,0.15354133,7.3327847,0.39372754,-1.0179548,-0.1609397,-0.101798594
2.5384362,6.7225866,0.13106859,7.2769384,0.38267946,-1.0014492,-0.2580362,-0.08819604
2.5687737,9.916985,0.39379048,7.3211846,0.35411024,-0.9966104,-0.39820445,0.34381205
2.7094364,2.6001563,0.18428528,7.2796226,0.35930133,-0.99291325,2.8715127,0.75911355
2.336412,7.9663615,0.18134189,7.2564573,0.38648272,-0.9590211,0.16851544,-0.28802717
2.770498,4.697509,0.056761503,7.229103,0.41553354,-0.9378331,-0.7697959,-0.31937253
2.7609427,4.636574,0.03693819,7.235431,0.37715983,-0.95259213,-0.5170398,0.023182154
2.555412,9.488276,0.1385479,7.248053,0.39640665,-0.9890652,-0.4827975,0.01854974
2.166572,2.9556859,0.0038203,7.1401234,0.40274715,-0.9691367,-0.42313683,-0.40939862
1.9681166,5.499813,-0.0015784502,7.294688,0.4838333,-0.9845948,-0.96625125,-0.49284545
1.8783627,4.7760854,0.027361989,7.267568,0.49143267,-0.9761777,-0.92498547,-0.497732
2.3254128,6.022315,-0.03620273,7.222815,0.46636057,-0.96083856,-0.94143945,-0.4354918
2.0420194,6.1010566,-0.008404613,7.4294963,0.43201113,-0.94709706,-0.97535485,0.51928914
1.9446392,5.456259,0.08570385,7.1949687,0.46549988,-0.92549133,0.98008394,0.6844903
1.5955813,7.4865046,0.089331865,7.261822,0.4637928,-0.9890933,0.6447786,0.4539101
2.7115767,5.563208,0.12300348,7.2176447,0.45928478,-1.0007648,1.472635,0.841439
2.6525273,7.7732563,0.31524563,7.2745156,0.41776896,-1.0197484,1.2030761,0.68069303
2.0608292,5.7437153,0.12246919,7.254468,0.41588974,-0.95578766,2.1287746,0.75662065
2.688632,4.874075,0.04870808,7.5305686,0.39202285,-1.0616724,0.12711775,0.25344467
2.813191,7.363743,-0.38884926,7.6978025,0.45175266,-1.035743,-0.15151829,0.39634025
1.8138888,5.3416123,-0.3720476,7.618993,0.46595025,-1.025647,-0.28434438,-0.2873783
2.743769,6.6325135,-0.03345579,7.5984693,0.40974116,-1.0320936,-0.31912136,-0.11216545
2.772478,7.915697,-0.26826572,7.527499,0.40712595,-1.0348997,-0.25244188,-0.4184923
2.4087424,7.3324738,-0.35966712,7.7199864,0.421237,-1.0452406,-0.2832352,-0.33592966
2.2065256,3.5466483,-0.4762931,7.8708878,0.44027042,-1.0499907,-0.73413134,-0.115357935
1.936858,8.7220955,-0.46001756,7.758962,0.50117135,-1.0134845,-0.9118369,-0.28377062
1.738404,8.692262,-0.42263514,7.7235036,0.47925472,-0.9739342,-0.7741072,-0.026870042
1.635466,8.484046,-0.21463072,7.758321,0.51128936,-1.0587542,-0.8584523,-0.1921472
2.0640423,6.9394135,-0.064367354,7.519758,0.51989007,-1.1324832,-0.67866665,-0.41707993
2.0844374,3.9910827,-0.032170475,7.4271913,0.500792,-1.1409595,-0.7346387,-0.37648696
2.3753808,9.232627,0.05753255,7.3609962,0.4284737,-1.0405093,-0.0736562,-0.49732772
2.6234682,8.349012,-0.032084584,7.342246,0.39151454,-1.0364194,-0.33973557,-0.004994303
2.0860977,7.840705,0.039506793,7.283132,0.4800744,-1.0852635,-0.27485144,-0.20029765
2.8398786,8.459139,0.19398892,7.2036424,0.45289922,-0.99574804,-0.2914431,-0.07844341
1.7738217,5.440377,0.30953157,7.192166,0.46183896,-1.070857,0.3101802,0.33880758
2.3741915,6.420795,0.32662868,7.2698717,0.47211814,-1.1108956,0.3673786,0.618016
2.1340585,5.090132,0.29390812,7.219215,0.44054842,-1.0840144,1.1988459,0.6470077
2.1160042,7.7566237,0.45890462,7.2106237,0.42407513,-1.1064849,2.4483001,0.46427882
2.18091,7.4022155,0.48007274,7.279645,0.34132886,-1.0808852,1.8826923,0.6924192
2.2618072,4.2839327,0.55904436,7.131925,0.32788134,-0.86544824,0.90654254,0.82892644
2.5600097,8.66558,0.6621016,6.9706054,0.33655787,-0.93453264,1.0510724,0.6433574
2.4883,9.139574,0.6167122,7.1072187,0.32914495,-0.96383977,0.9809996,0.6194663
2.8624177,9.259142,0.61962724,7.039968,0.27801442,-0.9424057,0.70663404,0.35067278
2.8265204,3.1271262,0.401649,7.1218214,0.33553576,-0.9880147,0.7836747,0.11778867
2.8582795,3.922449,0.46480775,7.0945215,0.31569433,-0.9997678,-0.27414548,-0.3997642
2.726752,4.0386257,0.5916296,7.0739417,0.33212066,-0.98233414,-0.12452966,-0.48378977
2.2128847,5.0997705,0.7571919,6.967468,0.38322806,-0.99149656,-0.052379012,0.90431833
2.5425954,7.34327,0.85625994,6.7963037,0.38771033,-1.0065461,2.1645744,0.39639437
2.4408731,6.142657,0.821429,6.8161125,0.38708353,-1.0218766,1.7446702,0.9002192
1.8498873,7.2193036,0.6424761,6.938325,0.4204476,-1.0335292,1.441097,0.9587467
1.8739064,4.2698755,0.47614062,7.1510286,0.38735676,-1.0482724,1.7467318,0.9236853
2.2710967,8.108833,0.44973516,7.1610804,0.35133195,-1.0053381,2.3492162,0.6401366
1.9497787,6.4613023,0.4715513,7.113242,0.3719461,-1.0084496,2.4740126,0.85015917
1.2820934,2.2411106,0.51629496,7.1146655,0.3450439,-0.91972685,0.9982115,0.71490717
1.9864768,2.0405087,0.552768,7.131598,0.2638669,-0.9056256,1.4665666,0.70376754
1.9292048,2.4666407,0.6515734,7.1273575,0.20648098,-0.8681865,0.8521161,0.4371239
2.1497633,2.1378822,0.54739237,7.091282,0.20083189,-0.8609867,0.9451524,0.38984555
1.8066652,5.960761,0.85725856,7.0616584,0.14882278,-0.85871935,1.7549953,0.27035093
2.7469313,2.2538958,0.88637936,6.9764094,0.1780169,-0.8682351,2.0279975,0.7362628
2.7076898,3.680192,0.6935164,6.950492,0.25706768,-0.8904638,2.0540984,0.66539097
2.8350933,3.7012434,0.6868596,6.8586674,0.25007677,-0.82883215,1.6235034,0.3869431
2.497902,3.5320034,0.73328304,6.817444,0.2622261,-0.79829526,0.376359,0.38332105
2.6189823,3.7808523,0.81562126,6.8091345,0.2797041,-0.8902471,-0.09551257,-0.38063002
2.4667387,2.7703788,0.9324446,6.9236164,0.2611761,-0.95090127,0.35069966,-0.28387395
2.4496636,3.8665996,1.0086102,6.769022,0.2946844,-0.9127569,2.2085721,0.27520716
2.934029,4.200717,0.99944484,6.724588,0.24033189,-0.8925781,1.7991116,0.634392
1.9422419,3.168562,0.98488367,6.735114,0.22213364,-0.8319702,0.8690162,0.6454251
2.2216372,3.900734,0.77250123,6.852878,0.25319648,-0.89468217,2.5465834,0.6760204
2.0901437,5.9712687,0.76124823,7.0807576,0.26383543,-0.89404273,2.3307483,0.7002851
2.0678368,5.0571237,0.6524503,7.1080465,0.23516607,-0.9355769,1.4631708,0.30586922
2.5705416,5.9699917,0.73347485,7.0325155,0.22863173,-0.8180063,2.3026152,0.6816144
2.2634354,6.2128015,0.7774373,6.966053,0.19123888,-0.80528617,0.5938337,0.4964459
2.3316174,3.8931243,0.525249,7.2158837,0.22758555,-0.81954265,-0.02899921,0.27344835
2.2402196,3.0341709,0.072550535,7.24918,0.23534131,-0.8662584,0.11151016,0.14430833
2.5320852,3.6238222,0.2943406,7.2484326,0.3014598,-0.8752563,-0.476627,0.23173654
2.1258783,4.867758,0.44330668,6.8917694,0.3525064,-0.9112811,0.0018376112,-0.25827083
1.5162566,3.7183723,0.4836594,7.1447883,0.3139727,-0.91479397,-0.21494651,0.14595747
2.486418,7.206658,0.33954322,7.102898,0.3524742,-0.9323678,0.6330905,0.74901175
2.7159264,6.9881997,0.10063362,7.263162,0.33906102,-0.93459797,0.44556224,0.68885076
2.6455438,6.9736714,-0.12327075,7.5828133,0.3257544,-0.94819355,-0.08862215,0.90181863
2.829494,2.1300578,-0.10279155,7.1833563,0.32650256,-0.80007267,-0.8698495,-0.21185592
2.9743943,9.83687,-0.35680735,7.358159,0.3285737,-0.7916498,-0.9385666,-0.0037657619
2.952675,4.4830484,-0.44009417,7.580974,0.29682112,-0.7284682,-0.94345886,-0.016876876
2.2198775,6.4075065,-0.51313436,7.8556733,0.2635088,-0.8961837,-0.8960337,-0.44261217
2.7978969,6.4219832,-0.88007456,7.8312325,0.20251822,-0.76666236,-0.28164732,-0.2728653
2.7472234,5.3262577,-0.8465817,7.883626,0.1412425,-0.74190974,-0.26462537,0.2745775
1.8182075,6.4762697,-0.8442543,7.959714,0.18872833,-0.7576945,-0.014908731,0.09037131
2.6214838,6.052909,-0.7426138,7.900637,0.22302938,-0.78821015,-0.26085633,0.07127321
2.6756723,6.7486877,-0.6995467,7.917365,0.20429587,-0.77646184,-0.29647475,0.7022066
1.7545786,6.1253147,-0.8237526,8.08201,0.17106414,-0.776417,-0.6101661,-0.36367688
1.7382145,5.1888523,-0.59209126,8.107639,0.2102375,-0.86759305,-0.39701152,0.07492113
1.8121392,7.2437634,-0.64550537,8.102135,0.26582527,-0.9166415,-0.1543101,0.044635177
1.8291683,9.501848,-0.7474888,8.177602,0.31564808,-0.9451852,-0.16743779,0.024506092
1.5995291,9.4608,-0.5169632,8.171978,0.3273871,-0.9900677,-0.26208442,-0.16430306
1.5262105,9.388486,-0.5092002,8.276661,0.35287714,-1.0061213,-0.2847963,-0.22159234
1.5672803,8.867897,-0.779366,8.332954,0.356488,-0.980041,-0.1864953,0.22046494
1.2179561,7.63022,-0.67867845,8.320908,0.35111666,-0.9373481,-0.44010597,0.20990294
1.1793332,6.7734714,-0.6150564,8.374653,0.34922433,-0.9561899,-0.3249687,-0.27861318
1.5235168,4.375965,-0.84441054,8.450495,0.38636303,-1.0487305,-0.36316156,-0.072294116
1.5043998,5.902483,-0.85981905,8.425901,0.41146398,-1.0273823,-0.54512775,-0.08787
1.2788764,9.243887,-0.47835773,8.125393,0.39417958,-1.0138096,-0.17812878,-0.06822693
1.2236806,8.347704,-0.48300517,8.217842,0.39291215,-0.98731136,-0.11655092,0.4395448
1.3550694,6.028762,-0.4996848,8.158985,0.23701239,-0.95317507,-0.101861894,0.35059452
1.5071077,7.6502123,-0.14098483,7.842429,0.3648188,-1.0220609,0.77003026,0.1632086
1.872119,5.522145,-0.119029045,7.701603,0.3986609,-1.033828,-0.36689305,-0.14211959
2.8215113,2.7601824,0.5092559,6.890419,0.550524,-1.1264372,-0.037517905,0.29266763
2.9289157,2.5018544,0.29892576,7.0375896,0.5631001,-1.1328703,0.031799197,0.18202221
2.9763,9.5343485,0.21275747,7.2718043,0.5965638,-1.2394404,-0.19155717,0.39859104
2.068309,8.837051,0.18992102,7.272312,0.5554285,-1.1874529,-0.12863755,0.40664887
1.7372949,8.389988,0.22440505,7.2204995,0.5456493,-1.1529267,0.43150306,0.5362644
2.0551543,8.517738,0.26891756,7.2468886,0.54263663,-1.1623011,-0.18649882,0.31837463
1.9578677,4.964508,0.2938602,7.2201953,0.5781529,-1.156604,-0.5448456,0.38594675
1.8268964,4.8651,0.30046022,7.2698975,0.5598452,-1.211206,2.502741,0.8190906
1.8598913,8.157108,0.3370273,7.2654567,0.51858044,-1.2248709,2.6159835,0.64636326
1.3720449,8.597739,0.3401457,7.3171835,0.5545635,-1.1777453,0.6436695,0.7875707
1.5755814,7.8457923,0.2973417,7.3159695,0.55532885,-1.2184765,0.8938407,0.8495511
1.5348384,5.722271,0.40838408,7.1607394,0.6239991,-1.2086388,1.3634181,0.8495624
1.3991579,2.402847,0.41594863,6.9970384,0.64880705,-1.2496235,1.1687822,-0.08714795
1.4487653,2.4280224,0.5068625,6.99923,0.6005659,-1.2240429,-0.7620859,-0.024686009
1.8586701,2.5179067,0.45971453,6.878439,0.649699,-1.198484,-0.6526612,0.10050064
1.6879596,2.737772,0.4736513,6.992527,0.6042998,-1.2350526,0.031597733,0.03970492
2.5386367,7.3957376,0.31382203,7.0725102,0.66602683,-1.2864182,1.5103416,0.34683633
2.840498,7.168006,0.35203195,7.1179204,0.60943127,-1.2725005,1.8961005,0.9158288
0.75800335,4.8801613,0.37497914,7.0947447,0.6923139,-1.2643857,2.8401992,0.23100537
2.3553615,2.6129537,0.36808825,7.056224,0.6708398,-1.2526364,-0.18400908,0.6679567
1.6016239,2.9194598,0.3740809,6.981138,0.6374514,-1.2256143,-0.21346569,0.2565372
2.0947032,7.2578435,0.32561183,7.1456213,0.6448326,-1.2868738,0.27708197,0.7337154
1.4676707,8.744881,0.33492982,7.166589,0.64502954,-1.315646,0.4649545,0.22545516
2.9029126,7.5767255,0.4010526,7.0815935,0.6915841,-1.3534403,0.27016056,0.5429864
2.8865821,7.400071,0.14422834,7.382747,0.6797042,-1.2997663,0.13835192,0.6283518
2.2832448,6.6990986,0.000177145,7.4285326,0.6998484,-1.2760692,-0.054971814,0.5239016
1.3815491,7.661499,-0.049760044,7.39859,0.75674415,-1.2880461,0.3553834,0.65991676
1.5933511,7.470164,-0.066771984,7.406362,0.747592,-1.3372872,0.42666245,0.383438
1.7588434,6.8750806,0.0030333996,7.3459587,0.72850895,-1.3239917,0.6656678,0.40861726
1.7179074,8.494556,0.013577819,7.442516,0.72965336,-1.349318,2.555194,0.63461137
2.088038,6.7488565,0.38187873,7.2361054,0.72948146,-1.3586483,2.8328898,0.8838054
1.4075646,7.6298137,0.2728281,7.2177653,0.7621033,-1.3277795,0.13638592,0.9154693
1.2173178,6.0878596,0.29078722,7.3455734,0.7635398,-1.3887273,0.18751419,0.9278848
1.4660132,5.516678,0.11003733,7.521655,0.7575605,-1.3616586,0.36255765,0.5585691
1.150866,6.3642817,-0.15545058,7.5779634,0.8403938,-1.4234653,0.39176047,0.47583115
1.2824,9.0621605,-0.17070407,7.7509317,0.8311393,-1.4332669,0.85159075,0.5226022
1.158065,9.176104,-0.18459344,7.7240276,0.7859702,-1.4211743,1.6882765,0.34115052
1.1777505,8.424091,-0.1437257,7.8034673,0.82526875,-1.3902143,-0.2359612,0.32374358
1.7414697,8.2789,-0.11979759,7.755269,0.83341265,-1.4686873,-0.34136194,0.19318628
1.6356516,9.68148,-0.25379598,7.590211,0.90135217,-1.4946711,-0.36203957,-0.24118537
1.6976652,5.6699457,-0.19380558,7.582553,0.9320364,-1.4829288,-0.40143937,0.069253445
2.633278,3.9633002,-0.22902071,7.795088,0.86187696,-1.4480649,-0.3998946,-0.03298956
1.9090929,8.733484,-0.21220088,7.72614,0.7821951,-1.4283068,-0.50785065,-0.13776127
1.4999754,5.81201,-0.23246211,7.794114,0.76743793,-1.3991387,-0.2739238,-0.2973917
2.5645294,4.2133245,-0.22305465,7.6448236,0.77379394,-1.398266,-0.17674822,0.20635408
2.7116559,8.878309,0.029118538,7.583862,0.75572944,-1.3934923,-0.25848782,0.24987024
2.1096017,4.8743696,-0.082312346,7.4425454,0.74283004,-1.3586321,-0.08491647,0.2646649
1.3120663,6.940545,0.17238021,7.443836,0.7395892,-1.3604946,1.3607638,0.6780416
1.3225054,9.224516,0.07695031,7.4527698,0.7439995,-1.3567202,1.3410864,0.7087903
1.2690508,4.3696213,0.061940193,7.504677,0.7200825,-1.3696544,1.5901115,0.52763546
2.9329326,6.3116474,0.014340401,7.3422575,0.7339835,-1.3512828,2.1400914,0.7380836
2.926535,9.037328,-0.020846844,7.257933,0.6973038,-1.2359655,-0.1380918,0.76818955
2.9282494,3.5776024,0.023573875,7.201218,0.7127335,-1.2833924,1.2332506,0.7277502
2.8587408,7.8189125,0.15030265,7.4038744,0.6506212,-1.2980604,2.6802657,0.7775469
1.7988853,5.4505653,-0.010961771,7.6000147,0.6632581,-1.2899911,-0.66915786,0.49022305
2.570211,7.4821835,0.071983695,7.3251395,0.673599,-1.2930408,0.4013399,0.72725177
2.2528758,4.754786,0.16354406,7.342791,0.679966,-1.3350823,0.29106545,0.6377666
1.4580564,8.677109,0.12461281,7.3430114,0.6756294,-1.2898304,-0.17433041,0.5437206
1.0125139,4.8651714,0.13399434,7.4912252,0.6999061,-1.3234961,0.3367864,0.5489423
1.0738091,2.9680028,0.0007917881,7.4964747,0.7065289,-1.3088017,-0.16160017,0.6009034
0.968465,5.7850485,-0.02920425,7.67642,0.6649978,-1.2373785,0.17881334,0.40568817
1.0259452,7.5940886,0.01105237,7.637188,0.66521907,-1.2610826,1.3498328,0.4059254
1.0129666,7.0533276,0.16400456,7.7014375,0.5830922,-1.2572773,1.7394128,0.54760814
1.0861168,7.4709473,0.03293681,7.616108,0.5939417,-1.2181959,1.4930365,0.29088593
1.0072773,8.86947,-0.029308677,7.7847667,0.6022985,-1.2420849,0.5006372,0.71417904
0.9458356,5.6210117,-0.098469615,7.8341317,0.6184683,-1.2278284,0.27373767,0.43759853
0.98791224,6.794704,-0.089580536,7.8582,0.6096618,-1.2395833,0.3923831,0.6575552
0.8809359,9.230196,0.04857886,7.9331784,0.61462355,-1.2993382,0.48097825,0.32811904
0.92980915,7.1861777,0.057854176,7.87942,0.7030456,-1.3370643,-0.020685315,0.30268806
0.81667215,5.0730257,-0.2993496,8.20495,0.69865394,-1.2953907,-0.4284041,0.36617827
0.7432051,7.4024687,-0.13824952,8.428204,0.72523236,-1.3960888,-0.08210617,0.19723332
0.772048,9.2283745,-0.09365761,8.068028,0.72588205,-1.3640969,0.35131,0.36237097
0.77744114,9.466309,-0.0063961744,8.084448,0.70999694,-1.3515978,0.9115292,0.12258494
0.7574253,9.050958,-0.057466388,8.233387,0.70168424,-1.3253721,0.59053457,0.58474016
0.80304635,7.12938,-0.0069292784,7.9006195,0.7010169,-1.3223351,0.69673896,0.6524466
0.7577568,7.1380334,0.01893878,7.9602695,0.67918015,-1.2107358,1.0174866,0.73094547
0.76789856,7.5197062,0.047545195,7.8510847,0.62739754,-1.2096366,2.6667435,0.28201127
0.71723104,6.029293,0.25220883,7.7658496,0.61212945,-1.222823,0.4899274,0.58237326
0.6968003,5.520169,0.21634579,7.746004,0.64072394,-1.1938529,1.058578,0.8034109
0.6339318,4.3065324,0.20718634,7.7475524,0.61731315,-1.2550089,2.3765275,0.47955114
0.65451187,4.4337807,0.26680744,7.8076158,0.59887075,-1.2326076,1.7212553,0.64715266
0.8293736,4.386261,0.3023678,7.578893,0.5716541,-1.2486745,0.88646793,0.33698136
0.88743186,4.2041006,0.23798358,7.4512053,0.5576267,-1.18343,0.63551676,0.81516635
0.8564331,4.257277,0.23655629,7.5904675,0.531363,-1.1757363,2.5380306,0.68572056
0.823636,6.550128,0.30536175,7.571595,0.5397773,-1.0937394,1.4659357,0.7463591
0.89650714,7.568865,0.35906827,7.6697598,0.53830767,-1.1483254,1.3059278,0.91554415
0.90668094,6.6847887,0.2549765,7.7343454,0.5433285,-1.2382495,1.2145457,0.5810981
0.93106115,7.1805468,0.12814331,7.78545,0.5732019,-1.2239395,0.47139955,0.65305424
0.8743734,9.275871,0.12781191,8.041869,0.52466583,-1.2067112,0.991541,0.7016897
0.86337304,7.0363092,-0.005469084,8.001498,0.5132594,-1.176235,1.2234552,0.59769416
0.85445565,8.040431,-0.018898845,8.078518,0.54273987,-1.1596541,1.952337,0.741212
0.97696877,7.3121486,-0.0007508993,7.818254,0.58525443,-1.185719,0.8973205,0.8380121
0.9571139,7.3674126,0.039729834,7.7983036,0.5845213,-1.2375586,2.0720491,0.5055585
1.037595,6.460366,-0.08162892,7.8178854,0.5750654,-1.2577941,1.912529,0.5707145
1.0739543,6.7364063,0.13095915,7.7209063,0.5784135,-1.2613323,1.8297725,0.78179955
1.0992785,7.921851,0.12181258,7.4917855,0.63124394,-1.2286115,2.5240085,0.7809993
1.1266398,6.3416805,0.18308568,7.5549355,0.5575707,-1.2267011,2.481173,-0.05030918
0.863534,7.428497,0.07860315,7.640305,0.67590094,-1.2807496,0.7177961,-0.16396862
0.79569405,5.1791315,0.16301179,7.6355953,0.65243626,-1.2618259,0.64641273,0.69100785
0.93450093,8.692453,0.18323708,7.8034816,0.62563276,-1.2867389,0.57168293,0.43067843
0.9004146,9.421241,0.098873615,7.8219852,0.6072538,-1.2183366,0.7981163,0.43269157
0.88563836,4.706111,0.24593854,7.697238,0.63022995,-1.3212057,2.432241,0.45508575
0.8920233,7.130466,0.20339131,7.612631,0.65509295,-1.3078268,-0.44017154,0.09538072
1.1429007,7.941858,0.24599743,7.48228,0.5961065,-1.2257786,-0.18233728,0.09043038
1.0524435,4.068302,0.15482223,7.4376783,0.61027336,-1.2424052,-0.18262184,-0.13748947
1.9183508,4.991645,0.21892142,7.385381,0.62356424,-1.2579339,-0.18631124,0.114473104
2.5002599,4.4527187,-0.07339853,7.3576183,0.63047147,-1.2606523,-0.2646227,-0.21022746
2.5988483,8.521498,0.1856116,7.2048655,0.59118223,-1.246782,0.055270553,-0.20320946
2.4862037,8.627241,0.13227594,7.2428083,0.6343453,-1.2664078,-0.33962685,-0.014596343
2.0168,7.7287955,-0.21093011,7.5197096,0.6502621,-1.1811816,-0.3658346,0.48832047
1.9688017,5.0547953,-0.050330997,7.5546603,0.6087568,-1.2212718,0.5590316,0.81716204
2.7975178,5.1770763,-0.061364055,7.4048586,0.5756881,-1.190381,2.107574,0.86009777
1.0335466,5.256648,0.20546949,7.656918,0.5768883,-1.2201508,2.479787,0.9464612
1.054349,8.107221,0.25777173,7.642111,0.52368164,-1.1545019,2.4957745,0.3017432
1.7653185,7.963487,0.13314891,7.5750585,0.553,-1.214879,2.1075516,0.45586205
2.163786,7.680223,0.02383113,7.37844,0.52982354,-1.2174721,-0.18723136,-0.32573426
2.3290973,2.0567925,0.06339419,7.438174,0.5837562,-1.1922064,-0.38452142,0.1598326
2.3938682,9.981556,0.10796344,7.325961,0.6052861,-1.1550694,-0.3276567,0.7577951
2.7142844,4.1940603,0.16069186,7.2756286,0.5655341,-1.1675296,-0.43734014,-0.49800858
2.8485239,5.296852,0.342762,7.3459663,0.5336926,-1.1685193,-0.3259021,0.4919399
2.9085107,9.867667,0.18415558,7.223795,0.6169081,-1.1951978,-0.20571804,0.111741185
2.2207189,4.346922,0.0060460567,7.2327833,0.5718522,-1.1816936,1.1764841,0.18756431
2.8109267,3.453104,-0.035491347,7.485893,0.5896714,-1.2437865,0.13085687,0.33657265
1.6420414,9.16308,-0.13722682,7.7250676,0.59233737,-1.1628759,0.0132761,0.33015966
1.6855001,5.1774454,-0.37877405,7.8491774,0.5726607,-1.1812627,-0.5195664,-0.45361623
2.5601902,8.252716,-0.44679374,7.845979,0.5740514,-1.2143815,-0.55806583,0.031416237
2.7453845,8.137481,-0.403103,8.001801,0.5826161,-1.225448,-0.3064744,0.036855817
1.7248505,7.381267,-0.563714,8.194654,0.5698936,-1.2266464,-0.3239674,0.11961806
1.574391,7.6378202,-0.60568595,8.279612,0.5474386,-1.2264781,-0.41796112,-0.38484895
1.3990967,8.638072,-0.5555445,8.21679,0.53960323,-1.1613135,-0.57788527,-0.240453
1.2287813,7.8166146,-0.54788214,8.262472,0.580184,-1.2359414,-0.29593003,-0.2125076
0.99928665,6.6398754,-0.45513868,8.347588,0.6137073,-1.2250196,-0.49877757,-0.38263232
0.8091912,6.2603655,-0.41573596,8.444151,0.6480057,-1.2906184,-0.56875753,-0.26391852
0.76536125,4.9114943,-0.37912214,8.231423,0.64677596,-1.308321,-0.42037272,-0.24601197
0.76521736,8.30834,-0.2910573,8.35377,0.7317884,-1.3100235,-0.123482585,0.027240694
0.7556995,7.434604,-0.26649916,8.271074,0.74625707,-1.3354895,-0.16963524,-0.22003078
0.76143974,7.6794276,-0.26034826,8.238879,0.7535362,-1.3706326,-0.19954342,-0.03346631
0.76991963,7.3217044,-0.23256886,8.262856,0.74626255,-1.3512444,-0.42571157,-0.4664813
0.76944506,8.007138,-0.23159194,8.2537365,0.75369453,-1.3264128,-0.45892423,-0.3080135
0.77935445,7.5244246,-0.25250357,8.245453,0.7508931,-1.392091,0.09817541,-0.32813436
0.8750193,7.644239,-0.1670649,8.156836,0.73709154,-1.3620279,2.3418899,0.6879904
0.9326739,9.354944,-0.1742099,8.030078,0.74330544,-1.401613,1.1637273,0.46055663
0.9186523,7.4411616,-0.15149772,8.150805,0.73968506,-1.4636722,0.5395973,0.64398587
1.923433,7.557603,-0.26367056,7.9342737,0.8410406,-1.5021752,0.7919605,0.71918964
2.051954,9.00219,0.09987581,7.619153,0.86268663,-1.4696975,-0.6574945,0.3781737
1.7207785,8.676624,-0.08355296,7.5901814,0.8732867,-1.4696388,-0.75626004,-0.41956097
2.6272666,9.1551,-0.036450922,7.493499,0.8654692,-1.4729452,-0.7321214,-0.24490654
2.9210641,6.476395,-0.08830643,7.492451,0.8434818,-1.4497738,-0.039700508,-0.1402188
2.5674353,5.9841056,-0.21846884,7.61442,0.84781027,-1.4821126,0.090026855,0.32766724
1.8957633,7.386025,-0.27674115,8.006467,0.78446484,-1.4421453,0.30952466,0.3231796
1.953202,8.353546,-0.4176476,7.8263474,0.7817986,-1.4346789,-0.5228931,0.010994196
1.5062335,5.1401463,-0.37861073,7.973286,0.7600322,-1.4178007,-0.36473036,0.12049568
1.374392,4.043438,-0.32393968,7.9138727,0.788924,-1.4219766,-0.4517063,-0.05673188
1.5840226,8.956379,-0.29497606,7.9140983,0.78314734,-1.4084133,-0.5399786,-0.08635822
1.1563907,7.311373,-0.30349588,7.8095217,0.7890351,-1.3535213,-0.5356082,-0.01792419
0.9393868,6.3912044,0.03141713,7.854639,0.69401455,-1.3156705,-0.27525997,-0.08022159
0.95879763,6.364096,0.09051883,7.859153,0.657392,-1.3115305,-0.29176933,-0.18042275
1.2141424,5.631259,-0.117468,7.828265,0.6835079,-1.3207152,-0.5307072,0.31399453
1.0885367,7.4663754,-0.06396216,7.677721,0.7209685,-1.319468,-0.43985647,-0.37599784
2.0105891,9.302367,-0.055003166,7.569788,0.7416146,-1.3899295,-0.6054125,-0.41733864
0.8065829,3.8783422,-0.02879572,7.6704745,0.847167,-1.367764,-0.5111314,0.33472657
1.0720038,9.390818,-0.1205405,7.6731067,0.8487797,-1.3716619,-0.190489,-0.10496068
2.7988412,2.5709672,0.030021429,7.3345623,0.9052675,-1.5217128,-0.61835945,-0.44317648
2.8244739,7.4962173,0.0652442,7.2873564,0.83456326,-1.4594682,-0.44058448,-0.36653012
2.8266304,5.277425,0.15828788,7.091902,0.80363536,-1.4181681,-0.24778098,-0.46893102
1.7013502,9.515177,0.15351808,7.3648615,0.8260288,-1.4204259,-0.3626641,-0.16139263
1.041553,2.518418,0.115508795,7.309119,0.80463505,-1.3993294,-0.67559713,0.34086597
2.089869,4.581949,0.115373135,7.195961,0.82632184,-1.3991873,0.9995123,0.78402936
2.2829778,8.547478,0.09774792,7.2167015,0.87310576,-1.4843438,0.46193218,0.41682607
2.2757556,5.4573107,0.07042146,7.28284,0.81966424,-1.4333384,0.33203733,0.7371168
1.6465487,4.9332438,0.32429314,7.2381935,0.83001494,-1.4328556,-0.6601304,0.19581711
1.15591,5.961261,0.40540433,6.9056506,0.8398242,-1.3643521,-0.77134454,0.023828387
1.9439342,6.1509695,0.38516998,6.852599,0.8437209,-1.4150637,1.0115404,0.4351005
1.6113386,9.629131,0.33418274,6.948304,0.84446645,-1.4281411,-0.19132525,0.5262091
2.681024,9.65554,0.270908,7.0015154,0.8169491,-1.4217507,-0.45736974,-0.40202916
2.3758292,4.216302,0.39403868,7.063987,0.778738,-1.4167666,-0.7620195,-0.19218087
2.8364065,4.210904,0.31958008,7.141443,0.85796857,-1.46913,-0.786587,0.3608173
1.2657043,3.4035697,0.313478,6.8360643,0.88219094,-1.4260693,-0.39365965,-0.37759018
2.5338118,8.888823,0.26026225,7.132617,0.9199164,-1.5190892,-0.16918391,-0.050402135
1.885921,9.7860565,0.14658976,7.084794,0.8931761,-1.4958876,-0.4297706,-0.021386743
1.6567203,6.1318398,0.17698395,7.07263,0.9335067,-1.5074817,0.15273356,0.3482622
2.8127027,6.1855717,0.18545938,6.909444,0.9124901,-1.427168,-0.14647192,0.29772455
1.7069668,6.3207603,0.30995142,6.8505754,0.8906708,-1.4647747,-0.24211138,-0.21597353
2.1101148,7.7345147,0.33187354,6.843173,0.8548634,-1.4202046,-0.077175975,-0.070231974
2.5177119,6.33841,0.3367834,6.8225126,0.8230972,-1.4326818,-0.109080255,-0.36040568
2.8536727,8.805424,0.38166046,6.9235735,0.8199756,-1.4025187,-0.39399296,0.18708527
2.838687,9.098297,0.29524612,6.8260117,0.8254998,-1.369293,-0.24704123,0.18148649
2.923568,9.683638,0.30491567,6.932109,0.7884555,-1.3690963,-0.52637583,-0.037082464
1.1536491,7.307184,0.32293344,7.203584,0.7846086,-1.3851712,0.24541712,0.12890244
0.864144,6.8177567,0.34061217,7.271861,0.8152404,-1.4766965,0.5384221,0.17588872
1.0098884,7.54529,0.37679958,7.1902943,0.77314544,-1.4015665,0.58832335,0.12462914
1.2789426,4.9583926,0.35842407,7.046068,0.7768779,-1.380768,1.1640131,0.8125181
1.2091181,8.384554,0.45460987,7.056394,0.8309524,-1.4388667,0.86364126,0.7846861
1.1992743,7.7566257,0.42761648,7.0649037,0.81707335,-1.439389,0.575436,0.44256723
1.1043565,4.173006,0.3749205,7.1494484,0.75283504,-1.4006879,-0.08858788,-0.041535288
1.3865439,6.667658,0.3051752,7.075919,0.7795062,-1.3641784,-0.2869007,0.35538882
1.3629038,8.136223,0.33414114,7.10788,0.73992705,-1.3658113,2.2607567,0.819721
1.3852491,5.5088744,0.30436516,7.0829124,0.7259197,-1.301258,0.7997143,0.52850664
1.9711704,7.4030476,0.30464745,7.0192165,0.6987765,-1.3451768,1.694119,0.60341716
1.2760537,6.086477,0.37170303,7.0875015,0.71613336,-1.2942805,1.3373001,0.6109915
0.94329214,5.920843,-0.7875572,8.695722,1.0394197,-1.6204356,-0.8768576,0.07328153
0.83834034,8.930077,-0.58199716,8.686129,1.0430305,-1.6118708,-0.39863318,0.6087935
0.8493591,8.983126,-0.5859035,8.6304245,1.0384665,-1.5967438,0.5086825,0.75520134
0.8411105,8.800582,-0.65592194,8.608778,1.03478,-1.6050563,0.7212143,0.635998
0.8135543,9.424362,-0.66161704,8.63462,0.9720781,-1.5956132,1.7939034,0.6612133
0.85872424,9.122364,-0.6014955,8.664965,0.9806831,-1.5727246,1.1674976,0.8964584
0.80437136,9.06302,-0.55169475,8.630426,0.936177,-1.5762935,0.4125917,0.7419251
0.7881292,8.623928,-0.5653767,8.724445,0.98179865,-1.6001719,0.4399128,0.6891897
0.79498726,7.3869047,-0.7225819,8.780342,0.95578074,-1.5839164,1.6537323,0.63543856
0.77970684,7.408321,-0.76369977,8.821974,0.9479635,-1.5830129,0.9497082,0.60912395
0.82923996,8.395949,-0.76517475,8.767164,0.99140525,-1.5186477,0.81793964,0.9424529
0.8462383,8.932392,-0.61997586,8.536893,0.88830924,-1.4870846,0.121711016,0.55974376
0.83847237,6.060688,-0.73268586,8.36768,0.8511243,-1.4487094,0.8087121,0.56357765
0.76370275,6.093454,-0.6229705,8.531929,0.85267925,-1.4171579,-0.13457692,0.36451042
0.70735246,5.125761,-0.56800854,8.665359,0.8239753,-1.443297,-0.3107772,0.40087628
0.81557155,5.6503067,-0.6488892,8.641258,0.80691624,-1.4403667,-0.4989897,0.14634931
0.78096455,6.4637513,-0.5995878,8.581701,0.8119645,-1.4289519,-0.3830228,-0.35951567
0.79551953,7.0298796,-0.6166659,8.686164,0.8032079,-1.4681313,-0.41420162,-0.3332751
0.78934085,6.7329116,-0.5978339,8.633259,0.8215008,-1.4334576,-0.5537817,-0.1268036
0.74561423,7.3383393,-0.5783392,8.646578,0.8517821,-1.4407436,-0.1980663,-0.08619803
0.67838067,7.247175,-0.52548265,8.938583,0.76182413,-1.4354787,-0.13372666,-0.2898128
0.6946053,8.306486,-0.3223325,8.723997,0.7664764,-1.4066112,-0.41990608,-0.3972007
0.6847021,9.030996,-0.28262806,8.736149,0.7719257,-1.3885828,-0.10876751,0.5350492
0.666961,9.062998,-0.38400275,8.851578,0.7945719,-1.4475735,2.075825,0.6260396
0.6845528,8.524931,-0.5733826,9.096432,0.75063515,-1.3667539,-0.2043603,0.60957503
0.7051942,9.626511,-0.4348554,8.817627,0.75638175,-1.383369,-0.2921183,-0.2955993
0.7377916,9.526472,-0.38412547,8.713715,0.73450756,-1.3970268,-0.11687493,0.079208374
0.80688226,9.558748,-0.3843549,8.552832,0.7002027,-1.3276157,-0.22928017,-0.23706049
0.8684671,8.611082,-0.334911,8.406792,0.6361692,-1.2863715,-0.41071188,-0.35313708
0.85950774,6.872403,-0.3582313,8.38282,0.6796367,-1.2521114,-0.26894706,0.2181226
1.0394504,6.994941,-0.4706028,8.272039,0.6356933,-1.2467794,-0.19671571,0.018356383
0.94238126,7.9737697,-0.33326244,8.048149,0.62963533,-1.2167501,-0.2803374,0.17830098
1.3784163,4.555885,-0.3255387,7.9654984,0.57536745,-1.2360789,-0.21743733,0.42817235
1.3639953,9.3095255,-0.32081753,8.040057,0.5554347,-1.2100103,-0.015067041,0.62263846
1.6169682,8.511171,-0.43756318,8.009223,0.5704231,-1.1491268,0.45053983,0.5832819
1.1698122,8.1699295,-0.23107922,7.902496,0.6237383,-1.2308604,1.6928892,0.58846927
1.0455859,9.261324,-0.102917194,7.8664966,0.62322927,-1.1650827,0.028676867,0.5915003
1.0428014,6.807783,-0.11223757,7.8539815,0.5880692,-1.1750016,-0.2741099,0.64362574
1.3068061,8.421844,-0.096472144,7.652353,0.6335552,-1.2152662,1.8213015,0.5717659
1.851002,9.327886,-0.02458334,7.6272287,0.5886071,-1.2388382,2.8368561,0.6934227
1.9522727,8.640778,0.030118227,7.5333633,0.64468026,-1.3089566,2.4759123,0.6604748
2.6163173,3.3950355,0.0073605776,7.436089,0.6502328,-1.2034218,0.90050876,0.73217666
1.2408266,6.413067,-0.011453986,7.4326982,0.64301705,-1.1298153,-0.19685388,0.7396289
1.4495933,8.270882,-0.11602044,7.5959444,0.59180737,-1.1789744,-0.07868034,-0.48512557
2.3604264,2.587696,-0.08544451,7.4906044,0.67636514,-1.2482231,-0.55996203,-0.3272866
2.6756182,2.779067,-0.2599541,7.52353,0.6661217,-1.2422097,-0.572765,-0.23461339
2.459002,3.94481,-0.18590367,7.45714,0.6435051,-1.2306366,-0.4526708,-0.2093339
2.4439707,9.440191,0.29066896,7.327874,0.6508763,-1.2365053,-0.94615406,0.058623016
2.3227742,7.4633956,0.28081334,7.150745,0.63959575,-1.2320015,2.1646562,0.028226256
2.2103553,7.741382,0.2510972,7.131044,0.61594963,-1.1995143,0.34747422,0.66267776
1.3626009,9.453924,0.28405046,7.2662177,0.5825937,-1.1771189,0.77635217,0.12142134
2.8160079,3.8300538,0.16475308,7.2583637,0.5548506,-1.1927065,-0.30932456,-0.25889406
2.5176482,7.3883667,0.2761947,7.3273973,0.562315,-1.2081249,-0.23165625,-0.09652576
2.4046018,3.288745,0.40555024,7.1144714,0.53010297,-1.134651,-0.040367544,0.13225365
2.5181546,7.3911376,0.31189013,6.976779,0.523185,-1.128576,0.0155164,0.24397153
2.7801874,2.550273,0.36587787,7.2721906,0.48927498,-1.1469042,0.03726995,0.6600648
2.7900145,9.625251,0.48582232,7.052818,0.4590459,-1.0970643,0.18768144,-0.08244836
2.7886038,5.7515182,0.51814747,7.015241,0.5956814,-1.1870245,-0.44234598,0.14790022
1.5346124,5.0277224,0.24345303,7.2733693,0.6503291,-1.284663,-0.35760063,-0.3928064
2.8477848,3.5671782,0.18658686,7.192432,0.686784,-1.2947266,-0.35841542,-0.25013745
2.7917295,3.8525734,0.22906864,7.154301,0.6873996,-1.3134546,-0.35810542,0.03503108
2.7674003,3.2334223,0.24931467,6.9825687,0.7467885,-1.2931304,-0.27983195,0.003550589
2.327736,4.7241826,0.3003143,6.8950596,0.7545593,-1.3362772,-0.18755049,-0.102803916
1.825614,4.1254926,0.4120499,6.8965626,0.70609665,-1.2928712,0.27270567,0.25422662
1.8406945,4.974525,0.40417922,6.9236045,0.7458172,-1.3327807,0.09075689,0.28182697
2.340899,9.19129,0.2933607,6.95329,0.75704026,-1.338114,-0.29997528,0.36368275
1.5326146,7.4320908,0.35957575,6.950411,0.7491987,-1.3415799,-0.14036518,0.42442387
2.4547029,6.1860743,0.2667532,7.026563,0.7463968,-1.350632,0.52789617,0.5215194
2.6892645,6.296978,0.3291756,7.034637,0.69025135,-1.3474205,0.34432685,0.5318942
2.5986164,3.5167994,0.44400072,6.9714527,0.6680758,-1.3410097,0.29111195,0.48060822
1.7553865,2.8363538,0.49249744,6.9540606,0.673754,-1.2811929,0.34772193,0.67034924
1.7075386,2.6804018,0.5437405,6.79305,0.60875416,-1.2152863,1.9899962,0.6946621
2.7383316,7.5710244,0.35298014,6.9594994,0.61662674,-1.2008283,1.2844574,0.6748357
1.3504574,9.651157,0.31791222,7.197882,0.64252853,-1.2194073,0.5764549,0.7701801
2.425422,9.866653,0.27215886,7.3410425,0.64195395,-1.2717736,-0.7456975,0.03841281
1.9530998,3.6220942,0.111050844,7.556173,0.6071131,-1.229367,-0.31440753,-0.45342368
1.6688869,8.640933,0.06694102,7.5582066,0.60050726,-1.2820855,-0.15106702,-0.45081007
1.7050247,7.2639337,0.08538222,7.4898367,0.592865,-1.1972913,-0.43127912,-0.3943336
1.2313769,4.421526,0.08333826,7.4609914,0.5750952,-1.2022115,-0.36014998,0.05486834
1.0373822,4.354721,0.10577595,7.5561523,0.59622073,-1.2907329,-0.119270205,0.10744977
2.6290762,4.223436,-0.09075081,7.4892144,0.6524761,-1.2714894,-0.15258384,0.43701917
1.9118512,5.6063232,-0.14275491,7.52433,0.70065355,-1.2535906,-0.16190386,0.5542929
2.6232305,5.501666,-0.09966481,7.4955435,0.6630709,-1.2421539,-0.42963147,0.46384126
1.584487,7.82989,-0.09238678,7.4920874,0.66900873,-1.2621136,-0.5432019,-0.4222628
1.4870222,4.1428227,-0.092417,7.4541683,0.6586647,-1.2574904,-0.4465682,-0.48191997
1.7511644,3.886736,-0.036423802,7.385249,0.6080084,-1.2460597,-0.32587546,-0.46944422
1.9087648,2.5577478,-0.049541175,7.3338866,0.6583493,-1.2535844,-0.51501346,-0.4667774
2.3359473,4.2048664,-0.23360074,7.3841114,0.7197881,-1.2392839,0.022518158,0.40236217
1.8982135,5.2883368,-0.10425854,7.3246326,0.7201147,-1.2540818,0.36790597,0.5140704
0.7640735,3.6474414,-0.013468981,7.613192,0.6274309,-1.2308364,0.21600354,0.4618625
0.6727009,3.9869494,0.20708108,7.734733,0.5624616,-1.1199185,1.8967235,0.7217853
0.67159355,3.1458535,0.1776427,7.6844907,0.50405645,-1.1104414,0.6726173,0.56192327
0.63745725,3.1313746,0.1864711,7.690904,0.5513315,-1.1569247,0.702402,0.69572806
0.7158497,4.161834,0.11706519,7.894417,0.49037766,-1.1336536,1.7637088,0.81067586
0.74766576,4.896968,0.12783909,7.8325195,0.5070915,-1.12199,1.8553762,0.7402061
0.73958415,4.9920206,0.1226604,7.8643723,0.5240655,-1.1452385,0.64567757,0.22658026
0.82130325,5.539668,0.045378566,7.891021,0.5398805,-1.1816393,0.3888346,0.089773655
0.91943586,6.877689,0.012721777,7.88735,0.54705024,-1.1612153,-0.10748303,0.24670899
0.86575687,5.7940297,-0.15792954,7.934241,0.53387284,-1.1621528,-0.13375407,-0.06519756
0.82012564,6.130261,-0.33122325,8.270714,0.5456219,-1.167974,-0.2639252,0.116576254
0.69407845,4.190512,-0.44777298,8.405838,0.5623052,-1.1644517,-0.26344556,0.24111015
0.6824725,4.495414,-0.38599813,8.471317,0.5353229,-1.1324433,-0.82772344,-0.3849963
0.68315053,4.753533,-0.33146596,8.383705,0.6166537,-1.1943955,1.7107999,0.06924856
0.72293246,5.180477,-0.2943151,8.216276,0.6316912,-1.2187676,-0.5169306,0.15685052
0.7240565,5.5676613,-0.24470639,8.185374,0.656281,-1.23485,-0.4713359,-0.36144844
0.7449831,5.617214,-0.20004189,8.21715,0.6200862,-1.2513838,0.78070176,0.14200866
0.74600697,7.497489,-0.07301617,8.1596155,0.6514578,-1.3168974,0.23886073,-0.025910795
0.7593929,6.8850355,-0.26682305,8.23652,0.6820736,-1.3127644,0.13039911,0.3110627
0.7233579,5.7486086,-0.21584916,8.178892,0.69615555,-1.3005965,0.021502256,0.42603135
0.7633601,4.780384,-0.2388165,8.147475,0.66838646,-1.2500607,1.871305,0.732975
0.8525668,6.959704,-0.2926401,8.231882,0.5920832,-1.2220169,2.3945596,0.6536648
0.8665302,6.3683085,-0.3034476,8.040787,0.6372616,-1.2401226,2.1138515,0.7357664
0.8148788,7.372885,-0.12103921,8.227432,0.6308334,-1.2652084,-0.0005348325,0.7374431
0.9254586,7.427215,-0.0658288,8.114048,0.6330538,-1.2563857,-0.13982993,0.45864093
0.9355466,8.730976,-0.05894804,7.907073,0.6694639,-1.3482288,2.31736,0.59426045
1.0327786,8.088616,-0.09663147,7.819615,0.8049123,-1.4458834,2.970677,0.5357506
0.98231745,8.493552,-0.044962287,7.7860174,0.84540343,-1.4680448,2.8300223,0.6088021
0.92698574,7.293713,-0.040818572,7.9079924,0.80852723,-1.4505262,1.5434587,0.71780896
0.88196045,9.565653,-0.15191114,7.9131985,0.8235223,-1.4026554,0.46499062,0.5605686
0.8382323,9.207488,-0.1342274,8.098411,0.81695104,-1.3669941,0.4864421,0.4029094
0.84969926,9.435274,-0.12674367,8.076454,0.7719536,-1.4049635,0.025181413,-0.073595166
0.85062796,9.59594,-0.18902063,8.105803,0.7569399,-1.3646886,1.1473641,0.61081386
1.0399097,8.39649,-0.21963882,7.948421,0.81361437,-1.4219663,0.5104219,0.6857617
1.2246454,6.2717905,-0.16669238,7.609509,0.8689203,-1.4133141,2.1513717,0.83520854
1.3344035,6.4023666,-0.15324253,7.5923104,0.79509544,-1.3584011,2.4332016,0.9050443
1.4848802,6.696953,-0.18600011,7.569108,0.8140662,-1.4294046,2.7463999,0.584605
2.6771007,7.1380944,-0.08504647,7.6321607,0.81695414,-1.3915215,-0.119657636,0.68763566
2.8473823,4.185197,-0.15399247,7.6267633,0.80484676,-1.4861844,0.1525346,0.28638095
2.9747589,6.7031145,-0.1969341,7.686868,0.88368464,-1.5205467,0.32684433,0.4832188
1.5961993,6.2069397,-0.24049819,7.920043,0.8706436,-1.5182317,-0.082313836,0.5409081
1.8137784,7.0258408,-0.19017434,7.8558207,0.88279104,-1.5544918,0.5613657,0.5457696
1.133182,4.831789,-0.20807421,7.837122,0.832937,-1.4985516,2.021913,0.6020763
1.1556357,7.517169,-0.1426462,7.791295,0.83032656,-1.3924508,2.9961147,0.8370979
1.0324419,8.205,-0.02557993,7.843436,0.761235,-1.3694289,2.1391506,0.7355057
0.87690324,9.064932,0.14199066,7.851133,0.70996237,-1.320266,2.3739603,0.43358594
1.0025396,7.1627307,0.008060336,7.677901,0.64259195,-1.1406316,2.7676282,0.3950004
1.0027013,5.685281,0.04540527,7.6548753,0.54471755,-1.160089,2.8479095,0.69820654
0.95937407,4.811201,0.07909703,7.624442,0.5432048,-1.1228545,2.8868012,0.6036713
0.8881265,5.070673,0.003101945,7.6523004,0.49086022,-1.1391363,0.94626534,0.41824746
0.9435869,4.1061,0.023978472,7.6266356,0.4851036,-1.107458,0.18057847,0.24639225
0.8834269,4.405443,-0.023505151,7.6347437,0.5452523,-1.1235411,-0.010459721,0.3063591
0.9900523,3.2160053,0.12153125,7.693998,0.48392844,-1.1221611,-0.3741849,0.25697678
0.9886974,3.606322,-0.00427711,7.721709,0.48048973,-1.1224751,-0.31992722,-0.44569236
2.5735917,4.2087793,0.029853582,7.628002,0.45758224,-1.0913018,-0.50476,-0.38048378
2.9360106,3.1554747,-0.041685164,7.277204,0.48952246,-1.018347,-0.6363019,-0.06755751
1.7735872,8.050732,0.04348302,7.457253,0.43210578,-1.0321825,-0.2032783,-0.11836806
2.1127818,5.860486,-0.06895965,7.598752,0.4234078,-1.0488808,-0.4008717,0.3799914
1.9657353,3.1395457,0.03731799,7.4291797,0.34936094,-0.99291205,0.16596997,0.4727301
2.2794185,4.050682,0.10528934,7.285884,0.27436996,-0.8877053,0.5234717,0.37155962
2.6195385,3.409021,0.35548162,7.2486577,0.25728703,-0.9012842,0.29549527,-0.43551114
2.8705258,7.7270956,0.32716727,7.2619114,0.21568179,-0.83264065,-0.7393779,-0.49026573
2.7788222,3.7019114,-0.020480335,7.403267,0.2789662,-0.8535006,-0.9499725,-0.4973852
2.8328497,5.1764317,0.1546185,7.519336,0.28264976,-0.8904929,-0.87048674,-0.49693298
2.8356683,9.2059555,-0.083942056,7.5434127,0.31227612,-0.9112618,-0.49142432,-0.10274118
2.7076354,8.8501,-0.21121228,7.700493,0.362324,-0.9530816,-0.5677455,-0.06945205
2.8883066,6.583478,-0.22707033,7.5803633,0.37648535,-0.9272914,-0.5813849,-0.22766414
2.7376251,6.464314,-0.20432794,7.5204606,0.3577373,-0.96747255,-0.37334818,-0.22111467
2.8473074,7.985203,0.028390646,7.519795,0.36391115,-0.97162175,-0.2582913,0.22200286
1.4986898,6.218136,0.14009428,7.531112,0.3507402,-0.9819467,-0.3246405,-0.008849263
1.7582244,5.526129,0.02976942,7.7294364,0.29880834,-0.9156337,-0.33767354,0.09315163
1.3360833,4.8836403,-0.048383355,7.739041,0.2963171,-0.93596745,-0.22061652,-0.030792892
1.4670844,5.789804,-0.044239998,7.6518006,0.30463552,-0.8732321,-0.12637866,-0.32279527
2.0217242,8.833019,-0.081771016,7.6977715,0.29992938,-0.86476064,-0.3991139,0.8482411
1.2756318,6.837572,-0.3618344,7.837839,0.41865325,-0.89104056,-0.22542799,0.79399824
1.5007333,4.607091,-0.6205015,7.8010693,0.43483424,-0.9375181,1.1827676,0.80671763
2.0086584,7.4141874,-0.44046956,7.807035,0.4543445,-1.0469265,2.2133317,0.8409524
2.4013329,6.3973403,-0.3159513,7.770128,0.42532492,-1.0394536,1.2852929,0.7951113
2.3142838,7.7172327,-0.42323524,7.714516,0.4060979,-1.0068909,0.9131998,0.78770185
2.366203,7.7824936,-0.17893988,7.5924835,0.407727,-0.94126296,2.1006298,0.84437156
2.4286582,4.6976547,-0.088712454,7.4503365,0.37608838,-0.9411926,1.2642939,0.52092934
2.377984,8.780167,0.053397894,7.4579945,0.31479073,-0.9234514,0.63293505,0.55149484
1.8677877,7.372673,0.16252887,7.3573627,0.3166287,-0.9156692,-0.028247356,-0.4016346
2.9214964,6.713166,0.23639095,7.3777065,0.3017521,-0.9283633,2.6446981,0.75945497
2.9714406,7.391661,0.28749633,7.267745,0.322747,-0.9396796,1.5956814,0.7699449
2.0995207,7.937465,0.4422648,7.307336,0.38193083,-0.9913645,0.66061366,0.7695532
1.5716064,8.950279,0.46060383,7.3451543,0.34341788,-1.0203592,1.9588697,0.30775094
2.5905228,6.96782,0.071665645,7.3070545,0.304451,-0.9376302,1.8616745,0.8437172
1.8585289,5.729618,0.087745905,7.455877,0.34318233,-0.94537854,1.6994734,0.60674405
1.7894105,5.0989213,0.18375778,7.439097,0.3140273,-0.9459629,1.1822982,0.5682217
2.3304927,8.714947,0.24856019,7.3711843,0.30723977,-0.94353676,2.9167893,0.82701564
1.8732321,4.9813123,0.26506424,7.452913,0.32255793,-0.93436956,1.4101157,0.4822315
2.4451718,5.079241,0.26145625,7.3289905,0.31706882,-0.92909837,0.23317921,0.8158834
2.922593,7.1591477,0.08005965,7.3762345,0.27401853,-0.89487815,0.20157886,0.7959211
2.2091522,5.405653,0.09739995,7.3677483,0.20981073,-0.83439565,0.5608591,-0.3006853
2.234277,6.778358,0.1096015,7.408929,0.24964452,-0.880682,0.12974405,-0.12043029
2.4872708,4.8325696,0.13475204,7.4264517,0.2317779,-0.87952495,-0.1704076,-0.19941676
2.4884396,3.997375,0.16349602,7.4259043,0.18229938,-0.83278465,-0.3213721,-0.32158715
1.5313587,5.5710955,-0.09453905,7.6610303,0.23381019,-0.8174839,-0.11845702,0.60786116
1.5204982,4.562649,-0.16014493,7.630287,0.20551324,-0.8453963,-0.048623502,-0.41026938
1.4438851,5.0448265,-0.16373551,7.634719,0.26077294,-0.8789542,-0.21990108,-0.21147501
1.6860459,8.0442915,0.27702022,7.5007377,0.31795573,-0.98735857,0.088701725,0.038072884
1.7688767,8.88072,0.17018437,7.5865183,0.2562604,-0.94976187,-0.29997337,0.15243739
2.3966722,6.0721803,0.037501335,7.5947914,0.28856993,-0.9598954,-0.26661032,-0.3142318
1.8477815,2.6126268,0.009426832,7.389706,0.27187967,-0.7935555,-0.16779041,0.23898023
1.967536,3.4530725,-0.12714481,7.3752503,0.26116848,-0.82133484,-0.08183813,-0.05029753
2.6796868,3.6899354,-0.33886433,7.34623,0.2605636,-0.8207283,-0.23874646,-0.14067355
2.7913902,3.1036246,-0.35509872,7.6485124,0.22126436,-0.8723812,-0.32336903,0.1497317
2.2560406,9.823532,-0.1774652,7.651063,0.28597522,-0.83119345,-0.31666762,0.22196615
2.1621027,4.8059635,-0.37990594,7.6118,0.26890683,-0.80451393,-0.7035109,-0.03394288
2.7764676,8.955504,-0.06411886,7.643307,0.2490952,-0.86964226,-0.3372041,-0.15269902
2.3338175,8.401484,0.926898,5.48429,1.6905618,-2.3186743,0.09802079,-0.42678303
1.9541194,5.941357,0.852304,5.6098356,1.6831088,-2.3066826,0.021375418,0.055152953
1.7704486,8.573399,0.8568189,5.553279,1.7176163,-2.3129706,-0.0411337,0.065461874
1.8554537,9.900698,0.93123484,5.300536,1.6500146,-2.3046732,-0.06273699,-0.15026802
2.1794162,2.0116017,0.9655367,5.353071,1.6631043,-2.3269005,0.028102636,-0.01047653
2.3645358,9.986805,0.96246195,5.3384457,1.6473708,-2.2962155,0.74423265,0.1072942
1.0687081,9.379993,0.9381387,5.323491,1.6958075,-2.2731361,-0.2150011,-0.2726397
2.7187562,4.510942,0.90654886,5.329947,1.71365,-2.320098,-0.05086392,0.17365026
2.5331633,6.163329,0.9695673,5.419546,1.6977279,-2.2869391,-0.5631834,-0.01814562
0.9619676,6.699252,0.8969102,5.5054,1.7528884,-2.3862863,1.3128159,0.8063836
2.5818613,7.136258,0.8924978,5.44408,1.747273,-2.382353,-0.06642753,0.23068082
2.6261868,6.1424203,0.90450895,5.450212,1.733861,-2.3186612,1.1683962,0.40144622
1.3827815,6.0052805,0.8614541,5.3885145,1.7546394,-2.2859063,0.00746572,0.42140484
1.4144433,4.6694565,0.91290545,5.313701,1.7390387,-2.2991,-0.17656738,0.44158363
2.663279,5.2578287,0.97220254,5.298671,1.6925173,-2.357935,1.7092669,0.42114657
1.4804614,6.4485765,0.9777379,5.2787995,1.7038388,-2.2913215,1.3859541,0.56429136
2.8340068,6.909766,0.9674686,5.3117905,1.6855454,-2.3382487,0.94946694,0.7095947
2.8435721,4.3625803,1.0716305,5.155404,1.6471181,-2.329986,1.7016172,-0.086794674
1.9476837,4.76614,1.1523314,5.0700636,1.6000137,-2.203291,-0.3185978,-0.21922934
2.2508204,8.587818,1.1667633,5.090582,1.5541527,-2.2204924,1.4666042,-0.21028563
1.7565798,6.9264207,1.1244512,5.2525496,1.5513129,-2.205349,2.0193138,0.80776393
2.4425735,7.814881,1.1249285,5.3075337,1.5076416,-2.2124512,1.428649,0.5051906
0.90686107,4.5142603,1.1029601,5.228717,1.5309308,-2.1542454,0.86318815,0.3268444
0.6247851,4.489093,0.996475,5.4185696,1.5744567,-2.186613,1.0541451,0.33495724
2.8806088,4.921903,0.96575904,5.3737574,1.6293724,-2.303269,1.4288306,0.4420213
2.9481442,4.803998,0.9523895,5.429965,1.5991039,-2.2539945,1.9296436,0.58169913
2.9694564,3.4336622,0.9544717,5.626997,1.5890226,-2.2683868,2.6625407,0.42206955
0.67621434,5.174506,0.9319246,5.52347,1.5704553,-2.147604,0.37496877,0.6080792
0.8451123,2.2888618,0.95424676,5.648061,1.5148427,-2.1961193,2.3756676,0.5557424
2.6449032,8.372829,0.9988425,5.73901,1.4685419,-2.1874166,0.26948845,0.5684444
2.7471535,2.5256622,0.90840816,5.6110115,1.5307002,-2.114993,2.3095522,0.5371547
1.0163715,7.072799,0.9040711,5.6129904,1.5129626,-2.079739,0.87691486,0.54673374
2.482594,8.888321,0.85697055,5.546447,1.5469096,-2.1472108,1.3803439,0.36197168
1.2931578,3.9867663,0.9684298,5.4519744,1.5340252,-2.1569326,0.5745851,0.14671123
1.0042083,7.052312,0.92096996,5.557445,1.5300066,-2.195705,-0.17302287,0.056805134
2.6386745,7.1462646,0.9573877,5.530326,1.5579526,-2.202766,0.2561425,-0.21567297
2.7009106,5.343005,0.9220245,5.385906,1.6104717,-2.2079005,0.13146245,-0.16917247
0.845404,6.1320405,0.98339725,5.384094,1.6139269,-2.2504497,0.20345879,-0.25219086
1.2750206,4.2169595,0.9881302,5.4506655,1.5663455,-2.2736852,0.10836387,0.26489073
2.041634,8.586018,1.0184972,5.45794,1.6050024,-2.2673903,-0.09330648,-0.1029104
2.6478405,6.864846,0.94910264,5.288232,1.6804347,-2.3147016,1.9508567,0.43945265
0.9363632,4.4454083,0.9108225,5.438008,1.7276006,-2.3385155,2.2969487,0.46961582
2.9878662,7.1647024,0.923283,5.359704,1.710213,-2.3604717,1.4141343,0.5056448
0.7039894,7.8768835,0.98428774,5.385436,1.7596617,-2.3947754,0.65818655,0.27298248
1.0444837,3.4516597,0.9490168,5.3819885,1.7725434,-2.4229517,0.9074248,0.13900071
1.7661725,8.230303,0.92088604,5.546344,1.7627351,-2.4319253,1.4295733,-0.052443296
2.750438,9.578703,1.0160017,5.4097323,1.6749604,-2.3432841,0.9096379,0.30765343
0.7974937,8.709045,1.0563185,5.1480203,1.7527914,-2.4401538,0.40215397,0.31451988
1.7033582,6.2864203,1.0518432,5.0107026,1.759984,-2.3481946,0.0057612658,0.0742113
2.2007852,7.011116,1.0754683,4.977116,1.7056785,-2.3487482,0.38817728,0.13264424
1.5475502,5.521307,1.1092391,4.9551907,1.7472861,-2.361764,0.02481246,0.40359706
2.7936244,7.3549643,1.0985637,4.9634385,1.7041297,-2.3070092,2.726284,0.42055005
1.6834666,2.181041,1.0386009,5.05171,1.7346082,-2.3584566,1.1121213,0.29383123
1.6102476,2.274611,1.0451412,5.036661,1.7607467,-2.2775772,2.3470554,0.69462776
2.1955984,9.660145,1.0375214,5.1091967,1.7003119,-2.3401756,1.9953134,0.49949586
1.0226145,5.6469264,0.8823085,5.281033,1.7543092,-2.3081348,1.4922767,0.4533077
1.0236285,7.129729,0.95399106,5.254588,1.7835765,-2.2823882,2.0181482,0.46868873
2.658667,4.155983,0.9607874,5.2378087,1.800221,-2.4259486,2.2845974,0.6132122
0.7084277,2.8560557,0.9692764,5.3845434,1.8021183,-2.4347827,1.1262012,0.64111996
1.9045765,9.869055,0.9545927,5.391608,1.8003325,-2.4159265,0.8743334,0.73789275
1.4214698,9.787629,0.94687295,5.376524,1.7680452,-2.3981256,2.614351,0.6535169
2.1693854,2.6106596,0.9931785,5.3425436,1.7530878,-2.4246898,2.7933064,0.26417047
0.52293426,2.4873369,0.83971334,5.634889,1.7501385,-2.3681326,0.25832295,0.30121696
2.6744819,3.8881218,0.79514337,5.634876,1.7629504,-2.4051392,0.1810993,0.12829226
1.1218033,8.55364,0.82239604,5.6875906,1.753928,-2.397794,0.04201114,-0.05840084
1.6254692,4.700525,0.76916254,5.6523695,1.7622986,-2.372024,-0.01856196,-0.019426167
2.172058,5.2006607,0.78866184,5.648473,1.7688394,-2.3881135,0.20384264,0.5067854
0.9258484,8.606981,0.78704,5.7487345,1.7750366,-2.4134865,0.7153183,0.32400846
1.1360731,6.303608,0.8325014,5.748888,1.7347205,-2.4479902,-0.18921131,-0.29161218
2.0924573,7.7326326,0.8317263,5.699723,1.7515254,-2.4054742,-0.07685375,-0.31339192
1.5094498,5.972663,0.8345392,5.5510836,1.747951,-2.3239665,-0.071056664,0.24254745
1.6634051,9.189518,0.8791542,5.5160313,1.7597826,-2.4000912,0.08920121,0.088343084
2.030846,9.899246,0.90046775,5.4984446,1.7234173,-2.3754742,0.038142562,-0.13459378
1.1318108,9.981392,0.8800211,5.4777594,1.7329695,-2.3550854,0.052630305,-0.057713985
2.8185785,2.0063343,0.9172499,5.487605,1.67682,-2.2957032,-0.20768285,0.040266693
0.6360491,2.0047648,0.8549955,5.5290055,1.6767113,-2.2856917,0.020878315,0.2995757
1.0324539,2.4849956,0.96417546,5.4852095,1.6632311,-2.3043408,0.4510368,0.54188824
2.1529255,9.719377,0.8975167,5.521842,1.6560299,-2.239498,2.6293519,0.21668023
0.9865566,2.6596742,0.8654666,5.598529,1.6492906,-2.221644,-0.07796562,0.17236668
2.5674179,4.645323,0.8263767,5.5858736,1.6297369,-2.2534986,-0.042319953,-0.0035142303
2.511577,9.606054,0.8058748,5.628708,1.6927748,-2.2616494,0.049132228,-0.123307765
2.449949,4.706318,0.81112313,5.6665487,1.7075691,-2.3557217,0.3596387,-0.4596061
2.3358362,2.2599316,0.80572057,5.656495,1.7058511,-2.3277993,0.56726706,-0.27743772
2.9691317,6.700509,0.7652168,5.6755085,1.7147353,-2.3260627,-0.508142,-0.31181276
0.7657525,2.902125,0.85310984,5.7229986,1.7163746,-2.3209965,1.0364625,-0.19499856
0.61332715,6.753157,0.7845738,5.776781,1.7196143,-2.3154948,1.9163835,0.16561264
1.2007909,9.866817,0.6458416,5.797331,1.718327,-2.3162594,-0.14579844,-0.06932628
1.53447,4.918457,0.6907712,5.7984014,1.7294056,-2.3035064,-0.25049675,-0.06703824
2.1853552,8.186955,0.64397264,5.8146143,1.691844,-2.2841213,0.08118951,-0.1927886
1.697228,6.150924,0.7129779,6.008668,1.6471088,-2.264426,-0.3028124,0.25698054
2.188736,4.12512,0.6807734,6.007374,1.62153,-2.252604,-0.530926,-0.1664148
2.7729764,3.1903052,0.6728871,5.7999105,1.6607761,-2.200698,0.5177729,0.1725812
2.8505754,9.648449,0.74457955,5.894485,1.6213291,-2.233833,0.118076205,-0.1039412
2.3660269,9.802054,0.680511,5.9618444,1.613215,-2.2151492,-0.1169098,0.052978814
2.4843805,4.083869,0.5469825,6.0881753,1.6522136,-2.2464743,-0.15616429,-0.09094462
1.973028,5.8827267,0.5393777,6.2184258,1.6834109,-2.2692199,-0.13714546,-0.14736736
2.0769463,5.6842365,0.6508062,5.9995003,1.6177843,-2.2496665,-0.20255339,-0.24607396
2.246079,2.6867537,0.6638584,5.8766985,1.5914714,-2.2045984,0.82928514,-0.02649033
2.0989113,9.626371,0.8695464,5.7620883,1.5078824,-2.2357237,0.6838162,0.2033953
2.5791588,5.6869326,0.87023664,5.683905,1.612822,-2.2184024,1.7557621,0.886405
0.9216947,3.3919668,0.9064301,5.56817,1.5831096,-2.1961093,1.4807804,0.86703575
2.0113773,4.5872784,0.9666482,5.5653763,1.5412526,-2.177709,2.3401055,0.58527577
1.0812135,3.4769514,1.0097277,5.4670725,1.5308721,-2.1521091,2.1137896,0.60548615
2.6563253,5.590279,1.0175557,5.515146,1.4715114,-2.1390753,1.9611278,0.798954
2.0981765,7.5464034,1.0680549,5.471434,1.5558791,-2.2829525,2.094297,0.5675423
0.712664,7.5196266,1.0481572,5.35446,1.5559022,-2.1385899,0.89467025,0.61222005
2.7460077,2.1080308,0.8636637,5.462137,1.5476065,-2.1322904,1.1074829,0.2847458
1.6615436,2.434896,0.8498471,5.71804,1.4595921,-2.0258532,0.04368186,0.65440273
1.2044013,3.9134412,0.84250546,5.815195,1.455554,-2.0412884,-0.5311372,-0.011438757
1.8153961,7.456368,0.8198471,5.710613,1.4638944,-2.0994797,-0.038966775,-0.30773532
1.7488947,5.8833,0.8427768,5.6958604,1.4616609,-2.0539794,-0.6161283,0.38245738
2.35286,7.3432903,0.82144713,5.659186,1.4669707,-2.0107036,-0.15593791,-0.27683043
2.903592,7.498993,0.81643164,5.610703,1.5540519,-2.1135464,1.338937,0.48479664
0.85751665,7.153479,0.8838395,5.558263,1.5719874,-2.148697,0.15804446,0.5044209
2.787329,6.17833,0.9830363,5.5150127,1.571775,-2.204046,2.2734613,0.34079945
0.9920453,4.7808666,1.0237827,5.4896054,1.5139875,-2.1230233,1.3269889,-0.31461832
2.0625615,6.2678466,0.9281285,5.5250564,1.5131798,-2.141062,-0.20543659,-0.2181986
1.9122124,4.942336,0.976804,5.419342,1.5121956,-2.111332,2.5224857,0.38740575
2.3434806,9.957658,0.9487455,5.546708,1.4784026,-2.0538406,0.4854734,0.49043357
1.5861188,8.200784,0.96667314,5.5303783,1.487602,-2.0534077,0.3148278,-0.0062813163
1.8125513,9.099892,1.0015397,5.765378,1.3873794,-1.9858539,1.161221,0.8051535
2.37965,6.075188,0.9193187,5.793553,1.3941851,-2.0525131,1.0789168,-0.001059711
2.302269,3.2730188,0.87937856,5.707308,1.4238906,-2.0294774,0.6285826,0.720371
2.6255295,7.824785,0.86321616,5.8133554,1.379287,-2.063117,0.629352,0.058855474
2.9752607,5.5965495,0.8595755,5.8550596,1.3433797,-2.0341556,-0.021276712,0.48559916
2.8295586,5.7915497,0.80669165,5.886128,1.3381891,-1.9021903,-0.05423373,-0.16810319
2.0739284,6.668376,0.7499523,6.263401,1.3286731,-1.9883482,-0.36331326,-0.1501857
2.4923513,8.165541,0.70078754,6.389063,1.2462959,-1.9708898,-0.047585487,-0.12708578
2.4148006,3.994786,0.6205089,6.5823646,1.2445817,-1.8822526,-0.3487761,-0.16820651
1.2330868,2.800307,0.52251077,6.6777287,1.2597909,-1.8941214,-0.22235137,0.3349036
0.6873141,3.7592793,0.5091629,6.694634,1.2168279,-1.8946986,0.8809705,0.29055834
0.9661492,2.8603857,0.48070598,6.6834626,1.200851,-1.88061,0.065837026,0.19509304
1.487289,3.4938235,0.448673,6.6922083,1.2271626,-1.8380809,0.10470343,0.34726816
1.1384528,9.629116,0.44970083,6.691759,1.2332323,-1.7980704,-0.23238629,-0.058674097
2.882831,7.006175,0.42980278,6.631832,1.2816,-1.8806603,-0.20266837,0.03661084
2.5258517,8.960149,0.4645816,6.582163,1.2831302,-1.8741816,-0.09642273,-0.29445192
2.864233,6.176202,0.4649247,6.5997577,1.2713735,-1.891274,-0.45646757,-0.15369111
2.7166471,9.532446,0.46955538,6.598873,1.2781627,-1.9158143,-0.12681264,0.11435896
0.9076381,2.4426985,0.45182657,6.6563644,1.270509,-1.9071097,-0.06896508,0.022070944
0.99252933,9.536783,0.547145,6.584966,1.2917113,-1.9566131,0.43222964,0.15043539
1.1332564,2.060533,0.40084076,6.634606,1.2789752,-1.916019,0.03523004,0.09537959
1.9646761,9.959549,0.3059609,6.766219,1.2733645,-1.8410021,0.20988083,-0.14263543
1.8019766,9.934296,0.32935905,6.8536043,1.1976695,-1.8300657,0.21823287,0.08938962
1.6784513,3.124672,0.3696599,6.809784,1.176969,-1.761512,0.5488504,0.6763661
1.2755198,5.561845,0.5281271,6.5876327,1.1183016,-1.7887914,0.29933965,0.5421188
1.5643404,7.1599045,0.59774184,6.5359855,1.1051965,-1.7394221,0.39591134,0.38765895
1.5676506,2.7255273,0.6143147,6.495388,1.1121676,-1.7323833,-0.078457296,-0.37339228
1.5135477,2.0554345,0.7296096,6.298391,1.1403923,-1.7477303,-0.33262002,0.3336683
1.3682132,2.0520473,0.6655288,6.322294,1.1318314,-1.7398748,0.78426015,0.36878204
0.8953593,2.075901,0.7081928,6.4053426,1.1530857,-1.7025328,2.3042676,0.77203155
1.7300133,9.922699,0.5576103,6.443819,1.1776607,-1.7668456,0.20865536,0.29861248
1.6162481,4.009677,0.6162516,6.401562,1.131547,-1.7059634,0.22449732,0.25939822
0.9304105,4.914978,0.64359856,6.329646,1.1531782,-1.7680043,0.33510292,0.18588829
2.8258557,4.1807528,0.63311374,6.3562593,1.1485586,-1.7731302,0.10388446,0.38881123
1.0106204,5.122525,0.6342349,6.3821,1.11708,-1.6977288,0.2813822,0.51650393
2.0693645,2.27575,0.6674378,6.513056,1.053731,-1.6198473,0.72964597,0.64393437
1.7975781,4.9518447,0.47755957,6.499069,0.99280477,-1.6264677,1.0978689,0.762715
1.3731877,6.0032444,0.41096902,6.7268095,1.0961075,-1.670604,1.6822791,0.7609899
1.1979188,9.042816,0.57395196,6.6150794,1.1476433,-1.7753031,0.85732365,0.8455368
1.5649614,5.0426445,0.56986403,6.6637354,1.0973258,-1.7615552,2.8418076,0.4592005
2.0528498,6.0195713,0.46915436,6.7620683,1.0827916,-1.7117274,2.8085527,0.57716775
2.4033823,6.2773786,0.5102192,6.8172345,1.0511847,-1.7144711,1.8801894,0.6685591
2.355257,5.8415422,0.4990356,6.7662706,1.0458307,-1.7121961,2.832373,0.233706
2.0940633,2.724667,0.45745707,6.7591777,1.0164907,-1.6592503,0.11459446,0.2093594
2.3907506,3.2024717,0.4448247,6.793516,1.053011,-1.6506364,-0.38525343,-0.24673498
2.6491907,7.954384,0.45892084,6.63724,1.0418735,-1.638493,-0.56316507,-0.33400244
2.3772378,7.083106,0.4348799,6.6762323,1.0338361,-1.5954087,-0.71565413,-0.39509732
2.3475657,5.178218,0.3860482,6.745345,1.0125198,-1.5717986,-0.75571597,-0.4413729
2.378934,7.724385,0.2882576,6.8700705,0.9474561,-1.5521985,-0.12990665,-0.42991832
1.7060122,2.2576904,0.37312126,6.859065,0.93289685,-1.5594821,-0.14096618,-0.30273902
1.4013772,9.373301,0.41151166,6.822529,0.96675444,-1.6178795,-0.433617,-0.42905223
1.4170886,8.448998,0.47593355,6.857245,0.9480865,-1.5971875,-0.03183025,-0.38214582
0.81844616,3.7695603,0.5301362,6.9355197,0.9304111,-1.607981,-0.17833197,-0.40068635
0.7303916,4.8067093,0.5124508,6.977575,0.88479567,-1.5404035,0.29107177,0.08579683
0.8888982,4.8887777,0.54070985,6.910549,0.90659356,-1.5392377,0.258034,0.09853667
2.6838102,4.721138,0.40575242,6.967612,0.88475394,-1.5765666,-0.010607958,0.087512374
1.9559263,2.570984,0.40594685,6.966228,0.9170191,-1.5399826,-0.264319,0.15758616
1.2867484,4.089166,0.4406538,6.935111,0.8659792,-1.4750104,-0.23267722,0.09015423
2.436327,3.5826259,0.39010727,6.900584,0.89622164,-1.4684563,-0.019825578,0.6723726
2.0786028,9.467892,0.43562818,6.88048,0.9234104,-1.5357044,1.0069766,0.7928755
0.77092767,2.1493726,0.4231243,7.143227,0.92271185,-1.5512115,1.7473786,0.90505373
0.74319124,3.1455536,0.4643383,7.1270356,0.91248703,-1.5665975,0.7661705,0.6024722
1.0500989,5.369835,0.28566194,7.119828,0.8901036,-1.5243196,0.06794405,0.5178783
1.1211064,5.225559,0.3210709,6.9912033,0.9300978,-1.5108215,0.2735541,0.65315986
1.1296518,4.2595015,0.34380198,7.217203,0.90348506,-1.5478138,0.2133336,0.47316176
1.5107316,7.675584,0.43151855,7.027655,0.8870108,-1.5715219,0.07216942,0.400652
2.065349,6.285688,0.647908,6.7690945,0.9156773,-1.5311154,-0.48171753,0.05201602
1.1354954,5.1146207,0.45571256,6.8376,0.9139354,-1.5450324,-0.0072913766,-0.10874319
1.0915259,3.2631412,0.5068743,6.7631216,0.8987739,-1.549588,-0.039375663,-0.41331676
1.1235305,7.617619,0.501266,6.898038,0.8813441,-1.5722771,0.0901947,0.6029496
0.9187381,4.7654266,0.4241209,6.879781,0.92924905,-1.5137137,0.34538627,-0.30696768
0.982695,6.5541954,0.5067723,6.89771,0.9531565,-1.5439976,-0.5981369,-0.1749768
2.2625701,5.226625,0.5134101,6.574956,0.9151864,-1.5359236,-0.6408517,-0.1489209
0.9242343,5.729224,0.50070703,6.784504,0.9516156,-1.4903386,0.40480256,-0.026730537
1.5031543,4.962268,0.5034573,6.8443165,0.8651347,-1.5224171,-0.08363289,0.11108559
2.1200826,8.805679,0.5135722,6.6613436,0.8786831,-1.428376,-0.3118297,-0.21566918
1.9841051,4.969629,0.45344698,6.831848,0.7859919,-1.3689861,0.017027259,-0.04568976
1.5711973,7.2167315,0.6960492,6.7313547,0.75475955,-1.3487015,-0.21629965,0.50149333
2.7202737,5.183572,0.6093428,6.7095733,0.75382805,-1.4193575,-0.21421164,-0.100120425
2.119864,7.208166,0.72616196,6.605387,0.69684505,-1.3449264,-0.11878759,-0.23837143
