2.5820687,6.4924083,1.0134959,3.8810897,0.8842685,-1.5948693,1.1499584,0.07861644
2.5937998,6.4437613,0.9316642,4.0116014,0.9333761,-1.5859131,1.1088917,0.07878792
2.5930736,6.3770175,0.95717025,4.0395737,0.91740966,-1.5871034,1.100507,0.0756644
2.600738,6.450622,0.97547126,4.051767,0.95544195,-1.5599027,1.0917172,0.084165275
2.6146567,6.4754186,0.9761653,3.9891608,0.95672584,-1.5479741,1.0913491,0.06832701
2.6059775,6.4478936,0.9830098,3.951157,0.9711652,-1.5588229,1.0827603,0.05695331
2.5937495,6.6094756,0.9893048,3.9845557,0.9668846,-1.5761181,1.0974681,0.068784
2.5922992,6.642893,1.0274115,3.9064555,0.9843354,-1.5804424,1.0818665,0.0745343
2.6117423,6.6715064,1.0058885,4.0288095,1.0596085,-1.5814672,1.1140163,0.080839634
2.6206522,6.664657,0.9821192,4.042147,1.0591829,-1.6360743,1.0579782,0.09173405
2.6341186,6.6784425,1.0111759,4.0945253,1.0883162,-1.6426346,1.0592234,0.088918805
2.7041645,6.7343917,0.98908615,3.9879947,1.087064,-1.6051993,1.0548701,0.07975811
2.7045753,7.0214334,0.9632888,4.021743,1.1017287,-1.612754,1.0876384,0.08433962
2.6975288,6.5804596,0.97303843,4.0337944,1.0592093,-1.6474652,1.1565847,0.081122875
2.7299557,6.3860116,0.9810277,4.1143446,1.0474918,-1.6198226,1.2044535,0.081055164
2.7144682,6.4961734,0.91871035,4.074766,1.0451536,-1.6312667,1.171005,0.08146727
2.7083812,6.5050287,0.9153559,4.180063,1.0516307,-1.6085539,1.1177514,0.081079245
2.7128577,6.422818,0.9397991,4.1025095,1.0361495,-1.5973669,1.1340344,0.088578165
2.7105231,6.182978,0.7696862,3.8615284,0.9760511,-1.6557236,1.1394646,0.088213205
2.6883602,6.0976214,0.7874119,3.8898368,0.9812641,-1.6588948,1.1955714,0.08114481
2.6897314,5.9260225,0.79098463,3.8683276,1.0022447,-1.6618086,1.1626921,0.084062934
2.6988559,6.037057,0.7805891,3.777419,0.9731655,-1.6630259,1.1926277,0.08074057
2.727682,6.174874,0.82207346,3.9732196,0.96516037,-1.6575892,1.2187793,0.078142524
2.7285657,5.9157705,0.90333176,3.7872548,0.9567592,-1.609809,1.2451131,0.0754773
2.7299037,5.8350496,0.9068049,3.8177488,0.95675945,-1.6424781,1.2813358,0.09058094
2.7334263,5.8856683,0.81881213,3.7860272,0.96143126,-1.6422148,1.2312903,0.08583534
2.721107,5.921597,0.8098829,3.7848248,0.92261076,-1.6415601,1.2407892,0.07359731
2.7275045,5.903492,0.79024315,3.8244796,0.9355147,-1.6256169,1.2088661,0.0683648
2.727953,5.931328,0.83395183,3.8225853,0.920799,-1.6078703,1.2097545,0.0685451
2.7096605,5.90691,0.80899715,3.8490548,0.9138944,-1.600993,1.1861961,0.06879836
2.7264473,5.894037,0.7701738,3.8019881,0.9374788,-1.6009617,1.1849678,0.062472284
2.7009473,5.88768,0.7509092,3.6140196,0.9383559,-1.6176629,1.1829586,0.072565675
2.7091577,5.8933196,0.7558731,3.6760266,0.92440915,-1.6217679,1.1062565,0.07599342
2.690688,5.913043,0.7570753,3.722087,0.9013109,-1.6151865,1.0818179,0.07667202
2.7146096,5.991496,0.7495475,3.7397635,0.8906951,-1.5952644,1.0903699,0.08204353
2.7195907,5.957903,0.76335824,3.7924824,0.90514755,-1.58837,1.064744,0.08406508
2.718123,5.8480663,0.7400782,3.8788788,0.89088345,-1.5610492,1.0731564,0.08637732
2.7094061,5.8219905,0.7757772,3.9174721,0.96806264,-1.5548835,1.0636706,0.08280271
2.714171,5.9350405,0.8323605,3.9329984,0.98170614,-1.551249,1.0561442,0.06337249
2.7187366,5.9373465,0.85126305,3.9662247,0.96191573,-1.5547019,1.0853391,0.05678469
2.721786,5.9553056,0.85785484,3.9754715,0.95411325,-1.5639569,1.0802922,0.078511596
2.712157,5.8932605,0.8889713,3.9444509,0.9796829,-1.6287853,1.154383,0.08944845
2.7041173,5.835311,0.8033868,3.8218195,0.949883,-1.6265054,1.1459963,0.117832065
2.691696,5.89052,0.81833124,3.6827495,0.8915663,-1.6698917,1.146682,0.095501065
2.692923,5.9320383,0.810128,3.6076038,0.8932805,-1.6018826,1.1427798,0.092390835
2.676958,5.9936256,0.7980417,3.5957787,0.8872125,-1.6172065,1.1775839,0.0741902
2.6786633,6.1023593,0.83366644,3.6276114,0.88666105,-1.6127768,1.1573036,0.058423996
2.6602988,6.0971766,0.85754037,3.9610646,0.9078083,-1.6021028,1.1152811,0.058708787
2.6474884,6.1005044,0.8632052,3.8535411,0.93369555,-1.5807714,1.1121793,0.030639827
2.640792,6.1343865,0.81565595,3.8638244,0.9160991,-1.5780966,1.1018715,0.03059405
2.6447387,6.138095,0.75556326,3.7832706,0.9124434,-1.571569,1.0960295,0.016623974
2.6716573,6.037469,0.7527567,3.7630463,0.89454937,-1.5747999,1.1089842,0.03791672
2.6712155,6.032347,0.7236016,3.6365178,0.90087914,-1.6078279,1.1050601,0.049076915
2.6872096,6.1648636,0.70895195,3.6661081,0.9274812,-1.6115143,1.0995321,0.047993124
2.6879,5.8841906,0.77285695,3.5993786,0.853415,-1.5966667,1.1352506,0.056078553
2.7136152,6.0325427,0.77196777,3.6694489,0.8821626,-1.594594,1.1104653,0.07117355
2.7129736,6.0616727,0.78012323,3.584774,0.8601899,-1.6107192,1.1265533,0.072335005
2.7156034,6.007028,0.78458846,3.6061552,0.86350703,-1.6435652,1.1259751,0.09391987
2.706577,5.984954,0.79099643,3.5073779,0.8753619,-1.666422,1.1324673,0.10181975
2.6932266,5.9996185,0.72004247,3.413855,0.88929486,-1.6773853,1.1340516,0.09565729
2.655267,5.9909067,0.7483251,3.4779005,0.91966486,-1.6548479,1.1338837,0.086251676
2.6527777,6.1350203,0.8290045,3.4977164,0.9280703,-1.6647251,1.1151466,0.08490312
2.64192,6.130166,0.8381753,3.6864429,0.93889093,-1.6559827,1.0950842,0.085526705
2.671881,6.118503,0.8421235,3.708887,0.94386744,-1.6551116,1.1210451,0.0889073
2.6475222,6.008981,0.85777485,3.716985,0.94704103,-1.6336174,1.1323225,0.07919425
2.6484857,5.9451857,0.88579893,3.648495,0.9189892,-1.6134125,1.1210217,0.08283776
2.6775005,5.986621,0.6306554,3.4702885,0.9091332,-1.6177843,1.1138625,0.082825124
2.660015,5.878271,0.6642933,3.325275,0.87986374,-1.6203389,1.0875666,0.10049951
2.673986,5.9373293,0.64015484,3.3466725,0.8763907,-1.6275569,1.0731692,0.097198725
2.6834173,6.0596166,0.6675179,3.3448591,0.8516991,-1.621253,1.1034365,0.10174054
2.6566174,5.9924126,0.8153094,3.312271,0.8247962,-1.6253532,1.1134963,0.11183816
2.6467052,5.985665,0.86984944,3.2529411,0.8418162,-1.623312,1.1222129,0.10903227
2.7024064,6.0210457,0.8639233,3.3237576,0.84320927,-1.6238322,1.1678576,0.08943623
2.7129488,6.0748916,0.88936186,3.3313558,0.8295827,-1.6303945,1.1168027,0.105564594
2.6857383,6.02522,0.8186786,3.3384628,0.84719515,-1.6341391,1.1401355,0.10507947
2.675417,6.038466,0.7471484,3.4661427,0.8627715,-1.6372917,1.1252663,0.09399402
2.6628604,5.981744,0.7481934,3.4549837,0.8688328,-1.631693,1.1187773,0.08112645
2.6657553,6.0406675,0.68771696,3.4693913,0.8876858,-1.6404712,1.1120813,0.07261008
2.6668289,5.9507494,0.7185346,3.4571102,0.9068835,-1.6476158,1.1516118,0.056667686
2.6947272,6.06447,0.7409158,3.5438595,0.89683414,-1.6443019,1.1740329,0.06150031
2.6827302,6.041144,0.7606567,3.5347233,0.9174514,-1.6439673,1.1973853,0.0607903
2.6863503,5.904583,0.7634752,3.5877278,0.9585674,-1.6383872,1.2163994,0.060423136
2.6706324,5.9237194,0.7204406,3.506378,0.9060731,-1.6499633,1.1854596,0.05892068
2.6603682,6.0443377,0.750754,3.3757682,0.8951497,-1.6633668,1.198587,0.062417448
2.6999755,5.9781814,0.80084634,3.3573606,0.88553286,-1.6440228,1.2432864,0.061802387
2.7014155,5.984894,0.7215078,3.4365363,0.8906567,-1.6440845,1.2388568,0.060272872
2.729164,5.9780927,0.7581544,3.5109885,0.928597,-1.6627103,1.2684481,0.059209406
2.7097545,5.942051,0.7536745,3.7125876,0.9475026,-1.6590383,1.2713029,0.061567545
2.7090302,5.9608784,0.7693013,3.6970193,0.96871996,-1.650111,1.2355835,0.06754696
2.7116947,5.99317,0.73288834,3.6826618,0.92166233,-1.6551701,1.2194841,0.05927539
2.7140665,6.0584726,0.7174232,3.6217637,0.91069937,-1.6634254,1.2014022,0.06064129
2.72221,5.9511075,0.67963314,3.8485348,0.91008925,-1.638009,1.1781766,0.06244856
2.703138,5.9925675,0.7438725,3.8154168,0.96170783,-1.6562779,1.2152026,0.05884242
2.6964006,6.035595,0.64988256,3.8683882,0.9042158,-1.6378179,1.2042577,0.044271648
2.714198,6.00822,0.71116066,3.9121337,0.9144597,-1.6344124,1.2065301,0.047331333
2.713037,5.91751,0.6926663,3.8293576,0.9421153,-1.6066198,1.2035878,0.046616435
2.7169163,5.987178,0.6858165,3.896062,0.88921523,-1.5998528,1.157556,0.04749161
2.6926446,6.2912655,0.72376156,3.849575,0.897526,-1.604404,1.1350474,0.048071265
2.6363316,6.139977,0.6854689,3.7587655,0.9505193,-1.6197242,1.0827618,0.056311965
2.6416428,6.089704,0.7911978,3.7793102,0.9708421,-1.6203159,1.1036673,0.058927536
2.6279285,6.2844944,0.76729655,3.875313,0.98364234,-1.6124544,1.1143925,0.04293835
2.631879,6.2452683,0.78583694,3.8610916,0.97148323,-1.6126196,1.1272442,0.042678952
2.6295986,6.1336102,0.7954285,3.8759098,0.98421407,-1.6309493,1.1362345,0.039574206
2.6338592,6.0853434,0.788774,3.737002,0.9257505,-1.6228929,1.1137731,0.04652381
2.6300006,6.1853814,0.8106673,3.745296,0.91503763,-1.6043689,1.082978,0.046492815
2.620568,6.068403,0.81440663,3.7297173,0.8967898,-1.6188054,1.0723932,0.06681359
2.6161747,6.1328325,0.80502486,3.7463832,0.87607574,-1.61767,1.0818834,0.06725359
2.6173503,6.1663456,0.81885564,3.7384589,0.9067211,-1.6311545,1.0588791,0.07945824
2.6109881,6.199625,0.80725193,3.6482987,0.90733576,-1.6403645,1.0507147,0.07238042
2.623923,6.0285516,0.793856,3.7113862,0.9037447,-1.6429151,1.0391653,0.05694115
2.632299,6.020242,0.8003527,3.6182046,0.8920562,-1.637432,1.070499,0.05350399
2.6339033,6.0238824,0.7816874,3.697155,0.9870715,-1.6307987,1.0567925,0.057154775
2.629825,6.0220513,0.80121064,3.6183662,0.9734509,-1.6477337,1.0629706,0.0640645
2.6122422,6.2015224,0.80714035,3.6190495,0.9256532,-1.6538079,1.1151798,0.055432796
2.603105,6.1914005,0.8238785,3.5761032,0.92692184,-1.6534921,1.0772841,0.06534183
2.5750074,6.2039447,0.8417356,3.6067572,0.903034,-1.6568286,1.0761204,0.06953955
2.5937257,6.21696,0.8692825,3.737671,0.95202184,-1.6568935,1.0786421,0.07486701
2.674497,6.1501856,0.8879628,3.7340765,0.9695239,-1.6019305,1.0746126,0.08550173
2.661934,6.06827,0.75822186,3.9301271,0.93997717,-1.5908437,1.0610738,0.06731492
2.6543326,5.949951,0.7555909,4.065832,0.9227593,-1.5745661,1.0592396,0.06088066
2.659212,6.0164237,0.759187,4.0668855,0.91766405,-1.5767608,1.0791633,0.05336815
2.651445,6.0610166,0.75740504,4.0689497,0.8924525,-1.6225301,1.0601883,0.0583151
2.6431885,6.0382757,0.7552335,4.0062366,0.89022136,-1.6043863,1.071955,0.05648768
2.6410825,6.03059,0.71985996,3.9443004,0.9002831,-1.6006238,1.0560331,0.05629766
2.6392808,6.2161803,0.7397584,4.068435,0.9665699,-1.5862837,1.0863116,0.05514437
2.254486,6.541887,1.1266735,3.9064384,-1.4249825,-1.4893963,-0.48625332,-0.24415219
2.331057,6.702213,1.1562259,3.9473703,-1.4262552,-1.5563354,-0.51929593,-0.2526991
2.347037,6.683643,0.99751115,3.9269114,-1.4218146,-1.5461364,-0.53338575,-0.25997913
2.4038563,6.6844535,1.0446589,3.980507,-1.4685096,-1.561487,-0.5285702,-0.28047064
2.3274915,6.794641,1.0424595,4.0180063,-1.3463663,-1.5572014,-0.536016,-0.28524536
2.4273205,6.801186,1.0435264,4.009148,-1.4326881,-1.4890013,-0.5243652,-0.2803033
2.4715314,6.866086,1.0408087,4.0257573,-1.4724934,-1.461225,-0.51067775,-0.2668174
2.3644938,6.8908806,1.0472889,4.052217,-1.4474525,-1.4545412,-0.5151143,-0.26847413
2.3808482,6.8959093,1.0674672,4.0158486,-1.4136105,-1.4083296,-0.5067011,-0.2139039
2.45912,6.799448,1.0545802,3.9707003,-1.4829204,-1.4108527,-0.5103557,-0.2136972
2.451866,6.8145814,1.0689235,3.9680796,-1.4561836,-1.4031856,-0.49444556,-0.23163152
2.3922615,6.7647343,1.0831411,3.9340692,-1.4108799,-1.3838117,-0.51028395,-0.2296502
2.3585594,6.835583,1.1319675,4.0067663,-1.3755805,-1.3826401,-0.4654644,-0.26212022
2.3964186,6.831853,1.1935973,4.0039887,-1.3866086,-1.41119,-0.45342642,-0.2579667
2.4430375,6.726561,1.1796205,3.987649,-1.340914,-1.4306419,-0.45164967,-0.25560883
2.4126945,6.708193,1.167059,4.014785,-1.3835573,-1.4584491,-0.43503416,-0.2473897
2.4079084,6.7056794,1.1615589,4.0315332,-1.4081671,-1.4279504,-0.43952155,-0.24372348
2.3951616,6.577249,1.191133,4.037066,-1.4119827,-1.4684095,-0.45024896,-0.25205255
2.4757495,6.4008093,1.0614693,3.996604,-1.4906902,-1.4574652,-0.46251237,-0.23337007
2.4939995,6.3630557,1.020119,3.99777,-1.4001441,-1.4848332,-0.43358248,-0.24164304
2.426298,6.389127,1.019692,3.9465513,-1.3397582,-1.510678,-0.45200145,-0.24599743
2.408649,6.4789047,0.99393344,3.9423528,-1.3391058,-1.5017864,-0.45201492,-0.2527119
2.5054438,6.4816966,1.0296783,3.9589872,-1.3477997,-1.4415727,-0.4322189,-0.22019425
2.5112686,6.4669785,0.88911307,3.9080873,-1.3578662,-1.4558662,-0.43534315,-0.2544523
2.484004,6.4182444,0.87926674,3.9213204,-1.4297783,-1.4482784,-0.4250437,-0.22299883
2.4903738,6.4421353,0.85706997,3.9023063,-1.4579945,-1.4445087,-0.4265501,-0.25259826
2.4873867,6.47548,0.86833596,3.9353755,-1.4509733,-1.4471158,-0.42732918,-0.2629169
2.4699507,6.4954987,0.8425944,3.8624792,-1.4506603,-1.4446974,-0.43718886,-0.28568
2.462077,6.457769,0.8568773,3.8575196,-1.4633671,-1.4456531,-0.43417746,-0.27071315
2.4563448,6.42855,0.90253973,3.8621619,-1.4781487,-1.4398956,-0.43593484,-0.2853437
2.4509063,6.389365,0.9070995,3.903652,-1.46586,-1.4455712,-0.42887378,-0.26725796
2.464086,6.3452,0.90394306,3.9051733,-1.4414611,-1.4681478,-0.42276388,-0.27707997
2.4733677,6.4021397,0.9170327,3.910743,-1.3667314,-1.4722414,-0.42808568,-0.28207606
2.4593215,6.4133883,0.90984905,3.954084,-1.367399,-1.4993215,-0.41716874,-0.27917385
2.4583664,6.4198074,0.9138744,3.9497752,-1.347235,-1.2857668,-0.41165107,-0.2765817
2.3538063,6.428661,0.9105656,3.967834,-1.3273357,-1.2705369,-0.44795138,-0.2656746
2.2796454,6.4423356,0.93148017,3.863689,-1.428813,-1.2666417,-0.4591499,-0.27210087
2.269065,6.6381044,0.9295056,3.8117845,-1.483305,-1.2585465,-0.43096554,-0.2544793
2.403173,6.573688,0.9066497,3.7998273,-1.5544736,-1.2656085,-0.41210485,-0.24894613
2.2477436,6.562413,0.9363861,3.819982,-1.4480921,-1.2837424,-0.39888978,-0.24581909
2.358244,6.603208,0.94482255,3.8025618,-1.5996761,-1.2847879,-0.43314558,-0.2637842
2.3573542,6.5406704,0.95085216,3.819891,-1.6281378,-1.275958,-0.39503866,-0.25884247
2.2370188,6.427609,0.95774245,3.8303883,-1.5873358,-1.2918828,-0.39760613,-0.2590837
2.1277208,6.4059315,0.9243108,3.676499,-1.5521367,-1.2492403,-0.38824236,-0.26183975
2.1422386,6.345813,0.9217446,3.8300717,-1.391194,-1.230625,-0.46550608,-0.31519362
2.2632298,6.326136,0.943421,3.809759,-1.4563942,-1.2752407,-0.49250382,-0.30834433
2.2618978,6.311293,0.94751656,3.824916,-1.4459594,-1.2865033,-0.5464047,-0.27721012
2.1385698,6.3158383,0.9571924,3.814952,-1.393471,-1.318374,-0.51196384,-0.27917027
2.147298,6.253446,0.9778398,3.9261127,-1.3850003,-1.2716575,-0.5129834,-0.27098572
2.1601014,6.0517893,0.97097135,3.9217029,-1.417475,-1.3055427,-0.43484515,-0.3400742
2.1967673,6.077689,1.0189545,4.0357084,-1.4156759,-1.2847505,-0.31248426,-0.42147982
2.2277427,6.0839033,1.0840085,4.1234164,-1.4247904,-1.2892299,-0.3214208,-0.41584888
2.2088437,6.0298886,1.0752096,4.090765,-1.4331579,-1.298136,-0.334561,-0.41659272
2.2470984,6.0319333,1.0889816,4.088591,-1.3786161,-1.3030069,-0.3443238,-0.39870554
2.1815019,5.9468613,1.076158,4.0687613,-1.3977342,-1.3208339,-0.38995743,-0.35601872
2.1900146,5.931615,1.0884025,4.071863,-1.4559972,-1.3087009,-0.43457884,-0.31469098
2.2152488,5.9054856,1.1703641,4.0657806,-1.4380754,-1.2774477,-0.44786233,-0.2976131
2.3067853,5.8051147,1.1254406,4.040469,-1.4787507,-1.2798421,-0.4242906,-0.2907083
2.280705,5.8321357,1.2143469,3.9488475,-1.5511566,-1.2704694,-0.43994147,-0.29762897
2.2830472,5.867777,1.2365465,3.9264276,-1.573187,-1.2571642,-0.45825362,-0.34437665
2.2978644,5.8655763,1.2085972,3.877902,-1.5571243,-1.258559,-0.4864354,-0.339247
2.2838087,5.864134,1.2071192,3.8598285,-1.4851232,-1.2339432,-0.4694445,-0.3214202
2.3007002,5.8746214,1.1552422,3.879684,-1.5433527,-1.232331,-0.46231633,-0.31992787
2.3080258,5.904867,1.1790538,3.9145246,-1.5032156,-1.2279046,-0.42900336,-0.33011732
2.2991452,5.9117794,1.1801953,3.9237585,-1.5264354,-1.2251477,-0.43904114,-0.32881248
2.4025235,5.687006,1.170639,4.0521035,-1.5228211,-1.2711078,-0.49894482,-0.23594624
2.4103312,5.791523,1.1853018,4.114718,-1.510494,-1.2144395,-0.44279695,-0.25148654
2.3982682,5.866474,1.0772495,4.17535,-1.583035,-1.2168791,-0.46611136,-0.27156898
2.390784,5.8652596,1.1871707,4.1637306,-1.5634193,-1.2661729,-0.47401172,-0.27297336
2.3725939,5.8677435,1.1545095,4.147419,-1.5805879,-1.2318445,-0.44843423,-0.2558903
2.383061,5.8586497,1.1451488,4.106237,-1.5813239,-1.2387302,-0.55344397,-0.24831966
2.3675232,5.8508863,1.1413665,4.1654167,-1.5651631,-1.2898829,-0.47922784,-0.27696872
2.3272562,5.8003025,1.169246,4.1299214,-1.5608634,-1.308789,-0.48779255,-0.27488816
2.3023047,5.7966537,1.1705239,4.138564,-1.5419763,-1.3323045,-0.5241437,-0.27018034
2.3320045,5.892358,1.1890092,4.0523615,-1.5553218,-1.3388152,-0.56452197,-0.25769937
2.3044186,5.8690805,1.2047429,4.004833,-1.4410322,-1.2574227,-0.49834967,-0.28407472
2.3007562,5.860411,1.1936767,3.9300618,-1.5644119,-1.2213733,-0.49093884,-0.28419086
2.2495728,5.9676313,1.0427079,3.9689639,-1.5534317,-1.2423165,-0.48509163,-0.23918754
2.2854817,5.9548078,1.0775692,3.9483643,-1.5410038,-1.214499,-0.48869663,-0.22876945
2.2970037,6.101566,1.078383,3.9707663,-1.4936886,-1.2515814,-0.50218356,-0.21153358
2.267797,6.2214346,1.082341,3.9883368,-1.5070875,-1.2471201,-0.46928173,-0.2086609
2.2809422,6.219756,1.0268979,3.9612112,-1.5003707,-1.2314132,-0.52335167,-0.20972148
2.3460364,6.053579,1.0197761,3.9363785,-1.5032731,-1.2706156,-0.5191961,-0.25511461
2.3689797,6.100134,1.0497141,4.1047754,-1.4721861,-1.2884471,-0.515017,-0.24606496
2.3629217,6.2626967,1.0273554,4.106385,-1.4903009,-1.282074,-0.5167776,-0.24475682
2.3714697,6.2279906,1.0741234,4.1598063,-1.4099295,-1.2901092,-0.51607144,-0.2516215
2.39484,6.1616993,1.066823,4.1369915,-1.4135253,-1.3153222,-0.49512058,-0.2644811
2.2714405,6.174155,1.056736,4.146422,-1.4074997,-1.2763278,-0.4912206,-0.26212242
2.3395753,6.254287,1.0204303,4.160652,-1.4695803,-1.2712731,-0.50476825,-0.25943196
2.2996292,6.2432375,1.0250766,4.1713552,-1.453723,-1.2604516,-0.50105596,-0.24395561
2.3018322,6.3985667,1.0398588,4.176755,-1.4373385,-1.2908896,-0.48186547,-0.25141406
2.3038623,6.328433,1.0470557,4.1769476,-1.4125948,-1.3058848,-0.4728362,-0.24798068
2.3503485,6.218495,1.0642431,4.1416683,-1.4117522,-1.3115485,-0.47647524,-0.22719085
2.3480477,6.24573,1.0909374,4.1446104,-1.3726355,-1.3108656,-0.4704777,-0.3065818
2.291672,6.2610393,1.063235,4.2065635,-1.3067032,-1.3255852,-0.4119187,-0.31295007
2.3274858,6.2442446,1.0648007,4.241653,-1.3079555,-1.3248122,-0.4187321,-0.2603233
2.3433046,6.2892275,1.0893307,4.2656517,-1.3392186,-1.3268137,-0.4356038,-0.30634367
2.3576446,6.2813506,1.1459539,4.2574472,-1.3149319,-1.3261628,-0.44554752,-0.30413675
2.341967,6.2717094,1.1159184,4.2370186,-1.3005831,-1.3298712,-0.44044942,-0.29820108
2.3325863,6.2584243,1.101398,4.2193165,-1.3019116,-1.3437445,-0.43663538,-0.30659735
2.3577347,6.272883,1.0705028,4.2115245,-1.3128783,-1.3065209,-0.4349882,-0.30353633
2.2774227,6.384663,1.0633204,4.19916,-1.3288085,-1.326776,-0.47382867,-0.29296374
2.4434142,6.2528753,1.0711343,4.1762404,-1.3709972,-1.3282149,-0.47926432,-0.2793855
2.4628417,6.218904,1.1185529,4.1968794,-1.3729416,-1.3098462,-0.46682537,-0.27957204
2.3930957,6.2808065,1.129808,4.201774,-1.4321964,-1.3114679,-0.48349214,-0.24236074
2.379921,5.658378,1.1427212,4.1931925,-1.4934299,-1.327452,-0.47295964,-0.23778567
2.335642,5.676573,1.1149862,4.151588,-1.5184364,-1.2983775,-0.44642097,-0.25431505
2.3514495,6.0485983,1.1264505,4.125107,-1.4942002,-1.3119555,-0.50091183,-0.23254472
2.363668,5.9651403,1.104455,4.1597652,-1.4825761,-1.3011925,-0.5064981,-0.2526762
2.2647328,6.0050955,1.0772934,4.052814,-1.4699314,-1.2900281,-0.49311817,-0.29646572
2.2756796,6.0541663,1.080442,3.9857998,-1.5226793,-1.2536287,-0.5201487,-0.25886738
2.2952228,6.0280747,1.0338187,3.9778452,-1.5494909,-1.1828547,-0.48213196,-0.24319828
2.2996633,6.042352,1.1207466,4.018668,-1.5270774,-1.1926028,-0.5058656,-0.24913737
2.2922502,6.139257,1.0799098,3.9161496,-1.5816619,-1.1803701,-0.5402806,-0.28342858
2.2709744,6.206163,1.0647554,4.019309,-1.6445498,-1.1916622,-0.47315156,-0.2695897
2.2065005,6.2169013,1.0590627,4.0728426,-1.5594875,-1.2397996,-0.46087772,-0.325941
2.144895,6.2415705,1.0152583,4.0818157,-1.5144254,-1.2372174,-0.43928564,-0.3309816
2.1652532,6.3405557,0.9837506,4.0988665,-1.4974922,-1.2548294,-0.40699643,-0.35435942
2.1723533,6.4113464,0.97223306,4.135712,-1.4731485,-1.276357,-0.41218543,-0.38281783
2.1688778,6.3716884,0.9814184,4.0968356,-1.4401765,-1.2449894,-0.40989166,-0.3614257
2.1217706,6.338502,0.9426534,4.0853834,-1.4991584,-1.2817931,-0.4506436,-0.32647574
2.1614397,6.3289275,0.9251895,3.9768102,-1.3250017,-1.2532372,-0.42809606,-0.33451796
2.1416116,6.3440046,0.92554545,3.9378304,-1.3006876,-1.3169866,-0.47330868,-0.32825184
2.1798239,6.297017,0.9272684,3.966664,-1.371922,-1.2946932,-0.44514847,-0.33664665
2.1474495,6.343319,0.9585438,4.034338,-1.300473,-1.2971059,-0.45674562,-0.35955378
2.2004943,4.97653,1.9431152,7.229583,-1.0905089,-1.8442743,2.8649063,-0.4364297
2.2015862,4.944206,1.7349954,7.0208516,-1.0590479,-1.8509908,2.8649726,-0.42891884
2.1941273,4.906515,1.9298778,7.0423036,-1.0980392,-1.8512719,2.9752593,-0.42010912
2.2282887,4.9820123,1.9511273,7.0544543,-1.0658503,-1.8216314,2.8381562,-0.43445325
2.2195766,4.7732964,1.9414821,7.6709394,-0.9774225,-1.820743,2.7978003,-0.41872054
2.2188737,4.8849974,1.9431682,7.5820127,-0.97603583,-1.8172842,2.778068,-0.42999983
2.2365248,4.866356,1.9493637,7.43076,-0.7978544,-1.8391352,2.7743351,-0.4774369
2.2360916,4.872366,1.9481006,6.859098,-0.802286,-1.890023,2.7903216,-0.47823396
2.2338467,4.874594,1.9317038,6.8008223,-0.8037299,-1.7829968,2.7630901,-0.4865169
2.2172387,4.9001465,1.9838092,7.2683926,-0.79374707,-1.7166891,2.74966,-0.47588572
2.2075777,4.906045,1.9812219,7.097805,-0.8055105,-1.6853445,2.7552068,-0.49121895
2.242575,4.8964005,1.9877114,7.177939,-0.8919722,-1.781076,2.7600915,-0.49638787
2.2570567,5.021676,1.9701829,7.3634834,-1.0012224,-1.7773516,2.774395,-0.48934945
2.2564354,5.043667,1.9555838,7.174908,-1.021809,-1.7870246,2.925589,-0.48203415
2.2852144,4.938916,1.950398,7.0617294,-1.1097921,-1.7358074,2.9486482,-0.48294586
2.2392073,4.943552,1.9930527,7.1451197,-1.1216223,-1.7443208,2.91621,-0.47237793
2.2712617,4.959832,1.9555488,6.9964633,-1.1651757,-1.713849,2.9206069,-0.46381027
2.2846367,4.8924046,1.8959837,7.053602,-1.2937677,-1.8197649,2.955551,-0.4373839
2.311308,4.904833,1.9412136,7.016989,-1.3359818,-1.8086073,2.9768362,-0.44486636
2.3312428,4.8435907,1.9448867,6.9923787,-1.3674612,-1.848457,2.940772,-0.42608947
2.3134034,4.853605,1.9237342,6.9601803,-1.3852396,-1.8192095,2.9931164,-0.4292695
2.3090272,4.852493,1.9373181,6.9271283,-1.3619118,-1.8172507,2.9914334,-0.42506367
2.3097363,4.9631042,1.9324453,6.9089394,-1.3821235,-1.8031601,2.9591544,-0.41763297
2.2370272,4.7080517,1.9935412,6.8803625,-1.2951078,-1.7242353,2.9764454,-0.4216354
2.1975977,4.7031717,1.9896052,6.887012,-1.2774353,-1.7314022,2.9697065,-0.4120186
2.1645107,4.7218823,1.9832668,6.894683,-1.2327611,-1.7231638,2.9712,-0.401002
2.1585388,4.86611,1.9492853,6.7855873,-1.2603586,-1.7247409,2.9740582,-0.39909562
2.1407418,4.870096,1.9473155,6.7044773,-1.2555516,-1.6351786,2.7419045,-0.39541227
2.12399,4.9229755,1.7916746,6.795336,-1.2082648,-1.6349944,2.7224703,-0.3988819
2.1499417,4.912572,1.8410666,6.5765123,-1.1677432,-1.6595644,2.7314308,-0.39504406
2.1736817,4.9269485,1.888447,6.579267,-0.9537207,-1.6412425,2.7065098,-0.39718074
2.1236925,4.929118,1.8322973,6.574303,-0.984658,-1.6248586,2.70111,-0.39821494
2.150657,4.937381,1.8041587,6.6759377,-0.9875593,-1.6761419,2.7379491,-0.41310507
2.135695,4.9835076,1.8275728,6.9278345,-0.95864666,-1.6993082,2.7152052,-0.4208752
2.1310525,4.8539963,1.8825202,7.3335857,-0.97919726,-1.670229,2.7706769,-0.41574517
2.1098654,4.8346806,1.9065323,7.351747,-1.009974,-1.6797879,2.7844648,-0.4126075
2.095903,4.7629914,1.9825025,7.612054,-1.0885079,-1.6604552,2.8168743,-0.40917593
2.0592196,4.84449,1.9561477,7.735332,-1.2647467,-1.635692,2.751164,-0.4030735
2.0490165,4.812319,1.9566061,7.9462132,-1.2629038,-1.6633552,2.8570697,-0.39979148
2.0510528,4.8598166,1.9810898,7.975757,-1.3426468,-1.6721252,2.8404036,-0.41142565
2.058429,4.873455,1.9964898,7.981561,-1.3032126,-1.6785288,2.8619874,-0.41202694
2.0535407,4.8229895,1.9178278,8.078242,-1.3212191,-1.7149374,2.8427927,-0.41711295
2.057348,4.8565726,1.9309802,7.843495,-1.2990208,-1.7073836,2.8656938,-0.3994782
2.0563302,4.7902923,1.9136031,7.8414483,-1.2565839,-1.7831888,2.8610513,-0.3879148
2.0526597,4.751205,1.9288957,7.6777887,-1.3683639,-1.7227619,2.7314088,-0.37420112
2.0583525,4.7089515,1.9261737,7.736467,-1.2554243,-1.7069185,2.8194811,-0.3742324
2.0491662,4.755477,1.9463503,7.768819,-1.2980075,-1.7068629,2.8114166,-0.37927926
2.050725,4.7692385,1.9476428,7.6478214,-1.240448,-1.6928113,2.6733918,-0.3835673
2.0565207,4.6527977,1.9548676,7.6140656,-1.2124059,-1.6613035,2.6966467,-0.39715356
2.0269032,4.8606925,1.92977,7.605591,-1.1881428,-1.6383212,2.693683,-0.3931684
2.0319881,4.837202,1.9931328,7.5222683,-1.3182801,-1.6360171,2.7430658,-0.375271
2.0150738,4.9188843,1.941915,7.6279545,-1.3075981,-1.679706,2.867524,-0.38043138
2.0348241,4.8821354,1.984004,7.518783,-1.258102,-1.7068757,2.7397492,-0.3786668
2.0314443,4.863966,1.9624498,7.729051,-1.3337692,-1.694541,2.8354998,-0.3804296
2.0211277,4.877033,1.9930468,7.5183825,-1.3453233,-1.6744313,2.7056034,-0.38147584
2.014202,4.9974346,1.9379067,7.57021,-1.2970583,-1.6670644,2.7314134,-0.3775226
2.028614,5.0161953,1.9993064,7.493521,-1.3245842,-1.6620687,2.6980648,-0.389098
2.0174835,4.913926,1.9851995,7.9145093,-1.365218,-1.74946,2.7008805,-0.3663555
2.0159512,4.759402,1.9907551,7.9836936,-1.3933275,-1.6103733,2.6922002,-0.38207334
2.0227454,4.807437,1.9512208,7.8808684,-1.4081959,-1.720845,2.7303488,-0.37777507
2.031961,4.6564946,1.99124,7.883163,-1.4391291,-1.8201203,2.8037307,-0.3653924
2.023929,4.713256,1.9712965,7.8128853,-1.4081213,-1.747606,2.7531989,-0.3658684
2.0239697,4.862523,1.9854863,7.765487,-1.3951511,-1.7079452,2.6526678,-0.37224695
2.0088766,5.1062555,1.9851646,7.8138633,-1.3831979,-1.7017448,2.6588414,-0.36725563
1.9971008,5.1029706,1.9624825,7.556738,-1.3380597,-1.7456198,2.6874433,-0.36567563
1.9938949,5.1096253,1.9576232,7.499637,-1.3424501,-1.7322655,2.6774452,-0.35803533
2.0242836,5.0027437,1.9584906,7.2486973,-1.361949,-1.7451013,2.8364942,-0.35891783
2.0274653,4.987608,1.8938751,7.2585983,-1.1340876,-1.7932724,2.8495471,-0.3553196
2.0362773,5.000926,1.9803174,7.240375,-1.3407729,-1.8183378,2.9410894,-0.34312648
2.0426872,4.9698434,1.9835353,7.270096,-1.3777959,-1.8271507,2.888007,-0.34434536
2.058479,4.964597,1.9656639,7.263559,-1.361953,-1.8254772,2.8666508,-0.3588742
2.036947,4.9432607,1.9604402,7.500293,-1.3403182,-1.8219962,2.7632322,-0.35247114
2.0297205,4.9471464,1.9847298,7.582924,-1.3053131,-1.7131624,2.848356,-0.36791092
2.015409,4.9262295,1.9888082,7.6753397,-1.3533514,-1.7291496,2.7099874,-0.3766845
2.014352,5.202238,1.9931676,7.912854,-1.3652818,-1.6700466,2.689183,-0.39880344
2.0121124,4.998561,1.9956317,7.974606,-1.388603,-1.6748248,2.7263222,-0.39783874
2.006372,5.0426364,1.9661963,8.051929,-1.495868,-1.6789399,2.708061,-0.39160293
2.0030167,5.0102673,1.9708982,8.018993,-1.4849281,-1.7134874,2.7967699,-0.38959444
1.9987867,4.9331417,1.9502697,8.055931,-1.4274602,-1.5677394,2.764029,-0.3993135
2.02205,4.908842,1.9564013,8.086718,-1.4371529,-1.5882632,2.6119785,-0.397364
2.0228841,4.864213,1.9562192,8.067817,-1.3160422,-1.5690526,2.7962484,-0.39102128
2.0276303,4.901307,1.957993,8.132012,-1.3209777,-1.6188525,2.751242,-0.39315814
2.030525,4.9029818,1.9895856,8.266239,-1.3414297,-1.5973812,2.6439564,-0.41099524
2.0299344,4.8854084,1.9115977,8.159048,-1.5126493,-1.5623705,2.6181655,-0.40522775
2.0300825,4.9332085,1.9138613,7.5981193,-1.258939,-1.5709064,2.6204257,-0.4027644
2.0260353,4.92124,1.913228,7.633031,-1.2454143,-1.5892087,2.6222928,-0.4014222
2.0450113,4.9083967,1.9099398,7.5684915,-1.2236093,-1.5931656,2.6349447,-0.40789765
2.0412836,4.9345856,1.9097471,7.5394306,-1.2326794,-1.5486875,2.578535,-0.40817386
2.0354557,4.9400315,1.9085622,8.064134,-1.2289426,-1.553729,2.575734,-0.4083466
2.0291352,5.070385,1.914614,7.833839,-1.3644432,-1.4883733,2.524111,-0.40773436
2.0076659,4.9975204,1.8645935,7.8269033,-1.3678302,-1.5078963,2.475185,-0.41060033
2.003535,4.8698173,1.79901,8.120853,-1.3645644,-1.4946835,2.4561446,-0.41229746
1.9995896,4.865761,1.8150413,8.189351,-1.3208543,-1.5069699,2.5791407,-0.4194376
2.0053718,4.979621,1.8498805,8.135129,-1.4192595,-1.5142795,2.5760226,-0.42196763
2.006102,5.0470743,1.8677485,8.118656,-1.4321672,-1.446413,2.623145,-0.42620802
2.0075176,4.965028,1.8445845,8.152041,-1.282587,-1.5000694,2.6579506,-0.4211085
1.9986314,4.986559,1.8044317,8.171405,-1.274828,-1.5004575,2.6678104,-0.42118016
2.0045657,4.938547,1.7982354,8.096502,-1.3010278,-1.5183884,2.702854,-0.41668734
2.0183628,4.924343,1.7437222,7.959388,-1.1752502,-1.5216018,2.5707452,-0.41694996
2.027184,4.709232,1.7335515,7.9424057,-1.1696537,-1.5265293,2.5394833,-0.41483396
2.013079,4.720064,1.7202773,8.046158,-1.1635417,-1.5557252,2.4826689,-0.41420266
2.0212598,4.7913713,1.77391,8.280247,-1.2275826,-1.5477202,2.5066874,-0.4209546
2.0182593,4.7841883,1.7663367,8.307758,-1.2449331,-1.600228,2.5199664,-0.4164043
2.0093336,4.667786,1.7734952,8.24929,-1.1744916,-1.5893062,2.5709083,-0.39523143
2.01686,4.683077,1.7745323,8.415227,-1.1736772,-1.6477388,2.6232018,-0.3990808
1.9963877,4.7643156,1.8259535,8.375954,-1.1754787,-1.6453866,2.6090994,-0.39057875
2.0096335,4.775064,1.7982523,8.298908,-1.2821883,-1.6334275,2.5198665,-0.39760444
2.020142,4.7585163,1.8094776,8.047571,-1.1430031,-1.6047074,2.5173993,-0.39119887
2.021854,4.7119637,1.7831984,7.5480657,-1.1927214,-1.6516985,2.6186278,-0.38573146
2.045464,4.704879,1.8731675,7.7617664,-1.2266586,-1.6118336,2.533358,-0.38591173
2.0378757,4.6354837,1.8781271,7.7630463,-1.2426689,-1.5610017,2.519081,-0.37301713
2.0386462,4.825492,1.8840547,7.73245,-1.2610717,-1.5471022,2.4936943,-0.37466496
2.0514596,4.6663074,1.9215369,7.748008,-1.2809509,-1.5518436,2.4784772,-0.3749006
2.0552773,4.7097564,1.9255347,7.5886264,-1.3155248,-1.5722685,2.508844,-0.37783754
2.0531983,4.6176934,1.9126282,7.590559,-1.3329583,-1.5304962,2.3587434,-0.3785528
2.052488,4.6633024,1.9096472,7.782571,-1.3700564,-1.5301859,2.444057,-0.3920884
2.067508,4.5705495,1.9411328,7.8859577,-1.4126966,-1.5594739,2.524593,-0.3837027
2.0825171,4.4488764,1.9309881,7.8330793,-1.4485831,-1.5349057,2.4492347,-0.38782263
2.059478,4.5567155,1.9311547,7.9582477,-1.3055465,-1.5303352,2.4564347,-0.38986716
2.0637262,4.6573954,1.9558225,7.9960003,-1.425178,-1.5102744,2.511806,-0.38709098
2.0695834,4.647006,1.9442513,7.647181,-1.3812144,-1.5003692,2.5050573,-0.38733014
2.0672483,4.6556444,1.9588826,8.021048,-1.520089,-1.4973811,2.5409665,-0.37946022
2.0702682,4.628237,1.9695425,7.8037696,-1.4590828,-1.4783375,2.5211525,-0.38748786
2.056548,4.659569,1.9703984,7.7899833,-1.3415306,-1.5182478,2.5156102,-0.3718879
2.0561996,4.750538,1.9764864,7.577926,-1.3491757,-1.5100316,2.5423048,-0.37384033
2.9303,8.420109,0.58190346,9.18878,0.62672186,-0.9112406,1.1118109,0.41463625
2.9317896,8.521368,0.56936157,9.192486,0.57730126,-0.95757246,1.122781,0.44509065
2.9458423,8.261337,0.58787453,9.171588,0.631305,-0.93956685,1.1683242,0.40642196
2.9435017,8.345165,0.6031281,9.110346,0.6030433,-0.9057915,1.1356411,0.42368782
2.9092965,8.59028,0.6222775,9.010173,0.6127932,-1.0252215,1.1723559,0.45603073
2.8308403,8.598518,0.5966947,9.031143,0.6183872,-1.020328,1.1426196,0.45718443
2.770548,8.620453,0.5877893,9.055247,0.92135954,-1.0340104,1.2490704,0.54130447
2.7832859,8.815548,0.6149974,9.056427,0.909322,-1.0105278,1.2410948,0.532892
2.8207479,8.802087,0.6079402,9.040353,0.65622234,-1.0029284,1.2054038,0.55676436
2.9271944,8.920658,0.5710206,9.061099,0.65212464,-1.022057,1.1958828,0.49826145
2.933372,8.920604,0.5865712,9.0781765,0.7238724,-1.0331029,1.196975,0.53877974
2.841738,8.998117,0.59920526,9.016457,0.6914921,-0.9929013,1.2033863,0.52371514
2.8493674,9.027247,0.616621,9.014254,0.7117121,-0.9520068,1.2091591,0.49529642
2.8380032,9.069961,0.6231452,9.020861,0.71815753,-0.9318671,1.2272422,0.5236206
2.8961563,9.179516,0.6287663,9.040186,0.6490824,-0.9879556,1.2357748,0.571391
2.8862395,9.194752,0.62845874,8.996152,1.0716288,-1.058506,1.2529771,0.59728074
2.9125252,9.278276,0.67095304,8.961117,1.0632021,-1.0794694,1.2419386,0.57551897
2.9181604,9.25832,0.6673796,9.002515,1.0231433,-1.0574527,1.2565374,0.5518619
2.880227,9.274155,0.63275146,8.972696,1.0356247,-1.0928161,1.2537866,0.56399703
2.8784032,9.197752,0.6411779,8.912884,1.0387392,-1.0030563,1.2240386,0.56276226
2.8887694,8.844261,0.57475114,9.040861,1.0647688,-1.0296614,1.2627892,0.548704
2.8881562,8.827372,0.65594244,8.9480715,1.1083221,-1.0380288,1.3264823,0.49252713
2.8894491,8.836738,0.6745477,8.954404,1.1125195,-1.0414281,1.2929049,0.49301904
2.8958826,8.746145,0.61193645,8.938862,1.1150677,-1.0365183,1.2748632,0.4910596
2.912012,8.503956,0.58321905,8.825432,1.2695658,-1.019424,1.2851977,0.4552964
2.905273,8.482691,0.58226514,8.421711,1.3133876,-1.0227392,1.3078434,0.42980468
2.9170294,8.44643,0.56425285,8.426444,1.3142059,-0.994153,1.4252851,0.431561
2.911803,8.489339,0.5675783,8.389448,1.3247666,-0.9824505,1.3860681,0.4297105
2.9040744,8.439461,0.5687125,8.356528,1.3235731,-0.99250364,1.3695457,0.4184816
2.9002662,8.490231,0.59919786,8.356344,1.3571453,-1.0250863,1.3922112,0.43146622
2.9030144,8.694675,0.57802916,8.414133,1.3844707,-1.0261931,1.4164715,0.46336532
2.9063752,8.724096,0.5771153,8.38538,1.3804355,-1.0167532,1.3678179,0.4635384
2.9097953,8.894223,0.59178185,8.384865,1.3851738,-1.0610836,1.3984838,0.478917
2.8990939,8.925292,0.58582616,8.437928,1.3722975,-1.0574942,1.3496063,0.59611976
2.8856876,9.028686,0.5927403,8.485138,1.3732512,-1.0819325,1.3714683,0.6083908
2.897873,8.997526,0.58743954,8.367214,1.3623538,-1.1140255,1.3719039,0.52790534
2.8818283,8.990489,0.5946064,8.349197,1.3598325,-1.1247793,1.3889222,0.504982
2.8812237,8.956001,0.5956321,8.436417,1.3638275,-1.1101216,1.3936062,0.5192318
2.881226,9.043262,0.5993544,8.515289,1.3734765,-1.1132038,1.3604908,0.4970588
2.880779,8.968807,0.611171,8.320571,1.3350646,-1.1069236,1.3480325,0.62832785
2.8882544,8.927238,0.64974856,8.3463,1.3314323,-1.0979537,1.3282781,0.64404416
2.9154546,8.83537,0.6541207,8.368523,1.3204079,-1.0846353,1.3313115,0.6600511
2.9102452,8.723564,0.66041505,8.418526,1.3405795,-1.0704042,1.319433,0.7056984
2.9014614,8.771786,0.6612277,8.448053,1.3352225,-1.0797615,1.4964409,0.6913812
2.892047,9.29528,0.7283666,8.432663,1.3046553,-1.1420476,1.5131154,0.7000884
2.8881001,9.318531,0.7329614,8.499133,1.3018694,-1.0453577,1.4903057,0.6977887
2.8905022,9.3133955,0.7329972,8.528469,1.3145785,-1.0495806,1.4902959,0.6864393
2.8909416,9.3446455,0.7529448,8.497141,1.2896934,-1.0692683,1.4997892,0.69247735
2.912815,9.356865,0.72259045,8.402483,1.2849433,-1.0591738,1.4965706,0.7270589
2.8936663,9.375916,0.7195245,8.565432,1.285182,-1.0373585,1.4677291,0.6995199
2.909114,9.376296,0.70315933,8.5387,1.2840734,-1.0605798,1.4534681,0.68235254
2.8932672,9.379181,0.68368864,8.601239,1.3224926,-1.0474463,1.4363024,0.6746417
2.897126,9.342503,0.66339624,8.559103,1.2995217,-1.0748572,1.4261639,0.67089355
2.9032018,9.336771,0.65148425,8.617812,1.2406988,-1.0675497,1.3709056,0.68788195
2.8956301,9.268157,0.70299673,8.455728,1.3369887,-1.0835361,1.4440327,0.6870506
2.931976,9.184387,0.68134356,8.263958,1.3355834,-1.1736794,1.4797292,0.67891264
2.9376764,9.309771,0.69573116,8.277447,1.325619,-1.2235274,1.3995376,0.68499994
2.9444885,9.246044,0.654251,8.315557,1.3110492,-1.1309028,1.4516175,0.72849023
2.9474027,9.266279,0.65870786,8.303125,1.2806978,-1.1075892,1.4302766,0.7280494
2.9245703,9.223503,0.6405523,8.334997,1.3148043,-1.1159718,1.4307895,0.72622204
2.9365892,9.182885,0.6512501,8.415348,1.2938187,-1.1271408,1.436537,0.7251053
2.935256,9.178745,0.6445843,8.417019,1.3335469,-1.1492354,1.4244163,0.71694624
2.9410322,9.102163,0.7031584,8.448012,1.349339,-1.13855,1.4672959,0.73528135
2.9505963,9.390778,0.7387953,8.376595,1.3432889,-1.0501053,1.5023463,0.73979175
2.9504318,9.308716,0.71872413,8.386339,1.3548131,-1.0472063,1.5106103,0.74694645
2.9588065,9.294702,0.71592605,8.449689,1.3603258,-1.0114285,1.5317707,0.7540612
2.9657652,9.259392,0.695037,8.448502,1.3098898,-1.0763743,1.5397387,0.7436435
2.9673896,9.29816,0.6722617,8.835249,1.3277111,-1.0177814,1.477432,0.7483467
2.9873219,9.220787,0.6396787,8.821846,1.3041201,-1.0194721,1.3852217,0.72029734
2.973465,9.225244,0.62917805,8.76734,1.286169,-1.0332808,1.3655634,0.7039814
2.9766676,9.305454,0.5974953,8.591348,1.2939618,-1.0502434,1.402163,0.73637223
2.963719,9.127462,0.59648836,8.621969,1.3063655,-1.0338602,1.3904715,0.7209368
2.9897964,9.108737,0.592558,8.640228,1.3900571,-1.0118401,1.3923221,0.7097076
2.9872174,9.15066,0.6022568,8.524045,1.3986158,-1.0245402,1.3984368,0.72452235
2.997324,9.328575,0.5973971,8.557609,1.3404663,-1.0398018,1.3785124,0.73812866
2.9956305,9.339664,0.5860224,8.499939,1.3424089,-1.0991925,1.3449092,0.7488009
2.9914486,9.322666,0.5886513,8.309534,1.3471711,-1.1159425,1.3653255,0.68459904
2.9853058,9.144485,0.5878209,8.237532,1.3359463,-1.1238874,1.3810446,0.6869662
2.9497797,9.1215515,0.5809243,8.19785,1.3098824,-1.1280468,1.4160025,0.68297946
2.9630077,9.130358,0.57909036,8.708087,1.3839397,-1.1433302,1.4509652,0.67499244
2.9499118,9.120059,0.60243106,8.650427,1.3265865,-1.1536928,1.2667985,0.66801596
2.9499075,9.106173,0.61991084,8.5221,1.3295331,-1.1618221,1.2378414,0.6563183
2.9512682,9.093536,0.63383627,8.5039625,1.3320282,-1.1526943,1.2304945,0.6452478
2.9034972,9.075472,0.6109519,8.449581,1.3235438,-1.1635469,1.2279563,0.60819745
2.9186947,9.184248,0.60984635,8.573332,1.3285172,-1.1687962,1.2432489,0.60042584
2.946757,9.195073,0.61146116,8.529495,1.3075824,-1.1641438,1.2294621,0.6036254
2.9059303,9.229147,0.58809257,8.3979225,1.2878535,-1.1567435,1.2153838,0.57212067
2.8724785,9.002716,0.4853481,8.444192,1.2845769,-1.1341357,1.2529323,0.57106924
2.853823,8.99335,0.49157882,8.453383,1.2565873,-1.1378717,1.2297194,0.5720978
2.8929167,8.923971,0.4943068,8.505822,1.2641807,-1.1108296,1.1408126,0.58890116
2.9100533,8.8881235,0.49611413,8.405994,1.2681513,-1.0649319,1.13272,0.5922446
2.9280095,8.925659,0.45950413,8.373957,1.2495911,-1.0823325,1.129549,0.6007364
2.9173248,8.836556,0.48135614,8.405193,1.2445767,-1.1149676,1.1418574,0.5461972
2.9286063,9.014593,0.4433458,8.435188,1.2361138,-1.1428139,1.1582711,0.5828459
2.92475,8.974332,0.48433256,8.427948,1.2312002,-1.1468699,1.1917372,0.603328
2.8952014,9.042559,0.47294664,8.458748,1.2400692,-1.1720874,1.220892,0.59881175
2.8851275,9.09948,0.47547865,8.325407,1.2299662,-1.1529386,1.2300749,0.57988596
2.8883348,9.083681,0.4660778,8.56827,1.1981611,-1.1706035,1.228061,0.58311963
2.871935,9.215077,0.49706495,8.536387,1.1860607,-1.1547042,1.2650135,0.5569289
2.8700776,9.08809,0.468745,8.534278,1.2030926,-1.153964,1.2280583,0.59930277
2.906949,9.086712,0.4558077,8.477266,1.1295135,-1.1349516,1.2161012,0.60870886
2.9192667,9.067749,0.47938728,8.413637,1.2340882,-1.1623998,1.2132804,0.5909834
2.915,8.930762,0.50494385,8.633162,1.2893887,-1.0768251,1.2001672,0.58706415
2.9322822,8.992193,0.50623035,8.707136,1.2887619,-1.1455767,1.2014012,0.60660124
2.9201286,8.938757,0.49511254,8.721837,1.2607019,-1.1467104,1.209537,0.61496544
2.9111257,9.104702,0.49094582,8.562885,1.2616436,-1.1251756,1.2157161,0.592927
2.9635959,9.278003,0.5205078,8.456138,1.3001871,-1.0731456,1.2106102,0.61209214
2.9731903,9.043964,0.5096879,8.568014,1.2352567,-1.1135025,1.1769102,0.62013125
2.97975,9.085583,0.5122242,8.518549,1.2164788,-1.1569626,1.1644554,0.63524604
2.970697,9.082802,0.51152134,8.576443,1.2360287,-1.1661141,1.1689668,0.61486125
2.9716878,9.113033,0.5090318,8.507021,1.2285357,-1.1359816,1.1712446,0.61390984
2.9444928,9.026466,0.5028099,8.473446,1.2614765,-1.1360426,1.2046099,0.60856545
2.9521184,8.996885,0.5144943,8.409481,1.262943,-1.1422696,1.1924388,0.6126621
2.9359677,8.978426,0.51213574,8.42733,1.238595,-1.1750128,1.1673515,0.5933217
2.9195173,8.916176,0.51625454,8.37533,1.216033,-1.1763647,1.1685693,0.55687094
2.8697605,8.758252,0.49895716,8.423171,1.2098005,-1.1672713,1.1604474,0.5753964
2.9079921,8.738918,0.5580405,8.417155,1.2474179,-1.265167,1.2773459,0.5325563
2.8939865,8.789078,0.5219486,8.386866,1.1972656,-1.2770884,1.2982578,0.5872245
2.879255,9.040183,0.55507505,8.457449,1.2640378,-1.2492962,1.2963302,0.53183043
2.8916998,9.159046,0.58627915,8.544159,1.2825737,-1.2685722,1.3266015,0.5573052
2.9117906,9.260088,0.5989709,8.60759,1.3040409,-1.2425413,1.3242457,0.57957125
2.9340596,9.2498865,0.5956887,8.515557,1.3035195,-1.2598784,1.3349161,0.549175
2.916727,9.18828,0.5660528,8.535574,1.3036721,-1.2632264,1.343828,0.6106061
2.8724663,9.172817,0.5568718,8.514076,1.3018239,-1.211493,1.3395267,0.5110849
2.9187355,9.223031,0.53641367,8.533728,1.2992997,-1.2034285,1.3403273,0.5117469
2.1503081,3.2255468,-0.66606796,5.3454046,-1.2411517,-2.164999,0.47201693,-0.4045744
2.1047106,3.2247183,-0.62210447,5.450693,-1.1889124,-2.1783168,0.45570004,-0.38418353
2.028566,3.059095,-0.6346178,5.582678,-1.2157035,-2.1365924,0.62635696,-0.41525242
2.0324602,3.023284,-0.6573565,5.540344,-1.1924338,-2.1327229,0.76584804,-0.4234928
2.031241,3.0801568,-0.62910867,5.6222477,-1.188246,-2.132922,0.7585441,-0.42531192
2.001017,3.0599456,-0.8369371,5.475062,-1.2237823,-2.1419032,0.7404746,-0.44392437
1.9172235,3.2249286,-0.7392701,5.4581566,-1.1352398,-2.2386422,0.694211,-0.4497991
1.9684043,3.0996575,-0.7561451,5.448886,-1.1255307,-2.2490816,0.68170905,-0.44661868
2.0222716,3.152608,-0.64809716,5.4059544,-1.1368239,-2.1753697,0.7788062,-0.48776963
1.8684167,3.1690807,-0.6331079,5.409466,-1.159431,-2.1099842,0.6191708,-0.44207013
1.8028576,3.1378963,-0.53792554,5.4210434,-1.1527965,-2.0481825,0.7406689,-0.46538302
1.8751607,3.153674,-0.5434073,5.255021,-1.1567746,-2.0340176,0.8498074,-0.4706879
1.7950895,3.0800939,-0.6301278,5.337236,-1.048401,-2.0679781,0.83559525,-0.46014714
1.7707503,3.1668158,-0.51740634,5.5043344,-1.086608,-2.0776246,0.74867356,-0.45096976
1.8483889,3.1386385,-0.49647653,5.179264,-1.0864208,-2.0566397,0.78502893,-0.46103954
1.8330121,3.1326375,-0.49700952,5.558828,-1.2247423,-2.07761,0.75504386,-0.44407615
1.8299978,3.1431167,-0.47331583,5.136273,-1.178972,-2.0335426,0.83956873,-0.48022166
1.7762148,3.1157126,-0.46789902,5.1558924,-1.2051933,-2.0137613,0.8564104,-0.47379652
1.781001,3.0754561,-0.42346728,5.14267,-1.1956955,-2.0301204,0.8858751,-0.46362314
1.8455374,3.0658705,-0.396792,5.100938,-1.2085612,-2.0218725,0.84767115,-0.49071404
1.8669455,3.07336,-0.40318525,5.1113024,-1.0906078,-1.9785016,0.8339623,-0.4886252
1.8655864,3.154857,-0.41827422,5.2175636,-1.1958642,-2.0963047,0.78984654,-0.4868504
1.872262,3.0278034,-0.42364854,5.213523,-0.942961,-2.107811,0.8354145,-0.48511973
1.8551308,2.9947832,-0.43137985,5.30128,-1.0327847,-2.1190152,0.85538065,-0.4786478
1.8501046,3.1548057,-0.43422997,5.473891,-1.1009877,-2.127511,0.97946775,-0.49657705
1.9269731,3.208703,-0.3671645,5.4933567,-1.2099276,-2.1168926,0.9628924,-0.4980114
1.9329058,3.161473,-0.36756003,5.5473723,-1.111727,-2.145164,0.9180324,-0.49917585
1.9736689,3.064967,-0.28891307,5.545167,-1.0236675,-2.1931431,1.0388033,-0.4977121
2.104762,3.0511823,-0.3116132,5.5777817,-1.0261066,-2.19038,0.9073781,-0.4917608
2.1153722,3.2065353,-0.32771456,5.518325,-1.0155737,-2.185831,0.8901371,-0.49904573
2.1819754,3.2488203,-0.3900125,5.5107584,-0.9620341,-2.1581028,0.8835516,-0.49707907
2.2026026,3.2612867,-0.43405557,5.65109,-1.3946761,-2.1643984,0.8844956,-0.49125138
2.0876153,3.2922366,-0.44263834,5.7310085,-1.3730612,-2.1582525,0.82534826,-0.4919867
2.0670075,3.2637923,-0.6862153,5.7978992,-1.2228996,-2.1701474,0.7783301,-0.4743545
2.0393443,3.2231941,-0.6767937,5.9354634,-1.278797,-2.147116,0.7432356,-0.48293486
2.042163,3.2590756,-0.6665166,5.938192,-1.2892387,-2.1951492,0.69255817,-0.46695212
2.1155212,3.233582,-0.6234559,5.8644366,-1.2584518,-2.1617415,0.74504983,-0.4859484
2.1203368,3.3171284,-0.74547505,5.9032054,-1.2790258,-2.1824522,0.742195,-0.499161
2.0929756,3.3120537,-0.74079776,6.0337806,-1.4040005,-2.1691318,0.7508646,-0.49650195
2.0243835,3.2625966,-0.788303,6.0074434,-1.3735161,-2.1718917,0.5612365,-0.49270403
2.0605698,3.2882357,-0.79422265,6.0224986,-1.3962109,-2.1612072,0.46416795,-0.4958881
2.0609221,3.3351426,-0.7546132,6.038252,-1.4058561,-2.1571703,0.5099629,-0.4947705
2.017313,3.3200965,-0.654058,6.1107035,-1.4071846,-2.1723742,0.543864,-0.48880926
2.0375168,3.337007,-0.634955,6.0971923,-1.3707147,-2.159347,0.5329858,-0.47992125
2.0369778,3.4391441,-0.62045443,6.1402035,-1.4705906,-2.1673098,0.5854691,-0.48546615
2.0111995,3.4968033,-0.5848473,6.1158023,-1.3385612,-2.1448474,0.56131876,-0.486391
2.0399952,3.5103917,-0.61786264,6.1869173,-1.1788156,-2.158402,0.54232097,-0.47768122
2.0325828,3.4398775,-0.66388667,6.1877723,-1.4067321,-2.1140642,0.49274826,-0.47051093
2.0618782,3.4918146,-0.7153098,6.173161,-1.3313296,-2.1003008,0.45098352,-0.47846067
2.075056,3.3873787,-0.62539834,6.17768,-1.321181,-2.2544842,0.46401393,-0.48053116
2.062455,3.4533608,-0.6249658,6.2680683,-1.3081548,-2.128742,0.41440904,-0.476136
2.0865302,3.4792142,-0.654033,6.266297,-1.3408751,-2.1247659,0.3630042,-0.4576527
2.074191,3.5310416,-0.7169466,6.1524534,-1.3617959,-2.0795577,0.5511831,-0.45165327
2.0682635,3.5933285,-0.6935561,6.1113005,-1.4071152,-2.1550455,0.5981537,-0.43350372
2.0544848,3.480816,-0.69734085,5.979518,-1.3899251,-2.1432483,0.5685487,-0.4383621
2.037095,3.6836267,-0.6237781,5.946248,-1.4133016,-2.1119432,0.5686537,-0.47875014
1.9679763,3.6688125,-0.64316607,5.769103,-1.4427357,-2.117446,0.5693493,-0.46393433
1.9393251,3.6257033,-0.4641047,5.752162,-1.4304864,-2.119677,0.5727844,-0.49975073
1.9742148,3.5948577,-0.49362016,5.72966,-1.4664013,-2.114068,0.58269656,-0.49587584
1.9625564,3.442472,-0.49505794,5.729394,-1.4599447,-2.1269035,0.6813587,-0.4507734
1.9500505,3.1985548,-0.6061012,5.889753,-1.4001384,-2.1405516,0.6776079,-0.45506
1.9669408,3.234632,-0.6444045,5.861837,-1.3793373,-2.1061354,0.69650674,-0.47786045
1.9758775,3.1449575,-0.6456327,5.918275,-1.3860242,-2.1095955,0.7684263,-0.47478005
1.9838147,3.1673412,-0.64092314,5.8964458,-1.4261699,-2.1028686,0.7486354,-0.48698094
1.9411224,3.174631,-0.6486307,5.9338875,-1.4369946,-2.0598178,0.60530746,-0.48683813
1.9621199,3.1821392,-0.62193024,5.874689,-1.335187,-2.0415134,0.57976425,-0.46496248
2.0004199,3.2924995,-0.6726706,5.870552,-1.4039168,-2.0594406,0.55652857,-0.46757162
2.0022492,3.3066306,-0.64292765,5.8890266,-1.4233938,-2.0646682,0.5841564,-0.4523149
2.0172782,3.3582134,-0.5983056,5.895836,-1.433018,-2.0570703,0.57263184,-0.45245796
2.0121398,3.356371,-0.558251,5.9109807,-1.4219444,-2.062319,0.56182194,-0.43999332
1.9830844,3.343042,-0.56488985,5.895853,-1.4352741,-2.089351,0.568532,-0.4480464
1.9883078,3.3328862,-0.52862954,5.825884,-1.3916436,-2.0646741,0.55228865,-0.4479099
2.0632133,3.4372857,-0.5745896,5.1477857,-1.4062424,-2.0124278,0.7387465,-0.44017333
2.0081565,3.4591885,-0.5626631,5.2356586,-1.422271,-2.0024114,0.7450625,-0.4094746
2.01787,3.8516061,-0.5200099,5.185703,-1.3855444,-1.9993285,0.7465087,-0.3995395
2.0158784,3.5013247,-0.51175505,5.0714436,-1.4420159,-2.0134797,0.75501823,-0.41239336
1.9910187,3.6357665,-0.52078205,5.318949,-1.4173926,-1.998594,0.7099166,-0.41564924
2.009118,3.3099298,-0.44146436,5.0340605,-1.4425765,-1.9794195,0.7196413,-0.41006935
2.017435,3.2731042,-0.44359833,4.9458113,-1.5313057,-1.9897733,0.7629291,-0.41534683
2.0317404,3.5009768,-0.40841,5.0434437,-1.4918398,-1.9899836,0.7643193,-0.42168084
2.0015447,3.4532228,-0.39296794,5.081167,-1.4808757,-1.9818308,0.7537234,-0.41923323
2.0359592,3.472333,-0.39708263,5.235017,-1.5761817,-1.9815652,0.6471461,-0.4559583
2.063319,3.4712098,-0.34915966,5.2557697,-1.5737298,-1.9905362,0.69851243,-0.45057875
2.0263062,3.273066,-0.4383039,5.1342382,-1.581632,-2.0360954,0.6182078,-0.48003578
1.9889055,3.4618528,-0.42967892,5.145611,-1.5591574,-1.9938064,0.6493746,-0.44855276
1.9970503,3.44425,-0.39823484,5.148247,-1.5852635,-1.9875389,0.6341245,-0.44314957
1.9679687,3.444333,-0.40911663,5.159068,-1.6143357,-1.9820466,0.60897183,-0.44139624
2.0419526,3.4266894,-0.33765113,5.1732183,-1.7172034,-2.0222855,0.66709256,-0.48764795
1.991536,3.3953452,-0.3385682,5.1938205,-1.7596756,-2.0204804,0.69469774,-0.4944539
1.9959054,3.296208,-0.3358323,5.18551,-1.7423376,-2.0075464,0.74226344,-0.4947872
2.0419018,3.191536,-0.33326197,4.980937,-1.730605,-2.0124545,0.7218796,-0.47974607
2.0443237,3.3788433,-0.33424175,5.2537336,-1.675894,-2.0190485,0.7071872,-0.47956467
2.064308,3.2255096,-0.36537683,5.2569685,-1.57693,-1.9712203,0.7009804,-0.490444
2.083696,3.275679,-0.35465956,5.3131213,-1.5054688,-1.9514904,0.8672308,-0.4855829
2.092617,2.9377735,-0.36919677,5.328355,-1.6284807,-1.9770588,0.86722064,-0.48411468
2.1000366,2.921711,-0.3688625,5.289827,-1.7143052,-2.024204,0.8299401,-0.48730665
2.1358,2.9448774,-0.3629216,5.311247,-1.6961503,-2.0061135,0.85174286,-0.48024905
2.093062,2.9179273,-0.34895593,5.305548,-1.7139872,-1.9853873,0.8431239,-0.4833915
2.1059966,2.9238656,-0.37968558,5.310115,-1.7035272,-2.00435,0.8807634,-0.4645817
2.0513391,2.859808,-0.39344358,5.328944,-1.7080188,-2.0236704,0.92114484,-0.46104673
2.0496924,2.7491317,-0.38178092,5.320467,-1.7724788,-2.111432,0.90856004,-0.47005007
1.9940424,2.796787,-0.3738944,5.299653,-1.7660451,-2.026701,0.9134555,-0.46708304
2.021511,2.8291702,-0.4049511,5.331503,-1.7528197,-2.0170846,0.88768077,-0.46473095
2.04209,2.7820983,-0.38571036,5.365198,-1.7321122,-2.100725,0.853124,-0.43783855
1.9852436,2.807611,-0.4034629,5.460849,-1.7171042,-2.0984144,0.856869,-0.44654673
2.0171144,2.85997,-0.38554084,5.4584265,-1.7519203,-2.0990725,0.815807,-0.45259127
2.1004088,2.87694,-0.39882386,4.89333,-1.7525761,-2.1130574,0.76996696,-0.44999704
2.0213354,2.8596556,-0.39637017,4.8943076,-1.7360013,-2.1144009,0.74047256,-0.44315687
2.1186936,2.8922095,-0.39628905,4.7904043,-1.7473441,-2.1075304,0.7806127,-0.45250127
2.0701375,2.8771505,-0.3859573,5.0273824,-1.6486416,-2.1261346,0.7966702,-0.44045094
2.1141987,2.872772,-0.38065064,5.0089884,-1.6742263,-2.117704,0.77013874,-0.44050398
2.0887423,2.879393,-0.28304315,4.985052,-1.6940528,-2.0915627,0.851223,-0.43742573
2.0880466,2.839988,-0.37595397,5.0104895,-1.7208968,-2.1028981,0.8511754,-0.4389109
2.0899725,2.8374527,-0.37639725,5.1707706,-1.6937721,-2.0909429,0.8446398,-0.43724304
2.0903451,2.835509,-0.41242862,5.3624544,-1.7403805,-2.109824,0.80137205,-0.4378705
2.0936146,2.8065422,-0.4013244,5.4559975,-1.7155126,-2.091618,0.82879865,-0.40563226
2.0312016,2.7727334,-0.37425113,5.515032,-1.7261397,-2.0824828,0.9215275,-0.40533477
1.9896727,2.7745328,-0.46829396,5.85176,-1.7766856,-1.8902187,0.7436769,-0.45618087
1.9664791,2.8066468,-0.49403286,5.9564953,-1.7804924,-1.8111442,0.69589245,-0.4893742
1.9478812,2.553687,-0.45353276,5.9988723,-1.9287688,-1.8053464,0.76386154,-0.49447846
1.9602487,2.4971745,-0.46405858,6.058115,-1.9150016,-1.8482739,0.7359427,-0.4693543
1.9852875,2.5839624,-0.42574716,5.989744,-1.8592069,-1.8829039,0.71090496,-0.45247278
1.9341536,2.4774923,-0.43873584,5.93767,-1.8358335,-1.8910162,0.7204186,-0.45185047
1.9612843,2.5262198,-0.43951094,6.1116304,-1.8937961,-1.8820004,0.7617756,-0.4531977
1.8790195,2.342536,-0.39042485,6.027198,-1.9298807,-1.9133115,0.7592932,-0.41338193
1.3186134,6.3290405,1.6474738,9.181276,-0.7444166,-0.48330998,2.0301914,-0.06182602
1.3192347,6.3601274,1.668993,9.164642,-0.7229234,-0.4794097,2.0580332,-0.056744218
1.3249949,6.275869,1.6778612,9.319317,-0.77313995,-0.50403047,2.1127374,-0.046232015
1.3218849,6.445469,1.7121425,9.28705,-0.7566652,-0.52263284,2.072028,-0.04589528
1.3254629,6.407984,1.6986351,9.303819,-0.80134416,-0.5213213,2.0438325,-0.0464496
1.3312829,6.442384,1.682554,9.304874,-0.8382833,-0.52171254,2.0547411,-0.04796076
1.3274947,6.4839983,1.7132473,9.329159,-0.816283,-0.5217693,2.068928,-0.054571033
1.3339179,6.493676,1.7063336,9.468922,-0.81366456,-0.53044295,2.0889971,-0.06512976
1.3280902,6.5212507,1.7259429,9.468624,-0.8642049,-0.50799894,2.10195,-0.073081076
1.3365571,6.6144495,1.6770027,9.462271,-0.88020325,-0.54744697,1.9550214,-0.075252086
1.3419255,6.7641926,1.6399014,9.429308,-0.88509583,-0.47258615,1.5284796,-0.074282736
1.3220638,6.8192916,1.6152294,9.400551,-0.8841075,-0.4697907,1.3770459,-0.07245204
1.2562805,6.862455,1.612144,9.408569,-0.8629397,-0.50901914,1.2943223,-0.062068343
1.2554111,6.8313265,1.6139197,9.341316,-0.9666898,-0.4911716,1.3469598,-0.07110953
1.2138371,6.958163,1.6504564,9.418467,-0.9780568,-0.4620061,1.5488241,-0.07992804
1.2458231,6.7698107,1.6260641,9.548254,-1.0426239,-0.5251467,1.4407008,-0.07050538
1.2554576,6.848534,1.6240807,9.558357,-1.062789,-0.48898125,1.4278228,-0.061723202
1.2290912,6.8493767,1.6022773,9.55275,-1.1099416,-0.4674697,1.3563716,-0.060860336
1.2299209,6.7653904,1.6085515,9.528229,-1.1561099,-0.4816544,1.3576963,-0.05875808
1.2305096,6.6584473,1.6300945,9.66647,-1.027679,-0.51752687,1.398962,-0.060388356
1.2357998,6.790725,1.6316094,9.270828,-1.0813153,-0.5162313,1.3482268,-0.07441211
1.2393622,6.937054,1.5882058,9.556659,-1.0848314,-0.48675632,1.4293988,-0.07180047
1.2084212,6.8545766,1.5847464,9.603262,-1.0873438,-0.47471547,1.4347856,-0.06891972
1.2024996,7.00003,1.584002,9.664491,-1.0895293,-0.4279549,1.45454,-0.08152801
1.217854,7.0367947,1.604846,9.492081,-1.0514739,-0.45857954,1.4529068,-0.07839835
1.2648054,7.0432825,1.6042752,9.504395,-1.0214369,-0.45622468,1.4092546,-0.07394397
1.2640545,6.831309,1.5993545,9.434673,-1.0101237,-0.4845562,1.3643296,-0.06866422
1.2186886,6.9608,1.6093807,9.42881,-1.0431786,-0.4851265,1.3541298,-0.0671919
1.2005557,6.929909,1.6121142,9.429253,-1.0021448,-0.54065824,1.3539679,-0.07185784
1.2009047,6.8563476,1.5684803,9.398573,-1.0812835,-0.592381,1.3264716,-0.071657896
1.2067971,6.9026275,1.5753131,9.590469,-1.0153351,-0.5825465,1.3028588,-0.07092178
1.1854408,6.7732863,1.5943389,9.687246,-1.0460825,-0.46427345,1.3392854,-0.06782138
1.1710553,6.8793697,1.6061885,9.528922,-1.1046907,-0.49840927,1.3122191,-0.06055498
1.1664412,6.81548,1.6090119,9.48954,-0.8017261,-0.40682197,1.3137858,-0.059669852
1.1677377,6.777555,1.6163974,9.468998,-0.74291515,-0.29152846,1.3605483,-0.0513466
1.1471968,6.9922676,1.6079888,9.450363,-0.77610695,-0.2891891,1.4641964,-0.049367845
1.1293681,6.9676013,1.6071713,9.464418,-0.75747037,-0.3084221,1.5646296,-0.027763247
1.1420486,6.9599423,1.5853677,9.407152,-0.7744477,-0.31310177,1.5660169,-0.026201904
1.1510472,6.9021344,1.57514,9.38756,-0.7402533,-0.30932903,1.5701234,-0.014806449
1.1525947,6.987919,1.5417278,9.351383,-0.70321393,-0.30273366,1.5601454,0.0034604073
1.1540909,6.9655676,1.5418983,9.497017,-0.80846286,-0.29207444,1.59025,-0.0021756291
1.144872,6.958442,1.5476794,9.536997,-0.648944,-0.30734015,1.7180417,0.010313511
1.1573535,7.000525,1.5169055,9.484343,-0.9739659,-0.31944656,1.7850752,-0.019788861
1.1527643,7.0018926,1.5250387,9.417745,-0.9489527,-0.35029173,1.7466922,0.02055496
1.1675673,7.0425844,1.5370381,9.476301,-0.69854784,-0.34009647,1.7938697,0.0061564445
1.1762407,6.9780655,1.6154332,9.414158,-0.6983862,-0.31943727,1.7876146,0.1240772
1.1679597,6.9599357,1.6514819,9.392127,-0.678599,-0.32551908,1.7395117,0.15221643
1.1667897,6.965642,1.6247575,9.382734,-0.69116354,-0.3442924,1.7643907,0.13322246
1.1579024,6.9331775,1.6183846,9.363148,-0.6539476,-0.3713069,1.7231288,0.13464773
1.1550337,6.939632,1.5879724,9.3905945,-0.6054182,-0.36588955,1.72333,0.096092105
1.1708761,6.9049215,1.6553833,9.269618,-0.632025,-0.36736703,1.7565503,0.09534228
1.1653252,6.8501678,1.7092104,9.257114,-0.6554992,-0.37455726,1.8064346,0.15188587
1.1724029,6.8560543,1.68518,9.241692,-0.6017842,-0.35969687,1.7839098,0.15330857
1.1827085,6.844449,1.6608379,9.236411,-0.59153986,-0.38814497,1.8294809,0.15875715
1.1761308,6.8676405,1.6763115,9.22407,-0.6027713,-0.39508176,1.7671943,0.18418986
1.1757188,6.8192143,1.6271966,9.168807,-0.57875025,-0.40327168,1.7462687,0.15885967
1.1780744,6.7923346,1.6184838,9.209551,-0.5558593,-0.4123323,1.720351,0.18404043
1.1774042,6.8335013,1.585918,9.226309,-0.7172128,-0.38799405,1.778276,0.18339586
1.1799586,6.7796035,1.5876498,9.218564,-0.6304904,-0.39149952,1.7823734,0.20862496
1.183481,6.7885013,1.5598545,9.191096,-0.6169157,-0.40135455,1.7597625,0.1984818
1.1658912,6.7564936,1.5548489,9.178535,-0.6541208,-0.40700245,1.7922804,0.18324637
1.1772217,6.746132,1.5883224,9.159906,-0.5827136,-0.40346026,1.7727325,0.16275752
1.1791883,6.7704577,1.545861,9.171799,-0.60418165,-0.40555763,1.7901583,0.19860017
1.1710602,6.768778,1.5289617,9.203446,-0.6192194,-0.4031477,1.8196442,0.19225335
1.1810677,6.767786,1.5742898,9.269756,-0.46078813,-0.3690698,1.7414987,0.19167793
1.2008921,6.7541513,1.5772393,9.205939,-0.43505085,-0.37425566,1.7707825,0.15243214
1.1905202,6.7351947,1.5492654,9.200142,-0.42202234,-0.3771205,1.7532558,0.14876676
1.1903076,6.737802,1.5977397,9.160227,-0.44783926,-0.37307835,1.7213016,0.16342127
1.1900525,6.6885138,1.5274827,9.138035,-0.3618678,-0.37461495,1.7306578,0.1428839
1.1870968,6.6702247,1.5305367,9.184735,-0.3852725,-0.36355448,1.7633586,0.13387954
1.1881044,6.662642,1.6124501,9.161852,-0.38708806,-0.36614394,1.7449219,0.14934504
1.1629966,6.5922966,1.605336,9.1771145,-0.31619585,-0.37396383,1.7024264,0.13749856
1.1435813,6.5390844,1.6868024,9.183334,-0.43333912,-0.3697629,1.6993952,0.13770735
1.1451774,6.548503,1.7029836,9.162327,-0.45390856,-0.3587482,1.6474903,0.14192218
1.1469008,6.5310454,1.693605,9.088563,-0.4852848,-0.36150908,1.6280203,0.12286222
1.1553376,6.638366,1.713139,9.13137,-0.41362834,-0.39406443,1.6269028,0.10504466
1.1563203,6.6068907,1.705575,9.1207485,-0.43102968,-0.40343618,1.6969488,0.090688705
1.1575336,6.697571,1.6946495,9.101771,-0.41230786,-0.3999486,1.6438878,0.07566118
1.1658343,6.6732554,1.6663477,9.11735,-0.39948642,-0.4133458,1.7132003,0.09008902
1.1661586,6.751514,1.6288149,9.138128,-0.45230043,-0.40614128,1.7087579,0.10144919
1.1567063,6.6643815,1.6323409,9.152807,-0.46823978,-0.39121532,1.7121584,0.069217086
1.1709467,6.742918,1.6319718,9.170191,-0.42845035,-0.3828125,1.6417305,0.12998533
1.172797,6.696051,1.6199355,9.126293,-0.45292675,-0.33576822,1.6299896,0.11992478
1.1817212,6.695356,1.6076155,9.134865,-0.3969928,-0.3359046,1.6529243,0.13458437
1.1859788,6.6762085,1.5629306,9.1476555,-0.39804697,-0.32448244,1.6780298,0.11792904
1.188769,6.593683,1.5593872,9.200094,-0.4062028,-0.30236983,1.6757677,0.16234124
1.1792608,6.5930395,1.5900471,9.21642,-0.37521303,-0.2971177,1.637152,0.12862796
1.1774628,6.6010585,1.594079,9.214283,-0.37329197,-0.29233146,1.6315224,0.13672471
1.1822146,6.5458484,1.6284025,9.231849,-0.34371924,-0.2964468,1.6352291,0.112119734
1.1868913,6.541468,1.6380458,9.229347,-0.34030044,-0.30209303,1.6755245,0.12774289
1.1820402,6.5459123,1.6952405,9.239413,-0.3542055,-0.30408,1.6728485,0.110408366
1.1753281,6.621168,1.63603,9.236301,-0.3694079,-0.30290794,1.6553552,0.114959836
1.1830121,6.6248407,1.6292262,9.317004,-0.42230892,-0.28604078,1.6357989,0.15190071
1.1937873,6.6962852,1.4882791,9.3621,-0.4231627,-0.27373314,1.783483,0.1460532
1.1943913,6.641418,1.5511146,9.331534,-0.41575837,-0.2799623,1.7706804,0.14625853
1.1996511,6.6946864,1.5498943,9.297361,-0.3586464,-0.29382253,1.7656004,0.09507513
1.210748,6.6485653,1.5981903,9.290962,-0.3781178,-0.2928462,1.7675734,0.17615008
1.2147882,6.6742306,1.5410912,9.263828,-0.3887521,-0.30229306,1.81709,0.17919612
1.2145938,6.7122083,1.5238826,9.272494,-0.4066875,-0.30040073,1.8067861,0.15285426
1.2261624,6.6964593,1.5124571,9.232592,-0.38656056,-0.28857827,1.8203297,0.16268754
1.2250983,6.623301,1.5367491,9.274908,-0.38415885,-0.2451384,1.8229008,0.181746
1.2138845,6.6327777,1.7309799,9.277094,-0.40352952,-0.27714586,1.8332717,0.11876935
1.2178342,6.608673,1.7642441,9.231684,-0.40391374,-0.2694626,1.7799368,0.1651662
1.2222149,6.581099,1.7744465,9.207021,-0.40681803,-0.27143407,1.7074318,0.18078679
1.2186195,6.613812,1.7536929,9.267862,-0.41527152,-0.2533338,1.7049901,0.17289281
1.209167,6.5983524,1.5905674,9.282949,-0.371009,-0.2793169,1.6944222,0.16163898
1.2069952,6.5230484,1.5962968,9.382015,-0.30329382,-0.23197937,1.7176933,0.11028463
1.1952518,6.4876933,1.6250796,9.37261,-0.34372163,-0.20871687,1.6764088,0.09000391
1.180531,6.5473757,1.5601516,9.355572,-0.36975253,-0.20403028,1.6964533,0.18334383
1.1843593,6.564711,1.5525043,9.336193,-0.40443873,-0.18631935,1.7145195,0.18803078
1.1628891,6.557095,1.5143487,9.365332,-0.41799927,-0.24559402,1.7161069,0.13816005
1.1705811,6.5477567,1.5733254,9.275654,-0.40083432,-0.2356019,1.6669593,0.14430374
1.1779916,6.564978,1.6191375,9.221031,-0.4148246,-0.23823333,1.6349523,0.160496
1.1283593,6.505932,1.5817218,9.210598,-0.55395937,-0.23335457,1.5068946,0.15297139
1.1217855,6.515808,1.6582088,9.223171,-0.5529982,-0.21463561,1.4451272,0.16783077
1.1526585,6.5538306,1.6223233,9.226763,-0.5272348,-0.22940898,1.4651828,0.1370219
1.1488324,6.536678,1.7193446,9.231081,-0.5603802,-0.2096026,1.4333444,0.12316072
1.138798,6.5741835,1.6927235,9.261988,-0.54107285,-0.19628668,1.4935133,0.13824576
1.1376266,6.544561,1.6907799,9.246363,-0.5257524,-0.20080543,1.5284812,0.17206097
1.1397358,6.5829535,1.7077856,9.283691,-0.56093764,-0.17673993,1.4455836,0.17115736
1.1418678,6.615234,1.7228603,9.3092575,-0.5821531,-0.18917465,1.60008,0.14231372
1.1319598,6.635874,1.7572505,9.358898,-0.5923275,-0.23992753,1.5296893,0.120161176
1.1379375,6.668203,1.7122147,9.179552,-0.5828155,-0.24588585,1.341671,0.102127254
1.1417083,6.6153197,1.6920955,9.115866,-0.60963356,-0.25861883,1.3956978,0.10365069
1.1299477,6.5867524,1.6219535,9.137375,-0.5839722,-0.24065256,1.4412065,0.15280676
0.96316326,7.092371,0.3203665,9.6292095,-0.1798222,-0.0134112835,2.429457,0.86667943
0.9614636,7.0428057,0.35195255,9.673611,-0.15103173,-0.005163431,2.4280145,0.8557333
0.96191674,7.0676985,0.36842012,9.697826,-0.14487624,-0.010970354,2.3540232,0.8535085
0.94083136,7.1171284,0.37700832,9.715128,-0.13641107,-0.014610767,2.3171833,0.8548833
0.86757624,7.239586,0.38035035,9.706873,-0.16587365,-0.030001163,2.2890418,0.84097004
0.86201626,7.198772,0.3757453,9.647263,-0.2094562,-0.010405302,2.3491962,0.8422773
0.89235353,7.2590547,0.37632477,9.610857,-0.24895656,-0.00042390823,2.3692882,0.78767383
0.92862713,7.1896644,0.35115778,9.646997,-0.2792585,-0.00944519,2.3767207,0.8144238
0.87628496,7.1247883,0.45873785,9.416168,-0.27205956,-0.0064139366,2.4918895,0.81673074
0.84149647,7.166067,0.41200256,9.375338,-0.22775161,-0.011194944,2.4429343,0.88813376
0.7825649,7.1187716,0.2851466,9.208733,-0.23117363,-0.16767001,2.4450784,0.86624014
0.77477574,7.0438404,0.33076227,9.339935,-0.3491969,-0.17052841,2.5138893,0.9218433
0.8511889,6.9867754,0.2795409,9.360161,-0.5060017,-0.07325649,2.5110607,0.92018247
0.84453464,6.82918,0.33770764,9.336578,-0.5911536,-0.07934117,2.5570402,0.9210392
0.8615752,6.9171286,0.32538974,9.247375,-0.22223747,-0.07285023,2.501698,0.921612
0.8655131,6.9182277,0.3293047,9.208682,-0.31941497,-0.1051805,2.511728,0.855319
0.8448841,7.068584,0.39157176,9.369089,-0.3194319,-0.05682373,2.4600813,0.87551737
0.86451924,7.099451,0.3851868,9.466375,-0.3126012,-0.0224545,2.4785173,0.8739011
0.86104643,7.1810083,0.42460048,9.498539,-0.30368233,-0.016005516,2.4849741,0.88621163
0.8822576,7.052499,0.28493297,9.502947,-0.27147388,-0.05085063,2.4863896,0.88430154
0.9830061,7.0128503,0.12491703,9.506769,-0.20651758,-0.052954197,2.3560927,0.7351091
0.99140096,7.0220923,0.20996141,9.389214,-0.19787133,-0.03895569,2.372737,0.74886465
0.99562484,6.1966734,0.23685014,9.390304,-0.06515181,-0.04025221,2.3779185,0.7749536
1.0353594,6.0170817,0.30998254,9.370665,-0.16178453,-0.058501244,2.439368,0.8027538
1.0179249,5.8188667,0.23275924,9.410609,-0.100866795,-0.009345293,2.5776153,0.8107933
1.0271714,6.269076,0.24429345,9.403086,-0.23880577,-0.029021978,2.525544,0.79520035
1.0080631,6.5773053,0.1786977,9.398075,-0.2562381,-0.04636216,2.5208373,0.7692845
1.0174291,6.766728,0.23267376,9.448543,-0.20547068,-0.07058644,2.5022936,0.8360102
1.0192319,6.842358,0.20304263,9.433787,-0.32581985,-0.05007863,2.4388833,0.79394746
0.9447697,6.9008813,0.24576461,9.44717,-0.3202455,-0.041763544,2.438818,0.82364285
0.93549216,6.8833346,0.29524052,9.440301,-0.24848247,-0.054281235,2.395497,0.8507745
0.94306326,6.85416,0.26372957,9.386417,-0.19600701,-0.014385223,2.439036,0.87356997
0.92814547,6.8149934,0.22744882,9.426813,-0.24681902,-0.04245186,2.4459143,0.83948255
0.8920093,6.7884593,0.25762582,9.456297,-0.25828505,-0.04312992,2.3953562,0.84054327
0.8947784,6.8307443,0.24658477,9.423069,-0.40177047,-0.03352046,2.4006631,0.84934664
0.8831223,6.870164,0.16535997,9.4005785,-0.3133371,-0.0114274025,2.456652,0.83973014
0.9085187,6.906339,0.19049358,9.221783,-1.3055665,-0.012695074,2.4485245,0.8051982
0.8751144,6.963356,0.19409919,9.568871,-1.2237893,-0.19862795,2.4802957,0.7982502
0.8961495,7.1322174,0.3070507,9.516953,-1.1923528,-0.22046089,2.4915082,0.76780283
0.9332062,7.0678153,0.29698873,9.661704,-1.1782942,-0.16475964,2.4867706,0.7483324
0.92398727,6.863383,0.357355,9.397499,-1.0987345,-0.23282957,2.5723867,0.7635324
0.87078357,7.255404,0.3191142,9.576449,-1.126276,-0.30750227,2.5912957,0.82454157
0.8245566,7.2719398,0.40455735,9.150527,-1.1195309,-0.38711977,2.5947068,0.8071288
0.81134033,7.198306,0.40533447,9.133373,-1.1429785,-0.40566683,2.5840416,0.7952876
0.80307686,7.2710633,0.3775586,8.976768,-1.1117536,-0.35418153,2.561909,0.80065656
0.79843503,7.23022,0.36613083,8.890427,-1.1517055,-0.27680016,2.5613067,0.8152312
0.72579104,7.179184,0.34891653,8.756287,-1.1174943,-0.20217037,2.542016,0.81219506
0.5075997,7.17022,0.35371423,9.198328,-1.1633868,-0.18089485,2.5851028,0.8014462
0.51587677,7.112348,0.358863,8.982645,-1.1016282,-0.18027115,2.5398726,0.7971344
0.5404363,7.2418413,0.19929528,8.49497,-1.0935938,-0.1659298,2.5847101,0.8025807
0.52805376,7.132845,0.17562246,8.553178,-1.0968715,-0.16149306,2.5441844,0.7968235
0.8767207,7.069388,0.16151285,8.889021,-1.052225,-0.21558213,2.5614738,0.8190913
0.71949714,7.1028256,0.3754928,9.012596,-1.2325684,-0.2070744,2.5732324,0.8308674
0.55165887,7.2853293,0.4869808,8.751992,-1.1462567,-0.22436619,2.5036352,0.8801966
0.59362537,7.32718,0.5438123,8.820681,-1.1039941,-0.19443345,2.495938,0.86983395
0.5286862,7.3000274,0.55036473,8.875549,-1.0828558,-0.17716765,2.499641,0.9068682
0.6344766,7.256827,0.45986223,9.055528,-1.0735295,-0.2618215,2.4892354,0.8507303
0.66640246,7.3698463,0.5386145,9.030832,-1.0730536,-0.3729186,2.500655,0.8498694
0.6837434,7.394072,0.5706608,9.01468,-1.0487146,-0.2414794,2.500311,0.7690519
0.6915613,7.396411,0.6087446,9.025968,-0.99460495,-0.29289412,2.4828627,0.7601428
0.6420175,7.2400126,0.5459237,8.836069,-1.0295064,-0.23880649,2.462411,0.85401857
0.5187075,7.3990064,0.47973013,9.042156,-0.93401766,-0.38946223,2.4949205,0.8690512
0.5348393,7.46991,0.511575,8.969011,-0.9011892,-0.3435793,2.4770968,0.83965147
0.50975484,7.4943557,0.5213928,8.9568405,-0.9441186,-0.21568394,2.47086,0.8260894
0.50653106,7.5733104,0.52285504,8.840564,-0.94025743,-0.24887085,2.488083,0.8071073
0.5161591,7.5235324,0.48410785,8.9075165,-0.91298616,-0.35364914,2.492703,0.7924962
0.5032229,7.4291906,0.5021775,9.011848,-1.0485877,-0.26867008,2.479089,0.8051177
0.51161313,7.3774505,0.5289296,9.007767,-1.0800556,-0.33601332,2.4783385,0.80924344
0.51749307,7.4803166,0.4873327,8.988452,-0.9997766,-0.32664418,2.4632392,0.7862843
0.5276489,7.513738,0.48391795,9.218733,-0.87125134,-0.2903018,2.4938886,0.8062159
0.5330464,7.5302873,0.47748184,9.13115,-0.89257073,-0.19784331,2.5440052,0.79878235
0.64762115,7.5136075,0.4595561,9.041284,-0.8325908,-0.22255516,2.6145236,0.8927276
0.73295844,7.521678,0.52261996,9.021742,-0.82634497,-0.23228836,2.625999,0.90521276
0.7501815,7.5022087,0.50983214,9.0414715,-0.7936301,-0.17946959,2.6420052,0.89740753
0.78066033,7.4729967,0.5067445,8.959208,-0.67098737,-0.1939354,2.608495,0.8631942
0.8654356,7.337361,0.49161386,8.973551,-0.6132976,-0.18477535,2.6397562,0.8428433
0.8699519,7.3047366,0.4459753,8.97548,-0.30770862,-0.22573471,2.6446855,0.89633536
0.83024955,7.4320235,0.5515001,9.024418,-0.16324174,-0.2245884,2.6383035,0.83221614
0.81850815,7.564856,0.5585437,9.022778,-0.058645606,-0.21885228,2.5951765,0.87195003
0.7913826,7.4805217,0.64210844,8.766703,-0.03787136,-0.26411796,2.5660646,0.883566
0.7482092,7.447399,0.6449325,8.708292,0.030720234,-0.2474196,2.702411,0.8731713
0.751676,7.251087,0.6098765,8.660879,0.071167946,-0.21391726,2.713375,0.86184454
0.7251318,7.311691,0.61731446,8.516275,0.1640954,-0.16410494,2.723681,0.9020932
0.7061024,7.5837593,0.62532187,8.773119,0.15405059,-0.15252757,2.740492,0.9506998
0.746189,7.5800734,0.638335,8.792359,0.12744641,-0.16567516,2.730868,0.9220724
0.82072634,7.5536075,0.6657959,8.821822,-0.025083542,-0.15314054,2.7527125,0.9342587
0.7910041,7.541705,0.6614193,8.819645,0.019469261,-0.14304066,2.7215195,0.80024993
0.8158801,7.5562353,0.62135386,9.083953,0.0040926933,-0.07671881,2.6985748,0.75536335
0.80686504,7.5565076,0.64475024,9.2248535,-0.005204916,-0.18508291,2.6425517,0.79044425
0.7672014,7.956111,0.4532411,9.231356,-0.02395463,-0.173347,2.6028607,0.7639828
0.7149904,8.170648,0.43156266,9.226488,-0.025416851,-0.16877794,2.5504694,0.77747464
0.6685349,8.026682,0.46238756,9.26026,-0.06368935,-0.25343704,2.506281,0.7739811
0.72817105,8.037893,0.46087575,9.153687,-0.051632404,-0.2762308,2.5954337,0.7780652
0.6811067,7.902574,0.45186663,9.177845,-0.05961156,-0.3249321,2.486265,0.78276634
0.5839355,7.953326,0.43953633,9.176176,-0.08238447,-0.35343552,2.4923024,0.79410815
0.56492764,7.7614164,0.4329449,9.1805935,-0.116642475,-0.23938966,2.5211463,0.8040881
0.5042581,7.762775,0.40333605,9.13014,-0.10422742,-0.31707144,2.5051954,0.8050258
0.5020989,7.8399377,0.3989849,9.04746,-0.09067917,-0.34514713,2.5286484,0.81616044
0.5045798,8.005859,0.3707688,9.158274,-0.024338841,-0.23228621,2.55951,0.83311415
0.51017654,8.081074,0.36537445,9.128101,-0.022714496,-0.17872047,2.5325444,0.82385945
0.65627813,8.181685,0.40042758,9.204088,-0.03091693,-0.33215857,2.5561101,0.81249285
0.53998446,8.42543,0.44084668,9.192408,0.027882338,-0.28094697,2.5717707,0.8130202
0.5607356,8.167704,0.45709157,9.187525,0.064647436,-0.30716705,2.5659046,0.81983685
0.5496341,8.230286,0.4182402,9.162794,0.019646168,-0.30144358,2.561718,0.8184587
0.59845257,8.216705,0.37525344,9.062693,0.051078558,-0.30966306,2.5077767,0.81862974
0.6297504,8.2037115,0.29547524,9.025015,0.3995471,-0.28490686,2.4986868,0.82098114
0.6469258,8.107912,0.36531532,9.127684,0.27531195,-0.2068069,2.4468849,0.82112885
0.74899894,8.113178,0.30900097,9.268387,0.29373646,-0.2919314,2.4655447,0.788198
0.7478392,8.068274,0.3058219,9.351348,0.06973004,-0.24141192,2.3740697,0.78156316
0.74757725,7.9471984,0.12745857,9.241091,0.20517683,-0.23435593,2.3942506,0.7846606
0.6967909,7.8583093,0.14211583,9.152776,0.31686997,-0.18065023,2.39691,0.8160002
0.6969365,7.8795743,0.1441052,9.115421,0.24438667,-0.22691345,2.4059963,0.8172983
0.5393695,7.918697,0.106224656,9.123613,0.2966919,-0.22387123,2.399301,0.85798717
0.56637216,7.9158363,0.11118293,9.256553,0.34550548,-0.19481707,2.406942,0.8818544
0.571488,7.8742185,0.08397412,9.278566,0.36641884,-0.22406268,2.3796108,0.8759289
0.5941398,7.873534,0.06156993,9.424175,0.31277227,-0.19268966,2.3857565,0.87744987
0.653402,7.896894,0.09790194,9.472023,0.13599849,-0.1980803,2.3793092,0.86705816
0.6759307,7.886317,0.0750643,9.41119,0.15753722,-0.17669559,2.4041798,0.86719346
0.6621903,7.869401,0.054219842,9.501378,0.20913577,-0.14804626,2.4282856,0.8885286
0.7035961,7.8211827,0.08779645,9.485357,0.25243998,-0.1691637,2.4078116,0.9065409
0.7525599,7.8928638,0.072919965,9.535496,0.18360972,-0.17646122,2.4101167,0.85309887
0.76322484,7.896718,0.089835525,9.437262,0.11779666,-0.19416332,2.412721,0.8392539
0.72401845,7.964256,0.058713794,9.361848,0.20777512,-0.1955216,2.4120023,0.8050475
0.71675986,8.017863,0.05325389,9.407351,0.07287502,-0.26001644,2.4222095,0.8116362
0.72507024,8.0276375,0.035012364,9.263225,0.060311794,-0.23682594,2.4390955,0.807019
1.3518618,4.183878,1.1489108,5.9513664,-0.19429624,-0.6888375,1.5363231,0.3772353
1.3894848,4.066902,1.1277144,5.8235736,-0.13989103,-0.67830276,1.5638251,0.3636769
1.3467822,4.1235676,1.1282172,5.772462,-0.17358625,-0.651706,1.562429,0.3666237
1.3804097,4.061183,1.126723,5.974804,-0.13647234,-0.65026903,1.5850861,0.40060663
1.395777,4.053241,1.1310949,5.7644877,-0.07794988,-0.68863153,1.5440264,0.37712651
1.3734796,3.9003549,1.0769403,5.6905246,0.09655213,-0.6870837,1.5021398,0.3817948
1.3911095,3.903481,1.0780425,5.7390604,0.189744,-0.69466543,1.3940685,0.36721873
1.4104321,3.913319,1.0786648,5.7067833,0.09815359,-0.76061726,1.3790007,0.41992027
1.4318638,3.8786929,1.0885105,5.841081,0.046504974,-0.7332065,1.4284272,0.4513774
1.4087181,3.8252044,1.0958421,5.820251,-0.044673204,-0.7248373,1.4418766,0.45170552
1.3942957,3.8231533,1.0806508,5.7823186,-0.070936084,-0.7140243,1.4925909,0.38390934
1.3968521,3.8201613,1.0712988,5.6893797,0.01586628,-0.66419554,1.4485862,0.42259037
1.4357142,3.7843592,1.0852723,5.9218717,-0.025592685,-0.669574,1.448236,0.41156328
1.4262943,3.8249497,1.0981836,5.8095336,-0.0071214437,-0.6537461,1.4545772,0.44513482
1.4425482,3.8117113,1.1073074,5.926674,0.06154442,-0.6707778,1.4436741,0.4356498
1.4401892,3.812451,1.1091194,5.8782434,-0.018226147,-0.6613407,1.4635344,0.43567055
1.4060497,3.8674889,1.1131115,5.9386663,-0.22720742,-0.6473744,1.4759624,0.45776606
1.4340942,3.8740935,1.1443729,5.8680983,-0.21832871,-0.6405735,1.4520977,0.4575323
1.4408765,3.8492315,1.1379986,5.788536,-0.21298373,-0.6624236,1.4456341,0.42860496
1.4271551,3.8409615,1.0900292,5.8208284,-0.17053843,-0.6951034,1.531843,0.39725435
1.4097004,3.827289,1.1060648,5.7842016,-0.03046298,-0.7071185,1.5157237,0.42647302
1.4394417,3.8254454,1.1296139,5.9219666,-0.33876026,-0.6942005,1.5091512,0.42116678
1.4287453,3.8254204,1.1437547,5.8933907,-0.35048497,-0.6947267,1.4952545,0.41411197
1.4208677,3.9122229,1.141772,6.0604534,-0.30968165,-0.6680341,1.5156555,0.414791
1.4543461,3.912753,1.1621404,5.9760637,-0.34939826,-0.6817219,1.4879351,0.40750098
1.455158,3.9955482,1.1674452,5.950143,-0.24401903,-0.66888547,1.4858103,0.40909094
1.4589167,3.9294538,1.1676149,5.9493723,-0.29623044,-0.64043975,1.4845843,0.4108612
1.457284,3.9423175,1.1675327,5.965206,-0.2825569,-0.65847635,1.4842019,0.41614336
1.4543962,3.862277,1.166369,5.97103,-0.32042587,-0.6615598,1.5068703,0.4050358
1.4724617,3.834256,1.1684592,5.9460773,-0.3296628,-0.6482928,1.5129163,0.39086622
1.4808291,4.013733,1.1773896,5.966914,-0.25472438,-0.6340978,1.5399547,0.382325
1.4771328,4.199272,1.1797609,6.0305834,-0.17737138,-0.6201472,1.5428493,0.37812936
1.5198737,4.1501865,1.177994,6.1168942,-0.21806514,-0.5500138,1.5480804,0.37060302
1.5398195,3.8651233,1.1778741,6.123261,-0.0673995,-0.54541993,1.496592,0.3707502
1.5234871,3.8324432,1.1709712,6.086182,-0.11341369,-0.47549343,1.5217538,0.3661995
1.6173884,3.602512,1.173816,5.9974375,-0.16119862,-0.48764467,1.550827,0.36843252
1.6084778,3.6388488,1.1814845,5.895206,-0.17423093,-0.50807667,1.4778211,0.36670077
1.6220124,3.708597,1.2081437,5.8058157,-0.092264175,-0.5055196,1.4550376,0.35094905
1.6257385,3.757914,1.2861781,5.88747,-0.13346577,-0.51235104,1.4522045,0.36196488
1.5440743,3.849441,1.2633481,6.115384,-0.12986815,-0.5161433,1.4206548,0.364699
1.5139244,3.8962278,1.220542,5.970865,-0.1335442,-0.5525613,1.4389951,0.3586824
1.5049119,3.858283,1.2165627,6.026676,-0.13788795,-0.56329226,1.4393802,0.3618889
1.5256611,3.989699,1.2094674,6.151142,-0.14425695,-0.5527921,1.4933045,0.35672474
1.5290812,3.9960117,1.2158921,6.173585,-0.14652479,-0.48529768,1.527283,0.36400127
1.5468056,3.8538852,1.2158706,6.096858,-0.17355406,-0.53356886,1.4934375,0.35293198
1.5604299,3.6903102,1.2200537,6.1217403,-0.21487892,-0.5382712,1.4975367,0.34985888
1.5797118,3.7774813,1.2406104,6.1441197,-0.19403696,-0.52330303,1.5015142,0.3512929
1.5958203,4.025668,1.2297244,6.1119084,-0.041224718,-0.52987957,1.472033,0.34729958
1.6067653,4.1021376,1.2580419,6.107989,0.0037145615,-0.4608922,1.4692159,0.35419434
1.6080467,3.9727683,1.191972,5.953881,0.02864933,-0.45179653,1.4837818,0.35658795
1.6721997,4.0309753,1.2356863,5.944745,0.047813177,-0.46917558,1.4895666,0.34477013
1.6796211,4.091496,1.2317545,5.958354,0.03133464,-0.47205448,1.5017343,0.39707172
1.6752678,4.063067,1.2174766,5.899696,-0.032815933,-0.47790885,1.6523862,0.4017284
1.6478881,4.0493813,1.2002974,5.699452,0.080441475,-0.47070885,1.7510087,0.35959095
1.563595,4.051669,1.1864686,5.6661706,0.0015618801,-0.48279572,1.8164508,0.36213875
1.5699166,4.0201416,1.2331941,5.7087183,0.029603004,-0.4438944,1.6237745,0.32874346
1.5847913,3.9469028,1.2483935,5.8275285,-0.099016905,-0.446733,1.629092,0.3452015
1.5756042,3.9869547,1.2374907,5.804021,-0.08141196,-0.46256685,1.6122684,0.3292598
1.4847152,4.039322,1.2232232,5.7815943,-0.068122745,-0.490062,1.6002443,0.32327664
1.5693536,3.9534538,1.2074308,5.7784214,-0.038026452,-0.4322374,1.5500739,0.33295375
1.5388585,3.9080377,1.1864271,5.662747,-0.01006043,-0.43376207,1.5348885,0.3663162
1.5540605,3.9220667,1.219358,5.6577325,0.0011231899,-0.4138317,1.5538728,0.36663193
1.5793691,3.901226,1.2611125,5.657527,0.033746243,-0.40797782,1.6135404,0.33478016
1.5942289,3.956531,1.2451177,5.6832247,0.053912878,-0.43251634,1.4963744,0.39885348
1.5973822,3.9471903,1.2415662,5.732497,0.006757736,-0.46914172,1.5068579,0.34631866
1.6069322,3.9203186,1.2247293,5.771887,0.006446123,-0.51427984,1.4492924,0.34909534
1.574411,3.8222585,1.1782572,5.8536463,0.027504921,-0.48158836,1.4830444,0.3438064
1.5534661,3.8326502,1.1778598,5.848357,0.038303375,-0.47338963,1.4939423,0.3295685
1.536552,3.7845263,1.1730561,5.8624086,0.037712336,-0.48587584,1.4955249,0.32803237
1.5440662,3.8239677,1.1776366,5.8015122,0.005121231,-0.533571,1.4704413,0.3263104
1.5302168,3.735886,1.1939399,5.8142858,-0.004011154,-0.48666906,1.416709,0.3313383
1.5328854,3.7926722,1.1818388,5.8154383,0.01021266,-0.4801705,1.421293,0.33103657
1.561228,3.7066379,1.2049773,5.7867403,0.04947281,-0.4950521,1.442102,0.33032984
1.6608033,3.6979666,1.2008266,5.5648184,-0.080186844,-0.49703002,1.426857,0.36151606
1.6532081,3.637599,1.1881926,5.51163,0.07253313,-0.49218345,1.4618661,0.36357915
1.6570859,3.5800858,1.1685011,5.5014567,0.07494569,-0.4995737,1.4978583,0.37575114
1.6734833,3.603403,1.163446,5.514823,0.0879879,-0.50781536,1.4670904,0.3713249
1.7532729,3.714418,1.1498227,5.432472,0.08434582,-0.52447224,1.467793,0.39103222
1.6823596,3.6617265,1.1142519,5.407856,0.10310507,-0.5184779,1.4709563,0.3923779
1.6853293,3.6475565,1.0939162,5.3836923,0.108427525,-0.51176643,1.4672077,0.38110292
1.671469,3.6581035,1.1166484,5.4030566,0.121362925,-0.51981235,1.5209169,0.38398117
1.6654685,3.6623888,1.0001338,5.42782,0.036086082,-0.5141821,1.5926383,0.36155897
1.6664739,3.5676622,1.0262094,5.4493413,0.005346298,-0.53067183,1.5950541,0.3572141
1.5750197,3.5294373,1.0452728,5.522527,0.051194668,-0.5116358,1.4395111,0.3641256
1.560725,3.6117973,1.0466871,5.5125246,0.081331015,-0.5021632,1.4662051,0.37080723
1.5836493,3.612966,1.0485864,5.528054,0.08584118,-0.5058799,1.3563681,0.3770262
1.5975386,3.6597059,1.1131277,5.5594797,0.11234498,-0.5035782,1.3477046,0.39046037
1.6068076,3.6029184,1.1005621,5.503906,0.0308702,-0.5055404,1.3806641,0.38757896
1.6482207,3.5868154,1.1218553,5.4470663,0.061469316,-0.5240197,1.3898032,0.3864106
1.6746073,3.6017718,1.1003795,5.485319,0.022351265,-0.53294325,1.4275005,0.37890178
1.6720068,3.567332,1.0943778,5.4989214,0.017852545,-0.5561731,1.4289408,0.37365007
1.6985803,3.5890763,1.1234331,5.559165,0.14186144,-0.55656624,1.4842162,0.3836658
1.5971187,3.6128526,1.116524,5.575572,0.15085483,-0.56438017,1.3657901,0.37054408
1.5861379,3.3894317,1.0935786,5.6300044,0.23879695,-0.57470703,1.6373076,0.46746862
1.5456388,3.382653,1.1498678,5.6381783,0.2941196,-0.57630134,1.6130524,0.47155
1.5255663,3.3320312,1.1525941,5.1352615,0.31123996,-0.5797417,1.6655202,0.45488536
1.5290711,3.375835,1.139308,5.168543,0.29605174,-0.5757458,1.7841434,0.4188279
1.5236785,3.3351936,1.1375399,5.1823316,0.28516054,-0.5632858,1.7912672,0.4091664
1.528734,3.4274483,1.1435366,5.1527624,0.30020595,-0.5773177,1.7699168,0.43034422
1.5281909,3.5102317,1.1213565,5.3461075,0.30491924,-0.56008625,1.751426,0.42739224
1.5207536,3.3694623,1.1173882,5.2169466,0.3376341,-0.5659425,1.7360675,0.44118166
1.5302956,3.3859549,1.1590261,5.215809,0.3246734,-0.61001873,1.7368071,0.43450403
1.5643157,3.466123,1.1376066,5.2965374,0.3310585,-0.5992851,1.7381485,0.40147614
1.5814261,3.4220815,1.1516755,5.6135273,0.32532358,-0.6139796,1.6977761,0.38613582
1.57478,3.2925801,1.161459,5.3348446,0.28967667,-0.6106632,1.7362022,0.41496587
1.5982193,3.3880477,1.174628,5.311837,0.30160642,-0.61061335,1.7318833,0.43478715
1.5772262,3.4306898,1.1481097,5.3350067,0.3050692,-0.6018491,1.728101,0.43013275
1.5821288,3.2697883,1.1755846,5.2094254,0.28769302,-0.60377073,1.7049584,0.45754015
1.5819849,3.271926,1.1592207,5.2630997,0.2935729,-0.6286907,1.7468996,0.37247556
1.5638334,3.3073888,1.1305721,5.37979,0.29664016,-0.6034546,1.7323165,0.42910087
1.6099594,3.3234534,1.086513,5.305275,0.2940817,-0.60208726,1.6496639,0.43621278
1.5501722,3.3783572,1.1517439,5.362914,0.3050077,-0.5952878,1.6880531,0.4179225
1.5431789,3.3200295,1.156935,5.381357,0.28820896,-0.59758496,1.6856732,0.4263029
1.4970987,3.221244,1.1638956,5.420739,0.2918837,-0.5736947,1.6798229,0.4169718
1.4910855,3.275683,1.1711195,5.434444,0.27879405,-0.5700729,1.7084324,0.4240117
1.4412663,3.2734256,1.1783326,5.4076185,0.33650374,-0.5542283,1.6607945,0.44920886
1.4662151,3.4000463,1.1675849,5.2135777,0.34015512,-0.5729873,1.6950185,0.4614827
1.470475,3.4136596,1.164721,5.1908684,0.3441279,-0.5739193,1.6706326,0.46015197
1.4910197,3.6395679,1.1425264,5.2014146,0.4063933,-0.5866394,1.7514975,0.4508921
1.484274,3.4686608,1.1226714,5.4232273,0.4096079,-0.57684755,1.634604,0.44457734
1.4898545,3.4217997,1.0590405,5.0414853,0.4279685,-0.5548029,1.7706358,0.43587506
1.4834569,3.4788272,1.0851641,5.345436,0.42040777,-0.5532036,1.7083244,0.43168443
1.4918222,3.4695792,1.085978,5.4482727,0.4074931,-0.5402,1.7272096,0.3784966
1.4774709,3.4230223,1.0991952,5.4773693,0.42773104,-0.5410285,1.6284893,0.4235859
1.4981332,3.5772352,1.1070158,5.4430285,0.37276292,-0.54493904,1.5631979,0.41920108
2.8629835,3.6987634,0.47537494,8.476187,-1.1456853,-1.405031,-0.7076771,0.4660009
2.9527671,3.645133,0.4428594,8.491896,-1.1668011,-1.5328665,-0.66607445,0.40450215
2.9930546,3.4658332,0.4865998,8.476997,-1.1767232,-1.5844584,-0.6599561,0.44859695
2.8342528,3.663652,0.46945202,8.516348,-1.1838038,-1.5816045,-0.6008122,0.3940599
2.9752746,3.4848335,0.43483067,8.465145,-1.1974232,-1.5758884,-0.5605116,0.40921575
2.7649555,3.3477385,0.45950902,8.443424,-1.2000536,-1.5136317,-0.72386205,0.34218
2.785761,3.436103,0.45934856,8.286463,-1.2645285,-1.5701592,-0.7305596,0.3425926
2.7737408,3.570499,0.42071497,8.301981,-1.1417382,-1.4769441,-0.73247176,0.34075963
2.7756317,3.81082,0.39548743,8.415405,-1.1509308,-1.5975723,-0.75669175,0.34194362
2.7992988,3.949925,0.38871384,8.528006,-1.2147789,-1.5783726,-0.73819315,0.32004535
2.7676778,3.8998725,0.4406979,8.4259205,-1.2098727,-1.5736312,-0.817018,0.32482004
2.7643864,3.588217,0.45249987,8.399869,-1.2544317,-1.5806661,-0.7761892,0.31533682
2.7435234,3.647311,0.44844055,8.274235,-1.2360283,-1.5760679,-0.75536066,0.30304432
2.7765813,3.474527,0.4681816,8.317625,-1.2252192,-1.5683933,-0.67336833,0.34766865
2.8369644,3.8331392,0.449682,8.3344345,-1.2501361,-1.5651253,-0.7005348,0.37098718
2.8226302,3.5168142,0.48807216,8.272409,-1.2299893,-1.4993954,-0.63402706,0.38078892
2.8228216,3.6233597,0.49638438,8.332233,-1.2035029,-1.5351033,-0.60946465,0.38354325
2.8607473,4.045742,0.5101924,8.418066,-1.1872239,-1.5147998,-0.61401576,0.37899578
2.8409338,4.0099907,0.5130179,8.471466,-1.1850457,-1.594602,-0.5599656,0.41297567
2.9936554,3.9803996,0.48391438,8.486165,-1.1879718,-1.6213771,-0.6420338,0.40866077
2.998437,3.8664856,0.52690434,8.579794,-1.175506,-1.5659019,-0.668669,0.4837427
2.9978306,3.4368277,0.47463655,8.568479,-1.1503325,-1.5568209,-0.6585946,0.47434998
2.998546,3.5319114,0.4212587,8.6214,-1.1486826,-1.5728879,-0.76633406,0.4489516
2.9719331,3.3020277,0.30048466,8.491025,-1.1895776,-1.6417592,-0.9692125,0.3974285
2.9759965,3.3406806,0.36613154,8.522674,-1.2417161,-1.6416063,-0.9259291,0.39402366
2.9759703,3.263129,0.34930515,8.5263,-1.2612722,-1.6189137,-0.87527466,0.40125316
2.9725997,3.2505121,0.3524816,8.600864,-1.2656999,-1.658452,-0.90188926,0.41778255
2.963921,3.2571445,0.3957069,8.402959,-1.2361588,-1.6460154,-0.8836658,0.42199802
2.975902,3.188456,0.3507707,8.368332,-1.2495483,-1.6472166,-0.86732715,0.4268216
2.9791474,3.7588048,0.45106184,8.607282,-1.2103219,-1.6389067,-0.90958107,0.44130802
2.976066,3.5038218,0.48627114,8.528366,-1.0702829,-1.6340753,-0.9849865,0.57051075
2.8738196,3.694652,0.36711812,8.426752,-1.3350377,-1.6184715,-0.98428744,0.5757401
2.874113,3.852207,0.38304698,8.427811,-1.225919,-1.6145377,-0.9678052,0.60640454
2.916836,3.8028865,0.4322884,8.324215,-1.301969,-1.590616,-0.86766994,0.63406324
2.8698013,3.6572046,0.43879104,8.564224,-1.3549049,-1.6422173,-0.94693923,0.66806924
2.9190102,3.9246268,0.42594218,8.626175,-1.3813426,-1.687355,-0.9659317,0.42156458
2.9472623,3.5662808,0.3822112,8.643205,-1.3424144,-1.6787107,-0.9737564,0.38077468
2.9729586,3.6358435,0.33807564,8.7079315,-1.3402452,-1.6693864,-0.9970424,0.3725841
2.9681628,3.1545947,0.35046506,8.693569,-1.3641787,-1.6570733,-0.999922,0.39705455
2.9981103,3.1902704,0.36091042,8.669149,-1.4373071,-1.6560508,-0.99925166,0.3821301
2.9986596,2.8383512,0.35612118,8.666777,-1.5027668,-1.6447898,-0.951323,0.3598261
2.8662133,3.0129838,0.40882874,8.600754,-1.5014603,-1.6317192,-0.92672896,0.37050033
2.8476923,3.0104277,0.4301486,8.624739,-1.5075004,-1.6669565,-0.899936,0.3768072
2.8749611,3.1728773,0.4169215,8.658109,-1.5298986,-1.6712018,-0.8896104,0.386644
2.9177587,3.367366,0.42016125,8.68491,-1.5246108,-1.6737653,-0.93668693,0.37378836
2.9418764,3.3345127,0.3918525,8.623148,-1.5550379,-1.6869427,-0.89088017,0.38727814
2.8899283,3.159432,0.41408896,8.466205,-1.3797104,-1.6656303,-0.9282589,0.42064017
2.8927207,3.410071,0.3820362,8.40588,-1.2815365,-1.6871672,-0.94877136,0.44894946
2.8927476,3.2322903,0.31170654,8.484982,-1.3953998,-1.6831427,-0.95346546,0.4175979
2.9097404,3.329318,0.34570193,8.728786,-1.3854076,-1.6870325,-0.93869776,0.39063752
2.8927531,3.242966,0.33860767,8.747251,-1.4523076,-1.6832476,-0.9281481,0.38946092
2.8910334,3.3306346,0.3342061,8.575569,-1.3732154,-1.6862872,-0.9309893,0.38749743
2.8995914,3.1624029,0.31611466,8.487463,-1.2324159,-1.6891941,-0.9117673,0.3941009
2.8816392,3.3079581,0.30709994,8.546393,-1.1803609,-1.7048498,-0.92803144,0.39600134
2.9452164,3.3479362,0.35668337,8.594086,-1.2644206,-1.6328454,-0.94455934,0.40332603
2.9660869,3.3191295,0.29850137,8.58136,-1.245947,-1.61213,-0.90447044,0.3887825
2.9223588,3.3962307,0.351467,8.993355,-1.3027792,-1.6212355,-0.8484018,0.3940559
2.9034605,3.3737159,0.3334235,8.870442,-1.3180447,-1.6493388,-0.8725776,0.39568043
2.9503922,3.3373995,0.33721685,8.774963,-1.3011107,-1.6407961,-0.7717488,0.392043
2.9240537,3.2543974,0.34804618,8.77723,-1.2973123,-1.6267375,-0.8067254,0.3799132
2.8666575,3.3645272,0.35086322,8.5552,-1.1829455,-1.6327395,-0.7936458,0.4082483
2.9714913,3.2541354,0.4080491,8.737034,-1.2274055,-1.578477,-0.79035336,0.41030228
2.9911907,3.0404859,0.45756078,8.679373,-1.2161853,-1.5697198,-0.8857,0.4166484
2.92101,3.0645018,0.4866457,8.687099,-1.2338183,-1.5063374,-0.8769179,0.45608425
2.9417548,3.0165386,0.42175412,8.823264,-1.210885,-1.5183706,-0.9249604,0.40155423
2.9139922,2.9882326,0.44450378,8.869455,-1.1902459,-1.5242103,-0.9425777,0.39508736
2.940196,3.074513,0.37462485,8.943171,-1.2367952,-1.5031381,-0.9298462,0.426759
2.9720178,3.103309,0.3588152,8.873919,-1.0708189,-1.5106227,-0.81816185,0.4288665
2.9912326,3.0890698,0.39067912,8.846598,-1.1184158,-1.5960119,-0.9447553,0.43244976
2.9978638,3.1608233,0.36863768,8.768759,-1.1259956,-1.5501962,-0.9803657,0.43153203
2.983951,3.1313934,0.3929453,8.518602,-1.1422632,-1.5710269,-0.89394426,0.43096417
2.9921098,3.1392212,0.39741862,8.531794,-1.1186132,-1.580595,-0.76851046,0.43472207
2.9522142,3.2015843,0.40601528,8.451219,-0.984051,-1.5860177,-0.7753501,0.4380859
2.9132147,3.2166185,0.42551064,8.445057,-1.0196776,-1.5792156,-0.76142323,0.44262528
2.9544623,3.1847503,0.4462862,8.511614,-1.0272222,-1.5334483,-0.80948174,0.44542515
2.9899917,3.1855884,0.44969475,8.506785,-1.0885737,-1.5832785,-0.86040163,0.45626676
2.9939096,3.2482672,0.44173717,8.595091,-1.0950472,-1.5867774,-0.9407312,0.4452076
2.9979196,3.2735114,0.41375697,8.609169,-1.1400332,-1.6160185,-0.92117125,0.45142406
2.9986472,3.2797606,0.4325924,8.609774,-1.0877154,-1.5873387,-0.9591899,0.442846
2.9885461,3.3075647,0.37995827,8.502533,-1.069915,-1.5926414,-0.8596597,0.41496193
2.9661133,3.360092,0.50659037,8.582384,-1.2252433,-1.5604028,-0.8032481,0.41665375
2.918355,3.2715344,0.48956203,8.632927,-1.2272313,-1.5285901,-0.7969192,0.4620574
2.9349358,3.0132308,0.48555946,8.479075,-1.2087889,-1.520074,-0.80134046,0.36590707
2.915895,3.3381817,0.43200028,8.502489,-1.1686802,-1.5061886,-0.74325085,0.39968884
2.8282907,3.2227817,0.4571581,8.672948,-1.1835339,-1.5433481,-0.80302197,0.41011304
2.9832263,3.4339638,0.4485948,8.518314,-1.1847547,-1.5187916,-0.8077153,0.3960787
2.9838343,3.477912,0.45889008,8.647904,-1.2434587,-1.5271268,-0.83930683,0.3764767
2.9913719,3.5170958,0.44947886,8.663889,-1.2503006,-1.6050497,-0.8383139,0.39654696
2.9834487,3.4032764,0.43152654,8.681619,-1.2115576,-1.582149,-0.8437804,0.39985704
2.9880295,3.4778266,0.5634079,8.716211,-1.2330076,-1.5659972,-0.8436862,0.43982625
2.8908796,3.3692284,0.4909222,8.695379,-1.2641261,-1.623624,-0.7914661,0.41192937
2.9650211,3.3500123,0.5021125,8.615938,-1.2362363,-1.6050451,-0.7775422,0.40327144
2.9650333,3.212033,0.49532533,8.883172,-1.0743792,-1.6004821,-0.72808146,0.5140207
2.927314,3.2258286,0.51959264,8.923092,-1.1090224,-1.5953257,-0.71609485,0.5220392
2.9073837,3.3238692,0.514395,8.754002,-1.059938,-1.5901421,-0.7703802,0.542462
2.9718113,3.3921366,0.44731092,8.63534,-1.025784,-1.5854368,-0.78885585,0.5352639
2.9082541,3.3725436,0.42357385,8.64496,-1.0439072,-1.5967785,-0.8490273,0.51887655
2.9801645,3.3580377,0.45768368,8.530609,-1.1821946,-1.5758673,-0.7933889,0.47978377
2.8967826,3.3729599,0.458596,8.682331,-1.1849198,-1.5155802,-0.8114232,0.40499467
2.9401898,3.4699202,0.48285198,8.623806,-1.1775427,-1.5196788,-0.74528176,0.4218266
2.884205,3.2370305,0.47008502,8.652767,-1.160207,-1.5203968,-0.81004214,0.43239683
2.9861538,3.1586108,0.44757593,8.582299,-1.1738135,-1.5149806,-0.811743,0.3929637
2.9892485,2.9929845,0.46990585,8.592888,-1.225175,-1.5952637,-0.8154094,0.41367364
2.9858508,3.18545,0.48414373,8.530216,-1.1749066,-1.6414218,-0.91105294,0.40953457
2.998435,3.1427212,0.42233956,8.625779,-1.1278977,-1.610474,-0.92860466,0.41992116
2.998845,3.1059864,0.4489448,8.415611,-1.1493466,-1.6184647,-0.8154392,0.40972996
2.97635,3.06533,0.45718467,8.473684,-1.1430945,-1.6131617,-0.81455696,0.40912545
2.9825187,3.084629,0.41895533,8.419983,-1.1267798,-1.6101981,-0.9679084,0.4105289
2.9795656,3.1264946,0.44500947,8.359209,-1.1075819,-1.6028421,-0.9535239,0.39927226
2.9539094,3.136958,0.4352845,8.646652,-1.1361411,-1.6106604,-0.91763395,0.41446817
2.993379,3.072802,0.33610165,8.7266445,-1.1492059,-1.6048149,-0.9322193,0.42803377
2.9584432,3.1006904,0.42983413,8.710381,-1.107421,-1.6062555,-0.92378855,0.42045957
2.9526832,3.050877,0.37500167,8.84149,-1.1313694,-1.5377232,-0.9255178,0.40671206
2.9760058,3.064391,0.38694143,8.838994,-1.1384788,-1.575155,-0.9167887,0.41975468
2.9780555,3.216953,0.36958766,8.724378,-1.087915,-1.5753849,-0.96107095,0.4213615
2.9825933,3.248641,0.35203588,8.602932,-1.1653278,-1.6135327,-0.9546899,0.42361343
2.9703982,3.3663955,0.3732375,8.69488,-1.2247806,-1.5600137,-0.97009706,0.41333246
2.969507,3.2300212,0.4115405,8.628643,-1.2033255,-1.5488226,-0.83995765,0.38452518
2.9608026,3.357563,0.4268452,8.542278,-1.2121136,-1.5413806,-0.7686707,0.40263397
2.9479856,3.9303715,0.38239813,8.615548,-1.2090044,-1.5688975,-0.7524463,0.39072943
2.9750001,3.9062605,0.40139675,8.700303,-1.2120459,-1.5810761,-0.75505877,0.39507282
2.9440093,3.247858,0.4881066,8.666177,-1.2434666,-1.5660493,-0.8050121,0.38255495
2.9599273,3.2950206,0.5971191,8.654337,-1.2178258,-1.587481,-0.84385663,0.4818976
2.9797912,3.3836665,0.5498581,8.659624,-1.2648232,-1.5239352,-0.94706434,0.46424973
2.9969752,3.346915,0.4872172,8.671814,-1.230202,-1.5132532,-0.9220425,0.4053291
0.8407964,4.798571,0.09830809,4.444524,0.10068202,-1.9295394,-0.9030191,-0.3640042
0.81834656,4.756913,0.09733415,4.6187963,0.100634575,-1.8852959,-0.7483398,-0.36866128
0.82870406,4.7372475,0.092493534,4.610074,0.07453251,-1.8997341,-0.78487587,-0.3532326
0.9065072,4.7666907,0.104785204,4.623086,0.0411911,-1.8866725,-0.43907386,-0.35848987
0.92975724,4.8350477,0.1077652,4.724021,0.120712996,-1.8567587,-0.4905001,-0.36010477
1.0572271,4.859763,0.10994232,4.7121763,0.1271708,-1.8294722,-0.6464617,-0.3628325
1.06064,4.9909306,0.11032796,4.701247,0.12067747,-1.8393872,-0.64436483,-0.3617798
1.036195,4.919661,0.114531636,4.71702,0.16936398,-1.9008677,-0.6509321,-0.36812663
0.9777983,4.8275585,0.10871029,4.7129154,0.14080739,-1.9437082,-0.6335465,-0.36290097
0.9638244,4.818799,0.051296234,4.6908712,0.1375792,-1.92818,-0.6939225,-0.34578776
0.9713139,4.855049,0.0857445,4.7003455,0.15794873,-1.8669323,-0.68816936,-0.35499048
0.97686267,4.728362,0.07607341,4.6657276,0.17218041,-1.9119762,-0.56406164,-0.34868902
0.9708772,4.787696,0.08986366,4.679249,0.15469217,-1.9006087,-0.5892391,-0.3700827
0.9748037,4.799365,0.0849905,4.7264895,0.14736795,-1.9034374,-0.6297538,-0.34573972
0.985172,4.8781767,0.10237193,4.5225925,0.1875112,-1.9119086,-0.6829616,-0.37328172
0.970775,4.920431,0.0654192,4.524003,0.18543577,-1.9676118,-0.7052373,-0.37901285
1.2611305,5.058715,0.060996532,4.7675524,0.18635607,-1.9628944,-0.7127881,-0.41155618
1.22022,5.092447,0.0715065,4.771856,0.20548606,-1.9630711,-0.63289475,-0.39544296
0.9897249,5.06614,0.052607298,4.8363075,0.20632887,-1.9403405,-0.6140981,-0.3932049
1.1550584,5.0385475,0.15048695,4.799167,0.08013725,-2.0151176,-0.54212064,-0.39317566
1.2515047,5.021679,0.1358012,4.6925087,0.14458084,-2.0701056,-0.5132845,-0.40855315
1.2482632,4.997621,0.19602096,4.5352526,0.10587549,-1.8711077,-0.4154787,-0.41005254
1.2269887,4.986519,0.20643306,4.7493258,0.030436516,-1.9277298,-0.45992827,-0.3866824
1.2041214,4.950218,0.18894076,4.744084,0.041603565,-1.9436225,-0.5018283,-0.38912088
1.1804593,4.860331,0.1844933,4.7674475,0.05242324,-1.9320447,-0.5419762,-0.39171088
1.1110916,4.881836,0.18940508,4.7671247,0.046758175,-1.9388571,-0.5527852,-0.39391732
1.1248465,4.8728557,0.1827879,4.7184405,0.055220366,-1.9217817,-0.42774636,-0.3982141
1.1213849,4.976468,0.18089879,4.613306,0.05355239,-1.927497,-0.45079935,-0.40323922
1.1321275,4.890041,0.17392588,4.6438074,0.15607214,-1.9440563,-0.5329069,-0.4043446
1.1654464,4.914299,0.18116617,4.6067433,0.117432356,-1.9534642,-0.42941874,-0.4030937
1.2033843,4.9175797,0.185022,4.788029,0.12425327,-1.9838276,-0.45207262,-0.3871567
1.1893411,4.94796,0.16469467,4.7532315,0.16675639,-1.9827181,-0.41249156,-0.38658196
1.1691298,5.0005617,0.1664648,4.7680645,0.20390034,-1.9832352,-0.39845663,-0.38509578
1.1431808,5.031515,0.16910207,4.797312,0.22069979,-2.0071106,-0.36188453,-0.3869335
1.1141996,4.9635496,0.19825172,4.4553313,-0.016183853,-2.0005755,-0.3710987,-0.39208588
1.1374558,4.974853,0.20568871,4.5654783,-0.08857322,-2.0065546,-0.43904716,-0.41253114
1.1152492,5.160187,0.20096588,4.5350943,-0.08537185,-1.979708,-0.49991626,-0.41473415
1.3191563,5.138735,0.19176221,4.604427,0.17194986,-2.011284,-0.567405,-0.4170403
1.3590974,4.897753,0.16097331,4.659428,0.19379687,-1.9562361,-0.46106684,-0.40609276
1.3540452,4.818493,0.21401668,4.5874977,0.13010693,-2.0271711,-0.53836644,-0.43291324
1.3405753,4.827092,0.19601548,4.58261,0.07386494,-2.0780137,-0.52316797,-0.42790595
1.264879,4.8221283,0.19669151,4.5482774,0.07219839,-1.9066482,-0.53220063,-0.4123255
1.1375587,4.6584864,0.16006517,4.5452404,0.008428574,-1.914753,-0.6187026,-0.4148759
1.1413877,4.649184,0.14472365,4.679017,0.06570959,-1.8904778,-0.56267136,-0.42555144
1.1302865,4.6548686,0.12365973,4.701476,0.052735806,-1.8247838,-0.68974686,-0.43675816
1.1632446,4.614584,0.13235617,4.725644,0.039952755,-1.8329608,-0.56265914,-0.43873206
1.1867077,4.6447015,0.15369177,4.618223,0.057048798,-1.9052494,-0.5959283,-0.44014013
1.2115483,4.748847,0.14104831,4.5775642,0.050983667,-1.824749,-0.50806606,-0.46365193
1.2221613,4.8056316,0.1414578,4.6226354,-0.07321966,-1.8308456,-0.51820934,-0.4593302
1.2126212,4.7480936,0.15869808,4.633657,-0.08641398,-1.7959353,-0.49745464,-0.4550152
1.1800092,4.7745895,0.18574643,4.5245852,-0.24745274,-1.7951136,-0.5323559,-0.45816782
1.167309,4.7995863,0.21976805,4.413627,-0.115522385,-1.8894135,-0.54699063,-0.45296708
1.1662405,4.804555,0.21167505,4.407671,-0.14808142,-1.926887,-0.4837724,-0.4203589
1.1615982,4.85399,0.22487295,4.3970222,-0.22796714,-1.8153703,-0.42731237,-0.39995262
1.1623654,4.780776,0.22422278,4.3777895,-0.21017146,-1.8548453,-0.4381749,-0.42632818
1.1585414,4.819932,0.2160604,4.3810835,-0.31859422,-1.7910278,-0.5656837,-0.42426866
1.1286188,4.7761936,0.21041238,4.381226,-0.3005532,-1.7355051,-0.43816042,-0.4078105
1.1316586,4.9268103,0.19811249,4.30441,-0.30390704,-1.7376361,-0.50966823,-0.43972796
1.1413105,4.765895,0.21664846,4.265511,-0.14601874,-1.7118378,-0.40177107,-0.43796852
1.0696735,4.779936,0.2003299,4.2018337,-0.14109302,-1.7064704,-0.35279,-0.44197008
1.1243048,4.6352835,0.20667815,4.199378,-0.21387446,-1.6789155,-0.37655914,-0.4455096
1.1330166,4.78741,0.23425162,4.0926933,-0.28083742,-1.7882404,-0.385356,-0.42644453
1.1471671,4.9943533,0.25115085,4.0907803,-0.2657789,-1.7282529,-0.35248035,-0.4308002
1.1368842,4.736298,0.2552973,4.095847,-0.27104437,-1.7953864,-0.3298425,-0.42328078
1.1189771,4.8514156,0.22771168,4.2297173,-0.3299365,-1.8153822,-0.44399625,-0.35523632
1.1239195,4.6689644,0.23628652,4.225719,-0.35470855,-1.801446,-0.47163385,-0.4304977
1.1138589,4.763887,0.23924947,4.2149754,-0.24568415,-1.7889178,-0.4799146,-0.39178395
1.129245,4.762613,0.23571157,4.193939,-0.3103515,-1.7126584,-0.5115346,-0.40817064
1.1255877,4.698991,0.23792374,4.145807,-0.33219063,-1.7261299,-0.48504627,-0.39876145
1.1018289,4.774411,0.23632145,4.187871,-0.37141716,-1.7533668,-0.49227852,-0.36761168
1.1373267,4.77269,0.24811864,4.135734,-0.37092292,-1.7673595,-0.4873355,-0.37358022
1.1396545,4.86121,0.23995495,4.0664816,-0.37199855,-1.7580075,-0.38359046,-0.40075037
1.143024,4.914447,0.23576784,4.0267453,-0.34575963,-1.8170817,-0.2806902,-0.36938387
1.1429404,4.857807,0.23781347,3.9428306,-0.3710425,-1.8299525,-0.30298126,-0.37587482
1.1468534,4.8661585,0.2548697,4.102085,-0.38594818,-1.9248996,-0.32608885,-0.36841312
1.1260235,4.9172816,0.26220155,3.9594316,-0.5587127,-1.9464871,-0.37711024,-0.3732267
1.1283784,4.8717422,0.25909734,4.267479,-0.55631876,-1.9318001,-0.40884846,-0.3749113
1.162413,4.8756576,0.24661148,4.2607355,-0.5537337,-1.8933954,-0.56449693,-0.36056688
1.1457695,4.834832,0.24434483,4.415524,-0.6275406,-1.8821723,-0.54007673,-0.3016953
1.1553222,4.865459,0.2189858,4.4740562,-0.50006235,-1.9023725,-0.52048874,-0.35380396
1.1769096,4.9162817,0.2327441,4.175704,-0.5159999,-1.8669864,-0.5409341,-0.36588556
1.165585,4.924203,0.25084376,4.166793,-0.5034634,-1.8490918,-0.47715408,-0.36230054
1.1655489,4.904446,0.26586556,4.161024,-0.46279144,-1.8557571,-0.46007395,-0.35579193
1.1630834,4.9141245,0.25904417,4.2073193,-0.36060703,-1.857562,-0.47208548,-0.35084093
1.1717916,4.8805776,0.27871537,4.223343,-0.380571,-1.8536196,-0.43413967,-0.3828457
1.1809974,4.9561152,0.28510213,4.1979856,-0.3782997,-1.8285165,-0.52032614,-0.39419085
1.178129,4.8062162,0.2811408,4.2152386,-0.38076985,-1.7887124,-0.46602112,-0.35423836
1.1447557,4.829069,0.2953124,4.171091,-0.4370799,-1.6576403,-0.48128295,-0.4316278
1.1530317,4.776724,0.28411222,4.1074204,-0.39345872,-1.7558693,-0.5295687,-0.42806628
1.1532679,4.830881,0.28230214,4.1045556,-0.3394482,-1.791588,-0.47869968,-0.40157977
1.1536685,4.823723,0.28600025,4.089945,-0.3824284,-1.8315599,-0.47905576,-0.35515034
1.1438574,4.796953,0.29241395,4.1193333,-0.46181715,-1.8285786,-0.42605776,-0.37193495
1.1376396,4.8426447,0.2786708,4.0791516,-0.32210922,-1.844496,-0.42866325,-0.39636505
1.1451132,4.7407203,0.28483295,4.193034,-0.3867619,-1.8469912,-0.41035223,-0.41256374
1.132119,4.7645063,0.27978146,4.231259,-0.40387094,-1.8665363,-0.5906781,-0.40570137
1.1146728,4.6505146,0.28694832,4.089657,-0.35934293,-1.7713768,-0.5828117,-0.42006886
1.1509889,4.8829412,0.29930794,4.012427,-0.35932374,-1.8371899,-0.533244,-0.43194962
1.1656537,4.9108973,0.30035317,4.014004,-0.3059938,-1.8428272,-0.4122851,-0.3749169
1.1783047,4.913887,0.3045187,4.0685167,-0.3251146,-1.8371874,-0.35561895,-0.40680188
1.1699729,4.943045,0.2957667,3.9835005,-0.36691737,-1.8387061,-0.33232027,-0.38036555
1.1694173,4.770636,0.28513908,4.0075274,-0.4078691,-1.8212082,-0.31484038,-0.38169715
1.1725398,4.8744497,0.2933401,3.9915895,-0.36531663,-1.8255469,-0.33491582,-0.35727578
1.1704803,4.769004,0.29484046,4.0843244,-0.41491127,-1.8579414,-0.38288867,-0.35535443
1.175721,4.867932,0.29204392,4.1064873,-0.3834381,-1.8435385,-0.52539086,-0.37048393
1.1751813,4.8568907,0.3103938,4.134715,-0.39344144,-1.7719482,-0.5069104,-0.39958644
1.1865802,4.894705,0.3305161,4.0289493,-0.4414307,-1.7976089,-0.5043678,-0.39803857
1.181956,4.878004,0.30368638,4.084808,-0.47879243,-1.7285011,-0.49322158,-0.3961485
1.1818464,4.875724,0.30239224,4.204206,-0.41329992,-1.7509141,-0.49729067,-0.39680788
1.1846594,4.8649664,0.30462027,4.122838,-0.4310348,-1.7392094,-0.5495294,-0.3817461
1.199296,4.922477,0.2655058,4.1674385,-0.45408833,-1.7601343,-0.5514866,-0.4132979
1.2680047,4.8809056,0.2640506,4.248304,-0.45341456,-1.7485316,-0.61475134,-0.4185508
1.286192,4.8974886,0.26046777,4.3169823,-0.4484427,-1.7429845,-0.6369142,-0.4181744
1.2596786,4.8956757,0.2533021,4.3400354,-0.5237738,-1.6377262,-0.7083148,-0.42653877
1.2639897,4.837,0.2533505,4.219364,-0.624704,-1.7982144,-0.7352306,-0.42070216
1.2553068,4.8949175,0.24295473,4.3787785,-0.45604372,-1.9331292,-0.74819756,-0.42955017
1.2465463,4.955358,0.22535491,4.399269,-0.36343455,-1.8996217,-0.7762102,-0.43167007
1.2855512,4.9128075,0.23053336,4.3392506,-0.3095503,-2.0108786,-0.80759805,-0.44250464
1.2854338,4.856749,0.23110402,4.336069,-0.23162591,-1.7399449,-0.8317893,-0.43592647
1.299162,4.8730597,0.23207033,4.36275,-0.29365933,-1.9006758,-0.8496866,-0.43771327
1.2289612,4.759404,0.22390151,4.5811477,-0.31043184,-1.8792892,-0.7110959,-0.43093872
1.3452013,4.762966,0.24119413,4.5891,-0.29009974,-1.8097914,-0.71172184,-0.432337
1.3460622,4.757412,0.24015701,4.588893,-0.577083,-1.7205203,-0.8312417,-0.39447558
1.3426942,4.7423835,0.22803426,4.518121,-0.5720732,-1.743063,-0.8357218,-0.43115956
1.2929312,4.791155,0.25652492,4.4439974,-0.5231924,-1.7710116,-0.77111393,-0.38692307
1.2728558,4.8523393,0.23178875,3.732635,-0.5337995,-1.7812955,-0.6714479,-0.4652237
1.543446,9.793112,1.3619003,8.488041,1.1210904,-1.8388691,2.5835154,0.19384098
1.575844,9.703129,1.3537469,8.434402,1.1527033,-1.8733423,2.5614877,0.19248223
1.5250413,9.74345,1.34797,8.456319,1.1477633,-1.8837912,2.541585,0.19349343
1.511604,9.805622,1.2883725,8.433062,1.1565013,-1.8693335,2.4481926,0.2172913
1.5283357,9.285746,1.3747454,8.411982,1.1700606,-1.8511329,2.4483864,0.11155802
1.5206916,9.337126,1.4123902,8.403145,1.1445346,-1.717786,2.4700305,0.10688412
1.5363828,9.497259,1.4668419,8.351938,1.1707513,-1.8732007,2.5903435,0.10495025
1.4226099,9.536514,1.4212542,8.385738,1.1898413,-1.9308087,2.553076,0.10658383
1.3724126,9.61582,1.4685698,8.4233,1.2276149,-1.9164021,2.6436362,0.089790404
1.4065235,9.606268,1.4542496,8.267251,1.2252979,-1.9127922,2.4786742,0.14348108
1.53949,9.554308,1.4469745,8.378611,1.2228961,-1.8628155,2.5051403,0.111756444
1.4429553,9.631929,1.4184661,8.358061,1.2404299,-1.9263527,2.493154,0.113401175
1.5006875,9.519398,1.4062545,8.472681,1.2659109,-1.9242312,2.440662,0.14259881
1.473894,9.942861,1.4224639,8.43152,1.265872,-1.8937395,2.4253745,0.1822049
1.5120451,9.770414,1.414186,8.51713,1.2510204,-1.9002472,2.446374,0.19761914
1.360899,9.800912,1.4161122,8.390892,1.3144474,-1.8929598,2.4395943,0.19110388
1.3442572,9.646514,1.5088892,8.354542,1.3073866,-1.7620065,2.344988,0.21826416
1.2949171,9.732469,1.4926825,8.428709,1.2543514,-1.7751971,2.3067088,0.21355468
1.289532,9.779779,1.5224705,8.419136,1.2904279,-1.7775087,2.3183284,0.21242654
1.3237435,9.76969,1.5176244,8.458682,1.2462387,-1.7873011,2.4171953,0.21319121
1.2700883,9.886173,1.5020962,8.453041,1.292526,-1.7827291,2.3408997,0.21173537
1.2807965,9.840185,1.5181499,8.415227,1.2261765,-1.7631856,2.3413646,0.23902243
1.4124062,9.820681,1.5179081,8.414,1.2093372,-1.7834167,2.455268,0.2418086
1.3817494,9.767069,1.4578516,8.365975,1.2285719,-1.8030744,2.4813287,0.22227389
1.3793486,9.90427,1.4668174,8.403401,1.2671788,-1.8591563,2.400119,0.19349658
1.4301406,9.860672,1.4650638,8.426264,1.2562449,-1.8778156,2.472869,0.22124445
1.49776,9.819235,1.4602318,8.400715,1.2430539,-1.8459464,2.4605355,0.23816979
1.3042964,9.785065,1.5482564,8.3889065,1.2589839,-1.8242856,2.4951732,0.22097057
1.2976897,9.747238,1.535986,8.361485,1.2786825,-1.7751944,2.4724505,0.23455787
1.2888029,9.716717,1.4979928,8.396389,1.3112562,-1.8083093,2.4630234,0.23272884
1.4038218,9.772404,1.523381,8.427467,1.3683195,-1.8564607,2.4121642,0.231125
1.4218233,9.886839,1.542208,8.426668,1.370678,-1.861228,2.433216,0.25575626
1.4113829,9.775592,1.5753744,8.422959,1.3493671,-1.8166866,2.4202948,0.25907457
1.3928573,9.755186,1.5563235,8.433685,1.3637409,-1.7944019,2.404453,0.26481283
1.3874502,9.781391,1.574702,8.400601,1.3639209,-1.8040247,2.4056828,0.24933183
1.3442472,9.740647,1.5961092,8.369799,1.3580091,-1.8053854,2.380465,0.24702096
1.3003182,9.753477,1.5529227,8.28754,1.3735213,-1.8217963,2.3856697,0.2552693
1.2865115,9.72483,1.4608636,8.30074,1.2851868,-1.7529078,2.3844776,0.24783635
1.2743287,9.779559,1.4850297,8.256168,1.2706873,-1.7810915,2.4438372,0.25772727
1.3695898,9.680384,1.4841752,8.373369,1.273942,-1.8026683,2.4369836,0.22159141
1.3435453,9.668288,1.5846279,8.380962,1.2551849,-1.8089167,2.4258094,0.21050417
1.3297553,9.83753,1.5717714,8.387978,1.3102901,-1.8404093,2.5025277,0.21253812
1.362361,9.82736,1.602596,8.462789,1.3034651,-1.8370521,2.4589956,0.21099377
1.5038679,9.73656,1.6161313,8.474924,1.3171732,-1.829174,2.5015993,0.19546515
1.4595594,9.99469,1.6344802,8.5285,1.335994,-1.8371775,2.4941957,0.24376887
1.4633554,9.939814,1.6205821,8.598914,1.3337004,-1.8448497,2.4815526,0.23616457
1.4892391,9.962623,1.6021318,8.625784,1.3448303,-1.8715968,2.4626536,0.16223764
1.4841267,9.973262,1.5862212,8.628106,1.3466768,-1.8181375,2.3450274,0.1982857
1.4812016,9.903906,1.4727988,8.609541,1.3412232,-1.8375833,2.2621837,0.20274651
1.49159,9.947353,1.4956405,8.611082,1.3351192,-1.814404,2.1767619,0.20039028
1.4865379,9.836489,1.48719,8.603373,1.293416,-1.8018724,2.1517124,0.2085172
1.521059,9.774128,1.4504211,8.587549,1.2866969,-1.8088107,2.2026842,0.20942456
1.4074845,9.853317,1.467922,8.609304,1.3116293,-1.8148918,2.1802895,0.19270343
1.4723289,9.961966,1.474736,8.631678,1.2720664,-1.8275864,2.1945734,0.17157692
1.44527,9.962761,1.4685316,8.645514,1.2927454,-1.8086623,2.216583,0.17150974
1.3644105,9.977882,1.4785423,8.664817,1.2630804,-1.8062525,2.1705017,0.16977137
1.3410056,9.930638,1.4470103,8.605831,1.2552826,-1.7759987,2.1446393,0.15155876
1.3229507,9.980259,1.4554276,8.587193,1.2575133,-1.7639331,2.1430893,0.16875845
1.2225919,9.97727,1.4480164,8.576027,1.2440104,-1.7426043,2.201065,0.17571723
1.2206057,9.903849,1.4138441,8.53211,1.2226753,-1.7154981,2.2151024,0.19084561
1.2303728,9.826212,1.3826864,8.676609,1.2267544,-1.7424276,2.2149782,0.19698668
1.2060212,9.70636,1.3793616,8.645671,1.2280288,-1.7619996,2.3976288,0.18794131
1.1386882,9.75646,1.460937,8.662693,1.2141612,-1.7986932,2.365741,0.19227159
1.2669501,9.54248,1.4414237,8.679369,1.2224016,-1.7095693,2.3794992,0.21682149
1.2286403,9.802096,1.4340303,8.512114,1.2059789,-1.7094188,2.3550398,0.20516175
1.211596,9.835619,1.4147,8.510435,1.2578688,-1.764879,2.2028856,0.2417345
1.229194,9.849434,1.4157655,8.472765,1.3391497,-1.7509915,2.2554615,0.18897235
1.2131307,9.921839,1.4128122,8.536473,1.3206525,-1.7218971,2.2307088,0.17930937
1.2211552,9.962149,1.3532164,8.459148,1.3244958,-1.8296804,2.2607365,0.16842788
1.3389153,9.939981,1.3392277,8.464906,1.2987797,-1.8289038,2.272019,0.17651546
1.3525058,9.996466,1.3570333,8.476112,1.2899044,-1.8433175,2.2826874,0.1911993
1.4120404,9.95719,1.3425233,8.473948,1.2875147,-1.8430226,2.2696462,0.16293305
1.4500172,9.917763,1.381196,8.449137,1.318892,-1.8702066,2.2590246,0.16384679
1.3929605,9.918095,1.407325,8.494936,1.2774355,-1.8813181,2.2589679,0.17293799
1.526009,9.918537,1.4263303,8.461048,1.3018901,-1.853385,2.3531034,0.25557256
1.5421764,9.837107,1.4399662,8.506275,1.3200836,-1.8503509,2.36517,0.27359235
1.5414033,9.883526,1.4625747,8.56901,1.3090158,-1.8496168,2.407793,0.26534498
1.4760224,9.837365,1.4465384,8.483311,1.2940798,-1.8541924,2.4190226,0.2617973
1.4549832,9.949608,1.4521191,8.452834,1.3134193,-1.8853874,2.427643,0.2595656
1.4491625,9.916422,1.4406669,8.438177,1.3199549,-1.8914654,2.379942,0.20636737
1.4175813,9.984972,1.4569211,8.480698,1.310741,-1.8904866,2.3747098,0.21319443
1.4739873,9.991922,1.4660828,8.524818,1.3138402,-1.9004495,2.3751547,0.2053901
1.4747295,9.986727,1.4714687,8.482893,1.3217974,-1.9024692,2.406137,0.20551974
1.551239,9.790239,1.4133482,8.494473,1.3394735,-1.8907244,2.4055066,0.2536162
1.5108421,9.816859,1.4625521,8.555019,1.3248291,-1.8638362,2.4171035,0.2740476
1.4982531,9.846619,1.471365,8.479636,1.3474381,-1.8568621,2.4243655,0.27800202
1.5335705,9.925085,1.4432528,8.494548,1.3057485,-1.8494816,2.3936696,0.26776564
1.5377839,9.957027,1.4316814,8.562321,1.3223829,-1.8711457,2.394377,0.27472627
1.5713079,9.916904,1.4461985,8.561084,1.3114793,-1.8815773,2.4154058,0.27581453
1.5938605,9.875475,1.4460137,8.625427,1.2681706,-1.9014934,2.4001904,0.21833724
1.6007837,9.845027,1.4755082,8.622483,1.3156338,-1.9032223,2.351513,0.17822027
1.5537755,9.811379,1.4366341,8.528824,1.3604369,-1.9236981,2.3552933,0.1663717
1.6048479,9.912943,1.4434423,8.589543,1.3432617,-1.9461304,2.1148996,0.1657517
1.643911,9.858331,1.4699831,8.554306,1.4652178,-1.9350556,2.1541421,0.18711233
1.6852076,9.683073,1.4707692,8.539517,1.4177592,-1.9330133,2.2213495,0.17859966
1.6322502,9.824984,1.4451203,8.537763,1.4155209,-1.9285573,2.2282035,0.18924034
1.5698876,9.66147,1.3875899,8.507447,1.3820484,-1.9362684,2.1665912,0.19737417
1.5184792,9.647348,1.3770256,8.5091305,1.3909755,-1.9792612,2.1686387,0.165443
1.471532,9.629291,1.3781264,8.478405,1.3705761,-1.9756067,2.2252197,0.17313296
1.644861,9.73117,1.386544,8.469115,1.3491805,-1.9485824,2.2865524,0.19989198
1.617173,9.810866,1.4248979,8.532819,1.3558383,-1.9104736,2.2992299,0.18971103
1.5459534,9.807497,1.4399176,8.43008,1.3598914,-1.9887159,2.396521,0.15974641
1.2940826,9.942175,1.4499485,8.623597,1.3846762,-1.9910456,2.3553019,0.14140505
1.2925879,9.861797,1.4780428,8.618711,1.3728657,-1.9423513,2.3535738,0.14514017
1.4910693,9.807177,1.4860461,8.526004,1.3834705,-1.941122,2.3347452,0.18841189
1.4173837,9.7257395,1.5229034,8.540799,1.3290081,-1.8734183,2.3214355,0.16153908
1.343102,9.741443,1.5210085,8.586553,1.2917042,-1.8576934,2.3252473,0.16348976
1.3547454,9.777184,1.4925625,8.549824,1.3158484,-1.8266493,2.3566139,0.12714666
1.3865005,9.828714,1.4021513,8.449004,1.2809744,-1.8478172,2.2565253,0.17066258
1.3023933,9.810616,1.4066892,8.42569,1.3635752,-1.8257794,2.3364935,0.17500317
1.3090583,9.826925,1.446039,8.401891,1.3576868,-1.8439491,2.4003296,0.18246728
1.3751732,9.830747,1.4466684,8.458363,1.3074987,-1.8985364,2.468222,0.1725626
1.3450625,9.824258,1.5303092,8.43608,1.365763,-1.9037659,2.4240386,0.21693242
1.3203042,9.924418,1.5617852,8.381361,1.368459,-1.8914628,2.3988142,0.20763785
1.3103738,9.940467,1.5648713,8.424451,1.3661695,-1.9038608,2.4014068,0.21190077
1.2705166,9.943104,1.5218508,8.451324,1.3682263,-1.905842,2.4471862,0.22287685
1.2726955,9.968008,1.5556476,8.460497,1.4054482,-1.9245124,2.4447188,0.23474562
1.3064376,9.873554,1.6047385,8.495523,1.4727671,-1.9154596,2.5046403,0.24829936
1.2762209,9.88291,1.4659114,8.448517,1.4911971,-1.9788282,2.3435872,0.2563113
1.3658651,9.841711,1.4468324,8.342422,1.4869533,-1.9951075,2.298865,0.24946666
1.2577276,9.809158,1.4449353,8.351616,1.5102057,-2.0245178,2.3415704,0.23981601
1.3929685,9.711386,1.3957262,8.346935,1.5146372,-2.0492918,2.2650774,0.16832721
1.3843687,9.74073,1.3943567,8.360289,1.5120401,-2.0502865,2.2302067,0.17510384
1.350749,9.680603,1.3929694,8.364895,1.4805281,-2.0540895,2.2490473,0.15505552
1.3516864,9.502607,1.3823547,8.376072,1.4888091,-2.004838,2.136799,0.15201056
1.2928146,6.825924,1.7945795,9.140633,-1.1979808,-2.0143104,0.27580774,-0.05801335
1.2520458,6.6454296,1.8153434,9.118162,-1.2014949,-2.0491588,0.28942072,-0.046441764
1.2483435,6.366437,1.8114948,9.110211,-1.1736875,-2.006102,0.30262864,-0.037043333
1.3142124,6.4466267,1.6653552,9.063591,-1.2217734,-1.9708788,0.36004496,-0.064810276
1.3158493,6.413264,1.6485362,9.05979,-1.1150625,-1.9389269,0.35506618,-0.06677234
1.3121815,6.3866277,1.6636777,8.946273,-1.160361,-1.9780817,0.34187007,-0.07658011
1.3146815,6.409739,1.6660776,8.95553,-1.096931,-1.7801453,0.39592814,-0.07262194
1.3173367,6.341278,1.6848884,8.971455,-1.1110544,-1.8040524,0.2987789,-0.07447028
1.3243189,6.386895,1.7119002,8.958879,-1.1095212,-1.8639059,0.33626246,-0.09443724
1.2947612,6.4390745,1.6510875,9.035067,-1.1160092,-1.8243102,0.42402315,-0.09337109
1.30394,6.2576838,1.7190521,8.985393,-1.1265891,-1.8539193,0.4902624,-0.041238368
1.3435893,6.428316,1.7152021,9.111246,-1.2541035,-1.9897542,0.28713775,-0.05477953
1.2568601,6.9249454,1.5973856,9.163887,-1.3249524,-2.0688534,0.52863085,-0.037594616
1.2169904,6.3579984,1.4824352,9.1614275,-1.323976,-2.0828314,0.5287063,-0.0067794323
1.3271316,5.7621326,1.5114453,9.178145,-1.3139477,-2.0919442,0.5736835,-0.00036001205
1.3316231,5.916948,1.5187757,9.241022,-1.0027308,-2.0305014,0.53889906,-0.015645802
1.3055778,5.981943,1.5437372,9.410891,-0.9532262,-1.9561923,0.54989576,-0.052920014
1.284812,6.071445,1.5665097,9.394295,-0.93039334,-1.9422202,0.54921186,-0.06819838
1.2800503,6.091951,1.5815897,9.353179,-0.8935394,-1.9257727,0.55172384,-0.075063616
1.2766013,5.909813,1.5691533,9.404303,-0.82811403,-1.9522859,0.553131,-0.07497829
1.3408781,5.934476,1.5474911,9.193388,-0.8230263,-1.980176,0.551064,-0.0729799
1.3674713,5.952578,1.5983477,9.2021,-0.77763546,-1.995873,0.53848994,-0.065536976
1.4388754,6.116276,1.5961514,9.229804,-0.8221257,-2.0198026,0.57255197,-0.115332484
1.3442824,6.514722,1.5431328,9.272151,-0.78550386,-1.9528787,0.5823767,-0.098609835
1.3134615,6.109075,1.5021908,9.281006,-0.7983831,-1.9354143,0.5822451,-0.09851408
1.4225872,6.681813,1.4818203,9.118078,-0.8056629,-2.0240412,0.52586424,-0.08624941
1.335644,6.708195,1.4435525,9.081009,-0.88668406,-2.078627,0.50753367,-0.070446014
1.334401,7.2553806,1.399591,9.007322,-0.89809394,-1.8818773,0.52851665,-0.112579346
1.3263197,7.2266397,1.5629957,8.774066,-0.8904954,-1.9506102,0.27436483,-0.11060369
1.3435254,7.207263,1.5727904,8.411182,-0.65550137,-1.927078,0.3866229,-0.12893921
1.407153,6.9551697,1.5842311,8.249801,-0.7275691,-1.867568,0.44667375,-0.08576882
1.346824,7.197278,1.5958927,8.313423,-0.72893965,-1.7594516,0.46886766,-0.072791755
1.349603,7.3228045,1.4223971,8.438768,-0.801888,-1.7555895,0.44841468,-0.07445645
1.3533325,6.924176,1.4896517,8.727671,-0.8209915,-1.759224,0.39142668,-0.08113524
1.3612304,7.0074515,1.4950516,8.742402,-0.8545836,-1.759956,0.5518476,-0.0707694
1.3206575,7.075348,1.4953065,8.738632,-0.7841015,-1.7609588,0.507254,-0.07621527
1.3253187,7.041892,1.5249274,8.259166,-0.7514924,-1.7513484,0.4972893,-0.07464248
1.4691073,6.93655,1.5592189,8.245045,-0.7791817,-1.7749375,0.5760387,-0.07572526
1.3369365,7.0383205,1.7459073,8.255606,-0.7428467,-1.7669415,0.57578945,-0.07517576
1.3324397,7.033291,1.76596,8.248049,-0.71050084,-1.7177213,0.39551497,-0.04090017
1.4173508,6.899597,1.7394261,8.384306,-0.7107823,-1.77931,0.3975588,-0.04558158
1.4608828,6.962849,1.712666,8.514876,-0.6928507,-1.8437824,0.3709916,-0.103391856
1.4697937,6.3687396,1.7156413,8.674042,-0.73812366,-2.0121756,0.29515195,-0.016902387
1.4638963,6.4803514,1.7254331,8.485141,-0.8080646,-1.9671545,0.33406973,-0.04846084
1.4694266,6.603839,1.724855,8.497439,-0.7640383,-1.9319565,0.3913691,-0.03728831
1.4537678,6.6004434,1.7239466,8.519032,-0.77128816,-1.8784556,0.3519057,-0.056479514
1.4647536,6.5693026,1.7619157,8.562096,-0.7939769,-1.88693,0.46469688,-0.05932495
1.4288006,6.7475133,1.7110019,8.601398,-0.83874035,-1.8790836,0.4407202,-0.09320396
1.4615302,6.66855,1.5964408,8.651118,-0.80104315,-2.1263738,0.26387024,-0.08931741
1.4177049,7.141026,1.5238082,8.496548,-0.7159753,-2.1263666,0.23002899,-0.089040756
1.4249781,6.6079016,1.6144948,8.484976,-0.71397436,-2.0414944,0.2468822,-0.045012534
1.4505732,6.6883063,1.7351267,8.626083,-0.7559104,-2.0459924,0.3077457,-0.034952044
1.4464539,6.541771,1.674978,8.543793,-0.7651528,-2.2197704,0.29216945,-0.042388737
1.4604777,6.587484,1.6764965,8.524311,-0.76364493,-2.0812006,0.35567486,0.020374894
1.4638529,6.675143,1.726414,8.421883,-0.6593052,-2.2038388,0.33996105,-0.005019784
1.4725139,6.7099667,1.751682,8.354326,-0.65081954,-1.9682682,0.34488237,0.0058116913
1.4968929,6.6333055,1.754492,8.3364935,-0.6890867,-1.9550272,0.27380037,-0.048141062
1.5027597,6.657964,1.7288339,8.388446,-0.78077936,-1.9519478,0.16609132,-0.04791984
1.5567768,6.661167,1.6163802,8.280611,-0.82596636,-1.9523311,0.15581858,-0.029148996
1.5796288,6.789089,1.6451685,8.167616,-0.83278143,-1.8997364,0.15738475,-0.020183116
1.5687062,6.7999525,1.7010334,8.344946,-0.7538817,-1.952697,0.13034451,-0.04960963
1.4366484,6.52974,1.6779001,8.300035,-0.6839559,-1.9137471,0.12041211,-0.117029846
1.4197366,6.4119744,1.7005656,8.203057,-0.63093984,-1.9611768,0.16522563,-0.089625716
1.3460139,6.4536147,1.6887074,8.627659,-0.67652977,-1.9325371,0.1759497,-0.0993157
1.5513972,6.3904133,1.7530074,8.256039,-0.6818358,-1.9307802,0.18983221,-0.081502855
1.4922608,6.472238,1.6778574,8.172373,-0.681136,-1.9213147,0.17859161,-0.13436827
1.4643145,6.5312276,1.6782465,8.196021,-0.63815975,-1.9265254,0.13346684,-0.1484921
1.4709072,6.537937,1.6589956,8.004063,-0.56719494,-1.926799,0.12773013,-0.09472975
1.4813805,7.085701,1.66048,8.176697,-0.6000073,-2.065661,0.13972294,-0.11792076
1.5064335,6.6058574,1.8100572,8.200777,-0.54010725,-2.0786543,0.25482893,-0.114931226
1.5060356,6.609506,1.824707,8.210142,-0.54112697,-2.0867746,0.5131602,0.052055717
1.493925,6.6073227,1.8294353,8.215518,-0.51087546,-2.0871859,0.45741928,0.056953073
1.5183908,6.560448,1.8085515,8.166828,-0.3643496,-2.177038,0.4864713,0.055047274
1.5115391,6.5568457,1.7950215,8.2071295,-0.37073612,-2.2469254,0.47823155,0.039148092
1.4860547,6.671755,1.8247526,8.194342,-0.4556291,-2.2475038,0.48572993,0.048882127
1.491108,6.5895724,1.8048558,8.197826,-0.464275,-2.2284153,0.33237243,0.07731593
1.4999299,6.552593,1.8118138,8.1963825,-0.41286802,-2.2409024,0.3738892,0.020851016
1.4882685,6.5650992,1.8211613,8.201982,-0.41922688,-2.1309466,0.5373504,0.050518155
1.4892805,6.5230045,1.8627644,8.271669,-0.4420687,-2.089096,0.36889446,0.01099503
1.4825,6.571241,1.9679937,8.422636,-0.4031918,-2.074239,0.19558954,-0.0014616847
1.4492316,6.646914,1.9505355,8.3783045,-0.3525442,-2.0147278,0.084933996,0.024055183
1.4623325,6.643142,1.8131585,8.389962,-0.4972769,-2.0328898,0.36865556,-0.0021406114
1.4605236,6.5868034,1.8398564,8.426252,-0.49562836,-2.0451736,0.5618936,-0.0020688772
1.4332697,6.5900583,1.867238,8.539988,-0.37609088,-2.138568,0.58571076,-0.033941776
1.4306421,6.3406987,1.8701258,8.526773,-0.2933104,-2.1625888,0.5764487,-0.004338503
1.3945997,6.4036145,1.8377752,8.600317,-0.35782588,-2.1778054,0.6930156,0.01168251
1.381927,6.492879,1.8461323,8.602194,-0.347605,-2.2643032,0.734444,0.0015102625
1.3954821,6.5439425,1.8658335,8.608742,-0.4129845,-2.1334505,0.7022128,-0.007039726
1.4061334,6.568043,1.8934383,8.601759,-0.36342514,-2.136124,0.6864443,-0.00073224306
1.4341278,6.6327243,1.9043286,8.546466,-0.4673736,-2.0603342,0.65913856,0.0032340288
1.4277982,6.737514,1.9128447,8.483492,-0.43972588,-2.0853214,0.6701119,-0.010975897
1.426378,6.6760945,1.8281944,8.475622,-0.42746985,-2.0686345,0.6411655,-0.0012176633
1.4427656,6.6767864,1.858974,8.475971,-0.4541371,-2.055305,0.65324724,-0.0024836063
1.443286,6.6124806,1.9370227,8.505929,-0.5139936,-2.2094874,0.6345203,-0.0062420964
1.4258137,6.6014633,1.9269164,8.546236,-0.538391,-2.176512,0.6227573,-0.0070408583
1.4319887,6.706808,1.932066,8.49404,-0.54745936,-2.1523535,0.651211,-0.00980401
1.35297,6.7114596,1.9261208,8.4854145,-0.53436613,-2.2157269,0.5837784,0.0046055913
1.3517332,6.6794143,1.9254732,8.536148,-0.5560621,-2.1469994,0.6629783,0.0053282976
1.3542769,6.817354,1.856364,8.730846,-0.57073915,-2.176159,1.0643358,0.027722836
1.1334963,7.0373673,1.7695866,8.578358,-0.5728545,-2.1871717,1.1162453,0.030843377
1.1360883,6.791438,1.7704217,8.65855,-0.46797824,-2.1855268,1.0793793,0.0064786077
1.2071437,6.9855056,1.8239937,8.500139,-0.37756157,-2.1793337,1.0646014,0.009219348
1.1632718,6.9522204,1.806514,8.495056,-0.39250934,-2.168065,1.0735276,0.008413911
1.1581161,7.077126,1.8157582,8.505804,-0.3926134,-2.1532412,1.0489633,0.016684413
1.1580461,7.1324043,1.8096318,8.508251,-0.41444182,-2.1538262,1.1197038,0.01751256
1.1470389,6.919598,1.7330017,8.546429,-0.42905974,-2.1392932,1.079603,-0.011175722
1.145967,6.9393377,1.7702644,8.502433,-0.4609474,-2.127935,1.0995064,-0.026226163
1.1572709,7.0360627,1.7658682,8.530157,-0.26886952,-2.1676083,1.136683,-0.02411002
1.1674647,6.7263637,1.8228631,8.549382,-0.3098538,-2.206095,1.1455295,-0.02677381
1.1490167,6.820575,1.85444,8.431248,-0.3367448,-2.1990921,1.1468744,-0.022307783
1.1379573,6.839706,1.8289006,8.66794,-0.31013942,-2.2293875,1.0720353,0.010494292
1.1271515,6.8435726,1.8943641,8.740629,-0.31822717,-2.2419257,1.0165453,0.009220898
1.1267297,6.7898254,1.9160137,8.7549,-0.32230222,-2.2905436,1.0597472,-0.027462274
1.1013603,6.680448,1.9335461,8.707533,-0.31863606,-2.1057792,1.0071766,-0.020913392
1.1146104,6.847703,1.9083645,8.722991,-0.36420667,-2.1448877,0.97973824,-0.00826472
1.1155655,6.801877,1.8634079,8.555891,-0.41278493,-2.1493583,1.0374892,0.045728147
1.101063,6.7956038,1.8713231,8.467892,-0.3883989,-2.179214,1.1751626,0.04873562
1.1032473,6.825238,1.8822227,8.414281,-0.28148496,-2.018239,1.1969991,-0.041833103
1.137883,6.974396,1.8949087,8.453835,-0.3018751,-2.3152757,1.1979108,0.012176573
1.1285068,6.984575,1.9020967,8.362705,-0.3715005,-2.3429532,1.2434375,0.013050199
1.1117098,7.033943,1.894083,8.390083,-0.35577393,-2.3445811,1.1818073,0.015909195
1.1376947,7.0270176,1.7564559,8.361985,-0.34564424,-2.32606,1.1684344,0.03539431
1.1437161,7.1440034,1.7598281,8.255198,-0.33671832,-2.3367963,1.1566374,0.019330204
1.1445227,7.127577,1.7470005,8.203031,-0.3172611,-2.416253,1.1286969,0.017296433
1.1581361,7.0647535,1.7520084,8.2585535,-0.31779766,-2.4237456,1.1401894,0.023705125
2.3652167,5.505661,0.6685697,3.9878736,-0.18303585,-2.9065318,2.3064973,0.57323265
2.3774834,5.5063105,0.6626675,3.9120395,-0.15289557,-2.917692,2.3202975,0.57065797
2.3517413,5.4899607,0.6599467,3.7602856,-0.07769334,-2.9226758,2.255392,0.5699029
2.3437781,5.3598204,0.6342006,3.7537222,-0.044433475,-2.9159582,2.2643278,0.55220675
2.3253763,5.4055977,0.64227045,3.7664135,0.00024676323,-2.9010882,2.2478473,0.53419435
2.4431417,5.436431,0.6322483,3.6690426,-0.04158938,-2.931293,2.3264663,0.55407274
2.3984952,5.392903,0.65566874,3.4965146,-0.19745731,-2.9474156,2.3133419,0.5643518
2.3949606,5.3950176,0.59654474,3.5474286,-0.1830715,-2.973268,2.323969,0.55498946
2.3960238,5.431395,0.63598466,3.859424,-0.15019023,-2.9086187,2.3181577,0.59835434
2.3769748,5.3381357,0.64839935,3.8221414,-0.19027472,-2.9124842,2.2628138,0.59676576
2.362998,5.348051,0.64149094,3.9408197,-0.19120848,-2.8976104,2.2584217,0.57058084
2.3757296,5.3333263,0.6326331,3.769484,-0.16114664,-2.964001,2.2657957,0.56593645
2.3730676,5.2621727,0.63372755,3.8041596,-0.27181077,-2.995984,2.2363646,0.55604684
2.3776357,5.2632275,0.617401,3.8307984,-0.27556407,-2.994193,2.2091036,0.5539255
2.3729072,5.334016,0.61231196,3.9667757,-0.3022275,-2.9581451,2.2047093,0.55308867
2.3643093,5.251645,0.60836554,3.9068608,-0.2527566,-2.9536939,2.1766067,0.541602
2.3648424,5.2456574,0.6123719,3.8544166,-0.27009368,-2.9490993,2.1578832,0.5389788
2.3476157,5.232464,0.615504,3.9015296,-0.27945626,-2.9065428,2.1587393,0.5481627
2.3473341,5.2362766,0.61621284,3.9147122,-0.2059052,-2.9104626,2.1727378,0.54038393
2.370351,5.2373457,0.62870646,3.9200234,-0.23049188,-2.8982358,2.193704,0.5357523
2.369624,5.304138,0.63070273,3.9252882,-0.22531044,-2.9647706,2.2439227,0.5325422
2.380061,5.378235,0.6263604,3.8999536,-0.2699542,-2.9977973,2.2437289,0.552896
2.362895,5.3814077,0.6306753,3.9016407,-0.20703733,-2.9846935,2.2516243,0.54848933
2.3456292,5.332202,0.642436,3.8976302,-0.33205187,-2.9575548,2.2393334,0.569957
2.3519595,5.307908,0.63216245,3.942482,-0.37702727,-2.964505,2.2604353,0.5994017
2.3501058,5.2707753,0.6258695,3.8871331,-0.40591407,-2.9837956,2.2588294,0.5887289
2.329161,5.255027,0.6383959,3.805371,-0.31730604,-2.982168,2.2357318,0.5828216
2.3426306,5.298085,0.65415215,3.8303735,-0.22082281,-2.9941082,2.2907667,0.57051563
2.3863113,5.3600183,0.6515138,3.913772,-0.20516276,-2.9659338,2.2820916,0.53193426
2.394705,5.337229,0.6473417,3.8454316,-0.2092303,-2.9503527,2.26139,0.5379276
2.3993964,5.359285,0.5364678,3.5857701,-0.08789873,-2.9440377,2.270812,0.5805656
2.3859,5.3957276,0.5458647,3.5586517,-0.07754707,-2.9848604,2.286262,0.5555309
2.4003067,5.296157,0.5694711,3.5976338,-0.16141832,-2.947089,2.227772,0.5521467
2.4157343,5.295639,0.4471035,3.5800438,-0.22249663,-2.9281456,2.2215972,0.5432416
2.416316,5.452073,0.5063102,3.5445623,-0.2010591,-2.963904,2.226847,0.5475596
2.4200091,5.260571,0.45013654,3.4912891,-0.23705256,-2.9336483,2.2191327,0.5308664
2.4001846,5.3990655,0.44987774,3.508763,-0.19598198,-2.9796753,2.3553634,0.6060219
2.4038372,5.7156363,0.5193323,3.4190881,-0.29492176,-2.98486,2.323858,0.5923202
2.4134536,5.3470488,0.46865308,3.4925456,-0.28174174,-2.8909123,2.421099,0.5845728
2.4051905,5.366064,0.5173832,3.56759,-0.1946379,-2.9233806,2.372325,0.6001245
2.4509656,5.388282,0.53031397,3.5901706,-0.17467535,-2.9253523,2.2445242,0.5956534
2.4191806,5.362137,0.433887,3.5940433,-0.2057085,-2.9182012,2.290627,0.55258155
2.3791685,5.3144493,0.49104798,3.6291347,-0.1352377,-2.9094012,2.3065965,0.59055626
2.451878,5.349723,0.466519,3.6570878,-0.06699312,-2.922862,2.2444615,0.58446515
2.3845189,5.5289993,0.540853,3.6643245,-0.09747982,-2.8862906,2.3470302,0.568666
2.3392,5.3075147,0.5799639,3.583134,-0.09571123,-2.906546,2.373058,0.5818815
2.3731012,5.515911,0.5522888,3.5801134,-0.1075362,-2.9003232,2.3511245,0.5931277
2.3793144,5.4315257,0.58571744,3.5967937,-0.08953178,-2.8393166,2.437293,0.5871924
2.4053285,5.39793,0.6956272,3.4134092,0.09983683,-2.8345304,2.4453914,0.6104393
2.395266,5.4418187,0.76939285,3.4819136,0.08789921,-2.8127012,2.4553618,0.61179364
2.3863213,5.467086,0.79391885,3.2955642,0.08844209,-2.8109078,2.4639876,0.61148715
2.408383,5.381543,0.7975161,3.2835562,0.10445237,-2.835023,2.4734023,0.6479666
2.409473,5.378681,0.8035321,3.3255057,0.105469465,-2.8458757,2.4700215,0.64510703
2.4084635,5.389123,0.7572782,3.3264155,0.04872608,-2.8074872,2.4764717,0.63864565
2.40691,5.3818307,0.71627283,3.3164313,0.0898211,-2.8760147,2.4862244,0.6490816
2.4352765,5.5032663,0.72022057,3.399027,-0.010685325,-2.854517,2.5037053,0.6366762
2.4188929,5.468012,0.7594876,3.5254347,-0.024256468,-2.8827019,2.4782746,0.6409565
2.3962963,5.509303,0.7896848,3.5132582,-0.08231151,-2.8456416,2.4551797,0.6557312
2.4024348,5.365986,0.7026731,3.3639002,0.036525488,-2.8598022,2.4434116,0.65190625
2.4019115,5.244296,0.77740526,3.3233287,0.09171176,-2.867575,2.4407063,0.6650938
2.3713217,5.1966677,0.76606274,3.028883,-0.18362963,-2.853207,2.4469278,0.6465651
2.383613,5.2140217,0.7655957,3.1378944,-0.14158261,-2.848525,2.4604206,0.77016234
2.3989503,5.2426476,0.71413636,3.3501434,-0.14465797,-2.826324,2.482334,0.71112025
2.3866124,5.2781315,0.72482014,3.4314198,-0.10814798,-2.8251035,2.4955926,0.7232009
2.372356,5.310675,0.72949433,3.4231594,-0.13813806,-2.8724387,2.4965577,0.6954491
2.372489,5.2965565,0.7267058,3.458469,-0.10428798,-2.8927655,2.460463,0.68554854
2.3731146,5.4092875,0.7218025,3.4206276,-0.12776124,-2.891798,2.465775,0.69191825
2.389194,5.2715034,0.6831416,3.4803262,-0.16480756,-2.8276255,2.4904969,0.7061634
2.375379,5.4510937,0.6817347,3.7123005,-0.17894435,-2.8228197,2.457996,0.70982623
2.3880932,5.608116,0.7144283,3.575019,-0.18404853,-2.833816,2.4661524,0.69513094
2.4038596,5.6402817,0.71591806,3.5305483,-0.17825758,-2.8591883,2.457278,0.6742301
2.3795416,5.5733833,0.7081542,3.6980853,-0.17780828,-2.8566618,2.4273496,0.67071486
2.4110434,5.4213285,0.6948011,3.4447021,-0.15200448,-2.8522,2.4481263,0.6718389
2.3774855,5.405892,0.6805624,3.1528153,-0.19785309,-2.8774924,2.450772,0.680773
2.367745,5.382633,0.6585697,3.4460108,-0.15001237,-2.856897,2.44812,0.7173228
2.3581824,5.3866973,0.6383531,3.4863749,-0.27013743,-2.920528,2.4256206,0.71197855
2.325131,5.3465443,0.64064324,3.4546583,-0.25757015,-2.9160964,2.4046507,0.7227156
2.3319397,5.372264,0.645509,3.2875047,-0.2847891,-2.9049654,2.3986866,0.72342765
2.326156,5.296197,0.7004665,3.2743669,-0.2583989,-2.9513328,2.4062295,0.7041564
2.321659,5.276594,0.73854315,3.275731,-0.24105728,-2.9804862,2.4140127,0.7256032
2.3238614,5.2070665,0.67917395,3.236406,-0.2069459,-2.9345016,2.4112866,0.6978369
2.3196387,5.2299633,0.6419382,3.0645695,-0.19096994,-2.9263663,2.4094582,0.7219714
2.3166683,5.159998,0.6216123,3.078002,-0.32479978,-2.9333513,2.427147,0.72195995
2.3288696,5.1649294,0.6486206,3.084858,-0.33553052,-2.966424,2.4631143,0.7314446
2.3248534,5.3034844,0.5761626,3.1092162,-0.36591625,-2.9862335,2.4640052,0.73381007
2.209452,5.2395124,0.24606657,3.113016,-0.45031118,-2.958951,2.4243193,0.7417809
2.2059548,5.0908837,0.26080883,3.147282,-0.5168098,-2.976726,2.4328315,0.7482569
2.1709783,5.124876,0.36148834,3.1501262,-0.42358685,-2.9741886,2.437417,0.811157
2.2049499,5.276653,0.3771783,3.0953097,-0.4614669,-2.9229283,2.4419715,0.79203343
2.1369264,5.177973,0.34842527,3.0041952,-0.3010459,-2.8677192,2.399171,0.72241366
2.1477768,4.9925976,0.25142884,3.0033298,-0.38058233,-2.9260457,2.431508,0.76391995
2.1744542,4.9531765,0.24135149,3.0240977,-0.33243406,-2.8537219,2.3874068,0.78153026
2.1625764,5.004382,0.27700627,3.056862,-0.56659544,-2.8416138,2.3672214,0.76954937
2.0487523,4.832815,0.1985519,3.072719,-0.37122428,-2.8425198,2.360024,0.742579
2.0929437,4.887185,0.17922282,3.1513438,-0.3048184,-2.8529356,2.3663306,0.7678205
2.1206841,4.612186,0.1527257,3.1783423,-0.2993821,-2.8791344,2.3895879,0.74292195
2.216323,5.0464153,0.15563095,3.1697626,-0.31692553,-2.8807673,2.3939712,0.74190485
2.2283242,5.068644,0.14635777,3.2061002,-0.3516575,-2.9492054,2.4170089,0.72355187
2.2454858,5.013974,0.18504763,3.2760384,-0.3530668,-2.9471228,2.4122214,0.75247943
2.2285652,4.9886436,0.2974187,3.3677495,-0.3837961,-2.9571445,2.3415241,0.7794249
2.2353106,5.020521,0.45897317,3.3039186,-0.3151809,-2.9230793,2.403005,0.7782854
2.2391906,5.279419,0.5690508,3.2773948,-0.27869403,-2.9206417,2.401021,0.8225908
2.2331982,5.2794447,0.57174087,3.2027338,-0.3024552,-2.8826149,2.3947146,0.59672856
2.2329216,5.2518682,0.66597474,3.0665765,-0.22857738,-2.8073695,2.4121528,0.59883475
2.2019277,5.2784796,0.5816221,3.1068568,-0.24114382,-2.748263,2.4121962,0.51521873
2.1992772,5.1746635,0.5715567,3.0943763,-0.21851003,-2.7787962,2.3843825,0.6183479
2.2205734,5.3042746,0.6486076,3.1133118,-0.2712345,-2.866131,2.3894444,0.6594745
2.222261,5.3259706,0.59351826,3.104308,-0.2705319,-2.808103,2.3629756,0.61774397
2.2359982,5.3168507,0.62522805,3.0969005,-0.2029705,-2.8179336,2.3793936,0.6234553
2.2711103,5.2353706,0.6751027,3.0315523,-0.09719789,-2.805148,2.403615,0.6425319
2.253211,5.143655,0.6981677,3.012811,-0.047326088,-2.8862567,2.3736403,0.60072756
2.1825633,5.1978297,0.6566651,3.0338163,-0.042870402,-2.8361056,2.3566375,0.60287654
2.1841078,5.2280006,0.55355155,3.0015137,-0.25300658,-2.8464398,2.379971,0.6157361
2.2043056,5.256895,0.552794,3.1877697,-0.24259579,-2.856944,2.3676436,0.6173279
2.194674,5.3379006,0.64632523,3.118215,-0.24485731,-2.8198533,2.3613434,0.6163784
2.2376132,5.3090396,0.6814909,3.0241876,-0.32732487,-2.8671129,2.359975,0.6092826
2.2425442,5.30686,0.6988615,3.0172682,-0.3577249,-2.8935997,2.342369,0.72277474
2.2523727,5.3183255,0.49924433,3.2689385,-0.3197496,-2.9036615,2.3763397,0.7206056
2.2216344,5.3460555,0.5208715,3.31186,-0.29660106,-2.9133894,2.3834865,0.7202425
2.2252898,5.271403,0.49982548,3.351193,-0.23008537,-2.8903825,2.3200479,0.706781
2.1580997,5.1396008,0.25842977,3.3489203,-0.39716077,-2.8583667,2.27326,0.70820796
2.2049565,5.2606883,0.29245746,3.314795,-0.40074265,-2.8883102,2.3159916,0.69765663
2.2102056,5.2642574,0.55549335,3.3278027,-0.40191197,-2.9112124,2.3377383,0.70807946
2.1774805,5.266109,0.51561236,3.22783,-0.45381427,-2.8963404,2.2938437,0.69150376
2.1207967,5.24881,0.5807657,3.0949337,-0.45889997,-2.887855,2.2767255,0.6869112
2.2845702,3.0662184,1.2989445,3.8605337,0.37981653,-1.2139754,-0.754386,0.6455246
2.278995,3.0525465,1.3237572,3.9431581,0.34162903,-1.2045633,-0.62593627,0.64609957
2.299264,3.096302,1.2910409,3.9103265,0.2779925,-1.2156198,-0.6032821,0.6330452
2.271058,3.1077242,1.2494316,3.8906372,0.31441998,-1.2130862,-0.46193975,0.62018335
2.286306,3.1055999,1.2549806,4.0067286,0.26017475,-1.2033122,-0.5231801,0.60914457
2.2910533,3.0711432,1.338609,3.9204574,0.29004264,-1.1527085,-0.53183293,0.60071266
2.2840624,3.1062918,1.3369739,3.9124143,0.2964003,-1.163773,-0.52410656,0.60249686
2.2343345,3.102901,1.3117099,3.8789916,0.34280157,-1.1991549,-0.515247,0.5966239
2.1388388,3.0642977,1.3335681,3.8659596,0.4183507,-1.2019672,-0.49919772,0.5858331
2.1328835,3.022213,1.3332527,3.8003283,0.45401382,-1.2194877,-0.5042126,0.57409465
2.1385896,3.0523593,1.3311124,3.84605,0.36540508,-1.2248988,-0.5900223,0.598691
2.1613193,3.0367382,1.3319402,3.9155736,0.38574958,-1.2190259,-0.6030333,0.6122017
2.1606693,3.0699494,1.3289113,3.9957511,0.386508,-1.2275894,-0.6536985,0.61000633
2.118637,3.0586529,1.321197,3.9624984,0.36927438,-1.2715034,-0.5595292,0.6248225
2.1420176,3.0537972,1.3231487,3.9416566,0.3621211,-1.2736216,-0.541798,0.61432946
2.1311846,3.042675,1.3140371,3.5678782,0.35034037,-1.2730103,-0.65434015,0.62177587
2.1890228,3.0422344,1.29604,3.8733103,0.32689118,-1.2806473,-0.56382453,0.6530726
2.2838151,3.0607126,1.2775533,3.899316,0.33807135,-1.2716026,-0.5749895,0.66338027
2.2701328,3.0927062,1.2374036,3.8844755,0.3069029,-1.2865913,-0.60701776,0.6647717
2.251754,3.114441,1.2175102,3.9996865,0.33977103,-1.2494327,-0.5888787,0.65921474
2.2524881,3.161856,1.39785,3.913445,0.31027365,-1.236484,-0.7940239,0.66588867
2.2784212,3.1852236,1.3896685,3.3509657,0.30856752,-1.2683848,-0.7072029,0.6990807
2.2875376,3.2020206,1.4076455,3.3772986,0.2461822,-1.2737215,-0.6803098,0.69640493
2.2834892,3.1883957,1.3969188,3.378194,0.24724483,-1.2783383,-0.67003345,0.6937071
2.3216398,3.1841457,1.3649797,3.2731032,0.31661534,-1.2692528,-0.6572812,0.6918167
2.3032892,3.1802719,1.4119916,3.5437372,0.33566523,-1.3012251,-0.59695107,0.70058143
2.2800684,3.1905758,1.2998939,3.546507,0.31427073,-1.3274213,-0.7197179,0.70076036
2.2631352,3.241992,1.2752819,3.5360672,0.25619388,-1.3378503,-0.72609085,0.69767153
2.191122,3.2563076,1.2866461,3.7340515,0.23569512,-1.326744,-0.75574374,0.7059653
2.233523,3.2563968,1.3269167,3.759447,0.2321353,-1.2973185,-0.8536202,0.7055658
2.2436986,3.3767946,1.2738447,3.7857897,0.23937416,-1.317816,-0.8017633,0.7036067
2.2338634,3.3919592,1.2976487,3.4124231,0.22749496,-1.2782362,-0.7159722,0.70639205
2.2501674,3.4366605,1.3246453,3.3488052,0.1992662,-1.268118,-0.64250094,0.70698774
2.225453,3.5236444,1.3743863,3.498607,0.22289824,-1.2403822,-0.73817474,0.6991055
2.1758156,3.4881082,1.3859963,3.4771423,0.19256091,-1.2069063,-0.74229956,0.6664574
2.2853827,3.520555,1.4114532,3.553386,0.25057936,-1.18402,-0.8045819,0.6620183
2.2895315,4.111083,1.3776264,3.310533,0.22234488,-1.1743848,-0.8003053,0.6711166
2.342649,4.033111,1.3408642,3.6311224,0.08190465,-1.1843135,-0.82976866,0.60087466
2.2827644,4.105545,1.4287705,3.9016123,0.038326025,-1.2178041,-0.8046737,0.55235434
2.2998638,3.8990803,1.4639452,4.008896,-0.020783067,-1.1056325,-0.96711606,0.5754473
2.3138578,3.8155506,1.472897,3.9370677,-0.005129695,-1.0748316,-0.9304455,0.5785041
2.3142414,3.829948,1.4378958,3.7073674,-0.0272367,-1.1007664,-0.8237233,0.53413856
2.337684,3.6045122,1.4381821,3.8304918,-0.08391476,-1.1855807,-0.8195447,0.56190896
2.338457,3.4364884,1.4169347,3.821465,-0.09232283,-1.148484,-0.8551882,0.56230724
2.3546898,3.360405,1.3384495,3.6582923,-0.11542356,-1.157165,-0.80467,0.5617448
2.3307757,3.2548823,1.41102,3.8846126,-0.052746177,-1.1593533,-0.69916797,0.561025
2.318706,3.1493988,1.4012501,3.970787,-0.03698933,-1.1452414,-0.7335461,0.561144
2.3524818,3.061595,1.4085612,3.9183354,-0.06253803,-1.200773,-0.7439096,0.5653217
2.3865676,3.0455284,1.4120648,3.834032,-0.017172098,-1.0883934,-0.7388196,0.5622785
2.3812976,2.9961917,1.4040413,3.9689813,-0.002285719,-1.0630403,-0.6376865,0.5673485
2.2956567,3.028692,1.4553218,3.9429488,0.06509137,-1.1813688,-0.6411824,0.57244706
2.3029118,3.567535,1.4214265,3.8771663,0.05072403,-1.1887076,-0.567389,0.5778223
2.44625,3.5406566,1.4077387,3.9085922,0.046176195,-1.2761196,-0.5717083,0.5773188
2.383671,3.6330311,1.4239025,3.9304805,0.045757532,-1.2580757,-0.5462311,0.5736724
2.4197698,3.6680965,1.4319401,3.9738138,0.06724262,-1.2764449,-0.4904719,0.5732236
2.2208056,3.5479107,1.4033844,3.873505,0.05618477,-1.2586666,-0.43150377,0.5719571
2.1872754,3.5467138,1.423851,3.8460534,0.06787372,-1.2148695,-0.4819188,0.58055997
2.1657686,3.7611566,1.4080138,3.8294775,0.115306854,-1.1682291,-0.55028623,0.5863116
2.2112317,3.7947278,1.3855233,3.7893796,0.1725905,-1.1365645,-0.4368794,0.5384451
2.221451,3.7989693,1.3507409,3.7664583,0.16999269,-1.1274065,-0.9835545,0.5881479
2.233808,3.7507582,1.378989,3.732175,0.17982888,-1.1193588,-0.9600692,0.568799
2.2841976,3.919608,1.3377128,3.809193,0.16716027,-1.111344,-0.7374346,0.58930755
2.2869747,3.922618,1.438278,3.8553643,0.2313075,-1.046378,-0.46578062,0.5604458
2.2729588,3.4086328,1.3224959,3.8213122,0.2678585,-1.1099954,-0.48416615,0.55930126
2.2616634,3.8214846,1.3261843,3.7569718,0.29045916,-1.0818518,-0.5296478,0.6005652
2.260548,3.8200977,1.4128084,3.75014,0.28302574,-1.0917246,-0.36295164,0.5919976
2.265296,3.6096098,1.3616586,3.8133442,0.26569176,-1.0916773,-0.71559954,0.61560893
2.3097012,4.171112,1.2781746,3.4549785,0.25662827,-1.1241143,-0.603865,0.63183165
2.304443,3.7509847,1.3654923,3.4846158,0.25719452,-1.1323359,-0.902249,0.6281084
2.3008318,3.638774,1.3295684,3.500217,0.22466254,-1.1326859,-0.9249935,0.6286926
2.3275213,3.5259528,1.3750396,3.5097847,0.33203673,-1.1105435,-0.7628682,0.646194
2.188923,3.6004357,1.4909525,3.4952583,0.263983,-1.1416934,-0.81299937,0.6415856
2.2854314,3.5734382,1.3903391,3.4945498,0.23511863,-1.1420648,-0.83124185,0.6386168
2.184079,3.6208973,1.4072995,3.547759,0.26201415,-1.1488019,-0.9161196,0.6556325
2.2486377,3.6656947,1.3574891,3.573246,0.29240417,-1.1334411,-0.79790545,0.6149099
2.2203884,3.8044214,1.3887916,3.4971848,0.2978711,-1.1234397,-0.8058016,0.61271787
2.2303786,3.8646193,1.1939452,3.5268426,0.3115158,-1.1284776,-0.9158519,0.61965716
2.2821078,3.9241452,1.1912849,3.525442,0.26630998,-1.1204367,-0.8803651,0.6581646
2.1842117,3.6870098,1.43431,3.4842522,0.29939175,-1.1243243,-0.8826451,0.64178383
2.1484535,3.4269776,1.4209671,3.516224,0.2999301,-1.1258445,-0.89113283,0.63609684
2.1583474,3.5198328,1.4201553,3.502152,0.33280373,-1.1264273,-0.889905,0.6515411
2.25784,3.5916889,1.4374068,3.4331272,0.34457064,-1.1242335,-0.9376628,0.6601937
2.281527,3.5542822,1.3414145,3.5619314,0.28972602,-1.131575,-0.8412662,0.63962424
2.2475095,3.6511693,1.3755698,3.4091828,0.32157016,-1.1306164,-0.9090546,0.6607139
2.1784146,3.229029,1.461863,3.613809,0.31285548,-1.1208398,-0.9011886,0.61777186
2.1699939,3.178595,1.4727018,3.6108305,0.36569643,-1.1270914,-0.8698081,0.6203499
2.226829,3.0707755,1.4585783,3.606768,0.39507246,-1.135256,-0.8954089,0.6329391
2.1883225,2.9796863,1.4528093,3.6648247,0.47608685,-1.1282798,-0.8361176,0.6315297
2.1449635,2.9703672,1.4580843,3.6156554,0.47989178,-1.1288245,-0.8206312,0.61596775
2.1326027,2.9374697,1.4563923,3.58007,0.48491335,-1.1306942,-0.8786623,0.62510633
2.128994,2.9228082,1.4693098,3.5368557,0.50696874,-1.1303687,-0.86010027,0.6373677
2.1235266,2.9313319,1.4722338,3.612884,0.5079236,-1.1266744,-0.8055792,0.6390896
2.1689699,2.917951,1.4789472,3.6168919,0.50056624,-1.1273229,-0.84150636,0.6490916
2.0886028,2.965381,1.4681411,3.859935,0.46750665,-1.1305072,-0.8513859,0.6874877
2.0833414,3.0210118,1.4561636,3.957436,0.41639805,-1.1353209,-0.8378186,0.671216
2.163016,3.0064616,1.4256701,3.8622558,0.43820643,-1.143647,-0.8202,0.6537981
2.1559398,3.0075393,1.4410954,3.8199196,0.4571817,-1.139942,-0.8358495,0.6931882
2.1555607,3.0199165,1.430954,3.7711372,0.4410956,-1.1393673,-0.81208175,0.6591195
2.1386914,3.0347548,1.424326,3.8098464,0.39926124,-1.1558571,-0.8180843,0.673229
2.1516914,2.9697518,1.4255476,3.9853988,0.4036045,-1.158833,-0.809857,0.6638781
2.1397934,2.9068847,1.4609208,4.08791,0.39892864,-1.1753229,-0.746016,0.6540654
2.111297,2.9094965,1.4437914,4.0430913,0.4261055,-1.1734841,-0.7691945,0.66605234
2.11283,2.908146,1.4331927,3.8446991,0.43482375,-1.185905,-0.75823075,0.6523303
2.1146622,2.8739254,1.4647508,3.939821,0.4008174,-1.1960704,-0.69299364,0.64703155
2.100611,2.9181418,1.398062,3.9384813,0.39763117,-1.1951594,-0.7383377,0.6630075
2.2688732,2.9568758,1.3831284,3.9197655,0.3853259,-1.1995672,-0.73451,0.6483182
2.2607207,2.93698,1.3870754,3.9309344,0.3941021,-1.2234204,-0.7523822,0.6520604
2.264095,2.9235463,1.4014072,3.862873,0.40322113,-1.1940933,-0.7515416,0.6535232
2.251996,2.9491122,1.4029334,3.8999617,0.40962696,-1.1978563,-0.75050366,0.65728223
2.3917837,2.8781037,1.4006915,3.9052167,0.39998794,-1.2250645,-0.761134,0.6926811
2.4075842,2.8564024,1.3264854,3.8735242,0.40090895,-1.3079792,-0.5875134,0.6735914
2.409614,2.8347769,1.3564498,3.916839,0.4002993,-1.1658629,-0.5656426,0.67924166
2.41251,2.8248873,1.3436916,3.9152882,0.38433123,-1.1569022,-0.4300388,0.6743878
2.411,2.8313844,1.3576233,3.917577,0.41183186,-1.2194095,-0.46281666,0.6762804
2.4220622,2.809979,1.3837547,3.916284,0.4038496,-1.2024053,-0.5659406,0.6965033
2.4231074,2.799315,1.338356,3.902002,0.39242196,-1.246862,-0.6031366,0.6831074
2.418644,2.764402,1.3447814,3.9139533,0.3831489,-1.1737726,-0.67068326,0.6867182
2.4123702,2.7708936,1.3318505,3.9299667,0.35260677,-1.223608,-0.7455665,0.6728883
2.4209948,2.7268384,1.2229507,3.9916337,0.36222005,-1.323046,-0.66124153,0.6712353
2.3187616,2.8603933,1.2023206,4.1780066,0.36243486,-1.358676,-0.6570144,0.67710996
2.4168246,2.8119256,1.1973324,3.974161,0.34383416,-1.3202846,-0.66773856,0.66514933
2.4166732,2.8400142,1.1360881,4.000572,0.3521607,-1.2535195,-0.68561065,0.68281925
2.4139738,2.8426075,1.209095,4.0063763,0.38553286,-1.2374849,-0.6181189,0.7087796
2.4189818,2.8377347,1.2536111,3.9459474,0.36985803,-1.218731,-0.55940807,0.68305147
2.2131944,3.013941,1.2061384,3.9808142,0.37189674,-1.3099132,-0.50278014,0.68110263
2.2502563,8.3428135,0.8793218,9.569298,-1.5707295,-2.371336,-0.76534146,-0.03726673
2.2729251,8.481356,0.8305321,9.672946,-1.593048,-2.3514063,-0.7592571,-0.004482746
2.2606514,8.476671,0.87227297,9.650036,-1.7102529,-2.3555758,-0.7065962,-0.056601703
2.1851616,9.117723,0.8333118,9.604817,-1.7328249,-2.341568,-0.712409,-0.09041649
2.203393,9.159257,0.9152565,9.746101,-1.7878374,-2.3568544,-0.71755826,-0.1660473
2.2695017,8.884,0.88647723,9.695654,-1.6817243,-2.4093297,-0.7526946,-0.17020589
2.2524166,8.92521,0.9085643,9.77513,-1.6926843,-2.4448743,-0.8056261,-0.17895597
2.32975,8.941535,0.8786316,9.602694,-1.6681644,-2.3799832,-0.77737206,-0.17271602
2.3057547,8.901266,0.90613294,9.587463,-1.6852822,-2.37715,-0.7728129,-0.1733777
2.3235235,8.955618,0.9128611,9.584549,-1.661964,-2.3703701,-0.7780837,-0.1679771
2.336061,8.896333,0.8279872,9.650512,-1.6676009,-2.400766,-0.7722799,-0.103058726
2.3034458,8.714613,0.8683785,9.777336,-1.6684873,-2.462369,-0.76241755,-0.09407389
2.2483263,8.603886,0.9002569,9.771448,-1.6893582,-2.398485,-0.8863207,-0.14168528
2.2489765,8.900681,0.9195745,9.703202,-1.7699492,-2.3890812,-0.806848,-0.15575379
2.269441,8.7756605,0.9090202,9.642502,-1.7463777,-2.360702,-0.87916696,-0.15187216
2.2467916,8.795152,0.909528,9.644434,-1.8113197,-2.3634403,-0.86932355,-0.14534473
2.2497468,8.754978,0.8760791,9.650339,-1.834932,-2.3400304,-0.8442469,-0.14990598
2.2972379,8.796289,0.9105972,9.606409,-1.841687,-2.3463516,-0.9466112,-0.14797348
2.2977695,8.4684515,0.91509986,9.715953,-1.9027545,-2.3401237,-0.9657526,-0.14736158
2.2986314,8.503118,0.91318655,9.708336,-1.916369,-2.3378386,-0.9560949,-0.14116648
2.286625,8.981432,0.92101717,9.604122,-1.9150717,-2.3720899,-0.91496646,-0.12607515
2.3332703,8.93679,0.95535874,9.660554,-1.9400764,-2.372043,-0.95537806,-0.14669493
2.361566,8.878992,0.92761016,9.7306795,-1.9453858,-2.3602777,-0.94254166,-0.14024466
2.2534344,8.608515,1.0174427,9.688026,-1.964047,-2.3556244,-0.9748072,-0.15054044
2.1956773,8.620584,0.9994793,9.700706,-1.8800467,-2.2700508,-0.9853425,-0.16590503
2.2330773,8.314698,0.98156595,9.651193,-1.8143623,-2.274685,-0.9905372,-0.16605243
2.214168,8.23861,1.0068798,9.649246,-1.7683709,-2.2754207,-0.995562,-0.16252291
2.2341514,8.276175,0.92394066,9.527037,-1.7482194,-2.2513778,-0.98276186,-0.15189785
2.2282772,8.238155,0.9630462,9.437201,-1.7426403,-2.2934637,-0.9626087,-0.14940697
2.1939833,8.51474,1.0475292,9.389287,-1.9459376,-2.317458,-0.9852736,-0.14430848
2.2045245,8.527228,1.0708108,9.3914585,-1.8468616,-2.322548,-0.9626831,-0.14656919
2.193514,8.52551,1.0281713,9.404302,-1.865413,-2.33672,-0.9681742,-0.14719021
2.2179046,8.464841,1.0654821,9.415035,-1.849249,-2.336023,-0.9678924,-0.14836359
2.2038257,8.521721,1.0866776,9.357407,-1.8653814,-2.3494887,-0.9538787,-0.14304951
2.21005,8.196024,1.0442748,9.349472,-1.843685,-2.312877,-0.94204605,-0.13769448
2.2461243,8.513857,1.0433164,9.354797,-1.879593,-2.3109393,-0.94633543,-0.13185841
2.2307081,8.315008,1.0402803,9.3431835,-1.8977882,-2.3557386,-0.9329882,-0.130407
2.1968484,8.640998,1.0784564,9.344076,-1.8640754,-2.3565843,-0.9294267,-0.13543269
2.233207,8.517063,1.0347557,9.340761,-1.8467695,-2.3285127,-0.9906292,-0.13511765
2.2497134,8.519722,1.008306,9.459839,-1.8254559,-2.3294482,-0.9764895,-0.12899366
2.2821555,8.537175,1.020452,9.539814,-1.8688648,-2.3511972,-0.99646866,-0.15037537
2.282421,8.66151,0.98062646,9.707283,-1.9250191,-2.3969674,-0.99934655,-0.14470673
2.2854795,8.907854,0.9162899,9.65266,-1.8314625,-2.3628259,-0.91979563,-0.15633413
2.3142395,8.971386,0.8594806,9.655231,-1.8805875,-2.3466105,-0.9269015,-0.15430677
2.2681003,8.772083,0.8928795,9.657114,-1.7724905,-2.3694263,-0.8717066,-0.17293715
2.2719874,8.5377865,0.89778423,9.71279,-1.7764114,-2.3714132,-0.9637514,-0.16717151
2.2815175,8.381933,0.87634134,9.62857,-1.7636261,-2.3789005,-0.9745546,-0.16900185
2.238538,8.573654,0.91113544,9.633139,-1.7561216,-2.386012,-0.9956558,-0.17052251
2.158088,8.619513,0.95934415,9.689147,-1.7768506,-2.4045913,-0.98460865,-0.18930298
2.2003937,8.819912,0.96707845,9.70195,-1.9077117,-2.3570817,-0.88625336,-0.16251382
2.2231784,8.701449,0.95086,9.67901,-1.8648729,-2.3430882,-0.75355935,-0.10068157
2.131198,8.727684,0.9526944,9.644362,-1.9081962,-2.3744545,-0.7752019,-0.112451434
2.1535058,8.555163,1.0202708,9.506726,-1.9331499,-2.4500797,-0.7687144,-0.12364665
2.114379,8.613221,1.1442003,9.468217,-1.8928972,-2.4558132,-0.90546274,-0.119785696
2.1433287,8.586216,1.0906677,9.511049,-1.8737159,-2.451394,-0.9563541,-0.1669119
2.153092,8.765371,1.0546913,9.381332,-1.8822445,-2.4597652,-0.9779007,-0.16403568
2.1413867,8.797552,1.0673428,9.362564,-1.8525102,-2.432974,-0.9749454,-0.13610333
2.2654533,8.751212,1.0500479,9.505606,-1.8525757,-2.4559445,-0.9865564,-0.1374234
2.297271,8.663753,1.0407596,9.561514,-1.7998896,-2.392455,-0.9044502,-0.1301721
2.2430315,8.562599,1.0567741,9.825266,-1.7425725,-2.4154637,-0.89298236,-0.12913746
2.2605271,8.095049,1.0994637,9.814663,-1.7465693,-2.4445016,-0.9872698,-0.113693
2.2627387,8.288743,1.114161,9.726418,-1.649951,-2.462349,-0.97297364,-0.12314403
2.3045537,8.103793,1.1160989,9.72184,-1.6969959,-2.4280748,-0.96962744,-0.11237949
2.3151283,8.220983,1.1335554,9.727165,-1.7869363,-2.4267194,-0.98841244,-0.111137
2.3192697,8.3056965,1.0077009,9.703968,-1.7829622,-2.3949056,-0.9825874,-0.10011798
2.3276622,8.197348,1.0432382,9.715142,-1.8278053,-2.379991,-0.9728622,-0.07833505
2.2995281,8.233094,1.0712228,9.682444,-1.8393362,-2.3866274,-0.9738158,-0.11472952
2.2759428,8.268129,1.0288513,9.680215,-1.822376,-2.264264,-0.98921305,-0.12718683
2.2712955,8.47294,1.0188026,9.523491,-1.8196366,-2.4139328,-0.8868865,-0.12389493
2.22825,8.421465,1.1297431,9.50676,-1.8480766,-2.401565,-0.8544432,-0.11219594
2.2009132,8.232973,1.089889,9.605406,-1.7908453,-2.4290829,-0.8556151,-0.12369603
2.2038994,8.510317,1.08705,9.570955,-1.7694677,-2.3896112,-0.83893716,-0.119289756
2.193118,8.361483,1.0223045,9.5936365,-1.8302162,-2.3472905,-0.86439264,-0.1363365
2.18335,8.310848,1.1014633,9.444939,-1.7934175,-2.3585868,-0.8336876,-0.13371655
2.21309,8.424131,1.1079583,9.506918,-1.9216241,-2.4554803,-0.84334195,-0.12842083
2.2622004,8.41844,1.0478699,9.504112,-1.7594459,-2.4484677,-0.85036916,-0.12491459
2.2613306,8.416772,0.99772894,9.560108,-1.7211213,-2.4261866,-0.84317094,-0.12513465
2.2621326,8.859978,1.0017738,9.639729,-1.8406396,-2.3881721,-0.8236252,-0.118239224
2.2831278,8.528327,0.96119654,9.68621,-1.852995,-2.4163444,-0.82459044,-0.10715085
2.2897797,8.492063,0.93729424,9.592495,-1.793669,-2.3705783,-0.8327819,-0.10956955
2.296224,8.461523,0.93330884,9.545515,-1.8020945,-2.282042,-0.8408842,-0.10835713
2.3441386,8.61926,0.93946207,9.401357,-1.8260802,-2.2643633,-0.9725329,-0.11514869
2.3236613,8.621078,0.90971375,9.498016,-1.8174492,-2.267048,-0.92875636,-0.107672155
2.3393064,8.550535,0.9399464,9.493444,-1.8737684,-2.2453606,-0.9741034,-0.12716323
2.3530295,8.470807,0.9403138,9.490149,-1.9213449,-2.2218633,-0.97684216,-0.12077543
2.352838,8.483597,0.94577706,9.506269,-1.846116,-2.2471678,-0.95398945,-0.095930874
2.3378823,8.485135,0.97011614,9.539494,-1.8344132,-2.2012305,-0.95863366,-0.097138554
2.3779452,8.636841,0.90272725,9.563076,-1.845175,-2.280305,-0.94190717,-0.10620943
2.3563254,8.643782,0.8870356,9.55036,-1.8681761,-2.2572355,-0.93705773,-0.1202026
2.3475242,8.68639,0.87771964,9.511583,-1.8345522,-2.262512,-0.9461695,-0.12379381
2.340337,8.578017,0.8764012,9.436706,-1.809559,-2.2732983,-0.91749626,-0.121953726
2.3331459,8.697224,0.8526528,9.441287,-1.7654613,-2.2554843,-0.93331724,-0.12083799
2.27506,8.728315,0.89221907,9.483915,-1.8160964,-2.2391222,-0.89200425,-0.0659188
2.2192168,8.519948,0.9273163,9.845342,-1.819464,-2.3413444,-0.9617924,-0.15509191
2.2182279,8.537091,0.98022294,9.5729885,-1.9616296,-2.3778615,-0.9470259,-0.14786935
2.2218027,8.457186,1.0164766,9.476531,-1.6738354,-2.3973365,-0.89888275,-0.15641975
2.207194,8.38837,1.0537529,9.514278,-1.8558013,-2.3251574,-0.88734204,-0.14793482
2.1537774,8.399961,1.0220447,9.710611,-1.8199774,-2.4526386,-0.8973215,-0.15546721
2.2203872,8.992938,0.9433265,9.797672,-1.8237715,-2.450276,-0.85633415,-0.14817151
2.1893916,8.97718,1.0017333,9.832864,-1.8966743,-2.4323096,-0.79424316,-0.12584281
2.1871362,9.033907,0.98596084,9.748865,-1.7787035,-2.4022918,-0.77017224,-0.16241515
2.1682372,8.994627,0.95170546,9.7965555,-1.8218666,-2.4423294,-0.769716,-0.16219202
2.220006,8.927722,0.9833094,9.875413,-1.8060324,-2.4277985,-0.832278,-0.1556324
2.271022,8.925885,0.964015,9.497887,-1.8667256,-2.3868651,-0.90894216,-0.14711061
2.2112775,8.768177,0.9262047,9.550491,-1.857218,-2.402013,-0.91655976,-0.1158652
2.2051845,8.833225,0.8800783,9.569008,-1.9085133,-2.3353562,-0.93152887,-0.109761655
2.2006826,8.7822075,0.8882165,9.542061,-1.8605752,-2.3743434,-0.95574963,-0.09458345
2.260624,8.77457,0.84729064,9.592403,-1.8473208,-2.354237,-0.9532579,-0.081564486
2.2710133,8.745083,0.90457726,9.595068,-1.8579884,-2.247869,-0.9596952,-0.10075396
2.2265975,8.64895,0.86443424,9.606167,-1.8339722,-2.2238512,-0.97850084,-0.13247952
2.2222376,8.659136,0.85859156,9.570442,-1.7952322,-2.2147937,-0.95981735,-0.07985103
2.223267,8.626122,0.88787794,9.619997,-1.8479104,-2.3750293,-0.9717875,-0.17163077
2.2421694,8.739841,0.96652865,9.613449,-1.8763288,-2.3713055,-0.975876,-0.16716492
2.1877866,8.758305,0.97332764,9.795181,-1.9111702,-2.3573084,-0.9939418,-0.16772163
2.182101,8.7390785,0.97264063,9.617325,-1.9451216,-2.3002677,-0.9914627,-0.14952332
2.1420007,8.676888,0.875908,9.67075,-1.9337572,-2.3219788,-0.9906764,-0.1099959
2.1561155,8.675762,0.8814852,9.689745,-1.9372312,-2.3395803,-0.9854599,-0.10407081
2.132274,8.693016,0.84885705,9.651863,-1.9196612,-2.2930646,-0.94494456,-0.08927488
2.1177979,8.686278,0.8814813,9.697438,-1.8963468,-2.351448,-0.91444266,-0.08585101
2.1584551,8.671045,0.88723063,9.581762,-1.8382056,-2.2790523,-0.8892986,-0.07431877
2.3258336,8.777559,0.84308386,9.535675,-1.853793,-2.2820137,-0.90575707,-0.124568075
2.3292012,8.800602,0.8264873,9.545712,-1.8573658,-2.3061287,-0.9231334,-0.12661755
2.3554854,8.718852,0.9102967,9.583458,-1.8399607,-2.3008091,-0.89821357,-0.12976462
2.3369007,8.448942,0.88755655,9.5242405,-1.7174728,-2.3751473,-0.93651897,-0.118854105
2.133749,8.6059,0.8876486,9.583799,-1.7291254,-2.3502264,-0.9327495,-0.16030964
2.129012,8.751534,1.9555144,3.4306817,-0.7621982,-1.3741118,-0.01131928,-0.14173263
2.107871,8.789411,1.9031322,3.5917203,-0.83822215,-1.4298373,-0.00803709,-0.1525788
2.003406,8.795336,1.8865283,3.5128248,-0.6684623,-1.3762567,-0.08400738,-0.16517594
1.9748416,9.055317,1.865763,3.4816265,-0.66145396,-1.5424341,-0.087699056,-0.15099493
1.9091892,9.188618,1.8689532,3.447688,-0.65345144,-1.5618424,-0.066960454,-0.16565412
1.9084417,9.200675,1.87201,3.4803162,-0.66316533,-1.5386858,-0.16667831,-0.16494358
1.9969021,9.21118,1.8477173,3.471081,-0.6707139,-1.4152683,-0.202003,-0.15662402
2.0048606,9.464584,1.8224599,3.4772031,-0.67656255,-1.510249,-0.24841982,-0.16792563
2.008717,9.331787,1.8762267,3.6283655,-0.6571704,-1.4638069,-0.28910333,-0.14989066
2.0152311,9.262601,1.8812408,3.6996195,-0.64783514,-1.4755007,-0.2487663,-0.14859867
1.9958982,9.348454,1.9051709,3.3456275,-0.6542165,-1.4432719,-0.24507773,-0.14668283
1.9972271,9.101514,1.9266939,3.2934499,-0.6641259,-1.5146043,-0.2479282,-0.15750986
1.9238479,9.027448,1.9266887,3.3534586,-0.67617345,-1.5273073,-0.1517067,-0.15997809
2.1645966,8.726466,1.9271984,3.3094544,-0.66206574,-1.5450042,-0.034000754,-0.15949863
2.066597,8.752107,1.8940988,3.4380448,-0.6190226,-1.4896541,-0.03558135,-0.1602082
2.0640721,8.590128,1.8786962,3.475523,-0.65680516,-1.5683917,-0.16712952,-0.17610672
2.062109,8.465163,1.8825102,3.4201367,-0.67046094,-1.6169112,-0.17318517,-0.17025769
1.9489431,8.492652,1.9105871,3.3632436,-0.6893116,-1.6081665,-0.16316086,-0.16915664
1.9405144,8.598136,1.9372802,3.3312771,-0.7044771,-1.5685897,-0.19131619,-0.16855156
2.2924705,8.574989,1.9214141,3.2768755,-0.7599498,-1.5492537,-0.14521557,-0.17101136
2.2021942,8.643709,1.933747,3.6982522,-0.8114971,-1.53353,-0.18851405,-0.15202215
2.1921964,8.733576,1.9318454,3.6467247,-0.81005955,-1.5459797,-0.1661858,-0.12522453
2.1922379,8.93128,1.9593618,3.6558902,-0.80778587,-1.5545619,-0.16272718,-0.09663093
2.160319,8.986341,1.9510865,3.5310032,-0.7962967,-1.5356222,-0.11420488,-0.10033077
2.137877,9.06233,1.954319,3.5709715,-0.8036252,-1.5465577,-0.12188208,-0.09793466
2.1657884,8.974682,1.9808142,3.430899,-0.86770403,-1.5134425,-0.11217266,-0.10302019
2.2009325,8.924039,1.9753456,3.4193518,-0.8837948,-1.4652295,-0.036242604,-0.13326848
2.1848521,8.90932,1.9895005,3.5425444,-0.869807,-1.4893882,-0.057165146,-0.116377294
2.184923,8.917864,1.9930811,3.5464458,-0.9086901,-1.4881337,-0.092098355,-0.11957687
2.175476,9.013269,1.9974873,3.4701366,-0.8957244,-1.5166233,-0.121228635,-0.11169213
2.1955338,8.9799595,1.9938385,3.478815,-0.8145186,-1.5066044,-0.089476526,-0.103723824
2.1759832,8.998686,1.9783492,3.422125,-0.8697946,-1.5320528,-0.10227108,-0.11523819
2.1767764,8.923804,1.9189003,3.592157,-0.71863914,-1.5375451,-0.06332201,-0.110233605
2.17878,8.930033,1.9080057,3.6396306,-0.7509754,-1.5721142,-0.106707394,-0.117405236
2.1852102,8.951948,1.9488986,3.3485436,-0.82910085,-1.5398965,-0.08430147,-0.12625188
2.1782203,9.043932,1.9531834,3.3772402,-0.79250646,-1.5766076,-0.11429471,-0.116303325
2.1993246,8.890742,1.9655573,3.347528,-0.8552872,-1.5795038,-0.22082305,-0.15509856
2.2032514,8.950968,1.9666338,3.3640242,-0.87935984,-1.6122146,-0.2262398,-0.10304737
2.2288291,9.199245,1.9574027,3.3304276,-0.86259794,-1.6213287,-0.24030006,-0.09933072
2.2397742,9.524965,1.9587007,3.1102867,-0.8821033,-1.6107553,-0.2690193,-0.10254553
2.2399712,9.284437,1.9696746,3.3002934,-0.9575418,-1.6064185,-0.25873,-0.10456842
2.233844,9.665501,1.9439216,3.1319997,-0.954337,-1.5906682,-0.383712,-0.09911105
2.2393775,9.678316,1.953908,3.125495,-1.0124125,-1.5764692,-0.40922552,-0.084766865
2.2561398,9.6768875,1.9560602,3.1172094,-1.0011318,-1.5912507,-0.4106986,-0.08049974
2.24959,9.462742,1.9491835,3.1502552,-1.0057063,-1.5798148,-0.40001678,-0.06635952
2.2779553,9.463444,1.9590907,3.2025511,-1.0073873,-1.5922273,-0.40695715,-0.106603205
2.2842252,9.547405,1.9545102,3.1338284,-0.99853647,-1.6035093,-0.4491958,-0.099742234
2.291973,9.5814,1.9471843,3.108412,-1.0117017,-1.6356852,-0.4522574,-0.09824467
2.281537,9.589878,1.9206092,3.006234,-0.98690224,-1.6350156,-0.4721753,-0.123785764
2.2881851,9.635315,1.9257221,3.0071058,-0.87085676,-1.7070987,-0.47571945,-0.12326184
2.284855,9.529205,1.9491873,3.0110004,-0.8650186,-1.7163281,-0.48633778,-0.1332685
2.2831652,9.505367,1.9312365,3.0040739,-0.91864896,-1.7114885,-0.38996798,-0.12845019
2.273567,9.445223,1.9349396,3.0061982,-0.9432956,-1.6777787,-0.40871233,-0.12953576
2.280169,9.463134,1.8933156,3.1384323,-0.9295696,-1.6873411,-0.41613388,-0.103348315
2.222044,9.50979,1.909555,3.0678735,-0.9289609,-1.6914165,-0.40089285,-0.111355305
2.2206044,9.432827,1.8127298,3.0700314,-0.9266468,-1.6788592,-0.4278773,-0.1344811
2.2235842,9.407978,1.818521,3.091178,-0.90103304,-1.6699612,-0.44508344,-0.13088232
2.2076068,9.424669,1.766043,3.138977,-0.82083225,-1.6463412,-0.44218487,-0.13407412
2.212415,9.414889,1.775384,3.2713294,-0.76779056,-1.573354,-0.43604857,-0.16764757
2.1802473,9.367321,1.799756,3.3389082,-0.79715145,-1.5113941,-0.4141752,-0.1668314
2.1765904,9.371313,1.793006,3.1069508,-0.7996863,-1.5429598,-0.39780813,-0.20879588
2.1793633,9.318311,1.7188523,3.0890198,-0.80136335,-1.5944381,-0.3963837,-0.21317452
2.1071107,9.22591,1.7525597,3.1069264,-0.8006662,-1.6733164,-0.39313066,-0.16583681
2.0910857,9.317103,1.8322449,3.1052113,-0.8088912,-1.6666715,-0.39685184,-0.20065814
2.1660135,9.3292465,1.803468,3.0623665,-0.84882355,-1.5699179,-0.40152115,-0.13503724
2.1786504,9.433696,1.9062881,3.0426528,-1.075854,-1.617481,-0.24828935,-0.14847082
2.2091784,9.420718,1.8269079,3.0754828,-1.1474578,-1.569857,-0.25734866,-0.13689733
2.2108417,9.513298,1.8051479,3.0502055,-1.1432755,-1.5035012,-0.30611724,-0.13659298
2.1892138,9.432497,1.9504647,3.300964,-1.1311861,-1.4741116,-0.2744425,-0.14138776
2.1839705,9.443807,1.9287257,3.2775073,-1.1313581,-1.3928361,-0.2741779,-0.07909429
2.1773334,9.4139,1.9526296,3.0827055,-1.1781754,-1.3200899,-0.2759238,-0.08724016
2.2067232,9.331142,1.9686666,3.0874891,-1.1047957,-1.3435934,-0.13045502,-0.07140151
2.2057495,9.228796,1.9866688,3.04647,-1.0327852,-1.3438337,-0.14563632,-0.07139838
2.2283955,9.060835,1.991044,3.0495157,-0.96193266,-1.3481114,-0.09371483,-0.0712176
2.2245536,9.114496,1.9750466,3.0475237,-1.0329652,-1.382716,-0.19586605,-0.06100899
2.3144906,9.169456,1.992394,3.0468266,-1.120388,-1.239223,-0.2604211,-0.05556786
2.3069777,9.1263075,1.9832392,3.1299815,-1.1192567,-1.3489246,-0.32168025,-0.039511114
2.435916,9.189645,1.949183,3.1205218,-1.1226645,-1.2962494,-0.29182017,-0.057710886
2.430925,9.186261,1.9398162,3.2308872,-1.1754774,-1.398658,-0.28820354,-0.06886503
2.4094949,9.299694,1.907727,3.2166991,-1.2086419,-1.2647235,-0.28348088,-0.0035393834
2.4015343,9.461601,1.9290063,3.0865312,-1.2146915,-1.3971359,-0.27949554,-0.034446895
2.3874152,9.395004,1.9301236,3.3544512,-1.1897886,-1.4263525,-0.2767688,-0.05749178
2.3433504,9.368786,1.9315808,3.3073373,-1.1789284,-1.4398803,-0.2744364,-0.061391056
2.3464093,9.35435,1.9602213,3.1312969,-1.1927269,-1.3473358,-0.26880318,-0.057530403
2.3922544,9.400529,1.9415245,3.0407636,-1.2014861,-1.4670968,-0.25999492,-0.074211955
2.3929973,9.356013,1.9880886,3.190862,-1.2025559,-1.4556584,-0.24053216,-0.06734547
2.4214897,9.346768,1.8280077,3.168634,-1.2107933,-1.4677727,-0.24233657,-0.056809723
2.4094708,9.514778,1.8679228,3.220881,-1.2061231,-1.4896692,-0.2954021,-0.05706653
2.4683495,9.458342,1.8459163,3.2784896,-1.183611,-1.4875665,-0.32892597,-0.058622032
2.3887615,9.523954,1.8541906,3.2771833,-1.1594195,-1.495867,-0.3205263,-0.061720073
2.3217278,9.495583,1.9218345,3.2006445,-1.1736262,-1.5044482,-0.3323998,-0.08430052
2.2889628,9.543476,1.8915741,3.0675395,-1.1824033,-1.5032287,-0.3279299,-0.07789016
2.2899036,9.514639,1.9391837,3.1349578,-1.1965055,-1.4957867,-0.3089639,-0.081294715
2.2478418,9.590336,1.940273,3.3160772,-1.1581404,-1.4798863,-0.2897293,-0.079378426
2.2524462,9.5920105,1.9513848,3.2831264,-1.1410346,-1.4770658,-0.32874328,-0.07653561
2.2224023,9.467807,1.9296436,3.2145958,-1.1428123,-1.4827791,-0.21837968,-0.073313475
2.2220402,9.151585,1.9131503,3.3121681,-1.109812,-1.4742494,-0.15117449,-0.06353718
2.2385013,9.5055065,1.9173772,3.3132145,-1.193403,-1.4472045,-0.25822914,-0.06491685
2.2387373,9.479543,1.898366,3.3260388,-1.1864699,-1.4582651,-0.28221273,-0.0765256
2.3052635,9.48749,1.9019697,3.2804277,-1.1640561,-1.4684904,-0.31476223,-0.052286297
2.382419,9.444294,1.9737859,3.1676922,-1.1972239,-1.4262581,-0.32592052,-0.05280572
2.3545609,9.436182,1.9714885,3.1356137,-1.1984668,-1.3329628,-0.32431537,-0.054973423
2.300356,9.44449,1.9584262,3.1431296,-1.1562681,-1.4296064,-0.34218234,-0.063843936
2.3245115,9.488513,1.8883464,3.4110184,-1.151166,-1.4360944,-0.3337174,-0.057969034
2.3197255,9.505501,1.9150624,3.4474325,-1.1556804,-1.4231732,-0.33405966,-0.06881368
2.3371406,9.386515,1.9213104,3.3938549,-1.1550887,-1.4181037,-0.323798,-0.055980265
2.4026303,9.384163,1.9659691,3.2889464,-1.1476777,-1.4547215,-0.32777965,-0.055647284
2.40505,9.37713,1.9941301,3.2671468,-1.1575959,-1.4615772,-0.32090884,-0.049815774
2.380361,9.338376,1.9865222,3.2816172,-1.1248201,-1.4711426,-0.3333094,-0.07498783
2.3666096,9.361923,1.9576635,3.3677032,-1.1043684,-1.4576671,-0.3189417,-0.04059249
2.3174584,9.520527,1.9028096,3.3288004,-1.0659225,-1.4694748,-0.3690834,0.018643498
2.3201225,9.513592,1.9322104,3.3460405,-1.0470495,-1.5072355,-0.40804797,0.013515592
2.3981187,9.495714,1.8633332,3.4211674,-1.0549564,-1.5093774,-0.34221435,0.00021803379
2.316247,9.59688,1.8621566,3.5438612,-1.0706487,-1.5090934,-0.3989557,0.050348043
2.3252301,9.686285,1.8042006,3.5790699,-1.0780194,-1.5025946,-0.39873672,0.031647027
2.3584774,9.652826,1.7970331,3.5402322,-1.0954897,-1.2907553,-0.40150422,-0.03345871
2.34252,9.655554,1.8593109,3.57823,-1.0891986,-1.5007421,-0.40213627,-0.033618867
2.3059185,9.755729,1.8454788,3.4044807,-1.0854834,-1.5307927,-0.42042494,0.021262884
2.3061006,9.717777,1.7966361,3.4296362,-1.0812805,-1.5231513,-0.4157669,0.001236856
2.37458,9.76923,1.8259547,3.5000453,-1.0880915,-1.4831625,-0.46081668,0.008590221
2.354341,9.798372,1.8450122,3.6016078,-1.0638254,-1.5709392,-0.44786114,-0.043549895
2.3113694,9.815326,1.8420525,3.5276394,-1.0672888,-1.538008,-0.44421017,-0.017484546
2.3431687,9.795758,1.8239403,3.4616497,-1.1024818,-1.5302662,-0.42609286,-0.017265588
2.3645191,9.751717,1.766707,3.4590945,-1.1075664,-1.524469,-0.4009953,-0.03425461
2.2871904,9.807045,1.7913404,3.432851,-1.1167934,-1.5256743,-0.3897161,-0.03796512
