1.2323215,5.850197,1.3308794,4.3411555,1.8605592,-2.5299723,0.70669425,-0.2376734
1.1101651,4.807319,1.3400369,4.1922226,1.886275,-2.4792068,1.6722724,-0.25574198
0.6985855,2.7830255,1.3250465,4.303172,1.892482,-2.522708,2.3236463,-0.38391924
0.89365757,3.015019,1.336597,4.308985,1.9089174,-2.5517893,0.8659829,-0.11630589
1.203706,2.9338157,1.3495941,4.337244,1.9061835,-2.5699475,0.69606626,0.057110667
1.3564641,3.3213255,1.3851829,4.2793975,1.9156156,-2.564914,1.8622217,0.5240283
2.2128758,7.8381243,1.3821201,4.049222,1.8851128,-2.5514524,2.170994,0.35835743
1.7209784,8.44696,1.3829818,4.0878496,1.9197624,-2.5485318,2.2135637,0.69019616
1.8053474,3.3369834,1.3806734,4.0654306,1.9325275,-2.5842066,2.7070105,0.519187
2.0318234,3.0925794,1.3662617,4.129834,1.9436653,-2.5798657,2.4014769,0.87841666
1.443847,5.3594646,1.3639655,4.143382,1.9116247,-2.5446444,1.9522917,0.9773812
2.2412539,3.6704426,1.3533084,4.1711817,1.918045,-2.5531552,1.8068969,-0.21331063
1.6384377,8.749071,1.384022,4.258897,1.855053,-2.561607,1.0506115,0.6534445
2.0276568,9.264386,1.3868089,4.2827563,1.8849413,-2.5759006,0.61721873,-0.47891596
1.0051054,3.4646015,1.4223332,4.2859406,1.8498838,-2.6055024,0.92593205,0.4085778
0.9485399,6.155976,1.3133805,4.309019,1.8900604,-2.519676,1.1631086,0.21516645
2.1350389,7.776204,1.2967126,4.4282637,1.9184129,-2.5642374,0.8290323,0.204894
0.6027778,2.0565355,1.2896175,4.4328246,1.9095769,-2.560286,1.886018,0.05211091
0.66649723,3.9991264,1.3433778,4.393482,1.8939958,-2.6143863,1.8495543,-0.15410936
2.1337461,3.9170003,1.3764267,4.187126,1.911093,-2.6304545,0.21228194,0.03280306
0.80645186,4.7865257,1.3943155,4.054002,1.9699192,-2.623774,1.6772506,-0.34331745
0.98832935,3.6226323,1.3833644,4.0235715,1.9577441,-2.5899014,2.3256695,0.28088564
1.1922555,4.260732,1.38446,4.06744,1.9536932,-2.6044078,2.205782,0.3350265
1.4402353,5.0038853,1.3874645,4.0708933,1.9469776,-2.624215,1.3683031,0.3020066
1.7476898,3.940289,1.3989244,3.9844337,1.9630089,-2.6229603,2.837937,0.44556904
1.3774172,3.834405,1.4057441,3.947022,1.9645274,-2.5959735,2.9820569,0.80666876
1.1431375,3.6863966,1.3427498,4.084714,1.9642572,-2.6503305,2.9516723,0.8982732
1.7759008,3.84689,1.3774152,4.0666666,1.9694979,-2.6366467,2.9049306,0.96521175
0.73050886,6.9421153,1.4083092,3.9898758,1.962117,-2.6330311,1.6854341,0.58623123
0.72171265,2.801038,1.4418774,3.82522,1.9689724,-2.587397,2.3150148,0.91094756
1.4494178,3.786664,1.5147057,3.775013,1.9333098,-2.597604,2.990505,-0.15744245
1.183847,3.0517368,1.4923956,3.7809927,1.9725873,-2.5791698,-0.5952029,-0.1282573
0.91602373,3.2720985,1.4806726,3.858362,1.8765688,-2.5799472,0.8628254,-0.32555956
2.3183866,3.245289,1.4541829,4.011716,1.90042,-2.5234864,0.088976026,0.4979663
0.9612944,2.4939132,1.422723,4.1916037,1.8600626,-2.513661,1.2508771,-0.054118574
2.055711,2.680736,1.4271824,4.11164,1.8573878,-2.5289898,1.8408403,0.7595749
1.7532122,3.5487099,1.4400637,4.0621414,1.909529,-2.6342854,2.9672775,0.399235
1.9830179,2.438779,1.3987501,4.0589623,1.9542742,-2.6275327,2.849589,0.72167563
1.2387066,4.3305216,1.408617,4.008845,1.9115093,-2.5987287,2.2524247,0.53518224
1.1236706,3.5925379,1.4094448,4.0501585,1.9569428,-2.6067882,1.1178503,-0.19973561
0.54633415,2.6666331,1.3805525,4.108363,1.9806042,-2.6609602,2.6808212,0.8750807
1.8702296,3.1563458,1.4008069,4.103606,1.9951642,-2.698567,1.2601893,0.43834043
0.5193955,2.5747344,1.3948748,4.1078725,1.9964108,-2.6614664,2.2297747,0.46731174
0.6446353,4.4578547,1.3960989,3.8502984,1.993948,-2.638622,2.8014274,0.022834897
0.5868284,4.313261,1.3634183,4.100794,1.9880264,-2.697516,0.9143685,-0.41501856
2.9225874,8.394549,1.3324258,4.00591,1.9922812,-2.5841627,1.1510928,-0.23827565
2.9343219,4.3303523,1.3243616,4.08901,1.9716215,-2.6732411,1.7806485,0.3012308
1.3366001,8.6509,1.3869576,3.9435148,1.988306,-2.6682234,1.5260684,0.5520266
2.1993308,4.4033427,1.3394506,4.0873704,1.9798152,-2.5926535,2.5906963,0.449695
2.0487843,6.5072103,1.336909,4.166397,1.9203775,-2.5962572,2.2490416,0.5157192
1.3864799,3.925787,1.3518836,4.1674075,1.9178648,-2.598617,2.0405114,0.6919112
1.5150982,4.5891414,1.3239124,4.4087305,1.862788,-2.5875087,2.5722358,0.7750529
1.6008807,2.9328125,1.337059,4.358217,1.858491,-2.5068526,2.527363,0.7325916
2.07252,3.0356214,1.3425155,4.3513904,1.8479075,-2.4830518,2.1385353,-0.0076588094
0.63258946,4.019927,1.2794318,4.4573784,1.9198956,-2.572485,2.1392846,-0.35603756
0.6458765,4.1372743,1.3099842,4.444391,1.9195802,-2.628586,0.41647732,0.11003584
0.5653851,3.98557,1.3227003,4.4426136,1.925967,-2.5765996,2.1864989,0.14066291
0.84271044,2.038639,1.3126569,4.441689,1.906405,-2.5931413,2.396356,0.67737615
0.853833,2.1381373,1.2847347,4.4467516,1.8881757,-2.5992758,2.5794654,-0.19377053
0.7972337,5.837731,1.3560143,4.424516,1.8884082,-2.574711,1.8755581,0.6839018
1.7187212,6.472231,1.2497821,4.383209,1.9323459,-2.5244167,1.905745,0.49366343
2.160012,4.233965,1.2026417,4.446912,1.9253802,-2.526225,2.4480517,0.23202175
2.1932974,8.618037,1.2128673,4.378909,1.9241908,-2.530929,2.81438,0.39520895
1.1830662,4.019061,1.2441726,4.3780136,1.8997619,-2.560438,2.8275042,0.86413014
2.5455859,3.0698738,1.2469947,4.329747,1.9212255,-2.5356784,2.640495,0.6467557
2.7584,9.72596,1.2431717,4.3807726,1.9104667,-2.5218632,2.6628993,0.40409327
1.1833887,2.064618,1.260751,4.287586,1.9164903,-2.5362148,2.3645537,0.5761088
1.9668288,2.9778023,1.2250643,4.391664,1.9592857,-2.566627,2.4877343,0.75098133
2.3612845,3.408291,1.2417011,4.474243,1.9574366,-2.6058462,2.8910375,0.8546661
0.79880744,3.8687859,1.2215827,4.655525,1.9204268,-2.5720694,2.7134235,0.9280968
1.1384879,5.0519443,1.1921697,4.6775784,1.9204488,-2.6267712,1.3215363,-0.10114452
1.5699981,8.300347,1.1545854,4.694583,1.9070089,-2.5937705,0.6688025,-0.05556038
0.9833211,6.3617806,1.1737864,4.6948433,1.9338677,-2.661064,0.8858111,-0.1224854
0.59846544,4.1242857,1.177309,4.810069,1.9431615,-2.6069376,0.6659887,0.51681423
2.258551,3.5897892,1.1699443,4.7593546,1.9612548,-2.6097817,-0.82754165,-0.18321216
1.0218115,2.2918503,1.1720579,4.740256,1.9850085,-2.5909853,-0.54260635,-0.43394572
0.7428907,3.669569,1.2381315,4.5703063,1.9626915,-2.5870786,0.64659,-0.09148729
1.0349616,8.954914,1.2349944,4.4478626,1.9729135,-2.6314178,1.6665695,0.314474
1.5326146,9.065855,1.2325008,4.388405,1.962914,-2.5989118,2.2847028,0.4607321
2.493338,2.7084997,1.2371798,4.451879,1.9168861,-2.5546427,1.5269988,0.63169646
2.253077,5.4909906,1.2636778,4.2839966,1.9421048,-2.5692759,2.5555947,0.34552217
1.931452,7.431191,1.2729523,4.2275805,1.9385793,-2.5552754,2.6104796,0.33252275
2.5779195,5.0301147,1.2679522,4.24673,1.9563782,-2.5910413,2.497037,0.23635757
2.9879947,3.682619,1.2719774,4.278092,1.9415996,-2.5942173,1.6928182,0.96116185
2.9541702,4.2673182,1.2874417,4.295966,1.9418566,-2.5981858,1.6336977,-0.0036911964
2.9489577,4.732927,1.2816796,4.3368645,1.9291694,-2.572889,1.0537875,0.6843796
0.7740016,5.162752,1.2872429,4.326303,1.9502594,-2.586377,2.663875,0.37760293
2.0088766,4.1200633,1.2953718,4.3463507,1.9674578,-2.6392033,1.9735374,0.044589877
1.1014742,4.852809,1.3268266,4.223686,1.9641087,-2.6179597,2.2252586,0.5283408
1.250971,2.1592188,1.3784761,4.2706833,1.900727,-2.5532258,0.49751472,0.26673234
1.2592332,3.6744752,1.3740053,4.0921082,1.9061038,-2.568626,2.2152755,0.43402147
2.0209723,5.364793,1.4053369,3.9459715,1.8798122,-2.5307016,2.5682492,0.44637096
1.5647708,4.305602,1.3962817,4.0799036,1.8602304,-2.503543,2.0457947,0.43430114
2.6002877,5.1092796,1.4414663,4.0263853,1.7970135,-2.35121,1.852221,-0.007989168
2.006088,5.863552,1.4562149,3.953354,1.7950332,-2.4774027,2.9735358,0.371619
2.9262164,3.550203,1.4622011,3.965536,1.786314,-2.4639719,2.1411254,0.5558448
1.1196144,4.7631907,1.4466026,3.9714656,1.8359904,-2.4761465,1.6210327,0.53858805
1.7404894,4.2477612,1.4736545,3.9565978,1.8150346,-2.4509354,1.9138372,0.25937593
1.6376897,4.6937776,1.4944468,4.1044273,1.7898283,-2.4489949,0.9732717,-0.28330463
1.5387619,5.1151466,1.4786527,4.0900784,1.790946,-2.481982,0.9278333,-0.20344868
1.7998679,4.141791,1.517211,3.9198303,1.8123412,-2.446625,0.0888232,0.023141861
1.8049061,3.1247745,1.5413446,3.791489,1.8649685,-2.520722,0.27336013,0.17868471
2.0297744,4.6054688,1.5395398,3.9238849,1.863472,-2.5870328,0.93257403,0.08395189
0.5488477,2.781941,1.5521164,4.091316,1.8621583,-2.5641642,-0.02186054,-0.36138546
0.51548433,2.8457947,1.5003116,4.0856843,1.8024743,-2.4508762,-0.5205692,-0.38827258
0.5453177,4.638301,1.5786664,4.0926423,1.7966397,-2.4269776,-0.7614817,-0.42426008
0.5586757,3.6613145,1.5525866,4.049898,1.7684813,-2.4886074,2.4525664,-0.20096716
0.6205511,5.3082247,1.5637414,4.0758686,1.7404644,-2.4502468,2.507335,-0.38873702
0.59702045,3.0296593,1.5509815,4.0590305,1.7411139,-2.3836105,1.8999553,-0.43685076
0.58184326,2.399003,1.5553434,3.8901982,1.7371876,-2.3875413,2.1803513,-0.19304478
0.7320137,5.253606,1.546319,3.8898726,1.7780137,-2.3914642,1.9387944,-0.25493434
1.178159,3.1013212,1.5636485,3.8076236,1.8154798,-2.5194921,2.0816667,0.57601345
2.136635,3.135981,1.5509305,3.8412871,1.7685311,-2.4475765,2.3246846,-0.035084784
0.7264139,3.9079714,1.5946207,3.8668418,1.7598622,-2.4625835,2.2930875,0.41538268
1.7821596,3.6946368,1.6058688,3.869311,1.7470722,-2.4749222,1.4941752,-0.092669904
1.0792464,3.8894167,1.5993333,3.8366854,1.7610722,-2.4481914,1.0512578,-0.21330652
0.5903251,5.1959066,1.6249285,3.7609186,1.778723,-2.455466,1.2135191,0.31075644
2.2463264,3.0504484,1.6240609,3.738882,1.7581959,-2.4611325,0.9132936,0.3334192
1.3410633,2.2658415,1.6687589,3.6786351,1.8118219,-2.5043724,2.0025814,-0.27311903
1.9431801,2.875198,1.6652162,3.6162686,1.8073912,-2.4959216,-0.03950733,-0.25058913
1.3831903,3.4184113,1.6783891,3.6198962,1.7955625,-2.4870887,2.3505843,0.966141
1.4473577,2.3716311,1.6837974,3.5380197,1.7666185,-2.4548805,2.4002645,0.8410642
2.235423,2.7396526,1.6697946,3.6509542,1.7393436,-2.4169798,2.6024132,0.8177556
1.5222538,2.3384726,1.6703329,3.5392976,1.7929072,-2.5623574,2.7609673,0.44314456
0.78263706,2.6897917,1.6027389,3.6605523,1.8188612,-2.5133567,1.4547248,0.41341388
0.87158006,3.581593,1.6225202,3.6569762,1.83484,-2.530653,2.1314132,0.24533224
0.8413154,3.6716602,1.6784081,3.5947008,1.8227882,-2.5507264,1.4208317,-0.066934764
1.0081193,3.36127,1.6785886,3.6074493,1.8393309,-2.5660372,0.8682798,-0.05174166
2.4105425,3.640112,1.6783834,3.4927554,1.8243032,-2.548092,1.3709877,0.08282781
2.1811976,2.6894813,1.711653,3.4902859,1.8013499,-2.4840703,1.4650681,0.045835137
2.112216,2.6910362,1.7091036,3.2835312,1.8479307,-2.5117612,1.6828835,0.2612244
2.5439603,2.5795121,1.6932688,3.3463168,1.846456,-2.4988434,2.5683904,-0.38050506
2.4830663,3.9991035,1.7055416,3.3550215,1.8115063,-2.4590216,0.09402585,-0.13021609
2.4340887,4.6901784,1.7256019,3.309637,1.8250904,-2.5147212,2.168915,-0.36260116
2.8203557,3.3542855,1.6844387,3.2813363,1.8358521,-2.4520211,1.4114563,-0.042199492
2.7718825,3.4466789,1.6869519,3.3484263,1.8053975,-2.445116,2.8093207,0.3508668
0.9629339,2.914031,1.7102473,3.4069307,1.7979827,-2.4481976,1.3888884,0.46595478
2.3731484,6.486503,1.7453487,3.3314695,1.7604887,-2.4150128,2.5364962,0.556568
0.8904217,3.921133,1.7009382,3.4897017,1.7535889,-2.417664,2.8471096,-0.043542266
0.80141115,3.4161491,1.7209868,3.466306,1.7880328,-2.468971,2.8759737,0.2725078
1.3638728,5.5721807,1.706475,3.4646351,1.7753811,-2.4455724,2.506396,-0.4802098
2.8642704,5.2610283,1.6043253,3.6654239,1.7597296,-2.3854065,1.9786742,-0.4865688
2.1615644,7.2101407,1.596251,3.7424824,1.786834,-2.3831925,2.2625725,-0.49840462
1.101243,5.060172,1.5436151,3.8002877,1.8203642,-2.540561,2.2143493,0.6517569
2.2454007,3.17654,1.560734,3.7355697,1.8153389,-2.4919748,2.7113729,0.6296909
1.5227451,7.2064276,1.5977278,3.606474,1.7888415,-2.4552672,2.744116,0.47485018
2.4641843,8.011144,1.5769062,3.6124449,1.8392777,-2.51368,2.2863429,0.35960603
2.3861353,6.160112,1.562829,3.6677446,1.8227108,-2.5059829,2.1583304,0.24661726
1.9386289,4.83414,1.6448023,3.591617,1.7960079,-2.4838972,1.9073889,0.49207628
1.5550504,8.400664,1.617218,3.5767398,1.8160396,-2.4883025,2.103183,0.36109906
2.4656396,2.6712265,1.6174426,3.6592493,1.8390503,-2.5153418,0.9591893,-0.102897614
2.0086632,7.1142907,1.5949988,3.6105359,1.8307137,-2.520254,2.2442472,0.17662817
2.6123128,4.5238905,1.5939641,3.6171784,1.8102913,-2.4190943,2.000996,0.3730154
1.2444575,8.402821,1.6427493,3.6121974,1.7531567,-2.3886542,2.332501,0.011369705
2.7209244,9.765959,1.6562514,3.6412776,1.7678049,-2.4316528,2.80308,0.44798976
2.6218383,9.368079,1.7070117,3.6227603,1.7719264,-2.4180431,1.0126576,-0.2552246
1.6720836,4.3071127,1.7132163,3.4713037,1.7715645,-2.4378252,1.4822519,-0.38766667
1.1741033,6.0067673,1.7098377,3.479807,1.7671425,-2.4518924,2.8384776,-0.18620434
1.0957531,2.851456,1.6895571,3.5269165,1.7860632,-2.4318743,1.8848729,0.2363692
0.9779919,4.75952,1.7390008,3.5421576,1.7369537,-2.4591315,1.2337027,0.010040283
1.0605963,2.1544483,1.7378247,3.4785576,1.7349391,-2.410209,1.0837448,0.29728574
1.001922,6.381276,1.7203944,3.4778636,1.7447526,-2.4507012,1.6337471,-0.33557582
0.65438646,4.1295586,1.7637444,3.4213436,1.7595797,-2.4234545,2.9432862,0.09417945
0.76077986,3.6411972,1.6886418,3.3580656,1.8569717,-2.5073318,2.6521442,0.3811838
1.8596866,3.034144,1.650424,3.4408555,1.8555965,-2.5046773,2.7063882,0.4077344
1.2657394,7.0081224,1.6345501,3.4095263,1.8497972,-2.4992504,2.6433384,0.28146625
2.3643303,6.3511333,1.6445985,3.3643827,1.8366978,-2.4407587,2.663388,0.61551166
2.4218817,4.464262,1.6442411,3.3648856,1.8467202,-2.4408772,2.5594156,0.24807787
2.6513937,6.8406854,1.5726275,3.5406356,1.8001277,-2.39647,2.0147274,0.6736932
2.1810179,5.999983,1.556267,3.5405803,1.8583937,-2.4417086,2.9401467,0.55633235
2.0929766,4.4306827,1.6293263,3.520481,1.8621027,-2.5667982,2.640444,0.53067267
1.3068538,4.235586,1.6080518,3.5804367,1.8307247,-2.489555,2.2091599,0.68499374
1.854819,4.2074594,1.5933149,3.6558087,1.8383763,-2.4474864,2.1164703,0.7739321
2.4806836,8.402206,1.5963435,3.5996854,1.8678966,-2.5455794,2.6287074,-0.24537474
2.1703286,2.4956636,1.6598356,3.6071486,1.797401,-2.5527823,0.91873336,-0.26759905
2.08121,2.4732523,1.6733887,3.5295734,1.8869317,-2.5824165,1.0289288,0.6607034
2.2036262,2.5408344,1.6391602,3.4812212,1.8800509,-2.5422606,2.0044897,-0.012981951
1.6753426,2.5324826,1.6397893,3.4528306,1.9169538,-2.5707831,2.8041668,0.35441422
1.0765505,2.5965807,1.6337736,3.5547853,1.8907785,-2.5959506,2.5806587,0.31698108
2.493657,4.3592815,1.5548301,3.6013708,1.915148,-2.5626872,1.8946798,0.2901271
0.70438194,4.96566,1.5681641,3.740202,1.919847,-2.6131055,1.6894655,0.21134782
0.79089713,2.3801417,1.5811195,3.676918,1.8907213,-2.5968678,0.9048716,0.1351698
1.2594806,2.6921794,1.6382103,3.6369815,1.9069293,-2.5876915,1.5283833,-0.23320735
1.7189114,2.3624053,1.6070251,3.6764288,1.8831964,-2.5669289,0.37085032,-0.3507306
1.0197752,2.4642015,1.5809779,3.794203,1.8727729,-2.5630035,2.156223,-0.167535
0.56481093,2.1795676,1.6041193,3.6464572,1.8289635,-2.549681,2.0066962,0.6468916
0.5311011,3.6440408,1.6263037,3.6349387,1.8839128,-2.5536504,2.03642,-0.2873503
1.0706229,2.9595323,1.5493932,3.6371827,1.8920865,-2.5760965,1.8090034,0.6658623
1.1522092,7.0394626,1.6380439,3.5399802,1.8980811,-2.5310297,1.2034137,-0.36013812
1.2472843,2.0273707,1.6100183,3.4833412,1.9659994,-2.6138954,1.605062,0.55587673
0.8921491,4.447382,1.6087179,3.53758,1.9665399,-2.6876044,2.0477016,0.5564277
2.5318892,2.2114763,1.6166077,3.5071998,1.9422002,-2.6047716,2.7989342,0.61440957
2.5904603,2.0916429,1.6415441,3.259211,1.9846804,-2.6857028,2.8003094,0.4041686
1.4112865,3.7143517,1.7007496,3.350251,1.9583268,-2.6743572,2.5809572,0.38830864
0.60570794,4.8307304,1.7021942,3.1904593,1.9478748,-2.5479028,2.8205523,0.2800858
2.2298694,6.2962985,1.6805391,3.2857974,1.8877137,-2.537231,2.8022432,0.25683296
1.836664,8.286666,1.6220212,3.2405934,1.9174421,-2.5147686,2.9256303,0.36136198
0.9492445,3.7045627,1.69329,3.268485,1.9177785,-2.5345328,2.824752,-0.03736198
1.4657722,3.682026,1.6806107,3.2724533,1.9124076,-2.5324116,0.86329865,0.3399551
2.1935353,3.1770391,1.7103224,3.3419197,1.9106071,-2.602187,0.1799339,0.27098978
2.5629933,2.8078947,0.0031181574,7.125296,1.0282977,-1.6326165,1.4003341,0.23925138
2.3254437,6.0079813,-0.021110833,7.128497,1.0385196,-1.6019692,-0.81405294,-0.25199723
2.5798671,3.4965053,0.0013997555,7.1434746,1.0427399,-1.628921,-0.6807884,-0.21711653
2.834764,7.53555,0.10322571,7.1514277,1.1035378,-1.684104,0.021974087,0.8190787
1.645541,7.413835,-0.0070644617,7.0987945,1.1532891,-1.7274072,-0.6529932,0.21555382
1.5113494,2.984057,0.069897175,7.1175165,1.1672134,-1.7218765,-0.1527682,0.40823424
1.3695616,2.976352,0.07762575,7.0864067,1.1617064,-1.6983522,-0.67028785,0.7918258
2.1286044,9.026743,0.080026984,7.1660047,1.1517696,-1.7057803,2.2404823,0.8359755
2.8148093,5.19782,-0.048128188,7.21882,1.1035523,-1.727474,2.4745188,0.68498087
2.3644419,7.542738,0.048173428,7.112047,1.1004028,-1.7043524,-0.057024956,0.70158577
2.5983562,9.190341,0.13281381,7.1032996,1.0966094,-1.686712,-0.5555036,0.08111119
1.5972621,7.6604133,0.030664325,7.14454,1.1011043,-1.6934946,-0.19652802,0.43546224
2.9087574,3.3718994,0.059687138,7.01707,1.0835669,-1.7190092,1.9161904,0.39495492
2.7833648,2.416244,0.07651305,7.123311,1.142798,-1.7857724,1.9891744,0.31487358
1.4892483,2.4051363,0.13466096,7.107303,1.1143343,-1.7999427,0.37749898,-0.023507416
1.1459908,3.081379,0.15573859,7.213927,1.2038927,-1.8308971,0.3600371,0.48759496
1.091855,7.313043,0.12410188,7.1771407,1.2073514,-1.8070652,-0.42906845,0.28901416
1.3295653,3.899384,0.17887318,7.1790323,1.1632953,-1.7740886,-0.3482213,0.30164325
1.9893233,3.071679,0.0878129,6.961782,1.1688392,-1.7268637,1.0132222,0.547333
2.9159155,3.8678744,0.13119817,6.937208,1.1347752,-1.7427006,0.5405326,0.038707137
2.9743686,6.442391,0.15757477,7.0134544,1.0923004,-1.7304399,1.4869666,0.6918229
2.944897,3.074892,0.14456844,7.077076,1.1186042,-1.7508016,2.5140004,0.5851022
2.8151972,7.668437,0.30609632,7.004703,1.1790693,-1.8176084,2.1590884,0.7109988
2.2612875,9.0656185,0.086741686,7.095533,1.2347336,-1.8205911,2.6383235,0.74800766
2.550182,6.7937384,0.09385109,7.1755147,1.2247207,-1.8760667,2.6950586,0.64001966
2.5252178,3.872782,0.1803478,7.1609755,1.174084,-1.8746836,0.4092089,-0.009040892
2.323574,3.2609034,0.12445521,7.226316,1.2171087,-1.8950652,0.33393276,0.28746593
1.3952594,6.448095,0.13472414,7.245527,1.2569094,-1.8877727,0.21120334,-0.4965953
2.0892398,3.0075293,0.08819246,7.228543,1.2833629,-1.9131415,0.10326707,0.5983813
2.5131009,5.3970814,0.08389282,7.1237755,1.3107269,-1.9067814,0.27566373,-0.295399
2.2531252,2.6740627,0.034415245,7.0829544,1.3112288,-1.8842732,-0.74969083,0.44728327
1.48206,4.1574597,0.14730072,7.098514,1.2628057,-1.8894064,1.9285288,0.94526565
1.2177198,7.330223,0.1842823,7.0922365,1.2792485,-1.9100008,1.831533,0.65578127
1.8566946,2.746253,0.15655088,7.08641,1.2675462,-1.8903022,0.5932019,0.58017266
2.4793031,2.9234085,0.13954663,7.1452804,1.2677741,-1.9152724,-0.5403305,0.39041162
2.527298,7.057242,0.19140661,7.1333313,1.2120833,-1.9182522,1.4743843,0.5153699
2.028654,4.651963,0.15611649,7.1312675,1.230361,-1.9185156,2.0135553,0.51382136
1.443203,3.9058669,0.1627574,7.2073345,1.206383,-1.8596255,1.6743383,0.5380287
0.9953552,8.49435,0.29004645,7.0606785,1.2626672,-1.9307067,1.5304527,0.5997703
1.1751798,8.46461,0.2887287,7.0325236,1.2179499,-1.9279995,0.68381095,0.26274246
2.524726,9.311926,0.23483276,6.9564238,1.184169,-1.8674093,0.6490251,0.31905246
2.6242716,5.031782,0.19685209,6.9005575,1.1787624,-1.774859,1.7971542,0.8844677
2.3696785,6.140408,0.21500921,6.9365406,1.1617777,-1.7947178,1.6416724,0.8540417
2.0966718,3.2583566,0.19961631,6.8252273,1.205781,-1.7857825,2.1551332,0.8481325
2.436036,9.88762,0.25931323,6.9053717,1.2135532,-1.798981,0.8846247,-0.18297887
1.2309532,7.2877617,0.26315832,7.0310154,1.1996651,-1.8594856,0.0076836348,-0.30646867
1.345237,5.1078615,0.27864575,6.992704,1.1588972,-1.8170608,-0.24773377,0.14708102
1.2316614,3.803629,0.22737682,7.187641,1.1354306,-1.7905159,1.7242751,0.26338744
1.3807694,3.9922147,0.16089296,7.184896,1.1096168,-1.7664697,0.38828194,0.21786004
1.4831083,3.8260407,0.13554573,7.125531,1.094512,-1.7233641,0.310215,0.43383443
2.7833571,6.4364257,0.14256048,7.072333,1.0935256,-1.7250694,2.0505006,0.4509511
2.9759638,4.727766,0.04312873,7.1202946,1.0940373,-1.7073491,2.6559033,0.8509134
2.9884,3.5175605,0.03845036,7.13402,1.0714569,-1.7047821,1.8092525,0.0015739202
1.7795529,4.745648,-0.032149076,7.310472,1.0765553,-1.6938118,1.9319878,0.1066097
2.4981313,2.3882923,-0.06700915,7.235341,1.077697,-1.6750205,0.11556482,-0.4337096
2.7283869,2.351731,-0.052176476,7.234861,1.0279839,-1.6595182,-0.43247563,-0.23178813
2.1243935,3.2841043,-0.0706346,7.2717443,1.0628119,-1.6880985,0.59192705,0.23147398
2.8378544,4.9854393,-0.079968214,7.3254485,1.0441506,-1.6730922,1.1566463,0.48537827
1.8111926,4.4804525,-0.08699268,7.307147,1.0387485,-1.6323303,2.3907318,0.47090262
1.8466369,3.2383437,-0.0065801144,7.2685404,0.9945879,-1.6246121,2.504604,0.6474172
2.0938454,3.409206,0.09929979,7.1494846,1.0164938,-1.635504,0.764681,0.6703527
2.5750213,7.983266,0.11596775,7.2749114,0.98949575,-1.6275651,0.84517324,0.5656326
2.003313,2.0801558,0.012861252,7.1781287,0.9908352,-1.6393962,1.0585506,0.725369
2.1868627,2.0394425,0.058627486,7.0532618,0.9809923,-1.6287947,0.8735553,0.28922796
1.659951,3.0218449,0.09105718,7.1166472,0.98461175,-1.5884104,0.32129693,0.36802024
1.5276239,3.995295,0.10655463,7.2205424,0.9671507,-1.56533,-0.10191047,0.20524442
1.2219871,7.358943,0.098291755,7.238861,0.95073366,-1.5777872,1.5795612,0.42902505
0.9182991,2.2568092,0.10850465,7.2107277,0.9615505,-1.5997869,0.30917847,0.1913988
1.1275227,3.3971994,0.023449183,7.3934736,0.9822414,-1.5954788,1.8763957,0.28537673
1.0561082,2.4784958,0.049741387,7.2730165,0.98285365,-1.6235441,-0.16642904,0.31790614
1.32972,4.086342,-0.0076289177,7.306258,0.96885014,-1.6101452,2.0803087,0.2045458
1.8817717,3.3658295,-0.018628359,7.345961,0.9817352,-1.6211709,1.2720923,-0.13466671
1.627626,3.792963,-0.009218633,7.394842,0.96294856,-1.6313692,1.4177456,-0.36818558
1.1669742,6.014368,0.0008313656,7.267124,1.04074,-1.6123089,1.0931189,0.2425924
2.4527593,5.080115,-0.15169275,7.297394,1.0012147,-1.6091,0.1454351,0.3733796
2.759036,5.0172234,-0.11706561,7.3865056,1.0624578,-1.607616,0.65161955,0.6445577
1.2875054,2.1366303,-0.15117955,7.426672,1.0261502,-1.6208267,-0.20826435,0.62645745
1.5032912,7.459074,-0.14218152,7.4708643,1.0034363,-1.6206253,1.2279239,-0.048816264
1.3651726,6.949671,-0.13332373,7.616272,0.979125,-1.6051139,-0.58729166,-0.24583003
1.5974036,5.152027,-0.07469785,7.6041417,0.97322536,-1.6443915,0.46443796,-0.46157324
2.071275,4.8447213,-0.13366705,7.63557,0.95059586,-1.6415347,-0.43560684,-0.4886456
1.0273637,5.605273,-0.13404542,7.620594,1.0299833,-1.6288946,-0.821069,-0.4573597
1.0606275,6.312184,-0.11278874,7.5073795,1.081909,-1.5884268,-0.92021406,0.028219461
1.0154715,5.3420815,-0.17197001,7.573108,1.0690024,-1.5936748,-0.74551934,0.3449149
1.1344628,4.725541,-0.2839402,7.5659747,1.0743098,-1.5944341,-0.6501976,0.2507161
1.2776384,4.133121,-0.26225078,7.555788,1.0301774,-1.5738921,-0.73136556,0.53595793
1.4584541,2.3881671,-0.31700432,7.576822,1.041625,-1.5705376,-0.5779363,-0.22035089
1.7163754,5.638529,-0.4059813,7.7599134,1.0359559,-1.5943999,-0.9789413,-0.15673247
1.9906297,6.371169,-0.43144637,7.839152,0.9805517,-1.6004379,-0.86103565,0.34384596
2.4058812,4.42101,-0.59803116,7.8404284,0.9844413,-1.5749022,0.36525476,0.2747165
2.6751885,9.812065,-0.5972462,7.866315,0.9825065,-1.5778185,0.33757937,0.615973
2.1134484,9.480836,-0.48181683,7.9958553,0.93139887,-1.6391076,0.37348926,0.21789199
2.273838,5.695569,-0.5713172,8.047767,1.0024076,-1.6578279,0.9459398,0.42859924
1.7998469,9.412273,-0.5783822,7.9344172,0.9546957,-1.6140914,0.57634556,0.4073279
1.4451743,3.2513576,-0.6196276,7.9196634,0.9399929,-1.5563728,0.17753315,0.6775836
1.6148745,8.1653385,-0.62542605,7.9147177,0.95775723,-1.5432074,0.347867,0.6253313
1.3282154,3.8719912,-0.5556484,7.9282556,0.8830397,-1.5180988,1.0805979,0.5618316
1.1906245,3.5900517,-0.5107291,7.8883414,0.91755676,-1.463052,-0.8078491,-0.48321024
1.1227179,3.77032,-0.5206245,7.84335,0.99718714,-1.5139016,-0.87057966,0.9616245
1.4922761,3.038909,-0.48982322,7.732157,0.9711542,-1.5131267,-0.7290981,0.90405726
2.3013887,3.082096,-0.3410042,7.6868477,0.9505336,-1.528265,-0.08536017,-0.4793291
2.6960385,5.515566,-0.31704557,7.728386,0.90283775,-1.5187101,-0.7349185,-0.45908827
2.9058533,3.698493,-0.5278578,7.738135,0.91627216,-1.5146716,-0.84961575,-0.42664993
2.9546032,4.010276,-0.43952602,7.686618,0.88374543,-1.5002527,-0.7034081,-0.44234353
2.9630234,5.350227,-0.5222832,7.766739,0.88263226,-1.548914,0.6051173,-0.28512356
2.89186,6.0198345,-0.35987747,7.666276,0.9196458,-1.5856118,0.26394713,0.16138524
2.6475623,6.9809713,-0.31084514,7.776953,0.8995707,-1.5893548,0.18344772,-0.4154114
2.492227,4.5603375,-0.29667646,7.669013,0.8849232,-1.4862174,0.020088673,-0.27986455
1.7279267,4.9178905,-0.23322952,7.6087146,0.7803724,-1.4122607,-0.17022389,-0.30258298
1.1900835,3.4905114,-0.1981337,7.5856957,0.7830901,-1.3879914,0.007191062,0.47050744
1.4352223,2.9235766,-0.20101058,7.4262943,0.80315375,-1.365586,-0.43139243,-0.045484424
2.2134948,4.93559,-0.17231166,7.371128,0.77610636,-1.3687495,-0.5487832,0.05199504
2.823712,8.442936,-0.1414007,7.320417,0.76909494,-1.3601079,-0.105299115,0.45806825
2.1739612,8.910028,-0.28675818,7.3896112,0.76688886,-1.3940301,0.86121833,0.38284016
1.937661,3.297368,-0.22125012,7.410073,0.8340483,-1.455774,1.9737921,0.38222992
1.1888258,2.6647491,-0.1500296,7.5346847,0.808645,-1.4883217,2.3260565,0.46047914
1.0692062,2.7460012,-0.1985712,7.5602427,0.837163,-1.502795,2.360795,0.65534735
1.6045516,2.4013615,-0.35146582,7.434074,0.8775177,-1.4904063,2.729446,0.7526922
2.3957715,2.467389,-0.4875641,7.399776,0.8553252,-1.457387,2.7535856,0.67254686
2.003116,9.963705,-0.26350683,7.3961506,0.9003036,-1.4835924,0.184852,0.27355927
1.2400274,2.0791426,-0.31550133,7.419568,0.90219975,-1.4491401,-0.062476456,0.287382
2.89896,2.0721834,-0.4493941,7.50828,0.9008956,-1.4783201,-0.48213118,0.51709557
2.8865724,2.6132758,-0.44464874,7.5039907,0.92539096,-1.4604996,-0.16566122,0.60881126
2.7974675,7.800282,-0.48331946,7.5803447,0.9024863,-1.4606972,-0.2660625,0.45885575
2.0671697,3.9835064,-0.39821333,7.5952053,0.8931761,-1.4343288,-0.73092043,0.09750074
1.6928256,6.4567094,-0.17506427,7.5590696,0.89151,-1.4466444,-0.88775903,-0.20245627
1.4761748,7.1952944,-0.15260458,7.564662,0.870085,-1.4687767,-0.6264307,-0.26305452
1.44894,5.232528,-0.20612407,7.6602073,0.9352627,-1.5118766,-0.6917869,0.29080987
1.3373389,7.318608,-0.12969685,7.559456,0.9116335,-1.5087655,-0.67084897,-0.47333243
1.0427824,3.5368366,-0.1234771,7.5613675,0.8459892,-1.4593232,-0.85811603,-0.4691442
1.647234,2.1458993,-0.3617102,7.640624,0.8703642,-1.4886085,-0.15233546,0.8662559
1.8905404,9.173304,-0.37154156,7.5682487,0.8393657,-1.4162574,-0.7083372,0.7928417
2.2333329,6.479143,-0.35053736,7.5772185,0.79450417,-1.3896971,-0.42193043,0.073572695
2.1364,3.0499568,-0.3593526,7.567606,0.78067327,-1.4152504,-0.17002243,0.018211603
2.6188533,2.738992,-0.26881915,7.5134387,0.7524941,-1.3884153,0.5378835,0.5943048
2.8144152,2.1262605,-0.19010663,7.350211,0.7242708,-1.3893099,0.91687846,0.40916532
2.934008,2.9374409,-0.2353394,7.3728566,0.7291763,-1.3816441,0.92148066,0.09790599
2.711573,3.7426376,0.029081106,7.3609605,0.7329676,-1.4229794,1.956924,-0.26618266
2.4540734,2.468592,0.12523651,7.1494293,0.78039384,-1.4060044,1.9944432,-0.23319906
1.9960862,4.6307793,0.011785984,7.191111,0.7981839,-1.3430238,-0.82397723,0.6557827
2.119989,3.024126,-0.067687035,7.207102,0.8040552,-1.3683193,-0.94253683,-0.4522252
2.748549,4.0201306,-0.09442949,7.2023273,0.7781136,-1.3318183,-0.8699149,0.7993547
2.4178152,4.059065,-0.086352885,7.326597,0.7163241,-1.3257048,1.3794596,0.7306845
2.8872104,7.0653033,-0.061297417,7.4296684,0.6670203,-1.3054657,0.6823939,0.75357246
2.8818228,3.7772474,-0.18546796,7.402528,0.63953805,-1.2400714,1.3879197,0.45364308
2.4494343,8.4817505,-0.33023858,7.5343013,0.6662166,-1.2647254,-0.5911827,0.28896195
2.7110362,4.6253166,-0.39651322,7.4985356,0.6457653,-1.2428559,-0.77974486,-0.16132456
2.7025294,7.5162563,-0.23750484,7.5266414,0.58687615,-1.2613266,0.05349779,-0.15996456
2.6915956,3.1409454,-0.33463502,7.4563537,0.57671857,-1.1680124,0.38003576,0.9100063
2.454081,4.9211087,-0.34260142,7.4346642,0.5943322,-1.1703308,0.36163807,0.65620315
2.3866737,2.7913592,-0.31628686,7.4678597,0.5227473,-1.1305449,-0.11979526,0.02190566
2.7304807,6.0353312,-0.26439267,7.4677086,0.50895,-1.1632801,-0.055142343,0.04089099
2.978628,2.1818278,-0.3541227,7.3389263,0.5312636,-1.1544452,-0.49337655,0.17842156
2.3858957,2.6061115,-0.41074705,7.430046,0.546788,-1.1468099,1.1544292,0.50124335
2.8218439,3.946203,-0.3544823,7.4326534,0.5176821,-1.1538944,2.5052059,0.7821599
2.7379034,2.7256558,-0.2559523,7.434846,0.5080919,-1.109249,0.72453177,0.5594262
2.9918795,2.76284,-0.28898138,7.4592843,0.5431514,-1.1841376,0.22441947,0.36851633
2.7811618,3.4840524,-0.3590033,7.4393816,0.571167,-1.1713381,0.8294909,0.39907056
2.7854903,2.7753,-0.26926738,7.4379435,0.585691,-1.2377018,1.0246224,0.574424
2.7574859,2.5193715,-0.3111049,7.5405354,0.5630827,-1.2501986,1.224513,0.5238147
2.9415345,4.9199667,-0.40295994,7.543242,0.56255794,-1.1745461,-0.7910004,0.087981045
2.7251744,7.2557116,-0.6120099,7.542502,0.56679344,-1.1202729,-0.6304943,0.43032193
2.3485134,9.629086,-0.7204479,7.71956,0.5937679,-1.1683398,2.5825388,0.42029738
2.544904,9.786246,-0.68193334,7.744646,0.59488463,-1.1932864,0.8744223,0.9692588
2.3752332,5.2724404,-0.7199639,7.819372,0.5906248,-1.2273577,2.2738984,0.9613583
2.0184286,7.8337226,-0.555831,7.690921,0.59953785,-1.1996071,1.9340463,0.93077016
2.1375213,8.939831,-0.562587,7.807308,0.6107085,-1.2444787,2.4034305,0.88491404
2.2575648,8.517149,-0.7041898,7.892593,0.6593385,-1.2606161,2.1318548,0.7598592
2.4809582,5.790779,-0.6655165,7.8398886,0.6562569,-1.266619,0.36809397,0.2356174
2.7658036,5.402865,-0.7492726,7.7505484,0.64174724,-1.2507942,-0.7372265,-0.08704579
2.1371408,6.4944797,-0.5888341,7.5861096,0.6552148,-1.2401755,-0.62708783,0.35550964
2.23475,4.8405404,-0.6007812,7.595836,0.712986,-1.2618438,-0.22617382,0.22655344
2.0263658,4.540151,-0.58964837,7.766843,0.70873547,-1.2877982,-0.99766004,-0.2532203
1.9998109,4.346931,-0.5799899,7.7072334,0.7296145,-1.2839266,-0.9880905,0.30022871
1.7435495,2.7252293,-0.56501913,7.7399044,0.7412214,-1.3060352,-0.9558139,0.02126968
1.7700964,9.705624,-0.48559833,7.734629,0.7683916,-1.3087349,-0.8960611,-0.16005623
2.0303912,2.8173985,-0.43969363,7.4699774,0.70193124,-1.2766571,-0.75898695,-0.14719215
2.9646146,2.3096395,-0.46497583,7.395818,0.6966195,-1.2772565,-0.7791091,-0.2030594
2.981336,8.62183,-0.33649242,7.476438,0.7095964,-1.3117819,0.017120242,-0.059755206
2.123952,4.2013016,-0.3052559,7.383263,0.70627856,-1.2199988,-0.5620748,0.078400135
2.5351698,6.25798,-0.30264282,7.390555,0.6912756,-1.2474802,-0.7397122,0.032883525
2.6975248,2.345183,-0.41582632,7.3853264,0.64183044,-1.1863489,-0.67464566,0.11055118
1.8489555,4.072738,-0.35136098,7.45269,0.5793295,-1.150203,-0.4323768,0.37233222
1.9766631,4.325224,-0.32036656,7.5707183,0.5070703,-1.1519454,-0.06860638,-0.11855465
1.7951164,5.211451,-0.32185972,7.6041994,0.5150449,-1.1330177,0.8308333,0.031768084
1.8993979,4.754563,-0.2855559,7.546145,0.48636174,-1.1567171,0.64651525,0.26483834
1.5594257,5.1101007,-0.3256461,7.6617737,0.49937105,-1.1618807,1.2406173,0.010483623
1.6321877,4.434739,-0.3139292,7.6436133,0.44380236,-1.0974534,-0.20078826,-0.04420927
2.133152,5.511915,-0.54325104,7.6125803,0.48949695,-1.0361536,-0.2137878,0.24134135
2.4495368,6.0462875,-0.30233037,7.5387974,0.4152789,-1.0391634,-0.2851814,-0.18663546
2.1637764,5.888662,-0.046874642,7.578713,0.41632032,-1.0488539,-0.58364105,-0.12881851
2.2277203,9.175521,-0.08307505,7.505607,0.44967675,-1.0318415,-0.7151246,-0.4525102
2.0375538,7.596842,-0.11012262,7.3902326,0.48978734,-1.0239934,-0.7287673,-0.09312707
2.1026468,4.9712396,-0.1883403,7.4061112,0.49101472,-0.9896674,-0.9647705,0.2679988
1.9738489,2.9776642,-0.2348274,7.370813,0.4115281,-1.0028876,0.5032915,0.3929522
2.5239766,3.7311282,-0.32998568,7.315615,0.41203475,-1.0084529,1.930906,0.93590474
2.731634,4.111553,-0.40366983,7.435796,0.38987827,-0.99269724,1.5904574,0.9527948
2.411026,7.7369127,-0.16997206,7.473155,0.43225193,-1.0736995,1.3486965,0.8744395
2.584406,6.899953,-0.17409468,7.3919024,0.389786,-1.0219736,2.6292057,0.8362181
2.4101725,8.950866,-0.11758232,7.4869366,0.37165093,-0.9907725,2.8799999,0.63736355
2.7546406,5.1773567,-0.94171023,8.204996,-0.34955883,-0.32206845,0.6641674,-0.097714126
2.7532408,4.348137,-0.8805281,8.149655,-0.3575238,-0.29187226,-0.54541373,-0.23563883
2.8284118,5.1924744,-0.898976,8.202652,-0.34148407,-0.27848816,-0.16673392,0.41658592
2.6069481,5.220152,-0.7803693,8.179633,-0.38597775,-0.27802157,1.363219,-0.012232125
2.0547657,4.748585,-0.76831675,8.281419,-0.35557878,-0.28076148,0.11066747,-0.012357712
2.2529047,4.6798697,-0.7702833,8.324856,-0.3517629,-0.3345418,0.049328804,0.37272668
1.5914466,4.372334,-0.717003,8.360552,-0.34082925,-0.2870152,-0.5994991,-0.11048004
1.748111,4.452529,-0.8461312,8.287887,-0.32749426,-0.23906064,-0.46744114,-0.13112816
1.7297361,5.1212454,-0.8054438,8.346178,-0.32350993,-0.25593662,-0.6867164,0.030181468
2.1781898,4.7325363,-0.77173436,8.27903,-0.32171583,-0.34265137,-0.6901001,-0.16159478
1.6724908,5.186532,-0.6069682,8.412421,-0.354926,-0.22901487,-0.87309766,-0.43426427
1.6004441,4.528382,-0.5545915,8.262547,-0.3224758,-0.23508215,-0.53448606,-0.10911998
1.9316766,4.0584335,-0.47238362,8.205385,-0.32515264,-0.26785088,-0.84029245,-0.14090589
1.9372251,4.2756047,-0.52980256,8.102432,-0.36236894,-0.23513794,-0.8157537,-0.48220462
2.008818,4.4379377,-0.051728845,8.065231,-0.36877418,-0.27498007,2.506712,-0.48420635
1.7710208,4.398858,0.24586153,8.037716,-0.3719753,-0.21537852,2.3834255,-0.44110933
1.8147045,4.2175837,0.44081736,7.910928,-0.38717973,-0.24958825,1.4590013,0.42025793
2.0028358,4.3839445,0.29659522,8.010981,-0.4058323,-0.29022384,1.9439924,0.018740654
1.5093479,2.349247,-0.57710105,8.012075,-0.3786025,-0.31269526,1.9036398,-0.09568298
1.57419,2.0458,-0.2482124,8.032476,-0.40618742,-0.3004284,0.26191163,-0.28744596
1.4778266,2.7587142,-0.5210801,8.179922,-0.3872025,-0.2729931,0.012781858,-0.20819664
1.4831989,2.8692222,-0.46652377,8.252545,-0.40051663,-0.24090958,-0.49327368,-0.43693623
1.4954555,2.5686054,-0.8462994,8.312563,-0.39746714,-0.21972466,-0.53938293,-0.4952912
1.800361,3.1025062,-0.8976408,8.33638,-0.39688623,-0.23219347,-0.63429594,-0.31973284
1.6822137,3.1523206,-0.30547255,8.2906,-0.40708852,-0.23821402,0.30126846,-0.27574864
1.4699693,3.474856,-0.6500688,8.3627615,-0.42372787,-0.26585174,-0.3381576,-0.38845396
1.5408722,3.5359526,-0.43970543,8.303286,-0.4297229,-0.23716068,1.7186346,-0.431535
1.5039979,3.3465693,-0.3882872,8.267667,-0.43366277,-0.18127966,1.6123893,0.5925536
1.6227734,3.7193515,-0.24878633,8.240276,-0.4414556,-0.19020963,-0.3549788,-0.22689348
1.3123422,3.423888,-0.2341572,8.353175,-0.46754348,-0.10407114,-0.6349995,-0.29400375
1.75245,4.226146,-0.61184466,8.187203,-0.39056063,-0.11761856,-0.8870541,-0.025210202
1.7570817,4.277602,-0.87550795,8.321759,-0.32569218,-0.24005675,-0.85641944,-0.28568625
2.2181413,4.6286707,-0.7389414,8.32291,-0.32337224,-0.27560997,-0.80659974,-0.41519958
2.0336943,4.342579,-0.6749627,8.158017,-0.3310157,-0.30429816,-0.47844762,-0.26831627
2.493855,3.1512194,-0.94781655,8.080395,-0.32908666,-0.2733183,-0.69652224,0.003409028
2.3456044,3.2870283,-0.94708896,8.063292,-0.3246734,-0.2748301,-0.69037026,0.21942008
1.7022938,3.0006742,-0.8543777,8.194281,-0.33659494,-0.25879002,0.12513232,-0.16195992
1.552929,4.061715,-0.5565239,8.16308,-0.3672092,-0.26236033,2.9471934,0.382123
1.9583944,3.8866854,-0.92342746,8.10316,-0.36832726,-0.22613835,2.7878082,0.8996835
2.53412,2.4323568,-0.8118403,7.9289565,-0.3811159,-0.2837186,1.724231,0.95538354
2.5201087,2.088588,-0.8525389,7.919965,-0.38528776,-0.21259928,1.0579145,0.7168362
2.2012324,2.0840216,-0.85747844,7.9637747,-0.38308036,-0.21526861,1.6866121,0.56324947
2.4730663,2.3984847,-0.96769,7.9384627,-0.40017056,-0.2607627,2.4938343,0.64147425
2.3520577,3.1173959,-0.5997841,7.9486647,-0.3983984,-0.23820376,2.3422797,0.43147665
2.6981053,3.869944,-0.95971847,8.017151,-0.38281608,-0.14584446,2.857178,0.7174214
2.9415708,4.388237,-0.9451248,8.028133,-0.370839,-0.20525002,2.8923929,0.80245614
2.756445,4.9517765,-0.93936867,8.115734,-0.3862865,-0.21843648,2.0650976,0.49782878
2.5931525,4.1839533,-0.84526414,8.183296,-0.3742032,-0.2788663,1.6368842,0.7115686
2.5761359,4.6022263,-0.8849714,8.119685,-0.37297308,-0.24584436,2.4397826,0.84273577
2.6309845,5.2879763,-0.69144803,8.148075,-0.36653066,-0.29657125,2.8328228,0.95949984
2.6385148,5.2655663,-0.84137917,8.186025,-0.3605814,-0.2547717,2.3666227,0.30380714
2.5751798,5.132303,-0.791792,8.2053175,-0.39145303,-0.25822878,0.10474765,0.15179253
2.7315686,5.3192534,-0.704839,8.190477,-0.38379872,-0.28190327,0.6021403,0.3442201
2.6304972,4.9733706,-0.84495085,8.261255,-0.3875984,-0.22820854,-0.6291082,0.2599988
2.756663,4.5952544,-0.944377,8.187071,-0.3788936,-0.21401262,-0.6404452,-0.11080906
2.8976007,6.2485294,-0.7625352,8.128805,-0.3915304,-0.21341538,-0.16263574,-0.1492433
2.97975,3.879881,-0.8129915,7.953596,-0.38879478,-0.21305847,0.08213222,-0.2479235
2.9890926,2.0583189,-0.63155687,7.9222627,-0.43101013,-0.21663618,-0.044929802,-0.28869867
2.6959,2.0096898,-0.53941774,7.9628787,-0.4595883,-0.20429397,-0.16275185,0.17367202
2.59263,2.1493268,-0.7629237,7.933489,-0.44508278,-0.22955751,1.8440206,0.23855829
2.9025292,2.9213853,-0.7901284,8.03212,-0.47502613,-0.14726353,1.408679,0.3136841
2.5905347,2.4745736,-0.7363467,8.066377,-0.4716636,-0.15877986,0.101901054,0.46966207
2.631391,3.1098425,-0.79403085,8.001486,-0.45693147,-0.16692472,-0.33776736,-0.19518659
2.577749,3.1558778,-0.4726029,8.046371,-0.45173132,-0.17683649,0.04645765,-0.10019374
2.220958,2.4115639,-0.48332345,8.031377,-0.3793267,-0.20741248,-0.35182482,0.045367718
2.0601475,3.6683016,-0.50658035,7.9688025,-0.36499345,-0.23193932,1.9440873,0.7072753
2.0870152,4.262926,-0.50839543,8.018896,-0.32761228,-0.29246807,1.8658864,-0.19073829
1.8993996,5.2716885,-0.40983367,8.167728,-0.2922418,-0.34125185,0.17065871,-0.16176495
2.2507675,5.5435624,-0.30227733,8.135637,-0.29140377,-0.33444977,0.090724826,0.0485093
2.4548054,5.579236,0.15338123,8.066065,-0.2929082,-0.3678577,0.8968284,-0.40645695
2.6311164,6.6506724,0.27657402,7.9586124,-0.28442848,-0.4049163,0.55675316,-0.35680586
2.6841817,4.8732824,0.30594563,7.7499633,-0.27610135,-0.35730433,0.4865706,-0.03372264
2.735735,4.802704,0.4180205,7.791136,-0.33924782,-0.32747507,2.8724952,0.02018857
2.6130204,5.403169,0.60264456,7.8017473,-0.3476733,-0.33999968,2.7326655,-0.3706895
2.8113818,8.308603,0.039730906,7.9487734,-0.33772957,-0.31838012,2.8481169,-0.09501228
2.7864509,7.1719913,-0.15014136,8.028637,-0.36446238,-0.31012917,2.5166838,0.10765445
2.9667838,7.163207,-0.2713591,8.15867,-0.38042438,-0.2488761,2.2738864,0.12780035
2.375835,4.1514654,-0.17598546,8.062,-0.35722744,-0.30348802,2.2842882,0.14627087
2.183312,4.1181545,-0.6978748,8.101402,-0.3265854,-0.3151412,0.89231396,0.8106228
2.074615,5.163631,-0.63078654,8.193239,-0.34712708,-0.31057882,0.9122194,-0.33513132
2.1409464,5.301523,-0.5728001,8.255184,-0.35819244,-0.27979898,0.34669638,-0.054838866
2.2172382,4.0937624,-0.8957242,8.26007,-0.3348602,-0.31065726,-0.08085191,0.076536894
2.160791,5.2284117,-0.9073731,8.397514,-0.33929527,-0.3164034,0.45057857,-0.17757028
1.903821,5.165802,-0.9193504,8.420511,-0.34299886,-0.33846068,0.2424599,-0.0050235987
2.1577914,4.660524,-0.903012,8.277733,-0.29469645,-0.32628894,-0.115024984,-0.41031134
2.0349889,4.4787436,-0.95045805,8.325645,-0.33504343,-0.27167797,-0.852572,-0.030854017
2.7887444,4.3618774,-0.97279143,8.153587,-0.32962072,-0.27893877,-0.16889983,0.1834271
2.676766,5.671397,-0.9600007,8.130873,-0.29468215,-0.27779937,-0.41727197,0.25504184
2.6425977,5.487071,-0.8581175,8.163902,-0.31875086,-0.25311565,-0.57595664,-0.347795
2.4221206,6.2985587,-0.89493376,8.321515,-0.34985447,-0.26649427,0.037965298,0.4024824
2.9643686,8.488934,-0.64485127,8.327219,-0.3840102,-0.26816225,0.7840594,-0.11341393
2.5602145,8.312409,-0.3519683,8.320593,-0.3921063,-0.23063159,2.8537552,-0.1941143
2.5841165,8.610693,-0.22490895,8.308409,-0.45102882,-0.17269087,2.9586687,-0.3818242
2.842181,6.9749384,-0.29149652,8.257159,-0.4814154,-0.12510967,2.9326239,-0.3198586
2.3845582,7.3959546,-0.46345496,8.359322,-0.45811248,-0.10021186,2.7213032,-0.36411887
2.4860778,8.192431,-0.23639351,8.464978,-0.4904946,-0.1436367,1.9142258,-0.055339366
2.5487204,6.5791407,-0.4406327,8.3617935,-0.44578016,-0.19936061,2.6122398,0.8702092
2.6406064,6.7114944,-0.9090812,8.417385,-0.42085612,-0.21040916,2.5733337,0.7589301
2.1287825,6.493921,-0.8391522,8.435999,-0.40050876,-0.24292159,2.601715,0.88656235
2.4130843,6.7604556,-0.77178687,8.428073,-0.3436867,-0.31788373,1.2101626,-0.18981785
2.476508,7.1536818,-0.8519927,8.388344,-0.31826544,-0.33868432,0.15100193,0.028659105
2.4674926,7.681916,-0.5022033,8.429702,-0.36396027,-0.33856297,0.70775306,-0.17470437
2.5095608,7.83181,-0.81321895,8.445619,-0.3191645,-0.2674129,1.0683231,-0.39327
2.3871756,6.47596,-0.84324974,8.354713,-0.31551754,-0.2726221,-0.85917306,-0.15737042
2.0162134,5.5905046,-0.39094788,8.328917,-0.39048898,-0.22367406,-0.16010612,-0.37656885
2.2050242,6.099281,-0.89121395,8.449262,-0.42132437,-0.22701693,-0.108976364,-0.40835404
1.899153,5.075659,-0.64575356,8.458457,-0.3702284,-0.25836325,-0.26236546,-0.4100862
1.8080107,5.490164,-0.67022485,8.651653,-0.42451572,-0.25496244,-0.34056222,-0.24710459
1.6695658,6.074976,-0.6883588,8.501058,-0.39234054,-0.25169277,0.30897772,-0.16086176
1.9673617,4.760507,-0.97499347,8.474731,-0.42937016,-0.23233604,0.034582138,-0.16231933
1.9846082,4.627196,-0.8032465,8.458025,-0.42352414,-0.19897819,-0.7036827,-0.3036763
2.145549,4.7971478,-0.9325063,8.430456,-0.43824565,-0.19009733,-0.5399606,0.063809395
2.1029265,4.500532,-0.7999159,8.347155,-0.44821632,-0.18668222,-0.06701255,-0.08124679
2.1765375,4.133404,-0.91134137,8.418035,-0.4397285,-0.23472738,-0.47837377,-0.44421214
2.1186197,5.803076,-0.8686538,8.560222,-0.47046173,-0.15578938,0.22721136,-0.38452953
2.326445,5.2042675,-0.88682586,8.363008,-0.42179108,-0.16346264,0.114739895,0.1420933
2.346888,4.974077,-0.9495611,8.400399,-0.43997192,-0.20609283,0.16310775,-0.059879363
2.518897,6.072,-0.84012866,8.322547,-0.40613246,-0.22945166,0.8234943,-0.0943124
2.3133652,4.65792,-0.569383,8.239584,-0.40633178,-0.22957015,0.91315174,0.19436157
2.608853,5.2702684,-0.99507517,8.296637,-0.41677272,-0.21524572,-0.31427258,-0.25453556
2.4535313,5.551963,-0.45993352,8.406763,-0.4170164,-0.26360154,-0.2551381,-0.27400932
2.4397926,8.000158,-0.87163424,8.5422535,-0.38373375,-0.21516132,-0.22739512,-0.27302474
2.4338427,7.2135625,-0.95601356,8.507353,-0.38447642,-0.2266357,-0.32946998,-0.21871921
2.4838839,7.197311,-0.81134015,8.451853,-0.37426424,-0.20671988,-0.5792115,-0.26675087
2.4366739,7.497593,-0.9005469,8.509237,-0.39110255,-0.17915678,-0.7902905,-0.34829804
2.569616,8.156257,-0.8814287,8.593227,-0.39963853,-0.17093134,-0.7749213,-0.45975524
2.9464276,7.02625,-0.99668765,8.536928,-0.42148638,-0.18087697,-0.6922579,-0.46466494
2.619855,7.1029243,-0.99991983,8.3416195,-0.41985548,-0.23546076,1.2910726,-0.37198836
2.6125393,7.595717,-0.9987919,8.298582,-0.34596765,-0.24602127,2.3606026,-0.28677797
2.7605162,7.590853,-0.98347026,8.323294,-0.3761946,-0.25649905,1.800477,0.79269075
2.6335123,8.426634,-0.5651448,8.3790865,-0.37829912,-0.26866174,1.8104258,-0.3198009
2.898414,8.359133,-0.631081,8.372211,-0.37222397,-0.26932144,0.832149,-0.33147925
2.6776888,8.975563,-0.23876816,8.304519,-0.41113925,-0.2300055,1.8396728,0.25017107
2.624098,7.1915326,-0.3316933,8.282896,-0.45845556,-0.19421649,2.1955056,-0.24866489
2.6121364,8.674183,-0.1826371,8.334246,-0.42092705,-0.18231487,2.938744,-0.020106435
2.8440301,9.549954,-0.69789255,8.414579,-0.40413034,-0.16779184,2.3456535,-0.17863858
2.8196013,9.542937,-0.73765,8.616214,-0.3950299,-0.25004148,2.9722102,0.60359097
2.461717,8.495904,-0.9437818,8.631238,-0.41868556,-0.2471776,2.9376144,0.34546244
2.5011878,8.489401,-0.9474664,8.624681,-0.41613448,-0.2176807,2.8616624,0.7719053
2.1748176,7.5248404,-0.9240024,8.510481,-0.4128666,-0.19887948,2.746166,-0.14298204
2.3102822,7.9164963,-0.79777616,8.450117,-0.4084065,-0.19378138,2.6653872,-0.21685594
2.6305275,6.2145143,-0.92364216,8.334733,-0.4017856,-0.28083873,2.686535,0.5289043
2.5220323,6.448152,-0.880132,8.481026,-0.4006945,-0.27876616,2.7880957,0.90528417
2.3774548,7.888852,-0.8363704,8.405249,-0.3841064,-0.2517302,2.258116,0.53683484
2.1895423,7.7276196,-0.9032746,8.612049,-0.3887148,-0.2599635,2.546276,0.5773479
2.1078143,8.024427,-0.90608305,8.586335,-0.35798562,-0.28367472,2.5333319,0.5856018
2.1035495,7.7539897,-0.80143154,8.547639,-0.36846995,-0.24757433,2.5033922,-0.15563774
2.1657321,7.583899,-0.1468383,8.509201,-0.4117496,-0.26508737,1.8782516,0.039267898
2.3699827,7.9817567,-0.76286197,8.549155,-0.4053049,-0.28230143,1.9860888,-0.15809754
2.4537187,7.6582437,-0.78602684,8.528972,-0.34646404,-0.29853988,1.7402158,0.35307503
2.5058706,9.481514,-0.8141004,8.507462,-0.4066583,-0.19618225,2.843854,-0.0043817163
2.3115163,8.644825,-0.8423663,8.572307,-0.3744142,-0.21208572,2.065654,0.74353194
2.402391,9.622574,-0.81627226,8.5542965,-0.38075912,-0.20360851,2.5937603,0.7620777
2.359361,9.6694765,-0.81863034,8.827061,-0.4164052,-0.1666336,2.7978804,0.6891657
2.471375,9.432596,-0.91394794,8.515581,-0.35791063,-0.17629099,2.9046674,0.71451664
2.5072567,9.531873,-0.7853962,8.511202,-0.3661039,-0.24960065,2.1759157,0.59847367
2.532299,9.768398,-0.6966146,8.375996,-0.3049003,-0.25075817,1.89558,-0.29504654
2.8513708,9.859458,-0.64037305,8.25486,-0.31269133,-0.31068802,2.9563026,-0.35468775
2.6942692,9.943733,-0.6567575,8.25761,-0.3083701,-0.2720847,2.4110436,0.26138532
2.4968019,5.30091,-0.7806412,8.197767,-0.33152342,-0.2520814,1.978493,0.8851948
2.2810674,6.525815,-0.7286389,8.354186,-0.31940293,-0.3416338,2.313266,0.9688276
2.3876076,6.37776,-0.900627,8.409939,-0.31444156,-0.29366422,2.873907,0.7840738
2.851933,7.820753,-0.87511307,8.380379,-0.3247106,-0.3443668,1.35216,0.6679642
2.7616224,8.7001705,-0.6657673,8.410393,-0.30320168,-0.36068583,2.0840502,0.73149896
2.7619154,8.066498,-0.9481285,8.399889,-0.28705335,-0.33205056,2.1776288,0.8368162
2.1809392,8.001366,-0.94479966,8.42305,-0.28963435,-0.35013437,1.9968855,0.40348303
2.1640487,8.098899,-0.74218905,8.546816,-0.33766496,-0.36461544,1.2017002,0.5323415
2.2873416,8.991239,-0.32950366,8.440076,-0.3275435,-0.3460083,2.3320038,-0.04090947
2.4565475,8.541524,-0.3622313,8.303615,-0.31086767,-0.32671118,0.8005122,-0.2740294
2.092913,7.5441055,-0.54641783,8.359381,-0.35913503,-0.2845068,2.1878405,-0.4050706
2.0062575,8.476032,-0.26373595,8.511173,-0.39081645,-0.24769115,2.1368148,-0.30392212
2.2347078,8.451418,-0.5244025,8.456149,-0.36508155,-0.22665215,2.0181966,-0.37477735
2.2722254,8.443345,-0.69910514,8.493517,-0.40062785,-0.23388386,1.9110856,-0.40840232
2.4971347,8.267625,-0.7723645,8.593096,-0.38414264,-0.27333403,0.35380697,-0.05540812
2.6859999,8.701887,-0.6356199,8.58653,-0.38322127,-0.2894895,-0.047103584,-0.15388244
2.8324606,8.270243,-0.68324536,8.47182,-0.41476727,-0.29375315,0.027641535,-0.13047951
2.6567123,7.4535537,-0.57479036,8.456385,-0.46681726,-0.24624872,0.64687526,0.14654374
2.4359548,6.782328,-0.7776799,8.407401,-0.42345226,-0.24609518,1.6831977,0.17265165
2.3393219,6.996266,-0.6740445,8.426199,-0.41921735,-0.18893242,2.3600247,0.27195168
2.1061862,6.715046,-0.9524973,8.437134,-0.3864714,-0.18649197,2.2953198,0.29204023
2.1340594,6.617917,-0.94409865,8.532295,-0.3861915,-0.2160716,0.5399517,-0.26075923
2.0793638,6.7234435,-0.6755206,8.5525675,-0.39445055,-0.20611596,1.6355054,-0.010178924
2.4362307,8.587476,-0.84138924,8.659485,-0.3731656,-0.24997807,-0.567573,-0.08729038
2.1270823,8.445343,-0.9738267,8.678526,-0.32666993,-0.24248838,-0.3071757,0.11082524
2.1620502,8.334279,-0.98965466,8.625753,-0.3304361,-0.28188848,-0.41397852,-0.21497333
2.4292157,9.099661,-0.9093262,8.634914,-0.30750227,-0.26995564,-0.8135254,-0.27592
2.6493616,8.5936775,-0.9589272,8.486311,-0.30578482,-0.25417256,-0.8815347,-0.15572578
2.51067,6.127636,-0.726411,8.4760895,-0.3444376,-0.28338265,-0.9361334,-0.40454984
2.7555857,7.1922436,-0.67940015,8.211914,-0.29382873,-0.32563138,1.3120494,0.1349343
2.601092,7.0558767,-0.6766103,8.21588,-0.2860241,-0.295933,-0.59793735,-0.43833363
2.9181297,6.7872953,-0.6663857,8.183891,-0.3032421,-0.309623,-0.59516084,-0.49206087
2.7786074,6.7810917,-0.5677663,8.224302,-0.2977047,-0.32893634,-0.25172704,0.38675427
2.7041495,6.6604877,-0.58245826,8.234177,-0.30281782,-0.31928658,2.9136593,0.98618674
2.741606,7.332828,-0.54571724,8.233149,-0.31374562,-0.28862023,1.2577372,0.98584056
2.6836286,7.512975,-0.902844,8.284571,-0.3158158,-0.31991434,0.8990048,0.90743446
2.663019,7.828136,-0.94998294,8.37633,-0.24883342,-0.3437462,-0.9957464,-0.22971234
2.4756927,7.3229623,-0.87479997,8.389028,-0.27095783,-0.29418492,-0.6301825,-0.06748885
2.7771902,6.5316854,-0.9350008,8.25526,-0.2783016,-0.31325984,-0.7084861,0.10719931
2.407721,5.1776743,-0.8353933,8.251461,-0.3136816,-0.30757284,-0.3519737,0.050246596
2.4194963,5.6187644,-0.86860204,8.246898,-0.28511286,-0.33748078,0.9159385,0.22310793
1.6951895,2.6158173,0.10041261,7.844391,-0.31687427,-0.38515067,2.284684,0.08325791
1.3986559,2.6485445,0.25882387,7.6573496,-0.24413025,-0.3850646,1.9686911,-0.090254396
2.2813442,2.4790702,-0.21059191,7.7841315,-0.27809286,-0.38793182,-0.12354344,-0.41411635
2.161925,2.6107013,-0.28588712,7.814964,-0.25715744,-0.4026966,0.7913624,0.63885987
2.2232168,2.5060592,-0.51297015,7.9009337,-0.23804724,-0.42500186,0.69489527,-0.31570643
2.6331832,2.706115,-0.350613,7.814825,-0.26093447,-0.42755866,-0.51738757,-0.33901456
2.4435973,2.5146441,-0.56599,7.8788433,-0.20329022,-0.44109893,-0.2513981,-0.28065458
2.6159134,2.262217,-0.9957855,7.84419,-0.20432985,-0.39388156,0.044625044,0.20681679
2.2989912,2.4232874,-0.90059423,7.851518,-0.19431758,-0.4105692,0.09627223,0.16236174
2.5408633,2.3645775,-0.8738121,7.8363767,-0.16380024,-0.43943405,-0.5915969,0.17345762
2.7887962,2.113029,-0.7959057,7.770011,-0.14534402,-0.4303093,-0.6302341,0.19757164
2.9267256,2.1775205,-0.88082653,7.777521,-0.14366484,-0.39908743,-0.78981894,0.3493778
2.6445873,2.4517345,-0.86187404,7.7198133,-0.14929628,-0.4093747,-0.6702217,0.28615278
2.7207906,2.370196,-0.63127005,7.7418137,-0.20522022,-0.4080367,-0.42275864,-0.17782366
2.7785838,2.150654,-0.7428653,7.7422276,-0.20701182,-0.39784908,-0.52963006,0.023527324
2.2342136,2.0865557,-0.53601944,7.670668,-0.20279229,-0.39770985,-0.30908066,-0.22614652
2.4098158,2.3116941,-0.8297924,7.8810215,-0.20497143,-0.4990232,-0.043172598,0.07724124
2.6950357,2.4402986,-0.7944596,7.8492923,-0.22111881,-0.38115168,-0.743509,-0.41775215
1.6774006,2.7451434,-0.36336374,7.86212,-0.24200356,-0.3774941,0.057368755,-0.10358381
2.7217014,4.2900224,-0.000828743,7.761155,-0.2473675,-0.3826313,0.37498915,-0.016187191
2.4377635,3.15315,-0.09260869,7.7951584,-0.23809624,-0.4080143,1.6456802,-0.16931754
2.106031,5.2916336,-0.3450594,7.9961143,-0.2713318,-0.45830083,2.6498272,-0.040650845
2.5385804,7.810384,0.31113625,7.973853,-0.26488316,-0.4392116,1.3191962,0.103048444
2.6076663,5.6688766,0.027734756,8.005395,-0.2690612,-0.43833876,0.8783293,-0.40062237
2.801829,4.646678,-0.2944706,8.020836,-0.3640517,-0.2974472,0.018241525,-0.41349944
2.946262,5.0540833,-0.5280534,8.067762,-0.36102843,-0.24277973,-0.82119286,-0.36270708
2.9432611,2.1047397,-0.913473,7.9618874,-0.4224012,-0.16782999,-0.9170387,-0.005562544
2.9286423,2.793228,-0.8953701,8.016285,-0.40625608,-0.16353369,-0.7747141,-0.02587843
2.6346912,3.9263783,-0.3412102,8.099489,-0.44391763,-0.15025711,-0.14547288,0.52846766
2.7556434,3.7820895,-0.5237416,8.081621,-0.43668818,-0.21833158,0.8477503,0.3591398
2.698627,4.599022,-0.19721359,8.092755,-0.41451013,-0.24047232,0.27281606,-0.40102404
2.8346195,4.5746756,0.06098628,8.028278,-0.4166715,-0.21220493,0.3010968,-0.29256862
2.2082152,4.8585243,-0.06905341,8.016426,-0.37109888,-0.19207382,-0.44858092,-0.24787176
1.8046755,3.9790306,0.27980947,7.970612,-0.3025664,-0.27360988,-0.7671855,-0.19602996
2.0605116,3.9706721,-0.28228962,7.9477882,-0.32509387,-0.2917788,1.7812216,-0.27869773
2.421886,3.8816917,-0.4856751,7.960042,-0.34631896,-0.30224466,2.0128965,0.14256132
2.5082405,4.6197596,-0.72804105,8.069853,-0.3464116,-0.28488922,1.9311509,0.6053076
2.3508415,4.307563,-0.70582896,8.072753,-0.323923,-0.28035188,2.0172656,0.61307406
2.444743,4.1286855,-0.70526934,8.122948,-0.3401004,-0.2756865,0.10804081,-0.46445766
1.944291,5.1737995,-0.61114097,8.236771,-0.3491174,-0.3226471,1.8152568,0.56211793
2.078087,5.1400986,-0.9733012,8.3155575,-0.28578043,-0.36637163,1.5142531,0.5918803
2.5153446,4.716497,-0.93637115,8.24699,-0.27788877,-0.40591717,0.88274145,0.16792291
1.8841916,4.680681,-0.9307889,8.352932,-0.29982126,-0.35415792,0.0988729,0.22673506
1.862921,4.0634527,-0.9382609,8.22669,-0.2844361,-0.3809774,0.12372458,-0.19863555
2.2802024,3.5117104,-0.92105925,8.160618,-0.2545246,-0.40062118,-0.38670516,-0.10637838
2.2726033,3.907485,-0.8228278,8.125934,-0.29573417,-0.32191038,-0.6786057,0.17712331
1.7702905,3.5693884,-0.14783382,8.032695,-0.25690067,-0.31964827,-0.63717115,0.17949963
1.7141778,3.334517,-0.24042988,8.011749,-0.28107333,-0.30416203,-0.5909254,-0.39656323
2.3659987,3.3512192,-0.32959312,7.9543185,-0.32054234,-0.30915737,0.64740574,-0.43619096
2.549111,3.6042733,-0.3970399,7.92511,-0.30077505,-0.37929964,0.8855076,0.24040633
2.2018404,4.437237,-0.2535035,7.9230957,-0.29132426,-0.36134124,0.27557218,-0.37408462
2.1807446,4.184457,-0.14651549,8.000479,-0.27784264,-0.37628388,1.5198281,0.22839165
1.5250871,2.5109322,-0.10592234,7.9995384,-0.34085155,-0.36851883,0.31293023,0.41248304
1.7610612,4.2115717,-0.06771082,7.973225,-0.28101134,-0.36841393,2.9891343,-0.34028655
1.6734791,5.088124,-0.32859147,8.090108,-0.26452065,-0.37026095,-0.11223763,-0.16801882
2.548489,5.229686,-0.38258857,7.8839374,-0.2278924,-0.34061432,-0.27865005,-0.21898511
2.203964,6.150227,-0.11615634,7.906419,-0.1696527,-0.38666272,-0.22014791,0.03186047
2.1258376,5.0023437,-0.47864074,7.9015517,-0.16995978,-0.3965211,-0.5459324,-0.040290564
2.4382396,4.1150627,-0.30093098,7.900431,-0.18333864,-0.45336962,-0.44943666,0.1881817
1.982655,4.650811,-0.35415894,7.8817973,-0.19118023,-0.4591248,1.7944231,0.099799454
2.6599839,3.747373,-0.4120593,7.8539777,-0.18693435,-0.4672084,1.2242703,0.84242105
2.928409,3.6921837,-0.011837184,7.7649407,-0.26367962,-0.38022113,2.8566344,0.97357404
2.956717,3.3492422,-0.099262536,7.7145767,-0.2807237,-0.27444816,2.9346473,0.9893789
2.9160438,4.355924,-0.50043005,7.7576976,-0.276497,-0.26432538,-0.2659449,0.7257242
2.8080845,4.3114777,-0.7488743,7.8773026,-0.2647084,-0.29701257,-0.7874142,-0.10599208
2.9681451,3.7147806,-0.6185601,7.8561034,-0.25921106,-0.28649807,-0.7615597,0.046427786
2.8602781,2.3940496,-0.08005369,7.5888124,-0.23701477,-0.40489268,1.6119528,0.031757116
2.6172717,2.6308823,-0.17766201,7.636242,-0.23099196,-0.39863467,0.4818604,0.2799939
2.4300284,3.4367123,-0.07325685,7.6797376,-0.17563736,-0.4582584,-0.23698056,-0.4145331
2.7382786,4.0849047,-0.3844397,7.6405654,-0.13335133,-0.44207168,-0.7572141,-0.47824383
2.6975799,4.296885,-0.3499543,7.7387514,-0.13713014,-0.47043753,-0.16386741,0.7342901
2.6626875,5.067587,-0.36763716,7.7875705,-0.11568487,-0.49638844,0.86908627,-0.19095528
2.7800093,5.445905,-0.110967696,7.799942,-0.18137932,-0.452909,0.6592206,-0.23046541
2.5125685,4.9987154,0.22643971,7.713152,-0.22571659,-0.37957788,1.2574196,-0.44835123
2.7514687,5.212348,0.4962529,7.717653,-0.29647875,-0.36023974,2.4800913,0.023312807
2.8443043,5.0176506,0.42880082,7.716853,-0.30478,-0.39244747,2.3979523,-0.011992574
2.743968,6.0662556,0.33980143,7.7771363,-0.2923441,-0.32005858,2.931406,0.09599775
2.8891354,5.847722,0.40438318,7.8316584,-0.31042004,-0.3779323,2.964506,0.17523384
1.4616749,4.273529,0.6728326,7.8633146,-0.25972676,-0.39771533,0.61929584,0.2799319
1.8320718,4.3299584,0.65031147,7.871612,-0.25252593,-0.41812944,0.15054083,-0.37411976
1.5958037,2.205976,-0.118866086,7.8817425,-0.292328,-0.39344835,-0.16287488,-0.10130975
1.7232497,2.1704934,-0.058341324,7.765977,-0.2749586,-0.37168288,0.21674967,-0.16397223
1.6512866,2.9454055,0.05151975,7.7897477,-0.27360797,-0.3366108,2.4461007,-0.105890214
1.9471184,3.5117168,0.25674415,7.7852144,-0.28071642,-0.36909723,1.8533204,-0.15429646
2.2189307,3.5312676,0.09998441,7.767722,-0.2724036,-0.37542439,1.5467899,-0.3452893
2.3208551,4.949862,0.048333526,7.88129,-0.2653252,-0.35082984,2.2026246,-0.38952124
2.4250927,5.537739,-0.06368601,7.8743286,-0.2528236,-0.3640766,1.2717288,0.28994513
2.5838168,5.2769094,-0.66472757,7.9335055,-0.2564454,-0.31113362,2.761399,0.8213855
2.5404058,8.721031,-0.013787508,7.897462,-0.24017715,-0.33634424,2.903274,-0.46216422
2.2035823,8.660981,0.15028954,8.100809,-0.25371873,-0.41657472,1.873009,-0.37617606
2.6609952,9.328463,0.07421327,8.113636,-0.25672865,-0.42609406,2.9335947,-0.10233307
2.292548,8.229507,-0.23854077,8.064709,-0.22566962,-0.37120986,2.869663,0.2718373
1.945221,6.259974,-0.41847515,8.158717,-0.2895894,-0.35724497,2.932851,-0.078707814
1.7867509,4.272045,-0.95659095,8.095524,-0.18492258,-0.3571148,0.033206582,-0.09578127
2.1289744,5.3411083,-0.9852834,8.084223,-0.16544688,-0.4383614,0.32886004,0.39465952
2.5305667,3.7181926,-0.9099209,8.009754,-0.17799473,-0.4695897,-0.1920433,0.49726903
2.9421034,4.020892,-0.7896811,7.9215717,-0.2099613,-0.4212265,0.26273274,-0.17763984
2.6469789,3.483028,-0.77802575,7.783087,-0.1939174,-0.4184029,0.46319163,0.14745039
2.350102,3.7953935,-0.6507428,7.8596616,-0.19919288,-0.4132886,0.977996,0.48222172
2.3358426,4.08825,-0.37222683,7.9754024,-0.17952728,-0.4864695,-0.30938876,0.3404914
2.4355483,5.902501,-0.19121969,7.95391,-0.18544972,-0.4302554,-0.26299542,-0.43182716
1.9649224,5.037296,-0.39864397,8.104166,-0.17028892,-0.4409032,-0.37789983,-0.2730335
1.9491998,4.8292484,-0.5877589,8.093197,-0.19442177,-0.5034466,1.8970726,0.15626264
1.9378823,4.6118164,0.049663424,8.001364,-0.10495269,-0.4986024,-0.29348534,0.02332902
1.8933264,4.4193296,-0.6551862,7.9729676,-0.13341093,-0.4682672,-0.85969937,-0.38315958
2.5697656,6.2819967,-0.56661457,8.116276,-0.12566805,-0.45389295,-0.94211084,-0.47870976
1.9543713,5.3040504,-0.59639555,8.184492,-0.16911542,-0.43645978,0.037421465,-0.4506062
2.1044722,5.2319183,-0.863173,8.238634,-0.15324044,-0.5253587,-0.003450036,-0.45597744
2.204765,4.9289007,-0.66625875,8.259504,-0.17946768,-0.53804564,-0.027578592,-0.45068035
2.2011626,7.274549,-0.743936,8.337162,-0.101184964,-0.5619161,0.12319291,0.22709876
1.9638188,7.1261387,-0.8385466,8.329663,-0.113132715,-0.53239965,0.21688628,0.05239016
1.9470994,7.6784325,-0.55030274,8.35881,-0.14994907,-0.53685355,0.8185259,-0.16289663
2.0385003,7.145795,-0.77178925,8.390184,-0.16780114,-0.5125356,0.23936963,-0.11640018
2.053875,7.5638776,-0.81228733,8.384822,-0.14767861,-0.48089814,-0.14401191,-0.12066761
2.0467453,7.814211,-0.96718657,8.521759,-0.1525042,-0.45383453,-0.5096626,-0.33199123
2.155158,8.016218,-0.7660779,8.509781,-0.18703175,-0.4551711,-0.668332,-0.15568772
2.0901163,7.3028665,-0.85542655,8.4524145,-0.1683712,-0.4496231,-0.725529,-0.027165532
1.9522557,6.9380975,-0.9584287,8.435984,-0.19740427,-0.45151305,0.3868059,0.08568406
1.9909941,7.580349,-0.9980198,8.490468,-0.21819949,-0.41539717,1.6615813,0.69426286
2.2087607,7.397857,-0.9904896,8.400326,-0.21227479,-0.45348835,-0.27232194,0.06488335
2.09522,5.97729,-0.9902029,8.398766,-0.21391392,-0.41836023,0.17467666,-0.112588584
2.168903,9.593939,-0.98326033,8.463779,-0.15421486,-0.4718678,0.22201765,-0.030913413
2.5044158,9.623423,-0.9512614,8.482597,-0.16635835,-0.4757905,2.1957152,-0.14655226
2.8864977,9.627825,-0.8075489,8.208015,-0.15553308,-0.43342805,1.8442526,-0.3649021
2.969078,9.573408,-0.78949094,8.323025,-0.20830142,-0.46744394,-0.2109142,-0.12948743
2.9709828,9.808081,-0.56860214,8.332874,-0.31499004,-0.37584543,0.17878914,-0.37404838
2.948757,9.488607,-0.29257953,8.357616,-0.32098222,-0.37411952,1.517988,-0.26396227
2.697303,7.431534,-0.33369267,8.145866,-0.24756587,-0.43251896,2.533404,0.5422305
2.726369,6.8547072,-0.35867524,8.127726,-0.2474395,-0.4218049,1.9792063,0.63428056
1.8277472,4.9448957,-0.5886985,7.967055,-0.25448835,-0.34772205,2.638064,0.39902318
1.6346653,2.8205774,-0.63708836,7.9761734,-0.2896738,-0.3472228,2.5273283,0.35541737
2.5349088,2.665266,-0.9160791,7.917658,-0.33278656,-0.28128338,2.5558386,0.6273627
2.9840593,2.850349,-0.98525906,7.9238076,-0.32177162,-0.302644,0.7467613,0.12085718
2.9918725,2.202005,-0.98227495,7.9217834,-0.34968793,-0.3012781,1.4724233,0.4564609
2.9873672,2.2505002,-0.992604,7.932998,-0.35161984,-0.27274656,2.217622,0.5229994
2.962367,2.215424,-0.97181356,7.861146,-0.3561635,-0.27474737,0.6155784,0.39384878
2.402575,2.6112256,-0.9719302,7.8778734,-0.3560325,-0.22073174,2.273287,0.45339096
2.2856019,2.7437952,-0.90571237,7.8891277,-0.36257863,-0.25734854,2.3949015,0.35473722
1.5690656,2.7452507,-0.87218153,8.050297,-0.35648167,-0.21716666,1.3804898,0.42525613
1.458239,2.4408488,-0.31897736,8.030667,-0.38422573,-0.26595306,1.590894,0.09722704
1.4667501,2.285871,0.13970435,7.9998856,-0.4093647,-0.24794579,0.8605896,-0.44753712
1.3291255,2.285505,0.10868406,8.068295,-0.42042708,-0.2456758,2.4127314,-0.43732792
1.4195316,3.0312662,-0.34198177,8.19512,-0.40181494,-0.29025006,1.9427514,-0.0832904
1.669825,3.5379078,-0.36532474,8.136711,-0.37388813,-0.23801231,0.29644036,0.58042717
1.6412868,3.0033104,-0.7607948,8.172582,-0.3925562,-0.19208765,2.9110181,0.70466805
1.7070569,2.2468681,-0.8916457,8.033464,-0.36719263,-0.21015286,-0.032821417,0.5188812
1.4867713,2.2887034,-0.96312505,8.239142,-0.37189758,-0.31162167,0.9155519,0.08992845
1.5357459,3.6578033,-0.7283923,8.240382,-0.36280358,-0.2706709,0.7296953,-0.066489935
1.597893,3.638784,-0.5779604,8.26318,-0.35691524,-0.2984469,0.59528387,0.26371133
1.9018244,4.0769224,-0.7204964,8.308374,-0.34174347,-0.3245418,0.1443156,0.24970382
1.9649355,4.6886916,-0.7472334,8.294279,-0.33822954,-0.31385183,-0.2148931,0.020189106
2.4466362,4.1212845,-0.48468673,8.120475,-0.32293177,-0.2957375,-0.41776395,-0.3950042
2.1571705,3.8956287,-0.014737725,8.195865,-0.39770865,-0.26067066,0.07454407,-0.0634557
1.7853703,2.486115,-0.18947661,7.9262056,-0.42710376,-0.24372363,2.8655193,-0.109306335
1.737009,2.169289,-0.021235943,7.9419317,-0.42012477,-0.25795698,1.9502411,0.4779336
1.7013732,2.035313,-0.32678592,7.847769,-0.42256093,-0.18633914,2.8946126,0.401631
2.2141626,2.0476718,-0.0850786,7.8818326,-0.42681324,-0.17999554,0.5126728,0.39404595
2.6203003,2.5885541,-0.039954305,7.8101053,-0.42927253,-0.1881969,1.9794974,0.4255901
2.060266,2.718698,0.10718727,7.805763,-0.46699214,-0.16173577,2.646632,0.5800909
2.845695,2.6272619,0.7124492,7.7826843,-0.447721,-0.17159724,2.5385191,-0.15582061
2.8795671,2.0763485,0.44885612,7.7855997,-0.4668244,-0.2101779,1.2586484,-0.11104578
2.524682,2.1186645,0.7967851,7.770417,-0.45698655,-0.18531656,1.2610683,-0.08329892
2.641953,3.0677118,1.0561237,7.668098,-0.49123573,-0.15771413,2.2637153,-0.23309746
2.852306,3.1515265,1.0100248,7.7366486,-0.45483363,-0.14208293,2.815262,0.1936481
2.9687753,2.756907,0.5499209,7.758796,-0.49134994,-0.16086555,2.840651,0.07557279
2.6666796,3.0813289,-0.04639244,7.829866,-0.45954454,-0.18354201,2.9318256,0.92761993
2.7797842,2.824182,-0.69043595,7.9419494,-0.4723543,-0.16816902,2.966794,0.9548607
2.7571669,2.5209439,-0.67454183,7.9737067,-0.49612427,-0.11337638,1.719713,0.5014851
2.898714,4.142798,-0.41323,8.004231,-0.51328564,-0.1328826,0.77004373,-0.23388037
2.9791315,3.3755713,-0.068692565,8.119104,-0.4889542,-0.14962792,-0.40253562,-0.34749123
2.3174262,3.5144596,-0.83941007,8.072547,-0.43129694,-0.17277527,0.48738182,0.5909189
2.625066,3.98226,-0.8030553,8.146658,-0.45247662,-0.17783117,1.2496939,0.039227903
2.392836,3.4480615,-0.87153924,8.162186,-0.44856882,-0.1634717,-0.4594884,-0.35584337
2.2044988,2.6287785,-0.9913559,8.138235,-0.44279218,-0.17602682,0.21380472,0.2966503
2.4630442,3.7010992,-0.99007636,8.157018,-0.4551102,-0.15412307,0.07706499,0.53515804
2.0340939,3.4440084,-0.74537176,8.308811,-0.46207154,-0.17968607,-0.47888947,0.5363145
1.8368715,3.1343849,-0.6914125,8.331684,-0.46830082,-0.16250563,-0.5347761,-0.49599707
1.6256512,2.5943003,-0.644573,8.412691,-0.5164672,-0.11711168,-0.7295211,-0.48681304
1.897009,2.2855854,-0.82965934,8.311028,-0.52692497,-0.07107592,-0.7339145,-0.273568
1.9590833,2.337865,-0.3786412,8.045809,-0.5346947,-0.0790925,-0.671327,-0.37229013
1.9747995,2.0813522,-0.31035197,8.060997,-0.57087433,-0.10134292,2.561909,0.4180827
2.741942,2.3298109,-0.48078603,8.094997,-0.6426976,-0.034875154,0.26740777,0.074267864
2.7584476,2.0486166,-0.47970295,8.164406,-0.64955795,-0.0071873665,-0.43061602,-0.062183082
2.7847822,2.7861443,-0.6595861,8.420676,-0.6541133,-0.03195834,-0.14472651,-0.16760415
2.0110025,3.7317476,-0.71440434,8.410049,-0.59983957,-0.040628433,-0.35361737,-0.3965474
1.8987026,3.1983514,-0.7711074,8.304819,-0.59082747,-0.03939724,2.2546182,-0.28718233
1.9754226,2.5662673,-0.8446405,8.383293,-0.58293474,-0.051212788,-0.47999573,-0.28523982
1.7316437,2.5967865,-0.68800825,8.382004,-0.5721781,-0.029955864,-0.3335405,-0.48021832
1.7657892,2.902642,-0.7232411,8.369526,-0.5976485,-0.039045572,-0.53237903,-0.47033212
1.7861811,4.4367404,-0.9642258,8.5894575,-0.58716154,-0.024212122,-0.44827855,-0.26006928
1.7062284,3.1720598,-0.4030705,8.390274,-0.6098496,-0.018860817,-0.037041843,-0.27013993
1.5957334,2.953985,0.0663805,8.432323,-0.6284913,-0.097362995,1.6606627,-0.05565712
1.2887545,2.9715817,0.20119298,8.46553,-0.57383394,-0.0863955,0.24950016,-0.21609938
1.4057791,3.0042992,0.049857616,8.473181,-0.5604124,-0.12184286,0.19454467,0.38430572
1.4449537,3.512052,-0.37768602,8.408393,-0.54901636,-0.14135432,2.6737268,0.08531368
1.3547363,3.6505775,0.13737583,8.44858,-0.5467588,-0.12985992,2.5943878,0.0690707
1.3141807,3.126545,-0.2856894,8.422411,-0.521997,-0.074811935,2.2430294,0.16320562
1.2684538,2.6891553,-0.9962028,8.644715,-0.55385935,-0.07872176,-0.22133362,-0.38985932
1.2896389,2.5757828,-0.97969234,8.658803,-0.55666375,-0.07560015,0.30843806,0.10567182
1.3043185,2.0945303,-0.816663,8.687605,-0.59728396,-0.101670265,1.616379,0.10881537
2.0914915,2.7660134,-0.7475567,7.979538,-0.23939347,-0.41440582,1.7836359,0.08394307
2.1434836,5.1351995,-0.6429055,8.041845,-0.23226202,-0.33912873,2.2372887,0.7379166
2.9427128,5.7927446,-0.7231326,8.060687,-0.2921698,-0.33241558,1.3275051,0.73589444
2.9407768,6.1642017,-0.8597034,8.038578,-0.3118701,-0.29040003,2.2956567,0.7334944
2.9872417,6.18484,-0.8974982,8.039975,-0.29049706,-0.27522135,2.871021,0.61529315
2.9487123,5.939637,-0.77596855,8.0471,-0.2961614,-0.2619021,1.7455268,0.7873248
2.9225068,6.382789,-0.30307263,7.966629,-0.30797708,-0.2985463,1.2301903,0.40544236
1.967232,4.648571,-0.07744014,7.963976,-0.2699901,-0.37971115,0.97826374,0.07498419
1.9378564,3.7092361,-0.15738952,7.9035516,-0.24042511,-0.40424228,-0.12313515,-0.1398589
2.0150857,3.3713899,-0.112811685,7.8527365,-0.22717798,-0.42028642,-0.055274367,-0.36541477
2.1852686,3.349476,-0.10807812,7.8338466,-0.22638845,-0.37945843,-0.5441998,-0.48021445
1.9787972,3.7826233,-0.31846136,7.9117985,-0.24634004,-0.37580442,0.59666693,-0.3905877
2.1189725,3.1621394,-0.41346282,7.9177866,-0.2522918,-0.34772038,-0.6689372,-0.32264274
1.8255587,3.115884,-0.20118189,7.950371,-0.24414444,-0.39399195,-0.5236366,-0.23420751
2.0268226,2.4059627,-0.23232406,7.869397,-0.2465086,-0.42466044,-0.12820488,-0.49986085
2.0163832,3.0835705,-0.5821725,7.8286967,-0.22894931,-0.3640821,-0.27213246,-0.37359175
1.9236047,3.2809453,-0.4967168,7.947178,-0.22526073,-0.3695376,-0.9290764,0.12624395
1.862049,3.019809,-0.6085657,7.957013,-0.1576395,-0.40009427,-0.93668383,-0.13868934
2.071437,3.407094,-0.45582533,7.9212704,-0.16453362,-0.40721393,-0.9796353,-0.1004225
2.086441,3.4472022,-0.406065,7.8024354,-0.16347039,-0.4200821,-0.98000926,-0.3532793
2.4252572,3.2255237,-0.68108296,7.849727,-0.14804602,-0.45362902,-0.547521,-0.43208107
2.656489,3.611574,-0.59088594,7.8150015,-0.16712642,-0.39218378,-0.78631204,0.5113102
2.721758,3.2239938,-0.6038078,7.7542667,-0.16442466,-0.39682913,-0.9881012,-0.05483073
2.7181704,3.953715,-0.38615024,7.676978,-0.19143462,-0.44675303,1.4972782,0.51415217
2.9074473,3.397547,-0.018422008,7.7243958,-0.20220435,-0.46717978,2.509049,0.49556065
2.8957565,2.7394056,-0.5122268,7.775525,-0.22983694,-0.44602156,2.1306653,0.77629447
2.7388413,2.5843668,-0.41387928,7.7217,-0.23611069,-0.4073534,0.32894433,0.4879768
2.9443982,3.5966125,-0.37960547,7.7719774,-0.22277892,-0.42004013,0.13065302,-0.14452279
2.9528897,3.7480695,-0.5276531,7.7754703,-0.2292465,-0.42671418,0.29765642,-0.051363826
2.9648426,4.239749,-0.4868489,7.8578734,-0.2442795,-0.3851757,-0.5310417,-0.0021867156
2.5595891,4.0284767,-0.58376193,7.8346286,-0.24184656,-0.3723297,-0.5004169,0.36603153
2.3678184,2.4278984,-0.62459475,7.7962866,-0.23795986,-0.38467503,-0.09648085,0.18181026
2.4814634,2.540279,-0.7185219,7.777894,-0.2051965,-0.4134426,-0.08938849,0.63275397
2.851482,2.134698,-0.7480999,7.740024,-0.20751679,-0.41886282,-0.38621652,-0.37555647
2.792768,2.2915263,-0.24331677,7.5517836,-0.20043027,-0.4022975,0.7585753,-0.40088868
2.2847204,2.0683775,-0.68314743,7.6787496,-0.19831002,-0.398304,-0.6213461,-0.027994603
2.613387,2.096464,-0.48689967,7.6657844,-0.1696024,-0.44805527,-0.19852859,0.11716992
2.8485427,2.5461593,-0.48117256,7.66577,-0.16862488,-0.4477806,-0.2679789,-0.025156558
2.7778497,3.6158128,-0.59610474,7.6627135,-0.14858615,-0.44941902,-0.21357834,-0.16856742
2.460783,3.9130182,-0.34792072,7.7370944,-0.1331172,-0.46253204,-0.29604906,-0.11602342
2.2404692,4.445958,-0.4196083,7.6976514,-0.11539817,-0.43421412,-0.44758952,-0.13867891
2.274548,2.3067317,-0.7046814,7.669043,-0.11635411,-0.5051284,-0.3631565,0.24461198
2.1193423,2.1234741,-0.4696101,7.653101,-0.09878266,-0.50358224,-0.5912038,0.4406638
2.8003135,2.2936027,-0.62067926,7.7340307,-0.09518373,-0.5560279,0.2568679,-0.3744365
2.395362,3.1560555,-0.5222686,7.6917005,-0.111934304,-0.5076797,0.2969141,0.74596715
2.7638218,3.0159392,-0.64473224,7.618753,-0.101570845,-0.48948336,2.3340023,0.7415196
2.8838866,2.743921,-0.606,7.5896792,-0.12366724,-0.50753284,2.4218633,0.5834651
2.7116663,3.1341152,-0.7308174,7.6670814,-0.13570249,-0.5182376,2.3846776,0.5199392
1.7718763,2.5313659,-0.8168432,7.6919837,-0.07930076,-0.50812817,2.8879406,0.9405639
1.8981558,2.4597933,-0.74369884,7.729229,-0.05941713,-0.5129795,1.687825,0.13069749
1.980768,2.5106387,-0.77606595,7.732137,-0.06981969,-0.56291294,2.8594334,0.8909975
1.946105,2.8352668,-0.7418807,7.754557,-0.054606438,-0.52280045,-0.034656644,-0.29983294
2.6144793,3.5886955,-0.76860774,7.734376,-0.050589442,-0.47828913,-0.8639787,0.12929976
2.4905427,3.7456563,-0.78554034,7.783296,-0.078023195,-0.4763546,-0.80477357,-0.026562452
2.158379,4.382637,-0.6003601,7.843173,-0.096660376,-0.45174122,-0.9791987,-0.0128827095
2.151392,4.171424,-0.6552347,7.921948,-0.06376326,-0.54204345,1.6107433,-0.38604808
1.9024973,6.9721885,-0.7644558,8.029854,-0.046905518,-0.5328386,1.5545101,-0.2569621
1.9002969,7.3475103,-0.5637016,8.118454,-0.03769493,-0.54202867,-0.36273146,-0.21881801
2.0381317,7.0422688,-0.73239636,8.164019,-0.038618326,-0.5837424,0.6695447,-0.3345696
2.0425603,7.4809923,-0.7487375,8.154246,-0.04460299,-0.5998876,0.2076602,0.08927083
1.8833143,7.1442027,-0.7132605,8.1339445,-0.0033955574,-0.604846,0.054227352,-0.38611254
1.991055,7.648196,-0.7115458,8.305536,-0.033321857,-0.5921109,0.19142592,0.5734961
1.9922099,6.3402257,-0.8566609,8.103973,-0.016778111,-0.5956583,2.4223306,0.6875287
2.114306,6.308579,-0.6409073,8.139574,-0.028768301,-0.6000147,0.40876055,-0.3100935
1.6003505,5.5752206,-0.6548442,8.084945,-0.00485909,-0.61156845,0.6721456,0.23625267
1.9144291,5.5143995,-0.740883,7.9626694,-0.012991786,-0.5899811,1.9448223,0.6876061
2.0079176,3.876649,-0.7824962,7.9455757,-0.038598537,-0.5911474,1.6793299,0.6595702
2.0212297,2.895359,-0.92230475,7.92641,-0.033492684,-0.5746374,1.9118674,0.64495087
1.8268323,2.8248284,-0.8270457,7.859109,-0.07190657,-0.5463786,-0.35495663,0.31796288
1.9778123,4.4019723,-0.6037558,7.8520675,-0.04463494,-0.556767,-0.50912064,0.4035102
2.3933024,3.2111342,-0.63285923,7.8433332,-0.05138147,-0.57155895,-0.31502992,0.40234983
2.4650552,3.234239,-0.68017274,7.713929,-0.07388425,-0.5323169,-0.4790489,-0.23362422
2.553703,2.919061,-0.6372423,7.699004,-0.06550825,-0.55814195,-0.25510883,-0.30347818
2.929121,4.152728,-0.3701349,7.6190023,-0.06772065,-0.512722,-0.73680377,-0.24203205
2.9756258,3.2373195,-0.7754452,7.6227665,-0.03430879,-0.48225355,-0.77179307,-0.17811486
2.9952137,2.3436139,-0.79877216,7.5941644,-0.03012836,-0.5259206,-0.79814506,-0.13121119
2.986088,2.6355202,-0.38726133,7.505107,-0.04032147,-0.5760045,-0.39860278,-0.2196078
2.1143968,2.4800727,-0.4278385,7.5116057,-0.015303612,-0.52733946,-0.6756005,0.24987781
1.7540672,2.5930734,-0.03568387,7.622079,-0.018977761,-0.5706315,-0.69048667,-0.24327901
1.6113012,2.3597689,0.04360032,7.5617533,-0.027612805,-0.5867348,-0.10108048,-0.40678495
1.9619582,3.0593925,-0.1812126,7.5127187,-0.030575514,-0.5528853,-0.8733954,-0.49621055
1.7437136,2.9683423,0.42558265,7.464897,-0.05529356,-0.56099176,-0.85729456,-0.042212367
1.7122346,3.9575696,0.16111791,7.5636806,0.009986162,-0.61316633,-0.51654017,-0.17198223
1.121738,2.437642,0.16884506,7.560966,0.020781994,-0.6181965,-0.49724877,-0.41367927
1.2002401,2.4116845,0.24878395,7.517008,-0.013295889,-0.61693,-0.48617947,-0.32785898
1.2300017,2.2646043,0.19788086,7.578288,-0.0010646582,-0.6393938,0.02003038,-0.41943157
1.8109977,2.815925,0.16173387,7.592333,-0.03787875,-0.61599135,0.4504125,0.6416056
1.7185026,4.270883,0.23725486,7.697052,-0.05598831,-0.5851958,0.9876437,-0.32100922
1.4958224,4.172183,0.15253592,7.7086563,-0.056881905,-0.61290073,2.182177,-0.0937044
1.6277664,4.441738,0.17628789,7.689942,-0.057865262,-0.60568476,2.9525452,0.1932407
1.3022463,2.219462,0.100094676,7.60059,-0.06219244,-0.5821278,1.3976841,0.717404
1.2702712,2.1964478,-0.06378156,7.6650968,-0.08626866,-0.5635257,1.6345093,-0.18380463
1.4950268,2.2853053,-0.025995374,7.5502596,-0.08252299,-0.5535128,1.0834904,-0.03506142
1.5336114,2.8348184,0.5404632,7.579397,-0.05769646,-0.629971,0.71665573,0.29185945
1.4685258,2.6010127,0.35932052,7.3719554,-0.01568675,-0.60173726,1.8363025,0.4213909
1.5475863,2.0817902,0.17197013,7.3554406,-0.01298058,-0.5487249,2.1024792,0.4795468
1.5396135,2.8602505,0.16320288,7.2914014,0.011765957,-0.56278586,2.618508,0.3618574
2.8362713,2.5214026,0.20527112,7.2932878,-0.011739612,-0.6648369,2.7958927,0.5326493
2.711595,3.2313075,0.4737475,7.3405237,-0.08774662,-0.5889733,2.6306646,0.6320598
2.4235768,3.255824,0.65668297,7.390388,-0.13601196,-0.5617566,2.1463878,0.28175896
2.2973723,2.8129127,0.8155174,7.3775926,-0.13177061,-0.54276323,2.9842958,0.7646905
2.7201266,2.007662,0.29667628,7.3545747,-0.15492332,-0.518739,2.9358838,0.73547447
2.248693,2.0974944,0.5501125,7.3544827,-0.16470587,-0.49973536,2.5919528,0.8635397
2.4051244,2.9303956,0.46285236,7.444795,-0.16800165,-0.4352548,2.5726347,-0.34155506
2.415867,2.3229856,0.2929182,7.403562,-0.13578308,-0.4406712,-0.5907059,0.25035423
2.6027632,2.4008439,0.14644504,7.4399114,-0.14591181,-0.41050148,-0.8829613,0.23463285
2.6462085,2.3921618,0.27654314,7.432127,-0.1434927,-0.42365885,-0.89584154,-0.49761245
2.5599792,2.7420568,0.21263552,7.536795,-0.1418395,-0.45851684,-0.8866005,-0.49620894
2.1882205,2.704971,-0.07216954,7.592967,-0.15350568,-0.47280073,2.7533622,-0.3515913
1.9281815,2.45218,-0.036355376,7.647344,-0.1821624,-0.47670174,2.7324,0.862674
1.5507271,2.440821,0.221133,7.566949,-0.16762125,-0.4921236,1.4538665,0.729038
1.9332318,3.4898946,-0.0051010847,7.708089,-0.11750007,-0.58379054,0.36177063,0.05245024
1.8302274,3.855834,-0.008344591,7.766003,-0.08946562,-0.602581,2.5318134,-0.006260872
2.0162275,4.1359863,-0.10099387,7.8038116,-0.045924902,-0.5904379,2.6718538,0.8224232
2.421957,6.601926,-0.18504965,7.823902,-0.015743494,-0.65486836,0.83325136,0.28841949
2.4378486,6.169055,-0.5554589,7.803005,0.014859676,-0.6290598,2.4057672,0.71460164
2.874308,8.854291,-0.4636957,7.887364,0.025376558,-0.63832474,2.4575016,0.8489313
2.5331154,7.8976293,-0.57489765,7.87347,0.03312683,-0.5663357,-0.04712832,0.44993162
2.4119794,3.9842112,-0.2655716,7.7028985,0.014616489,-0.68741393,0.57738554,-0.28917074
2.1801157,2.5886147,-0.32886636,7.621225,0.022681952,-0.6274507,-0.83279115,0.012398839
2.0725667,3.9625444,-0.24979937,7.623399,-0.005102515,-0.6238873,0.45652235,0.47572374
2.5977397,3.4946609,-0.20816988,7.560653,-0.01908958,-0.62896943,2.7387378,0.9768659
2.8073416,3.1359363,-0.05553323,7.4646635,-0.024557948,-0.6029489,2.2357662,-0.10006574
2.755211,3.7307954,-0.09185171,7.4143567,-0.019045353,-0.6217787,2.9060812,0.830202
2.4740925,3.1909082,-0.015809715,7.4096465,-0.0028381348,-0.601228,0.7808099,0.46176022
2.5374534,2.2142735,-0.42157257,7.4908524,0.02558446,-0.6344855,0.9991039,0.938714
2.6648,2.210332,-0.4081214,7.4220686,0.026751757,-0.6400206,1.948823,0.5555253
2.852932,3.45197,-0.2651971,7.6418495,-0.02731204,-0.59859514,0.22834253,0.73481584
2.5847545,2.766972,-0.33028322,7.3242955,0.05725169,-0.6049278,2.840454,0.30291033
2.697071,3.0515494,-0.26090437,7.383469,0.050471783,-0.6128452,1.8572161,-0.031243026
2.563389,5.3401804,-0.26497626,7.5808344,-0.01636684,-0.5955901,1.2830949,-0.29846463
2.5797153,3.118494,-0.094521284,7.5527477,-0.052204967,-0.5714724,-0.68296313,-0.22242093
1.789587,2.9431155,0.49026084,7.539819,-0.07024062,-0.58013487,-0.46812904,-0.13567221
1.5351208,2.4551342,0.37048554,7.4745126,-0.0625391,-0.56642985,0.03762114,-0.4575882
1.34042,2.5804684,0.46011937,7.534559,-0.08375883,-0.56901026,0.12359631,-0.48400918
1.5647681,2.9281962,0.52187204,7.6277657,-0.12471044,-0.5201802,0.035480022,0.038143635
2.0550315,2.177829,0.14774251,7.4888496,-0.12516248,-0.5338664,-0.17790145,-0.1697658
2.216349,2.0445526,0.5151794,7.4650707,-0.13103426,-0.5104103,-0.10075086,-0.17019558
2.20441,2.253324,0.21824741,7.392706,-0.118177414,-0.5061612,-0.34539664,-0.061787754
2.6254725,2.535315,0.3600762,7.3978634,-0.12248242,-0.4966905,0.5197679,-0.30546066
2.5145586,3.2250764,0.35959816,7.394084,-0.12837529,-0.48304033,2.8494368,0.57826316
2.948758,3.783809,0.2541803,7.3653355,-0.12634003,-0.4826684,2.321999,0.7259524
2.3081965,4.932626,0.21739554,7.622247,-0.1415937,-0.52219486,2.4959612,-0.15001237
2.4913132,5.1807976,-0.044243693,7.6893144,-0.1323986,-0.51287794,2.7233276,0.5842967
2.4485412,5.118926,-0.17517686,7.768318,-0.13016355,-0.47941637,2.7056358,0.7031789
2.6959293,5.3557367,-0.37416595,7.82823,-0.15116441,-0.47019148,2.8798432,0.7881439
2.3571472,4.30991,-0.10503769,7.8208394,-0.19268465,-0.47031426,2.938707,0.6774049
2.0165973,4.3431892,-0.079900205,7.7570972,-0.16747618,-0.50839543,1.6988692,0.7121022
2.4780009,4.3967886,0.018640518,7.6993914,-0.17302132,-0.46695638,2.797546,0.38563514
2.9270763,5.982873,-0.18679869,7.721218,-0.13580155,-0.4718647,2.805894,0.9750434
2.5771346,5.8585033,-0.35143495,7.8506317,-0.12547588,-0.50779176,2.0760865,0.99671936
1.7898988,5.1971254,-0.2308799,7.8234105,-0.111949205,-0.5300441,2.858186,-0.32182968
1.7860502,4.487047,-0.391491,8.087417,-0.20536089,-0.4447999,2.9428182,-0.2555731
1.9265616,3.3268757,-0.4079039,7.934001,-0.25443923,-0.40839028,1.3290291,0.45779055
1.8711786,3.5782628,-0.5854307,7.9802256,-0.26461184,-0.3838482,2.1532702,0.3387661
2.0165067,2.9717674,-0.5903768,7.8479576,-0.24434161,-0.38648415,1.8721347,0.5658343
1.7511457,2.9407248,-0.65830845,7.908002,-0.2175157,-0.40924668,2.0822754,0.6132388
2.2951405,2.8282566,-0.361377,7.772658,-0.21761858,-0.37738276,-0.27285385,0.59417796
1.8513343,2.8784914,-0.28590107,7.7770176,-0.23637259,-0.35874772,0.6324581,0.43693054
2.5541682,3.237886,-0.12633932,7.8397436,-0.2514794,-0.37008286,0.23889351,-0.33612287
2.470494,4.26135,-0.47246695,7.888387,-0.23657382,-0.37424517,-0.33059186,0.088035285
2.4046206,2.731977,-0.43529558,7.764771,-0.25242686,-0.36659503,-0.5007939,-0.2243256
2.1229215,3.0992236,-0.7658273,7.8579173,-0.24696922,-0.35715508,0.23292696,-0.41696402
2.798708,4.14005,-0.7275139,7.882004,-0.24057269,-0.34518218,-0.67653114,0.20613098
2.7582412,3.442441,-0.81859547,7.884089,-0.22759736,-0.33710313,-0.79347956,-0.4724945
2.7087893,5.326601,-0.32106525,7.903216,-0.2014246,-0.3342209,-0.93148726,-0.47941664
2.70108,7.623542,-0.27687138,7.929339,-0.19538844,-0.38298059,0.18457234,-0.37251356
2.8272681,8.125538,-0.10205954,7.9482846,-0.21334136,-0.38902402,0.73943067,-0.2909189
2.8157163,8.798735,-0.20825708,7.9896655,-0.19258201,-0.4298563,2.1119714,-0.30522442
2.6799753,8.47521,-0.22991884,8.036516,-0.1832329,-0.43390274,2.2989879,0.68268585
2.838688,7.8147173,-0.45752954,8.034145,-0.19107914,-0.47594976,2.7247868,0.7209153
2.894345,7.416654,-0.52313757,8.035138,-0.18831015,-0.48819327,2.6822102,0.6092632
2.6018023,5.236656,0.10028982,7.9462276,-0.2653855,-0.3981762,1.0958893,0.6763809
2.5558891,5.0864606,0.28765488,7.895404,-0.27615416,-0.415107,0.40267968,-0.44047445
2.1316986,5.4752893,0.31896985,7.8932734,-0.26963305,-0.40601015,2.434347,0.40229386
1.8864177,4.90814,-0.43760526,8.023594,-0.26873517,-0.36036658,2.7226045,0.39718068
1.9518304,3.901319,-0.37036943,8.019087,-0.29653275,-0.38762665,0.71863127,0.53344715
2.1971498,3.822791,-0.15168941,8.0249405,-0.33642912,-0.35823083,2.0436316,0.18483502
2.931777,4.712471,-0.17309874,7.7954426,-0.31169498,-0.34830666,2.15833,-0.06319213
2.8763866,3.8921094,0.243716,7.7070622,-0.31746638,-0.3233428,0.09973431,-0.12126207
1.9402685,3.9041204,0.13686287,7.8439956,-0.2937168,-0.3573172,0.05265236,-0.2239475
2.2364311,3.9636993,-0.19416517,7.92023,-0.25093412,-0.35890746,-0.08786851,-0.3371648
2.073443,5.418618,-0.31933147,8.082969,-0.21979296,-0.34975576,-0.13860023,0.47591913
1.8550555,6.247239,0.230183,8.114508,-0.25323868,-0.38349962,1.2154415,-0.47802395
1.7731313,4.7128067,-0.25234318,8.099398,-0.2643044,-0.38416123,2.9761288,0.8395251
2.0531485,4.524398,-0.5968782,8.141262,-0.28105783,-0.37076163,1.4888065,0.46668798
1.8483279,4.416539,-0.6876415,8.195589,-0.25183904,-0.36807442,0.582952,0.51185095
1.7761679,4.568051,-0.5896127,8.207378,-0.25170457,-0.44124746,0.3135053,0.23466718
1.971448,3.4584281,-0.8854152,8.123324,-0.24409962,-0.41305065,0.8211945,0.3357004
2.3166337,3.657515,0.047714233,7.9164877,-0.24786377,-0.48272896,1.6084542,0.27887034
2.4043596,5.482299,0.0954839,7.767684,-0.22547483,-0.4342389,2.584984,0.13294387
2.4887156,5.3576555,0.33617973,7.787057,-0.24314117,-0.4079945,2.626479,0.54432285
2.4165206,5.6585727,-0.0004069805,7.888688,-0.26173317,-0.39802742,2.343535,0.22196156
2.5584745,6.363735,-0.4020096,7.9798026,-0.26444912,-0.38503027,2.5870852,0.25816226
2.709605,5.9629183,-0.39448243,7.9618764,-0.25287867,-0.37566662,2.4569695,0.31299257
2.9124572,5.391283,-0.041813374,7.845457,-0.29024577,-0.36970186,2.9741354,0.8460853
2.8197215,4.9654827,-0.17868435,7.8314056,-0.28762317,-0.33484197,2.953831,0.53415644
2.713392,3.5350811,-0.33948666,7.777117,-0.30343843,-0.33371115,1.3999188,0.311679
2.4249544,3.3492386,-0.47094762,7.851401,-0.29085493,-0.33426595,1.31861,0.12672472
2.4553683,2.73395,-0.558095,7.8715377,-0.2945273,-0.32640767,1.0071614,0.6037471
1.6438568,7.6221704,1.4092665,4.681984,1.4176526,-2.016251,2.591728,0.112835705
2.3762345,3.1443639,1.4164906,4.682972,1.3707602,-1.9888017,2.8109674,-0.09327459
1.612987,3.5997696,1.4597058,4.615906,1.3709204,-2.0101266,1.2667439,-0.12434137
2.4554822,6.58201,1.472753,4.6497817,1.3688092,-2.0093088,2.3672612,0.06800413
2.8904622,4.3478146,1.4819822,4.725334,1.3544466,-2.0061488,1.6680813,0.3417312
0.82665503,3.0051386,1.470089,4.7620764,1.3524218,-2.050294,1.3844309,-0.24745089
2.2172844,8.668891,1.4968255,4.721596,1.3459485,-2.0674694,0.67518115,-0.31283
2.0707755,7.3795743,1.521023,4.8078346,1.3528643,-2.0423632,0.88779545,-0.20297971
1.0884103,3.067038,1.4785359,4.649592,1.382333,-2.010944,2.4799604,-0.15838933
1.0280759,6.828815,1.4605234,4.677599,1.3774474,-2.0651736,2.9262424,-0.048189133
2.6211004,2.6213996,1.4998493,4.6204324,1.3420522,-2.029899,2.1751132,0.6351235
1.1053516,2.418748,1.5240798,4.7286572,1.32061,-2.0322578,1.4097753,0.32888377
0.6441636,2.8637419,1.565027,4.7185206,1.3045108,-2.0159478,1.0168536,0.07204056
2.423027,2.9577925,1.5530033,4.7061515,1.3015296,-2.01751,2.0602212,0.62942874
2.088615,2.9160714,1.6189656,4.468594,1.3192866,-1.9990377,2.785558,0.6398375
2.5865228,4.612655,1.6591096,4.3843493,1.26895,-1.9243306,1.2524569,0.27813995
1.9901125,5.938055,1.7190373,4.3334775,1.2008572,-1.898567,2.651112,-0.0900051
2.4327078,5.3056827,1.6302447,4.4152555,1.3139417,-1.9820396,1.5986834,0.10856682
2.0177598,2.5772653,1.6377263,4.4477715,1.2933033,-1.9826715,2.1637287,0.16485012
2.0514567,3.5025148,1.6129029,4.3903375,1.2527418,-1.9072393,2.9626284,0.37056404
0.9304837,4.388318,1.6199651,4.619323,1.2362928,-1.9040418,2.9224787,-0.328356
2.0326538,2.4976778,1.6400084,4.451192,1.2409201,-1.9222964,0.15463424,-0.32333755
2.507801,2.3233387,1.5054426,4.679802,1.3007247,-1.9219935,-0.055855274,-0.128907
2.3705702,2.3961716,1.4707375,4.646037,1.3033442,-1.969694,2.9657667,0.9769871
2.0976958,3.4275508,1.5119002,4.7077327,1.3106406,-1.9153807,2.7365346,-0.25647992
2.502125,3.5200577,1.4791844,4.699262,1.2744849,-1.9033098,-0.42711532,-0.34189928
1.4283752,3.176168,1.5403461,4.772208,1.2594984,-1.9043077,2.8848512,-0.20141628
2.319778,2.48489,1.5505233,4.703326,1.2661808,-1.9313169,1.4140465,-0.15026015
2.5873022,3.6091123,1.5470243,4.6489034,1.2373581,-1.947952,0.63087475,0.038845837
1.8426979,2.2106662,1.6264603,4.533567,1.2388906,-1.881742,2.734768,0.5471437
0.907343,2.7323442,1.6338727,4.5740156,1.2170157,-1.9204257,2.8598828,-0.24656975
0.97751164,4.3009777,1.7257998,4.5539513,1.1821165,-1.825646,2.6919708,-0.4009257
2.0411825,3.4021783,1.6758659,4.6318455,1.1610563,-1.7851813,2.5143483,-0.49087235
2.9204664,6.514745,1.6558638,4.6334524,1.1587996,-1.7839336,1.920764,-0.48257062
0.8204559,3.3931158,1.6578703,4.6293306,1.1396902,-1.7623781,2.2990832,-0.14027154
2.5071461,3.6852026,1.7038465,4.5818586,1.1414237,-1.7859384,-0.4055891,-0.4168047
2.4804468,6.1960726,1.7412939,4.522416,1.1411366,-1.8225733,2.7676713,0.34407675
2.866758,3.0053854,1.7361219,4.515093,1.1504853,-1.8218188,0.9282472,-0.46577492
2.465569,2.8446279,1.7420564,4.525515,1.1641781,-1.8248233,1.1624496,0.12082809
1.5477023,3.2677853,1.8240314,4.349661,1.1392195,-1.8093665,1.7497952,0.2929538
1.5538656,2.6301315,1.7920704,4.3251104,1.1414816,-1.809218,1.113924,-0.35476434
2.2131047,2.459016,1.7807076,4.4703217,1.142971,-1.7582293,2.586465,-0.11709857
1.7848661,2.415305,1.7304511,4.5925093,1.0887372,-1.7365549,2.5936913,0.022093177
2.2016745,2.7001667,1.7613688,4.6498275,1.0554173,-1.7415824,0.55175173,-0.123295724
2.1962032,3.441965,1.7745197,4.584091,1.0589554,-1.7093,1.6809616,-0.22458589
2.1849477,3.5475373,1.7568114,4.6221924,1.0402474,-1.7223537,0.16358328,-0.32818446
1.1953257,3.0981436,1.7681396,4.5662856,1.048181,-1.7043573,1.2309494,-0.36187688
0.94905746,3.0652828,1.8207002,4.557934,1.0006237,-1.6470934,2.5258543,-0.2681751
2.3588474,3.3129785,1.8570454,4.5053473,1.0134351,-1.7069066,2.5818474,0.2906145
1.8468434,3.6797533,1.8013673,4.4395123,1.0629141,-1.7294412,2.6565595,0.11333084
1.746921,2.5475783,1.8289573,4.48179,1.0430734,-1.7175409,1.0553694,-0.4267884
1.9151361,2.7414114,1.8407102,4.5944457,1.0371559,-1.7456322,1.0756633,-0.06769988
1.5978113,6.983947,1.839318,4.426576,1.0969911,-1.7563835,1.4983838,-0.41156134
2.3157191,5.7814054,1.8533158,4.485019,1.0756891,-1.729421,1.469274,-0.4592467
2.3401318,9.036186,1.8548234,4.472645,1.1093049,-1.7124612,2.115968,-0.4550308
2.6745496,4.9201145,1.8442566,4.423354,1.1203477,-1.693659,1.88936,-0.44248587
1.6373587,4.3472004,1.8001351,4.502696,1.0611475,-1.7223455,1.6254835,-0.40331155
2.6781545,3.2164817,1.8265057,4.4833174,1.0531714,-1.6379162,2.5939577,-0.14630151
0.78167605,2.7927577,1.8421364,4.4552164,1.0360754,-1.7345479,1.7344129,0.27687502
2.3172317,3.4775472,1.7610624,4.486634,1.0811903,-1.758717,2.4566967,0.13106948
1.9704794,3.8248448,1.7648103,4.4876976,1.0685794,-1.7547352,2.622462,0.38095653
2.6475286,4.459013,1.8026986,4.4507546,1.1053734,-1.7610301,1.134253,0.10820502
2.5217865,2.9100804,1.7658176,4.565667,1.1048255,-1.7557472,2.8070564,-0.17046914
2.9983149,5.16479,1.7653983,4.4696045,1.0892563,-1.7295636,1.5803068,-0.18136364
2.9384758,5.9936285,1.6906655,4.5582347,1.1127403,-1.7830008,0.9148294,-0.1278468
2.7316697,2.9289567,1.7044783,4.602229,1.1415095,-1.787601,2.0936809,-0.34867635
2.8636923,7.013608,1.6613584,4.598392,1.153758,-1.7743251,1.992712,-0.078807294
2.3577466,3.2502635,1.6571102,4.601892,1.120806,-1.7583511,2.6644745,0.4540615
1.620901,8.540852,1.6631868,4.77487,1.1093807,-1.7400664,2.2770534,0.18554378
1.1845051,3.598157,1.5860481,4.875929,1.1303113,-1.7281353,2.4262767,0.03159678
2.5709314,3.819907,1.59467,4.7701077,1.1321208,-1.7619693,1.5507138,-0.3562683
1.5911653,5.665101,1.5951769,4.8383074,1.1311674,-1.8206372,1.7463155,-0.063257575
2.2579656,4.5865135,1.5645704,4.832959,1.1261029,-1.799676,1.727211,-0.20646176
1.1679769,4.504759,1.5496259,4.8812776,1.1527202,-1.8276635,2.9729683,-0.22463751
2.1569748,3.6271515,1.4982998,5.0009184,1.151583,-1.8064923,2.8072906,-0.25156784
2.9842083,2.244359,1.5144975,4.812989,1.143841,-1.8001282,2.5189726,0.9746239
1.9071292,2.4606001,1.494833,4.8202825,1.1907213,-1.820269,2.6060286,0.12451434
1.6481194,2.0823066,1.4931803,4.903811,1.1970463,-1.8681462,0.4680512,0.3587072
1.4940326,2.352327,1.5616145,4.8461905,1.223485,-1.9155269,2.5497024,0.5863061
1.3211126,5.2546206,1.6847992,4.539982,1.2214158,-1.8926011,2.6127691,0.023828983
2.8122864,2.643673,1.6406376,4.5596333,1.2042158,-1.8862348,2.1462674,0.46636653
1.2553799,2.457556,1.6320682,4.5849924,1.173763,-1.8764143,2.0656052,0.5384009
2.8113601,2.054457,1.639605,4.616375,1.1909575,-1.8361797,2.962613,0.8620504
2.6213846,2.1721613,1.5809581,4.5431957,1.1989131,-1.8920135,2.9847002,0.96283793
2.62442,4.1580153,1.5719886,4.4590597,1.2690017,-1.8451849,2.7633016,0.44884163
2.1604059,8.411381,1.6019413,4.4804554,1.2804275,-1.8568738,2.8032,0.6460246
2.549094,5.4239798,1.6153612,4.603251,1.2447548,-1.8595569,2.859458,0.6813574
2.781,4.8697267,1.5219867,4.626969,1.2585194,-1.9339831,2.84486,0.38682073
2.3288348,6.0057764,1.5709157,4.6375256,1.2790287,-1.9492683,2.8128407,-0.28868032
1.6828129,3.5527968,1.5892036,4.508874,1.278641,-1.9397801,2.5870998,0.04109001
1.2606294,4.0266867,1.5836263,4.5922184,1.2616959,-1.9536002,2.418619,-0.22374901
0.6633378,3.9058976,1.6560524,4.5478234,1.2440267,-1.9539595,1.1412318,-0.2877693
1.8793701,3.0298214,1.5855391,4.5674744,1.2840033,-1.9330143,1.6794271,-0.28211138
0.9423139,5.9918995,1.632261,4.7348404,1.2811563,-1.9652896,2.168543,0.20776498
0.5854369,2.6061153,1.6439633,4.4142337,1.2745564,-1.9257922,2.2134824,-0.42349005
0.97284365,2.0293322,1.5781326,4.4975705,1.3401895,-1.9977949,2.3083465,-0.33712676
1.0745752,2.9395804,1.572648,4.434471,1.3992059,-2.1230936,2.5272002,-0.362938
0.8316294,3.2735984,1.6202838,4.422521,1.404021,-2.1213725,2.4040058,0.04204297
2.3686976,2.7264116,1.5810409,4.330388,1.4597006,-2.1277473,0.31902182,-0.21894106
1.3369349,2.2778778,1.5329452,4.4034195,1.52354,-2.1382322,-0.31455362,-0.3894331
1.2615299,3.0883837,1.445813,4.608564,1.5338812,-2.1948047,2.330129,-0.49680367
1.7027379,4.9747562,1.4135752,4.590042,1.5042431,-2.1495755,2.6547253,0.99642193
1.3320744,4.9345303,1.426132,4.5785933,1.5084462,-2.1838055,2.684967,0.9051157
1.4173957,3.745706,1.4087024,4.6455855,1.5198269,-2.1689286,2.3373945,0.8028804
0.9625803,2.300126,1.4595449,4.5070214,1.5344229,-2.19703,0.90857565,0.14805877
0.8602034,2.876143,1.4367251,4.488888,1.5603714,-2.2521963,0.47128475,0.1334809
2.6470323,3.5650804,1.4335513,4.530281,1.5472498,-2.221057,1.6217697,0.56598234
1.1596293,8.638025,1.4588771,4.40066,1.5737863,-2.1899796,2.8908772,-0.0074058175
1.1377246,8.0894985,1.4545703,4.406396,1.5450053,-2.1783252,2.0351648,0.08278233
2.4025216,5.3924694,1.4263022,4.6070843,1.5143876,-2.1786394,-0.4205587,-0.4583214
0.66599774,2.5352018,1.4409513,4.598892,1.5102758,-2.1864123,2.6710215,0.2977401
2.257252,7.696977,1.4048655,4.630504,1.5272529,-2.1511636,1.4534788,0.8689698
1.4903928,7.547782,1.314714,4.658613,1.5038149,-2.1465654,2.6449225,0.8012415
2.441249,8.445767,1.3301814,4.7513714,1.5113966,-2.1485093,1.3223579,0.6781275
2.7303228,6.6498203,1.2747386,4.823693,1.4928715,-2.1811228,2.5559042,0.28389257
2.202211,9.263831,1.2832026,4.817172,1.492307,-2.1396053,2.5438368,0.58644223
2.3554933,4.8572454,1.2992024,4.775462,1.5208673,-2.1273534,2.5834265,0.90650785
2.694536,7.64507,1.3102653,4.634969,1.5005147,-2.1308115,2.4180844,0.9916413
1.0685267,4.8177643,1.3604403,4.9083366,1.4491143,-2.143381,2.8569686,0.9182271
1.5685335,2.3113492,1.3195398,4.8638945,1.4611502,-2.1707172,2.997059,0.04321766
1.7691824,3.1961899,1.3184981,4.8493853,1.4725835,-2.0720367,2.995058,-0.3510267
2.474608,5.4711637,1.2954209,4.8138475,1.423311,-2.0076387,0.7600999,-0.38582823
2.8055995,6.1716566,1.2568617,4.8572183,1.4442525,-2.1275222,2.4086967,0.96644855
2.9210165,2.6755147,1.2693884,4.8405952,1.4972274,-2.1524143,2.279657,0.97877264
2.95236,3.7449827,1.2374084,4.855035,1.5328059,-2.1551147,2.26191,0.9601557
2.9921136,3.5948439,1.1915812,4.86244,1.5431175,-2.1853275,1.9267361,0.91948795
2.7695158,3.2090168,1.3492737,4.7370553,1.5167687,-2.2040267,0.5489917,-0.0739221
2.9035997,4.831996,1.3513381,4.6870337,1.5047376,-2.1617703,1.14183,0.27612346
2.8558302,7.1840973,1.3269866,4.762502,1.5006714,-2.179762,2.4565067,0.39655197
2.710637,3.3570895,1.3159223,4.7760196,1.5685382,-2.1862109,0.23257816,0.29887968
0.61496323,2.4446702,1.3773737,4.8217306,1.4910934,-2.163333,0.8933692,-0.41481587
1.5869749,2.6531196,1.3875351,4.8225174,1.5132403,-2.209206,0.7106856,-0.4637975
1.5152541,2.2944403,1.3288953,4.7331476,1.5569363,-2.229432,0.36642826,-0.27948338
2.6678038,7.009055,1.3632383,4.7006636,1.5589206,-2.220408,1.0775812,-0.22470134
1.8583417,4.901698,1.3694332,4.659055,1.5709269,-2.2230139,0.9261364,-0.24480572
1.9000958,3.1994114,1.3929734,4.6505184,1.565006,-2.2057068,1.6591036,0.20905513
1.8811448,3.1251805,1.3915815,4.6399975,1.5573332,-2.2182589,1.9918871,0.35325158
1.125346,7.801622,1.3786318,4.6010294,1.5516555,-2.233839,1.480504,0.35812187
2.2915125,6.8013673,1.3895721,4.583172,1.5528588,-2.219936,0.55814147,0.66789365
1.9778647,5.1854467,1.4208066,4.586996,1.5477512,-2.2260928,1.30987,0.1539123
1.3820086,4.1784062,1.4637656,4.507311,1.5610671,-2.219035,2.4141502,0.2993685
1.2746484,4.729578,1.3999593,4.5650506,1.5356622,-2.2100985,2.4645567,0.24082422
1.4999349,4.0127068,1.4057088,4.5292864,1.5762129,-2.207161,2.181453,0.0046470165
2.0281205,5.12609,1.4359655,4.3742375,1.5606918,-2.2121663,2.9576685,0.11867303
2.7002854,7.03384,1.3709581,4.483762,1.5361772,-2.1511068,2.7802935,0.6497307
2.2747436,3.3631837,1.3950162,4.5271807,1.5539,-2.268422,1.7015784,-0.041209638
1.7712982,5.3697915,1.4239483,4.54107,1.5798836,-2.295227,2.248695,-0.21342671
0.73623455,4.6539927,1.438694,4.4551334,1.6192932,-2.302174,2.1661696,-0.34199515
0.7012227,4.078927,1.4557371,4.537429,1.6114371,-2.323286,2.5969658,-0.16279176
0.6922947,3.02946,1.4817266,4.352823,1.5899029,-2.2357526,1.0560474,-0.2751421
1.0858073,2.5560899,1.5405278,4.291197,1.582207,-2.2892904,0.67418325,0.35190052
1.290317,3.4229577,1.5588996,4.246247,1.5328116,-2.2321239,0.3408469,-0.45598722
2.623407,4.0354414,1.518956,4.206425,1.5992274,-2.2651882,-0.12314379,-0.39237225
2.2884936,5.1140995,1.5285501,4.2140303,1.6117146,-2.2830787,0.036414742,-0.47150946
2.4754786,4.5893946,1.458852,4.183688,1.6371088,-2.2801971,2.643774,-0.086165816
1.5686424,5.3292985,1.5077162,4.090468,1.6743617,-2.3779216,0.8732244,-0.4853638
1.6430651,3.0430007,1.6059461,4.0668726,1.6685562,-2.3956628,0.49274683,-0.4289931
0.50427455,2.4468246,1.5982015,4.036448,1.6908295,-2.3596804,1.6468377,-0.4343654
0.50182796,5.94106,1.6636415,3.933033,1.68436,-2.3753705,2.331646,-0.12990561
0.5028413,4.8341064,1.708348,3.860639,1.6860054,-2.3299704,2.2337966,0.0409711
0.7303629,5.7525525,1.6675382,3.982028,1.6740751,-2.3656936,1.169841,-0.42293942
1.9403642,2.4496293,1.676575,3.8039877,1.6435354,-2.3607936,2.0151014,0.11934775
0.65293795,2.3339956,1.6700201,3.7835655,1.6397874,-2.3200336,2.8922863,0.24125195
2.403504,3.0594358,1.6580389,3.853252,1.6170359,-2.2718215,2.1530733,0.2494818
0.92301846,3.9038174,1.6265326,3.9157624,1.6058197,-2.2653384,1.4012291,-0.23236641
1.0130053,2.8571208,1.630841,4.062496,1.614908,-2.3285384,1.2797959,-0.073981464
1.0040499,6.7542057,1.6373482,3.9606075,1.6272285,-2.2829747,0.82917106,-0.47797936
0.8978594,4.6647286,1.6217418,3.9938474,1.6126385,-2.2219543,2.5789492,-0.30834258
1.417835,5.309409,1.5622907,4.0691843,1.6519637,-2.2397375,1.6175168,0.44126034
1.1843444,2.9146862,1.6145227,4.0030556,1.707036,-2.3995507,1.5764208,-0.10133463
1.4454702,2.3132145,1.6076169,3.9045057,1.7531927,-2.3912394,0.30945337,-0.14994246
1.9387923,3.876625,1.5759695,3.8754268,1.7330914,-2.4067326,2.793086,0.07588887
0.68102443,5.0077333,1.5728698,3.8815613,1.7468939,-2.4318726,2.6012645,-0.058468044
1.4646639,5.5826063,1.5924499,3.9503155,1.7876129,-2.4577146,1.3131735,-0.23920298
0.77905405,5.482978,1.5839252,3.8906882,1.7669208,-2.4379568,1.5413821,0.053104997
2.3157182,2.9398618,1.5715687,3.9182198,1.7509115,-2.4549174,1.1361623,0.30864108
0.8826566,2.963455,1.5666909,3.9777951,1.7578995,-2.4663591,0.78045416,0.060729325
0.7397113,3.6617403,1.5776689,3.9546723,1.7586443,-2.4651704,0.77212346,-0.32658118
1.1764723,5.857554,1.5990145,3.9365025,1.7352486,-2.4658306,1.5643268,0.37729466
0.6881343,6.4437914,1.557509,3.7094398,1.862644,-2.5601006,1.6138861,0.0973984
0.7246076,4.1858654,1.5544724,3.9326818,1.7894902,-2.5216546,2.1900594,0.59292126
0.5214616,5.254752,1.5322905,3.9552479,1.8581307,-2.473497,2.0044513,-0.29311812
1.0889845,6.2913513,1.452357,3.926456,1.8599668,-2.4943254,1.8105576,0.78898716
1.6623414,8.931477,1.4893026,3.9780712,1.839472,-2.4888463,1.3515613,-0.2861677
1.3966278,3.5529103,1.4642382,3.9978545,1.8656356,-2.5592225,1.7665014,0.8267869
1.9274607,4.6307535,1.4733238,3.949093,1.8577337,-2.5425603,2.2640543,0.49508274
1.5087473,3.1058817,1.4705124,3.9580677,1.888845,-2.6093829,2.8072798,0.47694117
1.4528382,8.892449,1.450223,4.203064,1.8453324,-2.4543018,0.5826911,-0.46942863
0.971025,2.1263165,1.3748586,4.1950665,1.853488,-2.4558096,2.0508072,-0.39849773
0.9677961,2.8780594,1.3758512,4.2864347,1.8475652,-2.447784,2.6985736,0.7877445
2.0342116,4.2168064,1.4134986,4.260009,1.8206692,-2.4997308,2.1000693,-0.413285
0.81925035,4.894254,1.4093981,4.190428,1.7980154,-2.4775846,1.8311901,-0.1061824
0.80252624,5.674259,1.4098973,4.176832,1.7441194,-2.4046576,1.841079,0.3124202
1.6421496,3.1176004,1.4976704,4.044816,1.7845459,-2.4312835,2.6145687,0.59655297
2.3455918,2.613432,1.5113444,3.9601498,1.749773,-2.3909442,2.5592475,0.36612052
2.5958323,5.1807184,1.5125885,3.8879452,1.7632062,-2.4057178,1.3570127,0.2796483
2.6033974,3.5391104,1.5067279,4.0134006,1.7744346,-2.4324942,1.5811517,0.5039315
2.7228525,2.738525,1.4952698,4.0009146,1.753705,-2.4207911,1.9280972,0.7069535
2.6637788,7.1890144,1.4753306,3.9600275,1.7737188,-2.414164,2.5822723,0.42353082
2.1213374,6.845207,1.5201266,3.9655674,1.7621193,-2.430337,1.4176674,-0.27632242
0.80793804,3.6606665,0.79094815,6.1640244,1.416951,-2.0729337,2.8126597,0.25863397
1.0261828,2.9959338,0.7448716,6.1778173,1.4033401,-2.0844135,2.8394816,0.8037007
0.9124884,4.8568077,0.7894058,6.1503243,1.4171431,-2.0780263,2.7138083,0.8066733
0.9884472,6.6973567,0.75488424,6.087414,1.4426236,-2.0663085,1.3299217,0.58023906
0.91284674,4.3969426,0.7734535,6.0249505,1.4594729,-2.1016536,2.444098,0.20543993
1.4451795,7.0962844,0.7734369,5.9558525,1.4722335,-2.110221,-0.17591405,-0.33876646
2.2248752,5.970019,0.8079603,5.906479,1.4512706,-2.0989285,0.13537252,-0.17032206
2.7115204,4.022239,0.8703811,5.7708607,1.4797106,-2.0677004,-0.744269,0.22039723
2.5560439,2.9337478,0.9253793,5.685524,1.5184565,-2.133274,2.2465358,-0.110608876
2.6165938,9.276617,0.8348012,5.6023045,1.5304301,-2.124447,2.2614255,0.490408
2.5250773,2.654528,0.8865504,5.6391735,1.5378237,-2.1605263,2.288387,0.6659918
1.1709576,2.349444,0.9375863,5.7276745,1.5136988,-2.1793485,2.2503276,0.477704
1.9331241,2.1858459,0.9243357,5.766455,1.5114536,-2.2083323,2.2387142,0.87287474
2.1155057,5.9398375,0.8987068,5.7043066,1.4801433,-2.138657,2.8835585,0.9676391
2.5868013,5.435768,0.8899355,5.6500835,1.4641554,-2.097812,2.6937683,0.23497117
1.8773537,8.238762,0.95758593,5.55886,1.460815,-2.1204646,2.0732353,0.3136381
1.3478001,8.842747,0.9723418,5.4852505,1.506156,-2.200091,2.171049,0.15648913
1.7990956,4.8373594,0.9736793,5.5387263,1.5094502,-2.1184835,2.6005619,0.6339952
2.1409307,7.8505745,0.92676735,5.4420223,1.5047901,-2.1279016,2.8991456,0.96516454
1.3067989,2.0165687,0.87302685,5.6537514,1.5012157,-2.1537023,2.9867976,0.49885726
1.886652,2.070444,0.78957844,5.7314835,1.5407512,-2.111514,2.3965616,0.21269417
1.9148415,2.0449018,0.7892771,5.850456,1.5259058,-2.1466076,1.9448833,0.29610097
1.9541155,9.831396,0.7917311,5.837409,1.5246944,-2.1485238,2.2526424,0.7082062
1.9809787,9.744723,0.76166224,5.911869,1.5497153,-2.2053459,0.49447644,0.6104542
2.2285578,9.805365,0.81738305,5.8805923,1.5403829,-2.2160602,1.2799919,0.8401673
2.3964965,9.10245,0.8207395,5.666389,1.5399101,-2.179943,0.9622152,0.66384816
2.0292287,2.6423035,0.85532355,5.692449,1.5401988,-2.120162,2.8030174,0.6374202
1.2751036,6.0499153,0.89226794,5.676073,1.492387,-2.1535585,0.6542896,0.6756414
1.1229107,8.836437,0.9400902,5.621044,1.5043485,-2.1159186,2.9169912,0.8674414
1.4267994,4.714283,0.92972755,5.5904045,1.476948,-2.0695987,1.4547658,0.97438955
1.6271607,9.263811,0.9532559,5.6976566,1.4170425,-2.02808,0.16520238,-0.1292417
0.9425528,6.9118905,0.975322,5.7055006,1.389034,-2.0435457,-0.3517105,-0.32226527
0.9176957,6.1905713,0.9315443,5.769188,1.3884165,-2.0222826,1.0559406,0.66144824
0.859668,6.157477,0.94885373,5.844264,1.3310661,-2.0085957,2.2686963,0.48460877
0.84719443,3.1655145,0.9907625,5.9269686,1.3400264,-2.0079894,2.0454953,0.2124846
1.594277,5.472138,0.98142695,5.718379,1.3269689,-1.9680853,2.4335303,0.3610419
1.85656,4.5857925,1.0212502,5.678589,1.3297157,-1.9679319,2.7474337,0.69016635
1.3300487,4.2154875,0.9642153,5.7471013,1.316509,-1.9411967,2.4727254,0.8478348
1.573456,3.3673096,0.9669473,5.6447735,1.3437357,-1.9458116,2.8539276,0.87109673
1.5303922,4.2744846,1.0735183,5.643925,1.3339846,-2.013976,1.4330285,0.9070593
0.9881331,2.7744744,1.0765653,5.6482215,1.2802491,-1.991463,2.52666,-0.0035984814
2.8515866,9.053843,1.0088205,5.6776094,1.258704,-1.9192038,1.7730203,0.04018408
1.2399952,8.77195,0.99993265,5.6899776,1.264468,-1.9399874,0.43774676,-0.14137912
2.3843632,2.0617044,1.0022438,5.685519,1.304615,-1.9709332,0.07627857,-0.021450639
2.4486055,2.0370615,1.0781996,5.5754633,1.2972128,-1.904712,0.86166036,-0.21985444
1.7192516,2.2158751,1.0170805,5.5739717,1.3063319,-1.962439,0.6651226,-0.017305374
1.926497,6.374651,1.1095805,5.563752,1.3125517,-1.9675312,0.58014214,-0.2212387
2.3500433,2.9064364,1.0417476,5.550104,1.3531315,-1.9728074,1.1079805,-0.033958137
2.8175356,2.9197361,1.0394459,5.554769,1.3596807,-1.9759818,-0.3231719,-0.36452425
0.90441704,2.6391041,1.0443532,5.5857205,1.3298004,-1.998162,1.3544409,0.7252737
1.9719634,2.2370856,1.1098909,5.4364786,1.3733699,-2.0800834,0.43531454,-0.24799031
1.8327681,3.3901772,1.0924709,5.3661213,1.3872669,-2.0133114,0.8106564,-0.35074604
2.7852256,4.441413,1.1906614,5.4192696,1.305639,-1.9909878,0.8063214,-0.3692369
2.6880128,6.590158,1.11975,5.4203672,1.4007308,-2.0069056,1.1948185,-0.16517833
2.4807048,3.1287591,1.1640985,5.2988896,1.4107754,-2.0874708,2.6401517,0.061270833
2.1909904,8.689281,1.1240416,5.18266,1.4421196,-2.0871365,2.311039,0.9114195
1.1992786,3.5997324,1.162226,5.337631,1.4003062,-2.0569658,1.6261921,0.03276074
1.1768582,3.333848,1.1411982,5.41451,1.3936856,-2.10048,2.4912639,0.20458293
1.2290131,3.5902092,1.1404383,5.408526,1.3759911,-2.0636804,1.8186736,0.72041464
1.2650311,4.343357,1.1356146,5.433571,1.3613174,-2.0407765,1.5732648,0.28177965
1.9684643,3.2848005,1.1405272,5.44549,1.3467069,-2.0335379,1.9333966,0.5940869
2.7670844,6.197448,1.1566191,5.3744435,1.3704798,-2.0682197,0.56507075,0.024180055
1.3163348,2.1667988,1.1183748,5.333408,1.3819833,-2.0095034,0.31005597,0.010819972
0.8079606,6.7123866,1.1766844,5.4501905,1.3802915,-2.0385904,0.9654907,-0.08188555
1.1109338,3.5802398,1.131304,5.3717017,1.3403711,-1.9933751,2.021532,0.25153053
1.3216226,3.4654536,1.1239665,5.6488028,1.3639979,-2.0238316,1.0047848,0.3588351
1.1100357,4.6728477,1.0929351,5.6795273,1.2952278,-1.9460776,1.2090163,0.18809366
1.7760626,4.596753,1.1261477,5.4781537,1.25108,-1.9226806,2.0640311,0.5450678
2.9012377,9.074457,1.1348433,5.485549,1.2818015,-1.9351722,2.3160994,0.9532088
0.95959073,2.6186094,1.2001646,5.4838953,1.268985,-1.9443632,2.4626653,0.85279346
2.3241034,2.9308417,1.1254869,5.400473,1.2649646,-1.9380996,2.7141557,0.7817782
1.5933397,5.639204,1.1272051,5.3886766,1.3134,-1.9699206,2.9163804,0.6533494
2.176229,5.565522,1.1957121,5.2730017,1.3344123,-1.9539104,2.772208,0.6703032
2.336362,5.3997507,1.1942084,5.141,1.344965,-1.9604132,2.2800457,0.96936786
1.42148,6.1870604,1.2422171,5.2367344,1.3362949,-2.0198894,2.621537,0.39217544
1.9771968,4.3442316,1.1920884,5.2132196,1.3955615,-1.994395,2.7043095,0.6803248
1.2130246,3.4290571,1.1769793,5.2495604,1.4012699,-2.053433,-0.016278744,0.111524045
2.8040843,2.5887454,1.1667833,5.217719,1.361737,-2.0589695,1.8716624,0.6353228
2.7600315,8.884476,1.2005665,5.1786394,1.378993,-2.0615335,1.9851811,0.7398124
2.7182186,3.770409,1.1721148,4.9887695,1.4520164,-2.0850558,2.4956725,0.53169775
2.7667108,3.646402,1.1617517,5.106911,1.4416401,-2.11075,1.7271125,0.51594925
2.4311426,3.705852,1.1686313,5.2359104,1.4332635,-2.1154125,1.4171894,0.46679598
2.1076784,6.952461,1.1857975,5.03926,1.4712842,-2.1204112,2.2277105,0.39903015
1.3796029,3.8360872,1.2051895,5.0126886,1.515444,-2.1165366,2.389832,0.41346872
2.7924345,6.212021,1.1790481,4.9909573,1.4853122,-2.123932,1.7277083,0.09206027
1.5576377,6.681878,1.2102404,5.0100884,1.5195758,-2.176,2.539052,0.87409306
1.913842,4.5249405,1.1865613,5.1274614,1.54094,-2.1915283,1.5711846,0.7403277
1.8574888,2.2555807,1.1791849,5.1909523,1.530616,-2.2576535,1.792115,0.5484115
2.3929996,2.6223135,1.0961239,5.2115984,1.5590229,-2.1857748,1.9285302,0.6611484
2.8678348,4.4612923,1.0042632,5.3171806,1.5340703,-2.187799,2.2562358,0.68328035
2.8795686,6.0247474,1.0483811,5.3428793,1.5301478,-2.1910806,2.8554614,0.752033
2.4442081,3.14606,0.9997839,5.3553677,1.5393319,-2.213985,2.8825476,0.8995533
2.3593674,8.628193,0.9962287,5.4944897,1.5676885,-2.1928911,2.566785,-0.054017365
0.9521598,2.1781454,1.0669746,5.432827,1.5261712,-2.1537385,1.3890731,-0.1754762
1.3193988,2.0399256,1.069422,5.3798823,1.5095925,-2.168176,0.79796016,-0.20883542
2.059998,7.834407,1.1209757,5.3839207,1.5219278,-2.1817765,0.088908195,-0.45482314
2.7556024,8.278627,1.1024895,5.352651,1.467737,-2.2048194,0.7768003,-0.31632596
2.6990252,6.9553165,0.98815095,5.3969655,1.5107927,-2.1507769,0.7845224,0.64766216
2.47186,5.1430497,1.0206122,5.2899003,1.536475,-2.1521087,2.5235438,0.48559004
2.0541458,3.0202107,1.06267,5.3625345,1.5243223,-2.160098,1.3228195,0.8856057
2.7772734,4.6463366,1.0707719,5.361478,1.5024853,-2.1611304,0.53212416,0.5548558
1.794074,3.2211885,1.072514,5.3116627,1.6050925,-2.2138913,1.2446265,0.04137814
0.8458249,6.384778,1.0063133,5.356582,1.5884235,-2.2081277,2.3491492,0.24052131
1.10405,5.9490056,1.0210836,5.4715166,1.4973907,-2.1902375,1.107985,0.041507304
0.99710095,3.320376,1.004983,5.5157514,1.5278332,-2.1765523,1.9767585,0.22917914
1.3627328,2.8730307,1.0036006,5.514026,1.5201056,-2.1983883,1.8074727,0.116517365
1.380245,4.479992,0.99376714,5.5371857,1.4630821,-2.1256824,1.9687066,0.044343412
1.4510958,5.977722,0.99040985,5.560603,1.4858556,-2.1527588,1.9133873,0.81676555
1.5762744,2.948124,1.0390644,5.560934,1.477006,-2.1515155,0.8296826,-0.08792549
1.131893,2.889389,1.0368414,5.584881,1.411552,-2.1075041,1.901957,-0.11291194
1.1326523,3.1823587,1.0335042,5.5740767,1.4325175,-2.1186435,0.7241498,0.26458
2.6245341,2.110338,1.0170553,5.5937986,1.4425797,-2.1126695,0.21566033,-0.18056959
2.3550375,2.3573756,0.96121657,5.554102,1.4824879,-2.1320415,0.37543488,-0.2706614
1.9298748,7.033529,0.9984963,5.564193,1.463599,-2.1179514,0.94572616,0.1808036
0.8617651,3.7567089,1.0590227,5.4655333,1.4778554,-2.119231,1.9508884,0.06379378
1.9518943,3.0370831,1.1170931,5.4212484,1.4621716,-2.1221879,0.03920412,-0.11413723
1.2750045,3.4358618,1.131716,5.346567,1.4552908,-2.1657848,0.09647763,-0.331843
1.8169649,2.313892,1.0687807,5.3726816,1.4958377,-2.1193244,0.04362464,-0.05857402
1.8416435,8.39509,1.0658038,5.323082,1.4987991,-2.1672142,2.0181286,-0.10073644
1.0243546,2.0044708,1.0583239,5.4244366,1.4884508,-2.1150723,2.088322,-0.19697738
2.2976995,4.8890033,1.0497603,5.410591,1.5225217,-2.1173027,-0.78022164,-0.050756365
1.4744477,2.7322102,1.0457857,5.4616528,1.4956794,-2.1489491,1.5678041,-0.39092115
1.0579283,3.3677568,0.9819381,5.4949484,1.4845836,-2.1174161,2.8001454,0.8646954
1.9902412,7.7858825,0.9337692,5.581253,1.4653685,-2.0822973,2.7799263,0.8055124
2.4065433,4.5575514,0.9985447,5.552588,1.4494684,-2.0659528,1.6416478,0.22688448
2.2288408,4.4400663,0.9682436,5.504359,1.4680278,-2.067588,2.85946,-0.094384104
1.2429192,3.1841922,1.0470023,5.5299616,1.4215939,-2.075423,2.4396222,0.779603
2.0112314,5.5513477,1.0038354,5.5141144,1.4083722,-2.1181443,2.199733,0.473485
1.8799362,3.5197592,1.0546236,5.5389676,1.4081266,-2.0893264,1.8759978,0.36421257
2.0788054,3.8184419,1.0681098,5.4800053,1.4075723,-2.0793939,1.8658416,0.9381685
2.1397257,3.054717,1.1122372,5.3844795,1.4336565,-2.0930755,-0.10254842,-0.027808964
1.9903404,5.3482075,1.1159172,5.330723,1.4352119,-2.0900946,0.4345901,-0.19054788
2.387315,7.680134,1.1077523,5.2009916,1.4460049,-2.0779276,-0.31037843,-0.16386423
2.615816,6.1432614,1.0943041,5.1622953,1.4570103,-2.0290227,-0.5134485,-0.26479152
2.5352032,5.772731,1.0351775,5.273369,1.4506147,-2.0279531,-0.5050237,-0.4381948
1.9439504,5.626994,1.0889983,5.2817254,1.4540694,-2.019919,2.6964893,0.2635439
2.3066545,6.032132,1.1125748,5.2459583,1.4077861,-2.0314379,2.062328,0.7520629
2.1314523,4.9755106,1.1168847,5.310355,1.39957,-2.0492697,2.988783,0.8618808
2.1119497,5.5878253,1.1156359,5.2550235,1.4009058,-2.0548959,2.5712123,0.7533829
2.5428731,2.9119449,1.0933585,5.2730813,1.4097531,-2.0257063,1.5395656,0.54620636
2.4437256,2.8019557,1.1990762,5.1785545,1.4219937,-2.0725288,2.4353597,0.5020983
1.0397122,5.9174557,1.2016792,5.2141027,1.3981285,-2.0221417,2.6496344,-0.22062778
1.1394496,4.6660643,1.2151351,5.171792,1.3800268,-2.0258806,2.1557698,0.092427135
2.4887562,2.6639533,1.1881089,5.1083713,1.3908541,-2.0417633,2.5123446,0.7261834
1.8924241,3.637857,1.2561243,5.273245,1.4099131,-2.0654285,1.3172522,-0.33851343
1.8198495,8.603647,1.2009559,5.2859917,1.3783426,-2.066538,0.11371744,-0.30589887
2.1066291,2.6530743,1.19789,5.235997,1.4162107,-2.073988,-0.14689308,-0.14722988
1.1131004,4.5779977,1.1499817,5.287104,1.4238489,-2.0751324,1.8293307,-0.17246109
1.2442402,2.4914365,1.0603724,5.4206586,1.4131997,-2.092058,0.0076042414,-0.20936894
1.9880285,3.8887944,1.1123922,5.448699,1.3996375,-2.045718,-0.124274015,-0.09462744
1.4323797,2.5381398,1.126142,5.2930975,1.3759396,-1.9795505,1.9197841,-0.23700717
1.7522068,9.1352215,1.1751151,5.325917,1.3683848,-2.050796,2.3999712,0.9155078
2.2410226,5.451689,1.1581235,5.27164,1.3998466,-2.0617197,2.133425,0.21535814
1.3532823,3.9694357,1.1690669,5.394804,1.3991323,-2.0638077,1.9634271,-0.026486486
1.3714998,6.708684,1.1017752,5.368616,1.4148993,-2.128943,1.3776128,0.28431892
1.6978374,5.3367434,1.0149298,5.4288306,1.4460061,-2.0349956,0.8312261,-0.29359168
1.9724,4.9335012,0.990469,5.4847136,1.4790678,-2.1633208,0.47493207,-0.079301596
1.1456962,5.45333,0.9849223,5.574848,1.4764702,-2.1360865,0.7366862,0.024427235
1.6774213,5.3844976,0.9867358,5.48326,1.510067,-2.1362925,1.1611917,-0.10587898
2.1192787,5.634471,0.986284,5.546999,1.5069973,-2.200243,0.053922296,-0.34936744
0.85144997,3.217175,0.9781449,5.617159,1.5057037,-2.187121,-0.19728404,0.08952671
0.8795227,3.5888028,0.97474706,5.684677,1.5034442,-2.1737652,2.6450422,0.6285044
0.5143298,2.9690588,0.9768449,5.6916213,1.5864048,-2.2222133,-0.028772652,0.5639249
0.5356744,3.2357693,0.96677136,5.733632,1.550508,-2.216897,0.87821925,-0.4450168
1.2322981,2.8788676,0.88594234,5.5922384,1.6815104,-2.2823637,2.9543786,0.9313214
0.95385385,8.170979,0.77370334,5.727619,1.6553569,-2.2864423,2.307318,0.74846053
1.6167395,7.6169357,0.80119383,5.597289,1.6633255,-2.2557714,2.1522303,0.75301564
1.7420894,6.297906,0.85752916,5.6914816,1.6720777,-2.3029099,2.1192415,0.50767934
1.7116022,9.915992,0.85602903,5.5240564,1.6956866,-2.3292866,1.3248675,0.5668688
2.5271041,6.3923693,0.78617215,5.5557957,1.7083788,-2.3381636,1.9057615,0.9042734
2.2106087,7.5848036,0.81526136,5.6022735,1.673006,-2.2484026,1.766506,0.92919457
2.39995,6.123733,0.78691864,5.801502,1.642452,-2.253561,0.17604685,0.83498096
1.3662765,4.213554,0.82527864,5.774642,1.6591029,-2.2918553,1.2828248,0.5380775
1.4298327,2.305635,0.9173534,5.790535,1.6142187,-2.2983599,0.25916123,0.53126264
2.1380024,2.1329594,0.9171877,5.7188253,1.6211963,-2.28734,0.8720585,-0.3119349
0.85962075,5.1355047,0.93356895,5.6405964,1.6066303,-2.287196,0.22434235,-0.30950412
1.7932186,3.5574183,0.94416356,5.5830307,1.6399741,-2.2649732,1.4633362,0.2661904
1.7439188,2.847662,0.9172387,5.717883,1.6157827,-2.284875,2.0232704,0.85022473
1.7158711,4.532339,0.9258461,5.6625495,1.6261032,-2.276834,0.94218457,0.7784722
1.7355803,3.6729631,0.9315574,5.6126924,1.672672,-2.3127794,1.5843287,0.18704152
0.77672005,5.0674324,0.93689084,5.672351,1.6192393,-2.3287673,0.37618065,0.1577115
2.160671,4.6341667,0.9061291,5.6205564,1.6547847,-2.265196,2.4852529,0.42110753
2.4797254,9.207855,0.86667657,5.4879284,1.6383667,-2.2522101,1.7601314,0.3977452
2.958433,8.625717,0.87373304,5.5051684,1.6402075,-2.233304,1.6512275,0.8856549
1.747796,8.191862,0.9161844,5.5264626,1.6601639,-2.2967107,1.9852676,0.8945142
1.0535688,2.7738345,0.96207094,5.396203,1.6832604,-2.3159833,2.4488444,0.5452913
0.7792931,7.800797,1.0045681,5.420047,1.6938651,-2.3454356,1.4667864,0.6068555
1.3283803,9.5722,0.9921763,5.4823866,1.6781533,-2.3475716,2.813466,0.5982095
1.1610355,9.274681,0.9196781,5.4295444,1.669528,-2.3524854,1.9706059,0.25781333
0.8924645,6.818268,0.89892864,5.5889816,1.7288427,-2.3309944,2.1153972,0.46435452
0.69740164,6.155695,0.8877983,5.531746,1.7854211,-2.3578925,2.2431467,0.88813365
0.648865,6.805127,0.91660535,5.468094,1.7783263,-2.3566928,2.8348145,0.721068
0.6031567,8.757471,1.0570445,5.3214316,1.7874475,-2.3788579,2.2466476,0.5011809
0.6043371,9.624865,1.1333866,5.285799,1.7871447,-2.4125588,2.7751272,0.23360157
0.5194552,9.719866,1.1406698,5.3341236,1.8113365,-2.4631512,2.1856983,0.07556081
0.52273613,9.047583,1.129385,5.3621125,1.7885597,-2.4276628,1.9188254,-0.14141929
0.52764493,6.302047,1.1034746,5.3716235,1.7850761,-2.4172835,2.5607584,0.12562925
1.461289,2.133491,1.0455267,5.373455,1.7531061,-2.4290802,2.4229472,0.8191333
1.626198,2.0071814,1.0622728,5.363062,1.7440953,-2.4102228,0.66705084,0.55194354
2.2356167,2.000812,1.1901362,5.022555,1.6963332,-2.3319316,2.2830997,0.7143307
2.8852339,3.7352412,-0.3700357,7.4552593,1.0106132,-1.5872843,-0.99248064,-0.016768932
2.490881,4.7262135,-0.36700976,7.6369934,0.97272825,-1.6044401,-0.97859293,0.1745497
2.087379,6.423727,-0.29730123,7.631016,1.0406458,-1.6138351,-0.53208053,-0.32798266
1.7902725,5.2121615,-0.27476197,7.5524926,1.0522916,-1.6298915,-0.19443274,-0.4153367
1.7406237,6.0435925,-0.21503127,7.589626,1.0174217,-1.6536882,0.20287704,-0.09175944
2.3897398,3.1173978,-0.23675287,7.6294165,0.9871638,-1.6580813,0.2491486,0.107120395
1.9824488,9.038246,-0.18901992,7.675304,0.9944813,-1.6861355,0.33033872,-0.053355098
1.3853111,3.2955883,-0.25534534,7.6623316,1.021302,-1.6679416,0.306229,-0.16616344
1.2960002,2.9778118,-0.18832219,7.5748954,1.0274684,-1.6515255,-0.024554253,0.033971786
1.0889864,2.4517586,-0.19252014,7.549281,0.99273133,-1.6517856,1.7310658,0.15702069
2.741692,9.655342,-0.1883347,7.5499625,0.9656944,-1.6042488,-0.31414628,-0.21309239
2.4904375,7.0916796,-0.14343476,7.463171,0.9556875,-1.5758452,-0.39049137,-0.39024067
2.5686119,4.993667,-0.12567693,7.4375663,0.9738872,-1.5878823,-0.635189,-0.3633025
1.6373934,5.2457056,-0.03970635,7.4910274,0.9611242,-1.5822685,-0.8597226,-0.4179949
1.6846002,2.931339,-0.06369555,7.3906856,0.94126606,-1.5672523,-0.8490598,0.35967427
1.2478094,3.3621218,-0.0637905,7.491576,0.91096354,-1.5222389,-0.7064923,0.059426427
1.331658,3.4611356,-0.114611566,7.5398536,0.912745,-1.5252445,0.28166163,-0.46004567
1.1523476,4.2982187,-0.027593195,7.6377854,0.86540866,-1.4818808,-0.53883374,0.010101557
1.0328839,8.612122,-0.010518551,7.653393,0.87681484,-1.4764693,-0.15244842,-0.3908577
0.9150665,6.9744134,-0.035070896,7.720783,0.8490727,-1.4683503,0.1003629,-0.18132597
0.91695154,3.927382,-0.02261138,7.702835,0.85844874,-1.4805082,-0.3599742,-0.15410137
0.9338416,4.168345,-0.18516475,7.6817966,0.8840821,-1.4631791,-0.4965852,-0.09360948
0.8577442,3.969869,-0.1303798,7.725359,0.8760886,-1.4680184,-0.8292067,-0.2768755
0.8347097,4.433406,-0.088790774,7.704603,0.9356351,-1.5216419,0.5627674,0.3163712
0.79481435,3.651967,-0.15585887,7.6664066,0.96894383,-1.5369381,0.3704108,0.40297127
0.7709836,3.0640206,-0.10216963,7.5603814,0.9522238,-1.5400828,0.04388857,0.412915
0.69775283,2.1490088,0.10260439,7.4509077,0.94323635,-1.5358056,-0.65051544,0.50738657
0.65452945,2.272063,0.07521403,7.5651903,0.92603683,-1.5313321,-0.65028226,0.15583348
0.6471222,2.4568868,0.096495986,7.5025554,0.90869665,-1.5332588,-0.8279792,-0.018509775
0.66657996,2.8488436,0.1429683,7.5861306,0.89357495,-1.5359629,-0.416844,-0.34694535
0.66828835,2.8859613,0.16392004,7.4335666,0.90134597,-1.5157225,-0.5114198,-0.24707457
0.79571676,3.012082,0.08040428,7.40075,0.87668705,-1.4790382,-0.38132882,-0.0895713
0.91507465,3.3277779,0.04869318,7.4415445,0.8792794,-1.4449282,-0.49835485,0.46737784
0.84614944,2.868123,0.019120336,7.4727516,0.87151027,-1.4622731,-0.7485622,0.4170568
0.8597431,2.9259467,0.10138059,7.4462285,0.8739872,-1.4844389,0.9886297,0.30105042
0.74195486,5.2561555,0.057902098,7.6862407,0.89309597,-1.45046,-0.77620715,-0.1689485
0.7674023,6.1273565,0.08599055,7.6411495,0.8964782,-1.4178518,-0.8218278,0.34295404
0.77271974,5.214606,0.04260218,7.708581,0.90273595,-1.5033382,-0.027779281,-0.31372973
0.7837586,4.9332223,0.10396397,7.6483417,0.9371152,-1.5418237,0.117444634,0.7075765
0.6769209,5.735962,0.13442886,7.697639,0.95121455,-1.5525715,0.2601893,-0.2448197
0.6373112,6.7335606,0.113428354,7.9268403,0.96081305,-1.6101936,0.81091166,0.923723
0.65125525,7.529052,0.13065314,7.9310126,1.0044596,-1.6198437,2.9341776,0.7026094
0.62979305,7.3778763,0.12869537,7.9933286,0.978565,-1.624931,0.41066444,0.8441334
0.63008875,7.4358826,0.018154144,7.9838624,1.0139835,-1.6144633,1.9413652,0.62895083
0.72169244,6.782161,-0.08436054,8.004133,1.0555937,-1.6451416,1.5538638,0.49670613
0.6884005,6.9524264,-0.06282151,8.007813,1.0474386,-1.7031896,0.4889462,0.21087933
0.6184933,7.621597,-0.082330644,8.224684,1.0456655,-1.6530198,0.6235529,0.24345165
0.6661912,8.136658,0.016233802,8.247378,1.0090306,-1.6219294,0.2234236,0.033843517
0.615842,8.449993,-0.05702275,8.410006,1.0137815,-1.6564229,0.99724317,-0.19097894
0.5933218,8.454918,-0.07918322,8.44682,1.0254037,-1.6584864,0.77226985,0.21490812
0.6015892,9.440243,-0.0914101,8.530709,1.0527401,-1.6801848,0.07146454,0.092167854
0.6339742,9.979156,-0.029144645,8.413606,1.0484769,-1.7173336,0.49102283,-0.19588327
0.6477775,7.839796,-0.027052462,8.384274,1.0561163,-1.7290556,2.8895352,0.43085647
0.6746553,7.591733,-0.0019801855,8.102076,1.0005238,-1.6660573,2.6813247,0.779927
0.6537098,6.41834,0.06989694,8.036161,0.9950414,-1.6521341,2.0357807,0.22336173
0.81792104,9.956775,0.15213847,7.860339,0.9866073,-1.6264734,1.9516876,0.40735996
0.7874571,9.88023,0.06980598,7.8730593,0.9812815,-1.5940472,2.413115,0.66254675
0.73110944,9.529602,0.042512655,7.8989725,1.0686104,-1.6212273,2.4135542,0.40743327
0.7325255,9.988163,0.09559357,7.760176,1.081114,-1.6820477,2.1960225,0.9465997
0.858611,9.568548,0.04805708,7.7752314,1.0435119,-1.6838036,2.7985399,0.43232775
0.6863706,8.423317,0.13312054,7.8104644,1.0329382,-1.5581707,1.5555005,0.8373147
0.6588021,9.072058,0.23874104,7.7523437,1.0085056,-1.5317858,2.959027,0.85661876
0.6507777,9.89216,0.21095026,7.9277143,1.0240486,-1.6579216,2.5763755,0.8214941
0.7300994,9.947367,0.08323026,8.037504,1.007698,-1.6145891,2.737002,0.5048919
0.58097655,7.566772,0.22580183,7.92495,0.9859073,-1.6369245,0.60364044,0.58178616
0.5966265,7.8000007,0.22000396,7.913193,0.9737468,-1.587132,2.680685,0.6615101
0.5812353,6.741061,0.25024652,7.910608,0.95048904,-1.587784,2.633559,0.6449081
0.5489419,7.445905,0.20943534,7.9466023,0.95959187,-1.5755746,2.6479607,0.19079673
0.56106645,9.6479645,0.19560099,8.111624,0.9781749,-1.6021736,2.0844815,0.75757027
0.5815377,9.108423,0.20963001,8.06444,0.9739826,-1.6049733,2.3680258,0.5854387
0.58340335,9.332855,0.24277055,7.9847493,0.9626913,-1.5657407,2.5747986,0.5174906
0.607617,8.811553,0.24397969,7.960253,0.9876876,-1.5949597,2.9389381,0.86691
0.59638,8.698336,0.15095711,8.114721,0.9517937,-1.5735086,2.1706119,0.37450576
0.5821488,9.239841,0.15611088,8.105387,0.9167962,-1.5521376,1.9180288,0.77670026
0.60224783,9.802833,0.123740315,8.352337,0.9079952,-1.5361588,0.5409546,0.8003819
0.54035,8.686087,0.10529518,8.356323,0.9046397,-1.539082,2.9950802,0.69989634
0.58384854,9.287044,0.082910776,8.395845,0.89312315,-1.5274229,1.914582,0.7214066
0.5749638,8.221024,0.07326925,8.321337,0.868417,-1.543333,2.8192503,0.13671058
0.61515284,8.625244,0.0698334,8.241752,0.8546531,-1.5042413,-0.5663985,-0.44498932
0.6421523,9.964179,0.08702266,8.30661,0.84527564,-1.4622227,-0.3780021,0.042793155
0.61986387,9.856882,0.09039271,8.342199,0.808408,-1.4067388,-0.33261412,-0.2579136
0.5922182,9.303284,0.058502436,8.391998,0.786988,-1.3900076,2.105219,-0.04594016
0.6250919,9.17215,-0.046200037,8.422466,0.76340437,-1.3845716,1.1023145,0.22973084
0.6713313,7.4976835,0.022857547,8.14879,0.76026154,-1.3850784,0.21239114,-0.31198794
0.6693338,6.22998,0.010387421,8.159988,0.6994209,-1.3058767,-0.3666345,-0.112267464
0.67580104,6.3615284,0.06048596,8.146206,0.6739888,-1.3089769,-0.177697,-0.45686308
0.7587012,7.881124,0.086776495,8.170029,0.693784,-1.331037,0.25360286,-0.05611345
0.767328,7.9203515,0.15078354,8.079924,0.63918924,-1.3037599,2.6562574,0.056449056
0.7515249,7.8126416,0.08014858,8.026693,0.6939573,-1.3103547,2.564712,0.15655953
0.7537254,8.190253,0.1021148,8.038429,0.7190275,-1.3077836,-0.3215443,-0.22286838
0.7794002,6.197876,0.011354208,7.990306,0.70888376,-1.330781,-0.5478253,-0.17244557
0.78073883,5.363629,-0.05861032,7.994539,0.7243171,-1.349817,-0.56354964,0.17480361
0.91508985,5.153059,-0.13461077,7.8991675,0.6335759,-1.2805699,2.0151615,0.54596126
0.90707076,5.2974844,-0.12378681,7.8866987,0.6308093,-1.2553779,0.66034865,0.8676201
0.97787416,6.939796,0.0073599815,7.831358,0.63687444,-1.2329824,0.91128135,0.9458983
0.9458001,6.7842817,0.005215645,7.8633423,0.6104002,-1.2496287,2.3524392,0.48899925
0.93102026,6.6051126,0.0076545477,7.7599044,0.6182394,-1.2458375,2.9508166,0.2037676
0.90513873,4.9546123,-0.087881684,7.7451205,0.6206057,-1.2270759,0.39764655,0.7473812
0.87795883,4.857938,0.00076031685,7.7217045,0.63837767,-1.2179886,0.26543307,0.5978925
0.9340611,4.2998514,0.02158022,7.6232333,0.6349778,-1.2424495,-0.829003,-0.24833581
1.0000724,4.3311977,0.038103342,7.554819,0.62925434,-1.2112999,-0.9239738,0.5618051
0.9948793,3.869502,0.10771847,7.3708954,0.5706043,-1.1458586,0.13790584,-0.084807575
1.1001627,3.4327335,0.18225074,7.4117646,0.5495279,-1.1538112,-0.65020925,-0.13426349
1.3931243,4.4047127,0.19859743,7.28433,0.5221634,-1.1199857,0.046103597,-0.14205372
1.9601922,6.798466,0.36764777,7.2069197,0.5204916,-1.1256977,-0.88711584,-0.3436908
1.9875365,6.7031517,0.34210205,7.3275604,0.5155282,-1.2177219,-0.31775963,-0.37387222
1.2806388,7.1739764,0.34136117,7.271356,0.5532377,-1.1772943,-0.17940927,-0.075457364
1.1785045,4.179597,0.64371514,7.1421103,0.5463424,-1.1633658,2.118791,0.98313594
0.7281642,2.643157,0.61474967,7.0830555,0.5323305,-1.1545191,2.27103,-0.20296282
0.7198378,2.4684875,0.74135125,6.8169956,0.5264325,-1.1376996,2.908727,0.49820036
0.7234857,3.024862,0.8975316,6.8219895,0.5249028,-1.1477784,1.6139722,0.078734994
1.0045999,7.9843955,0.89705324,6.862262,0.54935074,-1.1925857,0.37362158,-0.1778695
0.8723089,8.368025,1.0786586,6.967758,0.539325,-1.1929307,2.7224371,-0.4569821
0.8083308,7.6899505,1.0888762,6.7723117,0.5762918,-1.2195203,1.4310672,-0.4989899
0.85925245,7.469866,0.945953,6.816828,0.575943,-1.2220026,0.1490798,-0.39440793
1.114195,7.012949,0.9040358,6.795233,0.5615566,-1.2053928,2.5616457,-0.23373973
1.1756808,6.558945,0.9874463,6.6883173,0.5159879,-1.120007,1.5696692,-0.24289116
1.2734164,5.43323,0.9801376,6.7591324,0.45978832,-1.0571333,1.7400677,0.58141685
1.3301322,5.0087852,0.9620185,6.738079,0.442739,-1.1494551,2.7604935,0.39328665
1.8900263,2.880785,0.7874682,6.7647595,0.51286006,-1.1739328,2.3667157,0.8753948
2.0220451,3.4142766,0.73354065,6.714205,0.50644255,-1.1777587,2.438383,0.8685515
1.3032198,5.9555387,0.819204,6.8473268,0.51749825,-1.1569734,2.6915622,0.35620022
1.3624828,6.6956706,0.8196721,6.8093095,0.4992454,-1.0844682,2.45041,0.84656096
1.3682871,7.4077525,0.8327863,6.83479,0.47844386,-1.0814512,2.69471,0.2147919
1.3081448,5.015238,0.9502423,6.762205,0.47102523,-1.111969,2.3919752,0.51536846
1.236557,7.4187717,0.9644401,6.7968197,0.46063638,-1.1115707,2.3977327,0.73973835
1.9027262,8.280716,0.92397976,6.8229856,0.44026756,-1.1175022,2.036398,0.4043699
0.9342238,4.031869,0.973366,6.699849,0.4693718,-1.1219175,2.56248,0.80677676
1.3004062,4.2670527,0.9722662,6.658577,0.45532107,-1.1123488,2.5635707,0.3509199
1.1658474,4.286189,0.977932,6.7356014,0.45915723,-1.1605759,0.47075796,-0.00059974194
1.7053362,4.6762223,0.9284482,6.7915626,0.4614582,-1.1479173,0.40547347,-0.29781178
1.7596446,5.3047657,0.83303094,6.8126526,0.46551752,-1.1435499,0.38806224,-0.118282914
2.3859046,7.046948,0.73043644,6.848763,0.44975924,-1.0672185,0.81318545,-0.21067515
2.7673147,6.1286864,0.6330273,7.0527444,0.40288496,-1.0773787,-0.26744866,-0.42917272
1.9291775,7.076756,0.6603184,7.037008,0.38000584,-1.0725821,0.19488823,-0.37396315
2.1127996,9.562104,0.6705055,7.0235176,0.3669877,-1.0666709,2.957973,0.103785396
2.5581183,9.966875,0.6279278,7.0084686,0.40850854,-1.0887253,0.18325913,-0.3985826
2.8547344,2.8590994,0.5961559,6.754406,0.43826008,-1.0830643,0.30060542,-0.27712762
2.8149905,5.6988244,0.64156437,6.8058286,0.45622873,-1.0563631,1.152925,-0.13253564
2.0581746,2.1889143,0.69272685,6.638575,0.45501232,-1.0563626,0.27825177,-0.017112374
2.9050915,2.4302835,0.68927276,6.64697,0.45441556,-1.1049991,0.43926406,0.19886506
2.446144,2.184491,0.8393055,6.6669803,0.42914724,-1.1186732,2.9458148,0.7813932
2.543561,2.7198226,0.84884834,6.702548,0.41529417,-1.1070106,2.8999975,0.81606734
2.5632777,4.064269,0.93826914,6.6653786,0.40807724,-1.0288067,2.9596908,0.72895515
1.6750181,5.4718776,0.9801259,6.6191545,0.3995433,-1.0529792,2.7307699,0.7395371
2.6127305,5.573223,0.96269214,6.6315312,0.4283743,-1.0871856,2.6512408,0.15609908
1.6040474,4.7260695,1.030201,6.566128,0.40815783,-1.0375854,2.1772668,0.46368468
2.2511573,4.976975,0.92762566,6.5454807,0.4400277,-1.0774974,2.9139876,-0.36290628
2.4351387,5.4504356,0.94188786,6.5542912,0.44673967,-1.0442516,2.5964367,0.97723186
1.92347,4.262638,1.0180838,6.6517906,0.45139503,-1.0764356,2.9851058,-0.031539023
2.5946789,6.0180798,0.98494697,6.6129375,0.4091003,-1.0738466,1.3010001,0.05455947
2.6112328,5.115561,0.9518142,6.78318,0.42212224,-1.0451564,2.4369543,-0.38096416
2.175313,2.3622935,0.6866801,6.9170904,0.3535087,-1.0545051,1.6723056,-0.048743308
2.5249774,2.1979105,0.5076587,6.6118374,0.44958234,-1.0204722,1.6758525,0.49546075
2.8615649,6.2470036,0.7831193,6.6110115,0.431324,-1.035798,1.564971,-0.35364056
1.4940473,3.5794768,0.7145349,6.710132,0.4732492,-1.0993056,1.6590931,-0.046952456
2.9906883,5.2098694,0.7329862,6.703249,0.48139,-1.095235,0.23294616,0.10778344
2.2954504,5.737124,0.6938375,6.902582,0.47461748,-1.1710765,2.475687,0.6298106
2.6803572,8.038996,0.6955097,6.6886415,0.5055206,-1.1095723,2.3673255,0.31203806
2.340501,5.167839,0.77081203,6.5669417,0.49555135,-1.0958322,2.8749585,0.5343132
2.346352,6.084041,0.8186927,6.605858,0.5460806,-1.1159706,2.7289555,0.8662456
2.1892426,7.2032876,0.80871415,6.585239,0.5886998,-1.175636,2.2102396,0.36033022
2.911161,6.777575,0.6346879,6.6204824,0.55706596,-1.157515,2.5223393,0.17756271
2.9395976,2.030033,0.55057406,6.708254,0.54496217,-1.1432228,-0.16289878,0.30996436
1.4130836,2.5420609,0.4842199,6.8007746,0.5498955,-1.1686172,2.5810826,-0.28537008
2.3975167,7.3586154,0.400769,6.960145,0.5436721,-1.2094309,2.6951501,0.024736524
2.1792064,4.9831614,0.40285182,6.9946146,0.5453217,-1.1939902,2.055092,0.15627235
1.9687012,2.8267956,0.29614663,6.903472,0.5791061,-1.193569,2.4511256,0.5805366
2.2737477,7.9661026,0.34961438,6.954424,0.5857947,-1.1976659,0.622674,0.6264578
2.0888891,6.3322453,0.32216418,7.0089064,0.5792966,-1.1928833,0.83559525,-0.1978553
2.2774594,7.5248537,0.30449593,7.0192394,0.58900094,-1.171052,-0.27751023,-0.30440488
1.8557035,5.2575655,0.3874842,7.077317,0.5628891,-1.1341492,-0.97570485,-0.27527326
1.679515,3.9526234,0.3340379,7.026013,0.552372,-1.1260445,0.8061497,-0.0065366626
1.1803198,3.8061411,0.5187044,7.000454,0.5233965,-1.181326,0.5437249,0.39124095
1.421727,3.6796498,0.6237347,6.8821344,0.5413072,-1.174324,1.8526819,0.2713939
1.1741679,5.2560644,0.6354797,6.9935017,0.5325849,-1.1908219,1.0947483,-0.33224323
1.2163546,6.185329,0.6381335,6.9876184,0.54943204,-1.1895578,-0.03148353,-0.18375528
1.3348986,4.5425935,0.56877863,6.946276,0.5287163,-1.2038043,2.2430449,-0.3730516
2.134452,7.566336,0.78475547,6.6999435,0.5850284,-1.1793847,1.9376798,0.6956227
2.3048093,8.035846,0.83053577,6.5434275,0.69081545,-1.269803,2.606755,0.8215622
1.6747569,2.5337617,0.8145292,6.448328,0.6815808,-1.3020849,2.3300092,0.8405256
1.8593366,3.134634,0.8206029,6.380366,0.6735394,-1.2775545,2.5248992,0.7834358
2.1940196,2.3933516,0.76230145,6.376068,0.6783962,-1.2968547,2.224396,0.5662465
2.7188601,2.837556,0.7893548,6.509053,0.6638317,-1.3136905,1.7251186,-0.11206621
1.409688,2.2405493,0.8941828,6.428482,0.6506114,-1.2906243,2.0875244,0.12363529
2.6451216,3.1380496,0.9294286,6.170809,0.70389056,-1.3192506,0.5885204,0.067071676
2.416189,3.435453,1.010519,6.256795,0.6611564,-1.294795,2.717705,0.7595899
2.4731286,3.6261144,0.99935675,6.222458,0.6800716,-1.3452091,2.552914,-0.077540696
1.9008121,5.513938,1.0765901,6.4122434,0.6434653,-1.3090578,-0.0041723847,-0.47731215
1.7877927,3.9239433,1.0392711,6.250776,0.6884599,-1.336858,1.5698726,0.09602982
1.0478144,2.2298954,1.0884905,6.224157,0.65170956,-1.3314605,1.7827094,-0.19205213
1.0916315,2.7561636,1.0846524,6.358962,0.6472368,-1.3440554,1.5730934,-0.07313228
1.2090445,2.2536733,1.0246348,6.376353,0.66914773,-1.3589756,0.26020968,0.19718379
2.3619156,4.530205,1.0841117,6.31766,0.6603427,-1.3363311,0.38699067,-0.35720664
2.3539925,4.717824,1.1051722,6.2085266,0.6646044,-1.3130121,0.60474336,0.45124972
2.892371,5.651368,1.1187253,6.1126328,0.7027116,-1.3399596,2.6365287,-0.23646349
1.9840401,2.7071433,1.1377356,6.144019,0.6865735,-1.3652828,1.5669026,-0.11148435
2.5945222,3.0466847,1.1184888,6.09698,0.6822388,-1.3669728,-0.111505985,-0.468491
2.9840055,3.3420858,1.1233041,6.031351,0.6678252,-1.3141004,0.8261368,-0.48049954
2.987616,4.0523524,1.1578627,6.0320325,0.6859319,-1.3259766,-0.35210973,-0.4803258
2.1618202,9.261109,-0.40561974,7.9935427,0.045342684,-0.6814008,2.9955997,0.734697
2.1647985,9.498453,-0.22996211,7.9721384,0.024263859,-0.6969454,2.9756885,0.056111455
2.1275,9.755299,-0.50608987,7.9200006,0.020983458,-0.6653838,2.9609828,0.5668465
2.686586,9.431927,-0.66809726,8.036498,0.0026741028,-0.64016986,2.9460144,0.44572937
2.7572665,9.259531,-0.79133475,8.041687,-0.008418918,-0.6058254,0.89468026,0.20522958
2.530216,7.4516625,-0.9006736,8.083231,0.0029268265,-0.5954788,-0.2269615,0.2719568
2.6934524,8.156122,-0.7464429,8.002682,0.016780853,-0.6347356,1.2601972,-0.07401276
1.9646876,5.056547,-0.7178732,8.060776,-0.00043952465,-0.637135,0.018460035,0.47514594
1.9798431,6.1440067,-0.532868,8.087675,-0.02237451,-0.6372936,0.42945015,-0.29394245
1.4324226,5.9251947,-0.3033887,8.192312,-0.030362844,-0.5890188,-0.20173752,0.19391322
1.610681,5.8207617,-0.32243317,8.121952,-0.019416213,-0.60488915,-0.2644689,-0.37133235
1.3358526,3.3296883,-0.5386038,8.148479,-0.0016227961,-0.62458587,-0.5219056,-0.2331711
1.0782871,3.4989576,-0.81560373,8.219221,0.02053523,-0.5441773,-0.53459847,-0.2131159
1.0690228,3.073616,-0.54066426,8.233388,-0.07126224,-0.4771557,-0.60740143,0.23595041
1.0035222,2.7219574,-0.53086036,8.256501,-0.10387564,-0.50555706,-0.8269763,-0.19950795
0.92599654,2.7751482,-0.5207959,8.258783,-0.07728577,-0.5002203,-0.5327506,-0.46505958
0.9206705,2.0196705,-0.4007501,8.273748,-0.10613263,-0.5081074,-0.6826014,0.2856084
0.82146513,2.013249,-0.35312897,8.18977,-0.09357619,-0.5259509,-0.37417948,0.25334978
0.7753917,2.7360322,-0.4791175,8.401249,-0.036601543,-0.508929,-0.98584497,0.052924097
0.8620908,2.78086,-0.4764356,8.497808,-0.08488846,-0.48660564,-0.96990466,-0.14353526
0.9133408,2.8174253,-0.7463461,8.40168,-0.11574614,-0.48464608,-0.31478924,0.27364546
0.96881807,2.715375,-0.53857046,8.401409,-0.17147636,-0.49056363,0.16720533,0.30884498
1.1739535,2.7306218,-0.6865312,8.307426,-0.13017023,-0.48621607,0.015803456,0.2769562
1.0851165,3.0081892,-0.58379024,8.289295,-0.12477732,-0.48808098,-0.29496056,0.03966385
1.2042047,3.2658172,-0.6544497,8.331613,-0.1467849,-0.47965002,-0.38105714,-0.20802647
1.0865829,3.3881757,-0.59595037,8.361286,-0.19027293,-0.45941997,-0.12683529,-0.17725876
1.28581,3.1924086,-0.5283437,8.210563,-0.19889414,-0.47713017,0.54402363,-0.12013206
1.4488925,3.9785433,-0.5797081,8.2344055,-0.2346425,-0.42383432,1.2691305,-0.093963355
1.4753311,4.2705393,-0.81297123,8.267903,-0.24651885,-0.3983028,1.8280339,0.64818525
1.4817909,4.708539,-0.3434465,8.17228,-0.24063337,-0.37078142,2.0556452,0.70010424
1.5833657,4.6507535,-0.65271205,8.215223,-0.24187362,-0.4200275,0.66125,0.32481742
1.7731249,4.2780485,-0.8033269,8.266662,-0.23806167,-0.41144967,0.24276102,-0.22278339
1.9116874,5.5010757,-0.7875976,8.3550625,-0.21190214,-0.40926218,-0.76584584,-0.26931712
2.1143885,5.943924,-0.86126804,8.286354,-0.20270312,-0.39075184,-0.6503347,-0.09307879
2.1370287,5.427454,-0.7549763,8.222512,-0.2062949,-0.39145923,-0.53974223,-0.45822045
2.0953112,5.1360807,-0.831264,8.233603,-0.2312032,-0.4013729,-0.2831099,-0.25165448
2.1512356,5.198823,-0.497958,8.213693,-0.25189137,-0.37858438,-0.2934512,-0.25709814
2.3675814,6.5123653,-0.49685556,8.15205,-0.25119722,-0.3925743,0.60883355,-0.18451178
2.6310356,6.243067,-0.4034654,8.170935,-0.28080702,-0.40553188,0.26742578,-0.41308954
2.50856,5.546563,-0.54428095,8.105654,-0.2245295,-0.4061978,-0.1524759,-0.3767689
2.0785856,5.677389,-0.10768896,8.034518,-0.24419606,-0.39721918,0.69194305,0.14686596
2.0421162,4.3325033,-0.5014425,8.107484,-0.31462276,-0.40597987,1.6588109,0.27526444
1.8844628,3.4709144,-0.38193935,8.12635,-0.38492024,-0.33245325,1.8905745,0.53464603
1.9593047,4.437317,-0.6754457,8.127601,-0.3259319,-0.29890966,1.56236,0.509635
2.038885,4.069874,-0.56674695,8.095963,-0.34306264,-0.28137064,-0.40222716,-0.0281246
2.0134063,3.4066796,-0.55602723,8.044788,-0.33825362,-0.30339098,-0.3418718,-0.17222357
2.1521673,2.4924207,-0.9669312,8.039123,-0.40768147,-0.1839714,0.60679805,0.12690866
2.6230385,3.118764,-0.86028117,8.023233,-0.38940477,-0.22748876,-0.052340686,0.099883854
2.6803548,3.2317846,-0.93195415,8.027485,-0.40752852,-0.211802,0.054475307,-0.036522448
2.7827003,3.5949433,-0.76538444,8.124895,-0.37031686,-0.22936702,-0.5535526,-0.47106063
2.9612098,3.7569973,-0.5327936,7.996788,-0.38409233,-0.21624708,-0.83047915,-0.19438076
2.5061996,3.7314487,-0.6204244,8.023182,-0.3631183,-0.2359178,-0.5793927,-0.08482826
2.8875413,4.054199,-0.53651345,7.9556246,-0.35417283,-0.25959253,-0.70954734,0.101490855
2.9234579,2.7809696,-0.72333264,7.9750266,-0.35952735,-0.20936155,-0.16941202,0.8571327
2.9297698,3.7315133,-0.4906593,7.83846,-0.364532,-0.20516014,0.400872,-0.26469153
2.9975922,4.8153205,-0.51660424,7.946974,-0.39417028,-0.15821266,-0.9846195,-0.17315036
2.9973364,3.2562127,-0.6064818,7.975568,-0.43704557,-0.16796231,1.866132,0.05311072
2.9817374,3.5966713,-0.7863999,7.8999662,-0.4049462,-0.22334981,1.8863428,0.65123785
2.829742,3.641725,-0.37666237,7.8473654,-0.3944372,-0.25881958,1.8481777,0.2792859
1.956653,2.4144776,0.5843415,7.8308964,-0.39396584,-0.26888108,1.2431762,-0.4671897
1.9188432,2.5365536,-0.03855288,7.8736143,-0.37650168,-0.27306247,0.64099526,-0.26564723
2.129842,2.527012,-0.7039041,7.8618054,-0.4084444,-0.19799948,2.6004086,0.78732145
2.4520264,2.1097116,-0.5513932,7.785866,-0.37831604,-0.20037246,1.3507953,0.470672
2.8515682,2.522819,-0.3729776,7.7349567,-0.3779992,-0.1882565,-0.47458845,0.352044
2.2630177,2.4411173,0.332371,7.7040615,-0.379977,-0.20057869,1.72293,0.3815775
2.5447216,2.748712,0.9698547,7.723304,-0.3934648,-0.35370827,1.8635929,0.35444093
2.354769,2.5812416,0.81606674,7.63302,-0.37475634,-0.27437615,2.398173,0.43099654
2.6718917,2.5835266,0.34139323,7.6733327,-0.34276378,-0.24681807,1.0933285,0.6104953
2.543129,2.209484,0.3663906,7.7264447,-0.41069067,-0.2391572,-0.340984,-0.34133962
2.1297174,2.292473,0.04266548,7.7513366,-0.39060152,-0.24218798,-0.2533775,0.0033982396
2.3735044,2.6269376,0.46489096,7.762049,-0.39389408,-0.23378396,0.5216168,-0.23561347
2.6053193,2.6258693,0.42832732,7.746091,-0.41376305,-0.25537133,0.013953328,-0.46036
2.36508,2.2611604,0.4169836,7.7173634,-0.3978083,-0.2863145,-0.00023144484,-0.47889975
2.2341855,2.0476642,0.99545944,7.7441187,-0.41375768,-0.24010873,-0.15615612,-0.23421621
2.1357565,2.1158938,0.13279676,7.6516724,-0.36321998,-0.2211945,2.6801994,-0.0129467845
2.1442487,2.3006184,0.69792676,7.655928,-0.4104712,-0.28793287,2.5557094,0.41422844
2.2618318,2.5497105,0.28108084,7.7540364,-0.4089285,-0.20349312,1.7280087,-0.30919105
1.734561,2.0971024,0.5370996,7.729937,-0.40396178,-0.2124703,1.8525217,-0.21796587
2.8477786,2.0057783,0.07118058,7.8207293,-0.402866,-0.21228409,-0.60498106,-0.35840756
1.9624178,2.420586,0.19513166,7.856901,-0.3981142,-0.24177837,1.1179669,-0.43927228
1.5131874,2.4050326,0.28090477,7.9337945,-0.39098227,-0.256572,-0.34694254,-0.13094458
1.5637138,2.2675939,0.3647771,7.886629,-0.40139163,-0.24644017,-0.38754076,-0.44636744
1.5655503,2.2436152,0.017721891,7.9550333,-0.40316212,-0.23651671,-0.24919802,-0.45564246
2.5875874,2.6637986,0.036292076,7.903108,-0.41425574,-0.23329067,-0.25603712,0.30223608
1.7034844,3.1108174,-0.44790894,8.049761,-0.36176205,-0.27870512,2.0713482,0.6103276
1.6068041,3.9519625,0.11071324,8.159762,-0.35636294,-0.31344318,2.3109725,0.28898573
2.3291845,4.7286825,-0.8009648,8.152501,-0.36776173,-0.25087523,0.88026524,-0.4820485
2.3235655,3.438961,-0.40402734,8.065214,-0.35975397,-0.27104187,0.22260666,-0.47448456
1.8917547,3.518588,-0.10788143,8.055816,-0.4163773,-0.20517111,1.4161465,0.48189235
1.5534252,2.3677776,0.05601704,7.9961643,-0.43212068,-0.21377754,2.4535112,0.10085273
1.4372108,2.6586957,0.31522632,8.040484,-0.4213165,-0.28399897,1.9110718,0.24246842
1.1307945,2.1686347,0.14585853,8.172758,-0.38065076,-0.29435468,1.2718611,0.06300795
1.2730466,2.1675746,-0.34177947,8.193167,-0.41410434,-0.25105476,0.8034781,-0.06531486
1.6795379,2.9811943,-0.3631308,8.231337,-0.3721975,-0.3071189,-0.18276894,-0.30921945
1.6959883,3.189683,-0.9336196,8.263235,-0.34875345,-0.2574916,-0.23785192,-0.21355945
2.2260988,4.2241106,-0.89382386,8.361198,-0.3775854,-0.28180647,-0.115338326,0.0024263263
2.6137152,4.365856,-0.62092835,8.216061,-0.38066745,-0.282228,-0.3732471,-0.055211842
2.5376294,4.6955805,-0.36095858,8.004395,-0.3389839,-0.25282025,0.35224533,-0.25473565
2.9874506,5.335963,-0.4366235,7.993365,-0.32124138,-0.33730555,0.21251142,-0.2900377
2.9619312,4.451962,-0.39053905,7.9305205,-0.28824127,-0.36312556,0.060598373,-0.35237667
2.5266886,4.824897,-0.54691213,7.9054255,-0.24054277,-0.3549552,-0.14733958,0.026523948
2.033962,3.064147,-0.4044807,7.8487506,-0.26141322,-0.32480717,-0.6478971,0.17612505
1.7070668,2.3432684,0.12985969,7.713835,-0.26256406,-0.34747577,-0.6815667,-0.22283942
2.50499,2.25617,-0.5482126,7.753723,-0.27637732,-0.3567338,-0.43972075,-0.08561909
1.9433978,2.6960585,-0.53584725,7.8375816,-0.24951637,-0.37784815,0.99984074,-0.027580023
2.8047993,3.0190878,-0.58389056,7.854869,-0.2696377,-0.31367803,-0.54164904,-0.0021836162
2.9715574,3.0959916,-0.51478,7.879821,-0.23229587,-0.37599897,-0.9812567,-0.15385026
2.5009632,4.6916656,-0.5183296,7.8546286,-0.2630874,-0.33332014,2.1447399,-0.22410414
2.4587493,3.969019,-0.66069454,7.8810267,-0.26167858,-0.35100985,2.3700562,0.4830066
2.5983605,4.445657,-0.8074186,7.8633976,-0.18698287,-0.39661908,0.4937241,-0.17748097
2.1384168,4.2132015,-0.5801853,7.8848953,-0.19058657,-0.29748917,-0.9041478,0.054714203
2.888152,4.131654,-0.5467022,7.855022,-0.24764872,-0.33029747,-0.96198833,-0.17290252
2.085132,3.2367845,-0.5119903,7.8020487,-0.26897347,-0.31564617,-0.24560702,0.26607525
2.861246,2.1593354,-0.32700515,7.757928,-0.29724574,-0.32032585,-0.7110628,-0.36961848
2.2894783,2.2294235,-0.15360403,7.760633,-0.29799056,-0.33374,-0.43919736,-0.055499613
2.8256907,2.9994667,-0.16064835,7.734435,-0.30706823,-0.3143208,-0.35993063,-0.052888215
2.9708064,3.1721208,-0.29417133,7.7570395,-0.3110472,-0.30637813,0.16924798,-0.21234542
2.7074893,2.754909,-0.05541593,7.7473373,-0.30895948,-0.31061935,0.111399055,0.23961079
2.521881,2.4197667,-0.9207269,7.9098854,-0.3452103,-0.30823565,0.46862566,0.44681025
2.3164992,4.2716413,-0.9380193,8.100908,-0.28789544,-0.3493042,1.9122584,0.049018025
2.604101,3.384031,-0.99867404,8.078249,-0.26577425,-0.37478542,1.0907364,0.96147406
2.9567041,3.4154158,-0.99989,8.050089,-0.26572728,-0.37371182,0.31127536,0.63522243
2.54282,4.29248,-0.9998845,8.077621,-0.2385925,-0.38221073,-0.06867236,-0.24438846
2.0231335,4.141138,0.008974671,7.959334,-0.22530615,-0.41189766,-0.12120777,-0.11944139
2.3723907,5.224983,0.14737833,7.9871783,-0.28251553,-0.3872776,0.085638165,-0.46466276
2.464922,5.349221,0.2699945,8.074264,-0.31097925,-0.35934544,0.054911494,-0.25169015
2.4966097,4.343752,0.5380211,7.860428,-0.35326564,-0.3042152,1.2198246,-0.2920167
2.4843962,2.7003975,0.370481,7.772242,-0.41949224,-0.2711761,1.0820849,-0.19716048
2.7216828,2.077461,0.22229719,7.7582664,-0.41848648,-0.23793077,-0.2892363,-0.038223386
2.9353557,2.2304168,-0.5663193,7.7523932,-0.40186048,-0.22823477,0.7685542,-0.31539324
2.945833,2.0223982,0.1214205,7.8487372,-0.43256176,-0.21829844,-0.7410222,0.12568986
2.3719888,2.0161116,-0.37849212,7.873134,-0.43422246,-0.21414423,0.79333925,0.18439215
2.4385188,3.152536,-0.62241954,7.9429398,-0.41770852,-0.23527741,0.7655388,-0.22401345
2.9918466,3.6186657,-0.17794919,7.869353,-0.37454748,-0.20436645,-0.50164515,-0.3869651
2.919098,4.014162,0.395424,7.9659495,-0.4177972,-0.24724841,0.3054856,0.06437957
2.7558827,4.905917,0.04095435,7.873992,-0.39509273,-0.2643907,0.14652598,-0.3788505
2.5195208,5.812208,0.25621176,7.9824986,-0.3926766,-0.18863106,2.8581731,-0.44720912
2.629467,6.917315,0.76935744,7.8938227,-0.41427445,-0.27104092,2.8481839,-0.39020866
2.7050276,6.7259603,0.703043,7.9286222,-0.41805267,-0.20736599,2.7600071,-0.24151456
2.8702006,6.849474,0.80612135,8.058397,-0.45462894,-0.17527723,2.9280918,0.15068269
2.9647794,5.551949,0.7854948,7.8161025,-0.4146198,-0.18520737,2.9046862,-0.37094367
2.9954612,4.494464,0.5160694,7.783434,-0.396958,-0.24825716,2.7857082,0.6918011
2.9986181,4.741603,0.30024815,7.918248,-0.4033935,-0.21934843,1.8059022,-0.3118211
2.9665976,4.00047,0.30992675,7.832141,-0.41768682,-0.2279625,0.89272213,-0.34622616
2.937192,4.633149,0.5493207,7.76206,-0.42709625,-0.23477125,2.6135828,0.38128626
2.9802747,4.557766,0.6469836,7.7656612,-0.42672813,-0.21301842,2.829071,-0.028482795
2.961768,4.422903,0.17111135,7.871477,-0.42534733,-0.20134568,0.6643512,-0.10476157
2.992079,3.131031,0.20412159,7.8560247,-0.452541,-0.2329793,0.33140802,-0.15239489
2.9386446,3.1764498,0.10327661,7.8889637,-0.50273466,-0.15477657,2.6120043,-0.24896628
2.7233276,3.7399108,0.3967769,7.89132,-0.5154295,-0.1393547,2.6092873,0.6381279
2.8868027,3.491335,-0.22142857,8.008716,-0.54122806,-0.09410286,2.6209786,0.8065741
2.550709,3.5418339,-0.07348609,7.9723268,-0.55387056,-0.09396863,2.3824947,0.6523526
2.6124058,3.632689,0.60517097,8.019193,-0.5209036,-0.09215689,1.7022107,-0.08490926
2.9204502,4.4568977,-0.19927454,8.127886,-0.58059263,-0.062196493,1.2334106,-0.35571396
2.9965632,3.888717,0.21164656,8.062376,-0.51560557,-0.08853912,1.7176492,-0.29438043
2.7204013,3.5538015,-0.034044147,7.9660873,-0.5047649,-0.09759903,2.17156,-0.30889463
2.6849365,3.9329097,-0.42396384,8.145246,-0.52649903,-0.15258121,1.7838225,0.046676815
2.4817798,4.0145593,0.07678318,8.087148,-0.53316224,-0.13425303,2.064241,-0.28967223
2.2331562,3.3290896,0.033882618,8.152857,-0.52994907,-0.13823104,1.1150563,-0.16045892
2.346717,3.4153805,0.15421724,8.003371,-0.53380585,-0.1183784,2.7924623,0.01374954
2.236641,3.1324978,0.51740193,8.039839,-0.5355232,-0.119487286,1.5727248,-0.26100683
1.8341463,2.628545,0.276464,8.046255,-0.5162494,-0.10987663,1.0734041,-0.2579395
1.8810873,2.520411,-0.3991112,8.09233,-0.54521275,-0.066609144,1.0157883,-0.14185965
1.8643187,2.2412803,-0.4307108,8.120419,-0.55132043,-0.07603836,-0.35361362,0.26689923
1.8877132,2.2078795,-0.5350599,8.226924,-0.54935944,-0.093295574,-0.17278129,-0.4759598
1.8820047,2.238925,-0.29274654,8.208677,-0.5437262,-0.13086629,-0.12212759,0.30376875
2.6012192,2.3674,-0.1317938,8.036906,-0.5351615,-0.1340239,1.3912852,0.1952377
2.6615381,2.1762784,0.20004952,7.9712267,-0.5335531,-0.15837073,1.1243374,-0.18075666
2.6917193,2.4484916,0.28043425,7.9082274,-0.52618325,-0.12711048,0.4103887,0.5689137
2.8571546,2.8913093,-0.71565163,8.049067,-0.48851156,-0.1032958,-0.4077043,0.35709977
2.9962502,3.2757144,-0.8839759,8.0011425,-0.49690557,-0.06339121,-0.8646295,-0.2664558
2.5672326,5.2149944,-0.34451675,8.067217,-0.45779002,-0.09661102,-0.3593467,-0.10912806
2.6594815,4.5183487,-0.40547627,8.13423,-0.4462459,-0.16600966,-0.4686908,-0.023435771
2.6674829,3.6505747,-0.41242683,8.036232,-0.4331169,-0.23424816,0.5219474,-0.2851865
2.7836647,3.7313528,-0.38580513,7.9577274,-0.4579178,-0.15735006,0.35240912,-0.21577963
2.5767536,2.7511444,-0.15502429,7.9566007,-0.46064568,-0.16429973,-0.7561412,0.12859482
2.2501976,2.0595622,0.0052850246,7.8197784,-0.43973255,-0.20929408,1.2231066,0.027207136
2.617219,2.1152637,0.27555943,7.864223,-0.4305632,-0.22795296,-0.4246397,0.21773738
2.9155967,2.3928902,-0.7267607,7.728134,-0.3523401,-0.22334504,1.5124462,0.37562847
2.616022,3.0912957,-0.1591391,7.8494725,-0.35505593,-0.19271135,-0.9967076,-0.19983491
2.7154326,2.5401807,0.16839206,7.7510796,-0.38494492,-0.23246217,0.451249,-0.4108863
2.2442489,2.8029487,0.54890585,7.7113194,-0.38705122,-0.25513363,1.3387125,-0.17583755
2.7010381,3.0929651,0.6705158,7.78362,-0.3738693,-0.29437447,0.052494884,-0.15525466
2.9794106,3.3151684,0.37143254,7.7993135,-0.37057602,-0.29312038,0.78285813,-0.3503917
1.6966052,3.377276,-0.07526219,7.9486895,-0.41770148,-0.14761782,1.5503342,-0.3594012
2.1713576,2.5937834,0.01454258,7.8775635,-0.44988906,-0.2020595,2.0689192,-0.24801737
2.4577475,2.5107625,0.116239786,7.826117,-0.47931612,-0.1485691,1.6049745,-0.051118374
2.8746588,3.6480408,0.4513662,7.8582687,-0.48855543,-0.14240646,2.3884573,-0.30947295
2.9035428,3.5531392,0.1321156,7.9501143,-0.47669244,-0.17373681,2.895413,0.35937917
2.1654415,4.0268087,-0.60298264,8.22373,-0.49396217,-0.16886568,2.9398956,0.8321762
2.2700744,3.542179,-0.40570801,8.186694,-0.53806484,-0.0717597,2.7817256,0.9903251
1.8899893,3.5675666,0.30044162,8.193224,-0.55864406,-0.0608716,2.8011062,-0.17670947
1.7652885,2.9441638,0.28725314,8.345528,-0.6456448,-0.036444664,2.7839327,0.45460153
1.9161582,3.3764837,0.04109931,8.315291,-0.60049105,-0.029284477,2.8431227,0.56787574
2.107428,2.377575,-0.4587493,8.218424,-0.5980866,-0.05440855,1.4596927,0.67867947
1.8580415,2.4782825,-0.49541974,8.212416,-0.6073586,-0.040557384,0.6021652,0.23591149
1.830117,2.0478368,-0.49228376,8.289046,-0.6040609,-0.046111584,-0.4583733,-0.23248479
1.7207909,3.1647542,0.2506845,8.321577,-0.5940983,-0.053695202,-0.13984406,-0.3013949
1.4611166,2.9580572,0.24163485,8.329085,-0.5926876,-0.061312675,2.5877028,-0.43535334
2.0217142,3.6650522,0.14892125,8.317616,-0.54925585,-0.09271526,0.79968786,-0.41730762
0.54810566,6.5934896,-0.61922944,9.78014,0.05913806,-0.78261185,1.6139085,-0.024356782
0.51909274,6.235812,-0.6380263,9.757505,0.06029129,-0.7056637,1.2512574,0.054766893
0.52433467,6.619575,-0.6084966,9.789315,0.07865763,-0.7735369,1.6811929,0.19978952
0.524808,6.7879057,-0.5074365,9.79231,0.0982759,-0.7754564,1.38537,0.19932532
0.5359154,7.073177,-0.63877606,9.854313,0.08577418,-0.68939257,2.5367558,0.6819556
0.5690254,7.5811357,-0.546384,9.897084,0.088113785,-0.7181225,2.549034,0.29733562
0.58981526,7.7075005,-0.66254497,9.927044,0.13602638,-0.7280576,2.542494,0.79198694
0.54141134,8.214699,-0.6667728,9.95906,0.13536644,-0.8020077,1.8074164,0.3762983
0.5579473,8.057009,-0.5612139,9.953273,0.18014765,-0.80049753,1.8260822,-0.11531377
0.5018242,8.69989,-0.37864637,9.903681,0.2027731,-0.83549476,0.3160919,-0.14317012
0.5007202,8.515102,-0.4144699,9.937246,0.19321847,-0.8654709,2.864871,0.29660368
0.50032544,7.944831,-0.56215376,9.899464,0.20404816,-0.8017454,2.8218033,0.56784844
0.50294936,8.252424,-0.48445952,9.832661,0.20477176,-0.8184364,2.3186386,0.66180754
0.5090482,8.168659,-0.48887706,9.850479,0.14597178,-0.81249404,1.6866534,0.10023713
0.5703598,8.495877,-0.53756416,9.883163,0.1713028,-0.8089793,2.361469,0.025611281
0.5471704,8.578921,-0.59847975,9.890727,0.1572907,-0.8152878,2.875354,-0.058828294
0.59021926,9.661123,-0.5741108,9.954901,0.19756508,-0.81212187,2.3418658,-0.043202728
0.57794774,9.609863,-0.5392647,9.972371,0.20634985,-0.8935783,2.3554046,0.1829139
0.6088273,9.280174,-0.7300303,9.96474,0.21662903,-0.8501661,2.9387195,0.70529294
0.6036401,9.119698,-0.8110118,9.967634,0.24900126,-0.84529305,2.5812533,0.620558
0.65474486,9.910223,-0.7899215,9.901057,0.2848873,-0.86129403,2.6634088,0.7291286
0.68619716,9.907721,-0.76390433,9.874947,0.2847662,-0.9271312,2.2384481,0.51854956
0.68721503,9.640446,-0.6885433,9.915806,0.260072,-0.8535714,2.38632,0.29221672
0.6416794,9.942939,-0.38677394,9.620113,0.3118868,-0.949641,-0.25001472,-0.47642785
0.62858015,9.761644,-0.40681225,9.543806,0.33149195,-0.98126936,-0.2562284,-0.03450048
0.6761626,8.544197,-0.4751461,9.349518,0.35950708,-0.97210073,2.8272488,0.99386835
0.6724115,8.126482,-0.50743294,9.313351,0.37346578,-1.0332406,2.8739796,0.79597247
0.6624715,8.487682,-0.5030733,9.363829,0.38951802,-1.0036178,2.665827,0.9394226
0.659351,9.647413,-0.50333476,9.474581,0.37953424,-0.9795921,2.7509313,0.9246495
0.5818777,9.673841,-0.39588326,9.511028,0.3391838,-0.95393586,2.693572,0.14843822
0.6827735,9.920095,-0.39160967,9.43339,0.33741736,-0.9606099,2.480063,0.87359095
0.65650207,9.988434,-0.29163027,9.450868,0.3408041,-0.9781952,2.939077,0.82781494
0.6716477,9.866247,-0.39999342,9.477377,0.34486032,-0.9219172,1.8200657,0.85018384
0.6542457,9.0796385,-0.49055034,9.474777,0.33476186,-0.9409528,2.9348965,0.7251538
0.64308625,8.644308,-0.48152053,9.530666,0.31961274,-0.97309923,2.9470718,0.8351257
0.698676,8.818777,-0.46203697,9.356743,0.34805274,-0.9917381,2.3247824,-0.18664694
0.7379221,9.6082115,-0.51087403,9.361414,0.3413086,-0.9516716,2.1752124,0.64897084
0.7312785,9.619165,-0.4951762,9.37095,0.36372447,-0.9677098,2.2001965,0.65503526
0.7677674,9.634623,-0.5072032,9.3032875,0.32538867,-0.9266758,1.3669536,-0.21995348
0.79025435,9.455401,-0.55814946,9.297603,0.31566453,-0.97464347,1.8153634,0.471393
0.8030665,8.732341,-0.5807321,9.32069,0.32411647,-0.97254133,0.32032585,0.31193554
0.89239985,9.650316,-0.71330035,9.290821,0.3314743,-0.9490981,0.79702544,0.37436736
0.8852905,9.634005,-0.7239842,9.285804,0.3485086,-0.94401336,-0.31416178,0.53467155
0.8730415,9.556978,-0.7016555,9.303181,0.37673235,-0.9648576,-0.8277007,-0.19593877
0.9232223,9.481695,-0.82335997,9.333373,0.37915897,-0.95776796,-0.5945349,0.1145879
0.8497207,8.42473,-0.82747024,9.368934,0.36919117,-0.9513953,-0.7315953,-0.09914145
0.81391954,8.404869,-0.88846844,9.34657,0.418092,-0.99663734,-0.4642775,0.69641936
0.7863973,8.3519745,-0.9584052,9.312744,0.39630485,-0.95397115,2.5128253,0.92200077
0.81339675,8.794034,-0.9127988,9.313291,0.3866899,-0.98235464,2.702585,0.9496871
0.7815465,6.841199,-0.8990816,9.252953,0.3652625,-0.96269345,2.524401,0.75436556
0.8278828,8.025802,-0.9583201,9.242861,0.3929243,-1.041922,2.324594,0.67475355
0.8274433,8.622974,-0.9744763,9.259043,0.43671274,-1.0223639,2.345355,0.4477309
0.8825505,8.494438,-0.95931363,9.264554,0.43400908,-1.0158443,1.8705146,0.9639369
0.9539571,8.662935,-0.9134064,9.168182,0.35789108,-0.93200684,2.4840684,0.90374935
0.95929116,9.00865,-0.9914934,9.177883,0.3582785,-0.96901655,2.3513384,0.5917237
0.9560631,8.969782,-0.97335136,9.171015,0.44180846,-0.98829293,1.9912014,0.75782204
0.8755952,8.303545,-0.8930927,9.172337,0.44406962,-0.9907875,-0.60441077,-0.4474304
0.85825324,7.2007,-0.79304546,9.087486,0.4303925,-1.0786264,-0.038256764,-0.2932783
0.81645936,7.134902,-0.8440333,9.099689,0.47021437,-1.0959246,0.18226445,-0.06815979
0.79174036,7.541195,-0.62234944,9.1089115,0.4425311,-1.1313467,0.9315549,0.4624923
0.80266553,7.281769,-0.66668165,9.035039,0.44177842,-1.0714964,1.643909,0.31960642
0.83209205,7.1486454,-0.6025151,8.850329,0.4861784,-1.143079,2.57111,0.7846577
0.8293607,7.2798233,-0.5446545,8.751947,0.5256438,-1.1557356,2.6857116,0.32064652
0.81649554,7.528749,-0.54297334,8.760316,0.522815,-1.1600952,1.4194701,0.40934145
0.8213986,7.36713,-0.63291883,8.781034,0.5211086,-1.1694512,1.3251812,0.5805453
0.92971873,7.5109544,-0.69684684,8.813525,0.4882779,-1.0774924,0.75030863,0.8664477
0.97892666,7.829449,-0.60546386,8.68582,0.41883802,-1.0808862,0.37854433,0.056630492
0.97227705,7.686933,-0.4984213,8.456776,0.41906214,-1.080024,0.19028866,-0.35592747
0.85263306,8.020712,-0.21181929,8.498713,0.47164464,-1.0740268,0.13826108,-0.1436162
0.8105466,6.8732867,-0.13356411,8.422868,0.4551022,-1.0945349,0.1336478,0.35342062
0.81628615,7.0303817,-0.22569293,8.517967,0.46149015,-1.0985098,1.8131557,0.5749711
0.7612108,7.505981,-0.29346722,8.667179,0.45963168,-1.0740566,1.6537952,0.35538065
0.7800325,7.557347,-0.2481237,8.695441,0.40994692,-1.0412421,2.0160928,0.22775441
0.7370143,7.097813,-0.27379572,8.642195,0.42694354,-0.99988914,1.9752219,0.8580923
0.66101533,6.8984756,-0.35113335,8.833624,0.41189194,-0.9884584,1.7033839,0.714488
0.656625,7.8168297,-0.29322863,8.928318,0.4406147,-1.0380609,1.2029352,0.7033057
0.63446903,7.051226,-0.3052644,8.973917,0.45181942,-1.0757043,1.3270576,0.4171908
0.6316308,7.214443,-0.25371563,9.014441,0.43734336,-1.104214,2.7815268,0.5365095
0.6700015,6.753558,-0.40300685,8.997414,0.4034133,-1.1324462,1.6641493,-0.12381524
0.6895217,6.8432007,-0.51264673,9.0347595,0.40387917,-1.0496199,0.24220586,0.12915635
0.68068016,6.789526,-0.48935884,9.115169,0.39423013,-1.0083872,0.54902995,0.6441542
0.66367775,6.6423707,-0.49972606,9.021117,0.3748641,-1.0127861,0.7642132,0.104843736
0.6416896,5.9800406,-0.51212806,9.136841,0.3695326,-1.0216424,0.854295,-0.056592703
0.6536002,6.142747,-0.49762356,9.016513,0.3180666,-0.93939114,0.450948,-0.28467363
0.6387634,7.0216923,-0.3314427,9.067421,0.2664504,-0.90227175,1.2560308,0.11829394
0.6307216,6.6667,-0.260499,9.06329,0.27792525,-0.92681575,2.0930624,0.42962986
0.6261939,6.4995236,-0.27426565,9.087584,0.23442268,-0.92955256,1.2773983,-0.10838449
0.64889234,6.408195,-0.33106917,9.066332,0.2413292,-0.8908396,0.7926165,-0.20278251
0.63211,6.8995357,-0.26884276,9.114664,0.23975444,-0.9263239,0.7473693,-0.22118363
0.6378495,6.4479833,-0.27450603,9.076492,0.24471426,-0.8893423,0.54454935,0.004174173
0.6144489,6.697885,-0.26409763,9.012592,0.24806571,-0.88971186,-0.011520565,-0.44035405
0.6379314,6.203874,-0.3011672,8.921013,0.28577042,-0.8806689,-0.701861,-0.47247496
0.7505946,6.349291,-0.3516969,8.933522,0.28436804,-0.925452,0.17244458,-0.075102806
0.7553086,6.7475753,-0.41109437,8.950262,0.28384852,-0.9467149,-0.14102966,0.045922875
0.77677965,6.4550805,-0.36774486,8.862648,0.26386595,-0.9435065,0.88461506,0.02701515
0.8619063,7.2288957,-0.49841022,8.894667,0.32073212,-1.0029935,0.08317101,-0.48449892
0.86490875,7.1053042,-0.5446001,8.897177,0.3424375,-0.9948411,-0.01717639,-0.47379142
0.8385758,6.8334904,-0.5414166,8.790116,0.34752393,-0.9900274,1.0011327,0.5651343
0.8586218,6.582504,-0.5454098,8.774356,0.35437393,-0.9864328,1.6675711,0.4781872
0.87386715,6.395926,-0.57295597,8.688277,0.35676003,-0.9798069,1.1191313,0.58949375
0.88377225,6.5541677,-0.52392226,8.643279,0.36270976,-0.9415102,-0.4339096,0.33004045
0.89158064,6.5459194,-0.524617,8.67392,0.3302083,-0.9583578,-0.7006998,-0.36085734
0.83850837,6.451881,-0.39562088,8.647824,0.32085538,-0.9682579,-0.21851665,-0.35612977
0.8372756,6.5018587,-0.31991005,8.640217,0.31851006,-0.9697032,0.29081202,0.51636887
0.85637856,6.4871373,-0.30658662,8.597784,0.3316548,-0.9617157,-0.27951127,-0.47210935
0.89503336,6.1808224,-0.46375883,8.514216,0.3656454,-0.959903,-0.19636053,0.23439848
0.8963936,6.4310026,-0.37993932,8.427169,0.35612345,-0.96298885,0.34682596,0.8286636
0.93072504,6.3956146,-0.36516488,8.462313,0.28408456,-0.9552474,2.8732064,0.8676183
0.9175144,5.9067907,-0.3123355,8.4372015,0.2921667,-0.89541554,2.2394996,0.9327911
0.89633423,6.291685,-0.32322538,8.461482,0.27328444,-0.88755894,1.8488145,0.5727755
0.8991954,6.258713,-0.3692546,8.514463,0.2649753,-0.8902035,2.4223351,0.682904
0.84378564,6.2852902,-0.31463027,8.485649,0.2707715,-0.8904023,2.790682,0.67106223
0.962788,6.1939735,-0.49257475,8.493284,0.25899124,-0.87624454,2.9323542,0.6414515
0.93843955,6.367881,-0.56267774,8.548506,0.23428392,-0.82510114,0.6031265,-0.2523629
0.9332696,5.3021126,-0.7134707,8.786339,0.21820974,-0.8503332,0.38748264,0.42721266
0.9898036,5.728236,-0.7437617,8.659667,0.23216724,-0.9236357,0.4001764,-0.14778799
0.96052295,5.3363504,-0.73939097,8.65805,0.2288878,-0.8827293,1.1710577,-0.19051123
1.0541008,5.121728,-0.8466021,8.553289,0.23193383,-0.8768823,-0.88338745,-0.102702916
0.94702244,5.413947,-0.85006857,8.634666,0.2711544,-0.8519206,-0.982477,-0.27057713
0.95077443,5.5442843,-0.7591686,8.74034,0.25262547,-0.89207315,-0.48870558,-0.040707737
0.986566,6.183504,-0.8079598,8.806066,0.2876749,-0.9214978,0.1553781,0.007950187
0.98759365,5.8525,-0.8246526,8.7410755,0.23932552,-0.9116502,-0.10675204,-0.28102523
1.00348,5.7578697,-0.7487451,8.763607,0.24635053,-0.90965986,0.06587207,0.17878342
0.9474806,6.487075,-0.6272795,8.737584,0.2525766,-0.94154596,1.1151216,-0.096998364
0.9336798,6.4965763,-0.63867927,8.77696,0.27434158,-0.95628715,0.38428903,0.07719654
0.8832636,5.712094,-0.6986677,8.775717,0.28059316,-0.95326614,0.82280993,0.014894128
0.95349,6.3403835,-0.6514163,8.6762,0.25093937,-0.83899164,0.8085836,-0.122013
0.96020615,6.8189383,-0.73951024,8.846878,0.26211238,-0.94680834,0.2603675,-0.27804318
0.9741639,6.545735,-0.74360096,8.811624,0.25956678,-0.93042517,0.006564617,-0.2325589
0.9836203,7.573763,-0.7997401,8.888157,0.28386998,-0.9986284,1.2304184,0.37435418
1.0003794,8.027475,-0.8108325,9.018073,0.2891941,-0.98891187,0.83952975,0.32279575
0.9294492,7.2011294,-0.7959586,9.040577,0.31533313,-0.97929144,0.88205516,0.34082586
0.8682512,7.529836,-0.79015505,9.172697,0.32459354,-0.97297025,0.9717226,0.46640277
0.8094748,7.325846,-0.748657,9.170204,0.33401322,-0.9763546,1.702961,0.8530508
0.8237786,7.1185503,-0.843873,9.186535,0.3183906,-1.0182669,1.5065944,0.656186
0.7699959,7.5061865,-0.8947392,9.326046,0.38222098,-0.982383,2.047398,0.43654394
0.7403764,8.1424,-0.873382,9.417395,0.36405134,-1.0014963,2.186391,0.82186127
0.76000845,8.961558,-0.8622617,9.422174,0.40585446,-0.98096704,1.9012873,0.392321
0.7405933,9.089045,-0.7702817,9.513174,0.42366457,-1.0061698,2.808049,0.7197776
0.69721574,8.817822,-0.73796415,9.535688,0.43238854,-1.1078092,1.9630859,0.5235102
0.84031147,9.108894,-0.8125959,9.474546,0.44251895,-1.0737988,0.7123666,0.64859176
0.8464813,9.294412,-0.72981435,9.311651,0.39872885,-1.0856705,0.74779785,-0.15383273
0.82710034,9.377636,-0.6116946,9.312299,0.39214134,-1.1053458,0.50570834,-0.4173453
0.84350145,9.549257,-0.6348346,9.29827,0.33654428,-1.0380489,1.0070148,-0.47856387
0.87030196,9.76479,-0.5757403,9.223522,0.32007122,-0.9688759,1.1101477,-0.1442326
0.85739934,9.203708,-0.6483904,9.223383,0.31250644,-0.9709406,2.2614748,0.15394175
0.89939463,9.493448,-0.738528,9.360081,0.30391383,-0.9595995,1.501148,0.28766483
0.904616,9.474724,-0.78685474,9.354217,0.31626034,-0.9933078,1.321219,0.34208077
0.8284911,9.508825,-0.6816097,9.365292,0.34103656,-0.9804821,1.5797598,0.4371692
0.8223324,9.48653,-0.66856474,9.290222,0.3536737,-0.9693637,2.3887293,0.80667067
0.84219325,9.347376,-0.6470391,9.242569,0.37567902,-0.9653077,2.5626645,0.80284786
0.8340087,9.294347,-0.7905856,9.347387,0.41519713,-1.0346864,2.6608047,0.7815695
0.85382533,8.428106,-0.850154,9.303741,0.423321,-1.033648,1.3930633,0.62351763
0.84420264,8.589102,-0.8149232,9.277223,0.41809344,-1.0880573,2.189424,0.69891906
0.8481399,8.518264,-0.7858155,9.23692,0.38369966,-1.0290409,2.2270164,0.8509921
0.8768314,8.603733,-0.9597288,9.225586,0.3955984,-0.9637034,2.543002,0.882192
0.8661931,8.695801,-0.8917558,9.176,0.3918326,-0.9703655,2.685697,0.6057776
0.88669056,9.269762,-0.90009034,9.161314,0.3991499,-0.98689365,2.5175147,0.7376901
0.98612416,9.878623,-0.6566459,8.966207,0.40829563,-0.9858291,2.6491914,0.6686133
0.90730035,9.417639,-0.4701438,8.929509,0.39172077,-1.0083759,2.716653,0.34234
0.84005964,9.196228,-0.37282097,8.988613,0.3884182,-1.0116992,2.083789,0.16729105
0.924108,7.956695,-0.5513999,9.005546,0.25786996,-1.0138725,1.5839548,0.26379424
0.94958687,7.8385773,-0.4232434,8.990304,0.24827647,-0.9693222,1.6092796,0.44977617
1.0071557,9.503588,-0.52126163,8.865345,0.2775495,-0.95225525,1.5605226,-0.09273207
0.95168453,9.1143875,-0.42768472,8.8237095,0.26921582,-0.9254401,2.5899572,-0.11147559
0.93349034,9.541078,-0.39879102,8.93362,0.2778988,-0.91897655,2.164471,0.53970957
0.90638286,9.279007,-0.4972515,8.923957,0.31721735,-0.9339092,2.8469305,0.8927245
0.9124507,9.09376,-0.5004642,8.962603,0.33146405,-0.95798016,2.9477146,0.54117477
0.8600186,9.435309,-0.5023188,8.977651,0.36227083,-0.9611802,2.895411,0.6247463
0.9330703,8.804066,-0.4289884,8.800043,0.3510685,-0.9719715,1.4088423,0.53819203
0.91159284,8.520239,-0.4037115,8.683765,0.3607371,-1.0098492,2.0269518,-0.064037025
0.95628524,9.2380295,-0.35920084,8.556265,0.43895912,-1.0140982,0.18962193,-0.11365187
0.93691814,9.391661,-0.32649273,8.530022,0.4055574,-0.9990711,2.8440611,0.34583056
0.9718224,9.748758,-0.39320272,8.633932,0.42105365,-1.086026,2.6026092,0.4267087
1.0196288,8.968695,-0.4522758,8.547092,0.4654405,-1.0825589,1.5252666,0.9070213
1.0085989,9.205909,-0.44695628,8.521,0.41366935,-1.095569,0.4057392,0.00893712
0.91708255,9.91748,-0.26898897,8.579535,0.47534084,-1.166408,0.30773342,-0.46598518
0.8714582,9.61521,-0.26845694,8.705503,0.4779122,-1.1664999,-0.07624793,-0.07078159
0.86046505,8.522455,-0.38709998,8.732321,0.5269995,-1.1727195,-0.34143847,-0.25948128
0.8640461,8.97587,-0.39138198,8.742012,0.526422,-1.159064,2.2212954,0.29073298
0.8350413,8.82086,-0.38916385,8.726038,0.52750874,-1.1784289,1.1720169,0.33057594
0.83635545,7.2312884,-0.40067732,8.743732,0.4971323,-1.1717551,1.0489016,0.2850982
0.8375885,7.580362,-0.571814,8.851035,0.5214722,-1.17683,0.09100771,0.40514612
0.85652375,8.169781,-0.79308355,9.035686,0.5413871,-1.1868858,1.903265,0.3477279
0.84324527,9.084833,-0.7822926,9.03,0.5873852,-1.1888132,2.8673732,0.9215112
0.79445815,9.109183,-0.7489902,9.106947,0.604465,-1.21051,1.6333885,0.67509556
0.7757243,8.637716,-0.73257756,9.222795,0.6006551,-1.2297177,2.132528,0.609619
0.785267,9.133973,-0.73778075,9.127909,0.62173915,-1.2581402,2.8005352,0.60642445
0.8113238,9.126241,-0.5427394,9.073099,0.57084846,-1.2425039,2.0525963,0.47992754
0.78413975,8.695612,-0.5716636,9.056009,0.5338483,-1.1524563,0.5652853,-0.008561641
0.785057,8.469631,-0.5867903,9.137053,0.53346944,-1.19611,0.03207493,-0.11607021
0.77854615,9.695845,-0.5563718,9.118712,0.5419836,-1.114749,-0.42880946,-0.061416328
0.8097239,9.854067,-0.5270042,9.189507,0.52134204,-1.1949098,0.33053708,0.015834093
0.79639506,9.926849,-0.51252395,9.088201,0.5392308,-1.2407212,2.568996,-0.005071044
0.7585051,8.495659,-0.42015928,8.812365,0.6147499,-1.2384555,2.4600105,0.21069449
0.76725405,9.139094,-0.44689512,8.827044,0.64203835,-1.2111285,2.4067814,0.8798375
0.7491658,9.314131,-0.41329634,8.964319,0.6051583,-1.2081689,2.6235986,0.9313929
0.74695796,9.370102,-0.3876965,8.912416,0.62461257,-1.2281818,2.4489064,0.889367
0.7407098,8.489431,-0.22395325,8.851555,0.56180763,-1.2083769,2.8236752,0.79387724
0.7106738,8.614929,-0.3256837,8.900131,0.592401,-1.2216077,2.2984161,-0.022078574
1.6020712,5.837343,0.54957294,6.2463512,1.9751716,-2.687126,0.0061895847,0.39693654
1.6120934,3.857863,0.5991266,6.187669,1.9969096,-2.6952238,1.7548902,0.25694352
1.0115037,3.0225651,0.5846944,6.1835685,1.9954591,-2.6920195,1.0252526,0.7675643
0.7764583,7.054075,0.5791166,6.2543464,1.9951513,-2.6374757,-0.04296118,0.5251452
2.1314716,4.291681,0.43100238,6.5090423,1.9936087,-2.612873,0.057517648,0.6360409
0.8536682,9.251963,0.4616027,6.487879,1.9933364,-2.6690195,0.90625644,0.8097805
2.4290552,2.1896253,0.4476459,6.6353683,1.9599571,-2.6692786,1.8372924,0.81191254
2.2468333,2.3378265,0.3976239,6.6475463,1.979305,-2.6892998,0.47145307,0.63314915
2.3678403,2.8029537,0.42204094,6.6374483,1.9838777,-2.6990736,0.35706508,0.109378874
2.343834,3.3556237,0.44017625,6.5877347,1.9057589,-2.6170063,-0.22425777,-0.10285801
2.0884209,6.0856123,0.41011262,6.5831957,1.954534,-2.6240873,0.9306414,0.47330695
0.918755,2.608483,0.3926375,6.560261,1.9554708,-2.606848,0.4246341,0.6434865
1.9947274,3.7129946,0.37320888,6.6166277,1.92675,-2.5001256,-0.20984,0.36592007
1.7261548,5.130353,0.2924266,6.69289,1.9113739,-2.5141907,-0.3463655,0.6111722
1.8186572,7.5142446,0.31379056,6.675806,1.9198787,-2.5601356,0.72108376,0.74857783
2.465136,7.9507,0.3431182,6.69,1.894212,-2.550662,1.0473254,0.44019258
1.885107,8.402042,0.30887592,6.5871067,1.884161,-2.4865103,1.0714638,0.5199176
1.8962818,5.150037,0.34784877,6.6409016,1.8750229,-2.5022025,0.8170444,0.8133745
1.8704841,7.1084914,0.33992672,6.765134,1.8254371,-2.5368621,0.36389244,0.41218942
1.9042206,3.4084058,0.37327862,6.652361,1.8191352,-2.5002468,0.4736761,0.2740209
1.2607659,4.437199,0.38889098,6.5926485,1.7928686,-2.4361513,-0.33761668,-0.49126253
1.0393642,6.496009,0.44723094,6.502164,1.8008254,-2.473721,-0.25934666,-0.10047245
2.2576208,2.5990431,0.45524335,6.4880347,1.8116298,-2.4877334,1.9474373,0.2193346
1.1842749,2.1558836,0.43763733,6.4327736,1.8164454,-2.4581187,1.8702283,0.6002952
1.9483123,4.152169,0.45054734,6.438936,1.8310163,-2.4100885,2.198648,0.47117007
1.0315056,3.5586495,0.45625103,6.4789104,1.8576224,-2.5193777,2.4947677,0.84072447
2.568433,4.722932,0.44890118,6.4846134,1.8406031,-2.4872863,1.6870413,0.8902278
1.3435988,3.3659308,0.4651761,6.509411,1.8450191,-2.4989762,0.9705621,0.8966167
1.1287818,2.8050175,0.42326474,6.5307775,1.8205378,-2.488533,1.9041936,0.9582726
2.3862014,6.132375,0.40987253,6.5999813,1.8208642,-2.4862022,1.7431452,0.885962
1.5884466,2.0315506,0.4016025,6.6156645,1.8058417,-2.4852622,1.6816082,0.97355926
1.8331807,2.9292567,0.39079165,6.664162,1.8059647,-2.4834414,1.7623646,0.99387825
1.7754352,2.7368312,0.43818426,6.6315594,1.7834723,-2.481019,2.4965088,0.9990827
1.2803925,2.8978424,0.37045395,6.72163,1.794472,-2.4749575,0.63486207,0.47070163
1.4127564,2.8572836,0.34636104,6.7943525,1.7781332,-2.4580245,0.9224644,0.5849652
2.9558287,4.4584675,0.3125918,6.8109303,1.796607,-2.457625,1.6627011,0.35233092
2.8104818,5.5660744,0.28863835,6.7979355,1.7801902,-2.4621139,1.8900027,0.47508132
2.5914528,2.3951082,0.30769086,6.806288,1.7200134,-2.3889985,2.3623724,0.5326935
0.97431016,2.5235753,0.24836147,6.9265604,1.7190194,-2.4130785,0.24124587,0.56428564
1.6063008,2.795826,0.24829245,6.8823447,1.6777797,-2.3322873,0.36873543,0.4309377
1.7459149,6.7883406,0.28352427,6.865503,1.6678586,-2.295249,1.0924654,0.9573325
2.3258781,3.446042,0.2949865,6.833186,1.620064,-2.2902894,2.7301784,0.8649509
1.5786675,5.6582823,0.3256166,6.744963,1.587605,-2.2508967,2.5726154,0.72316265
1.6866746,9.273822,0.28487706,6.8371205,1.5651863,-2.1762347,0.13919127,0.5384879
1.5350288,9.018359,0.31541622,6.865428,1.5509944,-2.2174563,-0.101362646,0.18683499
1.681535,2.1346347,0.32080853,6.7748866,1.6019285,-2.2259567,0.4537071,0.46989942
1.3209877,2.0829968,0.28070772,6.7941666,1.5829792,-2.209323,0.3711927,0.5426314
1.0168023,8.29759,0.30743337,6.8032026,1.5910878,-2.2101731,0.5034838,-0.14059639
0.9646007,2.4317563,0.3187071,6.839269,1.5921178,-2.2100978,-0.7374413,-0.3043547
2.4225674,4.810845,0.3355378,6.755187,1.5827217,-2.2324371,-0.36523563,0.008355081
2.3497036,4.859139,0.35007584,6.658161,1.6257086,-2.2668343,-0.288379,-0.122247934
1.9122111,3.7790384,0.43146205,6.61158,1.630883,-2.2431405,-0.4682721,0.29235804
1.7455596,5.554245,0.3768525,6.5961456,1.6636403,-2.3137789,0.08555436,-0.03784299
1.1565989,5.858124,0.4060738,6.642222,1.6731007,-2.3367915,0.67397726,0.019410372
1.7054368,2.7393522,0.36890948,6.724532,1.7026536,-2.3881185,0.8121948,0.36893898
0.9074595,4.8782487,0.42175794,6.70373,1.7696192,-2.4852006,1.5969656,0.7868972
0.9066137,3.892106,0.4347297,6.7280865,1.8381286,-2.4911692,0.45538485,0.8315879
2.9691377,5.1345043,0.35784984,6.7853994,1.8054693,-2.4797235,1.0335064,0.8521596
2.7484202,3.0758252,0.33520603,6.754136,1.8192182,-2.4869657,0.29211032,0.375161
2.4092004,4.7339487,0.26677477,6.817136,1.8785117,-2.5005295,0.6041087,0.44483006
2.4513805,5.751218,0.28024626,6.8174844,1.8437765,-2.5061486,-0.34792066,0.2714364
2.247182,5.5260653,0.3048103,6.6353216,1.9066968,-2.5161262,0.36023903,0.020290852
0.69047534,5.305915,0.4138235,6.751618,1.9090352,-2.6010299,0.62827635,0.44008577
0.6888065,4.0755043,0.39610958,6.7059574,1.8879538,-2.5608945,1.8972962,0.4722829
1.6812882,3.584712,0.26461542,6.7503734,1.8623023,-2.5222642,0.23810792,0.40505922
1.1888703,4.1002827,0.26386154,6.7116337,1.8681293,-2.4499762,-0.4172709,0.2829821
1.5667661,4.713343,0.26731336,6.7239323,1.8632202,-2.4935632,0.19849157,0.41575134
1.9586034,4.268544,0.31361485,6.700547,1.8365338,-2.4958096,1.8739042,0.64677906
1.31755,2.5915508,0.37150896,6.745532,1.83406,-2.51168,1.2296877,0.47504008
0.79738307,8.624005,0.36241388,6.7455854,1.8765116,-2.5003865,2.4225495,0.92512536
0.70332104,8.944038,0.36477268,6.7687454,1.9071116,-2.515304,2.4360137,0.76847744
0.657634,3.8115854,0.40200794,6.7567472,1.8867369,-2.5245528,1.7489893,0.94506454
0.6482634,5.3025904,0.3836087,6.7415433,1.8828199,-2.5366302,2.716131,0.96162176
0.6428038,3.7547183,0.36925888,6.755845,1.8633115,-2.5079002,2.6353283,0.38417464
0.5819994,9.991505,0.47381997,6.8611274,1.909558,-2.5381286,0.044327974,0.29867566
0.5768211,9.959101,0.46190608,6.8387885,1.924566,-2.542654,-0.15938938,-0.22395435
0.63035303,9.941593,0.4702978,6.8580713,1.9132764,-2.5712016,0.6298306,0.8854852
0.52288556,7.8344316,0.53511405,6.827034,1.8887296,-2.5136344,0.35807693,0.027843833
0.5185968,9.122351,0.60201526,6.5909624,1.9082899,-2.4954329,-0.73027134,-0.050210983
0.5027192,7.509338,0.60006523,6.391631,1.9417298,-2.5078423,0.21597803,-0.19755495
0.5018222,7.344791,0.62291026,6.387784,1.9505084,-2.5617402,-0.32826328,0.086986125
0.5001846,7.36642,0.5956969,6.4142246,1.9911737,-2.5826926,-0.39004946,-0.03518337
0.51721555,6.979588,0.57293427,6.4123955,1.9593475,-2.5697365,0.34012532,0.89736557
0.5258527,6.7838283,0.53788805,6.4715385,1.91187,-2.5721092,2.21365,0.71505415
0.6302031,2.414468,0.5459492,6.2882485,1.9499581,-2.5619657,2.2908237,0.2175721
0.88823575,2.004726,0.56178975,6.2900925,1.876782,-2.5017862,-0.17052698,0.1038506
1.6817957,2.188937,0.52801466,6.3205047,1.8741143,-2.5204065,0.21968901,0.19384146
0.9196647,6.4097757,0.5230502,6.3592453,1.8784525,-2.5514305,2.3646765,0.73785377
1.399138,2.4901283,0.46120083,6.386816,1.8763521,-2.456792,2.5154798,0.22029948
1.4061072,4.968105,0.4387486,6.394351,1.7882068,-2.441266,0.861637,0.5217569
0.9888688,5.988243,0.43904126,6.3970585,1.8629842,-2.4898505,0.17659175,0.67270005
0.7215241,4.5515823,0.49906278,6.4859366,1.8505368,-2.4751878,-0.026412189,-0.25693578
0.6218251,2.9910715,0.5199876,6.56448,1.8552237,-2.5080001,-0.21070814,0.3300026
0.66342074,4.917961,0.6173309,6.388929,1.8778877,-2.573893,1.7851207,-0.069897324
0.60599834,4.3949924,0.6091155,6.2702885,1.8570185,-2.479293,0.13729799,0.032295346
0.5753526,4.9724755,0.64286983,6.274617,1.8707933,-2.5031958,-0.45738572,0.3441282
0.6165495,5.3509436,0.5936415,6.3210278,1.8769562,-2.5106993,-0.45020765,-0.4382577
2.2085962,3.970521,0.5713248,6.3033915,1.8642383,-2.5248537,-0.31153476,0.3835495
1.9955956,3.6907027,0.59099364,6.23865,1.871239,-2.501787,-0.2698608,0.6365738
1.432196,5.9431353,0.5838232,6.1448812,1.8594925,-2.5075321,-0.5516499,-0.40450084
0.7832862,5.734189,0.57687783,6.158225,1.874291,-2.4760542,0.5857358,0.32845807
0.69767284,8.390414,0.6213846,6.208744,1.8673635,-2.4707246,1.955271,0.6293241
0.6963479,8.144505,0.6115329,6.2555494,1.8420134,-2.4677324,1.2049093,0.6082654
0.7192227,6.844479,0.6716378,6.28151,1.7897463,-2.514294,0.5396309,0.45715547
0.6437668,2.3381872,0.6343701,6.34529,1.7975554,-2.4656625,0.31603086,-0.22519681
0.5396923,4.5758305,0.5734732,6.376921,1.8185792,-2.4066072,1.5761108,0.0421353
1.0128598,3.885117,0.6063223,6.2509723,1.7898383,-2.4565513,2.44404,0.7966738
1.6633466,2.9656343,0.6156349,6.328056,1.7807837,-2.4623306,1.1246412,0.6333432
2.3570704,3.4279566,0.60972714,6.249169,1.806603,-2.4753382,1.4034452,0.1888597
1.5352613,3.1964622,0.6255808,6.239848,1.8135536,-2.513533,1.348386,0.7886746
1.6833445,6.060746,0.57795215,6.1546025,1.8534625,-2.4988189,1.3278189,0.87179947
1.2705653,4.7094393,0.5664648,6.132088,1.9115303,-2.5352938,1.8038292,0.38217318
1.7511224,5.718089,0.54986477,6.11551,1.849802,-2.5132544,2.3459842,0.6998912
1.2042234,5.9573526,0.54984426,6.1351023,1.8514552,-2.4609945,0.37525964,0.5368458
1.5941961,3.526003,0.6094129,6.090895,1.8724909,-2.4953907,0.90297806,0.0012962818
0.7069703,5.7806215,0.61945415,6.220102,1.9093089,-2.5009758,-0.71533036,-0.24962023
0.87814975,7.7718787,0.5152316,6.4435825,1.8226132,-2.47245,0.80738914,-0.26540712
1.4898056,4.70944,0.49248886,6.507014,1.799545,-2.4976642,1.1616602,0.5404618
1.1421267,2.8936546,0.40138113,6.5969305,1.7569757,-2.4438503,0.74205863,-0.109713614
1.7539184,4.901738,0.48561025,6.4759035,1.7879283,-2.4569416,0.37843585,0.60134935
1.6995271,4.939476,0.4830494,6.3942223,1.7718501,-2.4111085,0.25589728,0.4526273
1.6072711,9.9451475,0.4467244,6.59382,1.7521355,-2.456857,1.2207644,0.09255338
2.3877149,2.299655,0.38926136,6.6208305,1.7272594,-2.3951402,0.5979476,0.5212672
2.727893,7.277092,0.34284472,6.6656923,1.7664418,-2.4135113,0.8746549,0.32990134
1.905287,2.7151291,0.32424045,6.8142266,1.7518384,-2.4337242,-0.05831182,0.44873405
1.8446206,5.8503046,0.33669078,6.806937,1.6978414,-2.387781,-0.32969487,0.14472115
2.6742396,6.2155776,0.30364668,6.7584257,1.7426336,-2.381969,0.953585,0.80789924
0.9830669,5.7633877,0.3271966,6.7169228,1.7598588,-2.3543444,1.1749,0.7784877
2.6972852,7.1124845,0.33821726,6.6593256,1.7513845,-2.3817494,2.075827,0.94436336
2.0408754,3.986106,0.33129382,6.6994843,1.7698357,-2.3874848,1.1375043,0.9424863
1.8821597,8.002155,0.33534408,6.576352,1.7885623,-2.404204,1.9047623,0.98293304
1.0383396,9.5176,0.358379,6.5091114,1.7951791,-2.380752,2.300134,0.31995988
1.4178617,2.0898561,0.3853606,6.518566,1.7846289,-2.427242,2.3769493,-0.03729117
1.8137105,6.496904,0.44734347,6.353799,1.7556663,-2.402801,1.590564,0.970381
1.3865224,5.0985804,0.5089214,6.43759,1.7799828,-2.4392514,2.7062,0.49724728
1.9429445,3.740705,0.47791982,6.4476213,1.8240578,-2.470665,2.7291698,0.60782194
1.2400302,6.549861,0.4077958,6.46935,1.8303714,-2.4753993,2.9863236,0.9852886
0.88040596,4.5008583,0.43522096,6.385402,1.8642924,-2.401013,0.9695394,0.98517513
2.618109,3.3337207,0.43171358,6.330059,1.8853695,-2.4100108,1.5908713,-0.26242533
0.6956886,5.5376425,0.41310298,6.4683766,1.8670046,-2.4555614,1.5227132,-0.2922225
2.830171,9.6435585,0.4005878,6.663172,1.8662062,-2.4683306,-0.22873878,-0.36905158
1.2206738,8.427032,0.37750006,6.4724636,1.8567855,-2.4702582,-0.60928065,-0.36433357
1.7073972,9.103434,0.3947066,6.4684043,1.8827853,-2.5203025,-0.5126092,-0.4602949
0.92247236,9.402996,0.39657164,6.574786,1.8921325,-2.516038,-0.42304605,0.60756075
1.8865807,2.0980377,0.40686524,6.603783,1.8480096,-2.4992576,0.15278745,-0.07107821
1.1169975,4.1624117,0.40167284,6.604565,1.8093286,-2.491923,1.4207377,0.6670805
0.9110221,3.588982,0.41455674,6.783067,1.8047528,-2.5240803,1.5604172,0.87792253
1.1492643,5.5907974,0.32186532,6.7677956,1.8432562,-2.4987986,0.73302233,0.7093307
2.0372894,5.3029995,0.31158638,6.8696814,1.8168778,-2.4869075,0.9425521,0.7853749
2.728436,5.886053,0.30408478,6.8010116,1.8953519,-2.5271294,1.4935539,0.8158134
2.3759573,3.011673,0.26873922,6.7918606,1.8638296,-2.5413613,1.1545646,0.35998613
2.080162,4.0747676,0.28590202,6.7977576,1.906013,-2.546949,1.1946685,0.3246287
2.4204497,4.6862564,0.2836771,6.794744,1.8930433,-2.544103,0.45405352,0.32182133
1.3141365,4.695711,0.29220438,6.7419596,1.9046371,-2.5641255,-0.02913773,0.070275605
2.6640942,8.015345,0.33084154,6.747715,1.913552,-2.5719986,0.5995889,0.10379654
2.4788995,3.1368186,0.3251015,6.741002,1.9180415,-2.5588334,1.2975407,0.67677987
2.2345333,3.1611776,0.3006115,6.700657,1.8722034,-2.516605,1.7128592,0.5482342
2.7707398,5.0167704,0.33243597,6.771498,1.8324611,-2.509742,1.278296,0.59901667
0.7399091,3.0417876,0.3645947,6.7310495,1.8443336,-2.4976633,0.38207626,0.17195976
0.76331735,6.0780663,0.3434844,6.790657,1.8427594,-2.4853654,0.990576,0.7640525
0.6818613,2.7084656,0.37377846,6.754546,1.8058395,-2.4383974,2.0231233,0.84904087
0.7057176,4.366734,0.37110066,6.780127,1.80393,-2.480022,1.5162826,0.12749183
2.988678,3.4606147,0.3071183,6.7818694,1.8870163,-2.503961,1.8760514,0.6922462
2.90551,3.093483,0.3114109,6.7525015,1.9470983,-2.5580316,0.9071876,0.6892538
2.9501514,8.288565,0.31187856,6.649088,1.9554713,-2.5757282,-0.7842546,0.101548135
1.2849092,9.078478,0.26320577,6.731945,1.9283278,-2.5478525,0.2601,-0.17403075
1.7814534,3.5087328,0.26438832,6.7422523,1.9382601,-2.5512238,0.22840965,0.106193006
0.75061,3.752698,0.25644302,6.8791094,1.9399145,-2.5858912,0.824072,0.23360151
2.2293549,2.8434095,0.27942288,6.882534,1.9059606,-2.6212366,0.48597288,0.20166653
1.651291,3.5626235,0.36484182,6.87043,1.9463453,-2.6622543,1.0802305,0.56556237
0.7063528,6.968559,0.35952115,6.7977543,1.9355283,-2.5850675,1.6716027,0.5985811
0.7003248,5.3850536,0.3257022,6.7996044,1.9419923,-2.544228,-0.41472554,0.4257084
2.5924332,2.7923899,0.3158859,6.7674017,1.9410086,-2.576973,1.1406744,0.3501135
2.948728,5.8036127,0.35683465,6.6877484,1.8897219,-2.5526352,1.9094343,0.94702554
2.9453983,4.448928,0.39058173,6.6115904,1.9319868,-2.5420773,1.0780373,0.8466346
2.8907928,4.632247,0.38823318,6.698351,1.9440539,-2.5935571,1.0160449,0.49099445
1.2588544,4.02884,0.41329682,6.641958,1.9343696,-2.642893,2.1250763,0.56526375
2.6863265,5.104824,0.4263624,6.5519114,1.9728947,-2.6470728,2.52711,0.5743511
2.736207,5.8963203,0.43741846,6.5370045,1.9700446,-2.6417542,0.67019033,0.31567013
2.877266,6.222983,0.48485637,6.432625,1.9606369,-2.6075869,-0.16987771,0.9390714
1.8473202,5.361966,0.44801176,6.438798,1.9542191,-2.651299,-0.1065014,0.0028924346
1.5878383,5.902426,0.4397682,6.451831,1.9513879,-2.5876918,-0.04946643,0.6868608
2.407859,7.6174536,0.46043468,6.397895,1.9600942,-2.5986402,1.8165047,0.39663833
2.2968736,4.7619505,0.46791768,6.3366795,1.967376,-2.6142042,2.5296855,0.60223556
1.0084355,8.687132,0.59784627,6.211149,1.9419997,-2.6314228,0.64667857,0.5979705
2.7585583,4.375469,0.58472323,6.2058,1.9282253,-2.566375,0.65357006,0.70554364
2.9709313,8.06352,0.57640815,6.1594167,1.9371033,-2.5559297,1.0073335,0.60521007
1.5937841,8.089134,0.4827646,6.1729927,1.9674637,-2.570592,0.43518257,0.5993979
1.5121431,8.950833,0.4980955,6.1850433,1.9681273,-2.5817747,0.9007288,0.8341502
1.5236961,8.186561,0.506264,6.255233,1.8999074,-2.5643198,2.1985085,0.94403815
1.4562919,8.634654,0.49554753,6.3974676,1.860796,-2.577379,1.4548156,0.12766463
1.5229646,8.292147,0.4843682,6.4132514,1.8855774,-2.5658374,1.6154714,0.66265607
2.6806197,2.6258194,0.46017826,6.2475667,1.9348729,-2.490497,1.2647433,0.43218625
0.9374988,9.275143,0.5027816,6.3515253,1.8732955,-2.5199053,1.5130584,0.38611424
1.0210309,2.1100116,0.5325897,6.3530493,1.8436723,-2.5082302,2.4121692,0.37908685
1.5384669,7.974194,0.49661517,6.2989254,1.8820696,-2.493607,0.97800255,0.22381294
2.2712958,6.1191816,0.50000525,6.2589726,1.8208194,-2.4673944,2.836168,0.906288
2.2254844,4.746102,0.5452273,6.1776404,1.7998831,-2.446527,2.9210193,0.20274144
1.3258845,4.4255114,0.48166108,6.320977,1.8469701,-2.4391494,1.9416468,0.08516872
2.0333204,3.4006047,0.5191047,6.2617397,1.8201916,-2.453953,1.082964,0.8762641
2.76286,2.689408,0.8463867,6.5175505,0.5256598,-1.1382344,1.1431234,-0.35520446
2.4860613,3.2004793,0.76007605,6.733393,0.49564552,-1.1447958,1.2863324,-0.35547376
2.6762393,3.4776847,0.61616135,6.7594676,0.5469465,-1.1675295,0.73199296,0.5160961
2.0849848,7.3829265,0.6552981,6.719425,0.5445969,-1.1549046,0.90437496,-0.0056086183
2.8707457,4.470854,0.73144996,6.660373,0.5531001,-1.1992245,1.6859152,0.024663448
2.9355295,6.3153763,0.7118784,6.6526766,0.54367614,-1.2113132,0.25808096,-0.08720642
1.7947786,5.5271587,0.6949537,6.654987,0.60105085,-1.2154043,-0.19758505,-0.38866416
2.5441642,6.8323226,0.68649673,6.667802,0.6399257,-1.2466235,0.0889231,0.2539358
2.3238661,8.593113,0.5475764,6.8089128,0.6981065,-1.3398567,0.7289845,-0.11129713
2.4598622,9.236502,0.48657465,6.846527,0.71489,-1.3516517,-0.5215102,-0.35469794
2.5085797,4.4744487,0.46497273,6.7194266,0.7127149,-1.3396683,-0.020953774,-0.33595017
2.5505974,8.777443,0.5088546,6.747837,0.71816134,-1.3487767,0.2355758,-0.40659082
2.5018003,2.8269672,0.53040373,6.5441036,0.7421081,-1.3479319,0.28146994,-0.2641907
2.9012012,5.377402,0.657853,6.5814753,0.76216817,-1.3818645,1.6348083,0.9873394
1.6928465,7.944782,0.68219495,6.634961,0.7736378,-1.3823457,1.5751228,0.9946517
2.5099785,9.460108,0.7002934,6.5541563,0.7133813,-1.3416985,0.33802187,-0.48560753
2.399028,2.271118,0.70859313,6.5545664,0.7549889,-1.3896594,-0.29912227,-0.4955442
2.4252043,2.1014953,0.70753527,6.509001,0.7551079,-1.4254342,0.103737,0.07359666
2.6262941,2.1983883,0.6850436,6.4220386,0.7736275,-1.4265659,2.1199117,0.26059437
2.8526413,3.443031,0.609066,6.4883804,0.8030851,-1.4271028,2.7084162,0.79390264
2.4998565,4.7503853,0.6549158,6.4640784,0.8257382,-1.4406645,0.7250097,0.49947244
2.0102925,3.1421108,0.74965537,6.454271,0.7954743,-1.4410255,0.22959697,-0.23407546
1.4597344,2.9427576,0.7120695,6.4923515,0.8124895,-1.4397528,0.8047646,0.06899047
2.8356338,6.4315543,0.71845126,6.614339,0.7290921,-1.4495654,0.77830064,-0.116701126
1.5857329,6.4077578,0.7485969,6.564142,0.79710436,-1.4581602,0.52632904,0.2944913
1.9210737,9.444424,0.7262907,6.568727,0.79549456,-1.4761336,2.7687259,0.7174971
2.6445177,9.953375,0.5945357,6.635938,0.8172126,-1.472011,1.8910344,0.7597668
1.4704316,8.906036,0.60420036,6.5431204,0.8021858,-1.3461759,1.3996563,0.64391315
1.4623046,8.452964,0.651644,6.6661797,0.796556,-1.4243162,1.9409518,0.36875975
2.1190817,2.736022,0.6258161,6.6401615,0.7942047,-1.4671128,0.99366033,0.5327773
1.8455827,3.1694565,0.6390953,6.6456385,0.83554435,-1.4566486,0.23684394,0.096764565
1.328103,3.929366,0.68572736,6.587186,0.82885456,-1.4008731,-0.80133206,-0.36033332
2.2937546,6.361347,0.6277447,6.621074,0.81427264,-1.378399,-0.47897965,-0.48981002
1.2727624,3.0551682,0.617087,6.7348914,0.86689997,-1.4546702,-0.273466,0.56401324
1.5108403,4.12807,0.620955,6.662593,0.9105525,-1.5204024,0.13884175,-0.27168998
1.9010931,3.7607317,0.49443984,6.6736403,0.91668296,-1.5110922,-0.30649662,-0.33676058
2.1825862,3.62271,0.46758628,6.6673183,0.9225998,-1.515635,0.11982441,-0.29852563
2.1319633,3.3160126,0.52114916,6.669129,0.8688841,-1.5173372,0.67182875,-0.098068535
2.1310167,4.71442,0.404598,6.758703,0.86949134,-1.47389,-0.3413195,-0.20330948
1.9169352,3.9311442,0.3851745,6.792712,0.8824153,-1.4798157,-0.24733347,0.29488254
1.9236617,2.8419323,0.39191163,6.844365,0.8317158,-1.4393635,0.5146704,0.3597821
2.1241407,2.417012,0.37071323,6.7949476,0.85727596,-1.4673339,-0.5937829,0.2917329
2.3071759,2.3423398,0.3811561,6.7962985,0.8490255,-1.5409029,2.40411,0.20891988
2.319099,2.7720513,0.42921948,6.6157446,0.8527732,-1.4709384,0.63118756,0.10575336
2.83515,2.7051466,0.49128556,6.6541567,0.9037442,-1.5648848,0.031614184,0.6997404
1.98685,2.6133573,0.51224875,6.6380177,0.9039271,-1.5604064,0.642604,0.27691805
2.3404098,3.9678228,0.5301564,6.7005033,0.9112904,-1.5967953,1.8615632,0.040510178
2.2700815,5.263005,0.515241,6.686163,0.90595365,-1.583172,2.1529133,-0.04800898
1.7095035,5.361385,0.555671,6.677291,0.9026034,-1.5004932,1.6505249,0.94633675
1.346755,8.626516,0.5976443,6.7536697,0.9278133,-1.5518036,2.7607646,0.93785584
1.245472,5.1862125,0.45138788,6.862133,0.9997022,-1.612983,1.2732606,0.9326768
2.3697152,7.231179,0.40356135,6.809269,0.9637463,-1.5967624,1.3254545,0.9387796
2.1291084,9.085398,0.44395232,6.8091726,0.9446478,-1.6064287,2.3759878,-0.043797493
2.274235,3.0238404,0.33848333,6.9731035,0.9477105,-1.6159343,0.38891554,0.448403
2.823485,4.9135747,0.22101772,6.9670334,0.9980278,-1.642915,0.35678363,0.31723672
1.9260389,3.5622826,0.28283453,6.907372,1.0470486,-1.650226,-0.0025716424,0.502764
1.7451761,3.091671,0.214342,6.9790354,1.04069,-1.6672037,1.8522577,0.0616861
2.4426935,2.4241173,0.21805966,6.8566685,1.0031579,-1.6496034,1.6351917,0.077708304
2.6703703,9.00318,0.30583,6.9016695,0.9870119,-1.6545118,2.8172495,0.4172505
2.1896667,2.1396978,0.34267092,6.85485,0.9917574,-1.6245737,0.026928067,-0.256996
1.6508994,4.111743,0.15942538,7.0294933,0.9775646,-1.5822978,-0.22599852,-0.48033226
2.6496346,2.67172,0.17045426,7.0325475,0.99153924,-1.5908115,0.07620621,-0.44376835
2.841848,3.0819907,0.18074822,6.918734,0.9983883,-1.5904125,0.09361768,0.4539963
2.955386,4.824637,0.097714186,7.00257,1.0105369,-1.5996825,0.200508,0.67549217
1.6520963,9.551947,0.12506807,7.0439954,0.9813616,-1.5775443,0.6527004,0.36729783
1.8818525,9.005922,0.1189971,7.0693865,0.9720416,-1.6272595,1.7179406,0.5809649
2.8144145,9.330938,0.08491659,7.0534816,1.0686855,-1.6839138,0.44873548,0.33914506
1.2438264,2.0255508,0.15147412,7.007672,1.0688875,-1.7066548,-0.53752327,-0.21857285
2.5664146,2.0748096,0.15468192,7.0132217,1.0826228,-1.6880397,2.44526,-0.45410657
2.2994397,6.978165,0.20331216,6.994845,1.0783279,-1.6897261,-0.7192044,-0.32487175
2.655265,5.7342806,0.20092046,6.928172,1.0721936,-1.6804254,2.6056304,0.4811812
2.344678,4.156348,0.16515338,7.0144796,1.0350962,-1.6681485,1.177861,0.47093445
2.7812595,8.290167,0.16577435,7.070498,1.0121751,-1.646889,2.0349467,0.8530059
2.9255114,7.6945343,0.111636996,7.1034827,0.9910166,-1.6396561,1.2895489,0.6876652
2.9198434,5.9859557,0.09548581,7.0698805,1.0252066,-1.6546435,0.8062837,0.52928853
2.7769363,3.0246806,0.14505172,7.059608,1.0094316,-1.6363502,-0.31053942,0.40136582
2.6579716,3.8200898,0.032085776,7.1150923,1.0441518,-1.6723082,2.0733314,0.75312555
2.5039384,3.761455,0.110559344,7.0896516,1.0301514,-1.6972907,1.9917326,0.51922536
2.2707567,3.9632921,0.14390802,7.102519,1.0161407,-1.6953334,1.7462387,0.588439
1.5175062,7.449832,0.09567618,7.126199,1.0433612,-1.6907659,2.6273344,0.7102058
2.4180536,3.28531,-0.010501981,7.1726007,1.1084795,-1.6867536,-0.25126815,0.45296025
2.4316099,3.2580814,0.022823572,7.2067575,1.0989172,-1.7421591,0.26188707,0.081852734
1.529644,2.0991957,0.070160985,7.1198916,1.08357,-1.733024,0.49730372,0.46758777
1.3976135,5.0396056,0.05044496,7.1558743,1.1637092,-1.723365,2.5832973,0.5371424
0.93956226,7.6442122,0.13190675,7.244054,1.1877818,-1.7809206,0.9913236,0.6312823
0.68259794,3.1978683,0.23721206,7.438725,1.2047949,-1.882059,2.41762,0.749969
0.6016174,3.2047486,0.16080344,7.4183273,1.2240915,-1.857406,2.5008829,0.9907608
0.86260366,8.495605,0.24335456,7.3498745,1.1735973,-1.8365749,1.9242752,-0.031419694
0.88299966,8.698465,0.19658554,7.3176975,1.1583614,-1.7571682,-0.1238237,0.47635174
0.90910685,5.1735897,0.14057124,7.316058,1.1660852,-1.7661458,0.10078359,0.5528649
0.92566764,4.156908,0.13599622,7.349291,1.1968307,-1.8286396,1.8349237,0.4226688
1.1166766,8.919348,0.20475435,7.308913,1.1854999,-1.8421892,2.0413854,0.4795277
1.5162343,3.8858538,0.19538617,7.1632633,1.1889877,-1.8703587,0.027259111,0.68810153
0.6165899,2.931582,0.17227781,7.2541404,1.2187822,-1.8470862,1.1470895,-0.16621971
0.728533,2.7616308,0.19204473,7.340921,1.2459645,-1.8384024,-0.18327159,0.83519435
0.6942333,2.8505752,0.16374123,7.2795525,1.179853,-1.7936301,0.24078786,-0.43181708
0.6919198,2.8165076,0.19185853,7.3542304,1.1419401,-1.8120968,0.10719204,0.024296522
0.68051803,3.952363,0.2412802,7.315562,1.1496267,-1.7945428,-0.21900666,-0.31811506
0.7107159,3.2413378,0.20960057,7.361184,1.1735442,-1.7637534,-0.69184935,0.8357687
0.698616,2.6608155,0.22798645,7.3860173,1.1814532,-1.8110282,-0.25022686,0.22730434
0.6752714,2.2873168,0.19645369,7.2062445,1.164154,-1.781493,-0.65684634,-0.21046728
0.81725043,4.6373777,0.20508099,7.4052234,1.1657817,-1.7754265,-0.32014954,0.8061875
0.7598667,5.261118,0.19859219,7.5036397,1.1556654,-1.7719479,-0.41066372,0.91693294
0.7913402,6.6222835,0.1896584,7.5377297,1.1419098,-1.776546,-0.24970686,-0.49991128
1.0042934,4.5802155,0.07709098,7.4313326,1.0742226,-1.6644771,0.083522916,0.16020072
1.2290244,7.630731,0.03335178,7.4155407,1.0369761,-1.7182742,0.09677231,-0.41032392
1.583758,6.998486,0.012055159,7.4084463,1.0607634,-1.7289323,-0.3438998,-0.3389383
1.4601431,5.6643157,-0.12051582,7.5013556,1.0921714,-1.666524,-0.3174885,-0.07050556
1.3819294,4.7730865,-0.11279833,7.436308,1.1053452,-1.6564578,-0.36161453,0.7301841
1.4552133,2.8403351,-0.12909013,7.48221,1.0856168,-1.6757977,0.445655,-0.24698025
1.1920384,2.8269343,-0.121200204,7.4737706,1.0834744,-1.7015522,-0.93893635,0.19443238
1.8407338,3.8150187,-0.044533968,7.3834095,1.0922537,-1.7058954,-0.03322792,-0.21011299
2.086176,4.4336386,-0.10162109,7.4010572,1.0879729,-1.7384037,0.65662706,-0.3707307
1.4779081,2.9560585,-0.045939088,7.2677536,1.1371896,-1.7221578,-0.6297748,-0.20837808
2.2313595,2.9501853,0.08657169,7.21871,1.0847402,-1.7139428,0.23761356,-0.13213465
2.742729,8.310894,0.037330747,7.2199078,1.0902686,-1.7360811,0.33609223,-0.002642721
2.8485737,6.339565,0.046916246,7.2140703,1.0707448,-1.6984799,0.39840722,0.42972124
2.9138901,2.6740518,-0.027848005,7.1611333,1.0980701,-1.7058342,0.9565736,0.3170973
2.3492486,3.3321452,0.05098653,7.1320825,1.1040115,-1.7228477,1.87989,0.8907614
1.9953609,6.985988,0.059946656,7.167088,1.0879211,-1.6783984,1.6867042,0.7884203
2.0336926,9.2642975,0.06791592,7.1101375,1.0783176,-1.7010401,2.7082868,0.9026785
2.3784814,4.558893,0.058885574,7.2970104,1.0930157,-1.7221025,0.9735075,0.84741247
2.0543945,4.542839,-0.00868094,7.2989054,1.0974708,-1.704148,0.335752,0.8679743
2.5964458,2.8135853,-0.02334094,7.3084903,1.090555,-1.7745721,0.10307503,-0.095608085
2.7761097,4.339594,-0.084864736,7.332731,1.1104636,-1.7302151,-0.42455572,-0.07155055
2.9890728,8.040314,-0.1199016,7.307167,1.1177621,-1.705383,-0.7015561,-0.12978101
2.98163,7.327999,-0.0070980787,7.348242,1.0939972,-1.6886282,1.0172019,-0.3700871
2.9855766,5.8245354,-0.13019514,7.3772583,1.0885983,-1.737802,-0.13248664,0.41230977
2.6594193,5.9765425,-0.15715623,7.482791,1.0805144,-1.7259879,-0.46755666,0.07357466
1.8503232,4.4177113,-0.124016106,7.664475,1.1063356,-1.7918067,0.5135877,0.013372779
1.5045878,5.753251,-0.18474042,7.654098,1.1038852,-1.7518243,-0.32941973,-0.21114358
1.5673238,7.106845,-0.22650582,7.760954,1.122545,-1.7581213,-0.48596853,0.11143738
1.7516408,5.293448,-0.22892654,7.4079328,1.0596447,-1.6914173,0.40149677,0.11250758
1.9633573,2.0439315,-0.26411068,7.418006,1.1470575,-1.7539704,1.6165757,0.76807415
2.0668554,9.5474615,-0.20885575,7.497515,1.1379013,-1.7918205,2.464091,0.66671526
1.4188488,7.5885186,-0.031432748,7.253003,1.1450973,-1.7333734,1.577678,0.5066829
2.2798963,7.2560983,0.03269124,7.3289046,1.1190188,-1.7785895,1.3123646,0.8603277
2.111315,4.6958294,0.015790343,7.1821084,1.1494567,-1.8032396,2.4639194,0.6703749
1.4216552,8.970293,-0.0041195154,7.2590146,1.1809928,-1.7825714,2.6231084,0.80088747
2.136949,6.224678,-0.020623922,7.340932,1.1659446,-1.8243756,1.3723967,0.9175929
2.2050433,3.5797644,0.00733757,7.2832074,1.1760395,-1.8121029,2.1371725,0.026697755
1.1902056,9.836428,0.097459316,7.2427645,1.1854606,-1.8168384,2.3983824,0.7529154
1.0804666,7.3064694,0.09640849,7.274458,1.1963956,-1.8068659,2.9771025,0.659021
1.1498854,5.7604103,0.031036377,7.240403,1.2232196,-1.8356812,2.1043403,0.4126047
2.8368459,4.703459,0.05525577,7.196066,1.1753855,-1.7864293,1.2331631,0.92077434
2.5784698,4.4904766,0.021473289,7.234836,1.1697729,-1.7875103,1.3107834,0.9167012
2.791091,4.7196712,-0.02052468,7.153764,1.1822655,-1.7721729,1.354701,0.12366688
2.0399806,4.9250364,0.07373142,7.1587224,1.191289,-1.7596154,-0.81966895,0.8146008
2.0818017,3.5190806,0.074053526,7.200732,1.171546,-1.750267,0.49265766,0.62029314
1.9001637,8.395884,0.07091725,7.2923512,1.2035382,-1.8587589,2.374777,0.43537283
2.7985702,2.2121637,0.100815535,7.0729804,1.1940334,-1.8632596,1.5579102,0.70060074
2.820354,5.5594244,0.21221638,7.1377435,1.1494145,-1.842731,2.182471,0.8291271
2.5253773,6.2839303,0.19806707,7.098496,1.1422548,-1.8300924,2.131366,0.73967266
1.4179121,9.0444975,0.19771254,7.12967,1.1395438,-1.7730775,2.2180653,0.3702768
1.3756045,8.8150835,0.21084619,7.010616,1.1784999,-1.7916212,0.95545304,0.69761
1.4416268,4.109085,0.21271443,6.9461937,1.2014074,-1.7564454,0.5713923,0.60461676
1.4814153,3.8448474,0.23776531,6.9263563,1.2026172,-1.7800502,1.1624637,0.307961
2.3207507,4.4498615,0.2513094,6.985159,1.15346,-1.8152534,2.6814823,0.09219158
2.718191,6.388469,0.30106103,6.8902683,1.1142113,-1.8098841,1.7473409,0.20247984
2.8745148,6.1486344,0.30454707,6.7219005,1.130157,-1.7743087,1.4530492,0.57941175
2.7499092,7.8964024,0.34134865,6.7424893,1.2163982,-1.8749082,0.46148777,0.32634127
2.7398343,8.631054,0.3509351,6.7760897,1.2135372,-1.8372608,2.944401,0.8924401
1.1253629,2.9180648,0.48974657,6.638364,1.2311742,-1.8333148,2.9589741,0.7992953
1.6678262,5.178316,0.43748713,6.5928164,1.2518468,-1.8459604,-0.64960426,0.2850269
1.3376068,4.284564,0.474321,6.632105,1.1776869,-1.8440044,0.37907505,-0.018438458
2.7726073,2.5270467,0.4027393,6.6137295,1.2133627,-1.8057035,-0.21370625,-0.39292198
1.2066791,7.8458986,0.32675076,6.794367,1.2760267,-1.8717686,-0.7508135,0.38599384
2.644109,7.846784,0.29877603,6.6461687,1.2648635,-1.85726,0.32289898,0.24834251
2.7742136,2.227164,0.33496213,6.6287737,1.2840629,-1.870545,-0.37619656,-0.18321925
2.1165738,8.589821,0.29820788,6.6746106,1.308496,-1.8704963,-0.88767755,-0.39641833
1.343641,8.527723,0.28677368,6.685622,1.3107827,-1.8291438,-0.84417766,-0.483486
1.5516685,2.4708912,0.28358567,6.7743835,1.3407385,-1.8589208,-0.919251,0.8741518
1.5364966,2.9501395,0.25830805,6.731066,1.3600576,-1.8022879,-0.9151186,0.93675435
1.7763531,3.6018212,0.3865775,6.773904,1.2172828,-1.8559666,-0.8315139,0.71863985
1.5042975,6.357099,0.25660694,6.6956577,1.3630178,-1.8654149,-0.6559921,0.7907382
1.1398458,3.0847716,0.30324996,6.61249,1.3662941,-1.836026,-0.91581994,-0.102324724
2.3761153,8.648285,0.26799047,6.577415,1.3045402,-1.7811526,-0.7548883,-0.0691331
2.5553384,6.7836137,0.3010621,6.621764,1.3398342,-1.8309516,-0.8305256,0.67690647
1.654575,3.3096519,0.33666372,6.6103544,1.3591261,-1.8773342,-0.11814439,0.8353908
2.5873818,6.4633255,0.3217206,6.685996,1.2754383,-1.785414,-0.6679625,0.72941804
2.317933,5.7897778,0.37700975,6.704988,1.2142811,-1.7838043,2.495712,0.731096
2.2942781,5.467352,0.38328767,6.708239,1.1839509,-1.7689672,-0.8142709,-0.35324234
1.7023195,4.4089007,0.36806083,6.785843,1.1354797,-1.759526,-0.36429083,0.15038049
1.8702918,5.9769163,0.33172202,6.841919,1.1401443,-1.7799807,-0.020414174,0.17908376
2.8068025,6.0990124,0.33908486,6.834647,1.1513624,-1.7617875,0.25085986,-0.4031485
2.275782,5.395211,0.26854658,6.8647957,1.1600378,-1.7601599,-0.54201674,0.17362088
2.9177675,5.8717194,0.2732346,6.929626,1.1092532,-1.7295845,0.36607814,0.44859695
1.3927925,6.8236666,0.252442,6.8034816,1.1442342,-1.6785965,-0.7481687,0.44212413
1.4922395,3.6533978,0.25812674,6.8540583,1.1518614,-1.679716,-0.6154531,0.30240488
1.4654853,6.4965224,0.2620089,6.861272,1.1541984,-1.7153827,-0.97689724,0.51017034
2.697456,4.5615287,0.25715733,6.8057323,1.1093678,-1.7248294,0.16498959,0.22594935
2.193914,7.487079,0.2846434,6.709812,1.1536493,-1.7439663,1.5017524,0.8617729
2.310144,3.4346857,0.27030504,6.707385,1.1649308,-1.7585466,2.8785946,0.8059367
1.8995931,8.3582115,0.37338352,6.666277,1.1514795,-1.7607057,2.8665287,0.7125993
2.3380802,8.884634,0.3966787,6.6004047,1.1762626,-1.7480283,2.514476,0.5593301
2.7884817,8.04149,0.42153704,6.5249906,1.1890786,-1.775553,2.8921337,0.8484391
2.3507667,3.878353,0.5607166,6.546818,1.1752479,-1.7643768,-0.23834717,0.84950733
2.170959,3.9226985,0.5615113,6.409434,1.1987705,-1.7626138,1.8918478,0.91958165
2.4582233,7.8247986,0.57138,6.3460355,1.2014349,-1.8460069,2.1997485,0.9809592
2.248038,7.2587943,0.61981034,6.431319,1.206521,-1.8970811,2.2411797,-0.0068454742
1.420059,2.3019798,0.25622618,7.4983773,0.062431812,-0.7408581,0.5956094,-0.3975058
1.1597247,2.8681855,0.17904258,7.5350747,0.11564803,-0.73559904,0.77860665,0.5530319
1.3483796,3.0989122,0.12308049,7.5243278,0.10412049,-0.7627499,0.54236686,-0.35698318
1.5539937,3.499019,-0.09498888,7.495427,0.14504313,-0.7790525,-0.1682989,-0.41808805
2.763467,3.1270206,-0.48140484,7.4911494,0.14162397,-0.71457314,-0.69920754,0.48851418
2.3907042,2.7664146,-0.4049071,7.5917225,0.11121535,-0.7293565,-0.75702614,-0.17536962
2.876801,2.4554043,-0.5513662,7.582824,0.056495905,-0.71055436,0.2509297,-0.120090604
1.8874671,2.5821114,-0.23986429,7.534779,0.072077274,-0.69590545,0.068537235,-0.32434106
2.0442464,2.1787107,-0.3112954,7.53352,0.06961942,-0.70759964,0.21157789,0.23854119
1.848356,2.1041884,-0.1909374,7.5437956,0.08019352,-0.6866579,-0.58293545,0.37035573
1.792489,2.6452966,-0.17768121,7.496794,0.094863415,-0.6817205,-0.8622761,0.0775547
1.5017129,2.165648,-0.26027602,7.5430493,0.07250762,-0.6584153,-0.43058312,-0.43767336
1.2833341,2.3673115,-0.29627013,7.779952,0.08010769,-0.647933,-0.60989714,-0.46378735
1.1668389,2.5372665,-0.46439117,7.810516,0.08334041,-0.66811514,-0.9771567,-0.4186205
1.3126408,2.7698038,-0.58604896,7.8155136,0.12174654,-0.703001,0.45922005,-0.37893513
1.1919484,3.2557857,-0.6022439,8.084407,0.055184126,-0.69875574,-0.0973748,0.67824864
1.1859419,3.6370616,-0.43025064,8.10515,0.03157544,-0.6806092,0.4570719,-0.12536353
1.0887748,4.0188913,-0.47670996,8.112848,0.013272762,-0.66070557,2.0552635,0.15396363
0.87540257,2.4746583,-0.46846133,8.121775,0.0011355877,-0.67608166,2.1216097,0.24538922
0.8738608,3.025404,-0.663408,8.394697,0.027963638,-0.72088814,-0.022783756,0.06394106
0.95114666,2.7789292,-0.7626009,8.295243,0.04006934,-0.61404586,-0.84407496,-0.02031669
1.0064381,3.162724,-0.8546244,8.295189,0.0838871,-0.62169456,-0.4955625,-0.067625165
1.01418,2.7463546,-0.6331465,8.2356205,0.08256388,-0.6840811,-0.509557,-0.040533304
0.99438083,2.5830178,-0.6611387,8.290871,0.05775571,-0.7118287,-0.277125,-0.39569175
1.1297286,2.6108108,-0.79414797,8.189514,0.07787824,-0.7448003,-0.013366818,-0.3918503
1.1964725,2.7277656,-0.8436103,8.132459,0.102662325,-0.7397218,0.014106393,-0.23655874
1.2169701,3.3756123,-0.7973787,8.178974,0.108882666,-0.7553792,-0.5404794,-0.46990207
1.241057,2.3353071,-0.7957615,8.162765,0.13474846,-0.7840638,-0.51207364,0.40224588
1.4903276,2.4527743,-0.7108538,7.9111667,0.16805029,-0.78481007,0.73587215,0.22199833
1.6608189,2.136364,-0.6126668,7.794359,0.1755228,-0.8565705,-0.13125813,-0.08716565
1.935007,2.2381992,-0.6691848,7.7358656,0.13471055,-0.7966907,-0.66420746,-0.0018641651
2.306952,2.3006551,-0.6733229,7.766648,0.1542213,-0.7984762,0.37672997,-0.44550565
2.4137602,4.433801,-0.73269206,7.8085647,0.16619349,-0.7674527,-0.439335,0.34314466
2.149711,2.35995,-0.75474995,7.7296457,0.17934465,-0.7801769,0.08292103,0.36001408
2.3935666,4.964836,-0.7340019,7.7763643,0.17063785,-0.79666376,1.1351869,0.56315994
2.3793423,4.5416765,-0.5745045,7.754595,0.16611576,-0.8482127,0.5751264,0.45147765
2.770888,5.337598,-0.7234827,7.7752795,0.18674445,-0.8840809,0.014891744,-0.028770208
2.1515174,7.840608,-0.25216007,7.817156,0.24841428,-0.9046297,-0.3136524,0.055060863
1.9755032,6.5069985,-0.2788096,7.6296678,0.28873086,-0.917758,-0.28412974,0.012164891
1.9816222,7.157135,-0.31347275,7.743802,0.30528688,-0.8763418,-0.57962453,0.5967971
1.6503732,6.439345,-0.4292239,7.9408016,0.32275152,-0.96022844,-0.12532693,0.05829382
1.377473,6.6982365,-0.46476132,8.034017,0.3524456,-0.95076203,-0.5316725,-0.4086471
1.4291815,5.2797794,-0.5496111,8.047767,0.36193728,-0.9624677,-0.761122,-0.2870358
1.3698488,7.488812,-0.5826441,8.148823,0.3580432,-0.9405589,-0.9304067,-0.043740243
1.3158069,7.3703337,-0.524779,8.187189,0.36380506,-0.9520092,-0.96192,-0.35999784
1.3205984,7.5688763,-0.60839754,8.205868,0.35905623,-0.92505336,-0.90119654,-0.14573154
1.2961127,7.202625,-0.6373427,8.2300415,0.33761525,-0.84968996,-0.83245146,0.47996885
1.2292902,7.2785892,-0.7803028,8.370098,0.33106208,-0.8670745,-0.83419335,0.47444415
1.2030672,7.231556,-0.603462,8.455192,0.323833,-0.93400097,-0.85222554,-0.37598592
1.3398701,8.499328,-0.73774827,8.465456,0.29953408,-0.91731143,-0.42031944,-0.48068756
1.3427535,7.760254,-0.8267165,8.444035,0.28029823,-0.91595984,0.0032131672,-0.35549945
1.2688823,8.099955,-0.7128097,8.419945,0.3056841,-0.9128177,0.8317002,0.27375275
1.2773849,7.7107115,-0.80172783,8.417799,0.25870824,-0.82641244,1.9244938,0.35739118
1.2735779,8.120277,-0.6308203,8.34096,0.25301886,-0.8400297,2.882593,0.9283229
1.2483962,6.7294636,-0.74884045,8.372814,0.29735732,-0.9134741,2.1821563,0.8714497
1.3686495,6.6340504,-0.8003544,8.310188,0.26224232,-0.9541316,2.466038,0.91639566
1.43273,5.9919004,-0.74593276,8.186306,0.32573676,-0.9281974,-0.51658726,0.36162543
1.5010263,7.4437838,-0.70293945,8.154158,0.30983472,-0.9238334,-0.34805942,-0.28050745
1.4562683,6.0025606,-0.52884316,7.9939423,0.30570912,-0.92409253,-0.5499746,-0.27561137
1.8277708,4.927188,-0.50424755,8.001852,0.29491353,-0.9310863,-0.44385362,-0.3382769
1.8817011,6.112381,-0.49124354,7.760623,0.3224163,-0.91579413,-0.33114457,0.5314996
1.6293945,4.7182455,-0.35626888,7.7691007,0.27486324,-0.9184115,1.0687292,0.6390102
1.4691149,4.6037474,-0.35820937,7.758576,0.29508352,-0.8997135,-0.6152916,0.026501775
1.4471278,4.2776747,-0.62811995,7.917746,0.30047655,-0.91544795,-0.576233,-0.15720525
1.4528873,3.6277804,-0.46577376,7.7525716,0.3751154,-0.9014838,-0.9756362,0.5926635
1.373179,3.8466802,-0.6027347,7.836488,0.39024186,-0.89259315,-0.3510813,0.89473677
1.1009171,3.9467866,-0.57632965,7.8544683,0.40169668,-0.9159894,-0.6534811,0.5053015
1.0495905,3.6155949,-0.5293746,7.7510552,0.415879,-0.9265127,-0.60921955,0.32235545
0.76662683,2.1963549,-0.11278188,7.7668986,0.35064316,-0.96797204,0.35867321,0.51104116
0.6907318,2.515146,-0.09257233,7.830984,0.34242702,-0.9392817,2.5545886,0.7687186
0.6482241,2.5189507,-0.037773788,7.951742,0.3395896,-0.96239614,-0.10346472,0.8000617
0.6490917,2.7921293,-0.10041553,7.9791512,0.31481743,-0.9155185,2.8213985,0.853953
0.7075703,2.3844814,-0.05390632,8.014318,0.3202765,-0.9620404,0.9925586,0.80925596
0.758788,2.7892835,-0.1300875,8.004785,0.29422188,-0.9599633,2.4224253,0.1238544
0.7699146,2.992192,-0.17632133,8.144363,0.29353356,-0.9586754,0.13428283,-0.46929315
0.78562224,3.307161,-0.16809213,8.14485,0.30604982,-0.990319,0.5544692,-0.14416605
0.7291825,2.9468617,-0.22624636,8.114483,0.33238935,-0.96806765,-0.16110235,-0.032597005
0.7002326,2.93929,-0.23380643,8.117126,0.318784,-0.95445776,-0.09487283,-0.28348428
0.65665954,2.9122865,-0.04738331,8.10017,0.35963225,-1.0375521,0.2176888,-0.11484605
0.6616078,3.451436,-0.099632025,8.18327,0.38434172,-1.0352714,1.3054979,-0.24820629
0.6405752,3.1125276,-0.0751245,8.143352,0.386163,-1.0191197,-0.6013715,0.10784376
0.61889327,3.0387878,0.03421831,8.057514,0.397254,-1.0251353,0.25615883,0.27398705
0.644603,3.6719494,-0.020421982,8.067278,0.3590994,-0.977834,2.897991,0.22214967
0.5884045,3.227644,0.100247025,8.117676,0.3351183,-0.97983265,0.7316599,0.2957744
0.5447672,2.1330006,0.21221936,7.941405,0.33240485,-0.9795728,0.590327,-0.23815626
0.53398657,2.0833035,0.16955316,7.8854604,0.30543852,-0.98516583,0.37715328,-0.16949403
0.61122775,2.3637311,0.09259105,7.7847433,0.3004532,-0.91594076,0.2541753,-0.22531861
0.6736126,2.064214,-0.0845027,7.883635,0.2639711,-0.9083059,-0.0036802292,-0.31211597
0.64917547,2.3340468,0.118813396,7.939761,0.28355026,-0.8919444,-0.7301444,-0.1705358
0.64237106,2.332333,0.12690449,7.7714033,0.33153987,-0.9289861,1.6531551,-0.09851003
0.6423724,2.3147426,0.1295389,7.776347,0.3080964,-0.9578881,1.549154,0.42848384
0.6705454,2.2246852,0.1273613,7.7379203,0.35028625,-0.97685385,2.5180535,0.2084086
0.82366353,3.0827413,0.12268317,7.670976,0.29863954,-0.9835329,1.1492276,0.008717537
0.75109076,2.7458034,0.015047073,7.9089518,0.32547975,-0.95183635,-0.58874255,-0.27747852
0.78842354,3.75074,-0.15167987,8.092395,0.31524134,-0.93001294,-0.0081189275,0.060718954
0.83542216,3.5346615,-0.25544512,8.125514,0.35602236,-0.9882164,-0.6903057,0.06946868
0.8067286,3.4968557,-0.32633275,8.037315,0.36957693,-0.9972558,1.1907609,0.31734896
0.90825987,3.5955768,-0.31544185,8.007497,0.42371058,-0.9961078,-0.11362547,0.48721546
0.9017904,3.7892227,-0.17827934,7.941645,0.37585282,-1.0044847,0.09975326,0.38288188
0.88848716,3.905817,-0.19290113,7.9953914,0.36944532,-1.0119935,-0.029131472,0.08609408
0.84336597,4.060423,-0.22128367,7.993097,0.384624,-1.0098655,-0.22102278,0.24661058
0.83063835,4.097836,-0.26328433,8.044334,0.40583324,-1.0204786,0.21731889,-0.41091162
0.8219413,3.9244819,-0.25033236,8.232901,0.36016846,-1.005202,0.38050532,-0.35633016
0.7180977,3.4075227,-0.25607055,8.227762,0.3495593,-1.0269413,0.3512646,-0.17614233
0.7344834,4.18518,-0.14200783,8.310864,0.31723619,-0.9659362,0.3910526,0.1868602
0.85969234,4.7610188,-0.18201727,8.300023,0.30658197,-0.9886098,2.227653,0.429806
0.81204545,4.5464654,-0.15795279,8.185414,0.32843304,-0.9861567,2.0399752,0.46569073
0.8172785,5.2485037,-0.16667879,8.226465,0.3263352,-0.9995911,2.3838377,0.06738514
0.7988273,4.212169,-0.113520145,8.16091,0.3196497,-0.98283505,1.0590446,0.43134397
0.71340513,4.3007817,0.013702869,8.203651,0.32134175,-0.98318434,1.0910907,0.3293494
0.70334744,4.0165067,0.012397885,8.142342,0.31969905,-0.96809244,2.460445,0.59079266
0.6606909,4.077644,0.051367283,8.120014,0.3627529,-0.9787111,-0.44922185,0.12961507
0.63467807,3.974135,0.1028502,8.103067,0.35778427,-0.97649384,-0.43229073,-0.26624334
0.61452806,4.08355,0.12731886,8.139456,0.36244416,-0.97637796,0.23508179,0.015385449
0.6305702,4.495417,0.17989492,8.052055,0.36442375,-0.9963622,1.7618904,0.1972475
0.69117415,5.127107,0.18086171,8.219456,0.37419677,-0.9491992,2.3916655,0.58222723
0.79583037,5.3838663,-0.10435051,8.189234,0.3011458,-0.90133667,0.2071842,0.25966978
0.8306192,5.124893,-0.086316824,8.257712,0.2392416,-0.8974235,2.5267239,0.16346788
0.834556,5.057397,-0.096874475,8.2323675,0.24831939,-0.8277321,-0.1289159,-0.46511328
0.8340894,4.506792,-0.009987712,7.9790807,0.22722697,-0.82484174,-0.62628794,-0.37727582
0.85874534,4.6092734,0.046740413,8.05113,0.22008348,-0.8629315,-0.5592325,-0.4026512
0.9431799,4.2731724,-0.019575238,8.025524,0.2564106,-0.8475585,-0.72255254,-0.41373575
0.7727448,4.1003556,-0.0025205612,8.056508,0.2639265,-0.851861,-0.43965614,-0.4141118
0.7165021,4.0102577,0.10338557,8.006852,0.28552008,-0.86342835,-0.964188,-0.45907402
0.8108233,3.7210693,-0.107672095,7.9804087,0.2814381,-0.86317825,-0.9652774,0.27226645
0.7292946,3.6694376,-0.12623948,8.03288,0.30616522,-0.85814095,-0.68874866,-0.37198943
0.83704257,3.5816646,-0.008709729,7.992822,0.30275035,-0.8867116,-0.80176973,-0.44990996
0.88631576,5.0839624,0.2036823,7.962041,0.29712105,-0.93299246,-0.20595789,-0.49938065
0.8585457,4.2321634,0.092012644,7.8456464,0.32156253,-0.9616189,-0.3418253,0.03981757
0.807969,3.993461,0.16879344,7.8592854,0.34114695,-0.96889925,-0.64920247,-0.0586569
0.765216,4.546462,0.121950984,7.9501977,0.39008713,-1.0008104,-0.62961555,-0.26821366
0.8250583,4.3123,0.06314421,7.969869,0.39190626,-1.0114217,-0.5258013,0.07096088
0.8656575,5.5514708,0.0160259,8.065897,0.4462247,-1.0191138,2.775746,0.38421077
0.82187307,6.4315753,-0.058714867,8.037397,0.46444368,-1.0140685,2.5486484,0.7319125
0.7973834,5.5533457,-0.18155342,8.188263,0.48397684,-1.0429562,2.5916893,0.7916753
0.8907454,6.8944526,-0.16747129,8.14438,0.505198,-1.0998487,2.4471693,0.7925271
0.86468375,7.225137,-0.11461735,8.265871,0.47764087,-1.1542566,2.5386577,0.8674123
0.89785326,7.262084,-0.018821836,8.212409,0.448622,-1.1256055,2.79711,0.5111135
0.91227305,7.67277,0.061621904,8.058324,0.4834969,-1.1155612,2.25354,0.78392816
0.8334689,6.952366,0.093052864,8.012756,0.50496864,-1.1039543,2.5963924,0.61630774
0.82367283,7.095706,0.15197265,8.025954,0.48986292,-1.1193316,2.2300735,0.5045018
0.8218648,6.8972034,0.20020807,7.9503493,0.49480343,-1.1622117,1.7261786,-0.3115005
0.83537185,6.075871,0.12749434,7.903526,0.4695394,-1.0766411,-0.23464769,-0.18361908
0.8282742,5.651966,0.15154505,7.8910823,0.4692936,-1.0809536,2.9386053,0.16773498
0.8815519,6.6559567,0.17019248,7.9610515,0.4120698,-1.0855229,1.3537016,-0.05744809
0.8835911,6.549031,0.3059708,7.879322,0.39063,-1.0834225,1.389704,-0.08516967
0.8146972,4.91515,0.34124804,7.710494,0.43363357,-1.0650029,-0.15882444,-0.4425634
0.81437504,4.564619,0.5696635,7.4951677,0.47428942,-1.1167771,-0.55338025,-0.26074216
0.8797492,5.094697,0.48844743,7.447571,0.56014395,-1.2117033,0.25764608,0.105024576
0.96826553,6.768984,0.46702373,7.551822,0.5403719,-1.197242,-0.31341004,-0.38688397
0.9019728,7.6777215,0.5038309,7.5268097,0.5462823,-1.1950388,2.8147254,0.91599894
0.90421635,7.8181224,0.5267137,7.5244694,0.5161514,-1.1741605,2.8802955,0.015232086
0.92724574,7.5568995,0.539181,7.382422,0.5570419,-1.170268,2.727254,0.004062116
0.9523718,5.5187407,0.44191623,7.2764845,0.57301617,-1.1927712,1.3433168,0.058606446
1.1185117,6.580389,0.4743743,7.294371,0.5620308,-1.2142932,1.3332014,-0.24323067
0.97457695,3.5073485,0.23624182,7.2733216,0.5461962,-1.1773071,2.1775708,0.7021332
1.1765262,3.113851,0.03223467,7.3678246,0.5844536,-1.2509003,2.6972373,0.75110865
1.3272138,3.4825258,0.024745345,7.3596015,0.61676,-1.2863635,2.8678298,0.2824371
1.2260427,4.275977,0.03389299,7.5492086,0.62447906,-1.2504346,2.9553187,0.8158009
0.8819586,4.9215665,0.0809809,7.6933203,0.6241822,-1.2448106,0.320055,0.46467197
0.82906383,5.213971,0.16696787,7.7471223,0.63025475,-1.2534782,1.7323668,0.88994837
0.8441066,5.2968903,0.16608167,7.762364,0.6572628,-1.2893779,2.5026505,0.90436363
0.9289988,5.842049,0.19691348,7.637064,0.63351107,-1.2460451,0.6507139,0.22007841
0.9349699,5.720893,0.194031,7.589583,0.6195662,-1.2615166,0.7584441,0.3650666
0.9373854,6.203335,0.19803858,7.6242933,0.61888194,-1.2512267,2.638565,0.69073534
0.9643167,6.532408,0.17751157,7.667985,0.62418175,-1.2340498,0.77634466,0.49364543
0.9888559,8.568117,0.14052069,7.7088346,0.62556195,-1.2521081,0.995805,0.1274401
0.9499821,7.4425225,0.13102913,7.692124,0.6284561,-1.2425985,2.5167081,0.7954842
1.0825543,8.842718,0.12424457,7.651781,0.61101604,-1.2328506,2.3995407,0.83221865
1.2257409,8.5445595,-0.1110785,7.724173,0.5700493,-1.1810944,1.1544302,0.7718394
1.3360562,5.881896,-0.11237562,7.6580596,0.62069774,-1.2174892,-0.9623466,-0.3277747
1.3948855,6.384148,-0.09760821,7.615425,0.6000743,-1.1410491,-0.9792831,-0.039105773
1.3098354,5.4768724,-0.13323116,7.6312046,0.5925765,-1.1760118,-0.96050245,0.34047878
1.0086787,5.0602083,-0.13821137,7.7292924,0.6283133,-1.1896656,0.55366015,0.54017663
1.2575645,7.5484924,-0.14169258,7.772465,0.5478108,-1.1912202,0.27315998,-0.17909393
1.1797926,5.3694677,-0.36548114,7.7834425,0.5758717,-1.2046146,-0.03625989,-0.09969354
1.7289321,5.427041,-0.4373802,7.7898083,0.62816286,-1.2733973,0.04498446,-0.10424316
2.0055552,4.230609,-0.42989016,7.7849426,0.6289284,-1.2522695,-0.4794786,-0.2990191
2.2076201,8.232683,-0.41197157,7.7959995,0.6302638,-1.2798722,-0.32561493,-0.25832024
1.988192,6.4890914,-0.25461328,7.5772257,0.6350033,-1.3283737,0.37850606,0.056468785
2.294236,3.8936722,-0.175367,7.5749645,0.6405771,-1.2981353,0.43865466,-0.097159445
1.8416587,6.1712537,-0.2323358,7.5410933,0.6503949,-1.271205,0.4095428,-0.2265056
1.6823459,6.940771,-0.33472252,7.6064453,0.64606404,-1.246646,1.5325687,0.66482556
1.5456312,3.048584,-0.17313755,7.608204,0.582252,-1.2456009,0.3502699,0.5261985
1.9908546,2.9628587,-0.19678247,7.5891886,0.6042173,-1.2034668,-0.58638465,0.4399317
2.8650262,3.534193,-0.15972984,7.310025,0.57993317,-1.2208643,2.6223793,0.60809314
2.899648,8.724613,-0.158014,7.308234,0.586622,-1.1626772,1.4215994,0.7153096
2.4866583,7.8961234,-0.06614298,7.4738083,0.56545067,-1.2383964,1.7647367,0.6312022
2.5036755,5.3742504,-0.37601745,7.6643395,0.5669689,-1.2262297,2.0118587,0.23879331
1.5435839,9.6723,-0.35191983,7.849986,0.5611439,-1.1162829,2.7972498,0.9877809
2.1466582,9.618852,-0.3496961,7.654868,0.5452924,-1.1786225,2.6932354,0.8747175
2.5860143,9.62996,-0.34730047,7.4781423,0.5457659,-1.1363962,2.7760901,0.80129635
2.079153,3.599644,-0.33490497,7.4903383,0.52075243,-1.1410527,1.8905008,0.559808
2.1313374,2.8962882,-0.40038323,7.542176,0.5232372,-1.1899114,2.3556075,0.70514417
2.1452677,2.8966951,-0.18463337,7.56189,0.50633097,-1.2143052,0.76443136,0.43441522
2.8348098,9.952028,-0.21367538,7.640922,0.5593841,-1.1873349,0.25387073,-0.1658124
2.6908305,7.4858046,-0.28295958,7.670161,0.4679098,-1.1558104,0.5745095,-0.008090913
2.594546,3.274685,-0.41370243,7.6082053,0.4804945,-1.1232923,-0.16029412,0.05171132
2.2273867,3.9404988,-0.44795698,7.611014,0.4943869,-1.170573,1.303582,0.25375366
2.5306106,5.580856,-0.31721824,7.495511,0.47865224,-1.0994893,1.269237,0.34179753
2.7104023,6.0040946,0.77681506,6.197126,1.1436706,-1.8156064,-0.6325886,-0.0054073334
1.9705145,5.162546,0.7435671,6.1440578,1.1670105,-1.8208891,2.738533,0.56592643
2.413483,2.4836154,0.68534875,6.1416273,1.1583514,-1.8018837,2.909563,0.56077075
1.9296318,2.470792,0.7989223,6.18741,1.1545525,-1.8372606,2.6616573,0.9934844
2.7165315,2.0099733,0.7753731,6.1147413,1.2202871,-1.8380942,0.48489666,0.026033163
1.9683101,6.5557575,0.77626705,6.1017585,1.210377,-1.8738164,1.7750771,0.6939899
1.4276092,6.361972,0.8525957,5.9767017,1.217905,-1.8533484,1.251291,0.68334544
0.9029488,6.076151,0.84844613,5.9863353,1.3124747,-1.8966466,2.0443413,0.07890445
0.97206086,3.6633651,0.86870325,5.9885345,1.3116999,-1.9291523,1.6348937,0.70714843
1.2231581,4.6662936,0.8226594,6.075966,1.285419,-1.9437226,2.0768535,0.58054006
2.2739224,4.56577,0.95248485,5.7860055,1.2670658,-1.9124689,1.9861555,0.4991756
2.692015,2.8049512,0.9448726,5.741482,1.2682817,-1.8995302,0.5299523,0.205163
1.3908157,2.8097484,0.9675237,5.798835,1.2512221,-1.8780049,-0.5042249,-0.43146038
2.2990866,2.1462092,0.99137175,5.7510633,1.2420661,-1.8869939,0.44676948,-0.4699503
2.0159993,2.34348,0.95286274,5.7706823,1.2792304,-1.9542987,1.9814022,0.092947364
0.99045813,2.451856,1.0123034,5.8041434,1.3182797,-1.9992394,-0.3136136,-0.13989729
1.7414532,6.2665963,0.96944845,5.6436663,1.3174438,-1.9602419,2.274095,0.06766081
2.6737132,6.161142,0.9516325,5.6016912,1.3542702,-2.00019,1.6664388,0.63685346
2.8669019,2.897152,0.93679476,5.6714554,1.361408,-2.0153809,1.7972224,-0.32917982
2.5456655,3.0102174,0.9348943,5.694312,1.3165278,-1.9649584,1.9563489,0.16436106
2.4231708,5.3415704,0.85993063,5.8324842,1.3564959,-1.9555423,1.9627843,0.74628377
2.1349401,4.758772,0.8821876,5.8532786,1.3260007,-1.9408281,1.9485502,0.7662548
2.2978802,3.5583248,0.8841543,5.8185873,1.3151712,-1.9415329,2.0434103,0.28930366
1.2734447,3.3769438,0.9150591,5.79072,1.2860429,-1.8708583,2.018775,0.73443437
1.5333517,3.5564232,0.9236374,5.807014,1.2828655,-1.8723019,1.3212521,0.3297032
1.9760861,3.2101064,0.9362098,5.8270617,1.2666295,-1.8946843,1.318649,0.41249955
1.7346519,6.448071,0.8865881,5.929389,1.2983701,-1.9366478,2.661707,0.57227325
2.0641446,4.4809475,0.8784127,5.862986,1.2993405,-1.912618,2.6145344,0.6681081
1.6329515,5.4523315,0.8340657,5.931974,1.3315113,-1.9363683,2.308762,-0.025801271
1.3469623,3.043347,0.83192945,6.0224667,1.2635987,-1.9391172,1.5958936,0.5672407
1.4534705,3.0515075,0.85328364,5.9570312,1.3252997,-2.009509,0.18794465,0.0081118345
1.1100411,7.917165,0.86501825,5.9265137,1.3412542,-2.048275,2.0748127,0.08578569
2.1703558,2.661725,0.8952861,5.9159403,1.3379116,-2.0481102,2.182707,0.2371223
1.5265517,3.8547268,0.8749839,5.9852076,1.3967824,-2.0387597,1.7055528,0.81450295
1.2653642,3.4865832,0.92962575,5.7958026,1.3688779,-2.0117426,2.502384,0.7765323
1.3488615,6.469521,0.9357474,5.786935,1.363131,-2.0064144,2.3888915,0.6885359
0.91939676,7.5579505,0.9373536,5.7869587,1.4066021,-2.0353546,2.7043478,0.74967957
0.9488771,3.7999582,0.9281051,5.7888794,1.4165089,-2.057619,2.3009462,0.14778984
2.3501267,4.5991554,0.8110781,5.8702545,1.4476812,-2.062592,2.205107,0.38069093
1.9106729,6.4310145,0.8275753,5.8807535,1.4861574,-2.1135206,2.022659,0.64408064
1.1494427,2.552372,0.8548584,5.8577003,1.4899697,-2.1311936,2.017576,0.8897606
1.1686302,4.2211742,0.94907,5.817252,1.4744854,-2.139788,0.543219,-0.3895733
1.9783666,5.4797673,0.8993585,5.8192544,1.4195285,-2.0947828,0.12180567,-0.3085116
2.9503994,3.4248626,0.85963666,5.8179817,1.4214847,-2.0682466,0.37765098,0.2034908
2.8255155,5.257751,0.7914088,5.998203,1.37164,-2.0657005,0.23606455,-0.0022550821
0.8480637,4.3732977,0.79544425,6.062207,1.398165,-2.0494711,0.5253316,0.15989542
1.0585637,3.984952,0.7834053,6.15326,1.3844397,-2.0159485,1.9302356,0.59069324
1.2200317,2.9409485,0.82197213,6.06457,1.3291836,-1.9647176,2.3130167,0.8465029
1.0260202,2.0367866,0.8763336,6.088502,1.3563585,-2.0240734,2.3756685,0.8981931
2.3474088,2.2046182,0.8692719,5.83718,1.3102582,-1.972471,2.4284153,0.822667
2.389705,4.824547,0.9488934,5.6246004,1.3134654,-1.968621,0.22633922,0.40152705
1.5252609,2.8499165,0.98789144,5.5771904,1.3728302,-1.9705179,-0.94477034,0.00039833784
1.7976295,2.8794034,0.9408035,5.6011057,1.374763,-1.9711645,1.6154146,0.03787291
1.9519589,9.993165,0.9381989,5.743962,1.3337588,-1.9779291,2.7870803,0.38092846
1.9285706,2.05715,0.92396617,5.7130857,1.3283947,-1.981009,2.0234163,0.5971564
1.4592513,2.1052463,1.0026515,5.677111,1.3286657,-2.0158463,1.1127701,0.5929824
1.6946161,2.1138835,1.0123286,5.6821938,1.3526092,-2.0229356,1.654089,0.23859334
2.6200373,3.749813,1.0345674,5.6146345,1.3550272,-1.9961288,-0.14707106,-0.40867835
0.83510983,4.6841936,0.9929073,5.776821,1.3627207,-2.0210428,2.0071368,-0.15965733
1.4263731,7.8769507,0.9577476,5.8106976,1.3542876,-2.0261111,2.2443447,0.35199654
2.6156662,4.677903,0.9426787,5.6831665,1.3659477,-1.969755,2.8817255,0.77154326
2.61409,5.7865186,0.9597554,5.500125,1.366457,-2.0108461,2.627237,0.6354785
2.8951845,6.437971,0.96045876,5.6417723,1.3323898,-1.9595371,2.4184184,0.538708
2.2467952,5.503716,0.8724594,5.727792,1.3405142,-1.9400223,2.9678462,0.7178941
2.5639806,5.201233,0.85247445,5.8035283,1.3411169,-1.9838612,2.9768786,0.6476419
1.958497,3.1851463,0.8577628,5.811704,1.3639283,-1.9679928,2.329982,0.9137838
1.9540274,8.723338,0.8385503,5.900284,1.3683517,-1.9810085,2.252663,-0.05324024
2.0243804,4.970689,0.8646127,5.831075,1.3499212,-1.940216,2.299862,0.9764893
2.1767735,7.8464656,0.8485327,5.9011254,1.3052175,-1.922524,2.0663247,0.931396
2.7937388,6.7760262,0.85122883,5.8678117,1.2793458,-1.9302365,2.4393637,0.8626429
2.2728548,3.1901472,0.82516205,5.860717,1.2337198,-1.8526312,2.6992989,0.7576244
2.0596926,5.8854446,0.8252492,5.991514,1.2732146,-1.8737768,2.471866,0.7398393
1.3067827,4.450576,0.8684778,5.962446,1.2604952,-1.8864965,2.2080348,0.4057082
1.7844716,3.1937857,0.89389384,5.934287,1.2456129,-1.9225332,0.6732911,0.21395814
0.7263502,3.2194235,0.9913764,5.967519,1.2680376,-1.9288635,1.8478997,-0.25763902
0.68638414,2.9963355,0.92538786,5.9620466,1.3124692,-1.960562,1.7439101,0.3482623
0.7922052,3.90101,0.8997725,5.954319,1.3079855,-1.9441521,1.7133257,0.39088702
0.97359043,4.3610673,0.88547564,5.861727,1.3553767,-2.002517,-0.43654197,-0.18548799
1.4115723,3.4762177,0.85381174,5.883129,1.3958495,-1.9908969,-0.61954,-0.20528203
2.3237214,4.3809896,0.85143566,5.844779,1.4174902,-2.0319824,0.88673043,-0.0301584
1.0915966,3.1741745,0.90547884,5.777447,1.4176204,-2.0286965,-0.5083908,-0.37676355
2.0417037,6.2891183,0.9232943,5.7708344,1.3274059,-2.051591,0.18627107,-0.030079424
1.5478308,4.9852095,0.84749126,5.810219,1.4455478,-2.056264,1.0275443,0.7269373
2.828211,4.6697273,0.8242552,5.8236575,1.4447122,-2.1114619,1.144618,0.45379615
2.2581248,4.086605,0.8675209,5.8312716,1.4469287,-2.0489202,0.62607205,-0.48335534
1.5123677,3.818439,0.88414764,5.8686304,1.4437089,-2.0538254,-0.60807085,-0.49105835
2.7250838,3.2894845,0.8064687,5.7765713,1.4790099,-2.0479388,-0.53730285,0.43978572
2.9241936,5.954857,0.78012776,5.8898582,1.4685447,-2.0939837,-0.62854546,-0.38012144
2.379132,5.2693043,0.8103821,5.8741274,1.4665246,-2.0889502,-0.14837831,0.018609345
2.61391,2.3410017,0.73369515,5.8782215,1.4629884,-2.0416627,-0.7188842,-0.31689465
1.5428458,2.5078049,0.80442464,5.8927383,1.4716084,-2.0749035,-0.81378055,-0.15138268
2.734592,3.3099341,0.74602616,5.9317093,1.4329419,-2.0587049,-0.4645521,-0.05401361
2.821847,7.155973,0.7299762,6.0257044,1.434716,-2.0469308,-0.5950194,0.020549297
1.8238262,4.742044,0.7287433,6.0171623,1.4360311,-2.0438852,1.2990563,0.8793099
2.0402286,4.723715,0.77732253,6.032275,1.460618,-2.0939424,2.1309683,0.49944276
2.0489688,4.573148,0.7663529,6.0543747,1.4045961,-2.0957553,0.48433197,0.5497513
2.3357422,4.0950284,0.7766185,5.9263477,1.4668705,-2.1381006,2.6765711,0.8663143
2.2037258,2.8409204,0.8015282,5.976808,1.448143,-2.1014695,2.1853778,0.3874396
2.162085,2.1154022,0.8277005,5.977044,1.4353905,-2.0908241,0.4707445,-0.34305862
1.0322833,9.487337,0.80734015,6.03899,1.4346399,-2.1356435,0.35609603,-0.40439004
1.1980209,3.6102672,0.76922655,6.0727577,1.4250453,-2.040186,1.103112,0.46148026
2.8891535,9.966513,0.7442305,6.0255666,1.4014177,-2.0585399,1.4959524,0.36947185
2.8234048,9.478932,0.75193524,5.9282904,1.4325559,-2.0434623,1.6550097,0.8101076
1.5987228,5.659254,0.7170644,6.051323,1.4275472,-2.0797567,2.9325435,0.8975847
2.028195,3.7379117,0.7292969,6.0027304,1.4322097,-2.0732265,2.7294652,0.96047974
0.9218458,3.752874,0.8094466,6.0091743,1.4303374,-2.0435805,1.6259625,0.9707141
0.9556335,8.5508,0.802382,6.1021047,1.4002578,-2.0599635,1.639399,0.93587255
1.3795009,2.6723568,0.8046837,5.9776917,1.398587,-2.0401723,1.7646406,0.54907763
1.886593,7.757002,0.8636837,5.9498453,1.3910186,-2.0778286,1.6498032,0.8510387
2.86244,2.8193824,0.87448335,5.8232207,1.3758478,-2.054564,2.1029067,0.9368106
2.8514986,3.1913662,0.8279464,5.783597,1.3866374,-2.045777,2.8990037,0.57552457
2.691513,4.128359,0.83583546,5.775097,1.3922436,-2.025185,2.591849,0.97685385
2.6976368,5.8565216,0.8010423,5.8287706,1.3970516,-2.0001557,2.862137,0.8509252
2.3481023,3.4721293,0.74893796,5.867992,1.3879793,-2.010353,2.985576,0.6398604
2.8747282,2.5719976,0.74952674,5.859601,1.3899693,-2.0042229,2.8878775,0.7191416
2.4709423,6.6894956,0.76023114,5.9072437,1.3942194,-2.029203,1.7679055,0.80265355
1.7399821,4.6626163,0.807727,5.922479,1.3755975,-2.015819,1.8259633,0.4984038
1.679612,2.2961419,0.779204,6.1014256,1.3544219,-2.0027306,1.8512287,-0.35819083
1.4269574,7.933265,0.8114495,6.116562,1.377312,-2.0688424,0.92630553,0.775596
1.0684048,3.4443977,0.72079706,6.326052,1.3852932,-2.0692365,2.2913601,-0.2621993
1.047759,6.4224806,0.7410426,6.197677,1.3556213,-2.037153,2.6428313,0.98517036
1.3749048,4.249567,0.7826233,6.121288,1.4327297,-2.0979648,1.8455956,-0.28837094
1.2690899,2.2656405,0.8315314,5.9959235,1.4568844,-2.120512,-0.68764734,-0.17141876
1.5273143,5.4687176,0.78174543,6.032981,1.4917729,-2.11923,-0.7240471,-0.413577
2.9305203,6.694714,0.62159824,6.0495677,1.4749589,-2.061974,-0.37370968,0.0927009
2.3003583,8.710984,0.6519375,6.06571,1.4340904,-2.0506089,2.7539468,0.98966193
2.7924118,3.060135,0.6252587,6.166974,1.4224856,-2.0198212,2.560653,0.37742186
2.882144,2.3721404,0.6519289,6.2101655,1.3825128,-2.0002048,-0.5195986,0.46680713
2.296032,8.218558,0.59316516,6.3446865,1.4165103,-2.026132,-0.7141142,0.19646335
1.1459506,2.134354,0.48997152,6.3463464,1.4060936,-1.9833019,2.494274,0.7429328
1.4862175,9.341159,0.49229002,6.3214273,1.3700604,-1.9511261,2.7417126,0.8025799
2.3910034,7.9412527,0.49991167,6.322039,1.358814,-1.9602562,2.8816218,0.78661835
2.8708525,6.1547832,0.51368237,6.302054,1.31669,-1.9506907,2.771055,0.7871704
2.976427,2.0024617,0.5064635,6.470182,1.2997384,-1.8807031,-0.38442105,0.47215605
2.3107288,2.0018077,0.42196536,6.5306444,1.3034973,-1.9126365,0.7042868,0.08840042
2.9887805,5.2134867,0.39717698,6.469084,1.2803078,-1.8672177,1.371978,0.4332987
2.956015,3.5745268,0.38050103,6.502392,1.2257211,-1.8035626,2.712557,0.5975225
2.6237566,3.5861344,0.3542018,6.516272,1.2393899,-1.841492,2.5131128,0.5690346
2.1965764,2.947808,0.32297707,6.708827,1.2022352,-1.8207448,2.387794,0.5627402
1.8552808,5.9670334,0.34218884,6.7471623,1.1686378,-1.7929786,1.4801779,0.5799643
2.5046256,4.710142,0.31636775,6.7971287,1.1514289,-1.7482564,1.8709104,0.11102015
2.1694276,8.831474,0.38469315,6.7139425,1.1149764,-1.7493078,1.2166979,0.8927922
1.5133591,8.984853,0.3838693,6.6853538,1.0943046,-1.7081947,0.25264,0.43069732
2.939426,3.8047347,0.2857901,6.7493377,1.1037719,-1.7353948,-0.20274448,-0.15480351
2.7962937,3.9801247,0.31937826,6.8555145,1.1011426,-1.733671,1.955323,0.26267493
1.2342601,2.5940847,0.18053019,7.0615454,1.1522164,-1.8022541,2.027092,0.93486595
2.4080496,2.6416452,0.18039203,6.886176,1.1767557,-1.8618367,2.6082191,0.72898686
2.6571193,2.6236653,0.14889121,6.926297,1.1786764,-1.801779,2.364361,0.6158508
2.9181564,9.602244,0.17735648,7.0022964,1.175525,-1.8101568,2.5784194,0.2987091
2.9479885,7.5732427,0.1985873,7.060501,1.1526875,-1.8401206,2.0789201,0.57699335
2.9868593,5.1276345,0.15915322,7.047572,1.2074192,-1.8653328,0.24864578,0.46917313
2.8899403,2.774675,0.09887934,7.028477,1.2539945,-1.8834953,-0.37371022,-0.31566006
2.5080256,3.2770307,0.042519808,7.0914006,1.2432501,-1.8157322,-0.71025276,0.0071023703
1.5606004,3.9002373,0.0542655,7.136187,1.2091124,-1.762075,-0.6017904,0.2609235
1.1680119,2.3576748,0.09145415,7.170828,1.1998844,-1.7651894,-0.78104305,-0.46402293
1.6259334,2.3877854,0.092837095,7.2116227,1.1893466,-1.8093457,-0.60112596,-0.17385668
1.6317375,5.80665,0.10938442,7.2135234,1.1815202,-1.8057202,1.4205997,0.89583325
1.9579809,2.6293697,0.10466051,7.0306983,1.180779,-1.8052789,2.740904,0.9132836
2.0647764,4.75914,0.09919512,7.0853763,1.1744626,-1.8016131,0.8986672,0.4124652
1.3466463,9.646655,0.11408651,7.299783,1.1160755,-1.8212627,0.9161706,0.5785017
2.4847362,6.6296062,0.1445806,7.177358,1.1512651,-1.815402,-0.23278403,0.5252842
2.300139,9.652493,0.06530428,7.3589106,1.1769311,-1.8286123,2.3852906,0.6448138
1.4111133,9.717554,-0.060073614,7.4715486,1.1764569,-1.8417232,2.7861974,0.47245836
1.8617876,8.084236,-0.054947853,7.3845234,1.263264,-1.8875731,2.8701901,0.92261624
1.8479955,5.60017,-0.018191516,7.310219,1.2828374,-1.8885759,2.306863,0.09277159
2.9492917,3.893392,-0.10833907,7.3345203,1.2742846,-1.850703,-0.60430574,0.5589378
2.8158572,3.503424,-0.07540512,7.35444,1.2585175,-1.8590648,-0.45397562,0.18141592
2.8543968,4.326931,-0.08613396,7.304546,1.276624,-1.8986268,0.20047498,-0.2722156
1.2690349,2.1981862,0.08236885,7.3161693,1.282335,-1.9257078,0.8327935,-0.23243317
0.65968007,2.0576131,0.19741344,7.315405,1.2607608,-1.8703303,0.5563253,0.082481086
0.8025743,2.1081064,0.14016533,7.231218,1.2827067,-1.8575293,-0.12458682,-0.13636228
0.6432233,3.1745386,0.12627125,7.312314,1.3300359,-1.8871784,-0.9943261,-0.16328284
0.640553,4.293861,0.24826288,7.1947546,1.315445,-1.9016405,-0.9173419,-0.2235843
0.66550744,3.6165679,0.27499187,7.156028,1.2886894,-1.8898374,0.7432487,-0.23445424
0.62195307,2.636006,0.23476446,7.1528544,1.2845483,-1.8605497,1.7123566,0.7932745
1.0023332,2.3539937,0.13516772,7.181816,1.2345722,-1.9312166,2.3553667,0.31335545
0.82525504,3.7299588,0.20601392,7.225072,1.2375884,-1.770319,-0.65588176,-0.33964875
0.79591435,5.31062,0.24811327,7.175485,1.2075002,-1.7765303,2.6547122,0.7422513
1.079101,5.890766,0.24698246,7.1001797,1.232636,-1.8217461,1.789393,0.77033603
1.0984662,4.5107727,0.38006997,6.99035,1.2379179,-1.8467479,1.9241571,0.68501544
0.87837476,5.5107183,0.38503706,6.9985733,1.2268844,-1.8282967,1.8572633,0.9568126
0.8559947,7.1619334,0.3817141,7.0583377,1.1968422,-1.8763311,2.7545826,0.24112505
0.890274,4.657481,0.40117896,7.049982,1.200072,-1.89099,0.69132626,0.43536997
0.841011,4.445122,0.4117875,7.0381613,1.2165644,-1.9011834,0.5273044,-0.17949975
0.90534306,4.0417967,0.48510468,6.9476132,1.1731226,-1.8716185,0.49799836,0.7011907
0.8627525,4.339632,0.5456816,6.804602,1.218399,-1.8505596,2.04116,0.83978593
0.8776425,6.059547,0.56101394,6.77239,1.24981,-1.9057497,1.571449,0.115730345
0.7860614,9.531406,0.5535902,6.7682934,1.2659774,-1.8527589,1.6712422,0.87979794
0.62665385,2.3815806,0.55808187,6.6808114,1.2161999,-1.872493,2.5721645,0.56944263
0.6814585,2.3516293,0.5592065,6.762892,1.1495936,-1.8155922,0.37485695,0.39971435
0.7278549,2.1565213,0.46678412,6.7464867,1.1426919,-1.7920716,1.1309102,0.33388615
0.7927592,2.0771918,0.4918847,6.7928877,1.1338215,-1.7604418,2.5678115,0.7631664
1.2050232,2.1191547,0.53315103,6.6273355,1.1218779,-1.7810832,1.236294,0.7554121
2.2891755,9.433136,0.5509136,6.6217585,1.0977049,-1.7829907,1.489198,0.5785185
1.847904,4.289562,0.54941094,6.6027594,1.1434622,-1.7820811,0.6794138,0.14111316
1.7369847,8.120311,0.62557817,6.43312,1.1331904,-1.7903137,1.7147782,0.94058084
2.0525434,8.674711,0.59149265,6.496552,1.1144404,-1.772183,2.016149,0.82868874
1.3682586,9.004112,0.6429279,6.5064487,1.13919,-1.796056,2.2767146,0.70690644
1.5898207,3.411464,0.5083227,6.5094614,1.1583912,-1.8050982,1.4757781,0.31849718
1.3177669,2.4582515,0.59544563,6.492404,1.1373832,-1.818712,1.7849827,0.79125667
1.8424275,4.2895346,-0.59787095,7.970162,0.100503206,-0.7477436,-0.63146496,0.14700454
1.9276185,6.3040514,-0.295601,7.8070016,0.13532472,-0.7484515,-0.1059019,0.2097578
1.958783,5.107593,0.109861016,7.7394004,0.06126666,-0.78891563,1.2636945,-0.28825754
1.7811762,8.097195,-0.029563785,7.780094,0.10355306,-0.7881379,0.8618438,0.6622275
2.1290615,9.396183,-0.18405092,7.793975,0.12382507,-0.7796068,0.6301507,-0.45662442
2.2295725,8.243347,-0.31964284,7.8138638,0.12211132,-0.7761073,2.8480117,0.30285752
2.3852992,8.140251,0.08454001,7.7234793,0.07672334,-0.78207374,2.8890662,0.04246998
1.7429849,7.9026546,0.15789151,7.7891483,0.027520418,-0.71375895,1.2565622,-0.34505266
1.4759254,7.593409,0.10669768,7.842763,0.10591841,-0.8347144,2.2199092,-0.3102081
1.4811438,7.2032475,0.21164525,7.6963086,0.16758466,-0.79495144,1.0158775,0.24349481
1.6438317,7.240281,0.2502494,7.6766453,0.14463139,-0.78895926,1.0229154,-0.41931593
2.0394888,7.0820775,0.30907512,7.5965767,0.101123095,-0.7388358,-0.22374427,-0.3904726
1.9844738,5.3870006,0.37939763,7.602304,0.0666666,-0.6872473,-0.67167246,-0.3773791
1.9235659,5.547592,0.44958246,7.5359325,0.056034803,-0.67271614,-0.7594278,-0.23252258
2.0032852,4.7250996,0.23665714,7.5905037,0.052835464,-0.65586185,-0.5218439,-0.46890792
1.9266418,2.531588,0.5069332,7.418873,0.02095437,-0.65682125,0.70092547,-0.48274454
1.6870085,2.6571634,0.26375508,7.366851,0.02750349,-0.6423502,-0.120021105,-0.41092336
2.3792033,2.8217564,-0.012153506,7.4621754,0.04205084,-0.6526115,-0.1155023,0.84666896
2.7938676,4.477803,-0.10660571,7.471499,0.07496357,-0.69731164,0.66444004,-0.058442682
2.5321264,2.6119332,-0.16949916,7.5133815,0.07799673,-0.71516514,-0.23075914,0.38996875
2.4925208,4.7266583,-0.1358943,7.540773,0.08134389,-0.70791054,0.6030288,-0.29824746
2.8113623,6.021172,-0.015031815,7.5323334,0.071274996,-0.73057747,1.764308,-0.15123314
2.1898117,8.622488,0.10011387,7.73042,0.06268287,-0.6839733,0.29070187,-0.43757695
2.3132687,8.309017,0.0046008825,7.7448716,0.057102203,-0.68332434,0.23737037,-0.4827205
2.1958494,7.697424,0.0860548,7.6238356,0.085350275,-0.7057066,-0.120823324,-0.49360266
2.5314457,6.440059,0.08094847,7.617829,0.07460117,-0.71752167,0.11079931,-0.23836637
2.5506766,6.695145,-0.23686194,7.6656427,0.0736115,-0.71187735,-0.27676207,-0.3882249
2.4287224,6.376098,0.015039086,7.595135,0.061600447,-0.722476,0.5278857,-0.45895502
1.9860357,6.153541,-0.0554415,7.61544,0.09141016,-0.6962707,2.0033426,0.14748496
2.2142057,6.126684,-0.16591775,7.6295314,0.0987885,-0.72774243,1.5555952,0.43549025
2.4481175,6.661086,0.028725624,7.464957,0.120205164,-0.7345569,2.6484756,0.49898714
2.81383,6.743742,-0.07304126,7.5072165,0.13926983,-0.7284212,2.4732316,0.8793582
2.4850407,7.834675,-0.17913163,7.5997334,0.16354084,-0.78219914,2.5203805,0.64586973
2.5628538,8.585972,-0.2077235,7.551354,0.16754246,-0.7751391,2.8139133,0.7072458
2.7283692,6.2551017,-0.16531605,7.4828815,0.13267493,-0.7150309,2.4768953,0.6869314
2.9685454,6.152225,-0.021795332,7.4226103,0.097967625,-0.67815137,1.7573602,0.7644216
2.9842045,7.7146926,0.17965007,7.537821,0.049916744,-0.66463304,1.6123075,-0.19887328
2.8557987,6.934654,-0.080589056,7.5285482,0.047326088,-0.66831255,0.7008263,-0.46500412
2.9284887,7.484377,-0.13349712,7.7188344,0.06978679,-0.7607305,2.594862,0.85683227
1.9524903,6.157767,-0.10142368,7.6706495,0.12775326,-0.7593765,2.5052276,0.84321404
1.88323,6.0726047,-0.02619946,7.560912,0.16377139,-0.76234436,2.7165613,0.6207833
1.9073521,6.660532,0.24796093,7.382076,0.18807673,-0.8877015,2.0530396,0.04771954
1.6816989,8.224735,0.4633267,7.4484854,0.23644805,-0.93006873,2.283931,-0.24944684
1.677766,6.0949297,0.46211493,7.408396,0.2106924,-0.90920424,1.0966444,-0.3896484
2.2649388,6.7323117,0.38918614,7.2084055,0.2652197,-0.8592799,2.198969,-0.39312226
2.116186,8.010944,0.4530828,7.3427477,0.26344633,-0.9171736,2.1019647,0.5810993
2.4786673,9.746912,0.45089185,7.2591686,0.21892428,-0.90480375,2.693938,0.4085577
2.4475722,4.6139135,0.48594856,7.1604753,0.25180793,-0.8725319,2.8799746,-0.23083848
2.5995233,7.444932,0.33071256,7.1600504,0.23799777,-0.8916011,2.956891,0.25678098
2.1778264,6.04942,0.38471484,7.2715383,0.23507977,-0.8550296,2.601825,0.47150683
2.4469995,7.3405194,0.33217096,7.300415,0.20637345,-0.8580153,2.8140855,0.7016902
2.7297225,3.2147622,0.31570876,6.8678236,0.31558943,-0.91279244,-0.4655199,-0.49424893
2.8458717,2.484278,0.42867255,6.8246064,0.39219785,-0.9872639,0.0075873137,-0.029729366
2.5760438,4.1004515,0.33167756,6.9294257,0.3547032,-0.94808483,1.2894311,-0.014772177
2.6614025,4.5962667,0.27071536,6.910838,0.41367698,-1.020686,0.17594516,-0.17450833
2.1917655,2.799811,0.28738856,7.029355,0.44968748,-1.0974866,-0.36984253,0.03690821
2.680923,2.8435888,0.18719447,7.0277886,0.46849012,-1.0757782,1.5346453,-0.21773762
2.3786001,2.7846832,0.15715814,7.0150995,0.5008676,-1.0565538,-0.9701319,-0.38933402
2.0599942,3.1547961,0.32044196,6.8871574,0.52667093,-1.0603609,-0.9959149,-0.2745331
2.1785657,2.7845569,0.35109043,6.94242,0.53410316,-1.0841916,-0.99769837,0.14818662
1.7745773,3.42221,0.22730076,7.029249,0.530041,-1.0958557,-0.97934026,-0.3512162
0.9393717,2.3009317,0.28294945,7.220395,0.53847814,-1.0658538,-0.94443506,-0.41653478
1.1730837,3.8377278,0.28894234,7.2328324,0.4607196,-1.0582187,-0.8793168,-0.05936718
1.5345953,3.3579993,-0.013273358,7.4125824,0.46020675,-1.0954142,0.53047884,0.14291
1.7853897,4.672242,0.1862222,7.3621716,0.44663858,-1.0483985,-0.54739475,0.34744775
2.1569724,4.045616,0.18797791,7.1652617,0.42454243,-0.9787679,-0.46600872,0.1641016
2.2977993,3.3484802,0.15013075,7.1943803,0.426409,-1.0626764,-0.0049754977,-0.34816328
2.5914538,3.9374619,0.21858203,7.2110972,0.3696983,-1.0193521,-0.41437566,-0.1767286
2.8931663,5.59324,0.05763054,7.174811,0.40361452,-1.0045598,1.0307541,0.030461967
2.9751515,4.551506,0.20122027,7.111264,0.38683462,-1.0384623,2.143758,0.55716395
2.9964085,5.904612,0.16605604,7.0357423,0.5245478,-1.0944614,2.4624689,0.45727313
2.955445,6.052418,0.17715669,6.968431,0.5412035,-1.089443,1.647352,0.84139085
2.832681,4.4568415,0.39012814,6.9182577,0.48848748,-1.0963526,1.0653844,0.039685547
2.9067476,4.7519064,0.41390443,6.908497,0.46405792,-1.0845413,-0.16890132,-0.30544406
2.9249825,6.6481223,0.21892142,6.97717,0.51538134,-1.0939533,1.4080844,0.4036814
2.9206522,5.0493145,0.42247212,6.9377823,0.5156517,-1.1596935,2.3673663,0.567127
2.884183,6.103532,0.28180885,6.9820185,0.49091315,-1.1485813,1.1599483,0.3861767
2.3904,3.508219,0.27747297,7.0467596,0.5102451,-1.184888,1.4639969,0.33734453
2.8744183,2.6990259,0.1823374,7.0599985,0.5041559,-1.1566274,0.2902658,0.117033005
2.920109,5.2455163,0.06741142,7.218647,0.4933374,-1.1578519,0.35651982,0.14964163
2.5910974,7.030355,0.12229085,7.2712135,0.5419228,-1.1626407,-0.38711268,-0.48453248
2.7970114,7.243906,0.16020525,7.1697693,0.5423825,-1.1415641,-0.56915,-0.47335392
2.8590531,8.137823,0.13227093,7.0930147,0.5396683,-1.1498513,-0.29992896,-0.29382408
2.9371428,8.916761,0.0694952,7.1957097,0.5361593,-1.1523015,-0.039073467,-0.03599739
2.8846772,7.8789735,-0.009333611,7.323168,0.52179265,-1.1586277,-0.10436529,0.31831068
2.8989244,4.0114975,-0.015988111,7.307023,0.5416119,-1.1935115,0.2556876,0.22966897
2.1348507,3.6537533,-0.2480613,7.3500614,0.6014488,-1.1709554,0.3539976,0.39130652
2.0871162,3.1250148,-0.23854792,7.426533,0.57547736,-1.1841449,0.7311897,0.22676647
1.8946285,2.6645658,-0.0632115,7.374932,0.53749037,-1.2036642,0.06403005,0.2072087
2.0746598,2.7683818,-0.12173104,7.373282,0.48807,-1.1387737,1.0016396,-0.09898931
2.8188958,4.332575,-0.29481357,7.383724,0.54755807,-1.1286287,0.14768493,0.07288456
2.8096104,3.116641,-0.25954264,7.385826,0.5538726,-1.1688756,-0.69796,-0.063991666
2.6419344,5.9508023,-0.16227448,7.382951,0.50897527,-1.1526636,-0.069649994,-0.3784668
2.6505075,4.0475154,-0.23188561,7.429757,0.55091095,-1.1661433,0.16930032,-0.30546302
2.1258452,4.4631777,-0.28920668,7.666437,0.5465689,-1.174094,-0.6845094,-0.1978358
1.9285815,6.989109,-0.36411762,7.66625,0.53204775,-1.1590214,-0.5394561,-0.05125469
1.78538,2.5010195,-0.56864655,7.6579056,0.4779644,-1.1192164,0.12101734,-0.13601512
2.1727376,2.525392,-0.57589614,7.643366,0.47494102,-1.103714,0.6849818,0.38750768
2.2426746,5.0187407,-0.5738441,7.664691,0.47558355,-1.0756277,0.13537264,0.40290904
2.508122,4.730279,-0.60414463,7.60515,0.48106074,-1.0839665,-0.08543581,-0.119743854
2.6185703,4.058814,-0.33068848,7.599987,0.5041089,-1.0924225,0.10530591,-0.14192495
1.391135,8.563232,-0.13699579,7.6055493,0.4894092,-1.0925965,2.9510846,0.5022454
1.6549584,8.967612,-0.10123056,7.617046,0.49150777,-1.1068549,2.966093,0.8809552
1.7670858,6.0113544,-0.18670791,7.6409483,0.49720478,-1.1332645,0.94419575,0.13405931
1.5303435,6.664342,-0.21277058,7.6090794,0.47667766,-1.0859592,0.004695058,-0.3732266
1.5520468,6.0392985,-0.30231375,7.6060963,0.5145011,-1.1104113,-0.28083116,0.49887878
1.6795919,4.7123494,-0.32884896,7.6277237,0.53657866,-1.1134461,-0.65974474,-0.2798723
1.6652035,5.0515275,-0.32799315,7.7216816,0.5301678,-1.1530147,-0.40682727,0.18358135
1.6539569,8.541227,-0.22139847,7.7298717,0.55287933,-1.1748385,-0.28454846,0.13620573
1.4258137,8.829212,-0.20444036,7.6995115,0.5627122,-1.1780738,-0.42121643,-0.24035212
1.3809804,7.3240957,-0.24224412,7.843416,0.5481825,-1.1873848,0.072048545,-0.3465287
1.4028618,4.2069883,-0.46665508,7.8455276,0.5116265,-1.1298004,-0.5334407,-0.01972428
1.44679,5.0004888,-0.4779775,7.9030323,0.5129719,-1.1138917,-0.6538662,0.08027601
1.4948305,5.1175594,-0.5890553,7.8098702,0.5220034,-1.0621858,-0.7537307,-0.12409225
1.5693479,4.356774,-0.5764661,7.6876326,0.45282722,-0.99098206,-0.74511486,0.116390765
1.8408704,5.817005,-0.37798786,7.686247,0.392735,-0.9994159,-0.40873754,0.33935285
1.8575888,4.9761643,-0.44618136,7.6946054,0.36310577,-0.9608276,-0.23064762,0.19974387
2.1386828,5.9022217,-0.4202789,7.7012544,0.35794187,-0.9667845,-0.7922591,-0.06425166
1.8777068,5.367079,-0.41690087,7.692248,0.38316274,-0.97344923,-0.59750134,0.049477637
2.0140996,4.462716,-0.38359863,7.5739512,0.36835194,-0.98935604,-0.05761385,0.19887686
1.8531996,3.4754753,-0.42839032,7.6437626,0.40270448,-1.088906,1.0110757,-0.1617265
1.4312291,3.2195518,-0.25732565,7.5533233,0.4386034,-1.090919,2.3032098,0.053635478
1.7301788,6.017379,-0.31029344,7.672891,0.41641116,-1.0642195,0.36580455,-0.028131783
1.2453339,4.8695664,-0.39942646,7.707216,0.45953965,-1.0479708,0.060193896,0.43295038
2.0599337,9.889062,-0.41034788,7.6777983,0.46867228,-1.0801623,2.1574938,-0.36622232
1.1064341,2.632001,-0.50044596,7.7186885,0.50874925,-1.1049254,0.7686907,0.5584239
1.1986176,2.7098272,-0.34823263,7.729196,0.5215359,-1.112541,-0.74602234,0.25677
1.1358702,3.5990162,-0.32583553,7.7377825,0.535058,-1.1119027,-0.7599629,0.06974912
1.0672829,3.998692,-0.20666909,7.7408333,0.56164,-1.1387835,-0.762092,0.074208856
1.0471627,4.0814342,-0.20855182,7.7225,0.56685615,-1.1373435,-0.8403063,0.110358
1.104971,2.8252816,-0.34357738,7.7041316,0.5712588,-1.1484314,-0.7393669,0.3930143
1.2918515,2.466022,-0.22849882,7.622,0.5747936,-1.1548841,-0.7826421,-0.058708012
1.3715576,2.1864476,-0.23856175,7.5216565,0.5429733,-1.1316309,-0.8254144,-0.38789946
1.2939053,2.2018478,-0.25206435,7.525323,0.5319736,-1.1187955,-0.1500693,-0.48394728
1.0572727,2.7070718,-0.2405259,7.669865,0.49748492,-1.1151938,-0.2582234,-0.023734719
1.2456651,2.9322846,-0.35012072,7.720964,0.46545672,-1.1119893,0.24714601,0.013902545
1.9114614,7.4448943,-0.26594174,7.570063,0.47252154,-1.0865119,1.0973434,0.13547981
1.527988,8.264598,-0.056901872,7.5195317,0.48461723,-1.0947759,2.7920625,-0.0028903484
1.7054837,7.941074,-0.105194926,7.5123796,0.46720886,-1.0631227,2.4243844,0.98940396
2.2104974,8.735067,-0.035004854,7.3955336,0.46999288,-1.1118232,2.7497468,-0.12917823
1.7522578,9.209583,0.07220101,7.374183,0.5746608,-1.1478206,0.0063785315,-0.4154754
1.3496842,3.7116377,0.02853322,7.592225,0.5750377,-1.2533586,-0.13741982,-0.25770897
1.3391755,5.023018,-0.06836665,7.559494,0.6024077,-1.2523777,2.118291,0.35128832
1.1858721,6.682231,-0.07961333,7.6396003,0.6097975,-1.2554638,2.6762533,0.42488873
1.3238549,7.348563,-0.20268524,7.5799,0.65121365,-1.2070687,2.6185544,0.7740607
1.2638389,7.848152,-0.12597418,7.6307607,0.56296444,-1.1005938,2.8385172,0.93843436
1.2576478,7.973331,-0.051495075,7.6878076,0.5858762,-1.2247949,2.6179938,0.8059808
1.4245667,8.473825,-0.026985645,7.616602,0.5963888,-1.2607703,1.2704043,0.5561105
1.401347,6.2600436,-0.13651979,7.567478,0.6055367,-1.23115,1.1438837,-0.027009964
1.9304082,7.5279164,-0.14560425,7.6204147,0.6038687,-1.2473607,-0.19966674,-0.19004375
2.4850163,6.5651064,-0.25829077,7.585185,0.59161806,-1.2462978,-0.08200973,-0.35188448
2.6825128,8.525747,-0.27760553,7.574747,0.6439121,-1.2772576,0.5166204,0.18549955
2.4970074,6.877166,-0.32872677,7.499273,0.64466715,-1.2990892,0.14439619,0.25845957
2.2523694,2.796877,-0.30921263,7.493313,0.60244775,-1.2553399,0.2979002,0.11982381
1.7780808,5.1723537,-0.10596013,7.528447,0.6147764,-1.2857327,0.750018,0.50990057
2.1916833,6.8522377,-0.09556967,7.479945,0.6200092,-1.2395854,0.025277615,-0.2473385
1.7715454,8.181135,-0.05105251,7.490638,0.59918785,-1.2306306,-0.39742762,-0.05971116
1.8874245,5.1932755,-0.14869636,7.4965334,0.57190037,-1.2315903,0.4525578,0.37037843
1.8507175,7.742457,-0.07672882,7.5617824,0.59275603,-1.2261026,1.9265273,0.7456831
1.3232481,7.9072976,0.11957502,7.5769954,0.52566504,-1.2448258,2.0860298,0.4657935
1.3963875,9.163422,0.080928564,7.435291,0.5867679,-1.2390321,1.1575675,0.071058035
1.49333,9.827141,-0.04674703,7.566788,0.5652852,-1.2358582,2.3509696,0.65875876
1.740281,6.632662,-0.08588189,7.5720887,0.51721764,-1.2043066,1.5483544,0.04441315
1.8203671,9.2729,-0.057998896,7.527787,0.46496224,-1.1312717,2.4731321,-0.1562571
1.5714319,9.537232,-0.07404518,7.4791126,0.54085374,-1.1926143,1.5425911,0.711082
1.7754483,7.490562,0.0014487505,7.4777365,0.58909845,-1.2176244,2.3661995,0.66899943
1.5150259,8.1596985,-0.008517861,7.401001,0.57605386,-1.2023814,1.6900511,0.6448586
1.6118786,5.9637184,0.12425089,7.4166303,0.57579064,-1.24194,2.1619618,0.6352247
1.483367,4.80986,0.058270812,7.438085,0.5981271,-1.241787,1.974155,0.50553095
1.6974429,8.758474,-0.05837381,7.371097,0.59776974,-1.2118354,2.3276174,0.2628336
1.9133524,2.3049552,-0.16379583,7.319548,0.601213,-1.2104664,1.1366148,0.28449738
1.87419,2.7245955,0.016110182,7.2705503,0.55927277,-1.2076142,0.53229547,0.42793113
2.0798001,9.432772,0.14194441,7.257925,0.5714643,-1.2267466,-0.11385459,0.5019723
2.7279308,8.737219,0.072271705,7.297525,0.5913739,-1.2416487,1.7773633,0.7162862
2.5828834,6.7732787,-0.06763053,7.2818685,0.5897572,-1.213284,-0.29206997,0.5474887
2.3305068,9.862013,0.0047973394,7.437483,0.5758219,-1.2576869,-0.053682506,0.28942537
1.6695224,9.905079,0.03602445,7.5043306,0.5694747,-1.2140511,1.0047371,-0.31323114
1.9732337,8.728357,0.027147055,7.4783,0.5553453,-1.1829739,-0.34658486,-0.49908227
2.213047,7.446897,0.007742405,7.4206133,0.5500405,-1.2020106,-0.13423926,-0.450769
1.8130815,7.1161156,-0.017977595,7.5764837,0.5640483,-1.1892183,-0.43275398,-0.37454087
1.922903,9.0673275,-0.1408636,7.56698,0.5268643,-1.1679357,-0.15520465,0.2689911
2.128931,5.8338737,-0.1277883,7.5550504,0.526145,-1.148837,-0.163872,-0.21561643
1.8660866,6.956908,-0.3055004,7.4494734,0.5422447,-1.0685666,-0.7712165,-0.4343535
1.8636401,4.450927,-0.1698994,7.495639,0.5326574,-1.087684,-0.94562244,-0.0056325793
1.6898257,4.9051275,-0.13835227,7.4703984,0.5241866,-1.090317,-0.90169823,0.46181923
1.8114327,2.231101,-0.4715464,7.5297585,0.5400088,-1.0904424,-0.95219207,-0.10650706
1.9452077,2.1664152,-0.4233917,7.468045,0.5170653,-1.0868007,-0.9556552,-0.18594745
1.3150123,2.1502979,-0.40990347,7.5509086,0.4712615,-1.0756845,-0.076342344,-0.37869957
1.245789,2.393903,-0.3200609,7.585007,0.494318,-1.0654246,-0.94954747,-0.26959452
1.6824368,2.4512963,-0.29987526,7.4163313,0.50551534,-1.1024612,-0.37667137,0.5342926
1.6372658,3.4241705,-0.34047967,7.399548,0.5519326,-1.1760474,0.51205575,0.16578877
1.501205,2.8566344,-0.05578208,7.4822073,0.51173234,-1.1733416,0.48750162,-0.26054212
1.9065471,3.1167846,0.051644325,7.3380218,0.47829556,-1.1165732,-0.083780825,0.14410144
2.3348494,3.1390724,0.16490352,7.205338,0.43047142,-1.1098299,0.7633896,0.19558978
2.8750908,3.9622273,0.26737964,7.129979,0.4387083,-1.1112404,2.0993135,0.90018
1.6309596,9.381274,0.29017437,7.3381915,0.4213097,-1.0319464,2.3964431,0.783447
1.5751306,8.938234,0.38519192,7.277926,0.39345336,-1.0226524,2.6988316,0.12108886
1.6179541,5.5805287,0.4894948,7.2929463,0.3403194,-1.0455884,2.6912494,0.66249907
1.4276674,6.4019527,0.4999652,7.239134,0.30816078,-0.9837129,2.8687868,0.06665301
1.3469322,8.467405,0.5397649,7.221941,0.3448496,-0.9806068,2.8088071,0.19612575
1.2881176,8.628237,-0.6615635,9.104912,-0.27226532,-0.4048295,2.90851,0.11718309
1.2964573,8.325003,-0.6173622,9.146364,-0.3252467,-0.32450962,2.8745563,0.23537529
1.3055218,7.917157,-0.5403533,9.176829,-0.39582193,-0.29538536,2.6895866,-0.049583882
1.3165932,7.8466344,-0.7033092,9.168581,-0.41181493,-0.22326303,1.263159,0.037503064
1.331934,7.138698,-0.9121148,9.151965,-0.40439463,-0.2409513,1.9849007,-0.08715695
1.3561282,6.6616454,-0.8152823,9.154505,-0.39962697,-0.27180886,0.8476366,-0.36027798
1.2690725,6.1331773,-0.8123572,9.124537,-0.4367919,-0.19286895,0.37498105,-0.26886636
1.3180662,5.7708287,-0.9038974,9.128794,-0.4599601,-0.21757603,0.056423068,-0.34658343
1.3790245,5.547302,-0.87989587,8.962748,-0.47697163,-0.17845011,0.001546979,-0.43636617
1.4330184,4.978984,-0.7737576,8.880294,-0.4508003,-0.15052223,-0.7733833,-0.269302
1.3721548,4.6101384,-0.9047167,8.826532,-0.4352622,-0.14455199,-0.8621945,-0.4333271
1.502153,4.977057,-0.91012347,8.927961,-0.4626422,-0.09377885,-0.8886647,-0.46334162
1.388983,5.06925,-0.983231,8.904319,-0.48065686,-0.14919305,-0.70366573,-0.2348885
1.5137651,5.1427565,-0.996267,8.70285,-0.4607525,-0.15057468,0.4631635,0.20125556
1.48511,4.5447836,-0.99391717,8.729114,-0.42490256,-0.15102482,-0.9109736,0.07247722
1.4456336,5.086145,-0.49805403,8.764809,-0.42255616,-0.1848228,1.8207083,-0.12739801
1.3738819,5.1800466,-0.56629306,8.649139,-0.42706692,-0.1758163,2.728054,-0.2737633
1.441776,5.4840326,-0.34581804,8.603945,-0.40464497,-0.17703962,2.8582034,-0.085700154
1.5567892,6.0178375,-0.2123366,8.3699,-0.34364867,-0.26772976,2.8013487,0.3672887
1.6567168,5.324469,-0.13699687,8.331434,-0.39265072,-0.24360418,-0.12832963,-0.46884418
1.6831808,4.770753,-0.24779397,8.338451,-0.3467039,-0.19390821,-0.30158734,-0.2949186
1.6406018,4.7156744,-0.32202697,8.201378,-0.33237088,-0.23427892,-0.95510155,-0.35220188
1.6456262,4.632259,-0.71605057,8.242718,-0.29137695,-0.24720478,-0.88635135,0.084025085
2.0507143,3.869638,-0.7955507,7.99286,-0.31098425,-0.25168753,-0.25565857,-0.19856709
2.7130368,2.8221765,-0.6758163,7.8814006,-0.31346118,-0.2552657,-0.9776649,0.177302
2.5457633,2.4627576,-0.8346978,7.8316035,-0.2901665,-0.30942345,0.35195446,0.01564753
2.8138504,2.5278258,-0.8250099,7.842615,-0.28692937,-0.3391304,-0.1563794,0.20172954
2.6014628,2.8744936,-0.89589787,8.028347,-0.297104,-0.3691101,-0.033025086,-0.11758357
2.4633842,3.6962028,-0.78781503,8.029078,-0.24527395,-0.36810207,-0.17239547,0.56000483
2.1613243,4.3262587,-0.6490422,8.030199,-0.22972631,-0.3710451,-0.14323372,0.46839118
2.012526,4.0955048,-0.68666786,8.059101,-0.21914673,-0.39390612,-0.6602601,-0.29342353
2.3910065,4.2790346,-0.80157256,8.042461,-0.21340394,-0.35922074,-0.5197482,-0.19983232
2.7654529,4.1779613,-0.86399585,8.018276,-0.21511626,-0.40759706,-0.6577259,-0.08912939
2.1882489,5.2788887,-0.7738788,8.081112,-0.19459975,-0.40039754,-0.53627837,-0.10621229
2.2957387,4.1867886,-0.6782762,8.016712,-0.19457066,-0.40867543,-0.30466276,0.23211926
2.3620806,3.9879363,-0.81207794,8.012285,-0.1981535,-0.43991184,-0.64497584,-0.15523273
2.3081431,3.7003005,-0.81062037,7.9639664,-0.21803641,-0.43725634,0.09555936,-0.07853812
2.9378538,4.1502542,-0.81636614,7.9161434,-0.20974398,-0.42179823,0.09613538,0.028428316
2.8662632,3.892376,-0.78636926,7.9628983,-0.21199703,-0.4176438,-0.31542832,0.26646858
2.3493817,2.7620752,-0.8119393,7.963369,-0.18518746,-0.4726169,0.3925898,0.47648513
2.169233,2.9560475,-0.95039123,7.9576907,-0.09053457,-0.47529936,-0.16605794,0.12956476
1.7883115,4.6712008,-0.92419493,7.9305997,-0.07505417,-0.42207932,1.6319091,0.94324636
1.868594,4.7910914,-0.60495025,7.8736367,-0.09677696,-0.4929955,1.4869337,0.92307293
2.5897431,6.218408,-0.20576197,7.838905,-0.075588465,-0.47793508,-0.9901556,-0.49347395
2.1101897,5.791767,-0.34467494,7.7881246,-0.010383725,-0.5548444,-0.99048233,-0.01686734
2.2555842,5.559975,-0.32018006,7.655444,0.056213856,-0.54448843,-0.9978311,-0.1543198
2.2280104,5.582136,-0.25413537,7.8345037,-0.051153302,-0.6208329,0.6402441,-0.31425434
2.027814,6.1002584,-0.22889888,7.765855,-0.045995712,-0.5845866,2.868395,0.34701455
2.3840394,5.7203093,-0.24555135,7.748675,-0.025361538,-0.6599901,2.1040263,0.71096325
2.2165582,5.250457,-0.2721681,7.764313,-0.010211468,-0.6471026,2.3233438,0.4444182
2.4907513,5.3256826,-0.4770596,7.7757287,-0.021621943,-0.6321137,2.7603629,0.78413606
2.6551738,6.116556,-0.5500111,7.738985,-0.013983488,-0.5917022,2.753094,0.83694685
2.4726777,6.1884027,-0.66651887,7.826064,-0.035557866,-0.5736642,1.7069347,0.48248976
2.686232,6.193507,-0.74945295,7.846047,-0.047166824,-0.5708995,1.3185039,0.184134
2.4277124,6.148981,-0.72483075,7.890689,-0.059871793,-0.5567732,1.5740068,0.32352203
2.1746573,6.8798823,-0.5187709,7.937856,-0.058307648,-0.55141544,2.443863,0.7412114
2.816016,7.227534,-0.54993635,7.9435706,-0.06708872,-0.5785091,2.6759868,0.44891673
2.1631997,6.9795976,-0.5835266,8.005032,-0.047635317,-0.58771324,1.8614836,0.34397197
2.4781373,5.845685,-0.8552704,7.9354687,-0.0510509,-0.52506924,1.1575811,0.34426522
2.8223588,4.3233213,-0.8651116,7.894917,-0.08135271,-0.4936335,-0.712324,0.08358568
2.7480597,2.8151355,-0.860271,7.788775,-0.06087637,-0.5213957,-0.9993144,0.030419588
2.55399,3.7235928,-0.7719475,7.749704,-0.043358326,-0.5226805,-0.99049,-0.19650829
2.429311,3.9252634,-0.72137976,7.9053764,-0.063513875,-0.6068206,1.1830049,0.5796268
2.90585,5.597603,-0.7457606,7.875193,0.017194986,-0.60367393,0.40091383,0.057323813
2.954777,5.664586,-0.43981874,7.754896,0.055749893,-0.6212573,-0.9630561,0.011197031
2.922666,4.164523,-0.8761668,7.8310156,0.06535435,-0.6579542,-0.854102,0.01714462
1.9083415,4.601708,-0.48781967,7.8011703,0.057414055,-0.6088996,-0.97891355,0.010034561
1.9301238,4.8535147,-0.39749718,7.7928033,0.038250923,-0.5833535,-0.98135114,-0.15730181
2.6545227,3.0752628,-0.62887573,7.6080112,0.030731678,-0.6107476,-0.98938227,0.17496276
2.5420961,3.0391998,-0.45281863,7.658641,0.0384295,-0.6113,-0.75204587,-0.12175745
2.663067,3.3354652,-0.75477123,7.6725993,0.06277156,-0.64425206,-0.847841,0.02357626
2.929677,4.250188,-0.82812023,7.7512264,0.07690692,-0.65494037,-0.38868564,-0.18331811
2.7097204,3.861615,-0.89240605,7.7429843,0.091856,-0.7003343,1.128839,0.55750227
2.340324,4.2950244,-0.9570246,7.85036,0.061640024,-0.69116426,1.0042775,0.5367297
2.5561166,4.232419,-0.9299914,7.827112,0.07421589,-0.67362404,0.03967333,0.51293385
2.4633694,6.493715,-0.71849644,7.858396,0.11273861,-0.7173276,2.7915392,0.6402284
2.7812717,6.993324,-0.8708415,7.8464885,0.10741186,-0.70896983,2.830018,0.73863816
2.89328,4.005503,-0.874311,7.84306,0.10421586,-0.68737483,0.97921133,0.85331774
2.6202374,2.260819,-0.9961253,7.7136664,0.10141206,-0.6897123,-0.47126347,-0.0607298
2.8797174,2.3464353,-0.90625453,7.7116127,0.12570024,-0.71471906,-0.9798245,0.059037805
2.955857,3.6240673,-0.8623206,7.7071157,0.139225,-0.7370672,-0.5576096,0.3810948
2.6173146,4.747979,-0.87712693,7.7802463,0.1577766,-0.74659324,-0.45982265,0.20064545
2.6027133,4.565151,-0.7788376,7.7543507,0.13954854,-0.72270894,-0.7908846,-0.13970199
2.2389684,4.143733,-0.63600415,7.7077603,0.13373995,-0.7270379,-0.42210907,0.3355385
2.4281757,4.3407664,-0.20435113,7.722313,0.07289529,-0.682631,-0.35268927,0.47680664
2.7216277,7.028905,-0.29133332,7.8093624,0.065975904,-0.7282553,-0.5873941,-0.18959123
2.5555744,6.579115,-0.43983918,7.801195,0.07863641,-0.72345614,0.18263757,-0.08373034
2.5399477,7.59401,-0.3733583,7.745734,0.10395932,-0.7259023,-0.52140176,-0.24205199
2.8900273,6.610209,-0.6498937,7.8425245,0.10643005,-0.7461369,-0.7108357,-0.38818192
2.835213,5.067999,-0.9263847,7.8672338,0.09274888,-0.70017695,-0.85689795,-0.3187173
2.6857054,7.40184,-0.9120255,7.8660417,0.11222553,-0.7116325,-0.123280525,-0.014540613
2.670495,7.414278,-0.95668304,8.057056,0.02950716,-0.64713335,0.9703691,0.1093387
2.4866672,7.9188113,-0.98259044,8.096486,0.010946751,-0.642262,2.6232097,0.75527203
2.6622977,9.2616625,-0.9341768,8.0729065,-0.0026609898,-0.6178541,2.63176,0.5911579
2.8309968,9.27404,-0.8863518,8.193478,-0.010353565,-0.6261902,2.6726677,0.8283824
1.9309043,9.378565,-0.89791065,8.374006,0.021752357,-0.6067586,1.2531374,0.43666875
1.9259298,9.629446,-0.9922909,8.41769,0.05338621,-0.6732464,1.7595787,0.5167799
1.4999481,7.3614774,-0.9452672,8.362324,0.06962252,-0.6974602,0.50444984,-0.0065810084
1.4889631,7.269664,-0.5703345,8.307922,0.07364893,-0.71678853,0.9768983,0.1569351
1.4593472,7.3513927,-0.46120012,8.357759,0.063500404,-0.75559545,0.38915622,-0.36637998
1.6254587,6.2270055,-0.550885,8.14014,0.13068509,-0.7770641,-0.20763361,0.30033433
1.4662585,6.113355,-0.55318767,8.140749,0.09667468,-0.75812244,1.7050188,0.4615417
1.5342281,5.7886076,-0.57835734,8.057081,0.102912426,-0.7786555,2.167014,0.44156635
1.7665625,6.3315134,-0.7637279,8.119982,0.1365192,-0.80149364,1.3013766,-0.009133637
1.7669353,9.854937,-0.6988045,8.202427,0.20505047,-0.78985023,2.9428651,0.634202
1.758312,9.094011,-0.7961683,8.02021,0.24661875,-0.8599012,2.4724832,0.9598391
1.7560387,7.366445,-0.5741415,7.917699,0.259902,-0.8069613,2.501498,0.91210186
1.7785046,9.207076,-0.43505543,7.907809,0.27675104,-0.8307235,2.162634,0.7720139
1.4725819,9.641199,-0.752205,8.303315,0.2929604,-0.8408413,-0.8811789,0.35005867
1.5266359,8.796278,-0.90818053,8.299182,0.3293028,-0.8576753,-0.77875054,-0.43723512
1.8122768,7.373227,-0.99102354,8.258726,0.25424576,-0.7940848,-0.70560503,-0.3460241
1.6405576,7.5467343,-0.950652,8.266883,0.22838831,-0.7878537,-0.8476751,-0.23222387
1.7087585,8.447138,-0.97545207,8.355331,0.22875643,-0.80672526,-0.8480221,-0.3451392
1.7024696,9.771831,-0.8473391,8.442654,0.19753408,-0.8134198,-0.68999845,-0.3698215
1.8505362,9.361753,-0.8067889,8.357496,0.239007,-0.7935302,-0.9709578,-0.46713465
1.8673884,9.231485,-0.933149,8.382015,0.2251985,-0.8207283,-0.99760705,-0.11001176
1.5529542,7.8637724,-0.9401137,8.342874,0.24062252,-0.8436022,-0.99177843,-0.04427612
1.614008,5.71931,-0.8870655,8.339695,0.2091589,-0.8486762,-0.86174786,-0.14207199
1.626785,5.1778784,-0.85014224,8.147948,0.24725795,-0.82607675,-0.9856205,0.29304677
1.6921546,4.657141,-0.8779182,8.015085,0.24648523,-0.8305092,-0.083082795,0.7865027
1.6680647,3.144135,-0.85384166,8.02941,0.24958158,-0.8411486,-0.20624971,0.090654016
1.8078842,5.167924,-0.9766747,8.089854,0.23852229,-0.8381181,-0.023478568,0.82922995
1.869711,7.475659,-0.97183347,8.107117,0.21824431,-0.8309026,0.37499905,-0.28897193
2.2379699,8.701809,-0.962591,8.202768,0.20496774,-0.8547659,-0.36195642,-0.111460745
2.1931891,9.244034,-0.96802175,8.129068,0.2365849,-0.87330246,0.47246063,0.30984056
2.226293,9.303612,-0.86936677,8.1539135,0.2865901,-0.8775356,-0.53980064,0.044065475
2.2323577,8.818997,-0.66106004,8.057221,0.29359126,-0.910584,-0.2515722,-0.17086634
2.106028,9.160248,-0.7323332,8.038889,0.34980583,-0.96928644,-0.38575137,0.22259265
2.1193092,7.127562,-0.9632303,8.123371,0.37773538,-1.008791,-0.11813635,0.7287437
1.8227439,6.6487923,-0.70431393,8.115103,0.31975055,-1.0034096,1.1445565,0.9003258
2.4612567,5.9469805,-0.6862939,8.022674,0.34460568,-1.0031486,0.23737884,-0.48817685
2.4278212,3.4849532,-0.8838757,7.911576,0.34004307,-1.0119013,-0.17765963,-0.031942666
2.0114233,4.205214,-0.7162032,7.8403425,0.35988402,-1.0178926,1.5411801,0.23863822
1.8632674,6.775661,-0.434134,7.842581,0.373358,-1.0205648,-0.21448481,0.22895014
1.6045834,6.3421936,-0.5170666,7.965933,0.34811592,-0.9975164,0.21435761,-0.3915481
1.645239,4.8782496,-0.54668653,7.872112,0.37834144,-0.9836736,0.13166296,0.7232491
1.7124355,6.1681995,-0.35377574,7.832903,0.36445022,-0.98612666,-0.10157317,-0.46366972
1.5068692,5.9678855,-0.26667202,7.868883,0.33175802,-0.97996163,-0.3611732,-0.4770563
1.5055943,6.3555493,-0.25711513,7.8376856,0.34268594,-0.9640851,-0.21109688,-0.45352465
1.4696149,7.685107,-0.16878736,7.787682,0.37332964,-0.9861536,-0.5239929,-0.28874314
1.49173,7.8564053,-0.11581248,7.8214674,0.33930397,-0.9014673,-0.4804811,-0.031712323
1.3315537,4.934054,-0.157902,7.806273,0.28885317,-0.92254496,-0.22543305,-0.20753905
1.4188603,5.3597393,-0.1517669,7.7913647,0.31966877,-0.93511844,-0.72288144,-0.15265578
1.4411824,4.6229753,-0.024445653,7.60918,0.3320372,-0.9251485,-0.4293065,0.23486882
1.167295,4.5781164,-0.03290999,7.5697837,0.31985116,-0.9067445,1.3212578,0.54976594
1.331197,3.6308982,0.009682417,7.662167,0.22370934,-0.8868861,1.0503576,0.44188964
1.1251701,3.6649442,-0.0016024113,7.7303996,0.2206533,-0.88688374,2.2677398,0.43645585
1.2990568,4.273058,-0.019833207,7.6062117,0.21751404,-0.8456788,2.0895321,0.67718315
1.5368392,4.5579863,-0.042539895,7.46775,0.24374199,-0.91513085,2.7082474,0.073320985
1.6403846,3.4533095,-0.038070917,7.4433618,0.1687026,-0.83464766,2.5270927,-0.32102078
1.6648129,5.3714495,0.11377859,7.3271585,0.18112755,-0.7435303,1.8650873,0.24988127
1.7187061,5.3206954,0.20517707,7.4559736,0.22356343,-0.8233843,0.9182476,-0.43834406
1.389488,4.6644897,0.07642245,7.4891915,0.21250844,-0.838645,2.827409,-0.45450297
1.7508899,4.634971,0.07170439,7.5100145,0.21182513,-0.8401463,1.0649462,0.14980537
1.9540138,6.5349197,0.16377926,7.642098,0.2119267,-0.8649287,0.7026588,0.14775264
2.7281923,6.6122684,-0.07385814,7.5758038,0.25306368,-0.96923566,1.3555689,0.4608258
2.5444427,8.462421,-0.11967671,7.4836874,0.29061937,-0.9574809,1.6566439,0.06104195
2.641764,7.726517,0.08948314,7.40006,0.2973616,-0.9132154,-0.1883778,0.16780299
2.4349642,7.1647754,0.1997124,7.4308534,0.2664523,-0.9197378,0.2352823,-0.48995388
2.305023,5.66747,0.036655664,7.4057927,0.2708125,-0.87562513,-0.5855582,0.36459875
2.806696,4.4144764,-0.20283806,7.3767676,0.27101898,-0.88004017,-0.5544876,-0.26988828
2.475081,2.182804,-0.17506444,7.451358,0.2909088,-0.9030235,-0.50331676,-0.46648723
1.9400066,2.1874766,0.059517622,7.2567906,0.3068397,-0.92433906,0.7785448,0.580806
1.935806,2.3967273,0.010190845,7.356063,0.29524136,-0.91939425,-0.23383409,-0.42650843
2.6096344,4.2438827,0.029313684,7.4588833,0.31784606,-1.0064403,0.07131028,-0.3977622
2.2825007,3.4185996,0.09943533,7.3452315,0.3115697,-0.9888339,0.5427308,-0.100303054
2.2911282,4.2783704,-0.018035054,7.363513,0.32054543,-0.9578862,-0.027821422,-0.1364513
2.4317963,9.609319,0.02610612,7.382435,0.37420368,-0.9874697,1.0463355,-0.19487083
2.24598,6.4002237,0.12553167,7.378504,0.36017656,-0.9802656,2.9770765,0.98153734
2.3101368,4.5063705,-0.034183264,7.284387,0.34488606,-0.9465108,2.9635477,0.70846605
2.9511168,6.478496,-0.1397928,7.2885866,0.3485899,-0.9747946,1.3865376,-0.041668236
2.8828464,7.701718,0.21120131,7.288584,0.40772438,-1.0605695,-0.47169405,-0.19815502
2.6240346,7.406083,0.29626453,7.0272875,0.45140123,-0.993268,-0.89531696,-0.29258966
2.1605263,4.853487,0.3388145,6.9968867,0.45163536,-1.0289451,-0.18018961,-0.33274525
2.0208771,2.718957,0.33784127,7.0351224,0.4594624,-1.0857127,0.8592342,-0.36844888
2.0902553,2.8419642,0.3404646,7.1109195,0.45518136,-1.1202397,0.66466236,-0.26584578
1.5821618,2.5093803,0.27588725,7.048012,0.48819852,-1.0861325,-0.54952705,-0.10446143
1.2527583,2.1600933,0.09489727,7.1321926,0.47587848,-1.0557523,-0.6629246,0.16481245
1.2538149,2.621646,0.25028634,7.1475177,0.48049378,-1.0177363,-0.85118407,0.017864287
1.0256169,2.7817605,0.25172842,7.222667,0.4652815,-1.0635742,-0.7700546,0.0045539737
1.0139178,4.7469625,0.5441854,7.115824,0.4735105,-1.088645,2.088655,0.008994758
1.004939,2.8804297,0.61713696,7.0031343,0.46807003,-1.0897496,2.0267718,0.035372257
1.0328081,4.9652405,0.6020212,7.0314097,0.5179312,-1.1345948,1.2846942,-0.4778248
1.1317866,4.943819,0.79716766,6.9995613,0.4680519,-1.1034583,0.09839785,-0.39715827
1.0704024,3.3181744,0.7726464,6.9160385,0.4792385,-1.1272438,0.15359926,-0.38272616
1.9446956,4.349921,0.83644176,6.8546762,0.4692006,-1.0860168,-0.44602108,-0.03766185
1.9163349,6.6044855,0.60947585,6.965497,0.47815728,-1.0971233,0.62446415,-0.18260378
1.7672311,7.091264,0.49121177,7.0147734,0.45468354,-1.0643435,2.8460183,0.62389874
1.8566384,5.279084,0.61153316,7.0239673,0.40219903,-1.0722551,1.4523902,-0.32023346
1.4409502,9.477011,0.7085762,7.0429287,0.40753555,-1.0374045,1.7769747,-0.37633038
1.4550302,7.6053305,0.72682726,6.980702,0.39259815,-1.0518147,2.4644876,-0.39233848
2.8555157,5.481693,0.64308715,6.856844,0.42253613,-1.0679467,2.4637105,0.9350023
2.4139707,4.4955673,0.48158228,6.8979807,0.43206787,-1.0699391,2.7791102,-0.27702686
2.2811348,3.3870842,0.48222375,6.8650594,0.46692967,-1.0973947,2.4057174,0.08204359
1.6052966,2.5509918,0.50733614,6.8741937,0.4266193,-1.0248098,2.5470095,0.86062574
1.4386599,2.901525,0.47397637,6.860031,0.42168355,-1.0200212,2.8396149,0.88225853
1.1774509,2.5457282,0.45173454,7.0124416,0.40231514,-1.015481,2.5967548,0.69323194
1.2236816,2.3558662,0.59090006,7.0196075,0.42979908,-1.0542444,2.9829564,0.7485373
1.1673249,2.2075047,0.5854305,6.936411,0.40961576,-1.0345235,2.4300501,0.89904547
1.3588116,2.9771836,0.5704982,6.9117694,0.41372442,-1.015825,1.8187187,-0.42259473
