1.2043633,3.6842058,0.3882079,8.503302,0.016133785,-0.64821434,-0.12707108,-0.47581476
1.2578096,4.244052,0.3527944,8.500599,0.019447565,-0.6167855,-0.07132727,0.037214696
1.2053757,4.26435,0.3924693,8.444405,0.025646448,-0.60803366,-0.09047353,-0.19240668
1.3847228,5.453908,0.45063138,8.435099,-0.0025502443,-0.62172365,-0.09478015,-0.41909534
1.435922,6.015967,0.450323,8.464008,-0.0029577017,-0.6427927,0.013516903,-0.37696785
1.5896013,6.083435,0.377437,8.48672,0.006973028,-0.6708329,0.06219113,-0.2079857
1.6700655,7.2297416,0.36596274,8.491322,-0.028300762,-0.56307364,-0.04552877,-0.22466987
1.5493355,6.2808366,0.35551715,8.536564,-0.043198586,-0.5646031,-0.031771243,-0.23770157
1.6146073,4.441347,0.31498814,8.508736,-0.050287485,-0.59487295,-0.06587124,-0.28984934
1.7641543,4.4957185,0.28923118,8.541493,-0.06637943,-0.61601853,-0.10669482,-0.25398287
1.9303584,5.014751,0.33220994,8.431141,-0.06410742,-0.54990387,-0.16152298,-0.39992788
2.4615965,4.480521,0.35632002,8.339018,-0.06432247,-0.540226,-0.20139235,-0.3793391
1.9437915,4.4679427,0.54771495,8.352467,-0.09186494,-0.5482528,-0.01445061,-0.4037575
1.8026774,4.4106145,0.4043002,8.371361,-0.05284691,-0.5698154,-0.03366226,0.0489285
1.7414716,5.672474,0.41030443,8.350843,-0.0598166,-0.51491666,-0.040734053,0.09522188
1.9062197,4.4004593,0.40335298,8.347042,-0.06745565,-0.521152,0.06727898,0.1640991
1.9482702,4.7977476,0.35570693,8.323633,-0.07550526,-0.51468444,0.020672202,-0.087233424
2.0908008,5.0416245,0.2826426,8.343418,-0.08250964,-0.5328207,0.037065864,-0.080878615
1.9672205,5.849452,0.33424628,8.466648,-0.058471203,-0.5425477,-0.04235077,-0.05814165
1.6914645,6.291793,0.3739941,8.4420395,-0.0578804,-0.5437772,-0.1300264,-0.34422672
1.553328,5.2567368,0.4209324,8.427725,-0.050064206,-0.54574203,-0.10406834,-0.4134945
1.3728936,5.3177443,0.6247053,8.449226,-0.05042267,-0.54446316,-0.14729488,-0.38389435
1.4402792,6.3525224,0.67426157,8.560785,-0.08481431,-0.5540123,-0.07863623,-0.4347745
1.3464407,5.6873116,0.68087053,8.594559,-0.11192238,-0.53648233,-0.06799126,-0.39603296
1.2287946,4.7506227,0.6520157,8.562542,-0.09587681,-0.5319321,-0.029245973,-0.4904209
1.3570862,5.0304127,0.5771456,8.525253,-0.09203863,-0.5476506,-0.040167928,-0.1355741
1.4232259,4.747118,0.61434746,8.506767,-0.11636567,-0.552943,0.09401858,-0.03804028
1.6483529,4.609647,0.53458023,8.48228,-0.12910008,-0.54448223,0.11150026,-0.010626376
1.406606,4.41117,0.53294706,8.518489,-0.13653445,-0.54612565,0.004453659,-0.10811257
1.5086186,3.982298,0.6940901,8.496294,-0.13675511,-0.573802,-0.008789301,-0.2747443
1.4599382,4.1680326,0.69471264,8.4575615,-0.13221025,-0.534251,-0.045841992,-0.29735577
1.3730524,3.4949803,0.8485751,8.374683,-0.14788795,-0.4979155,-0.02400124,-0.17435741
1.3822267,3.364885,0.82636714,8.29384,-0.1638043,-0.4516902,-0.11185825,-0.4564085
1.448516,3.107713,0.91740227,8.289997,-0.1841842,-0.48514223,-0.014723361,-0.3087509
2.539114,3.0599942,0.7915919,8.242731,-0.18122256,-0.4838872,0.04290247,-0.3802764
1.8659177,2.996056,0.98010445,8.222362,-0.15983915,-0.545563,0.06951082,-0.23176351
1.6916351,4.389353,0.9437064,8.31528,-0.1540705,-0.5709796,0.15490687,-0.25265
1.7854804,3.2940872,0.9624853,8.243923,-0.14208233,-0.5722208,0.16779613,0.26761484
1.696233,4.1130724,0.990124,8.272118,-0.13778007,-0.4953723,-0.13650107,-0.395582
1.6928071,3.4230242,1.0184207,8.23694,-0.152287,-0.4985609,0.0076081753,-0.40172583
1.5823061,2.98894,1.0236852,8.235638,-0.1513474,-0.55834436,-0.021241903,-0.38320076
1.7779961,4.2848425,0.9682884,8.257916,-0.13705826,-0.5561602,-0.024986327,-0.28284124
2.106006,3.7684944,1.0128455,8.191945,-0.16013229,-0.49029303,0.072903395,-0.28672653
2.0999255,4.3080454,0.8570603,8.255501,-0.15389025,-0.5010562,0.023609519,-0.27386668
1.8648679,4.0346246,0.97208405,8.203728,-0.14065993,-0.5123863,0.007144928,-0.315399
1.4185598,3.6963553,1.0169501,8.276558,-0.17046809,-0.53130364,-0.020347595,-0.2380274
1.7475345,4.5381913,1.0061412,8.241756,-0.16515732,-0.4762025,-0.0052107573,-0.2507093
1.6455994,4.213713,1.0284722,8.205641,-0.16893029,-0.4363532,0.098679304,0.13412488
2.7515843,3.4489899,1.055161,8.102418,-0.18394399,-0.43429446,0.23464191,0.13981545
2.5221195,3.3077402,0.9506643,8.108126,-0.19175398,-0.4328289,-0.054578662,-0.4588344
2.5280664,2.312778,0.90264463,8.179878,-0.21344328,-0.44739366,0.0240314,-0.37778473
2.1857548,2.2186568,1.0311923,8.21259,-0.21226323,-0.4622872,-0.07735187,-0.29340255
2.3943167,2.0543284,1.0068562,8.050045,-0.22139859,-0.35731244,-0.05288112,-0.14450914
1.6862414,2.1893024,1.069042,8.077913,-0.22292364,-0.35724902,-0.115659595,-0.32920927
1.5127002,2.1723795,1.1395297,8.147455,-0.24742854,-0.37057757,-0.060088158,-0.39120364
1.3753235,2.2559557,1.0951176,8.13847,-0.22648239,-0.39406943,-0.11929995,-0.40039694
1.3217685,2.1556342,1.1463859,8.129965,-0.21617925,-0.37254453,-0.15817446,-0.42218983
1.3167584,2.3553748,0.94064736,8.20048,-0.20298946,-0.4049096,-0.1520248,-0.3601812
1.3427578,2.1996975,0.88746715,8.245319,-0.22137713,-0.3964553,-0.121005714,-0.3660222
1.3620832,2.3463378,0.9008126,8.204336,-0.22139013,-0.43646955,-0.055381596,-0.4141025
2.691566,2.0404875,0.7062762,8.178086,-0.2059946,-0.42353773,-0.030778885,-0.26122388
2.990856,2.562665,0.79737294,8.154335,-0.21503222,-0.41145802,-0.09395361,-0.16272777
2.680779,2.794839,0.9713478,8.112248,-0.17231107,-0.4386871,0.0070331097,0.15857697
2.4539435,3.1443558,0.91765106,8.128487,-0.17679584,-0.4991057,-0.10600394,-0.37363517
2.3629825,2.195759,0.8487253,8.182784,-0.16843903,-0.41949534,-0.08702868,0.094833374
1.2641989,2.1408422,0.8239207,8.313408,-0.1606443,-0.4671018,-0.15567917,-0.37508503
1.188825,2.9123294,0.80188775,8.299819,-0.16056824,-0.50218654,-0.06758249,-0.46113342
1.9658098,3.1024308,0.7345077,8.205479,-0.093539834,-0.5804415,-0.12702584,-0.43570307
2.2127495,3.0491252,0.81263065,8.185424,-0.09210563,-0.5415797,-0.12844235,-0.3304013
2.6034472,5.291422,0.7947465,8.161028,-0.09140396,-0.55893064,-0.15102208,-0.41449043
2.2979336,6.6655483,0.7117536,8.320791,-0.08882904,-0.57919216,-0.05201,-0.09789008
2.4375145,6.681115,0.64799285,8.366575,-0.07722056,-0.6443577,0.05159402,-0.04287243
2.2803736,8.125347,0.645231,8.130491,-0.008965135,-0.6437726,0.040741444,0.10531622
2.5364642,6.109389,0.7059884,8.151714,-0.055590153,-0.49802685,0.05136168,0.36103934
2.7488527,8.249324,0.5649073,8.1819725,-0.03749609,-0.5171528,0.26812708,0.27168143
2.4951844,7.5966763,0.7049861,8.217754,-0.03653729,-0.5911231,0.17375124,0.3013755
2.2257066,5.689799,0.7558737,8.201992,-0.030401468,-0.6299231,0.18743765,-0.32265788
2.0500827,7.102905,0.79892683,8.188114,-0.030672431,-0.6125369,0.08711481,-0.16012889
1.6961402,5.563342,0.8596971,8.155269,-0.045259118,-0.59641385,0.07903087,-0.2433939
2.3927572,6.312544,0.84635437,8.181448,-0.043497324,-0.6253028,0.042078853,-0.34409648
1.9018676,4.829833,0.7410946,8.152463,-0.018580198,-0.5982442,-0.0431844,-0.39264864
2.0429087,6.169844,0.79173636,8.174875,-0.016127586,-0.6740742,-0.07327533,-0.41522288
2.1810956,5.4238787,0.73139215,8.1956215,-0.016693711,-0.6628339,-0.05667001,-0.45078763
1.9172353,6.5839233,0.73739946,8.232287,-0.024760723,-0.6676681,-0.02913922,-0.3529859
2.0928364,6.692475,0.7752907,8.199038,-0.025680304,-0.66789675,0.01046288,-0.24685577
2.3706915,6.4125123,0.7761729,8.183302,-0.030179381,-0.63085794,-0.023493707,-0.40447134
2.4836822,6.2279625,0.78611267,8.094919,-0.00906682,-0.6318004,-0.021727204,-0.3490119
2.46859,4.580635,0.8965249,8.185258,-0.071247816,-0.59360313,-0.061801434,-0.3619816
2.7395487,7.9260383,0.8972056,8.133703,-0.09515631,-0.5800314,-0.052087426,-0.35867566
2.6642997,6.796454,0.8794594,8.163526,-0.12420833,-0.5702331,0.0007317066,-0.39404285
2.293311,6.7267118,0.88925385,8.201431,-0.15965569,-0.45947123,-0.04135716,-0.46672508
2.6796923,6.755478,0.6835289,8.330694,-0.19975054,-0.41944718,-0.05831808,-0.28740567
2.619924,5.816284,0.7534952,8.338655,-0.17040682,-0.42242742,-0.123259425,-0.3621987
2.7665765,5.2845316,0.681664,8.327169,-0.1844039,-0.49437666,0.016774654,-0.37120527
2.3209465,5.38177,0.81071186,8.452922,-0.18506932,-0.52612805,-0.12432808,-0.44936025
2.4513478,5.0940065,0.6018435,8.403854,-0.18536222,-0.5260086,-0.04498428,-0.2963968
2.4747047,5.6564517,0.8344321,8.373468,-0.2072469,-0.53103876,0.03731799,-0.34976596
2.9612567,6.057557,0.82262075,8.372604,-0.20858443,-0.48266625,0.00418067,-0.3933906
2.9594555,6.5209727,0.80243695,8.380968,-0.2212447,-0.4704454,0.003541708,-0.40973622
2.934945,6.6823473,0.78597176,8.392857,-0.21983922,-0.48557663,0.058173776,-0.10700354
2.9760108,7.0056043,0.77721274,8.381206,-0.23478961,-0.40207982,0.12612963,-0.09054524
2.9601655,6.4223146,0.76765907,8.393706,-0.21838725,-0.4733858,0.07260597,0.077052
2.2773895,6.5912766,0.85003495,8.399457,-0.18106449,-0.46730304,0.08890331,-0.12624246
2.2501736,4.6310596,0.80228245,8.351764,-0.1798526,-0.4483962,0.24492037,0.23944509
2.5392332,5.2803245,0.82782817,8.259222,-0.1830355,-0.47827435,0.22389042,0.12504238
2.4009414,6.131319,0.8220458,8.327704,-0.18525338,-0.4637792,0.09996784,0.14695483
2.5198581,6.3490367,0.8196707,8.328352,-0.18423009,-0.4475131,0.15838408,0.03611499
2.2012188,5.7608995,0.69516563,8.353905,-0.1931504,-0.44683337,0.14786744,-0.21300682
2.8516107,6.7634363,0.67284906,8.3374605,-0.2017324,-0.41710377,0.0688231,-0.18615639
2.9283257,6.8093033,0.6793132,8.323034,-0.20644736,-0.40269113,-0.14483392,-0.3489128
2.8803394,2.4418497,0.6418247,8.334037,-0.2239976,-0.40578938,-0.14061117,-0.20218134
2.9313092,4.5930996,0.46402168,8.35186,-0.22288942,-0.4100294,-0.08379388,-0.42937565
2.78847,4.936552,0.54458094,8.343549,-0.18429005,-0.39495254,-0.17724997,-0.4112881
2.8677168,5.7992907,0.5543668,8.314216,-0.18546832,-0.41041136,-0.1731003,-0.2903381
2.8176475,5.295458,0.54233634,8.320186,-0.16863692,-0.42157412,-0.13846469,-0.45848426
2.8558643,5.5209966,0.48201537,8.268134,-0.15471733,-0.41100788,-0.18621248,-0.1649302
2.6236868,2.6912663,0.50163543,8.278995,-0.15270567,-0.40617704,-0.25987327,-0.4301558
2.757891,3.356021,0.7400644,8.239004,-0.16999209,-0.4320469,-0.2019192,-0.36034134
2.688045,5.31041,0.8107927,8.245804,-0.14470518,-0.50337386,-0.1931715,-0.38987198
2.843301,3.9941828,0.54729605,8.344161,-0.15997458,-0.46460104,-0.08614528,-0.38988107
2.7904842,3.336655,0.5508822,8.273618,-0.15719473,-0.471704,-0.20372546,-0.44645384
2.783817,4.0012403,0.66217387,8.249981,-0.15751266,-0.4147582,-0.058529437,-0.43778306
2.980907,4.3364224,0.7219541,8.268073,-0.18908286,-0.4331503,-0.1753326,-0.45505804
2.8316736,3.5408645,0.70389915,8.3080635,-0.2374425,-0.37488532,-0.17594647,-0.23298779
2.7845075,3.3466063,0.39584136,8.312784,-0.24078822,-0.3250072,-0.04783237,-0.30644584
2.5208,3.0245645,0.44351137,8.351959,-0.24102485,-0.31930423,-0.2594232,-0.3678522
2.5776405,2.8799925,0.54413867,8.443771,-0.29701638,-0.2885294,-0.16673392,-0.40583822
2.550629,2.5695133,0.41092408,8.436865,-0.3174789,-0.2854159,-0.07951301,-0.22852704
2.6049044,2.4817407,0.4600761,8.465824,-0.31626523,-0.31381726,-0.13952935,-0.33942494
2.4460378,2.7463188,0.29407263,8.583658,-0.3458618,-0.33695507,-0.04665464,-0.3151356
2.3483367,2.5331943,0.26780844,8.630732,-0.34831882,-0.33682585,-0.10703933,-0.10536587
1.9525609,2.6211593,0.57273936,8.484123,-0.33281398,-0.3029201,0.117497444,0.073144555
2.711859,2.5896242,0.47513723,8.493538,-0.33224297,-0.3399403,0.10108149,-0.17710477
2.896372,3.0935855,0.31525266,8.47794,-0.32316113,-0.36497998,0.080994725,0.062223017
1.452194,2.099806,0.8349798,8.471743,-0.34931242,-0.3343444,0.16029489,0.13119203
1.4213371,2.1414769,0.849977,8.474258,-0.34296584,-0.33798218,0.025661588,-0.098370045
1.3255918,2.6140769,0.72308004,8.49788,-0.32927573,-0.3447001,-0.0025529861,-0.24654806
1.6443176,2.981169,0.6509805,8.485966,-0.34415507,-0.28622174,0.021428347,-0.171911
1.2386334,2.531519,0.9925927,8.438822,-0.35683906,-0.29597855,0.040765166,-0.47624677
1.1163033,2.301043,1.0187881,8.467667,-0.36191964,-0.31289768,0.02540958,0.1046626
1.4651906,2.1314046,0.91618586,8.50049,-0.35954976,-0.3419037,0.042815566,-0.49521273
1.3270154,2.3417878,0.96775687,8.448157,-0.32878006,-0.39100003,0.11247611,-0.47891974
2.898095,2.36583,0.9620602,8.35505,-0.32085443,-0.33994174,-0.14364332,-0.35799745
2.864414,2.9510002,0.89537656,8.308935,-0.3108461,-0.28518152,-0.04482788,-0.40517634
2.8136494,4.0924773,0.83206487,8.271489,-0.26126516,-0.34511828,-0.12078571,-0.45464456
2.0286481,2.4762087,0.70812476,8.267235,-0.2298119,-0.38661528,-0.037362397,-0.3277504
1.9166684,3.187201,0.88641083,8.258373,-0.24295926,-0.36044574,-0.04187411,-0.4038891
1.8246566,2.8306084,0.8301041,8.319551,-0.25346494,-0.3972187,0.046223283,-0.4497851
2.3161094,4.0089226,0.6677108,8.335004,-0.21925974,-0.4133494,-0.097061634,-0.45768377
2.3119087,3.3887224,0.78239536,8.332649,-0.23714185,-0.4212017,-0.11051184,-0.3933057
2.2925293,3.4458933,0.7932687,8.302075,-0.2207948,-0.35393286,-0.10650408,-0.34818235
2.0471077,3.171121,0.6337178,8.30277,-0.16811824,-0.43066096,-0.021058321,-0.27401894
2.0051746,5.3606825,0.6225662,8.28838,-0.14114523,-0.3879199,-0.21155822,-0.4600684
2.2357492,5.277961,0.7373562,8.276314,-0.14678562,-0.42430902,-0.14213687,-0.3882888
2.6215088,3.9782987,0.41201282,8.337296,-0.17624581,-0.42282248,-0.056259096,-0.40075505
2.6826851,3.176043,0.4294455,8.298922,-0.1765691,-0.40533924,-0.16823262,-0.1091159
2.3501668,5.258989,0.68168974,8.258907,-0.19253695,-0.41954517,0.06824267,-0.08897337
2.1533167,5.2907314,0.9178271,8.267862,-0.19890964,-0.41342974,0.056699395,-0.13491249
2.0608804,6.4089165,0.881984,8.326231,-0.17687273,-0.49774933,0.026936412,-0.3974847
1.9190004,4.322047,0.920025,8.310448,-0.20288563,-0.50828815,-0.05224073,-0.428216
2.128939,2.3900676,0.82032037,8.286846,-0.22438931,-0.501215,0.007798314,-0.3847643
1.9172306,2.603032,0.83095646,8.288404,-0.18540204,-0.49339294,-0.19261944,-0.36192054
2.3930073,2.30647,1.2430916,8.098999,-0.18177187,-0.4676938,-0.08188152,-0.49526042
2.1628754,3.227754,1.2412086,8.111238,-0.19506943,-0.48171902,-0.09055507,-0.4430643
2.1706972,2.164622,0.99996734,8.129705,-0.18913567,-0.47319221,-0.028781414,-0.20612612
2.324472,2.3416166,1.0763335,8.244255,-0.24488938,-0.4712851,-0.0052900314,-0.21913502
2.5202181,2.3169873,1.0785158,8.150169,-0.21858466,-0.43053913,0.056389093,0.0960297
2.4067063,2.4060986,1.026243,8.156089,-0.22438526,-0.43068552,0.09667957,0.09508616
2.0296772,3.185492,1.0331242,8.14625,-0.22181809,-0.408926,0.07851863,-0.21424502
1.9715637,2.4702716,1.0450182,8.156545,-0.21591973,-0.45692945,-0.10209638,-0.2586429
2.1571212,3.3947747,0.98584485,8.2030525,-0.22290206,-0.47560072,0.019883513,-0.4542577
1.934006,3.244721,1.1961393,8.224912,-0.25799167,-0.43254924,0.053676963,-0.2835567
2.1137066,3.2706246,1.2354994,8.205652,-0.2656914,-0.40822172,0.014641166,-0.032389045
2.4669948,2.824363,1.099524,8.1805525,-0.27208543,-0.39465618,-0.083340466,-0.43689656
2.7252066,3.201602,1.1486032,8.134409,-0.24856508,-0.41400337,-0.07245821,-0.47931546
2.5132077,3.0068688,1.0906281,8.178701,-0.24146271,-0.3852291,-0.03758186,-0.28928035
2.2285137,3.7166107,1.110384,8.298069,-0.2768066,-0.37810612,0.05725944,-0.22234946
2.3343987,3.227338,0.9776037,8.293303,-0.27864158,-0.37919855,0.03013432,-0.3598233
1.8379934,3.1379347,1.0061309,8.30494,-0.26272786,-0.39213276,-0.039058924,-0.31807348
2.1442614,3.1185865,1.0211616,8.324699,-0.26916802,-0.41624522,-0.04756713,-0.39095736
2.1028094,3.4677138,1.0481489,8.349086,-0.2640518,-0.43618727,0.07651532,-0.26833466
2.1805775,3.2667165,0.96880436,8.342958,-0.23495865,-0.47116208,0.09070897,-0.260899
1.8869014,3.4480252,0.86879754,8.326135,-0.21954167,-0.4308324,0.04136491,-0.43829626
2.065659,3.6869974,0.81803894,8.343351,-0.23399568,-0.41701007,-0.07162368,-0.21075279
2.5071056,3.6158762,0.7972126,8.344279,-0.24509966,-0.42623115,-0.10498357,-0.38385034
1.7937753,3.7067018,0.76876915,8.360088,-0.20970082,-0.43039703,-0.0067539215,-0.482438
1.7905627,3.9815311,0.8248677,8.297239,-0.21469104,-0.4063847,0.0050837994,-0.114693046
1.970391,2.7426176,0.6665888,8.296625,-0.2179048,-0.40354276,0.03799677,0.018510938
1.035032,2.2681313,0.60540843,8.397913,-0.21228874,-0.40811515,-0.049832284,0.0122054815
1.0527701,2.08257,0.5875169,8.486275,-0.17854464,-0.45203543,-0.14702517,-0.45911047
0.9317408,2.1661582,0.66852593,8.454306,-0.19339168,-0.43288445,-0.09140998,-0.12517908
1.1808892,2.143494,0.6448312,8.392718,-0.19702053,-0.43128133,-0.00093740225,-0.17615485
1.6051037,2.691879,0.80485654,8.200499,-0.18796396,-0.43181372,-0.034367263,-0.3399135
1.8711905,2.487362,0.99801826,8.172363,-0.2115947,-0.4356618,-0.06131786,-0.39798892
2.1495187,2.9566336,0.9010327,8.152917,-0.19528258,-0.4388008,-0.14955252,-0.2325787
2.6765969,3.2809775,0.5985863,8.225388,-0.18547761,-0.4239769,0.062113523,-0.038625985
2.3427477,3.5586567,0.6229775,8.262188,-0.17030263,-0.42066956,-0.088516355,-0.44871134
1.8938962,3.4359543,0.685853,8.306346,-0.15513611,-0.4501691,-0.022573113,-0.09262419
1.6941377,2.4573388,0.64082026,8.269782,-0.15950465,-0.48282862,0.11055112,0.21761525
1.6904066,3.6475592,0.6448926,8.276756,-0.14822364,-0.48466444,0.07087779,0.19360161
1.7893534,8.650158,0.98261,7.146279,0.67187834,-1.299094,-0.0828644,-0.25829548
1.7167131,9.230711,0.93812037,7.248382,0.7096462,-1.3159115,-0.14178771,-0.41413748
2.4005136,6.931575,1.0288839,7.1499114,0.65803576,-1.33119,-0.12398505,-0.47485703
2.5005283,6.722488,1.050921,7.090183,0.66314435,-1.3030245,-0.16798252,-0.4748493
2.3706841,6.258831,1.0166383,7.1440587,0.64372826,-1.2299919,-0.19332582,-0.3916109
2.066153,8.636671,0.99719894,7.1794367,0.65328026,-1.2866442,-0.19478434,-0.3337578
2.063244,8.5603695,1.017451,7.174624,0.68489766,-1.2871165,-0.18953526,-0.2772818
1.4286548,8.043372,0.95430255,7.219845,0.68451715,-1.3114552,-0.092372835,-0.311037
1.3643246,7.817381,0.969578,7.1891866,0.68837285,-1.2629559,-0.16400981,-0.39299145
1.8120769,6.37811,0.95112646,7.182,0.6753521,-1.2910341,-0.10995746,-0.42866156
1.472926,6.8295836,0.95892847,7.269129,0.659183,-1.2937763,-0.13770968,-0.48642242
1.7084737,8.337704,0.9309108,7.269881,0.67847776,-1.2966177,-0.17515367,-0.32191852
2.484135,9.68438,0.9132011,7.1202154,0.6775763,-1.2948062,-0.21438098,-0.45358866
2.4269443,9.555557,0.9379858,7.2511225,0.67899084,-1.3109913,-0.061297894,-0.36566943
1.3429387,8.600168,0.89452314,7.367002,0.68354416,-1.3469326,-0.17435926,-0.38676307
1.3162681,5.735834,0.8762479,7.337921,0.73707175,-1.3857222,-0.16321927,-0.2701973
1.2162259,8.653609,1.0442038,7.287842,0.6940782,-1.3323696,-0.04958242,-0.22963917
1.0208449,5.0243325,0.995584,7.2196846,0.71114707,-1.3507981,-0.036819816,-0.14388648
0.964127,5.9063535,1.0567427,7.0762243,0.7350333,-1.3503311,-0.0073451996,-0.17732972
2.0644317,8.496641,1.102947,7.1016674,0.69009423,-1.353026,-0.08958316,-0.25073576
2.220489,8.602261,1.0806191,7.0867643,0.68532085,-1.3251339,-0.11757529,-0.19004935
1.168268,3.7555616,1.0668013,7.0792575,0.6991515,-1.3062973,-0.025561035,-0.30433655
1.0475125,7.271419,1.1044352,7.1145053,0.6979439,-1.3550375,-0.049797535,-0.44736648
1.1071305,4.444007,1.0792985,7.104368,0.7057841,-1.359488,-0.11641735,-0.4887777
1.3280104,4.1471386,1.0975449,7.0932403,0.72461534,-1.3907343,-0.15970415,-0.48971662
2.9334373,8.200699,1.0436926,6.993465,0.723124,-1.3583872,-0.13169175,-0.49516883
2.089294,6.4694757,1.0650802,6.984908,0.7294519,-1.3227035,-0.14244974,-0.3490674
1.8289249,6.112894,1.1332679,6.979323,0.7072301,-1.3261759,-0.13551748,-0.39896953
1.5171468,6.8866057,1.1954441,6.928542,0.69481874,-1.28459,-0.22724986,-0.48380142
2.752767,6.5856423,1.1336293,6.93228,0.6933429,-1.2898403,-0.11646354,-0.21910107
2.3191857,6.335638,1.1234198,6.9649897,0.6826346,-1.3059558,-0.07792407,-0.20794076
1.3868651,8.05328,1.0952625,6.986375,0.70197415,-1.3034917,-0.13911009,-0.32465482
1.5355378,9.187067,1.154335,6.959752,0.6740253,-1.2994547,-0.08980739,-0.321915
1.3457689,4.486912,1.1588848,6.918036,0.71382046,-1.292696,-0.1513763,-0.40274245
1.0752547,5.0276275,1.1386619,6.9484286,0.7163708,-1.3066316,-0.048543215,-0.22081724
1.1468675,6.3533406,1.1259444,6.9534645,0.7253053,-1.3156332,-0.07805246,-0.20929316
1.5699823,7.360207,1.0987201,6.9122047,0.7213192,-1.3614244,0.046378493,-0.39250445
1.340445,6.680272,1.0979657,6.895935,0.7648132,-1.3705187,0.019786835,-0.36649263
1.5926896,5.46074,1.1301899,6.893613,0.7628732,-1.3869472,-0.15503067,-0.39971
1.3259405,5.0920057,1.1051888,6.834776,0.77496433,-1.3555882,-0.041926622,-0.27897206
1.3400828,7.353438,1.1026309,6.8760643,0.78758335,-1.3516223,-0.040103316,0.05307126
1.2872481,7.5425906,1.0674558,6.8811145,0.83960867,-1.4020321,0.20581067,0.464154
1.2581017,7.9251447,1.0298076,6.883523,0.8406148,-1.4085836,0.17887294,-0.090823025
1.230232,5.9441214,0.9649484,6.9924765,0.8413727,-1.4045997,0.09614563,0.10853827
1.2629702,9.19128,1.026104,6.991993,0.7941067,-1.3716341,0.103583336,-0.02875027
1.2320846,8.831696,1.0833685,6.987685,0.80280685,-1.4323665,0.044282436,-0.17304888
1.4494772,8.242385,1.015883,6.9380045,0.8330314,-1.417753,-0.080441,-0.42411155
1.4304895,8.325956,1.0211437,6.8993273,0.8341677,-1.4433134,-0.14163071,-0.33314782
2.4193244,7.432309,0.99628055,6.9034476,0.8403468,-1.4242141,-0.029560387,-0.0074336827
1.6123455,7.486364,1.0541885,6.9009027,0.84149265,-1.472915,0.0008364916,-0.30989972
1.3264065,7.3524647,1.0539057,7.0341854,0.8088279,-1.4884851,-0.013555229,-0.39214128
1.2568976,8.3594475,1.0305533,7.0711565,0.80736613,-1.4770851,-0.0059942007,-0.39299524
1.203553,7.219059,1.0287025,7.036636,0.8247242,-1.4457343,-0.12364286,-0.3666794
1.0546199,6.115933,1.0425625,7.0197787,0.8038831,-1.4110425,-0.014669538,-0.32980508
1.1192324,9.094515,1.0522475,7.072654,0.7905681,-1.4027185,-0.06051302,0.004381478
1.241637,8.445005,1.0257804,7.0687356,0.79574656,-1.4053477,0.18599427,0.17687637
1.2339928,7.6821833,0.99528563,7.0766053,0.7808902,-1.4052854,0.14169264,0.24616998
1.0281932,7.284626,1.0611813,7.097863,0.75809336,-1.3708286,0.16977298,0.14567095
1.2195799,8.832662,1.0522113,7.08897,0.7552872,-1.4068928,0.08750224,-0.103419244
1.1676352,7.5853205,1.0653217,7.155124,0.73615813,-1.4228286,0.0887537,-0.23716682
1.1027136,8.536835,1.0334797,7.0948205,0.75473285,-1.4113035,0.059733033,-0.25085893
1.0439756,3.498232,1.0593319,6.9823112,0.7944548,-1.4219496,-0.004742086,-0.31927493
1.0042535,6.741945,1.1491232,7.0133376,0.80380535,-1.4441993,-0.047444463,-0.37855238
0.90894765,5.6346135,1.1513553,7.0012474,0.7811222,-1.4378738,-0.025530577,-0.37813538
1.0773242,6.21745,1.1938958,6.98744,0.74546385,-1.4207873,-0.039288282,-0.44407257
1.3760087,5.386498,1.212733,6.9593606,0.737766,-1.4299738,-0.18639088,-0.48534274
1.3178542,8.880558,1.1875162,6.8998322,0.74018025,-1.2907238,-0.16164356,-0.49282488
1.3283737,9.536718,1.1909332,6.910426,0.7251034,-1.3412964,-0.1623444,-0.47622013
1.6158961,8.790503,1.2500179,6.8041787,0.730176,-1.3357748,-0.17814809,-0.46877202
1.9112647,8.919441,1.222955,6.742317,0.73317647,-1.3393874,-0.0994069,-0.4539068
2.222526,3.5002637,1.2609947,6.710824,0.7182529,-1.3166752,-0.08843911,-0.40102404
2.2083862,4.185622,1.3346603,6.7669296,0.6868558,-1.3219954,-0.10873455,-0.41051123
1.0675685,4.43444,1.3581893,6.768239,0.684458,-1.3381579,-0.08908868,-0.48490378
1.6496984,4.489601,1.3888147,6.6380334,0.6776788,-1.2699082,-0.0314672,-0.3381685
1.5534173,3.0464544,1.345685,6.6457186,0.67291164,-1.2833922,-0.0025220513,-0.40590698
2.0486917,7.809529,1.3977227,6.6476755,0.6809714,-1.3143013,-0.10956162,-0.43056527
1.9735072,4.382781,1.3938255,6.697958,0.6857009,-1.3507819,-0.10532391,-0.4030801
0.8907919,4.840639,1.3864024,6.7238474,0.70155454,-1.3915699,-0.017712474,-0.3849516
0.8514439,2.2722445,1.382688,6.735448,0.6944418,-1.3891951,-0.052468717,-0.38900885
0.9299394,2.2664475,1.4254937,6.6710496,0.7094393,-1.3938206,-0.023408532,-0.47001567
2.427586,8.73007,1.4183333,6.5862336,0.7148123,-1.3983474,0.18390167,-0.21006066
2.139768,8.023279,1.4182658,6.578532,0.70821285,-1.3845451,0.11837947,-0.06905922
2.8821456,5.350524,1.4282107,6.5351763,0.7258897,-1.401483,0.0065881014,-0.2811182
2.6363387,9.113464,1.4421477,6.550276,0.74169517,-1.4515748,0.1884408,-0.2841201
1.304726,8.29016,1.5241094,6.48258,0.7643423,-1.4569485,0.02530849,-0.1424849
2.073252,2.3446658,1.4393129,6.5110373,0.7476449,-1.4740531,-0.0077846646,-0.3294651
1.0860844,2.7490232,1.4142296,6.561352,0.76293206,-1.4630494,-0.0070849657,-0.31120095
1.9159389,4.480285,1.3888464,6.5500374,0.74354386,-1.4136161,0.04071796,-0.44414985
1.2331511,3.898261,1.4292979,6.586167,0.74075127,-1.3558302,-0.19392228,-0.44215593
2.004047,5.222143,1.3423443,6.583112,0.7511325,-1.351466,0.0010303259,-0.38090885
2.278142,9.292288,1.365582,6.5808887,0.7184007,-1.3314512,0.004055977,-0.40794897
2.1811604,2.4259424,1.431242,6.5757494,0.727669,-1.3898253,-0.11389762,-0.4998463
1.2921119,3.4485629,1.3612866,6.5445437,0.7609427,-1.3890154,-0.14900357,-0.4989935
1.2899117,4.5139456,1.3763995,6.56015,0.77460766,-1.4088689,-0.054749906,-0.4903861
0.9093559,3.3696256,1.3356535,6.6377373,0.8099575,-1.4503987,-0.06070918,-0.49014628
0.9262018,3.6478882,1.3439724,6.6514006,0.7954178,-1.4475441,-0.046175957,-0.45234582
0.9213618,3.8709989,1.342876,6.626997,0.7824347,-1.4017935,-0.0004325509,-0.40840638
1.1733226,3.6266866,1.3500376,6.6430745,0.78810906,-1.4382343,0.055743217,-0.44597745
1.1747456,8.967278,1.3769121,6.62914,0.77592206,-1.429153,-0.006553352,-0.48546046
1.084353,7.0604215,1.4087114,6.5445814,0.77986574,-1.4501743,0.21051204,-0.2640533
1.1630831,6.7700367,1.3906314,6.5927687,0.769933,-1.4196875,-0.021958888,-0.4197948
1.6310921,7.994048,1.39681,6.5579224,0.7751398,-1.3960693,-0.07732993,-0.42321235
1.9573898,8.932412,1.3492901,6.587637,0.7910876,-1.4625671,-0.03374517,-0.3271895
1.6209509,8.948287,1.2983279,6.4575396,0.86823726,-1.4634902,0.06561661,-0.24762204
1.9111985,7.7601213,1.2911961,6.4345474,0.891639,-1.5071766,0.1917572,0.18466544
1.6739191,4.3525305,1.3034959,6.478098,0.8967562,-1.5331737,0.19222939,0.14839178
0.9020992,3.6373167,1.3304057,6.5267467,0.89728904,-1.5446961,-0.03042674,-0.40107626
1.2302872,9.90716,1.3318465,6.523603,0.8708401,-1.5215023,0.14050448,-0.3464011
0.80848503,2.7152998,1.3336897,6.5227995,0.8653569,-1.5187864,0.069321394,-0.33996332
0.7250104,4.7771883,1.3480124,6.5653753,0.9187696,-1.5781447,-0.019908607,-0.18149075
0.7172191,4.840049,1.3490577,6.6011114,0.9190874,-1.5708992,0.019445777,-0.26511946
0.70704585,5.5249624,1.3003588,6.6086054,0.93463683,-1.5372984,-0.0031732917,-0.20302111
0.7092552,4.466563,1.295826,6.6082435,0.9334488,-1.5235174,-0.00060379505,-0.28364673
0.78188324,3.690609,1.2761588,6.534591,0.9410629,-1.525211,-0.077165484,-0.43968415
0.91388154,3.797799,1.2722039,6.4632893,0.9701047,-1.5512123,-0.08956033,-0.28477523
0.9531217,7.2957983,1.3190868,6.4867945,0.9745989,-1.6139636,-0.015143454,-0.36797637
0.9310204,7.237696,1.3202162,6.51639,0.96074057,-1.6499009,0.04689467,-0.42948505
0.9384301,6.7507567,1.308048,6.5452147,0.97307706,-1.6477559,0.0048857927,-0.40090048
0.9728678,8.032808,1.3014596,6.5685377,0.9595599,-1.6405561,0.008412361,-0.30793816
0.9177177,8.224373,1.2885258,6.5449085,0.9432385,-1.5725594,-0.004841149,-0.27561256
0.89928746,6.528572,1.2614834,6.6397705,0.9456792,-1.6125282,0.040001154,-0.2908053
0.86708933,7.3793077,1.2366636,6.6931243,0.9328029,-1.615032,0.038900733,-0.2636615
0.8665019,8.4549885,1.2264833,6.793095,0.9248278,-1.5970075,0.062086582,-0.36948308
0.8648317,8.5422535,1.2370803,6.781288,0.9195657,-1.5736258,0.053139925,-0.18843597
0.8795653,7.659048,1.1923759,6.8094525,0.895308,-1.5235078,0.14572954,-0.23400572
0.959432,7.9007564,1.195288,6.7928257,0.9031091,-1.6004105,0.028136492,-0.27883726
1.1007011,9.754157,1.1953275,6.79704,0.9100578,-1.56703,0.096294045,-0.028252006
1.045233,8.014339,1.1993322,6.763377,0.9104383,-1.5622156,0.035091996,-0.45453316
1.0377986,9.386284,1.2089877,6.7569904,0.8832021,-1.5546114,0.032394767,-0.43194997
1.0310006,9.318544,1.2029486,6.804582,0.8752973,-1.538831,-0.07466078,-0.42546803
2.2200098,6.0369153,1.1134038,6.758422,0.84960437,-1.5090696,0.0034081936,-0.3482378
2.4803,2.2249236,1.1563189,6.7605023,0.8677621,-1.4934036,-0.03450507,-0.28779233
2.4813445,6.6972985,1.1617022,6.757686,0.85465455,-1.4957197,-0.1551373,-0.49955797
2.9141493,4.422247,1.1491303,6.789461,0.85451674,-1.5130517,-0.16017914,-0.46522892
2.8235366,9.041404,1.1394958,6.8044963,0.8564601,-1.5208342,-0.14062136,-0.37617236
2.9277954,9.950695,1.1637616,6.8634505,0.8264885,-1.462085,-0.17652023,-0.31611747
1.7980444,3.509922,1.1653242,6.92321,0.7837255,-1.4994496,-0.016438842,-0.35539573
1.1396887,3.8755727,1.146447,6.903338,0.80521655,-1.483933,0.0065282583,-0.19884303
0.8520014,2.6022933,1.1434255,6.853802,0.80747056,-1.4444804,0.07056129,-0.3295135
0.807923,4.3597517,1.1379776,6.998907,0.8204775,-1.4147396,-0.045057774,-0.029047728
0.98167956,4.474111,1.0565152,6.816889,0.87875223,-1.486904,-0.005181253,-0.04786101
1.8717401,3.6654,1.1653574,6.7140293,0.8901453,-1.533241,-0.043162465,-0.34187925
1.1783551,4.477805,1.1743407,6.6889277,0.8827982,-1.488364,-0.03475684,-0.327269
1.247,7.2716,1.1814289,6.6753054,0.8843429,-1.5039144,-0.05886978,-0.3444987
1.2352691,4.842701,1.218528,6.727786,0.8737519,-1.5120233,-0.059673846,-0.2566692
1.2657924,9.330455,1.2609398,6.6834693,0.8682244,-1.524935,-0.010768354,-0.03708875
1.0951948,6.1753907,1.2713885,6.6784496,0.8775308,-1.5619885,0.0035043955,-0.24599576
1.1849546,4.0649767,1.2435148,6.6490912,0.880358,-1.5236839,0.00246799,-0.23005891
1.7817371,8.56278,1.2717147,6.533359,0.8899045,-1.5183036,-0.0051344037,-0.34254047
1.2678899,9.556953,1.2914495,6.5617847,0.88379264,-1.5067797,0.03292632,-0.41824955
1.330977,5.941389,1.2845035,6.567902,0.86040545,-1.4983983,0.05231595,-0.35214877
2.1864452,3.4585357,1.2901692,6.746118,0.7488837,-1.4816004,0.17882192,0.029998004
1.7276903,6.160714,1.2888267,6.765625,0.75640297,-1.4596446,0.1075176,-0.24131754
1.6616172,5.8173122,1.2388778,6.8252187,0.7400024,-1.4276865,-0.055112302,-0.23268437
1.8131404,7.8518114,1.2486291,6.791361,0.7329924,-1.3952875,0.086791515,-0.22960395
1.1228065,3.684537,1.2545066,6.7859807,0.7348757,-1.3689265,-0.019296527,-0.31229916
1.4517968,6.369654,1.2402022,6.827358,0.7264066,-1.3566916,-0.09140873,-0.33038884
1.8388432,6.304687,1.2486863,6.7783995,0.72614074,-1.372235,-0.036856055,-0.29121354
1.6926616,6.5880284,1.2209849,6.788535,0.74422884,-1.3449321,-0.12685281,-0.35335737
1.410458,2.2246647,1.3280714,6.8181973,0.6943717,-1.3836968,-0.032969117,-0.46688795
1.9770317,8.872327,1.3334942,6.8128424,0.6780541,-1.3696508,-0.07073593,-0.4303041
1.8676089,2.5830438,1.3608284,6.7702274,0.6851759,-1.3657798,-0.1134913,-0.45683157
1.9651508,6.615587,1.3301964,6.6847763,0.7075465,-1.3540101,0.061903715,-0.25941363
1.8065217,9.729105,1.3759904,6.7102795,0.69688225,-1.3443348,0.1515888,0.049401283
1.3078591,5.4298224,1.4326553,6.701044,0.66609645,-1.3556216,0.048583508,-0.2663602
1.4688263,5.7117066,1.4522038,6.699,0.6719272,-1.3413532,0.009817481,-0.38943484
1.2355366,5.538093,1.4323292,6.732439,0.6510482,-1.2647564,-0.05640751,-0.40820497
1.0871058,5.773617,1.4260132,6.7132487,0.65512514,-1.2805585,-0.0491513,-0.25334328
0.91599894,4.6529737,1.4210846,6.7601237,0.64085317,-1.2469558,0.085000515,-0.24400625
1.0446374,6.7260585,1.4504254,6.760873,0.64970946,-1.3303624,0.14125538,-0.28875703
1.0655138,8.390471,1.4626331,6.749709,0.66897774,-1.3568326,0.2125181,-0.08434692
1.0284133,8.288397,1.4829888,6.703146,0.6675277,-1.3490267,0.22364032,-0.066785514
1.0264316,7.870512,1.4071126,6.771234,0.70919824,-1.3321655,0.025141597,-0.007938266
1.1593938,8.224913,1.3395336,6.7619357,0.74328494,-1.4151275,0.24589193,-0.09630692
2.0113788,4.622278,1.2748241,6.719518,0.71899676,-1.3581866,0.11986172,0.059867263
1.6604017,2.657843,1.2967784,6.718703,0.7241485,-1.3356583,0.01635027,-0.22566783
2.2494211,5.747372,1.2776566,6.7034245,0.7217853,-1.3487322,0.16596055,-0.046885252
2.08686,9.511995,1.3237858,6.701668,0.7221794,-1.3409119,0.07402575,0.119650126
1.658864,5.3798733,1.3089011,6.6959743,0.7124727,-1.3261517,0.12937546,0.19653082
2.2073967,9.601074,1.3175223,6.6899633,0.72106886,-1.3378369,0.07861519,0.25439632
1.3371514,9.545752,1.3491707,6.7180243,0.7268827,-1.3477397,-0.052922726,-0.33320296
1.2813873,5.758108,1.3513956,6.768046,0.72599554,-1.3925182,-0.051356077,-0.2737458
1.4937011,5.6708684,1.3657527,6.7358437,0.6915283,-1.3785279,-0.03486854,-0.4409214
1.7318633,5.4673376,1.4191961,6.7092347,0.6799929,-1.3796443,-0.033717215,-0.49052772
2.5124004,9.179876,1.3977604,6.634284,0.6961689,-1.3599596,-0.14043134,-0.49920654
2.8037694,4.557111,1.3411484,6.6577945,0.7150197,-1.337024,-0.12599874,-0.49611077
2.5237978,8.489927,1.3419013,6.684693,0.7179868,-1.3525853,-0.19565463,-0.48644298
2.764396,6.7948666,1.3445401,6.633765,0.7006972,-1.3478618,-0.019611716,-0.45810673
2.386505,7.4000287,1.3371115,6.6894565,0.70384526,-1.3466617,-0.12939131,-0.44117737
1.1073601,5.0276237,1.3700013,6.685133,0.7309387,-1.321858,-0.089502156,-0.4743026
1.8026493,6.8608303,1.2406316,6.6880755,0.7211783,-1.3002028,-0.17292112,-0.44951996
2.037263,3.6636438,1.2410512,6.760501,0.7280705,-1.2880788,-0.16892952,-0.37574244
1.5364382,4.2680993,1.2380517,6.803342,0.7366829,-1.3094834,-0.2675262,-0.38991487
1.4879866,9.516681,1.2860727,6.790246,0.6964133,-1.3397112,0.09121871,-0.43576992
1.7975317,2.6225667,1.2849061,6.766635,0.69282174,-1.3145847,-0.11068028,-0.23929465
1.9004273,9.834229,1.2861748,6.7969637,0.6924803,-1.3256035,-0.0937593,-0.27345693
1.1664846,2.0399146,1.2895093,6.8152905,0.6976967,-1.3824143,-0.05213642,-0.46547288
1.067943,9.025632,1.311038,6.958808,0.70373917,-1.4052842,-0.10457063,-0.4840875
2.3420582,3.2661786,1.2310426,6.8853254,0.69306207,-1.3380942,-0.035386622,-0.4489029
1.1459069,4.1657734,1.2181249,6.9083014,0.69417477,-1.3187006,-0.07942331,-0.478629
0.85902,5.8466396,1.405396,5.6590757,1.396168,-1.9442583,0.330539,0.36070317
0.90785426,5.7064004,1.4127071,5.55809,1.4137769,-1.9376062,0.2366246,0.30587703
1.877685,3.2293224,1.3962426,5.5191393,1.3898728,-1.9445348,0.11080861,0.28442025
2.570888,9.656432,1.4299212,5.566465,1.3914797,-1.9256663,0.07054269,0.23714411
2.746107,8.821922,1.425369,5.5865927,1.3484964,-1.9711809,0.04136944,-0.2569968
1.4736061,5.626672,1.4740903,5.560338,1.349261,-1.9553235,-0.030215144,-0.26581824
2.9475052,7.4814906,1.451819,5.601015,1.3333247,-2.013959,0.06718624,-0.27639174
2.4403856,7.728521,1.4464428,5.6616364,1.3344336,-2.0128803,0.047289133,-0.227983
1.221385,8.533873,1.4469738,5.5993304,1.3547032,-1.9988091,0.084070325,-0.45621955
1.0991374,4.7519655,1.4483263,5.5652027,1.3718076,-2.047016,0.1058346,-0.1393666
0.7498273,4.5994997,1.4880087,5.5525885,1.3735425,-2.0315228,0.13424158,-0.12824881
1.0706874,4.899392,1.484314,5.452194,1.3774295,-2.024938,0.09064996,-0.4706135
2.5474322,3.5312204,1.4869957,5.5433035,1.3679707,-2.0221148,-0.156353,-0.46130693
1.6426436,8.845043,1.4848449,5.5022473,1.370173,-2.0049682,-0.19069594,-0.47293514
1.2661482,5.1590548,1.5137782,5.431355,1.3709805,-2.0001264,0.06546879,-0.44222462
1.3085469,5.992317,1.5106199,5.4176283,1.3579905,-2.013289,-0.014290452,-0.4427334
2.3083851,6.4434824,1.5254159,5.3355103,1.3790519,-1.9961791,0.046115637,-0.4492159
1.7452961,9.015257,1.4659355,5.420262,1.4180784,-2.0615103,-0.03488922,-0.16298196
2.4478836,5.843788,1.5141034,5.4108105,1.39188,-2.0647502,0.12432909,0.17369747
2.038049,6.023434,1.4946613,5.425223,1.3934224,-2.0688467,0.13969946,-0.13231897
1.7441219,7.144947,1.4923797,5.3910155,1.413255,-2.042706,0.017862916,-0.058981597
2.6989286,2.692694,1.55985,5.3870716,1.3830566,-2.062699,0.008967757,-0.26399317
2.9212406,9.591652,1.5007589,5.4033046,1.3700218,-2.0205402,-0.031481266,-0.2128954
1.7197859,8.335815,1.5007625,5.3807745,1.3676713,-1.9339569,0.007986426,-0.12191206
2.8042052,8.35372,1.4914818,5.432747,1.3824005,-2.0029922,0.21626127,-0.20378575
2.9749768,9.534315,1.471585,5.5796304,1.3741367,-2.0223293,0.06830752,-0.3137428
2.95953,8.274932,1.4975524,5.479002,1.3917141,-2.128121,-0.0031062365,-0.27903935
1.3144903,8.393365,1.5192525,5.4162645,1.3931725,-2.0351284,-0.008884668,-0.45691547
2.4160671,2.3510873,1.5335357,5.3610497,1.3631651,-2.063057,-0.0064861774,-0.44780645
2.4138021,9.802446,1.5122523,5.4450564,1.3661368,-2.0649507,0.083518505,-0.36377645
1.3512278,2.5302694,1.4916959,5.4905005,1.3745024,-2.0400496,0.10336101,-0.31307402
1.8694853,3.7249007,1.5080795,5.451375,1.392304,-2.0605512,0.10646784,-0.40312696
0.7467124,3.985134,1.5107055,5.4670143,1.3711,-2.0275915,0.19821203,-0.19628826
0.7470764,7.4261203,1.5238936,5.5013943,1.3665204,-1.9346001,0.05606091,-0.06228906
0.707689,7.1139045,1.5267262,5.581721,1.3548179,-1.9729111,0.20042765,0.035576105
0.841084,9.03011,1.5404572,5.56783,1.3560112,-2.0039926,0.20225239,0.05754751
0.8440853,9.266394,1.4992976,5.5520067,1.3355141,-1.9781876,0.36558366,0.21945667
0.9027271,7.0631847,1.465617,5.6387672,1.3208401,-1.9064753,0.109930396,0.2172159
2.9942966,8.081697,1.4447429,5.6326704,1.3252792,-1.9646221,0.10207105,-0.22238767
1.1358552,8.697861,1.4797549,5.614992,1.3115175,-1.9092379,0.018530965,-0.20592898
1.6275333,3.8110628,1.5032773,5.646513,1.2611306,-1.9334465,0.06395805,-0.32138997
2.782789,5.0268803,1.504765,5.5742207,1.2637267,-1.8919175,-0.04347998,-0.40936625
2.9999523,6.7718973,1.4986849,5.6166325,1.2836704,-1.9408156,-0.056250513,-0.39896774
2.999839,7.7519007,1.4875855,5.601509,1.2886539,-1.9379944,-0.026258945,-0.3215747
2.999871,9.376818,1.4779153,5.631522,1.2805123,-1.9612962,0.018187284,-0.49030602
1.0556934,9.019911,1.5085616,5.623906,1.2613323,-1.9147506,0.21604204,0.092514455
1.1615064,5.7892895,1.4881463,5.636295,1.2753108,-1.8954515,0.22769725,0.09041256
1.2813121,7.6766014,1.4989245,5.612193,1.2647917,-1.9431423,0.058181763,-0.0445154
2.5770977,5.9697447,1.5182378,5.578885,1.3026667,-1.9767814,0.10375357,-0.08172697
2.119897,6.5060997,1.5077865,5.5848103,1.2852788,-1.9441876,-0.027222037,-0.19784045
1.8172932,5.6057434,1.5057809,5.6404667,1.2542968,-1.861674,-0.047899067,-0.43705994
0.9037014,6.7365804,1.5112956,5.663101,1.2473481,-1.8459237,-0.07815975,-0.48930508
1.3019876,4.1539516,1.5012794,5.660706,1.2168303,-1.8147106,-0.097462475,-0.49704102
2.154966,9.1692505,1.4848604,5.6714325,1.2304776,-1.8029608,-0.08832747,-0.4983792
1.9782549,4.8490906,1.5334792,5.774988,1.1855628,-1.8956139,-0.052723408,-0.47246635
1.0419354,3.7306144,1.5440178,5.720342,1.1913006,-1.8525039,-0.040626764,-0.41545573
2.884411,9.129638,1.5143495,5.7185698,1.1820743,-1.8610647,0.11867821,-0.15763265
1.1469877,9.002409,1.4886463,5.709902,1.21439,-1.8698435,0.14185369,-0.08772826
1.7400405,8.877171,1.4825101,5.72924,1.22527,-1.905963,0.14907432,0.092906
1.4885112,7.0146065,1.4443502,5.7962785,1.265801,-1.9315735,0.0556463,-0.1185233
2.6961553,8.159813,1.4077601,5.7998323,1.256377,-1.8510115,-0.018116951,-0.2917258
2.7100081,5.3626823,1.4071343,5.7744923,1.2593637,-1.8621768,-0.14551866,-0.47668335
2.6511257,6.2090583,1.4735267,5.797818,1.2282279,-1.8465865,-0.20771629,-0.43758875
2.9300961,5.147806,1.4691262,5.7589417,1.2127564,-1.8545961,0.051939964,-0.36125237
2.8961158,6.576635,1.4879236,5.709047,1.2385366,-1.891185,-0.09627855,-0.37153208
2.5337749,5.3000665,1.4900389,5.6869984,1.2619131,-1.8776565,-0.10983968,-0.4349962
1.5956466,4.730692,1.4648466,5.690065,1.2681162,-1.8832101,-0.11228222,-0.28583497
2.3735693,8.601168,1.4685984,5.6355567,1.2776668,-1.8777027,-0.10076398,-0.17665577
2.4017673,6.470622,1.4399962,5.6881385,1.2687945,-1.8888046,-0.013563812,-0.38919556
1.484714,5.6858273,1.4422846,5.683206,1.263938,-1.8921186,-0.11869931,-0.48526204
1.9372711,5.6671705,1.4417944,5.7387543,1.2495284,-1.8942306,0.06621671,-0.41938972
2.2868237,7.8214016,1.4415057,5.808262,1.2378297,-1.8931842,0.056161046,-0.3593374
2.4366426,6.925781,1.4348304,5.879782,1.2176313,-1.9130727,-0.057075083,-0.32165653
2.1908526,6.253187,1.4253867,5.815814,1.2221982,-1.8925456,0.06812537,-0.11033073
2.633139,8.3092785,1.4414985,5.8170776,1.2183261,-1.8766406,0.096565485,0.16030002
2.5704546,3.969074,1.4495261,5.7962623,1.2108798,-1.8974166,0.17537153,-0.08538261
1.1470879,5.5643215,1.4620829,5.7706184,1.2079859,-1.8532135,0.047167063,-0.18692514
1.8335049,7.3909664,1.4941893,5.7936354,1.1956987,-1.8448993,0.021304965,-0.38293314
2.0745733,9.569748,1.4970272,5.741309,1.1908369,-1.852205,-0.012986124,-0.3983047
1.6135229,8.947427,1.4765651,5.736213,1.1952424,-1.8742026,-0.059037745,-0.28478742
2.7946656,4.871683,1.3989449,5.852277,1.1988099,-1.8519331,0.00856173,-0.24017304
1.7727652,9.576464,1.4043531,5.829333,1.2309401,-1.8622441,0.051869035,-0.1755254
2.230359,8.604357,1.3988824,5.800478,1.2464387,-1.8775417,0.008723497,-0.1811097
1.4926114,7.369784,1.4285362,5.828064,1.2231259,-1.8705935,0.06421888,-0.0053522885
2.084487,5.325384,1.4170017,5.814798,1.2330666,-1.8625593,0.15991509,0.15699255
1.549753,9.147463,1.4648738,5.7998114,1.2303016,-1.9151264,0.17644906,-0.14178991
0.98923695,5.063088,1.4353089,5.868619,1.2327435,-1.917073,0.111593604,-0.10574022
0.7098295,4.4646187,1.4499073,5.825601,1.2360814,-1.8715403,-0.062809885,-0.44229272
0.6492922,4.4487,1.4514894,5.9041166,1.2292814,-1.862248,-0.10537702,-0.48862505
0.6365897,2.60354,1.4426343,5.9213896,1.2131822,-1.8516331,-0.019676328,-0.4861326
1.9935906,2.883315,1.4419403,5.9464517,1.208322,-1.9100372,0.026268363,-0.43847656
1.2308483,2.1574798,1.3976917,5.9473047,1.2292726,-1.8860655,-0.07976413,-0.49716344
2.6615412,2.839465,1.3960025,5.8499055,1.2283525,-1.8784771,-0.11071205,-0.23493433
1.889122,9.427404,1.4165335,5.7926445,1.185405,-1.7943305,0.018188238,-0.12218362
1.686483,9.138149,1.432086,5.7664213,1.1648042,-1.7285938,0.05123353,-0.0315814
2.040237,7.9586644,1.4438977,5.797159,1.168088,-1.8360379,0.10539842,-0.22550002
2.0884867,6.6791096,1.445406,5.812024,1.1879141,-1.7747762,0.027285099,0.10652429
2.4588585,8.668423,1.4862285,5.7387753,1.2030737,-1.8099759,-0.01878339,-0.36173922
2.5636218,8.88114,1.436688,5.794439,1.1966293,-1.8088748,-0.002521813,-0.40999293
2.4009964,7.3632684,1.4394708,5.8371587,1.1849012,-1.819023,-0.03992361,-0.4493928
1.859884,8.017155,1.4622207,5.854577,1.176286,-1.8577528,-0.061621666,-0.48773167
1.7769824,8.588249,1.466907,5.8461394,1.1706345,-1.8255597,-0.051729858,-0.31801206
2.3570414,4.2634573,1.4736989,5.8601084,1.1672957,-1.8338711,-0.038207293,-0.45932835
2.1330028,6.055991,1.4667463,5.817674,1.160913,-1.8101171,-0.025728047,-0.49547714
2.1142166,5.7571435,1.4565511,5.8471336,1.1848323,-1.8679608,-0.019721568,-0.49089128
1.876545,4.906286,1.4559999,5.85913,1.1832213,-1.8701801,0.032207012,-0.47587842
1.8845955,8.290033,1.477416,5.825271,1.182478,-1.8709923,0.02914834,-0.49114028
2.659526,5.3964124,1.4381213,5.9058523,1.1904352,-1.8525269,0.020332098,-0.48253372
1.7584054,8.463837,1.4404397,5.844061,1.1989982,-1.8819886,0.0003681183,-0.48455948
2.7301164,9.815266,1.4456284,5.81514,1.2012093,-1.8729651,0.034300804,-0.44352818
2.1160517,9.217812,1.4501309,5.758592,1.2319775,-1.8835335,-0.04014498,-0.41920844
1.4358342,2.7930377,1.4471622,5.7531395,1.230691,-1.9092844,0.071769595,-0.49039662
1.554876,9.513507,1.5193346,5.6397862,1.2132123,-1.9120843,0.033189654,-0.4446842
1.2339498,3.480803,1.5300748,5.6043262,1.2534997,-1.9465978,0.13125455,0.22641498
1.1878996,3.8925643,1.5041964,5.6676683,1.2520671,-1.8790729,-0.01812154,-0.0820061
1.8589735,7.1690264,1.4496789,5.5788965,1.2843649,-1.890006,-0.013644993,-0.3528249
1.8708797,9.207666,1.4539442,5.5855675,1.2905142,-1.8625736,-0.06988776,-0.47261345
2.1786282,2.9019992,1.4502263,5.7091093,1.2703805,-1.9287446,-0.120842874,-0.47428557
2.2439823,3.0737212,1.5069082,5.6655393,1.2561948,-1.9026818,-0.10369474,-0.45116466
2.1163826,9.124767,1.5270274,5.585143,1.2675507,-1.8292613,-0.23434603,-0.49577308
2.417685,2.5485616,1.5232267,5.585663,1.2598903,-1.906991,0.18257356,-0.36873046
0.71852946,3.019425,1.5140014,5.5700994,1.2733219,-1.926513,-0.032588184,-0.43510792
2.721503,2.3307064,1.5639164,5.483479,1.281405,-1.8986511,0.05002427,-0.4412704
0.7696765,2.320773,1.6457958,5.390785,1.2935417,-1.9544852,0.036189318,-0.35630548
2.6420043,8.063879,1.6279359,5.42661,1.3021691,-2.0475771,0.085817814,-0.39405364
2.699495,9.185213,1.5913613,5.41716,1.3116369,-2.0310035,0.09812868,-0.063173234
2.3046675,7.8856707,1.5552931,5.4260693,1.3437121,-2.0031505,0.03947878,-0.3843065
1.986442,3.3287706,1.5219789,5.46879,1.3423176,-1.9760003,0.007458091,-0.40383667
1.7174991,8.161281,1.5380995,5.4334335,1.3250215,-2.0022173,0.023811102,-0.4250721
2.6141794,6.974939,1.5438242,5.399022,1.320719,-1.9607003,-0.0036885142,-0.09219211
2.6242561,6.6029434,1.582139,5.409563,1.2994983,-1.9193115,-0.08266556,-0.49151623
2.6729887,2.5806994,1.6438024,5.3158665,1.3182843,-1.9853047,0.020353675,-0.48575887
0.68242013,2.1778703,1.5946221,5.4093885,1.3462632,-1.9811422,0.021324992,-0.4551974
0.5231661,2.0176122,1.6118884,5.317458,1.3756604,-1.9910667,0.20708513,-0.10950604
1.0538683,2.3905168,1.6086869,5.2832904,1.3790748,-1.9884347,0.14473474,0.21496594
0.90028244,5.338682,1.5724189,5.31852,1.3457048,-1.9654815,0.23474109,0.46493316
1.7077628,3.4860725,1.5558655,5.2984242,1.3780756,-1.9504217,0.32010388,0.092295825
0.92852855,7.843534,1.5801384,5.32077,1.3660593,-2.0089755,0.17137504,0.11390716
1.3707337,3.5254214,1.5876985,5.2980237,1.3519552,-2.0053592,0.2757181,0.02851808
1.354047,9.815761,1.6109576,5.2980824,1.3257077,-2.0177994,0.36220384,-0.04390657
1.208895,2.155151,1.5906985,5.3532963,1.3395543,-2.0028744,0.27066147,0.24434876
1.4944189,2.7460983,1.5813866,5.3214607,1.3451099,-1.9857848,0.21243966,0.22874409
2.5038333,5.781207,1.578356,5.317898,1.3587964,-1.9976268,0.19889581,0.18088806
2.8077502,4.1942415,1.5464771,5.3294992,1.3568685,-1.9961348,0.124479055,0.09026384
2.9758945,8.724142,1.5309684,5.394146,1.3422301,-1.9936857,0.23949766,-0.07641995
2.5996432,5.5817366,1.5546625,5.320055,1.3676581,-1.9562706,0.10835707,0.1480093
2.1998417,6.5833464,1.5593209,5.232362,1.3944192,-1.9749355,0.1938523,0.21372306
2.466537,4.2563925,1.5123091,5.3694186,1.4171872,-2.021821,0.01032114,0.044800162
1.9933748,3.6097012,1.4973607,5.386673,1.4118531,-2.0122035,-0.025268018,-0.23158547
2.1739128,8.043793,1.4690518,5.41642,1.4294538,-2.064008,-0.035776317,-0.39011467
2.874963,7.352293,1.4866686,5.4089727,1.4436042,-2.072969,-0.021332324,0.033102334
0.9442858,3.7372391,1.4671445,5.4005547,1.4435537,-2.0863955,0.22274733,0.14035928
2.9069533,7.021816,1.467926,5.362553,1.4546454,-2.1110106,0.17227662,0.21541476
1.7626964,8.930873,1.4924269,5.336129,1.4167893,-2.0748305,0.17173564,-0.121742845
1.6116693,9.988294,1.4878371,5.3426676,1.4283891,-2.0948584,0.14704823,-0.28925145
2.2284288,8.852456,1.5081558,5.328944,1.4359503,-2.0629747,0.05864501,-0.4047171
2.5167146,6.4139028,1.4957299,5.377154,1.445157,-2.1167448,0.012422442,-0.48362738
1.4692748,9.363695,1.5403476,5.344358,1.436743,-2.1015809,0.07871103,-0.11762303
1.8528078,4.2921624,1.5486374,5.2282763,1.430325,-2.0200326,0.0938772,-0.15686479
1.7520618,7.024941,1.530848,5.2740917,1.4167817,-2.0456557,0.18631911,0.04582137
1.1769524,5.896817,1.5141909,5.2561502,1.4288456,-2.0036905,0.22176504,0.2784884
2.6650262,8.420879,1.525706,5.2332735,1.4234703,-1.9925776,0.1164906,0.31970328
2.2886343,4.9761057,1.5704677,5.2146416,1.3677077,-1.978153,0.05916071,-0.06328675
1.3715893,6.6847143,1.5810468,5.286086,1.3765914,-1.9918509,0.15702188,0.1321845
2.49341,4.1421137,1.5643911,5.3406887,1.3445163,-2.0135841,0.17282176,0.12685668
2.2460446,8.64728,1.5697832,5.2741046,1.3936458,-1.9881887,0.08607137,0.19593334
2.7512183,2.321023,1.5480821,5.264842,1.3987377,-2.0151124,0.14581943,0.17282939
1.4608152,2.3716116,1.5631814,5.2433867,1.4075193,-2.0412457,0.11648333,-0.011199683
1.9660554,4.8779736,1.5889952,5.258726,1.4319155,-2.143762,0.08756685,-0.11722186
2.1217916,6.0494595,1.5393372,5.2244296,1.4348474,-2.0936117,0.16583121,-0.24289122
1.996661,4.258376,1.562326,5.195744,1.4339607,-2.0649648,0.064929724,-0.22118747
1.7348293,2.9234755,1.5584233,5.170741,1.4332352,-2.031029,0.052420735,-0.10387054
1.7646799,3.1153975,1.5781331,5.200499,1.4245999,-2.0586963,0.0414865,-0.17091247
2.4672365,4.4252014,1.575501,5.2423687,1.4209726,-2.1205297,0.08583975,-0.34634462
2.9178967,8.1866455,1.5491405,5.2068806,1.4315989,-2.0762234,0.011422634,-0.1983153
2.3657467,9.325914,1.5723791,5.214143,1.4075003,-2.039659,0.10216558,-0.054228604
2.649674,6.5986795,1.5936227,5.2025375,1.40855,-2.075874,0.114489675,-0.19659132
1.9696558,6.8444076,1.5787013,5.1490393,1.4336834,-2.0472918,-0.0066820383,-0.28553125
2.3844724,5.9472957,1.5874655,5.1420684,1.4158401,-2.0365205,0.007950783,-0.3628928
2.342442,8.367994,1.6162081,5.091056,1.4101942,-2.0199084,0.043117642,-0.25816905
2.109067,5.6538053,1.6286414,5.096177,1.4158022,-2.0795372,0.13133681,-0.26143
1.0828362,4.9473667,1.6581173,5.131972,1.4163771,-2.0987713,0.11783314,-0.10629052
1.309613,5.7415037,1.6495883,5.1403837,1.4239552,-2.1381452,-0.00061511993,-0.34494767
2.4315724,6.722063,1.6443195,5.1567287,1.4192617,-2.1220598,0.01911223,-0.35408545
1.7354289,5.392206,1.6318648,5.149501,1.4128723,-2.1056638,-0.058205485,-0.44395033
1.5128038,2.6456704,1.6614859,5.1428905,1.3579035,-1.988689,0.17844093,-0.40518934
2.7513497,5.6229963,1.6488175,5.1425,1.3521338,-1.9872456,-0.072517514,-0.25102252
2.679545,5.6089177,1.6908951,5.079092,1.3352752,-1.993275,0.08618331,-0.35559985
2.4576006,9.194786,1.6926548,5.0819025,1.3426578,-2.035854,0.021920323,-0.29624915
2.3414087,9.5114975,1.7147956,5.034815,1.3675699,-2.0009227,0.23058581,0.20316279
2.5590506,7.3327785,1.7152286,5.0398374,1.3459244,-2.023119,0.22845256,0.04486704
2.8101716,4.180942,1.6970482,4.9848623,1.4088283,-2.0126843,0.13577378,0.11435342
2.6989417,4.0133076,1.6845326,5.069419,1.3989305,-2.040127,0.13076627,0.17141408
1.3507156,4.6533394,1.6406088,5.1758375,1.3969333,-2.0619383,0.20015907,0.16200262
2.1413755,6.361365,1.6213286,5.141587,1.3938258,-1.9985601,0.20005655,0.07034075
2.6425118,6.1125464,1.6161647,5.0322313,1.4154999,-2.029972,0.29024756,0.18196714
2.871274,8.393748,1.6617279,5.0378675,1.4028499,-2.022874,0.2489022,0.15166605
2.9125178,5.4522285,1.673902,5.108079,1.4000757,-2.0583887,0.104408264,0.1465643
0.7570551,3.8643217,1.6460161,5.0825024,1.4138196,-2.0604837,0.08135426,-0.29001153
1.8002348,5.2459674,1.6197548,5.082837,1.4341958,-2.0797687,0.23006594,0.03393376
0.901843,4.581257,1.3302484,6.579817,0.8321202,-1.448532,0.016167998,-0.22055292
1.0632865,4.1822085,1.3354948,6.656707,0.8336642,-1.4969541,0.061549306,-0.15325218
1.7192498,4.333043,1.3336105,6.6462483,0.7840512,-1.4590677,0.023576498,-0.059613556
1.2929306,9.453429,1.3346767,6.721837,0.76654506,-1.4243224,0.13283825,-0.3232339
1.5048095,9.530585,1.3421295,6.7411036,0.7187996,-1.4484165,0.144315,-0.13213348
2.2339158,9.62986,1.3598187,6.598354,0.72567797,-1.361368,0.18403351,-0.14452392
2.5254881,7.727159,1.3709359,6.583414,0.74075437,-1.4019785,0.28969467,-0.06012565
2.5058198,8.337284,1.3596234,6.5673056,0.7368951,-1.3290975,0.012948394,-0.0103958845
2.0702343,5.0248013,1.3420522,6.698188,0.7062113,-1.3176423,-0.07551229,-0.27697617
1.5596583,4.5696287,1.2757573,6.737014,0.6970501,-1.3153565,-0.065662086,-0.2865172
2.0241833,7.667435,1.2642117,6.794531,0.7004771,-1.34544,0.010912538,-0.2684701
2.1548798,7.761124,1.2041445,6.8533764,0.74171114,-1.3681474,-0.0395118,-0.23317462
2.3325663,5.5290704,1.1665449,6.8220196,0.7618716,-1.393159,-0.019394457,-0.37279037
1.8547413,9.806447,1.1130369,6.820005,0.80716324,-1.402114,0.0021115541,-0.4207851
1.8178005,9.692961,1.1427002,6.8511558,0.80360055,-1.457831,0.01290369,-0.21569687
1.9364673,3.7508771,1.0882041,6.9134974,0.81715655,-1.439685,-0.1491549,-0.24755478
2.2745843,9.804506,1.0991716,6.8769855,0.82451606,-1.5004469,-0.033016503,-0.1733872
1.4755912,9.653362,1.098397,6.901514,0.8473675,-1.5147943,-0.08249086,-0.44467118
1.4103214,8.814617,1.078347,6.7939487,0.889148,-1.5353979,-0.0071843863,-0.49207807
1.4066974,8.962219,1.0818844,6.819199,0.88237286,-1.5062187,-0.095763266,-0.49233553
1.377248,9.543137,1.1004691,6.8341017,0.8819368,-1.5242089,-0.09463322,-0.43654215
1.2899843,6.577499,1.1306984,6.864347,0.86771464,-1.5699673,-0.04991877,-0.33851832
1.238592,5.607127,1.0950351,6.747151,0.92100596,-1.5385697,-0.015118718,-0.40961266
1.3608484,9.388919,1.1150181,6.7902093,0.96108866,-1.6210449,-0.010973752,-0.36185798
1.014967,9.433189,1.0909705,6.8974867,0.9587374,-1.6075025,0.029125929,-0.29259235
1.0260468,9.045412,1.089613,6.841115,0.97245383,-1.5926496,-0.11351508,-0.253431
0.9061878,8.531598,1.0956118,6.845895,0.97100043,-1.5689287,-0.0802179,-0.4392079
0.9956115,6.2053175,1.0601509,6.7910624,0.97472334,-1.5776144,-0.16027355,-0.49817476
0.8455676,5.284061,1.1325538,6.772912,0.9561424,-1.5800109,-0.06755471,-0.18268222
0.7495303,5.7705708,1.2179506,6.8818893,0.9274945,-1.5899423,0.009404302,-0.29876953
0.7551714,6.8309674,1.2565284,6.9354143,0.8859565,-1.6043502,0.013995647,-0.45683622
0.7241185,8.170258,1.2144694,6.937386,0.900821,-1.5914907,0.05971718,-0.24331427
0.6638425,7.2636857,1.2574203,6.961677,0.9024129,-1.5884268,0.14384091,-0.41331866
0.65894604,7.5695896,1.260834,6.986681,0.90434504,-1.5378805,-0.09502536,-0.33587742
0.62440884,6.4023795,1.2138405,6.968159,0.91145086,-1.5421195,-0.024080932,-0.40602893
0.67911863,5.4492855,1.2032633,7.0895133,0.9066384,-1.6275339,0.050278902,-0.35735673
0.68581367,5.5228734,1.0819893,7.1056476,0.90114427,-1.5054604,-0.017468333,0.019597232
0.68920976,6.027687,1.0678971,7.100079,0.902374,-1.5025494,0.005190015,-0.24524766
0.69422144,5.859473,1.0623157,7.035434,0.9090562,-1.5164382,0.011025667,-0.03919196
0.67317605,5.715879,1.0613418,7.1034307,0.9180701,-1.5194744,-0.017313957,-0.06041628
0.67870885,4.958334,1.0608687,7.0799313,0.8852408,-1.5218055,0.116835,0.037241578
0.73725724,5.43939,1.0618653,7.0238986,0.8836746,-1.4847025,-0.060598195,-0.07603493
0.8029706,4.638501,1.0530167,7.0055943,0.8728409,-1.5166183,0.049987078,-0.30854505
0.72751004,4.193551,1.0491633,7.038112,0.8518994,-1.4725697,-0.05830902,-0.38475162
0.7593409,4.091052,1.0726874,7.0700283,0.8480432,-1.5079882,-0.07527417,-0.3112529
0.70970047,4.723997,1.0746233,7.1007576,0.8656118,-1.5150316,-0.086717725,-0.45448253
0.7484754,5.0022492,1.0496037,7.100234,0.8753078,-1.5536747,-0.02335453,-0.2654631
0.6062942,4.872196,1.0844316,7.22313,0.8861401,-1.5248296,-0.037604272,-0.27111328
0.60456824,5.4869547,1.105078,7.206943,0.8778572,-1.5095632,-0.10623026,-0.38826483
0.6240919,6.4180417,1.0547647,7.294526,0.8994155,-1.5046245,0.044276595,-0.15542254
0.6269821,6.269256,1.1109569,7.1992717,0.85316706,-1.5066246,0.094851494,-0.47607592
0.6559378,5.5804715,1.105721,7.240382,0.8430519,-1.5244635,-0.11091107,-0.49324533
0.6798117,5.686419,1.0636134,7.2599955,0.83225775,-1.4843049,-0.12929255,-0.4841284
0.6709255,5.3098984,1.0604091,7.360318,0.8195541,-1.4905354,0.01560998,-0.33991456
0.6716319,7.013615,1.077805,7.331626,0.82391715,-1.4393184,0.016695976,-0.21895987
0.6543567,7.9193363,1.0796857,7.368447,0.846256,-1.4396255,-0.04473436,-0.24769431
0.6359277,7.669643,1.0514514,7.4130573,0.84588623,-1.430763,0.0077911615,-0.39779443
0.5771365,7.463931,1.0596242,7.5183563,0.82078767,-1.4152296,-0.02505964,-0.24547875
0.58232015,7.1763406,1.0493846,7.511677,0.82020974,-1.4056374,0.1491456,-0.18416977
0.5725872,6.656754,1.048492,7.501297,0.8558545,-1.5033858,0.098237514,-0.19849017
0.5803488,6.500711,1.046572,7.4520974,0.87234426,-1.508626,0.038084865,-0.2942495
0.5719756,6.0365386,1.0794773,7.345641,0.91146064,-1.5292476,-0.10256249,-0.48309103
0.54734606,6.006843,1.1801314,7.2582865,0.89950013,-1.5820572,-0.10136026,-0.47424948
0.5320406,5.487443,1.1949563,7.1991553,0.89853597,-1.5788507,0.106330276,0.18949777
0.5155818,5.5694113,1.192626,7.207253,0.90168357,-1.5751636,0.14218068,-0.22605672
0.5194211,5.561559,1.2043025,7.1979246,0.9054153,-1.5707229,0.02207017,-0.22537875
0.50850254,5.5403504,1.229219,7.2668633,0.90223336,-1.5752387,0.038509488,-0.0070309937
0.50711733,5.6565742,1.1943316,7.251961,0.8929584,-1.5765352,0.09626067,-0.32663393
0.5363561,6.476489,1.1848102,7.2601295,0.908967,-1.5668137,-0.06643689,-0.3981648
0.52004296,6.317233,1.1948106,7.2621613,0.90567803,-1.5523248,-0.013737977,-0.44115815
0.5451932,5.961817,1.1942203,7.247895,0.8773415,-1.5803676,0.15177011,-0.3616387
0.5314597,5.8963375,1.2267613,7.200178,0.87567234,-1.5839465,0.13904834,-0.20563102
0.5311128,5.287986,1.2283013,7.14449,0.8862529,-1.5720711,0.027863264,-0.40626937
0.5325511,5.190201,1.2018847,7.1577907,0.86242676,-1.4771323,0.020864844,-0.24140555
0.532851,5.2627053,1.2005463,7.177236,0.8796537,-1.5851994,0.04829943,-0.48099768
0.5470332,5.426758,1.2246835,7.1446705,0.8776369,-1.5887561,0.030322313,-0.48099285
0.6474675,7.8766427,1.2350619,7.1577125,0.8658731,-1.4416063,-0.07832301,-0.48031914
0.654143,7.114185,1.2188582,7.1366663,0.8628323,-1.4483367,-0.20333362,-0.47134066
0.63258123,6.991121,1.2120082,7.131107,0.86278915,-1.4533746,-0.13142312,-0.37746197
0.66260344,6.665964,1.1922126,7.0324807,0.8711562,-1.528821,-0.064626336,-0.40935674
0.6680368,5.0735397,1.1660266,6.986669,0.87333703,-1.4812828,-0.07206929,-0.46278378
0.6694859,3.543096,1.109627,6.9254723,0.89048004,-1.4943688,-0.08078289,-0.14815366
0.57872605,2.950486,1.1791363,6.903199,0.8819256,-1.5406861,0.12069535,-0.40900388
0.5418518,3.3872533,1.2218297,6.9099684,0.9091909,-1.5829809,0.04608524,-0.34179065
0.6832166,2.6024923,1.217092,6.78219,0.89523673,-1.5900117,0.10004747,-0.14962626
0.8685421,2.995762,1.1917591,6.7435246,0.8859539,-1.5368515,0.050108075,-0.01469478
0.9800713,3.6695094,1.1667666,6.7380905,0.90622663,-1.5291039,0.07653725,0.08551359
1.0467374,6.358541,1.1971073,6.7395945,0.8664875,-1.4108734,0.096099496,0.15855318
0.85143006,5.5873747,1.2337599,6.863595,0.86394763,-1.5037383,0.03610003,0.081162155
0.6992612,3.896172,1.2472987,6.851165,0.85642457,-1.5673692,0.20317149,-0.18467459
0.7817427,4.1281343,1.2296803,6.844795,0.84985447,-1.521702,0.011972666,-0.07933581
0.79224634,4.0101876,1.219326,6.862362,0.8476391,-1.5399995,0.13594282,-0.086310506
1.5881419,7.518509,1.1598668,6.8606186,0.83847165,-1.5574787,-0.051714003,-0.19382766
1.7277231,3.9292994,1.1492574,6.8902884,0.8365531,-1.5220784,-0.110666215,-0.4289118
1.7977483,6.830008,1.1742778,6.7684646,0.86354876,-1.5537356,-0.08071822,-0.4210561
1.0745592,6.6343417,1.1920502,6.782154,0.8840616,-1.5417866,0.0013777018,-0.3334899
1.0593839,5.9283843,1.1914334,6.821722,0.8748658,-1.5696198,-0.044726074,-0.32235983
0.9928102,9.83199,1.2278233,6.811055,0.853353,-1.5090725,0.08512223,-0.24213624
1.0771664,9.6993885,1.2353535,6.8385057,0.83881235,-1.4952612,-0.0873943,-0.4873223
1.1528531,3.3214839,1.220921,6.8298974,0.8112583,-1.4794149,-0.07640511,-0.47655052
1.1310071,9.486105,1.2320821,6.8017554,0.8449838,-1.4931197,-0.07379663,-0.36868817
1.0815854,9.088718,1.2033741,6.8196425,0.84266615,-1.490392,0.10150659,-0.39123672
1.2832718,9.230968,1.2075136,6.7862773,0.8146274,-1.4383467,-0.044341803,-0.45308298
1.1614687,8.481037,1.1642218,6.726899,0.8516848,-1.4360311,0.025897145,-0.22814411
0.9473871,4.978481,1.1752155,6.718619,0.88498807,-1.4856977,-0.047496796,0.07393134
0.9166376,7.0242963,1.1504085,6.769756,0.888278,-1.4965694,0.09907389,0.04602015
0.9934133,9.545792,1.1635711,6.806484,0.8873074,-1.4724317,0.044487953,0.16757482
1.1404421,9.134874,1.1405683,6.873977,0.87254596,-1.4889696,0.22599673,0.3837403
1.3063737,8.63307,1.0946436,6.9206796,0.81659055,-1.4798708,0.25192845,0.107702136
1.3174264,7.805844,1.1241496,6.925232,0.8216398,-1.4908552,0.3854437,0.18762708
1.9001715,5.789707,1.0727906,6.8947372,0.80799866,-1.442905,0.035885334,-0.12166762
1.3278931,5.872035,1.1145301,6.930016,0.8028116,-1.4584683,0.030055046,-0.039618492
1.315378,7.658718,1.1387091,6.851574,0.79720783,-1.4474655,0.056307793,-0.089172184
1.3180377,9.853096,1.1863213,6.8807716,0.7880719,-1.4746377,0.052811384,-0.21103752
1.5610951,9.72303,1.171886,6.7430086,0.7860391,-1.4499786,0.10922468,-0.33117267
1.422922,6.755729,1.2315507,6.731675,0.8263123,-1.4341905,0.014365315,-0.3799749
1.2420918,5.8855495,1.1916602,6.7807083,0.8119569,-1.4638513,-0.00087326765,-0.32594937
1.1623278,3.6010962,1.2399275,6.734982,0.8053689,-1.4437597,-0.018766284,-0.22883114
1.1741875,6.166388,1.2658534,6.7494116,0.78891015,-1.4606491,0.022641182,-0.22633114
1.8382502,5.404607,1.2918987,6.674844,0.8057914,-1.475723,0.071724534,-0.0016847849
1.5914865,6.0698647,1.2777948,6.5729866,0.84737325,-1.4912801,0.049553037,0.0951308
1.9042132,8.967057,1.2773178,6.6449056,0.80858827,-1.4534194,-0.013982594,-0.2115812
1.6352472,7.2764554,1.2788477,6.6381426,0.8130796,-1.4727741,-0.055030167,-0.39779884
1.3789487,8.005518,1.2559536,6.614963,0.81879234,-1.4218483,0.020780325,-0.33333662
2.711021,6.238441,1.2370205,6.6576414,0.8009665,-1.4265227,-0.1054039,-0.33243275
2.1103044,5.5721817,1.2541432,6.6439066,0.78979325,-1.3954607,-0.15451908,-0.47510275
2.0958211,7.9107876,1.2675545,6.66166,0.7922745,-1.4055996,-0.124180675,-0.47960624
2.5644848,4.3714905,1.2436635,6.703519,0.79218435,-1.3996868,-0.21643764,-0.48590654
1.788281,7.8077917,1.2593257,6.7050743,0.77477765,-1.4301,-0.15379721,-0.48004416
2.3589666,6.4551597,1.2464075,6.6524477,0.8007319,-1.4254215,-0.1734969,-0.4997806
1.8279821,6.709579,1.2634745,6.722542,0.8163631,-1.4856684,-0.11493474,-0.49296883
2.0265622,7.518749,1.2946703,6.7359657,0.82579494,-1.524758,-0.10862774,-0.48079833
1.3396115,7.6877904,1.2763181,6.7172165,0.83559847,-1.5250401,-0.14358962,-0.35921282
0.9832783,4.2619576,1.2684932,6.74542,0.8381698,-1.5556059,0.093686104,-0.30978656
0.96548223,7.542742,1.2457747,6.816145,0.8492887,-1.5322177,0.045590043,-0.253951
0.91314584,5.9269266,1.2421069,6.8190384,0.84041286,-1.533097,0.09358227,-0.19103703
0.98227453,7.0977254,1.2629356,6.7839556,0.83658624,-1.4688139,0.029800415,0.21863246
0.7672157,5.4247947,1.2649708,6.794385,0.85794616,-1.492046,0.0398221,-0.4879595
0.7683887,3.511056,1.2388554,6.790385,0.8676801,-1.5260775,-0.045603156,-0.24164703
1.2633219,9.750509,1.2112961,6.8314056,0.8044424,-1.5234193,0.113530755,-0.45671192
1.2628567,8.714624,1.2600327,6.750333,0.8313749,-1.5168195,0.11315298,-0.38851458
1.422008,8.721779,1.2391143,6.642992,0.8548875,-1.4965067,0.13960373,-0.12963277
2.7801292,4.3901033,1.2413905,6.633857,0.85230947,-1.519537,0.027746916,-0.12771022
2.7578862,7.314704,1.2394781,6.6227055,0.8626168,-1.526368,-0.0021737218,-0.40344018
1.5729759,6.616221,1.2275748,6.6732984,0.8544774,-1.4769659,0.14624226,0.06367028
1.2742678,7.582393,1.2633185,6.6660576,0.8496959,-1.4792594,0.067442656,0.24534428
1.1315992,8.834671,1.2773643,6.641773,0.8374963,-1.4772208,0.009311795,0.022177696
1.1902499,8.921916,1.2365026,6.691326,0.82740164,-1.4276721,0.06180668,-0.28717434
1.3878039,5.6654015,1.2013392,6.701725,0.8130777,-1.4611292,0.06513238,-0.27248237
1.2921475,5.832488,1.225955,6.8117447,0.7961061,-1.4863712,0.058890224,-0.4469593
1.0237002,4.9279876,1.2225635,6.908398,0.79365444,-1.5521209,0.009157181,-0.4504232
0.91923356,4.750677,1.2153633,6.9135985,0.79176736,-1.5393236,0.106494665,-0.43890113
0.86095005,7.056609,1.2594409,6.953347,0.7665632,-1.428565,-0.01754415,-0.2675224
0.8582731,7.4162507,1.2614391,6.969715,0.7441473,-1.4332564,0.11895299,-0.14173254
0.84336203,5.7427363,1.209188,7.002243,0.74700546,-1.4299438,0.10221803,-0.2982015
0.9405211,6.752541,1.2403402,6.928133,0.72054744,-1.3660777,0.025939703,-0.3620833
1.0861439,7.9739904,1.212131,6.9233723,0.7071457,-1.3276043,-0.039048135,-0.49014
1.3937862,8.136568,1.118742,6.911878,0.71445465,-1.3064507,-0.043221295,-0.4925302
1.5329868,6.8581805,1.1529489,6.9742403,0.67370915,-1.3019016,-0.16069531,-0.4903835
1.2506931,7.2389336,1.1538966,6.9544134,0.6809988,-1.2760625,-0.10957223,-0.47498465
1.8046632,5.9299955,1.2189713,6.848634,0.70471954,-1.3115773,-0.12891108,-0.49067697
1.3612145,7.2748346,1.2317729,6.848899,0.70521593,-1.3274033,-0.14875633,-0.42137885
2.1946259,8.538616,1.1671345,6.854297,0.73964405,-1.356087,-0.15212011,-0.33496326
2.323998,5.7859917,1.2159536,6.8270373,0.72734356,-1.3406498,-0.12616193,-0.4631154
2.3670173,7.7022815,1.1591005,6.8981705,0.7277906,-1.3448257,-0.08178967,-0.49053594
1.3341832,7.562382,1.2420588,6.807762,0.7146301,-1.3763411,-0.029134631,-0.4595682
1.1336087,6.4513407,1.3204124,6.910384,0.7057657,-1.4004833,0.10265052,-0.36392277
1.0358201,8.207869,1.3215106,6.8440375,0.694613,-1.3536848,0.07171512,-0.13855991
1.0388938,6.944141,1.3223562,6.856544,0.69627404,-1.3388667,0.044656634,-0.41447735
1.3952327,7.01288,1.3293574,6.840637,0.67588043,-1.3404734,0.04429269,-0.4184186
1.6661246,5.900008,1.3820837,6.81678,0.6723645,-1.390617,0.0080782175,-0.4429646
1.702863,3.9888911,1.3776541,6.7751555,0.62176037,-1.2892563,0.080105424,-0.18728828
1.5521089,3.3760424,1.3665574,6.773749,0.619745,-1.266376,0.056353807,-0.19614866
1.853445,3.4265172,1.368928,6.7994785,0.6190636,-1.238733,-0.07153255,-0.17571777
1.1455755,2.8121405,1.3786983,6.678218,0.62408996,-1.2182504,-0.11593443,-0.34655663
2.207478,4.127435,1.4068012,6.693705,0.62629175,-1.2140325,0.016700864,-0.29679334
1.7479268,6.180146,1.4126825,6.5745287,0.65022683,-1.242067,0.07986295,6.812811e-05
2.0823433,7.886028,1.3853562,6.6087766,0.6609533,-1.2855642,-0.048864603,-0.2792392
2.4375186,9.794565,1.4000981,6.726654,0.64558554,-1.2899175,-0.049185574,-0.3399232
1.4528654,8.000906,1.3441322,6.7799387,0.6715982,-1.29076,-0.025791228,-0.3767156
1.4218489,3.026927,1.3335371,6.779877,0.6749723,-1.3393409,-0.09545261,-0.4143827
1.1381946,6.961351,1.3179224,6.8514786,0.67475486,-1.2781272,-0.055146873,-0.4233829
1.2010556,6.669166,1.3049479,6.8131266,0.67511654,-1.2848828,-0.106360555,-0.43014818
0.9910139,7.2509418,1.2997689,6.944063,0.6725862,-1.3287138,-0.03547424,-0.39947426
1.0051534,3.8147411,1.2478375,6.8882217,0.67357683,-1.3152355,0.14447844,-0.21729586
1.5297607,2.2906835,1.2621117,6.850722,0.6453974,-1.2707982,-0.091337204,-0.23449272
1.2449372,8.835575,1.3209357,6.8848495,0.649209,-1.2658274,-0.03651911,1.0192394e-05
1.2984643,8.08377,1.3051629,6.8756633,0.6353984,-1.2463408,0.005779743,-0.29680184
1.0935509,5.7054234,1.3240263,6.879445,0.6440184,-1.2613237,-0.04861641,-0.395832
1.1136343,6.523954,1.3304038,6.892905,0.6424277,-1.26547,-0.09081423,-0.46143818
1.1112732,8.549149,1.3018737,6.919398,0.64607215,-1.2568209,-0.0064851046,-0.3626726
1.2371942,7.3911977,1.3653839,6.867189,0.6260681,-1.1919997,-0.035604835,-0.2148999
1.0579798,2.9196742,1.3569126,6.9151053,0.6190469,-1.2455025,-0.15132153,-0.42631033
0.84936607,3.4698386,1.383949,6.871911,0.5943582,-1.2441283,-0.006063044,-0.13022453
0.7990548,3.5358024,1.4319518,6.884451,0.60348487,-1.2479982,0.09331548,-0.4006722
0.9190254,4.622567,1.3399277,7.0118074,0.61711264,-1.328563,0.0793277,-0.37950757
0.90334046,6.686677,1.3874035,7.0196586,0.6113467,-1.2786696,-0.0013093352,-0.47098464
0.93414116,6.937165,1.4071565,6.890086,0.62998915,-1.2380172,0.10814631,-0.46736747
0.9015763,6.680696,1.4249434,6.9245653,0.6298044,-1.2927613,0.052083492,-0.24077731
0.9124422,5.248537,1.4224854,6.865408,0.6357162,-1.2935512,0.0016146898,-0.24090526
1.5870495,6.511606,1.4392397,5.8757524,1.1355057,-1.7435977,0.19263113,0.23068273
2.0350502,9.411068,1.4408283,5.8828773,1.1351852,-1.7554665,0.062843084,-0.0558109
2.563643,5.3910985,1.4267437,5.892255,1.1312683,-1.7979622,0.0355438,-0.42953923
1.5306363,6.8949556,1.412024,5.8857555,1.1826754,-1.8517984,0.08762586,-0.120480835
2.2779603,6.2863407,1.405138,5.8787518,1.1885145,-1.8356625,0.050662518,-0.48916337
1.7183887,7.334676,1.4225967,5.873144,1.204006,-1.8826758,-0.031364977,-0.29270035
2.0293984,5.1999187,1.4197478,5.8747606,1.1929615,-1.812957,-0.01986295,-0.35475513
1.2068384,2.6775064,1.4182892,5.925497,1.1571567,-1.807179,0.068145156,-0.3492604
0.73335934,3.1998017,1.4454832,5.9396358,1.1488895,-1.8107034,-0.08029181,-0.46176353
0.5673699,2.6575093,1.4228578,6.12039,1.1441071,-1.8121917,-0.08736545,-0.41981804
0.6125733,3.0244224,1.390022,6.0682006,1.1592548,-1.7961427,0.029869318,-0.4071324
1.0617869,2.4046013,1.4311495,6.013047,1.1512196,-1.7984431,0.13172412,-0.2102131
1.3942676,4.0825205,1.4324303,5.9900174,1.1419063,-1.8379436,0.15637422,0.0045222044
2.330584,4.7555313,1.4227421,5.9911966,1.1300266,-1.8123242,0.080646634,-0.17985946
1.1701878,4.678815,1.3789,6.144804,1.1504488,-1.8438511,0.08198166,-0.38282955
1.2286031,6.2471833,1.3652041,6.081377,1.1497436,-1.8459263,0.12431371,-0.08014014
1.8617849,5.9518175,1.3617649,6.0536814,1.171078,-1.7951882,0.21498251,-0.14477897
2.0271807,5.9494314,1.3601356,6.022333,1.170341,-1.809717,0.07208729,0.11586672
1.497428,8.654492,1.3738561,5.977602,1.1666596,-1.7964737,0.13658285,-0.02364856
1.5744716,7.919552,1.3946903,5.969184,1.159718,-1.8168974,0.0730319,0.06801468
2.2869372,5.171109,1.4145529,5.9818325,1.1660528,-1.7834752,0.04907,-0.035387993
1.9205544,6.070434,1.3644636,6.0676746,1.1724234,-1.8066368,0.11232078,0.053147376
2.3168879,7.4493637,1.3418372,5.971439,1.2170095,-1.8894022,0.014538884,-0.33267102
1.2675146,5.7898297,1.3124313,6.0607986,1.2269101,-1.9069004,-0.0046769977,-0.19500852
0.9579825,2.8517616,1.3137088,6.0652375,1.240623,-1.8845794,0.051041603,0.05866748
0.8932518,9.318218,1.3009629,6.070335,1.245645,-1.8839271,-0.032364964,-0.41638196
0.9457836,8.429533,1.2701154,6.09424,1.2592368,-1.8687433,-0.11209601,-0.42543155
1.0974771,9.169032,1.2607923,6.0695295,1.2386298,-1.8671119,-0.051313758,-0.47915196
1.2421541,2.2009547,1.3024092,6.04113,1.2422762,-1.8676382,-0.09570205,-0.19219095
1.1249006,8.86253,1.3060181,6.04827,1.2582123,-1.9279977,0.05729282,-0.1413292
1.0276431,8.312202,1.2574835,6.1448693,1.2741189,-1.9318563,0.06981039,-0.46421027
1.3298566,7.2557254,1.2486949,6.169657,1.263241,-1.9361846,0.016546011,-0.30752444
1.1857241,2.971887,1.2412848,6.1326666,1.2437346,-1.8557857,0.024217248,-0.29288393
1.6290864,2.5655081,1.2478259,6.171587,1.2337248,-1.8594048,-0.06913358,-0.36588597
1.6198237,2.4091897,1.2540514,6.0827227,1.2518787,-1.8535022,-0.089662194,-0.2596249
2.8731441,9.446547,1.2241118,6.2196617,1.1974549,-1.8657166,-0.09463781,-0.22550213
1.4245236,6.389298,1.2337308,6.2116613,1.219456,-1.8707826,-0.00588274,-0.20879033
2.1498265,6.615212,1.210046,6.267519,1.19964,-1.8611915,-0.036387622,-0.42054215
2.8108027,8.116894,1.1942768,6.235926,1.2189436,-1.859967,0.026695967,-0.2024988
2.0646482,8.304123,1.1814466,6.202341,1.2024217,-1.847118,0.04153073,-0.14387196
2.1213713,9.881447,1.214288,6.2352767,1.1930151,-1.8184114,-0.052007556,-0.37008917
1.8599305,9.965443,1.2126544,6.205946,1.1822529,-1.7691348,-0.055401385,-0.44845986
0.9415058,2.5203795,1.2377813,6.338436,1.155139,-1.7667818,-0.18221325,-0.3885324
1.0430961,2.640157,1.1938028,6.2794075,1.184504,-1.7693124,-0.22999483,-0.42333722
1.021202,7.1684875,1.1898425,6.24386,1.1935802,-1.7213962,-0.034018993,-0.4384603
2.1905909,8.209837,1.180474,6.194215,1.1518371,-1.7125802,-0.15933478,-0.30089355
2.606491,7.688093,1.1905692,6.257041,1.144861,-1.7069516,-0.08424848,-0.17351013
1.2462392,2.9127958,1.1963279,6.294013,1.185832,-1.7762388,-0.150451,-0.33067966
2.7637713,5.5569925,1.1502903,6.321422,1.1928966,-1.8078338,-0.14022112,-0.31647748
2.5660715,7.7369394,1.1529531,6.192382,1.1942959,-1.7360178,-0.12514251,-0.2316356
2.243699,8.7458515,1.215946,6.2854195,1.1936092,-1.8370253,-0.08006656,-0.21047983
1.4713552,4.1971426,1.2662826,6.2614727,1.1748619,-1.8314098,-0.036910713,-0.41950068
1.443687,9.5525055,1.2337418,6.2051964,1.1760015,-1.8546222,-0.03817439,-0.46764645
1.1841145,5.8736744,1.3030388,6.2094564,1.1459568,-1.77403,-0.00868392,-0.47030076
1.0363592,6.532711,1.3319161,6.259295,1.1027124,-1.7788473,-0.095743954,-0.3871074
1.5177578,4.913044,1.2602248,6.255718,1.0939491,-1.7470626,-0.07503003,-0.4694615
2.3482742,9.860633,1.2361765,6.276929,1.1173315,-1.7485473,0.0050047636,-0.46445817
1.456715,3.8219566,1.2443237,6.338311,1.0515678,-1.7370623,0.011906385,-0.32553482
2.7018127,9.764879,1.239109,6.370244,1.0375721,-1.6963131,-0.014196396,-0.44343513
2.290011,8.008175,1.2426836,6.3917,1.0288379,-1.6724802,-0.14577109,-0.4550991
2.3502011,6.5013247,1.2353671,6.4415174,1.033288,-1.6754389,-0.14968961,-0.4890665
2.3891082,5.711714,1.2024477,6.481436,1.047987,-1.6985333,-0.03910476,-0.41015673
2.8281524,8.794365,1.213229,6.4615955,1.0174341,-1.6629927,-0.0638569,-0.36660993
1.249059,3.144534,1.2044334,6.5106344,1.0397885,-1.6841738,-0.079797626,-0.41183656
0.85288906,4.1264277,1.1939645,6.496207,1.0395579,-1.6601654,-0.10456741,-0.19037676
1.2738991,2.1547625,1.1973355,6.5233307,1.0220773,-1.6499084,-0.09274596,-0.4418538
1.2840586,9.626272,1.1889591,6.539879,1.0008311,-1.6811476,-0.022857964,-0.4532083
1.7935843,7.759956,1.1346891,6.551924,1.0181878,-1.6151452,-0.005416572,-0.33490855
2.3115876,8.476753,1.1386886,6.5490847,1.0160842,-1.6053202,-0.06794882,-0.3539863
2.3059132,9.643978,1.1672559,6.5148115,1.0084639,-1.6500362,-0.19029969,-0.4841585
2.2474883,3.2664185,1.2373209,6.490258,1.030029,-1.6684426,-0.21404749,-0.429888
2.2039719,7.027145,1.3264534,6.408223,1.0016146,-1.6519241,-0.24949074,-0.48157552
1.7956059,2.5575042,1.2767429,6.3390107,1.0150371,-1.6561323,-0.09105146,-0.48154464
1.3866123,5.305677,1.2597239,6.424632,0.9771409,-1.6408927,-0.038009822,-0.18529156
0.8517153,5.8672132,1.286124,6.410899,0.9768789,-1.5415637,-0.076229334,-0.35863686
0.82119846,5.73977,1.3476427,6.364835,0.9925935,-1.5748641,-0.063471735,-0.2966423
0.81173766,2.1683772,1.3337464,6.386075,0.9801762,-1.6142409,-0.052737713,-0.36967257
1.9715304,3.8762217,1.3301015,6.312047,0.97971916,-1.606431,0.020740986,-0.3391451
2.1429992,5.5190697,1.2845092,6.393861,0.97462463,-1.6556036,0.13107121,-0.03859687
2.3488824,7.618178,1.2765808,6.406242,0.98279214,-1.5758532,-0.046257675,-0.09329015
2.5833511,8.25886,1.304985,6.401413,0.9750438,-1.6518569,0.12023294,-0.037682116
2.8153307,8.974892,1.3020597,6.43832,0.931782,-1.6181954,0.13559818,-0.1550036
2.8872054,5.8496833,1.2857015,6.456372,0.948514,-1.6058302,0.15663588,-0.24000627
2.3778667,9.269594,1.2907474,6.5042486,0.96058416,-1.6622941,-0.102229476,-0.41375858
1.6591945,9.654959,1.2662692,6.543608,0.95735025,-1.6332533,-0.12855339,-0.472647
1.6796287,8.394438,1.2704113,6.5142736,0.96623254,-1.6390593,0.04407406,-0.34003535
1.37093,7.0991993,1.3264351,6.522338,0.92058825,-1.6390584,0.08075333,-0.37156174
1.9002699,9.0436535,1.3155448,6.475363,0.94271445,-1.6573656,0.09865105,-0.31649578
1.1049138,6.713215,1.3009019,6.5607457,0.93197155,-1.6427938,-0.012082994,-0.25305805
1.1151365,7.988755,1.2804453,6.539638,0.93919945,-1.6063731,0.11388242,-0.29789883
1.1991333,7.4189787,1.2560315,6.59672,0.9310434,-1.6284095,0.17185807,-0.22050732
1.2542902,8.055631,1.2610493,6.5824003,0.9089558,-1.5813948,0.09186602,-0.30523714
2.0017152,5.8377905,1.2910035,6.5005107,0.89542675,-1.577855,0.21186304,0.22202289
2.3686438,9.526316,1.3491864,6.384279,0.8997543,-1.4770198,0.122599125,0.257326
1.8491334,9.506496,1.3433235,6.407004,0.9022188,-1.5041668,0.11986995,-0.034675628
1.6859678,9.366245,1.3432932,6.360997,0.9088054,-1.5332034,0.093088865,0.009161711
2.0052185,5.264973,1.3050838,6.3807282,0.9151702,-1.5107894,-0.09252453,-0.28149128
2.9679623,8.203184,1.3053746,6.3667173,0.90135694,-1.4903922,-0.10047388,-0.39577025
2.9647086,7.8219748,1.3520377,6.3733406,0.9126086,-1.4948149,-0.24603909,-0.47228685
2.4828372,9.785682,1.3359561,6.3016586,0.9019537,-1.4612885,-0.22684032,-0.42512685
2.2892718,2.7394786,1.3486979,6.3028183,0.94146824,-1.4685205,-0.13835496,-0.48653623
2.666595,9.02708,1.3349929,6.195761,0.9562173,-1.4632183,-0.12858242,-0.41968682
2.5343497,8.019579,1.3169901,6.3000374,0.93827367,-1.4799582,-0.21489972,-0.3856818
1.9237349,5.715147,1.3817239,6.287299,0.93377066,-1.5050201,-0.16937262,-0.26069638
2.0762022,5.4845085,1.4007792,6.2962813,0.9191272,-1.5343041,-0.095247924,-0.3509133
1.8108939,8.193094,1.427336,6.264034,0.9405234,-1.5472498,-0.07312554,-0.17621708
2.633099,7.735076,1.4746528,6.211009,0.9097278,-1.5565035,-0.06774473,-0.44836095
2.392214,2.1503901,1.4737384,6.2086697,0.92622805,-1.5928098,-0.025410771,-0.39352363
1.8346797,2.1321282,1.4893527,6.2084045,0.9123137,-1.5962462,-0.078841746,-0.37274253
1.9465227,2.2653232,1.4818406,6.243081,0.9076786,-1.6113036,0.054126024,-0.38199717
2.5739536,9.9835205,1.4322174,6.2270975,0.90897703,-1.5730045,0.008367658,-0.24848905
1.3942068,9.776794,1.4571753,6.2236075,0.9423697,-1.5753208,0.075243115,-0.34944975
1.4405677,4.6054745,1.4002929,6.3015594,0.9154992,-1.5320429,-0.01977259,-0.34755123
2.7258828,9.750561,1.4215963,6.3157263,0.9084418,-1.559705,-0.04315442,-0.064671844
1.8298361,9.164729,1.4278965,6.305463,0.90992546,-1.5902355,-0.03110069,-0.4779725
1.3024004,8.817764,1.4295793,6.344758,0.9135034,-1.5930786,-0.005492151,-0.4400564
2.6955023,6.62704,1.3916624,6.3354273,0.9208207,-1.6063869,0.00470829,-0.3798489
2.8346562,6.302237,1.4051442,6.343161,0.91753864,-1.6100317,0.040142298,-0.13340119
2.146915,9.067244,1.4026074,6.241235,0.9364579,-1.5975598,0.0028859377,-0.3165356
2.4449627,9.222507,1.4352095,6.1852307,0.9513209,-1.5698376,0.02587843,-0.12527344
1.0729374,9.208513,1.4542449,6.123595,0.98972607,-1.5819879,-0.043523133,-0.2738096
2.3304482,3.3695846,1.466078,6.0992274,0.97575974,-1.6157385,0.08237779,-0.29157552
1.9435244,9.737175,1.4471252,6.1395235,0.9588673,-1.6322024,0.04752791,-0.38221824
2.3017764,3.4850497,1.4891124,6.0987787,0.96617293,-1.5966765,-0.08136505,-0.49500185
1.5709893,3.5731256,1.4354854,6.121019,0.9392593,-1.5588281,-0.011781335,-0.39996472
2.9410405,8.633475,1.395587,6.289383,0.9155657,-1.5401506,-0.010380566,-0.13951573
2.8970044,7.6306243,1.4460127,6.153818,0.91710186,-1.5782089,0.10384607,-0.40651384
2.827501,8.092842,1.527175,6.13656,0.89800024,-1.5888553,-0.06511718,-0.4063046
2.3441052,5.377747,1.5254931,6.121833,0.8961272,-1.539519,0.0053573847,-0.32592747
2.8912404,9.084591,1.52035,6.122913,0.9013684,-1.5485998,0.22647965,-0.04936844
1.0689366,4.3377247,1.4754589,6.249238,0.9180658,-1.5549884,0.23917675,0.068277836
2.3761234,5.506995,1.3908515,6.295228,0.88616943,-1.4763722,0.10365832,0.12896395
2.811017,9.746799,1.4462099,6.237793,0.8957844,-1.4859021,0.027613401,-0.35460615
2.9047735,8.933454,1.4330816,6.2420073,0.89047575,-1.4999774,0.13692904,0.1251406
2.94962,4.6457396,1.4161003,6.2853827,0.8729458,-1.5054443,0.09296274,0.14003104
1.5676959,6.403771,1.4571705,6.2624235,0.89749146,-1.5396801,0.16502285,-0.2326411
1.4980378,9.833479,1.4066033,6.27943,0.90557146,-1.5347669,0.027526975,-0.2748626
1.7859882,9.591555,1.389617,6.2902126,0.89847136,-1.5169181,0.069472075,-0.3784041
1.7306179,4.679641,1.4252155,6.2398243,0.8948281,-1.5314653,-0.015144408,-0.40507793
1.9474703,8.082506,1.4276083,6.299088,0.86512923,-1.5002595,-0.008756518,0.033257425
2.0381258,5.3414173,1.3827305,6.3460226,0.87128544,-1.5117925,0.025624394,-0.37732264
2.975134,9.916512,1.3838348,6.3643904,0.86184,-1.493716,0.046236515,-0.07331371
2.645825,9.827169,1.3993351,6.3241005,0.85612416,-1.4786557,-0.04657674,-0.40878755
2.4267495,9.963585,1.3704214,6.4090624,0.8611605,-1.4682709,-0.030789495,-0.03182751
1.6764007,2.0199604,1.3654172,6.4165435,0.8457954,-1.4607136,-0.035094142,-0.25775117
1.4922025,2.8957214,1.3559551,6.432872,0.8282528,-1.447688,-0.07276726,-0.43491006
1.8066077,8.304318,1.391037,6.3932,0.83809114,-1.4583253,0.009165764,-0.03946042
1.3724552,8.515375,1.3393679,6.39183,0.8760853,-1.4214122,-0.06571561,-0.041443586
2.8034081,2.017231,1.3345029,6.3782253,0.87039685,-1.5088478,-0.04002148,-0.05274242
2.7026398,9.995514,1.3439922,6.354993,0.8780718,-1.4348211,-0.091070354,-0.20167086
1.8680483,9.988153,1.336952,6.413664,0.85437536,-1.4242973,-0.12612402,-0.43271467
2.2385435,3.962547,1.2980397,6.491191,0.8435347,-1.4166863,-0.21487677,-0.46191925
2.3138895,4.7684937,1.2516632,6.634932,0.8103001,-1.4608219,-0.23229718,-0.48229256
1.5970048,3.7294745,1.2896254,6.642763,0.80980587,-1.4007926,-0.08176988,-0.4759538
2.4832346,4.109468,1.3162167,6.529789,0.798856,-1.4174169,0.043916583,-0.15741155
2.0420175,7.440078,1.3505025,6.4573593,0.8105643,-1.4087688,0.002164483,-0.15799245
1.5813593,9.02973,1.3666086,6.59217,0.78125477,-1.4805112,0.14054501,-0.18302304
2.4425614,8.797876,1.3230243,6.7029886,0.73668385,-1.3839967,-0.082089305,-0.33126095
2.742383,5.994675,1.2812636,6.6694036,0.73808956,-1.367841,-0.06659728,-0.4217634
2.4324765,8.853991,1.3345292,6.703932,0.76888394,-1.4007537,-0.1160416,-0.4688459
1.516751,9.961833,1.3022966,6.7241373,0.73331475,-1.3741783,-0.12157291,-0.46149135
2.5620651,9.842266,1.321548,6.7515564,0.7095704,-1.3623867,-0.108220756,-0.48488423
2.9920254,3.118054,1.2854316,6.799618,0.7127197,-1.4079726,-0.099458575,-0.49554878
2.9912436,3.587015,1.2693758,6.811634,0.7279539,-1.3855557,-0.15118688,-0.49139637
2.9019072,4.4233994,1.3138685,6.684782,0.702204,-1.3427722,-0.102398634,-0.2049889
2.6901066,4.6968317,1.4017539,6.651066,0.6783383,-1.3430403,-0.10181153,-0.4441954
2.1292071,5.768484,1.4106128,6.6078453,0.68005466,-1.3458238,-0.027888596,-0.44121698
1.7204021,7.6696324,1.4501281,6.54815,0.71130633,-1.348153,-0.016936779,-0.34781688
1.6327239,5.2205667,1.4246728,6.5688033,0.712512,-1.3366125,-0.031515956,-0.359701
1.4704126,3.3586154,1.435121,6.536703,0.70572305,-1.3285829,-0.06889522,-0.35776338
2.2421756,8.566674,1.4145787,6.643553,0.69125247,-1.3232446,-0.09633273,-0.41797456
2.6400518,2.7099862,1.4220834,6.6262236,0.66795826,-1.2937199,-0.15291142,-0.2581528
1.2553658,2.4157467,1.426476,6.6134105,0.66225624,-1.3358678,0.01223433,-0.4570682
1.7970884,4.42761,1.46859,6.575475,0.6731746,-1.3157061,-0.0019041896,-0.25558308
1.1629332,5.0585327,1.4582629,6.617484,0.6509559,-1.2698228,0.085578084,-0.16676101
2.353282,6.5669703,1.4680398,6.6039886,0.65734196,-1.3912872,0.032485127,-0.318445
1.7348833,6.1065965,1.4439182,6.5632915,0.6886492,-1.3673115,-0.011982322,-0.36102515
1.5579957,6.035437,1.4648633,6.5823975,0.69299626,-1.3796782,0.101616025,-0.4331531
1.8291992,9.431739,1.4538493,6.6110506,0.68606424,-1.3814206,0.23261726,0.03294295
1.6336868,8.25679,1.3955126,6.6701326,0.72336745,-1.3951728,0.16881049,0.0299564
1.2095406,7.9361243,1.3597424,6.6928806,0.7085626,-1.3972542,0.15755212,-0.21882409
1.089689,7.1509886,1.4035213,6.645625,0.7150774,-1.3744586,0.00202775,-0.43314213
2.624042,6.7936482,1.3603666,6.7888765,0.70634747,-1.3970919,-0.061665833,-0.36538282
2.479203,7.8756723,1.3740995,6.7852726,0.6934433,-1.4447958,-0.012695134,-0.27585715
2.7804651,7.0118623,1.3717775,6.7623053,0.70327306,-1.3878855,0.10241938,-0.3024309
2.747797,8.759148,1.3637218,6.75163,0.7235136,-1.4355111,-0.08616167,-0.48177707
2.5048218,3.5968447,1.3451786,6.698472,0.6985419,-1.3482981,-0.025428355,-0.4905173
1.8192755,8.512249,1.3167374,6.6986856,0.7218616,-1.3636692,0.031985402,-0.4706024
1.4866802,8.684122,1.351062,6.647318,0.72110677,-1.363931,0.11716044,-0.4709846
1.1549954,6.4954195,1.2711296,6.7181296,0.7470722,-1.3827806,0.058855057,-0.48026112
1.1652169,7.1277432,1.2658639,6.762744,0.75911045,-1.3791416,-0.08505815,-0.32943168
1.2166455,5.878771,1.2801781,6.799779,0.7337651,-1.3994083,-0.05015856,-0.44294128
1.54406,8.1033535,1.3268566,6.7898607,0.7143359,-1.3926215,0.0008814335,-0.27848354
1.2390969,4.9973397,1.2730863,6.8011394,0.7181747,-1.3463621,-0.027428746,-0.3939844
1.1070838,6.328849,1.2586687,6.8604016,0.7187283,-1.3652884,0.0123666525,-0.332739
2.8056638,5.7362175,1.2028041,6.853161,0.701555,-1.2950459,-0.0811615,-0.3201245
1.9281231,7.445747,1.2588573,6.871234,0.67552376,-1.3157861,-0.18258083,-0.4386498
1.9504791,4.1572056,1.260366,6.789623,0.68875504,-1.286046,-0.12530613,-0.48290685
2.3423057,8.744717,1.2526569,6.81091,0.70565104,-1.3309898,-0.17046326,-0.4561652
1.8687574,7.153279,1.2935824,6.733768,0.7069731,-1.334163,-0.01751113,0.25865757
0.75917405,2.0648363,1.2076888,8.588055,-0.4519962,-0.21343565,0.015576959,-0.28607866
0.8105029,2.156551,1.2129395,8.616649,-0.44267166,-0.24494767,0.11786878,-0.38770673
0.7075821,2.2607553,1.2091899,8.6749525,-0.4409802,-0.20441961,0.123805046,0.20606542
0.69751966,2.2763894,1.2040243,8.749132,-0.45301175,-0.2242918,0.2195828,-0.28774226
0.71099854,2.4876428,1.0065179,8.8294,-0.46119976,-0.21415138,-0.051595867,-0.4699305
0.7421507,2.3500602,1.112179,8.825539,-0.49388826,-0.21233273,-0.0041260123,-0.47897017
0.6848693,2.212699,1.0593503,8.872593,-0.4954766,-0.17518306,0.00015425682,-0.4114846
0.79924715,2.179768,0.8950112,8.766125,-0.4479034,-0.18428946,0.09637952,-0.31682187
1.0441461,2.1041422,0.68731785,8.8998575,-0.48812664,-0.23530722,0.10777104,0.06321597
1.0968763,2.2181993,0.54982543,8.881306,-0.50247633,-0.19267344,0.19153786,0.14261699
1.250695,2.1415792,0.55898535,8.808415,-0.51916206,-0.14724064,0.31605697,0.2928586
1.1312089,2.173549,0.5378573,8.820915,-0.51160395,-0.10472059,0.21832812,0.430156
1.16833,2.1427784,0.6827004,8.827421,-0.5180644,-0.10342932,0.26636398,0.39778924
1.2541914,2.087912,0.75353146,8.751716,-0.5126091,-0.1458013,0.2204839,0.3266123
1.0666323,2.0688612,0.74102294,8.752813,-0.50894403,-0.09687257,0.08375609,-0.17499235
1.0685787,2.1523852,0.63419485,8.7583275,-0.5005989,-0.124474764,-0.09123498,-0.4413439
1.4248352,2.3865895,0.8374634,8.755168,-0.51341116,-0.1008482,-0.1497091,-0.41853988
1.5176524,2.1604216,0.5213549,8.765777,-0.5091016,-0.12043953,-0.1870749,-0.46002382
1.7365714,2.4098961,0.5405531,8.776002,-0.5258919,-0.120049,0.029548049,-0.4657024
1.8483727,2.243403,0.4549477,8.733421,-0.52421284,-0.12576175,-0.14664829,-0.46047932
1.5883281,2.3780751,0.5229063,8.833343,-0.5134815,-0.1116581,-0.028971434,-0.35241377
1.5256653,2.3205914,0.6412877,8.772652,-0.5218004,-0.15839696,0.024277806,-0.19759977
1.6221519,2.374667,0.5639298,8.738062,-0.51053655,-0.15585351,-0.030117929,-0.20627695
1.6280241,2.4940336,0.50868654,8.7173605,-0.49773133,-0.10254979,0.116603255,-0.02506119
1.5385985,2.183378,0.56623936,8.699197,-0.5137099,-0.10143924,-0.07674867,-0.38914964
2.358728,2.3524122,0.23819995,8.714254,-0.5247328,-0.112531185,-0.08276367,-0.4862605
2.434927,2.2610512,0.36147547,8.750967,-0.54510415,-0.10970545,-0.09060782,-0.4343897
1.7947358,2.2585053,0.38907218,8.79484,-0.5507705,-0.08239412,-0.1192562,-0.37640563
1.7835329,2.153792,0.2846409,8.825716,-0.5580479,-0.07278395,-0.07779616,-0.4058214
1.9632452,2.0884178,0.36639285,8.7710085,-0.5690608,-0.050147533,-0.06505257,-0.38185632
1.9226621,2.2917547,0.5422108,8.821321,-0.5785583,-0.11418295,0.003843069,-0.11996934
2.252943,2.8073065,0.7359576,8.810907,-0.5678148,-0.15919971,0.081570625,-0.47741228
1.7252954,2.4816236,0.6738486,8.831456,-0.5466428,-0.18155932,0.15009129,-0.087409616
1.2010697,2.3294394,0.8120742,8.858682,-0.56339145,-0.088234186,-0.005938828,-0.2731781
1.4652861,2.2840204,0.52657926,8.831831,-0.56583345,-0.047653913,0.0057303905,-0.27849787
1.5406651,2.3801768,0.25208747,8.877473,-0.52526796,-0.067804575,-0.11826706,-0.23049906
1.3811138,2.243907,0.16004837,8.790973,-0.5068569,-0.057435513,-0.23845756,-0.29163188
2.0436487,2.6700406,-0.21458787,8.85351,-0.4808848,-0.059366465,-0.22183049,-0.29369536
1.9566694,2.5529945,-0.30690938,8.821682,-0.4761207,-0.09767747,-0.121809244,0.11607242
2.6377974,3.3124888,-0.2392509,8.795872,-0.47489846,-0.057769537,-0.103155315,0.062394083
2.8191204,3.0282092,-0.42242968,8.736054,-0.4724723,-0.09169912,0.013435483,-0.046809435
2.681614,3.0503268,0.1426245,8.80147,-0.47189224,-0.124851465,0.103708625,0.25083625
2.6233628,2.7605343,0.008580089,8.727773,-0.4542328,-0.13246346,0.06481373,0.24049306
2.626057,2.5940096,-0.18331063,8.723691,-0.45275342,-0.14264417,0.025357604,-0.14367431
2.7838097,2.3607018,-0.34663808,8.683359,-0.42831802,-0.1613841,-0.008754432,0.2366144
2.1953564,3.1463537,-0.10991967,8.712948,-0.41984332,-0.1641779,-0.028760076,-0.09631258
2.9017785,3.2757053,-0.10043514,8.778873,-0.43543577,-0.18255305,-0.10110921,-0.4175785
1.6277058,2.4726253,0.3529632,8.785463,-0.4360391,-0.19739127,-0.11174476,-0.1305775
1.3722384,2.187958,0.08311975,8.830436,-0.44645846,-0.19237494,-0.11853999,-0.4769361
1.3212113,2.4286733,0.26625395,8.869692,-0.44766486,-0.17515516,-0.10607827,-0.4593547
1.01885,2.0223384,0.1586585,8.853715,-0.45051706,-0.12412524,0.018688679,-0.24883431
0.99429834,2.1886487,0.25280535,8.834117,-0.4588176,-0.14150238,-0.1119411,-0.48213768
1.1714735,2.5049005,0.4345274,8.7794,-0.44666767,-0.13829684,-0.19989872,-0.47557878
1.359158,2.5054832,0.40846312,8.799088,-0.46246207,-0.13486075,-0.07564902,-0.45673603
1.486661,2.4845693,0.099603176,8.744179,-0.4526322,-0.13262033,-0.15427071,-0.24879175
1.1583667,2.0071266,0.11502659,8.756273,-0.4173677,-0.13041711,-0.11506617,-0.43185785
1.4173148,2.0361867,0.4129231,8.700527,-0.41681182,-0.17312098,-0.080584526,0.059422255
2.693448,2.1662636,0.2482512,8.698271,-0.45000196,-0.20890594,0.14146256,0.16546565
2.1857505,2.1480136,0.18893409,8.655172,-0.4425491,-0.124507904,0.0034761429,0.32260275
1.7620653,2.0889175,0.48583674,8.670641,-0.46945894,-0.19115496,0.17367351,0.07746476
1.7868308,2.289096,0.77626514,8.526787,-0.42972112,-0.24791026,0.13010728,0.08548504
1.7168391,2.6669292,0.86584044,8.594621,-0.43760383,-0.23649931,0.019899607,-0.23198742
2.2797573,2.5364978,0.40383625,8.618472,-0.44183123,-0.18599558,0.0128721,-0.054965287
1.816257,2.4456391,0.6021733,8.536277,-0.42746508,-0.18404365,-0.06666726,-0.22860193
2.171174,2.1979759,0.6756253,8.552314,-0.4309976,-0.17763972,-0.049071968,-0.24945277
2.4538045,2.464356,0.4675374,8.583295,-0.44400108,-0.18956971,-0.08582586,-0.4026667
2.3048763,2.5835333,0.35994816,8.628478,-0.41895127,-0.21773529,-0.030744016,-0.36388877
2.877887,2.7302637,0.3875302,8.652664,-0.4215691,-0.21652961,-0.16542011,-0.42052913
2.8632815,2.8293889,0.20926261,8.637537,-0.41461575,-0.20264196,-0.13153595,-0.3318246
2.8911252,3.1047525,0.59389913,8.644287,-0.4100114,-0.24279952,-0.099065125,-0.47891614
2.235263,3.1546483,0.40055215,8.650422,-0.37041414,-0.29222536,-0.007916212,-0.48440105
2.61587,2.790948,0.65580034,8.652405,-0.4191482,-0.29492807,0.04243183,0.12489748
2.8619566,2.6548817,0.6189524,8.62119,-0.42760587,-0.25339746,-0.02205658,0.13007104
2.5905595,2.6902058,0.67207885,8.660767,-0.45462346,-0.22192216,-0.19128048,-0.4849759
2.6786702,2.1266835,0.6766081,8.604988,-0.44449723,-0.25905037,-0.030965388,-0.35064617
2.3039467,2.010755,0.57855535,8.493519,-0.39420068,-0.253191,-0.06922394,-0.29535884
2.174151,2.0948186,0.67726946,8.500911,-0.3921516,-0.2519226,-0.08255255,-0.38127136
2.3060179,2.0480943,0.7024642,8.474972,-0.39237237,-0.25674605,-0.15011275,-0.34550962
2.1165662,2.537173,0.5524473,8.4625,-0.39812708,-0.193254,-0.019011319,-0.34740078
2.3380995,2.4478421,0.45272946,8.441723,-0.38992274,-0.20149803,0.0011520386,-0.12078941
2.4361787,2.3145597,0.73446476,8.435413,-0.38860786,-0.19938612,-0.05691904,-0.2103377
2.330065,2.5408707,0.5796747,8.390359,-0.38179815,-0.18503714,0.11762822,-0.0675444
2.4553018,2.1451113,0.88681006,8.366645,-0.3921771,-0.20607471,-0.11241394,-0.24649721
2.5733287,2.141621,0.9105971,8.315885,-0.39362156,-0.23537278,-0.09110069,-0.30919707
2.4875977,2.1109319,0.9691436,8.324335,-0.36491263,-0.25058317,-0.018365145,-0.2376126
2.2959635,2.0679388,0.8084276,8.399746,-0.39696586,-0.19606352,-0.07490438,-0.44237113
2.299203,2.0124874,0.8586621,8.423655,-0.3965795,-0.24740481,-0.13751131,-0.44099876
1.4889598,2.1060839,0.7722503,8.420443,-0.35713506,-0.26921654,-0.12640798,-0.4672222
2.4602318,2.105199,0.79634166,8.410135,-0.38328016,-0.24726558,-0.11503965,-0.26633787
2.6185584,2.5120344,0.5094669,8.481732,-0.39863873,-0.23322678,-0.056561053,-0.2537542
2.2456436,2.3729434,0.63789177,8.628307,-0.42385244,-0.20248747,0.09387076,-0.24068606
1.808179,3.0511656,0.73018,8.578367,-0.42937315,-0.21626043,-0.055283427,-0.37419608
2.193155,2.4317122,0.65257406,8.5730715,-0.44904995,-0.17476034,0.025947452,0.016985297
1.7721735,2.362918,0.63296795,8.613269,-0.45480597,-0.15188503,0.08836603,0.044682026
2.336493,3.4988723,0.7199559,8.661175,-0.4368868,-0.22015476,0.08078182,0.077637136
2.301951,2.7464902,0.4909538,8.697976,-0.46167243,-0.20547056,-0.014671743,-0.29369223
2.2029295,2.3436532,0.38172722,8.719422,-0.46052706,-0.21736383,-0.12428051,-0.42724863
1.9160259,2.834617,0.5615208,8.682468,-0.4566412,-0.21922135,-0.007874012,-0.1540106
2.8173792,2.560613,0.92874897,8.596463,-0.44672537,-0.29570627,-0.12162417,-0.4591943
2.7562916,2.7217054,0.94645226,8.59407,-0.42958796,-0.2782569,-0.0065154433,-0.11981106
2.6861043,3.4087644,0.99535847,8.555744,-0.45100915,-0.24982715,0.045713544,-0.14908075
2.4806302,2.4149597,0.9100665,8.573172,-0.46582782,-0.20544624,-0.028204918,-0.33450815
1.9789957,2.462187,0.9361081,8.629049,-0.48374963,-0.20669699,0.0010299683,-0.4268941
2.660084,2.27243,0.90978,8.614135,-0.4980775,-0.22321892,0.06808424,-0.19465098
2.8186626,2.3050268,0.8596301,8.586131,-0.4884547,-0.21332455,0.2261473,-0.041569263
1.8585163,2.3033886,0.8645661,8.661759,-0.5352107,-0.1883874,0.08917999,-0.06537604
1.0573881,2.1678166,1.0754185,8.696467,-0.51355195,-0.15181923,0.115671635,-0.091582984
0.7599193,2.113967,0.9041748,8.743673,-0.47353232,-0.20009279,0.10056186,-0.08295256
0.9850971,2.2284756,0.8744824,8.726685,-0.44508612,-0.17795372,-0.018062472,-0.050573587
0.99893916,2.3896596,0.96370673,8.725567,-0.44462407,-0.2003169,0.031226754,0.01130873
0.9488027,2.3557148,0.8179215,8.72042,-0.42395914,-0.21661949,-0.032945275,-0.46153092
0.8816804,2.292378,0.83207643,8.65169,-0.42397487,-0.17821264,-0.009826899,-0.26540458
0.79237115,2.1594737,0.75902534,8.716743,-0.4215901,-0.16143799,-0.0254727,0.14114404
0.78902566,2.079465,0.70404863,8.719062,-0.42713094,-0.1966381,-0.12060064,-0.49373537
0.9766182,2.085901,0.71912396,8.742865,-0.46949387,-0.16347265,-0.01632595,-0.16087511
0.88125044,2.3519073,0.9097469,8.742281,-0.46227193,-0.1642065,-0.05552584,-0.41180363
0.8279269,2.2417803,0.85073996,8.716101,-0.4713508,-0.12797952,-0.09514642,-0.27207083
0.83573437,2.2118635,0.9198241,8.694072,-0.4706719,-0.11780715,0.06235695,-0.09517753
0.85774887,2.1188262,1.0782335,8.644188,-0.48199117,-0.15143442,0.007142186,0.20528167
1.0320854,2.1894813,1.181438,8.574284,-0.48785782,-0.15827274,0.10752523,-0.3421118
1.1866219,2.1308582,1.1423161,8.553459,-0.48559797,-0.1972959,0.05093646,-0.19674188
1.0790417,2.0696213,1.2409317,8.509095,-0.47972834,-0.18263984,0.0070507526,-0.41202176
1.0226834,2.0624862,1.1906025,8.560306,-0.49959064,-0.16853905,0.03362775,-0.43387246
0.99155796,2.074071,1.235914,8.559268,-0.48520267,-0.18654013,0.03547871,-0.4236064
1.1048801,2.3701384,1.2588744,8.538235,-0.4467852,-0.1983304,0.063616514,-0.11030781
1.559696,2.3215115,1.2670083,8.516752,-0.469257,-0.19493794,-0.018097997,-0.31568944
1.2529395,2.0710797,1.1562016,8.524288,-0.46355426,-0.23509288,0.20610976,-0.25649026
1.3881998,2.0346236,0.9428618,8.539545,-0.45367563,-0.20303464,-0.07817608,-0.4791792
1.2884169,2.144103,0.9989506,8.586902,-0.4445225,-0.21409774,0.009104848,-0.2068429
1.4310436,2.2979498,1.0251567,8.641242,-0.44384074,-0.263448,0.053484797,-0.28540328
1.568418,2.1038196,1.0507298,8.6499,-0.47295332,-0.2217195,0.033028364,-0.3442332
2.357411,2.156448,0.9288733,8.552332,-0.47811186,-0.22829866,0.065635204,-0.37077352
2.5864248,2.0465312,0.5647918,8.567003,-0.46471798,-0.22325039,-0.08968878,-0.4147355
2.2046022,2.0129108,0.5366254,8.650839,-0.4655764,-0.21379805,-0.022154927,-0.20482475
1.5355754,2.192695,0.8745177,8.665368,-0.45508862,-0.24870205,-0.029505134,-0.28614718
2.181913,2.3466194,0.80210805,8.606277,-0.45092273,-0.26641226,-0.01084584,-0.40071183
1.6592767,2.3112345,0.68602693,8.58975,-0.42066336,-0.23913693,0.11042428,-0.42315787
1.6506032,2.4387546,0.65254545,8.64988,-0.42701364,-0.23918962,-0.07913101,-0.3842342
1.4993377,2.2953694,0.7433212,8.641239,-0.4253807,-0.26362443,-0.0762105,-0.4218023
1.666089,2.331474,0.4788748,8.622021,-0.4246477,-0.23934603,0.022652388,-0.43464452
2.324092,3.8394856,0.62937665,8.703134,-0.42458963,-0.2739799,-0.02957499,-0.42461792
2.3999262,4.674519,0.75116754,8.716817,-0.4168955,-0.27344704,-0.013510227,-0.4412187
2.9911876,4.778434,0.5069475,8.739011,-0.41757977,-0.28141594,-0.01697725,-0.3960477
2.845861,3.082097,0.37623477,8.716733,-0.45701706,-0.23247385,-0.00631094,-0.07197201
2.7296813,3.1426144,0.6013727,8.697956,-0.4553088,-0.23350048,-0.023363292,-0.36902636
2.7980468,2.221638,0.46823657,8.691911,-0.46928132,-0.22784066,-0.027797997,-0.3442469
2.2257655,2.2199647,0.42572045,8.737556,-0.48672342,-0.23125505,0.09358716,-0.41658184
2.6962104,2.3727992,0.38033068,8.77916,-0.47274947,-0.19711399,-0.26445,-0.45384052
1.989333,2.5455217,0.30591154,8.816889,-0.44577897,-0.1953528,-0.1941542,-0.49498752
2.2275038,3.6127765,0.5911524,8.713204,-0.4546399,-0.17190409,0.08123362,-0.44812405
2.757819,3.4730468,0.4217925,8.819733,-0.46342027,-0.22630024,0.025598526,-0.31470358
2.9159226,4.1450863,0.41926575,8.682375,-0.43377686,-0.26619363,0.09609914,-0.18387446
2.586452,3.9602716,0.57358027,8.763829,-0.42401576,-0.30341053,0.10103178,-0.12976617
2.6324687,4.0553694,0.6556864,8.685673,-0.41199672,-0.28633356,0.07538974,-0.22901222
2.254378,3.3265758,0.5967696,8.6995325,-0.41716564,-0.27400255,0.1004926,-0.2688793
1.8483248,3.6462128,0.43726337,8.729953,-0.3999405,-0.30032992,0.08301711,-0.2088573
1.887741,3.0496378,0.43090987,8.760406,-0.41369903,-0.27714896,0.07280171,-0.079327166
2.1409135,3.0678163,0.6928692,8.740158,-0.45218658,-0.29283667,0.02694416,-0.31781203
2.2389803,2.9726367,0.32933426,8.770418,-0.46412098,-0.26562524,0.08665013,-0.4436382
1.9967073,3.3903258,0.40983582,8.812822,-0.41263652,-0.28913426,0.019456506,-0.079187095
2.1450698,3.815092,0.048407674,8.85939,-0.3937024,-0.24515724,-0.10368675,-0.39513248
1.6513994,4.3459663,-0.085448265,8.955576,-0.34418464,-0.24818707,-0.047396183,-0.4735023
1.716331,3.6132486,-0.16247487,8.930101,-0.38107455,-0.25115252,-0.12980127,-0.38952842
1.5366504,3.8199487,-0.13338351,8.95336,-0.36668384,-0.2513125,-0.011453927,-0.38575894
1.4865859,3.7599053,-0.021842241,8.972561,-0.36488712,-0.2570324,-0.0613271,-0.28615093
1.4404457,4.0600147,0.16134548,9.010465,-0.3698802,-0.2730627,0.011368394,-0.22505099
1.4174542,4.1971507,0.11311185,8.971335,-0.36156797,-0.23612976,-0.07289833,-0.29621777
1.6912478,3.327498,-0.13063836,8.961912,-0.36378777,-0.27247047,-0.11736047,-0.32725078
1.6871765,3.099691,-0.22824466,8.955263,-0.38502645,-0.24785995,-0.105454445,-0.418118
1.3510739,3.0474281,0.0856204,8.944834,-0.40985012,-0.25339603,-0.010942996,-0.26121798
1.0754708,3.1022863,0.2658931,8.934811,-0.4101379,-0.23379254,0.1728108,-0.07465002
1.0277345,2.414771,0.3159083,9.010308,-0.4255036,-0.21033192,-0.1470514,-0.49309817
1.0652268,2.1291149,0.3056451,8.9146805,-0.40205777,-0.26532125,-0.1648575,-0.4615957
1.03823,2.255566,0.39016294,8.875022,-0.42456853,-0.2685535,0.017155647,-0.4550395
1.1412487,2.3114052,0.31169724,8.921795,-0.42884624,-0.261281,-0.094032586,-0.43954778
1.1140804,2.6800246,0.28333712,8.9148035,-0.4173957,-0.23704624,-0.18437791,-0.48236695
0.97024775,2.194543,0.34383416,8.897569,-0.42362154,-0.23749971,-0.13487041,-0.48112443
0.9704092,2.4018364,0.47965217,8.94853,-0.47086167,-0.22314286,-0.033037364,-0.41926467
0.8457047,2.4077313,0.53175557,8.972147,-0.45469797,-0.21306968,-0.011156082,-0.35099363
0.8738835,2.234078,0.4989133,8.854184,-0.4209807,-0.2210877,-0.031652987,-0.43744612
0.92244196,2.1578875,0.53741384,8.862562,-0.41051877,-0.25287914,-0.073932946,-0.42741594
0.973212,2.2832265,0.5733075,8.852914,-0.42481804,-0.25037432,-0.056187034,-0.47247317
0.83440137,2.4037395,0.58780336,8.943689,-0.43291116,-0.21280384,-0.09436685,-0.36416018
0.7911276,2.4415023,0.6088147,8.962525,-0.449291,-0.18382692,-0.067456126,-0.30737472
0.733479,2.2484381,0.6453769,9.019497,-0.47495186,-0.17327142,-0.05935979,-0.4643683
0.7104276,2.1265316,0.7076534,8.947191,-0.48160207,-0.18906403,-0.008436799,-0.22262156
0.7006061,2.0261583,0.47345555,8.993677,-0.4771887,-0.12877917,-0.16622323,-0.25322416
0.65426844,2.011901,0.37708986,9.082342,-0.46658647,-0.1407516,-0.1268127,-0.24037749
0.6419908,2.0162697,0.48972476,9.080056,-0.47087562,-0.1594615,0.08503699,-0.18428546
0.6454275,2.0068145,0.42311394,9.069588,-0.4897791,-0.072338104,0.046020746,-0.12077618
0.6313762,2.0705595,0.4815302,8.934525,-0.44697392,-0.026167631,0.3069154,0.35152072
0.6579057,2.0512784,0.39420068,8.952282,-0.4939829,-0.010855436,0.2529825,0.5143268
0.65708953,2.1101372,0.41620302,8.959084,-0.46110117,-0.015457392,0.08988011,0.25422305
0.6705423,2.164147,0.5344943,8.941624,-0.48122025,-0.031977892,0.11004031,0.38076824
0.7360571,2.3720267,0.5897063,8.974196,-0.5011045,-0.06398773,0.17830789,-0.13125789
0.7602175,2.5115423,0.6685431,9.02372,-0.49052262,-0.13212729,0.14630592,-0.13703579
0.7031624,2.2502103,0.72455716,8.99449,-0.48690152,-0.11925244,0.11564803,-0.12554508
0.6353948,2.2397494,0.7264414,8.997122,-0.48270893,-0.14897275,0.09007418,-0.068968356
0.6878859,2.2563953,0.735451,9.009049,-0.4856999,-0.18153048,0.076226115,-0.10400921
0.67965204,2.345502,0.725778,9.001341,-0.4783702,-0.16072106,0.064998865,-0.1893239
2.8899243,8.846729,0.26732707,8.502233,-0.13915956,-0.51431656,-0.09092283,-0.49020118
2.6466472,7.8398423,0.38519287,8.539482,-0.15316617,-0.51193523,-0.09433991,-0.30422682
2.1761832,6.2169933,0.4017563,8.541325,-0.1694138,-0.466084,0.03428769,-0.22599128
2.035244,6.238118,0.45966768,8.592222,-0.18087018,-0.49063492,0.02466762,-0.3018106
2.124615,5.098261,0.534225,8.545534,-0.19027102,-0.4849286,0.021440148,0.033987164
2.2258015,5.4836884,0.50633,8.413984,-0.20008183,-0.40315866,-0.0465129,-0.33860743
2.3886113,4.568075,0.5402703,8.290857,-0.1737634,-0.42626143,0.014010191,0.12917745
2.5376859,5.663585,0.5917506,8.331207,-0.17515337,-0.40164137,0.21325326,0.17952901
2.4707074,5.318348,0.7128141,8.314087,-0.23353326,-0.41910338,0.2072413,-0.12549296
2.8086655,5.3472958,0.73836935,8.386299,-0.24709511,-0.40696645,0.23621082,0.2521646
2.607016,5.144392,0.7633138,8.423674,-0.25097454,-0.40603828,0.18244493,0.15564108
2.564002,5.1219378,0.77821636,8.396094,-0.24624395,-0.4167378,0.16106653,-0.014874995
2.4046717,4.457304,0.80815125,8.290697,-0.23877203,-0.3835461,0.28307068,0.3464145
2.4287374,4.000696,0.7697365,8.2842045,-0.24485266,-0.37979054,0.2892791,0.30616224
2.612709,3.783195,0.98898864,8.316342,-0.26256895,-0.39713073,0.35145283,0.24423146
2.8691044,4.456311,0.95939267,8.311811,-0.26073396,-0.42328167,0.27456522,0.22919238
2.7093222,4.6568074,1.0058789,8.327881,-0.2667284,-0.39331627,0.26085854,0.2026313
2.6915064,3.3619723,1.0117776,8.307125,-0.26911747,-0.3937912,0.09596503,0.1377204
2.983559,4.068801,0.9647455,8.327153,-0.26941085,-0.4250791,-0.0539003,-0.4952178
2.870814,2.9274201,0.9537444,8.348469,-0.2808621,-0.41901898,-0.097562015,-0.44700417
2.8683133,2.7106369,0.9446199,8.232439,-0.2875433,-0.43076015,0.054149747,-0.3371821
2.1398916,2.6227252,0.99826384,8.21628,-0.27889168,-0.28246117,0.11370051,-0.010844052
1.66859,2.230497,1.171612,8.214418,-0.295969,-0.35275364,0.05521083,0.0026175976
1.6092256,2.1396115,1.2282591,8.210915,-0.28830016,-0.3715601,0.1490798,0.35469717
1.910748,2.1664798,1.1597459,8.166525,-0.2616918,-0.3690958,0.11970127,0.37029153
1.4087973,2.342648,1.1296339,8.153567,-0.2697308,-0.3586042,0.13362741,-0.017954528
1.1488526,2.2853222,1.149972,8.233998,-0.25985932,-0.3691206,0.28859556,0.07601309
1.1651301,2.2035692,1.2072275,8.221247,-0.27666414,-0.33434963,0.03963101,0.15267038
1.3117192,2.4243717,1.204035,8.246879,-0.27214932,-0.3307693,-0.08296919,-0.29275137
2.6637263,2.481468,1.095479,8.21341,-0.28361475,-0.34860468,-0.0037634969,-0.11122036
2.2325902,2.655823,1.0077062,8.195511,-0.29000843,-0.32047558,0.0056306124,0.09003556
2.500758,2.856658,1.0194025,8.220929,-0.2945789,-0.30873322,0.06527209,-0.4207624
2.5521712,2.2491503,0.82384825,8.291507,-0.28515375,-0.38020277,0.01325357,-0.38993424
2.0937626,2.336927,0.81610835,8.277197,-0.27169454,-0.42086267,0.05034697,-0.06095791
2.6896176,2.3007622,1.0081909,8.211742,-0.26605296,-0.4110973,-0.030131698,-0.43794718
1.4233825,2.3567936,1.215785,8.112564,-0.27281082,-0.4046111,0.11343479,-0.41148192
1.6980644,2.0894465,1.0692656,8.140726,-0.2496568,-0.35512972,-0.09684366,-0.22553828
1.9722424,2.0086427,1.1472023,8.162865,-0.27127957,-0.41711664,-0.033204257,-0.38794118
2.6476552,2.085609,1.0298002,8.12468,-0.27271783,-0.34046698,-0.19053006,-0.46760342
2.5896764,2.4260616,0.85431194,8.207096,-0.29433644,-0.288553,-0.08121544,-0.45987478
2.7505744,2.0911436,0.75447106,8.220108,-0.25126147,-0.3427379,-0.21753746,-0.42829463
1.9354204,3.4446077,0.68832016,8.3454,-0.23563206,-0.40413785,-0.23694694,-0.36317638
1.3623352,2.8758185,0.6777017,8.295206,-0.19541264,-0.40130472,-0.05817759,-0.3739701
1.7166749,3.0545702,0.7942047,8.254675,-0.19721317,-0.48575997,-0.027338088,-0.3972241
1.8844465,3.1254506,0.75163436,8.188534,-0.13134837,-0.50334764,-0.0869717,-0.47481358
1.6020243,2.9991288,0.72265196,8.240175,-0.124278784,-0.4984703,-0.14846867,-0.32704252
1.1911485,3.4611883,0.8638617,8.306614,-0.13174772,-0.49199343,0.0066212416,-0.48222625
1.3068821,3.5901818,0.9335747,8.228914,-0.13175845,-0.46306133,-0.14535946,-0.45911008
1.1157818,2.9354413,0.90839314,8.298447,-0.12773299,-0.4731393,-0.09748626,-0.2500928
1.2853508,3.1654167,0.8834176,8.264731,-0.116933346,-0.52631044,0.00838244,-0.32351178
1.3345091,3.3244853,0.8596635,8.255368,-0.10960817,-0.5232401,-0.11038971,-0.38835263
1.2273426,3.362311,0.8622923,8.24591,-0.10027051,-0.5279136,-0.04807931,-0.2874425
1.7578912,3.4732552,0.85789585,8.267302,-0.12393892,-0.5292301,-0.05226022,-0.21826756
1.6015476,3.7565646,0.8384099,8.218407,-0.124476075,-0.52596116,0.07381141,-0.2590691
1.7886407,3.9188838,0.89213145,8.217838,-0.09817541,-0.5634172,0.089586616,-0.25940412
1.6561811,3.064468,0.79694223,8.217924,-0.08128095,-0.5682461,0.10033083,0.08660734
1.8081836,6.334237,0.8627031,8.241339,-0.08086288,-0.5572667,0.13550246,0.18228614
1.9612982,3.422923,0.8784332,8.056654,-0.060290813,-0.5609629,-0.11372751,-0.34875727
1.806361,2.7924333,0.8219563,8.069252,-0.08018315,-0.5544448,-0.052578628,-0.4616666
1.7187473,3.7186294,0.82395935,8.071509,-0.07371032,-0.5375767,-0.053201437,-0.4201237
2.1878953,6.025038,0.84189844,8.086089,-0.065081,-0.51028156,-0.16113299,-0.37232578
2.8352823,5.832114,0.8025203,8.133902,-0.07296455,-0.5032563,-0.20946264,-0.36570978
2.89877,7.683714,0.7871721,8.130305,-0.08780658,-0.5580001,-0.12359774,-0.3119092
2.9511414,4.9750195,0.9053154,8.085776,-0.08309853,-0.5485754,-0.059624135,-0.30285406
2.356555,4.7807317,0.86932397,8.13393,-0.08701861,-0.54488087,-0.076110125,-0.36373883
2.0150726,4.4370375,0.9213567,8.124254,-0.098068476,-0.5422325,-0.05048412,-0.24221253
2.2647064,4.0315,0.9251778,8.170881,-0.10986054,-0.6054337,-0.030254364,-0.37741297
2.2191906,3.7395296,0.89089775,8.211697,-0.11124492,-0.5647168,-0.045816183,-0.45746535
1.7009407,3.8264148,0.89932203,8.147684,-0.10143328,-0.55996346,-0.083901584,-0.3939941
2.147961,4.3782625,0.6965611,8.211422,-0.11498928,-0.47811532,-0.1258474,-0.34209427
2.839108,5.353181,0.76009774,8.210675,-0.119380236,-0.5402596,0.061230898,-0.17450663
2.761917,8.70625,0.7919934,8.19966,-0.11895096,-0.5091238,0.071484566,-0.4914122
2.7628598,7.875955,0.705395,8.2513685,-0.1162796,-0.5749986,0.07531452,-0.48256323
2.4574184,7.8786173,0.6881814,8.279213,-0.07652962,-0.5876477,-0.031745315,-0.48090765
2.7877073,5.342578,0.64978564,8.276894,-0.07533586,-0.60343933,-0.09777892,-0.16642201
2.3755684,6.210624,0.6470473,8.307905,-0.07960391,-0.62995005,-0.044846058,-0.064674616
2.514129,4.7302713,0.56083846,8.32742,-0.052268267,-0.6346791,-0.15632153,-0.4447789
1.8800719,5.303461,0.74328566,8.202749,-0.05246997,-0.6355586,-0.07310736,-0.27584705
2.3983111,3.7167664,0.87075114,8.028836,-0.02781868,-0.6169307,-0.13751435,-0.35730565
2.788867,8.583045,0.82280684,8.0862255,-0.02985859,-0.60414267,-0.08765787,-0.3398516
2.837963,5.600519,0.81706536,8.096424,-0.037022233,-0.61423063,-0.084311366,-0.36911342
2.8047302,4.938579,0.80326533,8.064259,-0.037445426,-0.58709,-0.020856857,-0.1296961
2.7831302,7.049505,0.92330337,8.060215,-0.057505965,-0.5916045,-0.0007484555,-0.03891629
2.853316,5.5891485,0.90890265,8.05521,-0.047744393,-0.56463265,-0.025073707,-0.15215644
2.0114202,3.9937186,0.8960682,8.152586,-0.07998526,-0.56122804,-0.025564313,-0.3017658
2.5119724,8.236118,0.86541915,8.128115,-0.08497131,-0.61418104,-0.00058209896,-0.43222028
2.9472544,8.132118,0.9491637,8.128025,-0.07404494,-0.62298894,0.1650238,-0.16713619
2.3578844,8.549666,0.9704623,8.05077,-0.072102904,-0.548357,0.11577785,-0.037586868
1.7272143,3.4555404,0.9433186,8.046442,-0.08032179,-0.55212784,-0.015935123,-0.20894855
1.65245,3.246715,0.9943166,8.057757,-0.07565868,-0.5656967,0.059351087,-0.2694262
1.3733203,3.552868,0.97950125,8.157646,-0.08389878,-0.5808039,0.13738644,-0.092859715
1.3690498,3.5543308,0.8687432,8.178134,-0.07720339,-0.58315325,0.024242759,-0.07687628
1.2504045,3.355166,0.8756571,8.17983,-0.0481869,-0.5481868,0.023759007,-0.20393676
1.0919142,3.2764947,1.0262175,8.169205,-0.09108865,-0.5491686,0.009030819,-0.13853201
1.5256816,2.71597,0.97805333,8.134978,-0.09324443,-0.54775095,-0.030269384,-0.13392329
1.0628237,2.7205167,0.951812,8.155127,-0.075787544,-0.5596328,-0.103652,-0.4505468
1.0188631,2.6580346,0.87911797,8.121367,-0.057814956,-0.5597038,-0.007491052,-0.4287555
1.4469953,2.6719534,1.032826,8.007935,-0.022593379,-0.6448662,-0.037482798,-0.19535762
1.0729916,3.729528,0.9773556,8.085813,0.046873093,-0.6614382,-0.06643468,-0.16867918
1.0498205,3.8411717,0.9760759,8.069696,0.047261715,-0.67587376,-0.083201826,-0.46068668
1.125625,4.3584614,0.96261525,8.073386,0.05497098,-0.6917,-0.089476645,-0.35090005
1.2056992,4.8787537,0.93801,8.154665,0.033855915,-0.6766865,-0.063022494,-0.45158923
1.1294641,4.9358273,0.94322634,8.122336,0.039045095,-0.6671519,0.03794813,-0.35716712
1.1222267,4.871258,0.91893387,8.103722,0.07679391,-0.7019067,0.060084462,-0.20127803
1.1160678,5.0269713,0.9530699,8.105443,0.09595132,-0.71290183,0.091534734,0.08682394
1.1807518,5.567155,0.92851806,8.087672,0.08624506,-0.7621503,0.12958002,0.093871415
1.0489327,5.425006,0.87844014,8.190645,0.09014654,-0.7060435,0.09633398,-0.38595247
1.0340126,5.608781,0.9836154,8.17509,0.07710934,-0.6961622,-0.10352546,-0.34709716
1.0488338,3.6157246,1.015302,8.129989,0.055234194,-0.6742439,-0.057873487,-0.25208303
1.0672936,3.3555484,1.0334527,8.107544,0.03247738,-0.6796212,-0.102601945,-0.073699355
1.3357067,3.0606732,1.1200032,8.010937,0.0025148392,-0.6837311,0.0366292,-0.09578404
0.9511678,2.9228709,0.98681426,8.0348835,0.05188608,-0.6740048,0.009903789,-0.12655824
0.88062155,2.4662495,1.0371246,8.071083,0.04573369,-0.6928916,-0.03048551,-0.12018371
0.9922576,2.6238933,1.0154338,7.9868817,0.045039415,-0.6980126,0.063007355,-0.073081285
1.0178338,3.5584707,1.0662854,7.932529,0.05929637,-0.6908493,-0.0046289563,-0.3718948
1.0029753,4.010909,1.0628269,7.95893,0.08707142,-0.6909008,-0.092608154,-0.3562829
1.24283,3.8630133,1.0712016,7.9029098,0.079588175,-0.69748735,0.05194688,-0.21182224
1.0532475,3.382218,1.0721648,7.818686,0.095968485,-0.7280185,-0.09654176,-0.41276792
0.89013886,2.1928306,1.1775463,7.746288,0.10700464,-0.79870915,-0.018355727,-0.40378127
1.3588908,5.0054517,1.1807153,7.870571,0.094637394,-0.7976601,0.07269454,-0.4419065
1.2969826,4.0848503,1.1761668,7.890795,0.09807205,-0.7664838,-0.06383473,-0.47783542
1.1436452,3.7908068,1.0184441,7.9420204,0.11346817,-0.7729938,0.07577312,-0.12403369
1.1518812,4.103197,1.1130805,8.020747,0.08614087,-0.8241482,0.15116048,-0.22966218
1.0504364,5.0249233,1.0975678,8.021061,0.11365819,-0.8378072,0.022562385,-0.4372249
0.97784334,3.9181085,1.0710883,8.037523,0.12851524,-0.7909236,-0.03748399,-0.30524242
0.9074653,3.9309893,1.12466,7.9473343,0.12177968,-0.7454245,-0.0018473268,-0.1800211
1.0787568,4.6777053,1.0362954,7.885675,0.12037468,-0.742373,0.107598424,-0.41383117
1.5677836,4.600644,1.0599761,7.8870687,0.12109113,-0.8622544,0.22656846,0.11422992
1.911828,5.4954395,1.0135155,7.859289,0.11403704,-0.7837193,0.2986523,0.14580935
1.7491407,6.5880575,1.0481837,7.8633413,0.09962511,-0.7347183,0.22034585,0.19267714
1.6209626,6.1740947,1.0368893,7.8412147,0.11875963,-0.7465749,0.16718817,0.2748267
1.725851,5.878295,1.0205634,7.8565083,0.13406754,-0.7848823,0.120468736,0.21613908
1.7493823,5.843029,1.0007496,7.8331313,0.1363473,-0.81807184,0.014556289,-0.34210372
2.3340092,6.426743,1.040308,7.831967,0.1526053,-0.8327341,-0.21575117,-0.48242372
1.9337444,8.1419525,0.8141527,7.9030643,0.18515992,-0.87328386,0.093486905,-0.32571626
2.0581784,8.857281,0.8144901,7.926591,0.20333147,-0.85300946,0.02760458,-0.27403373
2.1042495,7.1335235,0.7483735,7.9308558,0.20108819,-0.85843253,-0.047576427,-0.25172585
2.0665672,6.606159,0.7573501,7.880594,0.1859231,-0.82095957,-0.017960012,-0.27595913
2.085096,9.703823,0.73406625,7.8763876,0.21114755,-0.82135296,-0.0453071,-0.2215823
2.0690951,9.7955265,0.7671468,7.8776436,0.20844126,-0.821857,-0.028884292,-0.0951176
2.112174,5.4167047,0.8081125,7.8114405,0.20798635,-0.8185742,0.027697802,0.050803185
2.7799165,5.817425,0.7480793,7.7862062,0.2211647,-0.8369813,0.09324157,0.21926671
1.7089913,6.407453,0.8191482,7.7985997,0.19845867,-0.81680536,0.1445589,0.1952306
1.6493944,7.4609647,0.79608834,7.869028,0.22817993,-0.82624626,0.06878865,0.16456914
1.9050436,6.348845,0.88814235,7.8905363,0.23034453,-0.90634346,0.062006474,-0.009708822
1.9407971,4.8380294,0.8633096,7.8865848,0.22576046,-0.9122462,0.057664037,0.18433678
1.9163961,9.167343,0.87141836,7.8504143,0.21697688,-0.87277794,0.06297171,0.017144084
2.5393696,7.3137474,0.954685,7.8744097,0.15411663,-0.881768,0.12870276,-0.22373793
2.493031,9.926571,0.993062,7.794087,0.1952076,-0.8572593,-0.02402258,-0.29183507
1.9002467,8.612585,0.8264997,7.7952905,0.23537922,-0.91451263,0.08022189,-0.45907554
1.49415,3.6143649,1.0064616,7.759036,0.24559236,-0.94178295,-0.031099916,-0.14831641
2.5887408,7.370181,1.0228565,7.7602715,0.23670268,-0.9265692,-0.04487759,-0.19009206
1.5578423,6.953004,1.1243386,7.725684,0.22066665,-0.9309144,-0.0826478,-0.29362643
1.4807657,7.8815937,1.1175337,7.6294293,0.24187684,-0.91572285,0.093229055,-0.4873789
1.4397768,7.7561526,1.1942554,7.6486073,0.23475814,-0.84424114,-0.026388645,-0.37452686
1.4365547,6.3924685,1.120328,7.65503,0.25395823,-0.85104656,-0.06314033,-0.0921779
1.3608557,3.8544168,1.176049,7.7013545,0.21742964,-0.9285643,0.07919574,0.26388633
1.1903858,4.0455284,1.1405554,7.7025814,0.22465658,-0.8763621,-0.023647964,-0.49084824
1.1059093,3.76078,1.1057305,7.7170224,0.2102499,-0.9151428,-0.042271078,-0.48786712
1.2511809,3.2738028,1.1214676,7.646646,0.2306757,-0.85991096,-0.16735339,-0.47559926
1.3467432,3.6285849,1.0246344,7.7026753,0.23195672,-0.8742869,-0.1843313,-0.47109473
2.7609148,3.6501818,1.0726242,7.651379,0.22119093,-0.89989996,-0.1831398,-0.4507211
2.5704165,7.0390854,1.0648377,7.6688676,0.2137022,-0.82164836,-0.006584406,-0.45591703
2.5568843,6.776411,1.0659783,7.593662,0.23103094,-0.8790984,-0.11670339,-0.37560552
2.5506754,7.5290537,1.0682611,7.5739584,0.24503231,-0.90581083,-0.0056319833,-0.1965917
2.5997255,9.743388,1.0792358,7.558493,0.21926856,-0.8626056,-0.020103455,-0.4247367
2.808032,5.354971,1.1635623,7.484133,0.21355844,-0.8568201,0.012208462,-0.071123004
2.9561794,9.88497,1.199116,7.498521,0.20763278,-0.84008193,-0.02719891,-0.31554186
2.9949594,9.587057,1.1443627,7.463831,0.21668911,-0.83925414,-0.0011447668,-0.109410405
2.981628,9.678826,1.1996036,7.532775,0.21034813,-0.8730614,0.0003581047,-0.39485127
2.6555064,7.965439,1.1558597,7.5991225,0.18901229,-0.8586507,-0.058740973,-0.37961504
2.5056126,8.92918,1.0663636,7.597317,0.19666553,-0.8111124,-0.034246325,-0.29208648
2.73673,4.9493027,1.1381721,7.6072583,0.17318606,-0.8280282,-0.006763637,-0.19625562
2.6299124,6.55929,1.1420829,7.5013723,0.23057461,-0.8812785,-0.06249398,-0.39814237
2.7636275,5.1488695,1.116291,7.5050163,0.24302578,-0.8903189,-0.16230458,-0.48699862
2.7026744,7.6570883,1.0975652,7.5723157,0.2507124,-0.8837824,-0.17234272,-0.49488634
2.0340657,9.108086,1.0073082,7.596907,0.27375507,-0.862865,-0.24410951,-0.49079219
1.9168665,7.4586143,1.090579,7.594081,0.24203181,-0.84341264,0.19952655,-0.2829188
1.668095,6.625578,1.0114439,7.7033625,0.29600954,-0.9585748,0.10796785,-0.09737122
1.5306181,6.0485272,0.9810345,7.6860666,0.2866385,-0.94689775,-0.008740008,-0.27975076
1.4130878,6.6638656,0.99111104,7.644204,0.28626537,-0.931247,0.027291179,-0.3119159
1.9972376,9.337174,0.96750426,7.6058044,0.31309438,-0.9756899,-0.007010579,-0.2212008
2.0872846,9.704287,1.0000973,7.5757103,0.3102765,-0.9622984,0.027188063,-0.3198497
2.9431534,9.796381,0.96061444,7.503316,0.36035347,-1.0268617,-0.04925692,-0.4061844
2.9151478,9.58124,0.9741297,7.490501,0.34083605,-0.96905017,-0.17388868,-0.4891333
2.9376314,7.7386684,1.034656,7.4542704,0.35193205,-0.9672792,-0.18263292,-0.38666844
2.9805605,3.9041739,1.0149946,7.462992,0.34517503,-0.9783461,-0.115988135,-0.33267677
2.7474887,9.224757,1.0436735,7.4515676,0.3652935,-1.0221748,-0.10405493,-0.36972398
1.8564682,8.68422,0.9881513,7.487708,0.37960863,-1.0170851,-0.06272179,-0.2951721
1.7620945,8.969941,1.0001702,7.49917,0.35032344,-0.9842129,-0.008749127,-0.42657745
1.833102,9.154407,1.0073185,7.4922137,0.36005116,-0.9750576,-0.1491285,-0.4771082
2.0074897,6.8291397,1.0305438,7.4251113,0.37338066,-1.0063369,-0.124786794,-0.34353167
1.9038632,7.295482,0.9878634,7.3985248,0.3711233,-0.96359825,-0.123075426,-0.31392267
2.5213614,7.1977143,0.97185314,7.4296885,0.36420703,-0.9586897,-0.14455432,-0.36549643
2.6055465,5.300081,0.9665688,7.409663,0.33551145,-0.906126,-0.20270991,-0.34287232
2.606091,9.267422,0.8741714,7.551444,0.3409505,-0.9099684,-0.106405556,-0.30738428
2.5218003,8.683195,0.90395427,7.4889655,0.37024522,-0.95844793,-0.032838225,-0.3620864
2.5444262,9.507067,0.9055474,7.553946,0.37149405,-0.9562278,-0.16735423,-0.20333025
2.004015,7.3985443,0.88680625,7.550664,0.36797547,-0.98732185,-0.071849644,-0.45909712
2.2605999,9.269913,0.93503106,7.5140815,0.38031363,-0.98843455,-0.1336329,-0.42196453
1.5202873,3.3802872,1.2598486,6.700139,0.75575185,-1.3892207,0.05097747,-0.17631856
1.3693576,2.9801536,1.2690072,6.641234,0.7664871,-1.3452387,-0.054595113,-0.13459852
2.587231,9.927948,1.3888116,6.5193787,0.79804015,-1.3836033,-0.2032206,-0.21217525
2.891807,9.993205,1.3626809,6.4893804,0.7783761,-1.3850014,-0.19853061,-0.30509144
2.0033038,2.9114501,1.3602369,6.501708,0.7455416,-1.3569299,-0.03243643,-0.004041761
2.0108142,4.2358723,1.4467287,6.4951773,0.7508619,-1.4085333,0.036600232,-0.49645272
2.5415766,9.195304,1.4716828,6.4950047,0.75614023,-1.418777,-0.10991365,-0.49829945
1.6868303,4.4932146,1.4852071,6.416443,0.7500899,-1.3898048,-0.009334803,-0.496571
1.9807545,6.4276466,1.4731293,6.504313,0.73642015,-1.3802401,0.01597929,-0.1753222
2.1948748,6.2312,1.4794126,6.506794,0.73591495,-1.3852057,0.024632812,-0.09474173
2.2992709,8.830028,1.4985368,6.422601,0.71790075,-1.37177,0.008567095,-0.4414731
2.398585,8.897194,1.4894238,6.491793,0.7166519,-1.371819,-0.09261888,-0.47305715
2.5819468,8.418882,1.4752717,6.4943867,0.7247362,-1.3664743,-0.0804404,-0.36194897
2.4906998,3.9795532,1.4359374,6.5196667,0.75090456,-1.3761837,-0.11517018,-0.4563261
1.5645909,3.5875998,1.4224167,6.49107,0.7526777,-1.3605587,-0.11068845,-0.42136496
1.2315735,2.8645976,1.4409969,6.5386195,0.72691417,-1.3608961,-0.09375584,-0.4240628
2.3347187,9.901661,1.4113605,6.55738,0.7300577,-1.3475504,-0.06559926,-0.42255056
2.613882,5.910902,1.4030094,6.532378,0.7612207,-1.3939822,0.07845938,0.28602064
1.9077818,6.631169,1.4221649,6.4960756,0.74678874,-1.364465,-0.0051414967,-0.0582214
2.2431755,2.2681868,1.4365678,6.4332495,0.7599356,-1.3732724,0.004473448,-0.090601325
2.1039417,9.780125,1.4239564,6.440111,0.7813747,-1.4044161,0.20178604,-0.09153426
1.4965596,3.0357604,1.440556,6.4398603,0.78937745,-1.427932,-0.12564564,-0.44069824
2.65585,7.8531218,1.485426,6.4337845,0.81661797,-1.4487054,-0.13046128,-0.3667567
2.8330026,5.047949,1.418396,6.440325,0.8148601,-1.5045652,0.071642995,0.17815453
2.8395212,8.74664,1.3768711,6.4940414,0.8131063,-1.4945216,-0.046967506,-0.3059606
2.8338923,4.798475,1.3822567,6.411768,0.81254554,-1.4397694,-0.001898706,-0.19348893
2.0098786,5.271734,1.403358,6.477641,0.7676599,-1.4105182,-0.12623674,-0.4370156
1.5796858,5.30564,1.4299316,6.523848,0.74754405,-1.4091973,0.031232953,-0.4175494
1.4825946,3.956595,1.4825149,6.504479,0.7261076,-1.3926103,0.032462,-0.4525829
1.7748144,4.966362,1.4780233,6.510948,0.72927356,-1.3966495,-0.057739258,-0.49116266
1.8698674,6.563875,1.4938719,6.4602737,0.7348063,-1.3723052,-0.013816297,-0.40622187
2.3160858,6.2004523,1.4877291,6.4135494,0.72163916,-1.330946,-0.06175661,-0.4209899
2.5466187,8.378324,1.4972789,6.4250727,0.7079239,-1.2978487,-0.025187016,-0.32110387
2.1118908,6.7072945,1.5067992,6.4489985,0.6982441,-1.3581967,-0.002800107,-0.3212644
2.7498193,9.175497,1.5034854,6.4509425,0.7102492,-1.3517579,0.11165738,0.053229928
1.9109439,9.660751,1.5172229,6.4513187,0.70792866,-1.3319056,0.038646936,-0.2958732
1.8300246,7.5231347,1.4939137,6.495279,0.70543194,-1.37872,-0.00229311,-0.3194878
2.4090667,3.3876696,1.506151,6.45,0.6909776,-1.3487709,0.018087983,-0.12445256
2.2758386,4.7065554,1.493648,6.475414,0.7099879,-1.3442185,0.14585245,-0.11040735
2.9839125,7.285532,1.531961,6.458493,0.6816492,-1.3330314,0.14365351,-0.17212915
2.6724896,7.175089,1.5331936,6.381445,0.68795633,-1.3022472,-0.04769057,-0.11309743
1.6208819,6.0756187,1.5323901,6.404591,0.69786596,-1.2770925,0.0638895,0.10478717
1.4065723,6.9333687,1.5009584,6.451433,0.7032323,-1.3391049,0.18440223,-0.21814841
2.545338,7.526298,1.5568542,6.392906,0.6891637,-1.3435652,0.022229195,-0.21073687
2.0256438,5.7357006,1.5793633,6.4134464,0.6904144,-1.3748457,0.09704971,-0.46332642
2.1034584,4.5548677,1.5867443,6.4016542,0.6714406,-1.3477714,0.025752306,-0.49037206
1.6244643,5.689205,1.6064782,6.399952,0.672384,-1.3244902,-0.0807724,-0.48811823
2.7571547,7.38625,1.5976548,6.397087,0.68183947,-1.3363547,-0.100486994,-0.4570949
2.0203443,3.258153,1.5745311,6.3785763,0.7032051,-1.3753145,0.12766576,-0.3435496
1.5427494,9.39189,1.5356789,6.3858023,0.7241156,-1.3812647,0.09705508,-0.29374427
2.9830184,7.6926293,1.5760326,6.3415446,0.7001724,-1.396304,0.16089678,-0.06681171
2.9739864,9.133894,1.5834897,6.3089314,0.7002983,-1.3472064,0.13481176,0.050572157
2.929646,9.069391,1.6257086,6.3132944,0.6926627,-1.3741565,0.20292103,-0.021372586
2.7978907,3.5855784,1.662431,6.2888694,0.66773057,-1.333792,0.011990666,-0.2953553
1.9721844,3.0361164,1.6645923,6.32472,0.67546463,-1.3307507,0.07754803,0.071412385
2.1035802,7.3004794,1.6215875,6.387065,0.66394544,-1.3009377,0.119654775,-0.21028629
1.2675234,6.567746,1.6293147,6.515958,0.6309843,-1.2964878,0.10624671,-0.121903926
1.1964653,3.8932624,1.6128104,6.462994,0.64643097,-1.294076,0.10339415,-0.09242934
2.1592238,4.451527,1.6089616,6.4518633,0.6379459,-1.3291562,0.27734005,0.006082177
2.2054262,7.268332,1.6092784,6.4597945,0.6415484,-1.3612425,0.15751457,-0.25873202
2.588121,7.486329,1.7280793,6.4759636,0.6009357,-1.3127689,0.059960008,-0.24339661
2.709476,9.520388,1.7117095,6.3508124,0.64605546,-1.3292062,-0.041679442,-0.22595245
2.2768679,4.557724,1.6597075,6.390993,0.64774275,-1.3553842,0.1565845,-0.32430473
2.1415484,6.2121744,1.6729383,6.3561544,0.63740754,-1.31646,0.13291419,-0.16567168
1.6943932,4.8542805,1.6797311,6.336651,0.64004993,-1.3283796,0.19425905,-0.26634675
2.3062155,3.8684862,1.6722865,6.3618927,0.65052867,-1.308903,0.074673414,-0.22991645
2.191069,5.3342915,1.6647241,6.3055024,0.68042636,-1.3084776,-0.0014653206,-0.45139363
2.798277,8.028805,1.5717411,6.316952,0.67936826,-1.2892551,0.05591619,0.08374941
2.7998142,7.9285784,1.5739713,6.3795424,0.6776526,-1.2791038,-0.028612852,-0.28980467
1.5515411,2.8091736,1.5800812,6.3481126,0.6822493,-1.292903,-0.0036225915,-0.24379972
1.3298097,2.1827462,1.5998719,6.3578377,0.66310644,-1.2672474,-0.059010267,-0.21527871
1.6093562,2.0340319,1.6187737,6.3258457,0.6818044,-1.2772579,-0.05782628,-0.21390828
1.39874,2.0126684,1.6225371,6.3341503,0.6857934,-1.3246615,-0.10547602,-0.33335638
0.9847606,2.4587042,1.642014,6.372842,0.6805191,-1.3247511,-0.08894551,-0.38582116
1.0982331,3.1985552,1.6121933,6.370028,0.65581155,-1.309516,0.025544524,-0.44565257
2.9425611,2.260305,1.6297152,6.3657885,0.67292,-1.3197503,0.007895827,0.045016944
1.8198292,9.737951,1.5630639,6.453211,0.6490352,-1.3443761,0.029195428,-0.26767093
2.840818,2.8136616,1.6531901,6.295264,0.6495824,-1.3070464,0.10704839,-0.23993337
1.8301237,9.876547,1.6573064,6.294511,0.66230345,-1.2562376,0.19800997,-0.0594818
2.5992348,9.681242,1.6697326,6.266734,0.65410995,-1.2733836,0.06362176,0.05380726
2.566533,5.4425774,1.6424141,6.3313513,0.64652324,-1.2756727,0.18789697,-0.1984185
2.8887649,6.523053,1.633538,6.312291,0.6528568,-1.2468607,-0.06956321,-0.32383963
2.1101475,4.6046567,1.62637,6.3878818,0.65281034,-1.2838222,-0.07949853,-0.33443907
2.3549697,5.51011,1.630053,6.448905,0.6182513,-1.2828207,0.006023288,-0.329269
1.5985969,4.0003395,1.6651185,6.3721666,0.6035123,-1.1620998,0.0474993,-0.13932249
1.6381737,4.7668943,1.6507511,6.371155,0.620924,-1.2224283,0.080240965,-0.041725904
2.1690845,7.4998517,1.6593802,6.3398404,0.6411977,-1.247112,0.08190739,0.007933438
2.1569672,5.708585,1.614253,6.452172,0.6311896,-1.2467506,0.09669602,-0.017745197
2.3165534,4.235263,1.6090426,6.5459065,0.59147835,-1.2336965,0.24227476,0.33633256
2.163428,2.6375966,1.5912495,6.5320897,0.57331705,-1.2107494,0.23031783,0.32589376
1.113516,5.7810035,1.589369,6.618169,0.5944388,-1.2423652,0.22959208,-0.0025076866
1.1339082,3.8953009,1.5709655,6.5796843,0.59280753,-1.2190737,0.20370865,0.13651454
1.2094278,3.3187764,1.5492563,6.5744123,0.5920179,-1.233772,0.46535182,0.11971843
1.2952378,4.489539,1.5684881,6.5372043,0.60797334,-1.184181,0.032856822,-0.34512967
1.7281315,7.2894554,1.6312056,6.5313196,0.57980657,-1.22967,-0.06978977,-0.4860559
2.6997805,4.4701815,1.6546183,6.526415,0.5777707,-1.2231095,0.05511856,-0.48953593
2.530733,8.116833,1.6070447,6.6142645,0.53570795,-1.2305729,0.05880773,-0.46841738
2.5786672,8.584292,1.553484,6.6623316,0.5352516,-1.2578294,0.18571663,-0.47372857
2.4357753,3.657769,1.5501618,6.6604366,0.5440998,-1.1974429,0.06827474,-0.17550987
1.3472943,4.5928535,1.5472093,6.674678,0.53371143,-1.1698203,0.055101275,-0.22129259
2.8268042,5.4235344,1.465826,6.78337,0.5322628,-1.1325524,-0.054060996,-0.2398009
1.7973521,7.3921413,1.4437933,6.868819,0.50704336,-1.1452427,0.039470553,-0.24356744
1.5397449,4.5840425,1.4373794,6.9109917,0.5029237,-1.121139,0.14368737,-0.27872533
2.0628624,9.094914,1.4497159,6.8931456,0.50321126,-1.1535326,0.18810916,0.1580813
2.0953143,4.4740434,1.4516873,6.8985615,0.49473906,-1.1496823,0.22708118,0.16090679
2.273162,9.252293,1.3372264,6.914889,0.50316525,-1.1835783,0.224671,0.16661793
2.439931,4.1481924,1.3834066,6.882511,0.51720047,-1.1651387,0.22053385,0.050403357
1.0674368,2.771526,1.3939672,6.9051447,0.51344275,-1.1563268,0.18529916,0.21465605
1.8589036,2.5668998,1.3813889,6.923562,0.5074756,-1.1506544,0.05346024,0.026926279
2.16051,4.273411,1.3647556,6.924427,0.48573327,-1.0811357,-0.07215208,-0.19012707
2.3065047,5.93688,1.3498473,7.015497,0.49718094,-1.1091671,-0.1369775,-0.43858695
1.4002671,4.499161,1.3164256,7.0430684,0.49590158,-1.119013,-0.07096279,-0.37180394
2.0750117,7.512276,1.2893274,7.0063477,0.5004928,-1.1197836,-0.05098903,-0.1877808
2.8109307,8.315071,1.302099,7.0340986,0.487144,-1.1164141,0.015276313,-0.18125707
2.7491858,8.817455,1.3764739,7.0073085,0.47730827,-1.1550188,-0.021507561,-0.20334575
1.7155979,4.0652437,1.4192328,6.9404035,0.47369814,-1.1008584,-0.100026906,-0.4318503
1.9080377,3.6673832,1.4180741,7.002369,0.46239734,-1.0766509,0.10738647,-0.13447547
2.6665576,9.203678,1.3430784,6.863302,0.4759202,-1.0216917,0.07557535,0.22466755
2.4525278,7.7495193,1.399462,6.9664764,0.45952344,-1.0572662,0.10440886,0.20081139
2.5559683,6.0738,1.3683765,6.873654,0.46397114,-1.0759492,0.17948067,0.08463371
2.5385642,8.7497425,1.4308479,6.882147,0.47335386,-1.0659397,0.018038273,-0.035289705
2.9458573,6.478038,1.5320671,6.8164864,0.45218778,-1.0872921,-0.053557217,-0.28223282
1.9972163,6.526475,1.5116761,6.8488884,0.44966912,-1.0595105,0.021517515,-0.30011034
2.1183228,6.0671825,1.5170684,6.7819896,0.45172143,-1.099402,0.07226038,-0.19666153
2.0056117,6.4609046,1.5279508,6.853028,0.47110248,-1.1279714,0.010825038,-0.47814912
1.6531293,3.6200323,1.5253944,6.781497,0.47701907,-1.102673,-0.018588603,-0.49655282
1.4330409,2.3291678,1.5323741,6.702924,0.47592115,-1.1083016,-0.020574272,-0.48280996
2.318229,3.7961955,1.5859535,6.842094,0.4342866,-1.0904405,0.027800322,-0.45814258
2.3916616,3.2175202,1.4910865,6.854169,0.45255184,-1.1114798,-0.11644995,-0.43839338
2.7042234,6.8303013,1.4703257,6.857921,0.44943666,-1.089063,-0.04327315,-0.4835423
2.9250832,7.094556,1.4946799,6.9323816,0.43974066,-1.0892143,-0.051717877,-0.472416
2.9782946,3.8982587,1.4249899,6.9191675,0.38853025,-0.97877765,-0.060200095,-0.34036613
2.8577669,4.3766017,1.5284169,6.8730135,0.35668945,-0.9932947,0.021321774,-0.38512135
2.7299688,7.618671,1.5593429,6.968658,0.35854912,-0.99107885,0.04119551,-0.12507454
2.1457868,2.2330458,1.52863,6.9591713,0.35555792,-1.0482218,0.029924273,-0.21798927
1.7854303,2.3362682,1.5822985,6.9431214,0.34960985,-1.0510914,-0.019758582,-0.37177
1.5955961,2.6824996,1.5821247,6.9369464,0.373518,-1.0381787,0.020429373,-0.41039228
1.9702966,7.099797,1.5090296,6.930631,0.4055748,-1.03148,0.05304134,-0.31806546
2.6140516,6.295669,1.444144,6.9976215,0.4005537,-1.0291693,-0.056806505,-0.4248361
2.12333,5.844751,1.3926172,6.9981217,0.4075098,-1.0504637,-0.05787599,-0.42267
2.2636433,3.301272,1.4181526,7.035233,0.37492394,-1.0129948,0.05727017,-0.27131775
2.2562416,2.5221834,1.4338055,7.09327,0.3716128,-1.060304,0.30113983,0.075149775
2.301848,5.2876525,1.3464096,7.129287,0.37896562,-1.039083,-0.0038957596,-0.44699195
1.8892883,7.13292,1.4006886,7.141475,0.36988115,-1.0234559,0.10919714,-0.07940179
2.0137439,7.2298717,1.3674798,7.1652184,0.35046577,-1.0314195,0.029780388,-0.32989353
2.1607337,4.7559195,1.4187255,7.1121526,0.3560965,-1.0406474,0.12730753,-0.2947684
2.6457086,6.1631455,1.4251351,7.13066,0.36776352,-1.0624378,0.072966576,0.0062057376
2.945952,5.284623,1.4819343,7.077014,0.3504076,-1.0470247,-0.033239067,-0.29830256
2.2433522,3.8926117,1.4406669,7.015493,0.37338805,-1.0344064,0.04590857,-0.2293081
1.9296174,4.054667,1.4340372,7.01527,0.3979094,-1.0818589,0.06871867,-0.25213572
0.83376724,2.8903003,1.4939172,7.0249777,0.40678358,-1.1087434,0.060567737,-0.40464813
2.0076714,9.205282,1.509074,7.0323815,0.40092182,-1.1296889,0.05559337,-0.39507765
2.5424936,2.9897883,1.5110397,6.9652157,0.432132,-1.1746112,0.00012814999,-0.316575
2.399921,8.337295,1.4858978,6.9539566,0.4282031,-1.166004,0.02849698,-0.28174484
2.34901,9.273153,1.483659,6.97814,0.376086,-1.0981236,0.10601354,-0.36333534
2.3218431,3.0457902,1.4329205,6.9741135,0.39025307,-1.0423203,0.051764607,-0.34102765
1.6597493,3.5630639,1.4478631,6.9149203,0.40760112,-0.97014,-0.07989454,-0.33406103
1.6667632,3.9808807,1.4384689,6.934494,0.43601537,-1.0694845,0.017694592,-0.031627208
1.9773049,4.8083954,1.4445462,6.961295,0.43042397,-1.0730385,-0.009893358,-0.46846274
2.6362584,5.7533064,1.448751,6.961445,0.41443944,-1.0939075,-0.0011307597,-0.4812963
2.4171238,7.9954805,1.4733131,6.900915,0.45664525,-1.1182694,0.068063974,-0.4171819
1.9128919,3.7774436,1.4737802,6.9048166,0.4446349,-1.1058781,0.12174368,-0.31522122
1.8240294,6.636743,1.4886374,6.8602266,0.44056487,-1.0384204,0.14050245,0.28212953
2.670144,5.8150654,1.4385571,6.879744,0.44234228,-1.0510178,0.13735354,0.2142036
2.2217393,7.402128,1.4745991,6.9070024,0.4230547,-1.073896,0.21644247,-0.1205782
2.1844394,6.6175203,1.5356698,6.8939843,0.4103124,-1.0755475,0.14502001,-0.25066978
2.6974757,5.1356015,1.5335193,6.898938,0.4127941,-1.1033338,-0.0040970445,-0.26533535
1.6915864,5.0879846,1.5698113,6.8903985,0.3962283,-1.045235,-0.11285418,-0.45491365
2.7352688,2.7078018,1.5486815,6.894841,0.3837943,-1.0646393,-0.028896093,-0.36138898
1.2729297,2.4890988,1.4959159,6.9618874,0.39608526,-1.0671847,-0.021703959,-0.28372335
1.0118864,2.6663613,1.4701266,6.9544187,0.4153204,-1.0500286,-0.06927174,-0.4298852
2.1463313,5.642481,1.5347481,6.9170437,0.40108204,-1.0632031,-0.03195429,-0.34593502
2.169271,3.8139935,1.5339184,6.9612675,0.401695,-1.0867127,-0.0020011067,-0.4395859
2.1708305,5.0075107,1.5155189,6.983327,0.3890214,-1.0348431,-0.07280642,-0.47269723
2.950723,4.27791,1.4792886,6.811142,0.41842747,-1.0309527,0.01104331,-0.4433039
2.6515565,7.9966536,1.5686889,6.875106,0.41114807,-1.0351932,0.008467078,0.19118583
1.7999244,2.5816028,1.4467063,6.8210907,0.42645788,-1.0256987,-0.030378997,-0.39099044
1.7326698,5.1097355,1.4304047,6.9810467,0.4577632,-1.1381675,0.018592,-0.37954742
2.6171393,4.8641434,1.4929605,6.9730825,0.44267583,-1.0717356,-0.05827862,-0.4482258
2.0518308,6.007641,1.5431094,6.890234,0.43676233,-1.066683,-0.17496967,-0.41097623
2.3704674,5.302989,1.5329437,6.770171,0.45171618,-1.0660933,-0.026006103,-0.32655513
2.8336,5.4041934,1.4758275,6.8346105,0.4666791,-1.0935109,-0.015670657,-0.23310766
1.2652822,3.613542,1.491138,6.927487,0.4599743,-1.1816571,-0.03613472,-0.23844296
1.7346507,5.0538454,1.4288707,7.014632,0.45780492,-1.176867,-0.07759106,-0.484709
1.4169258,4.8450108,1.4200859,7.030327,0.4677298,-1.1480889,-0.05128503,-0.4365421
1.0023782,3.5538716,1.4050305,7.087188,0.47136545,-1.1342189,0.058306217,-0.36831582
1.259676,5.993453,1.3562596,7.0900407,0.48098326,-1.1785772,-0.0266065,-0.36273316
1.5987543,6.9119797,1.3803544,7.095434,0.48370838,-1.152969,-0.04597777,-0.48713022
2.4904833,7.362687,1.3191772,7.141755,0.46272826,-1.1055398,-0.13190883,-0.4860331
2.4572775,7.921976,1.1459713,7.3453593,0.44423103,-1.1055124,-0.13761729,-0.3279739
2.1461108,4.3431673,1.1608005,7.345452,0.39201283,-1.0692532,-0.09920031,-0.42193377
2.3743849,3.3115525,1.1368616,7.287838,0.41955805,-1.0431399,-0.15638727,-0.4024461
2.133699,8.7948265,1.0979381,7.2776785,0.4206705,-1.0329127,-0.008313358,-0.2641355
2.2136366,9.340069,1.1072876,7.3699346,0.42431164,-1.018038,-0.090744674,-0.0666576
2.5579545,6.838379,1.0792623,7.1835155,0.41256905,-1.0194016,-0.010666549,0.00015538931
2.3773484,7.599568,1.3177352,7.192883,0.3536799,-1.0183744,-0.11738527,-0.28281087
2.9128556,6.0503926,1.3079875,7.2373233,0.32657886,-1.0163745,0.04167545,-0.49849117
2.446765,5.5415754,1.3599486,7.220697,0.35178113,-1.0247701,-0.12627804,-0.4959595
2.3958886,3.7412348,1.2961316,7.156777,0.3542807,-0.9855614,0.007416606,-0.36493254
2.2246866,2.8750553,1.3375928,7.1209135,0.36848712,-1.0082257,-0.1462884,-0.44765538
0.6326566,3.8148603,1.1416888,7.3152275,0.6399393,-1.2378656,-0.096985996,-0.3483749
0.6184484,3.8833237,1.1433992,7.419859,0.6329584,-1.2966068,-0.024234176,-0.3201989
0.6564247,4.2107906,1.1530011,7.3104334,0.63240767,-1.2792239,-0.08701944,-0.35779554
0.73670274,5.3525906,1.1264141,7.3099866,0.6309736,-1.216822,-0.057383418,-0.32780465
0.8198644,6.4447784,1.1900125,7.285899,0.6493275,-1.3069241,-0.019710958,-0.3856985
0.80194306,7.4119425,1.1658306,7.3188734,0.6512363,-1.2861772,-0.027775586,-0.39706337
0.88151217,6.1191716,1.0881782,7.409825,0.6208246,-1.3162715,0.058622837,-0.4284221
0.82678163,5.879691,1.1882861,7.365663,0.61572266,-1.3050809,0.102404475,-0.42816052
0.82842755,6.238544,1.1622267,7.325947,0.65977955,-1.3441283,0.05859375,-0.26167196
0.78613245,6.3230925,1.1768384,7.2403355,0.67637205,-1.3522586,0.117717505,-0.21554893
0.80065453,6.653404,1.1526616,7.2944098,0.6850908,-1.3635561,-0.09302825,-0.4752065
0.80341125,6.300822,1.1732695,7.3205767,0.660337,-1.3614725,-0.042150855,-0.45594138
0.81194085,7.316074,1.1890802,7.3339553,0.6770854,-1.3348312,-0.037552238,-0.46215796
0.8165746,8.090698,1.1742795,7.2780457,0.6909244,-1.3470416,-0.057257235,-0.28422353
0.9025364,7.8501267,1.1388798,7.162163,0.7060771,-1.3648671,-0.02727592,-0.4634634
0.92501384,7.2429667,1.1067629,7.2501945,0.6850333,-1.3624527,0.03926778,-0.25998563
0.8690555,8.16438,1.0384479,7.301527,0.72461796,-1.3225343,0.0038820505,-0.21540537
0.84453833,8.086723,1.0974693,7.323612,0.72689533,-1.3925868,-0.020100296,-0.48505515
0.7524687,7.6826553,1.0930448,7.3404264,0.71574163,-1.334409,-0.009704709,-0.3963024
0.77031094,7.2700844,1.1583309,7.362634,0.6910844,-1.4050236,0.15182078,-0.15023178
0.77696854,6.6155334,1.1328204,7.332405,0.7219107,-1.4423621,0.22719014,-0.18726403
0.80071986,7.779601,1.2696328,7.1919956,0.7467284,-1.482212,0.095562816,-0.19496527
0.8162839,7.0405755,1.2659249,7.0967946,0.7107947,-1.510504,0.229249,-0.07160801
0.962332,6.5937543,1.151598,7.032458,0.73289394,-1.3501267,-0.038863182,-0.4905422
1.5309384,4.2618747,1.1951289,6.96836,0.71470666,-1.3658999,-0.060079515,-0.4960652
2.2098653,3.8341823,1.1600239,6.968439,0.6936703,-1.3668748,-0.093694866,-0.48124063
2.3791122,3.5314665,1.1677074,6.979104,0.63757586,-1.2899055,-0.09504819,-0.21392125
1.3999913,7.6204596,1.2037401,6.977662,0.6619823,-1.3237714,-0.07074839,-0.4521638
2.4014096,5.6945066,1.2125416,6.901564,0.663723,-1.3144801,-0.113312125,-0.21348968
2.0402894,5.2233744,1.2280326,6.9408474,0.63821363,-1.3071216,-0.10860199,-0.3283258
1.6510392,6.1434636,1.2228501,6.968608,0.6191008,-1.2722857,-0.028016448,-0.4529633
1.72566,5.96988,1.2197542,7.021896,0.61657023,-1.2934889,0.02286172,-0.48505938
1.7660366,9.770475,1.2332911,7.000808,0.6236119,-1.2377093,-0.13089758,-0.331413
2.384574,9.482892,1.1770649,7.0374813,0.60031724,-1.2652159,0.045560956,-0.13168931
1.6138886,5.4827814,1.1907079,7.061678,0.59077024,-1.2621392,-0.019412875,-0.050859332
1.1999556,4.3928013,1.2189214,7.064834,0.5950303,-1.2261417,-0.13167214,-0.41235068
0.98906106,4.700436,1.1909432,7.0682554,0.6170385,-1.2395442,-0.09236789,-0.38823113
1.0051215,3.0747056,1.2021697,7.0635986,0.6307068,-1.2673004,-0.0871135,-0.40419626
1.6297206,9.692591,1.2061696,7.0265756,0.6188319,-1.2574975,-0.08316362,-0.22042474
1.883306,8.047376,1.2348588,6.9908357,0.5878005,-1.2569078,-0.020740867,-0.2222152
1.7071209,4.08832,1.2663057,7.0187483,0.5611837,-1.2066517,-0.031504095,-0.3570963
1.7647257,7.728127,1.2686341,7.059899,0.55575585,-1.216706,-0.099345684,-0.41854888
2.42185,6.962102,1.2009094,7.133402,0.4986074,-1.1974962,-0.030314445,-0.47985703
1.6904395,7.4024334,1.190032,7.1223116,0.53664184,-1.1989319,-0.049248815,-0.38053614
2.1485932,4.6828732,1.2228312,7.0637813,0.552125,-1.2227917,0.023029447,-0.05247137
2.4068398,5.568131,1.2836652,6.940857,0.53230524,-1.1272788,-0.20875365,-0.41383582
2.0570805,7.5052953,1.2929533,6.914892,0.53546906,-1.1271111,-0.13234985,-0.4798199
2.6333642,8.252301,1.2458706,6.9624505,0.53432727,-1.1614397,-0.02317679,-0.48554403
2.2398973,8.313147,1.2645733,7.0750313,0.53956246,-1.1974754,-0.0074297786,-0.111278266
2.759093,8.31979,1.2487206,7.113246,0.5167477,-1.216161,-0.088042736,-0.42465395
2.263174,9.229162,1.2226338,7.242117,0.4793601,-1.1613532,-0.07904589,-0.44902992
2.2438986,8.642755,1.1732178,7.239514,0.5068462,-1.1793419,-0.0672037,-0.34851605
2.363945,8.007261,1.1758392,7.1816053,0.50339437,-1.1885796,-0.07862711,-0.31010354
2.489551,8.770638,1.1627347,7.1899757,0.49884725,-1.1571357,-0.005253017,-0.37929916
2.3230205,8.050958,1.1397603,7.2002034,0.48653293,-1.136939,0.09040809,0.011836648
2.0743718,8.890439,1.1252513,7.236547,0.50087667,-1.162833,0.0022970438,-0.1696352
1.7113546,3.1225426,1.1217377,7.182763,0.50898695,-1.1572282,-0.04232061,-0.2132814
1.3196292,5.57559,1.113194,7.1819663,0.53333235,-1.1410193,-0.06337631,-0.36153388
1.9716219,5.7254486,1.0869045,7.2254596,0.4797535,-1.1459482,-0.060401678,-0.47780132
2.2610493,9.116166,1.0253191,7.2760916,0.51274633,-1.0995946,-0.07586336,-0.26064122
2.8020265,7.1870112,1.0265326,7.274318,0.4844091,-1.1064787,-0.13238364,-0.407735
2.311438,9.387686,1.0863643,7.229905,0.4452722,-1.0911653,-0.09895694,-0.49785948
2.1188173,9.323807,1.1130261,7.2979617,0.4587183,-1.0840298,-0.16838133,-0.49699244
2.1574383,9.185505,1.0867138,7.3474035,0.45694876,-1.0925267,-0.061333835,0.04216677
2.873996,8.983438,0.962847,7.3775234,0.46455646,-1.1213704,0.13440764,0.10532707
1.7838942,8.946058,0.99262416,7.3851438,0.48928142,-1.1297379,0.17867339,0.24868882
1.4605062,7.8861995,0.96805334,7.45515,0.5041487,-1.1339273,0.18142974,0.1056841
1.2467456,6.677265,1.0097086,7.4429545,0.4880259,-1.140352,0.022900462,0.062042594
1.2505226,5.2046986,1.0348685,7.4475827,0.46845222,-1.1122953,-0.08543539,-0.4789907
1.1474733,5.203598,1.0708756,7.449607,0.47232437,-1.1201649,-0.12999314,-0.20463938
1.1381576,8.618193,1.0850918,7.548831,0.46916008,-1.1116505,-0.0023156404,-0.4177145
1.0036576,6.637675,1.0584936,7.5814147,0.49016666,-1.2021121,0.094872355,-0.4640818
1.0083189,6.4684978,1.0464358,7.537774,0.5068431,-1.1549959,-0.09423703,-0.43944153
0.97460485,4.9185085,1.0664093,7.5024,0.5013256,-1.1422251,-0.07141876,-0.47724906
0.85997367,6.125805,1.1181211,7.5017004,0.508461,-1.133568,-0.00580287,-0.47067475
0.8619455,5.3102703,1.0853326,7.5393744,0.5235424,-1.1492345,-0.035811007,-0.47511658
0.854138,5.241536,1.1658878,7.4697666,0.46217084,-1.1198564,-0.068451405,-0.49412298
0.8485918,4.8923044,1.1611147,7.51099,0.45810318,-1.1112661,-0.14316475,-0.48342797
1.0216424,4.834956,1.0626495,7.5193996,0.41562772,-1.0336165,-0.04003465,-0.44180867
0.8950167,4.5938377,1.0819337,7.5651107,0.42529964,-1.0793531,-0.030491114,-0.45265645
0.85493255,3.6125927,1.0748098,7.6078043,0.42309666,-1.1369395,-0.060037196,-0.45788538
0.83674717,3.61533,1.1083624,7.573331,0.44136214,-1.172313,0.029410362,-0.2647608
0.90734214,5.6165214,1.1256874,7.594011,0.42803383,-1.0986782,0.07298219,-0.114103615
0.90147,5.0987167,1.1251619,7.639951,0.39484906,-1.1018944,0.010288119,-0.37369788
0.9045485,5.184208,1.1465502,7.5879035,0.40236282,-1.0976272,0.100862026,-0.023718894
0.87756205,4.7003765,1.1117306,7.5709605,0.40737844,-1.0267278,0.28209078,0.0628528
0.90336293,4.9769855,1.1414671,7.5719266,0.36690116,-1.0062926,0.31424558,0.16369188
0.8923296,4.907095,1.1670749,7.5716486,0.3435614,-0.95155954,0.07961428,-0.21778059
0.95145625,5.015716,1.1826162,7.544021,0.32919073,-0.94014096,0.06579745,-0.2970443
0.92539215,4.472268,1.198735,7.579988,0.3200009,-0.99483514,0.09733796,-0.18747908
0.996849,4.702671,1.2114537,7.5254664,0.30987763,-0.9783313,0.038362384,-0.33315226
1.0609934,4.2522764,1.181211,7.5902376,0.2856617,-0.918339,0.029474854,-0.2214908
1.011097,3.7512283,1.1253264,7.5929093,0.28316975,-0.95351815,0.06515479,-0.25600448
0.9316324,3.7937956,1.2025981,7.563637,0.280097,-0.92427015,0.15146196,-0.10354707
1.0138015,3.311481,1.1261578,7.537692,0.28130794,-0.91653967,-0.07853919,-0.2351312
1.0304457,3.8303494,1.0667596,7.634041,0.26771855,-0.8403673,-0.10158461,-0.4476317
0.9050918,3.9897451,1.0824337,7.777956,0.2612424,-0.9129312,-0.103040755,-0.36801532
0.9794854,5.245717,1.110306,7.7941856,0.26300097,-0.9534278,-0.09300345,-0.48333675
0.7915021,3.8524299,1.1009293,7.7980876,0.2711146,-0.9543059,-0.061475396,-0.48009047
0.7579771,3.8392272,1.1076536,7.876734,0.27268386,-0.9137907,-0.09819949,-0.25129965
0.8413104,3.784054,1.0381162,7.8671517,0.248039,-0.9582298,0.053662777,-0.444862
0.8150448,3.0653403,0.9661844,7.863511,0.27936125,-0.92605495,-0.08280367,-0.13286868
0.8264195,2.9614437,0.903671,7.8970428,0.2672081,-0.91766334,-0.05008632,-0.4417687
0.9068965,3.1612175,0.94183207,7.90252,0.24393964,-0.9115081,-0.15110922,-0.4529663
0.9503894,3.2993946,0.9171741,7.876956,0.23675466,-0.8994708,-0.10333115,-0.4460694
0.9559923,3.9222083,0.8971697,7.9240446,0.24799085,-0.8619933,-0.082761765,-0.49710888
0.8673261,3.6507773,0.95286703,7.885089,0.2480495,-0.85648775,-0.069459975,-0.40346563
1.0389225,3.2653894,0.938704,7.762514,0.25691032,-0.87140703,-0.046694517,-0.29561275
0.9052118,3.3136373,0.985548,7.800574,0.21285343,-0.8518238,-0.035532534,-0.3711947
0.97251886,2.8728185,1.0323162,7.7462316,0.21669316,-0.84785223,-0.062823474,-0.23205915
0.73569894,2.250928,1.0184236,7.825673,0.19758892,-0.8439865,-0.07112014,-0.3264532
0.68898726,2.2038987,1.0035808,7.875346,0.22357321,-0.84757376,-0.053076267,-0.12917411
0.7130374,2.0716987,1.0197752,7.874188,0.21178174,-0.8674457,-0.13082409,-0.3176919
0.7215462,2.079642,0.999954,7.8786545,0.19412756,-0.8413029,-0.18409395,-0.45211104
0.81720185,2.7888813,0.9863535,7.913805,0.16642475,-0.8383336,0.026850581,-0.39679056
0.8473209,2.8094473,0.97589254,7.9184813,0.17836213,-0.817786,0.047231436,-0.33516535
0.8323864,2.6296144,1.0729117,7.9150815,0.15094495,-0.8582647,0.076857805,-0.38061666
0.89798236,3.3466616,1.0502067,7.925715,0.16482615,-0.8615627,0.018407464,-0.38984147
0.9452867,3.2381542,0.9895191,7.958991,0.16614962,-0.8999882,0.05164838,-0.4365156
1.0549692,2.5202785,0.99140537,7.851518,0.17863011,-0.897243,-0.004269898,-0.40212715
1.1099619,2.225601,1.0206175,7.8659053,0.19646263,-0.89830923,-0.09640336,-0.23574436
1.039289,4.953808,1.055552,7.8359003,0.21700025,-0.810647,-0.0931952,-0.4977454
1.0368943,4.1770134,0.9415531,7.8982162,0.19694757,-0.82670856,-0.2025646,-0.4854963
1.3190873,4.3194666,0.94270396,7.9589458,0.20833802,-0.87696123,-0.14802569,-0.46401876
1.3695369,3.0322337,0.8822266,7.8708153,0.23393536,-0.9214039,0.001640439,-0.4711401
1.3547834,2.956196,0.93355405,7.862853,0.22146392,-0.94327545,-0.09677833,-0.48210675
0.99612415,2.8811462,0.83272123,7.821172,0.24594212,-0.8808503,-0.113120556,-0.49141008
0.97304595,3.7451952,0.9553461,7.8105135,0.24398518,-0.85340166,-0.029250324,-0.49001855
0.90991485,4.3259535,0.9942671,7.800904,0.24620628,-0.7768569,-0.2332251,-0.48949653
1.0391996,5.815694,1.0073891,7.8623548,0.25049758,-0.79380727,-0.16108376,-0.48935437
0.95463574,5.4077134,1.0944476,7.8670187,0.1997459,-0.8585646,-0.010223389,-0.39976662
1.051357,5.5934057,1.142,7.901025,0.18266535,-0.85289025,0.00078856945,-0.059711874
1.0190752,4.75158,1.15452,7.857853,0.16497111,-0.76556444,0.06921399,-0.3441807
1.0201116,4.921403,1.0990474,7.834217,0.19716597,-0.84394765,0.18177009,-0.2506115
0.9965622,5.0957575,1.1071723,7.821219,0.20328498,-0.8281851,0.03376603,-0.2299909
0.98964953,5.399166,1.1074541,7.841544,0.23361444,-0.8777211,0.021195412,-0.42642075
0.9346627,4.1963882,1.111865,7.887214,0.22968197,-0.95016,-0.0063616633,-0.41300273
1.0195359,4.3424273,1.093293,7.8533607,0.22703004,-0.93918705,0.0606035,-0.29555053
1.0583841,4.84223,1.0137496,7.897328,0.23457861,-0.8954661,0.017053366,-0.15727353
0.96778005,4.136256,0.945101,7.9581165,0.21927047,-0.865438,-0.07789606,-0.36024025
0.95025766,4.1417475,0.963485,7.917597,0.23115492,-0.891546,0.077788115,-0.30966914
0.9393094,4.65071,0.9100286,7.9379635,0.24016166,-0.87887,0.13083291,-0.07694027
0.8333655,4.3086033,0.9119363,8.045012,0.2517321,-0.89459395,0.026943445,-0.06981468
0.8213073,5.100606,0.9268671,8.037363,0.2616644,-0.8816602,0.01664412,-0.3634305
0.62386763,3.3535438,1.009587,8.033586,0.26697898,-0.8938575,0.06709981,-0.30743095
0.58447707,3.2723746,0.94932437,8.048655,0.28846192,-0.89023304,0.014820933,-0.1195963
0.588084,2.8962739,0.923388,8.047089,0.28752136,-0.9661641,0.077403784,-0.2186001
0.6364151,3.3042686,0.9659896,8.013023,0.27824545,-0.90569496,0.07967687,-0.42868215
0.72712994,4.0945425,0.957042,8.152754,0.24962735,-0.9113736,0.10983741,-0.44794735
0.7164397,4.1921325,0.9491495,8.148644,0.24745917,-0.899426,-0.09390515,-0.4479245
0.6660433,3.7251356,0.85998034,8.168325,0.27547264,-0.91449356,0.04189086,-0.02460885
0.67744136,3.73825,0.8947964,8.055281,0.28607702,-0.9648833,0.054830313,-0.34440315
0.797035,3.9197278,0.86648464,8.04576,0.27636814,-0.9524436,0.03446293,-0.11842984
0.7785939,4.0271897,0.8863375,8.048677,0.28538537,-0.9151273,-0.029443204,-0.31616873
0.7831776,4.4733987,0.8834202,8.024572,0.29058433,-0.9272232,0.04252267,-0.2750405
0.7866562,5.11042,0.9132743,8.122415,0.29657173,-0.9344783,-0.005144596,-0.20764333
0.7686255,5.1073008,0.8922508,8.180712,0.2589891,-0.8964639,-0.07946652,-0.38006318
0.77372015,4.923427,0.8184043,8.210579,0.25988436,-0.9255531,-0.046769142,-0.37739128
0.86272585,4.3912573,0.67388225,8.164982,0.2612791,-0.89920735,-0.030860603,-0.4156579
0.88159376,4.6529346,0.6893773,8.168071,0.2842989,-0.86674786,-0.18467599,-0.29707304
0.9356883,4.4566393,0.609385,8.202773,0.29009104,-0.8704071,-0.21549767,-0.3668953
0.9423482,4.4303923,0.6074579,8.224741,0.2713151,-0.9442513,0.06168008,-0.090096116
0.9697246,3.983424,0.59569573,8.259338,0.27769208,-0.9209032,-0.10404062,-0.16581467
0.87348133,4.5524254,0.64565945,8.231773,0.29072976,-0.9471326,-0.101113915,-0.4806015
0.8000672,4.4908743,0.68804526,8.211971,0.30543232,-0.9473367,-0.1137355,-0.45889264
0.80989784,4.9409676,0.7312254,8.163296,0.3180592,-0.9388435,-0.07782227,-0.4478732
0.8497081,4.9188023,0.7892978,8.164262,0.3216908,-0.9709656,-0.14755714,-0.38007927
0.83729124,5.130609,0.78036356,8.067923,0.33466887,-0.9705696,0.018815398,-0.40003297
0.8933092,5.666753,0.776014,8.123865,0.32769895,-0.95449734,-0.14299345,-0.4494576
0.8952131,5.0886545,0.810554,8.12045,0.31953168,-0.9848614,-0.102865934,-0.41238457
0.9344749,5.359221,0.78444684,8.0992775,0.30990314,-0.97401786,-0.041109264,-0.42833346
0.95974624,4.8388076,0.78638506,8.086544,0.30215096,-0.9698274,-0.025188923,-0.3213808
0.8243151,4.320581,0.8131206,8.079859,0.25181317,-0.86554337,-0.0999769,-0.17933586
0.81715035,4.050501,0.85979795,8.106234,0.24975681,-0.9014921,-0.06760007,-0.3620863
0.8402269,3.7399452,0.82405543,8.044168,0.25301695,-0.91910243,-0.06588507,-0.3462793
1.0031443,4.6867185,0.90285385,7.9899883,0.26279736,-0.9192109,-0.13828039,-0.43550208
1.0026708,4.778118,0.8084605,7.9879045,0.24255538,-0.89073753,0.027230263,-0.42537308
0.9513551,5.200534,0.8539164,8.024937,0.24496746,-0.8576336,-0.13080841,-0.38379467
1.0720664,4.1373787,0.72560954,7.949859,0.23227358,-0.8107712,-0.047400296,-0.29767084
0.91363317,3.7918234,0.83559847,7.9614525,0.2452066,-0.85080576,0.1959157,0.12888265
0.78847504,3.7072592,0.9034438,7.9528894,0.26329398,-0.86766267,0.29155946,0.30215812
0.77785254,3.7999265,0.87017596,8.017691,0.26028657,-0.8663602,0.41447246,0.4851154
0.8201734,3.4519026,0.88527703,7.921062,0.26214886,-0.8650317,0.197438,-0.117301166
0.8301277,3.419654,0.9466915,7.9346685,0.25354218,-0.92200494,0.030515432,-0.34852263
0.7989731,2.816184,0.9767885,7.8996825,0.2594247,-0.89713097,-0.08040786,-0.4470768
0.6351048,2.9415007,0.9793062,7.910215,0.28361464,-0.90740967,-0.07575667,-0.28560185
0.67659295,2.8515143,0.94767714,7.8785424,0.28887558,-0.89425206,-0.1008929,-0.30671567
0.70878893,2.8490398,0.87257266,7.8908734,0.2961166,-0.8948784,-0.07115376,-0.32687718
0.861438,3.017315,0.8489101,7.932885,0.27352548,-0.9117317,-0.0860911,-0.31952107
0.84437937,3.7507577,0.942148,7.9382896,0.27840066,-0.94222546,-0.08060062,-0.40084484
0.7843585,3.6282423,0.9419241,7.9817886,0.27814078,-0.934742,-0.09996337,-0.4637031
0.7735722,3.6946774,0.9321289,8.044541,0.25774598,-0.9290676,-0.0011783242,-0.45562553
0.71864545,3.936593,1.0021133,8.067392,0.28019285,-0.99648976,-0.11726868,-0.49737823
0.7274169,3.9648798,1.0620632,7.9327064,0.29363656,-0.9445646,-0.070623696,-0.44539982
0.7731056,3.6152568,1.0838411,7.8442607,0.29514003,-0.9856305,-0.07181656,-0.49523315
0.7623997,3.3581548,1.0313635,7.7932453,0.28159308,-0.90227365,-0.05707562,-0.49749157
0.78486127,3.5875783,1.0225394,7.7577953,0.29599,-0.9070964,-0.027617216,-0.476616
0.85413283,3.7132888,1.0410371,7.79915,0.29504633,-0.9729271,-0.063023746,-0.45078307
0.8689765,3.030314,1.0533478,7.735861,0.2894311,-0.97824407,0.018010855,-0.4805544
0.8247495,3.5457802,1.0701325,7.792845,0.2864952,-0.99349236,0.0047688484,-0.2780112
2.3131168,4.4702525,1.1303372,7.55998,0.21356177,-0.835161,0.015540123,-0.02272594
2.8054595,9.43292,1.0932269,7.552358,0.22290325,-0.8640654,-0.14014691,-0.36523634
2.433953,2.44451,1.0932746,7.590558,0.22661471,-0.8654072,-0.13872528,-0.34693316
1.941688,4.2732573,1.0692298,7.6108446,0.22250366,-0.83356524,-0.16753966,-0.41458365
1.9746166,3.3619297,1.1134732,7.609403,0.17831993,-0.82887006,0.077219486,-0.24208426
1.9768337,3.4963546,1.112205,7.641936,0.16855383,-0.83448505,0.02819097,-0.3785141
2.3203988,7.0259905,1.1420307,7.6246777,0.17760324,-0.86190796,0.095633745,-0.0005724132
2.036755,4.4432364,1.1161475,7.654767,0.15874267,-0.8175435,0.13881862,0.13052952
2.0328362,7.7944245,1.1674705,7.6908197,0.13870168,-0.82376695,0.12467921,-0.16891682
2.3111863,8.494633,1.1644835,7.6644163,0.15154338,-0.77065706,0.07092917,0.1594187
2.2555614,3.3223429,1.194401,7.70255,0.15327859,-0.8647201,0.02680242,0.025852025
2.4438221,3.980824,1.1110418,7.618579,0.16073442,-0.8361802,0.040398836,-0.20475602
1.8049765,5.6166277,1.1546707,7.5761375,0.18576193,-0.84458876,0.013350964,-0.45865917
2.9097114,5.2438774,1.1651459,7.5775523,0.18049836,-0.80528307,-0.11892128,-0.3877078
2.4037633,7.131322,1.1495795,7.590123,0.16258335,-0.7945254,0.022266984,-0.40257007
2.6474237,6.3422394,1.1397862,7.537346,0.16746926,-0.8251667,0.07454598,-0.030153245
2.705294,2.639751,1.1298473,7.485612,0.16061854,-0.732409,0.076458335,0.38300884
2.469477,5.105974,1.0505538,7.564808,0.13632917,-0.7250097,0.1227473,-0.086996675
2.2185926,6.943573,1.0539014,7.695933,0.15506983,-0.8080387,0.10258961,-0.08746934
2.7207065,9.711002,1.0766611,7.7212386,0.17664742,-0.8220725,-0.024967194,-0.05509883
1.9876236,9.807552,1.0602362,7.7521653,0.1781826,-0.8304999,0.04164374,-0.14487368
2.4814086,4.167739,1.0715728,7.6592956,0.17588735,-0.81100607,0.022300005,-0.10146445
2.1230304,7.33091,1.0576305,7.694524,0.17043805,-0.84462786,-0.036611617,-0.15727243
2.1726825,5.812518,1.0546355,7.653202,0.21239257,-0.8664117,-0.043340564,-0.1421079
1.7340666,6.074615,1.0325854,7.684487,0.20033956,-0.836781,-0.006598532,-0.20523277
1.7935926,4.5877047,1.0435975,7.6774426,0.19695807,-0.8281369,-0.07484263,-0.27074543
1.3289365,2.3195343,1.1038315,7.624691,0.23104501,-0.87358594,-0.015921235,-0.27354005
1.3465335,4.742799,1.024195,7.6595044,0.2204287,-0.84423876,0.032898664,-0.110100955
1.819066,4.5315914,1.1425977,7.699718,0.18321133,-0.9235852,0.033266425,-0.41883758
1.0468011,4.846936,1.0906897,7.8429317,0.1806922,-0.8273847,0.06027341,-0.36188012
1.1743939,3.5121906,1.0497422,7.848674,0.17603827,-0.8594229,0.024641395,-0.1830993
1.4515045,5.105198,1.0696831,7.7818747,0.18299103,-0.8401029,-0.11246276,-0.46800852
1.4474708,4.766684,0.9886048,7.789984,0.19432855,-0.85520244,-0.15583634,-0.48917267
1.226496,4.538108,0.9846047,7.762392,0.21786284,-0.82001233,-0.020008802,-0.35782835
1.2759763,4.7704206,0.97225,7.7833643,0.2048955,-0.827157,-0.014855504,-0.20147565
1.2755651,5.2107935,0.94472885,7.760268,0.23573041,-0.84730124,-0.043385744,-0.3563614
1.4799697,5.908429,0.93193984,7.7583385,0.2694378,-0.87145376,-0.07555336,-0.35055825
1.5519651,6.6929007,0.9122124,7.7022786,0.27045226,-0.86424375,-0.12733513,-0.43638214
2.0396988,6.3524027,0.95930505,7.72951,0.25433445,-0.8924866,-0.17197376,-0.1894972
1.4125123,5.980657,0.9579823,7.742246,0.25668097,-0.9027777,0.034188867,-0.23510656
1.198562,6.679922,0.97625494,7.8370113,0.26101732,-0.92241955,0.044245362,-0.20381647
1.2108986,4.739251,0.9763601,7.837368,0.24043775,-0.90233445,0.035585284,-0.45993176
1.2582865,5.3915014,0.96057224,7.922029,0.2225318,-0.91643167,0.14724612,0.089962006
1.1354667,6.3623714,0.9878304,7.935276,0.22755599,-0.8731358,0.16124618,0.20985675
1.1274604,5.7221518,0.9352391,7.916633,0.22642994,-0.8880949,0.14439297,-0.17540923
1.1015422,6.1787148,1.0000458,7.8773675,0.21794128,-0.8482621,-0.034428954,-0.1360318
1.4711424,4.7210464,0.8339269,7.855637,0.23119712,-0.876637,-0.035610974,-0.101967454
1.6673764,5.202605,0.7929692,7.8774834,0.20080256,-0.8642132,-0.04649198,-0.24292213
1.8081913,8.264256,0.86317205,7.9252996,0.20148611,-0.8983917,0.121917844,0.02811706
1.2413889,6.3737826,0.8630614,7.8904305,0.22860098,-0.8700397,-0.02831155,-0.27547103
1.2559445,6.158633,0.93860483,7.8920608,0.23910546,-0.9369657,0.12868464,-0.38076127
1.2709241,6.361418,1.000061,7.817738,0.24746776,-0.95020247,0.18217838,-0.19120976
1.2709608,7.070755,1.0484438,7.817018,0.24732137,-0.9636843,0.16803288,0.033753633
1.3838046,7.577982,1.0177941,7.842076,0.25298047,-0.93299913,0.084709406,-0.22762978
1.274357,5.8903494,0.9870329,7.859018,0.2371459,-0.909096,-0.06199044,-0.2978863
1.2859925,5.646679,1.0676394,7.714375,0.2605524,-0.94777846,0.0973475,-0.40555513
1.3556818,7.3018064,0.9915254,7.7191534,0.23054075,-0.8315587,0.12308085,0.1321544
2.9236205,6.941434,0.9985043,7.6954813,0.20993233,-0.8891692,-0.017264247,0.011219621
2.831261,9.553293,0.9380759,7.706537,0.20882368,-0.84217834,-0.022412598,-0.3473621
2.312002,8.40211,0.95899296,7.800564,0.17605805,-0.8263893,-0.102304995,-0.41047546
2.3515062,7.8834944,0.9740311,7.7040653,0.1877644,-0.8704753,0.0027525425,-0.35710615
2.5684474,8.405476,1.0135498,7.7288184,0.1732564,-0.8370619,-0.04936397,-0.3165111
2.242891,4.7478027,0.96534896,7.7279406,0.18304253,-0.78274274,-0.060566783,-0.23543525
2.5739214,8.375323,0.9905124,7.800156,0.15727329,-0.8091693,-0.12037879,-0.40723485
2.2067766,8.649233,0.9452106,7.7981515,0.14768362,-0.7820022,-0.09892142,-0.4182316
2.6675668,6.511909,0.8496523,7.773455,0.16474152,-0.78442836,-0.059571207,-0.39946145
2.5714407,6.845635,0.94856024,7.7426724,0.12040472,-0.7114792,-0.0349952,-0.2715102
2.8905888,6.5554466,0.9701829,7.7199965,0.11878538,-0.69383526,-0.09767604,-0.25589228
2.9805462,8.4557,1.0789855,7.7222185,0.08334947,-0.73301935,-0.019043982,-0.26775944
2.9324229,6.679847,1.0565515,7.7817225,0.07924175,-0.71037865,-0.048218727,-0.3030297
2.285369,7.466345,1.0116835,7.8139534,0.093779564,-0.7235062,0.005780101,-0.39171708
2.0834851,6.3228493,0.99597156,7.9019604,0.084931135,-0.72879124,-0.14712399,-0.37225753
2.218449,4.372677,0.92387056,7.8854427,0.10494709,-0.75328636,-0.102426946,-0.28749552
2.08882,4.675355,0.93155074,7.9765267,0.10016847,-0.76805687,-0.054650307,-0.4018768
1.7545636,5.6498175,0.85068655,7.9220004,0.11124158,-0.7515919,-0.15951115,-0.45061517
2.038446,4.0768423,0.8566923,7.906279,0.101655245,-0.72869015,-0.11533916,-0.4348631
2.0563583,5.169099,0.9218217,7.8254814,0.099387884,-0.7279227,0.013320684,-0.18134132
1.8998665,7.3536553,0.852417,7.937976,0.12861848,-0.7214532,-0.16267997,-0.13847163
1.9792467,9.052798,0.71473026,8.034526,0.14752603,-0.743078,-0.0974555,-0.43653837
1.9388072,7.5193596,0.7515551,7.9337754,0.15602541,-0.74599123,-0.25278878,-0.41292968
1.8811657,5.650914,0.7414613,7.903899,0.15929532,-0.73867273,-0.16817099,-0.26823252
2.1615336,5.4894304,0.7374742,7.9871006,0.14086223,-0.7886691,-0.11364925,-0.4341022
2.3393064,5.453988,0.7153888,7.8432074,0.1841414,-0.77454233,-0.16000992,-0.409568
1.9435666,6.4549813,0.86661816,7.8476787,0.19760847,-0.8231368,-0.09408736,-0.40557888
1.7846421,6.1507487,0.8617048,7.8446603,0.20344567,-0.8614273,-0.020100832,-0.4594602
1.5060861,2.1383166,0.8935733,7.8214326,0.18270874,-0.85334253,-0.12685156,-0.34316966
2.4873977,4.2047987,0.8615527,7.836812,0.19489145,-0.81972337,-0.24834764,-0.4331178
2.3163638,4.146633,0.9317603,7.7679467,0.20296049,-0.8310523,-0.18919748,-0.46855852
2.4125,5.007947,0.82419443,7.823363,0.21293116,-0.8468504,-0.20678633,-0.43829682
2.1327488,3.5560431,0.85304713,7.8082833,0.21131754,-0.8111794,-0.17024487,-0.42592856
2.4246364,5.986738,0.75368285,7.8134546,0.21256423,-0.7958102,-0.14814943,-0.4350444
2.2888687,6.51307,0.8504474,7.809189,0.22490454,-0.798156,-0.14519405,-0.13769194
1.9752612,7.40709,0.9404404,7.7687426,0.20555353,-0.8621502,-0.08080989,-0.49649754
2.014056,5.443799,0.97424924,7.715792,0.19732094,-0.8251729,-0.1317721,-0.48563278
2.6247187,5.448523,0.92714643,7.7002945,0.19120145,-0.82264495,-0.07098395,-0.49570394
1.8377721,9.561277,0.9123254,7.7771273,0.21175313,-0.803782,-0.104564905,-0.49878645
2.2184062,4.386451,0.7264867,7.983104,0.12629914,-0.7595053,-0.14451718,-0.46417308
2.6545944,9.492583,0.6491426,8.000044,0.12980843,-0.7373445,-0.054359257,-0.37272018
2.7443836,8.455087,0.6341963,8.017681,0.12512565,-0.698648,-0.039465606,-0.20724642
2.605344,8.2578335,0.49782908,8.051559,0.091938734,-0.6953826,-0.103015125,-0.41572553
2.5547054,9.718946,0.64395666,8.044241,0.11238599,-0.7050712,-0.003757,0.028546691
2.094929,7.1531777,0.6317537,8.048408,0.11160898,-0.6994691,0.105906606,0.06900674
1.7683498,7.759955,0.67967844,8.066126,0.11920667,-0.70039797,0.08532953,0.10584879
1.6014227,5.5555224,0.579993,8.181957,0.12126994,-0.69584274,-0.08123928,-0.09863341
1.7616844,8.225305,0.5218153,8.325417,0.1162405,-0.779027,-0.039105594,-0.1967147
1.6325934,8.334905,0.43935585,8.305563,0.16475534,-0.8449247,0.06129849,-0.2785188
1.7123425,9.26844,0.45748913,8.266611,0.15461397,-0.79549074,0.03845942,-0.26001287
1.6296991,9.045025,0.58190846,8.250764,0.1435461,-0.75416446,0.07643759,0.049087346
1.5402806,9.04722,0.5858083,8.293863,0.1505537,-0.8112526,0.09931016,-0.22921652
1.4616454,9.533654,0.65880466,8.238312,0.16485977,-0.8380661,0.10761762,0.037196636
1.4839717,7.1057014,0.65651655,8.168824,0.17252398,-0.84325194,0.08775413,0.08716738
1.6613591,6.8820086,0.61203027,8.164572,0.16545033,-0.8313663,0.05433047,-0.20298696
1.6305482,9.023968,0.66162133,8.14542,0.1752224,-0.8276925,0.012730002,-0.31930906
1.7432454,7.867306,0.67754555,8.08768,0.17537355,-0.819412,-0.010287523,-0.1889818
1.5795947,8.035427,0.7283157,8.109959,0.15427852,-0.83471227,-0.052660584,-0.2589929
2.1571233,9.301592,0.7122011,8.037717,0.1988573,-0.864851,-0.1209746,-0.43650982
1.9352095,5.896547,0.73532736,7.9981213,0.19623804,-0.8282962,-0.11239648,-0.40195125
1.6621084,5.689059,0.6794965,8.033897,0.15326953,-0.7481804,-0.16143394,-0.46752393
1.7281142,6.171917,0.70095825,7.978913,0.14158869,-0.69368505,-0.15163386,-0.48191252
1.5605936,4.828621,0.67477417,8.019316,0.15789437,-0.7288618,-0.2410078,-0.4991032
2.1842842,6.5298743,0.6340163,7.9832654,0.11848211,-0.72244763,-0.22094876,-0.48363146
2.447415,6.4072895,0.5948901,8.011705,0.09791064,-0.6894305,-0.14719647,-0.47709617
2.5367727,8.8632965,0.5893829,8.021503,0.098391294,-0.71744776,-0.08819109,-0.47542536
2.2190259,8.379972,0.5771787,8.005884,0.13109493,-0.7148714,-0.19616377,-0.4610517
2.266359,8.299171,0.55300224,8.088521,0.12338257,-0.7024479,-0.14282358,-0.46262997
2.4654875,9.249044,0.5798433,8.0362625,0.13395071,-0.7168212,-0.121394634,-0.07027966
2.6979465,9.422403,0.59653485,8.009958,0.12723923,-0.72372866,-0.12568921,-0.47599134
2.3899112,7.7080107,0.6045507,7.98502,0.12893534,-0.71777654,-0.10109502,-0.3152027
2.638372,7.6468816,0.62882733,8.006607,0.11060667,-0.73226213,-0.01613015,-0.12874222
2.7512052,7.512944,0.6465597,7.9954286,0.10214853,-0.6969645,-0.13964611,0.030495763
2.6665418,7.178538,0.74071026,7.9823546,0.09509182,-0.67555046,-0.06592095,-0.17955929
1.901953,6.320997,0.7648717,7.919356,0.09521127,-0.6868477,-0.06841272,-0.09123537
1.9937391,5.336753,0.73480225,7.971855,0.09221792,-0.6558242,-1.9073486e-06,0.09956932
2.0778575,4.686043,0.6472335,7.9846354,0.10203838,-0.68539715,-0.035354435,-0.1868946
2.129687,2.2702708,0.7995274,7.925391,0.106169224,-0.7065704,-0.19060951,-0.31098422
2.4731255,7.7889957,0.8119899,7.911144,0.116045475,-0.70661116,-0.28291696,-0.49111915
2.2380717,4.667281,0.83502173,7.802979,0.14479303,-0.72519875,-0.08049309,-0.49201867
2.7518785,7.6825976,0.80571496,7.841411,0.11774254,-0.71396303,-0.15612489,-0.4747472
2.8360202,7.878317,0.81122375,7.8397484,0.14247441,-0.703212,-0.19757938,-0.39818847
2.7240689,7.7158313,0.7834792,7.871693,0.15562034,-0.77099276,-0.031798065,-0.35901093
2.8105917,8.429554,0.85093665,7.815159,0.16021514,-0.7460005,-0.08450836,-0.44219893
2.4044838,5.3625917,0.7793542,7.80226,0.1487379,-0.7522483,-0.10241258,-0.4250308
2.1703658,6.7437615,0.80575395,7.8283806,0.17427301,-0.74167633,-0.15893376,-0.3647081
1.5996661,3.6555057,0.7810986,7.8342934,0.1720097,-0.7461152,-0.08754885,-0.33804488
1.6769483,7.372147,0.84770775,7.8509574,0.16064882,-0.7837355,-0.064759254,-0.39056593
1.9839989,7.299728,0.81993425,7.924671,0.15174341,-0.77886176,-0.037186384,-0.42333713
1.7909013,6.8143497,0.79196334,7.96069,0.15074778,-0.7803631,-0.06653714,-0.43391836
2.0187094,5.607562,0.79874253,7.9740615,0.11229205,-0.79466414,-0.12167448,-0.3707276
2.1043406,6.0575686,0.69876134,7.9780784,0.16005278,-0.8021436,-0.099826515,-0.42283496
2.1939282,8.763237,0.6859665,7.869762,0.2003789,-0.769238,-0.09155434,-0.24791947
2.2368536,7.614868,0.7514843,7.923708,0.1684277,-0.7825012,-0.05451846,-0.3808364
2.6761422,8.765078,0.6514286,7.919867,0.16561484,-0.77978635,-0.04855758,-0.33893818
2.7411444,7.30941,0.6944716,7.895118,0.16491508,-0.7703738,-0.0737043,-0.32458705
2.5580742,7.767324,0.6619091,7.9222665,0.13528109,-0.74112177,-0.16753113,-0.4672106
2.8012512,8.334566,0.6128516,7.9343495,0.13530827,-0.7147112,-0.14192098,-0.45266593
2.4985843,8.389667,0.6111555,7.9747553,0.13757014,-0.7739332,-0.1103127,-0.27298552
2.5523884,8.663337,0.5990794,7.9726834,0.17658281,-0.7610481,-0.20993876,-0.40209493
2.7803102,9.417484,0.61428607,8.016584,0.15386009,-0.80912495,-0.056784272,-0.3978722
2.7416086,7.9414926,0.70354366,7.956627,0.1622026,-0.77818584,-0.029049993,-0.35546592
2.8631804,8.429544,0.7322067,7.9776406,0.14425659,-0.79574466,0.05063963,0.08530301
1.6911246,5.4578075,0.78941727,8.091339,0.13168764,-0.79123664,0.045096993,0.014547229
1.2106414,3.0727732,0.7386043,8.075261,0.160954,-0.82936406,0.09097266,0.054083288
0.94312465,3.4936876,0.67956376,8.095489,0.15592957,-0.7724967,0.095288634,0.2839166
1.0103699,2.647156,0.67123055,8.074173,0.1699071,-0.7879691,0.11794138,0.09035182
0.87014747,2.6393402,0.7174103,8.057209,0.1578207,-0.76486206,0.15088499,0.21467733
0.6387606,2.3715115,0.7945827,8.134211,0.1681943,-0.7992542,0.058852673,-0.4387383
0.68391216,2.4155436,0.7945702,8.143497,0.19758296,-0.8472655,-0.023007035,-0.42422396
0.653321,2.4339495,0.79199004,8.182945,0.1877327,-0.8778801,-0.023221016,-0.37499586
0.73429954,2.398799,0.7560277,8.20021,0.20263958,-0.91194415,-0.045763433,-0.42299935
0.6805336,2.7521594,0.85632145,8.139003,0.22207904,-0.9061177,-0.033286035,-0.4795243
0.67035794,2.7101078,0.8328675,8.167796,0.23535037,-0.92068076,-0.13038635,-0.4938603
0.62785685,2.75465,0.82852507,8.170761,0.20906639,-0.84316874,-0.03314346,-0.08977032
0.67270726,3.044745,0.8339946,8.220438,0.2179935,-0.86086106,-0.030783892,-0.2820421
0.68944764,3.6690452,0.8448889,8.180309,0.21372867,-0.8319285,0.1908555,0.19762659
0.6723371,3.3680449,0.8630078,8.1802025,0.20176363,-0.8343611,0.20292568,0.00094777346
0.72578883,3.474448,0.8168802,8.25378,0.20559454,-0.8615072,-0.039645553,0.02911663
0.7274579,3.4600663,0.8595085,8.150822,0.19871211,-0.84014773,0.03535247,-0.23508725
0.73005223,3.5243235,0.9178934,8.188129,0.20356274,-0.8261645,-0.06483853,-0.0074797273
0.7087741,3.34302,0.89243186,8.084525,0.20221162,-0.829767,-0.07130319,-0.49997118
0.770149,3.2714841,0.84229255,8.107904,0.13932729,-0.806798,-0.062348425,-0.4991516
0.8052124,2.5324392,0.8614427,8.063556,0.12855554,-0.77160954,0.07142675,0.16117263
0.7532172,2.432196,0.8495171,8.023027,0.1539917,-0.7774105,0.019161701,-0.050765842
0.72247225,2.6157203,0.91919816,8.080303,0.15480065,-0.82098746,-0.16683346,-0.36161143
0.8481486,3.1317372,0.82867575,8.034566,0.20709348,-0.8028424,0.033396244,-0.11450964
0.79508865,3.1197515,0.8325614,7.992143,0.21496701,-0.8008213,0.06869602,0.06896973
1.304174,3.9506326,0.59380686,8.0442915,0.24945402,-0.88655186,-0.019165099,0.23681927
1.0659198,4.0122023,0.7200608,8.056921,0.22892141,-0.81859756,-0.029429734,-0.35620463
1.0379758,4.0261126,0.732682,7.9697666,0.19876862,-0.7782233,-0.119684994,-0.16875803
1.4423494,3.9251633,0.81237125,7.990204,0.16880965,-0.8580277,-0.103192925,-0.47339502
1.4820282,5.767851,0.9204899,7.8931684,0.14024019,-0.8213129,-0.036282003,-0.47483504
1.5566611,6.195874,1.0398645,7.9133296,0.12991548,-0.81740093,0.14871609,-0.061697543
1.4367366,6.57784,1.0352128,7.8575363,0.16386104,-0.80659294,-0.031947374,-0.282704
1.5291564,6.9547334,0.9737786,7.906149,0.16050243,-0.8082378,0.02900958,-0.2890535
2.190846,5.987496,0.9049306,7.8693213,0.13489008,-0.8257923,-0.04542333,-0.3495513
2.2243242,7.4918146,0.9759108,7.9168134,0.13387227,-0.81823397,0.07778251,-0.14070556
2.469345,8.604459,0.8913361,7.880754,0.1359024,-0.8000901,-0.0145763755,0.055093348
2.7787874,8.951327,0.9197402,7.7490315,0.15889192,-0.8023205,-0.035148382,-0.4425311
2.8173683,9.227635,0.99373126,7.6813874,0.16813517,-0.8305168,-0.06168264,-0.2058402
2.8022757,9.122486,0.9451926,7.6697392,0.17703581,-0.7542083,-0.09282923,-0.32626408
2.8248332,9.433216,0.86828804,7.6364164,0.17975068,-0.7340486,-0.03485155,-0.19988886
2.761903,6.912162,0.9035771,7.487244,0.39815354,-0.9667232,-0.27573508,-0.42597428
2.504457,8.677929,0.88000655,7.5883975,0.37195945,-0.9639697,-0.13643354,-0.4317992
2.2523456,8.421383,0.72013736,7.7249503,0.34610677,-0.9780369,-0.19068277,-0.33463663
1.5701553,8.166913,0.6789974,7.7825875,0.39503098,-0.9482882,-0.2713279,-0.4358671
1.4665728,7.937263,0.6393156,7.782541,0.38457465,-0.96834445,-0.08399099,-0.47325268
1.7233051,5.7925725,0.6452551,7.7981834,0.37629128,-0.9528098,-0.17957842,-0.13209572
1.628235,8.339285,0.7293849,7.7343664,0.36332846,-0.9056816,0.021944284,-0.2884351
1.7271252,8.202133,0.6286864,7.9174466,0.29871893,-0.91601086,0.056533694,0.061297536
1.2643563,7.8759203,0.763505,7.9581485,0.30958652,-0.91883326,0.14461088,0.07568693
1.2322562,7.0504317,0.8212507,7.9595346,0.29237986,-0.94304943,0.12940228,0.15200031
1.1554433,6.5885725,0.8580023,7.922127,0.2973895,-0.9173188,0.20501268,0.261665
1.0996606,5.7355237,0.8606105,7.9046254,0.2892406,-0.91776085,0.19572103,-0.014974266
1.0835264,7.3724008,0.8308418,7.96305,0.3171401,-0.9279022,0.29504764,0.18074107
1.097824,8.13,0.8728163,8.00865,0.31542802,-0.96826506,0.31011474,0.22195429
1.1226232,9.0755205,0.94868755,7.8579397,0.32763982,-0.97130847,0.22239923,0.29484993
1.072017,9.204535,0.8529297,7.8985023,0.36890197,-0.9967482,0.45393836,0.41195202
1.1165679,8.725576,0.95601416,7.862762,0.34799838,-0.9572835,0.4319613,0.3344022
1.1953919,8.070859,0.9062779,7.7958975,0.34972763,-0.96368504,0.39648747,0.3803264
1.1614041,7.4317718,0.9226358,7.80463,0.3345642,-0.9672775,0.21031463,0.08818728
1.1965892,8.672581,0.9557016,7.82947,0.34673762,-1.0164053,0.19918215,0.14774263
1.2996163,8.143536,0.91278815,7.8984914,0.3025987,-1.0187585,0.106033206,0.15131265
1.2442039,8.321497,0.85102785,7.910121,0.28926373,-0.95597124,0.21338058,0.24231547
1.2181306,8.085171,0.7211399,8.057864,0.28229737,-0.8339467,0.18497813,0.22510463
1.2924857,8.247926,0.7569885,8.027762,0.25693965,-0.82700634,0.14609277,0.49768698
1.1580142,7.06368,0.8243642,8.020987,0.26117945,-0.90486264,0.14988554,-0.035846144
1.0157743,5.006262,0.8128797,8.049395,0.25963402,-0.9097054,-0.022369862,-0.064955056
0.9890304,5.4921007,0.82263577,8.050714,0.24131727,-0.8716693,-0.069559276,-0.12543413
1.0138457,5.1991053,0.87727404,8.023845,0.26650953,-0.9369352,-0.11725402,-0.47076443
1.0234765,5.5563498,0.87969136,7.9820657,0.24893904,-0.8286412,-0.076391876,-0.4343116
1.2393157,5.868647,0.8131819,7.9926615,0.23366547,-0.8294604,-0.14370292,-0.018490732
1.04942,5.837118,0.7637062,8.022585,0.267879,-0.826488,0.044677377,-0.4221859
1.075346,5.0684986,0.7454647,8.1383915,0.20934868,-0.8101151,-0.05366367,-0.34363857
1.1470257,6.7061067,0.81102514,8.151335,0.17475033,-0.8079252,-0.11973184,-0.3080888
1.2422664,8.220762,0.806756,8.230849,0.14391994,-0.7770119,-0.014145076,-0.25624257
1.2565528,7.853403,0.7478576,8.249431,0.14874578,-0.77590275,-0.018064499,-0.2707762
1.2544899,5.1695557,0.71031916,8.13346,0.12959623,-0.7806475,-0.014838815,-0.47640112
1.1740434,6.0190387,0.75132334,8.254228,0.091150045,-0.7250817,0.012696624,-0.41645506
1.1432139,5.8575807,0.83718324,8.259146,0.10564041,-0.72809124,-0.13388497,-0.41440368
1.1620668,5.9292936,0.7898942,8.241828,0.08429313,-0.72708654,0.005793929,-0.3280208
1.3763247,5.996067,0.7763673,8.219289,0.09859371,-0.7452693,-0.04718411,-0.38461262
1.2761345,5.7008085,0.861562,8.2217865,0.076509,-0.71809626,-0.0024493337,-0.47441956
1.207731,6.8198185,0.82983184,8.242058,0.1024518,-0.7230139,-0.09745109,-0.3027016
1.2740815,6.4437776,0.8060882,8.190838,0.09414005,-0.7220886,0.040228724,-0.46296057
1.3132368,5.528693,0.8422444,8.142189,0.09085488,-0.73670197,0.17242491,0.16682959
1.2567196,5.0270443,0.83796215,8.122438,0.09363389,-0.7507074,0.15874767,-0.0030323565
1.585998,4.2496986,0.78937864,8.13765,0.09887576,-0.7782676,0.1472156,0.06047374
1.4762635,3.3920224,0.79404914,8.054271,0.11739874,-0.7933421,0.036892056,-0.20550066
1.3760796,2.8305874,0.7424474,8.01728,0.13566399,-0.78172827,-0.068024516,-0.01563102
1.6091166,3.7359617,0.7758981,8.083401,0.11076641,-0.7342322,-0.20394462,-0.29304767
1.1888418,3.131442,0.7599628,8.103313,0.11981511,-0.75214624,-0.091995776,-0.21163058
1.0836453,3.4755373,0.74932384,8.121307,0.11776972,-0.75833654,-0.0038463473,-0.22461095
0.999269,3.2311006,0.77245116,8.15525,0.13240314,-0.82268405,-0.08426708,-0.32398966
0.95138067,3.121705,0.88298845,8.140987,0.10196471,-0.82411957,-0.006718755,-0.43924257
0.9921522,3.948824,1.0061061,8.051577,0.103429794,-0.78701735,-0.05332911,-0.34005523
1.1123691,4.019429,1.0091009,8.045167,0.08810496,-0.7449641,-0.008447468,-0.4466814
1.0723318,4.5326257,1.0651178,8.042263,0.09628558,-0.8258431,-0.005642116,-0.45289448
1.1452508,5.9415064,1.0564797,8.012417,0.09830952,-0.78148866,0.16724694,-0.40114832
1.178303,5.838929,1.125658,8.042217,0.08755946,-0.774034,-0.055169582,-0.39726055
1.2822132,6.3192735,1.0658944,8.028771,0.07709718,-0.79920983,0.037799716,-0.22166383
1.1273806,3.8672173,0.977018,7.9550357,0.14057565,-0.8330283,-0.111804724,-0.4631068
1.2192967,3.5950966,0.97930956,7.973964,0.16004324,-0.8302579,-0.10331762,-0.4372908
1.5847754,3.977456,0.93615484,7.877625,0.16022372,-0.83074474,-0.09880042,-0.43689698
1.2962097,5.935241,0.92385864,7.9890385,0.14984465,-0.8235934,-0.10911876,-0.3951833
1.3730466,6.740807,0.93985915,7.9812555,0.18417192,-0.8414409,-0.053677678,-0.3972019
1.508558,5.8748665,0.8353994,7.991926,0.18867064,-0.85391784,-0.064628184,-0.2585013
1.3683801,5.7684593,0.8207611,8.031607,0.20499063,-0.8386991,-0.053608477,-0.18730369
1.646558,4.6223226,0.80033517,7.951096,0.20317435,-0.84389114,-0.09241414,-0.19098759
1.3160877,7.2393622,0.78704333,7.974032,0.20984936,-0.8400142,-0.0046964884,-0.46422434
2.810096,5.195141,0.8360269,7.9705186,0.1397624,-0.79650784,-0.05377555,-0.29532918
2.9802108,9.86075,0.84081674,7.992995,0.10670805,-0.7972512,-0.009023309,-0.43840772
2.9614599,4.687825,0.79320335,8.038836,0.090429544,-0.74758077,-0.11112672,-0.2049239
2.889811,9.550163,0.7758434,7.948544,0.10619354,-0.7414181,-0.07442951,-0.32457373
2.6740909,5.796584,0.82130194,7.9765153,0.085099936,-0.7443991,-0.06527668,-0.42325786
2.501454,6.5269656,0.8682699,8.00545,0.07164359,-0.7505901,-0.13787007,-0.2951046
2.449345,6.410257,0.8367585,7.9583497,0.08842945,-0.7611561,0.030925274,-0.3070325
2.991904,9.460495,0.812978,7.9361157,0.106794834,-0.7517514,-0.16066784,-0.44251108
2.6459427,5.7912693,0.81255496,7.996788,0.10515165,-0.70398307,-0.22608763,-0.39171794
2.2946358,8.853094,0.83616924,7.985901,0.1027112,-0.72019887,-0.19236279,-0.45699793
2.1175673,5.9266634,0.80923796,7.924972,0.10508895,-0.7203696,-0.19486856,-0.46275267
2.4906006,7.4866605,0.7655945,7.895444,0.13269973,-0.7232375,-0.11817652,-0.44784746
2.7634354,9.127636,0.6965771,7.8911633,0.1139729,-0.6781132,-0.10859877,-0.016530842
2.5933053,9.593684,0.7522274,7.9092145,0.12921834,-0.69222975,0.028367162,0.20485473
2.7372875,8.93198,0.7017858,7.9075828,0.1318326,-0.7216935,0.049772263,0.19613558
2.0372567,8.146786,0.7324319,7.9265122,0.14600062,-0.7445872,0.013273716,-0.39051825
1.9635017,9.244157,0.775542,7.907691,0.14931822,-0.7502856,-0.11909938,-0.41407943
1.9303908,6.5044565,0.85397816,7.9131117,0.12313461,-0.74387527,-0.114441216,-0.39651978
1.5564358,5.1313725,0.9469075,7.898825,0.15553308,-0.8090155,0.0028594732,-0.36612055
1.5399897,5.4324055,1.0765858,7.8492517,0.13678765,-0.81007624,-0.057238936,-0.40756407
1.4529682,4.679606,1.008595,7.79711,0.13658571,-0.71752834,-0.13817716,-0.41784945
1.4554907,3.8095381,0.9859431,7.7682624,0.15005803,-0.7231412,-0.116699636,-0.41413578
2.971853,3.7829328,0.99960685,7.699792,0.14956832,-0.7232578,-0.15395576,-0.4199672
2.9184265,7.752265,1.0028477,7.706225,0.124965906,-0.73598146,-0.07777548,-0.14507756
2.7135975,8.708303,1.0894539,7.606559,0.13981104,-0.7622819,-0.0058262944,-0.3404913
2.7765632,6.3721523,1.0942414,7.6003284,0.14596415,-0.7919469,0.045300603,-0.22279337
2.3398767,7.90679,1.0751293,7.654313,0.11366844,-0.7021513,0.013636589,-0.07077888
2.2645795,7.847187,1.0709534,7.745538,0.11287308,-0.76122236,0.20513582,0.17738771
2.1936903,5.861498,1.0569284,7.774429,0.12342572,-0.7770016,0.22011054,-0.090001345
1.846633,4.1215935,1.0444274,7.7843757,0.12910557,-0.79036117,0.08907783,-0.2879681
2.0378878,4.6627235,1.0073979,7.771662,0.13276339,-0.7943666,0.021057129,-0.25079066
1.6761708,4.3658166,1.1127193,7.6999006,0.108526945,-0.7412157,-0.05912292,-0.35991633
1.7700946,4.516077,1.1330338,7.7754626,0.101958275,-0.78610444,0.025343776,-0.33171338
2.4032695,8.24141,1.1461504,7.6902523,0.0922544,-0.72385144,-0.17001915,-0.463271
2.4938502,9.173258,1.2634084,7.750889,0.07228947,-0.75319386,-0.01882118,-0.4968745
2.825634,4.574643,1.2362244,7.79929,0.04928732,-0.815248,0.03944266,-0.49752766
2.6130333,5.3972178,1.0326402,7.743389,0.102473736,-0.81145144,0.021927476,-0.46511286
2.213833,5.0709014,1.1077986,7.7282314,0.13025331,-0.79092836,-0.014725804,-0.47272316
2.1554794,8.206409,1.1815789,7.64679,0.14712548,-0.83277893,0.058360934,-0.409842
2.4661717,5.411975,1.2151926,7.6238627,0.12990761,-0.82645416,0.048689842,-0.33857238
2.752755,4.935496,1.2301319,7.611666,0.12686563,-0.7922163,-0.03009808,-0.3914984
2.5924802,6.0933948,1.2025423,7.60515,0.11590576,-0.79671574,0.057404757,-0.4614154
2.8553135,4.8330145,1.2544672,7.62171,0.09914398,-0.7342992,0.1345588,-0.013779253
2.9023414,7.1007032,1.2038143,7.605443,0.09828758,-0.74040127,0.03292656,-0.3759572
2.8422263,7.240692,1.2336679,7.6208825,0.10637689,-0.75135446,0.028234363,-0.23051035
2.9857638,4.1660976,1.2988267,7.587232,0.097311735,-0.7264786,0.015446305,-0.022312254
2.94859,7.953254,1.2788687,7.5535574,0.104519606,-0.7217643,0.06905627,0.038184583
2.4895859,7.437873,1.3464613,7.557662,0.09348273,-0.7424302,0.10589504,-0.24347281
2.2811148,4.973896,1.3496108,7.5658927,0.08735371,-0.73246837,-0.08767861,-0.45064402
2.6474051,2.7485359,1.3664255,7.567134,0.07989049,-0.72984433,-0.20647967,-0.370075
2.4431183,5.850459,1.3951163,7.4563527,0.110244036,-0.7306397,-0.1272093,-0.2902922
2.9441113,7.6405034,1.3674939,7.4879827,0.1200521,-0.7277055,-0.025708735,-0.4748951
2.5447135,2.2324052,1.4672089,7.3510647,0.13413167,-0.73379064,-0.01406908,-0.48415256
2.5513828,4.4490705,1.4745088,7.410631,0.10940814,-0.79337955,0.036871314,-0.34918946
2.523733,4.6620483,1.325089,7.3298244,0.1825931,-0.7726817,0.0664283,-0.11077309
2.357375,2.5630884,1.4106071,7.28871,0.19016099,-0.78530264,0.079967976,0.04149592
2.4460664,4.7080364,1.4308829,7.251271,0.17635155,-0.78278637,0.053397536,0.16959345
2.9953005,4.381507,1.4174547,7.3024797,0.18003011,-0.7425513,0.23675394,0.31919014
2.2223923,5.1892233,1.3793302,7.3995223,0.14240408,-0.73585725,0.2366085,0.24452561
2.4415202,2.9469845,1.3542979,7.429801,0.14838958,-0.81275845,0.16773236,-0.100872725
2.6825783,2.988649,1.3990157,7.42075,0.14594412,-0.81644917,0.18049991,-0.029593915
1.5295913,2.7213156,1.4220214,7.485797,0.13151097,-0.82835007,0.12254524,-0.17158997
1.8188872,2.789446,1.3962286,7.4537983,0.13044381,-0.81993055,0.11201,-0.14481387
2.7367315,4.1291456,1.4464161,7.395303,0.15621734,-0.8404887,0.12553251,0.05139923
2.0197697,6.4928856,1.3913615,7.445616,0.16417623,-0.8316345,0.14224994,0.15095931
2.1284122,3.9665627,1.3803701,7.4653425,0.15518689,-0.7975304,0.35008788,0.38409054
1.3411276,3.3703294,1.3698945,7.5312138,0.15577817,-0.7945976,0.31136656,0.16540003
1.4222436,2.6748266,1.3890898,7.5563593,0.10734558,-0.782346,0.2297988,0.111058235
1.7850426,2.3113186,1.3768468,7.586545,0.09128475,-0.7933607,0.12451887,0.12392926
1.3544567,2.2036898,1.3254704,7.592815,0.09859586,-0.77080965,0.17321289,-0.109787315
1.6354928,2.0422275,1.35063,7.5023007,0.09493899,-0.72525764,-0.007865429,0.06229508
1.9452375,2.641026,1.353188,7.5029445,0.07913613,-0.7132871,-0.067561746,-0.29472315
2.9512165,3.2269576,1.3464775,7.5852737,0.04705167,-0.7157669,0.116815686,-0.3499068
2.8636155,8.277599,1.3136432,7.6034184,0.033378363,-0.7156713,0.009057403,-0.33135706
2.8519886,7.750651,1.1739018,7.721392,0.04989338,-0.7179456,-0.014887869,-0.423286
2.7582467,5.2395487,1.2045426,7.7481856,0.038971424,-0.73663235,-0.01230526,-0.40902582
2.7904022,7.410104,1.0987203,7.765218,0.047165394,-0.7138202,-0.023391068,-0.3866414
2.020965,5.4004173,1.1468625,7.805996,0.046067,-0.6858587,-0.107353866,-0.49061394
1.6836221,3.0052419,1.0956872,7.896597,0.034011602,-0.7199826,-0.08178574,-0.49604675
2.105033,3.6777403,1.008446,7.844647,0.06919694,-0.67298937,-0.124700665,-0.48979867
2.4210012,5.5387487,0.9741781,7.8580604,0.06827545,-0.69625425,0.09832919,-0.14580059
2.9421697,8.918854,0.9788147,7.8580713,0.05705166,-0.7128098,0.054074764,-0.30631506
2.693692,8.731436,0.8256793,7.893301,0.09011626,-0.7115426,-0.027429163,-0.09892923
2.653593,9.477478,0.8416079,7.9037375,0.09732628,-0.72300696,-0.0136009455,-0.20715904
2.6886663,8.973391,0.7885871,7.9143434,0.10844278,-0.73483634,-0.047427595,-0.39466095
2.9049642,8.483376,0.7769631,7.8690424,0.11768007,-0.72403264,-0.039798737,-0.14329904
2.708389,9.761115,0.72075486,7.8644958,0.14685273,-0.7104492,-0.02607274,-0.19358519
2.6922257,5.603177,0.77686226,7.872439,0.15791464,-0.71749616,-0.11946583,0.2252295
2.6258402,6.5031514,0.7904973,7.8243732,0.15018082,-0.6922641,-0.110557854,-0.33738747
2.3525455,4.928277,1.0223107,7.7380075,0.09153986,-0.72811985,-0.11763394,-0.14608794
1.2451606,3.2904844,1.1476245,7.859648,0.08684969,-0.7453277,-0.057260215,-0.4885296
1.3265294,3.7009356,1.1500933,7.832716,0.069355965,-0.73920774,-0.016022384,-0.35899484
1.8108729,2.8280425,1.0642834,7.7554874,0.09392166,-0.6979666,-0.15129507,-0.37387046
1.7229207,2.6303368,1.116188,7.888276,0.05050659,-0.74376917,-0.0015656352,-0.35431537
1.6994722,3.3470948,0.9943857,7.908922,0.022065163,-0.71113205,-0.0766328,-0.30082935
1.6838326,2.5083826,0.97159886,7.919124,0.03882575,-0.69481015,-0.15045547,-0.33306542
1.588025,2.5853438,0.8400831,7.9738407,0.04983425,-0.65523434,0.017300844,0.16192383
1.7764722,4.2110586,0.84209144,7.9585347,0.04646468,-0.6440215,0.12140274,0.11911124
1.8927196,6.2756076,1.0222626,7.9547524,0.05868411,-0.69062304,0.048555255,-0.1201148
1.9108868,7.4665275,0.97553813,8.003314,0.068297386,-0.74109125,-0.03058666,-0.35899487
1.8288038,8.909172,0.9686103,8.016776,0.06463194,-0.7927027,0.12377143,-0.24604839
1.8682778,6.618442,0.9168221,7.9995694,0.050001144,-0.69800687,0.071038485,-0.04988128
1.8668007,5.5113926,0.8785509,7.941633,0.042508602,-0.6493099,-0.011309683,-0.12920982
2.3643343,4.402527,1.0148284,7.8432236,0.02957058,-0.64322567,0.028635502,-0.0768978
2.509872,4.883379,1.0873661,7.978426,-0.0024350882,-0.7264507,0.026031494,-0.2604574
2.5989082,6.886135,0.96614623,7.965578,0.002544403,-0.65739965,0.032898784,-0.24130464
2.501007,3.6211739,0.92634785,7.930627,0.004890442,-0.631258,-0.14179581,-0.38322622
1.9040993,5.280627,0.90940595,7.9330416,-0.0048656464,-0.57684803,-0.12567091,-0.4503911
2.1995964,5.133872,0.93559337,7.937749,-0.007249236,-0.60680556,-0.034655273,-0.44882143
2.6200304,5.3075457,1.044843,7.965906,0.008656025,-0.665596,-0.1589992,-0.2326087
2.6401737,6.646805,1.0662014,7.9679813,0.016183376,-0.6944258,-0.1853025,-0.41616166
2.102017,5.158946,1.041096,8.0148115,0.008548498,-0.69005084,-0.08349562,-0.26231748
2.4062505,7.593196,0.84596586,8.125767,0.022744656,-0.73679066,-0.08628929,-0.25097823
2.262694,9.128696,0.70272243,8.152874,0.035928726,-0.7575915,0.011045694,-0.24460036
2.281046,9.062344,0.6850219,8.29936,0.046551943,-0.74710226,-0.041253924,-0.22432631
2.0284512,8.592819,0.6695044,8.123066,0.030986786,-0.6362405,-0.004321635,-0.30419347
2.170455,8.868587,0.7245476,8.171648,0.0031011105,-0.64962626,0.038493156,-0.1849075
1.7753153,8.76028,0.7393999,8.2218275,0.0148329735,-0.6318445,0.09807217,-0.12429017
1.9729129,6.8640904,0.735808,8.240631,-0.018913388,-0.65647554,0.027933717,-0.3463967
2.3626962,6.3691607,0.7741829,8.1337805,-0.031624556,-0.6551964,-0.051242113,-0.24121961
2.73168,5.7262845,0.7237754,8.086376,-0.017482162,-0.60216403,-0.0043522716,-0.32288957
2.6343567,5.3533287,0.75998294,8.046676,0.0024125576,-0.6131778,-0.20831037,-0.2988857
2.473493,5.457059,0.85657895,7.985396,-0.0152134895,-0.6031501,-0.010585785,-0.22248802
2.6635528,8.314934,0.8406451,8.03043,-0.021256447,-0.6116533,-0.05230838,-0.32792348
2.4744053,7.854171,0.96525645,8.077072,-0.045104742,-0.61412096,-0.050217927,-0.38914487
2.7137597,7.36503,0.8688915,8.089716,-0.029815078,-0.58623004,0.027242899,-0.13375372
2.6871355,7.228894,0.8505962,8.003216,-0.025061846,-0.58609223,-0.04707265,-0.45296067
2.8781605,7.4004984,1.0338264,7.93686,-0.019570589,-0.62281275,-0.07477152,-0.18738592
2.7305765,5.785655,1.0991802,7.889718,-0.026048064,-0.61892796,-0.038316548,-0.46561986
2.6056254,4.014316,1.1500897,7.9019747,-0.04322326,-0.6326604,-0.08247721,-0.4494064
2.4882202,5.675292,1.1944942,7.894854,-0.0464983,-0.5792546,-0.055045664,-0.46008328
2.7638628,4.271881,1.0857668,7.807885,-0.025743961,-0.5780816,-0.05254954,-0.4543988
1.2784324,4.4231076,-0.6862512,9.386093,-0.30147207,-0.33917093,0.03236854,0.22576451
1.2069479,4.1042423,-0.64230204,9.411424,-0.3179809,-0.3376553,0.0057965517,-0.15550005
1.1923325,4.182659,-0.46510428,9.408318,-0.29741418,-0.35843658,0.0044976473,-0.049720824
1.2071865,4.51066,-0.5384824,9.377227,-0.27002454,-0.36524773,0.009222388,0.055985153
1.2451321,4.556161,-0.48668295,9.389424,-0.2983073,-0.38761306,-0.016346812,0.03539723
1.251729,4.951879,-0.6935962,9.442623,-0.24141991,-0.34784698,-0.16892725,-0.18090567
1.2939503,4.9245043,-0.6335375,9.441343,-0.25481617,-0.34440446,-0.1926409,-0.21778697
1.1774529,4.059986,-0.6955366,9.396824,-0.26181424,-0.3563125,-0.12382758,-0.4202636
1.2891309,4.168437,-0.7536788,9.281642,-0.25799787,-0.35259557,-0.19411814,-0.28406596
1.308936,5.13858,-0.7281723,9.390791,-0.2602024,-0.3872273,-0.0679099,-0.10015279
1.4745682,5.1516376,-0.72928977,9.326263,-0.26187873,-0.3713045,-0.08203584,-0.36608192
1.4016554,5.6776123,-0.7053484,9.379385,-0.26678216,-0.32539177,0.022156715,-0.24254787
1.3269409,5.7084446,-0.47210068,9.497425,-0.3218422,-0.35109782,0.012913704,-0.38053393
1.3321805,5.8058405,-0.31718308,9.553697,-0.3428594,-0.34098768,-0.02864188,-0.1717515
1.3836007,5.457069,-0.31893015,9.508099,-0.3581798,-0.3384235,0.010586381,-0.20559746
1.335959,5.6658673,-0.14872026,9.442119,-0.3677019,-0.33215475,0.08054936,-0.47364274
1.3748271,5.811351,-0.22951579,9.4512825,-0.3594035,-0.32398558,-0.005850196,-0.23618266
1.2810582,5.024847,-0.21925831,9.409657,-0.35576487,-0.30853486,-0.063245416,-0.2814914
1.3012629,4.9483852,-0.23847258,9.385736,-0.34933174,-0.32242513,-0.060498714,-0.40625995
1.2438238,4.6533175,-0.26366967,9.362429,-0.32348394,-0.31094265,-0.13274187,-0.46961042
1.2509189,4.724637,-0.25496686,9.350637,-0.29796982,-0.35417104,-0.096751094,-0.34085268
1.1886214,4.4486895,-0.37603575,9.348196,-0.2765305,-0.38930082,-0.028512597,-0.2451947
1.2009205,4.390497,-0.39136976,9.277291,-0.24695015,-0.37260437,-0.19465941,-0.30424583
1.2158432,4.206069,-0.44200867,9.227117,-0.26734746,-0.3677163,-0.07250631,-0.29479837
1.3044827,4.5270085,-0.40633273,9.239987,-0.26647127,-0.34412146,-0.07481867,-0.28854528
1.3014194,4.3284736,-0.6294143,9.25436,-0.2412647,-0.3848133,0.023444295,-0.030389845
1.3564718,3.893252,-0.73516095,9.186775,-0.22468889,-0.38382506,-0.026688695,0.0348562
1.3858259,3.9147563,-0.48911273,9.0952215,-0.23054767,-0.38734126,0.04000497,0.22986275
1.2790006,4.559208,-0.35566425,9.143549,-0.22537816,-0.39247704,0.061576247,0.06398338
1.4173148,5.2637815,-0.20564967,9.071329,-0.22544444,-0.38331246,0.042787433,0.1540553
1.4419299,5.415432,-0.10283983,9.22842,-0.21870458,-0.53148866,0.025584102,-0.06317693
1.504112,5.8935475,-0.07459688,9.135731,-0.19654906,-0.5414958,-0.1410507,-0.4355273
1.4345261,5.6197815,-0.24710977,9.167885,-0.18597317,-0.46503186,-0.011048615,-0.452563
1.4437156,5.4552565,-0.25455058,9.155661,-0.21227431,-0.44682407,-0.079660416,-0.13850915
1.3663735,6.087505,0.022049904,9.056131,-0.21070516,-0.4096694,-0.074171185,-0.43504074
1.3605734,5.771928,0.08835971,9.0705805,-0.19602966,-0.48890924,-0.07444936,-0.36908802
1.3636236,6.4364357,0.06340313,9.075433,-0.18101537,-0.4638095,0.02697587,-0.35324514
1.4725337,7.029756,0.15746784,9.033407,-0.17421126,-0.4541657,-0.055046737,-0.34969005
1.4426379,6.047094,-0.0021378994,9.031164,-0.15645266,-0.5323014,0.027836919,-0.27958742
1.4649669,6.9406767,0.030453086,8.9292145,-0.13408518,-0.5169418,-0.034746587,-0.17038885
1.3831575,6.2188373,0.022224665,8.920332,-0.11980641,-0.51634645,-0.06615776,-0.14774328
1.2336605,5.184962,0.004082918,8.977169,-0.11153257,-0.51473355,-0.12903798,-0.24469802
1.225646,5.46522,0.025019169,9.016574,-0.112421155,-0.51393914,-0.09504098,-0.46149758
1.1858643,5.2491593,-0.03914988,9.102419,-0.13807774,-0.50526214,-0.15113187,-0.4426271
1.149475,5.201008,-0.0122208595,9.10857,-0.14852655,-0.49885917,0.05231023,-0.2974974
1.109415,5.2335014,-0.021656573,9.116981,-0.1525923,-0.4703648,0.21211076,0.042041004
1.1289685,5.3097477,-0.028968334,9.026272,-0.130126,-0.47207332,0.14491427,0.02978301
1.2737229,6.2726307,-0.06277716,9.038292,-0.10147667,-0.44466853,-0.10535103,0.07680607
1.2147689,6.4123716,-0.08269131,9.104764,-0.13633227,-0.45695567,0.016566038,-0.17361102
1.3453047,5.455741,-0.1800918,9.011877,-0.14120209,-0.44204783,-0.14416003,-0.03369981
1.349661,4.702406,0.10776174,8.913136,-0.14891875,-0.4820435,-0.190858,-0.49004602
1.3185327,4.7561665,-0.0066320896,8.9802885,-0.13980353,-0.4968903,-0.18364841,-0.37613678
1.1876833,5.07652,0.09381759,8.960053,-0.14947188,-0.46469545,-0.11344051,-0.40960476
1.1780648,4.859728,0.17103052,8.972155,-0.15545869,-0.4582119,-0.1303199,-0.37036943
1.2437907,5.545703,0.22083974,8.918851,-0.1494422,-0.5132673,0.012609005,-0.3899268
1.2372715,4.631368,0.11203408,8.954853,-0.13478553,-0.5574362,0.014804959,-0.17523038
1.2424315,4.9795375,0.1032815,8.9146385,-0.14040482,-0.55543995,0.067931175,-0.0050109327
1.2383273,5.5552864,0.11219442,8.924605,-0.123241425,-0.46944904,0.07285404,-0.3777142
1.2609224,6.1581926,0.12363875,8.928711,-0.08566415,-0.5400708,0.057119608,0.055657744
1.2877916,6.5237317,0.1397109,8.921364,-0.090188384,-0.55873823,0.013319969,-0.44777775
1.2566469,5.951173,0.15068305,8.936695,-0.09926343,-0.5583706,-0.056640625,-0.30599576
1.2706127,5.3943005,0.25194132,8.866379,-0.100571394,-0.5464208,-0.10630798,-0.37283453
1.1890346,6.1401467,0.14456117,8.974447,-0.10006249,-0.52945423,-0.05323893,-0.38467583
1.2817571,6.3666778,0.10910964,8.986441,-0.10257244,-0.57715964,-0.05876428,-0.48107016
1.2693737,6.8019156,0.20168138,9.001853,-0.065283895,-0.5504303,-0.14736992,-0.47322604
1.2963644,6.6404123,-0.007527232,9.041401,-0.061184764,-0.6099651,-0.061229527,-0.46736184
1.2637907,6.329128,-0.025763392,9.048204,-0.05875659,-0.6198931,-0.0020248294,-0.39513522
1.2270505,5.754979,-0.01648736,8.990106,-0.030252218,-0.6011014,-0.060896695,-0.25830036
1.3402998,6.6873198,0.0014948845,8.961693,-0.08469212,-0.6036196,-0.004214585,-0.23690444
1.3050085,5.9737625,-0.0074295998,8.986507,-0.08101916,-0.5738902,-0.011534452,-0.29692364
1.2725304,5.5067663,-0.09458566,8.927219,-0.057263732,-0.5439377,-0.13036299,-0.18963814
1.284906,5.9298677,-0.12740827,8.965733,-0.046231627,-0.52918935,-0.06087923,-0.01725769
1.3019518,6.3330956,-0.13290167,8.93741,-0.044737697,-0.5181732,-0.013495386,0.11354077
1.695688,8.27425,-0.06341386,9.020307,-0.13010645,-0.49950004,-0.012089133,-0.094718575
1.6402694,8.434681,0.008533716,8.989454,-0.115336895,-0.52235174,0.03528905,-0.12721902
1.6199121,7.282547,0.01749432,8.943545,-0.1207701,-0.5992725,0.046561837,-0.33851832
1.5733095,8.065961,0.12173164,8.944908,-0.13759625,-0.5384519,0.055906653,-0.2523143
1.5975032,8.154674,0.1330111,8.97213,-0.1357485,-0.52783823,0.005315542,-0.25955045
1.6975719,7.4593697,0.026173592,8.968977,-0.14313698,-0.52260494,0.061374426,-0.26994705
1.7197112,8.011816,0.037400246,8.959635,-0.13745594,-0.576314,-0.014614105,-0.2496894
1.6952071,8.178207,0.19889116,8.978132,-0.1569941,-0.57386994,0.0028738976,-0.22328603
1.6630303,8.2778225,0.15766597,8.987661,-0.15245295,-0.5557885,0.091698885,-0.251009
1.8274015,8.139617,-0.054419518,8.960581,-0.16501462,-0.5503273,0.0014002323,-0.23810655
1.7030519,6.9053793,0.1901021,8.809244,-0.14973402,-0.5533943,0.07456112,-0.2542041
1.5985668,5.9727736,0.19681668,8.862029,-0.15352643,-0.47705793,-0.10834485,-0.38751832
1.3691543,6.062512,0.3682289,8.806215,-0.13693845,-0.55007195,-0.12745088,-0.4701088
1.4297345,5.9025774,0.51017666,8.72072,-0.11913729,-0.55485296,-0.13764715,-0.28799957
1.3459582,5.977977,0.56555796,8.689447,-0.11862898,-0.5580616,-0.012518942,-0.35958076
1.2879806,5.064937,0.4781463,8.69614,-0.11547935,-0.5705569,-0.032252908,-0.4128396
1.2901169,5.1693172,0.5537319,8.646885,-0.09014726,-0.5573602,-0.10595548,-0.41928208
1.2837698,4.971549,0.58631814,8.651768,-0.10459626,-0.5599117,-0.17325026,-0.2736421
1.1474372,4.8719726,0.5379611,8.656473,-0.10247779,-0.560884,-0.026503205,-0.4905687
1.0747361,4.879421,0.5291785,8.6723385,-0.05999899,-0.5713563,-0.10869199,-0.45701113
1.0058614,4.4254475,0.5904931,8.675854,-0.025768638,-0.6323643,-0.10475057,-0.4526433
0.9694712,5.15944,0.5714265,8.719921,-0.028100848,-0.5972345,-0.020263016,-0.06272957
0.9799575,4.99409,0.4855516,8.724701,-0.01850307,-0.6118393,-0.08678329,-0.27157176
0.9858244,4.76189,0.4528029,8.694254,0.02495861,-0.66583824,-0.02108252,-0.32923025
0.99113446,4.930681,0.3474723,8.79991,-0.021613002,-0.58300686,0.01055634,-0.29397213
0.9808861,4.941164,0.5109838,8.771151,-0.037192583,-0.5968399,-0.13503581,-0.481141
1.0201685,5.216484,0.47952318,8.8381,-0.050135374,-0.5961194,-0.027981937,-0.41009462
1.0046529,5.23419,0.42291045,8.825808,-0.03460884,-0.60849714,-0.029177845,-0.29497105
1.0385265,5.286894,0.40873563,8.796452,-0.038080215,-0.58787966,-0.0858677,-0.29191774
1.0336833,5.2647185,0.3943162,8.810272,-0.012802601,-0.6158128,-0.06469005,-0.4265662
0.95936584,4.9931583,0.475695,8.7509165,5.7935715e-05,-0.6197934,-0.072238505,-0.43286955
0.9531736,4.948633,0.4791224,8.786884,0.00018405914,-0.6306906,-0.13726759,-0.2802964
0.9545179,5.5797834,0.48830485,8.764946,0.0186522,-0.64394164,-0.11796826,-0.4250793
0.9400878,5.3009424,0.6044706,8.709009,-0.008913159,-0.6479726,-0.065891325,-0.36487746
0.9492214,4.2668467,0.5896634,8.693302,-0.042235732,-0.6726959,0.05965233,-0.16026503
0.90615,4.031373,0.584641,8.712633,-0.038372397,-0.6243181,0.020280361,-0.34707296
0.9278151,4.185913,0.46114898,8.68045,-0.043207765,-0.57463455,-0.017246604,-0.29927468
0.9390725,4.099964,0.58460426,8.586174,-0.02006507,-0.61510825,0.021503448,-0.26493233
0.935129,4.009652,0.5413699,8.540884,0.03012824,-0.64458823,-0.071129024,-0.24975953
0.8226546,3.5291095,0.56458044,8.593862,0.037126064,-0.69171596,-0.0034974813,-0.32207093
0.72347754,3.0339565,0.6763201,8.557526,0.048295498,-0.66481066,-0.14928848,-0.29057607
0.7551657,2.7460458,0.43234682,8.560753,0.082416534,-0.6443491,-0.27999848,-0.3467087
0.6889309,2.7743154,0.53609395,8.599158,0.0748086,-0.70178866,0.0671947,0.15905249
0.71260756,3.1176913,0.5742403,8.569211,0.05531144,-0.6453457,0.12068796,0.051648855
0.6741903,2.7178924,0.5859362,8.42507,0.041373968,-0.672673,0.26230276,0.12253821
0.7742201,2.8793433,0.78512573,8.425193,-0.0015542507,-0.61971974,0.22621512,0.18640572
0.76565266,2.9800143,0.8031508,8.431872,-0.0034035444,-0.6995003,0.1504662,0.14447951
0.80478495,3.4670835,0.60852456,8.46674,0.03570056,-0.7022743,0.0830214,0.23756087
0.6926926,2.5025117,0.5837375,8.546175,0.037559986,-0.7203407,0.11075103,-0.11128658
0.67526305,3.1875,0.66492724,8.747343,0.03696251,-0.75161314,-0.109407365,-0.3246246
0.6042915,3.4642286,0.6232066,8.802803,0.07549262,-0.7629211,-0.20001388,-0.4676527
0.64235437,3.4128861,0.5441245,8.767042,0.06844902,-0.75235295,-0.021081626,-0.4708691
0.66571724,3.3339093,0.63077235,8.671957,0.037360907,-0.7428372,-0.053943634,-0.29339942
0.7202113,3.3657763,0.6194781,8.634954,0.017857075,-0.6523831,-0.043305874,-0.23193994
0.7001786,3.4357214,0.5843153,8.632204,0.017303944,-0.6353719,0.006942749,-0.3574461
0.7671766,3.5470653,0.66258085,8.581275,-0.0030485392,-0.6256046,-0.10122812,-0.10747713
0.8186901,3.256322,0.6875508,8.535137,-0.013438821,-0.63988566,-0.056874216,-0.49435046
0.8196931,3.392687,0.57738686,8.480768,0.005040407,-0.59764147,-0.059274614,-0.40878338
0.9130004,3.4853005,0.49800396,8.493469,0.0201025,-0.58574295,-0.21500891,-0.47007245
0.9135525,3.321766,0.56797266,8.419278,0.0280025,-0.60106754,-0.2288267,-0.49853018
0.9579927,2.6304088,0.5763217,8.377424,-0.0014346838,-0.61010957,-0.010536969,0.21951008
0.903484,2.423015,0.6023011,8.363834,-0.0060153008,-0.6317947,-0.034998894,0.030158997
0.8641706,2.534049,0.6027496,8.37042,-0.0035727024,-0.64663696,-0.12710685,-0.4262202
0.8718106,2.5118399,0.6761764,8.317257,0.03151965,-0.6660621,-0.16436428,-0.4605508
0.96367943,2.7889743,0.58086145,8.304882,0.0204525,-0.67295885,-0.06868404,-0.34961742
1.1374326,2.7549314,0.5858288,8.357716,0.043072224,-0.70222044,-0.18639892,-0.45198882
1.0064027,2.9458954,0.7748275,8.308275,0.015000582,-0.62913084,0.14584994,0.021361768
1.3106031,3.219524,0.6080935,8.280499,-0.061646223,-0.6239145,0.050044537,0.06458056
1.2052026,3.6785922,0.60924625,8.413073,-0.056790233,-0.60808516,0.023503065,0.02838558
1.2247399,4.035742,0.7092738,8.401488,-0.04949546,-0.6220627,0.020296931,-0.2661885
1.246767,5.109179,0.7078185,8.411213,-0.06358135,-0.5843203,-0.021009445,-0.33947092
1.2423968,5.043662,0.7253252,8.461224,-0.06854403,-0.5867777,-0.0865227,-0.41308308
1.2814834,4.91364,0.6889343,8.442677,-0.057721853,-0.5741663,0.012305498,-0.1921443
1.1316829,4.4023876,0.5835036,8.436413,-0.04670596,-0.54050565,-0.0031943321,-0.21650416
1.1588066,4.910739,0.6700554,8.413643,-0.037654996,-0.56137633,-0.01793015,-0.4946638
1.2937051,4.411812,0.5864196,8.404644,-0.054812193,-0.567075,-0.09778142,-0.41626674
1.177352,3.5936904,0.53811884,8.331532,-0.04655516,-0.53973913,-0.13384384,-0.48939443
1.2297038,3.013388,0.5192765,8.316904,-0.05079639,-0.5632789,-0.16752183,-0.49663007
1.4019362,4.032457,0.535985,8.366623,-0.05295694,-0.5090821,-0.2107234,-0.486687
1.5019723,5.5886106,0.5977402,8.3655,-0.009184957,-0.59285283,-0.1455785,-0.35691243
1.5511482,5.114245,0.5053289,8.461863,-0.009307742,-0.6232426,-0.10121775,-0.09182814
1.2436311,5.180453,0.49374592,8.466106,0.021724463,-0.6566782,0.02031982,-0.3508549
1.2965989,5.4952097,0.51477265,8.433134,0.011830807,-0.64832973,-0.063152015,-0.41876066
1.3955301,4.7026825,0.52416253,8.380656,0.0063734055,-0.6516137,-0.04526025,-0.31353343
1.4428064,5.39502,0.6596062,8.378523,-0.012527704,-0.663589,-0.017629862,-0.14409235
1.3295544,4.9472456,0.70446825,8.30397,-0.0136265755,-0.63190794,-0.06049311,-0.2584586
1.2851732,4.807829,0.7649412,8.306895,-0.035735607,-0.60350084,0.06615698,-0.009339452
1.4102664,4.0905733,0.7003951,8.277784,-0.042476177,-0.6122074,-0.038796008,-0.3284564
1.7350069,3.7670965,0.68113315,8.390303,-0.09472489,-0.5760038,-0.07359731,-0.29204255
1.1801283,3.8006737,0.85829186,8.246332,-0.037150383,-0.54338455,-0.12737215,-0.015453815
1.4268305,3.634437,0.98320997,8.069376,-0.030114412,-0.53702974,0.24572456,0.0068594217
1.4043442,3.6053379,1.0189235,7.968554,-0.07578623,-0.54621696,0.025271773,-0.46710646
2.2825937,2.5662222,1.2081845,7.970383,-0.09584975,-0.6242728,0.007866502,-0.28870907
2.415643,4.0392094,1.0675733,8.087511,-0.09315622,-0.6138232,0.011691928,-0.24395481
2.6220853,3.5455737,1.0877309,7.99526,-0.10108173,-0.5074265,-0.1641596,-0.43177268
2.6120722,3.9801228,1.0981293,7.9801254,-0.09680951,-0.5250473,-0.21450281,-0.46000898
2.0247822,2.5554378,1.1301298,7.930254,-0.08377838,-0.5176232,-0.12344307,-0.4105841
2.1535695,2.8170679,1.165288,7.858437,-0.078073025,-0.53900194,-0.07216996,-0.2570381
1.8614867,2.790049,1.1476431,7.8441877,-0.076137066,-0.52265334,-0.07799858,-0.2403188
1.7716405,2.3256586,1.0761085,7.8704185,-0.06841385,-0.5396011,-0.07449937,-0.22762644
2.8622983,2.988851,1.1140463,7.901438,-0.08211398,-0.53608227,-0.09678298,-0.31586063
2.81962,5.421253,1.0048137,7.910651,-0.045624018,-0.50057125,-0.07616013,-0.21413684
2.6979425,6.0953517,0.88606966,7.8372946,0.0121243,-0.5553632,-0.024540305,-0.21983999
2.7136989,4.5043707,0.9660932,7.847522,-0.021183252,-0.5520685,0.07473743,0.18587023
2.8536563,4.618461,0.97921085,7.906972,-0.031217575,-0.5407033,0.15487933,0.39536846
2.3916018,2.840437,1.0168886,7.9103055,-0.066313624,-0.5721564,0.19818485,0.17798156
2.4045436,2.8485334,1.0860717,7.914095,-0.09817922,-0.5783944,0.14304852,0.20575821
1.6360681,2.8064818,1.034415,8.091192,-0.10725665,-0.545825,0.09186268,0.11884689
1.9238788,4.1840496,0.9846351,8.086535,-0.11209273,-0.48430085,0.12557232,-0.17893842
1.2781013,3.0679774,1.0978203,8.051324,-0.11736846,-0.50345516,-0.019904137,-0.16643915
1.7821709,3.480042,0.95727015,8.09164,-0.103928685,-0.5119026,-0.04785496,-0.13016748
2.341268,4.6871004,0.95508504,8.132469,-0.12422848,-0.5405469,0.103122115,-0.16027579
2.1230483,3.720612,1.0464387,8.085611,-0.151559,-0.52860737,0.24450552,0.08342111
2.0271082,3.7142339,1.0129733,8.100637,-0.15345144,-0.49823213,0.063366175,0.010058284
2.62783,3.7767005,1.1101182,8.098751,-0.14972627,-0.52764916,0.0024164915,-0.03228146
2.4822204,4.4411454,1.0675485,8.083958,-0.10797608,-0.54642653,0.09829533,-0.113577306
2.701076,6.48752,0.9938115,8.045441,-0.0890975,-0.56174374,-0.071038485,-0.25027835
2.621512,6.0596604,0.94957685,8.040781,-0.070418,-0.5417161,0.019277573,-0.25950333
2.4074647,5.5774136,0.94298315,8.020792,-0.0625478,-0.57408214,0.18181908,0.076841
2.6719444,5.566457,1.0009441,7.9844265,-0.04939568,-0.5744972,0.10121894,-0.21674466
2.285303,6.650008,0.9648758,8.060116,-0.07054138,-0.57795,0.09065354,-0.076738924
2.8597803,3.8574533,0.9912337,8.026037,-0.069117665,-0.65026665,0.09924197,0.06972867
2.8699753,3.3141341,1.1740234,7.97857,-0.11719036,-0.520056,0.056463122,0.04542017
2.181511,2.8859282,0.99566627,7.9424133,-0.06099701,-0.52977824,0.049832344,-0.08405134
2.3911223,3.3956761,1.0258029,8.029396,-0.06272137,-0.61797476,0.11954117,-0.26471958
1.766967,2.9065108,0.8967202,7.995112,-0.0139529705,-0.6388705,-0.00044590235,-0.39074153
1.8069818,4.4019637,0.9399599,8.030489,-0.0150517225,-0.6875813,0.012995005,-0.43818733
2.0161178,7.188987,1.1763008,7.0992737,0.56741285,-1.1824554,-0.10062504,-0.27921426
2.145437,5.941291,1.1516607,7.146168,0.52957845,-1.1804092,0.00940454,-0.48361936
2.1531568,7.2159066,1.2128291,7.1289396,0.51679707,-1.1812584,0.097099304,-0.115566134
2.182681,7.5640483,1.1657848,7.2312355,0.51485157,-1.1626484,-0.03637457,-0.27244276
1.4697645,6.3721757,1.1107044,7.3626394,0.47688317,-1.192509,-0.053669333,-0.36848268
1.6978543,8.501965,1.0790281,7.451455,0.4859078,-1.1880391,-0.068041146,-0.409991
1.8028967,8.367599,0.9962797,7.3986454,0.47636914,-1.1416523,-0.04141575,-0.32374114
1.9442132,7.6008945,0.98984325,7.4530234,0.46120477,-1.1126164,0.00149858,-0.41446906
1.5371612,6.9396644,0.94577575,7.574697,0.4359665,-1.1078863,-0.15389192,-0.37886292
1.6293843,8.65206,0.85141397,7.542438,0.43799472,-1.029671,-0.15275997,-0.4051052
1.634219,9.828488,0.89818406,7.5710554,0.40771532,-1.0825578,0.07692146,-0.39813745
2.0123463,9.581099,0.88171864,7.563585,0.40967894,-1.0636822,0.076710224,-0.44346243
2.087243,9.143772,0.9246098,7.5467463,0.3963635,-1.0335635,0.081303954,-0.32954848
2.1274972,8.496562,0.88788533,7.611705,0.38863516,-1.0334916,0.0038477182,-0.31006232
1.8299358,7.2311125,0.91875577,7.5479436,0.3781395,-1.0081811,-0.058606148,-0.2687345
2.068362,8.329271,0.8901682,7.577982,0.37850785,-1.0159103,-0.047216296,-0.32074004
1.7376031,8.413765,0.93710923,7.5417976,0.38075614,-1.0114088,-0.013587713,-0.39517307
1.6362827,7.917862,0.93874264,7.579585,0.36502147,-1.0014961,0.011365533,-0.3885377
1.597319,5.456667,0.81479454,7.667485,0.37659597,-0.9998512,-0.08354896,-0.4617672
1.2946366,3.1973186,0.7678765,7.625794,0.41534495,-1.0569539,-0.1550554,-0.41451555
1.9298403,8.753386,0.78866863,7.5711474,0.47330165,-1.0574279,-0.13599402,-0.40714964
1.8074238,8.395641,0.8044436,7.563744,0.47547436,-1.0666955,-0.22876942,-0.43433133
1.7015554,6.6207523,0.9388211,7.466881,0.4625914,-1.0282552,-0.08052313,-0.16565084
1.5836468,6.68911,0.9989556,7.4388213,0.47480178,-1.1722715,-0.0923568,-0.48869756
1.3396456,6.1557403,0.9502857,7.5623264,0.47694063,-1.1967595,-0.09156215,-0.4724163
1.2299464,5.4003477,1.0033331,7.647645,0.46073723,-1.2073152,-0.13933575,-0.45831645
0.94783163,5.7087727,0.9715409,7.5988436,0.49860072,-1.1143545,-0.057285964,-0.42670935
0.9202794,5.6078215,0.96654737,7.607937,0.50844073,-1.1163728,-0.15208405,-0.48646212
0.9426063,6.60939,0.96025383,7.5762033,0.49974275,-1.1089907,0.16940653,-0.1550025
1.1768471,6.3427677,0.95296,7.562226,0.43577194,-1.0975864,0.06404781,-0.2861762
1.2779355,4.490926,1.0722239,7.549254,0.4310727,-1.1267524,-0.028084457,-0.328485
1.0887687,5.349048,1.0415764,7.4123173,0.44833875,-1.0219669,-0.07169497,-0.33163384
1.2470561,5.621409,1.0346603,7.4596,0.40178776,-1.012208,-0.025390208,-0.25787777
1.5038913,5.2988863,1.0972323,7.394224,0.4065771,-1.0016229,0.033293366,-0.0861578
2.2840724,8.862499,1.0059023,7.4461784,0.40242147,-1.0261824,0.023694634,-0.4014347
1.8576828,8.874737,1.0399168,7.471486,0.37775493,-1.0463955,-0.008792162,-0.44437313
2.5934434,7.36907,1.0499048,7.4753923,0.3797381,-1.0562866,-0.12147647,-0.41959953
2.0129342,9.147158,1.011939,7.4619546,0.39186668,-1.0574896,-0.047551095,-0.3054113
1.9014237,4.9143066,1.0089657,7.514446,0.40966272,-1.05707,0.025036693,-0.33646852
1.2239599,6.2600307,0.95692253,7.5553718,0.4113779,-1.0627117,0.099253654,0.07809806
1.5313103,6.185001,1.0465696,7.5262237,0.42067146,-1.0849512,0.12541723,0.14039373
1.1870842,7.882568,1.0016134,7.6744165,0.4359331,-1.0804973,0.08772576,0.026697576
1.4465953,7.3986373,0.8982525,7.458987,0.5132024,-1.1809497,0.023604155,-0.4924118
1.278615,5.170513,0.89631784,7.6075296,0.5102706,-1.1785945,-0.051350236,-0.3043759
1.3128114,9.316551,0.9023719,7.5749526,0.5035105,-1.1924303,0.09177184,-0.36294883
1.3587836,9.841013,1.0061452,7.5449023,0.49332905,-1.2048464,-0.07601076,-0.39436805
1.3485389,6.9896207,0.9519825,7.483529,0.5023117,-1.1667233,-0.082320035,-0.3669435
1.3836756,3.2172203,0.9115063,7.473768,0.5331092,-1.1820753,0.0032752752,-0.3783086
1.456033,9.424561,0.8762398,7.585236,0.53151226,-1.1971774,-0.056470215,-0.398107
1.6199322,6.3501887,0.7904185,7.6301937,0.5181184,-1.1958587,-0.11824465,-0.2720408
2.3340688,7.5817237,0.7641257,7.5704217,0.5850172,-1.1859417,-0.13603544,-0.48617578
1.8257172,8.865265,0.9639392,7.4658833,0.5842688,-1.2578483,-0.11737603,-0.48820812
1.3973427,7.40911,0.9828415,7.412152,0.56063366,-1.2182325,-0.1457122,-0.2279368
1.3506563,7.6480927,0.9796035,7.3863773,0.5297663,-1.1797225,-0.02704817,-0.3402458
1.3963186,7.0357537,1.0058587,7.322033,0.5447674,-1.1606755,-0.039226234,-0.13629293
1.6102688,9.086478,0.9587381,7.333528,0.5592141,-1.2277954,0.06869829,-0.27253515
1.7607056,9.6734295,1.024121,7.3130207,0.5646577,-1.2265856,0.07961106,-0.041305333
1.804318,9.486102,1.0707643,7.2839913,0.5650251,-1.2268163,0.11211431,-0.1462937
1.9091508,9.166298,1.0736649,7.246504,0.55884457,-1.2204335,-0.0035971403,-0.45456493
2.1087513,8.362822,1.0773823,7.257473,0.5363612,-1.2237582,-0.045601726,-0.47356564
1.6221764,7.4428725,1.136615,7.092762,0.544142,-1.2046733,-0.042957008,-0.3066087
2.549499,6.8805428,1.1822143,7.021969,0.5550797,-1.2025864,0.111166716,-0.069738805
2.1296442,9.031214,1.1147168,7.1017694,0.57566714,-1.1673514,0.12206793,0.07818633
1.6731673,9.425768,1.1158419,7.127963,0.5711849,-1.1930954,0.1987294,0.31615412
1.6291561,7.521243,1.2032633,7.0949087,0.57581353,-1.2041435,0.41290402,0.44081253
1.6114632,9.079136,1.1660881,7.097369,0.579973,-1.2158597,0.22985935,0.38786364
1.5931438,7.892507,1.1282151,7.1352882,0.57838035,-1.1958622,0.35290766,0.41170412
1.9688646,8.804227,1.1408911,7.1094484,0.58797026,-1.2168591,0.47918987,0.46313214
2.0726311,8.340685,1.1134713,7.1883087,0.5848777,-1.2276868,0.1788783,0.45876575
2.171076,8.650551,1.107377,7.1193156,0.5892751,-1.2314556,0.1714313,-0.20744461
2.423039,5.985054,1.137017,7.1123023,0.5854943,-1.2680944,-0.08488107,-0.33726418
1.8814821,8.253169,1.1596799,7.048861,0.57885265,-1.2176175,-0.044567883,-0.4707875
2.102819,9.028614,1.1673684,6.998178,0.6022928,-1.214127,0.028929353,-0.1393044
1.950714,8.274777,1.2257736,6.967025,0.59830666,-1.2305405,-0.034733713,-0.19179249
2.3762286,9.307997,1.2107899,6.983064,0.5867932,-1.2201487,0.049558043,-0.22790027
1.8684044,3.6981606,1.2147081,6.9951925,0.5943775,-1.222773,-0.06127417,-0.31038874
1.6609628,3.6115932,1.251797,6.9880056,0.5864682,-1.2256374,-0.06333238,-0.47427565
2.2950447,2.4119332,1.270431,7.0692964,0.5836246,-1.2260567,-0.22190809,-0.16178995
1.0719976,4.064481,1.1431954,7.211054,0.56808925,-1.1849023,-0.20159799,-0.46155065
1.152265,2.4198484,1.0960319,7.1693726,0.56040597,-1.1733159,-0.14110786,-0.46941742
1.1751659,7.422241,1.0990305,7.2021427,0.5627632,-1.167793,-0.19824135,-0.46731102
1.631157,4.07668,1.1364372,7.156429,0.57013583,-1.1745188,-0.0588547,-0.058402896
1.6860372,6.2922335,1.169586,7.204047,0.5303538,-1.2146634,-0.12156987,-0.48896015
1.2734312,7.5082803,1.1206203,7.407894,0.526876,-1.2182119,-0.103597045,-0.42013884
1.1031487,5.1911616,1.0864635,7.3962173,0.52346706,-1.1507131,-0.059929192,-0.4628429
0.9048893,4.764781,1.0867398,7.4668884,0.5316677,-1.1727809,-0.08057344,-0.31486332
0.8230047,2.9750965,1.0659192,7.411621,0.50802064,-1.1575408,-0.09461886,-0.28145537
0.83196807,2.882989,1.0786209,7.402591,0.46785498,-1.1556963,-0.036605418,-0.37141585
0.88822824,2.895341,1.1164312,7.442438,0.46573067,-1.148432,-0.02476573,-0.33546197
0.9554648,3.5595827,1.1159861,7.4047623,0.46931958,-1.1295812,-0.05344808,-0.38524333
0.9339786,3.5750928,1.1545639,7.477721,0.45120025,-1.1301231,0.0012505054,-0.11722869
1.3793184,3.742147,1.0553942,7.425532,0.43993115,-1.0659692,0.012078881,-0.43008682
1.5606608,6.7980957,1.0641534,7.4622436,0.4017315,-1.0503112,-0.044521093,-0.14223665
1.2888877,8.002661,1.0291026,7.5503035,0.39547133,-1.0414855,0.03626573,-0.2786
1.2937754,6.75886,1.0524657,7.5338464,0.43665075,-1.0963916,-0.011352599,-0.297446
1.1858921,7.599172,1.0539222,7.5758214,0.43569922,-1.0921015,-0.036599696,-0.389629
1.1674862,7.8227544,1.0000634,7.66634,0.43791437,-1.1186149,-0.045360982,-0.41740987
1.2643452,9.196413,0.9662019,7.665544,0.43605328,-1.1142578,-0.0069306493,-0.31903678
1.3834946,7.0984464,0.9008883,7.6316824,0.4315331,-1.0621936,-0.044829607,-0.34185457
1.2923262,6.279458,0.9845886,7.6553245,0.40830612,-1.1107273,0.08725119,-0.17269596
1.3717196,8.929068,0.9876081,7.617563,0.42168617,-1.1007811,0.028768301,-0.35625887
1.361469,8.400839,0.9570205,7.620426,0.42299843,-1.0854747,0.027849078,-0.14122176
1.1946568,6.640675,0.91761243,7.685958,0.40891027,-1.0782154,0.061363578,-0.26116714
1.1869996,6.8284655,0.9269881,7.7134614,0.4011488,-1.0627306,-0.09435648,-0.48236012
1.1527367,6.783736,0.9417262,7.7058997,0.42574596,-1.0603526,-0.0639112,-0.49859467
1.0787469,5.309345,0.90424824,7.671778,0.41716123,-1.0578473,-0.023775399,-0.45354682
1.1463194,6.105557,0.87340903,7.7490215,0.41728735,-1.0365381,-0.027445316,-0.12623459
1.1031501,6.1546135,0.8939754,7.7570267,0.42378092,-1.0483736,-0.04289621,-0.4253226
1.0891811,6.889207,0.96625125,7.5796022,0.416713,-1.0768442,0.08580768,-0.4567905
1.1470251,6.3122,1.055583,7.570754,0.41865802,-1.080261,-0.028047144,-0.20115015
1.1167184,5.636513,1.0138757,7.528604,0.42824197,-1.0266606,-0.03130746,-0.34131438
1.146288,8.654026,1.0556419,7.580024,0.40227413,-1.0187476,-0.014498532,-0.39593035
1.0780078,5.4897995,0.9849138,7.6129375,0.409518,-1.0418626,-0.058389306,-0.19982603
1.2677898,5.248333,0.9153695,7.484608,0.43772125,-1.0355308,-0.010459006,-0.20703462
0.9446474,4.114725,0.94427073,7.4861183,0.4722557,-1.0588009,-0.09442061,-0.25841138
0.901228,3.04853,0.9758413,7.539988,0.4723301,-1.0618525,0.007707238,-0.02791518
0.9296445,4.879301,0.9884865,7.5343614,0.4957602,-1.0578768,-0.007935226,0.22619116
0.9844492,5.594176,0.91005254,7.6402283,0.4975896,-1.0503714,0.120408416,0.25856185
0.9542948,5.9195175,0.86111546,7.7063084,0.48465538,-1.080267,0.17778528,0.11136764
1.0287735,6.1716413,0.79714537,7.768055,0.47619438,-1.0400923,0.16738355,0.42421716
0.9604084,6.622167,0.8043833,7.731038,0.49406385,-1.0540566,0.34562123,0.42663884
1.0526052,5.0694056,0.8003223,7.7354536,0.4529972,-1.023512,0.41879058,0.4632392
0.96980757,4.467993,0.86582756,7.724922,0.4152565,-1.0427504,0.1409285,0.24206632
0.87479264,3.993468,0.94158566,7.675351,0.4268868,-1.0466942,0.24267471,0.12261331
1.1518608,9.028783,0.9335151,7.650252,0.43170357,-1.0337577,0.08010614,-0.3695233
1.311044,9.330942,0.945282,7.6099734,0.39486766,-1.0300097,0.12888753,-0.21621126
1.4318758,8.233373,0.9667411,7.6561537,0.39955878,-1.0856627,0.20526612,-0.20125005
1.3029866,8.880417,0.99314773,7.6459765,0.391881,-1.0481422,0.015669942,-0.3264245
1.3147824,7.0061255,0.9470295,7.651904,0.39126873,-1.0486339,0.006028414,-0.44177377
1.5167397,8.980759,0.9792049,7.6291847,0.39497185,-1.0603783,-0.015248239,-0.20909294
1.4736562,8.081461,0.97832894,7.582307,0.39905,-1.0931014,0.003708005,-0.409284
1.4565216,6.0863466,0.96902,7.607982,0.40775442,-1.0838153,0.0068302155,-0.4183718
1.9263695,6.2323747,0.96365476,7.638121,0.37784934,-1.0071176,-0.076601505,-0.24332398
1.820579,8.260452,0.94223285,7.563789,0.37524652,-1.0231526,0.046263933,-0.09985703
2.854543,9.802983,0.9043355,7.5814815,0.39938664,-1.039812,-0.009964228,-0.13078931
2.3848517,5.650889,0.85779905,7.5424843,0.44063807,-1.0924383,-0.09360409,-0.40674877
2.3266914,9.729569,0.8337798,7.5581436,0.44727516,-1.0508935,-0.15334487,-0.4696924
1.7471033,9.710359,0.8656752,7.584969,0.4262128,-0.9850881,-0.13885784,-0.35953704
2.4042063,8.853382,0.7752588,7.554369,0.4088571,-0.9706545,-0.107889116,-0.02328986
2.4564445,3.8241096,0.9545734,7.49408,0.39865732,-0.9619088,-0.12155247,-0.24583104
1.2071,3.5137985,0.90569234,7.528452,0.41399026,-0.985373,-0.15553492,-0.1534462
2.759688,4.7979407,0.8618946,7.681534,0.33481455,-0.9968786,-0.07145429,-0.3677764
1.3536019,6.050489,0.8542633,7.789324,0.35685015,-0.9759102,-0.15700567,-0.44384158
1.3647814,5.9565153,0.81993556,7.741475,0.3361001,-0.9560013,-0.007538736,-0.4577943
1.6352984,6.8671775,0.9341154,7.698895,0.34350348,-1.0579487,-0.021932423,-0.4252091
1.7117673,6.184609,0.93055177,7.695785,0.37029815,-1.051452,-0.0044953227,-0.3296712
1.5554204,7.2547927,0.928211,7.64045,0.36676073,-0.95487785,0.03553903,0.048600018
2.0853422,7.4759,0.8940506,7.5950184,0.35408616,-0.9756627,-0.09114301,0.017244816
1.6951983,5.559102,0.9188671,7.577196,0.38465047,-1.0065157,-0.10375112,-0.3299417
1.564115,7.1705647,0.9502492,7.59435,0.34456825,-0.9869237,-0.09884274,-0.3807799
1.5467707,6.1138477,0.93887043,7.6230116,0.3407514,-0.956898,-0.07512021,-0.4405314
1.5859863,5.513506,1.0027022,7.628305,0.3253212,-0.9705415,-0.0081627965,-0.45304254
1.3832607,6.05555,1.0483956,7.612994,0.33784723,-1.0196884,-0.044958293,-0.38352302
1.4532802,6.524389,0.9797895,7.6936584,0.34532905,-1.0192866,-0.09138018,-0.4848302
1.4415933,4.449155,0.98307633,7.5887213,0.33525586,-1.0082026,-0.11509174,-0.36136717
2.0991607,5.651251,0.9354553,7.5758314,0.3497672,-1.0097297,-0.10295361,-0.29187018
1.8863708,7.034127,0.978451,7.6229696,0.33355308,-1.010983,-0.09985268,-0.49189734
1.8112867,7.206565,1.0187283,7.570796,0.3320291,-0.9774823,-0.12813419,-0.42288053
2.435091,9.180237,1.0104971,7.591064,0.31085753,-0.9581764,-0.16643101,-0.45005703
2.607997,8.848883,1.0784209,7.5357094,0.2970369,-0.98231983,-0.060420394,-0.22974658
2.7694697,5.985028,1.050519,7.532853,0.30356693,-0.97397137,-0.10943949,-0.36353487
2.9856815,4.2278657,1.038099,7.533967,0.28342485,-0.95953035,-0.07381672,-0.3533212
2.9569583,6.3223467,1.0480773,7.5902634,0.30027223,-0.9599595,-0.19425035,-0.40239355
2.9756713,6.74804,1.0423765,7.5998297,0.30382204,-0.97335386,-0.15192729,-0.28198016
2.9756417,9.053495,0.93262815,7.5641623,0.2938485,-0.92414,-0.10559392,-0.41419974
2.8460467,8.938365,0.9677701,7.532111,0.32810855,-0.98379207,-0.11107266,-0.44571674
2.2619061,5.9757595,0.9827945,7.525651,0.32661295,-0.9258082,-0.13333744,-0.44863927
1.5024004,4.588271,1.0067182,7.568907,0.3109064,-0.9140806,-0.1690566,-0.35995507
2.2764952,9.3893585,1.0241985,7.547156,0.29221892,-0.91306925,-0.18869156,-0.45657536
2.0553372,9.289267,1.028034,7.604516,0.2789743,-0.9514375,-0.038048446,-0.4486107
1.7476432,6.4433365,1.0350285,7.602013,0.27369595,-0.9219911,-0.0720557,-0.3086577
2.1417825,4.583913,0.9926827,7.593263,0.28272915,-0.9243748,-0.15287757,-0.35181677
2.2157984,8.278459,0.98498106,7.565844,0.29214406,-0.9185524,0.003504634,-0.28337508
2.2013154,6.9734244,1.0858943,7.561747,0.29016376,-0.96564865,0.011765957,-0.36785558
2.3113315,9.60894,1.0567093,7.5228825,0.30303025,-0.96804976,-0.07345545,-0.48977655
2.403687,9.584866,1.0247729,7.4692364,0.31764007,-0.9544289,-0.08535957,-0.49069777
2.0733707,9.360258,1.084336,7.504636,0.32773829,-0.92626595,-0.08799058,0.073976755
2.2202277,6.600309,0.9842558,7.540236,0.3290136,-0.9386606,-0.030404925,-0.14093709
1.8681607,6.4153867,1.0104156,7.543258,0.32268095,-0.9379606,-0.09582132,-0.34650737
1.8005275,5.9261093,0.94344497,7.553876,0.31320834,-0.90214896,-0.062449753,-0.16845286
1.9492743,5.2249956,0.89649236,7.517028,0.34048367,-0.89693356,-0.14796245,-0.15918705
1.673595,7.9985332,0.8737651,7.538674,0.35713863,-0.9452443,-0.072503865,-0.13267046
1.7553095,7.229971,1.0363526,7.5313807,0.34203386,-0.9985926,0.20016098,-0.11281973
1.8452096,8.663973,1.0353594,7.484976,0.3425014,-0.9844105,0.20766366,-0.10813242
2.2358532,3.5959253,1.0531092,7.4970794,0.33099103,-1.0039158,-0.12322694,-0.4874019
2.7281456,8.060747,1.0435297,7.480997,0.33926964,-0.97230554,-0.03551328,-0.25800326
2.8381207,5.3095493,1.0347979,7.5309563,0.2906294,-0.97249985,-0.077212214,-0.39487776
2.2845078,4.092061,0.99575377,7.608987,0.2753601,-0.9591055,-0.06429255,-0.41190854
1.3148136,3.20097,0.9010203,7.677929,0.3209052,-0.97785807,-0.001532495,-0.15276864
1.7787293,2.7228358,1.0082445,7.6583576,0.3026483,-0.99600816,0.003912568,-0.18406501
1.3960211,2.1485755,0.9694934,7.5891023,0.26294494,-0.9491339,0.067772865,-0.23336154
1.736421,2.2351048,0.9059088,7.664914,0.26917648,-0.90864325,-0.14010972,-0.24471408
2.162879,9.136841,0.9523423,7.6501307,0.28361297,-0.8929312,-0.0640257,-0.22800156
2.2033625,5.4778147,0.8735235,7.7008476,0.26685143,-0.8893585,-0.03559351,-0.21948856
2.2842665,8.716231,0.9239743,7.7252483,0.23846579,-0.8824794,-0.016182423,-0.16651952
2.1061363,6.4175863,0.9288455,7.668643,0.2376616,-0.8842187,0.013464928,-0.17505568
2.5665393,6.0704856,0.9187217,7.6409454,0.22427082,-0.8143914,0.03156936,-0.15761662
2.5248973,7.7887135,0.9321215,7.702673,0.24090672,-0.85307646,-0.102145016,-0.14539441
2.7232203,7.1737494,0.97782946,7.6720667,0.23806238,-0.86276555,-0.11359137,-0.2773385
1.9167604,6.753501,0.9094472,7.6770988,0.24619222,-0.84341097,-0.12776017,-0.2773499
1.9573822,8.127113,1.3157232,6.5704966,0.7927737,-1.4768972,0.081588626,-0.37104475
1.6922319,9.172811,1.3147724,6.639573,0.7780287,-1.465935,0.021176577,-0.43511447
2.3923936,5.165744,1.3438509,6.5647745,0.8158431,-1.4651794,0.052300096,-0.21316826
1.9801536,4.6764765,1.344666,6.600568,0.8234024,-1.5298252,0.03076899,-0.3868497
1.4974391,4.7609572,1.2981298,6.619292,0.8237126,-1.5165551,-0.019357502,-0.43561903
1.519097,8.762222,1.2620893,6.6788607,0.8637254,-1.4908178,-0.18371004,-0.4149778
1.113886,3.3319159,1.2765477,6.582645,0.83377814,-1.4232485,-0.17681867,-0.41015995
1.4303045,2.9808676,1.2667964,6.585904,0.8494091,-1.4609385,-0.1320414,-0.39409655
1.2449031,4.7555237,1.2873809,6.687168,0.8437853,-1.4982543,-0.14640027,-0.44578117
2.2913759,5.0779123,1.248785,6.6592703,0.84233046,-1.5066829,-0.08735645,-0.363293
1.7293929,8.143831,1.2129076,6.6667194,0.84664917,-1.4163219,-0.12552541,-0.34047502
2.3116117,6.053859,1.1862552,6.6766768,0.84074116,-1.4818296,-0.02208519,-0.17067784
1.4429379,7.3025837,1.1767337,6.775133,0.830817,-1.4770408,-0.08093476,-0.19699064
1.1460264,7.6132574,1.1843431,6.8184433,0.8364372,-1.4687359,0.22551036,-0.16328532
1.2654341,8.365843,1.1751666,6.7578897,0.8535774,-1.4435449,0.1261214,0.29016894
1.2554516,8.71452,1.257927,6.737679,0.81492877,-1.4942282,0.16040826,0.23578364
1.1327686,6.5369315,1.2733569,6.751794,0.832124,-1.4858475,0.16113353,0.20892954
0.84801507,6.4902086,1.1883907,6.945067,0.8157227,-1.4828117,0.08047247,-0.14020196
0.7772675,5.645731,1.1847279,6.970744,0.8176949,-1.4782373,0.09112191,-0.17821753
0.8518138,5.646612,1.207736,6.8573494,0.8421631,-1.5185151,0.06615007,-0.15177879
0.8208622,5.1156783,1.1942847,6.9229565,0.810673,-1.4730761,-0.04710102,-0.30609864
1.016671,5.9186172,1.1250267,6.956251,0.81218696,-1.409459,-0.0048104525,-0.23829633
0.78200746,2.290232,1.1823397,6.9784994,0.8334005,-1.5560026,-0.07155901,-0.35719913
0.7557527,2.6508775,1.1378825,7.01732,0.8242371,-1.5420763,-0.037037075,-0.30809566
0.7154178,4.0673494,1.1257539,7.0702596,0.82816434,-1.4841467,0.010064125,-0.20659932
0.6702047,4.4114137,1.1529934,7.0817685,0.8301573,-1.4835037,0.045189023,-0.46005198
0.6213182,3.5882797,1.1791196,6.968116,0.81150985,-1.4597726,0.02897346,-0.45706666
0.5750645,4.0664263,1.1670537,7.060266,0.81410813,-1.4334072,0.16286647,0.16475236
0.6027208,3.7064521,1.1447067,7.0753784,0.8077717,-1.427294,0.14602602,-0.08800948
0.6228845,3.256978,1.1364398,7.1087847,0.7974887,-1.4358737,-0.086554766,-0.16910669
0.66895896,3.5662146,1.1419649,7.0903206,0.7849572,-1.3923333,-0.11784941,-0.44535285
0.77736074,6.718153,1.1466546,7.0861554,0.80930567,-1.4245114,-0.075220704,-0.29675746
0.7104754,6.5668926,1.1620126,7.0764313,0.81059813,-1.4052783,0.058914304,-0.44147488
0.73358834,6.082757,1.151062,7.070529,0.80704117,-1.426228,0.066901445,-0.49906015
0.8807252,6.3225675,1.1208074,7.093873,0.8005693,-1.4713545,0.03750086,-0.4228864
0.8952694,6.035607,1.1228728,6.993019,0.7707062,-1.3889654,0.046701074,-0.13308948
0.89332604,5.2953606,1.1979518,6.9649096,0.79341817,-1.444264,0.012995243,-0.08396837
0.8717096,7.062112,1.2182958,6.9818234,0.80043006,-1.5000522,0.04795921,-0.34648842
1.0715842,7.956293,1.2237191,6.8856077,0.82646966,-1.5239415,-0.05956632,-0.27849704
1.0478362,9.067467,1.208149,6.8885517,0.8478198,-1.5473555,-0.036268175,-0.4690898
1.1437576,5.766326,1.1428237,6.8717966,0.8639333,-1.5620824,-0.010281801,-0.47747284
0.9407811,5.017565,1.1416712,6.8576336,0.90607214,-1.6068532,-0.012463272,-0.21443748
0.7884961,5.852357,1.1253097,7.0154486,0.90231776,-1.6161858,-0.06039238,-0.3925769
0.8812629,6.4245152,1.0847926,7.122617,0.88570285,-1.5439194,-0.15372753,-0.3912395
0.97216725,9.78294,1.0721412,7.1271877,0.8972726,-1.5641941,-0.10386431,-0.36091346
0.9998625,9.751404,1.068975,7.0265427,0.9043343,-1.5607097,-0.04283452,-0.47138637
0.8852247,8.789448,1.0269325,7.093592,0.91099024,-1.5796871,0.038340807,-0.13213488
0.98300946,9.160324,1.0301135,7.129395,0.9162338,-1.6014901,0.030184269,-0.2595391
0.90406084,8.760469,1.0409646,7.1683435,0.9134228,-1.6221635,0.11341941,-0.24235147
0.9036635,9.764268,0.9589925,7.212312,0.9067056,-1.5188408,0.0147663355,-0.22434145
0.920085,8.131023,1.0064664,7.1597357,0.8999398,-1.5282913,-0.06139779,-0.16225913
0.9598931,8.6929245,0.9480436,7.1975517,0.89775205,-1.5398886,-0.026635408,-0.3913137
1.0817478,8.738228,0.9433224,7.1571712,0.95078516,-1.5792916,0.02575028,0.017717302
1.1106339,8.673213,0.8723359,7.1942234,0.91525245,-1.5770768,0.062027216,0.06281853
1.3984672,9.233068,0.9106369,7.1914,0.90081406,-1.5626271,0.10826862,0.10584116
1.4961795,6.6262918,0.8755597,7.194248,0.8859942,-1.5603338,-0.0068619847,-0.02790463
1.3179183,9.467338,0.8712802,7.1460547,0.8771839,-1.495795,-0.033263445,-0.06801745
1.1214751,8.98833,0.90667486,7.2017584,0.86987853,-1.485112,-0.0020725727,-0.11092681
1.0968766,8.313116,0.9217477,7.107547,0.8813877,-1.494283,-0.026812255,-0.19460249
1.014421,8.387764,0.94497776,7.2108727,0.827718,-1.4168833,-0.14830822,-0.45219302
1.0808159,8.552465,0.98699355,7.2102375,0.80962014,-1.4223286,-0.13504452,-0.39894176
1.3091143,9.428873,0.9611987,7.203257,0.80336905,-1.4624587,-0.1763714,-0.34399903
1.2347102,9.811689,0.9966421,7.123657,0.82097363,-1.4677445,-0.06933433,-0.4095227
1.1984699,9.953487,0.9718896,7.167483,0.82299757,-1.4709802,-0.13971895,-0.38995418
1.0909119,9.972763,0.98177314,7.211263,0.8287351,-1.5092329,-0.09250438,-0.49212593
1.0429635,7.9971013,0.98182595,7.2200785,0.8451476,-1.5096475,-0.09183699,-0.42916632
1.091912,9.261637,1.0068095,7.193329,0.82077813,-1.5063388,-0.015096426,-0.38820308
1.1132866,6.1633315,1.0250745,7.157615,0.8091183,-1.4825847,-0.003632903,-0.16497558
0.89292455,6.130798,1.0366611,7.036254,0.86699724,-1.518445,-0.09176946,-0.39091876
0.91883385,4.828987,1.0473094,7.0498238,0.86100316,-1.5111253,-0.15150237,-0.48701578
1.0444733,6.110031,1.0487623,7.053138,0.8526342,-1.5024924,-0.029160798,-0.20658231
1.0873985,9.677052,1.0328345,7.0343184,0.85725427,-1.5206585,-0.010676086,-0.13644406
0.9729778,9.429651,1.008281,7.1156363,0.8616667,-1.5080436,0.043709278,-0.33052167
0.92648065,7.9535418,1.0755265,7.1100454,0.8428619,-1.510745,0.060673237,-0.43080497
0.98415035,8.2858925,1.0318823,7.185601,0.833405,-1.5086155,0.010389566,-0.41819912
1.0157863,9.483301,1.0230541,7.1887093,0.84281397,-1.5043149,-0.067739904,-0.41329026
1.1412566,8.881984,0.9995353,7.146815,0.86485815,-1.5429994,-0.032360733,-0.42333037
1.2206558,7.973499,1.0113115,7.049449,0.8246691,-1.4932097,-0.026807487,-0.41046807
1.550951,7.5292454,1.0240927,7.081554,0.8287804,-1.517459,-0.04349351,-0.2757521
1.4324236,8.2703,1.0088718,7.0278454,0.8435867,-1.4908736,-0.07385218,-0.43439373
2.1549244,9.977356,1.0457253,7.0083213,0.8211913,-1.4990819,-0.0977304,-0.42084846
2.0587304,9.754201,1.1513932,6.8636293,0.8465338,-1.5179276,-0.10255641,-0.36255074
2.4216313,8.743032,1.1470535,6.8615465,0.7891035,-1.5076045,-0.01810348,-0.36632562
1.6114336,8.117392,1.1582668,6.932825,0.7934873,-1.4534404,-0.06315017,-0.30985028
1.3776875,9.623432,1.1805713,6.94537,0.7730346,-1.5047672,-0.03405726,-0.31668174
1.8747352,9.431335,1.1655777,6.9471054,0.722811,-1.4207397,-0.0409683,-0.44121104
2.733471,5.1948967,1.1798663,6.9420147,0.74334407,-1.4066645,-0.09266889,-0.32868102
2.7952385,8.324991,1.2206223,6.850422,0.78399515,-1.4795755,-0.10254681,-0.4501912
1.0667996,6.1580286,1.2322543,6.8671856,0.79074955,-1.4588585,-0.11537117,-0.4569295
1.1319532,6.65316,1.2426608,6.8400173,0.7800193,-1.4528189,-0.0109702945,-0.36831623
1.3677347,6.566417,1.219295,6.87016,0.78543043,-1.4700233,-0.022280335,-0.2457248
0.889101,4.1313443,1.2042041,6.8307133,0.7808459,-1.4146597,-0.01925087,-0.3052657
0.8896113,3.1121674,1.2204452,6.8436117,0.7681556,-1.4074712,-0.00946033,-0.25513566
0.8806019,3.3050244,1.2053039,6.8475556,0.76191616,-1.4175385,-0.0018385053,-0.27424645
0.8726953,4.625066,1.2499764,6.9060774,0.749202,-1.4422224,0.009752393,-0.4582758
0.90927744,4.9985776,1.2295766,6.924273,0.7186296,-1.3665624,-0.061983347,-0.39444432
0.91732574,3.55114,1.2524705,6.885682,0.7174618,-1.3952467,-0.016543925,-0.36517236
1.1172346,6.228908,1.2421699,6.908683,0.7459934,-1.4435594,0.0011121035,-0.21674699
1.2194763,4.546981,1.1376026,6.963486,0.72316194,-1.3607571,-0.0035966635,-0.18458855
1.0910838,5.3489046,1.2112722,6.9494424,0.7182977,-1.3709288,-0.07791293,-0.40844038
1.1249899,6.3867455,1.2037337,6.9145784,0.7231071,-1.3816974,-0.07981694,-0.43151015
2.088485,8.188957,1.1983416,6.9082184,0.71238065,-1.3371463,-0.065312386,-0.12716308
1.3851343,6.6273065,1.2365108,6.9411025,0.67987514,-1.3115749,-0.08105075,-0.16811907
1.1403389,3.5828304,1.273844,6.8779387,0.6834655,-1.3433347,-0.11103088,-0.45452595
1.1611264,6.742204,1.2979765,6.8864927,0.67704487,-1.3069103,-0.12754285,-0.4466389
1.2862723,5.6247644,1.236151,6.8882847,0.6695967,-1.3022414,-0.049007237,-0.39974087
1.6138638,6.3105073,1.2251425,6.8943324,0.6729946,-1.2610354,-0.11934376,-0.3216021
1.7690604,7.358869,1.2434676,6.8876877,0.6766434,-1.2921209,-0.10683763,-0.11397004
1.8850127,8.610226,1.2288578,6.784717,0.6539569,-1.2443823,-0.08688247,-0.3493938
1.9944346,6.7643723,1.307761,6.808796,0.63772774,-1.2635529,-0.061043024,-0.41454226
1.8347831,4.457696,1.3609605,6.780074,0.6085162,-1.241896,-0.09662056,-0.46758598
2.0424638,6.2288814,1.3638844,6.7686453,0.60998225,-1.2276373,-0.07516587,-0.34823513
1.7264191,7.0694814,1.4585075,6.696989,0.61525726,-1.22959,-0.06268221,-0.40059328
1.8999991,6.277534,1.4945378,6.696454,0.5619323,-1.1906524,-0.010136962,-0.21891499
2.715814,8.59631,1.4814107,6.6163797,0.5780144,-1.2114855,0.021017313,-0.41105276
2.6897407,6.0541377,1.5260599,6.533227,0.5927,-1.2279313,-0.049547732,-0.38098282
2.5498128,6.7668166,1.5059097,6.5112185,0.6047027,-1.2082411,-0.03429234,-0.33001935
2.3292322,5.5701127,1.5372992,6.4613686,0.6097994,-1.1852956,-0.090801,-0.26022923
2.6894836,5.143512,1.6018934,6.456651,0.60590553,-1.2080991,-0.13508642,-0.47785908
2.4741752,6.181434,1.5072951,6.551152,0.5985887,-1.2053493,-0.1366247,-0.49553463
2.6534064,7.286355,1.4385204,6.592091,0.6024854,-1.1792743,-0.12655377,-0.463224
1.6872396,3.1594276,1.5695539,6.6808543,0.5800257,-1.21057,-0.1995771,-0.46130776
1.1923708,3.540135,1.590538,6.673867,0.5814645,-1.216948,-0.2514553,-0.39906424
1.774572,6.314929,1.5595517,6.689488,0.5837984,-1.2264129,0.11901975,-0.4419409
1.9390881,6.454466,1.5274625,6.6133637,0.58018494,-1.2060676,-0.039397538,-0.3547607
2.065202,8.219953,1.5024679,6.6136518,0.60217905,-1.246659,0.05178511,-0.107727766
2.1777792,8.417867,1.4830112,6.628245,0.5912223,-1.236263,-0.03605032,-0.21291769
2.7845147,8.882967,1.4688618,6.649587,0.60068727,-1.2381029,0.12056041,0.07795125
1.6324103,9.134481,1.4743195,6.705363,0.6020806,-1.261272,0.07458198,-0.40852538
2.172887,7.4109945,1.4675217,6.6516714,0.62685037,-1.2508943,0.11348927,0.03613609
2.799877,9.328867,1.4439895,6.657304,0.6078086,-1.2479012,0.054926634,0.11414486
2.8462794,9.890079,1.4737983,6.5960836,0.6350248,-1.2615445,0.27447724,0.31477946
2.238415,9.318237,1.4094999,6.6376276,0.6380763,-1.2851417,0.20290327,-0.0038220882
2.330585,6.280223,1.3654523,6.699674,0.6499381,-1.3010404,0.17035067,0.10697806
2.5735235,5.009303,1.3810627,6.7011366,0.64044046,-1.2257541,-0.05275482,-0.13196039
2.7886374,3.5856001,1.4508228,6.6648817,0.64236164,-1.3108861,-0.059589446,-0.20530134
1.8170733,4.752919,1.4266601,6.642496,0.65179276,-1.3126713,0.106114745,-0.00819844
1.3563355,4.362718,1.4121461,6.645817,0.6690552,-1.3292539,0.040678024,-0.43996605
1.1932921,2.4868922,1.4271281,6.624201,0.6682763,-1.3540702,0.075327754,-0.42992368
2.1531482,2.8109763,1.3615832,6.6258373,0.7016938,-1.3355124,-0.08800745,-0.35506937
1.8220837,9.966095,1.3602169,6.634326,0.6868639,-1.3346038,0.07822943,-0.4249431
1.5149724,8.954107,1.4048357,6.6454105,0.66866064,-1.3196214,-0.02749616,-0.26387373
1.5913643,2.7933478,1.4112701,6.6574636,0.6616733,-1.289479,0.05393088,-0.36946505
1.0705826,3.2704573,1.3479056,6.6525135,0.7024219,-1.3250867,0.17795753,-0.005055815
1.102299,7.2585497,1.321692,6.773965,0.7090702,-1.2990186,0.29217422,0.2959237
1.2492728,8.615904,1.3076065,6.789237,0.6914439,-1.3420208,0.08623588,0.32361066
1.4942242,2.2079613,1.3195348,6.8534265,0.6515732,-1.3496901,0.061772108,-0.08919564
1.8126589,9.535414,1.2976794,6.8478646,0.6584215,-1.3392389,0.49476027,0.2937554
1.8504173,9.371088,1.2956183,6.8326573,0.6529169,-1.2996306,0.34533083,0.3663612
1.5474131,9.328056,1.2921143,6.8453345,0.6429994,-1.2790036,0.19236505,0.2017712
1.1456532,5.5649147,1.3751104,6.859992,0.6080179,-1.2514955,0.2666732,0.18483591
1.4432337,9.439142,1.4598284,6.836524,0.57715154,-1.2681293,0.25733006,0.25453132
1.5259018,9.178522,1.4645534,6.8066177,0.5812826,-1.2449023,0.4110433,0.3415693
2.9802842,9.26058,1.4651694,6.707814,0.5712259,-1.2234628,0.29220092,0.10109514
2.9909332,9.402526,1.5221634,6.625883,0.5832603,-1.2146714,0.32192576,0.5034256
2.9507852,5.6448073,1.583574,6.664891,0.535969,-1.1790555,0.044521928,0.13282573
2.9640818,6.6777124,1.5491862,6.627749,0.558553,-1.1806545,0.018426895,-0.33274537
2.5058634,7.7000194,1.5185432,6.6852465,0.5139804,-1.1383944,0.053635955,0.10455346
2.2688537,8.075485,1.4934456,6.7106013,0.5279565,-1.1214924,0.25096762,0.14897335
1.4628386,5.9891386,1.5784388,6.6630483,0.5081568,-1.0870317,0.2703184,0.3399645
2.5387633,5.4855804,1.5773551,6.651359,0.49876404,-1.108659,0.30524206,0.20732933
1.9704167,6.2408915,1.6213317,6.67772,0.49258232,-1.1251513,0.060634255,0.16380286
2.5935152,7.91016,1.5930402,6.656733,0.47415352,-1.1158588,-0.008143187,-0.39016178
1.4688389,6.314682,1.613553,6.7319655,0.4814446,-1.14024,0.025889158,-0.49054375
2.5299928,6.7513022,1.5566125,6.741779,0.4898889,-1.1499599,0.043667078,-0.478246
2.6461186,5.7094812,1.531362,6.7815,0.48938704,-1.1461304,-0.018324673,-0.013455242
1.733618,9.15723,1.4923897,6.7756395,0.50607586,-1.1482025,0.17405093,-0.11900446
2.0550964,4.2857184,1.5122867,6.810566,0.4958434,-1.1795529,0.03326893,-0.039852917
2.4228742,5.6210985,1.4956622,6.749733,0.5017803,-1.1585445,0.08690667,-0.31984186
2.6399555,8.351789,1.5235901,6.6866446,0.5327954,-1.1619282,-0.055950582,-0.28288943
2.6705499,6.8773513,1.4659519,6.753456,0.51572037,-1.0992045,-0.08276683,-0.3295573
2.4966707,6.8290772,1.5106604,6.7215104,0.51811576,-1.1689342,0.04491687,-0.21072257
2.681771,7.9878116,1.5093474,6.7148657,0.5336845,-1.1612651,0.0132597685,-0.06256649
1.9587059,3.8568811,1.5377014,6.721548,0.55070543,-1.2426792,-0.028512299,-0.27037495
2.2307217,8.843636,1.5060377,6.752514,0.5320442,-1.1945324,0.11596775,0.04006964
2.0386798,6.765769,1.5445287,6.6450233,0.5328841,-1.1696084,0.109764576,-0.2352865
1.9852462,5.956981,1.5632398,6.6370754,0.5301566,-1.1825283,0.15029347,-0.13957286
2.011888,4.912163,1.5827026,6.661809,0.5296047,-1.17255,0.025098443,-0.26193237
2.714529,5.9169626,1.5582049,6.7331433,0.5117297,-1.1751698,0.13921893,-0.344016
2.8533032,5.1488657,1.5675898,6.745965,0.500999,-1.193799,0.103862524,-0.19519946
2.9710722,8.545208,1.6005437,6.6053166,0.4846201,-1.1198273,0.12389529,-0.1982382
2.9710424,3.6834636,1.5628386,6.6571684,0.49825764,-1.0880194,-0.03291452,-0.25240034
2.2168045,7.739974,1.5709968,6.686245,0.4939642,-1.1754601,0.052933455,-0.47433493
1.5530523,4.130618,1.4832039,6.7860556,0.49806237,-1.1541696,0.2135433,-0.010517538
1.5333571,5.911354,1.4800806,6.7389116,0.5266061,-1.1805164,0.13996029,-0.3616062
2.345673,9.894983,1.5236475,6.6578283,0.5506377,-1.2631669,0.21810508,-0.25317466
2.3044112,9.418078,1.5369983,6.66541,0.54978085,-1.2674772,0.0045853853,-0.4696445
2.0551014,4.710846,1.5617318,6.652517,0.56174445,-1.2482343,-0.04285854,-0.49201265
2.5753195,3.5091627,1.5028324,6.640602,0.5429938,-1.132959,-0.03817296,-0.33787125
2.8008018,9.437633,1.4589896,6.696265,0.53778005,-1.1527559,0.019912362,-0.32026672
2.718906,6.015822,1.5019796,6.7306137,0.5146172,-1.1927004,0.035954595,-0.12493545
1.9966648,7.2019567,1.4769416,6.7283278,0.55185294,-1.2153258,0.040744066,-0.20179003
1.9917567,6.0245895,1.5043612,6.730218,0.5541723,-1.2507944,0.15200996,-0.34810013
2.240772,2.5203793,1.4647365,6.7107267,0.5776739,-1.1948687,-0.03531629,-0.027062356
2.212873,2.986607,1.4697471,6.69169,0.58541393,-1.2262061,0.03365922,-0.03089565
2.1624439,9.581341,1.450923,6.6871543,0.59389496,-1.2538307,0.18487716,-0.11973989
2.7866457,9.358208,1.4958448,6.6371975,0.6059451,-1.2659445,0.13211226,-0.010816485
2.833116,9.947151,1.4926643,6.701477,0.60219765,-1.2962698,0.17458415,0.06641841
2.8760905,9.556915,1.526984,6.603481,0.6160469,-1.2837721,0.19041634,-0.2869349
2.8440077,5.6280823,1.5498471,6.614213,0.5841336,-1.2946918,0.16168022,-0.33161288
0.50424594,9.468105,0.2481997,8.861999,1.3747287,-2.0120282,-0.15423644,-0.26705056
0.5048615,9.550817,0.1796292,8.95129,1.3226058,-1.9887807,-0.15899867,-0.45689225
0.5110739,9.227613,0.17113268,8.900018,1.3249223,-1.9274149,-0.17648911,-0.27548268
0.5055386,9.864683,0.19425523,8.903595,1.3434649,-1.9511825,-0.10610229,-0.21600676
0.50460017,9.822786,0.17922199,8.97472,1.3117323,-1.9441876,-0.08207333,0.15133381
0.5024246,9.744257,0.18293333,8.933054,1.2989469,-1.9256109,-0.08595955,-0.09561944
0.5445655,9.770748,0.24087834,8.912786,1.216048,-1.9260132,-0.08384544,-0.29223534
0.5191858,9.859213,0.268039,8.87522,1.2255642,-1.9150338,-0.103432894,-0.3368943
0.5202603,9.967344,0.23721623,8.885216,1.2589972,-1.9141743,-0.1292398,-0.3264276
0.5203739,9.965435,0.22260559,8.905727,1.2583656,-1.9224617,-0.14721078,-0.015390724
0.5120233,9.975062,0.17950797,9.004307,1.247978,-1.8831358,-0.16980875,-0.48937547
0.51232326,9.922883,0.17200243,9.097723,1.1819198,-1.8233798,-0.18398535,-0.40793294
0.5132881,9.637189,0.16355133,9.15323,1.1434519,-1.7689443,-0.14803416,-0.44002733
0.5126442,9.793867,0.17677641,9.115374,1.1175194,-1.7630441,-0.15015411,-0.39867944
0.5160839,9.810036,0.15416288,9.174898,1.1299045,-1.7574372,-0.16372263,-0.39879954
0.51832217,9.964721,0.15592933,9.240995,1.0924559,-1.7616231,-0.09862441,-0.35985863
0.5166144,9.818787,0.14503694,9.142355,1.0976448,-1.7276951,-0.13258243,-0.20002699
0.5141001,8.955706,0.15716851,9.094576,1.0999658,-1.762624,-0.24302858,-0.44466215
0.5144927,9.270089,0.13029742,9.116867,1.1058216,-1.6935186,-0.23032284,-0.35844922
0.5198115,9.319811,0.15387261,9.074232,1.112952,-1.7132137,-0.17951626,-0.47669113
0.5165827,8.556989,0.15141547,9.05662,1.1062958,-1.7236694,-0.15418357,-0.49857932
0.53186095,8.257565,0.08856809,9.108244,1.1118033,-1.7333124,-0.31781077,-0.49853688
0.53043133,8.125249,0.14289093,8.971178,1.103734,-1.7198632,-0.19381005,-0.44639105
0.5141702,8.01782,0.14406669,8.986213,1.0811641,-1.6782155,-0.16265959,-0.47782102
0.5103784,8.071526,0.17465436,8.971333,1.0627418,-1.6907917,-0.22293001,-0.4894712
0.5163964,7.331854,0.15476704,8.986603,1.05745,-1.6839656,-0.33266085,-0.45842412
0.5278176,8.005888,0.14995539,9.128798,1.0689611,-1.7279115,-0.30570894,-0.3962394
0.526233,9.321966,0.12207556,9.123451,1.0593429,-1.6126945,-0.2837965,-0.44517288
0.5262574,9.296688,0.12840927,9.277775,1.0591085,-1.6688988,-0.22643638,-0.42895937
0.5158542,9.433704,0.08881986,9.312445,1.0485971,-1.6256433,-0.2171914,-0.29346186
0.50474304,9.412283,0.0963192,9.324763,1.0385826,-1.6967847,-0.12929934,-0.43923646
0.5244032,9.550531,0.05891192,9.320176,1.0266554,-1.7031106,-0.14029127,-0.4696379
0.5250874,9.513686,0.13539469,9.308093,1.0257568,-1.6949046,-0.24649674,-0.44044298
0.54537326,9.544533,0.12295139,9.294748,1.0471859,-1.721672,-0.26339382,-0.49605986
0.5489524,9.327618,0.07876277,9.222017,1.0473561,-1.6788659,-0.15972829,-0.45876676
0.5465437,9.231312,0.049901485,9.254239,1.0344379,-1.6775509,-0.1407907,-0.43116698
0.5242369,8.865452,0.0432204,9.311766,1.0316005,-1.6774445,-0.17937016,-0.4501179
0.5443252,8.609726,0.019307137,9.301586,1.0396948,-1.6728725,-0.22892219,-0.16129932
0.5341463,8.5306015,0.015103102,9.371936,0.98988605,-1.6256313,-0.26558363,-0.49386084
0.52621055,8.996305,-0.008848906,9.398945,1.0340791,-1.6243404,-0.18502241,-0.4211504
0.5420303,8.808634,-0.028593421,9.458717,1.0018544,-1.5933557,-0.3029762,-0.35986322
0.5137816,8.940636,0.023010015,9.415327,1.0051732,-1.5930557,-0.18600827,-0.41899902
0.510131,8.86019,0.034795046,9.392657,0.99993134,-1.5900832,-0.19574451,-0.4740907
0.5079025,8.460272,0.032273054,9.363421,1.0083902,-1.6250069,-0.17250061,-0.31477365
0.50457233,8.501677,0.07317269,9.468991,0.9603343,-1.6177077,-0.23486894,-0.25067464
0.5093143,8.593809,0.010431051,9.482498,0.9487016,-1.5964347,-0.13483703,-0.38816255
0.503154,8.199902,0.034862638,9.521493,0.9022386,-1.5015504,-0.1321919,-0.23206031
0.5173924,9.128634,0.057495832,9.542301,0.89758563,-1.4890683,-0.25793785,-0.48043227
0.5452586,9.443378,0.038510323,9.630477,0.8286588,-1.4976187,-0.17286843,-0.43781537
0.5476443,9.464283,0.042913437,9.563449,0.81765056,-1.4382153,-0.16463107,-0.41930366
0.54379666,9.172153,0.08449352,9.582621,0.79862475,-1.4605236,-0.15646273,-0.2296834
0.54802096,9.3879175,0.043955326,9.600839,0.79647756,-1.4496536,-0.1433264,-0.4494232
0.57046413,9.349508,0.0007326603,9.589049,0.7795391,-1.4348726,-0.1778267,-0.46027106
0.57357436,8.87027,-0.01009053,9.588684,0.7817583,-1.3904761,-0.32517612,-0.49803072
0.56727964,9.328112,-0.044224143,9.6419735,0.812062,-1.4107211,-0.1454919,-0.46403238
0.5647855,8.69885,-0.04476434,9.559353,0.7925992,-1.4343998,-0.16818976,-0.41204625
0.569746,8.817447,-0.048039913,9.578022,0.7869046,-1.397229,-0.14005858,-0.30990946
0.5734611,8.399382,-0.04749179,9.5452795,0.77824354,-1.4076408,-0.13818246,-0.26412
0.5749569,8.246683,-0.041989803,9.493852,0.76951647,-1.3988724,-0.07424241,-0.19708267
0.58323383,8.638475,-0.055199623,9.485483,0.79347587,-1.365827,-0.18079937,-0.2950782
0.54370105,8.710064,0.04252112,9.43424,0.7659893,-1.3666674,-0.1777404,-0.27983162
0.5603041,8.252415,0.044447422,9.42588,0.76916695,-1.4347577,-0.09529632,-0.23055518
0.5597526,7.7643666,0.1179595,9.385078,0.76137376,-1.4202354,-0.19434375,-0.39357197
0.5578734,7.455024,0.089726925,9.370964,0.74947953,-1.4554313,-0.11507273,-0.44263762
0.5667777,7.8365073,0.09790778,9.351135,0.7269654,-1.411814,-0.12363899,-0.48236912
0.5703744,8.185669,0.047444344,9.478163,0.72304034,-1.4285357,0.018322706,-0.3706618
0.5668214,8.710623,0.05544758,9.542583,0.73524475,-1.3903055,-0.08707595,-0.4058262
0.55455744,8.410509,0.059671402,9.529931,0.732816,-1.4061134,-0.093443155,-0.35045588
0.5670346,8.734649,0.07882619,9.488241,0.7135494,-1.401392,-0.054836273,-0.29366535
0.5750391,8.736917,0.07678378,9.451629,0.7155254,-1.3952698,-0.058405995,-0.25608286
0.58433163,9.269511,0.098605156,9.448086,0.71484303,-1.3323557,-0.14694965,-0.384659
0.5813022,9.667076,0.09420562,9.442791,0.73855186,-1.3641279,-0.1855551,-0.4525473
0.5918758,9.155153,0.11198056,9.409868,0.725245,-1.3417268,-0.25415987,-0.46222395
0.576632,9.20282,0.07398033,9.438334,0.7286463,-1.351434,-0.02601552,-0.388406
0.5742872,9.100796,0.054177523,9.434284,0.731961,-1.3395123,-0.12065816,-0.42773005
0.57826924,8.950384,0.023406148,9.432953,0.7451925,-1.3657022,-0.11103219,-0.34637463
0.57408845,9.155603,0.033946514,9.476049,0.71687865,-1.319802,-0.052437723,-0.3791304
0.57714725,8.935827,-0.018069863,9.56307,0.72390676,-1.3289741,-0.13715363,-0.3576908
0.5753608,9.12929,-0.009978771,9.665071,0.730376,-1.3846705,-0.20351696,-0.38463813
0.5638439,9.161904,-0.013749123,9.592763,0.7407584,-1.4072553,-0.045904517,-0.47203347
0.56823826,8.420565,0.038859963,9.518433,0.7294626,-1.3420286,-0.119248986,-0.08577514
0.5616362,9.783086,0.14977884,9.503144,0.692199,-1.2599537,-0.022503376,0.057243228
0.5580783,9.771677,0.14913309,9.543077,0.6884308,-1.3055115,0.11296821,-0.06974757
0.565832,9.541518,0.12992907,9.593707,0.6730089,-1.3078876,0.241171,0.15395343
0.5625917,8.8890705,0.17523754,9.559448,0.67047143,-1.3388969,0.072711706,0.29203504
0.5509473,9.177492,0.18538225,9.584274,0.64163494,-1.3529017,0.02713573,-0.33574498
0.564012,8.764941,0.15647149,9.593429,0.6385846,-1.338901,0.033798218,-0.14660335
0.5533625,9.049948,0.15990806,9.560811,0.6384239,-1.2406485,0.0054830313,-0.14847258
0.5562167,8.672821,0.072684646,9.589654,0.62366056,-1.1847757,0.057100296,0.35187995
0.55620176,8.781216,0.06826377,9.554764,0.6604433,-1.2335684,0.106710434,0.1604476
0.57020146,8.313228,0.042121768,9.5412655,0.67716146,-1.2896655,-0.09791553,-0.03876704
0.56603444,7.615407,0.04309392,9.411001,0.68409777,-1.3518523,0.01725638,0.0075894
0.58147514,8.118479,0.020053267,9.410557,0.6802144,-1.2987101,0.016887069,-0.013835013
0.5846078,8.053836,0.021502733,9.448116,0.6614647,-1.248265,0.06759024,0.19390506
0.587094,8.184004,0.053863883,9.429527,0.64114976,-1.2507416,0.082962036,0.22414619
0.624397,8.593484,0.08711743,9.313866,0.65761137,-1.256089,-0.054591656,0.15189862
0.6296428,9.045746,0.047766924,9.3103695,0.65161085,-1.2463521,0.16949248,0.27286553
0.6372071,9.224286,0.014667511,9.334151,0.65576696,-1.2763875,0.2791624,0.356081
0.641744,9.781616,0.02483964,9.343662,0.67579865,-1.178215,-0.117634535,0.29263628
0.6404749,9.44156,0.020776749,9.326553,0.6468065,-1.236866,0.014321327,0.10410857
0.64539146,8.925428,0.05944872,9.319593,0.65691996,-1.2906709,0.039523005,0.022393763
0.65684325,8.943039,-0.013711929,9.469623,0.589823,-1.2093203,0.12715244,0.0141170025
0.6590482,9.016153,-0.013454199,9.517152,0.5824976,-1.2342834,0.33629143,0.48387337
0.68684524,9.460504,-0.06355572,9.495314,0.5855613,-1.2213024,0.26429975,0.4796028
0.6939932,9.606939,-0.061530292,9.521532,0.58017445,-1.1944549,0.24445832,0.47718358
0.7008746,9.967524,-0.060716152,9.566911,0.54804254,-1.2218617,0.130844,0.23241234
0.6948443,9.530663,0.0006235838,9.5392,0.5513904,-1.212018,0.13249087,0.22053403
0.6953643,9.894951,-0.09317303,9.582045,0.5426824,-1.1852589,0.087129116,-0.1968402
0.6995299,9.758768,-0.097066045,9.535452,0.5511377,-1.204672,0.10419321,0.07573646
0.6992481,9.311047,-0.10950053,9.6030445,0.54710937,-1.1840239,-0.0020143986,0.09131217
0.6780844,9.384903,-0.06336063,9.531954,0.5410063,-1.2084174,-0.015421152,-0.33874
0.6782155,8.516292,-0.04658127,9.484337,0.501142,-1.1351699,-0.10257977,-0.46484426
0.6665848,8.343485,-0.05792892,9.472322,0.49259663,-1.1216509,-0.19940996,-0.45958135
0.652469,7.931756,-0.09212196,9.531352,0.5182879,-1.0918765,-0.108196974,-0.4171195
0.6349778,7.925098,-0.09130931,9.5042305,0.5406027,-1.0995308,-0.14602041,-0.1291939
0.6374849,7.6563835,-0.04365933,9.4676,0.52959156,-1.1296756,-0.26383245,-0.4432533
0.6528553,8.013765,-0.07116616,9.521339,0.5351708,-1.1294475,-0.2224384,-0.12695628
0.6545296,8.334946,-0.05526185,9.534511,0.53815746,-1.1720356,-0.17298454,-0.49666718
0.65087014,9.245627,0.018477917,9.552746,0.5352528,-1.1840733,-0.1740495,-0.26879323
0.65216565,9.562052,0.07189119,9.653482,0.5134127,-1.2009294,-0.25531107,-0.46130583
0.6389859,9.7626705,0.05323708,9.69396,0.509984,-1.1498756,-0.13960719,-0.4869333
0.638836,8.970735,0.057167053,9.62784,0.51280165,-1.192086,-0.100428164,-0.27304184
0.6343858,9.065935,0.116437316,9.559248,0.5264292,-1.1989756,0.001644969,-0.21365884
0.62844896,9.049252,0.07161474,9.580395,0.530354,-1.2043843,0.07923293,-0.058507055
0.62149674,8.669645,0.047819376,9.552995,0.5551362,-1.2060475,-0.09540403,0.0020062327
0.6200935,9.653268,-0.021040738,9.692406,0.5495827,-1.1443586,-0.083040655,-0.3846404
0.6097343,9.696645,-0.055787146,9.746148,0.5711086,-1.173861,-0.1805833,-0.35846594
0.60622203,9.881248,-0.07725775,9.7628,0.6070006,-1.1778901,-0.15849334,-0.35059422
0.607277,9.945044,-0.072752595,9.771051,0.62341905,-1.2029364,-0.10627931,-0.19074547
0.59696627,9.982152,-0.013084173,9.785536,0.6198566,-1.2570407,-0.072077036,-0.3241139
0.5969848,9.95015,-0.03374219,9.773291,0.63670444,-1.2301158,0.0072140694,-0.23846903
0.5878625,8.756175,-0.081888795,9.719044,0.6118274,-1.2411628,-0.07016015,-0.360004
0.5946405,8.31847,-0.08476627,9.746786,0.62453246,-1.2739291,-0.28306752,-0.43021467
0.56905234,8.196517,-0.10944283,9.703735,0.6435509,-1.2444195,-0.20681828,-0.39420003
0.5641402,7.555034,-0.055413783,9.614277,0.6141832,-1.2381911,-0.12066215,-0.1985226
0.57389945,7.543283,-0.0061644316,9.6048355,0.59764194,-1.2154529,-0.19326282,-0.4204116
0.56540394,7.4606595,0.08086574,9.572351,0.5852754,-1.2605374,-0.20727408,-0.4564406
0.5618042,7.5432715,0.063195705,9.608373,0.5885577,-1.1976755,-0.038481534,-0.27360374
0.6037774,6.759048,-0.050776422,9.425922,0.594574,-1.1988542,-0.19679737,-0.25977108
0.5901671,6.731794,0.002886653,9.477649,0.59056807,-1.1891237,-0.14729893,-0.13124603
0.6137055,7.960859,0.0029621124,9.427555,0.5708196,-1.1701117,-0.076861024,-0.055356443
0.58364624,7.887047,0.023031235,9.465565,0.57454395,-1.1615907,-0.07602686,-0.37493867
0.6285285,8.062847,0.026096106,9.490644,0.59948254,-1.252466,-0.20739883,-0.2693761
0.6202605,8.172945,0.03142786,9.487537,0.598856,-1.2339538,-0.13945645,-0.28883806
0.5930529,7.2341766,-0.0381366,9.506511,0.6216097,-1.2468677,-0.1777538,-0.29948154
0.586526,7.320028,-0.10588884,9.517378,0.6411042,-1.2525783,-0.14918542,-0.42665416
0.59982055,7.3654027,-0.086373985,9.520359,0.6439979,-1.2679106,-0.26147783,-0.39683777
0.58846337,8.107151,-0.09167683,9.606968,0.61774397,-1.178406,-0.24336779,-0.44483504
0.5948082,7.788629,-0.0806126,9.635481,0.59335566,-1.1853215,-0.22039294,-0.46248874
0.5910673,8.022936,0.005453825,9.606648,0.58662105,-1.200515,-0.1941545,-0.320758
0.59323263,7.0665474,-0.014136076,9.534162,0.59156084,-1.259364,-0.2006405,-0.42689222
0.57126164,7.3232923,-0.0729357,9.644295,0.61769676,-1.2246628,-0.20821428,-0.37694103
0.5679596,7.5255337,-0.097417,9.680765,0.601712,-1.2244889,-0.08215517,-0.4386132
0.5758676,7.050523,-0.10778582,9.750679,0.5981455,-1.2338952,-0.13768685,-0.10058582
0.54723364,6.451339,-0.12622607,9.732653,0.6136453,-1.2497303,-0.16622156,-0.3253545
0.5425584,6.429587,-0.11179483,9.76729,0.56989956,-1.2175453,-0.08428639,-0.29670525
0.546564,6.694282,-0.11628634,9.717285,0.57861876,-1.1815757,-0.116559386,-0.2152865
0.5715735,6.6180534,-0.1019932,9.707012,0.518692,-1.0907841,-0.30583382,-0.4850595
0.5657113,6.9165215,-0.048398018,9.722107,0.5211828,-1.1639333,-0.17699134,-0.49151877
0.58756304,7.1352835,-0.14697194,9.7490225,0.55446005,-1.14746,-0.26253974,-0.44818357
0.57187384,7.1550555,-0.14311123,9.720028,0.5825541,-1.1775877,-0.227844,-0.4476269
0.57736546,8.059633,-0.19325733,9.823458,0.625653,-1.222357,-0.24327141,-0.18956906
0.5855895,8.018105,-0.19958079,9.811072,0.6104984,-1.2026364,-0.17724288,-0.1539039
0.58587384,7.895825,-0.2065742,9.847336,0.6291373,-1.2321585,-0.26847088,-0.37373498
0.5706533,8.262738,-0.23589659,9.845829,0.64677024,-1.2291777,-0.14239752,-0.46569276
0.57640105,8.098079,-0.22189957,9.931372,0.644902,-1.2466838,-0.14105129,-0.08234352
0.57665324,8.088411,-0.2521891,9.865431,0.64843464,-1.2166067,-0.1900174,-0.2670222
0.5537627,8.477121,-0.17501307,9.844717,0.6872716,-1.2872818,-0.19103062,-0.3670857
0.55466795,7.24354,-0.14273721,9.779558,0.6690147,-1.302398,-0.12953377,-0.35542288
0.5554348,7.3376994,-0.12670195,9.728268,0.66255474,-1.3108023,-0.013622403,-0.15978631
0.552084,7.291342,-0.13875246,9.64727,0.65834403,-1.2622914,-0.027097344,0.15252554
0.5735375,8.067041,-0.11991906,9.710659,0.65643644,-1.2209284,-0.012166023,-0.12416732
0.57413876,8.375336,-0.16731346,9.837233,0.651108,-1.2918887,-0.06764114,0.02422458
0.5807445,8.1350765,-0.20126057,9.839504,0.6357999,-1.2600801,0.042333484,-0.2585971
0.5745591,7.42369,-0.3279289,9.818218,0.63795614,-1.1967891,0.024692774,0.25654793
0.57095045,7.334098,-0.24747634,9.888517,0.60935736,-1.2191498,-0.13475335,-0.032350957
0.5875286,7.404041,-0.29667056,9.887703,0.58414793,-1.2463245,-0.042164087,-0.11266747
0.5837419,8.044516,-0.24313438,9.883564,0.6091752,-1.2466879,-0.12171912,-0.3269174
0.5760708,8.027813,-0.21632934,9.9646015,0.5839071,-1.2572705,-0.23839313,-0.36940417
0.57068735,8.130228,-0.19022232,9.977706,0.59216,-1.2583089,-0.24575114,-0.49469337
0.5672495,8.096589,-0.15882945,9.953815,0.5986204,-1.2486663,-0.06943017,-0.3696903
0.5654268,8.3308735,-0.1632086,9.925247,0.607337,-1.2553494,-0.16640824,-0.21250883
0.5689299,8.41873,-0.17140555,9.933875,0.5893066,-1.1917412,-0.24837309,-0.24058595
0.57614446,8.39684,-0.22463381,9.950739,0.61545587,-1.2116036,-0.039171636,-0.17668718
0.5977898,8.783464,-0.2782992,9.988912,0.6095774,-1.2451022,-0.1070174,-0.114649594
0.60985786,9.780859,-0.24658823,9.9832,0.6165509,-1.2666063,-0.01668042,-0.16053754
0.6281369,9.734642,-0.24915493,9.992516,0.6395805,-1.3065459,-0.04614532,-0.11393738
0.61401564,9.418953,-0.22558492,9.998104,0.6574068,-1.3345034,-0.05930239,0.0035170317
0.62706584,9.198719,-0.30256248,9.896471,0.6752305,-1.2920024,-0.067614794,-0.41433477
0.6097467,9.179762,-0.237176,9.883362,0.67923117,-1.3073133,-0.29704046,-0.44950223
0.5989854,9.233449,-0.18748003,9.835909,0.6674137,-1.2878776,-0.22805709,-0.4398969
0.5918244,9.19402,-0.18807697,9.8663025,0.66924715,-1.2778763,-0.19916278,-0.49146444
0.58359003,9.047152,-0.19296741,9.884311,0.6652739,-1.2670956,-0.23644733,-0.49656966
0.5843983,8.409435,-0.17889237,9.869394,0.6427522,-1.2648656,-0.25764924,-0.46507427
0.5875078,8.420191,-0.23754132,9.862664,0.6181643,-1.1867619,-0.22510314,-0.22790927
0.5854382,8.744136,-0.1436624,9.781559,0.6063533,-1.1571763,-0.19833362,-0.29746512
0.5905426,8.558739,-0.039621294,9.718056,0.583308,-1.1814004,-0.2217288,-0.36377108
0.5833124,8.676016,-0.030834079,9.686845,0.56903934,-1.1924518,0.0011320114,-0.018482625
0.5883421,8.764127,-0.0030010939,9.752033,0.5406933,-1.1972991,0.048017383,0.11873382
0.6180397,8.636004,-0.047229648,9.700533,0.53176594,-1.137259,0.19964516,0.42318356
1.8227582,7.240543,1.0977144,7.085612,0.69065595,-1.3387753,0.061791778,-0.29474977
1.1492484,4.355591,1.0014646,7.123976,0.71610904,-1.3420074,-0.081932366,-0.36387292
1.1870103,5.384926,0.9968474,7.262733,0.7148714,-1.3614058,-0.18689954,-0.44074318
1.203422,9.921455,0.97916794,7.2588363,0.73370504,-1.3831162,-0.07846576,-0.29745808
2.165257,3.3134809,1.0492826,7.047056,0.7644603,-1.4815282,-0.05107832,-0.46892545
1.413698,9.929262,1.0564172,7.0134964,0.7964885,-1.443423,-0.101590574,-0.47866416
1.4983325,9.94342,1.0579221,7.0212235,0.79155874,-1.4308417,-0.06678647,-0.4140443
1.5028446,9.886585,1.092128,6.9543705,0.7860458,-1.3862255,-0.070905864,-0.25929636
2.29378,7.273844,1.1128821,6.877141,0.7767215,-1.4100893,-0.068562925,-0.29453996
1.4348384,8.600525,1.1088078,6.883291,0.7926543,-1.4088705,-0.05464983,-0.4011248
1.4286859,8.4239235,1.1005545,6.947317,0.7621205,-1.4338374,0.032422423,-0.32474333
2.6102414,8.982708,1.1271574,6.929965,0.77516246,-1.4454956,-0.121637106,-0.47047603
1.69369,9.08785,1.1280272,6.951342,0.7309487,-1.3815733,-0.030772269,-0.31766266
1.709264,8.10882,1.1589084,6.910149,0.7497723,-1.3812675,-0.010570228,-0.30408683
1.3966327,6.950439,1.1816854,6.8709087,0.75367546,-1.3877046,-0.049918234,-0.107506454
1.2864985,7.068339,1.190208,6.8245096,0.7606745,-1.3991888,0.021722317,-0.20905039
1.1424772,6.8305387,1.2064717,6.8766327,0.75592947,-1.40067,-0.03289932,-0.2613665
1.054834,8.17177,1.2690461,6.8855486,0.7458701,-1.4172821,-0.028440475,-0.32814068
1.0504714,7.610575,1.273633,6.88803,0.7376187,-1.4197443,0.03706169,-0.45055714
1.0295947,8.201651,1.2843542,6.9207597,0.7585609,-1.389778,-0.11954582,-0.017018676
1.0486163,7.9870853,1.2892001,6.967757,0.74784875,-1.4212546,-0.10322088,-0.45944667
1.1763655,8.580498,1.281488,6.8905106,0.7442882,-1.4519997,0.1010735,-0.46072683
1.0343711,8.337563,1.3443804,6.8207245,0.7447214,-1.4312007,-0.071637034,-0.45879924
1.7922667,8.789509,1.3109365,6.786914,0.7433746,-1.4256217,-0.12885159,-0.48500958
1.9588703,8.126318,1.2869177,6.778154,0.7279782,-1.379032,-0.12624764,-0.48496693
2.2800837,7.751866,1.3523731,6.705438,0.7235682,-1.4180936,-0.07083589,-0.45171508
1.8047094,7.4464903,1.3243163,6.6620235,0.7200558,-1.3229938,-0.11376542,-0.41921267
1.9560045,4.7678776,1.362206,6.6542697,0.71830606,-1.3763921,-0.03487277,-0.23811409
2.0752423,7.3407145,1.3673463,6.667827,0.71697354,-1.3661492,-0.11021352,-0.40609318
2.700443,7.579105,1.3641391,6.6881585,0.7091758,-1.3840559,-0.086155415,-0.36994803
2.0927687,9.95761,1.3785119,6.6787014,0.7152262,-1.4033786,-0.10268813,-0.4338209
2.291287,9.789687,1.3793256,6.642891,0.7031956,-1.4020467,-0.05395013,-0.4565624
2.2727554,2.9455373,1.4176278,6.670804,0.7039032,-1.387666,-0.04992473,-0.38996923
2.612005,8.375505,1.3782945,6.616761,0.6693399,-1.2914547,-0.09224552,-0.40753785
2.4813526,5.458952,1.3648965,6.589124,0.6841321,-1.2848933,0.013574004,-0.3564185
1.6526139,4.6793456,1.3955195,6.6364737,0.69639206,-1.3156039,-0.006223917,-0.43200207
2.367105,7.157272,1.3731334,6.5785675,0.7184522,-1.3408418,0.017223835,0.029350698
2.1921144,7.228958,1.3370605,6.6165457,0.7320528,-1.3247085,-0.13221383,-0.10953519
1.8631375,7.4713154,1.354284,6.6669,0.71973157,-1.3687956,-0.09818977,-0.43687138
1.8438083,8.457947,1.3706627,6.677627,0.7191572,-1.4143199,0.021651506,-0.47493517
1.2506948,3.164729,1.3482485,6.684058,0.70673704,-1.3672743,0.063313246,-0.21967754
1.8592768,9.794462,1.3338239,6.7201443,0.7427757,-1.4095421,0.110706806,-0.16759908
1.4441817,4.652341,1.2721865,6.711875,0.76808167,-1.4195058,0.058850884,-0.18319345
1.6089612,7.3995357,1.2355325,6.7286215,0.7831423,-1.424189,-0.061501324,-0.067017615
1.4985931,2.8353243,1.2790799,6.6671433,0.7987554,-1.4728146,0.09150505,-0.35387868
1.2890275,3.6078622,1.3680439,6.650486,0.78519845,-1.4429548,-0.14584279,-0.3928407
1.2595886,8.058294,1.3565784,6.670588,0.7756748,-1.4240916,-0.11802739,-0.39599043
1.1101122,3.692672,1.3502445,6.7049184,0.7510402,-1.4288038,-0.0183087,-0.26123643
0.9493584,4.2246857,1.3824704,6.6661673,0.7456157,-1.421304,0.04212296,-0.4208715
1.2150533,8.730785,1.3616967,6.6552844,0.752239,-1.4276979,0.04281771,-0.27815443
1.2918481,7.5029783,1.3553607,6.6451707,0.75826883,-1.4064803,0.13404644,-0.2708466
1.5228393,5.3760376,1.3404818,6.633259,0.74474454,-1.408366,0.019899607,-0.47167274
1.3814163,6.5546775,1.3600252,6.6050577,0.7365227,-1.3901653,-0.0387581,-0.43376598
1.2712219,2.5188866,1.4212496,6.6168165,0.74744916,-1.4244229,-0.09861922,-0.20442355
1.3974,6.6735635,1.3840442,6.529147,0.75956726,-1.3927156,-0.08546901,-0.46152085
2.2616396,7.9500456,1.4087818,6.540024,0.7682321,-1.3965077,-0.14130455,-0.49006456
2.63698,8.110264,1.4071529,6.4360676,0.7620759,-1.3830432,0.007537365,-0.32988828
2.1179116,7.4077415,1.3659377,6.4969015,0.77662086,-1.4063735,0.0070512295,-0.30793944
2.485687,9.412781,1.3272727,6.553133,0.7554047,-1.3738935,0.098061204,-0.083073944
2.785022,9.71419,1.347147,6.5485764,0.75899076,-1.3493743,0.08760238,-0.23917332
2.712088,4.1968594,1.3322082,6.532454,0.79842234,-1.3937323,-0.008422852,-0.072122514
2.8884645,9.617226,1.3448639,6.4680014,0.809587,-1.4063137,-0.037153423,-0.3409504
2.8868608,5.8156786,1.3672237,6.4530516,0.8038211,-1.4330099,-0.01575762,-0.22186461
1.9631536,8.510399,1.3723998,6.4613533,0.8099642,-1.4589304,-0.012735248,-0.44480976
2.960384,8.672037,1.3970125,6.5125737,0.8001449,-1.435427,0.0012272596,-0.42735165
2.9611492,8.414999,1.3321495,6.5647535,0.81384516,-1.467278,-0.052942395,-0.42022434
2.166868,6.108393,1.447727,6.4645805,0.7753475,-1.4588068,-0.072675526,-0.32189494
2.2222424,6.685452,1.4496307,6.4515567,0.7743504,-1.4088807,0.062580824,0.024441361
1.2956306,7.347488,1.3941345,6.4504175,0.78104687,-1.4181544,0.04857588,-0.41764015
2.6003284,4.4938803,1.4551425,6.3627167,0.7804942,-1.4311156,0.0017571449,-0.46668205
1.6085588,4.9380608,1.4723828,6.311473,0.78986263,-1.3930296,0.024697185,-0.21731755
1.3721555,6.505337,1.4997859,6.3782473,0.7777529,-1.4224967,0.023703933,-0.2374624
2.076921,4.641737,1.5267656,6.406022,0.76741457,-1.4321244,-0.049684584,-0.41212893
2.3351948,5.2440653,1.5322361,6.3625207,0.77314615,-1.4383414,-0.0512408,-0.30676427
2.1035755,5.481938,1.500237,6.3612475,0.74705243,-1.4244466,0.20444834,-0.16414648
2.303439,8.483792,1.5284228,6.405217,0.7194736,-1.3705198,0.16817653,-0.107923895
1.361729,9.22484,1.5222824,6.4451575,0.7254429,-1.3513305,0.0035458803,-0.49802297
1.9433013,9.24699,1.5393605,6.398881,0.7187691,-1.3593897,-0.056518435,-0.49152896
2.9129162,9.9260235,1.5606027,6.3461113,0.72323155,-1.3725967,0.035398483,-0.49296594
2.170103,9.990204,1.4739361,6.3266497,0.7661176,-1.3570442,0.0019689798,0.12940258
2.9165807,9.418057,1.415818,6.4446516,0.8112762,-1.4357085,-0.0523538,-0.242176
2.7794864,4.0615144,1.4116669,6.361228,0.8206668,-1.4414885,-0.048808217,-0.26156938
2.8754034,3.9905639,1.3670299,6.394579,0.8183124,-1.4252783,-0.04337263,-0.34757614
2.7596452,3.4071608,1.3740661,6.438335,0.82069755,-1.4161073,-0.11837345,-0.22587469
1.739649,8.454557,1.3340213,6.446382,0.80552197,-1.3950702,-0.07038826,-0.26659742
2.684144,7.31878,1.39451,6.4401093,0.8141203,-1.4643097,-0.02081263,-0.30446365
2.7308705,8.1978855,1.3972018,6.3764553,0.8115618,-1.4333253,0.027953863,-0.3305053
2.92066,6.3453994,1.4104772,6.397687,0.81715226,-1.4593861,-0.008686721,-0.14197013
1.4546645,6.8709373,1.3908353,6.403984,0.81016064,-1.4598472,0.019975662,-0.15474975
1.890308,2.9821346,1.4093204,6.4140925,0.8371773,-1.5153939,0.03897202,-0.30586016
2.694862,8.288464,1.4538748,6.413169,0.8168802,-1.5498054,0.08470774,-0.31542656
1.6218156,9.779372,1.4625833,6.366391,0.8257737,-1.538735,0.15955389,-0.066476405
1.2890832,8.191243,1.437047,6.4489965,0.86266446,-1.5633568,0.156237,-0.09689003
1.4437661,4.896222,1.4526837,6.3813457,0.8346212,-1.558613,0.14808738,-0.28650787
2.4574084,9.377193,1.4700644,6.3626833,0.8298476,-1.5254483,0.13572466,0.069738984
1.6462698,5.787326,1.4781218,6.365342,0.8180723,-1.4909381,0.08989537,-0.2678153
2.4562821,7.597433,1.5394213,6.304839,0.77047443,-1.4631212,0.18079853,-0.13380754
1.590007,5.710771,1.5380626,6.3434067,0.760468,-1.3662655,0.22753966,0.21999878
1.4296871,8.333139,1.5426168,6.366929,0.75981593,-1.4446161,0.2952435,-0.072208345
1.5120189,6.8459454,1.5481808,6.3251534,0.75470805,-1.4159424,0.36762047,0.3461119
2.2284977,5.15581,1.5525773,6.358524,0.74027014,-1.4086314,0.20987892,0.16262162
1.842376,7.538364,1.5937805,6.351494,0.7319565,-1.421928,0.16194773,0.15871614
1.9848537,8.157144,1.5651624,6.32143,0.7251787,-1.3742037,0.21614718,0.15323502
1.9411242,8.895916,1.5515277,6.4160624,0.7275355,-1.4035606,0.19915152,0.027038574
2.3456378,6.9624624,1.5739379,6.3517017,0.7081599,-1.3859493,0.23624408,0.17738807
2.4029927,4.0871086,1.6412497,6.3382254,0.6918223,-1.3610399,0.14250565,0.044082582
1.4982915,3.3092535,1.6437197,6.300637,0.6773648,-1.341682,0.19425702,-0.0481759
1.2072098,7.103421,1.6882856,6.333102,0.6890874,-1.3774917,0.34933388,0.3447411
1.270891,3.9951353,1.6905861,6.2549767,0.68027806,-1.3683383,0.27722085,-0.10229984
1.1971505,3.8132546,1.6483436,6.2973785,0.70907354,-1.366962,0.20071077,-0.16262439
1.154973,2.1593826,1.5786996,6.315317,0.7523048,-1.3674016,-0.045992374,-0.48137465
1.0606446,8.224116,1.6027286,6.3316126,0.76679325,-1.4043741,0.03025961,-0.3296081
0.94340074,5.3525467,1.6303425,6.3020887,0.7758782,-1.4848692,0.05951059,-0.048259318
1.0389163,7.1919093,1.6316757,6.301367,0.77633476,-1.435961,0.16955543,-0.28981668
0.95783305,3.4407191,1.585365,6.2510376,0.78107667,-1.4214118,0.1663214,-0.12375516
2.234161,3.7643604,1.5862832,6.2094417,0.7906735,-1.4222462,0.07883799,-0.21354151
2.2692091,8.950252,1.5746207,6.179062,0.788399,-1.4431274,0.13978922,-0.2976961
2.0143168,7.401881,1.5548229,6.2490907,0.7821605,-1.4207664,0.20797682,0.0065047145
1.5745969,6.163806,1.5730176,6.308045,0.7436614,-1.4174498,0.11966789,-0.37557733
1.2667294,7.892962,1.5935504,6.3049436,0.7800858,-1.483654,0.18650699,-0.19222051
2.6698022,7.768187,1.5210342,6.3350086,0.83033514,-1.5214449,0.20085907,0.14048344
2.7981837,4.9970107,1.5199323,6.2078013,0.8615656,-1.5377039,-0.06783342,-0.22252706
2.082435,6.19524,1.4987478,6.175316,0.8682542,-1.506515,0.09761584,-0.34898955
2.06235,4.9883194,1.5141451,6.209878,0.86084676,-1.5382981,0.083794,-0.2586778
1.5460426,7.431923,1.5668464,6.1684446,0.868047,-1.4911416,0.068413734,0.030721545
1.7873625,7.564301,1.5294871,6.1354055,0.83365655,-1.4398608,-0.02499789,-0.3825596
2.5637388,4.1249504,1.4975016,6.147414,0.8632822,-1.4331465,-0.17977601,-0.42988446
1.5745143,3.143087,1.5074468,6.1957474,0.8410592,-1.4279598,-0.021942914,-0.31260914
2.5194783,8.112763,1.5118506,6.168912,0.85664463,-1.4266851,-0.16556054,-0.48708004
1.9360763,6.789101,1.5238318,6.177348,0.8489201,-1.4685833,-0.16982275,-0.49800357
1.8938334,3.0617323,1.5093851,6.2715387,0.84602094,-1.5058515,-0.108905196,-0.3567832
1.7821485,8.407003,1.5129757,6.2182045,0.8563688,-1.507143,0.021506548,-0.33868283
1.4215333,7.9360228,1.5162518,6.2437153,0.84351563,-1.4970303,0.06198716,-0.22449687
2.1507754,8.400373,1.5334797,6.2520823,0.82894564,-1.474225,0.04186821,-0.3880762
1.5226763,3.3408947,1.5378361,6.2564096,0.8394065,-1.4967971,-0.07457471,-0.4620591
1.4916836,2.9563236,1.514318,6.258142,0.86217046,-1.5163031,-0.10228288,-0.49163106
2.016858,5.4282026,1.4536724,6.3531036,0.856292,-1.5243702,0.18851793,-0.22847384
2.1241033,5.831078,1.4509463,6.3551974,0.83799577,-1.4966547,0.10845244,-0.18641013
1.5348961,7.368356,1.4460752,6.3371625,0.83251905,-1.514025,0.083817005,-0.34765923
1.5709696,8.19178,1.4162381,6.4440384,0.8361857,-1.5074071,0.088421345,-0.27609438
2.597518,9.633072,1.4542437,6.482867,0.8077688,-1.5716598,0.039715648,-0.43870983
1.4684632,6.8320074,1.3695736,6.4480133,0.8679025,-1.5562143,0.0051066875,-0.43077067
1.6750109,8.761572,1.3282864,6.4419713,0.88351846,-1.5481427,-0.051356375,-0.4734179
2.7268345,8.718707,1.3269534,6.543052,0.89873767,-1.5354934,-0.08561301,-0.26896247
2.0380392,5.248933,1.3279932,6.408247,0.95778275,-1.5759277,-0.07331687,-0.43397632
1.2523553,5.777625,1.3301384,6.367855,0.92340827,-1.5854213,0.052161217,-0.21452087
1.1198391,6.768145,1.4501593,6.4473505,0.8715875,-1.5995073,0.06473911,-0.40456343
1.41154,7.9408107,1.416697,6.390196,0.8705621,-1.5995123,-0.02925396,-0.4796635
1.401629,7.223344,1.5003536,6.336279,0.85378885,-1.6308749,0.09709215,-0.41356248
1.1701746,3.7186813,1.5125649,6.307056,0.86685896,-1.5977668,0.041009188,-0.36236376
1.9599605,8.881781,1.5000262,6.3411746,0.854722,-1.55603,0.07172394,-0.007484913
2.8143034,7.7357955,1.5007403,6.3047724,0.8380544,-1.5462431,0.083909035,-0.1222755
2.5077395,7.0637407,1.5083866,6.3197556,0.865639,-1.5754364,0.07603705,-0.31482166
2.4010592,8.697747,1.5270941,6.330012,0.83952737,-1.5912104,0.08953607,-0.32550806
1.7435113,4.1215878,1.496597,6.2729177,0.8507223,-1.5508981,0.011372328,-0.3965571
1.4967961,8.598952,1.4654498,6.304205,0.8705294,-1.5316658,-0.010114789,-0.45689338
2.0734751,3.5113149,1.4650443,6.303631,0.8592458,-1.5162238,-0.0641557,-0.32428887
2.4861627,5.736746,1.4567738,6.299932,0.86279273,-1.5211477,-0.03774631,-0.4164971
2.3107238,4.1576524,1.4364972,6.3022947,0.8672309,-1.5163882,-0.076532006,-0.47135526
2.567804,7.9927673,1.4475155,6.2698784,0.8646085,-1.4947274,-0.10489303,-0.48675033
2.4319134,8.9173765,1.4460506,6.3485246,0.8526292,-1.5127289,-0.008424699,-0.44894797
1.7805517,3.3381777,1.4938693,6.298136,0.8515687,-1.5176308,-0.0076984167,-0.37259364
2.2866921,8.668274,1.4697533,6.2891226,0.8919966,-1.5543492,0.06532526,-0.27832264
1.1961801,6.7675624,1.4199014,6.3655634,0.9086828,-1.572066,0.053001285,-0.20125139
0.8429104,2.7574377,1.4390681,6.353447,0.911124,-1.5871279,0.040931582,-0.17250627
0.8961183,4.0857573,1.4426877,6.355066,0.90854025,-1.5706385,-0.024927616,-0.42089316
1.0707519,6.64273,1.4259598,6.3468723,0.933306,-1.5499344,0.32710695,-0.09682065
1.1384144,5.3238735,1.3509979,6.3835664,0.9489646,-1.6842167,0.10902643,-0.4343688
0.8895768,4.860963,1.3437991,6.4977326,0.96309304,-1.6886177,0.045765877,-0.4307724
0.9151888,5.426483,1.2951825,6.5136175,0.94469166,-1.5574161,-0.013307989,-0.48445725
0.8634132,6.3968797,1.3012352,6.5573583,0.92504764,-1.5856488,0.0044127703,-0.48114398
0.8749174,7.9096785,1.306911,6.565024,0.945529,-1.6048158,-0.019641995,-0.4809997
0.77226514,4.9681654,1.3005052,6.545784,0.97673583,-1.6258264,0.20994174,-0.24003372
0.8113711,5.2086134,1.3399925,6.528612,0.96961665,-1.628116,-0.00676316,-0.25174806
0.902418,5.566878,1.304642,6.505887,0.97578144,-1.6378698,-0.060425043,-0.3422642
2.716136,2.6873965,1.2715533,6.4989996,0.96948504,-1.6589282,-0.13115233,-0.2342315
1.4674515,3.734361,1.3020213,6.422092,0.971503,-1.6602861,-0.014216065,-0.30155218
1.3669579,4.127549,1.3133421,6.286091,0.9898925,-1.6538404,-0.00096797943,-0.40181115
1.2699616,6.5967445,1.3680053,6.269681,0.9823017,-1.620141,-0.005361259,-0.38218454
1.7280947,8.134664,1.3744941,6.2634554,0.99532485,-1.6115748,0.010265112,-0.20743686
1.1643128,8.168061,1.3768523,6.354687,0.9789109,-1.6251736,-0.005918443,-0.3545974
2.7263827,5.375386,1.3609254,6.2873716,0.9494803,-1.6023707,-0.12695295,-0.3977772
2.7134197,9.08622,1.3979588,6.2661786,0.9172008,-1.5716335,0.05226922,-0.4167496
1.7611629,7.3585854,1.4534225,6.267829,0.9245975,-1.5893714,-0.15584338,-0.4113248
1.2659078,7.195645,1.4527888,6.2441826,0.9511337,-1.5882136,-0.098914206,-0.44089794
1.6627682,8.633516,1.46082,6.1876583,0.93606806,-1.5579529,-0.0012953281,-0.40289637
0.9100065,4.0603495,1.4849222,6.272009,0.9253273,-1.5582752,-0.0128471255,-0.43459928
1.3950245,4.051966,1.422878,6.3087854,0.8939488,-1.5628486,-0.06957638,-0.42714858
1.29521,7.574351,1.4282498,6.306233,0.8657603,-1.5457997,0.12881637,-0.42484838
1.41653,7.5941873,1.3859076,6.3068905,0.86565685,-1.4180713,-0.07234132,-0.4044569
2.5603874,7.293598,1.4605539,6.280344,0.86423206,-1.451103,-0.19178385,-0.4234358
2.5839481,4.254921,1.4516015,6.285785,0.8707366,-1.4828391,-0.19262546,-0.37506336
1.4763464,8.350458,1.449832,6.2894764,0.87747097,-1.451817,-0.007881701,0.07707995
1.2923648,4.293627,1.43944,6.2340884,0.8854203,-1.4970512,0.16334069,0.13150847
2.1453805,2.7204688,1.3938777,6.3057356,0.90537953,-1.5066137,0.121044636,0.24330127
1.4958165,5.270066,1.4035163,6.317807,0.8899944,-1.4799703,0.057758808,-0.015569717
1.193937,7.5940843,1.3642945,6.307596,0.9085996,-1.474191,-0.021134198,-0.16257942
1.3378441,2.8042638,1.3934584,6.3034544,0.8918123,-1.5176558,-0.106793106,-0.48119572
1.9472475,8.4053,1.4053252,6.322991,0.90978,-1.5297551,-0.087362766,-0.4247646
1.9310224,6.38594,1.3932228,6.386572,0.91849446,-1.5962982,-0.073819935,-0.45982587
