0.8073689,5.713831,-0.016659021,8.022402,0.62576556,-1.2721243,0.045896053,-0.086025536
0.8235458,6.5775957,-0.09287286,8.022285,0.6827011,-1.2694098,0.14131665,-0.098946035
0.84050727,6.8903284,-0.08819044,7.902357,0.73127556,-1.2960691,0.21504211,0.1985007
0.8617262,6.7704754,-0.013640344,8.025856,0.6845138,-1.2783365,0.11107302,0.046039164
0.8085302,6.958201,-0.054766834,8.024347,0.68720245,-1.2712352,-0.07223314,-0.34737647
0.76305866,5.5170746,-0.05765021,8.158554,0.67150474,-1.3220956,-0.060530066,-0.46752572
0.73727155,6.834614,-0.072479844,8.202971,0.728693,-1.3566574,0.057571292,-0.48628384
0.7715495,8.533942,-0.1390841,8.200014,0.73748183,-1.2748463,0.24978769,0.26377994
0.73257077,7.9067454,-0.06410164,8.294209,0.73250365,-1.3550928,0.31456578,-0.003823638
0.72356856,6.5703816,-0.05731958,8.34027,0.6685631,-1.3315585,0.34041905,0.28697956
0.738298,6.8386807,-0.11849892,8.339819,0.66835976,-1.3228469,0.42585778,0.16560715
0.71271914,8.326441,-0.15199655,8.456621,0.72235703,-1.3230596,0.3689022,0.34967107
0.719072,8.523094,-0.220276,8.567543,0.72805095,-1.3184483,0.31676197,0.20480233
0.706687,7.709901,-0.1821388,8.484144,0.7182269,-1.2854508,0.20511317,0.09587586
0.6888916,7.388851,-0.23487604,8.499895,0.73998547,-1.2801325,0.1396029,0.14365184
0.75447667,7.8603215,-0.17816007,8.388839,0.6700113,-1.2855065,0.19620335,0.22173715
0.77355206,9.259571,-0.20146954,8.5015955,0.665987,-1.284393,0.36949217,0.26772785
0.7543932,9.126308,-0.14108992,8.439511,0.6728554,-1.252358,0.6342579,0.42593932
0.7414366,9.099865,-0.28752345,8.462216,0.6901207,-1.2325678,0.72179484,0.4709034
0.74497616,9.432718,-0.21749502,8.644674,0.7138803,-1.3183601,0.6350416,0.5520694
0.7426672,9.051182,-0.18347836,8.620938,0.6739569,-1.3069515,0.04152,0.17204928
0.736235,9.532856,-0.1763581,8.612127,0.704231,-1.3093439,0.22055578,0.10114598
0.73688954,9.288691,-0.19336271,8.538616,0.7128906,-1.3078562,0.19978821,0.097838044
0.76637375,9.688231,-0.18291521,8.562326,0.70546293,-1.3118224,0.072454095,-0.1743151
0.73329365,8.596521,-0.17829472,8.600201,0.67390347,-1.3360881,-0.061056852,-0.33770603
0.74143356,8.280891,-0.23633265,8.50988,0.66676474,-1.2696221,0.1943661,-0.34092367
0.77716875,7.504567,-0.22620434,8.503575,0.64224815,-1.2478075,-0.035606384,-0.16817182
0.74468577,7.3806024,-0.17514539,8.439333,0.6347594,-1.250889,0.20199847,-0.12946606
0.7438252,7.5514083,-0.20691311,8.4307575,0.60861874,-1.2132757,0.14113903,0.16851509
0.7436153,7.9779673,-0.2263701,8.455699,0.6470752,-1.2132285,0.11886561,0.13260281
0.7399235,9.221397,-0.16290748,8.495485,0.6532252,-1.2654898,0.0020571947,-0.4441579
0.7336273,7.60652,-0.1556536,8.681831,0.58572865,-1.2669001,-0.036938787,-0.27839324
0.6912141,7.4011064,-0.14636552,8.657012,0.6076939,-1.2442601,0.14130199,-0.22508395
0.7163426,8.945709,-0.049848437,8.661903,0.5743797,-1.2106593,0.09822309,-0.0062190294
0.7045022,8.820735,0.015085936,8.533129,0.58140326,-1.2199402,0.1827439,0.11534423
0.70732987,7.9085746,0.008698225,8.503936,0.5451207,-1.1755435,0.48457205,0.24742252
0.69868755,7.8455987,-0.06705606,8.525122,0.58042145,-1.1610106,0.3593067,0.38707143
0.68264,7.8606267,-0.035648406,8.522847,0.5649345,-1.1718247,0.42324185,0.28113884
0.70935535,7.7775145,-0.006420195,8.4361725,0.56506777,-1.1777551,0.3791008,0.3791306
0.759948,8.13904,-0.09091997,8.504402,0.5590062,-1.1780016,0.447392,0.38938308
0.77189267,6.213895,-0.26911724,8.343241,0.5980599,-1.1414838,0.40002477,0.27727646
0.77130425,6.6715508,-0.27279252,8.305893,0.62923145,-1.1973698,0.23912787,0.40930247
0.806286,6.936778,-0.26101732,8.309944,0.61747384,-1.164293,0.28079522,0.1581679
0.8438348,7.866424,-0.220433,8.312233,0.63036346,-1.2529674,0.35357547,0.28425127
0.9477462,8.985262,-0.13476408,8.259444,0.63765264,-1.2590182,0.30510068,0.058839083
0.903855,9.548667,-0.21132135,8.214646,0.67024565,-1.2592566,0.33935487,0.3105756
0.8251349,7.945405,-0.18534493,8.367936,0.671777,-1.2825596,0.3636855,0.25477004
0.78753245,9.871967,-0.19563806,8.450343,0.66564536,-1.2622945,0.3506986,0.3685304
0.80353916,9.72154,-0.26454246,8.441343,0.6709361,-1.2279956,0.32571733,0.108318806
0.84400284,9.516473,-0.28733116,8.515053,0.6642947,-1.3013753,0.16284215,0.094141066
0.78399384,9.251894,-0.29343843,8.476067,0.6995468,-1.298753,0.057601094,0.0088582635
0.7847668,8.856793,-0.37879133,8.489117,0.7544031,-1.3105516,0.122769356,0.05209589
0.8004643,7.623536,-0.40201092,8.479811,0.80027604,-1.3469213,0.15393496,0.17741436
0.7345842,9.235506,-0.33438933,8.586943,0.81107235,-1.3367479,0.3308084,0.21188962
0.72574776,8.679672,-0.36346757,8.558689,0.8001261,-1.3672609,0.11499119,0.05500388
0.7067869,9.037859,-0.27886295,8.697253,0.78787494,-1.3613081,0.12545335,0.104465246
0.70561177,8.834014,-0.2911632,8.802387,0.7383647,-1.3654289,0.12014401,0.107899904
0.6398351,8.782625,-0.25240993,8.817212,0.75212693,-1.3631616,0.3656913,0.32912856
0.6379466,8.355158,-0.25393283,8.730398,0.7356887,-1.3418852,0.33604705,0.20946985
0.6130395,8.540651,-0.3024497,8.881907,0.7157903,-1.2655663,0.253554,0.16731715
0.60420483,8.316311,-0.37763834,9.00211,0.7366173,-1.3249528,0.11132002,-0.2763149
0.6566343,8.169272,-0.3405404,8.951901,0.7205241,-1.3464535,0.10298455,-0.18983722
0.6620352,8.165038,-0.34908044,8.834759,0.7300565,-1.3152995,0.13023591,-0.08599913
0.68155825,7.7446146,-0.3632779,8.810825,0.72288346,-1.333797,0.16300416,0.01127398
0.6473386,7.776296,-0.3373651,8.823266,0.7176192,-1.3381464,0.022924185,-0.42906088
0.65019417,7.5064893,-0.35594755,8.874441,0.71732473,-1.3682045,-0.050435543,-0.40848488
0.6530362,7.5740843,-0.3906896,8.875393,0.7380974,-1.3480406,0.051681876,-0.3344731
0.65022945,7.7897224,-0.38116884,8.873318,0.75179124,-1.3597616,0.021078229,-0.40069476
0.64594984,6.3643656,-0.3942092,8.902284,0.76428795,-1.4006202,-0.011982799,-0.25550002
0.6558388,7.2163234,-0.45368046,8.904264,0.77730465,-1.3663986,0.08214486,-0.2770036
0.6632025,7.093839,-0.46472812,8.888187,0.7651663,-1.3489292,0.14278746,0.20783395
0.6566893,7.985424,-0.39816117,8.668648,0.8364072,-1.3647676,0.11692166,0.06700367
0.704461,6.9084053,-0.39637703,8.656858,0.73196864,-1.337769,0.048858285,0.0055772066
0.71220887,6.9686403,-0.39018792,8.658154,0.70282435,-1.3159132,0.25579333,0.23216885
0.6959237,7.0800896,-0.40239352,8.646912,0.7436311,-1.2901486,0.18986154,0.23527622
0.7001797,6.493799,-0.40965384,8.6469965,0.72537684,-1.2975731,0.19674778,0.39571458
0.67789876,6.334211,-0.4836799,8.730206,0.6952448,-1.2582282,0.39177048,0.43973535
0.65615946,5.684414,-0.42903572,8.738611,0.68760204,-1.2884936,0.40913415,0.24154043
0.658605,5.5939255,-0.41593993,8.606676,0.7047353,-1.2347755,0.46632826,0.3290366
0.59135693,7.138117,-0.23661685,8.665309,0.7069268,-1.2168,0.2651267,0.5134797
0.65210795,8.178814,-0.25115138,8.653752,0.6841433,-1.2656016,0.46893334,0.14154208
0.6173357,6.5567045,-0.23113704,8.601196,0.72220564,-1.29641,0.48098147,0.21484834
0.61796767,6.6805453,-0.24790287,8.658102,0.7153795,-1.2911525,0.43212116,0.4604076
0.594292,6.54716,-0.18531883,8.492439,0.7074859,-1.2349867,0.6461898,0.44744223
0.607494,6.915818,-0.2093665,8.642469,0.6594789,-1.2482804,0.7554383,0.3342886
0.62339354,6.86259,-0.104988694,8.645348,0.5986717,-1.2342582,0.682999,0.42461884
0.6257344,7.305768,-0.08606267,8.654924,0.6068268,-1.2136416,0.50658715,0.26242483
0.6437601,6.810052,-0.14649767,8.700803,0.60575986,-1.2462406,0.3128209,0.11369544
0.6830682,6.984607,-0.22680509,8.605198,0.6180301,-1.1776202,0.064810395,0.1445483
0.6641995,7.0165486,-0.23318577,8.6472225,0.6294699,-1.1953272,0.3846557,0.42415285
0.7453121,8.126299,-0.22016513,8.61144,0.60456634,-1.2015148,0.4610982,0.42672265
0.7091032,7.926206,-0.175286,8.599065,0.6403947,-1.2489133,0.62306094,0.3348893
0.7103411,8.243334,-0.16748577,8.580324,0.63671017,-1.2631123,0.72221005,0.2945696
0.71438074,9.082504,-0.06083685,8.514551,0.6689789,-1.2343442,0.43908846,0.22544509
0.70236874,9.16176,-0.062623024,8.531421,0.7232344,-1.3253535,0.3687638,0.4817695
0.72975934,9.109973,-0.20402575,8.539175,0.7240157,-1.2775049,0.29404616,0.35249257
0.7265663,9.436012,-0.19516224,8.53624,0.67615366,-1.2845995,0.22501373,0.15542483
0.7477882,7.308709,-0.25145257,8.539998,0.60375,-1.2629646,0.51226044,0.236538
0.7667743,8.440598,-0.17553127,8.550081,0.5903506,-1.1876988,0.34022152,0.50985193
0.7636192,8.152964,-0.23399043,8.444981,0.60771275,-1.1728802,1.8642681,0.50795615
0.76136196,7.9233947,-0.22930431,8.50038,0.6138048,-1.1691523,1.454778,0.48290694
0.8047205,7.488635,-0.20342207,8.448011,0.55959153,-1.169378,1.6016388,0.43591607
0.7673145,7.224201,-0.20227993,8.462559,0.5393193,-1.1548975,1.431385,0.5966153
0.76645005,7.516129,-0.117691755,8.50998,0.55269814,-1.1922307,1.195837,0.3960638
0.7063186,7.2472353,-0.12942737,8.483269,0.5580983,-1.2125441,0.06488311,-0.4179345
0.6753414,5.858513,-0.094041586,8.471184,0.5780201,-1.2128356,-0.092493236,-0.43018293
0.70423174,6.072643,-0.14582992,8.395449,0.56837535,-1.2342548,0.097856164,-0.40121445
0.69932705,5.589082,-0.10820502,8.312834,0.5586643,-1.2146289,0.080709696,-0.2615644
0.704512,5.6964254,-0.04295975,8.358511,0.54915714,-1.2121267,0.11758089,-0.12439427
0.70017636,6.1534886,-0.10069406,8.506506,0.56830144,-1.2231228,0.1330806,0.17841953
0.70578957,6.8563566,-0.09574956,8.3604,0.5651479,-1.1341689,0.04887259,0.091406286
0.7087569,5.4372125,-0.22714329,8.395728,0.55258393,-1.1482184,0.057166815,0.2245248
0.7611333,6.54034,-0.25544477,8.370842,0.53326726,-1.1347928,0.050599217,-0.35652956
0.7310738,5.3572874,-0.2170893,8.449593,0.51870537,-1.1026578,0.008153081,0.13407338
0.73398507,5.121557,-0.23537803,8.347297,0.53333235,-1.1355426,0.11152959,-0.18191898
0.6890038,4.687458,-0.27542722,8.337201,0.5739775,-1.1595597,0.028397322,-0.2550767
0.7679127,6.4364834,-0.18504566,8.417437,0.5626445,-1.1764766,-0.060980976,-0.2809088
0.75248355,5.7639513,-0.21666747,8.308498,0.5944483,-1.168144,0.13021636,-0.08832431
0.6706493,6.126743,-0.25070852,8.356756,0.66471744,-1.2169447,0.28013074,0.29509246
0.6551796,4.915841,-0.23211515,8.388676,0.64619803,-1.209997,0.1769588,0.021985888
0.6483749,5.3308954,-0.19699252,8.437923,0.60141635,-1.1380645,0.1383909,0.2185666
0.6473949,5.0993347,-0.16823244,8.458672,0.59236646,-1.181572,0.13453376,0.21113968
0.64014465,5.0649805,-0.19813633,8.406506,0.6067667,-1.170255,0.15487278,0.082351804
0.61946464,5.301836,-0.18923926,8.473356,0.58731365,-1.1512203,0.15058541,-0.08343732
0.5854344,4.202539,-0.2080338,8.580152,0.560853,-1.1675795,0.1374445,0.12372851
0.57415795,3.9951878,-0.27212644,8.6402855,0.5187533,-1.145117,0.08990979,-0.070088506
0.56801903,4.182728,-0.277075,8.710283,0.5348921,-1.1456571,0.013388753,-0.055259764
0.5525997,4.5973063,-0.24866736,8.711544,0.54080296,-1.1533935,0.12665296,-0.077796966
0.54999065,4.4305143,-0.27011478,8.756821,0.56139493,-1.1582125,0.12630403,-0.053412676
0.5478599,4.680544,-0.27715063,8.644498,0.60847807,-1.1564494,0.039720535,-0.2660847
0.53445417,4.1423573,-0.22804797,8.561758,0.56981516,-1.1578577,0.026115179,-0.3780584
0.52789235,4.5035186,-0.1473692,8.699476,0.5990367,-1.1584187,-0.027849734,-0.49035916
0.5250221,4.789073,-0.1532805,8.706039,0.6382034,-1.2616014,0.015815377,-0.3487485
0.5206086,4.8198624,-0.112436295,8.723951,0.60626984,-1.2387955,0.03891933,-0.06337774
0.53850055,4.980774,-0.19390017,8.753557,0.6262686,-1.193479,0.010082126,-0.295573
0.54255277,4.99527,-0.17884278,8.794509,0.60189676,-1.2188494,0.024427772,-0.19770852
0.5394307,4.6180897,-0.2547326,8.768526,0.601424,-1.2011876,0.060313463,-0.2585026
0.536966,4.8567758,-0.18370223,8.787511,0.5553198,-1.2113855,0.08085501,-0.32357427
0.5197766,4.894082,-0.13736355,8.862982,0.5737643,-1.2279371,0.004824996,-0.23439172
0.5172173,5.1789885,-0.29929507,8.998891,0.63013744,-1.2633687,0.070557356,0.06173408
0.50900084,4.669566,-0.4079355,8.975063,0.68365717,-1.2481037,0.19712865,0.026675701
0.5250466,4.8760633,-0.39873123,8.974851,0.69115996,-1.3107231,0.16657066,0.18896908
0.5055515,5.6198473,-0.32275426,9.180083,0.645463,-1.2019262,0.1364944,0.15364444
0.506447,5.673651,-0.26494348,9.056211,0.65076613,-1.2491974,0.21061063,0.17278695
0.51936454,5.6881876,-0.22884822,9.087967,0.6545427,-1.248488,0.21835434,0.16085327
0.5123375,6.861678,-0.23782754,9.133397,0.64803934,-1.2430749,0.43824184,0.39583904
0.5083155,6.7909603,-0.19710386,9.138439,0.6275046,-1.2394195,0.394459,0.28080267
0.50770605,6.623114,-0.16205555,9.184813,0.63156486,-1.2632799,0.26507723,0.141743
0.5306143,6.5571322,-0.25100362,9.089153,0.6519139,-1.2775569,0.18240643,0.06255424
0.53903,6.531695,-0.25613582,9.123703,0.6325333,-1.1950169,0.10216677,0.12445164
0.5234637,6.3730245,-0.19009036,9.092009,0.6182089,-1.1853201,0.21545303,0.12635589
0.51424855,6.161385,-0.17563611,9.109524,0.5941994,-1.1934776,0.43240774,0.4496814
0.5024773,6.1507816,-0.17118037,9.078873,0.5883875,-1.1854618,0.7012371,0.42939985
0.5010162,5.7441387,-0.2352165,9.134632,0.5823152,-1.1961827,0.22417676,0.45424235
0.5041948,5.6967106,-0.23113406,9.06233,0.5731592,-1.1875055,0.76052237,0.4488656
0.51750815,5.1518173,-0.29266107,9.107887,0.5613594,-1.1849926,0.41984022,0.44935715
0.50801194,5.092478,-0.33363354,9.100979,0.57825613,-1.1756405,0.15873122,0.27141094
0.5225153,5.0076284,-0.32975155,9.105863,0.54780674,-1.1733539,0.025354505,-0.2553007
0.50829905,5.36894,-0.34640813,9.145316,0.5401726,-1.1468203,0.037479043,-0.13787615
0.5085733,4.47052,-0.35064507,8.987535,0.54985666,-1.1947665,0.13821888,-0.010590643
0.50381714,4.5252175,-0.39266264,8.87038,0.63205576,-1.1671247,0.1910696,0.06743723
0.50332385,4.240907,-0.33092391,8.788988,0.57283854,-1.1426051,0.20220912,0.31138074
0.5036784,4.4917765,-0.2468906,8.787321,0.57346225,-1.1128047,0.21285772,0.12728584
0.5020577,4.749586,-0.2112841,8.84853,0.5957382,-1.160894,0.17565954,0.18207121
0.50066805,4.391922,-0.17431289,8.867716,0.5929563,-1.219759,0.14766777,0.08792317
0.5361061,4.950505,-0.15133816,8.713591,0.59498215,-1.2292559,0.14163232,0.06389153
0.57460564,4.85176,-0.17953575,8.6811,0.5441303,-1.1487522,-0.077382505,-0.18176955
0.5999379,4.893551,-0.21763873,8.654606,0.5314131,-1.1149671,0.16949415,-0.045461178
0.58310896,4.9207864,-0.27278256,8.702598,0.5822935,-1.1474416,0.06961572,0.030903101
0.5916484,5.2032437,-0.27872956,8.67868,0.61355066,-1.1834219,-0.07968742,-0.35780248
0.57194,5.17003,-0.21868026,8.668972,0.6101048,-1.1780012,0.054304123,0.12371147
0.56846184,5.2568407,-0.25939733,8.79908,0.58573747,-1.171546,0.06918681,-0.04579854
0.5809646,4.9083567,-0.2513166,8.751434,0.5662527,-1.190475,0.035242558,0.030544162
0.59114265,4.4088974,-0.3606782,8.659414,0.58237624,-1.1267955,0.17450988,0.18984759
0.57846385,5.046227,-0.35824507,8.809266,0.56373,-1.0685223,0.15499032,0.30268633
0.6403747,6.3998985,-0.3362201,8.83637,0.5092745,-1.0550287,0.43883598,0.31111693
0.65043145,5.0967917,-0.5098699,9.012363,0.45549107,-1.0677977,0.31277502,0.15857399
0.6320529,5.2251997,-0.5322412,8.9843235,0.46596098,-1.0562193,0.14801407,0.015173495
0.646709,5.3949594,-0.49972844,8.941952,0.45202827,-1.0453494,0.16943145,0.009254217
0.65456426,6.214158,-0.4177121,8.970028,0.46054053,-1.035294,0.1526798,0.13184303
0.66385937,6.116454,-0.46190333,8.998814,0.47857928,-1.0892103,0.3151604,0.32875645
0.69391876,7.0730395,-0.4631365,8.945508,0.48633742,-1.0104859,0.2945614,0.1472593
0.6907698,6.4552755,-0.40472633,8.966211,0.4638915,-1.1363266,0.35311854,0.19906497
0.68692565,6.636949,-0.45187044,8.990887,0.4866445,-1.0615306,0.26831317,0.07471347
0.6720022,6.573074,-0.48234946,9.001539,0.48979545,-1.0928395,0.15043294,-0.18164992
0.6852438,5.529261,-0.50852937,8.875459,0.47587013,-1.0770648,0.10586214,0.20091295
0.7044147,5.411398,-0.46008855,8.754609,0.40772343,-1.01161,0.23065603,0.07624817
0.7464221,5.3775473,-0.5462226,8.756602,0.41013384,-0.9873569,0.62105656,0.40101248
0.7178975,5.099086,-0.5151719,8.77769,0.42368436,-1.0479345,0.76258683,0.472991
0.72461724,5.245108,-0.45167333,8.739653,0.4787469,-1.1002679,0.72753716,0.50134706
0.6970653,5.2961226,-0.36561543,8.631692,0.47439456,-1.1133646,0.73125136,0.450167
0.6845449,5.442159,-0.3805859,8.646351,0.5079298,-1.0571086,0.9246279,0.35420036
0.6768034,5.0814266,-0.32911015,8.652735,0.48260736,-1.0587641,0.59797645,0.4527781
0.67253166,5.6784506,-0.21351069,8.682851,0.4325354,-1.0093634,0.37736893,0.34862465
0.71560395,5.351903,-0.20116985,8.62826,0.41062784,-1.0625913,0.13953507,0.2666793
0.7150729,5.682522,-0.32587767,8.666721,0.4412725,-1.0271423,0.2372936,0.06639308
0.68017644,5.288858,-0.35763252,8.68639,0.3916707,-0.9526193,0.16648161,0.15302896
0.71845365,5.2889786,-0.34353918,8.507026,0.4108076,-0.9997957,0.15185916,0.09438372
0.7308734,5.553254,-0.37221837,8.598949,0.42520452,-0.9955385,0.3924427,0.33635974
0.6334783,4.6228833,-0.39661372,8.68907,0.45966458,-0.9946394,0.28345764,0.41170132
2.5926075,8.660479,-0.7554945,8.033548,-0.01104331,-0.5594094,0.10402489,-0.29087424
2.629834,8.422827,-0.66548467,8.211962,-0.049149394,-0.57664824,0.14601088,0.07092059
2.6636822,8.544155,-0.69500566,8.1637125,-0.04312277,-0.5826745,0.13340807,-0.12162584
2.8196127,9.041236,-0.66952145,8.1368475,-0.058882356,-0.59960365,0.072167754,-0.29069465
2.6387017,7.806921,-0.686942,8.158497,-0.02996087,-0.5821762,0.038553715,-0.30645865
2.3049417,8.330206,-0.6083456,8.042626,-0.01503849,-0.5475259,0.0056114197,-0.19770002
1.8593792,5.09205,-0.6653024,8.099722,-0.06281984,-0.5132339,0.008013129,-0.21032876
2.0731733,5.819094,-0.4979015,8.115194,-0.08661735,-0.49857783,0.07973671,0.22749245
2.5175245,6.5136795,-0.4581794,8.045473,-0.117501736,-0.48506284,0.067124724,0.012320101
2.315548,6.1065927,-0.36504543,7.972028,-0.1253376,-0.4648273,0.16547227,-0.101501405
2.4368348,5.6899214,-0.27715713,7.939336,-0.14518023,-0.4611814,0.13246095,-0.0013397932
2.5990398,4.6763544,-0.30614966,7.9043393,-0.1712352,-0.4493327,0.34711552,-0.003200084
2.4829586,4.631011,-0.4764588,7.891715,-0.1554594,-0.38902545,0.16056049,-0.1724895
2.692714,4.2049503,-0.26890868,7.888833,-0.1888516,-0.40086436,0.16978419,0.07917446
2.9441097,5.3519726,-0.0013827085,7.8163238,-0.18575478,-0.4549427,0.18855023,-0.13561499
2.7938333,4.9697843,-0.039076447,7.9268413,-0.20035887,-0.48370552,0.24462485,-0.30531287
2.4241033,4.1961956,-0.083455324,7.9654856,-0.19131458,-0.43223715,0.19620764,-0.01577285
2.1295714,4.750886,-0.064855516,7.9495153,-0.19043744,-0.44382548,0.28639448,-0.07413629
1.9166603,4.384077,-0.13138217,7.9898252,-0.18449795,-0.46426058,0.075350165,-0.14026925
1.7950605,3.4930117,-0.0060738325,7.99881,-0.2175659,-0.42375565,0.10120118,-0.23582384
1.4429455,2.7631764,-0.0038747787,8.153035,-0.28205657,-0.38771796,0.07934368,-0.1930207
1.322537,2.7241166,-0.17777526,8.058426,-0.2643684,-0.33834505,0.16062796,-0.10463157
1.3057113,2.640384,-0.42776328,8.057884,-0.2598343,-0.31869626,0.10543692,-0.12691998
1.4316331,2.437729,-0.7169956,8.071683,-0.3038379,-0.27811384,0.13762057,-0.12512797
1.5737627,2.3919334,-0.6555905,7.92704,-0.30896795,-0.1946578,0.140746,-0.13166437
1.6026356,2.3380656,-0.5915497,7.905942,-0.310135,-0.20429659,0.04589379,-0.16593647
2.4784284,2.1038103,-0.38434935,7.8999133,-0.33225977,-0.2161355,0.023647428,-0.15889102
2.648716,2.1578667,-0.3967725,7.734534,-0.25779128,-0.312464,0.040526986,0.021414042
2.6177106,3.184808,-0.466434,7.8520465,-0.2372719,-0.30972052,0.043318868,-0.093099
2.3860188,2.886308,-0.21315634,7.887761,-0.28794682,-0.33244276,0.1738255,0.18003654
2.2822862,2.9298549,-0.13143724,7.7411904,-0.2958871,-0.2754898,0.33879495,0.13780785
2.4583588,2.7512925,-0.10545486,7.7523665,-0.24734986,-0.2828889,0.25121677,0.4031589
2.408293,2.729578,-0.43349898,7.808744,-0.23372102,-0.28307652,0.4922955,0.42615747
2.4422727,3.309856,-0.092033505,7.8451653,-0.2568333,-0.2824912,0.37462187,0.31633335
2.8164856,3.542251,-0.330778,7.884881,-0.2899959,-0.29457688,0.39898407,0.22677219
2.7056653,3.787026,-0.6389075,7.9806414,-0.25998342,-0.2737379,0.20994985,0.30045962
2.1940994,3.2752848,-0.48412323,8.02285,-0.3056028,-0.26217747,0.16269684,0.09139037
2.10381,3.535175,-0.5328531,8.101907,-0.30219984,-0.254642,0.08197665,-0.11072105
2.186451,3.7741556,-0.76220375,8.151323,-0.30386412,-0.28267717,0.062271953,-0.17802572
2.0590007,3.478785,-0.70553523,8.219541,-0.31305337,-0.29963017,0.06615543,-0.18881202
2.12327,3.7601056,-0.6960062,8.165721,-0.31592405,-0.29645896,0.26921797,-0.08452362
1.6857266,3.1974905,-0.68822885,8.125305,-0.29888535,-0.30219698,0.17761743,-0.13563079
1.6722614,3.5289154,-0.61638784,8.25244,-0.3427484,-0.31410098,0.18443704,-0.10924569
1.8560058,3.543683,-0.61657476,8.245285,-0.37005043,-0.22756767,0.04254353,-0.19892952
1.8120978,3.419465,-0.6335932,8.32962,-0.3689499,-0.25928283,0.06342828,-0.10439479
1.5911427,3.3880997,-0.81664336,8.291649,-0.38597095,-0.22846699,0.090646625,-0.18332136
1.4181914,2.4828153,-0.8747897,8.311381,-0.35684252,-0.22361135,0.20925617,0.32436097
1.4783608,2.5114818,-0.85023206,8.267202,-0.36130905,-0.21073627,0.3745674,0.21478981
1.4959412,3.3719075,-0.70004,8.3349085,-0.34322107,-0.18388987,0.33530676,0.20924038
1.4461728,3.3204112,-0.802553,8.443285,-0.37152147,-0.23506546,0.33301747,0.24308419
1.5465105,3.6417453,-0.8040469,8.454868,-0.37233436,-0.23546982,0.71023893,0.38677144
1.5643342,3.6795382,-0.8985822,8.4286785,-0.3685174,-0.21004891,0.48583782,0.53012395
1.9209749,3.6466994,-0.8971936,8.425278,-0.37154686,-0.2042222,0.3968401,-0.0032236576
1.8311118,3.9440863,-0.94934016,8.43559,-0.3431574,-0.29978323,0.38126314,0.06403792
2.1606884,4.217063,-0.9769579,8.3771305,-0.32216597,-0.21306491,0.50631285,0.517298
2.5104487,6.2455463,-0.941264,8.541508,-0.35174358,-0.2989714,1.0428627,0.5303763
2.3441591,5.9736295,-0.96565104,8.472844,-0.31150532,-0.31784058,1.1492348,0.3459983
2.1041765,5.97762,-0.9667159,8.482156,-0.30600858,-0.322042,0.7203953,0.20928806
2.3054667,6.6216645,-0.97349674,8.512812,-0.3175224,-0.32745528,0.1949004,0.2084359
2.4083052,5.971274,-0.9741271,8.492788,-0.305596,-0.34382963,0.23081577,-0.042706728
1.856643,4.576199,-0.9337527,8.468807,-0.31838262,-0.2810006,0.20597363,0.19664228
1.8601649,4.1118374,-0.9410105,8.441138,-0.3037218,-0.28447342,0.2306788,0.1607967
2.042736,4.2769275,-0.81158143,8.338995,-0.3176136,-0.3041687,0.33558,0.21117604
2.0530748,4.2337704,-0.6998606,8.287858,-0.31917775,-0.3436687,0.34857082,0.18115342
1.5946447,4.106229,-0.7362871,8.326176,-0.3237244,-0.19038796,0.2937125,0.10811126
1.7535324,3.6806304,-0.79592645,8.307793,-0.33336616,-0.276762,0.20308125,0.076869845
1.7843583,3.5145078,-0.7621818,8.338388,-0.3321557,-0.31799245,0.21921027,-0.013696998
1.9110477,3.6474814,-0.6776758,8.367184,-0.32039523,-0.3154049,0.32020283,0.13749516
1.7975137,3.8332882,-0.68115413,8.282495,-0.3176546,-0.32747364,0.59321463,0.44459426
2.2635298,4.041541,-0.7140151,8.055301,-0.29218113,-0.27317333,0.47711074,0.24989176
2.3047743,2.944866,-0.61790025,8.029636,-0.30912352,-0.29673028,0.25601053,0.41286135
1.9155684,2.791825,-0.5054633,7.9971895,-0.29282653,-0.28532267,0.014906526,0.13983017
1.9804797,2.2840517,-0.47241628,7.7772236,-0.2613697,-0.25356817,0.1284455,0.08988321
1.6153598,2.7077622,-0.532997,7.9969616,-0.28681517,-0.26579475,0.22282422,0.0777989
1.8151953,2.6785183,-0.5661473,7.973734,-0.28812182,-0.27553844,0.10031438,-0.018101275
2.024797,2.8017983,-0.5658829,8.029416,-0.31244516,-0.24851799,0.094433784,0.04937482
2.0905418,2.8347971,-0.16774166,7.9142127,-0.30894625,-0.24087334,0.05499673,-0.025934756
2.5046608,2.74155,-0.18565935,7.811982,-0.2741704,-0.29736757,0.28409946,0.041707754
2.4436574,2.7006493,-0.21816623,7.8382635,-0.25549757,-0.31639743,0.11001265,0.12264991
2.735615,3.0696256,-0.14775193,7.865141,-0.25359344,-0.34945154,0.19394135,0.011233091
2.9064198,3.1884625,0.10313678,7.816139,-0.31838346,-0.32094574,0.35153496,-0.2567081
2.7409983,3.199542,0.034944773,7.8001776,-0.2731111,-0.36546326,0.38285804,0.3499496
2.5330048,3.0942163,-0.33869696,7.8466616,-0.27960992,-0.26937604,0.36914623,0.5260503
2.6985111,3.1372797,-0.28362548,7.9195323,-0.2832247,-0.3230915,0.8154135,0.44376075
1.8041339,3.5274246,-0.41037297,8.017276,-0.2124865,-0.30775118,0.39151442,0.17047119
2.355363,3.820154,-0.6458472,8.102485,-0.28529668,-0.31309795,0.16097343,0.24745858
2.1919231,2.9829197,-0.67309994,8.065031,-0.30917072,-0.28245354,0.17179823,-0.031364977
2.2935388,3.705896,-0.5778711,8.031542,-0.28429163,-0.28068113,0.0771451,-0.048429817
2.3337636,3.5437398,-0.5766662,8.034245,-0.29636407,-0.2586298,0.101067424,0.026645541
2.7389712,3.1874533,-0.52835816,8.066393,-0.2838502,-0.31784868,0.10428548,0.042789876
2.738267,2.9459896,-0.5049352,8.03336,-0.2681254,-0.33979225,0.056933284,0.03313428
2.7952006,4.321905,-0.54265326,8.010564,-0.26205158,-0.35936856,0.17964184,0.0051172376
2.8726525,6.2442017,-0.52061737,8.0033455,-0.198555,-0.36850595,0.13704765,0.111442745
2.8735137,6.449316,-0.4813422,8.155829,-0.18009841,-0.43322372,0.13192868,0.062369227
2.4440432,6.2150745,-0.41195297,8.061139,-0.1816194,-0.45859146,0.30381513,0.21329427
2.3137503,5.059408,-0.33254492,8.047581,-0.21998036,-0.42272568,0.5829369,0.4196998
2.2687845,5.0634193,-0.19730186,8.006111,-0.19591248,-0.39757252,0.7158593,0.4371029
2.0331192,4.588918,-0.32635224,8.013273,-0.18427038,-0.4160533,0.62474203,0.53783715
2.495227,4.6554418,-0.5364625,8.065378,-0.18334734,-0.43509674,0.81837475,0.45930374
2.5680137,5.0142336,-0.53655314,8.032874,-0.18457162,-0.4577465,0.6298827,0.28320086
2.6244125,5.552972,-0.5065622,8.041502,-0.15536427,-0.41977143,0.45569742,0.44256353
2.321416,6.100002,-0.44149464,8.075959,-0.15936005,-0.4335642,0.15961015,0.21343768
2.338723,4.995963,-0.55952984,8.045919,-0.13158119,-0.4335308,0.22292411,0.1151315
2.2618508,6.19401,-0.51894546,8.130129,-0.123018146,-0.49382353,0.17442727,0.0031780005
2.4759831,6.072754,-0.5318068,8.153286,-0.12707174,-0.5095358,0.16888201,-0.06343788
2.8600821,6.504737,-0.40618575,7.958779,-0.08705485,-0.49710226,0.12984467,-0.0460684
2.639879,8.235162,-0.35184622,7.9290733,-0.061631203,-0.49297237,0.374964,0.018625736
2.5748441,8.14168,-0.32541472,7.9316077,-0.03490019,-0.5177264,0.5312408,0.3437698
2.5745378,8.488363,-0.3430735,8.006205,-0.0044361353,-0.64724326,0.45743155,0.4346038
2.3953924,7.8133926,-0.36913204,7.9931498,0.0013723373,-0.62754893,0.38549173,0.10691577
2.3755865,6.3733277,-0.40151465,7.827325,-0.0047888756,-0.5599692,0.090636134,0.23384124
2.402554,8.147712,-0.4432674,8.003111,0.003283739,-0.5575788,0.1482439,0.16864598
2.3441148,8.003698,-0.28502154,8.005944,-0.012660861,-0.6056125,0.23006892,0.18780226
2.130056,7.4861846,-0.39381444,7.93562,0.010502577,-0.6162274,0.22647941,0.16945797
1.8971994,7.6944075,-0.51239496,8.043601,0.010075331,-0.5955851,0.24072635,0.08739567
2.1387014,8.22155,-0.55928475,8.156355,-0.06763637,-0.5680032,0.32265532,0.06402564
2.3000395,5.0995436,-0.45659858,8.129557,-0.04663706,-0.57814217,0.12712145,0.109547496
2.2997875,6.478077,-0.5888926,8.155991,-0.08231771,-0.5083277,0.24422395,0.1347171
2.0261753,6.063358,-0.7685315,8.136868,-0.13438523,-0.45214343,0.18577027,0.2195037
2.548039,7.117737,-0.7279911,8.12348,-0.1066488,-0.4520967,0.10028374,-0.0080164075
2.3590326,6.5071425,-0.63184136,8.119316,-0.14644766,-0.449018,0.088940024,-0.04653263
2.481153,4.923934,-0.5437013,8.101498,-0.16515267,-0.44740367,0.26671267,0.10519403
2.1968913,5.9450426,-0.6722449,8.073742,-0.10712087,-0.45043612,0.14323962,-0.027390718
2.700645,5.954751,-0.30109942,7.97342,-0.1432792,-0.42507362,0.2636733,0.047911704
2.697867,8.464918,-0.23608851,7.988348,-0.12815118,-0.5277846,0.2555424,0.03569269
2.9459674,8.248022,-0.46805704,7.9778695,-0.124979734,-0.49033046,0.24562287,0.09040165
2.9639301,9.034018,-0.39317828,7.9841995,-0.071911454,-0.53260374,0.31602466,0.11613476
2.9418137,8.948486,-0.29134727,7.9645042,-0.090817094,-0.546571,0.22115135,-0.064807236
2.5771267,4.479036,-0.2426784,7.8139467,-0.10074341,-0.50901794,0.1110729,0.026788235
2.4146352,5.882669,-0.084775925,7.7948313,-0.077618,-0.51205397,0.21896052,-0.1131542
2.4211707,4.161766,-0.11554104,7.736694,-0.026238441,-0.5450256,0.15897274,0.16953075
2.5708852,6.5190864,-0.05467707,7.7464614,-0.06195247,-0.5417981,0.09639573,-0.1966865
2.549163,5.66862,-0.042472124,7.738052,-0.067601204,-0.5610211,0.22248411,-0.07228917
2.5465703,6.2201867,0.19637728,7.76472,-0.11512923,-0.54409385,0.14011884,0.17685568
2.975716,6.002702,0.06532037,7.682483,-0.12023318,-0.47303462,0.13001633,-0.015844285
2.5028443,6.163248,0.03763044,7.6857915,-0.08307707,-0.46057463,0.19267678,-0.15482676
2.5437202,6.2713184,0.07868886,7.677536,-0.057900786,-0.524158,0.12600017,-0.2843449
2.4608264,5.1878166,0.0024956465,7.6169767,-0.05890906,-0.516464,0.11478996,-0.22662136
1.9335023,3.0128,0.0006817579,7.61648,-0.051095366,-0.52566814,0.13250089,-0.25180683
2.6815362,4.1849337,0.059648395,7.588852,-0.042149305,-0.5414419,0.0031194687,-0.22652623
2.5558999,4.009075,0.28487372,7.558489,-0.04120779,-0.5548768,-0.044742525,-0.3757437
2.9771574,3.209795,0.35535085,7.52307,-0.059188604,-0.5480366,0.0719645,-0.1077075
2.3117945,2.7025857,0.23212194,7.4869604,-0.05786109,-0.5290103,0.18350291,0.28812295
2.2466378,3.237456,0.36705577,7.4265947,-0.017323256,-0.548435,0.09678924,-0.35531646
2.3313992,3.2809691,0.54094553,7.372173,-0.0052144527,-0.6314025,0.102950454,-0.12218583
2.496045,4.182667,0.5354147,7.3231344,0.026827097,-0.6312525,0.08943844,-0.057011425
2.4467456,3.8662553,0.45721972,7.3099403,0.05469632,-0.6508677,0.0051790476,-0.39200848
2.6354806,2.1314526,0.3587203,7.427407,0.05158186,-0.66414356,0.029559493,-0.37154877
2.797699,2.0208273,0.04805684,7.607053,0.09002018,-0.6652827,0.13056028,0.006976962
2.770941,9.33877,0.21120358,7.5756445,0.045739412,-0.6667104,0.037236333,-0.24425578
2.8269324,8.14065,0.25774407,7.5832787,0.055411577,-0.6691861,0.067421556,-0.4057895
2.805436,7.436343,0.15629292,7.676042,0.049682617,-0.6727967,0.04842353,-0.20958447
2.8487473,8.149252,-0.021682262,7.6548467,0.060085535,-0.67600226,0.060124874,-0.47974506
2.4513507,4.004791,0.090994954,7.66484,0.060737133,-0.6525371,0.08680594,-0.43556952
2.165123,4.323576,-0.14430416,7.699966,0.088686705,-0.678133,0.045477867,-0.42379305
1.4474714,3.785289,-0.11506724,7.7643137,0.12266207,-0.6832874,0.106971145,-0.3742292
1.2063737,4.0640407,0.025261164,7.8382235,0.121021986,-0.6828685,0.3447441,0.2967831
1.2655158,3.6702964,0.01735735,7.819439,0.1046567,-0.66314864,0.22912323,0.12748992
1.29523,4.23144,-0.12301147,7.898007,0.13260436,-0.6938629,0.174523,0.07684183
1.1499854,3.8878183,-0.080524206,7.905289,0.12310243,-0.68342924,0.21756923,0.1050396
1.0553209,4.510611,0.0030021667,7.9073915,0.1272006,-0.6925435,0.17729259,0.0723384
1.2968296,5.0001574,0.035621166,7.9008193,0.08801031,-0.6768701,0.16146398,-0.339015
1.4912932,4.076489,-0.0010822415,7.842959,0.067468405,-0.6599951,0.17636287,-0.044663727
1.7324827,5.198322,-0.014689982,7.8224645,0.05297494,-0.668416,0.097642064,0.051413
1.307002,5.504791,-0.01953423,7.941721,0.10492301,-0.6826811,0.15555656,-0.019487798
1.3679287,6.4242806,-0.06180322,8.017059,0.06322622,-0.6531341,0.16178405,-0.14854267
1.5266776,6.6709723,-0.13182473,7.999857,0.060545206,-0.69312835,0.077207446,-0.102576286
1.5280734,6.6153436,-0.11726105,8.045958,0.072613955,-0.7140722,0.10589957,-0.21424443
1.4654545,5.2066736,-0.048496127,7.929132,0.054356813,-0.705621,0.10135436,-0.18269819
1.4573122,4.990735,-0.11232388,7.987296,0.0643208,-0.6720824,0.14706528,-0.20895034
1.571878,4.756275,-0.17565179,7.972913,0.055058956,-0.6648507,0.09926653,0.1501894
1.2578816,3.6824083,-0.2514149,7.9231977,0.062314272,-0.63982177,0.1766082,-0.048660845
1.3422328,3.45,-0.26527768,7.917715,0.0732224,-0.6239979,0.013918161,-0.0110292435
1.4926336,3.7335262,-0.4104088,7.9004607,0.08303523,-0.58296967,0.09799349,0.006932497
1.4534723,5.0520716,-0.22552752,7.9211955,0.040477037,-0.60225177,0.14092112,-0.0927695
1.589033,4.3710947,-0.27691364,7.998119,-0.010716915,-0.5777209,0.10542762,0.088229835
1.456173,3.9443998,-0.23931205,8.00203,-0.011256933,-0.6028223,0.13370752,-0.20367649
1.779756,4.4478664,-0.26818812,7.9429483,0.00010895729,-0.59221625,0.16773736,-0.0027332306
1.5684496,4.656975,-0.2963302,7.8732667,0.015617609,-0.586004,0.124738455,-0.023323625
1.8310239,5.058036,-0.3370654,7.903165,0.025772095,-0.6016774,0.07291436,-0.06943187
2.1089432,7.1643558,-0.24406421,7.846529,0.018696308,-0.6063962,-0.011675239,-0.19573215
2.753309,6.653915,-0.07383835,7.731328,0.032215357,-0.60309863,0.154181,-0.3010082
2.737928,7.7371845,-0.026432514,7.745812,0.033848524,-0.6660917,0.059214234,-0.17667949
2.9679735,8.554326,-0.073239386,7.6072707,0.07258725,-0.6882479,0.09611964,-0.28687024
2.9677799,7.825656,-0.01746142,7.6893363,0.082131386,-0.700346,0.12913966,-0.03264439
2.1871219,6.407416,-0.0038067102,7.6610994,0.101741076,-0.7147732,0.073213935,0.017724156
2.597855,7.2623944,0.16997385,7.6569333,0.11175871,-0.7446389,0.2852255,0.30357385
2.2636585,8.684927,0.13328707,7.613245,0.16545701,-0.744853,0.30532765,0.24214625
2.1187072,6.619389,0.047882795,7.5613375,0.18574214,-0.76733685,0.28475928,0.12900639
2.2085953,5.4876757,0.08748388,7.555776,0.19156837,-0.7542262,0.06823015,0.121165514
2.4873724,3.9057884,0.094420314,7.5971856,0.16917396,-0.76978445,0.06099832,-0.29940343
1.8158658,5.2173862,0.014591932,7.5508175,0.16039586,-0.70696855,0.012690306,-0.3965873
2.4660192,8.952335,-0.011471391,7.5804186,0.15943909,-0.7410002,-0.008646667,-0.391908
2.2117114,6.802928,-0.08239877,7.59878,0.1766522,-0.73563266,0.34901345,0.006361127
2.7342656,7.1678977,0.10442495,7.6120286,0.12935233,-0.7018919,0.3879304,0.38024795
2.8117862,8.967407,-0.040603757,7.670372,0.10525131,-0.6840284,0.18290997,0.25607133
2.5414891,9.453629,-0.12243092,7.6490674,0.10007191,-0.70917964,0.21386826,0.08494419
2.2352679,9.636879,-0.09488016,7.8531446,0.10398841,-0.6922281,0.36214852,0.12613529
2.6747246,9.786894,-0.053043723,7.738411,0.13520598,-0.7303026,0.28507507,0.34157008
2.8215702,9.941686,-0.2151655,7.7135935,0.12007713,-0.7023003,0.27126527,0.27632987
0.7842846,4.9089375,-0.77725536,9.133583,0.028757095,-0.6528597,0.022563577,-0.12580347
0.759477,4.8737564,-0.7273318,9.222057,0.011722565,-0.6727884,0.17541432,0.045708537
0.7172204,4.7575684,-0.5685128,9.234648,-0.012453198,-0.6972058,0.2755674,0.13957685
0.74240625,4.5812893,-0.7106634,9.161528,0.039137125,-0.6726725,0.10413277,-0.34750056
0.783243,4.927059,-0.7989043,9.132085,0.05752206,-0.6618099,0.04169917,0.00090163946
0.7750237,5.1278915,-0.77252936,9.186018,0.05872798,-0.6743531,0.013560891,-0.19028485
0.76867926,5.1094227,-0.74983525,9.247709,0.0904994,-0.6895261,0.054964304,-0.12548146
0.77279246,5.15082,-0.7682399,9.218512,0.019626379,-0.63591695,0.11657834,-0.14686278
0.78593993,5.319728,-0.8070276,9.198307,0.06662059,-0.67482495,0.18753183,0.07114375
0.7925261,5.3878675,-0.7506987,9.168964,0.07825613,-0.63130474,0.8756087,0.532372
0.7639909,5.8291364,-0.6590364,9.096737,0.08885145,-0.6215005,1.6710532,0.49396896
0.76446044,5.881124,-0.67165786,9.13467,0.08983064,-0.642735,0.9492774,0.5398458
0.7687814,5.668097,-0.7030688,9.187189,0.068777084,-0.64952254,0.7381314,0.33979118
0.8014735,5.2459416,-0.6875253,9.141268,0.053403854,-0.70948195,0.43255627,0.20065624
0.7951549,4.671698,-0.80508506,9.138073,0.09692097,-0.6801691,0.32259,0.19608063
0.79936415,5.1275206,-0.77999276,9.088417,0.0983758,-0.71813774,0.10911417,0.1309452
0.7865734,5.6769915,-0.8342973,9.233423,0.044201374,-0.6795864,0.40977395,0.18642938
0.84115183,5.5437403,-0.97246575,9.259538,0.033481598,-0.64574504,0.1309048,0.18220997
0.84169805,5.1657524,-0.97528446,9.059046,0.05524993,-0.6138761,0.1004926,0.12774217
0.8575087,5.1038823,-0.911814,8.997505,0.057213783,-0.61637497,0.2173059,0.14272207
0.9174282,5.2553596,-0.85920876,8.960903,0.056482077,-0.63681555,0.20271468,0.050807536
0.93161035,5.2773695,-0.93447226,8.889613,0.0645082,-0.6537876,0.19442236,0.05203086
0.92524487,4.8259573,-0.91597825,8.741352,0.07434559,-0.61441827,-0.034707487,-0.018457413
0.98338485,5.260352,-0.91888136,8.768219,0.07004261,-0.60102797,-0.030528069,-0.06236407
1.0875238,5.2844214,-0.885146,8.708792,0.081293344,-0.6538696,0.123316765,0.29596794
1.0737486,5.8981247,-0.84154874,8.656812,0.08021808,-0.646796,0.2993728,0.3307793
1.1650728,6.023334,-0.8625641,8.622375,0.07927251,-0.6549325,0.27849352,0.3494351
1.0977147,4.9944863,-0.85576874,8.642855,0.08228278,-0.67306685,0.15853953,0.3657421
1.0963118,4.7188177,-0.8754406,8.68013,0.096969604,-0.6654115,0.17608309,-0.15186188
1.0444956,5.67183,-0.91843426,8.744556,0.08826542,-0.66652036,0.0018495321,-0.30557784
0.9787019,4.6722717,-0.88590527,8.694626,0.08486414,-0.6485317,0.010469437,0.157063
0.9581074,5.4025106,-0.72698915,8.786943,0.07347751,-0.6720624,0.43291688,0.30072826
0.9832659,5.527603,-0.7676848,8.728701,0.11403608,-0.6253972,0.13038456,0.23111784
0.9793104,5.477708,-0.78093445,8.820718,0.036472797,-0.5917158,0.113994956,0.11186391
0.9705558,5.5298243,-0.72058403,8.809781,0.0061323643,-0.602489,0.28512275,0.0871582
1.0018923,5.809831,-0.61810493,8.775091,0.033142805,-0.61974525,0.22987688,0.19583356
0.99090767,6.091261,-0.6065376,8.741324,0.027098417,-0.63713384,0.37883604,0.060897946
1.0110804,5.492159,-0.6844539,8.751328,-0.004343629,-0.6300492,0.1587249,-0.2179867
1.061677,5.4420633,-0.7079593,8.704207,-0.0051517487,-0.6201587,0.1910299,-0.1585216
1.0762365,5.44219,-0.7210757,8.685772,-0.013371587,-0.60220194,0.298429,-0.055762053
1.045987,5.4646587,-0.7595345,8.701895,0.0032789707,-0.58748484,0.25514555,0.24100786
1.0711489,5.5134993,-0.7545006,8.666954,0.03591919,-0.5821452,0.27833998,0.29463542
1.0725641,5.3806276,-0.6697808,8.677196,-0.020293832,-0.57989764,0.31998205,0.4145224
1.0720452,4.79428,-0.7829317,8.652187,-0.027555823,-0.53814936,0.37000096,0.34633833
1.0584881,4.8910513,-0.74601626,8.648916,-0.033935547,-0.5535984,0.32764244,0.37574285
1.0347881,4.735958,-0.7705498,8.635033,-0.040640473,-0.50523734,0.32556784,0.06103784
1.0789856,4.7355247,-0.50509214,8.613124,-0.08870864,-0.51805115,0.4197625,0.038261354
1.039947,4.791013,-0.7011453,8.710995,-0.0987308,-0.4977584,0.22861648,0.1908006
1.1149325,4.9836907,-0.6875572,8.680774,-0.10213995,-0.49049354,0.21266007,-0.16895896
1.1246823,5.598595,-0.67966205,8.735025,-0.070026636,-0.5450597,0.24464166,0.28869355
1.0991864,5.482955,-0.7807567,8.778496,-0.06843948,-0.51098895,0.5415696,0.42948544
1.1040957,5.3863277,-0.768312,8.7817955,-0.03114736,-0.5412717,0.44552362,0.3737967
1.0961022,5.4266844,-0.87427497,8.737212,-0.0072255135,-0.5792899,0.46261704,0.40248477
1.0923641,5.239303,-0.9112538,8.616222,0.015108824,-0.54104114,0.23750031,0.40640086
1.1562703,5.4689364,-0.93253684,8.708869,-0.002540946,-0.56274796,0.312037,0.31174177
1.1542736,5.782531,-0.83732206,8.6558,-0.022636175,-0.55282927,0.04802096,-0.013599932
1.2056961,6.6047826,-0.7028942,8.664277,-0.03886819,-0.5392394,0.17163885,0.10664022
1.2241186,7.1897697,-0.7937212,8.679521,-0.0065455437,-0.5572727,0.3186097,0.13950443
1.1905257,6.7716246,-0.66943485,8.682919,0.011025429,-0.57478476,0.579921,0.39871764
1.2084275,6.7421484,-0.7142654,8.688984,0.036878824,-0.6364453,0.47338414,0.37253135
1.1645167,5.6684327,-0.6264083,8.588268,-0.019945502,-0.6164794,0.4484837,0.23573077
1.2232504,5.9626803,-0.54629564,8.641766,-0.061614394,-0.624187,0.3453604,0.17586309
1.2102544,6.212377,-0.38261908,8.518459,-0.01851654,-0.6080034,0.32003486,0.32884967
1.2554551,6.32169,-0.38249677,8.465223,0.007309437,-0.608243,0.36509335,0.3736918
1.2598858,5.9010525,-0.5968276,8.58638,-0.03382337,-0.57310915,0.42825198,0.29709047
1.1639404,5.872409,-0.5785502,8.593215,-0.018634558,-0.58996534,0.3674916,0.1806848
1.2731999,5.9463925,-0.5829634,8.582628,-0.07959044,-0.58096075,0.49183953,0.313506
1.178022,5.3711467,-0.5329351,8.525151,-0.06767869,-0.55665255,0.49265242,0.39401734
1.1757195,5.351736,-0.52838236,8.586853,-0.05310023,-0.5970347,0.4904636,0.38133293
1.2121518,5.390492,-0.560486,8.562568,0.023814678,-0.59589696,0.41886187,0.3600912
1.0387065,5.4184947,-0.59638894,8.587692,0.027296066,-0.6005845,0.47840416,0.33636642
1.0647035,5.1779385,-0.7936728,8.563442,0.040435553,-0.5942092,0.24684,0.3673483
1.187672,6.463221,-0.7617905,8.642622,0.06377196,-0.6718719,0.27132952,0.0028364062
1.1439955,6.9993954,-0.771354,8.641258,0.10684252,-0.6200435,0.14651585,-0.1319887
1.1665659,7.2065954,-0.7773956,8.618046,0.086144924,-0.62992954,0.38717365,0.3485803
1.2944295,7.444462,-0.7390769,8.475549,0.07206178,-0.65930486,0.51452136,0.36443877
1.2078917,6.646572,-0.7343082,8.527874,0.12729883,-0.71208405,0.44338942,0.40133
1.2863121,5.9413786,-0.7625534,8.4286995,0.11254382,-0.70359087,0.50819075,0.40785003
1.3174813,7.1174955,-0.52182096,8.336506,0.11140823,-0.6543584,0.31911588,0.49612534
1.3350807,6.7689333,-0.59093356,8.321902,0.095213175,-0.6676254,0.5811461,0.4993208
1.3481606,6.2880363,-0.56617767,8.30558,0.13109279,-0.6923237,0.4690938,0.47821712
1.2443249,6.168566,-0.5174832,8.347698,0.13827872,-0.6985626,0.5368029,0.4117154
1.1650262,6.2920914,-0.36108464,8.381052,0.076114655,-0.6336429,0.40112686,0.52915525
1.1756246,6.551665,-0.279428,8.345003,0.07319188,-0.6942911,0.76049626,0.4468243
1.3285844,7.9834385,-0.3509091,8.32067,0.084077835,-0.70301104,0.52477956,0.32631946
1.361922,8.5947895,-0.37044746,8.380245,0.08789015,-0.67140126,0.464599,0.45933807
1.6698267,8.599279,-0.2992435,8.152081,0.022773504,-0.62191725,0.5017375,0.37848616
1.701396,6.937311,-0.5321091,8.213186,0.00840807,-0.5839758,0.31161523,0.4105549
1.784519,7.2356696,-0.72350323,8.182831,0.024917603,-0.58573985,0.23076081,0.34793103
1.8874668,6.8851776,-0.75718915,8.198771,0.04748726,-0.5691471,0.37469792,0.53339803
1.9439398,6.87435,-0.87968636,8.260124,0.018891335,-0.5617647,0.30221725,0.47839844
1.9994454,7.814119,-0.73353475,8.059803,0.028203487,-0.5771797,0.41264963,0.40060157
2.9274578,8.126949,-0.35416073,7.934283,-0.004940629,-0.5479634,0.38397872,0.24688303
2.8665771,9.333639,-0.6485534,8.072576,0.018475533,-0.66556644,0.3511144,0.3618219
2.8058932,9.270704,-0.6092463,8.079947,0.06899595,-0.63336587,0.3827108,0.3748654
2.649196,9.1465645,-0.6277177,8.046571,0.06237459,-0.6419728,0.41130602,0.20665789
2.8050163,9.64436,-0.45116615,7.9797826,0.0645411,-0.6774485,0.34880733,0.36825776
2.7264786,9.088762,-0.2203536,7.784607,0.035600424,-0.6387594,0.33286893,0.038482964
2.8215575,6.4455943,-0.24611068,7.8433,0.025575876,-0.6067245,0.21029496,0.30004513
2.4613757,6.6748548,-0.11839247,7.663453,0.07063389,-0.6223562,0.21515179,0.092105746
2.846742,7.593621,-0.12051207,7.588331,0.07483244,-0.6382022,0.14004743,0.13973516
2.9074972,6.946871,-0.109320104,7.7024755,0.07592535,-0.6530905,-0.103803515,-0.2333706
2.8808224,7.3207526,0.055383325,7.5805464,0.06281257,-0.6706748,-0.00939703,-0.06562707
2.7383263,6.5691037,0.161901,7.57386,0.054715633,-0.66421175,-0.04019338,-0.47886539
2.5219188,3.1069908,0.054769993,7.5739474,0.039352894,-0.6408787,0.14223361,-0.07683495
2.6896973,3.1358495,0.17024553,7.519369,-0.07415676,-0.5438347,0.017228007,0.04782605
1.6625912,3.08664,0.3503716,7.553527,-0.0684886,-0.54767656,0.148942,-0.22497034
1.791206,2.165044,0.3569677,7.6862006,-0.108391166,-0.5237706,0.32941723,0.3911786
2.2159638,2.01364,0.28672993,7.5733995,-0.091841936,-0.49948645,0.58019924,0.46968782
2.2766075,2.396961,0.25058556,7.5841126,-0.10692525,-0.49416113,0.32187128,0.11201805
2.2088578,2.204851,0.25236034,7.617057,-0.106607795,-0.51769376,0.17192495,0.19019735
2.1864204,3.7544408,0.5067799,7.608413,-0.06357777,-0.58009243,0.40614176,0.27637953
1.8905697,4.891632,0.50220263,7.5882635,-0.05063653,-0.5838611,0.7924267,0.4276005
2.5428429,6.079234,0.17183149,7.631583,-0.043517113,-0.5164728,0.3587383,0.24983269
2.961165,6.081976,-0.08376932,7.638008,-0.057140708,-0.50788856,0.30112898,0.36412895
2.9279509,6.5872083,0.13986182,7.646622,-0.06061864,-0.51795006,0.6053462,0.52589226
2.9747312,5.852887,0.03344333,7.7314816,-0.06433046,-0.536314,0.14002895,0.3127252
2.9550483,5.3054495,0.04439056,7.6119647,-0.062562585,-0.5140686,0.23945892,-0.0036521256
2.9677222,5.8690643,0.13477564,7.7183065,-0.100999236,-0.5283017,0.23678958,0.18143052
2.1944025,4.569067,0.11362839,7.7758307,-0.109405756,-0.48858356,0.11966479,-0.29535714
2.3128848,4.122674,0.08006704,7.7614594,-0.112683415,-0.4987483,0.0842489,0.1163578
1.5071019,2.7015052,-0.09936631,7.853622,-0.10728228,-0.51705694,0.23886454,0.28303105
1.9481599,4.3316703,-0.09126139,7.863368,-0.12546647,-0.45859694,0.24316514,-0.11944419
2.9381726,5.5021677,-0.23571903,7.7885275,-0.13409352,-0.4410448,0.33550358,0.29700106
2.9173121,6.4438543,-0.18347752,7.8253775,-0.15860856,-0.42661095,0.6408088,0.32413483
2.913095,6.165951,-0.13528568,8.001171,-0.16477776,-0.48118353,0.3208567,0.24485856
2.7325284,7.6467943,-0.4352997,7.800666,-0.03401923,-0.503206,0.49612427,0.28745556
2.2911112,5.975932,-0.41418612,7.875058,-0.044609666,-0.52386594,0.3209561,0.28013068
2.4676595,5.7621317,-0.39321965,7.8827333,-0.024115443,-0.5520642,0.31340945,0.3015622
2.5918927,7.1937323,-0.45852232,7.901761,-0.010360122,-0.55441666,0.14760196,-0.028656304
2.322327,6.4954033,-0.34598535,7.9316735,-0.026490808,-0.58506083,0.16935456,0.018588185
2.368502,6.4008827,-0.2927264,7.897387,-0.027952433,-0.5905998,0.23315716,0.09461486
2.2178884,7.19009,-0.43835592,7.978382,0.019476414,-0.58235073,0.22714233,-0.0031554103
2.0958536,7.2084618,-0.50293803,8.009634,0.060843945,-0.5847044,0.4250672,0.28355265
2.087265,7.382583,-0.5720992,7.988957,0.062003374,-0.58929443,0.15237415,0.27642137
2.0058055,8.242354,-0.19699335,7.9816656,0.056239605,-0.6159935,0.35930324,0.39500827
1.9154905,7.682317,-0.22443485,8.085515,-0.014463425,-0.6187277,0.54158235,0.43952513
1.771963,8.5936985,-0.33552247,8.292961,-0.03533566,-0.5667076,0.5196986,0.33709705
1.9698217,8.303145,-0.73402345,8.32357,-0.041568995,-0.55917454,0.61515903,0.32035744
2.080271,8.203611,-0.74824405,8.301841,-0.044258833,-0.57758355,0.20524192,0.19398618
1.9201238,8.219404,-0.74216664,8.383329,-0.047532678,-0.55225277,0.20610774,0.2323299
1.9147906,9.572397,-0.7054719,8.376142,-0.049546957,-0.53440905,0.41294742,0.056343317
2.325039,9.521326,-0.7587067,8.401428,-0.07273543,-0.5593519,0.23581982,0.2195369
2.347394,9.812124,-0.71149206,8.333304,-0.067154646,-0.49346924,0.24782741,0.19290042
2.5863059,9.803535,-0.7278446,8.199514,-0.108792424,-0.5121639,0.32444894,0.06969619
2.8598292,8.75391,-0.52636397,8.265091,-0.15714514,-0.499619,0.24346566,-0.009308636
2.958228,8.694809,-0.35621566,8.121695,-0.14424586,-0.48517132,0.2425425,0.04643768
2.7222748,8.339811,-0.46926868,8.065251,-0.13468683,-0.4909668,0.21108353,0.03516704
2.663684,6.774911,-0.5173349,7.969518,-0.097037435,-0.47439456,0.26590598,0.12623787
2.6095366,6.668175,-0.5200585,7.957698,-0.047222733,-0.5100012,0.23654819,-0.032847255
2.6734514,6.915217,-0.39292443,7.9304037,-0.089944124,-0.49921894,0.22445989,0.043807387
2.9031649,6.717989,-0.45367825,7.958207,-0.10985136,-0.48694968,0.11934888,-0.05303389
2.3303754,6.3180566,-0.41725856,7.9482017,-0.13567579,-0.459512,0.33449566,0.03169024
2.5196493,6.3049874,-0.3510725,7.984415,-0.09428346,-0.4953518,0.31797493,0.29003805
2.6273403,6.2754664,-0.4103855,7.957754,-0.11221111,-0.4996407,0.3227284,-0.04356751
2.6259863,6.9543896,-0.5834415,8.017028,-0.104982376,-0.5006883,0.070602775,-0.030886889
2.6104364,6.826062,-0.6637372,8.137579,-0.11899209,-0.43380237,0.0957855,0.15829891
2.6840172,5.8119307,-0.67940587,8.003163,-0.16015208,-0.42426777,0.17670238,-0.036426067
2.6772475,5.831483,-0.47486293,8.001408,-0.1491239,-0.39965415,0.19166291,-0.0067960024
2.45337,3.4834545,-0.5964767,8.003141,-0.19998038,-0.39780235,0.12083936,0.046247482
2.5253177,3.5359054,-0.5031725,7.9357357,-0.19253802,-0.34657192,-0.0018690228,0.060052156
2.4791856,3.507886,-0.33451056,7.959584,-0.1858933,-0.4105785,0.25638127,0.31682116
1.9613106,3.5019612,-0.40781534,7.901641,-0.13502872,-0.39795065,0.508862,0.48352838
2.3256106,3.468063,-0.6408951,7.947447,-0.0992111,-0.412848,0.23765087,0.410138
1.9665968,3.2476964,-0.54319465,8.038611,-0.104783535,-0.44603586,0.32689524,0.4537297
2.429475,3.5833101,-0.46660668,7.899305,-0.07483411,-0.48480177,0.22514963,0.41434085
2.297196,5.4826355,-0.49002576,7.831833,-0.036392927,-0.4203329,0.38924813,0.4745208
2.2786524,5.4420347,-0.57742405,7.815523,-0.03384924,-0.462739,0.19777524,0.0692355
2.3770494,5.3514524,-0.46398675,7.9293103,-0.08032179,-0.49351883,0.14086223,0.23284459
2.7827725,5.5853987,-0.32564306,7.9250374,-0.08466852,-0.53204346,0.18223584,0.11833334
2.0773985,6.6743455,-0.31133246,7.967766,-0.047219038,-0.5598433,0.15985036,0.13212085
2.6403103,7.407895,-0.4327798,7.9124756,-0.051604986,-0.5169635,0.2732618,0.06420934
2.68368,6.238007,-0.34979993,7.8771486,-0.06543958,-0.4981122,0.37996447,0.26376963
2.9128618,6.5961614,-0.33473605,7.832919,-0.06866622,-0.49595857,0.2953019,0.3992771
2.5808861,6.9377027,-0.34082943,7.8872,-0.055261135,-0.52139306,0.09335101,0.073928356
2.362875,5.32446,-0.40919673,7.915746,-0.0070929527,-0.54579973,0.18962204,0.043272197
2.4031894,8.240635,-0.4868064,8.014498,0.004998207,-0.5846505,0.17173862,-0.116609216
2.2210536,8.139912,-0.4602158,8.036711,0.011367559,-0.5809245,0.14159536,-0.12860322
2.394715,8.887228,-0.61492664,8.009996,-0.0016466379,-0.5655396,0.18978441,-0.091107845
2.5749893,6.4432383,-0.51617825,7.9346476,0.033783197,-0.5886736,0.067077994,0.12099373
2.698293,9.025131,-0.33498567,7.7997403,0.044855595,-0.6007633,0.3730911,0.013406873
2.6728973,7.247567,-0.25571132,7.859621,0.035260677,-0.63112426,0.14422596,0.12129009
2.6605854,8.266739,-0.23004127,7.859073,0.03704858,-0.6400645,0.31000602,0.13456875
2.327873,8.202768,-0.22743654,7.863703,0.049467325,-0.6631763,0.13343835,0.19053304
2.3413508,8.195541,-0.1971643,7.8823934,0.05872321,-0.670599,0.016135693,-0.2452884
2.7896228,6.5276337,-0.21310836,7.6803255,0.06968784,-0.6551912,0.15070677,-0.10468501
2.8580356,8.021204,-0.13832319,7.64021,0.1379416,-0.67329955,0.59224904,0.43000072
2.92001,9.654362,-0.15565974,7.6074085,0.14322925,-0.6966629,0.41545558,0.48357308
2.82787,9.423756,0.17162156,7.6054626,0.0872643,-0.6557579,0.5026772,0.2808807
2.8176377,6.657592,0.093292,7.538067,0.07807088,-0.6542778,0.51298904,0.5288801
2.7965326,5.876189,0.13248253,7.4953766,0.026180267,-0.57808924,0.68233657,0.48215503
2.538006,6.560832,0.32821465,7.5055327,0.034365654,-0.57323503,0.56697917,0.5265255
2.0958858,5.5396986,0.23332858,7.599927,0.0038073063,-0.5680189,0.58223844,0.35626376
2.74687,3.4697526,0.29030704,7.5560126,-0.065037966,-0.5709264,0.65182626,0.44361603
2.7711692,3.028881,0.26630127,7.510091,-0.07092357,-0.4925933,0.41688287,0.4684732
2.4993267,2.9333127,0.2512585,7.491538,-0.090040684,-0.50644445,0.39521086,0.27859718
2.5738668,3.295611,0.2423842,7.581669,-0.10467291,-0.5014045,0.44905472,0.21042925
2.8259983,4.7949,0.237759,7.5984116,-0.10941732,-0.46228766,0.44736457,0.40051508
2.6608768,4.3613586,0.07983518,7.619795,-0.13530219,-0.45491958,0.5064429,0.38646352
2.5379596,2.5822375,0.20875823,7.6102805,-0.14150727,-0.43557906,0.40906763,0.3677681
1.8762257,4.234289,0.22346687,7.6404433,-0.03868568,-0.5864301,0.3006829,0.087210774
2.6911626,6.6544404,0.23353696,7.564646,-0.0053441525,-0.5863621,0.1705811,0.14605755
2.9850156,6.269272,0.3069842,7.521625,0.005515337,-0.6188817,0.0841285,-0.08038312
2.9772673,5.1452293,0.47936893,7.495705,-0.021442533,-0.6012387,0.033530474,-0.13536009
1.7375268,3.4556718,0.27528286,7.4895706,0.06452131,-0.6053059,0.0036845207,-0.3590359
1.6281383,3.004663,0.23833978,7.517371,0.06617761,-0.67392445,0.069423914,0.12120378
1.4723223,2.3475611,0.24932289,7.511802,0.082677364,-0.69192743,0.00025069714,-0.33606526
1.6191716,2.0363824,0.20497477,7.525537,0.09681606,-0.70408535,0.083417535,-0.25074977
2.569306,9.218692,0.21552324,7.6006374,0.08650565,-0.7393894,0.0995307,-0.23879457
2.460078,4.2538757,0.15151024,7.528817,0.12167835,-0.72633743,0.04908192,-0.3915023
2.7750375,5.0881824,0.2203368,7.4585657,0.11756086,-0.72361183,0.13688707,-0.1759556
2.6724954,9.022966,0.25451016,7.462275,0.12298226,-0.7212434,0.08007407,-0.4129112
2.6980627,7.3817487,0.229671,7.471279,0.12073064,-0.7107372,0.09098542,-0.44890523
2.4235559,4.7475443,0.31587005,7.476296,0.12887168,-0.74849105,0.03022778,-0.37591875
2.4041119,4.9267483,0.26737607,7.472021,0.17035294,-0.767143,0.07518554,-0.30190694
2.7749815,8.031643,0.40583348,7.3661566,0.185781,-0.8055432,0.16491938,0.06836492
2.3423042,8.099453,0.44469965,7.306822,0.18380499,-0.7966769,0.17360282,0.07000899
2.31995,5.2789745,0.41793704,7.303396,0.1349082,-0.7640953,0.18355072,-0.27489275
2.2689276,5.5171638,0.16213524,7.4669023,0.21080995,-0.8358481,0.036391973,-0.2868958
2.3243504,4.6454697,0.27389133,7.40797,0.17237735,-0.8154447,0.08454132,-0.3328219
2.2736654,5.4053764,0.3033607,7.4254866,0.20129609,-0.8225453,0.08136296,0.09594309
2.5803704,8.397335,0.23353279,7.524438,0.17082572,-0.7826004,0.26104927,0.26941544
2.8549564,9.41599,0.25427985,7.519866,0.15514636,-0.7964535,0.19424379,0.15759176
2.8669057,9.701523,0.16406095,7.3970575,0.19566298,-0.76269746,0.06140256,0.09804952
2.646365,9.917219,0.15377104,7.432493,0.19059515,-0.7584655,0.09920168,-0.059187233
2.960735,3.425208,0.13182402,7.5248632,0.1454935,-0.7584746,0.109634876,0.19346648
1.3079301,4.0103517,0.10445285,7.6243186,0.21641684,-0.83615685,0.29960036,0.3310181
1.1027149,3.3725114,0.307894,7.642421,0.22373176,-0.861707,0.27421284,0.28071612
1.2708035,4.089573,0.31576002,7.559957,0.19957566,-0.7299216,0.29627228,0.43604672
1.2698121,4.024739,0.2961781,7.4896574,0.1597066,-0.718483,0.36338544,0.03161609
1.5508748,3.7549744,0.30704737,7.5313773,0.11251783,-0.71670604,0.07393646,-0.0056089163
2.0958138,3.1693864,0.24100208,7.4614277,0.11274862,-0.7066531,0.11932635,0.1397835
1.895895,4.284276,0.41215014,7.454105,0.11390233,-0.69860387,0.1717354,0.038771212
2.4432168,4.543823,0.20034766,7.4436626,0.1225934,-0.71341467,0.14856851,-0.101056576
2.5860693,6.8296776,0.18455243,7.503149,0.12948179,-0.7092929,0.18703818,-0.24145085
2.7392886,6.6162705,0.11207986,7.538707,0.10595918,-0.68850374,0.16168499,0.3994007
2.764717,7.891765,0.07512581,7.499994,0.09993982,-0.6958213,0.12184274,-0.14708883
2.5176783,7.730658,0.10714054,7.549179,0.09589124,-0.6425729,0.22296536,0.03336519
2.9304075,8.271315,-0.17402256,7.6924386,0.069117546,-0.6397171,0.2094208,0.35245097
2.9505847,8.053652,-0.036821425,7.6767845,0.055148125,-0.6638577,0.17245793,0.10210878
2.8920279,7.7729087,-0.056072354,7.686227,0.06945467,-0.6648996,0.048627615,-0.064973
2.6037776,9.085695,-0.12399572,7.8100653,0.029930353,-0.6581788,0.15607011,-0.16130221
2.5835748,8.217197,-0.07931483,7.8099256,0.05650139,-0.71152854,0.096776605,-0.0856705
2.4555469,8.727671,-0.10709882,7.7545323,0.06351113,-0.69268036,0.26979256,-0.1352644
2.1809976,8.45437,-0.13594228,7.801977,0.092620134,-0.7057364,0.28760982,0.21882951
1.9128071,6.0103273,-0.08895874,7.849787,0.08013821,-0.6783991,0.2239753,0.36503482
2.0596664,5.542163,-0.21864378,7.80954,0.104090214,-0.69076395,0.17157197,0.22541797
2.0876007,5.2480917,-0.16316569,7.8052216,0.09003425,-0.6554954,0.40155387,0.19019067
2.260693,7.5233154,-0.109796464,7.8685246,0.05236149,-0.6796036,0.31285703,0.025783002
2.434988,8.902103,-0.19472349,7.869213,0.028317928,-0.67239,0.24646306,0.25805038
2.4418907,9.459996,-0.18412936,7.922171,0.062943935,-0.6788697,0.24689078,0.22754759
2.345718,8.512709,-0.12411368,7.81298,0.06419277,-0.68676805,0.20284903,0.1951865
2.5354934,9.051134,-0.059064448,7.802311,0.06894088,-0.67841864,0.22094822,0.03876114
2.6968374,8.35924,-0.20485342,7.7262745,0.06845689,-0.661165,0.16490471,-0.14940482
2.5944471,8.385242,-0.25933444,7.761746,0.08135176,-0.6421976,0.13718665,0.12428546
2.7423277,7.8743076,-0.31657112,7.7451916,0.09377384,-0.6418896,0.6143223,0.112880945
2.8899558,9.972099,-0.3988641,7.910936,0.05041933,-0.6272857,0.45592237,0.49021864
2.9487205,9.6526985,-0.34755278,7.813414,0.062387705,-0.6328769,0.7266524,0.52615523
2.9202754,9.69526,-0.3490169,7.8264995,0.11598468,-0.6900258,1.2603602,0.5923133
2.234559,8.698982,-0.34257078,7.866662,0.1369307,-0.65985346,0.50287426,0.58577645
2.5300593,8.769848,-0.56487465,7.8703566,0.12514114,-0.6260576,0.59393895,0.49049544
2.7358077,9.325068,-0.5272759,7.874529,0.066571236,-0.5861654,0.6354914,0.6314614
2.7062306,5.446094,-0.7904218,7.934179,0.07748866,-0.57981825,0.78385484,0.521518
2.0911975,9.319996,-0.51477516,8.019726,0.094010115,-0.58340883,0.8364717,0.52747
1.8386863,8.483581,-0.2485854,8.013095,0.0992794,-0.72576475,0.7398608,0.461668
1.7627774,8.95623,-0.32339644,8.035331,0.09207773,-0.69240713,0.7259232,0.24136496
1.9108713,8.735754,-0.31383717,8.081446,0.078933716,-0.70407295,0.4404043,0.43884265
2.046482,9.5827675,-0.2811163,7.9865966,0.09405732,-0.7222965,0.27121842,0.37379915
2.2456403,8.20137,-0.2774747,7.928605,0.13380027,-0.7279899,0.33061063,0.49697977
2.34614,9.742252,-0.20608449,7.870713,0.12975812,-0.73832154,0.28674197,0.1619227
2.613066,9.415974,-0.19422597,7.856041,0.111944675,-0.7398579,0.34915054,0.14866519
2.6303842,9.136147,-0.21721101,7.768581,0.095552206,-0.66828966,0.11410844,0.03279227
2.7254639,8.905275,-0.28806782,7.8152184,0.09788394,-0.6765468,0.22179246,-0.045179605
2.4953241,9.721231,-0.2810356,7.8492265,0.102374315,-0.6838362,0.26829565,0.41540825
2.6418192,7.9764643,-0.2501573,7.8589263,0.061819553,-0.65621066,0.38033152,0.46721834
2.6517415,7.443393,-0.26292408,7.7771564,0.056233883,-0.61432385,0.3462808,0.2804308
2.2204943,6.4988465,-0.17320037,7.783919,0.048917294,-0.59909964,0.32694888,0.24612606
2.7010825,4.882971,-0.21895981,7.746914,0.07106376,-0.6398921,0.23245406,0.22239178
2.1090739,8.3845215,-0.19916296,7.7672696,0.082826614,-0.62844133,0.2927071,0.20279914
1.6237602,5.411566,0.08262277,7.7554846,0.07223511,-0.6845939,0.33870256,0.08111858
1.4950162,4.750768,0.106313705,7.7534943,0.081389904,-0.6907065,0.3377515,0.10191798
1.5633334,4.5587416,0.11073089,7.7153034,0.08365226,-0.69189215,0.116426945,0.16232014
1.4754431,4.821369,-0.015763879,7.8475375,0.07553959,-0.6515477,0.12272024,-0.04003483
1.402623,3.3194056,0.03484285,7.825553,0.07340193,-0.6706209,0.003817916,-0.18576926
1.293978,4.134802,0.034835696,7.911237,0.08281827,-0.7143605,0.0904721,-0.1390898
2.0022323,5.8624973,0.13135529,7.9276514,0.061066628,-0.67669225,0.014413476,-0.071154356
1.6268215,5.820709,0.16214275,7.8642025,0.004660845,-0.6651602,0.22193336,0.14591151
1.5447619,4.9274025,0.11087167,7.9356585,0.028522253,-0.69762516,0.14786243,0.09798181
2.1563983,8.907159,-0.20372415,7.9141693,0.09160185,-0.71848536,0.18148232,-0.04687941
2.6570632,9.268919,-0.45905674,7.9698887,0.09304786,-0.6994848,0.16945755,0.06945968
2.8769202,9.749367,-0.4513514,7.940695,0.12203789,-0.6852474,0.23419082,0.11694336
2.994676,8.745235,-0.2538514,7.8435373,0.14730883,-0.7446513,0.23259509,0.013190925
2.9975119,8.775038,-0.22380769,7.781329,0.14155006,-0.75444746,0.0850271,0.07320261
2.3621302,9.7855015,-0.19987154,7.744863,0.14383602,-0.7320404,0.29287648,0.14897573
2.67989,9.039743,-0.21965188,7.8894057,0.0595634,-0.62047696,0.3358239,0.1965115
2.7188728,7.2545943,-0.15815687,7.8048916,0.011859417,-0.651067,0.27406693,0.18133605
2.7429826,9.114792,-0.15747577,7.827939,0.010028601,-0.6260321,0.23043728,-0.08998349
2.7482915,8.789448,-0.27811056,7.998613,-0.0027934313,-0.6297264,0.28574562,0.32868195
2.5542963,9.492377,-0.49560064,8.072848,-0.0006377697,-0.59321713,0.36061287,0.28892338
2.5109012,8.3065815,-0.5642419,8.095341,-0.009899974,-0.58202195,0.41820943,0.403453
2.2058597,8.522119,-0.5127901,8.126419,0.0009598732,-0.5771451,0.4026748,0.26400042
2.2444763,8.033932,-0.5427418,8.142216,-0.008567452,-0.59521246,0.359936,0.3954326
2.1562047,8.168109,-0.6019236,8.174081,-0.014435768,-0.5699887,0.41261435,0.42626566
2.0759416,8.075506,-0.5988071,8.170657,-0.006095648,-0.59003854,0.5459142,0.3722006
2.1764772,5.611208,-0.6801976,8.140932,-0.043530345,-0.5283289,0.39036596,0.35449117
2.1126947,6.375101,-0.7496948,8.076757,-0.043579698,-0.5360043,0.1836716,0.23442703
2.3333204,7.909186,-0.8012427,8.073399,0.03222227,-0.52130604,0.23004782,0.06701529
2.7234766,8.518944,-0.6017428,8.063101,0.012675047,-0.55477786,0.07738352,0.15534061
2.5188956,6.5133886,-0.4462033,8.0268755,0.015837193,-0.6311722,0.14625418,-0.22867474
2.60842,9.57822,-0.5137984,8.090455,-0.018462777,-0.55700946,1.346309,0.40260464
2.757609,9.486562,-0.37838614,7.9396553,-0.014047623,-0.5510526,2.9190419,0.4127382
2.8048244,8.089888,-0.7191753,7.9387126,0.00030088425,-0.52521133,2.668977,0.67407465
2.7686572,9.3386965,-0.80500335,8.018615,0.037911177,-0.5107608,2.8572218,0.5830288
2.9906034,9.836655,-0.91949916,7.9380507,0.06144333,-0.50313187,0.37193215,0.19396234
2.9739287,9.401491,-0.88951254,7.9874196,-0.01100409,-0.52120805,0.18948269,0.16757691
2.9901567,6.3840284,-0.76287085,7.9407563,-0.045386195,-0.51581883,0.08295226,0.074576795
2.992964,7.653029,-0.5961951,7.934516,-0.03197992,-0.5138838,0.09939921,-0.07154298
2.9918957,7.5686374,-0.6649356,8.017624,-0.047678947,-0.5195484,0.17052889,0.20402062
2.9939885,8.268066,-0.6683644,7.9681463,-0.036181927,-0.5211761,0.30504167,0.121879995
2.9955199,9.262422,-0.56370944,7.8973465,-0.039288044,-0.5263448,0.21889806,-0.0071069896
2.9842844,9.383066,-0.64076734,7.993408,-0.031833768,-0.48209333,0.34331822,0.23012328
2.7520204,4.718361,-0.58074665,7.990545,-0.047786713,-0.5197222,0.34479332,0.37310147
2.6946344,8.582103,-0.49575055,8.023344,-0.067785025,-0.56545377,0.4371935,0.31117457
2.378895,8.090169,-0.41488826,8.0891285,-0.052532792,-0.52387285,0.36681044,0.036998153
2.2785056,6.999944,-0.79712045,8.106988,-0.046761155,-0.48513126,0.28873217,0.26589906
2.9014041,7.2117343,-0.6479802,8.108844,-0.08213854,-0.5100999,0.0070745945,0.038807273
2.9176736,7.0500045,-0.5104328,7.9862604,-0.11445665,-0.5089874,0.3375858,0.3327161
2.6824925,6.39833,-0.51025176,7.9042816,-0.070495605,-0.48682833,-0.02130729,0.014157176
1.659463,4.852481,-0.5179577,7.9604325,-0.044858694,-0.42642093,0.4583285,0.4494421
1.4178975,3.6796765,-0.6337621,8.128205,-0.114758134,-0.42812157,0.3015504,0.43174732
1.5027714,3.8929496,-0.6307445,8.2940235,-0.06018269,-0.5303402,0.1345315,0.24402368
1.3185015,3.8093657,-0.8232443,8.229883,-0.054895878,-0.48417807,0.13685334,-0.13637716
1.4191964,3.798226,-0.8517224,8.38106,-0.06400907,-0.5135131,-0.0009546876,-0.17631653
1.4103494,5.072338,-0.75859284,8.386332,-0.081878066,-0.4807465,-0.007935464,-0.2263413
1.4529094,5.0765686,-0.48365003,8.273756,-0.06863403,-0.49290657,0.16689157,-0.05705148
1.3596808,4.692336,-0.40335548,8.26011,-0.091694236,-0.46364594,0.3163464,0.17736381
1.7653064,4.331582,-0.9182795,8.312253,-0.18174517,-0.43600988,0.36282122,0.23923379
1.6649294,4.214263,-0.8508135,8.30841,-0.14517772,-0.4143629,0.40076518,0.16323125
2.0549035,4.191844,-0.8149887,8.248231,-0.15671873,-0.45731688,0.5213331,0.48041964
1.8823123,5.142061,-0.8165267,8.124934,-0.11725104,-0.37708187,0.36473072,0.31886923
2.6169896,8.304908,-0.808954,8.246468,-0.11461115,-0.47184587,0.8682977,0.42871857
2.1372728,7.7283382,-0.79915357,8.314501,-0.11972213,-0.4819355,0.7963668,0.3131941
2.2184412,6.6925592,-0.739217,8.350891,-0.059339523,-0.51216674,0.4841087,0.55013585
2.3740246,9.039915,-0.6826008,8.313021,-0.10696542,-0.47816706,0.68991625,0.40890002
2.6855798,8.180175,-0.8254456,8.2655735,-0.14968872,-0.4648137,0.76040745,0.46378362
2.5325465,8.227106,-0.62933105,8.27236,-0.13750839,-0.48691368,0.7466656,0.40255058
2.3746686,6.949044,-0.58944887,8.167826,-0.1610794,-0.41756558,0.44755292,0.40329432
2.8599536,7.6622777,-0.688285,8.173115,-0.16240668,-0.42410874,0.38442934,0.38749492
2.3413186,5.9843054,-0.6720444,8.268181,-0.11526346,-0.4835682,0.18544424,0.049563706
2.5850174,7.3458796,-0.6902327,8.119419,-0.1417613,-0.4950509,0.19761479,-0.057943076
2.7853847,7.1463203,-0.6079202,8.149679,-0.17221248,-0.42413402,0.16453052,0.047384262
2.8101943,5.6202745,-0.78236747,8.081246,-0.1512394,-0.44134474,0.116227746,-0.016872048
2.96716,6.082667,-0.8637116,8.094349,-0.15176344,-0.43305683,0.2015332,-0.068611294
2.9752495,5.3941574,-0.8516224,8.083496,-0.14706111,-0.43699074,0.0646112,-0.18040326
2.5173225,7.1662564,-0.746479,8.0689125,-0.11404395,-0.42693424,0.003892064,-0.059414327
2.852063,5.8801765,-0.78243095,8.081403,-0.1391542,-0.4269085,0.37903976,0.22635639
2.9518328,8.182564,-0.9027892,8.147402,-0.09558785,-0.4071691,0.19799376,0.20394087
2.6094975,8.267487,-0.9010478,8.127609,-0.061291337,-0.47299027,0.24586868,0.23347378
2.766197,7.870945,-0.9165603,8.078081,-0.038809776,-0.44954515,0.17526066,0.29070574
2.8610053,5.5557666,-0.80643594,8.091297,-0.1022681,-0.45148802,0.17755175,-0.02727899
2.9070253,7.426621,-0.9207944,8.102617,-0.10469496,-0.4583218,-0.034820795,-0.26157752
2.4136379,6.5311956,-0.6614089,8.134852,-0.1600213,-0.45449233,0.042399406,-0.16670495
2.6568072,6.623709,-0.49674165,8.198408,-0.13361323,-0.521369,-0.0026162267,-0.17077342
2.4014707,8.396971,-0.5387241,8.200369,-0.08822644,-0.5422101,0.035405517,-0.108997345
2.1178024,8.656252,-0.6563945,8.258285,-0.07375991,-0.5586252,0.094251275,-0.23457953
2.3870068,7.04762,-0.6538276,8.167865,-0.06077957,-0.5423188,0.15562654,0.05438268
2.3243442,6.957442,-0.64709634,8.143332,-0.060489535,-0.53014636,0.15555918,0.101725936
2.2903938,6.643153,-0.5066305,8.05513,-0.076046586,-0.49013758,0.27377105,0.047946453
2.0523396,6.3232856,-0.4244166,8.080539,-0.09298766,-0.51605797,0.30102932,-0.02462852
2.0994244,6.038196,-0.5357102,8.104288,-0.08975935,-0.4944551,0.3338579,0.31367457
1.9891429,6.67518,-0.43512702,8.129078,-0.09228718,-0.49571443,0.61972976,0.13516593
2.1194205,6.0390134,-0.3779158,8.085318,-0.14132011,-0.45371413,0.48466277,0.14019483
1.9186782,4.5314107,-0.32294458,8.040769,-0.1323961,-0.4744463,0.37395966,0.26436287
2.157498,4.1277714,-0.5054374,7.958109,-0.14700758,-0.43154478,0.18225563,0.29693025
2.0578737,3.6888192,-0.50225335,8.135091,-0.18059659,-0.43521738,0.54509294,0.3122846
1.5505729,4.4108105,-0.5350298,8.210424,-0.19030225,-0.4133973,0.231655,0.26710558
1.6355038,4.334219,-0.5679895,8.279057,-0.18371546,-0.4286337,0.17342627,0.116555214
1.57483,4.400754,-0.6225046,8.261946,-0.19166064,-0.39327717,0.13815236,-0.0027016997
1.6529262,3.9648793,-0.71795464,8.286054,-0.22616112,-0.3745494,0.2542143,-0.10339168
1.7389084,3.8225555,-0.7154955,8.295324,-0.2581805,-0.37586308,0.15675247,-0.025540888
1.5923119,3.8104548,-0.79778194,8.267353,-0.27115226,-0.3337078,0.14237523,-0.029684782
1.9654958,3.7329612,-0.8113008,8.241714,-0.2782339,-0.32800984,-0.009285331,-0.38686463
2.0055346,3.9113474,-0.74967706,8.292921,-0.2898767,-0.33742762,0.115683794,-0.43635708
2.307856,4.9659853,-0.5381757,8.243291,-0.31271863,-0.3198383,0.09633756,0.120882034
2.2526636,3.5993676,-0.7383079,8.231657,-0.33081126,-0.3076291,0.14560008,-0.0681085
2.9882877,3.9715219,-0.80303943,8.112985,-0.3476299,-0.20759153,0.20176816,0.3142686
2.7328587,3.9806576,-0.45668668,8.079918,-0.34745336,-0.23919082,0.17394054,-0.14894462
2.8277097,3.6214986,-0.8879416,8.121012,-0.3319335,-0.2180121,-0.05736983,-0.3046594
2.8222706,3.5632145,-0.74768806,8.186886,-0.33289647,-0.29192233,-0.12846607,-0.43881685
1.6149266,3.1056957,-0.79385686,8.182685,-0.2960763,-0.27870488,-0.16259229,-0.47189027
1.8672669,2.9659052,-0.7454477,8.023985,-0.2918111,-0.22796154,-0.05903995,-0.2608363
2.017888,3.1726508,-0.7886008,8.065716,-0.31373,-0.23726702,-0.11640191,-0.4315386
1.715547,2.5564497,-0.7251264,8.126144,-0.32509506,-0.25418663,0.043675303,-0.20946407
1.6279778,2.3924208,-0.5547577,8.121807,-0.35729373,-0.27636647,0.05148077,0.022241294
1.5782964,2.447444,-0.055303276,7.9902124,-0.29583025,-0.28131843,0.2717688,0.0895561
1.501737,2.7544818,0.08979392,7.9396896,-0.30701375,-0.31410193,0.19383287,0.04519677
1.6102784,2.4705288,-0.2034576,8.00946,-0.28569186,-0.3316059,0.23877215,0.33080578
1.6214068,2.55637,-0.009586811,7.952911,-0.28976023,-0.312073,0.34555602,0.188079
1.5807459,2.44151,0.03441608,7.9364576,-0.28636563,-0.32688046,0.15574384,0.2414465
1.7694249,2.4259772,0.0002875328,7.8908377,-0.28210437,-0.3349576,-0.01628226,-0.2381748
1.4388479,9.20639,0.48295367,7.1603417,0.55778337,-1.201424,0.09734428,-0.09785801
1.2848507,4.4127703,0.42052305,7.2176256,0.5285361,-1.1324354,0.14908278,0.08160174
1.252202,5.0584974,0.50577545,7.27607,0.49928856,-1.1079336,-0.0051904917,-0.08637315
1.1462133,6.612749,0.46703672,7.1852546,0.5034261,-1.097409,0.2352041,-0.012153327
2.1585777,2.5871396,0.44038105,7.163913,0.50855017,-1.0819395,0.14788401,0.19200212
1.230108,2.5859723,0.4369185,7.1050024,0.52929664,-1.0900171,0.13965964,0.2704804
1.6120578,9.545769,0.43856335,7.091246,0.5754595,-1.112895,0.2417171,0.23372209
1.6979096,7.642742,0.45082736,7.1177197,0.60513115,-1.1842699,0.18727851,0.19589704
1.7845678,7.0402985,0.41398513,7.04786,0.62058115,-1.2139628,0.17639375,0.0413993
1.937839,9.274763,0.4422096,6.966542,0.67329407,-1.2286881,0.20139396,0.17985928
1.805765,6.8288636,0.5191691,6.866623,0.67121434,-1.2130547,0.22916389,0.31385142
2.3434596,5.3712225,0.5643282,6.914673,0.6598501,-1.197631,0.23256838,0.31134427
2.475525,5.156103,0.5185673,6.940462,0.586601,-1.1216329,0.37764025,0.37011683
2.950709,9.2251835,0.531173,6.8787355,0.56977916,-1.1311673,0.2649461,0.32631403
2.8062687,9.581129,0.5784267,6.795579,0.56688213,-1.0885713,0.40987444,0.30334646
2.4200006,9.354395,0.594985,6.903862,0.51054525,-1.098287,0.32291567,0.4216448
1.9851997,6.4852037,0.6159389,6.9839363,0.48690176,-1.0935227,0.3558402,0.21623427
1.5142195,4.1160603,0.6389811,6.9531326,0.51072645,-1.0780137,0.108548164,0.24187165
1.617251,5.5378146,0.63351965,6.972599,0.47340703,-1.0786904,0.1267134,-0.30729854
1.7052,5.6824293,0.6045079,7.009443,0.48611403,-1.0971386,0.01288569,-0.38403013
1.9407129,7.011122,0.5708425,7.0003242,0.48473763,-1.062864,0.019622445,-0.16236126
1.4211603,5.509758,0.65888584,7.0259757,0.49265695,-1.1158175,0.03591931,-0.20317465
2.549356,8.456093,0.5048821,6.974934,0.5097084,-1.0779727,0.0063177347,-0.2226147
2.2453513,5.8868165,0.68811536,6.7717466,0.49795103,-1.1112452,0.0081989765,-0.31318882
2.083054,4.9949455,0.64702153,6.8196473,0.50691724,-1.0348724,0.11774838,0.32202554
2.1032805,6.9204845,0.6744491,6.792927,0.4917152,-1.056387,0.11604774,-0.019894361
2.6159384,4.874496,0.7411635,6.757659,0.5196252,-1.0822768,0.15080738,0.24104303
2.8132968,7.785212,0.68556476,6.8409195,0.53204966,-1.0999193,0.08965874,0.033415735
2.4706986,6.903901,0.6798227,6.7854877,0.5359185,-1.1131713,0.21142745,0.07965058
1.981846,8.197128,0.6360507,6.843296,0.5606382,-1.1263745,0.38548565,0.140647
2.1412091,8.511366,0.51072204,6.84345,0.583617,-1.1159338,-0.17334867,-0.1826213
2.328689,2.3305986,0.512743,6.848455,0.62356377,-1.1346492,0.25695693,0.3016981
2.7265909,3.7379415,0.43359792,6.9617414,0.63390994,-1.214564,0.2525134,0.29416883
2.580643,9.924641,0.43861985,6.8071675,0.62995934,-1.2007416,0.16892242,0.14931369
2.8749807,9.967369,0.45638502,6.8691015,0.5485444,-1.1086274,0.19494987,0.2526902
2.741208,5.612707,0.41307402,7.0114636,0.5366132,-1.1234491,-0.011624098,-0.16500235
2.3592467,4.309266,0.534642,7.0103784,0.56591654,-1.2095034,0.106019735,-0.005646765
2.1929095,5.9549665,0.5484195,7.018742,0.56063557,-1.15803,0.07821822,-0.19790146
2.220304,8.290455,0.52503395,7.0107007,0.58998156,-1.1823797,0.06704378,0.17065525
1.925301,5.7205906,0.5519388,7.0730963,0.5898392,-1.1919454,0.32813215,0.02253151
1.8999817,6.3478026,0.4048977,7.1086025,0.5785692,-1.2076796,-0.088398814,-0.49185306
1.3021863,4.7764583,0.4297737,7.1296067,0.5857136,-1.178759,0.10322726,-0.49619514
1.2305166,5.4792614,0.40419984,7.11447,0.5867069,-1.169605,0.060453653,-0.49120006
0.9783217,5.26682,0.58314824,7.1215234,0.6720331,-1.3046626,-0.09887594,-0.28494787
1.1615918,6.675193,0.5519383,7.1099987,0.65322495,-1.3174736,0.018493295,-0.4931821
2.558949,7.5114427,0.49175203,7.0541186,0.65272546,-1.3114296,0.052233577,-0.17784804
2.773312,9.3021145,0.44964302,7.047988,0.67558885,-1.3017018,0.21172225,0.031633496
1.5530281,3.4900303,0.49340653,7.076626,0.6698077,-1.297683,0.28773284,0.19997019
1.4660605,7.9520626,0.5085298,6.9578896,0.7751553,-1.4138157,0.3467524,0.29067588
1.2354969,9.071086,0.5486562,6.935706,0.7821193,-1.3887997,0.29898262,0.06887901
1.0667651,3.6751094,0.48545647,6.99138,0.78413415,-1.3743634,0.14180815,0.12454176
0.99993396,3.6116533,0.5159354,7.0348806,0.77436376,-1.4023705,0.13974118,-0.043111354
1.1105247,4.2198358,0.4724424,7.054447,0.83046484,-1.4113739,0.13616979,0.080981314
1.1689668,9.482534,0.43429422,7.065149,0.83476114,-1.418066,0.16598237,0.17416513
1.1555868,4.803081,0.46314287,7.0530186,0.8314185,-1.4174323,0.26781094,0.2598704
0.9506382,5.110897,0.4227475,7.08878,0.8407066,-1.4272989,0.70761263,0.48619926
0.8857937,5.3110447,0.4450878,7.111151,0.8859103,-1.4297915,0.22033215,0.3225485
0.75928557,7.9440746,0.48887277,7.166323,0.9479866,-1.5238996,0.28679693,0.250687
0.7622276,6.3755426,0.49349558,7.1612444,0.9383948,-1.5794493,0.2605108,-0.09221256
0.80146766,7.2184963,0.47777367,7.1798115,0.8913076,-1.5572871,0.07227087,-0.04955882
0.8534259,5.791252,0.4861343,7.147814,0.8814523,-1.475174,0.19557703,0.40877336
0.9524748,6.912091,0.43274677,7.1129975,0.88381815,-1.482659,0.6310699,0.27947843
0.95245504,8.835267,0.47194147,7.157552,0.8852756,-1.4795227,0.47000444,0.40328968
0.87596595,6.887825,0.48825276,7.107489,0.84565616,-1.4409783,0.35022163,0.35907233
0.8838667,6.714602,0.51957893,7.094403,0.80856323,-1.4418601,0.3895403,0.3364299
0.8354002,6.4907002,0.56670284,7.16774,0.8121433,-1.4885538,0.37599075,0.13085055
0.8708293,7.3410807,0.5328765,7.151807,0.8140986,-1.4331942,0.18775225,0.07403964
0.8824377,5.379466,0.5392151,6.987937,0.80907583,-1.4631803,0.13109326,-0.46668443
1.1099385,4.875738,0.57717586,6.975069,0.79684114,-1.4452822,-0.038446426,-0.49913496
1.1044219,5.2938166,0.55348146,6.880677,0.81563425,-1.4024105,0.02150917,-0.22421932
1.4989768,5.731617,0.5098829,6.8779016,0.7958305,-1.3826387,0.048123956,-0.10494915
1.5189524,7.349371,0.4978124,6.9191155,0.8054805,-1.41856,0.0279814,-0.21028197
1.2575182,6.495179,0.53766143,6.9380646,0.80494714,-1.4209039,0.1099664,0.13473338
2.2286682,9.220898,0.5475812,6.9372587,0.78819656,-1.4392455,0.14050484,-0.24286789
1.216445,7.9877205,0.500365,6.9126086,0.8239472,-1.4636432,0.12688994,-0.12728459
1.2325802,4.0294333,0.6024356,6.8524733,0.797596,-1.4165115,0.06269586,-0.12351966
1.354596,8.926336,0.6507964,6.8246093,0.8413501,-1.4560199,0.05019796,-0.34744447
1.2765247,5.331424,0.5819874,6.764942,0.8843,-1.501776,0.18420744,-0.33715028
1.4479935,6.0522475,0.60957754,6.7714233,0.9001739,-1.5340694,0.41503525,0.2940774
1.3610243,4.4982977,0.5894009,6.7608547,0.94371986,-1.5254319,-0.03176546,0.16758698
1.4244092,9.302239,0.5441867,6.6304393,0.9645016,-1.4855683,-0.029282808,-0.14910737
2.2208338,9.131057,0.5790181,6.6136227,0.9306195,-1.4821748,0.044961333,-0.014225066
1.3758873,8.753965,0.58405936,6.548911,0.95294404,-1.4787047,0.024654865,-0.21333653
2.7353692,3.6982474,0.50894,6.551362,0.95052767,-1.4515389,0.22684407,0.15780401
2.7111275,9.28984,0.5240787,6.6928635,0.9386864,-1.4810915,0.09337056,0.09503275
2.0501876,6.4343996,0.46337342,6.7179832,1.026092,-1.5275115,-0.08674258,-0.09698439
1.6589999,6.344796,0.40935624,6.8683414,1.0275965,-1.5722727,-0.059692323,0.035208642
1.3232808,8.978708,0.34935045,6.887764,1.0098732,-1.5881655,0.033699274,-0.15311545
2.2465284,9.571086,0.34622908,6.9362583,1.041822,-1.5681766,0.045484185,-0.1765849
2.2865188,5.3475933,0.36919892,6.893078,1.0654781,-1.6075674,-0.1367507,-0.44223404
2.4498873,4.6179495,0.36775374,6.8621426,1.058186,-1.6218379,-0.122376144,-0.28237188
1.3943064,7.619165,0.24823785,7.010416,1.0713749,-1.6356777,-0.1160416,-0.24545342
1.6495638,7.0033264,0.33683288,6.948694,1.0537133,-1.5912375,-0.094187915,-0.14972252
1.7783525,7.2934275,0.34309435,7.0469093,1.0456522,-1.6345127,0.056515932,-0.33271608
1.5082792,8.844149,0.37529635,7.0485888,1.0267231,-1.6574874,0.038743973,-0.28088397
1.3167171,7.84794,0.3601861,6.9171424,1.0726321,-1.6352437,0.037582755,-0.14880168
1.5850585,4.58175,0.40094233,6.898196,1.0240307,-1.5719844,0.024405122,-0.22293288
1.1448879,8.066342,0.35102618,7.223466,1.0162439,-1.6542505,0.04613936,-0.3402055
0.8629567,7.119721,0.37016046,7.1509104,1.013874,-1.58669,0.09025872,-0.15440705
0.87686765,6.530172,0.36398792,7.1844788,1.0092778,-1.6037788,0.10677278,0.16333449
0.96923006,5.499756,0.34219837,7.198496,0.97828007,-1.5358485,0.178303,0.21337563
0.97495955,9.175309,0.34016848,7.2483063,0.9673431,-1.5514567,0.12985659,0.2933972
0.98203266,7.877588,0.32543874,7.2019296,0.98772454,-1.5854023,0.35391235,0.30101085
1.0661141,9.608961,0.32573986,7.127229,0.98477316,-1.5389023,0.34696102,0.337973
1.0258663,6.7319517,0.31219542,7.145871,1.0070529,-1.5951638,0.295408,-0.018193066
1.1286769,7.8450303,0.36709523,7.0814815,1.0421736,-1.6373053,0.26825213,0.3216759
1.0311809,9.235947,0.39835382,7.033499,1.0372741,-1.5927539,0.28330815,0.2786864
1.0083072,5.241063,0.40131736,6.957564,1.0479999,-1.6412622,0.29887998,0.27801037
1.2206025,5.9641256,0.40078306,6.883473,1.1085007,-1.6474339,0.22218537,0.068808794
1.1810429,8.120187,0.36599207,6.8923554,1.0653026,-1.5824094,0.21488798,0.14444935
0.8692446,6.1802955,0.45799732,6.856164,1.0603366,-1.5752835,0.20785034,0.26717544
0.81233025,6.1202536,0.46827006,6.916726,1.0326979,-1.5792179,0.13197744,0.0043121576
0.80143404,8.791751,0.47992086,7.043179,1.0296259,-1.5998691,0.22379565,0.09391391
0.93867576,9.060926,0.4493183,7.083006,1.0131819,-1.6208727,0.3136214,0.044790328
0.9641607,7.7297287,0.3949374,7.0838914,1.0181231,-1.6053267,0.34530723,0.22462493
0.9976356,6.755712,0.35284495,7.103748,1.023344,-1.584033,0.2103988,0.062901735
1.0481706,9.404328,0.32985687,7.1209283,1.0486491,-1.6180224,0.25515187,0.226327
1.0083685,9.780411,0.26770186,7.1780424,1.0508971,-1.6314037,0.334666,-0.001088798
1.0229008,9.841658,0.3264649,7.252392,1.067455,-1.6254435,-0.061039448,-0.080770195
0.65680045,3.2160473,0.3103987,7.19692,1.0352964,-1.6036364,-0.0465132,-0.20334092
0.6615205,3.3546221,0.34648407,7.207985,1.0518,-1.6955616,-0.063035846,-0.35409272
1.146064,3.53585,0.29935598,7.2016478,1.0426831,-1.667469,-0.016847968,-0.33161348
1.1552737,9.684008,0.30238402,7.1766663,1.049232,-1.6454277,-0.0113226175,-0.088570595
1.0972327,8.308497,0.28919053,7.1319976,1.0653477,-1.6166689,0.08557594,-0.24173906
1.6164178,7.13619,0.25080347,7.2284937,1.0261819,-1.6115141,-0.0916664,-0.2734975
1.344667,7.655542,0.261629,7.1714063,1.0233963,-1.6131264,-0.098089516,-0.3451984
1.5549059,7.1774125,0.24330294,7.1075873,1.0036111,-1.5984393,-0.115647376,-0.39940318
1.4887431,8.465499,0.2705407,7.1653743,0.96489596,-1.5935676,0.026452899,-0.31662202
1.5086465,4.4307294,0.34472203,7.1249213,0.94482875,-1.592699,0.08752036,-0.21170709
1.5591093,6.9358034,0.3435192,7.1109,0.9383211,-1.5286055,0.12572944,0.060073614
1.5051849,7.8229847,0.34047866,7.0413213,0.9371748,-1.5250366,0.03935659,-0.2743802
1.9446526,6.6714263,0.40371084,7.062187,0.8812187,-1.5075966,-0.03868884,-0.44060144
2.2715158,8.680738,0.29785752,6.9905863,0.930496,-1.4927198,0.09403026,-0.0773716
1.2948434,7.9302793,0.34660518,7.054576,0.9782381,-1.5357476,0.09895408,0.15426433
1.2043791,8.036125,0.32889652,7.0636997,0.97399116,-1.5499296,0.14338982,-0.13803315
1.1813178,8.057104,0.35644412,7.0863967,0.9687815,-1.5406575,0.047552705,0.033436418
1.7650867,8.100023,0.4248531,7.0139074,0.92956567,-1.5661055,0.13929379,-0.018078685
2.0544186,8.822049,0.37819862,7.0059347,0.942358,-1.549532,0.114364386,0.071272016
2.125678,8.908821,0.3366096,7.0036225,0.9761138,-1.5222714,-0.034670413,-0.34300643
1.5283632,9.263539,0.30920994,6.977479,0.97616696,-1.5369828,0.05503726,-0.15533733
1.5188396,9.224771,0.3504101,7.0393972,0.95240974,-1.5811309,0.099579334,-0.022025794
1.1992779,6.089641,0.24631095,7.1676755,0.99056983,-1.5509937,0.31054246,0.034983635
1.2092519,8.65233,0.27036524,7.2477026,0.9584489,-1.5676324,0.018036246,-0.090226114
1.1432664,8.571998,0.23899972,7.2184734,0.9591148,-1.5429816,0.16186619,-0.10307354
0.9238491,6.8144097,0.25250983,7.314782,0.96069,-1.5424416,0.16199493,0.03060782
1.0068866,9.457531,0.34245515,7.2938323,0.9196987,-1.5962858,0.30286264,0.030376136
1.1534598,7.02012,0.2732563,7.2849884,0.9607959,-1.6060464,0.2794969,0.16712755
1.2686671,7.8345375,0.26022434,7.0986743,1.0108967,-1.5932611,0.15474391,0.20364416
0.7536484,5.1558867,0.26941013,7.2158012,1.0602102,-1.622605,-0.0562405,-0.07429579
1.1414242,5.9536223,0.18286753,7.1781597,1.0708756,-1.6253949,0.02511096,-0.27093604
1.0772772,7.8410544,0.26078117,7.153153,1.0959578,-1.6839442,0.024258852,-0.030887812
1.0167093,9.018194,0.2614212,7.151233,1.1286333,-1.6849548,0.11063635,-0.07976979
0.96674335,7.1154714,0.2803588,7.154576,1.1070557,-1.6908832,0.15095198,0.019225538
1.2513368,9.31929,0.26976085,7.0540066,1.0933073,-1.6982147,0.0776813,-0.27055228
1.5044214,6.7243896,0.28033948,7.063348,1.1327808,-1.6591637,-0.12154698,-0.30297655
1.4741577,9.043871,0.31331992,7.103478,1.1261368,-1.7110522,0.037703037,-0.04499364
1.2438941,8.921034,0.28805208,7.067949,1.1407509,-1.7457874,0.03333497,-0.024414659
0.9431021,7.182634,0.31769192,7.069424,1.176966,-1.7812701,0.19199502,-0.07759982
0.903434,4.991561,0.29327953,7.0804753,1.1396773,-1.7258196,0.22224641,0.20801955
1.3665268,9.799165,0.3108697,7.0433836,1.1499238,-1.7163066,0.068458796,0.25458765
1.212881,9.705046,0.2873912,7.099396,1.1437297,-1.7539498,-0.006962955,-0.32385376
1.7879723,5.14849,0.27482772,7.1271586,1.1816828,-1.7677443,-0.070786595,-0.41551673
1.8544793,5.6567216,0.22076845,7.1324673,1.2096808,-1.7816556,-0.09622884,-0.4281047
2.305869,5.1016626,0.22749126,7.1472516,1.2581232,-1.8113495,-0.084528446,-0.34887296
2.783648,4.9664583,0.23159742,7.15007,1.3074045,-1.8735516,0.021193624,-0.24871743
2.9418273,8.937649,0.18793213,7.114056,1.3054912,-1.8698282,-0.14894623,-0.36872843
1.5308957,9.21401,0.20751655,7.1232977,1.270189,-1.8480923,-0.067682385,-0.31306526
1.3690419,7.9958277,0.28593302,7.0969677,1.2665756,-1.8347058,-0.016227186,-0.30923393
2.469625,8.699163,0.31230748,6.9288054,1.2586155,-1.8451662,-0.013593733,-0.39431205
2.0695212,7.2248206,0.3552556,6.913849,1.2641261,-1.8528697,-0.1821301,-0.45205367
1.9528687,4.5224404,0.44069302,6.8223443,1.2618725,-1.8745027,-0.017210245,-0.43426389
2.8559382,9.266575,0.45500112,6.7915597,1.2586825,-1.8650382,-0.0857752,-0.38300735
2.7128432,9.382888,0.53543115,6.6899385,1.2260151,-1.829586,-0.022554636,-0.3903287
1.8274812,5.2265387,0.5182743,6.84293,1.1712492,-1.8324282,-0.028175771,-0.4407546
1.0535345,9.08847,0.4295895,6.8712792,1.211653,-1.7946377,-0.051275373,-0.4520198
1.278857,8.872999,0.41745138,6.94304,1.2038088,-1.8378963,-0.088560164,-0.36578107
1.1307712,7.4984155,0.35122514,6.897122,1.2515144,-1.8321962,0.03384471,-0.10000414
1.0973585,9.142654,0.36873412,6.881118,1.2568367,-1.8277607,0.008315086,-0.27560347
1.976916,7.1846066,0.38957095,6.8964987,1.2414541,-1.8250017,0.049051285,0.045100868
0.99696875,7.321465,0.40660894,6.9094496,1.2099817,-1.7785302,0.23408413,-0.017487317
0.9043467,8.702528,0.41566396,6.9331417,1.2143278,-1.7956811,0.25172698,0.08107507
0.85018766,9.903896,0.43994808,6.9539423,1.2025273,-1.783673,0.09433079,0.031908214
0.845857,7.6866345,0.45517135,7.0103207,1.1787016,-1.8287456,0.20275092,-0.011022031
0.6986791,7.858957,0.46726763,7.051968,1.2042,-1.7861872,0.19999588,0.27080584
0.6803968,5.40831,0.4292189,7.0759816,1.2029872,-1.7832215,0.18387556,0.28182447
0.64430743,5.3028975,0.43872952,7.066071,1.2073495,-1.8147867,0.18458211,0.21502137
0.61663544,3.5264215,0.49354553,6.836821,1.2090533,-1.8029449,0.26945078,0.10649103
0.5955475,3.5734859,0.46602833,6.875684,1.227941,-1.7734585,0.27841318,0.057330012
0.6157,2.3477235,0.4394288,6.9647627,1.170651,-1.7873828,0.38419044,0.16093403
0.6569891,2.2069926,0.4515828,6.9595456,1.1489573,-1.7737544,0.26273465,0.13755953
0.62752503,5.4021907,0.63365436,6.8553977,1.1691146,-1.7475277,0.12971544,0.18846512
0.64847195,5.6351914,0.60658383,6.7757406,1.1479056,-1.7456722,0.21977544,0.19528252
0.7061205,4.5357523,0.56807446,6.858536,1.1656225,-1.7383798,0.2642877,0.22565645
0.70545125,3.8997502,0.5499742,6.9737124,1.0838971,-1.684735,0.16637397,0.26969504
0.56097543,3.4818878,0.5892478,6.952074,1.0853462,-1.6930945,0.531929,0.40443176
0.55666816,2.7714508,0.55061746,7.0308337,1.0544136,-1.7497836,0.4402268,0.28838682
0.5067355,2.9728363,0.61397743,7.0670753,1.050709,-1.7287085,0.28201997,0.036459982
0.50144106,3.2379665,0.703768,6.914215,1.0773768,-1.7871631,0.15366423,-0.012764394
0.5015952,3.3515615,0.7248689,6.8453846,1.0837052,-1.7645469,0.2659247,0.031274974
0.5477543,3.392591,0.74189353,6.6664724,1.1316268,-1.7575474,0.19205964,0.120437324
2.6075835,9.860839,0.3050617,7.090841,0.5732484,-1.1315548,0.2170974,0.27083814
2.472019,3.4680166,0.25458217,7.2041273,0.57869244,-1.1181955,0.19938254,0.11680746
2.8243027,9.682304,0.26543152,7.3163357,0.53951144,-1.1238515,0.20940924,0.16499531
2.0317235,8.646122,0.3000034,7.2448764,0.5547037,-1.1280067,0.0116637945,-0.041159242
1.8934939,9.198179,0.2527907,7.2530565,0.5816202,-1.1299984,-0.04179734,-0.23965558
2.0867555,8.655262,0.34811532,7.1804237,0.56881714,-1.1243408,0.13785744,-0.2912876
1.5330194,8.9428005,0.32125413,7.189574,0.55255055,-1.1430277,0.10569024,0.13923413
1.9895198,6.5935793,0.313249,7.1166434,0.5556576,-1.1135677,0.07136595,-0.13322097
1.4000683,6.9067783,0.43197465,7.1164794,0.5553899,-1.1218175,0.13657618,-0.09506595
1.3358961,6.1273313,0.3484167,7.1439123,0.5636883,-1.128634,0.099656105,-0.099446
1.5044533,7.6240215,0.33592558,7.1623225,0.5913646,-1.1209927,0.14110255,0.080580294
1.9539527,5.461216,0.3279922,7.3087087,0.55323386,-1.1544721,0.1085664,-0.16163275
2.5563378,6.7197623,0.26931775,7.2737846,0.55626297,-1.1311424,-0.029222727,0.0027193427
2.6361156,6.8063717,0.25994897,7.4083633,0.55481386,-1.1135993,0.02398789,-0.15009087
2.080523,8.524075,0.18930554,7.414172,0.57719827,-1.1661544,-0.050139427,-0.16300452
2.4197812,8.40016,0.23804629,7.4219594,0.54717827,-1.178267,0.10144901,-0.30271292
1.7397777,9.259968,0.21112156,7.444232,0.5068743,-1.0945083,0.08317542,-0.16428098
1.6507624,9.690702,0.15627575,7.3904943,0.5293424,-1.0781579,0.09658897,-0.15818813
1.4166476,4.6843486,0.12895823,7.37192,0.51669216,-1.0494729,0.16608715,-0.06630981
1.3920895,7.6199365,0.1919086,7.4058523,0.49698448,-1.0762135,0.047350407,-0.04843679
2.0448403,8.334074,0.13565886,7.3951225,0.45868683,-1.0257757,0.15216601,-0.041636765
2.0121694,9.709298,0.10574746,7.3928895,0.45912838,-1.0205128,0.030358195,-0.08526495
2.1157,9.294519,0.067676306,7.4818316,0.45319676,-1.0393903,-0.0020833611,-0.0063967407
2.1815624,8.848953,0.25371945,7.404358,0.41886115,-1.0815377,0.20009828,-0.29468518
1.6598798,8.60985,0.33657312,7.3910284,0.3992207,-1.0237389,0.08775389,-0.22167215
2.4891934,8.442562,0.316015,7.335291,0.39904714,-1.0277792,0.1424911,0.21659595
1.8376396,8.209814,0.2966559,7.2368784,0.46257472,-1.0317116,0.2523378,0.2528447
2.251422,8.024659,0.29994917,7.25303,0.47098255,-1.0402024,0.091468334,0.124732554
2.1969967,8.138868,0.32743216,7.2679787,0.479079,-1.0626658,0.25393164,0.34021544
2.3179154,9.153988,0.24736404,7.312679,0.5012522,-1.115581,0.114690065,0.1196363
2.0426369,8.578019,0.2324605,7.381579,0.5518172,-1.1305165,0.20636392,0.11468607
1.6557318,8.943306,0.14537859,7.42963,0.5391903,-1.0976448,0.23548985,0.122282565
1.4399025,6.7286882,0.14450085,7.48445,0.5404501,-1.1203526,0.36757255,0.27840662
1.139045,7.1120653,0.14669228,7.589621,0.56231,-1.1829085,0.2181549,-0.01455307
1.1234132,7.167061,0.107059,7.6557074,0.56150174,-1.1399972,0.27204692,0.25917083
1.0726354,7.0446544,0.12157595,7.6754017,0.54447126,-1.1412938,0.3334633,0.23733056
0.9516716,6.7735133,0.14668572,7.692265,0.5237589,-1.1162848,0.4497789,0.50415385
0.92755055,6.320694,0.32538247,7.690497,0.48144913,-1.1168268,0.4102788,0.4061644
1.03812,6.134525,0.26456392,7.6896467,0.45332003,-1.0868213,0.412866,0.35922813
1.1070769,7.2844462,0.27378058,7.722136,0.4365816,-1.0654249,0.42411232,0.3372786
1.116293,6.533375,0.1684562,7.6904955,0.44771767,-1.0551333,0.3259933,0.19448209
1.0316899,6.939903,0.2702701,7.7318873,0.45769572,-1.1279805,0.23342276,0.096589565
1.0176027,8.004163,0.28437734,7.7806654,0.41792226,-1.0609792,0.6404643,0.23456323
1.1638691,9.284632,0.23187006,7.7183747,0.4282303,-1.0533679,0.65371346,0.3089087
1.184642,9.245073,0.13791728,7.747203,0.44972038,-1.0483494,0.46858585,0.5251504
1.239032,9.159238,0.21874785,7.576295,0.4480827,-1.0617387,0.78417397,0.51310325
1.3200686,9.929511,0.24227893,7.5244665,0.48791885,-1.0504256,0.93660367,0.53246975
1.3371967,8.575567,0.23223805,7.550327,0.49859047,-1.1187136,1.5982153,0.5602677
1.3923275,7.0456433,0.12862384,7.5187883,0.5067525,-1.0945189,0.5353414,0.5628154
1.999017,6.730496,0.29120183,7.321481,0.49099064,-1.0446587,0.4432752,0.12653565
1.2718412,2.5039575,0.32118368,7.263737,0.4440434,-1.0379702,0.549958,0.2381829
1.2823765,5.669421,0.33110845,7.3018494,0.43186617,-0.9527676,0.31323683,0.42132187
1.6143856,6.374081,0.34584904,7.2521644,0.42974377,-1.018772,0.57694054,0.37663794
1.6051791,5.9143486,0.350075,7.3684454,0.4421959,-1.0397576,0.20142174,-0.08309513
1.6478505,5.561132,0.4819033,7.280366,0.36881375,-1.040842,0.15105438,-0.23966604
1.6147768,7.780912,0.4639665,7.2648373,0.39678788,-1.0197895,0.21902597,-0.41002807
1.8767688,5.3084526,0.40091014,7.2808423,0.4578104,-1.0768665,0.056191444,-0.35270584
1.7940282,8.432213,0.42714787,7.394521,0.34744525,-1.0509646,0.28205264,-0.28014994
1.754797,8.108103,0.5025494,7.3355656,0.36099505,-1.0468261,0.16269219,-0.11876017
1.5815655,7.5960007,0.5002847,7.3239355,0.37716413,-1.0278558,0.23051608,0.2343713
1.8881336,9.684668,0.46865296,7.28556,0.407171,-1.0252762,0.41119838,0.16594803
2.6072958,5.904257,0.33720326,7.2076097,0.43860602,-1.0053711,0.28980935,0.19897622
2.5664744,7.4933014,0.3524766,7.1761165,0.44777942,-1.0310998,0.32914126,0.06451362
2.4772503,8.824294,0.3918562,7.2896314,0.4032197,-0.9952855,0.18798244,0.2282635
1.9455365,8.277635,0.37255585,7.2823524,0.39166427,-1.0000298,0.2523651,0.15260571
2.1322868,7.4093294,0.35070074,7.25973,0.43063474,-1.0534706,0.40483212,0.22028446
1.942003,8.312607,0.22999942,7.381974,0.4648018,-1.0576355,0.22571051,0.11118209
1.5113753,4.822112,0.38054872,7.343017,0.45621204,-1.0738895,0.26987338,0.18725371
1.487396,6.449468,0.2894442,7.366378,0.47834492,-1.0802536,0.170493,0.23396504
1.4859564,9.202835,0.18009889,7.396701,0.4479916,-1.0256381,0.18590009,0.27458465
1.6736294,7.4818163,0.2917614,7.3957896,0.42115545,-1.0168104,0.30898225,0.3312536
1.4995029,7.268949,0.31255376,7.346165,0.42264462,-1.0253873,0.24058127,0.015257835
1.5755326,3.6375918,0.405267,7.2595935,0.44173694,-1.0347179,0.23301971,0.23337698
1.4809496,9.911476,0.38023353,7.38134,0.4480846,-1.0770652,0.28512907,0.34115672
1.6163225,9.948364,0.44780648,7.404319,0.42737722,-1.0718504,0.2788279,0.16122878
2.4018478,8.408781,0.47310162,7.3740487,0.3858044,-1.0753858,0.30969036,0.31654668
2.157394,8.955963,0.3773725,7.379157,0.43883348,-1.0615299,0.35008013,0.39109528
1.6772294,7.786972,0.22897077,7.3898983,0.45652366,-1.0738324,0.4870715,0.4118625
1.4461089,8.09762,0.33464324,7.3622646,0.48926973,-1.0872602,0.38294423,0.32423472
1.7447212,8.062307,0.2685287,7.3487396,0.48687434,-1.0762959,0.40152895,0.22516799
1.8265986,9.158433,0.14069581,7.3684745,0.50471354,-1.1119096,0.3283304,0.19238985
1.4542845,8.221284,0.31104696,7.2494235,0.5048857,-1.024415,0.33869994,0.1573044
1.4956126,2.5601683,0.37514186,7.228056,0.45453167,-0.99208117,0.38085842,0.49026954
0.94465387,4.483175,0.50020194,7.2371554,0.4726801,-1.0159539,0.20895827,0.16625202
1.2434375,6.433294,0.49009514,7.1966457,0.4808073,-1.0142114,0.05051267,-0.11953431
1.4214308,7.2659698,0.56998134,7.111643,0.4903233,-1.1073757,0.053136706,-0.34766167
1.4530747,6.7904286,0.63341665,7.118991,0.4662745,-1.1128592,0.094121814,-0.41068316
1.5478251,5.790285,0.5195613,7.242762,0.44840765,-1.1099381,0.15824842,-0.43138012
1.6019502,7.8578467,0.51371884,7.2442017,0.48468184,-1.1314607,0.1704725,0.09727168
1.882323,6.7574515,0.45710874,7.2764087,0.5147686,-1.1319026,0.18868947,0.35543728
1.6861917,8.964954,0.37727356,7.313161,0.484653,-1.1085203,0.32046103,0.09277475
2.1462514,9.128337,0.3239715,7.317013,0.43857503,-1.0680153,0.010950804,-0.18281046
2.0519402,9.504551,0.26621842,7.338705,0.44103122,-1.0848466,0.35115767,0.068400085
1.7932663,9.8018055,0.28043032,7.4710574,0.40645957,-1.0235449,0.28605855,0.2535193
1.7044394,9.443346,0.23118138,7.4342165,0.42317533,-1.0387505,0.31233144,0.28593928
1.6214242,7.6537046,0.22215712,7.3934135,0.39382195,-0.93041134,0.3086332,0.27850062
1.8068204,6.0096383,0.2412349,7.4346256,0.38158512,-0.9721451,0.29109907,0.25323665
1.7928555,8.708317,0.1709845,7.505208,0.40578246,-1.0030586,0.22334206,0.16878802
1.5179178,6.4959726,0.038021922,7.55487,0.43852997,-1.0097585,0.26464236,-0.0054811835
1.4603508,8.588604,0.04349923,7.6636276,0.43781137,-1.0040724,0.40333295,0.1852932
1.5296955,8.851778,-0.03431481,7.66109,0.4434948,-0.9912808,0.21864688,0.21900773
1.485522,9.421459,0.053763032,7.6565948,0.37112308,-0.96890783,0.30744815,0.1706484
1.3094954,8.630746,0.019456983,7.6713557,0.39059353,-0.96848416,0.24869478,0.16866475
1.2875378,8.868735,-0.1651113,7.7716885,0.42067814,-0.97225356,0.21220434,0.1346904
1.1997687,8.133382,0.1259526,7.764763,0.4271431,-1.033756,0.21093512,0.25462055
1.3011776,9.021711,0.1496793,7.7385945,0.4233539,-1.0509846,0.41105103,0.30233657
1.2997093,9.377731,0.12597167,7.7390337,0.40827036,-1.0045483,0.29100215,0.27714455
1.3300405,9.156895,-0.010115266,7.7839756,0.40435386,-1.0092521,0.20543921,0.15865266
1.4204912,8.73835,0.044617414,7.7797995,0.40022254,-1.0137014,0.21930158,0.30265588
1.4323562,8.738789,-0.026219845,7.76423,0.35364747,-0.94442225,0.17761517,0.27384108
1.3248322,8.565675,-0.0035620332,7.7893195,0.38361573,-0.95171237,0.24439013,0.2975763
1.2787387,7.226717,-0.024209023,7.6907825,0.43568873,-0.95828533,0.1973598,0.055033445
1.1916057,7.3566084,-0.062547445,7.844573,0.45464826,-0.9831884,0.1977768,0.38121462
1.1996589,5.1657753,-0.074419975,7.7466917,0.4441433,-0.98152065,0.30487585,0.38002944
1.1216657,4.6214166,0.13872325,7.583895,0.3861935,-0.944407,0.28644395,0.40129972
1.527558,3.8204894,0.18030262,7.4810896,0.37609553,-0.9754696,0.4388132,0.31867117
1.4696608,5.6617117,0.15386748,7.525537,0.33885884,-0.96201277,0.2233429,-0.15467873
1.4952259,4.6000614,0.20544183,7.511963,0.36500788,-0.960917,0.12179673,-0.046691924
1.3959435,5.6196427,0.21767735,7.5044613,0.35577178,-0.9978998,0.06330001,-0.34868884
1.399529,8.183106,0.36803854,7.576545,0.33356285,-0.969059,0.09281945,-0.49693343
1.5179893,3.5775208,0.28088045,7.4489717,0.31768465,-0.9393065,0.0788182,-0.49023056
1.2710849,6.0029793,0.24261463,7.5182223,0.311548,-0.9300401,0.042353272,-0.4944946
1.3477242,5.4476047,0.21763074,7.554118,0.3047924,-0.91495657,0.015460491,-0.4796578
1.3971962,6.603374,0.22944665,7.555487,0.3135934,-0.9583001,0.15286207,-0.47768992
1.3677887,7.968268,0.17007327,7.564988,0.3656633,-0.9467652,0.0419935,0.027839363
1.3409927,6.1493607,0.13824546,7.4835773,0.42753124,-1.0144591,0.041199923,-0.3612126
1.3183672,5.227322,0.14075923,7.5163097,0.4461794,-1.0229511,0.019488335,-0.34670722
1.1300285,6.1347275,0.1366663,7.615452,0.4413483,-1.0336422,0.078991175,0.25427294
1.7306393,4.902726,0.17812932,7.5674,0.4171393,-1.0262872,0.028993726,0.027137995
1.6701173,2.679901,0.15358567,7.407413,0.45676517,-1.037275,0.009749055,-0.23986492
2.2727978,9.392424,0.18603659,7.423796,0.4537456,-1.0369177,-0.016638339,-0.05457455
2.0367815,8.738192,0.22854948,7.3868933,0.438478,-1.0345614,-0.039795876,-0.25170946
1.7677157,8.661373,0.2319243,7.40468,0.4599023,-1.0675975,0.054222465,-0.2697422
2.061806,9.317749,0.2702192,7.3586226,0.46964383,-1.0928631,0.05963242,-0.34170392
2.114644,9.914821,0.23260355,7.438385,0.45234442,-1.089042,0.08607936,0.039586663
1.8177061,6.8011556,0.27132404,7.4437265,0.46270585,-1.1105485,0.040539622,-0.2995711
1.7701403,8.501738,0.23061311,7.397516,0.49540305,-1.1338336,0.055684447,-0.28393432
2.4076,9.184092,0.16978717,7.3905354,0.50608444,-1.0846846,-0.048837245,-0.21970367
2.8850439,9.614962,0.25771642,7.3731422,0.47734785,-1.1313798,-0.023595572,-0.3175463
2.6489313,8.826895,0.36658573,7.278662,0.4969108,-1.1358168,0.11724925,-0.28923297
2.097816,9.980211,0.36318016,7.1506653,0.5089302,-1.1006109,0.15786624,-0.28408998
1.8678867,4.371644,0.44144595,7.253866,0.49696684,-1.1101559,0.045894742,0.02102995
1.8498539,8.112791,0.41029632,7.2359285,0.4836104,-1.0868073,0.20533884,-0.3941918
2.1657848,6.765811,0.44920993,7.2332087,0.43946576,-1.0745263,0.13501322,-0.14760703
2.1918786,8.159052,0.4518789,7.1892977,0.45048642,-1.1043367,0.07924402,-0.17266741
2.5102649,7.786757,0.4199301,7.260233,0.45869875,-1.0695436,-0.004731357,-0.13784719
2.3723702,7.3314257,0.3498609,7.2371364,0.46327138,-1.0880904,0.14521158,-0.2274
2.5340683,7.825737,0.41384184,7.1960526,0.45911217,-1.0620666,0.025867939,-0.035666585
1.7923307,5.4055147,0.37983894,7.17372,0.4641807,-1.0276403,0.018929124,-0.17981872
2.9582999,6.6387973,0.4451964,7.0970263,0.4450705,-1.027453,0.17474794,-0.1466777
2.5441504,9.808131,0.5059906,7.06071,0.415375,-1.0240116,0.116057634,-0.2926625
2.675248,9.87625,0.62532616,7.007792,0.38711214,-1.0021124,-0.0023506284,-0.3064029
2.6194015,9.977377,0.56174755,7.0165696,0.40706968,-1.0306925,0.047855854,-0.4317855
2.5044281,9.675087,0.6360792,6.963104,0.41858053,-1.0281403,0.115935564,-0.42244893
2.3719523,9.454611,0.67346907,7.044176,0.400414,-1.0532436,0.06740904,-0.40784103
1.9988437,4.6368756,0.69999015,7.042645,0.41517282,-1.026486,0.07283127,0.0047548413
1.9941072,4.4262915,0.53265357,7.1088743,0.47027898,-1.0665407,0.12670839,-0.14821032
2.0211449,3.8559504,0.5425863,7.0637074,0.43075323,-1.0578105,0.16783619,0.1914773
2.1424432,4.6133366,0.5359976,7.010397,0.47616243,-1.0402154,0.20720196,0.17227042
2.3040335,8.532091,0.54795814,7.001183,0.4574263,-1.0299137,0.15234768,0.13164568
2.238249,6.6636972,0.44902205,7.091531,0.37640905,-0.9495845,0.35690677,0.39801764
2.387817,6.8060637,0.50593615,7.088089,0.38036108,-0.9372902,0.31012154,0.410887
2.8012872,8.686127,0.37823164,7.1330805,0.38091135,-0.9466605,0.22254229,0.32707328
2.333933,6.922534,0.48397112,7.2228036,0.3359716,-0.9158404,0.2181499,0.103220046
2.9739342,9.020238,0.50058293,7.1476383,0.33905363,-0.9230499,0.16002262,0.15165555
1.7649021,7.961026,0.42827117,7.1707206,0.33760023,-0.92126656,0.45250726,-0.08704203
1.5275786,5.2153897,0.6608571,7.284655,0.32962942,-1.0087605,0.5569037,0.1788829
1.4939103,4.7668037,0.643944,7.21827,0.36288404,-0.9760103,0.67159915,0.22916448
1.4282259,3.8496149,0.59832287,7.0975885,0.3705697,-0.94297934,0.51316404,0.49029708
2.6654253,5.8133574,0.54905367,7.11337,0.3846171,-0.95392513,0.2307812,-0.063146204
2.6605082,5.1133766,0.66993856,7.0016127,0.35784888,-0.9522445,0.18677104,-0.058703035
2.3232465,7.8589454,0.6359997,7.024029,0.35377336,-0.96199155,0.13576865,-0.10001427
2.3315804,4.2863674,0.68411946,7.003307,0.34744716,-0.9574094,0.13638985,-0.10835591
2.3595805,4.876003,0.67408967,7.053212,0.35925698,-0.97732496,0.18858111,0.014672399
2.1925142,6.0876884,0.6608013,7.0461893,0.37090302,-0.98533344,0.13165462,0.044442415
2.0036933,3.4765286,0.7151234,7.023411,0.3718605,-0.97517014,0.25076568,0.22068226
2.3721192,4.8045297,0.5750729,6.937092,0.41764092,-0.9735558,0.35349727,0.419348
2.6503396,8.018951,0.6144649,7.0037923,0.37170267,-0.9737425,0.3496648,0.4635058
2.9097273,3.7809796,0.61184406,7.0185437,0.3891518,-0.9771404,0.28340793,0.17753911
2.8443456,9.084694,0.73331857,6.981187,0.42755294,-1.0591412,0.26014316,0.1774683
1.6739565,8.849131,0.6757337,7.0321527,0.46373677,-1.0913569,0.262578,0.034804106
1.8289356,9.342041,0.76531005,6.828423,0.53027487,-1.1763327,0.08504367,0.12578297
2.874837,9.651185,0.8147043,6.789121,0.53452563,-1.2081432,0.26144338,0.2670172
2.839289,7.9231133,0.86715865,6.6765256,0.5360043,-1.2338853,0.28634942,-0.023094296
1.8006037,5.032463,0.8719821,6.5143833,0.61695266,-1.2101331,0.19281816,-0.065760255
2.189659,7.2494454,0.9245899,6.5986814,0.6298773,-1.3286462,0.20733583,-0.2844924
2.644609,8.104392,0.83891535,6.7083116,0.63265514,-1.3325311,0.27404237,-0.3399657
1.8013334,7.1760716,0.85379577,6.7161202,0.6337955,-1.3380044,0.25186574,-0.30987418
1.785464,6.4804287,0.7327411,6.6677136,0.62470555,-1.2207792,0.19755638,-0.013825655
2.7305624,8.1236925,0.79315495,6.5946674,0.6247487,-1.2306622,0.16872716,-0.18305415
2.3349254,7.525616,0.8019606,6.6116104,0.6261859,-1.2287289,0.091097355,-0.25679317
2.4365811,7.1842117,0.81328344,6.6012697,0.6277249,-1.1987884,0.20019591,0.007092178
2.823627,7.757994,0.8361627,6.620294,0.62587166,-1.2268034,0.2990228,0.27979863
2.9417303,6.7082257,0.7486197,6.675307,0.64091635,-1.1763129,0.20903158,0.31764376
2.9265573,6.704688,0.7466105,6.6688166,0.64627385,-1.2263281,0.52793956,0.3952161
2.5819302,6.187848,0.7701818,6.6355352,0.6045368,-1.2176347,0.53891647,0.33769643
2.8552985,6.553419,0.8711927,6.485297,0.62399006,-1.1490355,0.3958279,0.36635053
1.8113774,6.1438637,0.80499697,6.477253,0.6388178,-1.1568868,0.44466186,0.32640123
2.8754747,6.4105277,0.838712,6.580565,0.6431296,-1.2041066,0.3213961,0.35530007
2.9150894,7.3440104,0.8773465,6.6704345,0.5714226,-1.2238884,0.21819448,-0.006748557
0.56100833,7.6420817,-0.8467353,9.913073,0.8824794,-1.5072769,-0.016887367,0.095350385
0.5238424,8.143387,-0.89941055,9.994293,0.9340396,-1.5166212,-0.10688865,-0.3689302
0.51376593,7.943047,-0.9029182,9.991588,0.9411447,-1.5415334,-0.1276797,-0.36750162
0.5073287,7.380868,-0.9328849,9.91968,0.9260516,-1.464925,-0.09670013,-0.1897456
0.57238597,8.326014,-0.9540389,9.956352,0.9333658,-1.4579034,-0.18145114,-0.39079076
0.5563021,9.275457,-0.9258559,9.9437275,0.9358294,-1.4576094,-0.17366278,-0.378831
0.6025144,9.662451,-0.82822883,9.949857,0.91032195,-1.5330101,-0.01956886,-0.4692199
0.56445366,9.568895,-0.8689921,9.9533415,0.9481523,-1.4965084,-0.106570125,-0.41033974
0.60439825,9.832672,-0.8132125,9.972625,0.8210025,-1.4747434,-0.116251886,-0.05069217
0.59009,9.815929,-0.8054453,9.917052,0.87050676,-1.4775171,-0.018288612,-0.2306548
0.5868139,9.52705,-0.81498134,9.840908,0.86687875,-1.4272959,-0.0354833,-0.0086067915
0.57548016,9.610477,-0.80268204,9.917187,0.874187,-1.4346404,-0.023997486,-0.40375465
0.56760776,8.769848,-0.83975524,9.885776,0.8629596,-1.3936889,-0.14612424,-0.32590297
0.5667541,9.156755,-0.7903489,9.886381,0.78477263,-1.3607658,-0.058268487,-0.39583457
0.5621447,9.0343075,-0.7691914,9.91407,0.79027796,-1.3782806,-0.1172722,-0.22890785
0.5710062,9.826622,-0.7488089,9.955542,0.7893188,-1.3971924,-0.1271488,-0.39853406
0.5760877,9.814751,-0.73265463,9.949154,0.7941356,-1.4066262,-0.06293517,0.07353902
0.577836,9.88847,-0.73621804,9.943085,0.80648804,-1.4093785,0.22857535,0.36743522
0.5343577,9.4969425,-0.7343306,9.945331,0.8136115,-1.413207,0.19782603,0.17706156
0.5686693,9.750975,-0.6550249,9.82263,0.79858184,-1.4138556,0.26565766,0.2196511
0.5784909,9.894014,-0.62900066,9.741774,0.8160877,-1.4481007,0.08497012,0.12907946
0.5800279,9.140246,-0.72533995,9.74795,0.85550284,-1.4835752,0.097889066,0.30035043
0.57147276,8.846956,-0.7331355,9.753286,0.79390836,-1.414469,0.12784684,0.30120695
0.58402205,8.585003,-0.8200068,9.771376,0.84764147,-1.4291372,0.12992,-0.45802262
0.58794755,8.500071,-0.73775643,9.727598,0.8765969,-1.4690607,-0.28513694,-0.41666088
0.5880078,8.899858,-0.75929916,9.827434,0.84238005,-1.4686122,-0.2618438,-0.49769604
0.59855354,8.4345,-0.82251924,9.822174,0.8532491,-1.458327,-0.24925357,-0.43438634
0.6031953,9.399073,-0.81638396,9.773867,0.8674872,-1.486766,-0.21009499,-0.35381928
0.53994906,9.01593,-0.82808405,9.921744,0.90444636,-1.4666572,-0.048098326,0.096102715
0.5309063,8.7613945,-0.7637096,9.919119,0.8967633,-1.513601,0.09123206,0.05558294
0.55757034,8.912561,-0.592869,9.760155,0.8973396,-1.5159383,0.034406543,-0.04337758
0.5477495,9.18149,-0.6076573,9.621276,0.9303043,-1.5563247,0.04958713,-0.21276975
0.5397113,9.386577,-0.6415843,9.729884,0.96717024,-1.5908525,0.0058910847,-0.2618521
0.5450778,9.3262615,-0.6199127,9.521601,0.99607944,-1.5559089,0.023225188,-0.099345684
0.56736684,8.665482,-0.592033,9.452234,0.98870087,-1.5725386,-0.02535677,0.088840604
0.53300697,8.131828,-0.5615127,9.472055,1.023988,-1.5887487,0.18118143,0.19413173
0.51830226,8.933815,-0.5716828,9.542161,1.0219438,-1.5711281,0.23387396,0.31746554
0.52311045,8.896308,-0.55407643,9.532239,1.008692,-1.5806917,0.1351192,0.20580447
0.5191701,9.279388,-0.53598064,9.599187,0.98777723,-1.5878779,0.15463018,0.19376802
0.5365602,9.741426,-0.52018905,9.687505,0.97496676,-1.590935,0.16798592,-0.12995315
0.5149971,9.485276,-0.5330624,9.764953,0.9256396,-1.5857916,-0.007304907,-0.15064865
0.5131738,9.472544,-0.48116755,9.828775,0.9389732,-1.5832559,-0.075419486,-0.27278146
0.5117228,9.827642,-0.42659336,9.699097,0.9667437,-1.5696881,-0.04011607,-0.26972055
0.50528395,9.937538,-0.45138228,9.617468,1.0115311,-1.620715,0.027911901,-0.17750603
0.5156653,9.934155,-0.45603055,9.570349,1.0144026,-1.5978966,0.16193771,0.06450766
0.5255362,9.351849,-0.48344857,9.58346,1.0277083,-1.632032,0.07409239,0.20666873
0.5302337,9.699789,-0.49721467,9.529197,1.0603428,-1.6703405,0.032975674,0.187424
0.50328803,9.634453,-0.4455915,9.594662,1.0386844,-1.6656475,0.03316593,0.15770823
0.5069586,9.832897,-0.46353382,9.629602,1.0436296,-1.6495844,0.26074874,0.37971509
0.51454353,9.567435,-0.4722026,9.55659,1.0282359,-1.6603899,0.20954537,0.4246574
0.50787765,9.531469,-0.38773167,9.368054,1.0089748,-1.5251403,0.2768271,0.34861785
0.5506932,9.928982,-0.40345204,9.438553,0.97104526,-1.5505812,0.44517756,0.4106053
0.56226814,9.23053,-0.40390426,9.277389,0.9791343,-1.5580056,0.37029803,0.344491
0.56618243,9.4403105,-0.3756914,9.259085,0.9645114,-1.5755206,0.24658597,0.43129218
0.5563496,9.608208,-0.38776994,9.362407,0.96368814,-1.6248568,0.13282824,-0.12330282
0.5560348,9.761223,-0.3776139,9.278811,0.97754717,-1.6309416,-0.0096588135,-0.21080384
0.567511,9.473438,-0.39098394,9.207026,0.9817152,-1.5715663,0.011117101,-0.24108246
0.561645,9.812608,-0.3920582,9.216879,1.0023272,-1.568651,0.24410844,0.18503112
0.5821135,9.827166,-0.35043472,9.185353,0.949877,-1.5700268,0.31015277,0.26357174
0.5394444,9.273872,-0.30805987,9.173089,0.9610152,-1.55991,0.3050965,0.09880674
0.53768104,9.710266,-0.26865864,9.229738,0.91627645,-1.5083137,0.40204322,0.2844401
0.51649135,9.042611,-0.26318616,9.30155,0.9302914,-1.5444871,0.33873165,0.2834183
0.51229125,9.762678,-0.26404876,9.366465,0.9370725,-1.5879115,0.28562975,0.27685732
0.53376,9.814569,-0.2569992,9.326106,0.91570115,-1.6045038,0.26320922,0.23007786
0.5329943,9.508314,-0.2862171,9.1653805,0.9559598,-1.5871413,0.23392653,0.15405905
0.5431527,9.151014,-0.2927975,9.051301,0.9767163,-1.590546,0.14084399,0.040953815
0.54971343,9.114316,-0.2572981,8.919039,0.99122834,-1.5917358,0.14815295,0.20720637
0.51064694,7.8679004,-0.3058753,8.999276,1.0451586,-1.5897512,0.25205398,0.381113
0.534113,7.0429387,-0.309348,8.9657955,0.99212456,-1.6164725,0.385067,0.27419263
0.53230226,5.6524158,-0.36828685,8.83391,1.0497181,-1.6074944,0.21314192,0.34824562
0.5540838,5.821402,-0.47482508,8.896898,1.0481684,-1.5919213,0.21947658,0.2789327
0.57614934,6.2293797,-0.47090572,8.878204,1.0108666,-1.5761352,0.19229281,0.28979665
0.53716785,5.3913403,-0.43764013,8.922507,0.9954729,-1.559243,0.19912016,0.411996
0.54755765,5.9818316,-0.41292977,8.837856,1.0295157,-1.5709019,-0.20481646,-0.13780466
0.5406091,6.6480327,-0.43717676,9.012637,1.0324094,-1.5530953,-0.21172166,-0.45566168
0.52486384,7.238222,-0.4035582,9.005353,1.0095453,-1.5551784,-0.1260454,-0.037674308
0.5095138,7.2027926,-0.40716153,9.119801,1.0304224,-1.6282785,0.19142985,0.4301101
0.51376957,7.993784,-0.38881624,9.066286,1.0287223,-1.554806,0.7091886,0.5105083
0.5300228,8.662153,-0.4233572,9.147594,1.0291634,-1.5792003,1.0344877,0.4998712
0.54137254,8.047955,-0.42700315,9.123896,1.0384042,-1.6249843,0.5175458,0.45611113
0.52470845,7.9536443,-0.4243701,9.219053,1.0218589,-1.5765543,0.24871528,0.20220262
0.5378543,8.729897,-0.37769133,9.260834,0.9913125,-1.5922791,0.03445518,-0.0047644973
0.5253397,9.046169,-0.3758449,9.179482,1.0006323,-1.5684855,0.025858164,-0.0692386
0.5222318,8.5049305,-0.38896048,9.180092,1.0009408,-1.5577265,0.1279124,0.34339792
0.5278125,7.9669623,-0.39837384,9.163913,0.98783875,-1.5752798,0.18188,0.39715147
0.55456084,8.175288,-0.44195223,9.128493,0.9671638,-1.5725303,0.42815685,0.37449908
0.5687394,7.9800076,-0.41373086,9.063288,0.9515455,-1.5691663,0.3735267,0.27953053
0.5604727,7.2827215,-0.40219885,9.002508,0.9917717,-1.5985298,0.41756034,0.32419574
0.54304755,6.91223,-0.4634887,9.060852,1.0010211,-1.5623223,0.25719714,0.08596206
0.5605825,7.2339635,-0.48462433,8.968866,1.053103,-1.5879166,0.14180636,0.13372952
0.53833216,7.107505,-0.48950207,9.02981,1.0494142,-1.6162665,0.10404551,0.011636376
0.53738576,6.694318,-0.46436846,9.007364,1.0756235,-1.6461829,-0.0120613575,0.16855007
0.555227,7.9969077,-0.37730098,9.082975,1.0086637,-1.6005347,0.09267759,0.12468636
0.54107016,7.65045,-0.35338616,9.005944,1.0216854,-1.6203271,-0.018197834,-0.022007465
0.5318205,7.931713,-0.3305875,8.940272,1.0472732,-1.6351012,0.12397623,-0.29391235
0.5753136,8.8192425,-0.30560923,8.831615,1.032237,-1.6047001,0.18552554,0.24120218
0.6047719,5.6798534,-0.22284138,8.503801,1.0497327,-1.6763119,0.3482821,0.34902418
0.59947085,8.28758,-0.21355009,8.525932,1.0557449,-1.5911069,0.34010553,0.3835827
0.6060405,8.609603,-0.16480172,8.462053,1.0566473,-1.6436006,0.24418557,0.29653287
0.60897225,9.360098,-0.10614115,8.4482155,1.064244,-1.6409872,0.48787832,0.2867241
0.6042331,9.465015,-0.07355201,8.420652,1.0523758,-1.6373018,0.48434663,0.32243216
0.58593464,9.830872,-0.06249416,8.448014,1.0507724,-1.6246061,0.38265884,0.2929924
0.60877633,9.483564,-0.056261063,8.496076,1.0150924,-1.5812128,0.43430674,0.16552377
0.59634286,9.599775,-0.052380443,8.50359,1.0050533,-1.6342814,0.36085367,0.17276394
0.585812,9.512395,0.0021395683,8.481783,0.98793507,-1.6442137,0.20752263,0.18241477
0.59432316,8.401725,-0.010118127,8.459791,0.99424005,-1.6444353,0.19415367,0.009307742
0.55319536,8.51277,-0.017307997,8.507765,1.0223129,-1.6593599,0.19423985,0.12925518
0.5514914,8.099741,-0.02883184,8.478937,1.0052452,-1.6037608,0.073655725,-0.014152795
0.5409729,8.032406,0.04339838,8.473072,0.94888663,-1.5674026,0.14156723,-0.047929138
0.54164684,7.962194,0.028765082,8.466739,0.91078734,-1.5195905,0.16975069,-0.1426889
0.5369324,6.7173557,0.091329575,8.354944,0.8783498,-1.4560386,0.16665435,0.31292403
0.5243347,6.375687,0.14695215,8.212189,0.8775308,-1.4850509,0.5237378,0.074154735
0.52400446,6.1924615,0.16780281,8.221009,0.8518009,-1.4704131,0.2987486,0.022351742
0.538373,5.910122,0.13064432,8.292011,0.8338978,-1.4668422,0.00650537,-0.0026604235
0.5390746,6.0125484,0.12450421,8.283152,0.8293202,-1.4712986,0.019344926,-0.47805506
0.5409821,6.21427,0.12883401,8.235629,0.8527949,-1.4519122,0.027574062,-0.028718412
0.542694,6.3193946,0.101572275,8.229835,0.8501954,-1.4332037,0.14438295,-0.16459253
0.5402969,6.2479653,0.120827794,8.276758,0.8138795,-1.3999789,0.09407687,-0.4276166
0.5399831,6.5189524,0.11330509,8.323766,0.8168001,-1.4185493,-0.09015441,-0.4558706
0.54061425,6.767052,0.09807241,8.34955,0.82699513,-1.431773,0.1105988,0.1193918
0.5679534,6.5829573,0.08364439,8.299456,0.79366326,-1.4012139,0.10952377,-0.2503365
0.6059601,6.4457927,0.09061456,8.247604,0.7805321,-1.4590448,0.16884339,-0.09965837
0.6072329,6.0850363,0.094114184,8.235512,0.7910898,-1.455991,0.15515816,-0.04745865
0.53931814,5.918008,0.116036296,8.374922,0.7834065,-1.4276165,0.15113747,-0.053541005
0.54207677,5.994346,0.122462034,8.373107,0.7797806,-1.4479964,0.039260626,-0.18631262
0.54419005,6.094088,0.097863674,8.310549,0.7988584,-1.4640903,0.20605671,0.15415323
0.5243217,5.4532795,0.12211144,8.253174,0.85158706,-1.4568298,-0.027490556,-0.25923187
0.50409615,3.871624,0.1352508,8.140608,0.842922,-1.5048896,-0.05549532,-0.16245222
0.61416185,3.5944552,0.097236276,7.961873,0.81888056,-1.4217103,-0.02132374,-0.46952584
0.6722251,3.9517384,0.1050905,7.96381,0.8277807,-1.4978914,-0.039626718,-0.17505497
0.6528844,3.9640903,0.028613567,7.9347043,0.8243778,-1.4025189,0.029433846,-0.29858798
0.6677845,3.9363604,0.020440817,7.935817,0.823231,-1.4609792,-0.011173487,-0.09393996
0.72031623,5.95588,0.019908428,7.923931,0.85235786,-1.4135954,-0.06837505,-0.44084802
0.75610334,7.4834094,0.08692038,7.9309115,0.88029575,-1.4740455,-0.120197415,-0.47087714
0.7118799,6.762512,0.033914804,7.8685355,0.9270117,-1.5526279,0.038279533,-0.48560593
0.8267479,7.475566,0.020814657,7.82476,0.9153962,-1.5203259,-0.07233083,-0.40474856
0.82935226,8.677771,0.033025622,7.877335,0.9061384,-1.4999971,-0.08989352,-0.4759898
0.8123343,9.12756,0.083336234,7.8709073,0.9212959,-1.5800778,-0.06019473,-0.46302608
0.80823743,8.627279,0.052570105,7.921393,0.91113853,-1.4850605,-0.045455575,-0.11763561
0.7830812,7.9554462,-0.049882412,7.908799,0.90273356,-1.4689825,0.09518993,-0.1417965
0.7447001,7.577394,-0.0525043,7.980022,0.90741014,-1.50282,0.14192963,-0.06872016
0.72374123,7.827093,-0.10670549,8.049555,0.97375226,-1.5711627,0.20906568,0.42544973
0.7739037,9.709538,0.022310257,8.015978,0.9573381,-1.5348341,0.19771934,-0.06245759
0.6947023,7.75838,0.032639503,7.9430494,0.9545057,-1.5256302,-0.045279443,-0.22355539
0.6818788,7.7627997,0.025262356,7.9731073,0.9617312,-1.485718,0.13367915,-0.24922422
0.6177067,5.4565115,-0.017186284,7.9887943,0.9963882,-1.5837691,0.021747947,0.0070112944
0.5908186,6.527441,0.023214698,7.9784603,1.0134687,-1.5568073,0.038528204,0.06432879
0.6066182,5.400856,-0.06488842,7.969235,0.99606276,-1.5511082,0.26578522,0.13616711
0.5664488,3.9797153,-0.03270191,7.940269,0.9789448,-1.5706389,0.16832674,0.17923272
0.6256498,4.2962275,-0.015058041,7.941947,0.9607284,-1.5560961,0.117501974,0.08427405
0.65824753,4.8533516,0.012785435,7.9406257,0.98192143,-1.5811564,0.2694167,0.34902978
0.6478988,4.8174896,0.03990233,7.7811046,0.99853325,-1.5817622,0.17475748,-0.04654962
0.6133021,4.7223606,0.05507815,7.8752584,1.0022547,-1.5837967,0.19548345,0.030542672
0.57007897,4.9188795,0.0064616203,8.012325,0.9935925,-1.5720208,0.09499562,0.06356835
0.5557044,4.9194407,0.046905994,8.022074,0.96707296,-1.5596185,0.06430507,-0.06857121
0.560581,4.1915073,0.027421355,8.036982,0.9856353,-1.5780725,0.08949959,-0.13429588
0.596198,4.5185146,0.018012762,8.004799,0.9479432,-1.5772934,-0.028448164,-0.027866662
0.6170518,4.5244384,-0.08375418,8.023266,0.9447744,-1.510624,-0.048120856,-0.0054053664
0.60427296,4.931116,-0.1155709,8.0894,0.9408536,-1.4775217,-0.0031157136,-0.3507165
0.5998626,4.856747,-0.12280893,8.115782,0.9537978,-1.5177734,-0.12845963,-0.27031955
0.61776924,5.336624,-0.023955762,8.078808,0.8583913,-1.5073473,0.022554994,-0.37157762
0.5716546,3.725054,0.020350695,8.055505,0.90005875,-1.5147768,-0.07915026,-0.4124195
0.5486702,3.972255,-0.009162903,8.104512,0.90310836,-1.5143739,-0.06321764,-0.15988484
0.5358222,4.3359213,0.008154511,8.081082,0.9103682,-1.4707003,-0.06377739,-0.34917447
0.51885587,4.738274,0.1539675,7.9790497,0.92169523,-1.5560713,0.067917705,-0.35848662
0.51162463,4.569228,0.15538812,7.981062,0.915467,-1.5098073,-0.020776272,-0.30983686
0.51525736,4.324135,0.11964762,7.95722,0.9257605,-1.5155768,-0.08497739,-0.39331174
0.5441856,4.555732,0.12853432,7.9719396,0.90793943,-1.5272192,0.09574962,-0.06489116
0.5037866,4.43853,0.17740726,7.938169,0.9077308,-1.5372075,0.171265,-0.0921672
0.50203764,3.9175825,0.14268804,7.969627,0.89717627,-1.510227,-0.06094092,-0.3010977
0.5001292,3.6850286,0.19677603,7.9249105,0.9066298,-1.5296507,-0.04280609,-0.30832872
0.5457277,3.9135876,0.13704753,7.8463864,0.91111517,-1.5437177,-0.024749875,-0.0860796
0.5388344,3.5270238,0.14680028,7.885501,0.8444667,-1.5081884,-0.021133602,-0.25064382
0.6041122,3.4938874,0.041396618,7.810988,0.8317237,-1.3929781,0.029515028,-0.09871429
0.78828543,3.5744538,0.0137575865,7.7996864,0.8199587,-1.4231576,0.15466523,-0.06495741
0.7962797,9.452915,0.07089436,8.073713,0.75341415,-1.4092128,0.20308888,-0.056379914
0.7775183,9.320877,0.08774543,8.068985,0.79132867,-1.4062121,0.13961208,-0.12536645
0.84560966,9.643104,0.032097816,7.971548,0.76531863,-1.4110458,0.22345257,-0.11181882
0.8451197,6.9950757,0.064620376,7.845215,0.77438927,-1.38487,0.11648202,0.020019948
0.85420644,7.2426047,0.09222627,7.7177863,0.8234217,-1.437186,0.04337287,-0.48134866
0.8706283,6.9591074,0.06385529,7.745063,0.8414831,-1.4288383,-0.091653585,-0.38362414
0.8687245,6.0002093,0.10741484,7.787392,0.79418206,-1.4028661,-0.093979895,-0.1962434
0.89950716,6.586395,0.09686375,7.697412,0.74667597,-1.3554529,0.14125788,-0.10955718
0.94330645,7.3567715,0.13135839,7.6456943,0.72645354,-1.3441439,0.14060009,-0.23598969
0.8942081,7.5441647,0.13381934,7.644082,0.7450793,-1.3207135,0.19981909,0.107860565
0.93832374,7.231655,0.14675164,7.6670346,0.7424605,-1.2951586,0.18735743,-0.00903219
0.99339,8.3410015,0.10717666,7.702562,0.7106085,-1.2795513,0.08732307,0.14699304
0.9789216,8.910807,0.10033715,7.7412786,0.74122906,-1.3361177,0.09741628,-0.3434382
0.9926451,9.889004,0.15995288,7.6584888,0.7591245,-1.3684499,-0.07209772,-0.17995769
0.7221759,2.2367742,0.13042426,7.519828,0.778054,-1.3302286,-0.06248504,-0.03460571
0.58679664,2.3485167,0.18851113,7.5380216,0.8253443,-1.3421735,0.13579106,-0.05139911
0.62969404,2.134146,0.2084409,7.4529586,0.8060589,-1.3402616,0.08408928,-0.16624948
0.6212582,2.671084,0.19016767,7.741488,0.7902069,-1.371835,-0.012100995,-0.17780119
0.5389285,3.252625,0.14007926,7.815693,0.81450915,-1.4016867,0.1976341,-0.027076542
0.5971097,3.4047418,0.1244123,7.820737,0.78806496,-1.3727994,0.12615323,0.27081668
0.58730817,3.919454,0.14717269,7.8813953,0.7733989,-1.3747334,0.21451306,0.11416978
0.5583554,3.397758,0.13715017,7.8423095,0.75650024,-1.3007052,0.14279234,0.09339106
0.5598696,3.4736042,0.17586696,7.803833,0.78238297,-1.3629892,0.06581187,0.051848292
0.61559755,4.1256447,0.16631746,7.805623,0.7892344,-1.3928629,0.17967892,-0.10583359
0.5960328,4.535327,0.1942681,7.792682,0.8130214,-1.4033285,0.04412222,-0.17938834
1.1510193,9.820132,0.5967729,6.074781,1.8186221,-2.4417048,0.17267203,0.17377394
1.3272243,9.720282,0.5854628,6.007889,1.9014006,-2.4370039,0.58735263,0.41324878
1.0081372,3.5965376,0.57153237,6.1321187,1.8788676,-2.4226668,0.3827654,0.41273928
1.1403394,9.287062,0.5314151,6.3101606,1.8170748,-2.401284,0.35185742,0.23703432
1.208249,9.460448,0.5370724,6.337962,1.8224051,-2.4694343,0.20063066,0.10272318
0.9140661,9.902002,0.53426504,6.307688,1.8857737,-2.472189,0.14769578,0.1088953
2.3598962,3.7628303,0.5151527,6.324937,1.8849044,-2.4921389,0.2996391,0.08012366
1.4126866,9.726426,0.5030352,6.369069,1.9235332,-2.5398102,-0.0023804307,-0.3336918
2.068087,3.9261074,0.4817356,6.4000597,1.8864014,-2.5332556,-0.0915584,-0.31582266
1.6613431,5.8658514,0.45967984,6.3997464,1.874464,-2.4884202,-0.15246433,-0.46710107
0.9722878,8.86438,0.47431386,6.3294654,1.8983388,-2.476966,0.013115644,-0.4919463
1.9503601,3.2067924,0.48557806,6.3041477,1.8589675,-2.449263,-0.087266386,-0.49218395
1.9189099,2.9501913,0.5437676,6.278311,1.8431933,-2.423252,-0.061191797,-0.4547524
1.0931726,4.2906637,0.5950421,6.321163,1.8044264,-2.4952269,0.08551514,-0.098330915
1.656734,7.6124125,0.5612749,6.1966453,1.8185067,-2.4301572,0.14405954,-0.07699275
1.9178406,5.8170915,0.630306,6.177873,1.8226407,-2.4801354,0.15394509,0.14172018
1.0909164,6.6857953,0.69985354,6.0355735,1.8366518,-2.4452467,-0.0021076798,-0.07782316
1.9470536,9.224609,0.6912949,5.841734,1.8876753,-2.5084147,0.12234926,0.21078134
0.9998104,9.938279,0.66928387,5.8936186,1.9325736,-2.532109,0.1782955,0.10535431
1.8561065,7.4979706,0.6762681,5.841776,1.9505832,-2.5371482,0.12443817,0.08429545
1.384914,6.005685,0.6895664,5.8878145,1.9490976,-2.5576808,0.060781598,0.043306172
1.3062694,5.501294,0.6911545,5.857764,1.9409039,-2.5555294,0.14797866,0.11683071
1.6076765,6.3115993,0.69482374,5.861635,1.9594314,-2.542767,0.09560633,-0.00482893
1.8262736,5.574925,0.7361839,5.8198185,1.9537885,-2.5868888,-0.025437832,-0.27930063
2.4836757,9.056599,0.72631454,5.73565,1.9457662,-2.5196362,-0.10105538,-0.26709285
2.791309,6.9192796,0.7141192,5.758162,1.9427793,-2.519586,0.011822104,-0.26348722
1.388471,8.05271,0.6711335,5.770276,1.952038,-2.531592,0.041545033,-0.07076472
1.3246745,7.899617,0.6915444,5.8044825,1.991317,-2.5789325,0.14490294,0.043121874
1.8459809,9.538274,0.6813985,5.8461595,1.9741495,-2.560264,0.1351105,0.20673811
2.0785384,6.5066175,0.6820462,5.8868628,1.951489,-2.5826287,0.11234951,-0.018933117
1.6185629,9.885859,0.69188416,5.7964277,1.9643903,-2.524231,0.16464925,0.15429574
2.0406961,5.8595695,0.6871749,5.7958155,1.9444566,-2.5307996,0.17278552,0.1292184
2.079394,5.418455,0.69064677,5.8546,1.9621019,-2.549338,0.05013311,0.02862227
1.95428,9.675735,0.7312472,5.7950697,1.9481883,-2.569429,0.09494996,0.10990465
0.9628123,9.90913,0.7357693,5.84173,1.9264243,-2.5761602,0.12702835,-0.113722295
1.612696,9.728973,0.71358466,5.883019,1.9477005,-2.5820158,0.02544713,-0.031234145
1.7000654,3.2515917,0.6977246,5.87585,1.9144082,-2.6218457,0.024019599,-0.4411156
1.660575,8.746065,0.68957496,5.7753987,1.9214275,-2.507993,-0.030132174,-0.22153994
2.6254783,9.266123,0.7103219,5.811876,1.8861794,-2.4774206,-0.055104196,-0.47439623
1.7032722,6.5392585,0.71950376,5.787156,1.8833685,-2.4952087,0.10803461,0.059800148
2.4842634,7.4890084,0.72345483,5.7492733,1.8823521,-2.4615314,0.027276993,-0.15729952
2.4499612,8.918409,0.7248595,5.71878,1.8962772,-2.4864497,0.119511604,-0.2220226
1.7210442,4.160644,0.75820494,5.756037,1.868669,-2.4964857,0.16680384,-0.018489927
2.108705,4.7093143,0.7259202,5.7672076,1.8911502,-2.4695811,0.12658513,0.009509146
1.4261061,8.36612,0.7425196,5.7513623,1.8858118,-2.4734137,0.093815684,0.14505363
1.1248018,9.209233,0.7196958,5.794441,1.9113245,-2.4988954,0.0038124323,-0.06692529
1.2772168,8.914017,0.7171538,5.724207,1.972945,-2.530791,-0.0061703324,-0.15826872
1.9713985,9.3428,0.75778854,5.646471,1.9875879,-2.6214483,0.11342096,-0.20845526
1.7427665,2.197434,0.7505288,5.6605463,1.9865451,-2.5696685,0.117842436,-0.09683782
2.3452559,8.096476,0.75540113,5.6915073,1.9419725,-2.5759513,0.1530999,0.02491641
1.1944771,4.3927393,0.73778856,5.70261,1.9366503,-2.5708218,0.19656098,-0.19822538
1.4420369,9.23237,0.73739886,5.7704105,1.8928146,-2.4804974,0.014210939,-0.19166005
1.9009974,9.625689,0.6955075,5.854061,1.895313,-2.4910932,0.031371593,-0.124044
1.302382,9.74258,0.6527368,5.8755264,1.9025612,-2.4787707,-0.0026138425,-0.22105873
2.2477093,9.743873,0.645453,5.838257,1.9276237,-2.5475667,-0.034188688,-0.33773693
2.6266394,2.3150783,0.58837306,6.0804353,1.9206028,-2.519322,0.035609126,-0.075674236
2.6425035,2.111268,0.61203086,6.028236,1.9066532,-2.5205026,0.11651671,0.008300245
2.0934205,2.1328235,0.61393046,6.1041574,1.9476416,-2.544035,0.0045905113,0.23342448
1.9884855,7.389073,0.6160829,5.991086,1.9432919,-2.5657053,0.43831813,0.24654895
2.640941,9.054123,0.57362247,6.011987,1.9810658,-2.5555952,0.13753784,0.39473218
0.85669804,3.814349,0.60984254,6.092491,1.9808877,-2.5790148,0.07747948,0.058868945
1.034859,9.774961,0.5740149,6.1596403,1.9937708,-2.7031174,0.07148039,-0.13388243
1.9799862,4.476067,0.5541749,6.208994,1.9958887,-2.6191258,0.054678917,-0.30698884
1.2094193,8.661621,0.52062404,6.198894,1.9793217,-2.586106,-0.082369626,-0.30304304
2.4186633,2.9101062,0.5201459,6.2050858,1.954366,-2.5316632,-0.03956777,0.14429533
2.0343454,4.3966594,0.5224408,6.2668753,1.9513931,-2.5439234,-0.11362767,-0.3645181
0.9961209,4.5313454,0.5246594,6.236923,1.9444172,-2.5553477,0.03286612,-0.28125232
1.2180103,6.123982,0.53219545,6.294921,1.9471111,-2.5705547,-0.028079271,-0.41489676
1.9013195,6.6760526,0.54233265,6.202554,1.9655709,-2.5714242,-0.09782523,-0.1503253
1.4758008,8.022127,0.5461259,6.2451525,1.9508538,-2.5345783,-0.16217762,-0.24093539
2.8698618,4.131253,0.53596663,6.264719,1.969799,-2.6252346,-0.09751254,-0.49469724
0.85681427,5.3523226,0.5613582,6.2778535,1.9963183,-2.6690426,-0.088847935,-0.1528917
0.7634649,3.941399,0.52417064,6.3777933,1.9905615,-2.6667972,0.017446518,-0.13911563
0.97760266,7.302145,0.53228617,6.280946,1.9871488,-2.6033993,0.054482937,-0.3482586
0.77903694,5.678544,0.54551697,6.3057775,1.9553583,-2.6032982,0.06853342,0.09959984
1.0251338,2.4772687,0.5552337,6.195047,1.971988,-2.6190264,0.11143196,-0.012681603
1.1659895,2.6416073,0.5954416,6.190299,1.9621768,-2.6035104,-0.09771621,-0.12707329
1.408639,5.897558,0.6004379,6.119459,1.9426284,-2.5767918,-0.028046489,-0.32514068
1.1042501,3.4227371,0.63077164,6.039692,1.9265754,-2.5698278,0.03320861,-0.43736684
1.3497534,9.493627,0.59882784,6.107561,1.9016395,-2.5366738,-0.11845082,-0.49669656
2.8961039,2.5859544,0.62527514,6.0653934,1.9054842,-2.5224602,-0.17957479,-0.36170745
2.1246629,2.0090623,0.6620302,5.914753,1.9007719,-2.507938,-0.06838769,-0.3554336
2.5554004,9.934879,0.675488,5.93135,1.908952,-2.4977999,0.09417081,-0.08893961
1.1079123,2.2879357,0.64143825,5.961339,1.8809435,-2.498533,0.106704354,-0.22785804
2.1929843,2.2521725,0.6404636,6.029453,1.8731117,-2.5056505,-0.101322114,-0.22178239
2.107582,2.4015076,0.62686956,6.005732,1.893801,-2.5004644,-0.0644716,-0.43987826
2.7155461,5.5674715,0.6181898,5.9675026,1.9135778,-2.4849534,-0.23722225,-0.39798024
2.5186172,3.1712651,0.62118816,6.01849,1.9146955,-2.4509068,-0.25491524,-0.41838872
2.9297938,9.793995,0.635931,5.839473,1.9171851,-2.4204028,-0.25523412,-0.2800809
2.7298295,2.4807863,0.5928116,5.879153,1.9199438,-2.4262369,0.075332165,0.4164033
0.72488683,3.599704,0.57578707,5.980199,1.9264011,-2.4185035,0.10011244,-0.080726445
2.9770613,7.905156,0.5292239,6.1339736,1.9029834,-2.4385214,-0.008299887,-0.045425117
2.97058,6.7168703,0.558094,6.0925765,1.9541645,-2.5161185,0.010752797,-0.27159047
2.9022162,7.7873144,0.555045,6.0591345,1.9473021,-2.515789,-0.049796343,-0.10958919
0.6400273,5.521026,0.6135514,6.067656,1.9399886,-2.508555,0.04895532,-0.16214567
0.633564,5.501459,0.64314675,6.0025697,1.9455662,-2.4989629,0.24770176,0.06412864
2.4666514,6.6157494,0.64255023,6.052498,1.9131081,-2.5117269,0.1159631,0.24591953
1.5188228,5.789762,0.6434748,6.078494,1.8627057,-2.5032773,0.22350264,0.031673312
2.4271278,8.706722,0.62866664,6.01688,1.876545,-2.5389802,0.34349287,-0.034567356
2.365046,8.357231,0.6460581,6.0627046,1.8776517,-2.4966786,0.15576494,0.29014206
1.0961821,6.5683093,0.65659523,6.030758,1.8634951,-2.4404588,0.42783654,0.2931372
0.8802228,6.459016,0.6405065,5.998019,1.9035969,-2.45438,0.045779586,0.27937603
2.617097,3.6647902,0.6279409,6.0215797,1.8756647,-2.4643595,0.07059288,0.19640398
2.0795414,5.510882,0.6593199,5.9481974,1.8497419,-2.4510388,0.14674473,-0.056216985
2.1233168,3.9974885,0.6501061,5.9614906,1.8622375,-2.4457383,0.08392441,-0.14687604
1.9846089,9.672115,0.6504587,6.047152,1.855593,-2.458305,0.0025775433,-0.14108312
2.3377318,3.0897205,0.6760652,5.973755,1.8557112,-2.4933763,-0.0416224,-0.10124752
1.8206016,9.75033,0.6630564,5.8902054,1.8535757,-2.3749006,0.10337031,-0.28687054
1.6554633,2.786652,0.7723448,5.7929897,1.8506265,-2.4565501,0.10026753,-0.15928334
1.8214351,9.531,0.7601974,5.816432,1.812722,-2.3976786,0.03393507,-0.045386195
1.6649117,7.610355,0.7676319,5.774047,1.8304124,-2.4903417,0.14655137,-0.06763005
1.425653,7.111159,0.7815895,5.792041,1.8212287,-2.453926,0.084979534,-0.3683712
2.43539,6.0631995,0.7974384,5.8011475,1.809402,-2.4655976,-0.029672682,-0.3246994
1.5544275,7.680787,0.8350222,5.6449327,1.7992465,-2.4524326,0.10629916,-0.30674064
2.1107373,7.7644353,0.8416698,5.646783,1.8234365,-2.4597485,0.1082598,-0.01686883
1.5306967,9.396099,0.82634294,5.6209874,1.8028362,-2.4556136,0.16638577,-0.14146632
1.5603173,6.7791047,0.8101059,5.553108,1.8590975,-2.4568102,0.04397607,-0.2599178
2.8269708,7.395116,0.8264742,5.6820717,1.8428891,-2.4936607,0.024683833,-0.18612155
2.3288696,3.6488848,0.8204639,5.639651,1.8837438,-2.4938474,-0.011413157,-0.17129716
0.9095431,7.1479273,0.8299401,5.607297,1.9132404,-2.5268555,0.22385216,-0.27964458
0.9075417,9.579708,0.8480079,5.4271274,1.9207654,-2.5406218,0.3544711,0.2963704
2.980238,4.2432823,0.8284452,5.5094113,1.9237473,-2.5289955,0.1120379,-0.2216556
2.7649894,7.729178,0.8231393,5.4758053,1.8879786,-2.4255676,0.062999964,0.09863281
2.7215893,7.789813,0.8427627,5.3287334,1.9004798,-2.4503212,0.20762384,0.30263978
2.7610102,7.251836,0.86486363,5.3931885,1.8690665,-2.4556887,0.28037298,0.29639792
2.4665003,6.5754495,0.8919599,5.442522,1.8672733,-2.4709368,0.38577557,0.23212785
1.3424516,8.123945,0.90131474,5.3424253,1.9017177,-2.4728127,0.3526045,0.4588195
1.6116234,8.912263,0.9321768,5.2744303,1.8748367,-2.5595527,0.3111683,-0.051963925
1.7518904,8.2379465,0.9401691,5.318009,1.8854604,-2.5067453,0.35983956,0.35294694
1.8325479,7.3944855,0.95265245,5.3252325,1.8809044,-2.4934006,0.373237,0.30789578
1.6179929,6.890389,0.95828116,5.283292,1.8733094,-2.4981446,0.27931416,0.27318275
2.075673,7.531067,0.9891927,5.2485037,1.8369427,-2.4883041,0.18121839,-0.118700266
0.9001869,4.1066837,0.98242676,5.2642584,1.8443923,-2.4744306,0.36958635,0.020996034
2.562401,5.3100433,1.0090246,5.312439,1.8179908,-2.488545,0.07032108,-0.100569546
1.8739961,6.9568996,0.9784622,5.273042,1.8398314,-2.4586754,0.101130605,-0.14828914
1.5252674,7.0682755,0.9856268,5.2600393,1.8314192,-2.439919,0.12068677,0.14032954
2.6264102,8.535179,0.96286607,5.2675095,1.825295,-2.444279,0.20227456,0.0037737489
1.5358086,7.9630227,0.9598038,5.289091,1.8154676,-2.4369617,0.34270358,-0.012361437
1.308648,7.9254556,0.96450615,5.3170047,1.8032935,-2.4227865,0.13224721,-0.19969046
1.7780893,9.132526,0.94761753,5.3094993,1.8075259,-2.3698072,-0.003943205,-0.096571505
1.1413671,5.4919558,0.94740105,5.388483,1.7720473,-2.3829246,0.28811026,0.058832526
1.6377419,6.280365,0.98493314,5.3730717,1.747777,-2.3703794,-0.047269404,-0.2240155
2.677075,8.857843,1.0087843,5.2298183,1.7373257,-2.3143773,0.010827422,-0.48838872
1.864808,9.538147,1.0325885,5.1779623,1.7179887,-2.346102,0.06528437,-0.29773965
2.4245949,4.967654,1.0081515,5.2273197,1.7208054,-2.3477225,0.08126795,-0.21775639
2.0677032,8.843466,1.0147705,5.248267,1.7661641,-2.3777704,0.07869387,-0.33187026
2.0975301,4.5057144,1.0093613,5.251384,1.7792072,-2.3945317,-0.0025140047,-0.34309977
1.3369954,6.193067,0.98586285,5.262663,1.754329,-2.3491707,0.023533106,-0.42142487
1.2806826,6.4965286,0.98419595,5.2941446,1.7528467,-2.3941808,0.036910057,-0.42346314
2.0063188,3.0295122,0.96366835,5.316926,1.7561626,-2.4016175,-0.0037209392,-0.42480022
1.9908386,8.919872,0.9951556,5.3911285,1.7381065,-2.3770995,0.10949147,-0.10528296
1.6239318,8.64857,0.9910176,5.279689,1.7394361,-2.4050071,0.09866583,-0.25834334
1.8301051,8.275798,0.97586644,5.2472334,1.778482,-2.3982868,0.09038675,-0.21681795
1.2374991,4.39657,1.0124435,5.26442,1.7602398,-2.3730285,0.056646824,-0.42730573
2.1663694,5.5498676,1.0338364,5.27594,1.699022,-2.3505774,0.11327672,-0.32452604
2.4205737,8.8953495,1.0546997,5.2733912,1.6874049,-2.3475015,-0.08783686,-0.4419793
2.642985,8.45499,1.0821171,5.25189,1.6767068,-2.3237967,-0.044516325,-0.4647418
1.5520346,5.1047583,1.1054008,5.221093,1.6684792,-2.3396106,-0.10357356,-0.45958802
1.5983667,5.4842186,1.0693455,5.3163037,1.6474726,-2.3190794,0.10304892,-0.23458382
2.1727653,4.9304357,1.0070648,5.36548,1.6445568,-2.2968686,0.09588134,-0.36533183
0.7468726,3.9704874,1.0072131,5.383468,1.6571288,-2.3035703,0.12112129,-0.083044976
0.8644045,8.522665,1.0600224,5.397031,1.6497889,-2.2991471,0.24058282,-0.071365
1.984279,3.3901734,1.0803275,5.3248854,1.6553779,-2.2907677,0.09111798,0.022175908
1.7444078,9.401548,1.0444229,5.2354136,1.6757214,-2.283187,0.01194489,-0.3451189
1.6894717,5.6199007,1.0203941,5.23792,1.7082257,-2.3267047,0.18976629,-0.32227373
1.6998887,8.460645,1.0160685,5.3072124,1.7067676,-2.3251777,0.14704835,-0.1931755
1.605473,3.3324943,1.0137122,5.3020663,1.6954651,-2.298243,0.1401844,-0.38078502
2.896073,5.9267173,0.9488287,5.3145695,1.7254572,-2.3307514,0.15907156,-0.03936559
1.2086,6.254879,1.010241,5.3275137,1.7146695,-2.3438852,0.065223575,-0.13868994
1.4532986,7.9515147,0.9953239,5.35314,1.688721,-2.3511555,0.19723594,-0.11719701
1.2029115,4.8093395,1.0013986,5.2866488,1.7258193,-2.3270721,0.13964438,-0.25689143
2.733039,7.0969133,1.0317872,5.2663627,1.7312415,-2.3928583,0.18108857,-0.22398004
2.6841507,5.8050227,1.0272393,5.2948985,1.7369554,-2.3951035,-0.030893743,-0.33723
2.3935323,3.6828918,1.0237143,5.356118,1.7311757,-2.4276476,-0.07903516,-0.42607304
2.3841367,2.1027074,0.9817387,5.4133053,1.7508743,-2.4028277,-0.080132365,-0.4579106
1.8286891,9.824595,0.94878125,5.4192896,1.7482874,-2.4037282,-0.035375297,-0.40478712
2.3840904,8.784983,0.95376074,5.437089,1.7519124,-2.40645,0.0332278,-0.28213316
2.195138,7.3237095,0.98550963,5.4555845,1.7505896,-2.4351678,-0.006431639,-0.37393537
1.9482437,9.1181755,0.97196555,5.4135323,1.7600119,-2.429328,0.13638747,-0.451179
2.6323347,9.772518,0.9479675,5.393049,1.7938817,-2.4264936,0.004032731,-0.17800108
2.0368586,9.5604515,0.91026247,5.3806925,1.8231838,-2.4337673,-0.035024643,-0.3124571
1.1837784,7.5814652,0.9083657,5.387065,1.8303771,-2.4521942,-0.06230086,-0.42292973
2.237783,6.3374233,0.93579006,5.4192476,1.8391509,-2.4594188,0.0015615225,-0.20971307
1.8476473,4.8480835,0.91203785,5.422508,1.8508186,-2.5079648,-0.057967544,-0.3296484
1.4781053,8.454226,0.9082458,5.44234,1.8833182,-2.5293362,0.03581226,-0.28190228
1.3430092,9.455143,0.86228824,5.4453173,1.8755143,-2.5102234,0.18280411,-0.28309977
1.3362563,2.8585174,0.8658719,5.41741,1.8521662,-2.4794912,0.15105438,-0.25687504
2.903954,5.4447126,0.9025526,5.4933186,1.8234081,-2.4810395,0.13573611,-0.24011454
2.933642,3.1275811,0.8658644,5.4535084,1.8332555,-2.4236093,0.068428874,0.08349949
2.6214395,3.30092,0.85335803,5.4569216,1.8680017,-2.4397855,0.021048188,-0.041045845
2.4217336,9.037897,0.8705926,5.4461985,1.8941448,-2.5035582,-0.070314705,-0.33533704
2.7055035,3.730745,0.87165236,5.425023,1.9364831,-2.5761068,0.048714995,-0.15170884
2.4084942,8.202129,0.87038267,5.4493732,1.9309855,-2.5374944,0.11278868,-0.14997625
1.8241248,4.7293625,0.8672025,5.4678884,1.8952739,-2.5380385,0.26679623,-0.29695502
2.8361466,4.206437,0.85496247,5.5146275,1.8910146,-2.5326438,0.110539556,-0.16964167
2.8157828,5.761196,0.8643453,5.514886,1.9160714,-2.5754662,-0.014362991,-0.22134465
2.1957927,6.371642,0.8061478,5.5303597,1.9121039,-2.5496523,0.059413433,-0.14005163
0.96671116,6.569126,0.81590664,5.4625163,1.945852,-2.5229044,0.05109167,-0.3629648
1.0907885,7.5885787,0.83115876,5.4467287,1.9499753,-2.528693,0.0037817955,-0.37960398
1.3993051,7.901101,0.82625854,5.5745,1.9014332,-2.5203836,0.11157024,-0.29693627
2.6925118,3.6733086,0.7593734,5.943099,1.4995224,-2.0645103,-0.13625878,-0.4546629
1.7335085,6.3372755,0.78456664,6.045996,1.4150169,-2.0819068,-0.0274989,-0.44353983
1.1593493,3.2864401,0.76272297,6.1439734,1.417,-2.0242207,-0.02147168,-0.45987654
0.96051943,3.7810335,0.6967987,6.1452274,1.4187801,-2.015026,-0.037849188,-0.38813725
1.466011,8.549928,0.726825,6.197527,1.428189,-2.0562885,0.17649913,-0.17934164
2.1082048,8.013058,0.7078376,6.190881,1.3985882,-2.0459745,-0.06401569,-0.3583951
2.3808813,6.3465257,0.71701896,6.1995397,1.322463,-1.9859335,0.14736617,-0.3923638
2.7814205,7.470828,0.7114439,6.294779,1.3480742,-2.0260725,-0.11417395,-0.27466586
2.1419096,9.364491,0.7400067,6.223721,1.3644829,-2.0231977,0.041926265,-0.19428244
1.5851665,9.998121,0.73923695,6.0847917,1.3559103,-1.9255824,0.07786083,-0.33872846
1.2765529,3.0784864,0.73267376,6.222931,1.3241081,-1.9568453,0.05550611,-0.066883445
2.3462753,9.858034,0.68388534,6.2542334,1.3693469,-2.0164442,0.16449857,-0.041680306
1.651964,5.6488934,0.68152094,6.3005905,1.3474524,-1.974691,0.11502552,-0.32719827
2.095746,3.5209036,0.6841819,6.296795,1.3491421,-1.9636984,0.01019001,-0.18473855
1.4650822,9.110472,0.8322238,6.183572,1.3166811,-1.9144768,0.3075515,0.37195736
2.2420497,8.953596,0.741385,6.113613,1.3780327,-1.9114215,0.3131622,0.38898116
2.5291324,9.454471,0.74374914,6.112381,1.3404536,-1.9588741,0.24758744,0.2948463
2.022284,5.4012775,0.7363409,6.073978,1.3895504,-1.9379361,0.18230748,0.13221693
2.772646,9.358277,0.6785381,6.1140456,1.4153686,-1.9563158,0.22738945,0.42682755
1.3348318,8.088373,0.714957,6.162273,1.3969059,-1.9791707,0.52474797,0.4443469
1.0943302,6.1859937,0.69509137,6.2376833,1.407764,-2.0088367,0.34652042,-0.05455941
1.5238575,7.2124662,0.7182002,6.249725,1.3766155,-2.029509,0.13083541,0.25612026
1.5175424,8.263685,0.72574615,6.23798,1.3807969,-2.0533445,0.13168967,-0.25202787
0.9899156,9.355263,0.66691816,6.410875,1.4010775,-2.0659144,0.04565537,-0.07688719
1.0003054,6.5634265,0.62678456,6.488799,1.36889,-2.0473804,0.115914464,-0.22261494
1.0090343,4.556962,0.6281041,6.3177814,1.3585103,-1.9506552,0.10274303,0.11756539
0.9179925,5.7783213,0.6323806,6.2852654,1.4095821,-1.9884527,0.07714772,0.11401963
2.116593,7.3939304,0.72148,6.1616054,1.4063387,-1.9852741,0.0755651,0.19689786
1.7030605,7.779938,0.7050874,6.2571654,1.3414283,-1.9982738,0.09078264,-0.099419296
2.7891417,7.477445,0.76071787,6.1701603,1.3637378,-1.979987,0.08445728,-0.09488511
1.5066701,6.9243765,0.8085408,6.0584607,1.339884,-1.9666846,0.10970545,-0.20496929
2.0114732,9.514951,0.799194,6.094509,1.361119,-2.016151,0.03673446,-0.29650003
2.1277652,7.8852396,0.8249421,6.031122,1.4019561,-2.0530813,0.17891884,-0.09937155
1.7324363,5.313199,0.84455585,6.0559797,1.367557,-2.031517,0.16981506,-0.025126576
1.4405758,7.7632403,0.8579483,6.043959,1.3623414,-1.9811115,0.20663452,-0.03505093
1.0545037,2.9351182,0.7997143,6.109992,1.3639305,-1.9971256,0.029057145,-0.22053891
1.1931887,9.792721,0.85259175,6.054302,1.3514061,-1.9804478,0.053720117,-0.08266893
2.2901301,9.838141,0.8301101,6.0064583,1.3652387,-1.9881028,0.17328978,-0.00081169605
1.2197278,4.6594095,0.8301624,5.9795685,1.3643632,-1.9642656,0.19853115,0.19426012
0.78610444,3.6696897,0.81025314,5.9898167,1.4049001,-1.9621077,0.18782353,0.15767449
1.9706194,3.113315,0.8362298,5.8598294,1.4037964,-1.9867706,0.30416393,0.14686304
2.1072876,4.319048,0.8651334,5.879719,1.3990762,-2.0160332,0.171327,-0.065371156
1.7784708,4.7414026,0.84206784,5.889494,1.4288137,-2.036635,0.08476603,-0.012908936
1.125775,9.788321,0.83409023,5.915173,1.4719601,-2.0579033,0.2519685,0.079420984
2.7414958,9.270475,0.7994125,5.9685736,1.4903958,-2.0985894,0.1359272,0.22040838
2.5025077,8.397991,0.7397585,6.0761404,1.4990933,-2.0974612,0.3873241,0.52109027
0.9414046,9.421061,0.7422371,6.094935,1.5205355,-2.088817,0.2707709,0.49205434
1.154618,4.2710085,0.741789,6.2276998,1.4651136,-2.083604,-0.020856977,-0.051671088
0.8870381,6.566083,0.7407863,6.1777,1.4214907,-2.0017867,0.12629747,-0.34179693
0.99228865,5.4355226,0.67657804,6.2766013,1.4040952,-2.0045786,0.11715186,0.3041867
1.2308475,5.444703,0.6755924,6.2664223,1.3651786,-1.9756869,-0.036754668,-0.38283825
0.9714652,7.7188416,0.6605005,6.3345532,1.365102,-1.9817557,-0.08909607,-0.24567953
2.9212537,8.870888,0.6409838,6.334754,1.3702621,-1.9852757,0.14231277,-0.3832582
2.1146917,8.990693,0.64737666,6.2299232,1.3787484,-1.9648967,0.10279083,-0.18764377
1.8866116,8.29087,0.6804795,6.2900896,1.3955102,-1.9900792,0.0124439,-0.20315069
1.6058793,9.557456,0.6764711,6.198092,1.4022357,-2.004027,0.024644017,-0.32697517
2.648298,9.46215,0.7064489,6.23066,1.4175034,-2.0256188,0.11369932,0.017844677
1.9465488,6.8936653,0.67392695,6.0484066,1.4310124,-1.9812745,0.20007253,0.11669588
1.5816016,9.175359,0.7726623,5.930047,1.4263697,-1.9719822,0.36412418,0.39040846
2.101052,7.192407,0.7265289,6.0514507,1.3566093,-1.864489,0.32913172,0.18425357
2.111633,9.369146,0.8115053,5.995802,1.3522542,-1.9542845,0.36103165,0.22581625
1.7895619,6.872161,0.82114434,6.017213,1.3459971,-1.9587247,0.22701156,0.054532528
1.4191582,8.37542,0.8418367,6.05322,1.3141348,-1.9249065,0.04315138,-0.36728522
0.98098195,8.93849,0.8471663,6.129505,1.3018489,-1.9484277,0.14619839,-0.14488092
1.5065306,9.143431,0.80763364,6.1199417,1.2807126,-1.9044487,0.08169174,-0.07811436
2.6979034,5.941205,0.76420665,6.093426,1.3034036,-1.9140682,0.19177258,0.036952436
1.7568046,7.293486,0.78381956,6.1544156,1.3023942,-1.9234066,0.090797186,-0.06676102
2.2107818,7.759086,0.82302594,6.103014,1.2947979,-1.89681,0.10853422,-0.03925863
1.4795078,7.974939,0.81311,6.2054844,1.2748978,-1.8781184,0.1141237,0.0038278103
2.4934459,3.5983992,0.8159299,6.028292,1.2617786,-1.8682047,0.070920706,-0.17045069
1.549135,4.7982426,0.82656574,6.124524,1.244592,-1.8655946,-0.023871958,-0.24264622
1.3569112,3.737064,0.8250787,6.1430655,1.2440012,-1.8819175,2.3961067e-05,-0.4349296
1.5019257,8.917551,0.7591648,6.214722,1.2390306,-1.8493605,-0.032650292,-0.45372134
1.7791992,3.513127,0.7547567,6.1994,1.2473092,-1.8145084,-0.034640074,-0.4531932
2.1534169,8.086885,0.73489547,6.256319,1.2144966,-1.7945763,-0.0061399937,-0.47683093
2.483922,6.6594915,0.68776584,6.3882866,1.2120054,-1.818639,0.08984363,-0.3425712
1.2322035,4.179489,0.6730236,6.3875217,1.1861131,-1.7744602,0.0037719011,-0.062699795
2.38666,9.417929,0.7397387,6.37986,1.1787028,-1.8435061,0.26666832,0.14488614
2.8745265,8.974787,0.7293806,6.3493414,1.1810806,-1.7854631,0.29605424,0.05001384
2.8487577,9.530893,0.7193514,6.26379,1.1460335,-1.7522701,0.39661908,0.39775038
2.1826637,4.742658,0.80066705,6.3018694,1.1534128,-1.7513366,0.39354765,0.31513417
1.7126805,3.3723514,0.80834913,6.287978,1.1271651,-1.7565794,0.3274293,0.3497802
2.2789683,8.760176,0.8357599,6.17119,1.1460173,-1.7565,0.40670216,0.33482027
2.1055048,3.8311064,0.82173944,6.2006226,1.1576223,-1.7602296,0.19485998,0.25424564
1.7662134,9.243417,0.8493227,6.201891,1.1485701,-1.7798965,0.08558369,-0.067093164
2.8245041,9.900026,0.8063551,6.189042,1.1433694,-1.7713292,0.06590998,-0.08138132
1.0623467,5.467511,0.8183321,6.227579,1.1196327,-1.758208,0.12609196,-0.09061581
1.81498,9.284605,0.67839086,6.284453,1.1417735,-1.7554275,0.03245604,-0.13852456
1.342483,9.532102,0.6997498,6.4942546,1.1539404,-1.7631586,0.5502026,0.018036187
1.5054063,9.005611,0.7006409,6.5196357,1.1952703,-1.8562536,0.27723873,0.027162194
0.9709252,7.7933846,0.69442046,6.4497805,1.2071006,-1.8256607,0.086676,-0.01825738
1.0389318,6.6674457,0.6322837,6.5047684,1.2071841,-1.8306056,0.14631915,-0.16345859
1.1147658,7.252043,0.66880393,6.5177546,1.1944726,-1.8325227,0.061238647,-0.09756416
1.0783267,6.3972445,0.67381,6.5230107,1.1980975,-1.8393372,0.1311084,-0.33121452
0.954313,2.3204572,0.68658805,6.454233,1.2093832,-1.8244559,-0.038545907,-0.18343472
2.6185546,7.650033,0.7108741,6.4375935,1.151624,-1.7740427,-0.022529602,-0.26742133
1.5253406,7.441903,0.7333822,6.4398255,1.1295991,-1.7616754,0.15750253,0.2269178
2.6929245,6.6616445,0.7200359,6.4454536,1.1497896,-1.7687471,0.15499043,0.08584988
2.6859217,6.8153715,0.69732785,6.348473,1.180227,-1.7692554,0.00517118,-0.29144198
2.3628578,4.438814,0.6825795,6.462328,1.1553564,-1.77191,-0.0500803,-0.44140843
1.4881135,5.7366457,0.6829715,6.543418,1.1193969,-1.7476743,-0.10972804,-0.12041497
1.9959139,6.1305428,0.6481314,6.4917526,1.1121953,-1.7148135,0.27070856,0.4550569
1.4358251,8.072308,0.6319314,6.5144935,1.1242661,-1.7116754,0.18664205,0.25001
1.692698,5.160863,0.6144235,6.5496783,1.1180246,-1.724972,0.079420805,0.10327327
2.1779191,9.275957,0.6118815,6.5389833,1.107002,-1.7060641,0.28224742,0.070082486
1.2432468,8.933989,0.61598873,6.621873,1.1341336,-1.7480733,0.16464663,0.20864183
1.5782502,8.003393,0.6536745,6.5317583,1.1485465,-1.7268817,0.0641129,0.12908596
2.4630826,7.743001,0.6600617,6.4742327,1.1198237,-1.6817496,0.039367676,-0.32518795
1.3765644,9.251904,0.62781084,6.576602,1.1329362,-1.8075343,0.12485278,-0.14765742
1.8527291,3.4629564,0.6228583,6.604618,1.1585596,-1.7878455,0.093178034,-0.17178401
1.1231182,9.393729,0.59315467,6.63537,1.1351998,-1.7577296,0.09379411,-0.18113106
1.2460717,5.341646,0.58421516,6.75327,1.1095867,-1.7485286,0.024748445,-0.074771106
1.3389578,7.6670766,0.7097459,6.5477324,1.1043675,-1.774691,0.21684873,0.019939125
0.9502344,6.878274,0.6820259,6.4933214,1.1774077,-1.8229157,0.1477238,-0.11514154
0.861416,6.961679,0.65169764,6.547945,1.254816,-1.8886298,0.1651175,0.0831821
0.7828505,6.693754,0.64935505,6.574787,1.2783315,-1.8904245,0.12480664,0.16192174
0.9060899,6.249263,0.65338326,6.512103,1.2733316,-1.9019612,0.09788191,-0.104674995
1.350626,7.9465427,0.62755775,6.453785,1.2934344,-1.924435,0.07606411,-0.060376287
1.2612324,7.802374,0.6346476,6.442194,1.2933941,-1.9175874,0.078943014,-0.1869641
1.2368635,4.7132916,0.6582277,6.3997016,1.3003116,-1.9231217,0.011205912,-0.24154922
1.3775303,8.868428,0.6773076,6.434245,1.2693486,-1.9406818,0.1525383,-0.12188387
1.6463335,9.39978,0.67254114,6.3334293,1.2937384,-1.9487871,0.3063047,0.15851259
1.6098217,3.4971447,0.6457546,6.3084345,1.3636236,-1.9302572,0.30352938,0.1601367
1.0982187,9.55179,0.59402657,6.409418,1.353334,-1.9510959,0.20038605,0.22014678
2.297203,5.370126,0.5872086,6.4425764,1.3500373,-1.9425826,-0.043982208,0.029588223
1.5845191,7.9875984,0.5700575,6.4611135,1.3510802,-1.94684,0.16941178,0.19572026
2.1343884,5.51486,0.58286643,6.4835544,1.3351514,-1.9303412,0.16120052,0.1473105
2.100976,4.7488484,0.5816833,6.564492,1.3014629,-1.897574,-0.1740092,-0.07798475
2.175401,5.7768908,0.52654636,6.5620413,1.3111167,-1.8703738,-0.11923653,-0.49377382
1.8629563,9.992895,0.56451774,6.542314,1.2934806,-1.9485406,-0.062274814,-0.35694844
1.6049978,4.786312,0.57302165,6.55849,1.2640538,-1.8797154,-0.015643418,-0.3169762
2.5112822,8.449041,0.5763886,6.503804,1.265729,-1.8443944,-0.08210373,-0.38991094
1.4869907,6.2827444,0.58337855,6.512937,1.2474084,-1.8401989,-0.023783743,-0.047728896
2.5331435,5.8725653,0.5704675,6.490715,1.2534616,-1.8395053,-0.033698738,-0.15856919
1.1825356,7.5989065,0.58311236,6.5006905,1.2418647,-1.8230593,0.034842372,-0.39661482
2.1691952,4.5730743,0.60075843,6.4559145,1.2631705,-1.8422887,0.07740867,0.026923418
2.254736,8.78396,0.63735867,6.4845104,1.2345731,-1.854346,0.03424287,-0.25858632
1.520165,9.967248,0.6038506,6.37519,1.2725499,-1.857115,0.06981087,-0.094126344
1.7919466,9.97311,0.61252725,6.4491625,1.2938619,-1.8492548,0.09420991,0.003499508
2.8102727,9.720715,0.604023,6.332958,1.3101988,-1.8892486,0.18155599,0.19014502
2.1122541,9.558132,0.604408,6.4130154,1.3538873,-1.9524531,0.20037687,-0.024157166
2.2878816,8.483725,0.66656554,6.4400873,1.3037672,-1.9475849,0.15790069,0.024222493
1.3881655,6.9285975,0.7016766,6.4096684,1.2661798,-1.9383879,0.15439749,0.06810343
1.4656421,7.69502,0.7203295,6.1701,1.3242245,-1.8527699,0.1118052,-0.047760844
2.4483955,9.637514,0.74109626,6.108757,1.3065238,-1.8552897,-0.074941695,-0.20750666
1.3716958,2.808426,0.77822983,6.1896286,1.271882,-1.8587773,0.17146719,0.22373569
1.3539805,6.35195,0.76129043,6.2501774,1.238194,-1.8403461,0.24149108,0.08542007
1.5869639,4.9892883,0.7300234,6.2941113,1.2098911,-1.8446283,0.21068764,0.2181766
1.4769937,5.182317,0.78024554,6.312455,1.1944451,-1.8273244,0.25059772,0.22845018
1.3956933,7.9741898,0.7587578,6.324743,1.1919851,-1.7714844,0.25036168,0.20826519
1.3498234,7.86057,0.70294523,6.3241224,1.1771228,-1.769443,0.15268707,0.15467066
1.8434806,5.665054,0.6933117,6.3852053,1.1617932,-1.7396868,0.15926123,-0.16206843
1.066682,6.426044,0.70772505,6.3879256,1.2273693,-1.800137,0.16968954,-0.00040718913
0.9076257,5.233699,0.6820183,6.38116,1.2111974,-1.7642392,0.3186499,0.22090328
1.7564948,9.193346,0.68446493,6.400503,1.2264633,-1.7958263,0.35534024,0.29796493
1.1629983,5.847789,0.68345904,6.380193,1.2185702,-1.7756059,0.21745491,0.32924914
1.6642959,7.6419725,0.6707219,6.394081,1.1788137,-1.7502267,0.11105096,0.003369689
1.6390431,7.4204,0.65541005,6.483755,1.1918075,-1.7697675,0.08135235,-0.036114812
2.2713766,2.940753,0.6359985,6.5160317,1.1346083,-1.724043,0.116778135,0.112683415
0.9687163,2.9073856,0.69008183,6.511262,1.1068099,-1.7092806,0.1161561,0.0226686
1.9811866,5.9030323,0.72259283,6.3353977,1.0760093,-1.7130389,0.06924629,-0.22446531
1.7449701,3.8357239,0.7164166,6.5282216,1.0778747,-1.7052505,-0.063354194,-0.41874173
1.4169734,9.195639,0.70126486,6.540353,1.0424752,-1.7052919,0.2420448,-0.2041749
1.2377629,7.9216695,0.7506392,6.5752,1.0236659,-1.6617291,0.087880135,-0.14244914
0.95625883,6.835356,0.71035576,6.65426,1.0173097,-1.6758054,0.14814293,-0.045279443
2.6719182,6.43046,0.5914279,6.5953035,1.0462654,-1.6603327,0.14775789,-0.2922641
1.2745699,8.638563,0.5874318,6.69944,1.074749,-1.7227638,0.089552164,-0.011551797
1.1206353,6.5888596,0.58549666,6.688428,1.0744739,-1.733789,0.0011384487,-0.40650892
1.8049576,5.5148983,0.61243784,6.6972857,1.0954373,-1.7125582,0.15662003,0.2704121
0.9283815,5.5150976,0.58121276,6.67973,1.0964065,-1.6664116,0.13365448,-0.10500425
0.860252,6.1428723,0.59582615,6.7142496,1.0735722,-1.7012484,0.065706134,-0.44291756
0.8965367,7.279866,0.5724411,6.789221,1.1082215,-1.7369561,-0.004622817,-0.11241925
1.6004945,6.34524,0.558851,6.6788383,1.1045876,-1.7502421,0.111605406,-0.11066407
2.7010221,9.147062,0.58870995,6.6988754,1.0751443,-1.7215238,0.11275232,0.09218049
1.8610439,8.9930935,0.6023613,6.694317,1.0518346,-1.6854897,0.23798203,-0.07416952
1.6918033,4.6322584,0.5376221,6.7541747,1.0679073,-1.6698546,0.17439103,0.053146183
1.3415865,7.7937446,0.5154376,6.8167996,1.0633235,-1.6723495,0.116200686,0.10965097
1.774596,9.237579,0.54873586,6.696237,1.0219223,-1.5857546,0.1178298,0.16767883
1.4163404,5.75404,0.5821483,6.6818533,0.96880317,-1.5153313,0.17984521,0.11244905
1.3679945,8.455795,0.590636,6.7775064,0.95826316,-1.5862646,0.19263804,0.12455934
1.6950194,8.65906,0.47537422,6.6945744,1.0186913,-1.5863482,0.16481769,-0.096598
1.29906,8.734865,0.47249663,6.907313,1.0345893,-1.6472405,0.18325245,0.24977678
1.0083319,6.53396,0.4874072,6.911976,0.97653675,-1.5611544,0.10794747,0.05846429
0.98906326,7.11459,0.48197973,6.839667,0.9848697,-1.5670125,0.16202414,0.14440548
1.378109,9.917207,0.5515009,6.8012543,1.0207322,-1.6243503,0.12852192,0.08368665
1.6302184,7.335938,0.54391205,6.656971,0.96378684,-1.5757948,0.10534489,-0.06525993
1.4158938,7.979513,0.4522642,6.8111706,0.97047925,-1.5492423,0.14607048,0.021899283
1.2161397,6.409263,0.47015142,6.8061714,0.9704764,-1.5471509,0.22638237,-0.012494832
1.7093604,8.951921,0.49606216,6.7970138,0.9732137,-1.5494925,0.026254654,-0.12672201
1.4139942,4.7656765,0.47848415,6.835718,0.9814756,-1.5340879,0.0068542957,-0.2763334
1.7410233,9.426269,0.42633617,6.90201,0.96905565,-1.5233268,0.10977435,0.33460128
1.8297827,9.3242235,0.46535838,6.9122467,0.95126534,-1.5283108,0.09430337,0.04465568
2.1529999,7.8336854,0.46712637,6.784156,0.9487002,-1.5304868,0.1282419,0.00944829
1.7010826,9.328202,0.5222591,6.759266,0.94570136,-1.5185388,0.21613109,0.19924307
1.9242864,8.646294,0.5486882,6.731621,0.93917537,-1.5386622,0.18339777,-0.25326228
1.6437769,7.1557302,0.5799885,6.79216,0.92216396,-1.5598541,0.1566273,-0.2661456
1.8920443,4.147135,0.58742833,6.7453814,0.9040487,-1.5626781,0.019927502,-0.26517293
2.7837703,9.453196,0.55260026,6.7959557,0.9008739,-1.550169,0.14419174,0.2808606
1.7619733,9.073414,0.5898336,6.7456527,0.95655966,-1.6064478,-0.00018721819,-0.35664898
1.4082279,8.67454,0.6434672,6.7065845,0.975945,-1.6253998,0.05490017,-0.4866765
2.1714122,2.1238678,0.44042397,6.5101504,1.826201,-2.3925166,0.17253947,0.17210954
1.1896611,9.915516,0.44978118,6.5477858,1.7957973,-2.4189973,0.12787914,0.14862752
1.9823984,9.958423,0.44764233,6.3294964,1.8386815,-2.418721,0.17038727,-0.03713897
1.575304,9.883617,0.50517535,6.3113036,1.8223209,-2.4004362,0.26076615,0.19513518
1.4586644,8.889754,0.43896532,6.317031,1.8780313,-2.3789666,0.15328598,0.11613655
0.89893013,3.950354,0.4412377,6.4029627,1.9268866,-2.4668822,0.13793492,0.13856721
0.92262006,6.5790544,0.43811738,6.505333,1.8946903,-2.437144,0.18176818,0.08165085
1.8560654,2.1298404,0.40692854,6.5241256,1.9403744,-2.480218,0.20451605,0.088439584
0.76193047,9.781343,0.41295683,6.4954414,1.907443,-2.4627488,0.027776122,-0.03447038
1.7571878,9.622085,0.430884,6.500016,1.9451032,-2.5294268,-0.13378912,-0.42492718
1.7194469,9.576769,0.43411613,6.4741282,1.9237244,-2.5087771,-0.12049496,-0.32020107
1.7412782,9.97996,0.4237758,6.4423275,1.9394178,-2.5130548,-0.19851851,-0.3344804
1.5404555,5.6040606,0.4514401,6.504327,1.9834623,-2.5761597,-0.10921496,-0.38211218
2.563701,2.9327238,0.42791367,6.3407025,1.9769893,-2.5162392,0.009707451,-0.107936054
1.7951658,3.2042823,0.40555668,6.45961,1.9885631,-2.5402853,-0.054049253,-0.13469326
1.4676065,8.709429,0.3787396,6.4814863,1.9906743,-2.5736132,-0.015230894,-0.24345362
1.1597793,3.169018,0.37329566,6.6135025,1.9847126,-2.5503647,-0.03924811,0.0025650263
0.9734272,3.7106214,0.35589373,6.568859,1.9846852,-2.5576773,0.1342969,0.29489642
1.4856981,9.587358,0.38537264,6.602808,1.9487994,-2.5160475,0.07080567,-0.08125359
1.7633781,9.578909,0.37544775,6.692127,1.9063153,-2.5241287,-0.09803927,-0.29687324
1.2173438,5.743841,0.38027537,6.6118712,1.901695,-2.5122936,-0.06019926,-0.37347788
2.1073582,5.1457276,0.37266886,6.623436,1.9294856,-2.5103066,-0.16923994,-0.49020508
1.9327122,4.308672,0.35711348,6.617942,1.9384699,-2.5116386,-0.17245752,-0.4754761
2.0434225,4.2845335,0.35789263,6.6398206,1.9197881,-2.53343,0.011918545,-0.2642292
1.2964001,9.336657,0.3503989,6.583359,1.9148746,-2.4677112,-0.05177939,-0.11317587
2.3227696,9.580124,0.34625745,6.7141366,1.9163215,-2.4904504,-0.24675727,-0.41527677
2.310442,9.174601,0.37310243,6.656334,1.8912158,-2.4813972,-0.06465685,-0.47902617
2.632124,4.9003296,0.37357354,6.721377,1.8829098,-2.487715,-0.08039755,-0.38971984
2.726768,3.0105686,0.33670557,6.716741,1.8969145,-2.4560227,-0.19267464,-0.34670457
1.5996181,2.5808656,0.29409528,6.7156706,1.8944187,-2.4292336,-0.071935594,0.10427576
2.346864,7.300912,0.30425358,6.763914,1.9349763,-2.4763107,-0.05703515,0.07468772
2.878662,9.658999,0.24985886,6.7829165,1.934216,-2.4657469,-0.19747436,-0.2855738
2.6609375,8.9588375,0.26755655,6.78917,1.9170678,-2.4985363,-0.14779991,-0.31094834
2.2762465,4.296232,0.2658136,6.837205,1.8495345,-2.4595394,-0.15033317,-0.34331828
2.4615119,5.0994215,0.29670656,6.6804895,1.8626106,-2.4231253,-0.18194944,-0.14502668
1.9152949,4.0713234,0.38207877,6.646487,1.8421652,-2.4503093,-0.04078734,-0.3000997
1.126826,6.2747555,0.34041607,6.709111,1.849613,-2.4522495,-0.02528292,-0.29034978
1.3225152,8.328458,0.35536182,6.8566046,1.8386848,-2.4552393,-0.031110764,-0.09990454
1.4470986,8.98448,0.36621046,6.657224,1.888881,-2.4806633,0.23704529,-0.23172107
1.3560705,8.712368,0.37496018,6.579304,1.9043126,-2.4854698,-0.047189653,-0.071021795
2.2021732,8.87162,0.3855809,6.581695,1.9001372,-2.4948504,-0.05750698,-0.08038592
1.0092199,7.324497,0.3793949,6.5932574,1.9154522,-2.507033,-0.052403867,-0.42263424
0.8747697,4.6176615,0.35798788,6.6716323,1.9094589,-2.5035315,-0.12182945,-0.28094637
0.95548475,8.56586,0.32916856,6.772425,1.8995583,-2.5100207,0.052570462,-0.39866003
1.5357517,8.241051,0.36919367,6.7507944,1.9045739,-2.5204556,-0.12390977,-0.35903847
0.9742375,5.6352916,0.32266724,6.690132,1.9094069,-2.4790328,0.1101712,-0.43101874
2.6430078,8.884472,0.3175354,6.644211,1.8486879,-2.376398,-0.11498946,-0.33930993
2.7911997,6.7808285,0.3162892,6.610772,1.8550286,-2.3861291,-0.1474796,-0.20808834
1.8571706,7.3661275,0.4098947,6.7478223,1.7749333,-2.438612,-0.113579154,-0.3812757
2.2639554,7.8132424,0.4024651,6.6602707,1.7682874,-2.406608,-0.02435106,-0.22799999
1.191174,2.3180852,0.41712117,6.696413,1.7587852,-2.3586202,-0.100638986,-0.23156816
0.6252842,2.7634838,0.4369384,6.6875815,1.7655344,-2.3649387,-0.055823505,-0.1323297
1.6442922,6.1993985,0.41734946,6.695449,1.7689891,-2.3435724,-0.10356033,-0.23893958
0.945691,6.952244,0.4086002,6.7531652,1.7614326,-2.3864303,-0.12769192,-0.37100673
1.132999,5.801156,0.38073194,6.7518487,1.745619,-2.3867712,-0.09596205,-0.40443078
1.389667,8.567278,0.32117915,6.856039,1.7909853,-2.4038472,-0.10166973,-0.40391523
0.7780764,8.227217,0.28282058,6.9722586,1.8335059,-2.4628558,0.015414596,-0.29139057
1.474463,9.781166,0.3115356,7.0194626,1.7926855,-2.4542997,-0.037582517,-0.07832396
1.5373774,5.645423,0.30388784,6.95392,1.8131077,-2.4579966,-0.02276522,-0.17595145
1.1222082,8.527305,0.31860638,6.925575,1.8109233,-2.4352713,0.014238596,-0.20525193
2.193481,7.1987534,0.33913648,6.748212,1.8085315,-2.4283836,-0.034857452,-0.45703503
1.6763265,7.6628156,0.36228836,6.8456354,1.7971704,-2.4300375,0.12117541,0.08183491
1.6754388,5.3304353,0.32675982,6.797822,1.799084,-2.4300132,0.17118502,0.06543195
1.5814928,5.665832,0.37403345,6.782304,1.8184211,-2.459961,0.13478863,-0.20872846
1.6357753,9.580469,0.3610561,6.77874,1.8293986,-2.467878,0.08746576,-0.023030102
1.8500235,9.916628,0.3135326,6.820662,1.8627567,-2.4885066,0.07455242,-0.13813496
1.4040189,2.2898722,0.3168509,6.7993064,1.8942478,-2.4764733,-0.046940327,-0.12373006
2.797974,2.6187558,0.22498298,6.8383474,1.8951008,-2.4672534,-0.014615238,-0.035342395
2.470392,9.852606,0.25396156,6.871443,1.8886254,-2.454555,-0.08637589,-0.020517528
1.7731531,2.9649203,0.26389956,6.8375263,1.8934937,-2.4254503,-0.051558435,-0.0427472
1.9565036,7.781208,0.26294768,6.7440157,1.921792,-2.4404442,-0.16102558,-0.09031558
1.5471877,9.547697,0.28328478,6.7613087,1.8994215,-2.436946,-0.18831378,-0.4904839
1.5342753,9.574205,0.188972,6.8661795,1.8871312,-2.4165134,-0.17824376,-0.4318342
1.5329609,9.553872,0.27525377,6.8739214,1.8893704,-2.4172087,-0.13079005,-0.034142554
1.7945325,9.697812,0.25282788,6.8409004,1.8665025,-2.427939,0.14016151,-0.03373617
1.3296463,9.388238,0.2528038,6.8689594,1.9159622,-2.459921,-0.050134182,-0.08946225
1.4984913,9.740279,0.23295808,6.857372,1.9527876,-2.5095434,0.094308615,0.09917498
1.8541538,5.4332967,0.23082972,7.0232935,1.9629154,-2.5372167,0.2565273,0.074911594
2.078792,5.3176208,0.1690929,7.0254836,1.9659219,-2.5225778,-0.12211031,0.05435878
1.495789,8.15065,0.25797057,6.9867716,1.9286397,-2.5128536,-0.12453222,-0.42312524
1.8623745,2.3145227,0.2667365,6.893373,1.946595,-2.5641408,0.05337143,-0.28634304
2.6221662,2.442662,0.2380966,6.9606147,1.9397092,-2.5079792,-0.1362651,0.10246456
2.0008855,5.100898,0.24358845,6.8547354,1.9555807,-2.4890535,0.09996772,0.29169095
1.8249862,4.0452747,0.24649799,6.920335,1.912524,-2.4468737,0.26500762,0.2802496
2.2844796,7.2041187,0.18050623,7.035466,1.9229913,-2.465609,0.2810402,0.44652092
1.483195,8.610687,0.1798023,7.1078825,1.9047787,-2.4428263,0.18336225,0.53657603
2.0088234,6.0282626,0.18562615,7.0531187,1.9045129,-2.4519157,-0.069838524,0.31205785
2.4467564,5.4570656,0.19206572,7.077309,1.8633008,-2.4469707,0.18536961,0.34483415
1.8382816,6.224135,0.20440936,7.0720687,1.8567102,-2.4616501,0.19342351,0.45853013
1.2860066,5.005824,0.17300701,7.0829077,1.8676548,-2.4086008,0.23086202,0.18964046
1.1849604,7.4627843,0.21508527,7.101988,1.8127697,-2.4286172,0.066495776,-0.048065126
1.2791497,5.593914,0.18292248,7.1303716,1.8135414,-2.4521477,-0.061143875,-0.2790851
1.1168122,5.173385,0.180933,7.2144003,1.8217027,-2.4237604,-0.111178756,-0.1256693
1.1169529,4.5148835,0.1734469,7.1711454,1.8615756,-2.452996,-0.04143715,-0.23499602
0.9934897,9.924349,0.14644527,7.1709523,1.8593953,-2.4168327,-0.043719828,-0.23790652
0.9383869,9.466192,0.19482446,7.1176534,1.8945751,-2.4376566,-0.025927842,-0.15637246
0.9858494,7.709482,0.18247163,7.101107,1.9986501,-2.5564663,0.055791855,0.052324533
0.81383216,6.6530604,0.19246888,7.1708584,1.9521704,-2.5908456,0.16440785,0.3107394
0.8266106,9.524151,0.19389987,7.233414,1.9505847,-2.5685496,0.04670036,0.03545451
0.72298235,6.723676,0.17100501,7.239163,1.9484401,-2.5731163,0.066081405,0.12196928
1.6683571,2.5501323,0.13383818,7.2270446,1.9325123,-2.5208707,0.045786142,0.094628036
1.9610456,3.70827,0.14679646,7.1337223,1.9091432,-2.4825628,-0.042274,0.18629116
1.1954057,9.051479,0.16142356,7.09768,1.89466,-2.4460697,-0.09209269,-0.14814106
1.4515488,8.703918,0.1659807,7.0884085,1.8412108,-2.388854,-0.022821784,-0.10901609
1.2699505,6.950071,0.19725311,7.155564,1.812968,-2.4247494,0.12587023,0.17041147
0.72162974,5.580405,0.1958282,7.152583,1.8584085,-2.4308934,0.03842938,0.18254173
0.8252022,5.434467,0.16229272,7.1509395,1.8847947,-2.446796,-0.13468057,0.06244409
1.0241832,4.2717133,0.1563344,7.1190286,1.8883874,-2.4453223,0.08220589,0.49552965
2.769068,5.3354225,0.18025517,7.128334,1.8875928,-2.488464,0.8815056,0.53774977
1.3432403,4.21813,0.18119645,7.1243997,1.8867025,-2.4355676,2.7150228,0.66245794
2.4171984,9.333767,0.16996491,7.0582056,1.9415038,-2.471349,0.24946725,0.60262585
2.4066994,6.1043267,0.20182443,7.002147,1.950666,-2.544169,0.41706562,0.43182158
1.2244792,4.846196,0.20860517,7.066194,1.9515746,-2.5351498,0.22208357,0.28297055
1.6273546,2.173116,0.19141006,7.0685406,1.9662392,-2.5428877,0.19938636,0.42190385
1.6486896,9.946316,0.1876421,7.105072,1.9000733,-2.5141754,0.32658792,0.5390241
1.9944227,2.681958,0.18713617,7.1168756,1.890542,-2.447431,0.3360808,0.534286
0.6234316,5.5377407,0.17325759,7.1206064,1.9243755,-2.47092,0.13333404,0.3366874
1.8262361,9.4364,0.18274319,7.0869517,1.9260318,-2.4754353,0.3546741,0.3593161
1.2241594,9.601824,0.18050957,7.068474,1.9333172,-2.5271552,0.3245095,0.48460293
0.6767001,7.9857006,0.17070508,7.182884,1.9173732,-2.510105,0.3292067,0.25046188
0.6339152,5.8701715,0.1849649,7.2418175,1.9547999,-2.5217757,0.016354442,0.04445243
0.6819117,8.717967,0.18527365,7.139516,1.9781299,-2.538933,0.036750197,-0.12651175
0.99951464,6.8275466,0.19222319,7.044963,1.9481182,-2.560006,-0.01219219,-0.063034415
1.8322358,9.499893,0.21196437,7.0442142,1.9684854,-2.582261,0.04234481,0.038129866
1.6698084,8.903059,0.16758192,7.2283683,1.9572113,-2.5933242,0.12590706,0.058554173
1.5169399,8.508791,0.17316842,7.1253495,1.9585319,-2.57828,0.1721369,0.21350914
0.94055176,8.967089,0.19237375,7.066549,1.944772,-2.5402007,0.13702321,0.18823886
0.95213145,8.416462,0.17696214,7.133013,1.9342754,-2.5328228,0.048523307,0.19939476
0.8794666,7.25416,0.1773256,7.1766343,1.9048314,-2.5040627,-0.0048822165,-0.19439328
0.9495614,8.254504,0.18841898,7.063053,1.9024386,-2.5205534,0.034228325,-0.18976074
0.9609704,7.3711686,0.17335534,7.1799316,1.8878739,-2.482605,0.03896141,0.09989023
0.8009236,8.683083,0.15284038,7.2585874,1.884613,-2.4871533,0.016890287,-0.06668848
0.9477347,4.423794,0.1702745,7.147512,1.945293,-2.5233243,0.080429435,-0.08688128
2.2988758,6.0861197,0.11187911,7.1380005,1.9313669,-2.5219104,-0.07392979,-0.34558356
0.89544874,4.6738396,0.19069457,7.1263614,1.9839494,-2.5299716,-0.02941376,0.26103258
2.584605,6.518518,0.24790394,6.950165,1.9244955,-2.5119274,0.38037384,0.37982285
2.4661822,9.206027,0.21113074,7.004584,1.9670787,-2.5311227,0.28981614,0.4693963
0.8038146,3.7926555,0.19190586,7.0725875,1.9641612,-2.5436645,0.36597192,0.4879961
1.7316476,9.650238,0.19151402,7.0179734,1.9878831,-2.536602,0.18937314,0.43616945
1.5944834,8.41987,0.1792984,6.974575,1.9702077,-2.5254278,0.32172465,0.38736975
1.6793127,5.281193,0.15850258,7.042398,1.9891641,-2.5914023,0.09725046,0.1460411
1.5840402,3.5033224,0.19764948,7.063582,1.9733593,-2.573813,0.0029982328,0.05327475
0.89099514,6.4500737,0.21084428,7.0888658,1.9690149,-2.5696259,-0.008413434,-0.02460736
1.4998559,8.730959,0.17488515,7.1435475,1.9657686,-2.5826821,0.07699263,0.093973994
1.429256,8.454072,0.17703497,7.1867166,1.9807014,-2.5818963,0.08076918,0.23286164
1.454014,5.056424,0.21445465,7.162662,1.9299731,-2.531871,0.2350192,0.20395535
2.1412797,5.467497,0.21462417,7.095706,1.9161127,-2.535435,0.196738,0.5372108
1.6459846,4.986268,0.1883061,7.1075974,1.9004526,-2.488271,0.18600655,0.5141566
1.3175532,5.24806,0.19633484,7.0649524,1.9072001,-2.5094378,0.4283085,0.49342066
2.546855,9.6195545,0.1984806,7.1011734,1.8771544,-2.4863775,0.060132146,0.49910235
1.7847652,9.784217,0.15977335,7.1841784,1.8569691,-2.4368486,0.037201524,0.14357036
0.78134733,2.5999932,0.12582278,7.1960707,1.85851,-2.423872,0.07488787,-0.03467241
0.8282323,9.9477625,0.16841269,7.2097135,1.8901889,-2.4730778,0.10076547,-0.14654374
0.91564167,9.957985,0.21620083,7.186145,1.833513,-2.4653544,0.05551219,-0.1915923
0.6502665,7.6575313,0.20064294,7.1784096,1.8258593,-2.4153688,0.1083436,0.013842821
0.8569828,8.945545,0.19843912,7.187049,1.8603992,-2.4239101,0.0266186,0.011236429
1.574804,9.471832,0.19677198,7.1223154,1.8672924,-2.4714031,0.015475154,0.14097077
0.7262454,7.472983,0.2199632,7.163595,1.8790472,-2.4745347,-0.045048,-0.22366619
1.9339614,5.816866,0.17655182,7.058498,1.8714492,-2.473297,-0.007842302,-0.44785225
0.94125706,7.8446913,0.18730187,7.0449996,1.8881402,-2.4389186,-0.013114333,0.05567622
2.0646434,8.677628,0.171597,7.0177655,1.8832695,-2.423815,0.058017373,0.075071275
1.0614798,7.2872806,0.22023082,6.9997215,1.8790655,-2.4255104,-0.05601263,-0.44576228
1.208033,6.608227,0.24199271,7.031551,1.8722343,-2.4404483,0.049377322,0.04049009
1.4404674,6.3596597,0.20095587,7.023365,1.8583839,-2.4839134,0.075078845,0.023985803
0.9298687,9.27252,0.19618368,7.133377,1.8878891,-2.496395,-0.04273355,-0.050328314
1.5697788,6.07384,0.17366898,7.202578,1.8738906,-2.4849586,0.040575266,0.20483887
0.9643318,9.586852,0.13186336,7.2222548,1.8883114,-2.4705849,0.05038011,-0.089776635
0.96402776,9.825881,0.14587319,7.2368345,1.9092016,-2.4878683,0.019216537,0.055805326
0.9039974,3.3831134,0.1317749,7.096717,1.9616146,-2.488895,-0.037680984,0.10313177
2.4157624,8.244204,0.17745864,7.017179,1.9659636,-2.4927046,-0.047264636,0.114787936
0.8493617,3.1740718,0.16309679,7.071415,1.9606533,-2.5050552,-0.029628873,-0.28822535
0.95991695,9.502661,0.2180903,6.9731627,1.8496885,-2.4851556,0.03367889,-0.16088575
1.7125958,6.831666,0.24220014,6.817567,1.9254255,-2.4657738,-0.22750658,-0.49418005
2.7473505,5.1873636,0.24251819,6.858543,1.9254031,-2.5169191,-0.21845299,-0.49528128
2.2055361,7.4798293,0.23959494,6.934088,1.9235427,-2.523438,-0.12194234,-0.43977386
1.4754169,7.7794013,0.1948452,6.919672,1.9501576,-2.523558,-0.013874948,-0.45066264
1.47572,9.241476,0.1882211,6.8998013,1.9210205,-2.4173782,-0.19158024,-0.44141632
1.9923573,5.189944,0.18618298,7.1189814,1.922199,-2.4805353,-0.26207983,-0.42119586
1.1362401,9.172442,0.17015278,7.033425,1.8978143,-2.4660587,-0.20781672,-0.3138861
1.3546201,9.510929,0.16503263,7.085635,1.9123821,-2.4547012,-0.19655722,-0.47251937
1.0843151,4.646701,0.19094872,7.058795,1.9121065,-2.490156,-0.29800463,-0.4698286
2.3154616,5.4705305,0.19113576,7.1692705,1.9177911,-2.4918017,-0.30094254,-0.43855345
1.12013,4.047186,0.16219819,7.2229276,1.9528966,-2.533251,-0.23615944,-0.46928483
2.4730606,5.1157346,0.14171422,7.240817,1.9702611,-2.546015,-0.17769808,-0.43480653
1.5068686,9.431595,0.11135459,7.2792325,1.9366369,-2.509697,-0.14155746,-0.43115747
2.3081398,9.227007,0.09973729,7.2842083,1.9396734,-2.5219038,-0.1382848,-0.32834637
1.0133778,9.420526,0.13227975,7.199673,1.9578674,-2.5223455,-0.17272884,-0.44928896
1.6745439,4.2466927,0.15448236,7.199847,1.9334526,-2.5135355,-0.27441537,-0.30136633
1.0378783,8.463207,0.14797711,7.232622,1.9339631,-2.537591,-0.11557877,-0.13352063
1.8220227,7.27679,0.15367544,7.1595016,1.9279907,-2.5281987,-0.11419302,-0.28087404
0.80001205,9.492239,0.22962272,7.0854015,1.9151266,-2.5236888,-0.08860123,-0.033971548
1.5643693,9.051668,0.23431313,7.1205664,1.910887,-2.5275795,0.014107823,0.16264564
1.466585,4.6573114,0.26343668,7.0659585,1.8858621,-2.4780672,-0.10135639,-0.06828621
2.2540967,4.65227,0.21854138,6.92707,1.8765249,-2.4793203,-0.030293643,-0.0033685267
2.1627722,7.99646,0.24323702,6.9105215,1.8683791,-2.4324377,0.059729576,0.35026586
1.7255753,7.1363826,0.24523175,6.8846397,1.8755963,-2.4098673,0.08485997,0.0030537844
2.3509932,3.8815842,0.25269055,6.8740807,1.8454559,-2.4063368,-0.058894515,-0.0065755546
0.72573376,3.9511254,0.2735666,6.921837,1.8413911,-2.43033,0.03750348,0.03846109
1.0778923,3.3908465,0.30537987,6.887132,1.795608,-2.4095595,0.024089098,-0.13022631
1.4641432,9.671479,0.279382,6.8097444,1.8075054,-2.3867908,-0.03046149,-0.13749689
2.3914425,2.6225832,-0.011287451,7.8188725,-0.29802144,-0.30737424,0.082654,-0.36848092
2.3827653,2.7838776,0.047281384,7.8184066,-0.2868582,-0.34046936,0.011388421,-0.21253741
2.4916885,2.9249883,-0.07108867,7.842293,-0.26956463,-0.33708596,0.20380497,-0.12613764
2.0475073,3.3686523,-0.05262065,7.8893466,-0.27995634,-0.33424926,0.23822391,0.1631993
2.2880695,2.099004,-0.01979512,7.785596,-0.2263794,-0.39478064,0.20985901,0.16390675
2.5414562,2.1724534,-0.038571596,7.7354827,-0.24765718,-0.37215233,0.115395784,0.057698727
2.5595636,2.271885,-0.07805306,7.839925,-0.24198604,-0.4071889,0.10194695,-0.086814284
2.4810228,3.4049182,-0.09855157,7.816851,-0.20823455,-0.3762498,0.068933845,-0.17878258
2.329296,3.2513092,-0.28101063,7.879343,-0.20510685,-0.3621602,0.06136322,0.002602756
2.2190733,3.1885548,-0.3074655,7.8347936,-0.20370078,-0.36155128,0.042989373,-0.12315884
2.5035849,2.8018227,-0.31861097,7.798207,-0.22361982,-0.37945342,0.09486759,-0.120057404
2.2104592,3.011798,-0.30345702,7.8755198,-0.18594122,-0.35990334,0.1884625,0.15607989
1.8264484,3.0536127,-0.5030606,7.9721694,-0.18027985,-0.39140987,0.16588867,0.09282702
1.8627852,2.9049644,-0.50595134,7.96856,-0.17908812,-0.38584518,0.050236106,0.1728468
1.4727476,2.5867872,-0.46361643,7.9311585,-0.15816355,-0.35307097,0.3235625,0.39634717
1.9886504,3.0184803,-0.3840341,7.9184527,-0.119416,-0.4464996,0.33037186,0.30158192
1.9985095,2.7450218,-0.31650156,7.818962,-0.11828971,-0.40739965,0.21680677,0.26637167
2.0216687,2.4595547,-0.25482488,7.8891826,-0.1172533,-0.46352768,0.16816747,0.21312988
2.282084,4.1088715,-0.34981227,7.809452,-0.11320686,-0.43544388,0.14998496,0.14175081
2.1246898,3.4372067,-0.31105447,7.77691,-0.11251986,-0.41740918,0.15407515,0.020893097
2.3123941,3.8566556,-0.16766167,7.7203054,-0.10210812,-0.4320829,0.08777118,-0.025411606
2.312655,3.7804236,-0.27587163,7.7938795,-0.12601101,-0.42085838,0.16890192,0.12057084
2.7907422,4.676382,-0.30108368,7.6319723,-0.091388345,-0.48443055,0.1114316,-0.3787338
2.8824089,5.026651,-0.21073377,7.6337185,-0.08901608,-0.44141674,0.5390227,0.2844994
2.5366125,3.6818986,-0.07378602,7.6324906,-0.06986916,-0.44681787,0.2891351,0.13358891
2.654109,5.462136,-0.027379155,7.616272,-0.06229186,-0.4422269,0.3528099,0.34107912
2.5738344,5.301635,-0.21442413,7.667326,-0.045209527,-0.4724586,0.5255282,0.29929912
2.6540549,4.065468,-0.28639305,7.6856546,-0.091282964,-0.41286325,0.25696647,0.28266335
2.6074123,4.235159,-0.1298083,7.709669,-0.10136032,-0.4638579,0.53644884,0.27452773
2.863462,5.6259336,-0.24707621,7.745868,-0.090819,-0.46913338,0.32674754,0.25451994
2.8666527,6.1677275,-0.28250623,7.743762,-0.08885622,-0.46865463,0.4879341,0.34967107
2.8602707,5.287772,-0.4889645,7.7781615,-0.04425609,-0.46259618,0.23132479,0.18912435
2.6206312,4.791991,-0.5924643,7.819701,-0.040800214,-0.44122458,0.10954988,0.15640247
2.4322214,4.2050686,-0.567073,7.7921624,-0.051679254,-0.46003103,0.15192711,0.12273502
2.3413923,4.0611334,-0.44567722,7.8310637,-0.045727134,-0.48712492,0.29177487,0.13643587
2.6859465,4.752816,-0.2973286,7.6460443,-0.042328477,-0.5183635,0.23984373,0.2963223
2.4583368,3.7538269,-0.0360924,7.496266,-0.009384513,-0.526268,0.13139713,0.08473694
2.3721056,4.190136,0.28420615,7.5530014,-0.056976795,-0.5332341,0.12482512,-0.11230379
2.3398204,4.6427956,0.16793275,7.535159,-0.040671587,-0.5550678,0.100594044,-0.16249591
2.2906516,2.5510273,0.2917403,7.4744744,-0.047548294,-0.5485716,0.10024476,-0.32969207
2.641828,2.6695085,0.40529191,7.446991,-0.07280803,-0.53295803,-0.026987433,-0.3692343
2.7789845,2.6331146,0.41353965,7.4551373,-0.04595995,-0.5462296,-0.0021608472,-0.1966635
2.4112527,3.707891,0.4056673,7.441682,-0.0611825,-0.55685425,0.15103626,-0.12720934
2.6636775,3.7927341,0.47257984,7.540469,-0.08717537,-0.51186085,0.123476624,-0.061297804
2.7496142,2.7848952,0.5472741,7.423396,-0.13073647,-0.50166845,0.101950645,-0.19828752
2.571249,2.2852607,0.44368482,7.420704,-0.087892175,-0.4800825,0.2508695,-0.16687542
2.5311298,3.7055335,0.64668584,7.445217,-0.07932711,-0.5459199,0.110535026,0.0035710335
2.699132,3.4955406,0.6079078,7.4036393,-0.084055424,-0.58567476,0.18571329,-0.24973205
2.6051056,2.785931,0.49894094,7.4422636,-0.043801904,-0.57802176,0.15579486,-0.27580914
2.3288085,3.417784,0.40530682,7.4624205,-0.062008858,-0.5989859,0.11498392,-0.26696187
2.09967,2.9979122,0.19881153,7.498217,0.0033900738,-0.6090312,0.057779312,-0.013278484
1.9593053,3.0369632,0.2481432,7.487763,0.043296814,-0.6054132,0.23619866,0.13685715
1.9998109,3.4974675,0.14714396,7.550263,0.062115192,-0.6174989,0.06851053,0.15099585
1.5631291,4.110133,0.14973736,7.5630684,0.1011498,-0.61203074,0.43568254,0.1616916
2.8598733,3.2134287,-0.015070319,7.479992,0.066553354,-0.6010418,0.047116756,-0.12623751
2.8134806,3.3182974,0.05079615,7.5766144,0.03585553,-0.5991473,0.057337523,-0.09673658
2.9153247,7.5973616,0.04690373,7.586135,0.019861937,-0.6159024,0.19597435,-0.11312926
2.9362948,7.616687,0.097622514,7.6509805,0.048593998,-0.6123872,0.104574084,-0.051419556
2.7327356,7.027691,0.06388259,7.7735085,-0.03632903,-0.57531047,0.30965114,0.43445182
2.6794493,7.6140146,0.022114754,7.7374115,-0.05409336,-0.56422234,0.39049578,0.10249001
2.7592247,6.973723,-0.047036707,7.7600307,-0.03881228,-0.56344414,0.48646843,0.36567813
2.6135302,6.031997,-0.26362967,7.787698,-0.0016459227,-0.53188324,0.39035952,0.40693265
2.6336381,8.13387,-0.36732584,7.8269777,0.025266647,-0.54068303,0.42564178,0.49905115
2.8414006,7.893541,-0.24458277,7.765231,0.019185066,-0.5844517,0.70566237,0.40731633
2.8198583,8.259909,-0.26728225,7.810744,-0.004749894,-0.5824342,0.22567558,0.30666023
2.3209465,5.768753,-0.16575307,7.7654057,-0.004630804,-0.5984199,0.48821473,0.38467443
2.6754875,7.8938766,-0.15927947,7.7562995,0.022485971,-0.5895934,0.3897885,0.27561128
2.8263235,7.927149,-0.052033067,7.6923537,0.037840843,-0.6206386,0.3206638,-0.11637586
2.7869024,7.8895564,-0.027151704,7.6349154,0.07652402,-0.6316836,0.31703448,0.28632474
2.8970108,7.5890493,0.028359413,7.637021,0.051184416,-0.63471603,0.31705236,0.06242931
2.9346159,8.296238,0.024125576,7.642626,0.05854702,-0.6588769,0.22257316,0.10483146
2.8561678,7.444438,0.09859431,7.6428747,0.03858924,-0.6691961,0.19974399,0.0016827583
2.5654092,7.719886,0.052889585,7.683962,0.056227922,-0.6917491,0.14725149,-0.20801008
2.7904696,8.9247055,0.033609867,7.70087,0.04801464,-0.6344042,0.24037921,-0.10991585
2.4971693,6.640287,-0.05318916,7.7242393,0.032217503,-0.6236663,0.15206182,0.12462342
2.9149516,6.615667,-0.21125937,7.696894,0.06656742,-0.6391275,0.13453877,0.17227995
2.4205837,6.8848333,-0.06925219,7.7107573,0.03856516,-0.6143019,0.13115573,0.08949602
2.6564853,8.667741,0.02165556,7.7055197,0.01825571,-0.62242484,0.33723402,0.21500659
2.569975,8.174047,0.0685761,7.7086077,0.015292168,-0.63690567,0.2334975,0.1567213
2.5694118,7.7376137,0.014310122,7.699997,0.063845396,-0.69770765,0.26255465,0.17567265
2.8080857,9.950823,-0.052887857,7.728291,0.08843231,-0.7038059,0.2111839,0.17078453
2.879329,9.723392,0.15498042,7.616997,0.08241367,-0.67559147,0.30489016,0.16016263
2.870716,4.8118753,0.14395523,7.5624366,0.03735566,-0.61791897,0.37871003,0.16005814
1.6796191,4.0406556,0.122698784,7.5334196,0.14144611,-0.66255474,0.3489933,0.17288929
1.6204178,3.6456196,0.119559884,7.597847,0.08238268,-0.6251459,0.34795737,0.34908962
1.3087952,2.9760997,-0.012787104,7.619584,0.09765434,-0.62046957,0.32706666,0.27646786
1.3846247,4.1539297,0.2613368,7.5184526,0.09848523,-0.6354487,0.24759102,0.040706515
1.267298,2.839612,0.15023041,7.6571836,0.059013844,-0.65321565,0.4413612,0.35112965
1.1433455,2.7271376,0.0969404,7.743541,0.055628777,-0.6430342,0.44322324,0.29176426
1.2482228,2.940042,0.18427575,7.6200104,0.057416677,-0.65112734,0.35112643,0.38691473
1.1319582,2.0314069,0.18626547,7.6831064,0.051478148,-0.6490896,0.20366871,0.34710002
1.2858596,2.0549743,0.061184883,7.6794257,0.04111743,-0.6220367,0.2671219,0.33472586
1.3522148,2.5642235,0.12950444,7.583681,0.0053236485,-0.57483196,0.21512592,-0.009248912
1.2220118,3.1182318,0.03571856,7.780788,-0.01187098,-0.61970353,0.3142172,0.3335588
1.3222106,3.563118,0.20748246,7.831493,-0.023942709,-0.61147547,0.27681875,-6.03199e-05
1.0331664,3.3491144,0.1742034,7.8843355,-0.012124777,-0.5681555,0.12968731,0.08995056
1.1093531,3.171803,-0.06304693,7.868499,0.01031208,-0.5789788,0.34247637,0.12119377
1.1323915,3.0482445,-0.042640567,7.936458,0.018141508,-0.55864644,0.3541175,0.42758942
0.9511044,3.1079822,-0.04036659,7.963851,0.01884532,-0.54316735,0.5888251,0.44287103
0.93870825,3.3008494,-0.020637393,8.123348,0.004487276,-0.62307405,0.78540945,0.27688807
1.1892443,3.5372176,-0.13803673,8.039902,0.0076966286,-0.61341596,0.80683637,0.3825544
1.1611017,4.133772,-0.22160733,8.172977,0.007147789,-0.6145134,0.14665186,-0.015930474
1.2277753,4.692542,-0.10887182,8.058992,-0.011568189,-0.65141606,0.27282763,-0.15229654
1.2901442,4.021781,-0.15217936,8.12874,0.016394615,-0.6716118,0.24192572,0.09174049
1.2477931,4.030755,0.026764989,8.018644,0.0025594234,-0.66349363,0.2835803,0.19707346
1.4816782,4.327959,-0.14130133,8.061857,0.016388178,-0.6650815,0.30263758,0.1713559
1.5842384,6.977056,-0.350825,8.123453,0.07390976,-0.641552,0.24470437,0.18340766
1.5820994,6.713464,-0.36616206,8.082057,0.061816216,-0.6088791,0.23712063,0.301911
1.5930794,8.153362,-0.2583704,8.088243,0.103560925,-0.6688278,0.14970398,0.2534088
1.6745387,7.8943615,-0.3317039,8.030172,0.1041348,-0.6484494,0.26480472,0.1638571
1.9338384,8.120272,-0.4727915,8.129587,0.03550911,-0.5786402,0.16252065,0.22929698
1.9134941,7.6350183,-0.49441922,8.068073,0.03405142,-0.6075933,0.37996078,0.16159481
2.0240865,6.2096066,-0.38663888,8.037924,-0.005234599,-0.60998034,0.4089371,0.25793934
1.8788595,7.1034546,-0.31145906,8.068603,0.00066518784,-0.6321163,0.48751235,0.26065493
1.8456175,6.912604,-0.4779902,7.9310627,0.065354586,-0.59300756,0.22790778,0.41233712
1.8098631,6.8805866,-0.4190266,8.093864,0.05520296,-0.64677334,0.3573619,0.2284174
1.8761511,6.899282,-0.41504425,8.039744,0.06326985,-0.71108055,0.3660252,0.21158373
1.9262235,9.241961,-0.48835742,8.196177,0.05138302,-0.67251706,0.13914669,-0.4300674
1.9003338,9.037017,-0.7826137,8.176757,0.105251074,-0.6389041,0.13581789,-0.44362938
2.4852529,9.782406,-0.78422403,8.219744,0.06554127,-0.65864897,-0.08268654,-0.39146554
2.7470286,9.129072,-0.712068,8.040987,0.036316156,-0.64886427,0.003957987,-0.35429317
2.6720738,9.586777,-0.63869476,7.891619,0.108023405,-0.64363503,-0.06807804,-0.250283
2.9129078,8.974971,-0.57215846,7.898744,0.09976983,-0.6269002,-0.035763383,-0.09781301
2.9415426,9.755083,-0.7328721,8.079897,0.087307215,-0.6830454,0.20949137,0.02371198
2.8131113,9.678839,-0.85387814,8.074751,0.025168419,-0.62990475,0.21183038,0.12380934
2.8357644,9.965605,-0.7610072,8.230328,0.050304174,-0.6580658,0.23534381,0.014680564
2.8516288,9.876595,-0.62185806,8.156408,-0.010462999,-0.6683345,0.27357435,0.27140498
2.9964318,9.955663,-0.5931565,8.038474,0.047025204,-0.66399384,0.3013605,0.258623
2.997239,8.8936615,-0.52385616,7.97831,0.10676813,-0.6758764,0.45928037,0.24824995
2.9687548,9.664244,-0.5248036,8.005472,0.096119404,-0.68655205,0.11797249,0.22149277
2.8631516,8.979223,-0.5796794,8.041037,0.08652544,-0.6782732,0.07310331,-0.06736004
2.8341827,9.557596,-0.492836,8.005331,0.079634905,-0.70655894,0.038257718,-0.023796082
2.5331879,8.743599,-0.48632395,7.8929577,0.12968874,-0.6919246,0.16059291,-0.13566238
2.592921,8.694416,-0.45841813,7.935547,0.13092947,-0.7338705,0.21928883,-0.09821999
2.583825,9.670086,-0.41510957,7.894832,0.061032295,-0.7033813,0.17167258,-0.05028051
2.764586,9.803349,-0.23442763,7.9356847,0.08320832,-0.7015481,0.0002590418,-0.18053436
2.8985965,8.75365,-0.24865103,7.826679,0.13398719,-0.7193959,0.05871427,-0.17561287
2.8949192,9.009565,-0.24332249,7.769807,0.09880781,-0.7070985,0.060452938,-0.18530291
2.845891,9.340971,-0.124257565,7.7825546,0.091284275,-0.71252584,-0.056668878,-0.012583554
2.816296,5.6769457,-0.18386626,7.8486123,0.033898354,-0.6580982,-0.039290488,-0.37634242
2.9094937,6.4175854,-0.22010422,7.749579,0.054690838,-0.6618023,0.008197665,-0.28528428
2.2374249,6.104463,-0.22644198,7.748423,0.038285732,-0.62074614,0.065838575,-0.05580643
2.6708283,6.854891,-0.22085273,7.824543,0.008243322,-0.64413166,0.075925946,-0.16225377
2.4221387,6.952521,-0.22688961,7.8925967,-0.012190938,-0.62966657,0.16604221,-0.28148106
2.520401,5.9047165,-0.24501556,7.8759727,-0.013588905,-0.6391883,0.17184305,-0.2383354
2.1159806,7.052872,-0.12279785,7.889172,0.008512735,-0.6291356,0.17196679,-0.10590726
2.0456576,5.931592,-0.327649,7.883538,0.0053761005,-0.5793433,0.043792963,-0.13288522
1.8428392,6.900034,-0.3456946,8.002641,0.029510021,-0.6107545,0.1820445,0.02951616
2.163179,7.1412344,-0.5182519,7.819552,0.059348106,-0.60342026,0.18360996,-0.05170086
2.9004407,8.390648,-0.49671757,7.833488,0.08180714,-0.60366774,0.0028535128,0.02722627
2.8261914,7.698904,-0.34668368,7.703961,0.07432699,-0.6300676,0.07158935,0.006141722
2.6391292,7.231674,-0.24225497,7.7135506,0.10563421,-0.6287465,0.063676,-0.031977326
2.6651304,6.681574,-0.12951899,7.7106338,0.054039955,-0.6437197,0.057731986,-0.110569656
2.929558,6.186612,-0.16101742,7.6717606,0.048365355,-0.62572455,0.0028090477,0.051037014
2.5148425,6.07163,-0.07069397,7.734432,0.018884897,-0.61897993,0.17651951,0.23031038
2.1423936,6.4473605,-0.008370042,7.8462605,0.011258841,-0.64742565,0.30121005,0.1452046
2.233603,6.7442784,-0.20326316,7.9649887,-0.003611207,-0.63374996,-0.053086758,-0.18110847
2.8763254,5.290313,-0.3132491,7.7573004,0.05671072,-0.6575427,0.056281686,-0.13434899
2.560258,9.837154,-0.43899536,7.9364796,0.07432914,-0.64336014,0.11846721,-0.11971706
2.5435114,7.961846,-0.43410486,7.8827963,0.08121848,-0.6473844,0.22263706,0.2135343
2.2387269,8.138201,-0.30674547,7.9579415,0.033623457,-0.6243577,0.23841774,0.10101324
2.1465955,5.555034,-0.22748935,7.868026,0.057493925,-0.6552353,0.30604696,0.20598745
1.6900431,5.245034,-0.22122943,7.8556943,0.08975506,-0.62888336,0.39376974,0.1838631
1.746644,6.578298,-0.14924675,7.8106484,0.048451185,-0.64243746,0.41609752,0.24010885
1.7548972,4.294349,-0.1206069,7.8160706,0.039577723,-0.66899776,0.45007682,-0.031181246
2.1562696,7.5249987,-0.16333604,7.899013,0.063301325,-0.6932478,0.12857485,-0.44614214
2.9123118,8.335746,-0.21788907,7.87638,0.041193485,-0.70654464,0.18562996,-0.42670977
2.9501514,9.50539,-0.18552625,7.957774,0.05361247,-0.7052455,0.25404298,0.30798244
2.9450715,9.880056,-0.33493388,7.721408,0.076678276,-0.59585786,0.23871827,0.109160304
2.4912357,7.684265,-0.2685871,7.8148375,0.073826075,-0.6768017,0.008026361,-0.2423858
2.3735723,8.97209,-0.20311624,7.8360314,0.11555648,-0.70358944,0.09579229,0.14323032
2.4295478,9.609198,-0.18554062,7.850744,0.108918905,-0.7608671,0.14034665,-0.28939533
2.615957,8.818648,-0.07369983,7.817574,0.09498358,-0.7317612,0.18776047,-0.24928284
2.4993455,8.156581,0.079273105,7.8052616,0.06472373,-0.71056366,0.23645985,0.008720458
2.732019,7.899943,-0.17599177,7.766469,0.039150953,-0.6978874,0.18363953,-0.008935988
2.7836041,8.181779,-0.031470656,7.758282,0.03408146,-0.6697252,0.16692746,-0.033616334
2.8892887,8.189376,-0.10886264,7.7994313,0.04039073,-0.6623702,0.21248925,0.18292916
2.1509562,8.50345,-0.03078568,7.8332815,0.018743753,-0.6841266,0.20584142,-0.10526097
2.4360638,4.9631357,0.21763003,7.6577654,0.049578905,-0.7126732,0.09074497,-0.4118854
1.8636845,5.8583345,0.20380092,7.6611247,0.058959007,-0.69428444,0.14790261,-0.41702923
1.9968259,5.8791065,0.12579381,7.7125807,0.047483444,-0.69014335,0.2587906,0.07059193
1.9665904,6.7893405,0.09909153,7.739813,0.07041383,-0.6671643,0.24876821,0.24622077
2.237783,7.1811996,-0.05290717,7.685779,0.09706235,-0.66272926,0.2184676,-0.026025146
2.3694127,8.846419,-0.11975789,7.7155437,0.1256721,-0.7081399,0.28364205,-0.09871125
2.4400527,8.735916,-0.12630904,7.710922,0.11276317,-0.7012596,0.5526345,0.3830365
2.1812239,7.35697,-0.05779916,7.635375,0.12567711,-0.68236184,0.21598637,0.37832046
1.6221912,4.6267824,-0.099181354,7.6543303,0.124420166,-0.650367,0.34063804,0.49342775
2.6526601,5.7205315,-0.13085413,7.6599936,0.1570661,-0.7190604,0.37429357,-0.039491266
2.8912442,9.964548,-0.04523146,7.6926355,0.13391495,-0.71770716,0.2715832,0.24287432
2.443181,9.384771,0.20169306,7.5943837,0.13970613,-0.72402644,0.17622471,-0.10840875
2.6181736,5.5819235,0.032794,7.657706,0.10204482,-0.7112291,0.15298629,0.27270293
2.7996714,4.48057,-0.06681275,7.546132,0.085223675,-0.68755865,0.1753949,0.21892595
1.8396031,5.7574,-0.04906982,7.680159,0.1298325,-0.67153263,0.21552598,0.269454
1.6814879,6.643222,-0.048321486,7.823675,0.13430643,-0.71642256,0.24335396,0.27842122
1.7896581,6.6512847,-0.042804897,7.8779235,0.11618471,-0.7924843,0.20204878,-0.028461635
1.9137795,8.401894,0.13778722,7.7702827,0.12539315,-0.7840147,0.13667142,-0.0879527
1.7423848,7.943578,0.1484667,7.757943,0.0943141,-0.72365355,0.513522,0.12120855
2.0584345,8.547915,0.082735896,7.705193,0.14202833,-0.8288336,0.3675897,0.1122669
2.0880792,8.399582,-0.04272294,7.7138443,0.1663127,-0.7481816,0.35607886,0.31598032
2.0986912,9.027811,0.069452524,7.6425977,0.229182,-0.77425194,0.53656065,0.48722476
2.971446,7.870821,0.66728497,5.9084234,1.9060287,-2.517825,0.12152135,0.10208887
2.5078583,2.2246895,0.6799946,5.877334,1.9117093,-2.5128107,0.07897246,0.092983305
1.8282312,9.718338,0.683251,5.8177805,1.9336741,-2.4997387,0.15580332,0.29958707
1.9717863,2.783955,0.6814536,5.8639684,1.9657791,-2.510818,0.11956823,0.21726424
1.7437798,2.2264047,0.6962793,5.859542,1.9833927,-2.6027691,0.12640584,0.1841433
1.1755846,2.1848586,0.6907283,5.845808,1.9497769,-2.5560079,0.11055124,-0.16979396
1.7256796,3.9909205,0.6993644,5.761777,1.9616964,-2.5704558,0.08496058,-0.13644451
0.79652905,4.980814,0.703743,5.771386,1.9640243,-2.5336552,0.10826862,0.067861676
0.6923414,5.5305247,0.7292377,5.7396297,1.9823363,-2.5537271,0.10797,-0.067073524
0.701315,5.7776933,0.7834791,5.767335,1.9487908,-2.620237,0.02530539,0.00086319447
1.8214861,3.2094054,0.800179,5.747597,1.9241605,-2.5615997,0.13390732,0.0445264
2.0613136,3.1388144,0.8624884,5.500564,1.9451106,-2.6012082,0.14665055,0.038278162
1.4990888,5.146655,0.8981775,5.344205,1.9744513,-2.5586317,0.22941613,0.1410675
0.8211023,6.0002127,0.86018276,5.318404,1.9508319,-2.5090992,0.18867719,0.04991293
2.5990791,9.7818985,0.8530462,5.3113327,1.9596152,-2.513155,0.20804107,-0.040723145
1.8169937,9.32972,0.88187385,5.3899612,1.9287002,-2.5184531,0.2625556,0.1996628
2.3515115,4.4528465,0.86290455,5.4003906,1.9356174,-2.5693774,0.11963189,-0.003798306
1.8208867,9.459895,0.84126747,5.524563,1.9069171,-2.567455,0.11619568,0.012066007
1.7427016,9.987957,0.8427217,5.5023623,1.935087,-2.5902529,-0.11688006,-0.46802318
2.0409122,2.0006986,0.84798217,5.4866533,1.9189227,-2.5549674,0.069177866,-0.28154778
2.0726256,8.665157,0.8440459,5.4611635,1.9372156,-2.5434031,0.14134133,-0.19049641
0.78987396,7.275236,0.8493209,5.445389,1.9523728,-2.568523,0.113754034,-0.11805785
2.6474109,9.565645,0.8810222,5.3365993,1.9692781,-2.5791674,0.085344195,0.015489101
2.6857424,4.548474,0.89912486,5.3293447,1.9692006,-2.5929022,0.038286924,-0.08056611
2.2651746,6.913824,0.86335313,5.4010286,1.9505177,-2.5771337,0.12880552,-0.36494377
2.5745068,9.260983,0.8133609,5.4040318,1.971914,-2.556719,-0.12786424,-0.46930796
1.8566507,2.7734685,0.8616631,5.469073,1.9701104,-2.55945,-0.13160634,-0.24401525
1.8421228,9.10366,0.80366063,5.578772,1.9575613,-2.631936,-0.02793026,-0.45152462
2.4714355,7.8710384,0.8338492,5.5405903,1.921181,-2.5969667,-0.040760696,-0.40668184
2.3884447,4.1706533,0.85051703,5.5162816,1.9468377,-2.6155024,0.045309305,-0.18825483
1.5782442,4.1316814,0.8362646,5.5660076,1.9407632,-2.5512433,0.053045273,-0.19546276
1.5159618,4.9522667,0.8500736,5.3810368,1.9197893,-2.52438,0.024300098,-0.10671368
1.8159995,7.2282867,0.859009,5.4409904,1.9328077,-2.5788932,0.01883018,-0.26487368
1.1919769,6.4637914,0.8440752,5.4841313,1.9636362,-2.5899339,0.05788231,-0.347621
0.63572586,4.4438124,0.84038913,5.526001,1.9569695,-2.571808,-0.07425326,-0.33842963
1.4761574,7.4274807,0.84013724,5.508896,1.956774,-2.5952485,0.091508985,-0.34450197
0.96554506,8.559183,0.83455014,5.502944,1.9491079,-2.587116,-0.011408746,-0.4675633
2.4509177,3.8309026,0.8353909,5.4833393,1.9548962,-2.5647082,0.17829275,-0.4762269
2.1031132,6.545234,0.8707553,5.378171,1.9255598,-2.4374318,0.34906352,0.40550965
1.701743,6.6042256,0.85335815,5.3526316,1.9163435,-2.482091,0.34333062,0.32049894
1.4686899,9.489055,0.83863604,5.3729825,1.9305444,-2.4701371,0.26059258,0.35745823
1.9559867,3.4615202,0.90057003,5.410004,1.9092097,-2.4712286,0.24671423,0.006686032
1.2233884,8.345373,0.8055626,5.544713,1.898587,-2.4570494,0.21095979,0.044360638
1.2920856,6.427311,0.803735,5.5461335,1.885392,-2.4784997,0.32187283,0.04968798
1.1944708,4.6268425,0.79854774,5.6024346,1.8821702,-2.4748666,0.074166656,0.15401638
2.143298,3.715107,0.8059896,5.558791,1.8700223,-2.4541926,0.11061537,-0.037153482
2.521896,6.8139005,0.8303176,5.5498056,1.8744287,-2.4517016,0.14774382,0.21449131
2.7265406,6.030865,0.7904296,5.5292544,1.893256,-2.461307,0.10030186,0.17230296
1.1479173,5.636625,0.8057511,5.602254,1.922149,-2.4750595,0.38348687,0.19108415
2.7109249,7.8551054,0.8082335,5.515347,1.928051,-2.5211327,0.1937375,0.23004758
2.173728,7.9336205,0.8599334,5.380726,1.9451022,-2.525621,0.28398943,0.00020807981
2.6998472,9.388376,0.85670555,5.384885,1.9417975,-2.5148783,-0.013801336,0.12594783
2.748252,2.5622795,0.83600163,5.4591627,1.9382222,-2.5367146,-0.067842126,-0.47763672
0.9672016,2.4659433,0.8247831,5.5169406,1.9359372,-2.5413585,-0.058023572,-0.48824933
1.6270449,7.6169486,0.8634014,5.4562573,1.8918931,-2.5429597,-0.0014491677,-0.4685816
1.6784031,6.9680257,0.87350845,5.3867097,1.9369214,-2.5509503,0.10114956,-0.28848553
1.4349236,4.806657,0.8608699,5.381316,1.954922,-2.5532954,-0.0031270385,-0.32948524
2.0923817,7.7639513,0.8328439,5.4443474,1.965703,-2.6030266,0.028745651,-0.37647772
1.4324616,5.89107,0.8289609,5.572483,1.9787021,-2.6087213,-0.029592276,-0.20090029
1.8924732,7.9928794,0.8349912,5.439624,1.9415159,-2.5506897,-0.028014421,-0.3130829
1.966282,3.1141977,0.8661289,5.468232,1.9330547,-2.6152773,0.2514124,-0.13124558
2.012504,6.294834,0.8630998,5.5272627,1.9640286,-2.6132472,0.10820663,0.25871027
0.8496036,4.33136,0.80493927,5.5410986,1.9790998,-2.5724015,0.5602306,-0.01913464
2.1865783,5.3738766,0.7907071,5.659568,1.9495094,-2.5490904,0.08586609,0.06125617
1.9416708,9.006651,0.8046162,5.5725503,1.9410839,-2.5502446,0.067810774,0.07299554
1.4071956,8.498276,0.7833228,5.581114,1.9744267,-2.5674844,0.014637232,-0.049432874
1.3044562,9.541525,0.75330853,5.593416,1.9928854,-2.5671678,0.05494535,-0.13879192
0.8805815,9.489641,0.77283823,5.591638,1.9395158,-2.5900502,0.06046605,-0.37017316
1.9510249,3.238186,0.7730371,5.740383,1.9631395,-2.5881455,0.005394578,-0.33468682
0.66144013,8.471488,0.76511765,5.674715,1.9683235,-2.5064385,0.11358106,-0.08943862
2.9869492,7.1170616,0.7845634,5.628334,1.9254265,-2.5425203,0.087385416,0.05900222
2.7097428,7.888238,0.76956964,5.5042324,1.9284,-2.5157712,0.08622265,-0.14100903
2.4736958,6.568779,0.7652129,5.6666374,1.9272046,-2.5496385,0.06450868,-0.18503189
2.4784465,9.3304825,0.7602447,5.692569,1.9082963,-2.5281055,-0.05242777,-0.24777174
2.9152825,8.496189,0.7346227,5.759617,1.9407437,-2.5355413,-0.0757854,-0.1832662
2.980319,3.0933506,0.7648796,5.6950502,1.9106891,-2.5525382,0.020425797,-0.34143683
1.7118996,8.279019,0.72766685,5.7353635,1.9053965,-2.5444026,0.058309555,-0.19759941
1.8891962,7.941192,0.8123025,5.654187,1.8946071,-2.504355,0.25232446,0.06198764
2.065849,8.750212,0.7844634,5.7002926,1.8894188,-2.550014,-0.026839912,0.23789603
1.388946,6.340989,0.77685237,5.588951,1.9123507,-2.539692,-0.008568168,-0.49970436
2.0051866,6.372855,0.7740848,5.72796,1.9568877,-2.5923104,-0.054855406,-0.49906966
1.118993,2.95629,0.7527151,5.7985716,1.9446139,-2.6224456,0.030158758,-0.074614614
2.182,4.00317,0.7418678,5.7497444,1.9550333,-2.6084096,0.093039036,-0.03832382
0.8555877,7.1994796,0.75263834,5.5780644,1.9750247,-2.5530806,0.10102093,0.0129265785
1.0865165,7.0272126,0.7729218,5.5908694,1.988646,-2.5542414,0.12780273,0.0042899847
2.1101584,8.193759,0.8191078,5.5570626,1.9955854,-2.6138482,0.16114938,0.14290732
2.1245482,8.966023,0.7593198,5.622269,1.9890935,-2.65726,0.31794536,0.16053426
2.2054152,8.172045,0.80368185,5.5741434,1.9932997,-2.5832748,0.1214869,0.082156
1.5346686,7.3267655,0.7904849,5.652895,1.9488142,-2.5974536,0.10130942,-0.16917914
1.7902448,9.740274,0.74713826,5.662126,1.974931,-2.5873437,0.09726465,-0.13726449
1.6530392,9.572117,0.79599965,5.557057,1.9750831,-2.599664,0.1735866,0.029477954
1.6426212,2.1513553,0.81178665,5.5973034,1.9884231,-2.6030607,0.17151177,-0.112188876
2.7797241,9.944284,0.82638454,5.4845333,1.9842622,-2.592308,-0.054938674,-0.15205315
1.7669528,9.948027,0.8412961,5.381841,1.97909,-2.575897,0.024866462,0.06999916
1.7784257,9.865965,0.78024125,5.515644,1.9962912,-2.603085,0.19773424,0.17281246
1.9418947,9.491388,0.7669406,5.5624695,1.9855125,-2.556599,0.108436346,0.10431945
1.2764208,6.341153,0.8025067,5.4476967,1.9912543,-2.6036808,0.18549752,-0.12865537
1.0742431,3.9004192,0.8403244,5.474233,1.9760568,-2.5586643,0.123078704,-0.13130823
1.8774743,4.001878,0.82919836,5.512449,1.9545958,-2.5637019,0.07710683,-0.19094664
1.606965,7.5380645,0.7761377,5.5932274,1.9372895,-2.540112,0.08491731,-0.1949431
1.5264306,5.788905,0.79623985,5.5511255,1.9621129,-2.5730321,0.06500387,-0.46800077
1.0748396,6.288878,0.7976773,5.587313,1.9678283,-2.5726807,-0.078336716,-0.27854657
1.1801336,6.642764,0.7887492,5.579706,1.9580534,-2.5852842,0.14067149,-0.26924127
1.2968044,8.83729,0.7823477,5.588515,1.9535496,-2.5406842,0.032081485,-0.12698525
1.9498763,7.1906047,0.80853164,5.6177077,1.9100361,-2.5352232,0.13947201,-0.19481423
1.7741323,7.1503434,0.7924948,5.628558,1.921905,-2.5197806,-0.08197737,-0.4782395
2.0003343,8.444773,0.82260656,5.5883102,1.8929873,-2.518401,0.2941395,-0.24542683
1.4516532,5.674859,0.84163976,5.5363836,1.8468475,-2.4518952,0.22310138,-0.3095894
2.491612,4.6147604,0.8212502,5.6299443,1.8302052,-2.455808,0.060591698,-0.32329476
2.4044914,8.461493,0.85792935,5.4964304,1.8330894,-2.4650397,-0.0538671,-0.3681908
1.9454169,8.963955,0.86646914,5.5005646,1.8701594,-2.516029,0.12878048,-0.1387755
2.7234993,8.433263,0.8878106,5.442589,1.8883204,-2.536788,0.030840278,-0.27733752
0.5916035,4.0622606,0.8903928,5.4161587,1.9223218,-2.5245595,0.035541058,-0.29850245
1.2419889,5.6703844,0.8974,5.387009,1.91905,-2.5685947,0.056466103,-0.30693343
2.3294427,7.7235045,0.8987992,5.379635,1.9023438,-2.4939485,0.08744609,0.019899607
1.715971,8.331616,0.888798,5.389663,1.8728225,-2.459575,0.087397575,0.13787168
1.2823715,5.641659,0.9044417,5.398281,1.866821,-2.4594784,0.09563112,-0.41740146
1.566146,9.489218,0.8879566,5.3509994,1.891501,-2.4710574,0.18748283,0.21680415
1.3625026,2.8688276,0.93829656,5.3742914,1.8699999,-2.4878979,0.038857818,-0.4224767
2.213506,4.1524296,0.96605897,5.266839,1.8291152,-2.4397569,0.23004341,0.13672864
1.5551571,9.198717,0.9710164,5.269566,1.8202729,-2.4384704,0.16760945,-0.35976493
1.3317757,6.591426,0.9520341,5.238374,1.7952831,-2.3722615,0.03878343,-0.12706444
2.1149297,6.803315,0.96060467,5.2672005,1.8189335,-2.3782136,0.06330943,-0.28308368
1.7276847,9.250273,0.91156363,5.271273,1.8232191,-2.3666883,0.04016781,-0.011587381
2.8885515,4.8541965,0.9477029,5.3069315,1.7781863,-2.3949304,-0.049521327,-0.13741282
2.4460077,3.6461735,0.9551399,5.2548265,1.8110285,-2.3964481,0.031437397,-0.221544
2.0424507,8.968311,0.9295795,5.312869,1.8243005,-2.461168,0.021285534,-0.34040487
2.6400938,2.273751,0.9047575,5.3174324,1.8802543,-2.4612896,0.09727228,-0.0641163
2.9864175,9.921171,0.9104984,5.398114,1.8718557,-2.4784822,0.10360181,0.015044153
2.3372598,7.2106996,0.91371644,5.457158,1.8758836,-2.5173192,-0.0014997721,-0.03939891
1.2634509,3.2917624,0.9141643,5.4876986,1.8629715,-2.5488338,0.2524532,-0.090536356
1.6280054,9.118544,0.85552466,5.500204,1.8790946,-2.535638,0.11600697,-0.21340251
2.21918,8.93569,0.8388941,5.6069746,1.8464482,-2.530704,0.072479844,-0.26556426
2.284637,4.1634626,0.8667059,5.6306214,1.8393445,-2.5308354,0.13834834,0.161551
0.66518795,6.6336665,0.8651295,5.604068,1.8688366,-2.5091681,0.13833773,-0.2651679
0.5461121,6.6532865,0.95978427,5.383193,1.9272895,-2.5183969,0.11058736,0.10370654
0.9346174,3.775125,0.8780453,5.3454657,1.8973336,-2.503054,0.11818123,-0.27577126
0.85394764,4.7157145,0.9235308,5.3344393,1.8692105,-2.4947572,0.10494912,-0.30349287
1.2406366,6.799859,0.9871174,5.3208623,1.8485,-2.500919,0.10781896,-0.28012136
1.6992452,2.8098197,0.9705627,5.255019,1.8745384,-2.504244,-0.008121967,-0.3179901
0.9715247,5.3687468,0.9645512,5.451669,1.8541276,-2.473291,-0.030723512,-0.1326521
1.0548228,7.490179,0.95600724,5.381562,1.8393538,-2.4803927,0.079738975,-0.259604
1.9215949,6.2281146,0.93515265,5.3695,1.8504157,-2.4849362,0.11000967,0.1686064
1.5589893,6.4762945,0.8557799,5.355417,1.9059892,-2.466983,0.15542889,0.05478549
2.091538,9.416334,0.84325504,5.3698206,1.9436727,-2.4812453,0.15122664,0.08822757
2.0829422,9.096883,0.8612213,5.37173,1.9482989,-2.5258858,0.2622012,0.23773849
1.8809493,6.2858396,0.8374133,5.5796695,1.9503584,-2.5365534,0.28182697,0.31608015
2.7407336,9.144985,0.8129562,5.5557547,1.9310274,-2.5374787,0.23166513,0.31325668
2.565743,9.551146,0.8406882,5.5862865,1.931015,-2.5547633,0.3243457,0.232019
1.6345857,9.187614,0.7768959,5.604107,1.9114089,-2.583376,0.39644814,0.32990932
1.7724715,9.557504,0.79865885,5.4860706,1.9776809,-2.5593147,0.041390896,0.1935876
1.6693143,4.7701015,0.7863605,5.556138,1.9910228,-2.5795362,0.23791587,0.23161823
1.7936045,3.6271992,0.77878916,5.6618757,1.9829357,-2.5874357,0.17114496,-0.023848623
1.9603995,9.857403,0.77822304,5.439871,1.9996982,-2.5791073,-0.1424669,-0.49055856
2.126999,8.456064,0.8348222,5.4532547,1.9999175,-2.629853,0.058874607,-0.42736244
1.7635472,7.8664746,0.83905077,5.413916,1.9993706,-2.6220024,-0.0019949079,-0.33821973
1.0905758,8.903899,0.8487601,5.412679,1.9635575,-2.5671124,0.09590411,-0.27534485
1.9919667,9.240534,0.84250915,5.4227514,1.970839,-2.5614324,0.045583725,-0.27204496
1.214166,9.626739,0.85726,5.421401,1.9713326,-2.5946455,0.097503185,-0.34038812
2.1923413,9.263201,0.84835994,5.328639,1.9918067,-2.5782094,-0.035188675,-0.31676862
1.9226282,9.817034,0.8578973,5.328191,1.9990656,-2.5956068,-0.086951375,-0.36277407
1.6127206,8.991299,0.90089834,5.3136163,1.9567761,-2.5959353,0.11469436,-0.40479836
1.8318114,4.841899,0.9140067,5.257078,1.9494603,-2.5864122,0.11543512,-0.40519625
1.6773744,5.188017,0.9056015,5.282056,1.9328225,-2.5376608,0.09892595,-0.21234858
1.446168,2.725982,0.882247,5.4068666,1.9429169,-2.52139,0.22928739,0.11490363
0.9946058,7.887756,0.86850584,5.3772144,1.9345827,-2.5334144,0.13092113,0.23494387
1.4091454,6.2548676,0.86871886,5.3184686,1.9178026,-2.507385,0.12428057,-0.080091864
2.511068,6.538412,0.9179318,5.339308,1.9162357,-2.5203567,0.0464617,0.106345534
1.6208215,6.7491903,0.9222201,5.3832464,1.9038975,-2.467794,0.2807113,0.12403411
0.6084816,2.833247,0.9212303,5.4629197,1.9152906,-2.5819004,0.211223,0.09447771
1.3686509,6.094368,0.8349407,5.461613,1.9540117,-2.5564563,0.122348785,0.09293336
2.062307,4.150835,0.8703165,5.3264256,1.9654233,-2.5661025,0.18073142,-0.115570486
2.0882373,2.5643282,0.8909619,5.2093244,1.9979236,-2.5725245,0.20178139,0.26448607
2.622691,7.106111,0.82473636,5.3388133,1.9946113,-2.5801482,0.38352406,0.29018474
2.2937644,6.5129576,0.8683572,5.322964,1.9645302,-2.561665,0.09529102,0.22868514
2.1445842,6.539626,0.866652,5.419882,1.9592347,-2.5808709,0.06869149,-0.29369035
2.2286234,6.2832394,0.8812852,5.2937317,1.8795176,-2.4904492,-0.018177629,-0.3014707
2.2334075,7.669353,0.89143836,5.328312,1.9056411,-2.4866078,-0.003930092,-0.23777655
1.1320242,3.4030428,0.897503,5.3393393,1.9167948,-2.5145862,0.2646693,-0.23962364
2.4037354,2.969941,0.94636226,5.190445,1.9384935,-2.5215034,-0.039474666,-0.2079634
1.9474345,8.503138,0.9958513,5.177522,1.9293647,-2.5236838,0.111352205,-0.18522474
2.1317034,9.036363,1.034636,5.176591,1.8503308,-2.4880776,0.14660454,-0.15132791
1.9935714,9.229209,1.0600877,5.0429063,1.8301396,-2.4255047,0.16316926,-0.04325396
2.1299648,3.2467294,1.0723364,5.111509,1.8125527,-2.398634,0.08570278,-0.08246946
2.9853156,3.2231746,1.064426,5.1123204,1.7518082,-2.3235168,0.08976436,0.0970124
0.9628831,3.8150713,1.1118035,5.06448,1.7183135,-2.2958248,0.14804935,-0.07804704
1.7051029,8.677732,1.1142013,5.0550556,1.7005367,-2.3099928,0.19915283,0.09518099
2.090435,6.1870127,1.0447116,5.16942,1.7412245,-2.3118806,0.21659267,0.09226245
2.546739,6.2826476,1.0149052,5.148476,1.7557931,-2.3479328,0.25069714,0.26803714
2.1862192,4.580635,1.0390213,5.1338863,1.749151,-2.3542173,0.34217,0.11996496
2.235262,7.221746,1.0517492,5.13794,1.7842698,-2.4349678,0.32437098,0.1230731
2.4973404,7.654585,1.0757968,5.1381664,1.7987523,-2.5009327,0.18841529,-0.061452836
2.3948233,7.370519,1.0657091,5.152398,1.7826657,-2.4770737,0.12848759,-0.36456972
2.8356044,2.76597,1.0689867,5.017983,1.8010266,-2.4551435,-0.022611141,-0.3329664
0.9106908,8.804535,1.0684416,4.989501,1.8590567,-2.4624195,0.21455133,-0.34396142
2.5856602,7.8311577,1.048857,5.0629025,1.8425071,-2.4720552,0.20722747,0.24002844
1.2502568,7.8935966,1.044487,5.024741,1.9064322,-2.4852734,0.21498871,0.027240813
2.5667381,4.5461144,1.0510545,4.841186,1.9129505,-2.4884393,0.008264899,-0.17013687
2.5155892,6.4342675,1.006382,4.997453,1.8955412,-2.4781282,0.114415646,0.09944731
2.1284587,7.3135715,1.0324955,4.95514,1.9183772,-2.4673247,0.11329162,0.020707846
1.0455875,2.8003492,0.22880054,7.4230356,0.42078328,-0.93176436,0.14214885,0.12658417
1.1692128,4.0308285,0.21674836,7.4606357,0.44045115,-1.0151085,0.38925612,0.28976333
1.1710937,3.618495,0.2400074,7.4591475,0.41931748,-1.0137094,0.38365436,0.25439847
1.181154,5.756301,0.23926377,7.4939585,0.46527076,-1.0956953,0.4354732,0.18558359
1.1963962,5.7699785,0.32057953,7.5213566,0.51627135,-1.1840734,0.41292524,0.4327469
1.1306247,6.2518125,0.35883582,7.519946,0.47535658,-1.1215365,0.5866333,0.122636735
1.0585709,5.9752083,0.29222906,7.684385,0.4615035,-1.1031535,0.4138261,0.50186455
1.0851111,7.056391,0.23228955,7.682241,0.45498538,-1.0948687,0.43945515,0.40295804
1.1049122,4.602542,0.22893476,7.617434,0.4389994,-1.0687162,0.3648852,0.056652963
1.1460823,5.34766,0.29638004,7.571725,0.43711233,-1.0173981,-0.017548382,0.04989171
1.5850843,5.4776134,0.2714777,7.4166665,0.42241955,-0.98417044,-0.010794997,-0.4944358
1.5058961,8.749164,0.34037971,7.3064647,0.4325633,-1.0406251,-0.0017180443,-0.49816918
1.6813897,4.8606143,0.35361493,7.280313,0.4554448,-1.109779,0.09147775,-0.49089465
1.3047433,6.832275,0.35631847,7.3119965,0.46389437,-1.0357907,-0.034988105,-0.47631806
1.2441713,8.25168,0.3745582,7.4173594,0.42539144,-1.0578694,0.20804334,-0.49457714
1.1230237,8.174456,0.3946991,7.506601,0.42483926,-1.0964717,0.072874665,-0.3576302
1.030607,6.3965797,0.4117838,7.585173,0.49052572,-1.1227838,0.098404646,0.08383739
1.1687467,9.581694,0.33008766,7.670863,0.51057076,-1.172827,0.23088336,-0.025463581
1.237139,8.887139,0.34644866,7.526519,0.5042362,-1.1725227,0.2693609,-0.0420821
1.0867004,9.426401,0.24775243,7.6459565,0.59200263,-1.2800567,0.07754922,-0.2105388
1.1093285,9.402586,0.25249314,7.711371,0.6181493,-1.2983122,0.2285403,0.16465843
1.0556326,9.837294,0.21979403,7.7275515,0.61204123,-1.2759701,0.13339698,-0.016885787
1.047504,8.280636,0.20642912,7.7187133,0.60628295,-1.2762676,0.116473556,-0.24182397
1.0657113,7.1402864,0.045856595,7.6995306,0.58026147,-1.1743944,0.034053564,-0.28010905
1.1148977,7.070731,0.055463195,7.72206,0.5772624,-1.1522208,0.010901809,-0.08902389
1.0720946,5.160119,0.063700676,7.688044,0.5575137,-1.1706752,0.12653005,-0.14076519
1.053305,4.6324844,0.11100733,7.6936526,0.5573621,-1.1416266,0.07231033,0.013470769
1.0508032,9.248661,0.08067155,7.6827955,0.6117549,-1.2205536,0.14182067,-0.06147337
0.985366,9.323473,0.0784688,7.8348985,0.6263771,-1.2366805,0.064136624,-0.20077324
0.9808489,9.743192,0.05188465,8.008227,0.6756487,-1.3313332,0.09284556,-0.15371841
0.95179665,9.008877,-0.08265269,8.212598,0.6515777,-1.3372908,0.11130011,-0.115284055
0.88411605,9.4417515,-0.0733794,8.192928,0.67025185,-1.2736084,0.047377944,-0.3378024
0.8840058,9.646969,-0.12476039,8.1943,0.69392586,-1.3324056,0.07424605,-0.32606542
0.8932669,8.540616,-0.2726997,8.230076,0.7250726,-1.2771928,-0.010219932,-0.22007439
0.8810067,7.40464,-0.2850634,8.202864,0.7245033,-1.2697804,-0.02678299,-0.1446335
0.9020015,8.823136,-0.28460056,8.191418,0.70629144,-1.2594434,0.0032122135,0.08439088
0.91444474,9.754072,-0.15194249,8.184477,0.73100805,-1.3303975,0.079144955,0.0160923
0.9610357,9.748867,-0.23543936,8.160138,0.71944094,-1.2539375,0.042400956,-0.04012662
0.8731668,7.907833,-0.2337935,8.195236,0.71221614,-1.307892,0.11986983,0.10445857
0.89866805,7.811397,-0.21161675,8.218847,0.6954708,-1.2630203,0.074563265,-0.017389596
0.81234455,8.0739155,-0.26655054,8.467263,0.6924784,-1.3088219,0.08475709,0.03973198
0.76589537,8.157734,-0.36494344,8.465118,0.7031636,-1.2378738,0.047710657,-0.13430786
0.82314533,8.652718,-0.36069846,8.504494,0.6821158,-1.2468386,0.15138507,0.027670145
0.88939893,9.160568,-0.39616346,8.496105,0.67758083,-1.2777911,0.097010255,-0.013312817
0.7650369,8.299652,-0.36607385,8.651895,0.7248602,-1.284987,0.13919532,0.2650845
0.76346815,7.8836303,-0.42996466,8.67346,0.6872144,-1.2967386,0.5344844,0.3925724
0.7361412,8.03302,-0.38133705,8.727105,0.7857127,-1.3274479,0.27929962,0.3319366
0.75138533,8.817438,-0.51518816,8.845923,0.7844498,-1.337949,0.2871182,0.3926934
0.7411282,8.590854,-0.46377146,8.753651,0.82543445,-1.37496,0.063595295,0.14663005
0.69494176,8.708264,-0.44597822,8.758772,0.8924887,-1.4102242,0.030867338,-0.06962848
0.6835964,8.348179,-0.42240435,8.732882,0.88416505,-1.4307044,0.023665667,0.102339625
0.64137024,7.7962017,-0.3540247,8.656378,0.89560604,-1.4544833,0.12127137,0.15346986
0.57853514,6.4148455,-0.23629731,8.5168,0.8892739,-1.4657047,0.2690512,0.2449804
0.5884164,6.02967,-0.22567356,8.532234,0.9166429,-1.4962575,0.23643279,0.31813937
0.58681834,6.3083982,-0.21637529,8.515756,0.91510487,-1.4574802,0.20981205,0.30383587
0.5647568,7.075741,-0.24827826,8.533669,0.9414902,-1.4685664,0.17355168,0.2315045
0.52999794,7.0601034,-0.19587576,8.63481,0.9233272,-1.4643269,0.49795198,0.25186193
0.5226497,7.129135,-0.14966333,8.733131,0.86158013,-1.4490509,0.48358655,0.5400748
0.53533643,5.9752574,-0.15448785,8.667867,0.89344,-1.5273559,0.57694054,0.36699706
0.5327821,6.222984,-0.20296073,8.676695,0.91493154,-1.4552218,0.47822,0.4620942
0.5274259,6.8350873,-0.17860085,8.82648,0.88610816,-1.4455487,0.22767937,0.41643274
0.5272009,7.2809286,-0.17397743,8.856582,0.87136555,-1.463722,0.17321682,-0.19187221
0.51303387,6.899921,-0.20392752,8.889543,0.8835192,-1.488827,0.18375885,0.065953255
0.51045597,7.232192,-0.21640277,8.862433,0.9036193,-1.4926746,0.1497773,-0.046092927
0.5120403,7.413797,-0.18247783,8.848448,0.929373,-1.4912586,-0.04880613,-0.15771785
0.5321702,7.587534,-0.17380035,8.888863,0.85997534,-1.4858303,0.1323781,0.13890254
0.5008021,7.0327854,-0.18715602,8.894205,0.88053536,-1.4647181,0.2352997,0.23645866
0.51017183,7.194878,-0.20566273,8.9480095,0.8727596,-1.4708385,0.24675906,0.3465554
0.51330847,7.3438125,-0.19404256,8.908071,0.8785262,-1.4751806,0.30019104,0.35316545
0.51135045,6.763972,-0.17921096,8.830813,0.8614328,-1.4578018,0.40016448,0.21786708
0.514125,7.3218784,-0.17366809,8.8813095,0.8782997,-1.4603716,0.35840487,0.23109192
0.5132232,7.9084306,-0.25016606,9.013747,0.9385543,-1.5040777,0.20545864,0.14796352
0.5114086,7.953701,-0.25904596,9.076883,0.9165964,-1.5086993,0.044005394,-0.3012325
0.54898745,7.5303774,-0.23294413,8.909112,0.9105742,-1.5641236,0.040891886,-0.44416833
0.53812397,7.8584204,-0.24518645,9.004528,0.94615483,-1.5753804,-0.028212905,-0.46656615
0.5119309,8.253321,-0.21046263,8.999271,0.96585345,-1.5418724,0.056194305,-0.26997182
0.5286792,8.1125145,-0.21027273,8.986191,0.93152,-1.5151657,0.1278441,-0.07169497
0.5413173,8.273598,-0.22842985,9.039606,0.92610765,-1.559952,0.017685056,0.07986295
0.5308785,9.199901,-0.20295,9.039541,0.9764931,-1.6246431,-0.031261623,-0.04999125
0.5357287,9.478495,-0.2032392,9.093659,0.9870775,-1.6852399,0.10445535,-0.07486254
0.5192943,9.288666,-0.16402197,9.16913,0.9144633,-1.5990658,0.112980366,-0.22761539
0.51335233,9.288694,-0.20468807,9.185104,0.96369576,-1.5909636,0.06885421,-0.024560124
0.5206416,8.885896,-0.22603625,9.0861225,0.9552064,-1.5986699,-0.008765459,-0.20786196
0.5169704,8.895496,-0.24714845,9.099504,0.9747319,-1.5856081,0.02417469,-0.1809516
0.5217276,8.587364,-0.25796694,9.108253,0.97663665,-1.6038567,0.14836168,-0.013671964
0.54458654,9.204396,-0.29042077,9.146654,0.93783236,-1.6182884,0.30206645,0.040603817
0.52439535,8.617869,-0.3291877,9.191513,0.9586146,-1.5101984,0.58222246,0.47272742
0.5339235,8.439773,-0.3645835,9.110439,0.9694128,-1.5255076,0.2050749,0.22144997
0.53566676,7.5054364,-0.34178996,9.062162,0.94683456,-1.5304701,0.15517223,0.15646124
0.52504784,6.53887,-0.36201024,9.054275,0.9363415,-1.5548989,0.034526944,0.046821475
0.5526641,7.1979833,-0.36894798,9.071468,0.90600514,-1.5104845,0.067358136,-0.060726345
0.5592258,6.9450054,-0.34244925,8.968197,0.92517304,-1.5323312,0.10650599,0.15335274
0.5567835,7.021212,-0.42084175,8.992721,0.92302656,-1.525775,-0.019639432,-0.049668252
0.5602734,7.1607823,-0.45582473,8.994617,0.9209943,-1.478394,0.009668708,-0.20314181
0.5846985,6.225812,-0.4517368,8.999111,0.93260694,-1.5521885,-0.072770596,-0.2126759
0.5738735,6.218192,-0.5050707,9.041812,0.9643383,-1.5342914,-0.06321937,0.18249625
0.5504124,8.136013,-0.5450496,9.146797,1.0106337,-1.5539733,-0.028337836,-0.014898181
0.569788,7.727322,-0.52884537,9.080888,1.0296245,-1.5422306,-0.015355706,-0.10386717
0.5753404,7.7517114,-0.626488,9.121126,1.0072362,-1.5288575,-0.04410678,-0.13819912
0.56053793,6.403927,-0.5084183,9.070404,0.9637053,-1.4829035,-0.102085054,0.15116787
0.5176496,5.7741346,-0.47865975,8.996929,0.95387053,-1.4967036,0.14331746,0.1671089
0.5373677,7.030787,-0.45428467,8.991341,0.97040796,-1.4738522,0.17259479,0.22799236
0.5350777,6.2192726,-0.39025426,8.910467,0.95265293,-1.5257677,0.20483434,0.28135228
0.5331215,6.5176134,-0.3576601,8.963128,0.9242716,-1.4789517,0.11787796,0.0109604
0.5368292,7.02006,-0.41314125,8.963842,0.94387555,-1.4537299,-0.015939951,-0.06272063
0.5396956,6.9955173,-0.42449433,9.033834,0.9474323,-1.502157,-0.117358625,-0.22158477
0.52200854,6.9503403,-0.4108981,9.112981,0.94686913,-1.4956529,0.00810802,-0.13088283
0.52413034,8.202642,-0.42823863,9.203468,0.93270755,-1.5153309,0.019568205,-0.25434035
0.53234696,7.7416244,-0.43906462,9.247396,0.8914273,-1.5183866,-0.0003979802,-0.33353567
0.5582149,7.8033133,-0.48501468,9.179367,0.93609023,-1.5243455,-0.061107874,-0.24694738
0.5480676,7.1597157,-0.4724754,9.092604,0.9258132,-1.4435239,-0.197941,-0.06614518
0.5570911,6.6714253,-0.48468256,9.185247,0.919029,-1.4886684,-0.22718877,-0.47476798
0.5258463,5.9652843,-0.47344828,9.184006,0.90230775,-1.5117953,0.009702086,-0.49900532
0.5221976,6.454087,-0.45005012,9.184576,0.8756571,-1.4749222,0.007773638,-0.49939492
0.54744977,6.680234,-0.41028285,9.200481,0.84838605,-1.4831082,-0.040668666,0.31116295
0.54366577,6.7428756,-0.4484716,9.252707,0.8036239,-1.442255,-0.042661667,-0.33064818
0.5315798,6.616151,-0.51094145,9.306576,0.7919121,-1.4008566,-0.02246195,-0.3911385
0.5270075,6.7174273,-0.52450466,9.447266,0.7929554,-1.4381492,0.10466385,-0.3863361
0.51828516,7.726926,-0.52471334,9.551327,0.7597835,-1.3783922,-0.023078144,-0.38134813
0.5261069,6.7753234,-0.6163656,9.52677,0.7729113,-1.356746,0.039043784,-0.16289976
0.5364346,7.567142,-0.5452338,9.508836,0.793062,-1.3582696,-0.0743742,-0.21466154
0.5561442,8.15876,-0.5336005,9.511666,0.8020861,-1.3984215,-0.0059965253,-0.38071233
0.55510694,8.670118,-0.5044732,9.420984,0.7992697,-1.3859392,-0.08801603,-0.44942957
0.5585188,8.763491,-0.42586184,9.3798065,0.77503514,-1.3724931,-0.070895135,-0.48435465
0.5577813,8.329281,-0.40558267,9.300541,0.7607014,-1.3809273,-0.03149265,-0.38802516
0.588423,7.091647,-0.4389131,9.138091,0.7220905,-1.3855001,-0.008847654,-0.49487182
0.5871948,8.251051,-0.44226992,9.198549,0.74674845,-1.3462751,0.040812254,-0.48298344
0.5823911,8.335755,-0.4730127,9.272789,0.7487669,-1.3077497,-0.0131675005,-0.47390074
0.5850916,8.296046,-0.4787926,9.293131,0.72948885,-1.310499,0.10396385,0.33169347
0.5917487,8.511212,-0.4532938,9.135902,0.7594228,-1.3035467,0.06576395,-0.23655954
0.60993177,8.444716,-0.46126318,9.1676235,0.7654085,-1.3795748,0.14030921,-0.00710696
0.63129795,8.5352745,-0.49717933,9.189758,0.7480252,-1.3673687,0.06378603,-0.19365084
0.6451406,8.358488,-0.51138973,9.231344,0.7416837,-1.3737226,0.05374992,-0.07483512
0.64273465,8.328737,-0.53721243,9.2201395,0.7682736,-1.3854872,0.2152896,0.10041493
0.6139054,7.553885,-0.6136355,9.23592,0.7658303,-1.3341777,0.29775476,0.27544296
0.61421585,7.5988173,-0.5184167,9.144913,0.7561109,-1.3750172,0.25828326,0.44273078
0.61790544,7.944678,-0.48921037,9.163949,0.751523,-1.322087,0.061832666,0.121973336
0.6174084,8.359667,-0.52520204,9.219624,0.7474561,-1.2910676,-0.019641519,0.006796241
0.6155088,8.200624,-0.60476685,9.214682,0.77643275,-1.3193526,-0.023517907,-0.10559529
0.60775393,7.6750145,-0.58780646,9.163698,0.7998028,-1.3337291,-0.069401324,-0.18997574
0.60612905,7.461498,-0.68118787,9.409267,0.7412939,-1.3449314,0.18265748,-0.058406055
0.609011,8.144314,-0.671784,9.431732,0.7320657,-1.2986073,0.16643429,-0.09007794
0.6289165,8.380991,-0.70032096,9.525871,0.66778207,-1.2949915,0.09977257,-0.033489197
0.6179248,7.1864905,-0.6746022,9.407251,0.6617422,-1.2549369,-0.01825738,-0.024720311
0.5996542,6.9366717,-0.58994555,9.33041,0.62452173,-1.2385373,0.11365533,0.14169925
0.59721154,6.5467844,-0.6086228,9.39002,0.58560157,-1.2524261,0.19032228,0.036643267
0.5968391,7.9081507,-0.7345124,9.591094,0.57718754,-1.1430731,0.024750829,-0.4058113
0.5943968,7.4095173,-0.6092051,9.45068,0.58902955,-1.1567178,0.0037937164,-0.24437243
0.6204125,7.386147,-0.56688726,9.345364,0.58108354,-1.1656349,-0.002503574,-0.021617293
0.6173753,7.303265,-0.54927444,9.187196,0.59511733,-1.1861749,0.023894906,-0.04142946
0.617396,7.101168,-0.5801424,9.284275,0.592268,-1.1690011,0.17166281,0.16867697
0.6236024,7.199076,-0.47317934,9.202957,0.56337667,-1.1348673,0.10350704,-0.005980283
0.63144064,7.3976455,-0.4742782,9.212231,0.53819036,-1.1554947,0.15291703,0.101142645
0.6304056,7.4123135,-0.3900559,9.196327,0.5360973,-1.2031276,0.1876589,-0.22599646
0.6059581,6.466871,-0.45935154,9.186949,0.5211909,-1.1549917,0.4162507,0.20400214
0.6037936,6.6346526,-0.51130843,9.27755,0.50072956,-1.0964041,0.07142782,0.20195061
0.61243904,7.256338,-0.49954468,9.290504,0.50838804,-1.1033022,0.16085565,-0.008992732
0.6220337,7.6157284,-0.4723965,9.247293,0.5403588,-1.1304734,0.2072382,-0.04615307
0.56726074,6.621953,-0.4563926,9.204161,0.5523286,-1.1531861,0.124991775,0.025494576
0.59998447,6.92007,-0.48037887,9.181937,0.56974626,-1.1691844,0.11000025,0.054476023
0.6015986,6.72315,-0.5082445,9.17963,0.59238625,-1.1755403,0.18180823,-0.18876088
0.6411818,7.07286,-0.51077443,9.223509,0.57331014,-1.2150769,0.18438828,0.24253958
0.68618166,7.622252,-0.54151773,9.195484,0.49471068,-1.1722152,0.20039535,0.15014845
0.6942973,8.013411,-0.6125852,9.282782,0.49773455,-1.1634195,0.24768627,-0.009124339
0.7224462,7.6349664,-0.6499947,9.200853,0.529176,-1.1698027,0.21781933,0.1739307
0.7049837,7.677752,-0.65812385,9.171521,0.52081156,-1.1140318,0.058158398,0.19320095
0.68883616,7.463482,-0.53048056,9.211051,0.50078297,-1.1573501,0.09013605,-0.004742384
0.65291816,8.495655,-0.52818334,9.232927,0.601573,-1.1875067,0.16753912,0.05160421
0.681886,8.061413,-0.57508516,9.234714,0.60961366,-1.2089521,0.32585216,0.24879378
0.6354345,7.8339086,-0.5827018,9.434798,0.5312016,-1.2018423,0.2957946,0.12588817
0.6121863,6.646503,-0.5793294,9.427989,0.5354829,-1.1526253,0.2612269,0.19020844
0.60834503,6.944899,-0.6530249,9.418841,0.5285094,-1.0997382,0.34696734,0.2932452
0.6177761,6.9590197,-0.666271,9.363707,0.54292035,-1.0999464,0.4097011,0.3939529
0.6093372,6.8874574,-0.6165683,9.423011,0.53476,-1.1391892,0.32756126,-0.026168734
0.5996871,7.182398,-0.61876184,9.390173,0.5096662,-1.0975292,-0.06662178,-0.09749526
0.67389655,7.088735,-0.6920705,9.393298,0.477041,-1.166007,0.10673356,-0.10998231
0.63348037,7.5265293,-0.69851834,9.413169,0.5479226,-1.1529617,0.2726841,0.10548222
0.6481261,7.59492,-0.6834464,9.424117,0.55201983,-1.154041,0.07157016,0.14510936
0.65535504,7.3747544,-0.6911103,9.338985,0.5545299,-1.1677866,0.35522664,0.22213012
0.6605783,7.7254753,-0.6217843,9.354653,0.5585437,-1.1517115,0.22541249,-0.11834741
0.6137974,7.718133,-0.6785692,9.491123,0.56921744,-1.1569934,0.20109594,0.296314
0.62379605,7.8371944,-0.6253454,9.489804,0.5427673,-1.1331487,0.36671698,0.33768356
0.6241675,7.651456,-0.6033765,9.475484,0.49556708,-1.1430211,0.44729257,0.20659006
0.6268742,7.645337,-0.64441323,9.557404,0.48130178,-1.0834984,0.23093724,0.33433962
0.62764275,7.751297,-0.61624306,9.566922,0.46736598,-1.0687413,0.27751124,0.3194862
0.6314071,7.6425776,-0.6707957,9.514671,0.46769857,-1.0847967,0.2902665,0.17300808
0.67204255,8.071063,-0.7522456,9.556358,0.5098152,-1.1335001,0.28398812,0.3221377
0.6660185,8.270295,-0.7828522,9.605258,0.4999125,-1.100274,0.1305747,0.2795421
0.6677181,8.441061,-0.8580711,9.645955,0.5310683,-1.1388977,0.45170546,0.5277958
0.6573789,8.271017,-0.8692909,9.616691,0.5821409,-1.146712,0.49082744,0.24978048
0.6527503,8.300224,-0.87520146,9.675428,0.5959487,-1.2042451,-0.035315633,-0.29943913
0.6347493,8.090874,-0.87325776,9.657473,0.6420531,-1.1919847,0.0539819,0.04550308
0.6333828,7.984313,-0.8332,9.658497,0.6441984,-1.2435014,0.04704225,0.0142079
0.61926144,7.344483,-0.9321313,9.671694,0.63994193,-1.2314676,0.045221806,0.054332256
0.60403425,7.215776,-0.9296247,9.757408,0.6592939,-1.1963414,-0.046110988,-0.17558146
0.58120865,6.230898,-0.9218569,9.632866,0.6764276,-1.2114177,-0.1643579,-0.29234752
0.5833502,6.687121,-0.80637914,9.611961,0.6672487,-1.2699476,-0.15450227,-0.44369307
0.58396286,6.45264,-0.7742847,9.639341,0.68715477,-1.2708864,-0.041999042,-0.19167456
0.58809656,8.168908,-0.82201254,9.824198,0.7033944,-1.2924182,-0.06904453,-0.015548766
0.5989894,8.415372,-0.7323588,9.756572,0.6279912,-1.2604911,0.053452373,-0.053601623
1.6427416,9.269772,-0.7776805,8.233415,0.17982912,-0.6959655,0.01729393,0.011181653
1.971916,8.363975,-0.80212104,8.293272,0.17582893,-0.72569275,0.018172622,0.13706881
1.8336979,8.40028,-0.7321501,8.203714,0.16873932,-0.7460048,0.1339227,0.145024
1.650444,9.268332,-0.687023,8.266951,0.17121911,-0.7125416,0.01167953,0.0019068122
1.6195085,9.011446,-0.71600753,8.303801,0.19173336,-0.73447704,0.17026699,0.2868669
1.4607347,9.256132,-0.4178964,8.320198,0.13173556,-0.681196,0.24982655,0.058176756
1.463418,9.4704075,-0.6670344,8.538782,0.069768906,-0.68578935,-0.029856443,0.06762636
1.6433296,6.8190947,-0.6612983,8.303454,0.09373617,-0.6687298,-0.0026999116,-0.37205827
1.6463394,7.7309675,-0.65784675,8.160393,0.10204911,-0.6918564,-0.054261267,-0.47768137
1.7441752,8.688671,-0.34502232,7.9048557,0.17837167,-0.6930938,0.0723691,-0.47165078
2.2189636,9.580858,-0.30540448,7.849858,0.16897917,-0.7501464,0.079369426,-0.17551497
2.2002988,9.81703,-0.20700324,7.867417,0.15406513,-0.78912926,0.16127896,0.06415415
2.288556,9.439541,-0.28874916,7.9092627,0.18322492,-0.79308295,0.25428462,0.17172605
1.9635618,8.1049385,-0.28356922,7.8998575,0.17633033,-0.77537394,0.22101986,0.21090007
2.4110265,8.292149,-0.47158253,7.9026346,0.1337471,-0.7293682,0.2376275,0.012118876
2.1811736,9.964548,-0.48911595,8.05438,0.13059545,-0.73138857,0.19959211,0.24593449
1.7750996,9.073502,-0.3639325,8.048465,0.13716269,-0.7348654,0.21991837,0.09787452
1.9591508,9.110691,-0.26512527,7.948178,0.14198041,-0.7365546,0.26325893,0.18443286
1.9029204,8.954107,-0.18866801,7.955289,0.14843011,-0.7646694,0.26007342,0.0980733
2.347865,9.446983,-0.29465795,7.9198184,0.13115883,-0.7297356,0.26970327,0.13629305
2.4158788,8.457287,-0.29870856,7.7735047,0.18136024,-0.712471,0.31296504,0.35415208
2.246984,9.233259,-0.38002145,7.8571353,0.22152805,-0.85055566,0.30941844,0.2266174
2.4039798,9.28176,-0.37281674,7.882359,0.23503351,-0.8038366,0.121970415,0.26364976
2.4350655,9.211504,-0.31812662,7.8729033,0.1912148,-0.7661364,0.1293037,0.29619765
2.4026456,9.030212,-0.3145581,7.866522,0.17915154,-0.77091527,0.10525715,0.07306999
1.711887,6.1561117,-0.26589322,7.972624,0.15618229,-0.7686548,0.20969188,0.05425155
1.5674286,6.2983065,-0.17100656,7.975839,0.13344765,-0.7561438,0.23553026,0.27193594
1.5550992,7.8336377,-0.2560215,7.986802,0.19421434,-0.7565496,0.27874553,0.1984359
1.5448025,8.168879,-0.3097539,8.038443,0.18319726,-0.7560086,0.26211715,0.17029136
1.4662293,7.316385,-0.3070122,8.048011,0.19029427,-0.759804,0.21883202,0.1548037
1.4620695,6.181053,-0.24191856,8.031485,0.1440022,-0.7560191,0.22226858,0.10740036
1.4317693,7.3795485,-0.22362185,7.997326,0.17093444,-0.72725034,0.25643075,0.16657573
1.6145111,8.148824,-0.28354585,8.076096,0.1295371,-0.7292483,0.13613689,0.01836449
1.6686739,7.19972,-0.33989286,8.068101,0.094922304,-0.7015078,0.17594779,-0.042426497
1.6972847,7.218712,-0.46485424,8.053383,0.07384944,-0.6974864,0.27791798,-0.07530412
1.6752237,6.6775208,-0.28805637,7.9972034,0.1270802,-0.7148602,0.07969105,-0.03684789
2.579232,7.2866154,-0.29583454,7.9228196,0.10191083,-0.7125392,0.19531262,-0.14700264
2.6923702,7.7183304,-0.3460346,7.970178,0.046458244,-0.7088504,0.11471009,-0.13414788
2.4627275,7.8344064,-0.39328152,7.977003,0.06665754,-0.683825,0.11437094,-0.21315208
2.2636833,6.1986895,-0.32915157,7.926857,0.087759495,-0.65447545,-0.08627349,-0.2727312
2.2985387,6.8935456,-0.3009764,7.8820415,0.10402155,-0.7134774,-0.0056381226,-0.0024932325
2.0575986,8.621897,-0.4952321,7.9418855,0.15241623,-0.70427346,0.13600874,0.18500859
1.9038551,7.0146465,-0.40004015,8.07312,0.11421442,-0.7106185,0.17983174,0.197716
2.386877,9.840074,-0.44036752,8.119167,0.07438135,-0.69804573,0.10509372,-0.009932756
2.3520856,9.6236,-0.44955152,8.069595,0.053226948,-0.64853954,0.15312016,-0.16291866
2.1053793,9.108467,-0.4357049,8.064463,0.07628894,-0.6924641,0.0935328,-0.27331546
2.019907,9.714993,-0.35639662,8.05892,0.07418084,-0.72844815,0.14621818,-0.38733256
1.9019436,7.287017,-0.32441843,8.084461,-0.0054513216,-0.6856971,0.1974175,-0.0024194121
1.7261709,5.9901323,-0.53315556,8.187031,0.0002374649,-0.62268186,0.05322528,-0.13032812
1.599626,5.8829823,-0.41671956,8.164139,0.018625975,-0.62698317,0.0336411,-0.2647288
1.6438525,7.311106,-0.31453478,8.142801,-0.00017213821,-0.6340363,0.22253954,-0.20568776
1.6138322,6.2742925,-0.2967955,8.132142,0.0042746067,-0.6032257,0.10654163,0.02281642
1.6494817,7.4925013,-0.41552114,8.125216,0.015510559,-0.5628855,0.489622,-0.04905379
1.8343668,7.1092715,-0.4660974,8.139729,0.004938841,-0.6427016,0.28545642,-0.06277552
1.847586,7.7034645,-0.51766574,8.149338,0.04303789,-0.62730765,0.18955934,0.17613125
1.8792211,7.9954515,-0.417611,8.10367,0.038077354,-0.64335823,0.11359489,0.06306535
1.8094926,8.512749,-0.4683063,8.117397,0.055099964,-0.6385443,0.24037635,-0.12842244
1.7840325,7.1483583,-0.5435576,8.131793,-0.0005453825,-0.55549645,0.31406426,0.52158356
1.8275964,6.2107444,-0.5440657,8.047804,0.0047905445,-0.5694432,2.2054033,0.61347127
1.8328129,6.442487,-0.63426,8.087814,0.012205601,-0.5602002,1.3024511,0.5401716
1.8478031,4.6337423,-0.610668,8.122053,-0.018889785,-0.52808905,0.13179731,0.46925503
2.3315332,9.239059,-0.5153868,8.051769,0.013036013,-0.56939197,0.6600882,0.40502334
2.1820176,8.466467,-0.55305594,8.111218,-0.0021437407,-0.54291415,0.63988996,0.43358773
2.2608876,7.934754,-0.67463976,8.201384,-0.05771935,-0.5086179,0.44283426,0.4681356
2.003741,7.8083854,-0.9398512,8.253315,-0.07751298,-0.49528432,0.5801908,0.2594598
2.3654017,7.739878,-0.86227524,8.19827,-0.08287251,-0.46296978,0.12552035,0.20137757
2.6172829,7.658587,-0.88353217,8.237806,-0.12508953,-0.431942,0.18696654,0.14272702
2.2866218,7.420823,-0.76948756,8.20152,-0.1277597,-0.46470404,0.3956728,0.4389224
2.3420348,7.637014,-0.50598496,8.262574,-0.12770164,-0.5268743,0.051171184,-0.009486258
2.2505817,6.310309,-0.7177503,8.150959,-0.0708189,-0.49783683,0.1510582,0.023178577
2.5982842,6.4184275,-0.7600638,8.115348,-0.057771087,-0.49368978,0.069772124,0.13470066
2.6161213,7.7035794,-0.79488075,8.102612,-0.068980336,-0.49184775,0.16001499,0.17498142
2.1908197,8.000468,-0.49910688,8.133411,-0.09452903,-0.48490858,0.16660523,0.15624094
2.1296349,6.4719806,-0.5311687,8.176701,-0.1393323,-0.49343204,0.080005884,-0.11447689
1.9430478,6.752941,-0.5480138,8.134357,-0.07017183,-0.49940825,-0.007662952,-0.273439
1.8026946,5.426603,-0.23584169,8.122705,-0.056307435,-0.5623946,0.046681046,-0.31432688
2.0837178,4.45367,-0.47087574,8.090829,-0.056616545,-0.6062331,0.018262744,-0.23345983
1.4796834,4.6667256,-0.45551848,8.185597,-0.022147655,-0.5524733,0.24196148,-0.010486215
1.2425809,3.0760894,-0.36777502,8.18248,-0.06018758,-0.530535,0.2269789,-0.019498348
1.2729487,3.8326283,-0.553855,8.215717,-0.024124742,-0.5333743,0.007351756,-0.052351564
1.325632,4.710888,-0.50940025,8.294876,-0.039143205,-0.5526688,0.13674176,0.27055335
1.2843502,4.6414456,-0.69200194,8.330073,-0.038793445,-0.5348444,0.24624217,0.27207798
1.2246304,4.529852,-0.63915265,8.381065,-0.036384225,-0.54858875,0.22270274,0.28620106
1.270026,5.4181023,-0.6506048,8.399908,-0.007938743,-0.57914877,0.27362347,0.29553485
1.2525077,5.1921062,-0.6029537,8.528194,-0.07575357,-0.5036769,0.30748773,0.365283
1.2549264,5.1301126,-0.691788,8.543585,-0.06395817,-0.52351594,0.2754811,0.22394246
1.2817233,4.552973,-0.6290717,8.443971,-0.06704843,-0.5223973,0.13500297,-0.16003957
1.3206304,5.804487,-0.56379867,8.461334,-0.052290797,-0.5525918,0.27164972,-0.028009534
1.351521,5.881695,-0.80832225,8.458862,-0.043385506,-0.4732442,0.32488382,0.4573673
1.3909647,6.0774126,-0.7201125,8.465455,-0.07579434,-0.45539856,0.45427465,0.5162034
1.384115,5.745695,-0.5040622,8.437142,-0.10027933,-0.5272167,0.45966375,0.5038097
1.4459795,5.6542654,-0.5811944,8.460093,-0.13241613,-0.47375512,0.59315157,0.5076902
1.3220601,5.211051,-0.6140696,8.391262,-0.10411,-0.479923,2.9467723,0.5220336
1.2877071,5.189264,-0.5790794,8.387207,-0.09904361,-0.47959805,2.9167042,0.51053166
1.3016565,4.3236113,-0.6142654,8.343992,-0.099270344,-0.48657966,0.8636941,0.42709625
1.2885298,4.0809813,-0.41971177,8.306648,-0.12687516,-0.4540336,0.25131595,0.6303803
1.1538912,3.8403587,-0.13598287,8.346001,-0.15996206,-0.52981615,-0.016958594,-0.30580541
1.0241351,3.3103175,-0.19996965,8.367846,-0.22970021,-0.47291756,0.09354949,-0.2815684
0.9447815,3.205255,-0.23646796,8.472599,-0.24929571,-0.3681147,0.055674076,-0.019772112
0.9318932,3.01291,-0.47109556,8.399979,-0.2541163,-0.33204627,0.14405525,-0.17928234
1.0062957,3.0379653,-0.36279148,8.430005,-0.26704097,-0.31481624,0.14688587,0.15101814
0.9422288,2.5692668,-0.36842585,8.37632,-0.27866638,-0.31415248,0.10554361,-0.0557729
0.96996427,2.4814374,-0.4903158,8.375245,-0.25220728,-0.3240993,-0.032885075,-0.10571
1.0199276,2.515261,-0.57860255,8.287877,-0.23777139,-0.3893602,-0.035206795,-0.14035472
1.3045689,3.0034084,-0.70879734,8.314747,-0.23264432,-0.3690343,0.09487438,-0.0029469132
1.5077708,3.3398976,-0.8237127,8.326357,-0.23732376,-0.3435321,0.17928207,-0.028744876
1.2865846,3.5695758,-0.6944784,8.290797,-0.21206057,-0.34192467,0.02696681,-0.06617379
1.3732533,3.5873954,-0.50190705,8.294298,-0.19851863,-0.38259864,0.24840522,0.10590792
1.1879277,3.5938349,-0.55896145,8.477015,-0.23268175,-0.44508362,0.2555052,0.12799138
0.97583675,3.2623434,-0.4381125,8.430251,-0.16345751,-0.417171,0.36077344,0.37222862
0.96450615,4.0018644,-0.5148807,8.51313,-0.13751066,-0.41935468,0.24923241,0.05938697
0.96114117,3.876074,-0.7927991,8.764905,-0.18565893,-0.46730614,0.17052662,-0.05383429
0.98754394,3.9108496,-0.896472,8.828246,-0.16061115,-0.4443369,0.1810627,0.10090333
0.97714233,4.116831,-0.9434271,8.871549,-0.16014361,-0.44985676,0.14162648,0.11160171
1.0018797,4.0371017,-0.8026274,8.709808,-0.14893627,-0.44091463,0.18548882,0.09803647
0.99908066,4.0543437,-0.8524729,8.752791,-0.15739799,-0.42953444,0.22666728,-0.0002079606
1.0092704,4.063337,-0.88661397,8.732271,-0.16539752,-0.43124413,0.3643955,0.2578473
0.96352005,3.646731,-0.9519705,8.870581,-0.17535448,-0.42947483,0.24758077,0.4548819
0.9489988,3.386609,-0.62540245,8.695694,-0.16046154,-0.4324851,0.23859072,0.31809616
0.92430705,3.6234856,-0.58522165,8.766052,-0.21272182,-0.42007613,2.2840614,0.54558086
0.8976019,3.8803291,-0.56528443,8.789626,-0.19587767,-0.3976369,0.97645366,0.4929633
0.94305015,4.0455885,-0.62626797,8.773452,-0.23067117,-0.40917706,0.40613914,0.014046192
0.9267752,3.8636274,-0.6121129,8.725462,-0.22298932,-0.40259767,0.56941736,0.29323232
1.0726255,3.7910142,-0.95231974,8.70428,-0.21609128,-0.41374254,0.40954816,0.46628606
1.1512487,4.160167,-0.97125053,8.571707,-0.17574906,-0.38901043,0.5460056,0.40610075
1.2393167,4.0889034,-0.97312295,8.588842,-0.22310412,-0.3777244,0.37911034,0.38753164
1.0786583,3.6476588,-0.9645413,8.617861,-0.20049894,-0.39995718,0.1475668,0.13655126
1.2085917,3.67847,-0.962033,8.614781,-0.19666493,-0.39804912,0.028378725,0.021861076
1.2243803,4.072437,-0.99304414,8.561537,-0.19023073,-0.38842964,0.20364869,0.38040555
1.0870091,4.556862,-0.99874765,8.654596,-0.11125374,-0.39950776,0.7821593,0.44676346
1.1792848,4.182594,-0.99938846,8.662201,-0.1107496,-0.4795978,0.6492995,0.43300796
1.1753671,4.382822,-0.9993498,8.649918,-0.11375415,-0.43759942,0.2558477,0.18669504
1.2531862,4.3658514,-0.9990524,8.65864,-0.15779209,-0.3853724,0.12812841,0.28313756
1.6602957,6.363272,-0.9962868,8.44851,-0.15519035,-0.38553095,0.24250162,0.21625268
1.5841187,3.8423944,-0.96019834,8.477832,-0.1542896,-0.4189682,0.2001096,0.21763694
1.4328287,3.863511,-0.9035908,8.36743,-0.17145324,-0.39865446,0.17407227,0.20167315
1.3600239,3.8093076,-0.93324745,8.391439,-0.21495616,-0.3733859,0.16015792,0.07839149
1.4199141,3.726448,-0.6790681,8.310849,-0.18422365,-0.4056883,0.24097502,0.15827227
1.5044755,4.114693,-0.7953091,8.381496,-0.1603924,-0.42186546,0.20138705,0.12871754
1.5475792,4.5616503,-0.96569526,8.35976,-0.12638438,-0.39702106,0.1695857,0.3781265
1.5660292,4.328489,-0.8714077,8.289389,-0.10865986,-0.4266491,0.40110302,0.3075601
1.5984749,4.3500113,-0.80714744,8.263348,-0.11511099,-0.4427879,0.27662253,0.257393
1.515553,4.209424,-0.8569239,8.336556,-0.14632952,-0.4427426,0.24007702,0.2495879
1.6137817,4.9074945,-0.8144516,8.275025,-0.15035295,-0.38419724,0.09519851,0.029568434
1.4705026,4.2716613,-0.6465993,8.257188,-0.14598024,-0.37437177,0.26863134,0.017603636
1.4090998,3.5912633,-0.79073143,8.28533,-0.123083115,-0.41456008,0.14558458,0.34196347
1.4446173,4.0416307,-0.5641911,8.242289,-0.15633452,-0.41268778,0.08570254,0.29900843
1.6422772,4.845152,-0.5681189,8.215133,-0.13700831,-0.5008216,0.20303464,0.059432983
1.5971379,4.1528463,-0.4128607,8.214447,-0.15779161,-0.44550753,0.15065181,0.038239717
1.5706673,4.859947,-0.51190823,8.255774,-0.14071822,-0.48745203,0.19619834,-0.28325543
1.6279192,5.072158,-0.5048004,8.219987,-0.12702024,-0.46743107,0.04243934,-0.25161693
1.6720757,5.0828123,-0.83784306,8.35948,-0.13846028,-0.45732236,0.13957047,0.20346278
1.7431041,5.5466995,-0.8661826,8.329218,-0.14079762,-0.4494121,0.11768174,-0.14218646
1.8601723,5.254054,-0.8500707,8.298824,-0.124608755,-0.46338487,0.07168329,-0.16866246
1.886206,6.205489,-0.7807577,8.377209,-0.14981079,-0.412786,0.074442506,-0.23139673
2.3737988,5.8939114,-0.9460706,8.247503,-0.15209341,-0.3895893,0.038707256,0.01018703
2.3429775,5.8903046,-0.7831743,8.229455,-0.14001715,-0.41096354,0.15834951,0.25729907
2.6455119,6.328282,-0.964736,8.203224,-0.18037558,-0.37260723,0.00501287,-0.030666769
2.4628325,6.2339063,-0.85064137,8.178345,-0.18220282,-0.35087824,0.0067572594,0.0227077
2.7100492,4.7730784,-0.92121094,8.12426,-0.23093891,-0.30369234,0.19746602,0.039592624
2.904516,6.0687647,-0.7667656,8.131809,-0.20968378,-0.3346572,0.20875192,0.037058473
2.9550476,5.910787,-0.62838733,8.119528,-0.2050817,-0.39409137,0.2376591,0.16966361
2.9808457,6.4289355,-0.70582855,8.132069,-0.20802593,-0.37266374,0.16158772,0.16275406
2.9380846,5.6544156,-0.7729572,8.022166,-0.20557928,-0.32468748,0.1115545,-0.18280795
2.808563,5.8724365,-0.47814476,8.048433,-0.23709333,-0.32313156,0.15551317,-0.15832588
2.267826,5.843728,-0.44310558,8.006575,-0.16354012,-0.3816905,0.15148234,0.051468194
1.9194064,5.294121,-0.39803082,8.038626,-0.15370893,-0.4308648,0.16389751,0.06914961
2.4807463,5.8069067,-0.3799703,8.193649,-0.194062,-0.42582774,0.17936718,0.09185672
2.3663754,3.9327092,-0.5884944,8.129971,-0.18685687,-0.44408417,0.33688772,0.14573014
2.1218972,5.736497,-0.5480933,8.202396,-0.20640385,-0.41555238,0.41856647,0.1528601
2.0269299,4.9282875,-0.66110027,8.167952,-0.1991067,-0.39126015,0.21402085,0.20883685
2.1547174,4.8025885,-0.55228573,8.115445,-0.21593904,-0.41404748,0.36344373,0.07695091
2.5755067,4.8005304,-0.5509855,8.120506,-0.18152714,-0.4260466,0.354594,0.21175939
2.715364,5.062196,-0.9996436,8.1645565,-0.17324793,-0.3718121,0.32877088,0.47174305
2.781888,6.376142,-0.9998399,8.158484,-0.19079864,-0.33247566,0.38419962,0.50435805
2.8671184,6.577843,-0.9981679,8.150734,-0.16865933,-0.3427441,0.20330417,0.35583103
2.945269,6.3715334,-0.86858964,8.053464,-0.14799118,-0.37998724,0.17361033,0.13939106
2.7311485,6.4900374,-0.9497049,8.119725,-0.17673516,-0.37713075,0.2485286,0.31660622
2.8324294,5.457854,-0.913238,8.028595,-0.17329764,-0.37502098,0.25794947,0.2005511
2.8897073,5.2533207,-0.89284885,8.019151,-0.13617885,-0.39093637,0.2307086,0.15148962
2.3303177,4.816951,-0.88934916,8.243021,-0.20791507,-0.41243553,0.14460814,0.14322561
2.6725342,5.159877,-0.8922589,8.22962,-0.22263181,-0.38059473,0.06750238,-0.046046406
2.9157133,5.5198464,-0.97681755,8.207154,-0.2425971,-0.37014246,0.2235601,0.013383985
2.5496657,6.9000716,-0.9680816,8.382902,-0.24772346,-0.35382318,0.2048527,0.12990296
2.5249224,5.8216,-0.9419738,8.341296,-0.29864883,-0.33271933,0.3771385,-0.2519582
2.8714914,4.929326,-0.8264314,8.307182,-0.29032493,-0.30553675,0.12970078,0.05202377
2.9512064,6.182269,-0.83532286,8.30585,-0.30541933,-0.32942915,0.14138937,0.20153683
2.9399366,7.57264,-0.88816476,8.310109,-0.27843773,-0.32317996,1.0296705,0.35305882
2.861781,7.1619287,-0.9906433,8.298503,-0.23594522,-0.3348527,0.5156696,0.08152139
2.8668225,6.9480224,-0.9830437,8.305901,-0.24412286,-0.33003187,0.58422804,0.37892538
2.3621175,6.4411163,-0.95525503,8.363775,-0.26949525,-0.31811953,0.36784208,0.43133342
2.370562,4.95172,-0.95732087,8.363618,-0.26312637,-0.32721567,0.32531774,0.3850913
1.9242338,4.793478,-0.94037503,8.414408,-0.27864003,-0.32321024,0.31959736,0.37840486
2.169444,4.8023853,-0.9394565,8.366926,-0.28331625,-0.32765603,0.39592552,0.31495255
2.660943,4.961816,-0.6952373,8.262379,-0.30879235,-0.29599333,0.11782122,0.1388551
1.909586,4.6495705,-0.8834551,8.358453,-0.29346943,-0.30764174,0.060775995,-0.2099517
2.1788204,4.7105985,-0.66145897,8.263628,-0.29598856,-0.3177886,0.353984,0.5050169
1.944639,4.1656466,-0.68412745,8.270885,-0.26893795,-0.32003593,0.26885664,0.3514707
1.9291655,4.116614,-0.8384972,8.302393,-0.29427755,-0.28320408,0.110559344,-0.08628392
1.8819258,4.474842,-0.80738884,8.326305,-0.28733206,-0.31922817,0.3569193,0.10694575
2.4622374,6.3509903,0.88750446,6.0691414,1.1106782,-1.6708122,0.3833872,0.23964518
2.4003413,8.8102455,0.91377795,6.044416,1.1257937,-1.7022204,0.39464068,0.21065855
2.2349763,8.699051,0.9076004,6.0766373,1.0913818,-1.7021801,0.20863569,0.14438236
2.0803194,5.6418724,0.85116315,6.17754,1.0714223,-1.643861,0.13881099,0.1539951
2.392849,9.892773,0.83701587,6.1717925,1.0240762,-1.6302669,0.34387422,0.27771705
1.946815,9.242552,0.8712139,6.16669,1.0508137,-1.6521001,0.3091482,0.20689237
2.4703739,6.755632,0.86236,6.128771,1.0694358,-1.651125,0.3106042,0.22147495
2.3578203,2.3574207,0.8533857,6.1900225,1.0630507,-1.6496317,0.34424245,0.14854485
1.5385715,8.159429,0.9058337,6.059683,1.0789306,-1.6209975,0.09460628,0.13150132
1.5036614,4.9671106,0.8534248,6.136485,1.0822446,-1.6208173,0.10839808,0.08873713
2.1478624,4.71063,0.9292704,6.112729,1.0711,-1.6513098,0.16097784,0.04196441
1.8411393,8.279984,0.83208644,6.183157,1.0850999,-1.6551192,0.09589183,0.05572647
1.9973425,4.575101,0.82426405,6.150343,1.0888033,-1.7066034,0.1897322,-0.056222975
1.5654057,9.03204,0.8694886,6.186779,1.0668104,-1.6648697,0.1146065,-0.122391194
1.8113743,4.81172,0.8095031,6.2865095,1.07355,-1.6873806,0.004508376,-0.11094898
1.4422009,7.64039,0.7757361,6.34739,1.102869,-1.7281364,0.24389279,0.17988354
2.538785,6.3686867,0.7496439,6.4364786,1.0948014,-1.7336344,0.16615021,0.1355735
1.646598,7.6697316,0.70970607,6.409917,1.0822046,-1.7206538,0.42558146,0.15811408
2.1908884,7.309016,0.7114291,6.4116735,1.123946,-1.7468026,0.3163904,0.092675686
2.6768508,4.341324,0.70328593,6.3833795,1.1252973,-1.7222228,0.29435503,0.39386034
1.4885345,3.6240067,0.7037091,6.366577,1.1277754,-1.6645453,0.42278624,0.47173154
2.1209378,4.6955233,0.6557529,6.4259615,1.1840751,-1.7649965,0.6871178,0.45203847
2.2737048,6.823066,0.63305044,6.4250107,1.1939089,-1.7567459,0.67348456,0.4752754
1.3654723,7.7616525,0.6904057,6.3716316,1.1760275,-1.7737889,0.7483672,0.4942187
1.271554,8.451546,0.6359501,6.4805512,1.1927266,-1.7733345,0.8455918,0.501559
2.5228033,9.8634,0.6191176,6.474253,1.227468,-1.8204609,0.64271057,0.5148535
2.3593457,7.165486,0.5837232,6.415255,1.2513046,-1.8177748,0.2804551,0.45362628
2.5742934,2.7700763,0.5839901,6.476719,1.2324934,-1.817923,0.22120965,-0.16915783
1.1519008,4.879495,0.5635519,6.5403166,1.2239127,-1.822284,0.17185342,0.037724257
2.6945937,6.500819,0.5152414,6.5947475,1.1873245,-1.7980704,0.04615581,0.12732351
0.8936777,5.087943,0.46702302,6.7386675,1.1855919,-1.7729701,0.08953726,-0.05592996
1.5859188,9.165166,0.44740677,6.872359,1.1217465,-1.732551,0.14958572,0.090526044
1.8927064,9.079532,0.43650258,6.854592,1.0781064,-1.6914685,0.15620613,0.20641702
1.6034745,6.1456027,0.44635415,6.977725,1.0870371,-1.6949598,0.06205654,-0.16149601
1.6408405,9.444063,0.40424109,6.861781,1.0716667,-1.6608391,-0.05839777,-0.3503101
1.7461262,9.123482,0.37617433,6.831375,1.0610538,-1.6499401,-0.03545147,-0.42357096
2.5817413,2.0122714,0.3783598,6.7976165,1.0859749,-1.6067452,0.19501054,-0.00059759617
2.259602,2.0785205,0.4144777,6.802917,1.0105541,-1.608696,0.00933373,-0.445923
1.5763441,9.921776,0.52035475,6.810006,0.96617794,-1.5903549,-0.008904815,-0.33683795
1.2807255,2.4463813,0.44198585,6.814,0.95956254,-1.4992888,0.04419732,-0.3177021
2.469062,2.9479432,0.44028962,6.800125,0.94155073,-1.5128672,-0.09693837,-0.40797383
2.1564445,9.859209,0.49503374,6.818797,0.9133837,-1.5300714,0.063206315,-0.16075295
1.6655729,9.526691,0.5134032,6.8714566,0.87892795,-1.5140412,0.06759405,-0.22238156
1.5710691,8.670846,0.4510498,6.8862205,0.8897073,-1.4943476,0.011264801,-0.46387666
1.4056137,6.8373156,0.4981798,6.825995,0.87557983,-1.4327164,0.01884818,-0.42052937
1.340649,8.590661,0.50986814,6.937148,0.8835759,-1.4613857,0.2838868,0.078389585
1.7454109,9.794554,0.48970175,6.903997,0.83197856,-1.4618747,0.0503999,0.04910779
1.7694079,9.79359,0.5297849,6.797676,0.856055,-1.422875,0.04011321,-0.41223368
1.4261887,8.99344,0.5076028,6.8194666,0.81997895,-1.3938353,0.072502494,-0.48688677
2.8875785,9.552345,0.54762363,6.867917,0.7908218,-1.3806005,0.05330217,0.32808
1.539681,4.334272,0.60883856,6.8273764,0.79840493,-1.3789269,0.34107673,0.23640954
1.5876597,3.5798655,0.5160818,6.821067,0.84165215,-1.4244125,0.34777474,0.21449977
1.6241553,7.289252,0.5926833,6.6765966,0.8402257,-1.4293681,0.43903613,0.20385736
1.5886847,9.840841,0.6940229,6.686432,0.82458854,-1.4138389,0.39668489,0.3836962
1.5700465,9.875534,0.6649718,6.731361,0.82818174,-1.4282751,0.6586288,0.42742598
1.2201976,4.6212378,0.661633,6.745395,0.8187671,-1.3842535,0.5958488,0.44236463
1.623687,7.2380404,0.67539644,6.7070293,0.78260684,-1.3722785,0.59082115,0.25351012
1.9032528,6.995361,0.61574376,6.702733,0.77383447,-1.3372519,0.49087107,0.45382482
1.7996542,5.6729155,0.67689776,6.6276703,0.77373457,-1.3165402,0.451887,0.37431127
1.4946785,3.9025002,0.56232274,6.6230574,0.82534933,-1.3424599,0.34641337,0.4101144
1.711214,3.8622005,0.6863495,6.5593905,0.87450147,-1.4372592,0.14063537,0.13304764
2.829515,9.644335,0.7149899,6.525477,0.8609872,-1.4374621,0.1910721,0.24067044
1.8001746,6.7205544,0.63685966,6.565501,0.8626895,-1.4402924,0.18196845,0.123790205
1.5330595,5.66467,0.69723487,6.680005,0.87734866,-1.5137475,0.2851194,0.01866144
1.0136472,9.253817,0.6828549,6.8036633,0.86584044,-1.5361749,0.25686383,-0.10751611
1.1384512,8.892275,0.6908505,6.8160505,0.86855507,-1.5265018,0.12534654,0.0022901297
1.0754244,5.5274696,0.6560857,6.863021,0.8815608,-1.5600836,0.2665367,0.02261287
1.8504981,9.1057005,0.62864876,6.740922,0.8773389,-1.5518001,0.372061,0.35587668
2.3735867,9.55781,0.6628418,6.745072,0.8879628,-1.5255219,0.458084,0.4157976
1.0284111,6.7623863,0.63878894,6.7434483,0.954895,-1.5514811,0.08204329,0.15219533
1.6219403,5.17927,0.5630443,6.719944,0.95070934,-1.5662625,0.022572756,-0.3736861
1.5472261,6.8899097,0.6397543,6.594844,0.9812968,-1.5352066,-0.0049414635,-0.2906474
2.8442366,9.658659,0.7601452,6.4810333,0.94941735,-1.5882337,0.10504961,-0.24781623
1.3431745,3.8978047,0.7083082,6.4399137,0.9775455,-1.538904,0.068832755,-0.28164572
2.2327187,2.5120234,0.75950694,6.295115,0.9738426,-1.5609645,0.008427978,-0.25540945
2.545611,3.6438854,0.65674925,6.4335103,0.9744828,-1.5325465,-0.0099051,-0.18432462
1.1985359,7.7085476,0.78440905,6.4452486,0.9670367,-1.5657765,0.21635294,-0.22311616
1.2572786,6.4486127,0.7926743,6.391075,0.965698,-1.5606482,0.013360858,-0.36348432
2.9064338,7.899837,0.8314023,6.387747,0.92993855,-1.6209071,-0.057343185,-0.4813881
2.8763154,5.424475,0.7504344,6.4592834,0.93487287,-1.5670711,-0.041416645,-0.17420709
2.112603,6.8547635,0.7217231,6.4256325,0.9601762,-1.5264329,0.22519541,0.0345245
2.16213,4.559207,0.74308753,6.4961767,0.8964894,-1.523734,0.063373804,-0.19612008
2.462063,5.1335955,0.7802887,6.545576,0.8452549,-1.4797378,0.14289033,-0.28723618
2.5990117,9.56573,0.7644011,6.527172,0.8412044,-1.3951478,0.29497504,0.18922746
2.6043649,6.305717,0.6954286,6.567511,0.7789376,-1.3543686,-0.034427285,-0.013516605
2.3902655,7.9071074,0.7272757,6.6132145,0.8220897,-1.4318737,0.11113119,-0.021732688
2.840353,7.015786,0.69236994,6.6131945,0.8010881,-1.4234142,0.21944809,0.15490913
1.8160064,8.821358,0.6383108,6.651884,0.8360214,-1.4050312,0.13931143,0.08637369
2.7465534,6.9263253,0.6525723,6.64394,0.8300071,-1.3998091,0.08180356,0.013078511
2.7262347,8.555903,0.6742774,6.7017264,0.7693491,-1.3877618,0.1215086,-0.09525815
2.3144126,7.3349047,0.80260086,6.525572,0.7337029,-1.3907499,0.18006682,0.09028101
1.8933628,5.1215363,0.7850933,6.479291,0.80297875,-1.3981073,0.28811502,-0.06042117
2.9307106,9.253908,0.88711536,6.439397,0.7582383,-1.390549,0.24607313,0.060484946
2.9318945,8.425146,0.89026356,6.479715,0.75444126,-1.3959539,0.34856212,0.17989773
2.8976002,8.145977,0.8579056,6.53771,0.7319763,-1.3701993,0.40498924,0.22625357
2.6045215,5.8521576,0.858799,6.591634,0.7163944,-1.361203,0.30207288,0.27586114
1.5533568,2.8787875,0.83909035,6.5980387,0.7259929,-1.3270314,0.37537563,0.30731022
1.531972,3.8812804,0.8335333,6.5851855,0.70119,-1.3065763,0.3378489,0.13963908
1.6889099,6.947286,0.8368125,6.5091558,0.7474451,-1.3739433,0.33512902,0.33838362
2.9260082,8.33941,0.8504329,6.5441885,0.7249048,-1.3392165,0.38893402,0.32990193
2.7159925,9.451853,0.84371114,6.523482,0.71847916,-1.33372,0.36411273,0.26265132
2.4958942,6.0960965,0.84870887,6.483518,0.7110717,-1.3209583,0.3523637,0.26628745
1.916676,6.005753,0.8697653,6.474578,0.7141135,-1.2748543,0.22485495,-0.004233718
2.3956256,9.447643,0.8928002,6.451453,0.7364075,-1.3446147,0.17641866,-0.057641774
2.317419,8.166355,0.8656132,6.421578,0.70773935,-1.287673,0.23468995,0.19210511
2.3587253,7.817319,0.9366003,6.4897842,0.6813228,-1.3029604,0.24563527,-0.0064131916
2.6523228,8.391563,0.91025066,6.49667,0.69832516,-1.2907695,0.17359221,0.14555019
2.7906735,9.763586,0.8763635,6.4900923,0.6988058,-1.2968402,0.19773734,0.009612381
1.8744831,7.544496,0.9666052,6.4885354,0.67322516,-1.3262998,0.23755014,-0.010461092
2.202311,4.858943,0.8432622,6.47574,0.71287775,-1.305965,0.14418554,-0.11709526
2.0813072,3.951283,0.84719515,6.4814377,0.70193315,-1.3068148,0.06901598,-0.29331177
2.561982,5.7115355,0.8488469,6.4786167,0.71878743,-1.2670523,0.13466609,0.38132185
2.8440077,9.728033,0.80025005,6.4899173,0.7086587,-1.2577202,0.77048266,0.33610666
2.4602022,9.572584,0.8137015,6.512892,0.68948746,-1.2452049,0.05791235,0.34584653
2.4838495,3.3910224,0.80758405,6.5284724,0.70882916,-1.3100522,0.7765182,0.39005387
2.546946,9.569036,0.8695314,6.5423775,0.75542283,-1.3852004,0.6404084,0.41648757
1.9816918,9.828287,0.83474827,6.492412,0.7540822,-1.3582304,0.47181213,0.39650524
2.118174,2.8052998,0.78129184,6.5110655,0.77435565,-1.3451664,0.270604,0.20082891
2.6120434,9.747211,0.7493936,6.5821524,0.7389326,-1.3120704,0.22755134,0.20497495
2.6191149,2.9980173,0.72427416,6.5482593,0.8047552,-1.3679197,0.24057114,0.27129626
1.8467152,5.907737,0.7492809,6.5250316,0.8099754,-1.361891,0.22169459,0.084195495
1.5794647,3.8601322,0.7397976,6.602398,0.76369,-1.3642852,0.2004546,0.2175985
2.6090581,7.8034883,0.7212007,6.6457043,0.7424307,-1.3717694,-0.07480824,-0.31704164
1.2630258,3.9655547,0.7327461,6.679523,0.7381923,-1.3552344,0.05547774,0.037060797
2.220573,6.8670793,0.7336923,6.6385746,0.7079432,-1.3543625,-0.005060911,-0.49036357
2.2257683,9.202499,0.7404014,6.709799,0.67688394,-1.3239326,-0.041722834,-0.48457414
2.6033173,7.6297927,0.6443064,6.7033234,0.7154882,-1.2802495,-0.04700023,-0.3211489
2.013341,8.921576,0.67450285,6.731517,0.68284965,-1.2921939,0.01276207,-0.22487786
2.2007337,4.1272993,0.6826854,6.691563,0.693182,-1.285159,0.13317347,-0.4213004
2.0673597,7.009265,0.6783109,6.730565,0.68131685,-1.3070357,0.21008635,-0.14191696
2.219454,6.748933,0.6906705,6.773411,0.69809103,-1.3331292,0.20359981,0.08094162
2.8685977,6.213343,0.6603942,6.7320476,0.7014172,-1.2613816,0.13060963,-0.047268093
2.6565979,8.646828,0.70732725,6.6834707,0.6787629,-1.2494979,0.18800414,0.18374509
2.5807755,9.0302925,0.648599,6.658171,0.651459,-1.2161803,0.21388352,0.04977429
2.8608408,3.1838274,0.694592,6.664666,0.6543875,-1.2164161,0.23180091,0.27365565
1.6771125,8.148424,0.7098106,6.7049775,0.6547723,-1.2547817,0.2846495,-0.10586953
2.6510696,7.702652,0.72114635,6.6930814,0.6653435,-1.2605488,0.3892821,-0.0068849325
2.4548552,6.4631853,0.6965716,6.67505,0.68224096,-1.257164,0.24931681,0.34507275
2.225799,7.4334784,0.6971059,6.704932,0.6926367,-1.2807884,0.22742283,0.22806114
2.0651393,5.0416226,0.6736586,6.7086277,0.6659894,-1.2598804,0.19632292,0.22981322
2.0332766,7.790174,0.7042904,6.712055,0.6708579,-1.3055103,0.17974424,0.006585479
2.390696,4.5340385,0.6378037,6.761693,0.70115304,-1.3038113,0.14281094,0.09937048
2.8465502,9.225792,0.73764896,6.6802835,0.68250895,-1.262075,0.19726908,-0.111169875
2.791059,9.21018,0.72146225,6.6656675,0.6186495,-1.2490427,0.018734097,-0.3151716
2.7621799,9.1207695,0.6940839,6.689622,0.6215887,-1.2057519,0.18577814,-0.010917157
2.393972,9.213471,0.71285987,6.74257,0.6058376,-1.2642274,0.22592294,-0.036980152
2.1108713,9.321444,0.713773,6.7875595,0.637059,-1.2736089,0.20016503,-0.15476093
2.060517,7.5093956,0.6966522,6.783869,0.6120193,-1.2371774,0.06937826,-0.09183514
2.571703,7.7921557,0.6691694,6.7661934,0.6272974,-1.2141073,0.16875839,0.21555376
2.193287,6.1242843,0.5722568,6.805644,0.63116765,-1.147978,0.18738925,0.119724154
2.1704328,8.369965,0.61453056,6.7981553,0.63852,-1.2108192,0.19484222,-0.05036795
1.7260649,7.714347,0.60602355,6.810689,0.6616094,-1.2696106,0.2315315,0.15951943
2.2463381,5.4883084,0.6918247,6.8747864,0.6461642,-1.2705982,0.21042359,-0.028008759
1.2953479,8.6554985,0.6970134,6.9071674,0.6650133,-1.3103418,0.20730841,-0.1523332
1.6377935,7.4555535,0.60276186,6.8106203,0.7130685,-1.3101604,0.13931811,-0.028611243
1.4310632,5.5311327,0.56220293,6.886407,0.69387484,-1.2951853,0.32221425,0.034011602
1.4253721,3.9215636,0.5933883,6.914683,0.6730478,-1.2913244,0.37462986,0.13462627
1.2988918,8.588575,0.61882293,6.9017763,0.68250585,-1.2595801,0.22991896,0.099053144
1.6766816,8.823866,0.6479037,6.9000225,0.67051435,-1.3072746,0.08461535,-0.069631934
2.7699335,5.4098616,0.63528466,6.7938175,0.6929846,-1.2965094,0.061200023,-0.24329484
1.5724921,8.664306,0.6610763,6.7641983,0.66839933,-1.2890999,0.07872355,-0.3918632
1.4210944,3.109055,0.76900697,6.710813,0.63045335,-1.3065147,0.42080724,0.034909487
1.3698671,4.007675,0.83807707,6.625554,0.68293595,-1.3377924,0.12804651,-0.38331372
1.5695262,3.3302188,0.84982514,6.5894594,0.6871562,-1.3442776,-0.02656889,-0.4733979
2.3836794,2.5118842,0.82127905,6.4816647,0.71922994,-1.296714,0.0016825199,0.17399251
2.0560546,6.816165,0.8437269,6.445092,0.7568183,-1.3323466,-0.0030001998,-0.23730165
2.9223838,3.4239645,0.8528955,6.4432793,0.72123456,-1.3236873,0.0981158,0.00150913
2.8940613,6.132616,0.75412774,6.445363,0.80021,-1.322223,0.10706568,-0.29397714
1.534309,3.8629723,0.72815204,6.4762793,0.7929573,-1.3213713,0.21311665,0.39433587
2.5038404,6.295134,0.7959192,6.5634956,0.8118243,-1.4223471,0.22178233,0.15006602
2.002942,7.985409,0.7263863,6.5634384,0.8364587,-1.409132,-0.029606104,-0.097001314
2.2254496,3.7176251,0.73670995,6.6180744,0.81769943,-1.4400704,0.06989813,-0.19932503
2.272647,5.5695257,0.8247411,6.495887,0.8228862,-1.4246795,0.021821976,-0.21460107
2.524179,5.822095,0.8357972,6.448432,0.8085165,-1.4247727,0.116464734,0.012004316
1.8864046,4.163699,0.8419348,6.512144,0.77763534,-1.4284189,0.12712061,-0.18585321
2.2099297,7.9383855,0.84241414,6.486928,0.8152666,-1.4414339,0.13934064,-0.1171906
2.8810608,7.3995395,0.8341689,6.4766417,0.81223655,-1.4564612,0.11482942,-0.15548271
1.6759001,9.41827,0.79543614,6.606002,0.8345413,-1.4497764,0.17010212,0.045181155
1.0966913,2.3679774,0.7501409,6.52385,0.82492566,-1.4125364,0.21970415,-0.024252206
1.237046,4.1949797,0.75695455,6.5247045,0.79170656,-1.3782244,0.08455312,0.11704677
1.2779747,3.2785196,0.6725497,6.6938047,0.83101416,-1.4585817,0.24332333,0.08238649
1.5213348,3.60205,0.6961174,6.748229,0.7980826,-1.4605222,0.11715126,-0.28078666
1.7290157,8.580242,0.69221926,6.690092,0.8288076,-1.4390092,0.098039985,-0.3405674
1.4204991,8.073436,0.65532243,6.6448507,0.86562586,-1.4490063,-0.02559495,-0.31777257
2.6109405,6.9369392,0.74386,6.521551,0.8697107,-1.4945726,0.127033,-0.11428681
2.7655632,7.194292,0.75724673,6.4745564,0.8692725,-1.447712,0.09111905,-0.25936002
2.2540383,6.77745,0.7668772,6.4344845,0.85138035,-1.410627,0.091982245,0.108400404
2.1274273,4.2525835,0.7886739,6.353049,0.83931327,-1.4018507,0.20576644,0.36407375
2.5488615,9.21669,0.7976761,6.4183292,0.8357191,-1.3923521,0.2763058,0.29464698
2.8521273,9.609671,0.82373595,6.387047,0.80797744,-1.3682661,0.07195628,0.07320601
2.773189,7.839399,0.83445096,6.3967323,0.78191924,-1.3360789,0.19399333,0.1206575
1.9512298,7.8341017,0.8404279,6.4469347,0.75323963,-1.3425918,0.30241978,0.10972214
2.5490863,8.118586,0.915825,6.5014243,0.7327006,-1.3489411,0.23905742,0.20364344
2.3598742,9.88592,0.78625894,6.663951,0.7011299,-1.3328544,0.40267813,0.25080395
1.3257401,7.299596,0.7635635,6.6719027,0.74402285,-1.3348185,0.28722024,0.2643028
1.3133686,2.8740456,0.72122884,6.63528,0.74444485,-1.3293662,0.15685964,-0.097225904
1.8394568,7.776095,0.68025804,6.6368074,0.7446368,-1.3283908,-0.007217288,-0.22218382
1.2408156,6.5285907,0.76721716,6.6461496,0.74717975,-1.3621502,0.2058891,0.097586274
1.3810778,8.118002,0.7890091,6.7429514,0.72533655,-1.3661754,0.2968297,0.25667143
2.5182693,8.872701,0.91084385,6.484683,0.7311287,-1.3651223,0.13113642,0.22937572
1.2575142,8.921679,-0.0047000647,7.838063,0.5184932,-1.1318231,0.28610837,0.041288674
1.3516244,8.8802185,-0.015339971,7.793837,0.5048442,-1.1326733,0.2645898,0.24029219
1.3504457,9.561474,-0.02887094,7.7707567,0.5429814,-1.1430008,0.21176374,-0.020492733
1.2861593,8.965297,0.09109235,7.7708983,0.52025676,-1.1660067,0.17397368,0.034152508
1.301591,8.017944,-0.0065951347,7.7066708,0.5585587,-1.1673465,0.1832087,0.041524827
1.2423971,8.217397,0.007177949,7.719022,0.5630126,-1.1532896,0.15363681,-0.020516217
1.1490597,7.487137,-0.044591784,7.8878393,0.5637739,-1.1944281,0.23043585,0.14409626
1.1635773,6.928428,-0.05788362,7.824689,0.55018234,-1.1200595,0.11472285,0.080643296
1.2159584,9.116059,-0.054338753,7.7964144,0.5903113,-1.1437585,0.114296675,0.15284735
1.4090745,9.523923,-0.054384887,7.716569,0.5880282,-1.1578113,0.035277605,0.1450432
2.0998473,9.343975,-0.073530436,7.560833,0.60513663,-1.1859512,0.07561028,-0.091881424
1.9591044,7.587851,-0.037800968,7.6470175,0.5728669,-1.161231,0.018076181,-0.04883176
1.5038617,6.8710337,-0.046706438,7.6390033,0.58043003,-1.164365,0.16186297,0.33891642
1.4361848,8.003403,0.025112867,7.609576,0.5652311,-1.1336019,0.10289037,0.09869605
1.4088123,8.990026,0.036669016,7.637785,0.55715656,-1.1399045,0.35196948,0.5076083
1.6026642,9.160538,0.014504075,7.5284343,0.59685373,-1.1117392,0.07160473,0.2788347
1.5035645,7.397404,0.031122684,7.5255866,0.5735016,-1.1409928,-0.15423608,-0.23822734
1.5939438,8.168997,0.018879056,7.6327977,0.4713502,-1.1177251,0.020168781,-0.14095905
1.2392677,8.243357,0.033933878,7.62845,0.515501,-1.0754632,0.12184882,-0.014982671
0.9411706,4.9346704,0.02670145,7.6398573,0.5456605,-1.0742342,0.15507984,0.3086487
1.0979303,4.759468,0.033890367,7.6519876,0.5425441,-1.08364,0.005845666,-0.06565684
1.1804769,6.0721865,0.058619022,7.5982976,0.53623104,-1.0816166,0.009756088,-0.044243395
1.3924104,7.4125657,0.039633274,7.606904,0.4911034,-1.0668592,0.036814213,0.119403005
1.3455975,7.3392878,0.11524534,7.4037333,0.49495554,-1.0682135,0.117581606,-0.2085647
1.3442832,9.985085,0.1352005,7.701819,0.5472274,-1.1788652,0.07614255,-0.3901211
1.3247517,9.53133,0.022214413,7.663243,0.582139,-1.1814988,0.0139575,-0.33036208
1.4193119,7.623279,0.019273758,7.6699457,0.6180148,-1.2644274,-0.05147147,-0.19916499
1.4193388,9.825729,0.050338387,7.6897287,0.6352546,-1.251336,-0.06271058,-0.3671016
1.2669168,9.734758,0.023429632,7.682756,0.6774049,-1.2405486,-0.03755313,-0.35172153
1.771558,9.903847,-0.05927396,7.66855,0.6666908,-1.2503378,0.011707425,-0.2482355
1.4451234,9.933937,-0.08065486,7.631732,0.6783588,-1.2321763,-0.02014947,-0.20669273
1.5341148,5.2056723,-0.05564189,7.602036,0.68071437,-1.2711303,-0.06522709,-0.26666078
1.2558403,9.445658,0.037359953,7.6686893,0.6634793,-1.2654129,-0.057488978,-0.36192232
1.1423266,9.961057,0.06616974,7.7025127,0.6617923,-1.260311,-0.04506886,-0.35240966
1.0311571,9.238088,0.114195466,7.7024636,0.6795378,-1.2330112,-0.010267317,-0.26243544
1.6429162,7.681594,0.16635108,7.513569,0.6306839,-1.2639892,-0.04045379,-0.2451872
1.4212673,9.425404,0.09948528,7.537489,0.6186619,-1.1960785,0.07791352,-0.31376028
1.2306331,9.635004,0.1318003,7.5544767,0.62009764,-1.1947944,0.009128928,-0.39397863
1.1851584,9.5034485,0.11916733,7.572459,0.6207206,-1.2218564,0.06713736,-0.3908569
1.2559129,8.761682,0.11045754,7.603479,0.6242657,-1.219887,0.0828203,0.02721113
1.2666429,9.702843,0.04271972,7.6150475,0.6447201,-1.2109905,0.07934892,-0.026233315
1.1810875,9.679229,0.054385185,7.7123203,0.6567571,-1.2611375,0.029083967,0.088688076
1.2311133,7.2210827,-0.0035327077,7.7476325,0.6476214,-1.2455517,-0.028575301,-0.39133388
1.1921215,7.6355977,0.00014972687,7.7524495,0.6651547,-1.2629546,0.12680066,-0.061125785
1.0639547,9.108137,-0.0088346,7.89275,0.6445501,-1.2503223,0.10233128,-0.0546183
1.0908177,8.169416,-0.06614137,7.86547,0.657233,-1.2429836,0.1300664,-0.23085046
1.0803232,7.6649284,-0.039109588,7.906617,0.60338926,-1.2394586,0.07390249,-0.34928542
1.065331,8.703413,-0.08351934,7.9830933,0.6253469,-1.246259,0.059728503,-0.08987403
1.0954517,9.953663,-0.12036145,7.969044,0.5947628,-1.1961188,0.11363113,-0.19137818
1.0911934,9.900987,-0.024935126,7.970483,0.57917666,-1.1982601,0.08970618,-0.12405023
1.0395226,6.562006,0.07670534,7.852149,0.5731003,-1.203382,0.054327607,-0.28074974
1.0258994,7.9822197,0.03409946,7.9651933,0.58241034,-1.2461317,0.0737524,-0.4052688
1.0142256,8.079231,0.06113541,7.9011602,0.576622,-1.1471272,0.009430528,0.06788707
1.0640308,7.6537857,0.15694833,7.7327056,0.5377588,-1.1176727,0.060813665,-0.04020828
1.0835216,7.9366384,0.0994513,7.7822,0.5043683,-1.1124419,0.1946696,-0.0067139566
1.0275387,8.06319,0.16909742,7.7898903,0.48733854,-1.1163937,0.1693945,-0.03462106
1.2280898,9.678242,0.20760822,7.704299,0.5397074,-1.1570817,0.15738428,-0.011801779
1.1682117,9.884077,0.15381396,7.718893,0.5370629,-1.1744868,0.22018874,0.06638241
1.0538691,9.87318,0.17654705,7.6653666,0.6041343,-1.1856219,0.17808235,0.18801504
1.0622969,9.879904,0.16525078,7.760053,0.60585666,-1.1792738,0.41488647,0.5424998
1.104597,9.841254,0.073592305,7.6672015,0.59200764,-1.1402035,0.3757969,0.0034950972
1.0035737,9.958612,0.08072114,7.8615527,0.5845864,-1.1415149,0.6465385,0.5508796
0.9189917,8.182642,0.068324685,7.8888583,0.6056969,-1.1783292,0.7565328,0.557521
0.9454844,9.558125,0.074875474,7.9058895,0.64248204,-1.2145112,0.77747715,0.291799
0.93054116,8.545174,0.0715791,7.853047,0.6116042,-1.2245214,0.107147336,-0.43766403
0.9439813,8.224401,0.13103914,7.83017,0.6282904,-1.2744441,0.19859111,0.39727986
0.90222716,6.1298623,0.09851146,7.8252964,0.60935354,-1.2433838,0.23438454,0.18299973
0.93755025,6.487722,0.081020474,7.770381,0.60940814,-1.215242,0.25275433,0.09304923
0.96168756,6.556212,0.2401861,7.714465,0.6301925,-1.2610092,0.430084,0.12877303
0.96778184,6.4486113,0.1925714,7.5313644,0.68350554,-1.236383,0.36448407,0.0038909316
0.9588291,8.2787075,0.1920569,7.53392,0.71440864,-1.2517794,-0.02296108,-0.26404223
1.002929,7.245573,0.30231094,7.529153,0.66890454,-1.2987746,0.09251177,-0.4453421
0.9566592,7.054153,0.25961328,7.546574,0.71503663,-1.2949712,-0.10445523,-0.15465805
1.0499101,8.256048,0.20651829,7.533852,0.7443843,-1.2925737,0.0455029,-0.36252052
1.0333555,9.694789,0.220258,7.4259176,0.79773545,-1.3426361,0.115446925,-0.3678885
1.0497038,9.36837,0.23984301,7.503479,0.70232606,-1.277255,0.0039435625,-0.314184
1.0682623,8.8319,0.317729,7.4010854,0.76532054,-1.328874,-0.08105701,-0.40374997
0.9894569,7.272943,0.238935,7.3997498,0.7429719,-1.3264993,-0.06702012,-0.32009578
1.0985622,7.7032247,0.280141,7.4469557,0.73393965,-1.3215083,-0.06576002,-0.3086437
1.4027125,8.190646,0.28070092,7.4551525,0.69537497,-1.353014,0.12189579,-0.39418724
1.4302163,9.246987,0.19771624,7.437551,0.7003424,-1.3469571,0.16481626,-0.3922114
1.4871638,9.72807,0.096422315,7.452467,0.7407813,-1.3358871,0.20268583,-0.2767527
1.4503036,9.706168,0.08475876,7.4848795,0.7259593,-1.2959211,0.13935745,0.025594413
1.4142044,9.759456,0.0754174,7.443037,0.74973726,-1.2972331,0.120283365,0.12993026
1.6417611,7.106286,0.030667424,7.5313034,0.7467077,-1.3052754,0.13581932,0.027122676
1.8673391,9.311352,0.17205334,7.427864,0.66981673,-1.31325,0.12065613,0.07288402
1.5335523,9.67794,0.028603911,7.541749,0.75957894,-1.3529503,0.08825052,0.0023584962
1.3396926,9.279626,0.016373873,7.6136684,0.75590086,-1.3531928,0.16084957,-0.14423168
1.2879868,7.994554,0.08061576,7.573818,0.82310534,-1.3937413,0.084849,0.072823524
1.1163116,9.910068,0.073880196,7.5558305,0.84206414,-1.3740331,0.2646693,0.27929544
1.1142131,7.349573,0.022698998,7.6728435,0.7885039,-1.3967702,0.1350578,0.36666536
1.0937829,9.133526,0.09055519,7.6235523,0.781111,-1.3669521,0.1381303,-0.16358605
1.3299327,9.256315,-0.015684247,7.6275687,0.72150064,-1.3353179,0.04572308,-0.24888018
1.1411197,8.7871685,0.10697913,7.5802875,0.7238805,-1.278758,0.0678916,0.13653576
1.1119483,8.369443,0.11528385,7.6615443,0.7281394,-1.3276559,0.31786287,0.17961103
1.0465297,9.173563,0.04223883,7.6958237,0.7338898,-1.3163867,0.17367625,0.35353816
1.0901058,7.636265,0.14451826,7.6866345,0.627867,-1.2458181,0.29198933,0.0976786
1.0396557,9.915333,0.23465908,7.721451,0.6287377,-1.2597873,0.2918024,0.0478701
1.0230837,8.762705,0.25903022,7.624937,0.60323524,-1.2680411,0.23973286,0.005695522
1.072928,7.265463,0.22534847,7.555937,0.6071007,-1.2008162,0.22379172,-0.39551124
1.1102235,9.165448,0.24672699,7.510693,0.5939884,-1.1794538,0.0069732666,-0.3388647
1.0950754,8.988625,0.29591453,7.5136337,0.60140467,-1.2043816,0.32439685,-0.1351192
1.1018716,7.9786425,0.30094528,7.5248027,0.6052499,-1.223117,0.2864319,0.19886678
1.0124414,7.1497216,0.2957362,7.557398,0.60898304,-1.2562037,0.27982938,0.034656465
0.95995855,6.549129,0.295215,7.6156273,0.6038449,-1.2779328,0.39018738,0.072690666
1.022157,6.6282644,0.25451648,7.5888634,0.6645787,-1.290607,0.38563228,0.10310531
1.0552588,7.1289864,0.11754751,7.59199,0.6574681,-1.274667,0.18191516,0.27041894
1.0536847,6.719351,0.20652568,7.53449,0.63836384,-1.2182055,-0.11442119,-0.27577835
1.0479617,6.4702106,0.22137046,7.5269837,0.63234115,-1.2661471,0.07261729,-0.09854615
0.99361026,8.252861,0.2575711,7.535836,0.6321411,-1.2756629,0.058315396,-0.37956136
0.9715641,7.260761,0.27758718,7.5026298,0.64022946,-1.2180179,-0.03171873,-0.48582804
2.1329052,7.5718274,0.16442561,7.3742,0.69258523,-1.2809536,0.08332002,-0.06958544
1.8191316,8.733096,0.19704628,7.2635775,0.65395,-1.2519541,0.09201372,0.06024438
1.1768553,7.299928,0.22401333,7.389461,0.66436505,-1.2488713,0.12391424,0.019931257
1.1531914,7.8432374,0.109760284,7.4821086,0.66768575,-1.2022004,0.016746879,-0.12778273
0.9978386,4.4058437,0.117711425,7.5111427,0.71617246,-1.2547314,-0.107421875,-0.37069443
1.0240083,5.1660976,0.09046602,7.5176153,0.7067156,-1.2656977,0.027651906,-0.4429192
0.94059634,7.619017,0.12454951,7.61531,0.7086606,-1.2678924,0.082749486,-0.04144767
0.9552584,7.641575,0.12167966,7.609363,0.73568153,-1.2891145,0.1265825,0.026527703
1.0263896,7.6721473,0.117453575,7.6684427,0.69863343,-1.320982,0.16632962,0.0066019893
1.2385283,7.5998716,0.060702324,7.6216908,0.7259152,-1.3403881,0.13395953,0.16452146
1.1114769,9.606131,-0.052251935,7.7181506,0.74489546,-1.2862011,0.124016404,0.04803413
1.253165,7.9380584,-0.092163086,7.6639423,0.74115396,-1.2916956,0.11005783,0.026403546
1.1197715,8.39352,-0.025798798,7.674017,0.751848,-1.2899961,0.0056762695,-0.0166592
1.1682479,7.28463,-0.0011224747,7.675914,0.6844592,-1.2938014,0.0581069,-0.117272556
1.2669046,9.948614,0.09073448,7.6028204,0.7239926,-1.3132083,0.07620382,-0.14295506
1.2244784,9.850004,0.16473627,7.463127,0.6823766,-1.2883719,0.08120394,-0.15009212
1.1783937,8.607777,0.16754603,7.542939,0.6754391,-1.2778444,0.08208656,-0.19893244
1.1148572,6.8407993,0.16845298,7.511205,0.7026346,-1.2778685,0.062495828,-0.40854493
0.9909329,5.347222,0.09615612,7.540761,0.6601691,-1.216007,0.025598407,-0.2888951
1.0210696,5.288967,0.14809859,7.5438075,0.6325979,-1.2481067,0.07258451,-0.2742115
1.1284015,6.5097413,0.13225543,7.681437,0.60627604,-1.2213476,-0.003384769,-0.011630058
1.2009407,9.582537,0.17640424,7.609387,0.5929384,-1.2346344,0.15540242,-0.1314306
1.3637621,9.278966,0.11066151,7.4504848,0.6009152,-1.1722198,0.15419984,-0.35157555
1.1430016,7.1849513,0.1875453,7.569541,0.58219814,-1.2422065,0.1581124,-0.3406125
1.2385987,8.741288,0.15379143,7.6113443,0.6010473,-1.2153608,0.04028344,-0.35768682
1.2211351,9.140628,0.21034718,7.6216245,0.59974766,-1.2243595,0.14104724,-0.38048035
1.1470754,9.009341,0.21214116,7.629563,0.6044748,-1.2368064,0.22543073,0.13702768
1.1993654,9.242467,0.19272137,7.640411,0.59579515,-1.2704723,0.43896675,0.077745914
1.3129468,9.658112,0.14139783,7.6407175,0.6652236,-1.2904341,0.44093406,0.39185655
1.3394015,9.803026,-0.09845209,7.7231636,0.6503811,-1.2699025,0.3737874,0.34432387
1.3842425,9.827894,-0.05990851,7.851221,0.5783756,-1.218648,0.21664488,0.17203271
1.2025324,9.008055,0.047618628,7.7002597,0.5382848,-1.1388729,0.18352616,0.16092777
1.1067482,5.060314,-0.042743385,7.746085,0.5501404,-1.1454531,0.108649135,-0.110509634
1.2569811,9.382469,-0.05622232,7.84148,0.5756326,-1.166817,0.0025827885,-0.23402911
1.1359795,8.920366,0.017373443,7.810035,0.5875249,-1.1916423,0.046007633,-0.1255486
0.92766666,5.79218,-0.064299464,7.8500533,0.59519887,-1.1860704,0.05525005,-0.17069256
1.0923741,6.985993,-0.0984028,7.950213,0.5745256,-1.1761068,0.07714045,-0.11452198
1.0512557,9.195033,-0.14446318,8.004945,0.59868884,-1.1363472,0.04066181,-0.2702736
0.9576594,9.27578,-0.13759232,8.099743,0.5895002,-1.1305479,0.27413487,-0.15322319
0.99438,9.846622,-0.09130216,8.122663,0.5935147,-1.2036119,0.005520463,-0.2262935
0.9509342,9.280098,-0.034128666,7.9646277,0.6007736,-1.1719949,0.058100462,-0.46145234
1.0200776,9.543059,-0.041485667,7.991895,0.64342475,-1.2020141,0.13119626,-0.22650135
0.98423505,9.824184,-0.19553912,8.059577,0.6483438,-1.1815989,0.17274988,0.14524806
0.98848367,9.581872,-0.13937402,8.060345,0.62488556,-1.2290678,0.17565429,-0.08896929
1.0062234,9.555912,-0.17048448,8.094328,0.6503172,-1.2471924,0.2306385,0.14499003
1.017354,8.993694,-0.19538546,8.130608,0.6625633,-1.263277,0.14078164,0.17189133
0.94507277,9.614037,-0.15415597,8.1123905,0.6860182,-1.249006,0.1373086,-0.25188738
0.94765115,9.570604,-0.15858531,8.073841,0.6859777,-1.2657319,-0.01721412,-0.26433212
1.0395933,6.8856673,-0.15059423,8.078165,0.65989804,-1.2316868,-0.042625666,-0.19563043
1.0472883,9.865677,-0.13956606,8.0037365,0.67460275,-1.2999418,-0.09521592,-0.30577508
1.2248735,9.622137,-0.23233116,7.9970613,0.67711234,-1.2852204,0.015372276,-0.16079655
1.229337,9.614785,-0.2189337,7.987859,0.6705475,-1.2858593,-0.0011193156,-0.3035237
1.307531,9.897947,-0.22495836,7.9827394,0.62426734,-1.2420609,-0.017782152,-0.21165371
1.363447,9.792507,-0.23702574,7.953475,0.626385,-1.2270973,0.05927813,-0.2768157
1.1562004,8.2483635,-0.24209052,8.109601,0.5911753,-1.1786854,-0.075093806,-0.22982863
1.1047384,7.7741823,-0.30665076,8.063199,0.60444355,-1.1724455,-0.0013409853,-0.32454756
0.9618053,6.3249197,-0.2438277,8.092144,0.5872011,-1.1863654,0.09750295,-0.11550918
0.9191414,5.7343388,-0.20035887,8.095999,0.5598469,-1.1324334,0.11225498,0.04893011
0.94816935,5.346546,-0.14542836,8.017309,0.4985454,-1.1000886,0.37739754,-0.06311095
0.9636639,5.1270676,-0.16353333,8.027463,0.5528765,-1.125088,-0.11330354,-0.18393335
0.9412403,7.2717247,-0.05504179,8.029174,0.57165,-1.1826866,0.2601564,-0.10646671
0.9540032,7.3031754,0.008179188,7.9727817,0.5586698,-1.1497264,0.26634324,-0.12687206
0.9702015,9.020227,-0.05560434,7.9741626,0.58449197,-1.1244004,0.065235734,0.21511072
0.8812275,7.6493773,-0.041917086,8.0171795,0.5864606,-1.1378871,0.10915899,0.16912872
0.9093763,9.283542,-0.02316773,8.021172,0.5939846,-1.1836646,0.23504245,-0.07005772
1.0731125,9.433229,-0.23069143,8.11248,0.5750127,-1.1609706,0.38882565,0.3374232
0.9795933,9.447008,-0.25333357,8.226782,0.5213051,-1.1103992,0.25465393,0.22829664
1.0092053,8.787548,-0.23126352,8.250172,0.5070207,-1.0776806,0.11401677,0.065978706
0.9559276,8.484188,-0.1714086,8.163197,0.51011705,-1.0683863,0.12668347,-0.009128392
0.9465147,6.450413,-0.16402644,8.132357,0.4997499,-1.0597415,0.04387951,-0.14566761
0.8342065,6.5400577,-0.13362342,8.129469,0.552541,-1.1008916,0.27409708,0.25967723
0.8412843,6.5912986,-0.16788197,8.157846,0.55111885,-1.0980091,0.22302866,0.13753712
0.881085,6.807259,-0.16560793,8.147541,0.5198302,-1.1023082,0.082309365,-0.25287437
0.86407816,8.991859,-0.117341995,8.219212,0.54594374,-1.096616,0.024297237,0.100598514
0.8602558,8.489161,-0.11085808,8.280462,0.53645253,-1.1869593,0.20609498,0.072328925
0.86276543,7.9526114,-0.103605926,8.2087755,0.54043245,-1.1467688,0.2822026,0.2345978
0.872266,6.4043503,-0.17186761,8.263954,0.5323472,-1.1428175,0.09522259,0.3050363
0.8144696,8.016137,-0.17537129,8.296715,0.52085066,-1.0737994,0.1629349,-0.0824821
0.8090522,8.147003,-0.13548064,8.409819,0.5051501,-1.0819362,0.002981782,-0.06252307
0.80865383,8.446196,-0.15120798,8.448435,0.48322916,-1.078051,0.03329611,0.015088022
0.7524048,7.5255456,-0.17307198,8.489693,0.50489354,-1.0895252,0.1365248,0.08763814
0.7328874,6.947094,-0.17542934,8.532951,0.53262734,-1.1216116,0.26510334,0.034293175
0.7402223,6.136944,-0.14649159,8.530311,0.5104029,-1.1825784,0.10648382,0.06981468
0.7325884,6.6229825,-0.15570337,8.5703,0.52460337,-1.1408083,0.2055366,0.11331594
0.7167512,6.888297,-0.14318812,8.5977335,0.48796797,-1.1468987,0.4494511,0.2028057
0.70845556,6.8242126,-0.14488769,8.527481,0.4991932,-1.052994,0.5785419,0.3276698
0.72629917,7.154842,-0.14271605,8.484533,0.49464393,-1.0647266,0.34496808,0.25958395
0.7316847,6.8573737,-0.177145,8.522203,0.5005009,-1.0656735,0.14314723,0.1585322
0.7670437,6.0895123,-0.20790744,8.474072,0.46691942,-1.1082541,0.15812206,-0.041764885
