1.382755,3.6263275,1.7014863,5.4569564,1.1326299,-1.8208089,0.091035485,0.06534195
1.4396765,6.480946,1.7015836,5.4928427,1.1482966,-1.8349831,0.099104166,-0.15310019
1.2588238,5.258836,1.6551092,5.4449186,1.1850085,-1.856043,0.124124765,-0.010325819
2.7606792,4.0767746,1.6068552,5.456142,1.2213299,-1.925812,0.30685055,0.009558618
2.4478955,3.9391227,1.6269023,5.4906025,1.2172439,-1.920831,0.16030383,-0.14478663
1.6319191,4.0855627,1.6402254,5.4533253,1.2363999,-1.9353313,0.17209113,0.0057953
1.0899465,6.3803763,1.6325617,5.4635234,1.2337582,-1.9164436,0.22765887,-0.051918566
1.1719124,2.9663866,1.6199121,5.348471,1.2501674,-1.8800666,0.017465353,-0.2846192
1.5146202,3.8921862,1.6461697,5.350263,1.230082,-1.8722006,-0.059082568,-0.33497596
2.8360207,4.5944085,1.6447058,5.341344,1.2613323,-1.8826649,0.1896764,0.30434853
2.2378113,8.271207,1.5892849,5.4179974,1.2902942,-1.8788388,0.5788481,0.21999812
2.3813472,8.262968,1.574223,5.435917,1.3205292,-1.9292601,0.47934902,0.13202083
1.0716678,8.812035,1.5668845,5.481605,1.2991912,-1.9397237,0.2186073,0.23322552
2.2915676,4.163237,1.563324,5.491144,1.3138177,-1.9423125,0.50798655,0.37975508
1.980512,5.0458236,1.4879451,5.522243,1.304857,-1.9127233,0.5294415,0.31731397
1.8472105,7.334014,1.4782648,5.6965795,1.3172839,-1.9521914,0.38682067,0.4036199
0.9914775,4.8298035,1.4747567,5.5662346,1.3830633,-1.9609749,1.5521894,0.59360266
2.1911693,5.891172,1.4933815,5.6218133,1.3195329,-1.9491167,2.6000447,0.58921385
2.2346048,5.3789997,1.4639807,5.606309,1.3379781,-1.9468954,1.9033914,0.6071912
1.8108237,3.4424365,1.4915342,5.567174,1.3361788,-1.9774141,2.780603,0.6288905
2.100715,9.229692,1.5237613,5.560053,1.329725,-1.9459578,2.1378224,0.60529125
2.544465,2.4445431,1.4959009,5.644447,1.3140442,-1.9387624,2.0643563,0.47359657
0.80492014,4.551722,1.4927695,5.598961,1.3321307,-1.958488,2.0923617,0.6603763
1.2839955,5.344243,1.460401,5.5806355,1.3494194,-1.9638749,2.9955356,0.68146586
2.1450896,3.8486176,1.4821455,5.5259466,1.3643243,-2.0233696,2.4550958,0.5685234
1.166547,4.356697,1.4742372,5.545194,1.4027805,-2.0137854,1.8286266,0.51351714
1.8834198,4.5209684,1.4912765,5.4609823,1.3903544,-2.0974922,2.6710725,0.5504552
1.1962979,3.0873132,1.48682,5.484822,1.4213057,-2.1428359,2.6929932,0.48846966
0.6980576,5.4363832,1.4971857,5.5039735,1.4160552,-2.0499887,2.9921305,0.5536432
0.5202335,4.0431666,1.4493501,5.6607304,1.4180956,-2.0505915,2.7630436,0.6810334
0.50754637,3.3537998,1.4481578,5.6554117,1.4014108,-1.9626489,2.5647595,0.7089349
0.601437,3.00609,1.4438429,5.6974316,1.4022939,-2.0281382,0.9262644,0.7048503
0.6213048,2.7712617,1.4052424,5.621063,1.4048979,-2.0223618,1.0364819,0.3179102
0.82308304,5.455755,1.420588,5.6711683,1.3641293,-2.0343857,1.1824865,0.28329754
0.67012954,6.4889436,1.4387195,5.705218,1.3879869,-1.986087,1.7419908,0.5854852
1.2379432,5.525059,1.3705673,5.7149167,1.3577769,-1.957644,1.282788,0.57020617
1.5390823,5.2212887,1.3708005,5.7508707,1.3548155,-1.9627028,0.9931812,0.6161587
1.2728305,9.759766,1.3575594,5.785994,1.3874252,-1.9915344,1.1199293,0.59939706
1.0127757,8.6583605,1.385109,5.67778,1.408262,-1.9981059,1.26949,0.58240676
1.6286685,2.3569968,1.3390353,5.6534014,1.4338369,-1.98204,2.2032487,0.6766753
1.6180927,9.7553425,1.3449395,5.66692,1.4051285,-2.016065,2.1346867,0.28094107
2.165739,9.683601,1.3577278,5.6634464,1.4206905,-1.9661164,1.9900389,0.6348797
2.0294003,2.951713,1.3538826,5.626302,1.4402432,-1.952355,1.8603499,0.57657194
1.491509,9.281651,1.3105516,5.7300816,1.4330986,-1.9737096,0.63946533,0.46460366
1.2694539,4.1140556,1.3217645,5.663885,1.4460428,-2.0080628,0.73455215,0.42039406
1.0617963,4.2432437,1.3378422,5.66387,1.463659,-2.0323522,1.8081477,0.56354606
1.8076681,4.5034933,1.3232033,5.735553,1.4300411,-2.0632555,2.1220663,0.604898
2.1180623,4.036271,1.3936365,5.7444787,1.379684,-2.0009537,2.0311549,0.5714816
0.71197385,3.9572592,1.3895402,5.7233086,1.3709195,-1.9948697,2.8820884,0.36287212
0.7453036,5.6728106,1.4095857,5.743763,1.3868344,-2.0594563,2.9388554,0.4371125
2.4769282,3.8530908,1.4062672,5.765871,1.3466508,-2.0479467,0.8459275,0.4964748
1.8523772,3.4501595,1.403441,5.748415,1.3497579,-1.9425781,1.4019456,0.5634546
2.0547776,9.877456,1.3857362,5.637895,1.4100323,-1.9466424,1.0933263,0.5332371
1.8795512,4.365404,1.3760495,5.6063013,1.4165559,-1.9423885,0.6832639,0.6728437
2.0909903,7.33239,1.3909729,5.706005,1.389857,-1.9737036,0.4806229,0.5198662
2.8884764,7.5829,1.3632481,5.7727237,1.3679059,-1.9993837,0.42361772,0.33365417
2.9368846,9.044516,1.3636217,5.785793,1.3750873,-2.000951,0.5900868,0.27810365
0.6620923,2.68531,1.364439,5.7621107,1.3602483,-1.9838028,0.09351468,0.1043365
2.3111906,2.3195643,1.3727641,5.752097,1.3622699,-1.9891926,0.12992918,0.008365393
2.0860534,2.7602055,1.3964906,5.6706553,1.3802843,-2.0041645,0.29942763,0.13043064
2.261744,5.118308,1.4233902,5.606694,1.3681557,-1.9917415,0.20352912,0.3050679
1.0217052,4.444206,1.3975093,5.6345186,1.3777175,-1.9713018,0.2252301,0.20766264
1.7165058,5.2350197,1.3965378,5.6267796,1.3664532,-2.0273342,0.2739153,0.15771842
2.0266213,5.1642895,1.4083896,5.670749,1.3606441,-2.0014439,0.42811203,0.0955987
0.90056634,4.038448,1.459435,5.6375284,1.3600364,-1.9866232,0.5341482,0.070708096
2.3974352,3.9266953,1.4759681,5.549768,1.3460314,-2.0480464,1.0507789,0.4268992
1.7716064,3.7145033,1.4243846,5.649578,1.420908,-2.0403347,1.7179782,0.54315543
0.6225928,7.573566,1.418047,5.7091036,1.4388576,-2.020712,2.5089672,0.526798
0.61417985,7.664313,1.4360201,5.682015,1.4420791,-2.0415823,0.48309922,0.42864215
0.728016,8.691761,1.3696568,5.7428007,1.4539204,-2.0181556,0.21687078,0.18196607
2.9777591,9.1665535,1.3733718,5.63871,1.45028,-2.1011922,0.27879143,0.2511189
2.920916,6.916449,1.4076185,5.558984,1.4514093,-2.0999982,0.037531853,-0.22060794
2.5252235,7.1156073,1.3958755,5.5424457,1.4575474,-2.0734932,0.0077522993,-0.19324014
0.757971,4.092682,1.3504276,5.571475,1.4521263,-2.0522556,0.03629434,-0.07622552
1.4233351,2.96601,1.3244824,5.583793,1.4536572,-2.0466647,0.058875203,-0.20646176
1.5455829,6.545146,1.2825818,5.558248,1.4922199,-2.0334182,-0.015383899,-0.12287575
1.3993413,6.8810635,1.2935057,5.616811,1.4839609,-2.0559633,0.118634105,0.20215988
2.9394631,6.3216677,1.2804418,5.7467422,1.4911163,-2.103239,0.13625872,0.028548837
2.9585648,7.5999365,1.2959561,5.6666555,1.5354805,-2.1059465,0.054271936,-0.06858215
0.8307252,8.085558,1.2689507,5.698015,1.5233879,-2.1332357,0.056992173,-0.14577943
0.7138223,6.9813986,1.2405791,5.8000917,1.5234523,-2.1468327,0.05802107,-0.17645451
1.0647565,8.243364,1.2075357,5.683465,1.5446758,-2.1262722,0.08774698,-0.1659612
2.812634,8.286463,1.2791934,5.6545935,1.549773,-2.1253257,0.14131689,-0.21509954
2.70828,8.5014,1.2973087,5.713183,1.5035908,-2.0823796,0.16314101,0.115557194
1.5164943,8.962051,1.3483486,5.704088,1.4562805,-2.0763862,0.17426765,0.048849106
1.2496603,8.132202,1.3285005,5.7253284,1.4292667,-2.0645432,0.20917714,-0.005597621
1.2145605,7.5436206,1.33022,5.725836,1.4112277,-2.0516765,0.17289329,-0.030613542
1.2884686,9.716961,1.349024,5.742805,1.3890648,-2.0275707,-0.04064089,-0.40452456
2.6548324,6.1736,1.3609285,5.7749605,1.3758247,-2.0088718,-0.026530683,-0.29919577
1.1209005,6.610709,1.3641651,5.7684746,1.3619473,-1.9723442,0.10884833,-0.18517017
1.4681692,2.9605155,1.3693697,5.804886,1.2860363,-1.9008113,0.06928611,-0.112160385
1.6396704,4.0968733,1.3475902,5.7964334,1.2959092,-1.9133314,-0.005297363,-0.2316801
2.3018718,5.3567877,1.3612158,5.845352,1.3029978,-1.9026085,0.08027661,-0.060670674
1.9230925,8.982143,1.3521276,5.746895,1.3224285,-1.8788859,0.20749152,0.03923261
2.499555,9.185932,1.4105487,5.835768,1.2571013,-1.9013234,0.075211644,-0.026138783
2.5480971,7.1777105,1.4103806,5.8320436,1.2704444,-1.9315326,0.09918916,-0.1263318
2.611778,5.340454,1.3729486,5.7684755,1.2987456,-1.9194348,0.007943034,-0.40324685
2.301591,4.0163593,1.3692014,5.829892,1.286762,-1.9435952,-0.06532073,-0.46841842
2.5214167,9.274233,1.4302998,5.85237,1.2632506,-1.9308817,-0.092258036,-0.48716533
2.4286788,4.6816015,1.4423575,5.7708893,1.2709095,-1.9061892,0.023430824,-0.29962626
1.1112123,8.873413,1.4509461,5.66304,1.3003564,-1.9042486,0.5768857,0.123276114
2.8278065,9.368144,1.4298804,5.657803,1.320725,-1.9102366,0.023484826,-0.31647962
0.8375976,6.7680106,1.4524949,5.6518335,1.3127191,-1.8776438,0.14803362,-0.012981206
2.6527286,6.098834,1.4447803,5.5995665,1.2963452,-1.826972,-0.12191081,-0.15175417
1.6155738,9.758463,1.4536703,5.600873,1.261733,-1.831465,0.18113661,-0.04755813
1.3996975,5.8266797,1.450038,5.6864567,1.2766035,-1.9205112,0.24096549,-0.016488284
1.4173894,3.466503,1.4780889,5.702144,1.2614961,-1.9286134,0.09726381,-0.09889889
2.307411,9.397355,1.47473,5.74868,1.2800725,-1.9664795,0.13774347,0.051520586
2.4859338,2.0171561,1.5022829,5.621718,1.2948587,-1.9411561,0.12503898,-0.016022444
2.1989033,8.9816265,1.4803019,5.6579595,1.3107252,-1.9317167,0.20736921,0.06404275
2.2818174,9.184755,1.5824318,5.574257,1.3187544,-1.9958966,0.16339731,0.07442224
2.2663913,8.870449,1.6007533,5.5449924,1.28753,-1.9954009,0.07793558,-0.12776035
2.0823705,4.2915554,1.5906851,5.348037,1.3231113,-1.9198464,0.17401469,0.014005482
2.7610767,9.7731285,1.6320443,5.377433,1.308646,-1.9516965,0.32589495,0.082740545
2.2101872,3.1984315,1.6435161,5.2957835,1.3282716,-2.0057592,0.15245318,0.13701475
1.7480599,2.684725,1.593868,5.303506,1.3739595,-2.079368,0.12271309,-0.12539017
2.2085376,7.2184258,1.5552588,5.2316756,1.4176686,-2.0615656,0.22631526,-0.04398775
2.5416694,8.8127575,1.558496,5.2946734,1.3985839,-2.067471,0.18211901,0.018817127
1.2438254,4.226166,1.4905524,5.414523,1.3788261,-2.0667424,0.07968235,-0.26603365
1.36761,3.8288116,1.4816024,5.370327,1.3725667,-1.9972777,0.19202244,-0.01267159
1.2745574,2.0160377,1.4861944,5.4235344,1.4001222,-2.0082476,0.26460695,0.018168867
2.9299345,8.366844,1.5612097,5.413107,1.3428733,-2.0338929,0.21208322,0.059091747
1.3515352,5.7383337,1.5278463,5.4134464,1.3661375,-2.033484,0.41748762,0.16507411
2.4762383,9.854224,1.4875121,5.415837,1.4227788,-2.0447884,0.35022175,0.24146676
1.8587182,6.507228,1.4679799,5.4304647,1.4410467,-2.030641,0.5998013,0.1804356
1.2850308,6.149278,1.4573443,5.414105,1.448864,-2.0836866,2.3404021,0.5903386
1.0772156,6.64198,1.5191569,5.212416,1.4482472,-2.0165403,2.405593,0.5505785
1.7231096,7.1052065,1.5347719,5.2407637,1.4589701,-2.0369406,1.1794353,0.4941095
2.0276842,4.1085386,1.5278888,5.1875114,1.4823036,-2.0167081,1.1700087,0.5354762
0.74399257,7.277901,1.5382192,5.197103,1.5320332,-2.0768209,1.0223141,0.46017128
2.0699933,5.145488,1.4761274,5.304556,1.4819794,-2.0783775,0.7352245,0.48724556
2.3627293,9.258965,1.5067205,5.270466,1.4971397,-2.0703473,0.27894354,0.29224062
2.54155,8.800482,1.5055404,5.3224654,1.4996994,-2.1078758,0.7200327,0.34898335
2.6934423,7.3270826,1.5342798,5.2728314,1.488692,-2.1276786,0.5711155,0.39013493
2.098293,3.4926279,1.5356741,5.19306,1.4675372,-2.0508087,0.309034,0.30955744
1.3459251,6.892891,1.5362206,5.192425,1.467016,-2.058652,0.28757763,0.14505172
1.929445,5.9333057,1.5908575,5.2171307,1.4200134,-2.0649707,0.15048909,-0.016417831
1.7319993,2.44002,1.6002195,5.247957,1.3890984,-2.0349257,0.30344117,0.13890761
2.017002,8.138174,1.6060998,5.149213,1.3707252,-1.9645714,0.25735307,0.16301847
2.215095,8.395687,1.6140211,5.1375113,1.3567903,-1.9653254,0.3375001,0.031098604
1.9396918,7.2650337,1.7006531,5.05939,1.3517108,-1.978751,0.29730737,-0.016427934
2.8802052,6.662588,1.775589,5.0608892,1.328686,-1.9542596,0.2258029,0.1704253
2.7480626,5.751255,1.751548,5.050967,1.3305609,-1.9508898,0.648077,0.22565478
2.5834925,3.6491115,1.7599862,5.028722,1.3256273,-1.9382668,0.27563918,0.34614456
1.1265607,5.503557,1.7896302,4.936609,1.3159754,-1.9840624,0.5327468,0.030111551
0.84922874,2.527787,1.793961,4.8878937,1.3255062,-1.9876016,0.36574638,-0.16850728
2.5245423,4.166565,1.8091094,4.9128056,1.3253231,-2.0369868,0.30710733,0.12591934
2.4617953,7.4127855,1.834868,4.8813066,1.3393171,-2.0049276,0.44613564,0.26443076
2.9420753,2.6999907,1.8413489,4.896094,1.3402247,-2.0213614,0.37632608,0.3321573
2.9600253,6.56657,1.815479,4.8760424,1.339648,-1.9879833,2.3129408,0.3790083
2.5324283,6.3618073,1.8212051,4.809359,1.3474302,-1.9884377,2.4994066,0.4311236
1.2923057,3.4098482,1.8298056,4.806918,1.3489211,-2.0092509,1.5060263,0.42671478
2.8682795,6.415923,1.8626871,4.8496695,1.3488004,-1.9973778,1.7768354,0.59892297
2.862786,4.430828,1.8612158,4.829391,1.3442082,-2.0247283,2.4432254,0.3582921
2.8687415,3.795041,1.82586,4.88036,1.3489223,-1.9640284,1.3877997,0.43703687
1.6048564,3.6839485,1.7852526,4.87468,1.3764033,-1.964164,1.5499685,0.577616
2.5797148,2.060367,1.8120935,4.893277,1.3460588,-1.9576845,1.4763095,0.5531739
2.4565709,2.7497125,1.8106451,4.901705,1.3412313,-2.0180795,2.0927408,0.5101963
2.5198298,7.853039,1.8356397,4.9139576,1.3394749,-1.9413456,0.56631124,0.52859795
2.8723207,2.7351823,1.777071,5.1377225,1.2950752,-1.9959636,0.69542897,0.5374156
2.4245913,5.9536104,1.8055048,5.11855,1.2976813,-1.9748821,0.63583827,0.3489195
2.0616622,5.225973,1.8325307,5.007438,1.2991061,-1.9310007,0.42118418,0.37388027
2.1646862,4.1338015,1.8352861,4.988352,1.2513597,-1.8888063,0.65176964,0.21501207
2.5271149,7.1811433,1.8568251,5.028432,1.2601631,-1.9127302,0.58158207,0.37822318
2.3948002,3.3013458,1.8643951,4.9807253,1.2377505,-1.8951718,0.5052382,0.36884707
2.683822,7.4955506,1.880475,4.966417,1.2296593,-1.8340794,0.57258904,0.30892026
2.398679,7.631086,1.8941624,4.994576,1.234004,-1.8358071,0.35583007,0.33085263
2.3971033,6.124397,1.9484696,4.842675,1.2370226,-1.847911,0.42531443,0.022963405
2.8667502,6.5294833,1.9730072,4.9126616,1.195833,-1.8117754,0.16465175,-0.0037541986
2.1420102,2.4211674,1.9608302,4.862789,1.1786427,-1.7996749,0.06022501,-0.07005182
1.1252195,2.7238753,1.9027247,4.8349667,1.1923697,-1.8162268,0.072794676,-0.123193026
2.0424848,3.9396205,1.9595199,4.938082,1.192574,-1.8364718,0.3391899,-0.027043223
2.6584754,3.854498,1.9390593,4.940001,1.1683359,-1.8125923,0.31348968,0.18568933
1.7475088,3.928106,1.9466197,4.9183574,1.1730511,-1.8105229,0.43774712,0.30898595
1.6027269,4.3194675,1.9180264,4.898087,1.2014441,-1.8364861,0.14063871,0.0149799585
1.4966363,8.860212,1.9396672,4.894006,1.1831067,-1.8031895,0.15185964,-0.32523516
1.4731017,3.4027615,1.973963,4.8467073,1.1784775,-1.8281237,0.18391633,-0.20966151
1.0204803,4.9455194,1.9797614,4.827779,1.1639407,-1.8233128,0.16827118,-0.23351753
2.975355,6.7689342,1.9910545,4.9823055,1.1141768,-1.7962611,0.087586164,-0.38415542
2.6087065,5.2020826,1.9717247,5.0017276,1.1286786,-1.7616994,0.14781797,-0.17224401
2.8244321,4.3947935,1.9826396,4.9966183,1.1282427,-1.7927532,0.18695211,0.045342684
2.798813,2.723237,1.9494491,5.0857363,1.082082,-1.7533422,0.43459308,0.19123983
2.7325788,5.437348,1.9250529,5.1756563,1.0794337,-1.7137637,0.22638595,-0.0063076615
2.7606616,4.414585,1.9087982,5.209978,1.0695496,-1.7001956,0.25419974,0.1521886
2.583636,6.111388,1.8638792,5.2519965,1.0615995,-1.6935803,0.74672806,0.038289726
2.836687,9.24895,1.8812127,5.2621765,1.0778396,-1.6833472,0.58049834,-0.17018563
1.9782646,8.556704,1.8906255,5.205247,1.077734,-1.6743197,0.11532295,-0.16230798
2.050233,8.820801,1.8990126,5.2680817,1.0680239,-1.6667864,0.094860196,-0.30421788
1.6656287,7.416002,1.813669,5.314877,1.0776358,-1.7304463,0.095808625,-0.3520664
1.4278829,2.833418,1.8083544,5.363843,1.0284243,-1.7102529,0.028351068,-0.30889112
1.3886542,2.929204,1.6958852,5.5376887,1.0369163,-1.6729414,0.12877977,-0.34113866
0.882806,2.5604253,1.7252862,5.579777,1.0113161,-1.6202416,-0.08147085,-0.26631206
1.8640411,3.5092564,1.7206671,5.6018553,1.0048692,-1.6140479,0.110605955,-0.263051
1.632175,2.424055,1.7895932,5.5908823,0.9723432,-1.6123805,0.17040014,-0.08663744
0.75274265,2.1189,1.7540989,5.5778904,0.9681597,-1.6081564,0.62556064,0.06873387
2.2432747,5.966199,1.698468,5.712549,0.96123505,-1.5191072,0.96073437,0.16386902
2.30633,7.1879487,1.71173,5.732479,0.9421978,-1.5394025,0.5500734,0.14206028
2.2870855,4.616803,1.6922097,5.7648206,0.9499512,-1.613698,0.9222336,0.32497543
2.2194395,4.2201395,1.6993027,5.8357,0.9543371,-1.6270242,0.5214586,0.33725393
2.6863687,9.453756,1.659967,5.8876853,0.9523485,-1.6032894,0.53738797,0.07004094
1.336976,8.601349,1.3693628,5.3856487,1.5844967,-2.1706452,0.32676613,-0.14708576
2.5125182,2.9708412,1.3948419,5.371759,1.5642354,-2.1483302,-0.17172176,-0.45028174
2.3666306,3.4942448,1.3702035,5.373868,1.5704055,-2.155877,-0.15450692,-0.4783958
2.5446005,4.5588684,1.4207597,5.474393,1.5311942,-2.178361,-0.08213991,-0.39876044
2.018139,6.0056677,1.39927,5.49354,1.5268154,-2.060622,-0.17211336,-0.43934065
2.6793594,7.4544153,1.3355458,5.4828043,1.5297031,-2.0371466,-0.2489298,-0.42489505
1.3762608,7.904562,1.3238833,5.541836,1.5264685,-2.1040683,-0.2820862,-0.43012485
1.3514076,7.1378603,1.373272,5.491025,1.520633,-2.1242867,-0.24503958,-0.49604496
0.8128359,7.86368,1.3481588,5.4967437,1.5372918,-2.1223378,-0.085700154,-0.46593177
1.2202961,5.873053,1.345767,5.4450636,1.5601637,-2.1603167,0.24220383,-0.12194973
1.275685,7.528326,1.3845377,5.454409,1.5385418,-2.1945236,0.26120257,0.05907756
1.0067663,5.923211,1.3870285,5.4583693,1.5475359,-2.1734595,0.3925525,0.3027817
2.4880872,5.815552,1.3835046,5.4393682,1.5781944,-2.1684728,0.3040613,0.3265711
1.7024941,8.67566,1.3881297,5.387501,1.5716848,-2.1882281,0.3595742,0.29058075
2.2363164,3.0085697,1.3954942,5.401399,1.5411482,-2.1683674,0.30426323,0.20122117
0.87823915,3.481822,1.400629,5.356762,1.5511627,-2.1862574,0.2084198,0.17084622
1.1070476,7.7143445,1.3959725,5.359584,1.5340819,-2.1546402,0.26883984,-0.13943684
0.98827815,8.941614,1.4097724,5.3609996,1.5538054,-2.15807,0.09561312,-0.100278616
1.6437627,3.1554995,1.3935835,5.3969917,1.5544369,-2.1353326,0.31140196,0.025127292
1.7261587,3.7798975,1.3841591,5.366007,1.5541775,-2.101091,0.28630447,0.33768284
1.8536018,6.607179,1.4144168,5.337179,1.5280209,-2.1089635,0.33190262,0.2353316
2.6934502,4.827478,1.4132683,5.3062572,1.5560238,-2.122991,0.16084123,0.045354605
1.6423337,2.8420236,1.4067054,5.232774,1.5404012,-2.1261961,-0.002235651,-0.29784912
2.7666492,9.98515,1.4489458,5.2455025,1.5647416,-2.108364,0.0052410364,-0.1356093
2.6404166,6.273856,1.4834847,5.242597,1.5609064,-2.091599,-0.054049492,-0.30799842
2.5366561,6.6483593,1.5009305,5.2286835,1.5634665,-2.2591085,-0.039829195,-0.36281174
0.50124955,4.957893,1.5166283,5.3019695,1.5818272,-2.2819567,0.046091318,-0.267557
2.9351547,5.1660113,1.5091205,5.140501,1.6615374,-2.2980733,0.14379513,-0.0829941
0.5003054,5.1510468,1.5132103,5.132985,1.6534543,-2.3487144,0.17098355,-0.06826958
0.51304597,5.991728,1.4993916,5.02847,1.7177532,-2.3213544,0.49892187,0.11213791
0.6074559,3.6011782,1.5203781,5.047919,1.6789587,-2.3329794,0.653311,0.22935319
0.6009464,3.3321593,1.5290303,4.9244127,1.6535168,-2.2497845,0.40597808,0.33023083
2.103888,3.3219576,1.5464952,4.876609,1.6292112,-2.1762416,0.72790587,0.29250598
1.679512,4.0592604,1.5498686,4.867465,1.6436937,-2.1972344,1.295733,0.59187603
1.6864868,4.057807,1.4909909,5.053342,1.6246617,-2.2078927,2.5900455,0.681299
2.1759374,4.697571,1.5374906,5.0386314,1.6415555,-2.2480648,2.354692,0.70727396
2.2284794,4.6695385,1.530611,4.933939,1.6500134,-2.18444,2.8754132,0.6642982
2.1850681,9.871261,1.5105889,4.9390965,1.640975,-2.1325796,2.133546,0.57997346
1.0063258,6.303494,1.5383928,5.0931954,1.6430774,-2.290742,1.6641448,0.62592125
2.5838146,6.6368732,1.5793445,4.956145,1.6472981,-2.2829258,0.9870039,0.46939164
1.0150734,3.39679,1.5822182,4.8162413,1.651778,-2.2694097,1.7705538,0.4916454
0.8152289,2.3443646,1.5608647,4.9405537,1.6321809,-2.289895,2.627243,0.51074433
2.285777,7.9160366,1.5788398,4.955965,1.6187742,-2.2878106,1.9106865,0.50402606
1.5285572,3.4148836,1.5134974,5.044182,1.5842063,-2.1899025,1.6343906,0.5189377
1.7034048,2.9990587,1.515595,5.085456,1.5935073,-2.186848,1.3455513,0.438999
2.0293036,9.746643,1.4997797,5.067129,1.5909507,-2.1719565,2.0605152,0.46784842
2.0733013,2.3374646,1.5242443,5.0323796,1.5874808,-2.1375082,2.2092967,0.55749667
1.6243674,2.2276204,1.5325463,5.04008,1.5794463,-2.1418152,2.4999673,0.5469346
1.8400496,9.410412,1.5253034,5.078038,1.5906882,-2.1500077,1.6270533,0.4149968
2.1645741,8.465417,1.5255928,5.0486403,1.5783622,-2.1687958,1.3532882,0.57808113
2.325412,5.8839293,1.5283668,5.0295796,1.600755,-2.1493678,1.2093351,0.38760376
2.252078,3.0475552,1.55146,5.050483,1.6073678,-2.2661355,1.3493128,0.36647522
2.2795467,4.4879155,1.5648558,4.967224,1.6189187,-2.2645686,2.7741547,0.5866343
1.9004533,3.0724115,1.5517538,5.0211635,1.6162217,-2.2381,0.5499903,0.22376996
2.4262993,2.5989776,1.5699966,4.9007306,1.6026735,-2.2248163,0.5332048,0.3841051
1.4010445,5.6278753,1.5521436,5.007225,1.5933115,-2.237768,0.19284165,0.22504735
0.6866742,2.5332956,1.542429,5.010681,1.5895662,-2.2305424,0.021529675,-0.2838838
1.0845915,4.266198,1.5442748,5.0218315,1.5890353,-2.1797981,-0.05253142,-0.3477649
2.3208747,7.8272786,1.529269,5.175946,1.5889354,-2.2230716,-0.05847007,-0.4859053
2.3702621,7.511332,1.5602114,5.1745563,1.5862787,-2.2437878,-0.08104378,-0.45567346
2.1810215,3.4458275,1.5657921,5.076707,1.5779693,-2.190332,-0.15294856,-0.4547434
2.5869284,6.4567947,1.5413303,5.0174417,1.5969303,-2.204327,-0.12814528,-0.49202162
2.8206768,9.403999,1.5866332,5.005402,1.5896764,-2.2180426,0.035964966,-0.2522453
2.6184552,8.772205,1.5731668,5.0297737,1.5903339,-2.19059,0.047600985,-0.20147479
2.1906836,8.187405,1.5366426,5.0062795,1.6410954,-2.2187738,-0.027098238,-0.22931561
0.90698004,8.356645,1.5258193,5.0363503,1.6068931,-2.2070904,-0.14381146,-0.45099616
1.6480806,2.0863256,1.5250187,5.1489973,1.5863273,-2.2337642,-0.034890056,-0.47498965
0.6028425,6.488555,1.5274854,5.202774,1.5478652,-2.2390213,0.1997832,-0.29771632
0.81123865,3.8867693,1.5157914,5.1336055,1.5791485,-2.2723942,0.133695,-0.20079255
1.9939787,7.5341835,1.4935014,5.062701,1.597866,-2.1812458,0.10538077,-0.24307567
1.8140225,8.234046,1.4731002,5.1253614,1.6148915,-2.1813836,-0.14022464,-0.27325022
1.792497,8.50419,1.4675369,5.1126227,1.6263919,-2.2139537,-0.10375947,-0.43863797
1.9933623,6.4825463,1.4846516,5.172887,1.6047966,-2.1935315,0.020387053,-0.28158006
2.5001087,5.2418303,1.4844761,5.205924,1.6029029,-2.2319741,-0.10253221,-0.26128188
2.7625644,7.983682,1.4972115,5.1729403,1.5883205,-2.2305017,-0.0667873,-0.49270988
2.9268413,8.972988,1.4798498,5.261511,1.601666,-2.233375,-0.105894685,-0.47734073
2.9427218,5.8971972,1.4257843,5.310748,1.6190057,-2.221088,-0.09406251,-0.40160426
2.7232616,5.12227,1.4556324,5.3091726,1.6025009,-2.233254,-0.1269871,-0.40917912
0.5687452,5.700262,1.4199297,5.31322,1.6333537,-2.2339196,-0.1506769,-0.27524942
1.8602661,3.6840458,1.4265027,5.226721,1.6494224,-2.2412775,-0.043027103,-0.35508305
1.2361674,9.91284,1.4222782,5.2090273,1.6580973,-2.2786815,-0.061609566,-0.42125177
2.591456,6.2308955,1.4376132,5.1429853,1.6865678,-2.2374806,-0.029523373,-0.3408119
1.9488614,6.328343,1.4277198,5.141385,1.644378,-2.2104545,-0.11545241,-0.3290688
0.8933138,7.990407,1.4254916,5.1638784,1.6721983,-2.2573826,0.0034594536,-0.31850663
1.2892871,6.0245776,1.4346728,5.138315,1.6594155,-2.2856648,-0.103342,-0.49071854
1.8625715,8.230754,1.4086487,5.2179785,1.6517475,-2.219381,0.029343128,-0.49334195
1.0137169,5.706568,1.3669827,5.1490555,1.648114,-2.1979775,0.1854899,0.10746968
1.1098937,8.547299,1.442738,5.1595454,1.6063778,-2.2110705,0.8689574,0.3486427
1.4696398,2.4749854,1.4718585,5.1115503,1.6250138,-2.2122486,1.1266034,0.36296523
2.314139,7.3609905,1.4739909,5.0936007,1.634543,-2.160236,0.28901732,0.32578468
2.9410632,2.910944,1.4971685,5.092144,1.6316764,-2.2414274,0.26502883,0.45344067
0.60777974,2.4971457,1.5011022,5.0770445,1.5803008,-2.2371259,0.19986653,-0.14743567
2.5197325,6.228644,1.5936179,4.995177,1.5981052,-2.213851,0.0909425,-0.06719649
1.6867062,8.965443,1.5795064,4.983233,1.5976672,-2.2254257,0.17776382,0.010476351
2.2178714,9.310808,1.5884786,4.9418807,1.6145391,-2.2816532,0.1374613,-0.131181
0.7615421,9.56619,1.5961995,5.048987,1.61975,-2.2692022,0.13842392,-0.25018352
1.1217644,9.44862,1.5867565,5.044339,1.584523,-2.2221496,0.09153843,-0.26293445
1.1350603,8.719212,1.5232201,5.029431,1.6018326,-2.1669283,0.12622881,0.0194664
1.3791319,4.3440323,1.5299864,5.056301,1.598593,-2.262207,0.06558144,-0.41453555
2.3536012,9.7644825,1.5565629,5.000247,1.6137829,-2.2459183,0.12218189,-0.35997158
2.6850219,9.440823,1.5858235,4.982135,1.6099796,-2.2102475,0.094724536,0.1057384
2.4860835,8.885469,1.5608807,4.985572,1.6112812,-2.2041378,0.114434004,-0.03594148
1.228934,9.037157,1.514646,5.0403786,1.6202917,-2.2420015,0.38988888,-0.0068479776
0.97308576,8.884468,1.5136313,5.100066,1.5714593,-2.137068,-0.15758657,-0.10167435
1.5192277,4.000045,1.5581775,5.128208,1.4994922,-2.1483943,0.021786928,-0.08475125
2.076663,5.820487,1.5645959,5.085461,1.5118744,-2.1474607,0.12242067,-0.21938407
1.3491256,7.227417,1.5582318,5.146015,1.5079925,-2.1829581,0.08193076,-0.26188606
1.0974963,4.344554,1.5195329,5.1676903,1.4959409,-2.091113,0.1278013,-0.17717203
0.77143174,7.306673,1.5138166,5.239995,1.5172253,-2.133635,0.18840528,-0.09072286
1.412325,7.244402,1.5025129,5.2022495,1.5203018,-2.1586518,0.1977514,-0.31594187
2.5291252,7.505142,1.5115924,5.211851,1.5290179,-2.1660407,0.1592921,-0.061344862
1.8464135,8.799431,1.5080795,5.2338247,1.5445642,-2.1640284,0.03823769,-0.045181096
2.145654,9.106565,1.4693694,5.264177,1.5738661,-2.16462,0.22188807,0.105877936
2.7390347,3.3181155,1.4546728,5.2151203,1.5773697,-2.1593874,0.16839457,0.13929403
2.3069792,9.555355,1.4684553,5.1966276,1.5803442,-2.153088,0.06662226,0.021461606
2.8772557,9.326551,1.4576876,5.3045464,1.5713282,-2.1895492,0.050103307,-0.32295495
2.8805423,6.992863,1.504283,5.2823324,1.5337293,-2.2247565,0.051766396,-0.35338566
2.9084995,7.5269156,1.5058882,5.298998,1.494606,-2.1350834,0.063367724,-0.014189959
2.854235,7.6219206,1.507937,5.272187,1.5025218,-2.1076016,0.045119524,-0.13015413
2.6411731,8.645607,1.4848671,5.287777,1.496346,-2.059352,-0.06491023,-0.09278068
2.8089666,7.9652424,1.524961,5.1381283,1.4933517,-2.080738,0.16890228,-0.07123119
1.2847443,5.972231,1.5941648,5.131596,1.4847784,-2.1814685,0.111748815,-0.13216755
0.95499444,8.185196,1.5649052,5.1307697,1.4717677,-2.140698,0.20710647,-0.22387692
0.5727377,3.9598334,1.5912533,5.2579966,1.4732783,-2.1458733,0.2311964,-0.06577504
0.5895705,6.7639837,1.582201,5.2266884,1.472065,-2.0953379,0.20048058,-0.12526044
0.56731313,6.333623,1.6039269,5.2559643,1.4569297,-2.0889444,0.15269601,-0.16723642
0.5325323,6.107714,1.6257498,5.2543106,1.4723065,-2.108015,0.02907443,0.11405814
0.56270224,7.513891,1.6095314,5.252844,1.4758148,-2.1156414,0.15542734,-0.31350252
0.6056438,7.726964,1.6178126,5.258205,1.472091,-2.1305141,0.10333192,-0.2086227
0.549618,7.3672967,1.5958455,5.2820444,1.4921696,-2.1503794,0.055906773,-0.311886
0.50640804,7.597713,1.5907142,5.306883,1.4971528,-2.1568928,0.10065687,-0.19490197
0.5135801,7.1442146,1.6063809,5.31891,1.4785094,-2.1921563,0.15819943,-0.24109256
0.54016984,6.4630475,1.598805,5.2167864,1.5211942,-2.1426656,0.379331,0.074726164
0.66327196,7.1707354,1.6046891,5.0918226,1.5066597,-2.1721463,0.21135008,0.077632844
0.6312848,7.702614,1.5900581,5.1466427,1.5147557,-2.0930185,0.12051904,-0.10913277
0.5730052,6.979444,1.5898361,5.207012,1.5183291,-2.1115234,0.24358654,0.21207613
0.686463,6.53166,1.5766196,5.1945925,1.504065,-2.1794183,0.44717395,0.20953846
0.7480475,4.9894304,1.5489006,5.163403,1.5139732,-2.1555586,0.32209742,0.19037265
1.185225,8.156388,1.5581112,5.101018,1.5315452,-2.165496,0.37985885,0.14340901
1.104486,5.4060855,1.5620079,5.06747,1.5412228,-2.2230787,0.28860438,-0.023436964
1.2866995,8.633218,1.558393,5.0961647,1.5406978,-2.1863651,0.27398694,0.08205593
1.310873,3.4728389,1.5857999,4.855221,1.5687177,-2.1837356,0.22095263,0.089873254
1.1987337,3.3459182,1.651695,4.74362,1.5573914,-2.1860642,0.18082476,0.26760745
1.7194037,4.9297895,1.6413126,4.838379,1.6075678,-2.2845726,0.3581593,0.05555302
2.424758,5.9516115,1.5953743,4.897023,1.6062837,-2.2811382,0.18612134,0.027904391
2.5320864,5.999735,1.5886922,4.9541783,1.6166897,-2.2363024,0.15859222,-0.063183606
2.4716477,4.6810813,1.5871682,4.9739733,1.5572481,-2.1507936,0.27344584,0.12687433
2.4835,5.7930593,1.5814106,5.0391126,1.548482,-2.1690373,0.14156675,0.05775845
0.702766,3.6558614,1.5874739,5.009346,1.5623028,-2.2044942,0.24008632,0.09167409
0.66238236,4.151355,1.5904117,5.0331583,1.5585415,-2.1769629,0.14978898,0.086748004
2.8834105,3.5453014,1.5608013,5.0012016,1.5696054,-2.1799793,0.1794306,0.03123039
2.4539976,8.130718,1.6289217,4.8443456,1.5719395,-2.1596594,0.22037256,0.1316998
2.7181778,8.383143,1.6423702,4.8700175,1.547405,-2.159027,0.3213452,-0.1123828
2.594236,4.2317686,1.63625,4.770441,1.5465729,-2.1218271,0.25251198,-0.08656329
2.7264352,9.848582,1.6491392,4.826806,1.5578535,-2.1264665,0.2322805,-0.07829046
1.6822467,8.233607,1.6525421,4.797983,1.5559223,-2.1630697,0.2546506,-0.10717487
1.6875349,3.3977842,1.6562507,4.870895,1.5339899,-2.1549745,0.23652542,0.1480372
2.7547016,8.411814,1.6498806,4.7858524,1.5360591,-2.1163063,0.28963125,0.04579413
2.858009,8.245775,1.6526747,4.815828,1.5447397,-2.2117085,0.19417942,0.012711287
2.565055,7.7799225,1.6687856,4.7072234,1.6344628,-2.2220044,0.19181037,-0.23841834
2.57045,9.492467,1.676723,4.7087164,1.635117,-2.2671866,-0.0021460652,-0.2875533
2.871852,8.459879,1.6300402,4.7411814,1.6601763,-2.1998415,-0.044177055,-0.39921755
1.7009816,8.172558,1.64591,4.6520476,1.6564598,-2.18929,0.016002417,-0.14314374
1.3280272,3.7198207,1.6442649,4.729103,1.62835,-2.2008278,-0.21331626,-0.37503138
2.3639517,9.368028,1.6562865,4.7061105,1.659519,-2.2837448,-0.15871853,-0.37432835
2.5293128,9.581156,1.6946266,4.655733,1.6639452,-2.2542388,0.0947026,-0.47075
2.3160682,7.086431,1.660459,4.648008,1.6397159,-2.2442827,0.12815738,0.01546216
1.7956578,8.922491,1.6874127,4.6745462,1.6359758,-2.2884781,0.22440648,-0.23516557
1.5392574,7.9976125,1.6807818,4.624839,1.6567051,-2.3051856,0.16070974,0.10348576
0.75887465,5.6816034,1.6693277,4.633153,1.666673,-2.2880554,0.17534709,0.18091106
2.871123,5.2918253,1.6813269,4.6029572,1.6721995,-2.2958877,0.4558288,0.17353672
0.6507601,6.312855,1.6774943,4.5779953,1.6301179,-2.22225,0.18372369,-0.17773294
0.88715625,5.5986547,1.7011428,4.561892,1.5959182,-2.2455053,0.14760101,-0.20355976
2.3871014,4.031389,1.7378278,4.4598475,1.6234131,-2.2295256,0.06526852,-0.1808247
2.0275137,6.0824113,1.7908077,4.424189,1.6107221,-2.224791,0.24047554,0.071542025
2.725749,3.948066,1.7845316,4.425198,1.6177382,-2.2293406,0.22748792,0.13278937
1.2585632,7.027852,1.8149927,4.357814,1.6336,-2.212985,0.5824146,0.38837767
1.6338688,8.375805,1.7869964,4.376397,1.6641622,-2.2658508,0.88929737,0.25627077
1.4228078,8.221319,1.7808731,4.279298,1.6567531,-2.2315817,1.0023735,0.43722057
1.1947815,2.6060221,1.7943795,4.391496,1.6460168,-2.248488,0.7460755,0.44002128
1.108346,8.6395235,1.7934065,4.254071,1.6925409,-2.248172,1.1099446,0.6016066
2.7557337,8.195932,1.8248107,4.284769,1.6959698,-2.2556314,1.1770611,0.6283114
2.2000256,9.268913,1.8355229,4.1854258,1.6961412,-2.227281,1.1924489,0.6742449
2.8907287,5.649624,1.8149545,4.289939,1.6671972,-2.2398357,2.4020393,0.47857654
0.8879607,7.017978,1.8082833,4.387672,1.6270709,-2.2161703,1.8915908,0.5597627
2.8598292,8.1690035,1.7955766,4.357546,1.6274478,-2.2263906,1.1744754,0.48412633
2.869105,8.322992,1.8390827,4.377128,1.6148498,-2.2209857,2.0716045,0.49317533
2.877728,9.148035,1.8629258,4.416671,1.5935011,-2.2190757,2.6076865,0.4499905
2.5463548,4.32377,1.8130574,4.379676,1.6316957,-2.212981,2.0456967,0.6683829
2.0596452,3.356464,1.8222923,4.3977833,1.6236589,-2.235709,1.7228508,0.5821761
2.4866176,5.0675807,1.8028421,4.3609095,1.652087,-2.2611628,1.8829942,0.41434383
2.6958547,2.6903377,1.8609598,4.357013,1.6219916,-2.2307522,1.1064558,0.5760083
2.063545,6.527215,1.8880188,4.220232,1.6380093,-2.2208805,1.0737555,0.4921146
2.8786926,2.254856,1.8212957,4.4164085,1.584249,-2.2233458,0.79455805,0.4923122
2.414609,8.047001,1.8390288,4.4575963,1.5844035,-2.2342525,2.5840907,0.4639657
2.4631696,9.465954,1.8233485,4.5168834,1.5816402,-2.2124567,0.59583545,0.24431998
2.4416895,2.9438787,1.7683263,4.521041,1.5674901,-2.197734,0.47896528,0.25047404
1.4872526,7.898142,1.780225,4.473318,1.5899315,-2.2411761,0.32212138,-0.14366624
1.9169251,5.569317,1.7544832,4.4447923,1.6091037,-2.2435212,0.33008254,-0.104287505
2.0383856,5.607248,1.7508845,4.4987307,1.58817,-2.2087154,0.09886694,-0.10935244
1.0160059,9.561366,1.5186749,6.3657985,0.8541994,-1.5461771,1.1828854,0.24611247
1.0067562,8.229004,1.5059392,6.345417,0.89225984,-1.5175769,1.3775392,0.47550428
1.019367,6.09319,1.5172629,6.332809,0.8413484,-1.5250723,1.7612407,0.52772593
1.3081241,3.4027286,1.521173,6.299228,0.83624506,-1.5088837,1.1270955,0.41118932
1.7213354,3.8126197,1.5134482,6.2718782,0.8344488,-1.4978253,2.4180524,0.47151613
2.459278,6.972582,1.5173116,6.296447,0.8331449,-1.5079126,2.4980707,0.45104277
1.512063,6.381799,1.5081635,6.3053803,0.83792496,-1.4859012,2.6381712,0.6181948
1.8464434,4.1189976,1.5320892,6.29242,0.8189471,-1.4222149,2.6301465,0.55780256
0.9120266,3.9161506,1.5041723,6.318857,0.8276932,-1.5015332,2.7227726,0.5925915
1.4503794,3.6542225,1.4827566,6.4030623,0.8247237,-1.467095,2.5942314,0.63552403
1.048167,4.08635,1.4873424,6.479086,0.7883105,-1.40767,2.0046084,0.5938332
1.9260721,6.5128813,1.5263741,6.5396504,0.728724,-1.4244671,0.37267256,0.38416064
1.9173048,7.3345933,1.5665748,6.5041814,0.71910644,-1.4510419,0.35867357,0.28418797
2.6942015,2.8035662,1.5878129,6.3677588,0.70573235,-1.3217329,0.43634486,0.437694
2.3097477,2.1742563,1.5619199,6.4138455,0.69697976,-1.3366327,0.5876732,0.40433753
1.0616214,2.51317,1.5641098,6.432085,0.7067194,-1.3547144,0.5511637,0.38921022
1.2299333,5.671586,1.52946,6.4871454,0.70225644,-1.3391426,0.6044649,0.41722345
2.2958808,5.6942987,1.5651238,6.5044565,0.68763876,-1.3249516,0.84910274,0.44532382
2.5338187,3.9883118,1.5637188,6.4751453,0.68924165,-1.3529642,0.59944355,0.45476902
1.4677997,6.5501213,1.5570443,6.4282084,0.6901765,-1.3417063,0.70183814,0.2876752
2.1991935,5.6711254,1.5870147,6.454611,0.6660197,-1.2941566,0.7627064,0.41298962
2.1605124,8.1091585,1.587466,6.3597617,0.6947112,-1.3469613,0.84273803,0.29184657
1.8340986,3.2760818,1.6293535,6.339117,0.71961355,-1.3357011,0.21571851,0.22453892
1.9352118,2.6650977,1.6561847,6.408614,0.667048,-1.3375187,0.33155572,0.2893455
1.9844813,2.1893418,1.540287,6.349148,0.6908002,-1.3230453,0.021270275,0.0686087
1.6170905,7.100401,1.5428224,6.3992543,0.7056322,-1.3958184,0.11488116,-0.18011841
1.97748,4.7129393,1.547595,6.4679847,0.6927917,-1.3939757,0.15837657,-0.14241222
2.7506049,7.1868954,1.5461166,6.4502726,0.6971574,-1.3997853,0.16489923,-0.2403081
2.773141,7.299709,1.4388602,6.4995203,0.71156216,-1.3817909,0.010631919,-0.27947015
2.359158,4.9633923,1.3001342,6.663239,0.7771194,-1.3545847,0.034971833,-0.27407417
1.3053551,5.1578918,1.1989498,6.76247,0.7595093,-1.3134967,0.12018311,0.18667299
2.578314,3.5772998,1.175484,6.74162,0.74851274,-1.3545134,0.28011632,0.35362375
2.4914792,6.5983768,1.1920238,6.7437696,0.75845623,-1.3426448,0.46281123,0.447208
2.3803563,4.348119,1.1945424,6.7308087,0.7579336,-1.3531499,0.9453974,0.5259193
2.2837858,9.09473,1.1461797,6.7842197,0.7975924,-1.3815877,2.6534011,0.41362822
2.9279323,7.660236,1.1097171,6.8112774,0.78851557,-1.3458749,1.8178613,0.556885
1.9689789,7.4859314,1.1349442,6.8679533,0.7486739,-1.3296416,2.180117,0.59494185
2.3381526,6.5357966,1.0878072,6.9247875,0.7375386,-1.2990537,0.8971325,0.3018365
1.1873381,6.8745794,1.1384039,6.9704666,0.7401717,-1.3212771,0.57869947,0.6403159
1.0159264,5.3075614,1.12238,7.0662103,0.711355,-1.3174756,0.03989899,-0.027439177
2.5796032,3.385764,1.1174359,7.0341496,0.6804719,-1.3487442,0.25295663,0.2554018
1.7318687,3.300518,1.0824857,7.0309043,0.70655084,-1.3864095,0.15361023,0.09265202
1.9663234,7.2069197,0.9437969,7.0939097,0.7466173,-1.4335845,0.12795722,-0.041658282
2.0709739,3.6637862,0.9588176,7.2312927,0.73736405,-1.4123933,0.13223171,-0.043474704
1.3766319,9.0211525,0.951964,7.25893,0.7349067,-1.3851775,0.10518491,0.0013594031
1.2772989,9.911182,0.9206257,7.304469,0.76494884,-1.3732028,0.119701505,0.0028768778
1.3400452,8.359243,0.79095507,7.2845516,0.78901005,-1.3547859,0.2186253,0.14236093
1.171573,7.448604,0.733639,7.3065825,0.804584,-1.3596144,0.23127055,0.08584857
2.7027678,5.6458807,0.7288351,7.378607,0.8019049,-1.3105141,0.14441764,0.37796986
1.4636748,4.636655,0.6893164,7.3314657,0.74753284,-1.2571173,0.13263154,0.5050199
2.4291778,9.166447,0.8268579,7.3162303,0.71759844,-1.242549,0.40793204,0.44080436
1.4060458,9.052624,0.8891345,7.315616,0.6468506,-1.2960446,2.1503923,0.50301373
1.4221303,3.669136,0.8866615,7.3224573,0.6523044,-1.2901701,0.6081171,0.48190343
1.2650987,4.201558,0.9014033,7.2364135,0.6610763,-1.2198792,0.25941956,0.22083247
2.8361228,4.0301495,0.98342824,7.235195,0.61905456,-1.207613,0.17900074,0.03173387
2.9920382,5.144199,1.0107539,7.197385,0.6227493,-1.2304833,0.5670197,0.42188513
2.973879,9.084814,0.97745,7.236824,0.62260675,-1.2044463,1.1268821,0.6067407
2.977819,9.6595545,0.9728224,7.2996116,0.6091218,-1.2185459,2.3639252,0.6484952
2.1661286,4.9268975,0.9338459,7.409259,0.6169951,-1.2224082,0.91058636,0.46276408
1.8425651,2.212119,1.0426149,7.2174907,0.61215043,-1.2352177,0.77472746,0.38510895
2.833673,9.975906,1.1018324,7.055168,0.6102395,-1.151374,2.441733,0.53143
1.9725227,4.64824,1.1351192,7.1264877,0.5476091,-1.1644213,1.2559156,0.49766755
2.0907516,7.954722,1.0763471,7.175902,0.5520501,-1.1516547,2.2720714,0.49506724
2.0507739,6.9225373,1.1368048,7.176778,0.5314646,-1.159615,2.6310034,0.5512829
2.4449143,9.373313,1.1277006,7.110731,0.5924325,-1.1774881,1.5711317,0.6480515
2.6743503,9.267082,1.1323969,7.2373633,0.549865,-1.1838487,2.999077,0.5500752
2.614763,5.22404,1.1536784,7.221854,0.5321617,-1.1807954,2.0218933,0.5002942
2.6785767,8.52718,1.1546893,7.1311255,0.5372095,-1.1686723,2.3053064,0.5868845
2.5541425,7.6163626,1.2130067,7.2345867,0.5237856,-1.1530569,2.300964,0.62330675
2.462181,5.217246,1.1101301,7.17531,0.5067148,-1.0760984,2.6569734,0.4907844
2.099366,9.026016,1.0845926,7.2126923,0.5121107,-1.1285594,2.283508,0.48510933
1.8476385,5.9541264,1.1049697,7.143591,0.56955814,-1.1300578,2.9757938,0.73038375
1.8146751,7.4844713,1.0983233,7.144739,0.57209396,-1.1369808,2.7003434,0.49061614
1.8671743,7.0937047,1.0851727,7.045963,0.58960295,-1.1603122,2.2028735,0.47847295
2.4793093,6.2886167,1.1107817,7.03996,0.5903051,-1.1321311,2.0431585,0.5187068
2.662444,8.851318,1.1225433,7.074437,0.54627633,-1.112262,1.4487467,0.4532594
2.3725007,9.571276,1.2047489,6.9242363,0.55465746,-1.0962179,1.0417862,0.27044857
2.550764,4.969809,1.2297873,6.9469547,0.53927016,-1.1336515,0.0472548,0.20850849
1.5759068,2.9793005,1.3902376,6.8797884,0.49170065,-1.160994,0.31399977,-0.090699136
1.859002,2.6017857,1.4817438,6.794973,0.4540329,-1.1105187,0.20658123,0.09303665
2.0438075,2.5027695,1.5567975,6.6996865,0.45709157,-1.1174207,0.43334198,0.11028898
1.2231181,2.5450897,1.5785501,6.7575164,0.4149208,-1.111422,0.3338033,-0.03634575
2.7887726,3.0538373,1.6027017,6.7276597,0.41329384,-1.0209553,-0.031119049,0.042899966
2.3551285,2.400296,1.7088618,6.786194,0.374712,-1.0354974,0.19646144,-0.056565702
0.8210419,3.150529,1.6049416,6.9686694,0.3394947,-0.999285,2.1828687,0.34173495
0.92839116,2.806281,1.634157,6.9737086,0.32949615,-1.0476265,1.6968272,0.5127597
0.95813406,2.8850908,1.646524,6.934467,0.34802628,-1.0550032,1.544657,0.42352408
2.0998738,2.7756488,1.5009198,6.9558897,0.3810532,-1.0420399,1.5364192,0.60369134
2.4279194,6.5535417,1.4757724,6.9743776,0.3846128,-0.9896867,2.5028143,0.59854317
2.6251159,6.2911544,1.5523174,6.9333353,0.36125183,-1.0225357,1.9357743,0.5116031
2.558762,5.770478,1.5459981,7.006442,0.3723173,-0.99614334,1.3931301,0.46104854
2.819118,7.0413995,1.619467,6.9911356,0.35925674,-0.980649,2.9216535,0.5782467
2.7255116,6.2755337,1.5765195,6.9714317,0.36686373,-0.9896946,2.2927406,0.7455214
2.9667337,7.7000113,1.6659644,6.901524,0.36641645,-0.9863944,2.8377116,0.7036736
2.7545342,6.594388,1.7071235,6.905374,0.35208917,-1.0129634,1.812254,0.36172384
1.9212615,9.147909,1.7945399,6.8655324,0.33094835,-1.0341786,0.14074838,-0.25677285
0.9070991,2.7862005,1.763763,6.7577324,0.34852147,-1.0636622,0.13079941,-0.038556457
2.997872,7.7201233,1.8105326,6.717243,0.3478706,-1.0025849,0.044667006,-0.05074328
2.997973,3.5726633,1.7807713,6.751837,0.32027364,-0.99389577,0.17825055,-0.12405658
1.8766812,5.4474745,1.7966812,6.7852693,0.32915163,-1.0256063,0.07692611,-0.2467486
1.944902,2.2478158,1.7748308,6.8422117,0.3136096,-1.038822,0.03861797,-0.111296326
2.2621472,7.420038,1.8058398,6.8049636,0.3221867,-1.032359,0.2735728,-0.03091991
2.9267876,7.295913,1.8053997,6.8072824,0.3238895,-1.0452265,0.39303553,0.14314651
2.8351827,3.64465,1.7298031,6.844531,0.35138798,-1.009974,0.13207793,0.0830822
2.7993526,5.2797346,1.6766236,6.813794,0.35342884,-0.9838102,0.20271432,0.037139773
1.8498716,6.784837,1.644516,6.81884,0.36685944,-1.0542588,0.16118598,-0.16194928
2.8215933,6.8840213,1.6660373,6.838258,0.3755772,-1.0862564,0.18187714,0.060728192
2.2022557,5.924697,1.6327968,6.883745,0.382236,-1.035136,0.40583813,0.21959215
2.2905176,6.941575,1.5751901,6.8648076,0.38926196,-1.0786521,0.2945788,0.09317207
2.4102626,3.0261881,1.6301746,6.910672,0.4018054,-1.0826573,0.45592105,0.12701559
1.0562704,3.7463756,1.6231489,6.8966255,0.35898113,-1.0673993,2.3723297,0.4931984
2.0709136,3.931365,1.5795233,6.892577,0.406003,-1.0619783,2.9661179,0.61070406
2.4062653,6.7418227,1.5895629,6.835664,0.42443943,-1.1023831,2.083706,0.6288812
2.5052452,9.071453,1.5460427,6.8121467,0.44223356,-1.0263014,2.39619,0.63095486
2.763905,9.0378475,1.5975223,6.779604,0.43662667,-1.0434029,2.026728,0.5996003
2.6284823,7.162091,1.603337,6.8214273,0.43898082,-1.0703261,1.7572012,0.52541757
2.0880218,4.8029547,1.5396183,6.7978196,0.4251356,-0.9950733,1.009664,0.5159018
2.7639246,8.710686,1.5468464,6.884716,0.4070611,-1.035429,1.422107,0.4768868
2.7449646,3.6242301,1.507854,6.9155445,0.41035962,-1.0296748,1.6173644,0.45811045
2.2263308,9.777032,1.5701461,6.884982,0.42259073,-1.0781872,1.3990178,0.49114966
2.9644473,9.151562,1.5631821,6.9055667,0.40893555,-1.0677998,1.6476617,0.47915828
1.8622092,7.7369604,1.452096,6.9197245,0.40833092,-1.0033607,1.5457408,0.5693512
2.4139044,6.985374,1.4616945,6.96239,0.40558195,-1.0879236,2.8536105,0.5815871
2.0477245,4.128589,1.5359039,6.972435,0.41187453,-1.0990766,1.8571882,0.4037764
1.9093015,3.4520745,1.522835,6.9473457,0.3948779,-1.0491176,1.3158634,0.42872757
1.5474596,2.597843,1.4902377,6.979905,0.38352466,-1.0677521,2.0654733,0.55067873
2.009405,4.148819,1.5117624,7.0301986,0.39506793,-1.0540624,2.0768416,0.61328816
1.469171,3.8563824,1.5360382,7.0564013,0.36695075,-1.0757525,2.7275872,0.53902686
1.8168145,4.892207,1.5207496,7.0683184,0.3711295,-1.0947185,2.62784,0.6119168
1.9775255,3.0606003,1.5353322,7.1192737,0.38468862,-1.0929849,1.9229016,0.61578214
0.7793952,3.5976775,1.5822918,7.107364,0.3617277,-1.0561597,2.990458,0.64262676
1.7757411,5.153039,1.6286204,6.949329,0.39450002,-1.0030861,2.855847,0.70639133
2.2362075,3.2918735,1.6416407,6.988351,0.3317032,-0.96489096,2.2997215,0.45040572
2.6944072,6.0522456,1.5289385,6.895556,0.39069963,-0.972486,2.6830885,0.6622945
2.0196185,7.1948013,1.5033269,6.9695535,0.3614285,-0.987586,2.3927596,0.60245645
2.077823,7.205784,1.5375655,6.9363523,0.37018394,-1.0054488,1.8437996,0.4291582
2.5853436,7.0448184,1.4715915,6.8952503,0.36711144,-0.8984685,2.849061,0.5960059
2.8223338,8.915533,1.3982458,7.001375,0.37086463,-0.95564127,2.2844913,0.60107565
1.9888659,5.3049707,1.3981593,7.0143147,0.3860724,-0.9479737,1.3586495,0.65013576
1.3381089,2.9110677,1.3339999,7.124083,0.37320757,-1.0136218,1.4147747,0.4974426
1.3084638,3.3562295,1.3714442,7.140764,0.36414456,-0.99291396,1.8665085,0.44393712
1.5336553,2.4131856,1.3716326,7.165379,0.3588593,-1.0132895,1.1943283,0.45698303
1.1276877,2.3118222,1.3920696,7.1446457,0.3303504,-1.0184088,1.6008232,0.46873605
1.1674898,2.410255,1.5291848,7.138235,0.344249,-1.0440536,2.740011,0.6782768
0.8000273,2.5359082,1.5218227,7.0445,0.38869572,-1.0354832,1.9316397,0.52228045
1.3531833,2.9184334,1.5191741,7.0605364,0.3907671,-1.0734962,2.4616973,0.5607054
0.8064656,2.3140306,1.4743052,7.0051937,0.3946588,-1.0799451,2.4636269,0.40079117
2.1515362,3.840452,1.480058,6.973122,0.40086746,-1.0212096,2.3083696,0.6383791
2.2233596,6.875138,1.4673667,7.0005703,0.39802027,-1.0389636,2.916883,0.6393472
2.1500661,5.6006927,1.3472998,7.1433506,0.43311095,-1.0411761,2.97971,0.62538743
2.2332702,4.785989,1.3923583,7.049617,0.4383967,-1.1283879,2.9846947,0.60346913
1.6181529,4.7248807,1.3583622,7.094879,0.44111943,-1.0713698,2.913791,0.51859224
1.9272772,4.9519167,1.355093,7.0458307,0.4462602,-1.0731082,2.69093,0.56959414
2.8217013,5.823474,1.4229934,6.992981,0.4718442,-1.1336911,2.2480512,0.59362173
2.034603,9.203707,1.3809803,6.969632,0.4803927,-1.0978236,2.374542,0.604375
2.693812,9.106389,1.3119202,6.989957,0.48578668,-1.0965762,2.4056413,0.5123186
2.2402835,2.5004637,1.3048067,7.0305243,0.46998978,-1.0932416,1.8355606,0.5008944
2.2418365,9.3869,1.3247662,6.9070063,0.503602,-1.1138942,2.1686535,0.48636752
1.2203867,3.9214935,1.4033554,6.8812513,0.5114174,-1.1797285,1.6682608,0.5078732
1.8677431,7.607416,1.3280678,6.9269037,0.5249288,-1.1857882,2.1526892,0.44326198
1.1499975,4.1128283,1.3445656,6.963294,0.5441556,-1.1638409,2.8762603,0.57331157
1.6185048,8.16802,1.3301604,6.9171195,0.5203998,-1.0998863,2.7186842,0.7752243
1.4430621,2.7076242,1.3552458,6.9733787,0.5265808,-1.1794899,2.5834599,0.6450455
0.98163104,2.7740455,1.2809899,7.1024485,0.53769827,-1.1679872,2.9678671,0.56835604
1.4773364,2.1555696,1.3320074,6.924647,0.5399482,-1.1926157,2.8104165,0.5081948
1.4082185,3.24229,1.3819864,6.8679943,0.5379081,-1.1667492,1.2668386,0.39854813
1.2774733,4.674871,1.2642775,6.955002,0.5667224,-1.2483637,1.9465292,0.50216067
2.6864147,6.490539,1.1624115,7.0642495,0.57234025,-1.2032472,1.7006731,0.3960693
2.2084582,6.9144163,1.1103117,7.1782084,0.55721116,-1.1609614,2.292381,0.43481332
2.5869272,7.6130013,1.0515461,7.2060556,0.56852055,-1.1737322,1.7520375,0.49786603
2.8015423,6.4000154,1.1427333,7.1550694,0.51173043,-1.1504753,0.5311866,0.13472748
1.7170395,3.1542838,1.1642046,7.131627,0.52330184,-1.1640995,0.529024,0.42093563
2.4193926,5.086338,1.0897918,7.1778674,0.53319,-1.1244876,0.652619,0.40559864
2.2846632,7.869389,1.1332932,7.131819,0.5359938,-1.1689131,1.1382148,0.3596285
2.0528908,9.193445,1.1513774,7.0787535,0.53660583,-1.1411047,1.3471882,0.52585816
2.6374433,3.8154159,1.2095275,7.122383,0.5248456,-1.1658616,2.2847977,0.45772195
1.3520734,5.424822,1.2136161,7.2171173,0.56699467,-1.2333376,2.391921,0.6885531
1.2851596,5.611908,1.264163,7.1765513,0.5098014,-1.183831,1.1777906,0.51982653
1.1531026,3.0638947,1.161396,7.1593313,0.553314,-1.163193,2.0086586,0.47035813
1.0695934,3.739162,1.26473,7.1398416,0.5380378,-1.1848686,0.8229345,0.40946317
0.9557734,4.6545014,1.1996744,7.1829934,0.57235646,-1.2462348,2.120755,0.44663668
0.93806696,7.2422543,1.2770414,7.175832,0.5824168,-1.2256634,1.7013643,0.55739725
1.1345161,9.5105915,1.3347144,7.081308,0.58064413,-1.2059022,1.3176928,0.4815942
1.0089195,3.2553067,1.2618835,7.0396876,0.58793306,-1.2761861,0.55873346,0.40475327
2.160964,4.3911343,1.2295332,7.0657687,0.59757185,-1.2612916,0.19177842,0.35544276
1.6262691,4.344262,1.2453325,7.0328417,0.59529185,-1.2771535,1.4050431,0.34480345
1.7493616,5.1521325,1.2366011,7.062373,0.59268236,-1.2550287,0.9962292,0.5542582
2.5936134,5.5138407,1.2155366,7.0843916,0.60451794,-1.2996335,0.9039196,0.5494554
2.05967,6.6870914,1.1759212,6.9824147,0.6197138,-1.2413309,2.4433272,0.47603858
2.5842376,7.1500416,1.0934353,6.9977717,0.66440225,-1.241145,1.8049917,0.6132796
1.4649022,6.9118714,1.1525469,6.9901066,0.68457294,-1.2641532,1.1018343,0.46207094
2.4155316,4.097271,1.2450454,6.9305267,0.67317295,-1.3194823,1.5646203,0.47232175
2.129324,5.979982,1.1418488,6.9588337,0.7084482,-1.317672,1.9536927,0.5413848
2.1025267,5.165312,1.1715376,6.9512386,0.7068534,-1.3473837,1.6991043,0.46825325
2.6864953,4.341096,1.1196609,6.9718003,0.7289374,-1.3522549,0.5800998,0.4490943
2.988973,7.199693,1.0984578,7.0479546,0.73538613,-1.3435357,0.3517697,0.0705899
2.9922142,6.1916227,1.0618579,7.052024,0.727365,-1.3915253,0.41681433,0.1581285
2.4893844,9.941734,1.136312,7.03395,0.72677684,-1.3487906,0.27186835,0.27540928
2.6102335,9.848055,1.0998552,6.9527483,0.75642323,-1.3584523,0.2868477,0.06336182
2.4955091,9.272156,1.1751199,6.912288,0.76054573,-1.3658314,2.1709669,0.4254042
2.8187187,8.227702,-0.48931694,9.333448,-0.4624076,-0.17279983,-0.050529897,-0.3576908
2.9591448,8.197168,-0.5980314,9.348622,-0.4944117,-0.15047932,-0.25159895,-0.45699885
2.7078004,7.7964196,-0.374829,9.469263,-0.51345205,-0.15458298,-0.051597238,-0.33173236
2.6488059,9.045143,-0.38761795,9.501129,-0.47485256,-0.24443889,-0.023344994,-0.28794026
2.5290415,9.408091,-0.22302532,9.381104,-0.4640323,-0.18424702,0.046400785,0.048124313
2.5814457,9.434858,-0.40509737,9.462057,-0.4822482,-0.17386532,0.10706675,0.059132934
2.4798357,8.948067,-0.50037855,9.465629,-0.47465897,-0.23973036,0.11189711,-0.2758752
2.3970351,8.529139,-0.5793105,9.515941,-0.47747362,-0.16107059,0.110607624,-0.20928344
2.2274547,8.644687,-0.5081625,9.508993,-0.48486507,-0.18719077,0.001393795,-0.29096496
2.3217916,7.3893266,-0.45744407,9.397741,-0.50386333,-0.1646154,-0.014612675,-0.16184261
2.1026144,7.557773,-0.100266755,9.377746,-0.48709404,-0.15524054,0.040459633,-0.11392203
1.9932418,6.292525,-0.19775897,9.30985,-0.5070673,-0.15980434,0.00073349476,-0.2972777
2.2198985,6.7108316,-0.23345649,9.423149,-0.5478414,-0.16206145,0.011189222,-0.29327226
2.3035083,7.5888934,-0.11104965,9.430545,-0.5435983,-0.19263792,0.28330672,-0.08951196
2.3047824,7.1113434,-0.1714077,9.402498,-0.531319,-0.18412733,0.31901157,0.14068192
2.2629147,6.8425193,-0.44188577,9.450903,-0.5454432,-0.063462734,0.20148885,0.21317834
2.481269,6.139517,-0.47718006,9.39731,-0.52847016,-0.17595458,0.08135986,-0.047475815
2.4520473,6.53979,-0.54957867,9.489851,-0.5459807,-0.1848123,0.07788265,0.15854645
2.208214,6.9833694,-0.5501572,9.521531,-0.5518515,-0.0859766,0.35224462,0.25733435
2.213447,6.724517,-0.4265225,9.512537,-0.55190885,-0.09435606,0.27806985,-0.19299495
2.104959,5.82212,-0.5568467,9.493704,-0.55756676,-0.12440276,0.25651705,0.20788407
2.0006526,6.114402,-0.76840675,9.56395,-0.56447935,-0.103346825,0.21295118,0.02490592
1.9684806,5.913085,-0.27643245,9.637245,-0.58907056,-0.14126968,-0.20751834,-0.07810855
2.4039328,6.732411,-0.58882046,9.635596,-0.5646975,-0.083450556,-0.16391051,-0.18644506
2.534165,7.3838053,-0.59272146,9.516304,-0.5753932,-0.047263622,0.04492569,-0.08804533
2.623716,8.0143585,-0.57374525,9.464167,-0.56947327,-0.057507515,0.23236811,0.043507934
2.563246,7.2797966,-0.652712,9.560593,-0.5886798,-0.052603483,0.46693945,0.17095971
2.7231605,7.18627,-0.4221846,9.510836,-0.62648845,-0.08829236,0.25541604,0.15734345
2.7117426,7.601152,-0.081938505,9.476185,-0.653731,-0.08934307,0.28299057,-0.23206389
2.847731,7.2880983,-0.19003886,9.404208,-0.6317147,-0.096432686,0.2542678,-0.05448687
2.6733317,7.57575,0.08525753,9.425531,-0.6195539,-0.08837128,0.16714382,0.25162864
2.6886203,6.4055314,0.14303613,9.4268,-0.64489174,-0.1024642,0.5599985,0.27200866
2.8763318,7.3823433,0.054057717,9.392948,-0.64932454,-0.060548306,0.19747603,-0.35910484
2.7420783,7.3933234,-0.08151412,9.398951,-0.6344278,-0.056265354,0.17931437,-0.44348416
2.6993444,7.6371093,-0.027776957,9.359409,-0.5751543,-0.08912611,0.0075474977,-0.42236477
2.7860725,7.3411465,0.01891303,9.367377,-0.59548473,-0.1006031,-0.13345265,-0.2717337
2.732483,8.174467,0.22701931,9.370527,-0.60196733,-0.10341978,-0.045513272,-0.43465677
2.7064238,8.799365,0.5026032,9.350891,-0.5993233,-0.15014791,-0.05498588,-0.22359467
2.911783,8.516725,0.66296697,9.334629,-0.6427175,-0.10337186,0.2326957,-0.35838056
2.896256,8.671043,0.46226215,9.368417,-0.6649965,-0.06952548,-0.08980662,-0.434616
2.913775,6.834186,-0.03791964,9.406591,-0.64729786,-0.0916152,-0.09044021,-0.40424895
2.7648926,7.714217,0.02775693,9.454815,-0.6521133,-0.03020525,0.055140734,-0.2649681
2.7853909,7.060768,-0.18997055,9.42457,-0.63770545,-0.04876995,0.13229394,-0.24342877
2.756994,6.648201,-0.19449472,9.454447,-0.6554798,-0.045624256,-0.006165862,-0.37497354
2.731978,6.601326,-0.11839455,9.409012,-0.6546539,-0.059582233,-0.039197624,-0.21249261
2.809742,6.6605844,0.06555438,9.422844,-0.6463728,-0.058120966,-0.032859385,-0.41360372
2.6514173,6.8029127,-0.012749195,9.426641,-0.6433487,-0.071992874,0.05191636,-0.2862758
2.696554,6.041101,0.19920826,9.395052,-0.64224505,-0.081327915,0.014813185,-0.21411574
2.7536573,7.334335,0.097284436,9.461414,-0.67912734,-0.085953474,-0.054865956,-0.34579015
2.7901335,7.452426,0.07785916,9.468187,-0.6888485,-0.0346632,-0.02601856,-0.30712682
2.6566737,7.365268,-0.43611175,9.541737,-0.65040183,-0.084494114,-0.040022254,-0.17175993
2.3205743,6.0162015,-0.34472626,9.484074,-0.619259,-0.08006096,0.021520376,-0.1607711
2.1076865,5.7148046,-0.28700876,9.47577,-0.6273273,-0.06719947,-0.00015306473,-0.08300716
1.9264393,5.535993,0.11531937,9.432959,-0.61717784,-0.07835674,-0.057364225,-0.3526669
1.9825453,5.682488,0.2223016,9.469487,-0.60375285,-0.12164426,-0.09578508,-0.45288906
1.6684965,5.6152663,0.17972028,9.48,-0.5972178,-0.13481236,-0.007479787,-0.2768794
1.6773577,5.0434475,0.16629708,9.495498,-0.613878,-0.16041231,0.12986088,-0.34425586
2.0185666,5.0636473,0.08960581,9.473906,-0.568611,-0.24443245,0.06707513,-0.33073896
2.3497345,3.0260377,-0.3919574,9.341151,-0.68637574,-0.038467407,0.25529325,0.049141645
1.9341028,3.4086359,0.18696356,9.31493,-0.71238744,-0.009160519,0.20545197,0.22088325
1.8459923,3.502594,0.15769398,9.330595,-0.70158947,-0.02738452,1.0110161,0.31409538
1.5585897,3.7996001,-0.12097728,9.34343,-0.6444899,-0.05623555,2.4121864,0.41290605
1.6144187,4.019059,-0.2339282,9.408119,-0.6390209,-0.07211161,2.1732018,0.54015446
1.6528082,3.9524689,-0.28570503,9.48167,-0.6337396,-0.07889485,1.1978471,0.44752645
1.8912115,4.2878475,-0.5627038,9.402395,-0.6317556,-0.049122572,1.4787252,0.555948
1.858394,3.8493495,-0.21074194,9.395113,-0.66296065,-0.09150505,1.4604471,0.39750022
1.6361266,4.0676394,-0.31379408,9.496741,-0.64242256,-0.008678675,0.49070668,0.39009124
1.8537871,3.9996147,-0.39129746,9.395881,-0.6819633,-0.0059473515,0.4367187,0.26546186
1.9265685,3.6902943,0.22506869,9.401281,-0.7253424,-0.0052480698,0.30859494,-0.25653756
2.2828329,4.3045354,0.5590627,9.359394,-0.7462623,-0.0030395985,0.56783223,0.21625447
2.1802554,3.8587527,0.121712446,9.385498,-0.747041,-0.006240368,0.4855814,0.21153277
2.1655147,3.7629237,-0.046290338,9.413612,-0.75085723,-0.01649952,0.2332133,-0.034730345
2.1844776,3.5969424,-0.18891847,9.347654,-0.66280246,-0.008771896,0.27078307,0.13000894
2.266971,3.7105932,-0.16135854,9.295059,-0.7156074,-0.0028944016,0.41723955,0.34915376
2.4086509,3.4891639,-0.148283,9.355734,-0.74399996,-0.009634018,0.4066453,0.14469194
2.3647625,3.8970218,-0.14648509,9.396015,-0.7406583,-0.0014533997,0.20241833,-0.021385372
2.7071323,3.9913976,0.36554396,9.264283,-0.7468698,-0.00308609,0.200786,-0.013790131
2.670595,4.4920764,0.28384852,9.293873,-0.7208625,-0.0027694702,0.096698284,-0.0013172626
2.582049,4.9453773,0.60153794,9.329597,-0.7420423,-0.018765688,0.07613337,-0.253088
2.8241637,4.219157,0.37180233,9.300091,-0.73530364,-0.0621562,0.074621916,-0.25872225
2.7594,4.745638,0.02887714,9.35434,-0.6489496,-0.055615664,0.15519321,0.0061944127
2.800034,5.7418256,-0.24182904,9.372284,-0.6424537,-0.059726954,0.06736827,0.0495255
2.8244338,6.5741196,-0.21442622,9.359661,-0.6386235,-0.03073883,0.03226006,-0.16753331
2.7203238,6.7325344,-0.31186903,9.357916,-0.6352993,-0.028457165,0.19034147,-0.34466773
2.8082278,8.148499,-0.40367454,9.476395,-0.6152208,-0.023412704,-0.22071385,-0.44123465
2.786637,7.8393726,-0.21813273,9.385656,-0.60209227,-0.037876844,0.005559206,-0.190958
2.9891663,7.597727,-0.25842404,9.441801,-0.58944535,-0.108483315,-0.09334332,-0.48838106
2.7741888,7.3875885,0.019274712,9.427061,-0.61957395,-0.11558986,-0.20885092,-0.39861324
2.951327,7.834783,0.003010273,9.276783,-0.6005825,-0.15307689,0.030361414,-0.23666918
2.6490803,8.742637,0.050714374,9.258396,-0.5408361,-0.121599674,0.1169225,-0.10292411
2.5223901,8.314284,0.12579644,9.338177,-0.5461657,-0.17579365,0.11839783,-0.0939081
2.627809,8.922882,-0.027345896,9.320916,-0.5309944,-0.17067242,0.16733539,-0.28746885
2.7078803,9.089598,-0.046604693,9.378664,-0.5498736,-0.14954686,0.46734488,0.21780217
2.6766858,9.552263,-0.16048932,9.403956,-0.54461646,-0.08706331,0.4486711,0.3336072
2.8659637,9.590512,-0.14535683,9.418665,-0.5766822,-0.076551676,0.78768575,0.3632158
2.8478963,9.300879,-0.17812681,9.474649,-0.60141015,-0.07900238,0.9069027,0.4093554
2.9174795,9.299282,-0.09770179,9.46811,-0.6117147,-0.07460213,2.109517,0.5580833
2.923705,8.530543,-0.13579315,9.4244375,-0.6237724,-0.08652544,2.209335,0.39093947
2.760458,7.4085636,-0.051189184,9.452755,-0.64516795,-0.07730198,2.2738712,0.43018878
2.359378,7.313246,-0.24238038,9.502125,-0.63611066,-0.039880753,0.9899887,0.54316294
2.3536236,7.2528915,-0.27870476,9.590961,-0.6704098,-0.059194326,2.4115224,0.37691158
2.1650958,7.100064,0.034010887,9.628782,-0.66277564,-0.037489176,2.5119655,0.5008284
2.3279314,6.822414,-0.54486644,9.670914,-0.63330424,-0.07218695,2.0532596,0.37503195
2.055241,8.180983,-0.5245056,9.785538,-0.6224804,-0.07152295,2.271041,0.4642135
2.0125914,7.346967,-0.57037866,9.691164,-0.62046087,-0.05874586,2.284113,0.48604745
1.8983022,5.926482,-0.49197257,9.647129,-0.6062645,-0.07647514,1.1124523,0.5381632
2.1109588,6.9342823,-0.58399856,9.643072,-0.6444806,-0.00865531,1.0157425,0.34688872
2.218343,7.113567,-0.4661718,9.630316,-0.6240419,-0.061250687,2.2652025,0.4712717
2.3261323,7.357292,-0.20025206,9.743287,-0.69143784,-0.059635162,1.7693858,0.40409166
2.237074,6.9501247,-0.2567308,9.709753,-0.6879747,-0.020771503,1.3056626,0.42476755
2.2803206,7.1090775,-0.47775328,9.722395,-0.6729907,-0.017301083,1.1928027,0.46337283
2.1256776,7.015235,-0.41678613,9.67394,-0.67289877,-0.0074989796,1.6563435,0.48425
2.2420187,7.2302756,-0.27959484,9.655594,-0.66071105,-0.030557394,2.5852032,0.43841994
1.9409778,5.7505884,-0.56804335,9.593996,-0.644557,-0.03757119,1.8750157,0.49001062
2.0566912,5.6372204,-0.37569773,9.5833435,-0.6293529,-0.034272432,1.9592116,0.50191903
1.6968721,5.1091166,-0.3126309,9.571274,-0.61882997,-0.0536983,2.4201486,0.5556984
1.6745632,4.8889866,-0.27801013,9.661071,-0.6463835,-0.04535055,2.7237124,0.49815094
1.612724,4.8554363,-0.3521518,9.616655,-0.6666336,-0.027070284,1.8640623,0.51356876
1.7423224,4.7743716,-0.118569255,9.547347,-0.6676469,-0.050287962,2.1063092,0.41513383
1.7655343,4.6711917,-0.06188321,9.534964,-0.6803342,-0.067979336,2.1536114,0.5036534
1.7699693,4.7697663,-0.13984036,9.587752,-0.6805713,-0.029259682,1.7306616,0.53843296
1.6012403,5.0402036,-0.382105,9.592794,-0.6248691,-0.07407808,1.8147743,0.30339223
1.5148399,4.8589554,-0.4014182,9.693273,-0.6219344,-0.08282328,0.013687491,-0.0024394393
1.3949671,4.674071,-0.3379054,9.661451,-0.6316105,-0.063996315,0.026631713,-0.29271138
1.3264065,4.9041033,-0.22463608,9.706694,-0.6251806,-0.082258224,-0.1466645,-0.48913443
1.3706013,4.8990684,-0.29291385,9.720185,-0.62526095,-0.067037106,-0.16366893,-0.4931356
1.3965671,4.8408594,-0.41848707,9.678801,-0.60418236,-0.022640228,-0.21365815,-0.42020243
1.8674681,5.1112413,-0.482902,9.576864,-0.59989834,-0.07317138,-0.29051042,-0.41086394
1.8156265,4.936066,-0.3365383,9.580006,-0.64171743,-0.05783105,-0.18398255,-0.4831752
1.4757507,4.7881885,-0.10745472,9.567179,-0.65478075,-0.066236496,0.10457504,-0.4919715
1.6698687,4.8485174,-0.09897244,9.585259,-0.6478089,-0.03528762,-0.15122843,-0.3565703
1.7017677,5.064597,0.0323323,9.605097,-0.6501695,-0.032817364,-0.17143232,-0.45837212
1.852761,5.281597,-0.34603608,9.582812,-0.6454351,-0.043462038,-0.002203703,-0.44597808
1.8081037,5.730607,-0.13376254,9.715126,-0.681548,-0.08939457,-0.0005540252,-0.37812674
2.2527313,5.725623,-0.5023963,9.670618,-0.66325057,-0.10055542,-0.07386792,-0.3646919
2.139815,5.723156,-0.47770572,9.631155,-0.6554649,-0.072977304,0.16194141,0.06671846
2.065515,6.0466332,-0.4909143,9.60959,-0.64065754,-0.039827347,0.16219223,0.13434154
2.2719383,7.116632,-0.46367282,9.691847,-0.63957214,-0.062347412,0.24719977,-0.1232318
2.4476027,6.740294,-0.47883332,9.681159,-0.6660756,-0.08496165,0.19884479,0.19299704
2.4917612,7.459057,-0.6606846,9.732527,-0.6713612,-0.022276878,0.28078675,0.27333105
2.7511313,7.722017,-0.6349262,9.67721,-0.6562506,-0.030183792,0.022602677,0.058847666
2.6000912,7.3250327,-0.4310521,9.666272,-0.66436493,-0.038028,0.14676476,0.050266504
2.4893003,7.417455,-0.30432945,9.599576,-0.66795623,-0.047803164,0.09172416,-0.05512792
2.6868594,7.55509,-0.32919717,9.634346,-0.6865003,-0.05872035,0.11737037,-0.048309654
2.5648885,7.461268,-0.7084384,9.683724,-0.67717004,-0.08291936,0.1752255,-0.046728432
2.6619222,8.05102,-0.64573264,9.762816,-0.6833606,-0.08328915,0.4271778,0.15058792
2.683357,8.406729,-0.5462376,9.739733,-0.660393,-0.03240943,0.46250737,0.35413074
2.5615244,8.889038,-0.41722852,9.760384,-0.66787314,-0.053476334,0.3219875,-0.15538877
2.6274772,8.864244,-0.48221236,9.722313,-0.67306423,-0.03603053,0.050604105,-0.2819393
2.7426436,9.574663,-0.21532309,9.766033,-0.70730734,-0.05878496,0.01484704,-0.39928743
2.940458,9.463507,-0.58109945,9.780352,-0.6688566,-0.02799964,0.11098814,-0.4529985
2.987153,9.968811,-0.3897599,9.728697,-0.6567571,-0.066732645,-0.021099448,-0.49081776
2.611773,9.621044,-0.44566613,9.800354,-0.64578974,-0.04372382,-0.040136695,-0.4896891
2.7010443,9.335147,-0.26024908,9.767555,-0.6607554,-0.12990713,0.08782911,-0.49213913
2.6546113,8.103894,-0.23047817,9.775746,-0.72864854,-0.029330254,-0.0028576255,0.04395008
2.585906,8.88841,-0.20564735,9.78359,-0.7104974,-0.05514431,0.61120915,-0.037416458
2.1239955,7.3094625,-0.11445916,9.776144,-0.71069396,-6.9618225e-05,0.19003403,-0.1529378
2.0196552,7.261398,-0.35491252,9.8807125,-0.7038404,-0.00039291382,-0.027273357,-0.2987972
2.242633,7.8061786,-0.64629567,9.779065,-0.67194784,-0.0021924973,0.19517612,-0.33366525
2.2397015,6.6676784,-0.5231395,9.798033,-0.70645356,-0.018470287,0.15592778,-0.17629263
2.2712705,6.4835258,-0.5118263,9.830536,-0.66855454,-0.05760193,0.03485608,-0.08982599
2.1647782,8.4851,-0.63961375,9.867473,-0.6687205,-0.019079208,0.16109192,-0.40198138
2.5234892,9.36051,-0.7682941,9.955998,-0.69049716,-0.077772856,0.28662384,0.12625968
2.148333,9.537733,-0.65065974,9.962173,-0.67326665,-0.03696394,0.39741004,0.10593462
2.1341357,8.727394,-0.6325068,9.995356,-0.6867033,-0.03173256,0.513693,0.07291716
2.00355,8.11738,-0.64816046,9.996632,-0.64435804,-0.02205801,0.11936188,0.17189968
1.9279702,8.382765,-0.71154284,9.99625,-0.6492443,-0.065758705,0.035398245,-0.20062932
1.9495319,8.161561,-0.67829984,9.986246,-0.66469264,-0.025313139,0.15737557,0.0513705
2.1999722,8.371468,-0.9541933,9.977279,-0.6442696,-0.02540493,0.49497342,0.06431532
2.3054104,8.660965,-0.9361732,9.999771,-0.6677824,-0.012426615,-0.0027204156,-0.18105933
2.2920294,9.0563965,-0.9188587,9.999577,-0.64667463,-0.047232866,-0.06478888,-0.25004923
2.3426952,9.408085,-0.88275623,9.917095,-0.63644326,-0.04044676,-0.05899036,-0.2902226
2.2311554,9.169748,-0.9657543,9.976948,-0.62553596,-0.06948948,0.09769595,-0.12706244
2.3080583,9.451792,-0.9478095,9.959214,-0.6392251,-0.022154331,0.048970222,-0.043193966
2.373921,9.708763,-0.9250682,9.965604,-0.6260706,-0.03191948,-0.09451175,-0.13561758
2.2188945,9.318901,-0.90922064,9.99783,-0.6171855,-0.014796734,-0.11234933,-0.3819781
2.1710758,9.237303,-0.8422408,9.988139,-0.6270441,-0.020391226,-0.10000563,-0.17040318
2.2504313,8.592124,-0.8232166,9.934456,-0.6349391,-0.07293224,0.15247369,-0.13311946
1.9723203,7.3121724,-0.66705596,9.974017,-0.64603555,-0.06941795,0.17416346,0.102184415
1.830662,6.659371,-0.69205266,9.976443,-0.63069296,-0.1375556,0.26564956,0.021470666
1.7034792,7.044701,-0.32222545,9.98237,-0.63096225,-0.08322954,0.042305112,-0.0748412
1.6058571,6.8789835,-0.5768722,9.971535,-0.62108135,-0.09252143,0.3392595,0.037005484
1.6260116,6.7390018,-0.4728812,9.939658,-0.621552,-0.07392788,0.017787337,0.14829183
1.8586719,6.830624,-0.5934055,9.88833,-0.64777124,-0.046719313,0.5070995,0.3398689
1.8501929,6.8170056,-0.52954423,9.920797,-0.66237724,-0.039996147,0.29365134,0.27786756
1.6194555,6.168157,-0.5397632,9.9627495,-0.68906,-0.038249493,0.48748076,0.20965081
1.8358033,6.2022376,-0.30612183,9.842066,-0.6900244,-0.04090476,1.2502553,0.4269935
2.0887067,6.9547195,-0.525064,9.851906,-0.698972,-0.009156942,2.6859798,0.43753695
2.127664,7.0946774,-0.44466627,9.79129,-0.71150506,-0.021708488,1.5707524,0.42839444
2.0585465,6.855759,-0.06527221,9.7975445,-0.71117854,-0.010797501,0.2473191,0.34193993
2.1722753,6.9317183,0.15054178,9.850373,-0.75357425,-0.04380274,0.019435048,-0.27458313
2.1552217,6.884919,-0.17222536,9.777668,-0.73438156,-0.031546116,0.14004731,-0.34782314
2.5809076,6.498495,-0.7383447,9.778631,-0.6885667,-0.04044652,-0.08673793,-0.4136243
2.5343432,7.7886047,-0.79798734,9.886092,-0.71861875,-0.0037455559,-0.091042995,-0.4694622
2.4498198,6.903405,-0.8043599,9.861538,-0.7226589,-0.0015199184,0.0031875372,-0.35966668
2.688888,7.1395793,-0.8058262,9.860399,-0.7162781,-0.000885725,-0.07071227,-0.11125678
2.5252862,8.221998,-0.84676254,9.997905,-0.7283969,-0.0037875175,0.124253154,-0.12958899
2.7881825,8.117142,-0.937711,9.987435,-0.73128176,-0.0007240772,0.1161226,0.09953964
2.7946432,8.826866,-0.927221,9.991362,-0.73582137,-0.00052547455,0.2606889,-0.21067074
2.7234905,8.939616,-0.5734087,9.955019,-0.7391695,-0.005466938,0.14724123,-0.08239162
0.9804554,2.9512691,0.950665,7.4221883,0.59016585,-1.2332085,0.20814455,0.31265044
1.3334162,3.3843303,0.8606744,7.413804,0.58004284,-1.2337072,0.22854042,-0.038624942
1.0334251,3.5070071,0.944932,7.5225534,0.56516147,-1.2335672,0.33455324,0.17543519
1.3126285,5.1577387,0.899382,7.5384912,0.55520654,-1.2506754,0.20940757,0.2859987
1.467519,5.679327,1.0146158,7.495987,0.5023029,-1.2605414,0.29454947,0.14673936
1.3765806,3.6920853,1.0216775,7.3832126,0.5221617,-1.2300334,0.2253933,0.09510702
1.4637247,5.6325655,1.068373,7.295514,0.53346395,-1.237392,0.20985842,0.06327522
1.8879147,5.117028,1.0822544,7.217263,0.61691594,-1.2497327,0.17531133,0.076486886
1.7291032,3.026774,1.0704453,7.1322384,0.57606673,-1.2346714,0.18706715,0.15513897
2.029138,8.9749775,1.1246166,7.14519,0.5701504,-1.1879293,0.1501553,-0.13870451
1.9951928,7.7229376,1.1559086,7.104497,0.57074714,-1.2136421,-0.05207342,-0.3810715
2.0909474,5.0657487,1.0360122,7.187257,0.574249,-1.2286144,-0.10488367,-0.33472756
1.9316255,8.689891,1.1042442,7.046618,0.574702,-1.1972888,-0.004325688,-0.40969864
2.5606453,6.894311,1.0619988,7.149517,0.6241691,-1.2632806,0.003132701,-0.42514464
2.3748217,7.474732,1.1160531,7.0987263,0.62618494,-1.2296265,-0.105659485,-0.31333366
2.7650805,6.649439,1.1072142,7.0850368,0.6589203,-1.2652892,-0.080946445,-0.14326409
1.4050795,6.2667027,1.0816677,7.176919,0.6187134,-1.2812397,0.058747053,-0.39637852
1.1110466,6.679516,1.076741,7.2458096,0.6225133,-1.2653265,-0.07718563,-0.38732553
1.0385382,3.0100522,0.96758235,7.290662,0.6202698,-1.2331696,-0.18011016,-0.333075
0.8313491,2.79125,0.98071814,7.2515745,0.654058,-1.2924893,0.03128469,0.109252155
0.8377662,3.1641726,0.9241531,7.322848,0.6507323,-1.2748822,-0.042393744,-0.1772266
2.6778889,3.818984,0.88727,7.3385377,0.64279175,-1.2447513,-0.075414896,-0.2248281
1.2380704,5.551944,0.82909536,7.376644,0.645077,-1.217367,-0.20351833,-0.42129388
1.5077772,4.3247137,0.9230759,7.334227,0.7150543,-1.3277848,-0.13503492,-0.25861087
1.0898948,5.8651805,0.9560503,7.268924,0.7301831,-1.341489,-0.049179077,-0.2967123
0.9994818,7.3739176,0.9417988,7.3285847,0.7129564,-1.3759843,0.24333572,-0.07026476
1.1420219,7.545312,0.9370016,7.290328,0.7116544,-1.363203,0.052821517,0.084869266
0.94320494,4.114788,0.9406272,7.303544,0.73775244,-1.4232076,-0.041470945,-0.35125428
2.0357482,4.5228367,1.0011082,7.2627034,0.71665835,-1.40063,-0.1732127,-0.41192615
2.247807,5.8028665,0.9156542,7.2624745,0.7141528,-1.3794898,-0.17302305,-0.4183448
1.2744063,6.1410375,0.9066318,7.32003,0.6906097,-1.365129,-0.10137564,-0.17666456
1.1863368,4.6527553,0.8757206,7.361959,0.7326205,-1.3728869,0.0065951347,0.02668494
1.4104455,6.846374,0.85338676,7.402343,0.74434876,-1.3878984,-0.03777504,-0.30153447
0.9456272,7.0524487,1.0344436,7.3920407,0.74502707,-1.4305419,-0.0046254992,-0.0005584359
0.97620976,8.150446,1.0612435,7.3226857,0.696177,-1.4118805,0.20152247,0.10734165
2.367375,5.420621,1.0526843,7.2138267,0.68849087,-1.3398482,-0.001998365,-0.19106972
2.4883683,5.974636,1.0713241,7.1034403,0.67420197,-1.3487566,0.08532965,-0.20958516
1.1017387,3.4875891,1.1111405,7.178325,0.66401434,-1.3553128,0.027244091,-0.05233383
2.0331988,6.1451344,1.0268755,7.1614223,0.6685133,-1.3305538,-0.002743423,-0.24786612
2.2898579,6.5212965,1.0382655,7.1008506,0.66851044,-1.2887328,0.031566978,-0.08973169
2.396957,7.3798985,1.0374434,6.9853935,0.67705894,-1.2622452,0.16300642,-0.20420137
2.354081,6.854741,1.1949067,6.9591007,0.63518953,-1.2709955,0.14440024,-0.1935339
2.194492,7.6761823,1.2397552,6.827055,0.6016991,-1.2359889,0.4161985,-0.02679962
2.514601,8.45142,1.2239728,6.912831,0.6363225,-1.2801254,0.37435722,0.14838111
2.179789,7.8132463,1.226224,6.852238,0.6450174,-1.2733151,0.2279054,0.024013638
2.7078846,6.431435,1.2524786,6.872454,0.6409404,-1.2603035,0.2499963,0.18072659
2.138639,4.7013435,1.267231,6.93633,0.6373539,-1.2882514,0.3812685,0.19212496
1.1641387,5.505046,1.1261024,7.018938,0.6491957,-1.2730067,0.0918113,0.14440697
2.1811516,5.0294504,1.1475792,6.999672,0.63992524,-1.2747177,0.3522966,0.17586935
1.9457351,5.35454,1.1863024,6.9059668,0.6417675,-1.3091838,0.36212337,0.1051029
1.5029448,6.009106,1.2100618,6.980675,0.6477554,-1.2976542,0.50699174,0.05957073
1.1062475,3.1731267,1.2336144,6.9563813,0.65685964,-1.3241467,0.32450116,0.17744458
1.2482147,6.168333,1.2554476,6.985873,0.65892553,-1.3729193,0.28379476,0.165761
1.216105,7.6093545,1.1917582,6.9976654,0.67162776,-1.3756475,0.32027328,0.121564865
1.1407251,7.3714013,1.2206931,7.005454,0.6777642,-1.3350623,0.28896534,0.11467445
1.3188967,5.531928,1.2076061,7.004968,0.66309524,-1.3371602,0.15567958,-0.085630536
2.770303,4.8882475,1.1188741,7.0303917,0.7267039,-1.3508273,-0.10843229,-0.072829425
1.5045757,8.507248,1.1018319,7.049952,0.70320606,-1.3370297,0.2675109,-0.09146625
0.77017605,3.1910994,1.0421743,7.132847,0.7024009,-1.3558624,0.20550275,0.088899374
0.67079705,3.0755987,1.0333672,7.1603465,0.72704935,-1.3136612,0.09090376,0.050447226
0.7457018,2.9598475,1.0752168,7.239808,0.6605842,-1.3321004,0.11751139,0.034349382
0.6914747,4.3428965,1.0828791,7.261484,0.70977306,-1.3180034,0.06793094,-0.029979646
0.7266549,4.692037,1.0941141,7.233089,0.6761849,-1.3214167,0.047270656,-0.072767645
0.77929443,3.6296368,1.0670972,7.313457,0.63919926,-1.3222711,-0.00046229362,-0.123048544
0.7282671,3.4539876,0.9697517,7.30466,0.659853,-1.254453,0.05904317,-0.12909046
0.7328756,3.6647165,1.022505,7.3465395,0.64704156,-1.2866402,0.19848812,-0.040924996
0.5966765,2.9649894,0.995811,7.467169,0.69160295,-1.3162472,0.42974484,0.2834645
0.5539334,3.0092237,0.97933185,7.4673963,0.6689253,-1.2807244,0.4129703,0.2941876
0.5132277,2.7422378,1.0354786,7.4917965,0.65590096,-1.3328302,0.30277908,0.114393294
0.53807884,3.1101534,1.0358915,7.519643,0.648299,-1.3227031,0.15881324,0.13157004
0.547084,3.1008644,1.0446954,7.520324,0.62852955,-1.3201675,0.37435973,0.103078425
0.53827256,3.6166992,1.0269349,7.567506,0.630373,-1.3093426,0.44301522,0.13249731
0.5427463,3.987109,1.083087,7.645963,0.5860758,-1.2968566,0.5542151,0.11258209
0.5678746,4.143937,0.9928739,7.5896306,0.6281786,-1.2566483,0.025261045,-0.064444005
0.6201593,3.6828692,1.0335879,7.5972524,0.61655927,-1.290664,0.2337544,0.027676761
0.5330916,3.2875242,1.0516219,7.5538197,0.641001,-1.3548973,0.17207003,0.03222418
0.5153125,4.0162067,1.1491606,7.5651574,0.65935683,-1.3573682,-0.02893591,-0.092228144
0.5032295,4.1827946,1.1850271,7.546062,0.6364081,-1.338216,0.04796815,-0.18037814
0.5041506,4.415474,1.141855,7.506534,0.65566874,-1.2827829,-0.061745405,-0.31617892
0.53962314,4.328727,1.155191,7.518966,0.6525004,-1.285352,0.025084734,-0.12281662
0.5665346,4.251111,1.0951109,7.52155,0.6154628,-1.2633437,0.13834298,-0.25121355
0.6111376,5.364601,1.0798831,7.5527744,0.63862324,-1.3259969,0.10662401,0.08277053
0.6419595,5.66469,0.98282456,7.7052755,0.6370647,-1.3100615,0.18241656,-0.0065843165
0.614102,5.723973,1.035655,7.8758526,0.6071496,-1.3142656,0.25296867,0.025921047
0.61202276,6.1250696,1.0084057,7.828019,0.6395323,-1.3374434,0.1411488,0.15928864
0.6081814,5.94592,1.0035233,7.824873,0.593061,-1.3075922,0.37490726,0.011813104
0.59273016,5.975601,1.0529878,7.8425193,0.60449696,-1.2811543,0.5586896,0.2860359
0.5890428,6.824926,1.0904918,7.8383565,0.603621,-1.2699761,0.3359636,0.2657737
0.56073123,6.6490965,0.9976703,7.9729667,0.5788698,-1.2292242,0.31534028,0.28862453
0.5260588,5.2965555,0.9907801,7.97879,0.55928063,-1.2219088,0.6789131,0.20654231
0.5663683,5.326194,0.954211,8.031291,0.5750549,-1.2425241,0.15288806,0.10104734
0.5961974,5.340257,0.8613368,8.076408,0.5351038,-1.1038623,0.28288388,-0.20196709
0.66229796,5.5187016,0.83526146,8.129875,0.5132241,-1.1953416,-0.09204835,-0.2141335
0.6367877,5.167364,0.760772,8.170678,0.5025747,-1.1809878,-0.07464087,-0.12802356
0.531664,4.390718,0.784405,8.225489,0.479187,-1.1689093,-0.017945766,0.062423944
0.5136708,4.1547947,0.82340896,8.204464,0.49578214,-1.096998,-0.28453183,-0.46908152
0.53388983,4.397407,0.79206,8.264152,0.5086293,-1.1600901,-0.28033942,-0.3730209
0.5066439,3.9489894,0.8164463,8.210742,0.50302696,-1.1184937,-0.105201185,-0.3931083
0.5072577,3.8328273,0.81985664,8.248985,0.45617032,-1.1203955,0.008581877,-0.20044273
0.5335309,4.233467,0.79759264,8.162076,0.5017564,-1.1355801,-0.024167657,-0.28609636
0.6348067,3.8427978,0.80426836,8.052435,0.49951124,-1.1469355,-0.07499403,-0.10169351
0.6752477,4.1220074,0.64904404,7.9941134,0.5415387,-1.1667278,0.18256629,-0.07320055
0.8684864,4.262332,0.5941808,7.9431486,0.5421665,-1.2002461,0.07139981,-0.08714536
0.91432333,3.3762193,0.5837183,7.9637938,0.5526972,-1.220409,0.075892806,0.041665733
0.88990957,4.3185797,0.55867434,8.070011,0.5697892,-1.2830833,0.08098614,-0.07286328
0.61586547,3.8828068,0.6011461,8.098091,0.61698985,-1.1993405,0.14692199,0.25087786
0.63189644,4.2389555,0.6103077,8.135026,0.5784421,-1.2333987,0.061771393,0.04639113
0.66086996,4.448873,0.62253,8.193851,0.5884347,-1.2679927,0.24619675,0.23627096
0.5811867,3.4358728,0.63304436,8.183562,0.59247637,-1.2768123,0.13605237,0.16323125
0.61148024,3.864385,0.57489765,8.242861,0.639276,-1.2670653,0.39926946,0.41928256
0.6013085,3.4999294,0.5774069,8.199242,0.58955,-1.2544758,0.36307704,0.19639868
0.598548,4.573837,0.5988424,8.179007,0.5780523,-1.2158287,0.3852172,0.38709927
0.6029063,4.820021,0.67030716,8.021025,0.594975,-1.1290557,0.3398857,0.34113503
0.7606985,3.7645793,0.5624106,8.015717,0.5205462,-1.1832671,0.25724733,0.16994977
0.6671648,4.3708587,0.678756,8.085613,0.5561876,-1.1949534,0.194008,0.2560702
0.6371987,4.1747856,0.6926584,8.126885,0.54494524,-1.1868222,0.1276294,0.27640533
0.64483535,4.3918395,0.66971207,8.162415,0.53260946,-1.1804254,0.1255213,0.31918013
0.6307824,4.4687114,0.7268374,8.057233,0.55058813,-1.142012,0.20506513,0.11519563
0.6187888,4.0409794,0.7052753,7.9712048,0.559021,-1.1315348,0.045262694,-0.021302521
0.6113069,4.839696,0.7396898,8.078283,0.56128526,-1.169471,-0.15385592,-0.18213692
0.5897918,4.936619,0.81552863,8.018909,0.55576444,-1.1784421,-0.116404355,-0.2633847
0.6077137,5.0511446,0.83714294,8.061634,0.55850434,-1.185427,-0.037927747,-0.35006186
0.55258596,4.8184967,0.83552885,8.169727,0.5489514,-1.195448,-0.17722416,-0.29785582
0.59834796,4.753254,0.8632786,8.068832,0.5573659,-1.1667377,-0.23946798,-0.34534258
0.57877314,5.0289927,0.8729154,8.045244,0.5399468,-1.1760242,0.059077263,-0.27659756
0.6172787,5.08461,0.8515707,8.037245,0.55336523,-1.1395001,-0.13533276,-0.13798022
0.62765014,4.5917215,0.8421258,7.9705033,0.5235772,-1.1447334,0.11533749,-0.010804415
0.6646024,5.404485,0.94335914,8.059645,0.4490173,-1.1496613,0.09985769,-0.019685566
0.654612,5.359562,0.9296293,8.051796,0.45366883,-1.1529003,0.04230106,-0.024265975
0.6624445,5.604557,0.8757471,8.143267,0.45028758,-1.1225413,0.014834642,-0.19585854
0.6711495,5.275956,0.923913,8.093165,0.42927408,-1.1592052,0.087614775,-0.012289226
0.6569904,5.29813,0.95749223,8.144596,0.42354393,-1.1576915,0.08769691,-0.04239112
0.6404903,6.8113847,0.88237953,8.231262,0.47574687,-1.098728,0.118939996,-0.17075184
0.6401495,7.080647,0.83508825,8.275118,0.4679253,-1.1096044,0.21451652,-0.23891893
0.64462394,6.5677123,0.8153384,8.4035015,0.44178915,-1.1221168,0.0787884,0.06504607
0.63386947,7.674465,0.735898,8.484328,0.44595575,-1.1075263,0.2980708,0.05170524
0.6657911,8.064663,0.688468,8.466183,0.50196266,-1.1208651,0.41014016,0.26167458
0.6696383,8.2159605,0.7364689,8.452436,0.5093708,-1.1385938,0.416247,0.43020844
0.67862576,8.154966,0.758649,8.453154,0.509737,-1.1583402,0.50641525,0.25193995
0.643552,7.7383904,0.6673286,8.47374,0.51864386,-1.1165725,0.5419134,0.44212055
0.6741576,7.333692,0.65708494,8.451112,0.5471227,-1.1759436,0.41827607,0.44329345
0.71342844,6.7571497,0.6048225,8.457968,0.51131105,-1.1377766,0.6232822,0.42352444
0.6858316,6.7216043,0.6175046,8.430944,0.51692176,-1.1934757,0.07184601,0.056708395
0.6567042,6.2516193,0.6054437,8.401302,0.5429616,-1.2177227,0.27388167,0.23364204
0.6513277,6.4182,0.6177926,8.453234,0.5533149,-1.2218814,0.38759518,0.25801444
0.6447414,6.915001,0.70150924,8.536026,0.533705,-1.1811202,0.6776211,0.35688227
0.6403302,7.638915,0.7047888,8.509224,0.5066798,-1.1619222,0.4892323,0.341334
0.65331876,7.34217,0.7501333,8.404959,0.4928658,-1.1658965,1.9197972,0.440942
0.65248775,6.9943013,0.7201209,8.395191,0.4955814,-1.1194172,0.60687053,0.42679024
0.71910304,6.570197,0.76379514,8.306613,0.46995378,-1.1642193,0.5625739,0.29326463
0.68036324,6.5676436,0.823483,8.232067,0.46399832,-1.1359996,0.5488874,0.23675108
0.71064246,7.354132,0.76919174,8.282408,0.4660759,-1.1137186,0.5773077,0.1839925
0.7245487,7.1261373,0.7718061,8.277155,0.466511,-1.0853441,0.30856645,0.13599616
0.70845556,7.9894295,0.7803447,8.289208,0.4886365,-1.1352535,0.4305879,0.12719429
0.66878724,6.9158325,0.73964953,8.319399,0.48082924,-1.1574293,0.27257836,0.007327676
0.7101444,7.2286916,0.75048375,8.32083,0.4854188,-1.1599422,0.10504639,-0.002909124
0.68544793,6.910918,0.72964036,8.35575,0.4942975,-1.1803232,0.12789881,-0.050710797
0.6785549,7.3738513,0.72352314,8.428699,0.48474622,-1.1499882,0.14905953,-0.06629211
0.68257695,7.588293,0.72457135,8.432657,0.50121784,-1.1831994,0.22993314,0.036446095
0.68650055,7.4844847,0.74342406,8.43709,0.49626303,-1.197181,0.24769592,0.0896979
0.6483385,7.757026,0.7746637,8.389511,0.51042604,-1.144589,0.09222627,0.069967926
0.654145,7.5369215,0.7061887,8.413422,0.5195782,-1.1278849,-0.01640451,-0.16391349
0.6408957,7.124512,0.72087455,8.4392185,0.51950216,-1.1612034,0.06936908,-0.1392192
0.76372826,6.931238,0.5905802,8.515383,0.4864564,-1.1620234,-0.04577315,-0.2061651
0.6433636,5.3419447,0.6237135,8.375803,0.48915458,-1.1174952,-0.1304189,-0.18580055
0.69206655,6.453877,0.6002321,8.464198,0.49468136,-1.1236358,0.062324643,0.14625335
0.664283,7.010475,0.612864,8.445406,0.49549556,-1.1184121,0.14981222,0.06742191
0.65109456,6.000934,0.58209825,8.5504,0.47942138,-1.1161401,0.14580536,0.019168913
0.6745482,6.805888,0.5543791,8.615698,0.4750383,-1.0675011,0.17937219,-0.05690533
0.6789268,6.464381,0.5092399,8.595343,0.45822573,-1.0701631,-0.022477627,-0.07606685
0.7405114,6.964006,0.5406203,8.560415,0.4190972,-1.0424097,-0.1618895,-0.3103255
0.7392196,8.196246,0.6083745,8.557114,0.41323662,-1.0531139,0.17615211,-0.17294106
0.75717354,8.246347,0.60041976,8.560505,0.42405796,-1.0649968,0.36487138,-0.10997453
0.8504727,8.129473,0.51747274,8.513793,0.41414046,-1.0985087,0.46192575,0.09680307
0.92154276,7.787026,0.58576465,8.422818,0.40591383,-1.1041813,0.108727574,0.09230983
0.9354459,8.355496,0.52537584,8.415487,0.41622758,-1.1027517,0.062744856,-0.2582851
1.0725602,6.8360386,0.46186638,8.394167,0.43269467,-1.132921,0.312703,0.15241474
0.9555913,8.067558,0.45386374,8.384716,0.4314115,-1.1153033,0.42201924,0.34969735
1.0562563,7.703005,0.4837041,8.242064,0.42539644,-1.0588655,0.07757783,0.10899603
1.1824408,8.473665,0.47626472,8.136448,0.43876743,-1.04354,-0.02956456,-0.07036117
1.085571,6.045114,0.5331099,8.080454,0.4335518,-1.0316706,-0.029079318,-0.116936654
1.1184595,6.2458253,0.5174215,8.068965,0.44550395,-1.0386232,-0.0080084205,-0.17493284
1.1821864,5.459415,0.6253333,8.034373,0.40091586,-1.0769906,0.09217918,-0.0052993596
1.1433526,5.608424,0.71200144,8.012511,0.35834122,-1.0927466,0.19605339,0.1076718
1.1390471,6.98173,0.7590095,7.9387636,0.38845825,-1.0538664,0.07743609,0.07617152
1.1771116,6.864918,0.7590096,7.881515,0.38361454,-0.9890108,0.23886299,0.09690714
1.0690229,6.1341996,0.6988189,8.002472,0.38007164,-1.0376222,0.20449018,-0.09700245
1.7095091,7.3970428,0.5692327,7.980693,0.3719418,-1.0643924,0.14713717,0.023892283
1.7271895,4.841896,0.48020124,7.9718447,0.36817908,-1.0079188,0.10745609,0.14079654
1.7450092,8.745804,0.52109694,7.9611807,0.37390447,-0.98191094,0.036623955,-0.031131327
2.1512942,8.781868,0.4718268,7.9380817,0.3352623,-0.90189505,-0.03366089,-0.17360616
1.7110482,9.490459,0.5593101,7.9308157,0.3427477,-0.91983795,-0.03235191,-0.15334344
1.9097751,9.716883,0.58165956,7.9650316,0.3407557,-0.95078015,-0.030662298,-0.152253
2.492004,9.681731,0.77863574,7.6915746,0.3208952,-0.94565797,-0.00788933,0.040276527
1.5334052,2.2102942,0.9463866,7.549555,0.34774232,-1.0144947,0.025949717,-0.114622116
1.3488095,4.464348,0.9765887,7.6700525,0.36018562,-1.0154786,0.029399395,-0.20626184
1.1681347,5.134123,0.9786484,7.6998005,0.34200788,-0.9907887,-0.08111215,-0.3057286
2.0450597,5.791297,0.9650525,7.616394,0.30547714,-0.9693165,0.015971899,-0.26236874
2.0586429,7.493582,0.9777658,7.538546,0.30040193,-0.9423547,0.05205667,-0.3585819
2.7167325,7.1954384,0.9935627,7.5615616,0.26341128,-0.9107325,-0.0055654645,-0.1354562
0.8096731,4.3275666,1.6583285,4.425487,1.7794778,-2.4792469,0.2358458,-0.010978818
1.9548504,3.5488532,1.6197469,4.437153,1.8126354,-2.477233,0.100075245,-0.016456425
2.1962254,3.4572692,1.6912646,4.3693924,1.8276653,-2.5158503,0.08704388,0.17278945
2.5109591,4.1571655,1.7130489,4.318357,1.8426766,-2.492509,0.20169032,0.15915793
2.2106454,6.2402096,1.6920934,4.3305182,1.8345222,-2.4732516,0.2074796,0.14812982
1.7586433,5.172266,1.6959901,4.299502,1.8456533,-2.5051959,0.50876474,0.10271579
1.6433892,2.2646902,1.6786478,4.2718654,1.8593843,-2.5201154,0.054681182,-0.3599636
1.3567209,2.1734247,1.6837692,4.2795086,1.8517969,-2.4503293,0.22720349,0.25568533
2.622099,6.16035,1.690336,4.2694597,1.8554442,-2.4291954,0.24463415,0.22611219
2.7161129,3.4925184,1.726253,4.2330723,1.810303,-2.4422498,0.2578156,0.1421895
2.717836,7.7646694,1.7253861,4.269572,1.7809505,-2.3901126,0.11939621,0.020992458
2.442708,2.3893929,1.7614603,4.215718,1.8019233,-2.4138124,0.23640907,-0.0044467747
2.0719144,2.7159827,1.7708714,4.1770296,1.7852931,-2.4189944,0.013106465,-0.022694051
2.3562622,7.17307,1.7720256,4.1426024,1.8010342,-2.3890986,0.06126094,-0.018234193
2.0697765,7.1071086,1.7892005,4.1190257,1.786293,-2.3868358,0.004981756,-0.3910916
2.2570567,3.9212832,1.7910984,4.105429,1.7923589,-2.3785048,0.06477177,-0.36902136
2.0764916,9.930739,1.7823894,4.1779766,1.7989416,-2.3799696,0.09405601,-0.37018222
2.7787545,6.854621,1.7806768,4.139273,1.7856667,-2.3632808,-0.11879206,-0.22533545
2.5562096,6.3422604,1.7814898,4.14391,1.7567065,-2.3488402,0.22667015,0.18421465
2.2143602,2.3900335,1.7869844,4.1328917,1.7502751,-2.3303914,0.18304348,0.038004875
1.8079906,2.3736346,1.7836432,4.1378555,1.7529361,-2.3573227,0.14129257,-0.03924972
2.723435,6.847651,1.7868717,4.1332874,1.769563,-2.3763072,0.25957954,-0.075089335
2.4328022,8.230017,1.7927163,4.178212,1.8021605,-2.3951788,0.41233099,-0.2122376
2.8151786,8.759567,1.8038046,4.116825,1.7477882,-2.311488,0.27294588,-0.05665356
1.8232324,9.250627,1.8266943,4.0730333,1.7734888,-2.3967755,0.20135868,-0.3883917
1.1694062,5.31709,1.8285506,4.0270605,1.7956438,-2.4775777,0.55134356,-0.19247818
1.9165579,2.1433733,1.7970736,4.0515466,1.8160961,-2.5010269,0.0039253235,-0.29091996
2.1825593,2.3833513,1.8055038,4.016166,1.8518336,-2.4973059,0.1411562,0.29193866
1.672428,4.0303483,1.7910504,3.9613273,1.865648,-2.4891362,0.13315165,-0.026001453
1.9738693,5.222082,1.7790165,3.9711359,1.8674405,-2.4493427,0.15560186,-0.1857507
2.1307578,4.9786587,1.7752671,4.02361,1.8663559,-2.4939766,0.27411318,-0.08173329
2.3058808,5.9438615,1.7460918,3.996184,1.9115512,-2.5087879,0.20926678,0.026319504
2.2975743,5.1891527,1.7734883,3.9804573,1.9033902,-2.470992,0.14800155,-0.14978072
2.5644383,8.794311,1.760735,4.0407233,1.8936107,-2.4624329,0.25592136,-0.06044218
2.7942512,4.0085707,1.7751901,4.0539913,1.8618209,-2.4517682,0.24993372,0.11038095
2.3584867,2.9745333,1.7595303,4.0193663,1.8305697,-2.3611233,0.28389597,0.27448946
2.333777,8.124239,1.7475584,4.0893006,1.7990327,-2.3554878,0.37097967,0.04373324
0.7194651,4.982829,1.7696126,4.215781,1.7394078,-2.4091296,0.36872017,0.04066521
2.7698867,7.588995,1.7779799,4.2106404,1.7482045,-2.2719054,0.3847865,-0.044168293
2.7381303,4.670083,1.7768743,4.250241,1.7313926,-2.3729584,0.2314949,0.21388108
2.9654849,4.748269,1.8049769,4.2193375,1.7508767,-2.3500397,0.20176423,0.03401655
1.6874365,3.9915776,1.7355745,4.124177,1.7913,-2.3769875,0.2797619,0.109208524
1.5962892,2.6539016,1.7666054,4.038274,1.8110201,-2.3741,0.09468961,-0.42422432
1.8211689,8.469986,1.777266,4.0505443,1.8394277,-2.4505236,0.15294755,-0.16192555
1.5185391,6.081807,1.7917252,3.9910746,1.7897406,-2.4183452,0.10626149,-0.15452206
1.3778548,5.3764625,1.7853703,4.0369983,1.8109457,-2.3893576,0.06899297,-0.10925537
1.4100616,6.0492897,1.7586389,4.069844,1.8066802,-2.3979554,0.3733883,0.07420182
2.3186903,6.0701394,1.8099878,4.0918536,1.7892258,-2.4244423,0.28956723,0.18230247
1.8146974,4.1221046,1.7938561,4.128635,1.7836905,-2.4001374,0.3527218,0.1063112
1.8816148,3.9737775,1.7691102,4.071145,1.8326211,-2.4100266,0.5409354,0.266021
2.3850064,2.7387474,1.8217642,4.0445356,1.8273182,-2.4299417,0.58141303,0.4257617
2.063124,3.4670286,1.8116193,4.0127583,1.7911983,-2.389305,0.25975215,0.30218947
1.6961681,5.0949492,1.8044701,4.10489,1.8016291,-2.3631182,-0.31578362,-0.41911387
2.4456458,7.540815,1.7653756,4.1280193,1.8470318,-2.444334,0.17029524,-0.4953014
2.8417795,8.113645,1.7927141,4.0886183,1.8073056,-2.4184504,-0.042430878,-0.4922383
2.8697827,8.6541815,1.8170457,4.069074,1.8037398,-2.3692863,-0.06269246,-0.069796264
2.8870378,8.646805,1.8175395,4.0177026,1.8092697,-2.3602414,0.014114976,-0.39262843
1.3320535,8.840614,1.8332894,4.0185347,1.7815664,-2.3982382,0.030103564,-0.34879947
1.9187775,8.722886,1.8274593,3.9574642,1.8005378,-2.3342266,-0.08692777,-0.39344
2.7216365,8.735907,1.8392982,3.9977407,1.794281,-2.3137589,-0.14346588,-0.4444208
2.5837376,8.315538,1.8341885,3.9577951,1.8090427,-2.2934732,-0.17875105,-0.44918036
2.6522365,9.084486,1.8245451,3.89843,1.827148,-2.3673854,0.28539252,-0.3525195
2.7505114,3.3623962,1.837892,3.9005055,1.8356743,-2.351066,0.33562374,0.19345844
2.7445006,6.5319133,1.8685877,3.7480307,1.9065835,-2.4816086,0.14089763,-0.24636891
2.6581998,7.7557387,1.8803873,3.7581296,1.9118927,-2.5162246,0.07030344,-0.32546714
2.7631161,8.259659,1.8346419,3.8821507,1.9171515,-2.5104272,0.111685276,-0.17172235
1.292538,5.8697405,1.8565385,3.747903,1.9344225,-2.5589156,0.19623935,-0.22184396
2.9485927,5.3123693,1.8336418,3.762317,1.9478087,-2.5682619,0.61870956,0.13245356
2.5737205,8.206011,1.8440397,3.7400951,1.9115813,-2.4340663,2.8540409,0.4419632
0.98721313,4.3741703,1.8028305,3.7452512,1.9123166,-2.49785,2.8567529,0.7311764
1.2403858,4.446895,1.7997804,3.7973995,1.917316,-2.484509,2.33955,0.6414671
2.9525068,4.582616,1.8274488,3.8291545,1.890902,-2.5257196,2.5100105,0.47578168
1.8763638,4.276556,1.8250625,3.8846288,1.8823023,-2.530919,1.8768828,0.46800983
2.598549,3.4141998,1.818908,3.8997383,1.8930736,-2.5343752,2.754282,0.44954777
1.6721532,9.001013,1.8247166,3.9465349,1.9079704,-2.5493186,0.7852634,0.3824159
1.6365016,8.766592,1.832205,3.8245735,1.9106636,-2.55057,0.3408364,-0.37153664
2.8933654,8.333267,1.8318708,3.8158176,1.9371047,-2.5570874,0.15984297,-0.13829759
2.4493558,9.236509,1.8357575,3.8556533,1.9048729,-2.5254357,0.26462972,-0.14670125
2.1411963,8.55283,1.8524003,3.8205442,1.9050615,-2.500129,0.29373384,-0.14619967
2.3173301,4.73836,1.821898,3.845898,1.9062588,-2.5149086,0.33649707,0.12224245
2.2430687,6.433829,1.8196344,3.7658565,1.9197981,-2.4944701,0.4460442,-0.010659665
2.2075555,5.513877,1.8365803,3.8082485,1.8960876,-2.4967856,0.2110002,-0.0062503815
1.5628117,3.85922,1.8175287,3.8289094,1.9089291,-2.502626,0.46393633,0.056033075
1.9829922,8.466003,1.8339257,3.8149705,1.9073884,-2.5276127,0.2851292,-0.3861504
2.5827866,6.3615108,1.8033822,3.8432539,1.9400132,-2.4878397,-0.071100116,-0.41551802
2.7059731,7.405582,1.8317852,3.8306777,1.9242463,-2.5074866,-0.04376334,-0.4259885
2.818219,8.100687,1.8307924,3.8636677,1.9113925,-2.4959097,0.014464021,-0.4106453
1.8644226,8.300617,1.8138859,3.7558632,1.9454937,-2.5143921,0.076205015,-0.3396086
2.2380786,7.254472,1.814578,3.7560794,1.9612844,-2.5287724,0.02271521,0.01930219
2.216191,6.025935,1.79755,3.8029957,1.9424629,-2.5406852,0.26820755,0.2158606
2.6080048,8.66681,1.7946179,3.826663,1.9421957,-2.4679093,-0.07378805,-0.25009856
2.3537102,7.9917903,1.7835481,3.888438,1.9375992,-2.462924,-0.09096348,-0.21539712
2.0536785,6.921532,1.782237,3.8886943,1.9150074,-2.4638686,-0.07922351,-0.4503516
2.169734,9.647644,1.8068027,3.9994452,1.8762751,-2.4750743,-0.038648725,-0.4385507
2.6082437,7.9315066,1.7964201,3.9815373,1.8702245,-2.4790406,-0.087141395,-0.48012292
2.504575,5.8818197,1.7904196,3.9775226,1.8628497,-2.4775677,0.1098876,-0.46312204
2.4643748,9.319046,1.7750533,4.072558,1.8648391,-2.4643588,0.15153182,-0.2980604
2.026898,9.452223,1.7787268,4.0633106,1.8582299,-2.4858606,0.050460696,-0.40954337
1.9813231,9.407436,1.761121,4.160788,1.8512111,-2.4976435,0.03136897,-0.27550846
2.080745,9.602516,1.7453125,4.1636972,1.8783934,-2.4839215,0.1911807,0.0615319
1.7940159,9.508713,1.7333541,4.1068673,1.8637393,-2.396017,0.12605882,-0.35690427
1.5741054,8.898375,1.7054739,4.0714426,1.8772802,-2.3878198,-0.26466858,-0.48455518
1.8304979,4.276503,1.6990674,4.0943236,1.880383,-2.3935912,-0.09647733,-0.47688392
2.0373244,9.383736,1.7002444,4.1413903,1.8697755,-2.426062,0.049251318,-0.42577383
2.714635,9.125875,1.6883211,4.2605476,1.8636699,-2.444578,0.046855927,-0.38305053
2.5616648,9.081038,1.6814392,4.356493,1.8679612,-2.465055,-0.06945336,-0.24707347
1.1044714,4.843018,1.5920689,4.4027057,1.873719,-2.4599214,-0.019444287,-0.46440017
2.6782866,8.013903,1.5929956,4.455042,1.9034915,-2.513175,-0.112864554,-0.41826433
2.7129369,6.854959,1.5723004,4.4343753,1.9351511,-2.5131745,0.0030876398,-0.34913725
2.591026,8.886082,1.5701044,4.534175,1.9227741,-2.5274243,0.018411398,-0.21283981
2.6387305,7.643085,1.5339606,4.478668,1.918412,-2.456426,-0.008883953,-0.3307947
2.6387026,7.5898294,1.5324154,4.49366,1.9166713,-2.4637303,-0.031374574,-0.32509506
2.6039448,5.575508,1.5631547,4.4397736,1.8916097,-2.4706712,-0.020651698,-0.19335479
1.5667589,9.847154,1.5923958,4.4389086,1.8839726,-2.4561386,-0.07785958,-0.37600324
2.663382,2.9707987,1.5963092,4.497032,1.8904858,-2.4673986,-0.10765004,-0.33664292
0.7774679,9.930027,1.570508,4.5077696,1.9032631,-2.474988,0.027843833,-0.2341975
1.608845,9.092901,1.5339637,4.4384923,1.924026,-2.5022814,0.02194786,-0.24803865
1.1935438,8.53304,1.5259652,4.467292,1.9330027,-2.4689164,0.005257249,-0.2640317
0.7962843,8.412885,1.5202625,4.500761,1.9346306,-2.45606,-0.046903074,-0.27327764
1.9807873,7.5173774,1.5019953,4.4470835,1.97787,-2.4557066,-0.094331086,-0.31003514
2.1738322,8.482086,1.5102246,4.3993325,1.9750831,-2.45698,-0.040489137,-0.22542587
2.6045842,8.584139,1.5386539,4.477149,1.9470625,-2.434413,-0.12962157,-0.2347433
2.771694,6.0563602,1.5478134,4.4776235,1.939291,-2.4864917,-0.11202335,-0.34071618
1.9727825,2.406496,1.5600224,4.5603766,1.8963199,-2.540785,-0.005757749,-0.3871402
1.9492431,5.1499214,1.5471609,4.5122113,1.8999822,-2.5029616,0.026654482,-0.14988539
2.5230453,5.1327667,1.5631387,4.4943285,1.8947513,-2.4887803,0.088927984,0.0302338
1.8801283,3.98061,1.5472121,4.51361,1.9028358,-2.519665,0.17100275,0.042474747
1.1625632,6.801776,1.5454667,4.558504,1.8940263,-2.5249217,0.22776711,0.00036144257
2.8302953,5.878504,1.5289016,4.696779,1.8801069,-2.479896,0.24029851,0.17351669
0.6341697,8.281004,1.5282121,4.5855856,1.8999803,-2.4539466,-0.0101107955,-0.059770107
2.4516098,4.640568,1.5336733,4.6073866,1.9077106,-2.4750006,-0.22324872,-0.39521882
2.3201091,8.020909,1.5210404,4.5705338,1.9057446,-2.4468846,-0.105207205,-0.23565069
2.2245483,7.247645,1.52302,4.618819,1.8734572,-2.4547071,0.05831337,-0.25797054
2.5045357,4.457186,1.548413,4.6512833,1.8721998,-2.5040135,-0.044716954,-0.26638207
2.043457,9.449726,1.5394168,4.5707235,1.876893,-2.4531007,0.121127844,-0.027416497
1.5788724,8.940897,1.560802,4.618503,1.8639934,-2.4930916,-0.10227388,-0.39723969
1.5260414,9.573799,1.5440865,4.5879145,1.8604264,-2.4951234,0.16293466,-0.3333614
1.844775,2.7064047,1.5367937,4.632909,1.8533442,-2.4951763,0.2245785,-0.09476662
1.8192027,2.7426775,1.5550447,4.614507,1.8424718,-2.4936523,0.12237191,-0.19717598
1.6532303,3.1214285,1.5676191,4.5980353,1.8479552,-2.4903018,-0.008033991,-0.26750875
2.5838883,8.323942,1.6002126,4.5434628,1.8732312,-2.48068,0.024770856,-0.23002592
2.5992563,9.242815,1.5959988,4.4568872,1.856236,-2.4752295,0.07731211,-0.12702489
2.5784166,8.481361,1.5835872,4.628282,1.8112159,-2.382181,0.26208496,-0.35295558
1.9312769,7.4202166,1.5777395,4.6225443,1.8042552,-2.393622,0.2869364,0.3269348
2.141708,7.5886297,1.5856538,4.5856714,1.8474083,-2.4278603,0.5343498,0.5298563
0.914652,3.0800107,1.5842922,4.4781017,1.806448,-2.2966394,1.0403624,0.6833056
1.2821958,3.202725,1.6230323,4.468388,1.8060668,-2.3434122,1.2481303,0.6498666
2.473226,8.039455,1.6389678,4.4600124,1.8076162,-2.33956,1.2238021,0.6220999
1.0864775,7.855705,1.6494703,4.4377227,1.7917304,-2.4010344,1.7231915,0.5207207
0.7929845,2.463598,1.6373734,4.505243,1.7808723,-2.4049892,1.1581061,0.48660886
2.8846679,3.3825583,1.6759739,4.493468,1.7821183,-2.3959417,2.5035074,0.53843343
2.71223,2.574241,1.6738935,4.502325,1.7789068,-2.4041717,2.9107032,0.60983527
1.3375587,2.8019645,1.6368437,4.607831,1.7590094,-2.4221914,2.8994043,0.49472964
1.7445332,4.2600946,1.6435168,4.5184917,1.757098,-2.3459625,1.7909658,0.34470558
1.793823,6.1933837,1.6122341,4.5735016,1.7420208,-2.3346014,1.8477938,0.4971708
1.584017,4.264614,1.5566473,4.6404686,1.7602203,-2.335578,1.8433418,0.5744803
1.5907936,6.0504417,1.5976634,4.6515803,1.7486341,-2.3343992,1.1233122,0.4662068
1.041343,3.6424875,1.5932987,4.6452465,1.7520852,-2.4172864,0.86872053,0.37026793
1.7656801,6.818754,1.6403413,4.6377125,1.7407238,-2.377884,0.66844964,0.34393722
1.7997514,2.424501,1.6741617,4.5676203,1.7526205,-2.3815298,0.5043161,0.3611375
2.2264001,4.6985655,1.667913,4.5722785,1.7304168,-2.3743029,0.5526308,0.42279267
2.1672068,8.856474,1.6547978,4.640415,1.7285445,-2.2954328,0.5843115,0.2978583
1.0460479,4.4766607,1.5826521,4.6682835,1.7292428,-2.3464103,0.5862055,0.2686876
1.9862354,3.1785893,1.5782919,4.6967497,1.7466278,-2.3195236,0.54571736,0.17522848
1.1657238,8.889034,1.6234093,4.5763907,1.7398,-2.408862,0.38110542,0.26967633
2.4338408,2.8473058,1.6344254,4.5911627,1.8107684,-2.4989579,0.21167433,0.07815206
2.3697107,3.1374817,1.633821,4.510127,1.8105397,-2.4836195,0.21753359,-0.0007651746
2.1954927,7.3458953,1.6357837,4.5110765,1.813941,-2.4738414,0.15568995,-0.056673944
2.3549619,7.196129,1.6256673,4.4742856,1.8203452,-2.453462,0.26219547,-0.03979224
2.0652227,2.1752236,1.6284065,4.467808,1.817553,-2.449336,0.20325947,-0.27144223
1.1825496,2.0035493,1.6217778,4.424438,1.83304,-2.4899156,0.38229227,0.0021844506
1.1260248,9.782345,1.604146,4.493006,1.8496811,-2.4284914,0.31120038,0.28608572
2.9220104,4.8855457,1.6347764,4.4262013,1.8238237,-2.408896,0.1695323,-0.019382834
2.5859015,2.8079488,1.6545725,4.42534,1.8394575,-2.4067714,0.08123207,-0.06475896
2.3182647,3.0513954,1.6639836,4.3982725,1.8075306,-2.4239116,0.15333354,-0.15646935
2.27517,5.7318497,1.6727371,4.4104056,1.8157437,-2.4614527,0.076684356,-0.37295306
2.1613407,8.067604,1.6481133,4.420164,1.8436344,-2.4221807,0.33913183,0.033662796
2.2165477,5.7523284,1.6516736,4.376583,1.8165691,-2.4025958,0.6782557,0.3088863
2.1146345,3.139586,1.6358919,4.4644184,1.8207994,-2.363417,0.7564287,0.35473907
2.172246,3.8197436,1.6404862,4.332851,1.8462131,-2.3920832,0.596748,0.4139868
2.2441552,5.2679644,1.6826062,4.26954,1.8132074,-2.3865888,0.58640826,0.3195331
2.7165072,3.4229279,1.7004666,4.306636,1.8263044,-2.3754232,0.616011,0.38581514
1.0083939,7.267831,1.695658,4.2688684,1.8222582,-2.3986905,1.5707905,0.65481174
1.6786541,4.4667606,1.6929731,4.2370615,1.833132,-2.4235163,2.9029508,0.6882638
2.1453905,4.4695883,1.6932409,4.205266,1.8324144,-2.3396356,2.8871682,0.718796
1.3141497,8.715717,1.7274299,4.104706,1.8289626,-2.4407098,2.6599927,0.3586704
2.4759235,8.5871315,1.7568893,4.062086,1.8640504,-2.4897938,2.7739778,0.62320566
1.9566202,8.747751,1.7241004,4.1456485,1.8889446,-2.4727573,2.6912446,0.6781564
1.6295818,3.1312046,1.7034299,4.2509537,1.8456101,-2.4268918,2.3855624,0.72264755
1.6039159,2.8068948,1.6961255,4.2650795,1.8263514,-2.427622,2.4512331,0.6058779
2.1147208,3.777935,1.6616182,4.2277184,1.8689954,-2.429626,2.7527082,0.64193034
2.2976446,7.833922,1.6535811,4.2775426,1.9101295,-2.4644074,0.83829284,0.6419599
0.6796466,6.8803263,1.6485119,4.2843285,1.9180102,-2.4737926,0.67210567,0.10557634
2.677823,8.771612,1.6573577,4.2811527,1.8601336,-2.3997948,0.7767216,0.5202229
1.9114933,8.339126,1.7074313,4.1631384,1.8743291,-2.4187179,1.6507156,0.48795468
0.76484513,8.703273,1.7283885,4.2265687,1.8144808,-2.343018,2.3723457,0.49501204
2.6828265,7.60698,1.7283378,4.2577987,1.8227203,-2.3977828,1.7562289,0.4489075
2.7159364,5.139476,1.731255,4.34554,1.7922578,-2.4352684,2.4279256,0.5746211
2.5588531,3.3755822,1.7405162,4.2954507,1.7779655,-2.3837416,1.8826611,0.5648768
2.6114814,7.559823,1.7260265,4.3596816,1.7698805,-2.3728604,2.9745693,0.61448765
2.994392,9.8168335,-0.67114305,9.798628,-0.66186047,-0.0125107765,-0.042861283,-0.2957041
2.9725254,9.683256,-0.27079868,9.787102,-0.70046747,-0.03091669,-0.022027731,-0.2935742
2.967311,9.666544,-0.37383747,9.763605,-0.7130314,-0.016383171,0.07422817,-0.35707182
2.8602006,9.741453,-0.32884967,9.735272,-0.71047616,-0.032853603,0.24177969,-0.23731816
2.9310215,9.15436,-0.27475405,9.795347,-0.7070744,-0.058687687,0.20009577,0.26326102
2.5451026,8.994171,-0.44656563,9.781145,-0.70016944,-0.010946989,0.10027218,-0.3600129
2.5830956,8.565478,-0.37938523,9.753617,-0.7039292,-0.0026187897,-0.05777836,-0.48766857
2.9689813,8.7293625,-0.40550494,9.691464,-0.68714213,-0.022675991,-0.046605766,-0.44712386
2.7983744,8.7007675,-0.40251625,9.68076,-0.6769265,-0.010175943,-0.09920931,-0.44263512
2.6022377,7.930603,-0.35967052,9.710462,-0.677544,-0.0500772,-0.09624392,-0.38725567
2.8154778,7.463023,-0.305196,9.730532,-0.7026758,-0.08199358,-0.047581375,-0.14525524
2.7501667,7.5604353,-0.5432704,9.701788,-0.6988697,-0.02230978,0.14929974,-0.1584185
2.7000651,6.633429,-0.48006576,9.664322,-0.7063744,-0.012413263,-0.02299565,-0.359795
2.598303,6.1595845,-0.4263066,9.63541,-0.7054025,-0.06781244,0.086661816,-0.27606323
2.475567,6.0441236,-0.15915447,9.6019535,-0.71356416,-0.04239869,-0.011828899,-0.2708567
2.4900436,6.308063,-0.56425476,9.656895,-0.6729386,-0.03726673,-0.07293856,-0.26210657
2.4622684,7.871346,-0.2550639,9.643081,-0.6519052,-0.056019068,0.010026455,-0.25156277
2.3544216,7.7995596,-0.4122637,9.679919,-0.6356151,-0.054408073,0.0835129,-0.25427285
2.453002,6.7282248,-0.23738593,9.64794,-0.6471753,-0.14034534,0.07744801,-0.1599792
2.691562,6.8102083,-0.36580634,9.496522,-0.6621902,-0.0011749268,-0.0011774898,-0.4688005
2.6120043,7.1029825,-0.47342277,9.597345,-0.61994195,-0.080756664,-0.17416441,-0.49164584
2.7247977,7.640388,-0.55378556,9.562681,-0.6146711,-0.0910697,0.15422475,0.17955315
2.716219,7.8905945,-0.5815151,9.61041,-0.6353295,-0.12131071,0.037927628,-0.17326063
2.6545024,7.960209,-0.479267,9.703466,-0.64800155,-0.038437128,-0.024364233,-0.31639507
2.592595,7.2740903,-0.5043137,9.742521,-0.7174264,-0.0025315285,0.013044953,-0.39511922
2.4628518,6.236508,-0.16975164,9.78981,-0.7494762,-0.010490656,-0.10613179,-0.43872145
2.2007074,5.7131824,-0.46969903,9.728467,-0.7446004,-0.0040090084,-0.0733552,-0.49511966
2.2298079,5.6834917,-0.2840774,9.777847,-0.73308253,-0.0027637482,-0.016393185,-0.49997005
2.266724,5.7213707,-0.3522582,9.743408,-0.7801422,-0.00048708916,0.19667089,-0.4703271
2.2459407,5.4095016,-0.09879261,9.653656,-0.75303566,-0.0028176308,0.22319555,0.15534526
2.1677434,5.331265,-0.26883185,9.656601,-0.75211346,-0.017818213,0.2338469,-0.026432127
2.3581104,5.6885757,-0.2447753,9.672569,-0.7462803,-0.019003868,0.083485246,-0.019986957
2.3640661,6.526603,-0.20030451,9.694853,-0.7314316,-0.012346268,0.20759928,0.015514374
2.5790532,6.092617,-0.38272136,9.666265,-0.74248207,-0.020264864,0.2464695,0.06357908
2.1674016,7.5814624,-0.10778463,9.814617,-0.69690204,-0.018776417,0.18288517,-0.012223214
2.1916065,7.6695614,-0.16359818,9.820911,-0.6758449,-0.14689302,0.14100468,-0.46390954
1.98979,8.014684,-0.08352351,9.843366,-0.6580602,-0.06827855,-0.05059129,-0.37282884
1.9841549,7.9583163,-0.21171188,9.858511,-0.658708,-0.080810785,0.21363616,-0.3641882
1.9208438,8.597077,-0.16993332,9.877068,-0.64994156,-0.07331014,0.20362687,-0.016883492
2.096684,8.145649,-0.25463527,9.838032,-0.65716994,-0.06315231,0.2595861,0.20952266
1.8894846,7.572425,-0.20147938,9.859958,-0.6580037,-0.101852894,0.22863746,-0.043387175
1.9651151,7.31935,-0.3791269,9.865545,-0.6483712,-0.099626064,0.21546376,-0.035953104
2.10414,8.245894,-0.3137732,9.883057,-0.6676936,-0.10335398,0.18729663,0.04901874
2.1986609,8.183548,-0.49387056,9.903527,-0.69515467,-0.04739976,0.08613086,-0.4261269
2.320693,8.31918,-0.49015987,9.90317,-0.6752572,-0.024818897,-0.011478305,-0.28641438
2.4166203,8.481028,-0.7311056,9.824384,-0.6636956,-0.016449928,-0.063310385,-0.43556014
2.4489207,8.76041,-0.7306284,9.823481,-0.6587528,-0.030311584,0.0038057566,0.008737922
2.6202455,8.129433,-0.6507086,9.764212,-0.6971284,-0.021988392,0.0810374,-0.11125386
2.4011269,8.093132,-0.65493727,9.870068,-0.6958004,-0.008015156,0.079669595,-0.0077123046
2.6483874,7.969934,-0.6904347,9.859712,-0.6846229,-0.012161016,-0.04758233,-0.25602418
2.185072,7.5728197,-0.81749326,9.993031,-0.71900034,-0.007686138,0.03060186,-0.38563013
2.1262906,7.448729,-0.85202754,9.895069,-0.6851193,-0.00544858,0.07395339,-0.11712763
2.0860515,7.798608,-0.62975955,9.9356785,-0.6541668,-0.006605625,-0.0048959255,0.13198638
2.0534835,7.254312,-0.81989944,9.935333,-0.6511501,-0.06303644,0.36711335,0.18086362
2.0274234,7.6468496,-0.8316675,9.952218,-0.642156,-0.092212915,0.46311283,0.2063011
2.008985,7.429748,-0.79903513,9.9177265,-0.63282037,-0.07385397,0.118085146,-0.17888892
2.0557957,7.2264647,-0.8533744,9.964876,-0.6277604,-0.04407692,0.11721563,-0.12075001
2.13912,9.1411915,-0.8401027,9.949369,-0.5921353,-0.06212592,0.19074082,-0.13327596
2.0163357,9.0833845,-0.85658395,9.944397,-0.5807742,-0.059405804,0.14311719,-0.02183199
2.0309627,8.216798,-0.9105644,9.952671,-0.6000738,-0.053888083,0.08152282,-0.12374553
2.0753713,7.7148724,-0.9120269,9.933531,-0.62714505,-0.06720066,0.10260236,-0.027342737
2.1292138,8.545784,-0.75930417,9.924261,-0.6201203,-0.09418988,0.13032842,-0.15749514
2.2769098,8.103443,-0.6172336,9.868827,-0.6345794,-0.10504341,0.07584441,-0.14409769
2.2405815,8.236669,-0.6198556,9.835712,-0.6267803,-0.06805205,0.007613778,-0.11192262
2.2537599,8.514326,-0.668765,9.879058,-0.61357677,-0.124512196,0.06996405,-0.049399078
2.2020257,8.423333,-0.54960716,9.860718,-0.62878,-0.08166313,0.16814828,0.0011119843
2.215591,7.5332437,-0.24789774,9.813398,-0.68810177,-0.010661364,0.09153628,-0.26766646
2.352164,7.6986775,-0.49109256,9.874205,-0.6939825,-0.0023474693,-0.12593591,-0.30164668
2.4463587,7.788813,-0.7162421,9.87889,-0.7152505,-0.016901016,0.0035680532,-0.30084154
2.4084196,7.848232,-0.7132325,9.943161,-0.6788595,-0.022931099,-0.11539841,-0.46316645
2.2637293,8.308122,-0.6435975,9.923813,-0.69704056,-0.021995306,0.03738761,-0.45411885
2.10206,7.0527925,-0.7152221,9.966742,-0.71141636,-0.052292824,-0.03587675,-0.4558182
2.0791771,7.3494563,-0.39505917,9.93973,-0.7382369,-0.027038336,0.007984877,-0.21313399
2.1167521,6.9805713,-0.5850098,9.924373,-0.7271303,-0.03284836,-0.062735915,-0.464689
1.9854934,6.730396,-0.52565104,9.861837,-0.66300535,-0.07656765,0.036044836,-0.0054224133
1.9576358,7.4309597,-0.50543123,9.915137,-0.6613561,-0.042218685,0.2236861,-0.20774922
1.6795295,7.070569,-0.45724922,9.913282,-0.6418388,-0.03800416,0.17093563,-0.0735181
1.8239825,6.853163,-0.5912911,9.939763,-0.66742337,-0.020124435,0.32568133,0.11302549
1.8549814,7.3350515,-0.54623276,9.961861,-0.665388,-0.058082104,0.4216994,0.30228305
1.8741678,6.8674707,-0.50928736,9.790428,-0.6349317,-0.034609556,1.400676,0.40186578
2.1011627,7.102001,-0.4814037,9.827811,-0.66425097,-0.02006507,0.6446874,0.4551413
2.1635575,8.005943,-0.54047906,9.874954,-0.6496687,-0.09012842,0.31709254,0.17665738
2.2626262,8.555412,-0.42387408,9.89242,-0.65148497,-0.08843708,0.34210622,0.17243958
2.239471,8.465252,-0.35013556,9.870235,-0.67993295,-0.110918045,0.30918193,-0.19483662
2.2576766,8.632929,-0.36568344,9.905382,-0.69319355,-0.052022457,0.18162107,0.023491025
2.0721009,8.783493,-0.1287418,9.888657,-0.6641443,-0.056140184,0.14309752,-0.13737187
1.6642677,6.7727103,-0.5074564,9.974546,-0.66671205,-0.030619144,0.31285167,-0.06486362
1.8518479,7.1591725,-0.5214603,9.961368,-0.6345576,-0.04445839,-0.07813889,-0.063566566
2.113853,6.912946,-0.8430568,9.914904,-0.64425087,-0.07566786,0.06952727,-0.2273882
2.3831859,8.031412,-0.9478431,9.877572,-0.670606,-0.013653994,0.008506179,-0.39232722
2.270775,7.6684303,-0.6696737,9.97153,-0.70480466,-0.0014843941,0.11351943,-0.034174442
2.5900269,8.724523,-0.77504057,9.983548,-0.70539176,-0.022207737,0.123352766,-0.13752031
2.627535,8.810139,-0.82115316,9.984982,-0.7241231,-0.0023770332,0.003908396,-0.20901668
2.5834134,7.640865,-0.030425608,9.71298,-0.75624895,-0.018058062,0.031544328,-0.2914194
2.766098,7.787451,-0.39781964,9.7771225,-0.7545769,-0.0031392574,0.10581815,-0.3589136
2.828296,7.249346,-0.42194766,9.83095,-0.7522527,-0.012333393,-0.09349078,-0.29552865
2.6033287,7.541997,-0.39195138,9.792377,-0.7424165,-0.016608715,-0.049600482,-0.4304844
2.734663,7.365499,-0.39447838,9.803116,-0.7272918,-0.0693872,0.22609007,-0.10973564
2.6396472,8.459169,-0.24948907,9.766444,-0.7240529,-0.00014638901,0.13108265,-0.21797606
2.8995142,8.842276,-0.3122735,9.740847,-0.72194445,-0.0004968643,0.28108716,0.0604375
2.8803678,8.118603,-0.49123245,9.773914,-0.7276435,-0.009929895,0.17347705,0.1905269
2.7526655,8.541434,-0.65752006,9.82332,-0.70920897,-0.016582966,0.45670128,0.09172499
2.7640018,8.21807,-0.6844319,9.807924,-0.7058108,-0.0249362,0.5611688,0.27671504
2.5386062,8.62092,-0.5827354,9.794016,-0.7121829,-0.019649982,0.34776187,0.3576107
2.7100096,8.432053,-0.44218016,9.769734,-0.6870756,-0.009631395,0.18009472,-0.26769838
2.5722861,9.137646,-0.41931105,9.980495,-0.7070713,-0.011601448,0.015588045,-0.29185605
2.6333427,9.371237,-0.25872356,9.78782,-0.67785835,-0.052579403,-0.075911224,-0.48760182
2.5377245,8.746622,-0.22752863,9.804222,-0.69255114,-0.008741617,-0.12596959,-0.27935153
2.555048,8.597803,-0.4793551,9.727961,-0.67030966,-0.027417898,0.077196,-0.3573322
2.6417322,7.688672,-0.6450932,9.704454,-0.6611676,-0.043515205,0.08123088,-0.17254466
2.5292552,7.9343085,-0.2859277,9.654745,-0.6493441,-0.08396959,0.069306016,-0.3277223
2.4257505,7.529861,-0.082951546,9.609461,-0.6468388,-0.091423035,-0.024708152,-0.21558124
2.4449983,7.7812457,-0.06101215,9.493747,-0.62328386,-0.13747239,-0.011629343,-0.30259502
2.3999186,7.472051,-0.06884301,9.409305,-0.5840199,-0.14370584,0.18960607,-0.17109567
2.5632389,7.199739,-0.42623156,9.44403,-0.57671964,-0.08224058,-0.019524872,-0.26028228
2.5829222,7.1381364,-0.33253896,9.467878,-0.5989591,-0.05942011,-0.21650904,-0.2837509
2.447382,6.6760798,-0.333659,9.505575,-0.626572,-0.046941757,0.06884718,-0.2910683
2.6378186,6.531611,-0.28817797,9.4609165,-0.62600625,-0.07984495,-0.11930829,-0.4664163
2.597903,7.1087227,-0.10115945,9.505494,-0.6215682,-0.10963535,-0.009357035,-0.030942202
2.6058722,7.040293,-0.10870427,9.568233,-0.6549747,-0.1080699,0.13164103,-0.44827694
2.5283175,7.5738935,-0.09807885,9.587025,-0.6545186,-0.0818069,-0.06484413,-0.43349138
2.61824,6.810224,-0.32553422,9.602467,-0.6549963,-0.06369734,-0.18866819,-0.48525867
2.5349236,7.4765105,-0.051508427,9.593065,-0.6623956,-0.017168522,-0.09490198,-0.48557445
2.4532757,7.7733436,-0.46481174,9.59292,-0.6131704,-0.019097328,-0.11481124,-0.4107187
2.4184537,6.866728,-0.5537106,9.606134,-0.60843456,-0.021919727,-0.07379943,-0.16510996
2.4808736,7.5667877,-0.5556514,9.603151,-0.610904,-0.11891079,-0.023331106,-0.3445034
2.5029635,7.391808,-0.42245078,9.615888,-0.6217419,-0.105027914,-0.0012708306,-0.15973094
2.7530718,6.9950547,-0.31169772,9.581217,-0.6651645,-0.06746626,0.09579861,-0.17173547
2.4960506,7.9327154,-0.2369473,9.650576,-0.6635425,-0.062489986,0.15347016,-0.23979798
2.389913,7.59193,-0.47521317,9.6802845,-0.6462456,-0.083108425,0.13631797,-0.30337644
2.4084423,6.9816976,-0.22438186,9.6678295,-0.65463924,-0.11177969,0.056800365,-0.18876469
2.4010828,7.712286,-0.3519764,9.730616,-0.64987946,-0.06638098,0.0377506,-0.15324768
2.6262014,8.117302,-0.39828652,9.72942,-0.67717266,-0.0684824,0.23909128,-0.17244735
2.6701827,8.852572,-0.54903823,9.771389,-0.6938009,-0.070503,0.22356427,-0.20124435
2.635668,8.699045,-0.12542617,9.832037,-0.7407154,-0.03286934,0.12339866,-0.09778464
2.6989312,7.8763256,-0.2555371,9.8003645,-0.75172925,-0.012359619,0.17795312,-0.13526717
2.476413,7.955314,-0.1446566,9.777887,-0.7308177,-0.024304867,0.2178824,-0.15680313
2.4684086,7.137194,-0.23608488,9.748955,-0.72192633,-0.027357101,0.11827648,-0.164107
2.4105325,7.601198,-0.4405632,9.870199,-0.71059453,-0.022232533,0.06576872,-0.17818174
2.36558,7.77558,-0.34803134,9.84584,-0.7374531,-0.0003168583,0.3085692,-0.13341683
2.4351006,7.4445224,-0.2369405,9.847399,-0.7414582,-0.0019230843,0.15001357,-0.13642743
2.3717353,7.3660164,-0.36044163,9.851352,-0.7296338,-0.023746014,-0.07772291,-0.18657213
2.1912453,6.886367,-0.5759595,9.898761,-0.7350509,-0.0031638145,-0.036328077,-0.22346008
2.3153825,8.077356,-0.8280206,9.943505,-0.6926757,-0.040585518,0.13557792,0.04647112
2.2837677,8.068415,-0.90008,9.916516,-0.6652436,-0.0076565742,0.046488643,-0.04959917
2.2344,8.654322,-0.8886091,9.968514,-0.65212107,-0.008099794,-0.05096644,-0.18874663
2.3383927,8.644217,-0.8794286,9.960735,-0.65934706,-0.0041844845,-0.013743103,-0.19867894
2.489864,8.863269,-0.8415694,9.895643,-0.68174255,-0.0034689903,0.06258702,-0.17137486
2.5814595,8.511213,-0.97600186,9.89348,-0.6660476,-0.019050598,0.065940976,-0.16782314
2.5698383,9.252504,-0.69575596,9.799543,-0.6439698,-0.021122932,-0.11011791,-0.35695884
2.4565558,8.780092,-0.39324594,9.760281,-0.62689114,-0.14739013,0.12652254,-0.3938006
2.4027414,8.322361,-0.4171663,9.769863,-0.6306665,-0.14635873,0.013578892,-0.27441752
2.422276,8.302704,-0.3666858,9.761237,-0.63477945,-0.08148718,0.02441001,-0.30878577
2.1516972,7.959888,-0.34089875,9.729496,-0.59346044,-0.09305,0.05774641,-0.18929854
2.1845424,8.757166,-0.4129886,9.799896,-0.54440355,-0.18812013,0.02668488,-0.21382773
2.1142967,8.6772175,-0.7690252,9.807432,-0.53346217,-0.17175627,0.030059457,-0.16622478
1.9288127,7.1365447,-0.74426687,9.830235,-0.5364225,-0.15284109,0.06917524,-0.3859706
1.8233078,7.169547,-0.6355753,9.818246,-0.54901934,-0.21862912,0.04781711,-0.12445587
1.8672445,6.9901376,-0.4856766,9.883793,-0.55377746,-0.18193603,0.041514277,-0.07555032
1.8671954,7.528208,-0.36066616,9.816548,-0.57053113,-0.18568301,0.105612874,-0.13560322
2.1604574,7.9467974,-0.34049237,9.764009,-0.58752155,-0.14081717,0.09783542,-0.108199775
2.1395528,7.7352877,-0.29030037,9.748247,-0.6309296,-0.07209587,0.070400834,-0.20184422
2.1213746,7.3923573,-0.33107084,9.744331,-0.6402006,-0.09400535,-0.075612366,-0.45180172
2.0914114,7.3217616,-0.3352639,9.752942,-0.6462579,-0.07919145,-0.017385125,-0.43795204
2.355624,7.121597,-0.4797703,9.666383,-0.6059618,-0.079787254,0.016162157,-0.081481606
2.3140259,9.107028,-0.11847925,9.781662,-0.62375236,-0.11442351,-0.05971688,-0.32742342
2.243707,8.485435,-0.604319,9.811724,-0.58798647,-0.10076141,-0.0638873,-0.30302322
2.3372953,8.287998,-0.49830568,9.831229,-0.6358696,-0.12577128,0.04428351,-0.36918235
2.4623117,8.583248,-0.52013016,9.884151,-0.67472553,-0.08296585,-0.12796456,-0.44907683
2.3908398,8.503204,-0.72416115,9.862305,-0.66245294,-0.037763357,-0.123158574,-0.45761335
2.3561258,8.463456,-0.64594245,9.937871,-0.6654688,-0.014689922,-0.14095086,-0.45199186
2.3195443,7.1479053,-0.5438664,9.863885,-0.7255808,-0.0032260418,-0.08040923,-0.12479803
2.4842346,7.7444787,-0.54508054,9.905868,-0.72314703,-0.035796165,0.14391518,-0.08914828
2.6266885,8.891216,-0.39379698,9.885576,-0.7316289,-0.040956497,0.121560335,-0.17957717
2.5375993,8.422769,-0.43095744,9.75453,-0.68900514,-0.0010294914,-0.020492613,-0.2696647
2.5231972,7.5994697,-0.6397443,9.841459,-0.69894445,-0.001657486,-0.0030639172,-0.20187706
2.5096917,6.9566154,-0.36140132,9.782423,-0.7424989,-0.0012857914,-0.06015092,-0.3674227
2.511468,7.223823,-0.45855105,9.82622,-0.7040427,-0.005083084,0.12613726,-0.24243933
2.5386262,6.3743668,-0.69997835,9.810013,-0.7134547,-0.030164003,-0.14427048,-0.32011488
2.3441787,6.222053,-0.6726184,9.779482,-0.68228185,-0.013293505,0.07964885,-0.2804365
2.217279,6.239827,-0.60995233,9.70546,-0.6799444,-0.017374992,-0.06484318,-0.25737962
2.2093709,6.1867795,-0.7572415,9.70028,-0.6541283,-0.053720713,-0.021936715,-0.31665307
2.232089,6.652431,-0.69598156,9.739492,-0.6697688,-0.023468494,-0.025436163,-0.2954574
2.1056623,7.0692463,-0.76991594,9.785359,-0.6386707,-0.023320675,-0.10531956,-0.45217085
2.1003504,6.697032,-0.55837,9.764208,-0.6464119,-0.0031170845,0.06390679,-0.1299479
1.9915813,6.9276977,-0.25626445,9.771231,-0.65214336,-0.008475065,0.12286806,0.12126231
1.9911458,6.9294457,-0.37068284,9.772192,-0.6330887,-0.08000326,-0.010130703,-0.104875565
2.0007043,6.2547774,-0.67453367,9.7113495,-0.6104605,-0.091490984,0.19242287,-0.17301124
1.8300728,6.7811527,-0.6254652,9.797943,-0.5670614,-0.08892536,0.020543218,-0.257977
1.8593736,7.0259504,-0.4488871,9.734976,-0.5796572,-0.089803696,-0.16094708,-0.4965754
1.8984711,6.7945457,-0.30262554,9.751023,-0.5843333,-0.10100508,-0.20774204,-0.47455284
1.9003165,7.635021,-0.4336049,9.817968,-0.57768404,-0.106867075,-0.22204119,-0.489672
1.9131355,8.127729,-0.3980229,9.809776,-0.5705297,-0.15455866,-0.14506912,-0.44782603
1.8162408,7.7883267,-0.2760358,9.851139,-0.56112504,-0.18477154,-0.069230855,-0.4853265
1.7632396,8.507115,-0.25293124,9.823562,-0.5620787,-0.19719219,0.09667468,-0.47964555
1.6121995,8.444652,-0.26294947,9.82904,-0.53192186,-0.19649911,0.051273823,-0.47951788
1.8651465,7.6019554,-0.08295941,9.673305,-0.5515448,-0.17981148,-0.057650268,-0.37016752
2.1395926,8.851353,-0.24771816,9.587772,-0.54391325,-0.13586521,0.015254259,-0.3212543
1.9106803,7.5353327,-0.16446757,9.568331,-0.5247096,-0.1899085,-0.09442639,-0.33895326
1.9338952,7.0581026,-0.15288603,9.561241,-0.5182097,-0.18370509,-0.0857079,-0.42634118
0.77377796,5.458518,1.3338711,6.6462727,0.8620355,-1.4947069,-0.02285397,-0.2799169
0.71522677,5.354536,1.3632312,6.622149,0.8645706,-1.4812286,0.06268382,-0.14418894
0.7109791,5.5885286,1.3643763,6.6499968,0.86900115,-1.510016,0.12844527,-0.028962523
0.68822014,4.8569555,1.3407574,6.6460238,0.8710382,-1.4858456,0.234851,0.15844595
0.6521456,4.655795,1.3251853,6.704034,0.88299274,-1.4873285,0.8370147,0.29470026
0.76281977,5.089775,1.3271856,6.6164575,0.862519,-1.5160933,0.46017063,0.15804702
0.81623816,5.055402,1.3054988,6.6408,0.85753083,-1.4895258,0.5075215,0.23223758
1.0286951,6.0952473,1.3045435,6.6396284,0.8822186,-1.5519346,2.9679673,0.3950172
0.9548521,5.252049,1.2900367,6.6898665,0.88621664,-1.6154985,1.271157,0.57345605
1.0144414,7.8528094,1.2076614,6.6232247,0.95191455,-1.5606254,2.765452,0.57134056
1.0375718,8.196722,1.2395065,6.6386714,0.92218494,-1.5540622,1.8373101,0.43441886
1.4134016,6.154437,1.1683083,6.643923,0.90883255,-1.515797,2.969064,0.52346694
1.1246581,8.535644,1.1649656,6.7151647,0.8729484,-1.5198207,2.930808,0.51593566
1.201666,6.2631655,1.1151257,6.7797885,0.86858416,-1.4608938,2.816702,0.49588323
1.5044919,3.8866324,1.1793356,6.7195063,0.8562746,-1.4487779,0.49069834,0.5647948
0.9290678,2.9651978,1.2046218,6.808877,0.8197508,-1.4879546,2.807381,0.5314846
1.3675635,2.24777,1.1703918,6.7766995,0.85826325,-1.5310228,0.5992018,0.45694578
1.9267361,8.858837,1.1861575,6.778487,0.86405754,-1.53556,0.62576795,0.44290608
2.6074157,5.4654284,1.1723809,6.86771,0.8520901,-1.499388,0.40519118,0.3604672
1.7445465,7.293972,1.1293032,6.7386446,0.846642,-1.4215533,0.31923938,0.29136288
2.140898,6.4057426,1.1519344,6.709888,0.85097146,-1.4234948,0.39250422,0.3316803
2.8478768,8.670387,1.1391685,6.7838335,0.8394458,-1.4083374,0.33402526,0.078020096
2.9273415,8.372546,1.1826541,6.7583904,0.8419819,-1.4600577,0.42240167,0.31816012
2.6026392,3.566717,1.1587248,6.740973,0.8568497,-1.4700022,0.42292655,0.504513
2.7861598,8.585241,1.1456752,6.755335,0.8847511,-1.4576068,2.0637596,0.56072557
1.8280975,8.221758,1.1791668,6.806084,0.88075256,-1.5580027,2.2516603,0.50286794
2.295064,7.793144,1.3163817,6.570528,0.82794476,-1.5075362,2.8023298,0.50161123
1.1154304,7.166118,1.3164678,6.5576468,0.8677213,-1.5502583,2.7550333,0.40797317
1.0928059,7.011547,1.3269558,6.493667,0.8804848,-1.519331,2.839045,0.51239955
1.1367555,4.9040675,1.3752692,6.4386926,0.8620906,-1.4780116,1.2183077,0.540751
1.1546495,6.0866585,1.4140759,6.495589,0.85910916,-1.4957108,0.7835822,0.4967978
2.2947507,5.0623026,1.4093201,6.409013,0.8561232,-1.449384,2.8798819,0.68029094
1.2627038,5.765802,1.4240344,6.4007397,0.84920883,-1.4355419,1.948101,0.6529436
2.0910819,4.229165,1.3896527,6.407815,0.84922147,-1.455095,2.1626647,0.48808056
2.5259285,7.968849,1.3850825,6.427496,0.855649,-1.4623733,0.6105999,0.35582477
2.1347718,3.8740647,1.3680131,6.466839,0.83641744,-1.4409996,0.4904033,0.40078932
2.5350223,6.7950993,1.3615174,6.4867725,0.82838726,-1.4495702,0.12266886,0.28114814
2.809739,3.2082074,1.2898974,6.502428,0.82485676,-1.4267918,-0.16048902,-0.2367557
2.303366,2.5277908,1.3831315,6.4796352,0.8148217,-1.4774419,-0.16134953,-0.44262525
2.866146,2.2520638,1.3587401,6.698213,0.80771565,-1.4792237,-0.022543967,-0.43718037
0.5000795,2.2161407,1.3585472,6.6908464,0.8067906,-1.4910725,0.008770943,-0.48982558
0.5085198,2.31417,1.368772,6.557046,0.835752,-1.4537455,-0.11017907,-0.49120638
0.52854246,2.5774033,1.3357811,6.6406317,0.8269222,-1.4310684,-0.112883806,-0.41314313
0.57313746,2.583508,1.3275883,6.707896,0.8060379,-1.4370775,-0.24726212,-0.47958228
0.6938972,2.853163,1.2585268,6.7502413,0.7487731,-1.3406582,-0.15954334,-0.4633513
0.5672973,2.9649591,1.360136,6.717346,0.7506845,-1.3669671,-0.1249128,-0.45704755
0.57356495,2.7368448,1.3555484,6.811884,0.74729395,-1.403991,-0.11169511,-0.4160068
0.6576122,2.5798035,1.294024,6.800516,0.7494168,-1.372025,-0.06521201,-0.16871804
1.4101322,2.3248894,1.24842,6.7108126,0.73838305,-1.4014144,0.044743776,-0.48257375
0.70468765,2.2335813,1.2772987,6.79487,0.7782724,-1.4231403,-0.003565669,-0.48394036
2.5336769,4.786642,1.3454845,6.657787,0.77831364,-1.4161434,-0.015091002,-0.3349456
2.2273474,4.2787013,1.3778381,6.6327925,0.75513744,-1.4203424,-0.0208987,-0.2882998
1.8794515,4.362316,1.3519566,6.5978293,0.75926876,-1.4039345,-0.009839714,-0.26355085
1.9413953,6.80605,1.3505723,6.601375,0.75866103,-1.4248227,0.066782,-0.020266414
2.267035,9.120024,1.3559375,6.6283164,0.7535424,-1.4161888,0.21489608,0.12681246
2.409731,7.8641987,1.3820944,6.620152,0.7421236,-1.3883797,0.20783484,0.17268336
2.818482,8.441933,1.3958156,6.638772,0.7456982,-1.4314975,0.33696818,0.11714363
2.77887,7.9995003,1.4989011,6.6083612,0.7588887,-1.4818636,0.3385563,0.17166996
1.6756153,7.6163235,1.4345326,6.571193,0.7439375,-1.4668798,0.2284168,-0.0998376
1.8187803,2.2483282,1.4002626,6.602995,0.7549293,-1.448351,0.26728594,-0.03784865
1.5407798,2.0720732,1.2835295,6.619192,0.775198,-1.4741224,0.30069757,0.09704244
1.8636343,2.0269976,1.3367047,6.596625,0.752331,-1.4317249,0.44323993,0.33871496
1.3414268,9.887491,1.3054035,6.699548,0.7820761,-1.4266558,0.35967922,0.20892912
1.0338873,2.309052,1.2892609,6.614338,0.7754319,-1.3872396,0.5461644,0.46890295
1.1963482,3.59654,1.2998967,6.676236,0.7785063,-1.3940072,2.526315,0.5895277
1.8165665,3.8343036,1.3232408,6.665327,0.7559488,-1.4012008,2.607816,0.55899894
2.2005253,7.969433,1.3204069,6.663974,0.7604079,-1.3862231,0.76959765,0.46706957
1.625138,8.4317045,1.3893373,6.637417,0.7534523,-1.3586078,1.0648375,0.41750705
1.5612006,7.728536,1.5071299,6.557707,0.7512839,-1.4701653,1.5193148,0.46618873
1.7386726,6.9108224,1.5318582,6.484586,0.7370186,-1.339771,2.4979417,0.51231194
2.743816,5.8408155,1.4108047,6.578251,0.7370341,-1.357641,1.5816631,0.4128337
2.143489,9.605483,1.3739824,6.6309066,0.7500913,-1.3893051,2.2880495,0.4926132
2.0809643,8.59067,1.3232327,6.643483,0.77101946,-1.4169177,2.864318,0.6499953
1.6739895,4.336423,1.2186904,6.6659966,0.7872,-1.378784,2.894769,0.55270565
1.6483122,5.1124287,1.2985773,6.7230554,0.7636664,-1.3581408,1.5393364,0.50928473
1.5236024,4.838939,1.2801626,6.6653447,0.7589791,-1.3294432,1.0831549,0.48296505
1.952872,6.6988816,1.2677734,6.7133074,0.7303388,-1.3578962,1.1536419,0.40591216
1.1348431,3.16925,1.322413,6.6670566,0.7377994,-1.2941418,1.3538797,0.63786936
1.4693985,4.5484886,1.3095205,6.701582,0.74771094,-1.3874542,1.2330141,0.39304543
1.7561014,8.224812,1.3120584,6.6803493,0.7651012,-1.4196799,1.6917641,0.5525427
2.7359502,2.6346042,1.2880278,6.73193,0.76548505,-1.4123502,2.8192499,0.5946301
1.1393805,4.095909,1.2966785,6.753744,0.76496863,-1.4009929,1.5129178,0.61531603
1.3770742,4.993325,1.3089533,6.65602,0.7714796,-1.3937356,2.4152532,0.61402905
1.1701475,2.1746497,1.3054712,6.608377,0.79082346,-1.4052138,1.3118131,0.5895102
1.4582337,5.5957336,1.3951886,6.577666,0.79061913,-1.4552412,0.5539495,0.4540469
1.9068356,5.4870596,1.3936775,6.5682955,0.75796366,-1.4060135,0.79339314,0.34685743
1.5848448,7.8867593,1.4006774,6.547226,0.7593117,-1.421623,1.0519373,0.32455838
2.314308,2.3349142,1.4236355,6.6263614,0.76003814,-1.4380428,2.8339171,0.5228828
2.2754488,3.2151506,1.4106967,6.6487923,0.71968913,-1.3899839,1.6636412,0.5301236
0.9884828,4.7216787,1.4062386,6.624573,0.7195451,-1.3850019,1.7193503,0.40836728
2.0484867,2.4974449,1.439837,6.666589,0.6916492,-1.3204684,2.57363,0.6265831
2.1036339,7.1428533,1.38058,6.580866,0.7192862,-1.3165817,1.4643877,0.6161511
1.630089,5.107739,1.3931339,6.5989017,0.7054436,-1.328844,2.6294382,0.60909367
1.9579278,4.8939085,1.4221053,6.6085744,0.729028,-1.355263,1.4135125,0.52082324
1.1261473,4.3102155,1.3655002,6.56699,0.738106,-1.2870305,2.4598446,0.6825042
1.460919,6.1136184,1.3907037,6.5904365,0.73130965,-1.3138986,2.5580266,0.49226952
1.336709,7.8548203,1.3989558,6.617887,0.73046446,-1.3073326,2.5372694,0.7673441
1.8327998,5.208951,1.3771479,6.611408,0.7202959,-1.3280823,2.723734,0.31454772
2.853466,7.939677,1.3524628,6.571016,0.7448306,-1.337215,1.0112934,0.27394295
1.0463376,8.61076,1.3682077,6.5978794,0.7767956,-1.3369532,2.0572014,0.577044
1.0221593,9.464889,1.4500556,6.609218,0.7723563,-1.3288682,2.308744,0.5250217
1.0051181,9.727007,1.470962,6.668512,0.7674947,-1.3526933,2.089075,0.6371541
1.1062299,9.925052,1.3724959,6.738702,0.77915144,-1.467016,0.6094531,0.26825887
0.8822726,9.214537,1.3398836,6.7582684,0.7929859,-1.4557703,0.5819806,-0.007597983
1.1049781,8.224388,1.3029656,6.7508354,0.77064943,-1.4362532,0.18899286,0.033587337
2.71452,8.668413,1.2484252,6.808176,0.7871046,-1.4225425,0.09824586,0.02697885
2.6479514,8.529104,1.2635944,6.7261224,0.8238857,-1.47178,0.17950475,0.0127411485
2.3359284,2.7019968,1.3096857,6.6672583,0.7957349,-1.4838835,0.14696538,-0.086541295
2.1754122,3.8781877,1.3283868,6.569754,0.7778363,-1.4596524,0.117880225,-0.0490337
1.9069893,3.1420188,1.3364501,6.6573534,0.7832427,-1.4687623,0.115746975,-0.068918884
2.744337,5.539233,1.2862015,6.6981354,0.7753794,-1.3855999,0.13512099,0.20864093
1.6291074,5.700344,1.2906497,6.6206136,0.7710471,-1.312015,0.7452593,0.5420569
2.4612546,8.383617,1.2679195,6.645726,0.74314666,-1.2849727,1.4296904,0.54841495
2.3468852,3.5030131,1.2603176,6.7111254,0.77344966,-1.3442969,0.90434813,0.5744959
1.7593256,4.8582344,1.3087287,6.762096,0.7762468,-1.427814,0.659539,0.52522016
2.9841402,9.848458,1.2454572,6.7801447,0.7871351,-1.4303565,0.42873228,0.2485249
2.991267,2.7671268,1.2383881,6.7276535,0.78550076,-1.3897097,0.30581832,0.3470751
2.9210875,9.539434,1.316329,6.6485224,0.8002913,-1.3901565,0.33811736,0.24933833
2.693843,4.519235,1.3525982,6.49841,0.788429,-1.4201086,0.28823376,0.22877634
2.3489528,5.7485223,1.3838835,6.526016,0.7656605,-1.4075843,0.5157838,0.42898577
2.4686031,5.1156178,1.4402764,6.50914,0.75106955,-1.3530478,2.8832157,0.53156936
1.4827452,6.504973,1.3974698,6.499358,0.7431023,-1.3465,2.1073678,0.5223117
1.1172613,3.2346225,1.4206326,6.532222,0.71858144,-1.3396686,1.0463119,0.5892596
1.3233418,2.1001282,1.4041994,6.5860133,0.7200017,-1.328688,1.8912411,0.532431
0.86095095,3.283181,1.4078534,6.582658,0.7175863,-1.360626,2.0636652,0.42100674
0.84215736,2.9355123,1.4367795,6.5322914,0.7297194,-1.3510363,0.9935677,0.47792268
1.1617824,2.4177775,1.3643587,6.5029736,0.72294855,-1.274483,0.22190094,0.38755
2.3693614,2.2383065,1.4005058,6.555256,0.7047906,-1.2873163,0.67456424,0.355317
2.0949697,7.0453143,1.4074824,6.6117826,0.67187476,-1.3210477,1.7460687,0.47698176
2.4557848,8.162789,1.3667517,6.7127414,0.66366124,-1.2954664,1.7034712,0.5309262
2.3816853,4.6116953,1.3410375,6.771282,0.6612377,-1.2918495,2.177284,0.47175813
1.3017567,2.0085614,1.3488061,6.557675,0.72787356,-1.334708,0.57890844,0.46973252
2.0368645,9.440147,1.3551381,6.5189586,0.74155855,-1.3620095,0.12707019,-0.07516107
2.767227,2.2865903,1.4173841,6.545821,0.7239456,-1.3629289,0.13777864,-0.17496195
2.5919664,5.43001,1.4221632,6.557472,0.75241494,-1.3979163,0.14425635,0.12242389
1.1711116,4.6835346,1.4516125,6.513523,0.76358056,-1.3917897,0.31714976,-0.003279388
1.6537231,3.9222622,1.368886,6.592821,0.7287977,-1.3918843,0.04276967,-0.18252972
2.9258976,4.27641,1.39059,6.5262136,0.73485255,-1.3613999,0.001476407,-0.21771401
2.9159808,3.3508997,1.3854613,6.5517564,0.74421763,-1.3758613,0.032616377,-0.074643135
2.7475424,7.096546,1.3852789,6.685918,0.72464323,-1.3969002,0.18613172,0.21067655
2.4556227,5.9255476,1.4260864,6.623805,0.7121246,-1.3973053,0.14705539,-0.018994689
1.5479989,3.6195107,1.4505026,6.5858135,0.6944158,-1.3869724,0.17433369,0.045252085
1.721223,3.7408168,1.4797413,6.616415,0.69070387,-1.3827388,0.07682347,-0.10463047
1.8238902,3.0446792,1.4308882,6.6303444,0.71369743,-1.442506,0.03394234,-0.29503405
2.2074513,8.950008,1.2752221,6.5606017,0.80306125,-1.3682084,-0.16158158,-0.29482841
2.705374,6.545647,1.3191426,6.5706673,0.8116224,-1.3825676,0.027780294,-0.4414797
1.0910715,3.5535917,1.2865038,6.67991,0.8352189,-1.5083684,-0.1303559,-0.42897332
2.8969052,9.121349,1.2562454,6.6419363,0.8259988,-1.4518664,-0.0933035,-0.36899257
2.4350927,9.287379,1.1423254,6.7145977,0.8784034,-1.439142,-0.109043956,-0.32436365
2.4453306,3.1919234,1.2001271,6.6829367,0.85862637,-1.4596033,-0.03409922,-0.13981429
1.8225832,2.4075704,1.200721,6.600685,0.8446114,-1.4471881,0.3004166,0.09300792
0.73273045,2.0774615,1.2114174,6.650257,0.8582945,-1.459563,0.039954066,0.07836723
0.9546181,3.607891,1.2876723,6.57381,0.83692217,-1.4582341,0.42295325,0.41655213
1.6476519,2.316408,1.2994711,6.533577,0.8342743,-1.4445622,0.39465833,0.0900321
2.1229444,3.539063,1.3293915,6.4686346,0.8437488,-1.439527,0.26827466,0.30203164
2.3302984,9.511108,1.3142962,6.4648476,0.82638955,-1.4407414,0.24646139,0.09065485
2.6593726,7.32187,1.408793,6.3986034,0.8160136,-1.4384251,0.20516264,0.1221776
2.6254091,6.2473197,1.419725,6.3668785,0.82226014,-1.440436,0.37546873,0.12712413
2.3167155,7.4255137,1.4758611,6.3908544,0.7916446,-1.464689,0.2900703,0.15958011
2.2860422,5.571136,1.522032,6.3725624,0.7982366,-1.481641,0.45340705,0.17062175
1.9074523,5.651813,1.5334587,6.3176994,0.8048651,-1.4884804,0.51635075,0.12268734
1.5082613,5.1063833,1.5097623,6.2690797,0.80090165,-1.4351451,0.54670644,0.18545616
1.065263,3.152275,1.5766072,6.3175964,0.7901907,-1.4570779,0.32857585,0.2665161
2.6003578,8.415319,1.6406379,6.2669954,0.7798865,-1.4707744,0.4457407,0.29933202
1.9516996,3.8721004,1.5787363,6.164699,0.7873504,-1.456671,0.27188504,-0.06988162
1.5107143,5.6152515,1.5416632,6.165287,0.8253205,-1.4381025,0.34111643,-0.15214586
1.4494224,6.5836725,1.5382628,6.1173444,0.84163857,-1.506074,0.34382665,-0.023377806
1.8708346,2.7061648,1.5477753,6.2210503,0.8033769,-1.4684708,-0.05568266,-0.048335046
1.3159394,4.6363125,1.5266962,6.334557,0.78614855,-1.474266,0.29198515,-0.20087224
1.7729048,3.8636508,1.5599456,6.317459,0.79666543,-1.4773996,0.36602008,0.19481283
1.768188,4.0692,1.4953394,6.4170017,0.80333567,-1.472174,0.23826718,0.06299478
1.6080372,3.7804456,1.4467013,6.432868,0.7972853,-1.4946516,0.22878325,-0.057182312
1.0349488,5.9528513,1.4865432,6.4158707,0.8060496,-1.5139577,0.20347881,0.0840469
2.6231153,6.610217,1.5826278,6.4042277,0.74670005,-1.4381831,0.2756641,0.21989858
1.0348356,4.2296677,1.5033183,6.4714293,0.75832176,-1.4162831,0.2917558,0.3039689
1.523917,3.073336,1.5496535,6.3792276,0.76039743,-1.4162748,0.3433807,0.24147248
1.6629174,2.9000697,1.4867635,6.333727,0.76706076,-1.4356015,0.37975657,0.10660267
1.0627756,2.3572617,1.552279,6.286149,0.7780061,-1.4522388,0.2889589,0.24084139
0.9874836,2.4499488,1.5524535,6.329888,0.77559257,-1.4700143,0.427868,0.26597476
2.629668,2.2976906,1.5465555,6.3189125,0.7709985,-1.4139102,0.5747464,0.45605695
2.5444527,6.552772,1.5393398,6.2827234,0.76898336,-1.3567704,1.1969929,0.49206352
2.3664532,4.8005414,1.5905349,6.168315,0.7745471,-1.3509178,1.335607,0.48538047
1.765537,5.888936,1.6013801,6.202738,0.75793433,-1.3373783,1.820226,0.52142763
1.5240943,6.354284,1.6054957,6.3709955,0.7364037,-1.3329432,1.0812001,0.5607462
1.8221015,4.787296,1.6599584,6.3694654,0.6810219,-1.3633085,1.4896662,0.44247258
1.441164,3.8854547,1.6484499,6.3565164,0.6710639,-1.3362963,2.199096,0.5001776
0.6830348,2.7063951,1.6108265,6.292306,0.70786715,-1.3756547,2.5741813,0.33561808
2.1702583,3.4871361,1.6807227,6.261364,0.70305276,-1.3632209,2.0072765,0.35976297
2.6710272,6.262747,1.6574864,6.2187414,0.7251179,-1.3505664,2.7339723,0.44452572
1.4453826,5.140174,1.6650057,6.170994,0.72224665,-1.3435929,2.484901,0.39769173
2.3333583,5.4175053,1.7348547,6.162827,0.72154474,-1.383646,2.0892284,0.4881817
1.9091058,4.041398,1.7273405,6.1755857,0.720767,-1.2844484,0.9597386,0.5046892
1.2155166,2.1549978,1.7336693,6.08994,0.74566555,-1.4296691,2.7086704,0.5569216
1.1996617,3.2241488,1.7705898,6.069673,0.7576411,-1.4508128,1.1450784,0.5169594
2.775947,3.495505,1.7218046,6.1190305,0.78174305,-1.491631,2.702529,0.41921055
1.1681967,5.158243,1.7043669,6.1852317,0.78616047,-1.509222,0.9855746,0.4575225
0.8686664,5.403576,1.7471616,6.06627,0.79409456,-1.4919643,2.7387803,0.4470703
0.9616626,7.5233016,1.7880828,6.080819,0.81144404,-1.4944804,1.4998155,0.47834146
2.71111,6.7319784,1.7853005,5.978119,0.79749084,-1.4788424,1.7321107,0.40737784
1.363224,6.806965,1.7814426,5.9621854,0.8204696,-1.5139371,1.7054124,0.48908746
2.9871712,7.6037745,1.8272378,4.9501667,1.3530941,-1.9864726,0.47880316,0.49539995
2.9996045,5.059368,1.8508089,4.9100595,1.3261933,-1.9918561,2.8981128,0.46760046
2.973173,4.020215,1.8217938,4.970117,1.3205366,-1.9567323,2.781161,0.4803934
2.7443376,5.8812532,1.795846,4.9986124,1.316426,-1.9610972,2.5927951,0.46521592
2.5145595,2.023583,1.8029208,4.9858336,1.3084493,-1.9675498,2.3694,0.44899535
2.7346077,9.704541,1.7950652,5.040614,1.3077896,-1.9656184,0.7768183,0.44072354
2.6345801,2.3025968,1.728591,5.1340365,1.2924895,-1.9351639,0.4004078,0.2778753
2.5363698,3.2921195,1.7193635,5.145976,1.3217447,-2.019653,0.39158487,0.21902394
1.9941396,2.3422554,1.7426019,5.0947785,1.3177936,-2.0044494,0.63137376,0.13635147
1.5346456,2.114132,1.7281921,5.096531,1.3327906,-1.9789333,0.6829294,0.1620419
1.9517889,9.8499775,1.7401829,5.071497,1.3322065,-1.9199792,0.4988594,0.27151012
2.3672988,3.9762402,1.7839873,4.857743,1.3275273,-1.9239669,0.32291996,0.12723988
2.8164093,6.0036697,1.7498462,4.8618326,1.3450849,-1.9678472,0.2908697,-0.055607945
1.8314217,9.237358,1.855438,4.898095,1.3299532,-2.020833,0.28469467,0.028529882
2.5960686,2.4832141,1.8656545,4.780792,1.2968845,-1.9329932,0.20533156,-0.230809
1.6870537,7.7872715,1.8576293,4.83281,1.3164139,-1.9642142,0.1513449,-0.13887942
2.0204961,3.1040244,1.8511398,4.862423,1.314856,-1.9932258,0.16426277,-0.15299088
2.9048657,7.803614,1.8525729,4.988138,1.2920218,-1.9721887,0.102754235,-0.32046252
2.7875865,7.900648,1.8573031,4.8468084,1.318908,-1.9224551,0.054810405,-0.25787392
2.4672496,6.5859327,1.8417671,4.876727,1.3127508,-1.9315758,0.13840008,-0.2618388
2.3473017,8.762789,1.859211,4.9182234,1.3010287,-1.9731436,0.13879108,-0.18296057
2.5686898,4.176095,1.8735654,4.9142256,1.3010097,-1.9678729,0.020601153,0.008135796
2.6228771,4.8946767,1.8812673,4.8035383,1.3081348,-1.8959069,0.577186,0.08881539
2.2289743,3.6764247,1.8749909,4.8395286,1.2818041,-1.9651892,0.09086633,-0.1520099
2.0698662,6.510997,1.8909273,4.8421893,1.2777972,-1.9388661,0.124866605,-0.34099966
1.9427657,4.866831,1.8721976,4.829367,1.2831204,-1.9537297,0.08681488,-0.2900956
2.0550137,2.0386531,1.8774159,4.8523874,1.2867942,-1.942358,0.06363678,-0.08236927
2.0149088,3.6541438,1.8699894,4.8425927,1.2799757,-1.893645,0.08010173,-0.08125955
2.8375807,7.027202,1.8975823,4.804238,1.2749143,-1.8675873,0.15399158,-0.024811894
1.7329848,2.3371882,1.9487636,4.743773,1.2459903,-1.9164118,0.17795122,-0.08046436
1.7280173,6.2461467,1.9600091,4.7134624,1.2542391,-1.9300537,0.11888814,-0.17604697
1.8647211,5.840213,1.9589648,4.6405087,1.2877097,-1.8607382,0.27057362,-0.27804342
2.2222037,4.113646,1.952847,4.73881,1.2841887,-1.9578238,0.37989724,0.22818488
1.8019557,4.7884674,1.9611123,4.7052135,1.2872488,-1.9726018,0.44637287,0.0008174777
2.5662093,5.722354,1.9138536,4.775668,1.2689166,-1.9084966,0.40346587,0.2050938
2.0317016,4.97847,1.9288037,4.796235,1.2747908,-1.907212,-0.08097625,-0.20330253
1.8308312,3.953961,1.8876143,4.8309565,1.2683539,-1.9917653,0.20969021,-0.11518556
2.194866,3.54633,1.8918266,4.831293,1.2694616,-1.9304748,0.15188348,-0.15499878
2.068415,3.8294144,1.8985672,4.825447,1.2900362,-1.9639658,0.122709155,0.07535142
2.62209,8.00091,1.8683963,4.7830725,1.3402374,-1.9590311,-0.067453325,-0.31468722
2.9780316,7.3361783,1.8823357,4.7792225,1.3338618,-1.9736555,-0.13233608,-0.46059942
2.5500722,8.242529,1.8272567,4.811928,1.3773854,-1.9339252,-0.01816523,-0.4399047
1.5556508,9.073032,1.8125203,4.813143,1.4140878,-2.0453568,0.07362747,-0.3839715
1.3655828,7.8612986,1.8025329,4.7734766,1.399189,-2.0418463,0.014827371,-0.25008887
2.930506,7.508845,1.792458,4.7558584,1.4199102,-2.0235395,0.18417132,0.0045143366
2.4847293,7.1102514,1.7828691,4.800259,1.4218535,-2.0433717,0.36068356,0.07144594
2.3514724,8.918829,1.7430556,4.8408294,1.4281952,-2.0112607,0.48681176,0.15417433
2.2714891,8.436995,1.767271,4.835007,1.4358735,-2.0602968,0.36560297,0.1633473
1.6645931,2.3567615,1.783185,4.7207303,1.4361479,-2.0795894,0.2816652,0.09913874
2.9353833,6.8493633,1.7029583,4.9064927,1.4454594,-2.1047673,0.22271836,0.1878109
2.2283912,5.14853,1.6592269,4.9741373,1.4290781,-2.0664334,0.28943765,0.09128314
1.5900921,2.9512897,1.6486964,4.9695096,1.4669685,-2.1516023,0.4694804,0.011845827
1.7115629,3.302363,1.6157475,4.958826,1.5061872,-2.139956,0.29444563,-0.27548662
1.4212184,9.282642,1.610888,4.950985,1.5072441,-2.1358514,-0.073802054,-0.35432833
2.8969684,7.5698557,1.6436474,4.980029,1.4908731,-2.0931053,-0.11600453,-0.3891423
1.9170213,3.0588732,1.6192203,5.033515,1.4767056,-2.1242657,-0.06434953,-0.28731617
1.2043254,2.9290318,1.5684566,5.030759,1.4982302,-2.1267896,0.03238523,-0.2603833
1.168408,2.9885297,1.5671074,5.1135926,1.5028849,-2.1771352,0.07535696,0.112457514
2.7538447,8.807268,1.5680947,5.1443844,1.5286727,-2.1992195,0.009689212,-0.25928366
2.0373342,8.4281845,1.6158304,5.0706778,1.5184066,-2.1259055,0.123944044,-0.25530118
2.1243448,4.157382,1.5618019,5.087513,1.5278246,-2.143912,-0.034641504,-0.3971315
2.2833457,5.3064947,1.5618968,5.0999002,1.5293977,-2.1686122,-0.0052185655,-0.17747474
1.723904,6.12793,1.5479932,5.1192293,1.5253184,-2.1788714,0.0647949,-0.40991724
2.1165252,6.5809097,1.550271,5.1305633,1.5328691,-2.1893244,0.12051237,-0.37299454
2.3135781,7.4423094,1.5233581,5.1322384,1.5371625,-2.0863163,0.0943867,-0.008184433
2.2333157,9.48521,1.5458539,5.1145124,1.5439584,-2.1202602,0.0246377,-0.21629891
1.7903738,8.772451,1.5385568,5.224207,1.5077193,-2.1166768,0.041007996,-0.29512128
2.628324,8.086002,1.530354,5.1935062,1.50882,-2.1201816,0.0823462,0.054064035
2.849228,3.16154,1.512912,5.181043,1.5442722,-2.145088,0.77512074,0.439052
0.888294,4.6219864,1.5391273,5.1395674,1.5569732,-2.1445513,0.81617355,0.4148845
1.0523167,6.298332,1.5157118,5.1112328,1.5718474,-2.1373107,0.82777655,0.5753875
2.5101848,4.0506296,1.5129471,5.016824,1.5865865,-2.130763,2.0679708,0.6109623
1.1161718,3.8297827,1.5432467,5.0374956,1.6030483,-2.2151423,2.9875216,0.48548532
1.5948421,2.3519113,1.5586329,5.067156,1.5974841,-2.2932987,2.8546846,0.533075
2.2942789,2.676759,1.5785594,5.111181,1.5650921,-2.2529426,1.9161897,0.5310792
0.5994171,3.1874356,1.5747778,5.0620384,1.5721023,-2.2556906,2.020283,0.52615166
1.34406,2.5059729,1.5432358,5.070759,1.5655115,-2.2158632,2.1072664,0.37124288
2.0448384,2.4636152,1.5551875,5.112872,1.5630138,-2.1833162,2.099204,0.522696
1.6879157,3.3783433,1.5852954,5.021879,1.5599358,-2.2084146,1.8398223,0.4825892
2.1085672,4.6314406,1.6007392,4.987727,1.5571625,-2.1765246,2.340899,0.55127025
0.5574161,3.2693405,1.5926542,5.024638,1.5611124,-2.181851,2.251876,0.24353242
0.65479606,3.7941616,1.6252275,5.0737915,1.4981871,-2.1602387,2.270293,0.25324726
2.504192,3.9619665,1.677736,4.962183,1.5217264,-2.1965904,1.6627555,0.47090048
2.4793978,4.483308,1.6643493,4.9986777,1.517184,-2.1454742,2.1554234,0.49477243
0.5157207,3.945087,1.6560988,4.9151955,1.5433309,-2.0996976,2.7572167,0.5250044
0.5557915,4.0972924,1.6759739,4.903138,1.5763907,-2.208529,2.6738768,0.5325978
0.53086835,3.5284257,1.6881454,4.8082876,1.5808892,-2.2153344,1.0642946,0.528993
0.51886326,5.1882696,1.6728332,4.847965,1.6179287,-2.2292151,2.4469118,0.43322468
0.51768935,3.5435424,1.6426857,4.864863,1.588989,-2.132165,0.57186997,0.44693863
0.58711493,4.031394,1.6356404,4.862484,1.5913703,-2.2299814,0.62989473,0.023375511
2.675545,7.6369677,1.6924162,4.762368,1.5851185,-2.2069364,0.24889767,-0.026240408
2.3989625,2.044631,1.6577694,4.7445498,1.5680995,-2.2405162,0.26188886,-0.124258995
2.852452,2.2318053,1.6610475,4.8938146,1.5731096,-2.2338426,0.03350711,0.006406665
2.7660325,7.510198,1.6614003,4.826274,1.596662,-2.2384572,0.1652335,-0.0013402104
1.7926413,6.4216986,1.6729655,4.730073,1.6109381,-2.27327,0.19343579,-0.04988408
0.72173023,6.090235,1.7188821,4.665124,1.5989921,-2.300971,0.34479654,0.022639096
2.4370263,5.3022275,1.7188196,4.6515775,1.5912931,-2.2242944,0.38294995,0.31599486
2.3827481,3.4519434,1.7012143,4.666838,1.6394355,-2.255831,0.42565346,0.26861823
2.5412126,7.0158067,1.70965,4.636315,1.6079562,-2.23091,0.25242245,-0.044926494
2.2596018,6.4150352,1.7142589,4.672147,1.6037672,-2.2260337,0.20695281,0.07734156
0.9299929,2.0278897,1.7416978,4.6085796,1.5661886,-2.235247,0.30016923,0.15801054
1.2935665,9.212797,1.748507,4.6031733,1.5744236,-2.1520545,0.0014293194,-0.32297158
2.9946952,7.5195103,1.7389648,4.675148,1.5724487,-2.1411524,-0.16742694,-0.35195547
2.992534,8.72764,1.7386866,4.637403,1.560569,-2.137964,0.12798393,-0.42794916
2.389187,7.8771596,1.7371545,4.634456,1.5616817,-2.149833,-0.031335235,-0.19879967
1.8463086,5.728547,1.7538581,4.645808,1.5331478,-2.1480944,-0.09423596,-0.4479854
1.6003615,3.2322752,1.780853,4.6066084,1.526082,-2.1719613,-0.14117426,-0.37093145
2.586317,6.2551246,1.7743659,4.570161,1.5769792,-2.1649723,-0.037116528,-0.35168338
2.9180734,7.6421027,1.7816579,4.5037374,1.5914023,-2.1910849,-0.023497224,-0.2637227
1.6831665,8.459541,1.7750094,4.518256,1.5653193,-2.1824903,0.09267092,-0.40379548
1.9000584,6.068451,1.8221228,4.5223846,1.5304208,-2.145598,-0.008384943,-0.3103944
2.0435739,5.156107,1.7855339,4.556031,1.5327361,-2.148735,0.021927238,-0.3817209
2.3185241,7.1486936,1.8257985,4.531548,1.5283308,-2.1919801,0.05117345,-0.43262422
1.6394033,3.2818897,1.7679076,4.4842257,1.5597632,-2.2268782,0.00053071976,-0.41053802
1.3762038,4.1849613,1.7321169,4.5753875,1.5675182,-2.22008,0.078574896,-0.44909388
1.4839153,5.801959,1.7359679,4.6091313,1.5694702,-2.1908002,0.20344698,-0.40093827
1.8033022,2.0424497,1.7348657,4.572622,1.5514183,-2.1598582,-0.034451485,-0.1643368
1.6890205,2.055648,1.758091,4.532161,1.5659482,-2.159333,0.065000415,-0.15141585
2.2520185,2.2310746,1.7688696,4.4826784,1.556701,-2.1610155,0.1820693,0.08814925
2.1824238,2.0507734,1.782579,4.4498863,1.5798643,-2.178513,0.19778144,0.01219368
2.2565372,8.970755,1.7901278,4.5296507,1.5669539,-2.1507046,0.07435107,-0.073352724
2.786193,2.5102692,1.8009157,4.455922,1.5828655,-2.1920047,0.33698428,0.20621991
2.766786,9.737586,1.749923,4.6105194,1.560436,-2.1626196,0.31191826,-0.033605337
2.8075862,2.0418298,1.7824273,4.5689583,1.5523393,-2.1849327,0.10321832,0.18798947
2.4561992,2.3989625,1.7889886,4.540572,1.5663083,-2.2263095,0.24833441,-0.13293296
2.4150915,2.3819869,1.7897451,4.5672235,1.5628476,-2.1866255,0.18920004,0.31809735
2.227271,7.3185525,1.7976396,4.5061717,1.575083,-2.1729171,1.0075216,0.32331693
2.8146973,6.903656,1.7839742,4.489854,1.5617082,-2.161165,0.85168076,0.3481933
1.8977699,5.962,1.8064864,4.5794535,1.5404737,-2.1859875,0.4191506,0.3398102
2.976509,6.330039,1.7875893,4.6691256,1.5138416,-2.0897038,0.861907,0.4567722
2.6098497,5.576872,1.806792,4.64964,1.5051751,-2.109319,1.9791219,0.5945196
2.727921,5.543601,1.7759688,4.775601,1.4725955,-2.1171098,1.9154243,0.39125872
2.3477833,6.6629314,1.7888827,4.7174187,1.4857118,-2.1434052,1.3645034,0.48265463
1.5489645,5.1989336,1.7972567,4.698425,1.4898927,-2.1272254,1.4537461,0.39578575
1.2993605,5.9697905,1.7597003,4.6233926,1.5304854,-2.1152544,2.0011241,0.32289904
1.6578009,3.7136803,1.7226479,4.6363745,1.5780058,-2.1754732,1.9147134,0.5646205
1.7823629,7.0583773,1.7539821,4.563086,1.5775499,-2.21275,2.366043,0.5057988
1.9175441,3.9357984,1.7786479,4.5509186,1.5607076,-2.1359062,2.497887,0.55283237
1.6672925,3.6487184,1.7621717,4.5584435,1.5579307,-2.1350818,1.1137562,0.6507653
2.4146047,5.9196835,1.7623539,4.628653,1.5252707,-2.03735,1.8921447,0.650615
2.0990503,3.0035233,1.7874932,4.5884304,1.5322015,-2.176451,0.7722589,0.4959584
1.9586546,2.8046613,1.7660854,4.611947,1.5221713,-2.089026,0.56342983,0.3702361
2.7747953,7.1998487,1.7671576,4.7091475,1.511519,-2.0890465,0.35771894,0.30003804
1.6918199,3.487986,1.7219856,4.7412534,1.5352621,-2.1529703,0.2885896,0.34927177
1.6939445,3.5375266,1.7577658,4.6022587,1.5268681,-2.143723,0.26415122,0.27594924
1.3889472,2.8595886,1.770664,4.5165935,1.5301771,-2.1303086,0.45327878,0.34027982
2.6073887,4.3441615,1.7706006,4.543363,1.5699449,-2.113815,1.199466,0.5154191
1.9281648,4.6337295,1.7254982,4.8184776,1.5434673,-2.0695224,1.239851,0.5529572
2.3691607,4.7180924,1.6566033,4.8041096,1.5099571,-2.0806863,1.2746239,0.500566
1.5263274,5.8166437,1.6781693,4.7922935,1.5237184,-2.1040785,1.5127528,0.5414717
1.992785,3.8796165,1.6699307,4.754322,1.5164878,-2.1475656,2.7989032,0.47191256
2.3664145,3.3499646,1.7037919,4.8028097,1.5341005,-2.1742415,2.55892,0.526114
1.4079894,2.1661196,1.6798952,4.8272324,1.5374835,-2.1636338,1.9310274,0.55998504
2.4912038,8.156836,1.658309,4.8923287,1.5223949,-2.1385257,2.6992621,0.4679979
2.0583012,8.124866,1.6499784,4.881759,1.5347152,-2.1359835,2.0002267,0.4176851
1.7206554,8.9679165,1.6728237,4.927984,1.5019381,-2.1260707,0.98472524,0.35363507
1.245801,2.7255383,1.6962576,4.7701836,1.4883072,-2.105733,1.3558064,0.39563513
2.7896647,9.758385,1.69403,4.913581,1.5150828,-2.107439,1.2065074,0.39579177
1.4597712,9.327464,1.6537542,4.987358,1.4786277,-2.1189737,2.228516,0.5194688
2.427072,7.4358773,1.6568108,4.9613953,1.4769382,-2.0196471,1.63609,0.5598347
2.4774694,4.8194914,1.6840432,4.9614897,1.4643028,-2.0335739,1.7776384,0.57477045
1.3882804,5.3102245,1.6795988,4.989027,1.460484,-2.111753,1.9288285,0.46344626
1.9770954,3.52739,1.6869135,5.006045,1.4401515,-2.0810227,2.2940345,0.5265689
1.8286605,4.136106,1.69259,4.987516,1.4747617,-2.081508,1.0734918,0.6639123
2.1041946,4.4427743,1.6920602,4.813566,1.4732323,-2.0558462,1.0237064,0.5228263
2.2338157,4.2583375,1.7858982,4.763406,1.4857607,-2.0417228,1.0854948,0.38479996
2.8817275,2.0924816,1.7899337,4.5679207,1.5189302,-2.1359901,0.12684941,0.28672552
2.783241,8.235279,1.7807093,4.6511726,1.5432048,-2.1274607,0.6164119,0.5361626
2.0578625,4.9049253,1.7339878,4.6702313,1.5527532,-2.1144638,0.9116528,0.48013628
2.3399518,6.246953,1.7361674,4.678211,1.5506897,-2.1292007,0.8673663,0.564052
2.226214,4.429581,1.7184179,4.6727314,1.5334146,-2.081349,0.8863944,0.46242988
2.300183,3.8045642,1.8042047,4.760394,1.4732087,-2.0923305,0.65844774,0.475554
2.647101,4.614009,1.8057525,4.72939,1.4663527,-2.04174,0.73597825,0.6447401
2.9429493,6.1899705,1.7656689,4.768017,1.4392865,-2.0341303,0.7665597,0.5440097
2.5070791,4.874672,1.7520561,4.8070717,1.4423215,-1.9626527,0.98423886,0.5293821
1.7495272,3.4270349,1.7698381,4.845766,1.4143364,-2.101689,1.4940004,0.54132843
0.8522934,4.55118,1.7428114,4.9171553,1.4318998,-2.093083,2.4301627,0.63538957
2.3054295,2.1175585,1.688595,4.941988,1.463531,-2.1452782,2.074938,0.55985653
1.5125679,4.387347,1.6919441,4.982177,1.4608092,-2.1071682,2.2879744,0.5676682
2.4822798,6.9454875,1.6374397,5.037945,1.4649487,-2.0976496,2.2520072,0.40246677
1.7511462,7.236865,1.6435721,5.055934,1.4597554,-2.0861068,2.3987942,0.53749704
1.4761734,4.7771797,1.6412578,5.1371055,1.4271932,-2.0928297,1.8334932,0.4742198
2.5819218,6.3411503,1.6259766,5.171753,1.4122763,-2.0795758,2.1851485,0.5978744
2.8686178,4.652313,1.5846183,5.12681,1.444715,-2.0858278,0.7393676,0.5067184
0.5473541,8.356882,1.637526,5.368269,1.44975,-2.0982618,0.9079714,0.15911114
0.56984574,6.937556,1.6534743,5.3371906,1.4372168,-2.1194994,2.060138,0.53047967
0.7471001,7.507732,1.6094799,5.1110086,1.4436591,-2.1008039,0.7646769,0.35499972
0.6498884,7.32525,1.7093661,5.1378984,1.4362106,-2.1020808,0.71725667,0.35507154
0.6722803,5.3336983,1.7096181,5.0884132,1.4322305,-2.101369,0.814036,0.4213543
2.3483791,3.868885,1.7067347,5.000258,1.4271648,-2.0966232,1.6237686,0.49911022
2.509515,3.5042937,1.7302303,4.9390917,1.4428804,-2.0776117,1.8749528,0.5012362
2.1926093,4.974543,1.7304027,4.8767185,1.4648211,-2.0869856,1.1522629,0.5564294
1.3816345,8.432765,1.7447047,4.8820653,1.4705853,-2.0488126,1.3508661,0.38718498
1.6385078,4.5158463,1.640115,4.9487557,1.4928007,-2.0760279,0.35808337,0.23061925
1.5932641,3.65662,1.6559606,4.941075,1.4361033,-2.000677,0.37625647,0.18552172
1.8766998,3.4099202,1.6270227,4.9728227,1.4484837,-2.0382776,0.21879017,0.3444897
1.7000222,5.2770834,1.6260009,5.103606,1.4627604,-2.1007323,0.9984319,0.32951427
2.8246346,4.377922,1.6540122,5.0859966,1.4613705,-2.0859933,2.5829647,0.6195123
2.8610435,4.278173,1.6403456,5.0429797,1.4430506,-2.08079,1.3335593,0.6009264
2.9314005,7.113665,1.6626291,5.074008,1.4043274,-2.0589337,2.004342,0.38272643
2.1156096,3.1079483,1.0140686,8.840115,-0.60123134,-0.088330746,2.812987,0.5467771
2.8729715,3.4399796,0.8842193,8.901903,-0.5917319,-0.10114074,2.867942,0.5924896
2.9684618,3.2456093,0.59771013,8.90697,-0.57296157,-0.08270836,2.998305,0.68290806
2.8843946,4.057614,0.92640066,8.881922,-0.5680771,-0.07646227,2.9140918,0.61117005
2.482103,3.9036195,0.4933958,8.977913,-0.58276653,-0.1642003,0.4075402,0.045304775
2.7632084,4.32059,0.15006709,9.010958,-0.5446311,-0.17968464,0.1256808,0.094697535
2.9417272,3.7720332,0.14703035,9.011667,-0.5057758,-0.16862965,0.14510822,0.13330656
2.0061302,3.9865446,0.07795334,9.195127,-0.5552894,-0.16835785,1.0232306,0.14238596
2.126688,4.0207596,0.5025859,9.008652,-0.57601404,-0.09628463,1.5934851,0.2571606
2.7064006,4.4742327,0.5334766,8.8916445,-0.5900773,-0.060958862,1.7937784,0.44160616
2.686756,4.4514995,0.9460707,8.865955,-0.5878109,-0.07323313,1.261549,0.49024045
2.767976,4.7434254,0.696892,9.001671,-0.59656286,-0.089762926,1.8168197,0.59553075
2.7431424,5.3485217,0.6165998,8.982247,-0.5839088,-0.13365531,0.7956761,0.41027147
2.4626012,4.287588,0.94511247,8.891136,-0.59197795,-0.14857864,1.8981519,0.4124725
2.6603668,4.3502035,0.88329935,8.877545,-0.5740591,-0.09565258,1.8149488,0.4825942
2.3801398,4.589734,0.79873896,8.851374,-0.5569997,-0.10605669,1.8503182,0.49702108
2.7735155,3.160367,1.0588241,8.830141,-0.5520536,-0.1474204,1.0461893,0.47539616
2.4011996,3.7204876,0.9835583,8.804516,-0.5772159,-0.15240431,1.9604437,0.35409957
2.6602118,2.9720821,0.9779384,8.678273,-0.51669407,-0.14554095,2.8081043,0.5521029
2.6842391,3.2016978,0.94678485,8.668732,-0.49971712,-0.16174269,2.1254132,0.54412365
2.1776319,3.0391564,0.8934958,8.6809225,-0.50242233,-0.14209294,1.8530245,0.54367137
2.9268873,3.9001393,0.90822244,8.689284,-0.5083945,-0.2010932,1.7218089,0.47253662
2.96209,4.3592324,1.1113298,8.677647,-0.46676242,-0.16488028,1.1111813,0.47539186
2.7528915,4.0804343,1.1331933,8.652622,-0.50965023,-0.136652,0.93771756,0.5953715
2.1671262,3.9584422,1.1288505,8.687703,-0.51031935,-0.1351099,1.3943958,0.404791
2.6217659,4.1765394,1.1688406,8.718279,-0.51856565,-0.19173717,1.3325181,0.528705
2.820493,4.603675,1.1877568,8.700517,-0.50592124,-0.21733832,1.0914457,0.4996078
2.8242946,4.031464,1.1623168,8.690552,-0.48456204,-0.23369837,2.4105742,0.37473798
2.8520045,4.2815547,1.099052,8.758625,-0.50354946,-0.19678807,2.0301957,0.5038059
2.556081,3.637807,0.9590622,8.749082,-0.5100634,-0.21163487,1.3294439,0.5420196
2.3161037,3.3552465,1.107053,8.690535,-0.4819299,-0.19001675,2.297756,0.49118268
2.7059703,3.2679787,0.6521535,8.662901,-0.4803083,-0.20926762,1.2727892,0.4959252
2.328329,3.2235181,0.6314479,8.757668,-0.5028224,-0.18238044,1.9481199,0.52091503
2.1862068,2.8442929,0.58537185,8.781549,-0.48870468,-0.18979311,0.5147885,0.10440481
2.2768002,2.8472166,0.77469254,8.778641,-0.5393102,-0.17190981,0.33736944,-0.021849126
2.6122527,2.7868319,0.724349,8.727512,-0.5568601,-0.124302864,0.09963131,-0.089224696
2.5190916,2.4758263,0.58050656,8.768442,-0.5497012,-0.12434554,0.10480416,-0.08065334
2.228978,2.2286255,0.44114053,8.755552,-0.5439019,-0.119710445,0.12243104,0.07357311
2.4078074,2.5390782,0.55120623,8.754533,-0.5330008,-0.09265709,0.08674586,-0.0059206486
2.2874432,2.5233693,0.2881664,8.852341,-0.5622978,-0.10932398,0.110277414,0.2754072
2.4553728,2.6380732,0.4262992,8.83874,-0.55960894,-0.07493186,0.35817945,0.45629907
2.718628,2.7423005,0.31546628,8.853804,-0.5605891,-0.045914173,1.742111,0.45113868
2.4738343,2.8412967,0.35342133,8.819214,-0.5422094,-0.05026245,2.9582849,0.6359483
2.2087684,2.5968063,0.2022922,8.870859,-0.5548104,-0.08021712,2.989188,0.5737009
2.0915048,2.6593993,0.19085658,8.896418,-0.53409517,-0.08857703,2.8102949,0.5509908
2.472795,3.918541,0.25035834,8.954274,-0.5892062,-0.08571434,2.59928,0.5247147
2.7071638,4.698738,0.24470687,9.062705,-0.5453235,-0.11457348,2.5780468,0.52131784
2.7341862,5.954241,0.12675261,9.078625,-0.5571176,-0.14161682,2.4448116,0.47914773
2.8781438,6.4202876,0.4457854,9.078314,-0.53152335,-0.15038896,1.4648457,0.53576803
2.8401759,6.88195,0.31677854,9.110576,-0.53842914,-0.16439486,0.6419407,0.5343182
2.8129497,7.3043165,0.051766157,9.088142,-0.5114902,-0.19957447,0.57272327,0.08841938
2.7841976,7.3698373,-0.20782423,9.194408,-0.50861585,-0.18180466,0.29344726,0.13496768
2.8039632,7.75585,-0.07653415,9.2942505,-0.5071362,-0.20787,0.11536455,-0.35561353
2.5075753,7.8773036,-0.07690573,9.339068,-0.47901,-0.19769835,-0.060405016,-0.35098422
2.3872695,6.9533324,-0.31584203,9.388832,-0.503348,-0.157938,-0.12893575,-0.35356495
2.1632118,6.1505833,-0.40876925,9.395294,-0.5277313,-0.13354945,0.015342116,-0.2739666
2.1029477,6.0694513,-0.3081547,9.339986,-0.50380266,-0.17124319,-0.121881306,-0.39475375
2.2609577,5.58604,-0.12397355,9.244776,-0.52815974,-0.13002253,-0.07262391,-0.4140671
2.4144824,6.3526053,-0.062433124,9.27489,-0.5353273,-0.17663002,0.122235656,-0.21941453
2.3139548,6.0694613,-0.023478746,9.267704,-0.53367805,-0.13650036,-0.024571836,-0.30065838
2.6068256,6.3431644,0.09070444,9.234325,-0.51148474,-0.19506192,0.026121378,-0.20541066
2.6607423,6.673738,0.16240275,9.222253,-0.5594106,-0.19239855,-0.0018531084,-0.32051218
2.8334844,6.6181216,0.12608981,9.137329,-0.5417664,-0.13672161,0.13094044,-0.30429643
2.8703904,7.287611,0.13655996,9.119851,-0.56231487,-0.12537193,0.09931266,0.08577943
2.9739625,8.232605,-0.056376934,9.300327,-0.5595701,-0.14639783,0.20749056,0.08555603
2.8969438,7.690175,0.038445473,9.283276,-0.5696367,-0.12554121,0.14935541,0.18592036
2.808034,7.651699,-0.0077412724,9.28014,-0.57228684,-0.09739804,0.5684396,0.2931633
2.8881013,6.6865172,0.0030077696,9.28335,-0.59517217,-0.10052395,0.38836837,0.28750908
2.8511133,7.730903,-0.05100459,9.321951,-0.5746218,-0.15365767,0.49745655,0.14786285
2.8326342,7.8596992,0.030687213,9.303637,-0.5636984,-0.12435222,0.47750235,0.25515568
2.9607139,7.4878054,-0.035915494,9.318021,-0.62826633,-0.0077660084,0.23195481,0.07594341
2.9568934,7.6286416,0.17079818,9.271053,-0.6322036,-0.039837837,0.18093717,-0.042053938
2.9957976,7.019718,0.10145283,9.237902,-0.6543114,-0.03954315,0.18673038,0.038940012
2.9981554,7.168963,0.12248492,9.167433,-0.6160108,-0.06466508,0.38234282,0.117271364
2.9880338,5.7354937,0.095312834,9.167059,-0.6132107,-0.04362154,0.66958725,0.23783988
2.8957477,6.5771966,0.29182577,9.117384,-0.6144736,-0.012686729,0.30954587,0.20535111
2.9074504,6.4628215,0.64977765,9.163964,-0.615265,-0.09532118,0.48062098,0.22901016
2.9002588,6.8063154,0.63785625,9.218384,-0.6265396,-0.11692619,0.3286711,0.16843104
2.5370946,6.5453844,0.43771303,9.258185,-0.6198201,-0.108857155,0.3989581,0.13160634
2.8042238,6.227576,0.18007982,9.250416,-0.6303911,-0.100059986,0.5427878,0.1539321
2.8587327,6.741373,0.45404887,9.207601,-0.63047516,-0.07828021,0.40827358,0.38805258
2.818806,7.595584,0.4606068,9.267291,-0.6233295,-0.08868146,0.18142009,0.09207296
2.8788874,7.4830666,0.4423809,9.253105,-0.62750924,-0.08865714,-0.027938724,-0.21404138
2.8887663,6.5052047,0.1622889,9.26132,-0.61626506,-0.08863211,0.018977761,-0.31127948
2.7571516,6.0073547,0.20889115,9.237977,-0.62747097,-0.053648233,-0.017022252,-0.21168691
2.6234455,6.016589,0.054299355,9.290678,-0.61860883,-0.019901037,-0.06586093,-0.109065354
2.9899201,5.8832593,0.079887986,9.306105,-0.6177485,-0.08621669,-0.12936169,-0.48713103
2.7697158,6.454033,0.065509796,9.312078,-0.6100441,-0.08761835,-0.13516533,-0.48408997
2.907551,5.9391365,0.11089265,9.29315,-0.6379527,-0.024336815,-0.21967888,-0.48839203
2.552011,4.999898,-0.009445906,9.278665,-0.6389456,-0.0506227,-0.1337859,-0.45435742
2.7526348,5.982477,0.49367702,9.246704,-0.62924385,-0.08513093,-0.1333363,-0.44694233
2.7855422,6.174514,0.5765691,9.267976,-0.6407547,-0.10601044,0.032492757,-0.42870033
2.6175356,6.515852,0.33512056,9.279485,-0.6256801,-0.07507157,0.1787672,-0.11851227
2.6698089,6.919191,0.38436007,9.221385,-0.6177045,-0.094240904,0.30038643,0.065529466
2.7070017,6.8037176,0.640056,9.239686,-0.6508579,-0.06763244,0.2620101,-0.34850958
2.5451353,6.318419,0.5453733,9.27404,-0.6501049,-0.054592848,-0.12476224,-0.4195498
2.4557536,6.00812,0.25567818,9.30966,-0.63566816,-0.05116892,-0.10015237,-0.20072725
2.257915,5.630762,0.29293418,9.3581,-0.61605847,-0.09064007,-0.13344961,-0.4360103
2.0856776,5.4720144,0.21126032,9.369492,-0.621874,-0.055019855,-0.15451825,-0.3920147
2.343231,4.839118,-0.064112544,9.378511,-0.6443411,-0.09087181,0.017382383,-0.4566971
1.6654035,5.288536,-0.11052835,9.543903,-0.6346828,-0.09719849,-0.052743077,-0.45069024
1.6780838,4.941158,0.04810691,9.530739,-0.6270715,-0.1146605,0.025577784,-0.41374552
1.5909358,4.9439,-0.022476077,9.600774,-0.6372317,-0.12115383,-0.059193194,-0.31107026
1.6894658,5.1158056,-0.11565149,9.591541,-0.64808285,-0.04487896,0.051390648,-0.039497674
1.8284547,5.6207104,-0.22427201,9.586081,-0.6327671,-0.07628107,0.074418426,-0.013384819
1.8920412,5.261031,-0.5423077,9.602465,-0.6038245,-0.070607424,0.1554668,-0.050576836
1.8122945,5.492587,-0.43938,9.560683,-0.5886322,-0.06341457,0.13448799,0.3279717
2.1290443,6.249001,-0.64206606,9.574382,-0.6083478,-0.026854753,0.4222815,0.59798
2.069508,6.2432275,-0.6691037,9.598037,-0.61087763,-0.029884815,1.0676353,0.41886377
2.1790237,6.723729,-0.018435836,9.533735,-0.5922146,-0.074965,1.5137458,0.57826734
2.3629863,6.93021,-0.19836766,9.393085,-0.5838866,-0.09909105,2.7296739,0.35409212
2.2350593,6.2414074,-0.05138457,9.426397,-0.587368,-0.08939719,2.1604846,0.5460839
2.083202,6.538902,-0.103360236,9.426878,-0.5936464,-0.10899782,2.1638055,0.21887171
1.9392953,6.6927896,0.19188285,9.431498,-0.5825193,-0.09140849,0.88944185,0.47370267
2.0781608,6.3749795,0.2816584,9.400364,-0.586915,-0.11473489,0.60505664,0.30207276
2.0743775,7.010002,0.21380031,9.398708,-0.5637468,-0.11133623,0.43724406,0.2712351
2.2137058,7.27947,0.12864244,9.389334,-0.50630546,-0.20798111,0.32944882,0.23913515
1.8727564,6.0586486,0.048255563,9.388756,-0.52249014,-0.13577056,0.7191254,0.4471504
2.2291613,7.109142,-0.19370186,9.385084,-0.58325267,-0.013914108,0.48327994,0.39488018
2.4737477,5.54445,-0.4288051,9.380363,-0.61543596,-0.014560699,0.398808,0.47454202
2.364738,5.458316,-0.16221476,9.380981,-0.6285958,-0.030898094,0.2736404,0.006940186
2.5585594,5.66014,-0.23570299,9.409798,-0.61375797,-0.07219887,0.07932198,0.18871099
2.6397212,5.145329,-0.42918468,9.386586,-0.6276499,-0.064854145,0.017177224,-0.42575964
2.8486147,6.434733,-0.08579171,9.362977,-0.6026844,-0.05570364,-0.18533874,-0.4504102
2.915811,6.8119135,-0.2788869,9.205273,-0.56286585,-0.05370903,-0.15277284,-0.41038135
2.8788638,5.735368,0.1779325,9.223399,-0.61680996,-0.12449646,0.056595445,-0.055116177
2.4273503,4.385694,0.017458439,9.176975,-0.60876906,-0.13450336,0.16814506,0.09083402
2.716707,4.4890633,-0.008848071,9.136108,-0.6148797,-0.081627846,0.43312645,0.40374076
2.983332,6.8899717,0.22636211,9.214449,-0.6158861,-0.07134199,1.3737276,0.39390785
2.9974968,7.1566415,0.20507717,9.214184,-0.6076311,-0.07068062,2.4153004,0.5844703
2.9932656,6.4758472,0.16438794,9.228745,-0.6046387,-0.07668376,2.0953567,0.45447695
2.957215,6.4376087,0.0013012886,9.221542,-0.6056355,-0.06735301,0.4807279,0.46249712
2.9453416,6.163085,0.3125217,9.185919,-0.61763144,-0.041409254,1.367759,0.45053315
2.8215492,5.8593016,0.4130515,9.162439,-0.64450765,-0.0458169,0.9015552,0.48570645
2.933515,5.1838846,0.2516141,9.150755,-0.6284307,-0.0254426,0.57735586,0.42480582
2.6270924,5.7982535,0.105093,9.252535,-0.6309378,-0.04288006,0.16460991,0.19895947
2.6324291,4.989459,0.1661464,9.288301,-0.6541003,-0.05922222,0.13043046,0.16185415
2.7965088,4.3846602,-0.21901,9.228632,-0.6315162,-0.07081461,0.28124368,-0.13427845
2.2968774,4.5205164,-0.20999944,9.285456,-0.62969995,-0.08168101,0.112582564,0.27051222
2.1606479,4.3662295,-0.13794571,9.30933,-0.6101042,-0.08064127,0.29122686,0.23797703
2.087712,4.624975,-0.18345189,9.289862,-0.57404363,-0.14046764,0.08655536,0.11011547
1.5502429,4.1689625,-0.01634872,9.252905,-0.5393884,-0.14764643,0.17907524,-0.27050796
1.5473437,3.7965417,-0.11482024,9.310981,-0.5635252,-0.124396324,0.011867523,-0.09952533
1.540122,3.4377823,-0.18923843,9.327114,-0.5953474,-0.07387948,0.030862331,-0.08783162
1.5770327,3.63912,0.09969425,9.293327,-0.61815083,-0.089579105,0.15830457,0.024058998
1.464911,3.7055414,0.22847235,9.270423,-0.6206008,-0.10035086,0.3345332,0.048729062
1.4642594,3.281323,-0.032613575,9.240504,-0.5835043,-0.04814148,0.16718996,-0.110597074
1.410808,3.3095088,-0.0064686537,9.274567,-0.6053827,-0.0498662,0.08315706,0.12110299
1.2978642,3.2602096,-0.09134787,9.361103,-0.61126673,-0.058117628,-0.049192965,-0.30146208
1.5807611,3.0637288,-0.2939011,9.285883,-0.63002837,-0.047740936,0.052709818,-0.32339668
1.9687679,3.7387457,-0.24645078,9.205787,-0.6235529,-0.022947788,-0.040965438,-0.472575
2.0020823,2.9611888,-0.13634002,9.163712,-0.60096693,-0.069877386,0.06564605,-0.1647444
2.1455371,2.9185228,0.35715067,9.046952,-0.61531997,-0.06929517,0.030529737,-0.04487276
2.8809054,2.768048,0.48120928,8.954081,-0.61411667,-0.09736395,-0.004525602,-0.25367278
2.8399556,2.887885,0.46582234,8.869532,-0.6233797,-0.013692379,0.0068718195,-0.16850764
2.8443108,3.132116,0.98539543,8.810667,-0.62339103,-0.053479195,0.058623314,-0.12958735
2.710918,3.1437845,0.5857234,8.813404,-0.5988064,-0.06314731,0.06380439,-0.04224676
2.9140372,3.0561788,0.8442855,8.817463,-0.595835,-0.07115579,0.19955528,0.2641499
2.947638,2.4304361,0.7143042,8.743371,-0.59072554,-0.06465101,0.14772666,0.08007425
2.7193553,2.9802995,0.72708416,8.764477,-0.59261596,-0.047213554,0.10919464,0.09822619
2.5818155,2.2013,0.5509877,8.815536,-0.5589014,-0.11974764,0.14819431,-0.00530529
2.1414602,2.1555595,0.559356,8.753704,-0.56092036,-0.102357864,0.08452797,0.15806937
2.663537,2.8202312,0.94557786,8.638007,-0.55186975,-0.124370575,0.06740403,-0.22365281
2.5925043,2.5448284,1.0795605,8.589548,-0.54130864,-0.12480402,0.28072226,0.004978657
2.8771663,2.5059307,1.1706173,8.607283,-0.51951337,-0.19655633,0.3663305,0.1867606
2.8735301,2.9571517,1.1537876,8.659364,-0.53978276,-0.15466452,0.5717238,0.29938686
2.4333503,2.3241203,0.8709055,8.6893215,-0.5204303,-0.18106294,0.30276477,0.20622939
2.9961784,2.8775673,0.8029425,8.648796,-0.50633085,-0.14765239,0.32156515,0.08593547
2.170078,2.5860927,0.5577079,8.707513,-0.52057326,-0.18416119,0.14821875,0.13218117
2.076542,2.3560014,0.2719338,8.861327,-0.5220773,-0.16693473,0.15819156,0.108215034
2.2748373,3.9284267,0.5335057,8.8322735,-0.52108824,-0.10156584,0.17202151,0.16480005
2.708119,3.6355436,0.520782,8.827504,-0.5345559,-0.1177783,0.1562481,0.07649106
2.822284,2.5124469,0.45287204,8.887853,-0.59498394,-0.09703064,0.0800519,-0.17855912
2.6144447,3.5565352,0.7834399,8.894431,-0.60512066,-0.08730769,0.04814267,-0.24440327
2.5078437,3.234154,0.9617648,8.8220005,-0.5972434,-0.0638597,-0.023347855,-0.20875683
2.6677341,3.2254653,1.0900812,8.75982,-0.6138054,-0.057062387,0.05531597,-0.41014516
2.6924427,3.0511944,1.1328099,8.773352,-0.620963,-0.03213358,0.061696053,-0.1072098
2.9470084,4.16208,1.1600587,8.913087,-0.6462437,-0.061451435,0.027321815,-0.18915707
2.9405863,4.1238546,1.0897694,8.841755,-0.6331824,-0.049898624,0.114191055,-0.03821689
2.4236212,2.052658,0.5990207,8.794022,-0.6005374,-0.12731934,0.17043304,-0.07419115
2.381836,2.5353034,0.45294523,8.778607,-0.57227564,-0.096042395,0.1408925,-0.11737794
2.2788336,3.032658,0.94961154,8.819639,-0.6112547,-0.059446096,0.03724909,-0.23274744
2.6165247,3.0475354,0.89104104,8.864992,-0.5865984,-0.1178956,-0.05099827,-0.39875638
1.8301592,3.3745418,0.82855654,8.873732,-0.54926395,-0.1704092,-0.085612655,-0.4418272
2.4993618,2.773626,0.69083834,8.734154,-0.56548333,-0.12222481,0.0036491156,-0.4955737
1.6405625,2.8630748,0.9530555,8.876965,-0.60624874,-0.1650064,0.16647863,-0.494587
1.5991944,2.4772258,1.1805735,8.853703,-0.6121484,-0.07157898,0.10617447,0.029198349
2.7338254,2.7030258,0.8238002,8.827522,-0.5890441,-0.10277414,0.27791405,0.032456875
2.1309848,2.7752597,0.5077963,8.805763,-0.562556,-0.06277752,0.08209884,-0.06470591
2.718481,2.2468247,0.6528125,8.701244,-0.56175685,-0.12163377,0.0071445704,-0.12255821
2.0084147,2.0459473,0.5582751,8.693321,-0.5892148,-0.06909013,0.04262376,-0.17510054
2.5282521,2.250789,1.0707016,8.718324,-0.59052396,-0.060373306,0.16426337,-0.120619
2.6314328,2.9623432,1.0252962,8.711384,-0.57487595,-0.08876729,0.08207953,-0.054358006
2.7778742,2.6987343,1.2105534,8.703378,-0.5702034,-0.14277816,0.09969509,0.03393185
2.599848,2.018795,1.483098,8.603855,-0.57890797,-0.14057231,-0.0049414635,-0.3608432
2.3032773,2.9125679,1.4488764,8.586676,-0.59208715,-0.111270666,-0.08863896,-0.4642222
2.2108712,2.8456163,1.3510518,8.593479,-0.5725348,-0.13109231,-0.12374097,-0.46798435
2.850227,2.3039165,1.5393243,8.559682,-0.56024086,-0.14123487,-0.10113186,-0.36302426
2.848629,2.092264,1.4844344,8.5115795,-0.5854418,-0.11899853,-0.034507096,-0.47268334
2.9346833,2.4754832,1.7602298,8.450899,-0.5807742,-0.09052372,-0.08141923,-0.22124732
2.2046247,5.3378325,1.1799083,7.854165,0.0578568,-0.7670045,2.1156995,0.48444706
2.21379,6.821433,1.0311184,7.861679,0.087150335,-0.7354014,1.9771707,0.43160474
2.0751147,5.894121,1.1231818,7.87906,0.07329321,-0.7373123,2.4843774,0.5643337
1.973999,4.127062,1.0082798,7.8593135,0.09064531,-0.7615664,2.0361853,0.47528744
2.0019798,6.0806713,1.0501795,7.868584,0.097555876,-0.7123985,2.8790686,0.5597272
1.875911,5.4148865,1.058166,7.863205,0.071606874,-0.7285297,2.8803058,0.6478267
1.914029,5.4615526,1.0686307,7.8054185,0.10643697,-0.6492057,2.747172,0.8317257
1.5649978,6.0154877,1.077565,7.8709173,0.11249232,-0.6631355,2.634245,0.830189
1.6214123,5.171297,1.0682912,7.9969654,0.07568121,-0.662009,2.900172,0.6745106
2.6308389,4.936202,1.0807843,7.8340383,0.05804062,-0.61197567,1.8161175,0.70666957
1.5458635,3.8890486,1.0706341,7.7755146,0.04767275,-0.61768794,0.36867523,0.5110272
2.891465,4.393067,1.1668935,7.6958838,0.04803872,-0.67589736,1.9701788,0.61679244
2.3970637,4.413435,0.95063615,7.7647347,0.06830096,-0.6486001,2.0677776,0.5294454
1.7144587,4.384374,1.0634437,7.847083,0.0819428,-0.71931076,1.9607091,0.5800953
1.6678926,4.740654,1.0655706,7.8582363,0.087466,-0.7116132,2.699708,0.53245974
2.0758686,7.2155285,0.9892895,7.8449483,0.09618425,-0.70031476,1.9730833,0.56721497
2.1614933,7.0815225,1.1740015,7.7869716,0.08008504,-0.69433165,1.9053426,0.47161245
2.1366832,4.659442,0.9479389,7.817681,0.06258893,-0.68020344,1.5713181,0.5880749
2.1918035,3.6628633,0.9531063,7.8244534,0.06035638,-0.6647513,1.4760883,0.534207
1.6686084,5.071065,1.0384212,7.971512,0.01610446,-0.6563046,2.4976397,0.5022296
1.6040815,3.8954587,1.0147729,7.9482994,0.02588582,-0.65653276,2.7005305,0.5886843
1.4732717,3.2621565,1.0821364,7.8853903,0.019929409,-0.6828909,2.5316396,0.5979395
1.2017882,3.1075315,0.97403526,7.9469757,0.04915738,-0.686841,2.1389666,0.3865019
2.3419185,2.3569715,1.0561619,7.948935,0.01204896,-0.6959872,2.3378596,0.61382806
1.0459175,2.2222874,1.0632544,7.98098,0.012375116,-0.7026019,1.4576092,0.55065536
1.7364166,2.5810084,0.9541254,7.98816,0.0056643486,-0.6801028,1.7014618,0.5236194
2.159274,8.411884,1.0298669,8.019999,-0.0050433874,-0.6357112,1.6761377,0.4621197
2.0341792,6.834907,1.1170588,7.9998684,-0.03705597,-0.6472559,2.5378199,0.5497546
2.5015144,5.7420254,1.1322551,7.975846,-0.012782812,-0.59953165,2.3657336,0.6128644
1.693358,6.5201597,1.1768146,7.9129057,0.008807659,-0.61868787,2.645045,0.73987293
1.9795434,6.8427367,1.2435579,7.9327497,0.0024397373,-0.60996294,2.7748086,0.8139256
2.0121768,5.211419,1.0347161,7.8968997,0.006540537,-0.5747533,2.5717916,0.5167954
2.1684246,4.5362043,1.0366979,7.881985,0.031373262,-0.6532881,2.4722848,0.55820465
2.1500254,3.857408,1.0118003,7.9052052,0.03746724,-0.69848394,0.9329741,0.63435054
2.7160807,4.202422,1.0705326,7.889005,0.029597044,-0.700639,2.4805033,0.56063306
1.2253492,4.2161093,1.1668782,7.8915052,0.07862568,-0.71210074,2.9343972,0.5253955
1.0385057,4.037035,1.1038041,7.9729977,0.06740117,-0.7668767,1.2285879,0.54955053
1.1260244,4.1033306,1.1953692,7.9275007,0.043763876,-0.7560415,2.0229452,0.49849904
1.2321908,4.0758815,1.1778369,7.948369,0.059286594,-0.76580715,2.461836,0.47749186
1.4148405,4.81771,1.1415038,7.9588723,0.023241758,-0.7559397,2.8037212,0.33259416
1.4971354,4.2100887,1.175374,8.007809,0.012224674,-0.77636933,2.7446733,0.3204003
1.8055044,3.9975648,1.085813,7.885163,0.061444283,-0.7323873,2.811189,0.54136133
2.1785507,5.3580217,1.1230483,7.7992535,0.062500715,-0.6773505,0.50542986,0.52699983
2.5136561,5.430511,1.0629215,7.768093,0.08777571,-0.70202994,2.958619,0.7105168
1.7176044,4.8587036,1.0721786,7.8144684,0.107031345,-0.71774983,2.5938523,0.567628
1.8433995,5.01276,1.135838,7.836229,0.07289815,-0.7247777,2.906032,0.5533316
2.9984033,8.355648,1.2212543,7.7614846,0.073988914,-0.72475004,1.0543218,0.50841236
2.3349376,7.613262,1.3001575,7.6780276,0.055101395,-0.6674855,2.6272976,0.58557177
1.7472601,3.8184996,1.2224922,7.6899247,0.05377841,-0.6691623,2.5179381,0.6119354
2.4209857,4.546776,1.2949977,7.6390433,0.037507296,-0.6193147,0.65457416,0.4639964
2.6182897,5.5220814,1.191093,7.6843147,0.041068316,-0.62171364,0.6671126,0.46059692
2.5322394,4.468405,1.2723932,7.694771,0.05497837,-0.69951296,0.6817367,0.40930802
2.5717487,4.8998656,1.2599113,7.6976376,0.06726599,-0.64274573,0.4391353,0.23923731
2.1583056,6.251854,1.300349,7.7079654,0.044361115,-0.7018063,0.3910234,0.27275097
2.4779024,5.0957117,1.230453,7.7202635,0.044449806,-0.7384665,0.39696324,0.0765692
2.3048038,5.836337,1.2830768,7.751155,0.033768654,-0.7472749,0.43044972,0.1769607
2.74894,5.3147326,1.2705488,7.7492037,0.007320404,-0.6796403,0.44236517,0.09029055
2.9051032,8.737314,1.2581406,7.6864805,0.03584695,-0.67327976,0.45229745,0.13252199
2.9552221,7.6338377,1.2636149,7.7163315,0.025977612,-0.6527307,0.3154775,0.08091599
2.9108052,8.267649,1.2623398,7.7488155,0.038583517,-0.7150636,0.009559989,-0.39062274
2.4012666,7.343263,1.2915089,7.755212,0.017374039,-0.70053816,0.14448798,-0.42268562
2.6863832,4.0144267,1.2745872,7.804793,0.015050888,-0.6875248,-0.031947136,-0.1387696
1.966526,4.4396424,1.2410309,7.772989,0.0077741146,-0.6830344,-0.07442075,-0.46859145
2.3699493,6.5678377,1.3568575,7.7836123,-0.013548732,-0.62580967,-0.12342429,-0.44272208
2.4929938,2.5263138,1.2714641,7.7506514,-0.0062143803,-0.63681126,-0.09578526,-0.39824265
2.6169693,6.997452,1.3618612,7.8507595,-0.028002262,-0.6815767,0.02494073,-0.13026711
2.3898811,4.4579105,1.3330531,7.851412,-0.035069227,-0.61803603,0.026746392,-0.05373916
2.4543266,2.4818137,1.0873659,7.820331,-0.008623481,-0.6398971,0.008815885,-0.1261695
2.4566872,5.5644875,1.0776522,7.9248114,0.0030088425,-0.6485157,-0.054141164,-0.25145552
2.8048913,5.7901106,0.9768735,7.908479,0.02052331,-0.62719035,-0.069193065,-0.1781069
1.254835,4.3045683,1.152355,7.9321895,0.0060887337,-0.70370173,0.027210593,-0.33676973
1.5742192,4.6819205,1.1705348,7.8795576,0.021675587,-0.7019682,0.0044169426,-0.39746913
2.337097,3.6865506,1.0962374,7.858016,0.034009695,-0.7182262,-0.041229844,-0.45843887
2.475722,4.1105328,1.1137807,7.8459516,0.02175641,-0.70387983,-0.058613956,-0.45200825
1.59205,3.9452598,1.1559055,7.8936787,0.004939556,-0.6614189,0.09219873,-0.009691387
1.703293,4.5945244,1.1226575,7.89863,-0.007989764,-0.5973773,-0.10701752,-0.3131925
1.9994903,2.9284768,1.1733608,7.8194523,-0.011279464,-0.5866201,-0.19659543,-0.3312662
1.1947627,2.2347145,1.0892105,7.8433127,-0.018441439,-0.6500323,-0.09829795,-0.36455286
1.3929036,2.1270783,1.1388621,7.8779287,-0.018983364,-0.65081453,-0.05435115,-0.36598915
2.02929,6.1912775,1.1439259,7.9142356,-0.0055088997,-0.66482496,0.04984653,-0.32189775
2.380485,5.116913,1.1469171,7.8615847,-0.0012708902,-0.6591096,0.021740794,-0.040039957
2.3449821,4.362649,1.1530519,7.845744,-0.006919861,-0.5909376,0.054994106,-0.20924383
2.1808507,6.7166147,1.2428956,7.8651924,-0.0020735264,-0.6416545,-0.091036856,-0.30249548
0.9602918,2.4367142,1.1194992,7.9339914,-0.019210935,-0.61195636,-0.13478816,-0.22221369
0.94029164,2.2812786,1.080359,7.9298544,-0.020270944,-0.6149311,-0.097623646,-0.46934175
0.8077922,2.2118335,1.1467392,7.971138,-0.023735642,-0.58304167,-0.14006108,-0.34920013
0.7793435,2.378407,1.1356673,7.923295,-0.019690037,-0.5312705,-0.16300619,-0.3755584
0.8754817,2.426344,1.1106758,7.893274,-0.023565173,-0.5704956,-0.16889936,-0.49237546
1.6551805,2.5997744,1.0835717,7.9088383,-0.05717349,-0.6216173,0.44781697,-0.122174144
2.1943638,2.6117132,1.169483,7.836467,-0.04839325,-0.62764454,0.1858002,0.18706352
2.3966818,2.7231238,1.2517831,7.807526,-0.052815318,-0.6212983,0.28480053,-0.026655078
2.1046028,3.1287303,1.2197247,7.807877,-0.059203386,-0.60319424,0.31435084,0.21981204
1.8649902,3.7116556,1.3678432,7.8060155,-0.05658877,-0.60037947,0.122900486,0.053916276
2.8160048,6.085384,1.1760445,7.9001327,-0.08480537,-0.58416986,0.08068955,-0.200064
2.3252797,4.20022,1.1710434,7.8162704,-0.028192401,-0.61988306,0.17950034,-0.18976045
2.6391282,6.1218576,1.0698423,7.891288,-0.034594297,-0.6054239,0.1297003,-0.23621598
2.5084407,5.5959864,1.1592262,7.923105,-0.043947816,-0.59116507,0.19531286,0.032110095
2.1609054,4.4686594,0.9896052,7.96877,-0.03672707,-0.5597191,0.91286516,0.35478675
2.6556416,4.4171534,0.98779726,7.9655304,-0.0545094,-0.53097224,1.4994347,0.52222705
2.792168,6.3887367,0.9706538,8.063405,-0.043477178,-0.572247,1.9820583,0.5715252
2.3804169,5.0074134,0.97745,8.0710535,-0.07325065,-0.56283236,1.7977209,0.5639874
2.610159,5.3230057,0.8847165,8.175257,-0.07876849,-0.5335462,2.9498484,0.59299624
2.908628,5.5552807,0.978407,8.081892,-0.11653423,-0.43170214,0.59086037,0.46323264
2.7954938,3.2107706,1.1517527,8.090792,-0.16746998,-0.5058036,1.5534868,0.58963025
2.7471383,3.4104943,1.2069724,7.9835973,-0.14636922,-0.50468254,0.9521229,0.5797788
1.8670752,2.3826962,1.3232286,7.9446177,-0.1624775,-0.5039344,2.4013202,0.6190778
1.5812424,2.3931506,1.4065537,7.901629,-0.18285096,-0.48545933,2.6532383,0.43851447
1.639693,2.7520282,1.5194728,7.8811016,-0.1850084,-0.4393561,2.9100401,0.6094476
1.728776,2.0603042,1.5891895,7.8290863,-0.21264637,-0.44017386,2.73296,0.58182955
2.1418061,2.636333,1.6311998,7.803772,-0.21530712,-0.39848566,2.921825,0.59831023
1.5763563,2.5040436,1.5898142,7.8747797,-0.22096884,-0.38588548,2.1251793,0.5731809
2.2789001,2.9881701,1.6256168,7.879877,-0.21488428,-0.4422903,1.11151,0.42764974
2.7762766,3.1619804,1.547452,7.9119515,-0.21566904,-0.43783474,2.8895495,0.4329841
2.791738,2.7268815,1.5867467,7.957821,-0.21463513,-0.40475464,2.8423734,0.4636382
2.8447757,5.4055595,1.6088462,8.037738,-0.25462377,-0.4374094,2.3004198,0.31597638
2.8487659,5.5714254,1.4455743,8.013329,-0.23580492,-0.42338347,1.7400141,0.3446697
2.7103844,4.2433996,1.5046921,8.101843,-0.24564505,-0.45105505,0.38069403,0.33922732
2.646764,4.1024866,1.4439249,8.090944,-0.24727917,-0.4295144,2.0483987,0.22210574
2.5688062,4.544692,1.5444484,8.077217,-0.26285863,-0.42856097,2.1166165,0.49518657
2.8313735,4.387868,1.5010207,8.075827,-0.25067377,-0.3679123,2.3239489,0.501961
2.6226003,5.4595447,1.2876246,8.161555,-0.24700809,-0.367249,1.9982119,0.46248615
2.8040397,2.6888413,1.3243141,8.197968,-0.2492311,-0.41200233,2.575067,0.69343066
2.2692757,3.4405632,1.2905126,8.159851,-0.2631303,-0.36445618,2.6599329,0.66719246
2.2087533,3.430734,1.2066967,8.235787,-0.27138555,-0.38312626,2.9749324,0.50354934
2.587356,3.0473063,1.3609068,8.128121,-0.29405546,-0.37294793,2.750374,0.7047579
2.3619378,2.2418654,1.2338963,8.141092,-0.28489864,-0.38306546,2.5583756,0.46259713
1.8761616,3.220225,1.2022605,8.12855,-0.22173488,-0.37804127,2.8502889,0.5555744
2.9831567,8.597101,1.2114215,8.143348,-0.1952678,-0.42973757,2.8946762,0.49121034
2.8309581,7.939533,1.038856,8.157036,-0.19360995,-0.39685225,0.2743069,-0.33554387
2.9100661,6.3399434,1.2028236,8.232149,-0.2005372,-0.41113162,-0.29088557,-0.3533279
2.8818183,6.1259747,1.1806536,8.11853,-0.19561028,-0.42436028,-0.19567609,-0.43175477
2.3356757,4.1017084,1.1946826,8.160053,-0.20959818,-0.3793776,-0.2691747,-0.42048806
2.4437642,4.6414366,1.1123586,8.16429,-0.20575857,-0.39500904,-0.1648882,-0.25929147
2.1690047,3.7059093,1.1422694,8.147973,-0.25953317,-0.3304596,-0.054657757,-0.26023963
2.9311879,3.9031436,1.1433418,8.272205,-0.2780738,-0.42158246,-0.12857825,-0.27473095
2.8347158,6.595944,0.9777534,8.27256,-0.24077153,-0.40998936,-0.04175991,-0.19780609
1.6411698,3.8025734,0.845495,8.327908,-0.21026826,-0.44844747,0.09629762,-0.18542928
1.6880141,3.5596118,0.8882997,8.373926,-0.23592496,-0.46184063,0.06646848,-0.019369721
2.2518878,2.8663726,0.9673964,8.285667,-0.23879838,-0.43228865,0.21197152,-0.0010954142
2.5818784,4.5910482,1.0797627,8.156278,-0.24605858,-0.38439727,0.02562821,-0.04597044
1.6314063,4.2183666,1.0791106,8.204151,-0.21331704,-0.39269972,0.15694761,-0.12705374
2.3169308,4.0568776,1.1914892,8.171965,-0.18164456,-0.53238654,0.018088222,-0.0757069
2.5986814,2.8315387,1.1676838,8.155834,-0.20150459,-0.48870945,-0.14264643,-0.25598103
2.5415368,2.4862726,1.2496219,8.109385,-0.20834053,-0.4385867,-0.13857776,-0.38428715
2.8337426,5.6492233,1.2978342,8.091276,-0.20613039,-0.3938594,-0.15718895,-0.39913958
2.733782,5.9854536,1.0915251,8.109232,-0.1851635,-0.4079864,-0.13615048,-0.23383081
2.629299,6.2373714,1.0073597,8.238741,-0.21095812,-0.42409158,-0.21708345,-0.4872022
2.761853,4.517113,0.97341585,8.301336,-0.22450316,-0.38743138,-0.31441176,-0.2820737
2.3788133,4.623926,0.7113936,8.336655,-0.21083522,-0.40114164,-0.073708594,-0.28264272
2.9049067,4.7019153,0.8044869,8.346399,-0.19309163,-0.42905664,-0.10321963,-0.23486009
2.7749743,6.172516,0.91317415,8.172857,-0.18850243,-0.45578194,-0.022538126,-0.23228866
2.772541,4.5280814,0.88942885,8.318898,-0.21071625,-0.48844433,0.20681071,-0.19205195
2.8048337,8.724812,1.0664649,8.324156,-0.2281847,-0.48150492,0.22826183,-0.39866862
2.9385962,6.249251,1.2164078,8.308214,-0.23678064,-0.47949672,0.045132518,0.051744044
2.9832473,6.863218,1.1855731,8.220764,-0.22892809,-0.4491067,-0.032440066,-0.37576252
2.972034,4.228628,1.1033578,8.262087,-0.24297523,-0.4329338,-0.07230312,-0.12849808
2.2131298,4.4784517,1.1212373,8.269452,-0.23259866,-0.45926166,-0.055405557,-0.44661653
2.8638592,5.555191,1.0720682,8.292307,-0.25165486,-0.41255856,0.094778895,-0.19797546
2.7919247,5.8069563,1.0294614,8.208204,-0.24085271,-0.39024186,0.12504947,-0.13420582
2.8719606,5.1930766,1.0169663,8.27091,-0.26745868,-0.3507414,0.099102736,0.011796594
2.9626586,7.0188136,0.85268044,8.3933325,-0.27951348,-0.3834362,0.08440864,-0.22062871
2.9910357,6.614314,0.86788285,8.448676,-0.28959846,-0.3796742,0.064573646,-0.15337306
2.5256882,5.8028126,0.7738445,8.488605,-0.30436778,-0.3541336,0.13280821,-0.066042304
2.6896498,5.0697165,0.8854928,8.495817,-0.3328508,-0.3887968,0.12330222,-0.16444898
2.645212,4.9564686,0.99866605,8.479019,-0.3453753,-0.37415504,0.3065312,-0.0707106
2.460624,4.1738696,0.97033167,8.51712,-0.34614027,-0.36052132,0.24517286,0.14180124
2.7867935,4.211135,0.96876526,8.511884,-0.39344227,-0.32037544,0.32806826,0.13028383
2.6007438,4.4717703,1.1840286,8.463032,-0.42057848,-0.31655693,0.20106208,-0.20296961
2.6737409,4.687422,1.3277853,8.431641,-0.3914039,-0.31468296,0.031958222,-0.25649396
2.6898544,3.6148314,1.3943582,8.349596,-0.3697493,-0.33298612,0.026158452,-0.26945913
2.512465,3.8678942,1.4002264,8.357413,-0.38411343,-0.3405342,-0.09732789,-0.3454309
2.7770877,3.9620714,1.4406905,8.339244,-0.3722329,-0.31363058,-0.11773121,-0.3846949
2.4254482,4.1931667,1.4384418,8.350645,-0.36157572,-0.40232754,0.091197014,-0.19816336
2.4485707,3.5535545,1.4486585,8.2760315,-0.3946706,-0.31276464,0.0018154383,-0.36081532
2.8347938,3.039835,1.3740187,8.292175,-0.37565124,-0.32339573,0.014971137,-0.11525732
2.5848382,2.9821784,1.3771961,8.352888,-0.38924277,-0.3514328,0.019366384,-0.31394047
2.5598528,2.7687566,1.3245373,8.315314,-0.39047527,-0.30702853,0.02723682,-0.45456797
2.412086,2.7248063,1.3084583,8.290011,-0.39542437,-0.2774999,-0.00987339,-0.47785082
2.9412353,2.0061283,1.2120953,8.3202,-0.40377212,-0.21087885,-0.022043705,-0.37540132
2.6206222,2.0148492,1.1554253,8.311054,-0.40162587,-0.27121735,-0.12756187,-0.40276337
1.2444764,2.0391307,1.2988374,8.300952,-0.3988756,-0.25441194,-0.09286052,-0.35407373
1.1412129,2.067065,1.1668539,8.39463,-0.40748644,-0.2552142,-0.036332726,-0.34610564
2.9652333,4.451186,1.1970143,8.392048,-0.40749133,-0.23610616,-0.077833414,-0.28751716
2.7516563,6.118227,1.2580991,8.451244,-0.38948286,-0.22831106,-0.0602265,-0.1257829
2.757142,3.6674,1.2472451,8.420713,-0.39332354,-0.28390026,-0.12809205,-0.20207778
2.5924044,5.125537,1.1380115,8.488656,-0.3851334,-0.28930378,0.014190316,-0.34954244
2.041976,3.9258327,1.1935513,8.426739,-0.38869798,-0.2964399,-0.120313644,-0.38876778
2.7471719,3.6293464,1.1255193,8.526636,-0.42079782,-0.33064747,0.11954057,-0.35496253
2.8646655,3.1245394,0.9481875,8.571855,-0.4238869,-0.29301786,0.12114489,-0.19787449
2.9962113,4.886251,1.0115759,8.542888,-0.41618085,-0.24126244,0.20370603,-0.25814366
2.9993954,5.4783735,1.0445876,8.53373,-0.4136746,-0.23425674,-0.0039085746,-0.036693692
2.6924005,4.0316086,0.8991488,8.518232,-0.3846668,-0.22628117,-0.08224493,-0.20518166
2.5963936,4.59704,1.1677334,8.523122,-0.40995502,-0.25508928,-0.09309089,-0.33094245
2.9557512,4.249547,1.0329189,8.588568,-0.4146073,-0.28631735,-0.094206035,-0.3944658
2.4688497,3.5700736,1.0044537,8.554714,-0.42362738,-0.24171948,-0.12931913,-0.4156124
2.6713092,3.8096375,0.6076293,8.632841,-0.4254012,-0.24159145,-0.09336543,-0.3838477
2.457096,2.5708997,0.5559933,8.62499,-0.4318893,-0.22137213,-0.10901517,-0.48321688
2.0979357,2.6198907,0.5976925,8.725211,-0.44944036,-0.22225451,-0.10600138,-0.33419412
2.6004338,3.022481,0.6647012,8.664413,-0.4495926,-0.22284365,-0.034523726,-0.40168387
2.481626,3.9112585,0.8747053,8.661236,-0.45744646,-0.23403645,-0.20116872,-0.47626787
1.770522,2.4417207,1.6995835,6.0292416,0.81198263,-1.4557582,0.054347634,-0.097435474
1.8420271,3.7309272,1.7020264,6.0445614,0.79628396,-1.4275435,0.16380382,0.06124443
2.2158155,3.921122,1.7122939,6.0348577,0.79552484,-1.4658313,0.16863728,0.09847951
2.2729185,4.693449,1.7244737,6.050396,0.809247,-1.4846141,0.40747273,0.06451821
2.417317,5.108239,1.6704137,6.1507235,0.78561735,-1.4952003,0.3529216,0.052698195
2.6513398,6.367349,1.7176862,6.148159,0.7911124,-1.4930229,0.17902899,0.07748449
1.0549972,4.620816,1.6797314,6.0672674,0.81343985,-1.4578724,0.39800155,0.040997505
1.2464216,5.9112825,1.7345369,5.993791,0.8263707,-1.4783959,0.44819188,0.064952135
2.7609556,5.3027697,1.7710822,5.9554224,0.81892467,-1.5177944,0.3735752,0.090512395
2.9598906,6.3650303,1.7822213,5.9134383,0.8190839,-1.4800527,0.33176267,0.03348112
1.8024795,3.634144,1.7942665,5.910742,0.8095758,-1.5059843,0.26571965,-0.020339787
1.8101637,3.0425682,1.7781317,5.864935,0.81253743,-1.4837866,0.27976215,0.2556517
2.2859917,3.6202698,1.7987869,5.8706303,0.83213663,-1.5224304,0.14651322,-0.11993581
2.9011958,8.270313,1.7741525,5.859007,0.85801506,-1.5727283,0.15544307,-0.28463435
2.6249554,4.346738,1.7967038,5.841655,0.86466,-1.5573502,0.15272844,-0.19404581
2.5605686,7.0740113,1.7753766,5.866001,0.82906556,-1.5303676,0.10940802,-0.21131772
2.7336257,7.227218,1.7519157,5.9364853,0.82954,-1.4579098,0.06262314,-0.26275343
2.2394044,4.578955,1.7439659,5.935302,0.8358786,-1.5021031,0.09502566,-0.37518135
1.5084071,7.473133,1.7761731,5.915016,0.8250563,-1.5197154,0.44539094,-0.017497689
2.4832778,7.152523,1.7133446,5.98302,0.8293741,-1.4693288,0.18618476,-0.020222306
2.7655053,4.8805747,1.7341411,5.9472866,0.83731246,-1.4555631,0.17544818,-0.055749714
2.6783807,4.694146,1.7523456,5.869569,0.83733416,-1.4718523,0.12264621,0.00052052736
1.3885636,3.5417843,1.7375007,5.8563833,0.84180164,-1.4684994,0.10961878,0.038965166
2.5229287,9.703423,1.8175473,5.8812265,0.8385351,-1.5280857,0.068716645,-0.06280619
2.8642209,6.1412287,1.8190613,5.8290977,0.82452464,-1.522342,0.22523153,0.13991785
2.4721382,2.3560991,1.8128154,5.842785,0.83496356,-1.5044048,0.22894907,0.11428821
2.7023673,3.06526,1.8262982,5.769602,0.85320735,-1.5175558,0.25143206,0.19648314
2.4784203,9.201498,1.7691064,5.762231,0.93232155,-1.5341606,0.19194126,-0.089431524
2.2338102,4.813945,1.7584157,5.69987,0.9109893,-1.5327933,0.04127729,-0.36343297
2.330958,6.0558195,1.790957,5.7344646,0.9137027,-1.5779727,0.025448084,-0.3128999
2.744322,8.368305,1.7583475,5.6715117,0.9687488,-1.5861259,0.10587275,-0.17951334
2.8487804,6.859932,1.8023472,5.650484,0.95429015,-1.649557,0.25170958,-0.017062277
2.9396975,7.5338745,1.7552457,5.641134,0.98077106,-1.638782,0.17112994,-0.3774593
1.3716315,5.2855206,1.7764392,5.589881,0.9823115,-1.6754016,0.06970155,-0.37251797
1.1368606,2.4976497,1.7212558,5.571411,1.0161111,-1.6592443,0.34563005,-0.03429699
1.6201084,6.52989,1.7263665,5.589039,1.0300016,-1.692738,0.46593595,0.011916339
1.5644935,2.117675,1.8180747,5.4649687,0.99601436,-1.690517,0.37026536,0.007817745
1.9571819,7.336475,1.8401723,5.4269238,1.0410867,-1.6864449,0.12586522,0.052265108
2.4528282,7.485762,1.8407905,5.3576117,1.0782106,-1.6862743,-0.0036295652,-0.38687685
2.9051566,7.31029,1.9198258,5.306476,1.0588529,-1.7277951,0.05190003,-0.19071612
1.7261227,2.6452587,1.9230924,5.280117,1.0251629,-1.6997335,0.054667115,-0.17886749
1.8122306,3.213707,1.8675535,5.2660036,1.0468669,-1.6883554,0.31209815,0.35039067
1.7838947,6.660474,1.8529224,5.383855,1.0657403,-1.7607996,0.34110057,0.039696217
1.9044802,8.646759,1.7776723,5.377882,1.062787,-1.7130489,0.52315414,0.12996054
2.1386042,2.206878,1.7855363,5.5160456,0.998852,-1.624972,0.4713514,0.13317716
1.9758751,2.1564522,1.7759988,5.559046,0.99151254,-1.6481684,0.1659683,0.0063312054
1.2743453,6.79125,1.7979875,5.4906616,1.0331604,-1.6952672,0.15765154,-0.12909165
2.8480575,6.14113,1.8121514,5.4276204,1.0171418,-1.6454542,0.12347901,-0.28433713
2.8575952,7.041567,1.8573754,5.229793,1.0546393,-1.6760143,0.0697602,-0.49634898
2.0579512,9.122894,1.9498014,5.2218943,1.0437171,-1.6811817,0.3137232,-0.019980669
2.3022823,3.621016,1.9634991,5.1573515,1.0360107,-1.6792222,0.1482141,-0.20565692
1.3214734,3.9975915,1.9794202,5.0662775,1.0452228,-1.6699431,0.16687334,0.05464822
2.2999651,3.343044,1.9685378,5.084344,1.0358119,-1.6625215,0.04245913,-0.27590823
2.061346,5.168252,1.9634299,5.187081,1.0384111,-1.6738943,-0.11830312,-0.4237957
1.6725357,4.03362,1.9945345,5.1487513,1.0178151,-1.6622087,0.040998578,-0.41987675
1.0761586,2.4870617,1.9848707,5.1377707,1.0102198,-1.6957812,0.047176003,-0.44479525
2.3916192,2.4286847,1.9704006,5.148043,1.0156658,-1.674248,0.09518647,-0.44141084
2.1758661,3.9856136,1.9859843,5.221801,1.0175581,-1.6556833,0.07934189,-0.2508367
2.8303695,8.392553,1.9902108,5.3951693,0.972872,-1.6124978,0.08120322,-0.19244266
2.2146797,4.4079666,1.9861453,5.2361183,0.97505283,-1.5996637,0.23885357,-0.10822716
2.2610283,3.0896087,1.9616928,5.26324,0.9841516,-1.5694816,-0.027193129,-0.15279451
2.349378,6.180342,1.962503,5.2696223,0.9693706,-1.6365016,0.19031823,-0.040904433
2.2678475,4.6312623,1.9612355,5.2806478,0.98828983,-1.630568,0.09515512,-0.28988945
2.317358,3.728763,1.9778633,5.314801,0.95338416,-1.5863094,0.06903863,-0.22561514
2.2516713,6.231985,1.9660199,5.2850447,0.96380234,-1.5979706,0.07849467,-0.095018566
1.9827873,6.902764,1.9488292,5.281498,0.94601536,-1.5522839,0.065948725,-0.3266366
2.3931694,6.2749634,1.9769566,5.361495,0.94486594,-1.5960641,0.053926945,-0.29038754
2.8092496,9.7725315,1.9111404,5.50035,0.9565394,-1.6189314,0.17711437,-0.19023663
2.66962,4.0788727,1.9512916,5.4168515,0.9695349,-1.6226689,0.13861728,-0.07221687
2.6870635,5.8486166,1.902086,5.4482584,0.97714543,-1.6205138,0.2941836,0.23282427
2.523179,3.7880812,1.8838501,5.4319205,0.96076393,-1.6017333,0.27914524,0.18676019
2.5569983,2.053962,1.8710592,5.4890876,0.9696505,-1.6139874,0.17263997,0.10073584
2.1973915,4.8263874,1.955966,5.360335,0.9629035,-1.6229429,0.39672148,0.16327477
2.384357,4.739317,1.9282589,5.4482746,0.9611709,-1.6649461,0.41437197,0.24867332
2.3742926,4.649163,1.934025,5.3941317,0.9645798,-1.6145506,0.47241092,0.15841854
2.1955895,5.1534185,1.9639587,5.3270807,0.9849651,-1.6259413,0.5048299,0.2562744
1.8225065,3.8728642,1.9179065,5.4174876,0.96512127,-1.6117167,1.0002503,0.29549944
1.1358571,4.3192177,1.8815727,5.524786,0.9698734,-1.6071718,0.47340453,0.35219765
2.543939,4.954071,1.8579538,5.561109,0.93180394,-1.5871795,0.1985941,0.020410538
2.865933,5.364794,1.8948538,5.541656,0.92963386,-1.6047037,0.13096285,-0.2619696
1.4765022,7.0070815,1.9259336,5.416584,0.9392984,-1.565989,-0.014538586,-0.2910793
2.6522117,2.517089,1.886431,5.4733744,0.94264483,-1.5688796,-0.031701982,-0.40796995
1.2633954,2.254953,1.9200664,5.421468,0.92641115,-1.6105632,0.025883555,-0.41127527
1.1279471,2.376129,1.914741,5.490632,0.95072937,-1.6277113,0.184816,-0.16274604
1.1914474,2.2070735,1.8744066,5.492893,0.95155406,-1.6513026,0.27840114,0.0018726587
1.2361188,2.4210525,1.8675525,5.367282,0.9986639,-1.636837,0.4138013,-0.016128123
1.4835266,3.9925425,1.9300475,5.336266,0.9980376,-1.6650699,0.3228556,0.0742836
1.3052292,3.0999792,1.9360614,5.310342,1.0076897,-1.6566112,0.22455955,0.16900307
2.6099334,3.497003,1.8486462,5.2623305,1.0592737,-1.6806468,0.14678931,0.062983274
2.2207289,5.736506,1.892184,5.296047,1.0045855,-1.6464502,0.22888243,0.0008234978
2.1667504,2.637262,1.9390063,5.265296,1.0056114,-1.6653931,0.3491584,-0.13603035
2.5754976,5.983063,1.9779534,5.1781397,1.0194545,-1.6547608,0.29190147,-0.018738508
2.7157168,5.1409526,1.9715326,5.2264724,1.0173981,-1.6917353,0.16986871,-0.08056605
1.5802152,4.913378,1.9969976,5.2194242,1.0021129,-1.6669505,-0.0029848814,-0.017065704
2.0131629,4.031356,1.9643321,5.2249174,1.0013814,-1.6063602,0.022434354,-0.2830863
2.2634912,4.2034774,1.9416299,5.288195,1.0289152,-1.6671559,-0.034629107,-0.34343165
2.584427,6.409859,1.9102626,5.3185897,1.0584848,-1.7648164,-0.0699597,-0.41056564
2.1923468,2.2222843,1.8431869,5.3661966,1.0492642,-1.7333667,-0.06963873,-0.4073199
2.588717,9.069649,1.8411155,5.430917,1.0500653,-1.6708744,-0.065787256,-0.33130795
2.5422819,7.1539936,1.8244076,5.3976774,1.0183907,-1.6546113,0.05633819,-0.24388385
2.8286402,7.1795545,1.8211772,5.478898,1.0171626,-1.5779719,0.036434293,-0.32061732
2.9662604,5.9466515,1.8585405,5.4075994,1.0002122,-1.6116382,0.007673621,-0.07647589
2.9645987,6.875675,1.8470116,5.4347744,0.9959502,-1.6313434,0.19818306,-0.13146311
2.986642,2.961872,1.898246,5.4177737,0.9724028,-1.6412661,0.34354925,0.08829278
2.9881747,5.823266,1.901089,5.4292383,0.9855957,-1.673556,0.31668007,0.10007107
2.9843054,6.6901126,1.8830037,5.434586,0.99148273,-1.6674774,0.34146595,0.21765345
1.3594425,5.5365973,1.9014683,5.309269,1.0149019,-1.6700464,0.5546148,0.1750055
1.1521659,3.3073301,1.9139435,5.3535156,1.0012581,-1.6631042,0.37903845,0.27802134
2.1654298,3.5792427,1.9410384,5.3540897,0.97013307,-1.6249113,0.48421657,0.20365977
2.4353576,4.503102,1.9552011,5.3720136,0.9670501,-1.6140134,0.47378933,0.34038484
2.4666545,3.356865,1.9076121,5.407447,0.9752431,-1.596318,0.4734676,0.29607582
2.6587007,3.8200812,1.9036295,5.4739485,0.966131,-1.5826946,0.5541539,0.3235106
2.246093,5.497013,1.9227433,5.4397984,0.9622302,-1.6346669,0.8210732,0.5050857
2.562089,8.420708,1.9209731,5.4617453,0.949378,-1.5380406,1.1118507,0.41554582
0.85390884,2.7708812,1.9064853,5.4155207,0.9701309,-1.5881777,1.0353234,0.46545446
2.0517745,4.052512,1.8744671,5.4775906,0.96397614,-1.5477611,1.0787814,0.47310877
2.4791536,4.36996,1.8755205,5.5063076,0.9613993,-1.5829217,0.59081435,0.05957353
1.6182699,2.5507998,1.8572371,5.405842,0.9707391,-1.5440298,0.6945088,0.36397624
2.8915977,5.399459,1.8877189,5.4045777,0.97563434,-1.5634484,0.70355856,0.4594546
2.3163636,5.4548483,1.8542542,5.452302,0.9659536,-1.5916324,2.5807385,0.5307325
1.962436,6.735829,1.8331265,5.4921637,0.96463275,-1.591795,2.588221,0.46084434
2.122374,6.1025233,1.8228407,5.549103,0.966053,-1.5875566,2.2713408,0.5677508
1.1222456,7.6722775,1.7789397,5.6552954,0.96085,-1.5965712,2.1056027,0.43578362
2.6399827,8.046883,1.8096681,5.6936774,0.9489386,-1.5323781,1.3267877,0.5322685
1.589806,3.2600203,1.7188995,5.825059,0.9249029,-1.5660136,1.7431996,0.5440934
2.8005733,7.1713195,1.748555,5.756304,0.9305587,-1.553367,1.7749987,0.42318487
1.4474635,4.287868,1.7431054,5.83644,0.919878,-1.5677947,1.8463988,0.6537186
2.7025654,5.282744,1.7060928,5.902363,0.9186473,-1.5089347,2.999241,0.72073495
2.8488472,9.182871,1.7556653,5.8891788,0.9288473,-1.61503,2.9955304,0.6525487
1.2645262,4.3721733,1.6490967,5.8502445,0.9190469,-1.5504572,2.3733625,0.5263574
1.6671836,5.026467,1.6298499,5.83691,0.9382875,-1.5669484,1.8354931,0.37856483
1.5193102,2.9447045,1.620501,5.91994,0.9529896,-1.5797015,0.60587955,0.34071505
1.7570022,2.7453482,1.5374446,5.959171,0.94013786,-1.5444124,0.59009826,0.22167677
1.439827,3.8482537,1.5860667,5.9612703,0.9527221,-1.5757306,0.66898286,0.37500757
2.2593627,4.0443377,1.491297,5.9818115,0.95812035,-1.5227152,0.054330707,0.18689704
1.3057013,3.9510813,1.4211197,6.137508,0.9518993,-1.5306786,0.12016344,0.10793412
1.8153785,4.9527006,1.396286,6.1540136,0.94133115,-1.5182059,0.13013375,0.011330366
2.0095203,5.5333557,1.3453755,6.257227,0.91457415,-1.458067,0.10065329,0.085168004
2.0334678,7.5519648,1.2813249,6.3304896,0.955868,-1.4995483,0.22209728,0.05190444
1.3791754,8.853308,1.2993398,6.3180685,0.9575865,-1.5059634,0.0852139,-0.12176669
2.7646222,9.728953,1.2876911,6.3540916,0.95686126,-1.4976099,0.03141129,0.0091257095
2.854946,9.242444,1.3031695,6.320362,0.9681361,-1.5927831,0.0663681,-0.07963979
1.7720718,7.160007,1.3339913,6.3723702,0.9755132,-1.596504,0.14527595,0.046963334
2.1040459,6.643058,1.2224579,6.4350195,0.936059,-1.5264654,0.24490476,0.2239334
1.8454783,3.3719795,1.2157965,6.5033317,0.98275614,-1.6134762,0.088478565,-0.21590188
1.2816075,7.6882734,1.1216388,6.6327643,0.98429275,-1.656318,0.086904764,-0.0005657077
1.8761466,5.489599,1.1230428,6.678838,0.9544668,-1.5813135,0.108342886,-0.09557241
1.5556183,4.885255,1.1632426,6.652433,0.9449873,-1.5789411,0.18627584,0.1995284
1.1405907,5.145095,1.2187073,6.6233463,0.94848394,-1.5939626,0.36389887,0.12597042
1.9695888,5.552328,1.2055376,6.626823,0.9380379,-1.6084965,0.5797944,0.15916497
1.6449659,3.9868803,1.197268,6.643977,0.91995835,-1.6078256,0.05786693,-0.11539519
1.3934165,5.5243616,1.1661329,6.6433287,0.92541933,-1.5980067,0.14558458,-0.11154181
2.1384578,6.131564,1.2304282,6.638421,0.92733455,-1.6159167,0.09111142,-0.09821308
1.4875674,8.659058,1.1981213,6.6726217,0.9386666,-1.5687041,0.017438889,-0.10222849
1.3356277,4.9789085,1.2389297,6.6092477,0.9347179,-1.5985148,0.03674519,-0.27366936
1.6601279,4.645262,1.2463832,6.604506,0.93094325,-1.5834198,0.0071241856,-0.31586897
1.5785813,4.352845,1.186028,6.589204,0.9574959,-1.5624084,0.038161278,-0.44770023
1.3582424,6.1294665,1.196269,6.5230455,0.97174335,-1.6280106,-0.07459301,-0.48797223
1.3788328,2.7783623,1.2046659,6.6391616,0.9592757,-1.6481394,-0.07398051,-0.44436246
1.7086122,6.293749,1.2168815,6.512507,0.96998954,-1.6207161,-0.05768931,-0.27532595
1.1748452,4.2847466,1.2075961,6.5784674,0.97683144,-1.6077269,0.039560676,-0.01720035
2.07817,4.6631947,1.2401991,6.5007763,0.982604,-1.6522884,0.21180582,-0.041050732
1.6792642,8.822483,1.3035004,6.4915323,0.9617882,-1.6384351,0.1040442,-0.0708437
2.8520563,2.791594,1.2582831,6.524501,0.945559,-1.5729663,0.078255534,-0.032920122
2.976496,6.0337224,1.3280363,6.4291277,0.92643595,-1.5490726,0.33303106,0.29848814
2.6895025,4.2194433,1.3394566,6.3906665,0.93010545,-1.4869449,0.0706507,0.042399526
1.780641,6.086277,1.3307707,6.2986503,0.9643936,-1.5449216,0.23595393,0.24180818
2.653015,6.7956553,1.3477087,6.3674607,0.9524503,-1.6319728,0.32074225,0.09707129
2.8875442,8.5403385,1.3548913,6.382124,0.94933414,-1.5838798,0.30719543,0.25081515
2.1069045,8.973877,1.3455043,6.3346405,0.94809055,-1.5585943,0.010761261,-0.047096938
2.0176277,9.369432,1.3753674,6.3307376,0.95371056,-1.5996914,0.111594915,-0.28266442
2.1101756,8.406298,1.3881283,6.293769,0.9401815,-1.6063685,0.19959486,-0.24800578
1.0787706,3.288166,1.3789752,6.319588,0.9269495,-1.5455685,0.10013974,-0.12208259
2.7043314,4.468095,1.4203777,6.2775645,0.9298456,-1.55543,0.027528286,-0.059679896
2.8669252,8.227018,1.4413371,6.2971554,0.9250927,-1.577476,0.27765763,0.019080997
0.933389,7.7598486,1.4017496,6.3058023,0.92389274,-1.5390021,0.23962176,0.023477912
0.91808414,7.241569,1.4088323,6.302499,0.95320845,-1.5552741,0.18033361,0.035215974
1.0789853,3.16825,1.3671751,6.26464,0.9265621,-1.593287,0.37575483,-0.011610329
1.2103374,2.9298143,1.3649681,6.3120584,0.9669192,-1.5908437,0.08721018,-0.103076756
1.655983,4.8719845,1.3596327,6.266624,0.9756961,-1.6015679,0.05368626,-0.20434064
1.7661939,4.048542,1.394074,6.2935567,0.97048855,-1.653468,0.4626006,0.0639652
1.888303,4.1924515,1.467062,6.2230015,0.9772668,-1.6387322,0.100461125,-0.053691268
1.7084303,5.804756,1.4624717,6.245921,0.917737,-1.616649,0.1096524,-0.25115487
1.8024687,4.875934,1.4718485,6.1327314,0.95448065,-1.5929092,0.049960613,-0.31034225
1.889237,6.689789,1.4960256,6.1405034,0.94331694,-1.6225464,0.11135435,-0.23626673
1.9041734,9.38321,1.5250707,6.104994,0.9272089,-1.5717039,0.0654906,-0.36553583
2.3597975,2.8547773,1.5443923,6.1261663,0.92350745,-1.6167994,0.10304022,-0.15690553
2.7435024,2.7538898,1.5550213,6.18206,0.89243364,-1.5827463,0.21648085,0.1316362
0.64635086,2.9930103,1.5583317,6.222487,0.9011936,-1.6045463,0.369529,0.218009
0.6104483,3.0764847,1.5692081,6.2071953,0.9000814,-1.6024021,0.47719395,0.2175445
0.50360453,3.830515,1.559063,6.2348537,0.93525696,-1.604706,0.4569335,0.2285878
0.52553475,3.7014,1.5156906,6.316738,0.9420886,-1.5717483,0.40162075,0.27130908
0.52893203,4.215661,1.4929006,6.414954,0.94232965,-1.6275153,0.5358945,0.3082888
0.59891695,3.8387876,1.4393251,6.455961,0.9498215,-1.6184193,0.883266,0.38879812
0.65159863,4.0308337,1.373781,6.3874683,0.93620944,-1.5303657,2.3721268,0.5391803
0.6172788,2.1021583,1.3919816,6.452491,0.92655635,-1.5580549,2.8910398,0.7154901
0.64310604,2.1896307,1.3594685,6.4315524,0.94981885,-1.5716957,2.5298088,0.67655075
0.5972157,2.3220456,1.3263168,6.381815,0.96156406,-1.5646802,2.657797,0.37479115
0.61948264,2.2429323,1.3398654,6.3911004,0.9605174,-1.5958298,1.6172345,0.3268659
1.854124,7.221432,1.3601396,6.409628,0.9443934,-1.6552789,2.4918325,0.38322747
2.2882738,8.234022,1.3830383,5.7804523,1.3370607,-1.9742107,0.03655255,-0.3694023
1.3266113,7.5051055,1.342731,5.777773,1.3346176,-1.9179286,-0.04745245,-0.3691848
1.455956,5.5954223,1.342154,5.7486715,1.3317654,-1.9055836,-0.10023677,-0.38962024
1.3383625,3.1184473,1.2735794,5.858409,1.3143866,-1.8899093,-0.029091716,-0.34587133
2.0765433,9.937154,1.2733002,5.9122276,1.3120933,-1.8636091,-0.06258607,-0.24965665
1.224983,9.932711,1.2624078,5.9160385,1.3416126,-1.8892096,-0.0457381,-0.21112868
2.3998013,9.796429,1.265058,5.9583497,1.3302596,-1.9370782,0.049852014,0.009400785
2.7726007,5.5627384,1.2528048,6.089612,1.2949729,-1.9312643,0.026397347,-0.10112852
1.818877,4.50795,1.1918318,6.108946,1.2966394,-1.8924313,-0.030729473,-0.32561457
0.8780999,4.9923625,1.185523,6.185239,1.2909253,-1.9163086,0.035383224,-0.22442049
0.9533392,6.579342,1.178201,6.1876197,1.3132265,-1.9407401,-0.022576153,-0.27416775
1.4279569,2.8323576,1.2089489,6.201089,1.2700536,-1.8971634,-0.026469707,-0.44067264
1.5293714,9.318124,1.2036426,6.2687483,1.271416,-1.9131694,-0.041078568,0.073363364
1.3514252,5.472698,1.1693609,6.097016,1.293705,-1.9241917,0.025264502,-0.24096751
1.2881472,9.22163,1.2820654,5.903496,1.316791,-1.9200081,0.09123552,-0.18292522
1.1549851,3.4859533,1.3426259,5.908947,1.3194869,-1.963875,0.046005726,-0.027414858
1.8519349,4.2704544,1.4002757,5.7764254,1.2837896,-1.9727092,0.16715789,0.030767202
2.5440464,2.6736934,1.4855523,5.7410464,1.2868872,-1.9819858,0.27518535,0.15931779
2.4046266,3.1759105,1.4861708,5.660597,1.2567437,-1.9658109,0.3431146,0.22044659
2.6375797,7.0682106,1.5003409,5.747525,1.2923505,-1.9235464,0.29399168,0.44355714
2.749916,7.756652,1.4623911,5.739025,1.2919829,-1.96225,0.51155925,0.4395222
0.96225643,6.472494,1.4606748,5.7348943,1.2574494,-1.9485581,0.6927333,0.2760191
0.8654101,4.8017645,1.5076239,5.7257123,1.2632515,-1.8865403,0.6021137,0.41471267
0.77779365,8.064077,1.5123737,5.718133,1.2752452,-1.8707776,1.6499395,0.4910344
0.72658646,8.245811,1.5139551,5.7162995,1.3123884,-1.9026381,1.6839108,0.56758547
0.67453253,9.235645,1.5059395,5.8011065,1.317483,-1.8857208,1.473753,0.55042434
0.6258262,8.0900755,1.5578268,5.751623,1.2939517,-1.9514292,1.3259218,0.3354938
0.6538582,8.261236,1.5632086,5.611243,1.3247573,-1.9527309,0.3986827,0.10425991
0.5386512,7.596722,1.5758708,5.581109,1.3382585,-2.007237,0.45629907,0.17028815
0.5302267,7.131792,1.5522745,5.5671654,1.3878176,-2.006557,0.6437422,0.3142568
0.5241963,8.641249,1.5910773,5.5827074,1.421099,-2.0439396,0.5341134,0.14693236
0.51396006,8.151279,1.5672264,5.5718937,1.4317229,-2.0861192,0.660468,0.2959625
0.5359808,7.7438607,1.5271521,5.548852,1.4220681,-2.07674,0.4573213,0.25920516
0.5123946,7.0668106,1.4920213,5.573365,1.4268467,-2.071557,0.116084576,0.037451208
0.6697139,6.225212,1.5089693,5.448093,1.4195621,-2.0733147,0.1392864,-0.24195176
0.6515307,6.2118044,1.5070105,5.4571705,1.4310825,-2.0830438,-0.034470618,-0.34741837
0.6937811,4.667645,1.5114684,5.358915,1.4419947,-2.080974,0.03779769,-0.31721628
1.3810697,4.316536,1.514123,5.3824806,1.422982,-2.1162949,0.089669466,-0.11444676
1.9298474,5.817687,1.4953027,5.4528074,1.4170644,-2.0560179,0.21905243,-0.14385176
2.3485494,3.754897,1.4323997,5.5950804,1.4389293,-2.0715575,0.12231934,0.067175806
2.2152314,6.470085,1.3690777,5.602511,1.4145114,-1.9851125,0.18640888,0.088198304
1.9484285,3.574493,1.3561106,5.6293793,1.3850017,-1.9853888,0.038669586,-0.23777533
0.6697547,4.2460403,1.3940797,5.6567025,1.4043012,-2.028772,0.049452662,-0.33559978
2.0998993,3.8738022,1.4068584,5.5795355,1.3930669,-2.0546842,0.14108837,-0.03590709
1.3085288,4.019492,1.400269,5.533388,1.4034402,-2.030569,0.15158045,-0.041831374
1.384206,4.742529,1.4178686,5.5939016,1.410434,-2.0573237,0.20697641,-0.012438327
1.4448432,3.9742458,1.4559145,5.5938463,1.4008255,-2.082125,0.08861911,-0.26855618
0.92572165,4.4510803,1.4579196,5.5427322,1.3985207,-2.0836773,0.052515984,-0.30035225
0.9149303,2.4587111,1.4174402,5.5064507,1.4175668,-2.023902,0.25699937,-0.054865867
2.3466187,2.2280128,1.4105384,5.5139656,1.4384515,-2.0182834,-0.05287546,-0.21219036
2.4836838,9.586662,1.3910575,5.657149,1.4634581,-2.02162,-0.16394031,-0.40859866
2.1114464,8.011324,1.3836806,5.637331,1.4406385,-2.048657,-0.21630639,-0.38928932
2.7923992,6.966406,1.3727903,5.6384845,1.455518,-2.050449,-0.0014624596,-0.4854896
1.4858121,8.193346,1.391716,5.6487226,1.4710722,-2.1163244,-0.13915104,-0.2239711
1.3713055,9.404545,1.320364,5.6135807,1.4692397,-2.0811872,0.22909129,0.054555655
1.4754868,9.002541,1.3456745,5.6585436,1.4729962,-2.0652907,0.20319569,0.10115415
2.718231,9.506714,1.4255242,5.681939,1.4187412,-2.0522451,0.14056659,0.023847103
2.1506763,9.743048,1.4374368,5.651674,1.413389,-2.0986624,0.14057899,-0.08609444
1.6853995,8.890579,1.4184444,5.6384125,1.4360781,-2.0820997,0.13717484,-0.05640441
1.0280752,4.322241,1.3916216,5.6089573,1.441164,-2.1276765,0.008592129,-0.21837026
1.1890156,7.734805,1.3849852,5.6487036,1.4348114,-2.0855544,0.21928954,0.074320674
1.780303,9.95629,1.3858774,5.625904,1.4510784,-2.0647604,0.2598455,-0.052229464
0.8587961,2.3921957,1.3749471,5.565315,1.4384735,-2.0999713,0.21861732,0.0036057234
2.768564,3.298191,1.3840067,5.565735,1.4439456,-2.095104,0.1941638,-0.06084478
0.75021255,4.931108,1.4142444,5.5897064,1.4454429,-2.059936,0.5909784,0.25658405
0.6648402,5.3419886,1.405865,5.507181,1.4623013,-2.0700998,0.3746674,0.12016219
1.7936257,5.439245,1.399066,5.544807,1.419492,-2.08072,0.15955365,-0.23109698
0.9195863,5.8846445,1.391551,5.594119,1.4245584,-2.0992355,0.2687788,0.22034091
1.9776628,6.9367433,1.4440558,5.5217304,1.4213688,-2.056366,0.1402179,-0.31990692
2.0996742,7.7231135,1.4495292,5.427567,1.3971465,-1.9974959,0.058938146,-0.19445473
1.7353694,3.3075752,1.423624,5.4043007,1.4176345,-1.9933152,-0.041350603,-0.27332598
1.3738987,3.041359,1.4270763,5.4840746,1.4410038,-2.0769417,0.15130615,-0.26501358
1.2555943,3.6386714,1.4234848,5.4815607,1.4208412,-2.039557,0.0036741495,-0.3434163
2.504777,9.7930565,1.492598,5.479128,1.4202981,-2.0617366,0.00023174286,-0.33414185
2.513071,9.771822,1.4758279,5.516224,1.4242294,-2.05168,0.0079962015,-0.3048458
2.1565363,7.48498,1.472388,5.453494,1.4257314,-2.0572217,0.03430152,-0.37956142
2.271238,8.243044,1.5102134,5.344593,1.4259348,-2.061256,0.06263971,-0.16061082
1.7472568,4.382189,1.5128975,5.3086767,1.391638,-2.0263615,0.11084795,-0.40020323
1.9384589,4.197644,1.5049801,5.3301287,1.4222527,-2.0216014,0.08535373,-0.19276184
2.3778653,6.446699,1.5178452,5.408785,1.4039719,-2.075984,0.099829674,-0.08986366
2.2060692,3.3634326,1.5273805,5.4219,1.3879042,-2.0518367,0.09804857,-0.05403796
1.9677037,4.826314,1.5047853,5.414273,1.3867967,-2.0082517,0.16189837,0.00045192242
2.4312568,4.3541923,1.5245974,5.407731,1.3776486,-2.0158978,0.25384927,0.273569
2.3377228,3.9024816,1.539784,5.3827214,1.3957305,-2.0351255,0.4871596,0.22069103
0.9588879,2.5963569,1.5019238,5.4637465,1.3761766,-2.0056267,0.42051232,0.33077574
1.1279612,7.1141467,1.4418452,5.427355,1.3787181,-1.9904777,0.4294895,-0.06528777
2.6340108,7.134436,1.5221639,5.484651,1.3225098,-1.9343419,0.3090937,-0.034294248
2.5965712,4.8242025,1.5278292,5.482429,1.338578,-1.9411712,-0.045469582,-0.34624118
1.9989595,6.883038,1.462076,5.5353827,1.3417251,-1.9703914,0.33836806,-0.15531668
0.8438443,4.593889,1.493372,5.562638,1.3460522,-2.006997,0.19799018,-0.13224602
1.6789545,3.6448567,1.5532982,5.5593033,1.3236189,-2.0684745,0.23700774,-0.08850402
2.9160094,4.589703,1.5386662,5.4372187,1.3138788,-1.9101509,0.20645976,0.15441608
2.357842,3.1814232,1.5125649,5.493138,1.3095696,-1.9247302,0.39777827,0.19969738
2.4407015,8.3202095,1.5138085,5.5221233,1.3292453,-1.950593,0.43831062,0.290107
1.9483974,5.711631,1.5278635,5.537569,1.2910676,-1.9210589,0.35167253,0.2506103
2.121449,2.3540792,1.5139918,5.4964075,1.2876451,-1.8386972,0.33634102,0.39980048
1.165374,7.188921,1.5071335,5.466369,1.3215902,-1.8658777,0.4117694,0.46448678
1.245488,9.1626,1.5431013,5.454322,1.3209682,-1.8686674,2.492478,0.6002588
1.8904631,9.61388,1.6057334,5.4514246,1.2955816,-1.8745658,1.3663764,0.59920526
1.9769981,5.318739,1.6151986,5.466464,1.3087151,-1.9574183,1.3823693,0.5508833
1.6308273,5.2502575,1.6466348,5.293379,1.3100789,-1.9249605,1.5277398,0.3445384
1.0270923,2.1356826,1.6512318,5.2770834,1.2628791,-1.9220665,1.503437,0.51852727
1.8655729,2.0687811,1.6305504,5.319468,1.2625937,-1.8849647,2.699697,0.62540233
1.1412873,2.1741729,1.6664371,5.2030444,1.2601583,-1.9075321,2.3404548,0.5343647
0.99558103,2.2084715,1.6478713,5.240884,1.2701216,-1.8056101,1.6601729,0.62742317
0.7276146,2.8887618,1.6867588,5.1871552,1.2696002,-1.8793418,2.4295962,0.3881958
0.85307485,7.924115,1.7220259,5.2229357,1.2767756,-1.9608433,0.9438399,0.39996958
2.9717436,8.124879,1.7136452,5.21378,1.2870073,-1.9153371,2.303513,0.5710151
2.78495,8.914164,1.731916,5.1654186,1.2576754,-1.8987443,2.7779958,0.44287336
0.94220877,2.5044382,1.7078505,5.1027465,1.283767,-1.9134325,2.9058006,0.41900468
1.6766953,2.6190593,1.7171748,5.0841417,1.2866712,-1.9324924,2.3531504,0.46821034
0.8940103,2.610363,1.7184262,5.1603622,1.2726886,-1.9048679,2.8566518,0.45361507
1.8072186,5.315168,1.727608,5.0624933,1.3098915,-1.9216952,2.7265172,0.5494374
2.0948882,4.9902964,1.7079635,5.11594,1.3161225,-1.951394,2.711946,0.35774058
1.9268225,4.9911327,1.7123778,5.2302666,1.2919326,-1.9270909,0.7467395,0.5543108
2.403573,5.925226,1.710803,5.1749535,1.2992721,-1.9412286,1.9853041,0.45671844
2.1484716,7.201855,1.7465284,5.2296834,1.2733138,-1.9077494,1.2778242,0.43956935
2.0808384,2.314491,1.7328286,5.243002,1.2400041,-1.8743117,1.2516558,0.52226686
2.2864537,2.9609892,1.7368007,5.234336,1.2521622,-1.8366604,0.8594142,0.61765385
2.0745506,3.1357884,1.7594671,5.0860987,1.3047409,-1.9510852,1.116185,0.45832634
1.9735796,3.956615,1.75107,5.002255,1.2982771,-1.9709961,1.4206836,0.31519508
1.5809852,4.9973774,1.7264462,4.9995074,1.3162787,-1.9495944,2.9573,0.3946002
1.7986213,4.317356,1.7400184,5.122587,1.319565,-1.9148138,2.7677107,0.64774513
2.239025,7.3023343,1.7423089,5.0384226,1.3442347,-2.0334413,2.6262944,0.4578687
2.4919908,3.1133957,1.7692049,4.956736,1.373095,-1.9838731,1.152425,0.45741224
1.8464929,2.8317094,1.773673,4.8943586,1.381345,-2.0276713,1.5470963,0.4879411
2.0175653,3.4691453,1.7889931,4.9012628,1.3594849,-1.9930706,1.6973944,0.5211352
2.055214,3.7834458,1.7400384,4.8984723,1.370462,-2.003975,2.1755574,0.44563985
1.8222029,4.5497303,1.7362361,5.0030913,1.3578789,-1.9999256,1.9263144,0.49601007
1.7003688,5.1613655,1.6706619,5.1385965,1.3115323,-1.9273534,1.8383305,0.49905825
1.1034993,3.8207357,1.6624613,5.2004514,1.3318212,-1.9162989,1.0785544,0.5509782
2.4365242,6.955141,1.6662498,5.213256,1.3247435,-1.9558676,0.8533232,0.48217607
2.050508,6.2129974,1.6544459,5.3103156,1.304874,-1.9405472,0.4239776,0.40822327
1.785394,7.0560617,1.6762028,5.2223873,1.2787807,-1.9901872,0.069154024,-0.12252092
2.5480237,9.61771,1.6743758,5.2426543,1.3333547,-1.9639075,0.2870109,-0.16162866
2.3070598,2.8389456,1.6207061,5.2188506,1.3811584,-2.009633,0.15887356,-0.10377756
2.7091002,7.523096,1.6373134,5.206732,1.3630066,-2.0133283,0.35541594,-0.025428116
1.4690369,8.056955,1.6890199,5.191703,1.3628924,-2.0454178,0.2864846,-0.10885221
1.4743083,4.592965,1.6924052,5.1104813,1.3171096,-1.9790465,0.107183814,-0.33333653
1.3459716,7.462547,1.6852489,5.1015425,1.3010066,-1.9324647,0.084724545,-0.40103632
1.3071241,7.1316495,1.6949096,5.18085,1.2896731,-1.8644512,-0.03754431,-0.44230217
0.8372596,2.9986873,1.6882281,5.1217422,1.2720213,-1.8379891,0.016909242,-0.4225843
0.9566718,2.8734593,1.761148,5.0513363,1.2752717,-1.9331782,-0.019311428,-0.40615487
1.4133949,2.6742485,1.7346747,5.058852,1.2741237,-1.8917646,0.038782716,-0.32415876
2.609401,3.7722125,1.7845168,5.166321,1.2820776,-1.9535804,0.13385606,0.0020537972
2.6266994,5.557408,1.6833816,5.1680694,1.3144286,-1.9307982,0.10651362,-0.14437434
2.3905292,8.158583,1.7116697,5.19534,1.2862809,-1.8979945,0.20366597,-0.16140187
2.4513426,5.3620176,1.7102094,5.130358,1.2962267,-1.8896408,0.031219006,-0.23682135
2.4616625,6.8135114,1.7148325,5.1841083,1.2918108,-1.8994361,0.022338986,-0.21989977
2.7345142,7.3893323,1.7318702,5.1651297,1.2796822,-1.930419,-0.03578955,-0.379392
2.6771898,4.0452547,1.7465086,5.095888,1.2934036,-1.9107454,0.03272021,-0.19083652
1.9208624,3.1815872,1.7564509,5.076437,1.2839181,-1.9380391,0.011020184,-0.07206294
1.6692052,2.993849,1.7604623,5.0861816,1.2933741,-1.931545,0.13772464,0.020523965
2.9499717,3.2863464,1.72259,5.1917233,1.2676268,-1.9545026,0.13530886,-0.07756919
0.6304891,4.868014,1.7723298,5.2095065,1.2644365,-1.9157956,0.2611431,-0.07045698
2.1928954,6.234396,1.7413931,5.157275,1.2562115,-1.9344258,0.26000178,0.099862754
2.7520683,3.021821,1.6867373,5.218275,1.2756453,-1.9495764,0.27902985,0.11076456
2.0259593,9.401937,1.6417933,5.211296,1.3305027,-1.9189901,0.26052153,0.13893205
0.7310327,2.2464294,1.6669393,5.201006,1.3403225,-2.0444288,0.108680725,0.099107504
1.3274531,5.8411064,1.6566865,5.174321,1.344912,-2.0553036,0.40951586,0.1621157
1.200876,8.23107,1.6482582,5.2268925,1.368864,-2.0352151,0.30606115,0.13771957
2.7895427,6.145676,1.6679463,5.2242365,1.3781519,-2.0492172,0.33107054,0.33775926
2.7988858,2.9189048,1.6118855,5.2633123,1.3955507,-1.9790446,0.10865772,0.20369291
2.3868794,2.8231957,1.5771646,5.2553267,1.3869503,-1.9850377,0.13031971,-0.26483202
2.6712897,3.0866954,1.5716262,5.251398,1.3941796,-2.0035608,0.009559751,-0.3251141
2.607325,2.7434072,1.5652828,5.239211,1.4118273,-2.0209737,-0.101327896,-0.44795042
1.918404,8.330374,1.5621328,5.2567434,1.4033208,-2.0084848,-0.19126976,-0.46352008
2.046237,4.572649,1.5408721,5.330536,1.4052162,-2.011768,-0.20061964,-0.36211017
1.3739082,8.979277,1.5261006,5.2976704,1.4026563,-1.9411764,-0.040020287,-0.3964607
1.2114931,8.8799715,1.5413423,5.3009644,1.3593225,-1.9207156,0.030819535,-0.34705132
2.8166785,7.459134,1.5523381,5.3526154,1.3454204,-1.916395,0.07960093,-0.38906765
1.4836053,6.808588,1.5497727,5.365427,1.3586292,-1.9922724,0.015978694,-0.47996953
1.852819,4.720222,1.542963,5.38822,1.3390205,-1.9721774,0.0489105,0.21524298
2.3819127,2.2839837,1.6065435,5.3855968,1.3024313,-1.954811,-0.013423443,-0.47232333
2.3059916,9.781207,1.5927677,5.408137,1.2890401,-1.8957987,0.060038924,-0.21106416
2.4157124,8.643865,1.6155326,5.4030995,1.2743545,-1.892577,0.04369104,-0.23633039
2.5769105,9.720329,1.6008103,5.4279304,1.2776642,-1.8988539,0.06655574,-0.21553695
2.2408056,6.829664,1.6051097,5.425434,1.2979102,-1.9055268,0.105127454,-0.2738022
1.5501589,4.329401,1.5694265,5.38889,1.307481,-1.8836693,-0.112908185,-0.30383426
1.2816149,4.3975058,1.5863438,5.3804865,1.316339,-1.9064521,-0.08232385,-0.48545226
1.9002532,2.6849809,1.5745926,5.3259354,1.3469303,-1.8960475,-0.21987039,-0.39685774
2.642444,9.363873,1.5734859,5.3106194,1.3668144,-1.9160643,0.04988563,-0.39009404
2.2492573,9.731732,1.6046596,5.27884,1.3517191,-1.9379888,0.23534119,-0.1028626
2.2310195,2.0331855,1.6126778,5.230817,1.3462415,-1.9413767,0.047009945,-0.230064
2.1140168,9.612273,1.5476778,5.3484354,1.3584685,-1.9615133,-0.0137319565,-0.27660805
1.4201074,2.2514036,1.4440308,5.4864845,1.4036498,-1.9928343,0.11773336,0.14382994
1.2038679,2.2779362,1.4860039,5.399346,1.349647,-1.9986564,0.38399696,0.01657933
0.8610996,3.9283218,1.4946792,5.5379276,1.3400259,-2.0255318,0.11160517,0.044185042
2.1576698,4.013545,1.4235802,5.5818005,1.3506806,-1.9665114,0.0064874887,-0.12542886
2.7256029,5.326679,1.4172792,5.5001802,1.3981695,-1.9907379,-0.13266796,-0.29609084
1.3232756,4.438296,1.5028527,5.4060707,1.3337889,-1.9317875,0.053645134,-0.22194213
2.476561,4.6885424,1.5676384,5.3086314,1.3391213,-1.9274764,0.05328095,-0.024324238
2.4803104,3.8369074,1.5664542,5.362011,1.3205972,-1.933121,0.14972699,-0.024712443
0.99442995,8.545605,1.5466435,5.3692513,1.3302803,-1.9460143,0.11275673,-0.18511772
2.9780931,8.296885,1.5681593,5.3773255,1.3257592,-1.9280654,0.15597403,-0.111130476
2.957951,7.041377,1.6030426,5.3848944,1.3089404,-1.9186223,0.3501463,0.07051104
2.5036457,3.2858095,1.610996,5.341078,1.2900207,-1.9374996,0.23489213,-0.0078102946
2.0700378,2.403833,1.6136737,5.3916936,1.2534678,-1.8894068,0.060594678,0.036064744
1.8354647,2.322241,1.6171539,5.3030066,1.2844727,-1.8723476,0.29260218,0.22282732
2.7073247,7.020142,1.6536078,5.242227,1.3345704,-1.9500573,0.28388596,0.28794777
2.1857963,8.890242,1.2114239,6.5553675,0.99574447,-1.6421697,0.14671206,-0.07245678
0.8336776,3.3471427,1.2548523,6.4900327,0.96757245,-1.6412784,-0.10824406,-0.29364485
0.7385498,3.4758008,1.290101,6.467088,0.9657607,-1.6517069,0.101794004,-0.32320502
2.8110976,3.995487,1.2492421,6.475997,0.98145795,-1.6485126,0.02509594,-0.06806412
1.5454235,4.164706,1.228118,6.4953213,0.9779718,-1.6424813,0.09575343,-0.06348497
2.4949284,7.777607,1.2055109,6.524248,1.0124993,-1.6309323,0.16063511,0.05231136
1.6057928,5.952319,1.1997786,6.486746,1.0156677,-1.6262494,0.3552724,0.28808427
0.96787214,4.9706182,1.1451013,6.4631367,1.046691,-1.5947695,0.4923061,0.33284605
0.9503112,4.828746,1.1992531,6.5232353,1.05972,-1.6517726,2.7669835,0.55518925
0.91424036,2.7941933,1.2003965,6.5082054,1.0431561,-1.7037649,1.7993007,0.3974346
1.009566,4.0502095,1.1504264,6.457097,1.0418966,-1.6057246,1.670093,0.43265253
1.7687999,6.64325,1.1618452,6.4225507,1.0391245,-1.6020776,2.291906,0.6068319
1.0792122,7.7598667,1.1015773,6.6435328,1.0179684,-1.5741596,0.680889,0.59101677
1.119993,6.69285,1.1251717,6.669118,0.9959369,-1.6083837,1.9061499,0.4781716
0.9785577,2.1518981,1.1388423,6.5115323,1.0538099,-1.6579795,1.8530891,0.48802656
1.8464159,2.1370947,1.178443,6.530837,1.0000255,-1.6553464,0.33371878,0.302737
2.5978773,3.1046224,1.171921,6.5266967,1.0402503,-1.6179285,0.43124902,0.39673495
2.199424,7.7056394,1.215527,6.50371,1.034383,-1.6392286,0.35840154,0.40985143
2.5602515,4.157016,1.2348399,6.4493704,1.0135305,-1.6406342,0.2772616,0.23323345
0.8996009,4.7822056,1.2849524,6.4437814,1.0137882,-1.6708803,0.264606,-0.03538364
0.79255664,8.494884,1.3320332,6.4734197,1.0248849,-1.742365,0.33293462,0.0369156
0.75392926,8.809851,1.3650467,6.462677,1.0026362,-1.6267014,0.31242168,0.038567126
0.75554085,6.2629676,1.3531065,6.449255,1.0014801,-1.6662836,0.365492,0.21539748
0.7435112,4.670233,1.3353231,6.432214,1.0315769,-1.6666437,0.357311,0.28808546
0.61864215,5.9085093,1.3678739,6.4161286,1.0369599,-1.705416,0.4598217,0.046070337
0.6015148,6.5623913,1.3580093,6.3999515,1.088383,-1.7567295,0.6844101,0.21995497
0.59157187,6.488172,1.3676457,6.5356865,1.038728,-1.712688,0.6895188,0.16371262
0.61658156,7.25336,1.341847,6.594301,1.0394557,-1.7352502,0.5659255,0.14062965
0.57351816,8.166968,1.3456035,6.6708517,1.0465188,-1.7202486,0.4951074,0.28458208
0.58969426,7.253781,1.3234198,6.6979427,1.0478725,-1.7092664,0.686092,0.23647422
0.55255866,6.7411947,1.3327742,6.653695,1.0678077,-1.7254219,0.33159125,0.23671943
0.60868603,7.0578685,1.3250995,6.662653,1.057425,-1.7914337,0.416296,0.14594722
0.64710945,9.047654,1.3278396,6.6053405,1.0515473,-1.7026222,0.38038158,0.14713013
0.7199145,8.295191,1.3233972,6.620519,1.0244403,-1.6776735,0.13697004,-0.14831388
0.68979466,8.299761,1.3067822,6.6866894,0.99955773,-1.7031131,0.14859164,-0.14660296
0.6841636,8.225913,1.3081136,6.6783223,1.0141258,-1.7132921,0.2326808,-0.26571554
0.68150353,7.799608,1.2738843,6.670989,0.99929714,-1.6494195,0.23497105,0.106245935
0.7231341,5.8534937,1.2270031,6.706979,0.9980688,-1.683013,0.1657604,0.15784872
0.7048676,6.403603,1.2261453,6.729407,0.9890878,-1.646392,0.31668556,0.20458865
0.7191901,6.75362,1.233716,6.7054963,1.004463,-1.6355028,0.4206307,0.28687835
0.75139344,7.1114793,1.2626495,6.6958294,0.97650814,-1.6454928,0.657532,0.2990347
0.72756165,5.576773,1.2845864,6.621034,0.9730716,-1.5791316,0.3710611,0.3167839
0.76114815,4.788991,1.2080619,6.6445255,0.98184013,-1.5999603,0.348369,0.29723465
0.7548331,5.2416,1.2046032,6.6643133,0.97059536,-1.6147348,0.15684843,0.09394866
0.7752838,5.57792,1.2248776,6.6602564,0.99266934,-1.6575634,0.23298669,-0.037257165
0.90522194,7.837052,1.2433133,6.647142,0.9826064,-1.6603199,0.25481045,0.15347898
1.1405039,5.0270243,1.194051,6.622016,0.99924135,-1.673586,0.40544295,0.37492275
1.0039232,4.9664025,1.1882601,6.645475,1.0012908,-1.6792475,0.5203576,0.4021536
1.7830955,3.2903662,1.1652293,6.660817,0.97352743,-1.6727363,0.5323634,0.3799889
1.4043782,8.948122,1.2329223,6.636677,0.94591737,-1.6233056,0.6984379,0.3815173
1.3575984,8.394218,1.1346631,6.713604,0.9509585,-1.6178532,0.52210057,0.4369365
2.5360115,5.5460405,1.1296198,6.682807,0.9598377,-1.5733695,0.45539486,0.3805052
1.0886847,5.5397396,1.1287954,6.6162515,0.98160696,-1.5680875,0.49229574,0.5118532
1.0560875,6.616036,1.0900676,6.681368,0.98091674,-1.6011318,0.9250859,0.42310745
1.0754669,9.81672,1.1249824,6.7073812,1.0001447,-1.6040202,0.42671514,0.4330538
1.0984418,2.3203478,1.1181307,6.49041,0.9959581,-1.604116,0.2861719,0.3990777
1.1430176,5.520561,1.1219273,6.468518,1.0232763,-1.6302896,0.25006223,0.19759595
1.0548983,7.779097,1.14095,6.533742,1.0554211,-1.7309009,0.2468096,0.36739582
1.1192255,8.571089,1.2309508,6.4804487,1.0497315,-1.7075841,1.2773137,0.49138546
1.0591642,8.364201,1.2474849,6.493193,1.0539191,-1.6644537,2.1897342,0.6409755
0.90588176,5.8939295,1.2047019,6.565045,1.033272,-1.7126403,2.0534172,0.3646047
0.90413356,6.9980946,1.2759097,6.531083,1.0216024,-1.6502951,2.0547013,0.5681491
1.0049578,7.158284,1.2120049,6.456601,1.1002312,-1.6623483,2.0430722,0.5812895
2.8330758,4.8977766,1.15236,6.547992,1.0840316,-1.664053,0.7075845,0.58650947
0.87353027,3.8984308,1.1890931,6.52582,1.0683136,-1.6981517,2.484917,0.54062045
2.9118688,3.0278735,1.1793323,6.498886,1.0907166,-1.7207053,2.5589797,0.5209943
2.727392,9.535599,1.1265547,6.492182,1.1053715,-1.689668,2.533001,0.5308809
0.80656874,3.8021646,1.1622972,6.502816,1.1087341,-1.6811099,1.5757596,0.57534623
0.79694486,7.312729,1.161001,6.51975,1.1703637,-1.8154724,0.52867556,0.2267093
0.9379518,6.068499,1.1291976,6.506293,1.1473849,-1.7817177,0.530462,0.33961487
2.5027828,6.9006805,1.1337919,6.5228977,1.1702013,-1.8176802,0.09292638,0.18887395
1.1026589,6.8341146,1.0773683,6.5053973,1.1663668,-1.7670976,0.10878217,-0.03941965
0.95647544,5.9043674,1.0575132,6.534534,1.1521604,-1.7659105,0.07495046,0.04654485
1.28323,8.589647,1.0499706,6.533071,1.2106035,-1.802879,0.20575929,0.06508446
1.1826847,9.509985,1.0458107,6.523749,1.212362,-1.8110318,0.17462587,-0.12950653
1.2233034,7.8347387,1.0266855,6.478963,1.2075624,-1.8243746,0.19896495,-0.06192565
1.1487197,7.680367,1.0276084,6.475347,1.2023907,-1.8072432,0.2885561,0.30338633
1.8618395,4.9400225,1.0569513,6.4096446,1.1850352,-1.7733696,0.36707938,0.12393421
1.2104397,4.8695154,1.132185,6.452612,1.1589289,-1.772746,0.27037084,0.18145978
0.91492504,2.4700434,1.1529503,6.3673906,1.1607072,-1.7863556,0.1072346,-0.08946794
1.9450521,6.912054,1.2065573,6.429849,1.1344576,-1.7878584,0.11918533,-0.055745423
0.87471384,6.3479347,1.1805792,6.416731,1.1698892,-1.8302598,0.17184126,-0.03273183
0.71014965,7.0549254,1.2429144,6.4472113,1.1554654,-1.8592945,0.24491239,-0.114198655
0.6725816,5.6354904,1.2391987,6.4120464,1.1759748,-1.803969,-0.055921376,-0.11865294
0.6643244,6.711413,1.3025374,6.462535,1.1412575,-1.8116121,-0.14976448,-0.47902504
0.68023515,9.730736,1.286062,6.446873,1.1914523,-1.7663045,-0.1763193,-0.40902293
0.6866525,9.749819,1.2979252,6.4827867,1.1658266,-1.7458043,-0.19190979,-0.38173887
0.7021407,9.448183,1.3332105,6.4298115,1.16481,-1.7205337,-0.27321535,-0.42151067
0.7160436,7.414468,1.3256583,6.401392,1.114054,-1.7397175,-0.07064134,-0.29036984
2.9537709,7.7282376,1.3295512,6.283763,1.1055121,-1.7312981,0.11307895,-0.24709761
2.8722544,6.665603,1.2360928,6.287059,1.1526129,-1.7390952,0.26666784,0.19036603
2.8654485,3.442339,1.2001462,6.2964106,1.1963217,-1.8076602,0.21456528,0.23937958
2.9105182,4.482719,1.22227,6.339081,1.172699,-1.8088034,0.28914857,0.19844007
2.01057,4.7220883,1.1652987,6.344765,1.1719129,-1.8110462,0.34753275,0.27488303
1.8171115,6.557333,1.1350455,6.344062,1.1712713,-1.7489679,0.35566473,0.097341
2.4794748,9.032783,1.134592,6.4016824,1.1959884,-1.7937701,0.2212143,0.19918638
2.4333532,9.033852,1.1240256,6.434322,1.1609344,-1.771595,0.2252171,0.093652785
1.0686989,8.879797,1.1754055,6.309103,1.155448,-1.7727368,0.2520826,0.13463658
2.7711327,9.09509,1.2359872,6.2021236,1.1586125,-1.779021,0.1590476,0.05305022
2.154484,5.477666,1.2381134,6.1895895,1.1374698,-1.745922,0.20283413,0.019183159
2.0312314,7.51518,1.261668,6.243075,1.1303644,-1.7455847,0.3234372,0.18677777
2.6415641,8.192793,1.2479951,6.2453203,1.1288455,-1.7631359,0.21502733,0.07540494
2.5551107,7.84795,1.2465062,6.4096985,1.1022696,-1.7692255,0.22024834,0.3479606
1.4169695,3.899719,1.221456,6.3941746,1.1059272,-1.7650061,0.71824384,0.32643354
1.5790579,5.66064,1.2232015,6.3221226,1.1110427,-1.7714198,0.52112913,0.2983948
1.1508522,9.44565,1.2071774,6.388659,1.150331,-1.750463,0.26342738,0.29415828
1.133539,8.749874,1.1689563,6.381402,1.1423655,-1.7827852,0.43323147,0.08391231
2.7176595,9.440172,1.2140551,6.2814684,1.1485367,-1.7059166,0.3778776,0.25026655
2.4721107,7.9272013,1.2394159,6.3177814,1.1219954,-1.6949807,0.36202157,0.33097386
2.5656104,7.7027054,1.2013862,6.310321,1.1278336,-1.7159332,0.2889154,0.18898523
0.9639997,3.569376,1.218509,6.2960887,1.131278,-1.7467346,0.35403347,0.18437165
0.6481796,5.804269,1.2252684,6.448698,1.1445189,-1.7963057,0.17688322,0.11721945
0.54863715,5.28124,1.2881579,6.4487305,1.1503329,-1.8414779,0.274642,-0.035508573
0.7886472,4.2252674,1.2957261,6.4311543,1.1214988,-1.8367457,0.2664566,0.1648125
0.55513144,4.3583736,1.2900474,6.4381943,1.1538172,-1.8852358,0.2147386,-0.10494262
0.5247094,4.4526043,1.3072939,6.410638,1.1791177,-1.8771131,0.2342478,0.12743932
0.51442426,4.5201015,1.2880514,6.3850136,1.1948712,-1.8894478,0.4684646,0.10503656
0.5276235,5.391057,1.3043361,6.4232464,1.1899874,-1.8788639,0.11764133,0.114369094
0.5276434,4.8164186,1.3270617,6.390134,1.163893,-1.8673813,0.13371849,-0.023887992
0.5440689,3.9787998,1.2713766,6.370927,1.1943452,-1.8770621,0.25060344,-0.12003818
0.63950324,5.382188,1.2593944,6.346878,1.1972604,-1.8483137,0.15563452,0.046566844
0.64210075,5.093116,1.2635224,6.2729783,1.2223563,-1.857698,0.18320286,-0.024837613
0.6662078,5.5597286,1.2520978,6.29883,1.2398331,-1.8716784,0.13241935,0.11123055
0.60106844,4.1373353,1.2458405,6.260794,1.2478428,-1.9127266,0.21560407,0.17502463
0.66652083,8.182401,1.2564836,6.3371935,1.2630713,-1.883846,0.7616252,0.26949477
0.7143828,6.8064356,1.2266064,6.358447,1.2625446,-1.8661363,2.768526,0.47175878
0.7376344,6.3594284,1.2710731,6.3356886,1.2129071,-1.8950053,2.1876965,0.40380633
0.7327452,7.5585675,1.2604825,6.329665,1.2420034,-1.8814197,0.599663,0.40455484
0.7211143,6.269152,1.2670772,6.251635,1.2641876,-1.8927392,1.0429697,0.53124595
0.65994906,6.473816,1.2870526,6.22945,1.266788,-1.8812338,2.4768617,0.534397
0.6420175,5.261745,1.309937,6.201851,1.2499306,-1.8709543,2.2982638,0.57648957
2.4478617,6.8919907,1.3101945,6.3271866,1.1761119,-1.8990752,2.2089932,0.4706304
0.9064393,6.844647,1.2342949,6.412862,1.1770914,-1.9024982,0.9326185,0.39913744
0.7426037,6.7392993,1.155664,6.5425487,1.18887,-1.7649616,0.49640203,0.37553114
0.8032985,9.002452,1.1001849,6.690319,1.1890018,-1.8016183,0.67089593,0.44141626
0.75437045,5.1753073,1.1106446,6.598947,1.210079,-1.8136758,1.8235722,0.40264034
0.83644736,5.2312717,1.0943885,6.5370812,1.2090185,-1.8534881,1.757134,0.44437337
0.96544015,9.573338,1.1090972,6.5807076,1.1822009,-1.8107958,1.7474849,0.65071297
0.90719575,9.2999,1.1161776,6.6022406,1.1822224,-1.842957,0.68004143,0.33017278
0.65231574,6.97543,1.1527827,6.6404076,1.1907737,-1.8034099,1.1236641,0.47789353
0.6198695,7.2078004,1.1760149,6.715601,1.1739461,-1.8667536,2.257613,0.44455898
0.61889505,7.586531,1.149128,6.698038,1.2019482,-1.8429246,1.09248,0.5776056
0.59548986,5.7702236,1.1373563,6.671732,1.1992021,-1.80474,1.0093305,0.39295065
0.6039533,6.572811,1.1367941,6.6555076,1.1948841,-1.7809572,0.80829024,0.41632092
0.59879214,6.0006127,1.145227,6.6738167,1.1830027,-1.7836121,0.58371854,0.32819766
0.8388808,2.4483454,1.0342581,6.5224714,1.2064636,-1.7935474,0.16500366,0.32360983
0.9472051,3.0819335,0.9997065,6.6578293,1.1978779,-1.8556057,0.8325273,0.37487543
1.0064731,6.5978975,1.0426702,6.6280756,1.1901958,-1.8179288,0.51071954,0.35596478
1.4471664,2.847934,1.0439422,6.6273813,1.1478934,-1.8224597,0.37588012,0.31897962
1.6707573,9.669969,1.0468323,6.664079,1.1573694,-1.7909086,0.286924,0.0031808019
2.4195027,7.8090725,0.98876536,6.608411,1.1856356,-1.7972026,0.46044075,0.34244275
1.1450841,5.4462214,0.99635696,6.585163,1.1904757,-1.7778693,0.5637368,0.3540535
1.132313,8.59275,1.0561626,6.559527,1.1927023,-1.7847257,0.15843642,0.24780542
0.9943297,9.832708,1.0964155,6.5285378,1.1557035,-1.7656312,-0.039408207,-0.26305073
0.93055856,9.038662,1.0943112,6.5926714,1.1767545,-1.7491368,-0.009786665,-0.22813118
0.9131202,7.972509,1.1102405,6.4955873,1.17593,-1.7357543,-0.08661711,-0.36590338
0.8966329,2.599847,1.0991879,6.467618,1.1457381,-1.7355807,-0.35130477,-0.49208313
2.0564883,2.6698442,1.0975463,6.486504,1.1714101,-1.735816,-0.25235397,-0.35497153
2.3014927,3.1947894,1.1808109,6.440655,1.1709893,-1.7972747,-0.26226342,-0.47449458
2.1247706,2.8141406,1.1702149,6.2880487,1.1825345,-1.8279872,-0.12914813,-0.4067256
0.9141587,7.638214,1.2130694,6.4218826,1.168181,-1.8182421,-0.007951796,-0.38106018
0.8608955,7.8829136,1.1708171,6.4021416,1.1628306,-1.7905002,0.024891019,-0.24683577
0.81622314,6.9731226,1.157289,6.480322,1.1542289,-1.7658901,0.030528426,-0.3065474
0.95633847,8.891603,1.1431234,6.4958634,1.1498682,-1.7746117,-0.02247858,-0.17900786
1.1923056,6.596863,1.1023314,6.513777,1.15256,-1.790803,-0.0105855465,-0.18456203
0.8700737,6.6840596,1.1160324,6.51889,1.1616833,-1.7867041,-0.011106789,0.008233488
0.9849752,5.3658094,1.1379371,6.4602976,1.1546862,-1.8020245,-0.046438336,-0.39402783
0.9328402,7.398778,1.146487,6.500895,1.1339498,-1.763623,-0.089111805,-0.36887413
2.5134892,8.01907,1.1691897,6.4554253,1.1262646,-1.7290416,0.051059604,-0.454493
1.6858449,5.568844,1.1772707,6.475806,1.0875313,-1.7307403,-0.038386643,-0.45305923
2.7539737,7.067973,1.1878424,6.445085,1.0987413,-1.7570777,-0.033882618,-0.31324583
1.295459,7.4103208,1.236594,6.4274673,1.1025591,-1.7691388,0.07665169,-0.30144435
1.1486921,5.475567,1.2101421,6.489888,1.0626986,-1.7123618,0.09302747,-0.2569024
0.7705038,4.8833494,1.198422,6.506918,1.0726397,-1.6945665,0.021003842,-0.08993715
0.68859136,8.213915,1.2205672,6.716458,1.0351088,-1.6299646,-0.045045555,-0.13864917
0.70743966,7.06147,1.231488,6.699482,1.01356,-1.7187625,0.1244477,-0.103547424
0.77461237,8.129826,1.2302744,6.6721697,1.023123,-1.7018381,0.12692606,-0.06361577
0.7569523,7.823097,1.2418196,6.6329103,1.0286117,-1.680563,0.18337274,0.062313378
0.8040194,8.213753,1.2329781,6.623294,1.022337,-1.6362628,0.27792668,-0.04631895
0.8092387,9.71559,1.3402019,6.6256914,0.9759526,-1.6520941,0.11885798,-0.044868708
0.8433142,7.4131627,1.3332691,6.6286283,0.96097136,-1.6266651,0.4724871,0.2225008
0.72046125,6.0121965,1.3150108,6.6778812,1.0126712,-1.7280248,0.09329128,-0.09064919
0.69659424,5.1471853,1.353219,6.577897,0.9497614,-1.6163611,0.10131204,0.10707176
0.86520517,5.7864084,1.4039934,6.4779587,0.9431441,-1.6459174,0.19477761,0.24460107
0.94662225,6.5158424,1.3930016,6.4146757,0.94264126,-1.5988052,0.03199923,-0.0008317232
0.9494103,5.7682586,1.3561678,6.394904,0.9583204,-1.6261952,0.11229658,-0.36721522
1.0359322,6.8853736,1.2905931,6.520411,0.96896744,-1.6487944,-0.019131303,-0.10319656
1.010972,7.1382966,1.213135,6.517159,0.96228194,-1.5782934,-0.008607268,-0.18487978
0.93540275,7.7701535,1.2044129,6.6373286,0.95029974,-1.5760248,0.07287693,-0.21500456
0.90134907,4.8971977,1.2311871,6.634238,0.9355006,-1.6005493,0.030370235,-0.121064395
0.777767,4.603492,1.2474449,6.656801,0.9338131,-1.5903635,0.062247634,-0.07408762
0.8423382,5.09857,1.2386146,6.6442385,0.92329836,-1.5844092,0.12776017,-0.1847781
0.8585953,8.021112,1.239305,6.681667,0.9005761,-1.5588255,0.14377487,-0.090629876
2.8096657,5.551175,1.2379928,6.5865116,0.89987946,-1.5708895,0.20496213,-0.115905255
2.9469304,6.8049755,1.2260914,6.5756564,0.92051196,-1.5743706,0.031300545,-0.123931885
2.6390445,7.4067354,1.2118521,6.580916,0.96794486,-1.5736247,0.088392615,0.022516847
2.181394,5.506713,1.160078,6.5574975,0.9775665,-1.5666149,0.08004856,-0.15344045
2.1673005,6.3205724,1.18543,6.5781174,0.9503572,-1.5542067,0.04699397,-0.20267487
1.8571508,5.716964,1.1969702,6.494615,1.012979,-1.5819184,0.26513505,0.01633668
0.9330963,5.0802393,1.2696371,6.5082774,0.9840603,-1.6434811,0.18912613,0.14832151
1.6421978,8.636671,1.1593454,7.0352335,0.61857224,-1.2476616,1.7163563,0.46918386
1.8794059,5.940521,1.1232355,7.162574,0.6074157,-1.203326,0.7899052,0.33898997
1.3107481,2.5732164,0.99951434,7.250032,0.62009764,-1.3188064,0.42954588,0.36180544
0.60048956,2.6162522,0.99839544,7.356156,0.69667935,-1.2894099,0.8198823,0.43682462
0.57775503,2.5482297,1.0871854,7.2866907,0.70453286,-1.3511875,0.35308158,0.004998386
1.635175,2.5215516,1.0586324,7.101056,0.707917,-1.306328,0.21880913,0.0020910501
2.3595366,9.873606,1.0529647,7.0656443,0.68944955,-1.3292305,0.1283822,-0.10540694
1.4176385,9.197126,0.9819646,7.149339,0.6880698,-1.2923522,0.1528151,-0.023408473
1.5280102,2.5160465,1.0144968,7.1469636,0.6767404,-1.3205578,0.0569942,-0.055632442
1.7670319,9.03467,1.0600381,7.125346,0.6819446,-1.3386953,0.021674037,-0.052239895
2.8351982,8.709818,1.06654,7.088627,0.7006042,-1.3163205,-0.024999022,-0.21754122
2.4455588,5.4153395,1.0352278,7.1158524,0.6639812,-1.293019,0.0038172007,-0.12598217
1.1783936,2.7946749,1.0687377,7.0686426,0.67648506,-1.300277,0.025211811,-0.108319074
1.1094508,2.3985329,1.0945811,7.072393,0.6777494,-1.3695233,0.4259807,-0.020599663
0.8490794,4.845479,1.1565723,7.0797076,0.6881149,-1.386962,0.4047308,0.17968625
0.77237964,4.904585,1.1606717,7.113193,0.67698145,-1.2748847,0.2689792,0.21810979
0.8820325,4.6989126,1.1635618,7.217299,0.6321094,-1.330276,0.17806172,0.04125434
0.85337317,4.4689546,1.1491144,7.2026963,0.62637544,-1.2808266,-0.006516397,-0.20147663
0.86496544,4.8299227,1.2206783,7.1465755,0.61268353,-1.2512301,0.21251082,-0.11425412
0.94921744,4.4579964,1.2229295,7.066582,0.6236553,-1.2797067,0.15853417,-0.22224641
0.9001875,5.5916786,1.2292459,7.089488,0.6473501,-1.279057,0.17024565,0.11994356
0.86522293,5.256216,1.2880814,7.0634975,0.6419604,-1.2837205,1.0343618,0.4903558
0.960066,5.0555544,1.2926273,6.9956255,0.62944794,-1.2818338,0.69189394,0.43417925
1.599438,4.401792,1.3419995,6.9976325,0.5859115,-1.2608807,0.88107884,0.2275573
2.8062928,7.537975,1.3709328,6.9535236,0.5895655,-1.2886345,0.9337568,0.6054615
0.7455976,2.6052394,1.2935076,6.9256444,0.6596134,-1.3518302,2.7785766,0.4321766
0.8962976,2.9750853,1.2802298,6.9225044,0.656827,-1.2999805,1.499726,0.5771239
2.6691182,4.0385466,1.2586105,6.9129896,0.702054,-1.3675025,2.95557,0.63305986
2.6995325,4.5633936,1.2634258,6.8758435,0.71656394,-1.3504239,2.9414334,0.3386351
2.864409,5.5760393,1.2339683,6.8551865,0.7471795,-1.3471267,2.8827147,0.60105085
2.5907834,9.313652,1.1370182,6.8983536,0.7623446,-1.3730645,0.96563065,0.6263237
1.2570808,3.3198533,1.0703182,6.9628067,0.7635176,-1.3941904,1.283525,0.5244404
2.369508,9.755911,1.1812844,6.987873,0.7596059,-1.3898324,0.5397527,0.5213789
1.3313665,5.4448686,1.0533311,7.1265635,0.7612803,-1.3995395,1.0741415,0.5538639
1.025932,6.561242,1.027015,7.147127,0.78697586,-1.412694,2.8511686,0.5859852
0.9665201,5.198242,0.99413085,7.2271943,0.79287124,-1.4329587,2.4154634,0.58288705
0.99280405,8.780994,0.9823266,7.267906,0.82012725,-1.4279907,2.610255,0.6473075
0.9410622,8.067734,0.99494016,7.233935,0.8216555,-1.4406755,1.4560461,0.6293832
0.8018733,4.5267363,1.0627005,7.187038,0.78257537,-1.4311126,0.7505839,0.40730816
1.3035455,7.324857,1.0603209,7.1359115,0.77424955,-1.4408966,0.67746985,0.24504721
1.4994648,7.6205034,0.9760866,7.098971,0.7829182,-1.4227164,0.19221449,0.09331524
1.3787434,8.509298,1.0454638,7.0542684,0.7806163,-1.3928466,0.3956548,0.19860566
1.405299,4.7024345,1.0581594,7.025608,0.79132557,-1.4432735,0.20118105,0.1411196
1.2865655,5.4211316,1.0743413,7.024261,0.7540951,-1.4294231,0.3510815,0.12522942
1.3749906,4.657393,1.0756116,6.9634695,0.7632811,-1.4170723,0.2945453,0.18249655
2.2911935,4.0704756,1.1263855,6.9800253,0.77751184,-1.4568868,0.3075025,0.13527203
2.0168443,3.6854846,1.1066828,6.8892117,0.78686213,-1.4303501,0.19762075,-0.014301777
1.2338344,2.7858198,1.1592402,6.865932,0.7902682,-1.4408016,0.09385347,-0.08416164
2.3073502,3.8860545,1.1426597,6.8617415,0.78282666,-1.4010768,0.06546557,-0.013683587
1.7404286,4.5155964,1.1373992,6.8710356,0.7777593,-1.4109904,0.16162539,0.043804646
2.5645623,7.7342267,1.1346493,6.9044533,0.7786319,-1.4092484,0.07140601,-0.13220644
2.276764,4.0484576,1.1095762,6.930232,0.777581,-1.4111062,0.08142257,-0.002904892
2.0042095,8.0145855,1.1348076,6.922079,0.75790906,-1.4416711,0.10191274,-0.08111018
2.537643,7.8525968,1.0462184,6.92439,0.7852733,-1.432523,0.2207135,0.028440595
1.9059587,7.5653653,0.9905336,6.942032,0.80985475,-1.4152029,0.12172198,0.17546451
2.2039635,6.255306,0.95255566,7.0045996,0.79157805,-1.3939666,0.0773021,-0.19007134
2.2129898,3.8309517,1.1490893,6.8945346,0.7677479,-1.3647394,0.010727763,0.047386408
2.135067,4.2999325,1.1038613,6.9074173,0.78225684,-1.3885636,0.011740804,-0.25980642
2.1310534,5.8307114,1.1007063,6.949008,0.76814604,-1.4057539,0.0036975145,-0.2525473
2.485437,4.0144386,1.0678439,6.921667,0.761688,-1.3659443,0.04521358,0.026963174
2.2743108,2.434269,1.0182629,6.947959,0.71347094,-1.2704918,-0.067692935,0.17501849
1.9324616,5.736271,0.960207,7.0092077,0.726629,-1.303299,0.12924361,0.25719
1.5899626,2.4578342,0.9754865,7.090089,0.67607164,-1.2864801,0.19309402,0.20462799
1.3129746,8.607397,0.9726131,7.1581116,0.7036159,-1.3413802,0.101459265,0.12118405
1.5015869,9.599699,0.95150757,7.1733713,0.7119162,-1.3557918,0.081600666,-0.23775792
1.60301,2.3727822,0.9120743,7.1546097,0.70665526,-1.3080802,-0.017837822,-0.39154905
1.097089,5.8470745,0.91951644,7.168561,0.7274704,-1.2905133,-0.23856401,-0.42053938
1.1571765,4.3939004,0.9106233,7.094136,0.7325866,-1.287559,-0.150419,-0.39542365
1.947158,3.9906406,0.93214214,7.007248,0.7581098,-1.295817,-0.2220645,-0.39277864
1.6679082,4.002811,1.0525331,7.0294805,0.7575278,-1.3460121,-0.27322567,-0.45582888
1.4350052,4.023778,1.0096691,7.0154147,0.7467532,-1.2913824,-0.31076854,-0.4681834
1.4122459,5.1773024,1.0070052,7.0003643,0.75476646,-1.2910628,-0.16114706,-0.4912983
2.8153682,5.1440763,1.0170879,7.0999937,0.76990557,-1.3920925,-0.07674909,-0.3519981
1.3906001,4.9908495,1.0250227,7.1083813,0.77522564,-1.4129257,-0.1422723,-0.47469625
2.0122137,4.742494,1.0646377,7.1243515,0.75278807,-1.422981,-0.23135537,-0.44948876
1.7810408,4.8694725,0.98394597,7.2090445,0.77477884,-1.3767023,-0.27274132,-0.45765662
2.1034439,9.767242,1.0066452,6.995461,0.79194784,-1.4167826,0.06392503,-0.4834473
2.0973306,2.2902303,1.0683286,6.95825,0.79647017,-1.4475358,0.013011932,-0.1422627
1.2883283,2.8304052,1.007963,7.042571,0.7851229,-1.4701989,0.10260439,-0.2305049
1.9883835,6.42474,1.041192,7.0603724,0.8218453,-1.4978154,0.18511689,-0.062680185
1.615294,4.4862423,1.0303183,6.9384017,0.83608556,-1.4892815,0.092668176,0.01916331
1.2612246,3.638482,1.1267197,6.828951,0.8432243,-1.4952346,0.17992413,0.0720005
1.3588612,4.718733,1.1588159,6.7671165,0.8800545,-1.4995769,2.027575,0.38763893
1.7769852,4.0739512,1.1567097,6.725412,0.88546395,-1.519976,1.1214943,0.55722594
1.3297825,5.094813,1.1441023,6.7290335,0.89234114,-1.5095783,1.7033987,0.4518479
1.1038868,6.8041954,1.2125268,6.78335,0.8644295,-1.4991989,0.9575795,0.4767077
1.2288253,5.73007,1.1124856,6.935523,0.92367387,-1.6313221,1.1247301,0.54471767
1.1169308,5.0508647,1.1068447,6.886278,0.916317,-1.5270777,2.8225317,0.5370662
0.83916473,4.5423517,1.1091652,6.8425922,0.9258096,-1.5170498,1.587234,0.50103927
0.7346129,4.003807,1.1093099,6.8442583,0.9156668,-1.5357739,2.1753469,0.4761665
1.0476404,3.123787,1.1404724,6.7110357,0.8834963,-1.5417173,1.8142765,0.503621
0.9772533,3.2781045,1.137537,6.7288027,0.91182804,-1.513027,2.4906743,0.5247202
1.1286408,8.772148,1.1720717,6.7734203,0.9026425,-1.5121311,2.6695473,0.5409789
1.0220265,9.172142,1.2071414,6.7321186,0.8972223,-1.4670264,2.445224,0.48414183
0.82560587,3.316361,1.0298138,7.025421,0.89457464,-1.4874291,1.6571319,0.51263094
0.8847059,3.2397695,0.98372245,7.1052837,0.88841414,-1.5382215,2.0635438,0.52170503
0.9292924,2.2903872,0.9561188,7.1440187,0.8578119,-1.4799995,2.018808,0.58276117
1.0095656,4.304238,0.94028175,7.072585,0.8834858,-1.5307957,1.5300627,0.51462877
1.0818491,2.2107246,1.0550437,6.878272,0.9124346,-1.5330328,2.2415485,0.57562506
0.82139564,2.436893,1.0489697,6.861426,0.9044781,-1.4709859,1.9337368,0.58311653
1.215673,2.2108097,1.0574272,6.828477,0.88882804,-1.492708,1.1193361,0.6062155
1.3932523,9.417326,1.0394142,6.955143,0.8485627,-1.4898195,2.2811916,0.4801811
1.4325548,9.713742,1.0392141,6.9628153,0.8575778,-1.4515704,0.8395163,0.54649246
1.1965039,2.3066971,1.1277881,6.9214745,0.84550714,-1.4921991,2.5841212,0.5806618
0.8424454,2.6250796,1.0646858,6.946701,0.856719,-1.489943,1.4760954,0.5477276
0.8280491,2.2464705,1.0723739,6.8657837,0.84033775,-1.4728886,2.3317785,0.5236392
2.5830698,8.387752,1.1099429,6.866727,0.8914907,-1.5245321,0.80078316,0.34715343
1.1395042,9.380766,1.2330081,6.7675495,0.870785,-1.5522275,0.820971,0.35730064
1.2302969,7.6488624,1.2065556,6.632789,0.8981278,-1.5065005,0.42247236,0.26941788
1.371279,8.655474,1.1561542,6.636769,0.92415595,-1.5577462,0.4542415,0.3709432
1.6274226,7.1360517,1.1516805,6.6459303,0.92902064,-1.5470699,0.5236647,0.39075136
2.0070767,9.4012785,1.170788,6.6635466,0.93908477,-1.5563112,0.46311867,0.2298572
1.3906838,9.721977,1.135093,6.6355114,0.9371865,-1.5732851,0.26613617,0.22838819
2.9165344,6.752649,1.1544919,6.6715493,0.91777015,-1.574506,0.16136539,0.030571401
1.1096728,6.69024,1.19117,6.6198273,0.91628456,-1.558197,0.11716986,-0.032877654
1.1890578,4.8512487,1.2450538,6.5832324,0.9324622,-1.5986147,0.15526378,-0.17093968
2.0903428,6.647528,1.2787344,6.5400147,0.9186721,-1.5255276,0.22647011,-0.24726015
2.3206472,5.339813,1.2453892,6.545537,0.9048407,-1.5833082,0.85732365,0.41745263
1.3505969,4.811224,1.271163,6.61928,0.9218979,-1.5881,0.7859504,0.41235864
1.3414772,4.765625,1.2864044,6.637267,0.9059305,-1.5708858,0.59098005,0.37671077
0.9457786,3.7369952,1.3816168,6.463132,0.8953543,-1.5743475,0.21556151,0.089499414
1.9259993,5.0616207,1.3401315,6.4698353,0.8793814,-1.4788967,0.39517093,0.17517745
2.8109004,4.491641,1.333216,6.4587135,0.8637607,-1.5003682,0.31310058,0.28920007
1.7127895,9.713918,1.3819008,6.443763,0.92013645,-1.558466,0.11482775,-0.053604543
2.8591912,4.5575686,1.3300707,6.3910313,0.913187,-1.5478302,0.12640905,0.002229929
2.5835438,6.4962196,1.317522,6.416505,0.94226,-1.5776633,0.15754938,-0.083788276
1.3067489,3.5701952,1.2777262,6.374385,0.99470496,-1.5947325,0.031964302,-0.141051
2.6905754,7.3866243,1.2849884,6.41194,0.9522145,-1.5940666,-0.0069693923,-0.19676435
1.884155,8.565505,1.2331665,6.4450865,0.9616077,-1.5389371,0.0074136257,-0.11977497
2.1172051,6.2806892,1.2275896,6.470298,0.98441243,-1.5611271,-0.081231296,-0.30122113
2.2216544,7.2548437,1.2571392,6.517229,0.9849901,-1.6467446,-0.0057200193,-0.1724813
1.8288274,7.5629153,1.2164083,6.5061903,0.98264074,-1.5899919,-0.0436396,-0.43609792
1.8016348,4.218286,1.2186317,6.497171,0.955055,-1.5617018,-0.14682704,-0.44729695
2.3124247,7.1447597,1.2686915,6.459408,0.9477527,-1.519889,-0.09264946,-0.36157024
2.4936056,5.547123,1.2333179,6.5263724,0.94668984,-1.5011675,-0.13572991,-0.35883564
0.98044986,3.2821472,1.1774287,6.542557,0.9446132,-1.59605,-0.120489836,-0.4201403
2.76057,3.55185,1.29654,6.462747,0.93464565,-1.5528042,-0.004732251,-0.31149834
2.0637476,3.3451495,1.309488,6.4308887,0.932883,-1.5695462,0.038369775,0.091314375
2.1978958,7.2243376,1.3146467,6.5060635,0.9290707,-1.5964816,0.3460418,0.24669087
1.9519669,7.6750493,1.387346,6.3660173,0.9411731,-1.6144085,0.4762057,0.24329674
1.8829072,5.834386,1.3637605,6.3181667,0.96199656,-1.5708063,0.48135674,0.35257393
2.083389,9.087055,1.3684697,6.308386,0.9494786,-1.5683712,0.5264298,0.3280691
2.5216517,4.4278846,1.3671727,6.3673344,0.96013594,-1.5525439,0.4368726,0.16484654
2.687235,9.682613,1.3947229,6.28903,0.9621706,-1.6353443,0.35353124,0.17128754
2.6595101,9.52109,1.3900926,6.2304173,0.9773569,-1.5495694,0.4637965,0.24549836
2.6136518,3.8201356,1.3989697,6.1496453,1.005554,-1.6010029,0.9890287,0.45265698
2.7351565,2.8210897,1.4301188,6.111291,1.0070755,-1.6212939,0.4175173,0.13421822
2.3179464,9.613888,1.435118,6.057255,1.0402105,-1.6408087,0.14854527,0.19309407
2.9826994,6.137222,1.4293056,6.111956,1.0436025,-1.6836848,0.42128265,0.26869178
1.1382923,6.7712383,1.4374709,6.0674596,1.0506964,-1.699523,0.18834007,0.24855578
1.5359874,3.1695874,1.4536636,6.1078725,1.0526402,-1.6785903,0.22125506,0.36138582
2.6538439,2.2358117,1.4453328,6.1270185,1.0002503,-1.589635,0.27862787,0.14173979
2.7718794,8.0367565,1.4360156,6.0920916,1.020297,-1.5833383,0.48022628,0.32896996
2.6300454,5.644191,1.4209287,6.047409,0.9945309,-1.5700089,0.42742598,0.11998069
2.619099,5.36585,1.3919625,6.1287336,1.0111475,-1.5785117,0.0059347153,-0.03989142
2.5074291,4.7555933,1.3596277,6.221245,1.0070372,-1.5935761,0.2990055,0.013625264
1.423186,5.046423,1.4345727,6.2234974,0.98496485,-1.691493,0.25067186,0.027363658
2.017807,5.200631,1.4625387,6.200775,0.994575,-1.6827888,0.27191782,0.1444478
1.078501,6.8828125,1.443357,6.206573,0.97677517,-1.6955487,0.17653322,-0.12564969
2.5908167,6.698303,1.4389529,6.2322264,0.96619296,-1.6001067,0.25869834,0.14225113
2.4858193,7.4002857,1.4185374,6.230037,0.98050165,-1.6179891,0.13266695,0.021193564
2.5827363,8.042888,1.4145098,6.2468476,0.97962976,-1.5790519,0.14611709,-0.0808073
2.5237083,9.313381,1.4576256,6.163241,0.9652035,-1.6761243,0.5725987,0.31139898
2.4811385,6.7643085,1.430121,6.2669177,0.956794,-1.5380223,0.7026031,0.47239387
2.2653599,5.5697584,1.3880439,6.2283487,0.9411514,-1.5053911,0.7801168,0.4143442
2.5117764,5.591957,1.457582,6.255993,0.91980624,-1.5719825,0.7499895,0.42485058
1.0439677,3.116465,1.46282,6.21615,0.9180491,-1.5724998,1.4943957,0.3991804
2.3673987,2.2856967,1.4618163,6.1998954,0.914783,-1.5692577,0.5228535,0.2500639
2.3298132,2.201878,1.463793,6.23784,0.9462557,-1.569417,0.38809323,0.31136608
2.4532335,9.989893,1.4661403,6.1852117,0.94239306,-1.5789208,0.36639965,0.14316034
1.2093496,7.656161,1.4377706,6.2227297,0.9358082,-1.5788879,0.40180612,0.30226934
1.5181413,2.6622133,1.4342198,6.237587,0.9226155,-1.5996761,0.5336267,0.25345206
2.6961713,7.3585114,1.4638355,6.2161665,0.90353227,-1.5726889,0.4831338,0.38509983
2.640905,4.059968,1.5414186,6.176669,0.85874915,-1.558713,0.53897727,0.038587093
1.990484,8.814412,1.5330343,6.1260214,0.90767264,-1.5543808,0.22929275,0.041337073
2.4681177,7.693198,1.5342858,6.0748987,0.9208739,-1.5276563,0.1781025,-0.18582061
2.2583594,8.581095,1.5466509,6.134328,0.92812467,-1.5502005,-0.05135691,-0.21914274
1.1612027,6.500769,1.5519395,6.0449066,0.925915,-1.5383999,0.05977881,-0.41845676
2.1638985,6.394392,1.5974171,6.0211983,0.92071915,-1.5621861,0.22251725,-0.2318086
2.6424115,5.825631,1.5842767,5.9730983,0.93136835,-1.5316525,0.5514295,0.4086082
1.7962711,7.460382,1.5587816,6.0151234,0.9258168,-1.5178921,0.6547724,0.40760136
2.2767615,5.819749,1.592592,6.023396,0.9144795,-1.5645957,1.796195,0.4967842
1.6119125,4.9492674,1.6108506,6.048456,0.89323616,-1.5464238,2.1085002,0.48026788
1.9359711,4.30807,1.5077758,6.235953,0.8463733,-1.5149822,2.5456116,0.5450052
1.351075,5.5066147,1.533515,6.3321056,0.8123057,-1.4923735,2.4547205,0.4508481
1.2840991,5.197029,1.5269649,6.3561144,0.81478643,-1.4836566,1.1438293,0.5025641
1.3650244,4.6851287,1.5509322,6.328055,0.79026556,-1.4331923,2.7765105,0.47407842
2.4886503,7.6168504,1.5190275,6.34358,0.78794193,-1.4249464,2.5785096,0.4827255
2.6974084,6.65736,1.561749,6.265709,0.7895701,-1.3762268,0.646137,0.26474303
2.2935917,2.4604745,1.5367041,6.3678164,0.7711401,-1.4460801,0.13564444,0.11077905
1.2298198,2.417576,1.5159433,6.3722143,0.7348087,-1.4385626,0.14553106,-0.099966764
1.9400922,2.6705854,1.5524261,6.4288487,0.6840315,-1.3906657,0.1435417,0.0675261
2.186244,6.4583225,1.5767405,6.476763,0.64282393,-1.3314718,0.17202449,-0.10153568
2.6800659,7.302525,1.5903034,6.4212995,0.6510637,-1.262609,0.13484359,-0.1233927
1.5143298,6.4316173,1.5382905,6.481863,0.652256,-1.3486445,0.19046986,-0.022939324
1.7212689,2.2280014,1.483834,6.5505323,0.6936815,-1.3456483,0.22881734,-0.08498502
2.3796945,2.0852013,1.5031557,6.434871,0.70499444,-1.3670633,0.25702715,0.22593379
1.7464461,8.947693,1.5084898,6.395873,0.7136998,-1.3196372,0.43909144,0.2273047
2.0221858,2.3483067,1.4859939,6.4629927,0.7130492,-1.3211949,0.44395864,0.1391275
1.7505062,7.1667933,1.4959991,6.4098487,0.7074423,-1.3572898,0.5507144,0.11644161
1.5648043,6.81882,1.8236413,4.7269588,1.4251039,-2.010809,1.6096356,0.3803162
1.9486192,5.2971497,1.791039,4.625462,1.4517438,-2.0390878,2.3615158,0.46066558
1.5067353,5.058812,1.7928972,4.6711025,1.4727006,-2.1028924,2.4747186,0.6233078
1.829806,7.4319797,1.7825813,4.664949,1.4955564,-2.0925117,1.6817753,0.44020355
1.8964993,2.6408033,1.7888043,4.6646733,1.5231552,-2.0986714,0.8161763,0.57962966
1.5622557,6.3176312,1.7557654,4.780972,1.4843152,-2.067985,1.0998645,0.4570974
2.3126202,3.5110855,1.7360554,4.7189846,1.5109382,-2.117704,1.9203312,0.50066733
2.8966277,6.275376,1.7085748,4.76149,1.5330796,-2.1032593,1.5804713,0.52940345
1.3135027,4.721202,1.686774,4.847707,1.507724,-2.136982,1.4402149,0.5289959
2.1843224,4.3006744,1.7273962,4.807576,1.5145133,-2.1504097,1.2033093,0.47886825
1.4497821,4.4333677,1.6496739,4.8630247,1.5021384,-2.1661005,2.1752534,0.44670618
1.429992,2.8895907,1.6473911,4.9573693,1.5069773,-2.1813164,2.7662208,0.60651267
1.6934943,2.7699404,1.6450906,4.9529305,1.5191779,-2.1857767,2.490538,0.39098835
2.126634,2.0725796,1.6492476,5.004771,1.5008259,-2.1553035,2.7082186,0.5690533
1.8672107,2.7487383,1.578938,5.2280173,1.416774,-2.093371,2.8630672,0.47605324
0.83204067,5.399179,1.6037617,5.198449,1.4177637,-2.063771,2.9778192,0.61256695
2.334417,3.3033495,1.5913966,5.220167,1.4247386,-2.0337803,2.9870777,0.54538214
2.0770745,3.6407118,1.5705485,5.2435217,1.4343581,-2.0628486,2.9494793,0.51328087
2.7446475,3.5974588,1.5816536,5.2569084,1.4128532,-2.0639684,2.560763,0.46386158
2.823408,4.8540926,1.5428777,5.2623153,1.4345174,-2.068707,2.7300348,0.53992414
1.3876302,4.4987764,1.5752134,5.246808,1.3831866,-1.9541812,2.8386264,0.49891526
2.7853816,2.9312859,1.593957,5.2140627,1.4074972,-1.9908595,2.7915173,0.52630806
2.5160184,7.137302,1.5572891,5.2183127,1.4211195,-1.973913,1.1663973,0.5474702
2.4040775,5.472233,1.5767736,5.2389812,1.4393637,-2.035515,1.0821292,0.6215764
2.6472752,6.3076005,1.4970379,5.3080025,1.4346054,-1.9715991,0.9076195,0.57357585
2.6108391,6.3501935,1.5242851,5.220683,1.4341202,-1.9810869,1.2348609,0.48419154
2.8159957,6.523888,1.537082,5.3165784,1.4401162,-2.023943,1.6191883,0.5473372
2.6075604,3.2135005,1.5686774,5.286764,1.4174554,-2.007258,1.9815772,0.55510926
0.9157622,9.248324,1.565726,5.2880564,1.43578,-2.017378,2.1572714,0.6255046
0.990391,9.930316,1.5839009,5.233988,1.4260406,-2.0267968,2.2883053,0.6019089
2.6151824,2.0474923,1.619437,5.2724757,1.4047017,-2.013624,2.2692804,0.5054687
0.8823663,2.1614163,1.6296268,5.212762,1.3577008,-2.008892,2.576588,0.40991598
2.1534982,6.1697454,1.6353407,5.197464,1.3585129,-1.9865762,2.334934,0.59501886
1.2159232,3.6355221,1.6368885,5.1343803,1.3784075,-1.9677534,1.4068024,0.56337035
2.831872,7.8655124,1.6567457,5.243408,1.3757355,-1.9771509,0.98363435,0.6309531
2.7605772,2.1756637,1.660238,5.249702,1.3862507,-2.00912,0.5744145,0.5682988
1.0527132,4.2605596,1.648426,5.316431,1.3533518,-2.0769207,1.8084846,0.58397245
2.4094594,4.4146633,1.613982,5.543819,1.3072748,-1.969701,0.29596472,0.37129438
1.9957358,3.6848168,1.7248192,5.3078413,1.2527194,-1.8681897,0.17501903,0.27996302
2.9762197,3.8019576,1.7573943,5.2743773,1.2357783,-1.8824685,0.28827524,0.1525945
0.58140194,5.1674404,1.8069663,5.2922883,1.2313194,-1.8568132,0.5670028,-0.031342
2.3846426,2.537764,1.7605686,5.3186474,1.228065,-1.87876,0.08887577,0.02150178
2.2971358,3.747765,1.7329216,5.313017,1.2456136,-1.9004682,0.035459757,0.26295936
2.4722364,2.8032641,1.7252393,5.2758913,1.2646697,-1.9853581,-0.05652964,-0.29409844
2.9949496,6.786356,1.7250874,5.304269,1.2668066,-1.9781182,0.22276545,-0.28360048
2.9554322,9.446009,1.7426984,5.179659,1.2839317,-1.8964736,0.27528477,-0.18189535
2.889688,9.254219,1.7480311,5.1519794,1.2998908,-1.8781558,0.40649927,0.47741342
1.2761263,9.79314,1.7353828,5.1505585,1.2890594,-1.9070735,0.6025988,0.13058174
2.6879988,9.814217,1.7910631,5.083516,1.2666876,-1.9326358,0.30365407,-0.0043397546
1.9947977,9.879904,1.7905328,5.060236,1.2887261,-1.9225416,-0.03212762,-0.25427252
2.8864214,4.8788595,1.7572327,4.997879,1.3222947,-1.9500828,-0.015771031,-0.44974387
0.86048305,3.0311594,1.764308,4.996282,1.3254163,-2.0247355,0.100903034,-0.4452898
0.7500148,6.170665,1.7828746,4.9830537,1.348881,-1.9996598,0.08372867,-0.3000328
2.3992457,4.919305,1.7559521,4.9102545,1.3489044,-1.9516263,0.026861072,-0.25240627
1.9579343,3.163854,1.767709,4.9180593,1.3410668,-1.9807055,0.11775851,-0.21566364
1.8877327,7.466994,1.7660279,4.864837,1.3617263,-1.9600215,0.14051211,-0.16948736
2.7176378,7.3322783,1.7850988,4.889104,1.3514283,-1.9941413,0.19246054,-0.1442836
2.7229698,7.088366,1.7452569,4.9875984,1.351383,-1.9392568,0.18440855,-0.095802665
2.1226737,4.8656387,1.7342508,4.992421,1.3700287,-2.0246105,0.13526964,-0.16727471
1.8518667,7.637115,1.7188048,5.015815,1.3906617,-2.0463083,0.656685,-0.004058957
2.000821,5.0413084,1.7170801,5.0028276,1.402745,-1.9891243,0.47070384,0.28603905
2.3049698,3.5235863,1.7300658,5.0309877,1.3403099,-1.9120572,0.5066658,0.30230486
2.0175967,2.7334886,1.7227678,5.0417404,1.3121376,-1.9284704,0.560889,0.38368684
2.4098673,2.1447506,1.726099,5.1859326,1.293479,-1.9359193,1.0325577,0.36578685
2.3271246,2.8731863,1.7234273,5.1209583,1.279356,-1.9058638,0.9989358,0.4825095
1.8888676,3.994928,1.7269609,5.1551237,1.251096,-1.8685409,1.3068702,0.50325
2.7765832,4.9985623,1.7333074,5.176606,1.2401602,-1.8133209,1.2157679,0.56149673
1.1625977,4.2597294,1.7403588,5.2134366,1.2425385,-1.8540313,1.0741951,0.5943203
2.2641149,2.805728,1.7765446,5.1671057,1.2383308,-1.8381674,1.1109524,0.5642084
2.044283,2.8903685,1.7996788,5.198369,1.2124648,-1.8099605,0.2983588,0.38661695
2.5711093,2.3998787,1.7870204,5.21819,1.1848488,-1.804641,0.22424245,0.18099862
2.7805884,6.412213,1.7565708,5.330265,1.2059476,-1.8653915,0.2387507,-0.07158399
2.9029217,8.318279,1.7576003,5.321218,1.1821926,-1.8445998,0.2240274,-0.17565984
2.1435924,8.316376,1.7610991,5.372964,1.1838732,-1.8717421,0.18178499,-0.2790798
2.5705483,7.645609,1.7279675,5.3740816,1.1285744,-1.770855,0.37951303,0.17563343
2.6572514,4.9565306,1.7128642,5.409619,1.1413825,-1.7358227,0.4408195,-0.08710921
2.3090277,2.8794742,1.7125282,5.3676033,1.1612079,-1.7139982,-0.080818534,-0.40815586
1.3441291,3.6507752,1.6620495,5.4949417,1.1132686,-1.7170101,-0.13349813,-0.46420208
2.106689,2.8451319,1.687813,5.508698,1.1043103,-1.710421,-0.15854096,-0.49523303
1.8014494,2.8590846,1.7109971,5.3900576,1.1253479,-1.7838466,0.20249665,-0.26683688
1.6356487,6.934383,1.702785,5.411105,1.1329513,-1.773887,0.07291591,-0.058323383
2.5482805,2.946914,1.6916099,5.440627,1.1879354,-1.8615397,-0.13192266,-0.44827956
2.3825338,2.0937078,1.6353583,5.475032,1.2063549,-1.8301909,-0.10561681,-0.48719507
1.5598841,3.8991525,1.6055317,5.499412,1.2006135,-1.8247302,-0.0769285,-0.47298208
2.2482352,7.137974,1.5971975,5.510543,1.1988304,-1.7918332,0.13473499,-0.22019064
2.3881779,6.7108884,1.6421902,5.444809,1.1619592,-1.777848,0.14131474,-0.21828678
2.325842,7.3740053,1.6351507,5.6037416,1.15131,-1.7740183,0.056353807,-0.2373161
2.9080741,3.9775743,1.6249568,5.609421,1.1681445,-1.8287325,0.06548846,-0.09315169
1.6601272,3.5241957,1.6285281,5.5537844,1.1705704,-1.820126,0.22661972,-0.03053984
1.4102522,2.264326,1.5612087,5.5745893,1.2128649,-1.858107,-0.12826705,-0.060281336
0.6691009,4.1294036,1.5571301,5.58944,1.2120416,-1.797833,-0.11320716,-0.49731126
2.4670103,5.639658,1.607734,5.5708847,1.2177758,-1.8576221,-0.23590636,-0.40785474
2.7231002,3.1344917,1.5657256,5.450568,1.252259,-1.8526537,-0.036602974,-0.3854372
1.8366144,3.8929014,1.5601811,5.5030527,1.2641058,-1.8618453,-0.0073898435,-0.011962861
2.1092985,4.0950775,1.5556834,5.4733834,1.251312,-1.8598919,0.2897954,0.28130364
2.354815,6.8249526,1.531414,5.536401,1.2561018,-1.8327492,0.41301787,0.20263082
0.81032664,5.195385,1.5714667,5.604942,1.2228854,-1.914968,0.32129896,0.16706318
2.5561616,4.9454713,1.5766721,5.4319863,1.2889144,-1.8641963,0.16275394,0.16303033
0.8630239,7.2681484,1.5608106,5.4918737,1.2960076,-1.9390187,0.30908585,-0.106090665
0.9633732,2.7411795,1.5245686,5.5309834,1.2648256,-1.9214078,0.1335131,-0.049722493
1.2587955,4.672325,1.5552564,5.5269947,1.2402816,-1.8717604,0.13191462,-0.04693368
2.8525927,5.8296824,1.5710702,5.622118,1.2355568,-1.9231613,0.2226696,0.18511498
1.074379,7.1016936,1.5682893,5.572567,1.2225511,-1.857137,0.10172868,-0.40987313
2.0020864,6.055107,1.5899935,5.491284,1.1985688,-1.8488076,0.19201541,-0.4336607
1.3778585,5.1537914,1.6122761,5.577311,1.179991,-1.8560085,0.2182262,-0.29740897
1.2949497,3.9091578,1.6370702,5.5702662,1.1564698,-1.8253138,0.1406331,-0.24711502
1.2865129,4.658572,1.6296825,5.4431953,1.1702864,-1.8404975,0.1989249,-0.28873187
2.5227628,6.944606,1.6071935,5.4360414,1.2250574,-1.8708508,0.18795693,0.029821575
0.9670732,6.6748614,1.6112859,5.4890795,1.2442648,-1.9527359,0.45813835,0.043580115
1.0511904,6.714163,1.5955162,5.4183807,1.2843587,-1.9485244,0.33203983,0.11485368
0.94030225,6.4365287,1.559,5.4047966,1.3139274,-1.9409698,0.20846987,0.038627803
2.8515608,5.100914,1.5654802,5.3756194,1.3109944,-1.9356005,0.11523986,0.044933975
1.146968,4.2010636,1.5417309,5.4773808,1.3405819,-2.0253477,0.056662798,-0.09061095
1.8604519,7.4967947,1.5391281,5.4838486,1.3435953,-2.0957732,0.24693716,0.05207175
1.1593131,2.3582492,1.5300672,5.3939342,1.3925872,-2.112509,0.21369338,-0.108341634
1.6111836,3.0269334,1.4849615,5.4808435,1.402453,-2.0694704,1.9914441,0.37625754
1.8166922,4.5179358,1.4422398,5.5057993,1.4130895,-2.0265446,0.17125595,-0.110856265
2.940752,2.968101,1.4578624,5.501327,1.4064133,-2.0207024,0.3215345,0.10128248
2.9528286,9.401337,1.4556007,5.552347,1.4192309,-2.1147935,0.26579988,0.042576432
2.5776567,9.291203,1.444027,5.5754414,1.4379022,-2.0623174,0.13035095,0.1168586
0.7221894,6.2078204,1.4129629,5.5451145,1.4193659,-2.0703316,0.12851846,-0.242618
2.4984536,6.4279885,1.3856349,5.567509,1.4508197,-2.0972528,0.115882754,-0.1665405
2.4297922,7.8585978,1.3797038,5.6667466,1.4255736,-2.0224576,0.10462093,-0.064015746
2.024638,3.0216165,1.3248734,5.652259,1.4326155,-2.0308757,0.037530184,-0.14652032
2.549768,9.725361,1.3576307,5.7563534,1.4297981,-2.017661,0.033231854,-0.14992052
1.7104855,8.89985,1.2615795,5.8032484,1.45611,-2.0312262,0.02193129,-0.20015147
2.8467321,6.5051475,1.2902231,5.836283,1.4622123,-2.1008987,0.090307236,0.006155014
1.1427345,4.572999,1.2524583,5.828809,1.4786022,-2.1213834,0.04299438,0.08770704
0.8998704,4.286792,1.245534,5.7623105,1.5019193,-2.0955293,0.39883697,0.4362067
1.1327697,4.1009583,1.2375481,5.766138,1.5142634,-2.0818892,0.6565931,0.43362814
0.9817514,9.602625,1.2622709,5.7773333,1.5353997,-2.1240826,1.9889262,0.57940114
1.0174494,5.264443,1.2654788,5.801796,1.4657943,-2.1552582,0.6691086,0.35807246
0.8483796,7.578422,1.266489,5.781538,1.5406952,-2.1562424,0.70550287,0.23639786
1.3788729,6.388972,1.2996178,5.6413784,1.564296,-2.1668181,0.90536726,0.4453215
0.8738081,7.546553,1.2838721,5.6338253,1.5672126,-2.1889095,1.4638498,0.5200386
0.83365846,7.717636,1.2972963,5.7390523,1.5615418,-2.1988873,2.3777547,0.6023153
0.82431704,7.8408484,1.2953846,5.749436,1.5443425,-2.1738214,0.52541876,0.44526005
1.0655961,9.044196,1.2844009,5.725432,1.5460179,-2.146979,2.515992,0.44727004
0.8620068,9.543087,1.3194823,5.6114445,1.5444312,-2.148159,2.7707438,0.30256432
0.85326856,3.8539066,1.3367009,5.6778016,1.4756799,-2.080701,0.4958943,0.38792992
1.5779749,8.542316,1.3293428,5.6347356,1.4702172,-2.0627878,0.7152983,0.33639312
2.3109677,8.756202,1.3157086,5.673258,1.4941494,-2.0517905,2.2131648,0.57251596
2.1820395,5.898612,1.3178372,5.7140684,1.4968247,-2.0923028,0.7324457,0.56427956
1.7548504,6.6587653,1.2909997,5.7168636,1.4798276,-2.0821528,1.3773744,0.4259504
0.9821994,6.481236,1.2731376,5.7244115,1.4777534,-2.0773633,1.4456918,0.6172993
1.4391959,4.440913,1.2895479,5.703624,1.4672675,-2.0443027,1.8798506,0.39528644
2.4253056,3.3817854,1.2718382,5.716152,1.4872453,-2.0562086,1.4573948,0.55996263
1.0278045,4.103548,1.2973394,5.772117,1.4796445,-2.092435,0.8304392,0.5486877
1.4680421,5.332402,1.2499757,5.8119955,1.4967971,-2.0896034,1.8533564,0.5196593
0.98076564,7.426773,1.240298,5.7016535,1.5355558,-2.160102,2.2555351,0.4555686
1.0764165,8.061032,1.2729886,5.756808,1.5233672,-2.1597278,2.4442573,0.4442079
0.921057,7.345973,1.2734666,5.7895875,1.5047295,-2.1608284,2.9725635,0.6200391
0.9302757,4.777918,1.2405486,5.738124,1.5291812,-2.094774,2.9255798,0.62551236
2.4344678,4.790364,1.2754521,5.68195,1.483805,-2.0363486,0.98071706,0.47200304
1.3043721,2.3146763,1.3088317,5.6909285,1.4939122,-2.0872726,1.2500162,0.5161693
0.893684,2.9885578,1.2869349,5.651407,1.5153918,-2.1501307,1.4655933,0.5268793
1.1426024,6.6921616,1.3470721,5.6371994,1.4976456,-2.1905456,2.3505535,0.54052544
1.0493916,8.439634,1.2960885,5.6995177,1.5234361,-2.1432362,1.9629152,0.49982792
1.1482935,4.154849,1.2741258,5.7234125,1.4943659,-2.1401772,2.0648153,0.48314023
0.86506474,5.1942115,1.2816489,5.7366943,1.5129304,-2.119768,1.1110122,0.42774194
1.1887609,4.9495063,1.2980585,5.66069,1.4970863,-2.0979466,1.4368176,0.59512997
1.0026722,4.239494,1.2940216,5.6876154,1.5176048,-2.0916524,1.4485538,0.6125026
1.7221622,5.8228207,1.3109848,5.6872187,1.4997804,-2.1157856,0.96910715,0.5041009
1.6345892,9.062279,1.3066192,5.664174,1.4977086,-2.0618968,0.7224219,0.5199517
0.7972171,6.725551,1.3150134,5.648023,1.4729648,-2.0750341,0.41514814,0.33476514
2.5661888,5.483383,1.3809195,5.604971,1.4483209,-2.0444386,0.56079733,0.23124272
1.0910141,4.136515,1.4128466,5.5397854,1.4471943,-2.105463,1.0450652,0.41300976
1.3370829,4.0644217,1.3979156,5.564703,1.4703588,-2.0323868,0.881487,0.49194527
1.2238936,4.4609904,1.3924751,5.4178987,1.4698045,-2.0308232,1.4451354,0.5548103
1.4154828,8.753643,1.4041653,5.485173,1.4695504,-1.9751127,1.2481198,0.5589969
1.6634951,4.0985155,1.4120302,5.5228806,1.4150171,-1.9996436,1.8115246,0.47914058
1.6949162,4.384879,1.4377229,5.5235233,1.3850029,-2.0597382,1.4964662,0.45838308
1.636119,4.4320765,1.4383264,5.511736,1.3911061,-1.9925017,1.5041628,0.48477536
1.3415618,7.9078445,1.465822,5.488923,1.3774953,-2.0314574,2.9309564,0.58728135
0.97768104,8.978833,1.5058537,5.4505973,1.3768752,-2.0281005,0.72005117,0.5293243
2.8423738,9.66437,1.4934585,5.4350123,1.4238818,-2.0561485,2.3535578,0.40571618
2.9312549,5.7016244,1.4716971,5.437315,1.4493599,-2.0943613,2.5667398,0.5778798
2.5813212,2.6940217,1.4773715,5.4362173,1.45911,-2.0906005,2.7186422,0.39616197
2.2596533,8.159325,1.4751954,5.4068003,1.4423332,-2.0381002,1.7883205,0.4091034
1.2060785,3.750929,1.482585,5.416952,1.4236219,-2.1010094,2.834176,0.42345077
1.102606,7.6308527,1.490668,5.4974446,1.4048061,-1.9841442,1.7160549,0.50707483
1.3546494,6.679641,1.5147018,5.4633374,1.3995204,-2.0926049,2.1690853,0.5845636
1.1922319,8.241035,1.485127,5.455261,1.4028475,-2.0011473,1.9839118,0.56398845
1.223986,4.9742136,1.5272813,5.4070263,1.37079,-1.987114,2.3696375,0.5573509
2.750045,4.9754257,1.4659555,5.4495745,1.3807256,-2.0049753,2.1261892,0.5085237
2.1435373,3.7293494,1.5156252,5.4500394,1.3735487,-2.0276794,2.445652,0.5271356
1.7665759,4.741788,1.5177526,5.4577656,1.3847818,-2.0262628,0.6531067,0.54403543
1.7290837,5.8029213,1.491514,5.4785233,1.3825991,-2.0262783,2.6094768,0.5445392
1.455511,2.450697,1.494781,5.4883337,1.383867,-2.0594904,2.7424145,0.34336287
1.5632232,2.8326838,1.489218,5.5228395,1.3995676,-2.0808234,0.6159924,0.3940611
0.9885932,8.96294,1.4748526,5.5150595,1.4113381,-2.0778673,1.0539517,0.29526746
1.6891185,8.742509,1.4686475,5.48355,1.4190822,-2.0601292,0.77683675,0.41937423
1.978241,5.4092226,1.4467893,5.4696302,1.4111056,-1.9746039,0.9963237,0.346092
2.2536893,3.8816693,1.4602406,5.4011574,1.4028966,-2.0163713,0.33797896,0.0020400286
1.7969627,4.7155666,1.5202038,5.4252462,1.3491313,-1.9932971,0.43176544,0.27131283
1.6490977,4.8899775,1.5484045,5.362011,1.3558805,-1.9774439,0.51508486,0.33641267
0.9664179,5.243291,1.519197,5.414263,1.3658652,-1.9731675,2.054544,0.4932263
1.9317881,6.7188115,1.458256,5.631296,1.3690913,-1.9581847,1.8802128,0.46602798
1.1455351,4.273919,1.5271466,5.5390587,1.3395267,-1.9937885,2.0673363,0.5730324
1.6633976,4.39404,1.48722,5.4556227,1.36323,-2.0133457,1.2200298,0.63204527
