1.0868752,3.0849357,0.5346663,7.0992756,0.41396213,-0.94328976,1.0854266,0.6783197
0.943472,2.5964637,0.52913094,7.173697,0.39125848,-1.0053475,1.5033967,0.6048242
1.1805298,2.5679133,0.38850188,7.1629,0.39206696,-0.88569593,0.47207975,0.5812746
1.1499946,3.1562884,0.46139526,7.284108,0.35835147,-0.9828291,0.45960748,0.36849332
1.1540486,3.1697054,0.5428343,7.287417,0.3403213,-0.9502487,0.27209127,0.36922157
1.3340802,3.8687172,0.49183035,7.1047425,0.38162446,-0.9752989,0.37417102,0.35617685
1.3013214,3.5112443,0.46457076,7.2040224,0.40059805,-0.9761176,0.33077765,0.39682996
1.8714764,3.2811694,0.51578355,7.0714035,0.3307371,-0.9371457,0.97351015,0.36024326
1.3861356,3.5816224,0.50961566,7.1324444,0.30595994,-0.8700886,1.4580207,0.58184695
1.3789659,2.4018188,0.6031077,7.0294204,0.3030734,-0.8458996,1.4984577,0.55003667
1.6818334,3.3886647,0.6317065,7.1395345,0.26976395,-0.84714985,1.1836257,0.5234121
1.032579,2.9438443,0.6469972,7.1073785,0.27395678,-0.8547342,0.9321344,0.5748714
1.5559479,2.76898,0.75169706,7.235737,0.216573,-0.8656094,1.1859057,0.44494092
1.9729013,3.038804,0.5048094,6.9753456,0.32452345,-0.89608383,1.041513,0.5108658
1.6959999,3.5659814,0.6571785,6.9818335,0.3307047,-0.90216875,0.5232047,0.4430877
1.4937704,2.2001958,0.86552906,6.8679147,0.32815123,-0.9091885,0.5276265,0.45070887
1.450797,2.083642,0.86376166,6.8828225,0.32736564,-0.9728303,0.33874297,0.33597755
1.6456075,2.1214674,0.76384306,6.904664,0.34318924,-0.96728945,0.35262823,0.39497602
1.3445013,2.3842022,0.6860254,6.9681377,0.34544706,-0.9568243,0.40534377,0.10332924
1.2161283,3.19769,0.65085363,7.1066008,0.37178278,-0.9598315,0.07876027,0.10753882
0.9590261,3.2148123,0.6866871,7.1430035,0.3645239,-0.9600711,0.32465088,0.3761577
1.0369155,2.3227286,0.6595862,7.1242194,0.32888913,-0.9321103,0.6257194,0.49342906
0.9254332,2.7737193,0.72594965,7.2048903,0.32710862,-0.98758745,0.6654208,0.49686897
0.69207305,2.5180569,0.7642405,7.2240157,0.33005095,-0.9901476,0.32029068,0.14532912
0.6638229,2.1267369,0.7271068,7.230543,0.36200833,-0.9778192,0.35659206,0.42507887
0.79673773,2.216807,0.5641365,7.2028575,0.36680675,-0.9760456,0.6726922,0.54312503
0.7641151,2.378819,0.5314276,7.283756,0.38154364,-0.9522486,0.62262106,0.42188442
0.70114535,2.0194209,0.47142196,7.2429667,0.40118313,-0.9918809,0.43801498,0.4524505
0.6635786,2.0167613,0.4992311,7.2900133,0.45902038,-0.981096,0.72455263,0.51404464
0.6302271,2.0397902,0.51814103,7.2885904,0.42675853,-0.9742007,0.30751908,0.27437305
0.62492466,2.260308,0.60267746,7.3470807,0.39165068,-1.0407553,0.12985253,-0.18694112
0.60215276,2.0167236,0.5704849,7.3547425,0.39421368,-1.006242,0.105294585,-0.08917731
0.61239594,2.3593702,0.553957,7.308034,0.39729047,-1.011426,0.14176261,-0.05800271
0.62254894,2.5220711,0.6408987,7.336854,0.3736515,-1.0092462,0.16388178,0.039239585
0.63466316,2.9518425,0.627529,7.4006233,0.40194416,-1.0342431,0.07044077,-0.09601778
0.6242126,3.095202,0.59153533,7.440356,0.39835906,-0.991889,-0.008995533,-0.13434184
0.6995168,3.1563134,0.4788525,7.472607,0.46531796,-1.0854032,0.10473955,0.11476576
0.6866362,2.8861659,0.43551648,7.470092,0.45867085,-1.0807968,0.16434622,-0.03420019
0.6214212,2.6468465,0.49476337,7.5276017,0.4456184,-1.099118,0.27418983,0.15154874
0.6352364,2.6833322,0.46794963,7.534396,0.44663262,-1.0610578,0.17865133,0.14334333
0.6724676,3.5228333,0.4255178,7.559615,0.44372034,-1.0334401,0.18416047,0.39890194
0.72995377,3.5231614,0.42666793,7.608813,0.449373,-1.0777991,1.6178138,0.66488993
0.6440986,3.5739942,0.40186524,7.65072,0.4509585,-1.0536759,2.0775282,0.6078644
0.64188457,3.722146,0.42239094,7.6372843,0.4850421,-1.0830631,0.45544863,0.49263656
0.6174645,3.5740378,0.4038067,7.5842996,0.49717999,-1.0429742,0.75774634,0.59632874
0.68918043,3.0014303,0.46016276,7.428853,0.48504663,-1.0358875,0.8952706,0.63976586
0.57888687,3.1606562,0.66151404,7.3924108,0.50464296,-1.1187749,1.1790874,0.5863211
0.60271513,2.9305887,0.6576419,7.390994,0.49606395,-1.1163745,1.2715564,0.39040422
0.62527627,2.9810035,0.6497749,7.357669,0.47525048,-1.1073341,1.302602,0.4343688
0.62688845,3.433718,0.63869,7.3851867,0.4748199,-1.1025372,0.50420034,0.3710022
0.5651993,3.4950895,0.6437117,7.510637,0.5005722,-1.198678,0.882316,0.42659247
0.5413708,2.999111,0.6725824,7.4248705,0.49560857,-1.1278193,1.2603097,0.47802013
0.5936014,3.9188251,0.70688605,7.379549,0.5225322,-1.1423998,1.317874,0.4186511
0.6462462,3.6674995,0.5662744,7.4470224,0.5458226,-1.1441998,1.8151693,0.59613776
0.626297,4.5939407,0.5852592,7.4794216,0.5446148,-1.1092482,1.8013208,0.5388509
0.70901966,4.2806215,0.6113049,7.440609,0.53980374,-1.1757004,0.5413196,0.6028948
0.71621,4.174043,0.5669856,7.411375,0.5643029,-1.14871,1.283575,0.45397687
0.6579031,4.4513407,0.5518484,7.436619,0.6159246,-1.1937616,2.1334293,0.5136732
0.6489772,4.424015,0.5573969,7.448716,0.6267202,-1.2463728,2.2998223,0.602175
0.7127121,4.3882694,0.54161716,7.40755,0.6106267,-1.2646422,1.218919,0.45182997
0.68965316,4.3104315,0.50915146,7.463579,0.58430386,-1.2288977,0.4767921,0.39939207
0.67517227,4.6497955,0.54718447,7.4664397,0.5833037,-1.2399099,2.7444446,0.49115765
0.6729104,3.6380186,0.5094346,7.394308,0.57202125,-1.1963797,0.4453324,0.59444904
0.6666394,3.703829,0.5256244,7.3324714,0.5978842,-1.157191,0.6768191,0.48429668
0.6323335,3.666143,0.5497081,7.330953,0.60504055,-1.1965971,0.72788596,0.47709644
0.6512625,2.448119,0.37737918,7.464422,0.5994024,-1.2330515,0.5604105,0.5374186
0.6496905,2.5081089,0.37009263,7.2613544,0.63774323,-1.1601579,1.7464633,0.5406511
1.0019367,2.7323098,0.21118629,7.310364,0.6274321,-1.2038424,1.7205474,0.5517397
0.9236769,3.2937934,0.22538114,7.284719,0.6572237,-1.1915756,1.6146955,0.46569538
0.7400956,3.308858,0.25372136,7.462366,0.6265898,-1.1909634,0.59732544,0.6721344
0.78204226,3.6624064,0.22546446,7.4626718,0.6490903,-1.1674747,0.907701,0.6600758
1.0529866,5.4121056,0.3090117,7.4611244,0.58761454,-1.1827344,0.76304984,0.5589764
0.9640659,6.740985,0.3895967,7.43373,0.6004138,-1.1927803,0.8256947,0.4844889
0.93849176,6.4824777,0.3635342,7.392515,0.63355184,-1.1722376,0.39888024,0.5867901
0.89909905,6.5032024,0.40083373,7.402622,0.6522131,-1.1968112,1.2624185,0.6102785
0.88662684,6.5244904,0.39504838,7.3754945,0.67203236,-1.2216815,1.3804033,0.59228075
0.9543767,6.875977,0.39907646,7.40539,0.6336107,-1.2212312,1.1349535,0.47782338
0.91866845,6.2700777,0.41639352,7.441313,0.6470096,-1.2313788,1.2514567,0.59670806
0.8165719,5.8530807,0.4016068,7.4183297,0.67231774,-1.2097626,0.9381037,0.5038165
0.76767194,4.9695196,0.49614787,7.33677,0.6250777,-1.2105728,0.7219142,0.25936413
0.73310757,4.7680216,0.6219199,7.291926,0.62251186,-1.2064023,0.30843902,0.4117279
0.72241163,4.8178067,0.6196654,7.247716,0.65849257,-1.2185225,1.2239363,0.5789552
0.7141069,3.6920342,0.6783587,7.1115804,0.6191242,-1.2510849,1.875073,0.56002283
0.72023153,3.69767,0.6552837,7.207129,0.62291956,-1.2702208,2.1897643,0.57424223
0.7139226,4.2388077,0.58867025,7.2167745,0.6159203,-1.2273498,1.2773879,0.29727387
0.68183005,4.4933195,0.58162093,7.2267423,0.6462712,-1.212353,0.96701574,0.45984018
0.73374003,4.3302965,0.59686244,7.2078495,0.65355206,-1.2637671,1.0324824,0.6115726
0.6702397,4.0374107,0.64886785,7.1972265,0.63340545,-1.2036128,0.83127916,0.43378556
0.6546402,4.4744806,0.68127966,7.2945395,0.6265836,-1.249526,0.90335906,0.4878043
0.7342525,4.6142054,0.69046223,7.3218436,0.6117289,-1.2210071,0.42655468,0.49826223
0.8780842,5.673355,0.7435932,7.1279025,0.549289,-1.1711864,0.45954978,0.3733753
1.0784738,6.7986445,0.69904995,7.161512,0.5221083,-1.1602309,0.7559006,0.4109789
0.89205396,4.4658213,0.65840864,7.1392784,0.51143956,-1.1389625,1.2601914,0.4387343
0.8838109,4.7191668,0.650594,7.1581726,0.5215895,-1.1077454,0.66378486,0.3927449
0.86172503,4.717309,0.69203305,7.056723,0.5182569,-1.0556872,0.27606,0.33611017
0.89043945,3.8798676,0.66102517,7.048366,0.53825736,-1.10077,0.3200214,0.25953567
0.9128308,4.730839,0.63964415,7.0329914,0.5489054,-1.1075706,0.43455803,0.53590596
1.1699946,5.7514453,0.65972054,7.0356555,0.482332,-1.1083615,0.78244114,0.43717265
0.8207212,2.4351742,0.53417313,7.0169287,0.5483837,-1.1177356,0.97416353,0.6204423
0.8422091,2.4972286,0.6251781,7.0195465,0.5177057,-1.1099317,0.7315537,0.45743644
0.80815995,2.1925766,0.62799037,6.9839025,0.5377581,-1.1014214,1.3920457,0.6316749
0.90981865,2.672846,0.67938423,6.963018,0.51942873,-1.1012185,1.022696,0.47856265
0.74464285,2.3770738,0.68170786,6.9754505,0.53112555,-1.0715041,1.2144868,0.5719719
1.1630707,2.1683824,0.80361855,6.94584,0.44292474,-1.0660255,1.1144817,0.70640707
1.0302575,2.2342596,0.7635865,6.87323,0.45778298,-1.074328,0.80325854,0.43495458
1.0013922,2.0932195,0.7482234,6.8689437,0.42389584,-0.9934349,0.7558589,0.44010013
1.3977723,2.3243752,0.83371377,6.787925,0.4076004,-0.9969702,0.9301257,0.39620447
1.6144936,2.3479857,0.77357054,6.734503,0.4276669,-0.98643756,0.9084337,0.48367178
1.9920578,2.3626764,0.7551764,6.8398714,0.43620086,-0.994385,1.5144274,0.5440321
1.524051,4.1226225,0.8078866,6.824829,0.43788576,-1.0308781,0.69305325,0.44843757
1.8409187,3.3495755,0.6391616,6.893688,0.45259643,-1.0260377,0.20928764,0.2298119
1.4308435,2.5867891,0.6742265,6.9193463,0.42210674,-1.0134213,0.22909188,0.23458892
2.5659802,4.405099,0.6610403,6.872834,0.45424914,-1.0229483,0.3084991,0.1619246
2.5013044,7.381408,0.70598865,6.8672357,0.43518448,-0.99996114,0.5524069,0.34564137
2.9420862,6.1911235,0.7167728,6.8091865,0.46051836,-1.0305352,0.3639294,0.22362876
2.0120456,5.2092257,0.7027049,6.812913,0.46373892,-1.0346956,0.5354558,0.45663577
2.0943198,5.092124,0.73468995,6.7796116,0.48142838,-1.0265567,0.32491863,0.3859449
1.9846942,4.2559395,0.73116136,6.769865,0.48914623,-1.0384986,0.67328167,0.38951194
2.7182364,4.0804844,0.77451277,6.772772,0.47772574,-1.0589924,0.43986487,0.3899575
2.6280298,6.6257997,0.67404675,6.799268,0.5136676,-1.102673,0.4551661,0.16268611
2.28276,8.8402405,0.6913202,6.8538804,0.49476266,-1.0751476,0.35427535,0.2928455
2.2450523,7.2740417,0.68642545,6.8426986,0.49552822,-1.0533593,0.14933157,0.21025884
2.8436878,7.6753855,0.6804502,6.7606297,0.48177528,-1.0457649,0.14398575,-0.13089535
2.5090816,5.641981,0.788682,6.7542124,0.53249097,-1.0389297,0.04945779,0.11102033
1.4308894,4.7684884,0.8013246,6.6324415,0.5146072,-1.059607,0.1456796,0.016142607
2.0427568,5.142174,0.8268528,6.6661763,0.5464363,-1.0819411,0.3382907,0.4298842
2.6330466,5.595444,0.7266624,6.6761518,0.54414964,-1.0965226,0.6188077,0.40953153
2.5474553,7.6270833,0.6445193,6.812112,0.56953764,-1.0989242,0.8009119,0.2662803
1.9239634,8.589485,0.57837987,6.8951902,0.5642593,-1.100631,1.1060226,0.25615346
2.5195918,7.6429167,0.6317067,6.908403,0.531229,-1.11677,1.1706684,0.48238564
1.6064712,4.3540115,0.624722,6.9622116,0.49876285,-1.1234021,2.10531,0.5053834
1.5708941,4.459069,0.8348148,6.8967843,0.43956184,-1.1167138,1.0885828,0.58908045
1.6039513,5.7936664,0.80240417,6.8986444,0.516207,-1.1808383,2.2806802,0.46926504
1.6057545,4.2367177,0.80974674,6.9514704,0.43093157,-1.1384931,0.45704687,-0.0074617267
1.8135746,4.7692156,0.8592315,6.987934,0.41077495,-1.1421473,0.21442318,-0.075787425
2.4707186,3.5752163,0.8775145,6.9207006,0.3927312,-1.1478349,0.3337028,0.12770855
2.2158208,5.2452297,0.9227766,6.9095855,0.39972258,-1.045362,0.24568427,0.15377146
2.7267816,4.94463,1.0103474,6.823171,0.43703485,-1.090362,0.16971016,0.32668275
2.518052,4.7637043,1.0083961,6.611934,0.43466783,-1.0807381,1.2846911,0.3143006
2.4889488,5.4167013,1.0552068,6.6463537,0.43622375,-1.0427701,1.0346198,0.6643399
1.78691,2.467572,1.0425577,6.5659404,0.42348075,-1.0199847,0.65425634,0.37067592
1.2307976,2.1852822,1.0757477,6.4544415,0.43148232,-0.9396076,0.7349973,0.59971726
1.6318767,2.315562,1.072655,6.46023,0.43254995,-1.031445,0.8857144,0.52764046
2.4313467,2.4441676,1.1205235,6.475892,0.4143846,-0.9733043,1.4892282,0.4456327
1.8862811,2.358585,1.1561489,6.535338,0.42819595,-1.0500321,0.77275157,0.56415725
1.3065975,2.320312,1.0294683,6.5456777,0.38879967,-0.9682336,1.1704037,0.5673373
1.9970961,2.1864777,0.98677087,6.5994806,0.42285323,-0.98340225,1.1615047,0.5250604
1.9748135,2.4671154,1.1304295,6.5199103,0.43145847,-0.99471426,0.95608187,0.56939054
2.0895224,3.8669071,0.9101523,6.615284,0.4407239,-1.0155044,0.61736023,0.58091354
1.7327857,3.902608,1.044888,6.5277753,0.47152185,-1.0309012,0.7370081,0.49513495
2.6289158,4.795618,1.0472972,6.5381765,0.46793628,-1.0969888,1.275162,0.5049815
2.3850253,3.9102876,1.0867379,6.5581822,0.4656284,-1.0448983,1.1284759,0.5182122
2.2039037,3.4061084,1.0332844,6.6072516,0.43342447,-1.0822742,1.7118139,0.53190756
2.1892354,3.8310256,1.0756578,6.5748453,0.48019266,-1.1511185,1.7349408,0.46302444
2.9771192,6.240677,1.0516198,6.5693426,0.4714663,-1.1287379,2.0641165,0.53931224
2.9366965,4.059834,1.0486419,6.6174755,0.49755907,-1.0873759,1.8629682,0.5399947
2.8882744,8.745206,0.9997488,6.632325,0.48540592,-1.0811338,1.4795716,0.52086973
2.6309073,3.084909,0.9071169,6.610528,0.4849081,-1.0695287,1.4493668,0.49846578
2.5331786,7.1013284,0.88045335,6.709038,0.44226122,-1.0202612,0.45623815,0.5468652
1.9455377,5.141096,0.8043245,6.748124,0.4524114,-1.0242398,0.9378048,0.32947838
1.987474,5.086603,0.78524077,6.804619,0.38798404,-0.95351076,0.99777734,0.61890996
1.89916,2.2893517,0.6903291,6.8297853,0.43561697,-0.950861,1.7597733,0.55471396
1.3916566,2.0281572,0.89113367,6.857273,0.34310436,-1.0098177,1.6448274,0.64764404
1.556446,2.1564634,0.957072,6.664149,0.37814665,-1.0368271,1.8369493,0.34797412
1.4687383,2.4342155,0.99923384,6.694295,0.41782737,-1.041718,1.1755126,0.39402306
1.6703453,4.650772,0.8787484,6.7416296,0.44466138,-1.0443158,0.8462405,0.4314536
2.690527,3.123475,0.89888906,6.8469014,0.41102338,-1.068306,1.197897,0.58844185
1.2280202,4.2044516,0.7266364,6.888159,0.43421388,-0.98456883,1.8857377,0.4826312
1.512123,6.6048045,0.82980895,6.898276,0.3942821,-1.0115137,1.3320837,0.6255555
1.9662237,3.170917,0.76727104,6.9047666,0.41777086,-1.0031285,2.1172884,0.70335925
2.6757822,5.1595902,0.77530766,6.798893,0.41187525,-1.0104558,1.3470793,0.47786522
2.522237,4.9755006,0.8230796,6.815736,0.45332718,-1.0424763,0.87879455,0.32626426
2.693379,4.369684,0.6686883,6.817355,0.46512008,-1.0001489,0.65290606,0.68592846
2.2313948,5.796949,0.7078419,6.9014916,0.44731116,-0.97823834,1.6050987,0.68150854
1.8802605,5.9193134,0.720454,6.870073,0.43462515,-0.98872375,1.4328885,0.52946484
2.9035058,5.22974,0.76453114,6.8877435,0.4416368,-1.0476711,1.4487047,0.5934775
1.8954408,3.602407,0.73800373,6.8897796,0.47016287,-1.0357141,1.2780943,0.5486293
1.5570065,2.5098016,0.71057725,6.9021897,0.4127357,-1.0323248,1.6217608,0.55311966
1.2569134,2.566144,0.792433,6.85667,0.39574265,-1.0008763,1.6185772,0.44944644
1.3300383,3.385909,0.8369336,6.843425,0.39984846,-0.9927769,0.5448216,0.37236953
2.3891642,6.6442337,0.8767457,6.8783026,0.35299563,-0.95952034,0.35184896,0.47955787
2.7738192,9.480344,0.88390815,6.90376,0.36142492,-0.9560187,0.33627963,0.19948685
2.3865724,6.4575458,0.83801866,6.8703084,0.35026932,-0.9920542,0.34810674,0.06013316
1.9041613,7.0709996,0.88460803,6.8989496,0.37969184,-0.9977784,0.2966019,0.23244071
1.8756776,5.939894,0.8552065,6.8698206,0.37621403,-0.98626494,0.40027106,0.33166802
1.7699428,5.748517,0.6426399,7.0796027,0.37214994,-0.98931384,0.35580695,0.31785095
2.1161294,5.9930854,0.59829307,7.0829062,0.39201307,-1.0166434,0.40862322,0.30451214
2.3342881,3.415367,0.50697196,7.0902963,0.38648343,-0.97404003,0.4729836,0.4361403
2.2697644,7.255618,0.49879098,7.1293554,0.39575768,-0.97893834,0.47974288,0.3264596
1.947844,7.1896777,0.47867906,7.080452,0.40111637,-0.9607763,0.43562937,0.4134221
2.065641,5.573175,0.47382307,7.051404,0.39617658,-0.96397567,0.5940281,0.20899856
2.558538,6.6006694,0.50148964,7.0973244,0.3948772,-0.9907284,0.15862477,0.1603542
2.8377473,5.2756376,0.6589582,7.0680523,0.38962364,-1.0170436,0.13729286,-0.06836617
1.2831998,3.1373742,0.4965607,7.138584,0.40609622,-1.0154421,0.047458053,-0.09008622
1.8079178,5.1292973,0.5520127,7.047082,0.45868993,-1.0381368,0.12617123,-0.11483532
2.5762916,8.885624,0.5698259,7.020012,0.47614956,-1.0599461,0.05679524,-0.113016516
2.7236066,7.8334312,0.6263261,7.069299,0.42878675,-1.0173216,0.053490758,-0.11019355
1.8182443,5.9765596,0.5178826,7.090125,0.44408154,-1.0269253,0.085280895,-0.15389732
1.7625828,7.677564,0.5729127,7.0976753,0.42495918,-1.0198263,0.16681588,-0.11981559
1.7798327,5.839136,0.54093814,7.108739,0.42673326,-1.0307603,0.14072251,-0.03850627
1.0756468,3.0686207,-0.67874694,8.658116,-0.39635205,-0.21909952,0.25162005,0.1130445
1.1117177,2.6074045,-0.8969681,8.682734,-0.36088932,-0.19979191,0.25058973,0.6552261
1.0873601,2.307913,-0.65777147,8.544922,-0.3564036,-0.20957947,0.2815336,0.6129612
1.0148582,2.7548184,-0.7472211,8.601309,-0.38119352,-0.22156978,0.311648,0.25251603
1.003496,2.4916093,-0.9118495,8.752026,-0.3779068,-0.24947262,0.52890456,0.45974076
1.0989618,2.6652248,-0.7960608,8.761108,-0.42173314,-0.23867226,0.27337396,0.44575036
1.0842199,3.4951622,-0.82703656,8.720707,-0.3789276,-0.2109139,0.15298605,0.4362092
1.1400342,3.3225455,-0.7697392,8.6422825,-0.367795,-0.20184755,0.7241086,0.70211494
1.1840897,3.5923576,-0.7652645,8.642821,-0.38255584,-0.20913434,0.621222,0.49707627
1.3549224,3.7200077,-0.6456392,8.561369,-0.4161787,-0.1911366,0.8372327,0.5249245
1.3723698,3.736467,-0.741973,8.534615,-0.408224,-0.18657541,0.8269731,0.5377418
1.3822615,3.1169062,-0.51295984,8.545046,-0.49147284,-0.15194559,0.42427433,0.38189197
1.2833805,2.8315396,-0.5652678,8.558548,-0.48756647,-0.17449927,0.36375093,0.1892196
1.2162087,3.0417953,-0.5892232,8.613867,-0.49137568,-0.12273598,0.14192402,-0.059868336
1.2325644,3.224345,-0.55316484,8.630436,-0.4826845,-0.11578131,0.26871824,0.24838483
1.2868488,3.170568,-0.5543587,8.603259,-0.46353233,-0.17373347,0.05258119,-0.18911415
1.0809371,2.6201108,-0.54320747,8.607618,-0.44357014,-0.19191551,0.17727876,-0.12320596
1.2959976,2.6000896,-0.52607274,8.527422,-0.47468483,-0.1584127,0.25304878,0.10227406
1.3846431,2.2442052,-0.9436658,8.546482,-0.47792256,-0.16012049,0.27585566,0.25643176
1.4058857,2.5498836,-0.90362775,8.501169,-0.463264,-0.06524563,1.1303673,0.51889956
1.308664,2.7218993,-0.8745916,8.624402,-0.5095848,-0.07041192,1.5515454,0.6540841
1.255645,2.5854094,-0.836346,8.655392,-0.49667048,-0.09551144,0.46753478,0.54250693
1.2548712,2.3305445,-0.8107118,8.711473,-0.54693425,-0.08031821,0.35942972,0.5718818
1.2915212,2.766097,-0.7920487,8.685474,-0.5396035,-0.07780433,0.2793107,0.44879228
1.217133,2.2127097,-0.5930681,8.696554,-0.5699141,-0.08018303,0.71827424,0.3926286
1.2076728,2.3182492,-0.6731657,8.729601,-0.58576834,-0.10453844,0.49814093,0.474779
1.0983483,2.0824993,-0.38969517,8.734386,-0.6050638,-0.044580698,1.1510577,0.40935242
1.0114588,2.1372037,-0.5295041,8.799524,-0.59968114,-0.021707058,0.5410142,0.22391373
1.0474682,2.017284,-0.65598446,8.75313,-0.60449696,-0.022842884,0.89604473,0.547279
0.96610063,2.1949472,-0.5199377,8.98506,-0.59990704,-0.050340176,0.88414645,0.6126201
0.9842232,2.135995,-0.8469143,8.75794,-0.5238236,-0.037254333,0.9820192,0.39877766
1.0274836,2.4181576,-0.8715382,8.782841,-0.56337,-0.012661934,0.30325162,0.4110043
1.1800423,2.4022698,-0.8791535,8.787672,-0.6056075,-0.009849548,0.2554115,0.27082098
1.168151,2.3369014,-0.6862875,8.724264,-0.5932628,-0.06760383,0.2523594,0.29819405
1.1417507,2.004221,-0.66318214,8.703764,-0.5612613,-0.09171629,0.19113183,0.10085034
1.2257221,2.345205,-0.7970443,8.658009,-0.5442586,-0.062309027,0.13330805,0.21431363
1.2554766,2.1224594,-0.8705449,8.690291,-0.5567107,-0.06516552,0.1821872,-0.1277107
1.2105563,2.3597007,-0.84080654,8.61242,-0.54677117,-0.040254593,0.12900734,0.027279258
1.254375,2.1282854,-0.8513308,8.699812,-0.55198956,-0.05942726,0.011615038,0.15690672
1.2932472,2.2095375,-0.91849136,8.6549635,-0.54942584,-0.131948,0.22865641,0.34876662
1.060837,2.1255608,-0.88569236,8.665784,-0.50156415,-0.11716151,0.47485483,0.32273734
1.0551323,2.1494405,-0.8388475,8.5982,-0.43293273,-0.16024971,0.07359254,0.17678595
1.2534122,2.201063,-0.26677054,8.475715,-0.4233724,-0.22781348,0.083022,0.20251971
1.3166012,2.1537685,0.13133979,8.254303,-0.42854536,-0.24186516,0.27185845,0.25678468
1.0511202,2.1226008,0.10381317,8.295349,-0.4569142,-0.20381999,0.22873545,0.1355462
1.3234725,2.0266087,0.08981776,8.203712,-0.46957707,-0.19777536,0.31345248,0.17143929
1.3233659,2.7382984,0.09985125,8.164343,-0.4457997,-0.19980454,0.6701236,0.17062241
1.277605,2.7764783,0.28258967,8.217911,-0.46783757,-0.17590404,0.583143,0.6615858
1.3981464,2.598379,-0.022369742,8.207247,-0.4385425,-0.19740582,0.54472363,0.6507398
1.5927334,2.820142,-0.35366112,8.331065,-0.4308287,-0.24095559,0.49996793,0.42844647
1.6630539,3.195908,-0.2628014,8.249865,-0.40800357,-0.22370982,0.53639853,0.09570998
1.754888,4.0958643,-0.15888715,8.253941,-0.3933332,-0.22096634,0.5955931,0.5163537
1.7590053,4.0072765,-0.22791845,8.124707,-0.36812413,-0.20455194,0.4916414,0.3590386
1.819814,2.975696,-0.47299302,8.12818,-0.40708816,-0.14467597,0.5650337,0.48030722
1.8338752,3.0808468,-0.23339951,8.234377,-0.4367845,-0.145607,0.70144725,0.5835819
1.751937,3.5394785,-0.210459,8.220429,-0.4050703,-0.18991566,1.2220714,0.5269432
2.5469954,4.1387544,-0.574481,8.222772,-0.3729074,-0.20284724,0.5598886,0.4426908
2.5314438,4.662474,-0.66572464,8.348864,-0.37412214,-0.20350027,0.41530192,0.5483464
1.6949034,4.344638,-0.87685823,8.6785755,-0.3840953,-0.1728611,0.8747462,0.5838859
1.5743796,4.2084236,-0.8908793,8.661413,-0.37438083,-0.25343895,0.4297949,0.065843046
1.4175756,4.503884,-0.6719627,8.607508,-0.3717723,-0.24349737,0.74568963,0.54296255
1.4434156,4.519577,-0.63530624,8.621248,-0.35896313,-0.29065084,0.68997,0.4682566
1.3318629,4.3917756,-0.59596866,8.61712,-0.3734542,-0.23446918,0.44419897,0.5342686
1.3577988,4.8569107,-0.6103667,8.655037,-0.35038555,-0.22833824,0.20154619,0.5675862
1.334301,4.935736,-0.5707041,8.670951,-0.3363471,-0.26606607,-0.050929725,-0.3155462
1.5379721,5.2264185,-0.61138743,8.70714,-0.36719966,-0.27102733,-0.037617385,-0.44735348
1.5814275,5.686866,-0.6210513,8.724868,-0.34133148,-0.33144855,-0.012292445,-0.46593773
1.7654753,5.3959904,-0.60801435,8.617256,-0.35616827,-0.30377388,0.16404796,0.2785827
1.7194978,5.4999213,-0.4807546,8.606485,-0.32866788,-0.36533594,0.4766916,0.44019997
1.6689574,5.7569094,-0.21245098,8.575003,-0.33522928,-0.36952162,0.51686585,0.48534906
1.6824806,6.217959,-0.34080207,8.492165,-0.25927997,-0.3887334,0.39609373,0.18690586
1.6465845,5.9732294,-0.32140404,8.471723,-0.2628671,-0.38492298,0.44893265,0.37452698
1.6847028,6.05004,-0.33419192,8.453247,-0.23422968,-0.37377524,0.2900852,0.40525788
1.6148376,6.0640755,-0.33180875,8.465578,-0.25339127,-0.35777116,0.51230156,0.3880608
1.6963084,6.50899,-0.38304675,8.5414505,-0.24666584,-0.3774786,0.31368756,0.43278307
1.6381526,6.1694975,-0.33865583,8.520262,-0.26242948,-0.3440969,0.5802438,0.58400285
1.4177611,5.2449756,-0.34102237,8.4542675,-0.24854171,-0.39397955,1.01004,0.4972731
1.3505073,4.4522085,-0.36321414,8.424401,-0.22847605,-0.38983107,0.39452684,0.5106406
1.2511321,3.705107,-0.29865867,8.437599,-0.2404511,-0.42482138,0.5210618,0.5823395
1.1162617,4.227708,-0.3610875,8.587393,-0.2214936,-0.3933866,0.39712942,0.44314206
0.9898119,3.8593664,-0.3198378,8.605928,-0.22165978,-0.44457817,0.8444536,0.5487981
0.88795245,3.5252903,-0.24401534,8.636171,-0.20250487,-0.4461789,0.20795643,0.07672012
0.90080744,3.9659758,-0.31403768,8.638463,-0.19087005,-0.4298284,0.058829427,0.08842504
0.8166636,3.7551658,-0.2832579,8.63707,-0.16716897,-0.41722822,0.016665936,-0.1508567
0.7867239,3.8887691,-0.10139364,8.620882,-0.20060086,-0.41998172,0.11189079,-0.22486198
0.8208189,3.8987658,-0.16126871,8.629102,-0.22371519,-0.42447615,0.16657591,-0.24763483
0.8146624,3.9375455,-0.1506483,8.70839,-0.23790193,-0.3893659,0.13130856,-0.24197215
0.88389266,3.6582236,-0.21363258,8.548686,-0.23048437,-0.38173676,0.0030559301,0.12573332
0.84250414,3.4227076,-0.38682395,8.63302,-0.22929287,-0.35797572,0.42452097,0.50821567
0.85588956,3.4763288,-0.44487125,8.6304245,-0.22636068,-0.37884498,0.59488654,0.38913095
0.80143905,3.2520895,-0.24964368,8.670855,-0.22454178,-0.41652918,0.3258667,0.46536076
0.80502737,3.8796735,-0.16285348,8.700875,-0.23645532,-0.3493395,0.30877912,0.3251431
0.93522525,3.83285,-0.16299653,8.647802,-0.30401123,-0.36908054,0.3893602,0.23765874
0.8621361,3.744166,-0.16216528,8.698988,-0.2975626,-0.35146284,0.27794862,0.1908915
0.8523004,3.741346,-0.16756392,8.754002,-0.30515158,-0.35758042,0.2507578,0.04080391
0.84418035,3.7330346,-0.15789348,8.7394905,-0.2890277,-0.35310292,0.53330064,0.15139818
0.7681017,2.5249336,-0.49590814,8.724305,-0.26969516,-0.3520615,0.46923757,0.38836026
0.7363834,2.504393,-0.5939559,8.825999,-0.2648214,-0.3635347,0.11939871,0.2746842
0.7237184,2.7251039,-0.6037375,8.944271,-0.23600662,-0.41091108,0.24701118,0.13241124
0.7460444,3.1679451,-0.6325698,8.882941,-0.2516029,-0.37239838,0.20330083,0.13945359
0.75960624,3.3735943,-0.55653757,8.852068,-0.21598613,-0.37089062,0.12825048,0.13776594
0.7608171,3.316831,-0.49163395,8.808332,-0.22802675,-0.33310008,0.4442594,0.26285076
0.75964534,3.6462016,-0.44000673,8.948959,-0.2694149,-0.39165783,0.6783036,0.3442849
0.80116105,3.2327971,-0.59560364,8.930706,-0.27808404,-0.40615463,0.29787886,0.19033402
0.78326696,3.4031897,-0.61069477,8.967939,-0.2784555,-0.34993243,0.55718505,0.16802424
0.83378327,3.719129,-0.6676002,8.898699,-0.27360654,-0.34106088,0.33060932,0.49134856
0.7769737,3.2186942,-0.9672239,9.083363,-0.25807416,-0.33609295,0.20126605,0.28013492
0.77958673,3.12959,-0.89959204,9.169601,-0.2610885,-0.37544227,0.0976311,0.3118899
0.7984952,3.0752268,-0.89724255,9.030081,-0.31879652,-0.29870343,0.19944191,0.32732153
0.84977317,3.1202707,-0.63725865,8.93482,-0.3023057,-0.320081,0.49971068,0.63582206
0.8653008,3.0627441,-0.656793,8.850276,-0.34064054,-0.2407465,0.48497713,0.5998118
0.8431809,2.967763,-0.84978944,8.883107,-0.34123456,-0.20988631,0.70290446,0.43161398
0.78051674,2.6437726,-0.7922438,8.9911,-0.36649537,-0.2338295,0.19396329,0.40306652
0.8780291,3.2264562,-0.8048028,8.971518,-0.34560525,-0.2355218,0.1833812,0.4654125
0.9804101,3.1070085,-0.7131698,8.8961115,-0.39758396,-0.24485588,0.57675815,0.5549995
0.95825064,3.1138527,-0.91133165,8.886507,-0.3678093,-0.27323723,0.18840075,0.31668317
0.9925717,2.893395,-0.9463008,8.823853,-0.35892224,-0.25849557,0.5037004,0.20696014
0.99396956,2.6500666,-0.87712246,8.80189,-0.36105788,-0.2560892,0.50022674,0.5431707
1.0299101,2.9813223,-0.882982,8.769603,-0.39286232,-0.2159996,0.6133323,0.19105208
1.0219073,3.069989,-0.92610216,8.773401,-0.40652204,-0.19498396,0.40922666,0.10609639
1.0251758,3.0933475,-0.983715,8.781134,-0.3627473,-0.28388262,0.24030519,0.05132389
0.92914075,2.8640823,-0.9855444,8.919156,-0.36043406,-0.25763273,-0.051530242,0.073293686
0.91303086,2.439416,-0.8391841,8.799978,-0.33315194,-0.29280615,0.32287312,0.42515242
0.8494214,2.4871116,-0.8266436,8.843838,-0.3354268,-0.32725334,0.44409847,0.34735978
0.9189269,2.5544248,-0.87787133,8.83083,-0.36504376,-0.32437587,0.40008032,0.23535019
0.93139064,2.7988734,-0.8063483,8.910021,-0.3256557,-0.3301909,0.5052017,0.48004317
0.83264387,2.7440505,-0.5445114,8.967635,-0.38737798,-0.32474804,0.55563986,0.3215565
0.85679245,3.044669,-0.651351,9.017477,-0.39986634,-0.29405737,0.1850152,0.32539737
0.8524838,3.0235643,-0.5763901,8.825902,-0.3704157,-0.3019879,0.85308766,0.3092084
0.8469359,2.9337797,-0.7397319,8.843613,-0.29902267,-0.28668523,0.14385426,0.38739717
0.87108463,2.9695854,-0.6684642,8.800861,-0.30409598,-0.28986812,0.3132391,0.32975435
0.8696953,2.719214,-0.7014306,8.727577,-0.30268395,-0.28826857,0.20605004,0.30152786
0.89537823,2.7364082,-0.8681634,8.760672,-0.32536912,-0.28785157,0.30494273,0.23095304
0.9639579,2.20162,-0.7480376,8.664566,-0.3236065,-0.24766803,0.188555,0.5215914
0.8294394,2.1373715,-0.47995305,8.462444,-0.28937244,-0.2620268,0.59587944,0.45057702
0.83383423,2.0288854,-0.49583673,8.483603,-0.29636526,-0.27607346,0.3081572,0.26319098
0.90776324,2.373864,-0.41988403,8.461836,-0.29125512,-0.35080957,0.18242466,0.27604842
0.9502616,2.6353822,-0.33012348,8.479406,-0.28446984,-0.34969664,0.6511136,0.39423686
0.95153505,2.615299,-0.3721497,8.457563,-0.283718,-0.34963202,0.42625618,0.46919942
1.0259662,3.0700893,-0.5124693,8.519374,-0.27580392,-0.30958772,0.78263354,0.40661114
0.99191415,3.3802104,-0.31872958,8.454303,-0.26600754,-0.319839,0.81944966,0.49866438
0.99752,3.3065584,-0.14471918,8.471246,-0.27800047,-0.38687134,0.6818218,0.3572907
1.1300129,3.2985528,-0.11932683,8.346514,-0.2513728,-0.39575958,0.21149099,0.15846324
1.0476432,3.1849792,-0.11516011,8.322254,-0.24931908,-0.37624764,0.18303537,0.045101404
1.0843571,2.8558142,-0.043316007,8.224389,-0.2710172,-0.33579588,0.27855003,0.4240862
1.1648588,2.912486,-0.07807505,8.168299,-0.27036762,-0.26964808,0.8367691,0.7535417
1.1988145,3.4943395,-0.11277175,8.200144,-0.2810576,-0.26878405,0.4751296,0.60421383
1.3028356,3.7409058,-0.2806493,8.238157,-0.22506106,-0.32432652,0.8224944,0.45369643
1.2421873,3.7102065,-0.4300244,8.278929,-0.22020054,-0.347219,0.9894341,0.46082497
1.2306988,3.5199285,-0.44112438,8.321335,-0.24775946,-0.3689239,1.1164527,0.38942158
1.2951077,3.3654785,-0.4559397,8.339226,-0.24249947,-0.35689878,1.5006986,0.42630792
1.3158655,3.254906,-0.3598209,8.307468,-0.2921821,-0.4014237,0.45185852,0.169909
1.3564026,4.007111,-0.17972058,8.288919,-0.29107165,-0.37927532,0.50905347,0.34009278
1.2237899,4.041389,-0.087947965,8.36643,-0.2867651,-0.27085423,0.23179781,0.36322618
1.3968961,3.8073635,-0.16186392,8.381899,-0.3332659,-0.3334775,0.43408918,0.4254558
1.3141936,3.5657868,-0.20168698,8.272484,-0.3122549,-0.30317497,0.33945143,0.42735362
1.29474,3.1684756,-0.3003062,8.282717,-0.31804824,-0.3050599,0.34829795,0.41439593
1.3664778,2.6167574,-0.27431005,8.105253,-0.31595147,-0.30882144,0.8007573,0.4584285
1.2617136,2.200417,-0.41808867,8.1642685,-0.31194067,-0.24068618,0.5980339,0.50973964
1.2722032,2.455882,-0.3593977,8.198213,-0.28993392,-0.30457878,0.5541953,0.31967974
1.3513682,2.909766,-0.24511087,8.161573,-0.2874149,-0.33425522,0.34960282,0.46425468
1.3360695,2.1145132,-0.32651025,8.217661,-0.33881807,-0.30656815,0.45415688,0.25581706
1.3251352,2.322419,-0.31901515,8.287098,-0.34419465,-0.32429838,0.16608083,-0.031731606
1.5119362,2.8496473,-0.46934557,8.290712,-0.32807684,-0.28569102,0.06911886,0.21774751
1.0792776,2.7460992,-0.1784038,8.38802,-0.34214878,-0.30631828,0.4207152,0.16280335
1.0227137,2.71284,-0.21235454,8.338701,-0.2572199,-0.334419,0.8129983,0.41196144
1.0009005,2.5660882,-0.22885549,8.261921,-0.26571786,-0.3525238,0.9002323,0.5548037
1.0096378,2.593626,-0.1407727,8.286693,-0.26781178,-0.338614,0.87952006,0.47130966
1.033766,2.622224,-0.15639961,8.220842,-0.24954009,-0.32375503,0.5956534,0.5496216
1.292057,2.4958248,-0.21197271,8.141109,-0.25941002,-0.3284936,0.6708398,0.5235846
1.3058956,2.1925657,-0.28535324,8.009145,-0.24286866,-0.34382105,1.6994984,0.29118943
0.9471473,2.4789445,0.112728596,8.016041,-0.22541213,-0.3445077,0.49170363,0.5041573
0.93440175,2.6013517,0.084205866,8.077553,-0.20482421,-0.37750554,0.5280522,0.2468974
0.930568,2.4923851,0.01755011,8.112192,-0.23898709,-0.37330317,0.1507721,0.10518253
0.9746789,2.5173454,-0.09220171,8.117132,-0.23856795,-0.39277482,0.17112923,-0.00018316507
0.96886444,2.5006416,-0.058609605,8.205891,-0.22430491,-0.39431095,0.07042742,-0.061709046
0.95885956,2.7198443,-0.09988409,8.19993,-0.19100082,-0.4218974,0.07316518,-0.32112947
0.98886484,2.4468467,-0.10771394,8.203355,-0.18026495,-0.4785099,0.022253633,-0.23946804
0.904861,2.6838531,-0.12248117,8.179278,-0.15988171,-0.41193438,0.04998851,-0.0073256493
1.0731506,3.0488806,-0.03231132,8.117914,-0.14855528,-0.45544815,0.10360205,0.21583211
1.1225252,2.95366,0.07512462,7.95881,-0.18130755,-0.45697594,0.4082209,0.3164301
1.0690364,2.9347131,0.25128663,7.9593434,-0.17597282,-0.43179893,0.70887995,0.46213245
1.1261404,3.5493107,0.2745638,8.04468,-0.16898906,-0.41335464,0.6602863,0.61217225
1.0956249,4.4456873,0.19682646,8.072062,-0.13360238,-0.5021763,0.70262384,0.3520155
1.0654593,3.6429603,0.21734726,7.948622,-0.1350236,-0.5000799,0.46752083,0.45525676
1.1332315,3.0583606,0.30229986,7.9278812,-0.13804936,-0.4638815,0.39684582,0.27681506
1.1827499,2.209978,-0.049207866,7.880307,-0.09401584,-0.48166156,0.55060005,0.47509116
1.1487842,2.878335,-0.078598976,7.8921704,-0.05648589,-0.5283656,0.5760112,0.63806546
1.0687447,2.807691,0.019592047,7.904678,-0.06377983,-0.53704333,2.156419,0.5979221
1.0890362,2.7271366,0.17393196,7.9078226,-0.09911764,-0.473917,0.27065158,-0.022695988
1.1337173,3.192059,0.20443213,7.949123,-0.11984074,-0.4863062,0.32224393,0.34160227
1.2167503,3.4348946,0.19913745,7.840582,-0.112275004,-0.5318184,0.39923728,0.44716507
1.1716063,3.2682219,0.04208529,7.9547353,-0.13202643,-0.4606402,0.6860578,0.46862602
1.1548703,3.197082,0.08873117,7.931553,-0.13142157,-0.4462788,0.34840775,0.4132787
1.3187501,2.5713995,0.052652597,7.9106636,-0.16884041,-0.45009756,0.8442091,0.4991045
1.0382519,3.2656364,0.107797146,8.014144,-0.17680061,-0.4206767,1.3174562,0.60546637
1.010581,2.3327484,0.10811257,7.922324,-0.17906809,-0.34463286,0.9205469,0.60371304
1.3241897,3.079885,0.18543291,7.8516684,-0.19313407,-0.3131194,0.54965067,0.68186116
1.2978389,2.5893042,0.039586782,7.8841095,-0.24588144,-0.2909255,0.4356562,0.36063647
2.242732,2.9140644,0.18366253,7.8111796,-0.24478018,-0.34000993,0.5538479,0.5035249
2.2292671,3.3736444,1.0152953,5.721639,1.2430329,-1.8523755,0.3850634,0.2285319
1.6171712,5.278846,1.0109084,5.7002697,1.2415376,-1.7843847,0.31611907,0.2814963
2.4605029,3.7277255,1.020592,5.6397824,1.2455204,-1.7886949,0.30795848,0.31718218
2.16114,4.718481,1.042213,5.71597,1.2552414,-1.8179175,1.1017666,0.42351592
2.4647417,5.7908025,1.035358,5.685709,1.2587595,-1.8038534,1.0061378,0.5921954
2.5259535,5.983736,1.0574796,5.721619,1.2059302,-1.8143775,1.1060736,0.47337168
1.1270659,5.574513,1.0977287,5.7323637,1.1658239,-1.8131939,0.74625146,0.5237267
1.3961337,3.2593575,1.1002986,5.7562327,1.1766243,-1.8369031,0.3815831,0.45015252
2.1051881,3.839941,1.0742583,5.7146425,1.1839545,-1.7821537,0.8628216,0.42357612
0.7924561,5.9145727,1.1330876,5.7028394,1.1814041,-1.7969167,0.4630865,0.3762555
0.71475655,4.424431,1.128294,5.7555223,1.1827552,-1.7311251,0.7626748,0.48725653
2.6894174,3.0336728,1.1742454,5.5275383,1.1683459,-1.7159948,0.26422274,0.41464913
2.0717268,5.1820574,1.1950023,5.5329485,1.1557238,-1.7457533,0.46342742,0.42155814
2.7915337,2.881762,1.1371651,5.5085125,1.1794801,-1.751377,0.23372245,0.3063979
2.3145437,2.2079072,1.1027293,5.509611,1.1946013,-1.7129126,0.31524503,0.5117326
2.6552916,2.0746782,1.110604,5.5523815,1.1833041,-1.6869302,0.8115213,0.7078905
2.6493132,8.281033,1.1531053,5.5533237,1.183351,-1.7900057,0.781808,0.22057515
2.4394197,3.3234138,1.1241026,5.5955553,1.1875808,-1.7775353,0.8931842,0.36410922
1.8100567,2.5563455,1.1493256,5.5585594,1.1875093,-1.7803245,0.86560357,0.45065093
2.785668,5.278503,1.1725061,5.5449743,1.1634383,-1.7955854,0.62531507,0.52525413
2.4956973,5.842536,1.1394432,5.6817284,1.103025,-1.7365547,0.93489826,0.44949895
2.2846022,3.4815712,1.0782802,5.705928,1.0796399,-1.6076956,0.5512159,0.3972249
2.0795658,2.9728017,1.1096306,5.806698,1.061132,-1.6576486,0.587111,0.37650704
2.5469906,3.1745353,1.1117494,5.842673,1.0354745,-1.6518443,0.53149223,0.42763412
2.6598454,8.797793,1.0464611,5.8493857,1.0526135,-1.598523,0.56263685,0.5082462
2.4748669,4.9584227,1.1006212,5.6538286,1.0535045,-1.5598551,0.9410157,0.4335798
2.643892,7.075167,1.1478722,5.5507383,1.0744023,-1.5744507,0.95199525,0.48999524
2.4692092,3.8522873,1.1763632,5.5862665,1.0714653,-1.5945202,0.42127788,0.5491433
1.9177734,3.6187305,1.1896033,5.564949,1.0452251,-1.5882778,1.2711511,0.5128101
1.6669828,8.347832,1.1494353,5.622099,1.0587544,-1.5864357,2.3466125,0.58297336
2.7116175,9.485078,1.2222145,5.641371,1.0737486,-1.6578763,2.2514968,0.5419564
1.4359004,5.583044,1.1652145,5.644706,1.0323324,-1.6088592,2.1256065,0.55177975
1.7117156,3.1444478,1.1835515,5.7543945,1.0112171,-1.6324835,0.72854054,0.6485528
1.0619121,4.1622276,1.2296255,5.809107,1.0435946,-1.7076399,1.3238165,0.5709847
2.7400458,2.8329608,1.1471994,5.8071203,1.037797,-1.6342769,1.6167762,0.53291285
2.8725839,4.1245046,1.1958661,5.648929,1.0579555,-1.628731,0.97069955,0.6636728
2.374534,4.0708055,1.2388408,5.5633993,1.123955,-1.6605558,0.9734734,0.51182437
2.661576,5.9321275,1.1939356,5.6175756,1.1075928,-1.6817902,0.851815,0.5262792
1.3302884,6.8217497,1.192909,5.5942345,1.0927961,-1.6814518,1.4005132,0.5544505
2.7657945,6.309315,1.2104297,5.6280766,1.0671518,-1.6968601,2.0963619,0.4790702
1.5025995,5.677641,1.162755,5.585161,1.0732768,-1.6520125,1.2331009,0.3968873
2.9275613,4.7091603,1.2667208,5.5263157,1.0715914,-1.6692133,0.678638,0.66133356
2.080975,4.0434265,1.2805061,5.493518,1.0783868,-1.6600062,1.0751588,0.58026993
2.8846302,4.400085,1.2938547,5.42155,1.0838072,-1.6562514,0.74591935,0.53201437
2.3920774,6.804071,1.2358477,5.525436,1.0598371,-1.6251721,0.37423468,0.41213942
2.855633,2.817728,1.267492,5.515339,1.101532,-1.6874424,0.5278734,0.33243108
2.4868388,5.877839,1.2983999,5.487677,1.0891902,-1.6621734,0.49257183,0.45292306
2.751333,2.5969439,1.2825389,5.47427,1.0698411,-1.6447893,0.4452808,0.48616052
2.6186903,2.4600348,1.2839975,5.53894,1.0693595,-1.710109,0.8216609,0.46139115
1.6771135,8.509466,1.2818966,5.5989466,1.084512,-1.7069738,0.89013875,0.60292363
2.1651218,2.7027476,1.2366052,5.582261,1.0831461,-1.6921575,2.4739883,0.68897176
1.4915015,7.6832805,1.2155743,5.5712714,1.066354,-1.6822547,2.8990486,0.6776823
2.595241,6.0160723,1.250401,5.5841894,1.0744662,-1.6652882,2.4588282,0.67116237
2.187348,3.9159193,1.2219682,5.6139154,1.075331,-1.7155378,1.6827552,0.6502404
2.189392,2.8425593,1.2691791,5.515664,1.0439873,-1.6504922,0.664958,0.4150887
2.806201,2.8756623,1.2374926,5.497221,1.0780587,-1.6065398,0.51395166,0.47261137
1.3682246,4.9271955,1.2399399,5.457289,1.0747144,-1.6035877,0.5458131,0.41171443
2.9237494,4.614977,1.2457173,5.50662,1.0677645,-1.6453335,0.6443052,0.34045184
2.9066498,4.390272,1.265753,5.513794,1.0969727,-1.7254176,0.99112606,0.6226466
1.3917372,3.7962027,1.2667058,5.463478,1.1048048,-1.7116321,1.1646509,0.42269582
2.7997663,3.5282383,1.2672944,5.511862,1.1245766,-1.6879566,0.74500537,0.5977901
2.5295243,3.5167494,1.2577639,5.5410585,1.0890951,-1.7056376,0.6668607,0.5128963
2.6836872,3.9782534,1.2556329,5.4637785,1.083391,-1.6883304,1.1089752,0.3736003
2.1225457,2.9364038,1.2870598,5.449535,1.1302154,-1.6756151,1.1221056,0.524667
2.411806,5.7669096,1.2634051,5.575553,1.0691271,-1.6194046,0.61474156,0.60031986
2.0617704,7.153381,1.3051791,5.44203,1.0675089,-1.6286614,1.3715179,0.4757632
2.011271,9.531933,1.3079417,5.543845,1.0692861,-1.6453236,0.93712115,0.44495815
1.7741301,2.2079153,1.2819629,5.5528436,1.0687995,-1.6721673,1.0444627,0.47596216
2.4923296,2.1812005,1.2204368,5.5746584,1.0452585,-1.6549183,1.3639543,0.61964715
2.0299945,4.1575065,1.226754,5.658038,1.025378,-1.6401533,1.1750395,0.5220604
1.7247977,6.8796864,1.2588587,5.5954156,1.0515325,-1.6322235,1.1231761,0.54252696
2.7084827,3.191782,1.2816885,5.53726,1.0442557,-1.6174371,0.89347684,0.5056534
2.6222756,3.6436942,1.2820244,5.4994593,1.0486829,-1.6448345,0.55008686,0.53611064
2.799053,4.543875,1.2781777,5.440734,1.0895166,-1.6519008,1.2396832,0.5503354
1.156755,6.213051,1.2676935,5.479039,1.0771744,-1.6527641,1.0165842,0.4567746
2.8273783,2.0376925,1.2580011,5.5167217,1.1023886,-1.6319408,1.3437221,0.6121801
1.5314857,9.824907,1.2369652,5.5164833,1.1130939,-1.677447,1.1129923,0.5944948
1.5119739,7.2233186,1.249414,5.4952755,1.1057634,-1.6791142,1.0903273,0.5278027
2.3971412,4.0243278,1.2433407,5.4732,1.1060355,-1.6878301,0.9789381,0.45762014
2.6347597,3.630401,1.2795689,5.5261383,1.1012859,-1.7220885,1.4731977,0.59006214
2.5854127,3.219977,1.2170687,5.5637293,1.0957456,-1.722475,0.9913751,0.46669078
2.9657903,2.5800374,1.2722983,5.6183486,1.0755212,-1.7384397,0.64528835,0.489326
2.57253,8.140123,1.245544,5.5271306,1.099956,-1.7166533,1.2846522,0.45633966
0.84142435,2.0858047,1.2601762,5.530034,1.1701002,-1.8006182,0.4443761,0.4299127
0.9058795,6.4558487,1.2423606,5.383634,1.2299373,-1.7582126,0.64228535,0.63229597
2.9839067,5.986495,1.3360834,5.412184,1.1832201,-1.8478884,1.491323,0.5075966
0.9482211,5.2128716,1.2346206,5.444061,1.2148185,-1.8069259,0.7360034,0.5607023
2.7342026,3.0132298,1.2209985,5.252277,1.2404547,-1.8073653,0.81530166,0.45285833
1.8486344,8.357471,1.1787109,5.3534136,1.3037946,-1.7963113,0.58782256,0.4598115
1.5119153,4.465047,1.1778181,5.5063515,1.2612364,-1.8849812,0.9630456,0.481723
1.34634,5.359791,1.145643,5.4817305,1.2782495,-1.8998135,1.48283,0.4860375
2.5490375,4.8955154,1.1302764,5.4284163,1.3162212,-1.9256477,0.5945791,0.3604815
0.64292276,2.2223744,1.1456201,5.4635367,1.3139372,-1.9263469,0.3353833,0.44182837
0.55905235,3.7080488,1.2248695,5.5133696,1.3022008,-1.9080814,0.45949936,0.39852643
0.5585431,3.1740901,1.1937444,5.554022,1.3183501,-1.9226886,0.7373891,0.5144241
0.5762925,2.873459,1.2026501,5.542257,1.2925236,-1.8978153,0.79982996,0.53169894
2.9103882,2.0935373,1.1408415,5.549403,1.2875149,-1.8026438,0.9967489,0.6023905
1.0162904,2.5045624,1.1386998,5.5943565,1.2733917,-1.9120526,0.7190757,0.5913706
2.162784,6.882236,1.1293857,5.6216393,1.2646387,-1.8788776,0.36239457,0.40530849
0.8767821,4.351248,1.0999603,5.631778,1.2700927,-1.8770217,0.35019267,0.21770507
0.8231487,4.008676,1.0907679,5.627879,1.2817533,-1.920284,0.3920529,0.29937756
1.3644426,2.789702,1.0451088,5.6807556,1.2686386,-1.8752449,0.5286238,0.45866138
1.8344035,2.5229464,1.0248849,5.6929073,1.2722483,-1.8351723,0.35315216,0.38871902
1.0715523,5.447407,1.0629692,5.647457,1.2670407,-1.9153918,0.34574807,0.27996588
1.4730175,3.3502426,1.0062714,5.6927414,1.286233,-1.91313,0.4190805,0.29736912
1.6339344,5.352523,1.0379863,5.7160683,1.2629786,-1.9023463,0.27461886,0.11638218
1.330872,8.735361,1.0457096,5.704101,1.2980309,-1.8867204,0.27426624,0.04832107
1.6026199,4.0035486,0.9770305,5.724018,1.3201113,-1.9390931,0.43793654,0.16655266
1.7490823,5.6118445,0.9638033,5.8722224,1.3309748,-1.953305,0.5037557,0.5951812
1.5260656,5.595922,0.92972326,5.9186225,1.3785372,-2.0297716,2.750686,0.57416236
1.4852362,9.020178,0.8522496,5.880561,1.4565234,-2.007278,2.6284418,0.7973801
1.4755119,5.628871,0.8608384,5.6909094,1.4580777,-1.9719133,2.3090832,0.7754017
2.1891422,9.835758,0.8546529,5.88141,1.4429386,-1.9947286,2.8046823,0.8572562
1.5830806,9.4423485,0.86266506,5.805107,1.4541793,-1.9909589,2.3927286,0.6797695
2.913455,8.243925,0.8758857,5.80504,1.4299905,-2.0453773,1.5866137,0.5918367
0.77091444,6.9637275,0.90081096,5.921904,1.4481132,-2.0431619,1.0681369,0.4600314
0.7247045,6.897557,0.89861023,5.89064,1.4636476,-2.0385602,1.2018964,0.53318954
0.9537668,9.839153,0.864956,5.9322677,1.4631021,-2.0563316,0.40552366,0.16615677
1.0434275,9.103256,0.8615135,5.956257,1.4524682,-2.0564678,0.31709588,0.3663906
2.5336595,9.359529,0.87030816,5.9312096,1.4451165,-2.0834913,0.10279858,-0.0027076602
1.2194784,9.230748,0.8797083,5.8788304,1.469696,-2.0590048,0.049185276,0.028978348
2.5995917,4.7410135,0.87309194,5.630881,1.5235515,-2.0877905,0.040369153,-0.491394
2.155811,2.1081505,0.8680899,5.579474,1.6052587,-2.1169062,0.0063966513,-0.38777688
1.5742682,5.869957,0.8671597,5.635552,1.6566551,-2.2075145,-0.07162303,-0.4436141
2.75835,8.179955,0.8617048,5.6414714,1.6583984,-2.243297,-0.09842968,-0.38347787
2.078866,8.1811905,0.9062731,5.563027,1.6931727,-2.259861,-0.009645343,-0.4663549
1.2679797,8.262412,0.907285,5.6462507,1.7126634,-2.324326,0.05612707,0.09692824
2.4846444,6.7860427,0.88660693,5.5962133,1.7626672,-2.3156188,0.08267081,0.29754078
0.90103066,8.452236,0.8880509,5.5689936,1.7198398,-2.340428,0.73161995,0.35696197
1.0313148,8.471031,0.887463,5.589447,1.7400706,-2.352426,1.0011635,0.30317497
1.1326885,9.358351,0.856441,5.7568684,1.7139928,-2.3676767,1.0868244,0.41003257
0.78056186,8.5567255,0.8322859,5.785451,1.7530673,-2.3563738,0.62136424,0.6471914
0.7626605,7.6104913,0.8445871,5.756055,1.7541773,-2.382076,0.4947965,0.37137222
0.6436534,5.99727,0.86440134,5.6598954,1.7572019,-2.3161697,0.62632346,0.5388602
0.63421106,5.582033,0.8752099,5.7246447,1.7733049,-2.3451073,0.77820647,0.61889577
0.5884768,3.881512,0.83700085,5.717163,1.7575104,-2.3585298,0.54906607,0.36714226
0.5517937,3.5950673,0.8640766,5.788271,1.7941866,-2.3944588,0.2628504,0.45009482
0.5738495,6.391753,0.81538725,5.913561,1.797972,-2.4013863,0.26744485,0.35369563
0.5758873,7.4004498,0.8057039,5.9922476,1.7940261,-2.4228716,0.36900198,0.50988483
0.52171755,7.3984356,0.8023176,5.9822483,1.7782927,-2.4091012,0.3691944,0.28471118
0.5213358,7.985225,0.774528,6.056899,1.7914934,-2.3977346,0.35428262,0.5305221
0.5270742,7.768809,0.81223583,6.0475583,1.7868016,-2.4629333,0.62393904,0.26775324
0.5197907,5.461957,0.7808405,6.1513386,1.7570786,-2.469648,0.20127177,0.21845788
0.54747224,9.152367,0.7783468,6.137458,1.7655361,-2.4276738,0.25086093,-0.1044541
0.5255297,9.931593,0.767689,6.2172804,1.765593,-2.3775074,0.27930522,-0.072236
0.52713513,8.298552,0.73937786,6.2396502,1.7897248,-2.4002795,0.19087446,-0.24671978
0.51880974,8.903229,0.73554945,6.1278543,1.8014343,-2.3848839,-0.14544886,-0.24432153
0.56475633,8.347602,0.75456,5.920617,1.8456986,-2.4250202,0.09387314,-0.3141263
0.7264634,8.5590515,0.73882914,5.903834,1.8788166,-2.5154605,0.2315011,-0.24041703
0.7836124,8.780527,0.72761905,5.88661,1.8708584,-2.4485705,-0.0021967292,-0.35763437
1.6949292,3.4471884,0.6891451,5.802495,1.9091222,-2.4422255,0.07361066,-0.39398068
2.821826,6.5099387,0.71087503,5.8492513,1.9105396,-2.4516413,-0.32327175,-0.37118107
2.932541,9.5872135,0.6853335,5.892747,1.9383769,-2.4479072,-0.36764342,-0.39334902
1.8738389,2.077092,0.64732516,5.882024,1.9021518,-2.4169927,-0.116782606,-0.36501342
1.6948593,3.8355415,0.6899973,5.877761,1.8925731,-2.4370532,0.45973432,0.05407363
0.6930767,5.4777913,0.7159684,5.7792826,1.8894694,-2.4186327,2.171551,0.6897408
1.6995221,5.0930233,0.692523,5.8042107,1.8998399,-2.458569,1.4348454,0.652143
1.8942103,3.645216,0.6795962,5.929467,1.8917854,-2.45468,0.58539,0.6730807
0.5413059,5.8127923,0.66905475,6.0044947,1.891691,-2.3777995,0.6763581,0.535414
0.7061409,5.6288233,0.6641445,5.9012566,1.8601229,-2.3537903,0.8070742,0.5469341
2.000708,5.061448,0.6569729,6.005167,1.8707094,-2.3827448,0.75440705,0.56460774
1.0577095,7.8431354,0.6056794,5.973772,1.8786013,-2.3902051,0.88834286,0.7286873
0.986671,4.8391285,0.6212523,5.971968,1.8750367,-2.3950508,0.47783875,0.55950284
0.975872,4.738518,0.60375035,6.016074,1.8798046,-2.3923993,0.5503998,0.6206894
0.5184934,4.0912056,0.60255194,6.1910067,1.8711884,-2.409396,0.613093,0.60532236
0.58432364,4.0704527,0.55895174,6.2135286,1.8581493,-2.3990784,0.54205,0.58526444
0.59784186,3.3061318,0.564937,6.260562,1.8346243,-2.3694863,0.5775455,0.6969578
0.53486806,3.105008,0.56224585,6.263014,1.7811286,-2.305865,0.7873521,0.5416987
0.6983377,7.2923303,0.59917843,6.309694,1.7737694,-2.3586404,1.1935143,0.44463754
0.60721534,8.107771,0.60010314,6.4099827,1.7684269,-2.3847184,2.210352,0.41195464
0.5361579,8.110387,0.6025369,6.4549932,1.7828288,-2.3666887,2.3979797,0.59703743
0.5057834,6.435056,0.60414803,6.3821197,1.846302,-2.3741887,1.2758977,0.5759847
0.5150046,5.552944,0.5896554,6.3738723,1.8397691,-2.4023852,0.94096076,0.55585814
0.57905626,5.5879073,0.5635288,6.3403425,1.7997377,-2.404739,0.42801762,0.3000425
0.71063405,7.918541,0.5674052,6.34444,1.8210821,-2.4077182,0.33756626,0.29614007
0.7179569,8.730848,0.5847024,6.4287615,1.7922995,-2.4318585,0.35588443,0.37857354
0.7094701,7.9642925,0.5808635,6.3668714,1.7896409,-2.4147236,0.4564408,0.4310482
0.68478537,6.8700523,0.5580759,6.365159,1.8519132,-2.4573855,0.35065997,0.45947176
0.5962852,6.5266705,0.57237566,6.3552394,1.9186549,-2.5364513,0.41870642,0.5723127
0.5607054,4.2549486,0.5214815,6.2703524,1.9593039,-2.5176444,1.0424988,0.48231447
0.7748827,6.504069,0.5209992,6.361076,1.9529152,-2.5656888,0.5252925,0.59036493
0.7122172,6.1286793,0.51211894,6.327592,1.9623921,-2.5138965,0.18697965,0.21711355
0.63993996,6.770973,0.49201798,6.323633,1.9565387,-2.4834824,0.1159848,0.15033388
0.61113745,8.517767,0.4813522,6.4445877,1.9555542,-2.4936693,0.10645044,0.19504696
0.61301756,8.686863,0.49220896,6.517378,1.9461639,-2.510156,0.32191408,0.23589635
0.67238224,9.399021,0.47166634,6.469533,1.9554503,-2.5137389,0.14795887,0.043641984
0.6696569,9.462509,0.4902053,6.584999,1.9333849,-2.5816271,0.15750623,0.09761566
0.7230547,9.840309,0.5018121,6.4237237,1.9679103,-2.526731,0.23356748,0.2321139
0.66673934,9.365629,0.5110667,6.598916,1.939841,-2.5665703,0.14471376,0.039672732
0.66127884,9.773327,0.5039871,6.4990945,1.9815509,-2.6110072,0.5862706,0.2723261
0.7284532,9.877216,0.56797814,6.474633,1.9900513,-2.6579332,2.5610504,0.56184506
2.89997,8.720308,0.42313528,6.4499545,1.949965,-2.5206554,2.4061692,0.35519123
2.0091171,9.258934,0.4435891,6.462886,1.9579327,-2.5122242,1.7672179,0.52599895
1.0759122,8.316841,0.44929242,6.352005,1.9680386,-2.494329,1.8561153,0.47996455
1.1315143,9.140728,0.44431782,6.2932415,1.9467239,-2.5089355,1.7521646,0.45500493
1.0572621,7.856533,0.45144224,6.373493,1.9078071,-2.489551,1.7361658,0.51626635
0.9957336,2.4937363,0.48191023,6.4823303,1.8411515,-2.4731903,1.9087722,0.52026176
0.6520986,6.7066164,0.4684348,6.4897575,1.8486333,-2.398851,1.5166278,0.36069345
0.6569549,5.5327272,0.48998308,6.502973,1.8622625,-2.4403737,1.0704474,0.63970184
0.6538696,4.908628,0.5317948,6.445285,1.8700163,-2.4542263,0.584077,0.5411725
2.3650885,5.335311,0.90667546,6.555097,0.63736486,-1.2760959,1.267539,0.5834739
2.08982,5.17712,0.8456323,6.562939,0.6657443,-1.2942721,1.4106488,0.45378435
1.4963583,6.4661474,0.83874345,6.6053076,0.67908144,-1.3012779,1.7988007,0.47200835
1.5934703,7.8618026,0.83011293,6.580777,0.709131,-1.2953336,2.0593526,0.58970606
1.4649484,3.6950932,0.84247184,6.564802,0.74570775,-1.3460906,0.7903664,0.5990063
1.6714449,7.6401777,0.846815,6.5045705,0.7224033,-1.348962,1.637198,0.46322334
1.4511883,5.6688604,0.8785093,6.5172763,0.7454417,-1.3965,2.5742602,0.6211225
2.7198064,7.637909,0.83728194,6.5494747,0.7463515,-1.3344929,2.6758466,0.47900897
2.8142867,8.446438,0.8358294,6.561675,0.7099142,-1.3248231,2.915857,0.55011034
2.5304253,8.034729,0.82241976,6.607076,0.714787,-1.3170272,2.239246,0.6146555
2.2556038,6.180008,0.8605983,6.597502,0.71627045,-1.3052804,1.0718913,0.5528275
1.1054426,3.3466392,0.90033054,6.5166264,0.69006276,-1.273879,0.691643,0.5477623
2.3035812,2.1128285,0.88886666,6.524268,0.6687522,-1.2649319,1.057745,0.53068674
2.5435233,2.2041454,0.89190197,6.4502935,0.66323566,-1.2555209,0.4380163,0.54297066
1.5183507,4.3310323,0.8934841,6.4559536,0.6971111,-1.3262484,1.9038951,0.5416411
1.9400108,2.3558774,0.8371215,6.5142055,0.6853745,-1.3200731,2.725415,0.52678204
0.97935915,3.3603196,0.89201915,6.52596,0.7032676,-1.3281903,2.7083404,0.5443977
0.8718863,3.0435534,0.9580009,6.376004,0.69457674,-1.3141725,2.7867303,0.5022123
1.9346684,3.9814453,0.8990936,6.487669,0.72032404,-1.3265183,2.9480846,0.5719634
2.598288,9.453241,0.7961849,6.5864754,0.6935303,-1.3037808,2.8350701,0.574352
2.1901588,3.6484187,0.8975115,6.4465237,0.72786236,-1.2717437,1.6755931,0.51734126
1.7533069,2.2501233,0.86332667,6.4986057,0.6665201,-1.2853937,1.6962371,0.51775885
2.1111014,2.1583767,0.8286936,6.384448,0.71427107,-1.2997202,0.91927814,0.4738559
1.2700121,2.0597615,0.8061906,6.4395957,0.7483511,-1.2820526,0.891778,0.6508416
1.1001434,2.152347,0.82133865,6.3740473,0.7616198,-1.264673,1.2993162,0.6283622
1.3862534,5.389094,0.80810595,6.380452,0.792737,-1.259269,0.5291363,0.31110805
1.558713,5.4376736,0.85609365,6.332364,0.74340916,-1.2738366,0.6831479,0.64636683
1.0624068,6.098574,1.0284269,6.4296937,0.7462323,-1.2550281,1.1272149,0.7053089
2.2562275,2.0079896,0.913121,6.313677,0.7100816,-1.239505,0.9335103,0.4803329
1.3928878,2.0074801,0.9366305,6.340067,0.70189214,-1.247855,0.49723065,0.52274895
1.6336567,2.0072982,0.92650676,6.359457,0.7053516,-1.3042156,1.2140265,0.42839837
1.7039956,2.016131,0.97813666,6.3673053,0.7054422,-1.3134513,1.4218228,0.53465176
1.8011075,2.016261,0.95619774,6.3551373,0.7450192,-1.3786969,1.0159965,0.5531714
1.092474,6.8208137,0.9534433,6.367381,0.766768,-1.3721352,2.2990527,0.5187967
2.9871657,4.501869,0.9897835,6.3984556,0.74660873,-1.3917449,2.8599148,0.5440998
1.7305136,3.5615218,0.9528903,6.377348,0.77785325,-1.4064755,0.8425802,0.41547924
2.2200546,3.6474695,0.9436563,6.424844,0.7750788,-1.3727732,1.1018636,0.63936305
2.140443,3.3565583,0.972831,6.366261,0.75176,-1.3507485,1.5130761,0.66539884
1.7685127,5.5953918,0.938288,6.4176474,0.73398614,-1.3408875,1.7312427,0.40845942
2.128265,8.127424,0.9338882,6.4031425,0.7212858,-1.3572654,2.122473,0.4262203
1.9930472,4.735796,0.93917537,6.446001,0.6966131,-1.3240374,0.5571157,0.45693922
2.8273137,4.0434756,0.87045884,6.4872637,0.75016975,-1.3381209,0.86874557,0.4839177
2.1842926,5.8442345,0.81378746,6.484374,0.7683015,-1.321099,1.4575922,0.5346005
2.7633116,6.7657294,0.7116742,6.5662074,0.7919743,-1.3345159,1.6314743,0.5823525
2.8145704,5.8161325,0.7925893,6.4067726,0.7893231,-1.3594451,2.9580314,0.58561957
2.8912547,8.2605915,0.87992597,6.4366193,0.77318764,-1.3545856,2.93976,0.37027502
1.7319791,5.4847746,0.85687447,6.4732556,0.7513616,-1.3663559,0.7273506,0.26126492
2.6379886,2.750296,0.83532834,6.369113,0.7553654,-1.3297055,0.32153714,0.28441453
1.6454847,2.5991654,0.84455764,6.3603997,0.7311349,-1.2809347,0.20482767,0.2824651
2.9591098,3.1077862,0.97833407,6.264119,0.70282817,-1.2683254,0.3253442,0.23927855
1.3421594,3.2903996,0.9721391,6.250021,0.74793744,-1.308785,0.23875701,0.261092
1.43364,3.270584,0.9924643,6.39705,0.7249384,-1.4229078,0.20808923,0.088404894
2.5369008,3.2737894,0.9161726,6.3936853,0.75827336,-1.31962,0.42205298,0.06773734
0.74515104,2.700881,0.8380145,6.454561,0.77606535,-1.3179291,0.09269774,0.16672266
1.550124,2.9828694,0.72731495,6.51991,0.79168844,-1.3335903,0.19049156,0.18378067
2.029468,5.8160486,0.7450713,6.521411,0.77709436,-1.3235152,0.3341862,0.12556076
1.4294326,4.610571,0.7181076,6.57643,0.7770667,-1.3389477,0.41258693,0.3493796
2.4839182,4.4066706,0.7855183,6.6000423,0.78177404,-1.3833499,0.38230145,0.48526442
1.0361869,3.6726553,0.7902148,6.5630956,0.7857511,-1.4060707,0.93503296,0.5647323
1.2349741,2.220294,0.67399216,6.500535,0.84116864,-1.3820963,1.398027,0.5060165
2.5002656,8.237394,0.7285433,6.4058027,0.82842374,-1.334485,0.55671036,0.38033545
1.6784046,8.8393135,0.8289435,6.4169664,0.8238447,-1.390326,0.7650018,0.4101001
1.872504,7.5904455,0.8229648,6.4029512,0.8118651,-1.4019742,1.0707717,0.4963106
1.6994588,7.4082894,0.7669996,6.495503,0.8271313,-1.4076114,2.207174,0.56990194
1.5245038,6.1771865,0.80324316,6.4426813,0.8397064,-1.4228971,1.1173966,0.6169932
1.330181,2.9801238,0.7899908,6.4616327,0.82566214,-1.3946993,1.3919408,0.56835794
1.2981524,2.527414,0.7654325,6.3689547,0.83368134,-1.4112442,0.4759524,0.53265
1.4361274,3.3016741,0.83634424,6.3700857,0.8548541,-1.3963094,0.30730617,0.1915732
2.031304,4.920829,0.84784317,6.3907166,0.84899783,-1.4319401,0.15582526,0.23293197
2.4791636,6.428593,0.9217186,6.324882,0.7986665,-1.4068358,0.19579625,0.06956375
2.6396496,8.638149,0.8772876,6.2981377,0.84974504,-1.4329677,0.23640215,-0.23379374
2.241841,3.9269152,0.84277093,6.339192,0.8653228,-1.4248359,0.30271053,0.12401676
1.707086,5.09513,0.8213458,6.2931886,0.8870175,-1.4090776,0.10931742,0.3471502
1.5632129,2.7819893,0.8402178,6.34622,0.844862,-1.4249489,0.067943215,-0.20940346
1.9574423,2.485103,0.8394886,6.3173614,0.844342,-1.4548495,0.10564196,-0.22821993
2.259534,2.4284227,0.86187327,6.3711805,0.8773136,-1.5056758,0.09604013,-0.22880101
1.8479016,4.9632215,0.82460093,6.4075904,0.9226129,-1.5298703,0.037378907,-0.26850846
2.5539458,7.1842055,0.7552787,6.408954,0.9549761,-1.52861,0.0031522512,-0.1665791
2.2740197,8.622829,0.758291,6.4042816,0.96331453,-1.5157031,0.2448628,-0.14781448
1.8330771,6.2837477,0.6948017,6.429867,0.9721081,-1.5183111,0.100682735,0.11961031
2.5704517,7.6030607,0.6036346,6.3559313,0.9949758,-1.4829314,0.22349381,0.058018267
2.3213396,8.057273,0.5680945,6.5745525,0.95125365,-1.4967813,0.36026704,0.37118596
1.5444149,3.8012376,0.65908766,6.5599236,0.96503043,-1.512381,1.5822825,0.4798823
1.5592533,2.435184,0.6336744,6.539562,0.95149493,-1.5225371,2.5037558,0.6534014
1.0335442,3.0155,0.6907555,6.459464,0.96437716,-1.5366899,2.3082783,0.6608013
1.6497529,8.725706,0.658149,6.53522,0.95816064,-1.5212328,1.642647,0.48299384
2.0120578,6.223271,0.6898192,6.4883833,0.9108641,-1.4827874,2.8348417,0.5675796
1.5100937,8.133076,0.7320436,6.45386,0.9223249,-1.488888,1.5090957,0.5380089
1.5041808,8.098057,0.7212547,6.486744,0.9017618,-1.4764972,1.9457908,0.51921964
1.1625645,2.4960165,0.7795036,6.454482,0.881438,-1.4465599,2.1013377,0.5275786
1.9898205,4.6516495,0.77399325,6.506489,0.89402056,-1.4343486,2.2410417,0.60228837
1.4965535,8.259683,0.82393384,6.3996515,0.87480474,-1.4615452,2.3896604,0.60318744
1.5296066,3.4767714,0.7971246,6.3783884,0.86882424,-1.4724958,2.6754265,0.54331315
1.5525126,3.796025,0.81932974,6.4062734,0.8342526,-1.4589676,1.2053761,0.5337684
1.5553979,3.3010843,0.82347536,6.317403,0.90275383,-1.4833698,0.87531114,0.54303193
1.5775707,3.7335846,0.82758,6.250979,0.95311785,-1.4822212,0.84733915,0.58206666
1.8381099,4.3444376,0.9088869,6.27771,0.92843676,-1.5276817,0.46774197,0.52576375
2.2971532,5.1050835,0.87785673,6.276573,0.9429617,-1.5732117,1.3903694,0.4885841
1.7685163,3.8481624,0.86648107,6.283926,0.96331596,-1.6027131,1.1006243,0.6152754
1.1839247,3.691012,0.934284,6.344796,0.9852028,-1.6272749,1.2354503,0.6162597
1.5820545,4.9062824,0.9086702,6.266267,0.9899733,-1.5772295,0.7556577,0.5048729
2.0597997,2.5716066,0.8852799,6.184492,0.9791212,-1.5556837,0.8022971,0.597214
1.3024577,2.2467036,0.96092176,6.048839,0.94239974,-1.5462081,0.89858556,0.52556574
1.786199,6.3364105,0.98492086,6.043392,0.955724,-1.5189834,0.46341634,0.3933525
2.97589,7.575114,0.98163867,6.0789914,0.9711423,-1.4977695,1.2576199,0.6136248
2.9686797,8.601622,0.98713684,6.0944104,0.9697654,-1.5050602,1.1843605,0.5217154
2.3005636,7.003954,1.0925527,6.057893,0.9523251,-1.5238532,2.32382,0.51547027
2.0756335,7.154847,1.1380112,5.927771,0.9223056,-1.4832058,1.0824058,0.6296375
1.2052796,3.8318415,1.1130435,5.909316,0.9391501,-1.4791737,0.5911648,0.6198875
2.9007468,4.728563,1.1069567,5.8741193,0.9635434,-1.5006024,0.76667845,0.42392677
2.7509708,3.338377,1.0686693,5.8625402,0.9588618,-1.4949427,0.4631344,0.39988637
1.6466321,2.3093982,1.1015105,5.8552475,0.96856284,-1.5400183,0.9425422,0.4571439
2.7618132,2.9882522,1.077878,5.807897,0.9889431,-1.5108929,1.0583215,0.6249021
1.9203563,4.478783,1.164309,5.8825974,0.9548793,-1.5352297,0.6885698,0.5407517
2.7587137,6.8260493,1.1539311,5.7665963,0.9716644,-1.4989132,0.5774666,0.39377785
2.896115,6.734789,1.1466818,5.7302322,0.97703576,-1.4972711,0.51690924,0.40620345
1.5436878,7.6087766,1.179203,5.752532,0.96328664,-1.4647341,0.73708117,0.5958824
2.8982456,3.8270392,1.2241428,5.772504,0.96350384,-1.565912,0.86748326,0.5376698
2.8775864,3.8619769,1.20261,5.763709,0.9525659,-1.576267,1.1796765,0.52361953
2.483558,5.0477557,1.1894073,5.8780575,0.9535949,-1.5529641,0.9271375,0.6241152
2.9630795,2.7150311,1.1979413,5.833206,0.9415004,-1.5601695,1.2251966,0.6284852
1.4957584,5.194033,1.2021518,5.8169856,0.92980576,-1.5002282,2.449412,0.7862036
1.4350646,8.19279,1.2710395,5.83084,0.91894436,-1.5828861,2.4875379,0.76364684
1.4450576,5.3401427,1.2341859,5.828225,0.9115181,-1.4605355,2.9884424,0.64781356
1.5265335,5.137699,1.2765713,5.7159405,0.9520941,-1.4788771,1.9415503,0.719926
2.0511131,4.9404044,1.3372123,5.684876,0.9886968,-1.6357379,1.9480269,0.65296316
2.9259768,6.4121,1.2325087,5.576659,1.0660079,-1.6851864,2.4249387,0.40630794
2.915691,5.6726904,1.2776897,5.4910173,1.0607812,-1.658547,1.1282232,0.31128645
2.4619155,5.1140556,1.2393212,5.49918,1.1159513,-1.6896675,0.2114774,0.32041264
2.7664776,4.4653616,1.2168269,5.4841146,1.1085696,-1.6529132,0.66246545,0.53214216
2.850571,2.6380515,1.2021661,5.6080036,1.1046805,-1.6616005,0.7833272,0.676129
1.4648561,2.41369,1.2379632,5.606356,1.0963643,-1.7088835,1.3803296,0.6893617
2.601367,2.2561648,1.2005374,5.665387,1.0971398,-1.6904583,0.9561261,0.5723337
2.1911132,2.202812,1.2648785,5.5469427,1.1070423,-1.7444385,0.62815726,0.5352758
2.4465647,7.0001383,1.2814021,5.473979,1.107547,-1.735183,1.2998996,0.4285308
2.4642377,6.819617,1.2824998,5.311,1.1083267,-1.6624963,1.2339189,0.37249506
2.4925394,7.068677,1.2772963,5.393487,1.1086318,-1.5962139,0.3010062,0.26517045
2.3184404,4.022633,1.2984879,5.462806,1.1121361,-1.7257434,0.4501959,0.32788897
2.5385275,7.006149,1.2736144,5.429593,1.1451869,-1.7415904,0.46157718,0.1729021
2.2426362,3.3255908,1.2968712,5.4363465,1.1331313,-1.7637417,0.31368864,0.20341796
2.2913022,3.9486978,1.3019567,5.4050455,1.1271265,-1.7745969,0.23273039,0.1498797
1.9079943,3.5983505,1.2760286,5.4402056,1.1289923,-1.7767797,0.5956136,0.15043342
2.6637568,3.2410371,1.2731609,5.44581,1.1464252,-1.7369583,0.17455184,0.20700079
2.1049685,3.4827728,1.2749,5.442702,1.1284685,-1.7328157,0.34630942,0.27973735
2.3939664,2.3968034,1.2594423,5.4514,1.1395426,-1.7285092,0.26055813,0.19890004
1.8538139,2.048927,1.2535143,5.396343,1.1483457,-1.7072506,0.34970212,0.32626987
2.5614538,2.9571266,1.2528443,5.3804474,1.1694803,-1.6986783,0.5831138,0.5487572
2.4023259,3.5224905,1.2897303,5.383649,1.1683652,-1.7262928,0.9215814,0.5970609
2.8159535,2.5329533,1.391058,5.355788,1.1058462,-1.7690327,0.71867526,0.5336515
2.5119333,2.5675771,1.3924811,5.2714176,1.10977,-1.6748505,0.21346712,0.3515849
2.2835076,6.501222,1.3302381,5.2782784,1.1069615,-1.663791,0.5567026,0.314018
2.7020009,3.6145744,1.3481412,5.1974783,1.1199896,-1.631431,0.4996816,0.36194468
1.6916056,2.2300599,1.3773096,5.256233,1.0309157,-1.5695437,0.64038515,0.4135512
1.8264877,2.4487839,1.3904898,5.2561636,1.0537715,-1.5697525,0.82466006,0.6038697
2.0577958,2.3880534,1.3751655,5.238231,1.0704107,-1.5538325,0.79099405,0.6922381
1.6652644,2.1543052,1.3651068,5.3217235,1.0561283,-1.5960431,1.1628101,0.53763425
2.9352744,2.962908,1.3685713,5.3821335,1.0584731,-1.7060254,1.2937851,0.35265833
2.7116632,4.1610928,1.3445129,5.391908,1.0815012,-1.6418407,1.3108394,0.6240109
2.328619,2.3687778,1.3462574,5.377722,1.075088,-1.6981736,1.4074593,0.62165296
2.7292273,4.607778,1.3431597,5.371394,1.0784364,-1.6570491,0.8895583,0.61602855
2.234402,5.19627,1.3403242,5.5257463,1.0830615,-1.6983156,1.6389802,0.58978677
2.9228702,4.5162964,1.2748101,5.523106,1.0626147,-1.6418635,0.59102607,0.7102635
1.0374663,3.6326113,1.3112829,5.457119,1.0604649,-1.7082361,0.68257225,-0.0007477999
2.6529605,3.9485836,1.3454375,5.453742,1.0516515,-1.6923664,0.049274445,0.049393535
2.577712,5.8984156,1.3164368,5.4227705,1.0517719,-1.6935903,0.3946656,0.3065486
1.9788975,2.4723425,1.3111048,5.497963,1.080034,-1.7393545,0.382877,0.35444224
1.6742364,4.762578,1.3227451,5.4965997,1.1173494,-1.7570412,0.3255006,0.24676394
2.8826938,5.7901883,1.3096795,5.509285,1.084758,-1.6882803,0.592226,0.3434645
2.4974124,2.9980948,1.2396743,5.5192766,1.0583215,-1.7053876,0.53965914,0.27457637
2.5207963,7.3435907,1.2746036,5.285432,1.1733665,-1.7144248,0.5129483,0.24270284
2.7551157,4.782487,1.3285403,5.2925587,1.1687107,-1.7323432,0.29518628,0.37558615
2.517065,3.2163017,1.3468835,5.2251406,1.1467881,-1.758446,0.49228466,0.2206989
1.1938525,6.255914,1.3770821,5.3051167,1.1767392,-1.7913172,0.39345837,0.45986116
1.7718743,3.5614073,1.3098633,5.269649,1.2238414,-1.8177747,0.6746062,0.49365062
2.809873,4.4018517,1.3024833,5.32705,1.2247949,-1.8674577,0.54785705,0.3599007
2.4516299,4.5766325,1.240474,5.2069983,1.241302,-1.7405866,0.6045401,0.36227924
1.9191227,6.418943,1.2493358,5.281102,1.2697308,-1.7778028,0.48714042,0.5191989
2.3433084,4.880843,1.2363153,5.349285,1.266597,-1.8477111,0.84968984,0.56088674
1.2022464,8.797094,1.2083714,5.3340316,1.319613,-1.8988519,0.8405509,0.6309328
2.9692652,2.6785128,1.1801572,5.308198,1.3259189,-1.8540545,0.7451961,0.5301869
2.9702938,5.3184137,1.2310464,5.16454,1.3278573,-1.898156,0.5837636,0.51210165
2.9902358,6.469279,1.2601197,5.1912093,1.3556552,-1.9059551,0.71001244,0.35342765
2.189742,5.0261774,1.2621684,5.045056,1.3853662,-1.9079133,0.7534723,0.3187803
2.0583746,9.033481,1.2681336,5.1693363,1.3869092,-1.9109149,0.9110601,0.43845654
2.810992,6.4750166,1.2616122,5.158658,1.3365202,-1.9007467,1.5447364,0.59051514
2.8950126,5.3616986,1.2444525,5.2062697,1.2747917,-1.8822699,1.8986003,0.61760664
2.0823078,7.042506,1.3127232,5.1411443,1.2636707,-1.8862815,1.2914574,0.35182393
2.3488207,5.2519264,1.3918824,5.0543737,1.2504005,-1.7874669,1.044492,0.63110316
2.6058717,4.6612887,1.3878279,5.042519,1.2519662,-1.8070127,1.2379646,0.6426842
2.42147,6.3013535,1.3861179,5.0926085,1.2466495,-1.8692119,1.245739,0.5573163
2.4594808,3.998329,1.3524079,5.052208,1.2924259,-1.9217873,2.4088652,0.5333152
2.5210094,3.6265125,1.3863828,5.0677366,1.2690291,-1.9082854,2.4606395,0.5898391
2.939353,2.8440504,1.350126,5.0392675,1.2733014,-1.8811333,1.9712496,0.4882313
1.5562131,8.935249,1.3543825,5.180917,1.2935627,-1.9397914,1.5312588,0.54051876
2.558142,9.67222,1.361351,5.13706,1.3255806,-1.9669199,1.8481176,0.37730646
2.2815442,2.2103624,1.346201,5.122772,1.2867,-1.8729795,1.3712931,0.5396061
2.419931,7.689722,1.3138981,5.191608,1.2894397,-1.8593782,0.45481253,0.55889606
2.8010004,8.893723,1.3339376,5.1484632,1.2598226,-1.8818645,1.7508273,0.3113233
2.5773687,9.4080715,1.3206444,5.175001,1.2772651,-1.8464773,0.22943282,-0.11556801
2.8053474,9.547472,1.3197501,5.113996,1.2903895,-1.8629727,0.37866282,0.011199117
2.02168,2.2337964,0.7418668,6.5066404,0.68510604,-1.2425641,0.8039005,0.5398369
1.3072913,2.4617207,0.7673093,6.507763,0.6930988,-1.2486286,0.44876385,0.2368598
2.0707278,4.486393,0.7197931,6.53405,0.7375314,-1.2580214,0.35637248,0.3864048
1.8867996,3.231879,0.81640124,6.436121,0.7628708,-1.2444577,1.0254078,0.52064383
1.4783986,2.7984507,0.7785746,6.388178,0.7586024,-1.2726699,0.936867,0.7115464
1.2393817,2.249834,0.8662822,6.4291697,0.73582125,-1.3337355,2.907448,0.75855124
1.6934218,2.4445121,0.8095659,6.4203215,0.76079535,-1.3070617,2.1426158,0.6646913
1.1101291,2.0421162,0.66439223,6.485027,0.7816987,-1.2921306,2.5706923,0.54053676
1.8240576,2.9010096,0.78130436,6.5455523,0.7818928,-1.2963703,2.643767,0.7069323
1.0068783,3.494774,0.83826685,6.4940786,0.81034875,-1.3864342,2.8413334,0.69452107
2.3491693,4.969761,0.8553903,6.440357,0.8006284,-1.3886995,2.1480129,0.71727884
1.5119723,6.6016207,0.868317,6.4497576,0.7603085,-1.3885756,2.634631,0.46005177
0.91203994,2.5679674,0.8921114,6.480846,0.7348213,-1.3622782,1.7435496,0.54818344
1.0905179,2.8089795,0.8938967,6.364317,0.7496669,-1.3163062,1.8927891,0.546237
2.7709916,2.4431396,0.8944578,6.4584703,0.75245523,-1.3534346,2.5829084,0.36666983
2.5459704,9.74765,0.88878906,6.4519405,0.7497349,-1.348264,1.8933592,0.5529585
1.1653056,3.6398442,0.84350634,6.468374,0.76604724,-1.3633711,2.381381,0.6102756
1.4712946,2.5789924,0.8509731,6.5401387,0.75192213,-1.3892877,2.1685987,0.60023665
1.0253041,2.2273054,0.814288,6.5407333,0.73961353,-1.3565245,1.0225871,0.59719133
2.4885564,2.6514678,0.86411834,6.555604,0.7460048,-1.3322479,0.8129983,0.6550294
2.2363029,3.974218,0.8946519,6.5243855,0.7031646,-1.2983153,2.6424987,0.56032264
1.6159352,3.1953652,0.846998,6.5808325,0.7009058,-1.2944744,0.48706174,0.6077082
2.6148942,3.0613627,0.7812817,6.594298,0.72798085,-1.3461833,0.5009192,0.49349034
1.8251401,5.3238688,0.76254857,6.49714,0.7723763,-1.3243186,1.080704,0.41327482
1.8929636,7.8981605,0.6997614,6.5463076,0.7753241,-1.3192115,0.4967785,0.20770651
2.100523,5.56295,0.6889465,6.540127,0.7782788,-1.3274498,0.14332962,0.40046287
2.1091022,8.49299,0.7679087,6.4766426,0.76421165,-1.3000427,0.6159315,0.20336354
2.9134176,8.255983,0.8030362,6.49417,0.74546456,-1.2909732,0.9057765,0.615494
2.901443,7.960109,0.8398516,6.3581657,0.74682546,-1.2647306,0.8026675,0.34865826
1.6941829,3.7306533,0.8357041,6.3503437,0.7377763,-1.2441541,0.33611453,0.31753713
1.3620892,5.8734336,0.7994528,6.4725733,0.75003624,-1.249089,0.61486435,0.468583
1.0007151,3.674299,0.84791434,6.470562,0.81904364,-1.4046059,0.7188897,0.44847298
2.7722251,2.212597,0.7183322,6.33348,0.8432555,-1.4015274,0.64950407,0.47346342
1.147608,9.175894,0.9188659,6.35254,0.8442192,-1.3941436,2.0434995,0.5173838
1.2008328,9.677067,0.940565,6.477048,0.8617883,-1.4559891,0.5754061,0.4062152
1.9121104,9.319079,0.86395097,6.30157,0.8805678,-1.4751542,0.5264721,0.43289912
1.9489895,3.696471,0.8681612,6.260724,0.9424715,-1.5451298,1.040576,0.404333
1.5377889,6.4549046,0.93924975,6.134839,0.94244146,-1.4554651,1.1822934,0.6321286
2.342116,7.591384,0.9358493,6.1644325,0.9464066,-1.5164213,1.025454,0.6374098
1.8537579,2.9621015,0.96042204,6.1823854,0.94838,-1.5056427,0.49231255,0.60324955
2.3249354,8.863819,0.975752,6.17862,0.9384897,-1.5538743,1.7034535,0.5413885
2.3968763,2.2929554,0.9796126,6.1558084,0.9708519,-1.5777014,2.6482885,0.62272584
2.9445593,9.75371,1.0172656,6.172452,0.934319,-1.5606364,2.5498126,0.5928464
2.9573498,6.296042,1.0255578,6.116622,0.9191401,-1.5131748,2.208155,0.55610156
1.6147977,7.5216274,1.0116687,6.1246715,0.9036114,-1.5073892,1.3160362,0.5555918
1.6967136,8.529657,1.0171354,6.1689024,0.8856914,-1.47931,2.0454323,0.5499737
2.6801405,9.195062,1.0184121,6.1355753,0.8814473,-1.4791392,1.9062347,0.36633044
1.4734898,2.2503781,1.00598,6.197808,0.8700206,-1.5226746,1.8946567,0.4249072
1.9506723,2.8647056,1.0019436,6.2973385,0.8648696,-1.5305023,2.362908,0.6582
2.0859945,8.698641,1.0513809,6.190815,0.8599632,-1.4966812,2.5947366,0.64769316
1.6720436,7.7024155,1.0429478,6.2217417,0.84420776,-1.4820503,1.9293926,0.6666583
1.6459571,4.9580183,1.0194721,6.3296113,0.8515434,-1.4706069,1.5856378,0.3979839
1.384099,5.935035,1.0938451,6.3037395,0.7689383,-1.4036204,0.8360702,0.51326513
1.288598,2.6639984,1.0349345,6.1783576,0.8368616,-1.4154506,1.3485794,0.46644592
2.3169837,3.3587656,0.99763155,6.197197,0.82592535,-1.4043376,1.366142,0.31672776
1.5504596,5.110364,1.009891,6.1817656,0.82736063,-1.4041684,2.6724603,0.67120504
1.5170887,5.098574,1.0176926,6.1449003,0.80125666,-1.3951619,2.2778873,0.60236907
1.8787585,4.097033,1.0438433,6.1859965,0.7732959,-1.3718295,1.6402133,0.66478324
2.0792074,5.9454184,1.1606083,6.0968494,0.76809216,-1.404561,1.2331996,0.5005752
2.682465,7.4748735,1.174201,6.0642734,0.7570522,-1.3363173,2.901992,0.608544
2.5586972,8.43475,1.1466546,6.0895753,0.7147181,-1.364752,2.9701822,0.6102693
2.4985385,7.8198943,1.2017932,6.199262,0.72705793,-1.3852432,2.955862,0.71619976
2.6467505,5.877971,1.1733897,6.1100636,0.748487,-1.3156912,2.9742296,0.67071915
2.5582988,6.4944754,1.1537178,6.066162,0.7347946,-1.3186107,2.986567,0.6124742
1.9739043,8.335108,1.148391,6.066807,0.7598834,-1.340673,2.9456213,0.64468205
2.5457892,6.15814,1.0608163,6.129139,0.77015305,-1.3420422,1.0449111,0.1537708
2.4746091,7.6060777,1.0730302,6.0630517,0.77937365,-1.3357522,0.24006188,0.2682678
2.7668977,5.4042053,1.085943,6.2042513,0.71068573,-1.2424223,0.21093023,0.30085695
2.7850642,7.1936374,1.1398213,6.128676,0.7051325,-1.2487824,0.36401904,0.1727848
2.1858058,2.7752366,1.1430113,6.1483326,0.6379788,-1.2113653,0.41180134,0.15564841
2.7584429,7.6010346,1.1410756,6.2049713,0.637424,-1.2380129,0.52834654,0.22213942
2.8597274,7.293279,1.082859,6.2707405,0.6431465,-1.1750734,0.015193582,-0.022599697
2.6555734,9.68541,1.0934789,6.2253914,0.66915655,-1.2271975,0.077971935,-0.11843729
2.5835092,6.4535575,1.1082056,6.1885443,0.66727066,-1.2342632,0.14308953,0.008246303
2.6354601,6.4399686,1.1627164,6.168712,0.64986277,-1.2461965,0.21788812,-0.04105127
2.2779622,6.679589,1.1428676,6.1927247,0.66589546,-1.2746227,0.21840465,-0.033272564
2.1358705,5.023999,1.1484714,6.175376,0.6654813,-1.2484736,0.16963708,0.21113282
2.846451,5.0234,1.1935527,6.2099676,0.6200378,-1.2396616,0.104545355,-0.04752773
1.0987501,3.1139421,1.1595974,6.309841,0.60255146,-1.1975756,0.36038494,0.25170255
1.4889828,2.1244519,1.1415484,6.2831216,0.582073,-1.2090472,0.29066098,0.19296628
2.0241942,2.3147082,1.122036,6.301457,0.58309627,-1.2138531,0.25250387,0.15741217
2.108213,5.244299,1.1281888,6.3296204,0.5873575,-1.2377694,0.58660626,0.26735258
2.8433156,3.2344964,1.201637,6.321352,0.60703945,-1.2527636,0.53746784,0.5523484
2.7456307,7.748975,1.0914397,6.3703218,0.67440844,-1.2629825,2.4487584,0.61370885
2.5149314,4.7352543,1.0816121,6.310706,0.66857505,-1.3143783,0.8296648,0.27253485
1.2510715,2.6777985,1.0877848,6.3177376,0.66850996,-1.2967308,1.340924,0.6258942
2.2669349,4.0717564,1.0289612,6.376807,0.6869762,-1.2388189,0.6506907,0.36490428
2.5912008,3.5854115,0.8746393,6.511331,0.7235,-1.2867937,0.22425795,0.40562797
2.7332127,6.3706183,0.8102933,6.6241794,0.72047305,-1.2880765,0.15023363,0.38960898
1.5736604,3.8624475,0.73754454,6.648776,0.70714617,-1.3283662,0.1989739,-0.04632622
1.1096649,4.550802,0.74130416,6.750796,0.7345762,-1.3502358,0.22657824,0.045635343
1.0602031,4.381811,0.7463672,6.7024274,0.7626133,-1.319427,0.6539099,0.35978943
1.0357571,3.8453104,0.73823714,6.724932,0.7232194,-1.3377049,2.0433357,0.5425472
1.5506042,2.1326325,0.71564364,6.6765857,0.6957624,-1.2436006,0.43592203,0.4963618
1.1637356,2.0011854,0.7389765,6.6632953,0.6840029,-1.2795091,0.50514257,0.3921126
1.171206,2.011648,0.71652687,6.704263,0.6976509,-1.2949471,1.9004819,0.5477407
1.0673175,2.2939415,0.8494544,6.649618,0.6976352,-1.3217214,1.3476849,0.5744567
0.9500513,2.3681529,0.8088803,6.574233,0.6805241,-1.3121083,0.8412175,0.49029326
1.4716707,2.2990823,0.8780166,6.5876074,0.7013047,-1.3113127,1.0262239,0.56902313
0.8506011,2.1446545,0.87112975,6.6472764,0.6760211,-1.3087964,0.84686875,0.580595
1.5322306,5.6393747,0.84649813,6.5570087,0.6904876,-1.2635007,0.80934334,0.5770056
1.8122667,6.2548614,0.9184487,6.517019,0.66888094,-1.289504,2.7715797,0.41646338
1.2410164,4.4531097,0.94423854,6.46493,0.67541814,-1.2762988,2.695722,0.58812726
2.8058817,2.8233032,0.9245994,6.479347,0.699569,-1.2762289,1.3217072,0.572791
2.709651,9.382793,0.90667474,6.492211,0.6337068,-1.1084638,1.6784456,0.33455753
2.3277407,5.002851,0.9719629,6.3832593,0.63763595,-1.1174623,1.2086675,0.3304454
2.856897,7.607782,0.91669345,6.5887613,0.58993244,-1.0857627,0.60771954,0.65876186
1.9698398,6.1031494,0.8553002,6.4752464,0.5686686,-1.0594833,1.2614636,0.6022115
1.7702396,2.3784733,0.8486153,6.5005465,0.57252073,-1.0714867,1.001883,0.5373156
1.9068888,6.104594,1.0395658,6.5073805,0.56851935,-1.1242363,1.0252888,0.36850357
2.352664,6.883977,1.0674582,6.495496,0.58354664,-1.2175515,1.8999252,0.54784524
2.3657851,5.731591,0.9846909,6.4890842,0.52785516,-1.1265002,1.0433838,0.49441516
2.3372765,2.897917,0.997998,6.521189,0.5299859,-1.1149402,1.8363707,0.49543732
1.7701349,2.2500043,0.95367956,6.5155687,0.5672889,-1.22069,0.5333971,0.5179968
1.726212,2.6243138,0.92785907,6.4992633,0.6189859,-1.2013965,0.13335502,0.1645993
2.0703928,4.7271676,0.9055047,6.458773,0.5977919,-1.1542443,0.62268734,0.29673064
1.7909437,5.684478,0.8205,6.596713,0.6147442,-1.2157112,0.14763594,0.1982072
2.5119152,6.1577473,0.84882486,6.597443,0.6107125,-1.1819882,0.19768345,0.031589985
2.0875316,5.11629,0.8508532,6.5951643,0.6105859,-1.1884475,-0.037116528,-0.45354468
2.2939553,6.371351,0.85919213,6.5863767,0.58016706,-1.1677619,-0.062244654,-0.28133854
2.2788801,5.529316,0.8585062,6.6909223,0.56358457,-1.1999016,0.060859084,-0.36713412
2.3625195,3.1286125,0.861801,6.637791,0.56359076,-1.2245568,0.086019635,-0.121275365
2.6859102,5.3464913,0.8550806,6.7060537,0.5663631,-1.1871954,0.087371826,-0.137887
2.001686,6.751938,0.8662274,6.6291475,0.54198813,-1.1456537,0.2741933,-0.2988956
2.5775702,7.2607794,0.8308945,6.643331,0.5483568,-1.12003,0.13675964,-0.28070608
2.4782963,6.1724973,0.7983458,6.709031,0.5520017,-1.1670911,0.050046444,-0.39080322
1.9260743,5.6512356,0.8454989,6.807203,0.5424316,-1.1628753,-0.23300892,-0.36821434
2.7433171,5.403532,0.7280153,6.6939535,0.5526376,-1.1410942,-0.12264341,-0.4443837
2.6152625,7.8247695,0.7390138,6.790374,0.5554149,-1.13156,0.24936748,-0.024769127
2.3693407,7.912892,0.7543018,6.691392,0.56225705,-1.1430656,0.039805412,-0.091937244
1.629164,4.905976,0.79213214,6.678481,0.54791474,-1.1138728,0.63842833,0.1273638
1.896458,4.1432457,0.736336,6.700125,0.58290386,-1.1321967,1.1866384,0.64211
1.6105264,5.444764,0.70468664,6.70057,0.6251509,-1.1816483,0.7133517,0.34330785
2.033278,3.6410615,0.7021009,6.7431116,0.63889384,-1.205923,0.8269023,0.6089022
2.0361502,3.9914825,0.7462559,6.7723074,0.6318352,-1.2465608,1.2433183,0.5182668
1.3516638,8.511902,0.77705467,6.7258444,0.63901615,-1.2325884,1.7089725,0.4842018
1.7024958,8.314557,0.7918656,6.711111,0.66780615,-1.2839152,2.0272608,0.532562
1.6226226,4.4980087,0.7965374,6.646276,0.6681378,-1.275543,2.305861,0.6303737
2.449842,6.503568,0.78131866,6.537108,0.6724448,-1.2613363,2.545941,0.6697366
1.5845531,5.289048,0.73698235,6.674165,0.6301267,-1.2283924,1.1461706,0.53260446
1.2310426,3.020882,0.7292621,6.72446,0.6118219,-1.1668292,0.71404684,0.56933665
2.0649269,2.5857618,0.64158416,6.7364416,0.58881617,-1.1032517,1.1097126,0.623572
1.7685733,7.7911887,0.60814047,6.844619,0.54948735,-1.10375,1.3083093,0.61044765
1.9876161,8.402435,0.6235187,6.811905,0.54055023,-1.1226153,2.5217214,0.5825875
2.0896053,4.885851,0.5891626,6.844073,0.5256071,-1.0513699,1.5929661,0.4915306
1.6617793,3.1165066,0.5381017,6.850304,0.5216639,-1.053606,1.0216312,0.44690007
1.3229607,3.2262397,0.55199695,6.8025837,0.5497594,-1.031058,0.21406496,0.4069699
1.5833311,3.0278864,0.61636424,6.8610945,0.5411272,-1.094198,0.710276,0.3939507
1.815766,3.2726092,0.6588173,6.86934,0.5510266,-1.1030197,1.0132358,0.74040556
1.350583,2.3982677,0.6739559,6.791065,0.5130389,-1.1065626,2.424764,0.7271211
1.284544,3.3999724,0.6919106,6.8400936,0.5580604,-1.1319033,1.8905787,0.5986134
1.3995202,3.27862,0.7156527,6.856254,0.54573154,-1.1167963,0.88032067,0.5950463
2.191545,3.3959098,0.59225845,7.033364,0.5681753,-1.1780756,0.87620616,0.5495602
2.31199,5.2617984,0.4543947,7.100891,0.57403827,-1.1820714,0.86518586,0.5259228
1.8172538,4.405729,0.36917067,7.1291676,0.57462287,-1.1945744,0.589769,0.5831944
1.9358363,4.20881,0.5572183,7.0662317,0.5069907,-1.1860247,0.9217459,0.52385306
1.6569148,3.2303824,0.6711254,6.895253,0.5693834,-1.1751146,1.2858319,0.6355274
1.1794543,3.476689,0.6719787,6.912202,0.5460737,-1.1805,1.5507076,0.39470935
1.1312876,3.036488,0.5950856,6.8929253,0.56041336,-1.099051,0.86596,0.58487535
1.1663344,3.5085065,0.5681126,6.9637966,0.5386634,-1.0557191,0.612576,0.53971636
1.8000386,3.4101133,0.46349514,6.86945,0.55117893,-1.0467584,0.55314004,0.49048316
1.7282279,2.9283607,0.47376502,7.014163,0.51394916,-1.0318412,0.965068,0.5905007
1.231263,3.3446045,0.37303972,7.0696626,0.5006449,-1.025068,1.3573601,0.5400289
2.3799748,2.9302135,0.5271523,7.076771,0.502414,-1.1195049,0.76969516,0.6363075
1.2272357,2.404261,0.419865,7.2231927,0.50800276,-1.1334465,0.6357559,0.36820447
1.0203198,5.7026954,0.4416474,7.2134733,0.49046445,-0.99339366,0.45334733,0.2869215
1.1225162,5.0415964,0.4904976,7.191286,0.50426364,-1.0842294,0.2866708,0.18620145
1.0697844,4.0143924,0.46100307,7.2696447,0.48451638,-1.098711,0.19506586,0.3751278
0.98805344,4.591316,0.46675873,7.343783,0.48574448,-1.1313128,0.14093804,-0.073843956
0.9658134,4.5897036,0.44932437,7.359778,0.5018232,-1.1392236,0.038452268,-0.027081668
0.88638425,5.925397,0.4801966,7.368592,0.5310509,-1.1442568,0.16647649,0.017817318
1.0488801,4.966293,0.51057756,7.358816,0.46951294,-1.1639483,0.19698036,-0.038036346
0.9479803,4.820072,0.47400403,7.421985,0.46500897,-1.0832956,0.28686583,0.029295564
0.9459932,4.4421916,0.4563985,7.2426653,0.47890568,-1.005077,0.055779696,0.07881892
0.975962,3.1953435,0.42140245,7.238633,0.43759012,-0.96610165,-0.0011306405,0.14009821
0.87515324,3.1360974,0.53262997,7.3151455,0.42301965,-1.0862399,-0.044264853,-0.46774772
0.83810806,4.271654,0.5616169,7.3233333,0.46374583,-1.0389984,0.06079769,-0.47777265
0.90193814,4.2704515,0.53359914,7.305538,0.4678626,-1.0469322,-0.15519059,-0.10496163
0.9393734,4.606082,0.54524326,7.269603,0.45771122,-1.0694007,-0.0923149,-0.120141745
0.8889088,5.176068,0.5904709,7.3750367,0.45278287,-1.0909555,-0.15628564,-0.37174067
0.80653596,6.005157,0.590225,7.4465218,0.46362114,-1.0756792,-0.09578955,-0.40949255
0.77286285,6.237315,0.733394,7.576194,0.41917777,-1.0756327,-0.06674266,0.027675271
0.78204334,5.970747,0.8040173,7.528521,0.38903856,-1.1118634,0.118694305,-0.072916776
0.69000113,5.928406,0.8325592,7.5780153,0.40462136,-1.1093936,0.10360122,-0.28423384
0.69041353,5.866389,0.78524756,7.57234,0.41776156,-1.1151469,0.025156975,-0.471154
0.6511057,5.3180428,0.60777974,7.7702274,0.42435026,-1.1048403,-0.01240468,-0.48990813
0.64991033,5.1088724,0.5783808,7.7744517,0.44167447,-1.0890551,-0.044461668,0.11076069
0.6447308,4.7248907,0.58240914,7.716184,0.42704058,-1.0512836,0.40141797,0.0012527108
0.64317954,5.0882587,0.5637431,7.7073703,0.42788744,-1.0959274,0.2415663,0.15137047
0.6482044,3.8618827,0.4971434,7.679249,0.40307355,-1.0857722,0.231758,0.2109673
0.65449256,3.52034,0.5761883,7.541644,0.41412115,-1.0678687,0.3940792,0.18265623
0.6260702,3.3226237,0.52652955,7.6870785,0.38816404,-1.0439253,0.26760972,0.17005229
0.6523519,3.154963,0.450922,7.5863433,0.39983678,-1.0473428,0.20645893,0.1805349
0.7046116,3.1394708,0.3803017,7.581826,0.42546582,-1.047198,2.8180642,0.5657166
0.6556436,3.299389,0.41031802,7.71936,0.40441585,-0.9879477,1.8418484,0.7618642
0.7240502,3.4653668,0.40935302,7.6976905,0.3905778,-0.9797826,1.8419065,0.7868719
0.6931063,2.8160746,0.28697717,7.718728,0.38936734,-0.9734082,2.1663232,0.494251
0.7021036,2.9787986,0.32187688,7.6260376,0.3973062,-0.9643481,0.7239839,0.5919733
0.7093456,2.657073,0.30040383,7.621315,0.38232923,-0.9729085,0.280293,0.4737293
0.85634387,2.3413677,0.2605182,7.5894885,0.37386155,-0.94484663,0.6673689,0.50834334
1.4205964,4.6860905,0.48750997,6.912382,0.6196189,-1.1718682,2.2448378,0.5363271
1.3154285,7.0027785,0.59981394,6.8914733,0.6354139,-1.1868446,0.59850514,0.4611156
1.0620813,5.5435324,0.59201944,6.9674735,0.6323981,-1.2080752,0.5635234,0.484581
0.96831036,6.1718583,0.70063734,6.9427633,0.68092847,-1.2644501,0.490201,0.2972505
0.92987937,3.0983238,0.69992304,6.7817497,0.64147973,-1.2487912,0.19505668,0.2846973
1.3175604,3.4652302,0.62120366,6.8547435,0.6200526,-1.2347603,0.61333406,0.28889918
1.1182277,2.1508844,0.54409957,6.950097,0.5491345,-1.1689951,1.6884584,0.62681866
1.0907226,4.583944,0.571115,7.0632615,0.61351156,-1.1780816,0.9019846,0.55810523
1.0357232,4.058628,0.57871354,6.9548817,0.64840746,-1.1953957,0.9979427,0.47108293
1.0270715,5.629834,0.6142962,6.961902,0.6300237,-1.188261,0.9702902,0.4962591
1.0842075,3.578012,0.4661951,7.1260853,0.5981569,-1.1856961,1.0580812,0.61506486
1.1950438,4.6496906,0.5315845,7.047007,0.6349778,-1.2169137,2.006957,0.6723993
1.0152242,3.2453427,0.48161912,6.9928093,0.63640666,-1.1659448,1.1949909,0.69877064
1.124373,2.1784468,0.5034263,6.9503565,0.6203897,-1.2002969,0.44399333,0.5364232
1.1433213,2.195615,0.55880356,6.940183,0.6342144,-1.2079988,1.7549489,0.5488119
1.1564043,3.950986,0.5697501,6.949395,0.58858085,-1.1373858,1.0374999,0.5403298
1.159662,5.6307683,0.59480035,6.977502,0.58668447,-1.1364517,0.8886279,0.4343931
1.0322524,3.9767547,0.5250509,7.0606394,0.601629,-1.2274628,0.8023385,0.50498354
2.0711637,6.0308523,0.6307905,6.913596,0.6752479,-1.254413,1.04616,0.59963405
2.1671238,3.1352336,0.5255945,6.88533,0.682915,-1.2715154,0.47958004,0.5993099
2.2933147,4.043042,0.5727941,6.9009075,0.7293649,-1.3200648,0.82694864,0.5389116
1.9858828,4.3685217,0.55767214,7.0437765,0.68645597,-1.2829025,0.50266373,0.58569837
1.5535734,5.070607,0.35514593,7.0460286,0.6911633,-1.2336557,0.67455137,0.35005295
1.300839,5.628619,0.392249,6.99483,0.73118186,-1.2471766,0.6112207,0.2513832
1.6665912,7.407416,0.44577336,6.89145,0.7421844,-1.2873262,0.8240926,0.49925256
2.2716928,3.358883,0.483333,6.8501515,0.75596285,-1.278344,0.6784203,0.6052718
2.2272954,6.021864,0.49092937,6.788193,0.7581227,-1.2662022,1.3203249,0.6414157
1.7542922,7.9049296,0.5052893,6.815956,0.74942684,-1.315008,1.8382893,0.59443974
1.3524499,3.2716577,0.4781146,6.863097,0.7460754,-1.3114839,0.8525591,0.5816903
1.7877184,2.600697,0.35212374,6.838105,0.77445483,-1.3110092,0.768167,0.65174234
1.8893337,9.073572,0.34311855,6.936937,0.755003,-1.2735279,1.4066701,0.6246841
1.3025937,4.3535028,0.36885977,7.06147,0.775151,-1.2948627,2.390087,0.75035954
1.0289521,3.4772243,0.38026226,7.130992,0.7105696,-1.3160795,2.7985806,0.6774336
0.91477275,3.4785361,0.39010692,7.083727,0.7583246,-1.3501594,2.8325515,0.53616595
1.9779887,3.8253012,0.38375807,7.14979,0.8151932,-1.3220041,0.6209556,0.62856984
1.3715091,2.8010933,0.36740315,7.057872,0.86191916,-1.4955958,0.64173305,0.50785804
1.1088856,6.8830953,0.3754344,7.0711064,0.862175,-1.4372852,0.8428097,0.5254475
1.094807,6.405689,0.39837325,6.975187,0.86323786,-1.4228764,0.72641337,0.43418264
1.2680979,3.4945662,0.36189342,7.0319366,0.86263394,-1.438571,0.3856361,0.50594115
1.213682,8.622515,0.4180696,7.0360713,0.8614812,-1.4404294,0.37535858,0.30577433
1.289578,9.017741,0.47101092,6.975767,0.8636606,-1.4199225,0.4802841,0.37577116
1.1100221,4.8363466,0.47275937,6.9742665,0.8535855,-1.4369534,0.30499625,0.31253254
1.1104398,5.9585767,0.4852239,6.8413734,0.9087875,-1.4469419,0.7359369,0.663805
1.0830569,3.4645214,0.49956846,6.9021835,0.90646815,-1.536024,0.70661736,0.5542383
0.98210055,7.950311,0.5893867,6.8998513,0.91980433,-1.5057636,0.77066183,0.5119728
0.8852607,8.043629,0.5488453,6.90528,0.91513324,-1.4647483,0.45371938,0.23250961
0.91003215,4.771966,0.58616436,6.8172894,0.9444022,-1.5479553,0.6952865,0.4169376
0.9111976,6.4964833,0.6362848,6.818935,0.96493316,-1.5667636,0.8442873,0.5628674
0.8222277,4.791016,0.5800235,6.7954664,1.0274515,-1.5642989,1.0548737,0.64074826
0.80419314,5.150038,0.5620488,6.8277354,0.9889009,-1.5505371,0.31535506,0.47669226
0.74391663,5.036165,0.6070087,6.8184004,1.0036116,-1.5921116,0.46444046,0.35742688
0.5827995,5.6561913,0.61164117,6.9728613,0.9910269,-1.5628552,0.37758875,0.25269526
0.5951798,5.269781,0.59480894,7.0189285,0.97861433,-1.5941336,0.17883384,0.1538341
0.5574193,4.47983,0.5585768,7.0633936,1.0138786,-1.5571345,0.10761523,-0.002765566
0.54655737,3.8919878,0.57238495,7.080616,0.93617535,-1.5967603,0.081620574,0.0043308735
0.61341274,2.7893047,0.5763619,6.9986687,0.962338,-1.6162854,0.22955334,0.11608702
0.59963983,2.6171257,0.60585904,6.9511695,0.9526925,-1.6205803,0.10354495,-0.04272306
0.61673784,3.4843845,0.71239996,6.8887744,0.8795514,-1.583593,0.049816966,-0.023402095
0.6671955,3.6968493,0.716612,6.8750267,0.8789661,-1.5488558,0.16771817,-0.008767545
0.7258871,4.249542,0.74862504,6.84685,0.8575413,-1.5174818,0.45214033,0.23711133
0.8032412,4.475313,0.7397342,6.8190384,0.84775877,-1.451469,0.26587963,0.2789923
0.8216773,5.9161296,0.6746979,6.77209,0.88588786,-1.4412668,0.25404775,0.07655501
0.85229653,5.32362,0.64136744,6.885604,0.85038996,-1.4451604,0.17844272,0.19854194
1.260794,7.432478,0.60629463,6.834194,0.8425133,-1.4667902,0.29579818,0.28569472
1.0293685,4.343067,0.57103467,6.8656883,0.83530045,-1.3946238,0.57876766,0.5277666
1.3877827,4.598654,0.54443455,6.9847636,0.76780987,-1.3786054,-0.007347226,0.1866535
1.9725579,4.915759,0.51967144,6.8423433,0.7644222,-1.3255152,0.32948828,0.6308856
1.1190376,2.6875281,0.45580423,6.9476595,0.75116754,-1.3314546,0.55967927,0.4995064
2.373516,4.1271152,0.4511974,6.9479604,0.7372501,-1.2966825,0.3978777,0.5882876
1.5145427,7.2316127,0.42826128,6.9740105,0.73889804,-1.2758093,2.4101362,0.51153934
1.4966793,6.976172,0.41650367,6.9999146,0.7347727,-1.2903991,1.1928322,0.5787796
1.3210427,6.845651,0.44152784,7.0627203,0.7366655,-1.3126447,1.1375079,0.5842558
1.3250854,4.995961,0.42691708,7.0712633,0.70862174,-1.3242663,1.5989723,0.5238974
1.5440552,5.927185,0.44092298,7.0837326,0.70436525,-1.3504517,2.2397375,0.5218177
1.356612,6.8416395,0.47126162,7.0848446,0.73581815,-1.3378863,1.5984781,0.6239929
1.1815462,6.2924247,0.4403025,7.0511494,0.76025677,-1.3677006,1.8126011,0.640352
1.1860523,5.603452,0.5467906,6.935899,0.76822114,-1.3492045,2.2250142,0.5764655
1.2061243,3.3514009,0.600924,6.8404264,0.7722037,-1.3794491,2.7558906,0.634696
1.2559423,4.9565983,0.5991821,6.8851748,0.7484627,-1.3189607,2.3540416,0.59526443
1.4497557,4.183278,0.5884278,6.750779,0.7700362,-1.3479049,2.2609103,0.5023918
1.486991,4.555201,0.64664555,6.769561,0.7659266,-1.3506532,1.5467665,0.49306536
1.7891899,6.8498874,0.6324508,6.729703,0.7676685,-1.3925847,2.0193217,0.51693654
1.2362218,6.569273,0.59785914,6.784653,0.83170676,-1.4106041,1.1901321,0.5136324
1.2403989,2.4416206,0.5062531,6.822463,0.8459234,-1.4026444,0.9407507,0.64665246
1.0279639,7.883156,0.5632217,6.9119835,0.8117597,-1.3942168,0.8478954,0.6089151
1.434175,7.613537,0.47565782,6.856734,0.83241415,-1.353551,1.6334531,0.531433
2.5146651,6.8012896,0.469159,6.8835344,0.78102255,-1.3216975,2.417872,0.50707877
2.6202726,9.291335,0.50751424,6.871646,0.737906,-1.3133471,1.9534526,0.47097564
2.1222167,8.514,0.55247116,6.9320145,0.69989204,-1.304641,2.8096213,0.53478456
1.6967846,8.581442,0.43968904,6.9995933,0.67035294,-1.2786083,2.9170644,0.57580805
1.8017623,8.530272,0.5338168,7.0012546,0.6253357,-1.2446959,2.9808261,0.56492424
1.6582377,7.8263874,0.51300144,6.989558,0.653322,-1.2316307,0.9178455,0.5557734
1.6076325,6.399261,0.53491116,7.030072,0.6279087,-1.2386448,0.6204245,0.49642402
1.4913408,6.2350025,0.5019486,7.093844,0.6694863,-1.2533036,1.5927052,0.57486165
1.3659639,5.585273,0.56760836,6.9311614,0.6558161,-1.2599784,0.38542354,0.37409973
1.7822521,6.865892,0.5501237,6.8508453,0.6722379,-1.2323617,0.22025168,0.15824229
2.553061,2.9919581,0.531144,6.808615,0.70527315,-1.2522233,0.08886814,0.32092023
2.1248188,3.596757,0.53010845,6.802607,0.67973304,-1.2517684,0.5254288,0.46333277
2.31405,2.9290771,0.624609,6.7928104,0.6697066,-1.304884,0.50815225,0.34749347
1.8867383,9.126217,0.59359217,6.732099,0.73086977,-1.2901368,0.56578016,0.2816317
1.8260907,6.0718966,0.5822698,6.668588,0.78824735,-1.3075106,0.39348543,0.045413196
2.2078516,6.363731,0.62020636,6.754793,0.7261617,-1.3037229,0.32138252,0.42500895
1.612573,8.373573,0.57829833,6.8184605,0.73742914,-1.3454894,1.9642327,0.62715673
2.9257684,9.147388,0.5668653,6.756365,0.79942536,-1.3427739,0.33820426,0.4262551
2.6291246,5.4999676,0.5802548,6.739606,0.8123362,-1.3495785,0.71042407,0.61400914
2.5488966,7.405116,0.6190975,6.6493835,0.8257847,-1.3661106,1.0288506,0.48975372
1.2810651,6.3510823,0.6110158,6.710195,0.8506448,-1.3849664,1.8346155,0.5802704
1.4033163,9.367443,0.74174,6.6410456,0.8652084,-1.4988346,2.1877291,0.5701407
1.5022725,5.858761,0.7904842,6.561866,0.8621006,-1.4853563,2.9206734,0.68951464
2.3971786,4.9891386,0.74082685,6.6390676,0.81637144,-1.421387,2.917375,0.6537378
2.556072,4.965993,0.75208473,6.570505,0.8150122,-1.4288818,2.6237433,0.49424577
2.9372063,9.60434,0.7465284,6.471281,0.80827737,-1.340645,0.9972515,0.48126024
2.7909102,8.318791,0.73633575,6.5316515,0.7749131,-1.3193505,0.8908273,0.52188015
1.1618412,5.296547,0.74594545,6.6801643,0.76175857,-1.3122604,0.6763265,0.57845163
1.1207607,5.755771,0.7653172,6.6078844,0.7797885,-1.3412468,0.630283,0.22283661
1.176229,4.457325,0.7072742,6.740883,0.77751017,-1.3376813,0.7091284,0.69089925
2.3058968,3.9091668,0.74157655,6.6468434,0.78473186,-1.3486243,0.5413753,0.45288157
1.7783824,4.3349237,0.6033616,6.6457086,0.8553536,-1.420444,0.85106254,0.53001857
1.2758381,5.1381807,0.55235004,6.6349263,0.8904364,-1.4104037,0.3419795,0.32683527
2.5866063,5.3632717,0.54202664,6.7077756,0.8541939,-1.4261262,0.39863658,0.3511181
1.4322665,5.392378,0.6189666,6.628452,0.8728366,-1.4443605,0.35168338,0.37729752
2.1324368,3.0501513,0.66980207,6.637075,0.8581214,-1.4584227,0.3699354,0.32389897
2.0256286,7.0389605,0.6562166,6.6778126,0.8553221,-1.4337835,0.3893634,0.3522892
0.69101524,2.3409507,0.64913976,6.699338,0.80623364,-1.4325936,0.22217011,0.23565066
0.6655806,2.3680966,0.6654854,6.86926,0.7840104,-1.3004769,0.49371827,0.5978048
0.7920079,2.1644125,0.57992816,6.80491,0.78298616,-1.3612504,0.94858456,0.55396795
0.833269,2.1956255,0.5442796,6.807395,0.8002415,-1.3514953,0.42009842,0.53029394
1.091928,2.3594768,0.5264627,6.842723,0.8020494,-1.3556736,1.8127999,0.5901998
0.8821111,2.5221982,0.515831,7.038973,0.76429605,-1.3630178,2.6372962,0.56532395
1.0534707,4.8746233,0.51105857,6.9172864,0.7607713,-1.3524001,2.0616374,0.49742222
1.3288982,7.3047657,0.54504466,6.925159,0.7023804,-1.3174882,0.19634438,0.08569741
1.1573163,6.9459343,0.5307293,6.9838767,0.6903479,-1.2564044,0.48001838,0.3573507
1.0830293,5.8696146,0.58600545,6.9579,0.68277216,-1.2333789,0.68015206,0.47068906
1.103846,7.191739,0.63792086,6.9428573,0.66504264,-1.2317059,0.26015353,0.42864925
1.2261792,5.292182,0.6290386,6.9578667,0.62474394,-1.2125766,1.8617115,0.49968624
1.4272823,5.736945,0.60304403,6.9400363,0.62020063,-1.1943444,1.0988126,0.59110594
1.3049276,2.9594197,0.57813954,6.9238906,0.6271508,-1.1943486,1.4064038,0.5898601
1.2825568,5.75773,0.6126621,6.9664683,0.5924127,-1.1903524,1.3225045,0.46127427
2.0379386,5.3581085,0.6334857,6.8965383,0.56876636,-1.1501956,0.7017534,0.37985468
1.3522686,5.320235,0.5900526,6.9526405,0.5808966,-1.1402802,1.3786461,0.56744003
1.2533699,4.149184,0.591081,6.987999,0.56781006,-1.1566703,2.1750865,0.51433575
0.944323,4.0894203,0.5325544,7.0967503,0.55366325,-1.1326745,0.88727367,0.49048924
1.1114103,4.6017056,0.46210814,7.0539985,0.5748391,-1.07569,0.53861547,0.5648644
1.0293429,4.3214207,0.4777223,7.078456,0.61086583,-1.1238213,1.3980167,0.593652
1.0692089,2.8242655,0.44286942,7.0545483,0.59945846,-1.1653309,0.8498838,0.5245862
0.93977255,2.6950903,0.42908418,7.0752606,0.6342895,-1.2327679,0.84980285,0.4063766
1.0111896,3.9863398,0.48045635,7.073421,0.65237,-1.1990843,0.8533126,0.45585287
1.2649679,3.7561157,0.45474827,7.115956,0.63328743,-1.2546916,1.2254727,0.44692796
1.3671645,4.859114,0.4156574,7.108521,0.61034226,-1.2032168,0.7729162,0.42516208
1.1328092,3.6692305,0.4244218,7.103456,0.61411214,-1.1810942,0.65901375,0.55358934
1.0814162,2.8352761,0.38438666,7.16473,0.61834645,-1.1588992,0.44448245,0.5167663
1.2265112,2.8978498,0.34530556,7.2051344,0.6211903,-1.2238853,0.8972988,0.55617166
1.1716613,2.5592608,0.47864342,7.133494,0.60348845,-1.1940168,0.31217074,0.45558953
1.2358314,2.1074529,0.28514612,7.1213055,0.63736796,-1.2184707,0.3298775,0.41484368
1.3293278,2.0132415,0.2990384,7.1322145,0.6849146,-1.2676075,1.6722808,0.6735139
2.0855339,2.2092957,0.4000864,7.1027775,0.67227244,-1.2699198,1.398375,0.7558098
2.312665,8.030208,0.420928,7.1264877,0.68562603,-1.2880077,1.20966,0.25779092
1.9867334,7.2759895,0.3204856,7.115329,0.7092211,-1.3202837,0.18270218,2.2649765e-06
1.5704672,3.6326923,0.27581608,7.1542177,0.7472904,-1.3738451,0.15325773,0.107649505
2.537913,4.5190983,0.31929958,7.1844993,0.73870945,-1.2889342,0.1363293,0.43558955
2.618002,4.934823,0.41930974,7.0237837,0.71381783,-1.2729388,0.2192055,0.25267076
1.1706415,2.772542,0.42585194,6.963851,0.6621282,-1.2576318,0.6907971,0.5055492
0.86187434,3.3644426,0.41618,7.091687,0.73956895,-1.348453,0.26462388,0.44096667
1.2397707,3.0319505,0.34077084,7.120239,0.74243045,-1.3350329,0.75217247,0.6210021
1.1336406,6.850095,0.3462237,7.2459316,0.728786,-1.3396393,0.715732,0.43464023
0.9692949,5.636773,0.32867253,7.2760773,0.733515,-1.3065723,0.7038555,0.57763326
1.1111612,7.4714794,0.26771188,7.302755,0.78151846,-1.287252,1.2494197,0.5596967
1.0947306,3.5924335,0.29256427,7.254074,0.740381,-1.3216056,0.3086977,0.37016845
0.89228106,2.4919472,0.19442213,7.337924,0.70747733,-1.3265297,0.14028525,-0.00010120869
0.7040751,2.2553535,0.19422865,7.4678135,0.68050146,-1.3199518,0.06212282,-0.004653156
0.76367474,2.152011,0.113482475,7.5410733,0.69061995,-1.3573945,0.085908175,0.01646769
0.68403333,4.7911997,0.18257868,7.636558,0.71666694,-1.2402112,0.1745938,0.26439273
0.6922693,4.310252,0.20317101,7.651769,0.705415,-1.2390258,0.77376115,0.3862729
0.6892898,4.5468817,0.18771982,7.741641,0.66463065,-1.2099906,0.15468681,0.3463745
0.7053906,4.2630506,0.18886232,7.753438,0.6510434,-1.2750946,0.37637293,0.27474332
0.6768782,4.582185,0.1272142,7.7700157,0.6690557,-1.2404499,0.65624464,0.2588597
0.6685748,4.866152,0.17620134,7.8371344,0.6466632,-1.2394841,0.3304634,0.3236289
0.6678723,6.3243713,0.18462837,7.9070163,0.6600177,-1.2126764,0.5406729,0.51217866
0.73866886,6.431321,0.17344332,7.9141974,0.63658977,-1.1796951,0.42187047,0.41605002
0.75067985,7.05727,0.32389998,7.9099054,0.5977402,-1.196142,1.1696181,0.3673203
0.71653306,7.3116574,0.33632267,7.9598966,0.557611,-1.1543051,0.76363647,0.21491277
0.6911274,7.625262,0.31833637,8.033477,0.5731621,-1.1925972,0.24058032,0.19806397
0.6983735,7.601782,0.3289206,7.9908347,0.57106113,-1.1936934,0.29928958,0.15925205
0.6887013,7.6600094,0.35015857,8.055313,0.5828996,-1.239723,0.38212085,0.20466799
0.6779791,7.738796,0.34153438,8.082406,0.5692439,-1.1864786,0.8600956,0.23745692
0.6971873,7.74451,0.25130606,8.103466,0.60490346,-1.1879377,0.36875117,0.25940347
0.6643529,7.188965,0.26154757,8.09458,0.6106055,-1.2270069,0.30951262,0.18215108
0.66093975,7.28129,0.25320232,8.192402,0.6111021,-1.2224798,0.2435143,0.2956267
0.64682555,7.9494543,0.22164464,8.241798,0.5976834,-1.2210199,0.28851366,0.3567109
0.6198881,6.748423,0.2263205,8.27249,0.62027407,-1.2809935,0.002050519,-0.018679738
0.6468297,7.5963583,0.19838357,8.225885,0.6455338,-1.2909167,0.0643518,-0.08622229
0.6158366,7.5721655,0.2038889,8.258256,0.6617813,-1.3422146,0.16720355,-0.061239243
0.63446975,6.073391,0.11917865,8.29405,0.59063363,-1.3119588,0.097195745,-0.0061629415
0.6700226,6.126738,0.20911264,8.223263,0.6203964,-1.355839,0.15818572,-0.005304277
0.61962724,6.039461,0.20753717,8.052363,0.6118741,-1.20141,0.1987797,0.38733608
0.64275396,6.126853,0.2882061,7.968441,0.619509,-1.2497116,0.9369006,0.3279655
0.64448947,6.469097,0.24761486,8.02099,0.6562393,-1.2925842,0.61646783,0.35698026
0.66009635,5.8512173,0.20916402,8.057267,0.6686735,-1.3173473,0.28141522,0.44142187
0.6523689,6.8073673,0.21986985,7.9802027,0.6704099,-1.2471123,0.4646132,0.24297845
0.69864976,6.738462,0.2662338,7.9622955,0.6658745,-1.3221929,0.21569288,0.34294522
0.8918536,6.5493665,-0.126472,8.315747,0.3290422,-0.91142654,0.3966732,0.3233087
0.91657066,6.738842,-0.11551583,8.338983,0.28955603,-0.9270921,1.1412137,0.45590836
0.9076743,6.3569946,-0.13445568,8.306525,0.28346324,-0.8420148,0.5970197,0.46853155
0.89472723,6.220618,-0.12624764,8.351854,0.2476852,-0.8237238,0.57710934,0.41011482
0.9174731,4.8914795,-0.20009106,8.329691,0.22532582,-0.8395531,0.10000086,0.3890835
0.9415828,5.924366,-0.13649356,8.3377285,0.24917889,-0.8582194,0.77546275,0.5432478
0.90610826,6.4839845,-0.18588758,8.564204,0.24908686,-0.87119555,0.9349656,0.6685749
0.9089687,6.830909,-0.16478384,8.519828,0.2367897,-0.843781,0.9689996,0.64300954
0.9151021,7.276638,-0.13130206,8.53322,0.22801065,-0.806962,0.58330035,0.62121105
1.0150362,7.4139028,-0.21200007,8.541019,0.1819191,-0.82508945,0.6461234,0.43028975
0.9849764,7.2710977,-0.23537534,8.513641,0.20455694,-0.7978513,0.9840404,0.59909594
0.96343666,7.0007887,-0.15260398,8.4920435,0.21917486,-0.80949974,1.1908734,0.54713607
1.0394932,8.188902,-0.08234155,8.369112,0.19048476,-0.778569,0.79760456,0.5507426
1.0055649,7.5703897,0.0013113022,8.269891,0.20337844,-0.8316424,0.8082291,0.55632114
0.9077148,7.0163884,0.13674724,8.278946,0.18459678,-0.82444,0.7351321,0.49497777
0.9483865,6.8864436,0.29859674,8.150585,0.17934155,-0.7851918,0.8017018,0.4470631
0.96898067,6.7341566,0.25519013,8.086142,0.17659855,-0.77448964,0.9424205,0.47749507
0.97691673,6.1322246,0.23261249,8.045254,0.1915884,-0.7471862,0.75226104,0.5186596
0.938216,6.3435044,0.32352793,8.084213,0.19732785,-0.7479999,0.67980325,0.6591039
1.0605042,6.9265985,0.18905568,8.026888,0.15317416,-0.74205136,0.98732305,0.37718832
1.0730741,5.669422,0.017297745,8.124346,0.13139582,-0.7295463,0.57318306,0.17123067
1.1539353,5.0186677,-0.09157741,8.162642,0.08509827,-0.7471833,0.47921813,0.34150743
1.0854552,4.833374,-0.13650548,8.111385,0.098382235,-0.72194123,0.44727612,0.20129412
1.0426677,5.0075965,-0.2299527,8.200036,0.08655858,-0.7111969,0.38473463,0.27985638
1.0542052,4.6185737,-0.17638719,8.203217,0.10753846,-0.7044356,0.32702935,0.42010832
1.0434275,4.856132,-0.29576087,8.244031,0.14882255,-0.72421265,0.3041073,0.4469505
1.0428889,5.7057967,-0.09564549,8.269722,0.15306139,-0.74887466,0.2533425,0.39768112
1.0981021,5.9390593,-0.07489216,8.244468,0.1340046,-0.77805185,0.5100137,0.55889523
1.2027923,6.0642543,-0.028661788,8.174459,0.11413479,-0.7386067,0.8308978,0.5807104
1.0937078,6.4541764,0.08758628,8.156378,0.10906744,-0.7508292,0.6009935,0.5715511
0.9692999,6.1681585,0.10249829,8.328486,0.11445618,-0.72981715,0.871683,0.47291607
0.91884977,5.6428013,0.13875985,8.265889,0.086108685,-0.7509494,0.26772344,0.28407335
0.9277113,5.5312996,0.08450484,8.2645645,0.08651209,-0.7500315,0.30523884,0.26042342
0.94751203,4.9402046,0.015412092,8.239514,0.06490326,-0.70698357,0.42199755,0.2859093
0.9472873,4.7178464,-0.05531633,8.247297,0.074505806,-0.7245574,0.39512694,0.32026207
0.9681622,4.946227,-0.12808645,8.241513,0.08746052,-0.70802426,0.7105707,0.2888779
0.98216206,5.1467705,-0.18542409,8.277186,0.10230231,-0.6912551,0.7110958,0.5600202
0.9506965,4.5005503,-0.26635212,8.2569895,0.062169313,-0.6220033,0.59325945,0.44117224
0.90124416,4.7420096,0.054030657,8.336573,-0.0070602894,-0.6861069,0.3204223,0.014484525
0.9777536,4.8027353,0.015844345,8.2850895,0.011063814,-0.6274953,0.46354675,0.027742684
0.96359015,4.956279,0.063957095,8.346673,-0.020081878,-0.6430111,-0.036332726,-0.04741341
1.0272878,5.0257406,0.123137,8.294576,-0.04519832,-0.62202597,-0.05919361,-0.40570676
1.0285803,5.5427547,-0.0731523,8.344643,-0.0025773048,-0.6718478,0.14896369,-0.37718654
0.98661697,5.46165,-0.0576061,8.399818,0.01746583,-0.64980173,0.5010499,0.28665793
0.9832392,5.415037,-0.22255826,8.424845,0.019110203,-0.6199975,0.25560737,0.39100862
1.05458,5.4390717,-0.17496055,8.41671,-0.028999448,-0.628469,0.4354005,0.46807772
1.1044459,5.278734,-0.28144056,8.383678,0.0020885468,-0.6342206,0.6802999,0.66278064
1.0884006,5.0311975,-0.27159917,8.353654,0.018247366,-0.6262212,1.176439,0.42859697
1.0543109,5.241267,-0.32000482,8.363703,0.046486855,-0.62706566,1.8047531,0.39269316
1.0497329,5.5416117,-0.1452533,8.285112,0.061248064,-0.73657703,1.75247,0.49505568
0.9937513,5.2303934,-0.1494835,8.340628,0.08939719,-0.7249305,0.63944066,0.31895518
1.0336274,5.7283783,-0.12934685,8.238188,0.11004472,-0.72507954,0.44522655,0.3062687
1.0360675,5.7398653,-0.043795586,8.2181835,0.12547803,-0.73842454,0.5226619,0.3962382
1.1959835,5.735731,-0.12839669,8.218897,0.10679221,-0.7981105,0.48248875,0.27454317
1.3182168,7.3851376,-0.15312809,8.205283,0.09326577,-0.67744184,0.44781923,0.37555838
1.3108845,7.574666,-0.08279914,8.222805,0.063153505,-0.63610744,0.7618525,0.55427444
1.3259928,6.5062714,-0.12326443,8.133959,0.06660032,-0.68587446,0.70158374,0.6189871
1.3338416,6.7314796,-0.10818648,8.162895,0.05171919,-0.6383202,0.35835612,0.43547672
1.341006,6.9476175,0.13152492,8.168774,0.03700733,-0.69296455,0.59762776,0.54072237
1.482497,7.2702837,0.07920587,8.190033,-0.01682055,-0.674376,0.738281,0.5081606
1.4219925,5.7270913,-0.13317192,8.033035,0.0070462227,-0.6148217,0.7879425,0.6826048
1.0720458,3.5868368,-0.24836886,8.077877,-0.025019288,-0.5023434,0.36443317,0.59360397
1.0445942,2.7413175,-0.3160481,8.026361,-0.053711176,-0.481843,0.6015142,0.5423169
1.1110004,2.5628614,-0.31083256,8.090361,-0.05510533,-0.53432083,0.3616277,0.42708504
1.101692,2.5388327,-0.22595489,8.072302,-0.11339569,-0.5395322,0.4140433,0.45183218
1.1199708,2.4237247,-0.26603186,8.0546665,-0.13711905,-0.43327713,0.1698718,0.4806555
1.0610013,3.046191,-0.17238915,8.053434,-0.108170986,-0.44816875,0.8287835,0.5137619
1.0821443,2.9687357,-0.13095713,8.056537,-0.107106805,-0.44500256,0.15747643,0.54595184
1.0597,3.0028403,-0.06767309,8.167974,-0.15358496,-0.4990213,0.75310326,0.5856235
1.1213453,3.1654434,-0.011028767,8.105689,-0.082844496,-0.5252197,0.28914428,0.42301238
1.10672,3.3678489,-0.1554482,8.046181,-0.03485167,-0.5355549,0.24769735,0.6036122
1.0858015,3.6583385,-0.15492499,8.120031,-0.028119564,-0.5815642,0.8165716,0.50077605
0.9283985,3.2810755,-0.13941705,8.08612,0.024845123,-0.5793891,0.89984155,0.62935054
0.9658308,3.3278766,-0.09908128,8.088991,0.028282642,-0.60886025,0.7204182,0.5036069
0.88653135,3.1630745,0.09647632,7.982666,0.029387474,-0.6050353,0.41456807,0.6244304
0.83502996,3.171715,0.11790073,7.9416184,0.055722,-0.6116605,0.47283614,0.4108219
0.95883954,3.163897,0.1203109,7.858209,0.054499865,-0.6560526,0.48695445,0.32036233
1.0424803,3.128128,0.19183064,7.804216,0.042942047,-0.67962074,0.2299248,0.27745593
0.8944496,2.4283285,0.03423834,7.8180428,0.063743114,-0.6177304,0.37883353,0.3525046
0.8622174,2.4547737,0.23551977,7.810272,-0.008577585,-0.6161704,0.1808101,0.33814687
0.8733341,2.0419106,0.26751423,7.785377,-0.0022957325,-0.6412473,0.9332495,0.34785712
0.757704,2.1483371,0.30826104,7.9509544,0.0091462135,-0.6418376,0.5281552,0.49822676
0.74750036,2.6249604,0.19618547,8.040554,0.010283947,-0.65672946,0.42922974,0.26735604
0.6504141,2.4707527,0.28494143,8.026414,0.034579277,-0.6740303,0.38838983,0.26241648
0.7025001,2.6295698,0.30426025,7.9709826,0.05903554,-0.71260405,0.3780781,0.3456123
0.6908942,2.7568812,0.33147025,7.9690943,0.08614898,-0.72592664,0.5735308,0.3610245
0.6744075,3.0472639,0.48678613,7.9708433,0.093248606,-0.78370786,0.21506882,0.2423032
0.6649207,3.0351446,0.53385377,7.9755597,0.121686935,-0.77238154,0.34571707,0.43595684
0.68696153,3.474712,0.40635467,7.9504366,0.13102245,-0.748014,1.024225,0.54927135
0.7235676,3.0685046,0.49827147,7.9541383,0.0988183,-0.7433214,0.44236147,0.5158814
0.7485668,3.5010624,0.3402282,7.985593,0.104860306,-0.72190213,0.86724615,0.6200397
0.76158714,2.484522,0.31510067,7.921813,0.08026123,-0.66729546,0.6062753,0.68956137
0.783968,2.7165744,0.33110332,7.800141,0.08115435,-0.6702199,0.36029732,0.6513164
0.772962,2.6686773,0.4815836,7.782992,0.071241856,-0.6849582,0.14752078,0.20782757
0.9968076,2.7218463,0.37513328,7.636323,0.08851695,-0.7006595,0.42215836,0.23932254
0.9751431,2.5228617,0.36627197,7.5316434,0.100794315,-0.6971514,0.14949846,0.20204389
1.0061454,2.381681,0.38636708,7.5571046,0.10382509,-0.68139076,0.5492363,0.5479729
1.0532265,2.0389888,0.42670226,7.4629483,0.083577394,-0.6993301,0.6570083,0.4738227
0.9346308,2.0348504,0.39075065,7.5212097,0.088651896,-0.6719794,0.68070614,0.5045042
1.0453587,2.0381947,0.4529822,7.4770555,0.10148215,-0.71800184,0.75434136,0.6178851
1.2830267,2.5428636,0.48125958,7.4174023,0.09958649,-0.66979074,0.22468507,0.28179651
1.7420421,2.6298356,0.3677988,7.4063354,0.05522585,-0.68476367,0.2491734,0.38558817
2.2638185,3.8395753,0.40707314,7.3423347,0.07664418,-0.6509695,0.3534361,0.3909669
2.2617016,4.8040695,0.46668172,7.3909354,0.057828665,-0.6402981,0.17322505,0.1868946
2.4506853,7.580095,0.37312055,7.4245033,0.050300837,-0.5922408,0.38631856,0.24701303
2.8886638,7.775863,0.3163389,7.4703074,0.073007345,-0.6299553,0.47083616,0.21160382
2.926108,6.2215796,0.38384795,7.3907676,0.082404375,-0.6382289,0.009693265,0.05591619
2.4051828,6.6619062,0.48835337,7.360888,0.066624165,-0.62265706,0.074515104,0.14059353
2.3257957,5.455347,0.5730374,7.292553,0.049607277,-0.5735049,0.22376108,0.27075976
2.2523928,3.877894,0.70521235,7.3101687,0.07610297,-0.6777506,0.37439406,0.35143846
1.8289216,3.3335917,0.606954,7.2970715,0.048747063,-0.6641183,0.54347897,0.3861543
2.60881,7.707862,0.66045225,7.231991,0.0834713,-0.6545911,0.51730216,0.24158841
2.5250232,8.361156,0.8206248,7.2138824,0.10417414,-0.72811174,0.6365161,0.16766596
2.696328,6.397321,0.74002886,7.284695,0.10222101,-0.72565985,0.79475856,0.35951155
2.694679,7.477033,0.5708318,7.356807,0.10209608,-0.70689535,0.45805562,0.26995468
2.8541863,5.9021416,0.4667368,7.4797955,0.103287935,-0.71019673,0.30418634,0.21233779
2.894842,9.563147,0.41678405,7.4262447,0.15016246,-0.705935,0.30631375,0.060231924
2.6218119,9.756253,0.54635763,7.3732285,0.14834666,-0.7017195,0.2846675,0.15906835
2.6934707,9.979469,0.3955922,7.3722963,0.14384651,-0.69507456,0.14526224,0.0004929304
2.9938936,9.716532,0.46501744,7.409509,0.13501954,-0.7425611,0.4775976,0.29252964
2.269473,9.33478,0.51478815,7.4778724,0.17787552,-0.81136227,0.33583176,0.24563831
2.4521987,9.537838,0.38947773,7.42556,0.1670208,-0.76588964,0.33763993,0.2269544
2.7823224,6.5576262,0.4116931,7.361763,0.15175796,-0.75878906,0.46980953,0.18010837
2.0866594,5.7229033,0.51563954,7.2924433,0.15589309,-0.67880964,0.65656686,0.45506757
1.857151,6.141121,0.62732744,7.2565055,0.12051368,-0.61957335,0.50343096,0.5364828
1.7483805,6.044337,0.4822755,7.325598,0.18064785,-0.7349427,1.7399006,0.58378863
2.2737072,4.2618966,0.5790719,7.109255,0.21722817,-0.7249286,1.5651369,0.5549406
1.8598596,4.444599,0.88983727,7.084032,0.18959832,-0.839787,1.4227118,0.51287854
1.6753738,4.2594223,0.76939464,7.153389,0.1930294,-0.8298187,1.8348453,0.4409967
2.6788838,5.976573,0.73995876,7.097301,0.2777605,-0.85067225,1.6425564,0.51794744
1.9580077,5.385192,0.8115442,7.0057306,0.23024035,-0.84142566,1.7256098,0.5575491
2.1762023,5.425659,0.72759044,7.0567927,0.235142,-0.82256675,0.9747808,0.55454814
2.1840465,7.8264217,0.66655517,7.105071,0.2377541,-0.8111303,1.065083,0.3962463
2.9625847,6.022134,0.7159039,7.146198,0.24521995,-0.8668282,1.0943191,0.5433154
2.7442868,4.108039,0.69401276,7.0579133,0.28375578,-0.869051,1.4462988,0.6008432
2.6404035,5.0676985,0.6700717,7.050975,0.29240537,-0.8432977,1.056989,0.52889013
2.502656,4.743964,0.7434305,6.9116426,0.32387185,-0.8415735,0.54441905,0.56413066
1.680694,4.1267557,0.5362996,6.983366,0.32383585,-0.8361523,1.0297575,0.65470827
2.004932,3.0537095,0.70077765,7.0056186,0.29954433,-0.87702894,2.563288,0.59366107
1.5633444,2.8914587,0.6937628,7.0076294,0.3070445,-0.91362166,0.6880206,0.5282726
1.9653323,5.8439484,0.6945034,7.0078454,0.30038738,-0.903528,1.3798969,0.47350514
2.0961344,6.117007,0.5410161,7.184713,0.2959249,-0.9067569,1.3165421,0.46371162
1.480983,4.012782,0.43350136,7.2466908,0.2947867,-0.9369836,1.5091684,0.6441833
1.9964013,3.3855639,0.4525497,7.2914095,0.29306293,-0.91838765,1.0850077,0.36388946
1.773742,2.4520528,0.089885,7.4217906,0.28812814,-0.8589215,0.8368938,0.6974578
1.7832856,6.3762097,0.22621822,7.451352,0.3197589,-0.8393483,0.07690108,0.22748971
2.2357888,5.293199,0.12329769,7.362652,0.32434106,-0.84444547,0.12362814,0.017566621
2.2538776,7.068814,0.25884628,7.374339,0.34235573,-0.93820477,0.5102457,0.3544581
2.3648667,2.8722904,0.2547946,7.336112,0.33398032,-0.9287863,0.23309207,0.40522766
2.1183147,5.9510794,0.34020495,7.3789625,0.27071166,-0.93093514,1.0188282,0.5761235
1.5309334,5.600992,0.4692142,7.342559,0.25036383,-0.8618064,0.38487697,0.52607036
2.1398463,5.603719,0.48990762,7.181923,0.2515986,-0.85122395,0.9725033,0.40645558
2.057157,6.3398876,0.50157464,7.1889257,0.27721548,-0.8115864,0.7726468,0.5844817
1.6837354,5.1058784,0.44015253,7.224039,0.29181576,-0.816267,0.9723853,0.54663384
1.9634199,3.4143982,0.45888114,7.171003,0.2939303,-0.8503823,0.2939471,0.50006485
1.4392838,2.749827,0.50246155,7.1361732,0.2908435,-0.8627591,0.8734788,0.5290252
1.5106139,2.9461415,0.5437863,7.1146727,0.2958436,-0.8980522,1.1877878,0.6076007
1.5289385,4.3664336,0.46567237,7.280246,0.29777813,-0.89015055,1.0309448,0.6327485
1.6517456,4.8653507,0.4433627,7.288925,0.31237078,-0.9535501,1.1151564,0.470388
1.5395161,5.6551085,0.53401566,7.111442,0.33672786,-0.85051394,0.28534198,0.12314212
1.8521551,2.004519,0.36103904,7.147706,0.3138783,-0.8923025,0.15834308,0.11944455
1.2922196,2.006534,0.33607173,7.245988,0.3250966,-0.9175863,0.4097252,0.30666173
1.6991651,3.4786491,0.29000032,7.2169366,0.37843227,-0.91095257,0.3840345,0.44092906
2.4146843,4.269911,0.2934096,7.185833,0.34745908,-0.8764279,1.2715797,0.56230426
2.8255424,4.9112177,0.39392865,7.2449512,0.33831692,-0.88444424,0.8058437,0.64498305
1.6804878,8.764891,0.37208772,7.2525725,0.40880537,-0.93603206,1.4899275,0.59453344
2.882382,7.986826,0.3527627,7.13039,0.46302128,-1.0579135,0.658093,0.6108384
2.7937264,4.4164953,0.16726375,7.1784835,0.60991645,-1.0711577,0.53270185,0.80272925
1.3489164,2.4485977,0.0071806908,7.3569946,0.5689583,-1.1113479,0.33504355,0.56811166
1.2984569,2.0838618,0.041818023,7.3447924,0.58090997,-1.0942901,0.48825824,0.6776943
1.5340234,2.174281,0.08470595,7.2474003,0.57914734,-1.1126429,0.8886415,0.6146084
1.9093866,2.4368834,-0.057447553,7.4585986,0.5732322,-1.100284,0.6841935,0.45021814
1.924366,9.68359,-0.09541482,7.5439243,0.5673976,-1.0631616,1.4828222,0.40946388
1.8297361,9.540228,-0.071083784,7.528431,0.57040095,-1.1043566,1.4008973,0.4196689
1.9673355,7.5675664,0.07317352,7.600678,0.48225355,-1.143214,1.6071568,0.23753965
1.66742,9.823529,0.11623788,7.608225,0.48624945,-1.1105721,0.88292336,0.33230698
1.4155238,9.35,0.06520128,7.603047,0.51160884,-1.1041027,0.42383218,0.34108835
1.377028,9.48423,0.07176113,7.613492,0.49891973,-1.0641085,0.58394384,0.328444
1.5375202,8.12709,0.0013000965,7.6059966,0.49331665,-1.0548208,0.38112664,0.5543896
1.5314189,7.622937,-0.03367126,7.623099,0.49250388,-1.0447638,0.5426136,0.34691882
1.7622411,4.6712685,0.023376703,7.4607725,0.48662257,-1.0455934,0.24334264,0.46092188
1.8445563,8.143721,-0.017886281,7.5085964,0.5029805,-1.0634723,0.21656704,0.3567739
1.6467716,9.87627,-0.03886366,7.624317,0.48492622,-1.0488749,0.54401803,0.41733003
1.5899074,9.916702,0.0007017851,7.7516303,0.44074225,-1.0602411,0.95259595,0.43682355
1.3395998,9.591713,0.05926752,7.803889,0.44646525,-1.0558827,1.4402032,0.5102563
1.3317642,9.652109,0.01468873,7.766893,0.45175362,-1.0389626,1.2645323,0.49572587
1.2628703,9.427309,0.18264294,7.7649765,0.51456356,-1.1411035,0.88053584,0.41973495
1.3247011,8.849634,0.05920708,7.776233,0.48480463,-1.1032484,0.3236053,0.50852716
1.3514445,9.038811,0.10673356,7.772524,0.48711324,-1.1194112,1.3031764,0.52324724
1.4543624,9.398838,-0.017843008,7.8224335,0.49082732,-1.0529828,2.2220619,0.59352326
1.4510334,8.431973,0.06914163,7.738252,0.45698452,-1.0578523,1.8019016,0.67005706
1.4570365,9.307053,0.09451532,7.697114,0.42627263,-0.9897301,2.5118916,0.5623834
1.6134639,8.99407,-0.055590272,7.7282195,0.44978285,-1.0114657,1.181025,0.43849015
1.7507675,9.621661,-0.025961518,7.6776795,0.47440505,-1.0591271,1.2043884,0.55572486
1.8340925,5.1414337,0.031424046,7.5863576,0.46227002,-1.0244461,1.2098396,0.5913074
1.3813462,7.448204,0.18353319,7.6287932,0.48304677,-1.0750569,0.24136591,0.5710577
1.3592577,6.900571,0.13034809,7.6763268,0.49606657,-1.156664,0.21496105,0.16634917
1.2923218,8.2403345,0.0871048,7.5828443,0.5219438,-1.0736243,0.33896863,0.16238588
1.4342899,6.8821063,0.12713814,7.6356516,0.470376,-1.1005586,0.17141688,0.051823616
1.4550402,6.784562,0.12210727,7.5929656,0.39364934,-1.0551878,0.39110434,0.16858673
2.1013105,8.594297,0.8136101,5.6252484,1.9272187,-2.521419,0.33064258,0.27346277
0.50789684,2.9981291,0.8081136,5.7686944,1.9505324,-2.5648882,0.40727234,0.31022406
0.50539744,4.696865,0.7908505,5.6935263,1.9619317,-2.5792599,0.5317563,0.39863455
0.73383284,4.680285,0.80026007,5.6728973,1.9821222,-2.5594501,0.5025115,0.33510637
0.6018327,3.9841928,0.84695673,5.654213,1.8918531,-2.5607984,0.23864388,0.30601752
0.57869625,4.323988,0.84201765,5.583144,1.8770306,-2.4501097,0.25987303,0.03123951
0.5837286,7.877613,0.89192617,5.703355,1.8374412,-2.46847,0.30339634,0.29433239
0.5721823,6.337394,0.8879664,5.6097465,1.8211918,-2.466285,0.40536094,0.14583075
0.56430876,6.989483,0.89686346,5.565156,1.828371,-2.3848848,0.23405755,0.24677473
0.54381734,3.794266,0.92475176,5.585415,1.8081231,-2.481135,0.29763472,0.29081124
0.60126126,5.6377425,0.9453659,5.5590076,1.8163486,-2.4220545,0.41969943,0.2721349
2.699142,2.1612291,0.91371036,5.3375754,1.8277535,-2.4315867,0.090522766,0.03843063
1.1428132,4.1305957,0.9096136,5.4503593,1.8333578,-2.47579,0.20270193,0.17840123
1.0675063,5.725064,0.87846184,5.395817,1.848918,-2.410628,0.23237824,0.18389833
1.9380026,3.8824625,0.9007733,5.4195757,1.8016093,-2.3726645,0.1316154,0.010421455
1.210061,7.848675,0.9033667,5.3758354,1.8381557,-2.3977222,0.049254417,-0.116574764
1.1831974,9.750521,0.9003253,5.3694706,1.8580952,-2.421673,0.017917395,-0.123357594
1.8241601,9.804464,0.90604067,5.3986263,1.8166528,-2.400941,0.7612505,0.1438365
2.4183598,4.2280827,0.9131372,5.435652,1.8326428,-2.4027214,0.26795363,0.44354606
1.3595457,5.3510637,0.9096894,5.3718457,1.8331447,-2.3743987,0.270388,0.21525514
1.6774236,3.3330042,0.91256714,5.3784866,1.7954814,-2.3629818,0.336393,0.29483205
1.4744716,3.248931,0.9253433,5.5120134,1.7767389,-2.3681226,0.28488326,0.1441735
1.7939553,3.8926492,0.86177945,5.4891434,1.7812932,-2.3696327,0.26945412,-0.031717718
2.2198813,7.6269436,0.8533131,5.615609,1.7514169,-2.3613777,0.14846683,0.00016796589
1.1937575,8.847046,0.82018876,5.647773,1.7619302,-2.332183,0.895301,0.329944
1.0614656,6.8234696,0.76015043,5.7496758,1.7410567,-2.3240914,0.36230373,0.29608965
0.86178553,5.43717,0.74566674,5.765447,1.7630157,-2.3051612,0.15761042,0.2952397
1.0028024,6.07033,0.7934326,5.743649,1.7662132,-2.294209,0.4204296,0.3995644
0.7835425,3.6492376,0.815519,5.758871,1.659143,-2.227715,0.27579224,0.058607936
1.8235798,3.414402,0.82477736,5.730213,1.6787422,-2.2494884,-0.08211166,0.041461825
1.6508166,6.508372,0.82439256,5.7345247,1.6632667,-2.2515018,0.25117004,0.23628753
0.99637014,4.501558,0.84608936,5.658163,1.6648135,-2.2631574,0.29601014,0.1447286
0.97951794,8.330392,0.8986666,5.541247,1.6476545,-2.2324553,0.13343108,-0.08612841
1.1086898,9.0192995,0.85923195,5.608318,1.6075852,-2.1663516,0.26436317,0.002688408
1.1393565,5.805132,0.848518,5.662238,1.6114433,-2.1436503,0.7622752,0.37830597
0.96388966,7.596732,0.86829984,5.7329597,1.5689564,-2.1470141,1.297509,0.6147851
2.8092525,6.080501,0.84208775,5.7329245,1.5838616,-2.1359622,1.7062507,0.71714234
0.5649588,6.0057597,0.80701673,5.882343,1.6470146,-2.1363316,1.0377209,0.4978075
0.58287656,6.173081,0.901268,5.926078,1.6387,-2.241045,0.9751469,0.5270078
0.66175437,2.73388,0.8182341,5.969473,1.6511197,-2.2659144,0.72983277,0.6123612
0.73453563,6.2803874,0.79911387,5.85705,1.6753082,-2.2707896,0.87574744,0.41290784
0.6658043,5.353301,0.798084,5.87056,1.721668,-2.2743468,1.3044338,0.48732877
0.68594,5.4389133,0.79808664,5.940757,1.6936789,-2.3294947,0.88438475,0.6773467
0.67906666,5.3372903,0.7930255,5.9819374,1.6353345,-2.21841,0.51937556,0.69724524
0.57159764,5.4993553,0.7960913,5.9866114,1.6243362,-2.1874456,0.40412676,0.53979826
0.56237787,4.256338,0.81538665,5.956606,1.6420963,-2.1885629,1.6046917,0.78960013
0.6858623,2.8539357,0.80798376,5.968766,1.6160412,-2.2673106,0.81143737,0.5693064
1.4328101,2.3568156,0.7869731,5.9099455,1.613184,-2.2330227,0.7787651,0.44934535
1.9214516,6.5137105,0.7725036,5.8304443,1.6734798,-2.2456968,1.9475708,0.62894344
0.8644831,2.7949376,0.76115274,5.8507166,1.664366,-2.2201338,2.1404243,0.7175261
0.69326043,2.3461797,0.7533897,5.9279017,1.6810157,-2.2916327,2.195763,0.6704457
1.8174831,9.615635,0.70398486,5.996145,1.7139862,-2.2858562,1.7397797,0.5430181
2.3394096,8.837591,0.7232766,5.98304,1.7171729,-2.2902908,1.4025092,0.42158997
1.5634099,8.506726,0.7884903,5.9732122,1.656784,-2.2465358,0.47339237,0.48211563
0.7340598,2.5323462,0.7432146,6.022545,1.632468,-2.264509,0.5752388,0.48881406
0.73174405,8.165626,0.73785436,6.1365404,1.6397936,-2.2405875,0.45564592,0.13801873
0.8283685,9.527645,0.7461846,6.0918174,1.6466203,-2.2595377,0.20428538,-0.0074534416
0.71674347,9.796562,0.7442007,6.1451797,1.6704078,-2.2406301,0.33841336,0.07938129
0.63448197,6.850431,0.7431462,6.1558685,1.6057427,-2.2285092,0.3551036,0.4281854
0.618308,7.938527,0.7439401,6.2811213,1.6470218,-2.2795951,0.41342235,0.40314472
0.66540796,9.429601,0.69414854,6.2885723,1.7007558,-2.297289,0.7915058,0.32177174
0.6871311,8.29092,0.6461408,6.300124,1.7322106,-2.3091571,0.8326967,0.64128435
0.94809437,3.5064745,0.61867344,6.181081,1.7368267,-2.3074453,0.4814818,0.4866318
0.95040786,2.1551225,0.6232784,6.1590133,1.6823344,-2.2422037,0.23075604,0.28546274
0.82803893,7.281578,0.6304467,6.1229024,1.6841877,-2.257306,0.49530435,0.287758
1.2879068,6.590428,0.6179788,6.117683,1.6691098,-2.227627,0.42912662,0.39456403
1.0754769,9.397448,0.6186023,6.123572,1.672519,-2.217111,1.9441924,0.52595615
1.0315657,9.021414,0.6711621,6.1478243,1.6400771,-2.2128043,0.26343095,0.4120739
0.7093006,7.991567,0.66519785,6.2185183,1.7089074,-2.2421396,0.7377846,0.4211673
0.6635791,7.0490007,0.73801386,6.072896,1.7359385,-2.340955,0.8472252,0.5540699
0.56533957,4.5826373,0.7799685,6.052099,1.7264769,-2.3258007,0.925269,0.60536814
0.5234968,4.634841,0.7696997,6.032179,1.736649,-2.3132982,1.0926869,0.5246823
0.5753233,3.8117604,0.72026753,5.948955,1.7925773,-2.3147287,0.38280308,0.4721725
0.5892816,5.0347166,0.7235348,6.0727243,1.7341495,-2.3625517,0.4241644,0.45113993
0.53207886,3.3739939,0.74178624,6.092965,1.7524807,-2.425411,0.8576803,0.49808538
0.517427,7.085737,0.6912533,6.1881514,1.8412397,-2.4109843,0.6188439,0.6679251
0.63256174,6.0135136,0.6778102,6.2546864,1.7452588,-2.3670962,0.8838743,0.47109175
0.576105,5.9176493,0.69227827,6.2438354,1.703476,-2.3102899,0.5229751,0.5316522
0.54145193,5.88824,0.69279814,6.2642174,1.7006209,-2.279983,0.8263639,0.450616
0.54974186,5.511238,0.67646897,6.3356113,1.6849046,-2.297083,0.47585607,0.40400875
0.57434964,7.3609667,0.6673441,6.3811007,1.6802576,-2.2814145,0.42496622,0.3447523
0.6144233,6.3675933,0.5806346,6.4814625,1.6773279,-2.3252254,0.057926536,0.10417473
0.58581597,5.5315366,0.57679725,6.52448,1.6707199,-2.3063464,0.18160951,-0.064150095
0.505785,5.13993,0.6073613,6.526841,1.6566873,-2.2792854,0.18396378,0.36450958
0.5801473,4.2050834,0.60375595,6.547081,1.6466889,-2.2757893,0.14697742,0.31256968
0.5756462,4.47404,0.53252316,6.5057764,1.6956358,-2.2643857,0.3503015,0.24758077
0.59561515,4.7600527,0.52840257,6.6285496,1.7275343,-2.3587542,0.51374876,0.5121794
0.60478604,5.4093194,0.5159986,6.613579,1.6865447,-2.338696,0.37887275,0.26474845
0.53746426,5.6970387,0.5162227,6.6569433,1.7122746,-2.3185728,0.4353075,0.26110995
0.60983413,7.995525,0.5274277,6.568222,1.7209532,-2.3369293,0.16765833,0.26445973
0.6191058,6.248846,0.5269971,6.5720654,1.7201731,-2.3272119,0.20881784,0.2881291
0.502336,4.515512,0.55056715,6.585752,1.7540531,-2.3636072,0.33099484,0.1811459
0.5022597,3.7317657,0.5225818,6.506535,1.7723689,-2.3982792,1.7244201,0.4012453
0.51888996,6.6141906,0.5733428,6.390176,1.8284519,-2.3772988,0.56724703,0.3156728
0.5331064,6.9226117,0.5794002,6.471244,1.8266714,-2.4672663,0.29409063,0.11503506
0.5329871,5.896058,0.5762093,6.4526606,1.8049994,-2.42396,0.08291149,0.061191738
0.5835827,5.9538455,0.6016668,6.4190006,1.7625706,-2.3621304,0.1695795,0.13395828
0.5599145,4.136099,0.6082308,6.4078426,1.7198951,-2.3417463,0.19000804,0.19365412
0.55194145,3.7671232,0.58463,6.3582897,1.7503104,-2.372102,0.27934146,0.15086782
0.67373914,3.6364045,0.58560014,6.3552475,1.7697165,-2.4161992,0.19314444,0.2215963
0.56421137,5.503872,0.63415027,6.2481804,1.7490323,-2.3701544,0.16185927,-0.23978871
0.52996516,4.4085965,0.63386464,6.292861,1.7381084,-2.3769002,-0.026345134,-0.1963839
0.6408565,5.850033,0.6252439,6.2957335,1.7709227,-2.4029062,0.17012715,-0.24178118
0.5730894,5.5580034,0.658061,6.183469,1.7731829,-2.3935423,0.10739565,-0.3730687
0.5405432,3.1704745,0.6560142,6.140067,1.8291206,-2.3855257,-0.11159289,-0.26941273
0.5367469,3.785036,0.62736166,6.3014245,1.7883468,-2.377826,0.12503684,-0.21264946
0.52107656,4.743382,0.67974627,6.2329187,1.8158004,-2.4380057,-0.005999267,-0.39158925
0.5912714,8.925081,0.69580483,6.2157135,1.8278606,-2.407777,1.0895627,0.18877745
0.64292383,8.966085,0.71165466,6.1493554,1.8006325,-2.3727322,0.85683894,0.25740027
0.5953571,9.037003,0.71100724,6.1591067,1.7856476,-2.4032774,0.90151894,0.27415156
0.8122401,9.852243,0.7292738,6.011709,1.7574303,-2.318063,0.7645426,0.35741693
0.9567553,8.243776,0.70856404,5.911685,1.7283041,-2.2578745,0.6833024,0.52410555
1.3101287,9.575614,0.6980238,5.925787,1.7338979,-2.2812588,0.7185999,0.5706215
1.4116086,9.273899,0.7117052,5.9552755,1.7242558,-2.2637668,0.72929895,0.5318949
1.3132282,9.259489,0.7266314,5.955812,1.6720929,-2.302805,0.84520316,0.5159768
0.67907095,2.4642944,0.73466754,5.967436,1.7031562,-2.223903,1.5183811,0.34776223
2.9041657,2.9690824,0.70880425,5.8271317,1.7138691,-2.1945753,1.5892327,0.688889
2.7011948,9.840502,0.7229953,5.7951035,1.7638035,-2.2593412,1.5967813,0.4821443
0.71589774,6.142515,0.7426816,5.7874002,1.8227351,-2.3215358,0.921736,0.5282079
0.7133517,7.4948983,0.6969825,5.916275,1.8120337,-2.347281,0.5882741,0.5902796
0.9965069,3.1809554,0.6950505,5.90224,1.818043,-2.3565893,0.7488512,0.69227815
1.093638,6.1942325,0.71763134,5.857904,1.7976487,-2.34978,0.9053774,0.6806959
0.8850924,6.474398,0.72257066,5.903041,1.7954118,-2.378198,0.479491,0.5090816
0.7236613,7.422266,0.7295774,5.868498,1.8185949,-2.3669648,0.8364036,0.57246685
0.7490378,7.490381,0.70944834,5.950824,1.8760498,-2.4104333,0.8559731,0.6706563
0.75929093,7.7185946,0.7368051,5.903994,1.8406928,-2.4233456,0.53846586,0.40830445
0.8192049,5.8581395,0.75115967,5.7837343,1.8714056,-2.4429882,0.71873546,0.5108093
0.7651768,8.996597,0.75220525,5.8281574,1.8833587,-2.4390187,0.66665363,0.42682856
0.7834958,9.015888,0.7253196,5.9143515,1.8819637,-2.4862065,0.32197,0.26440036
0.8499941,9.61356,0.72670746,5.861502,1.8982251,-2.5030713,0.5583174,0.29750097
0.75297225,7.638871,0.7190151,5.8023663,1.9177129,-2.523862,0.19471908,-0.2187483
0.5767144,6.7077236,0.7745888,5.7648163,1.9353824,-2.510096,0.22348964,0.52882266
0.52282095,6.245504,0.79125,5.8086715,1.9446857,-2.510706,1.4644752,0.5469388
0.5144446,6.986119,0.799144,5.8431263,1.9614911,-2.5918593,2.2631378,0.6517614
0.74927276,5.234619,0.7611668,5.829796,1.9820886,-2.5430396,2.6063864,0.5897403
0.6062099,3.6796072,0.7404268,5.86318,1.9916885,-2.6473818,1.6971946,0.50784993
0.5442676,4.0148706,0.75116026,5.8156385,1.9647532,-2.54997,1.2632375,0.5178664
0.5133233,4.1270967,0.754984,5.9288883,1.9618928,-2.5400958,0.8628465,0.7455375
0.5109742,3.3503513,0.7302015,5.9377666,1.9474697,-2.5352795,0.72298896,0.46508652
0.6492029,4.480214,0.6886749,5.9304805,1.9405208,-2.5401068,1.8850031,0.5516093
1.2419497,3.371684,0.6610105,5.9174995,1.983913,-2.5432363,2.6239989,0.68718946
1.0825762,7.665974,0.6763325,5.9858375,1.9030066,-2.5124724,2.0045245,0.68011653
0.96822226,8.289587,0.5490532,6.028691,1.9059594,-2.430343,0.37058342,0.5654228
1.5528127,8.940011,0.5581206,6.0118403,1.896208,-2.4026427,1.079077,0.42818952
0.85943377,3.3693297,0.61274457,6.0746737,1.873236,-2.4373505,0.76026773,0.6001859
0.97825634,9.837023,0.57289207,6.060336,1.9134331,-2.4679718,0.389485,0.10916847
0.9564235,2.5471134,0.5776849,5.98442,1.9579165,-2.4694836,0.3835585,0.52618873
0.93693924,8.081619,0.58702123,6.0761003,1.9584446,-2.5387287,0.0879575,0.13925934
0.7948389,8.364092,0.62460375,6.1056023,1.930659,-2.5569491,0.05742967,0.033085942
0.7353551,9.509093,0.62748253,6.2344313,1.8910732,-2.5499268,0.3359543,0.03474939
0.71237886,7.9836674,0.60690665,6.3370147,1.8575745,-2.4904127,0.20283175,0.12857848
0.71969306,9.108378,0.61583817,6.3115683,1.8385589,-2.4892192,0.647365,0.21374446
0.6215443,9.557991,0.64570117,6.2623367,1.8323588,-2.4431913,0.2142613,-0.25227985
0.71221685,8.206167,0.60093045,6.245574,1.8366456,-2.4328775,0.16027224,0.13358128
1.4871981,3.5763125,0.55664086,6.1962757,1.8467941,-2.3718238,0.17047632,0.35616612
0.99843884,9.854647,0.5560174,6.188797,1.8424332,-2.365808,0.45376456,0.2845127
1.016818,4.1488543,0.54444385,6.1794243,1.8635774,-2.3893642,0.59222996,0.28692222
1.7962872,2.205472,0.5052955,6.2337,1.8585534,-2.4140198,0.068416476,0.35849088
1.2378373,4.5566206,0.5156882,6.2562356,1.8518174,-2.4201343,0.051553845,0.18288237
1.3129277,5.829089,0.5799359,6.1732473,1.8507528,-2.4721277,0.19622386,-0.016454399
2.1799948,3.1680381,0.56572294,6.2479277,1.8738651,-2.4176161,0.13274801,0.14869446
0.57716084,2.3351774,0.6430433,6.175028,1.8710821,-2.457952,-0.07030833,0.2016046
0.55248636,3.3797138,0.6511998,6.044416,1.883595,-2.4445915,0.35780048,0.33078158
0.5910347,4.612031,0.6457095,6.0509167,1.898963,-2.4763327,0.34074903,0.20377958
0.66022205,2.9533234,0.63634896,6.027143,1.8860729,-2.462112,0.22604084,0.29898143
1.1937742,2.6006882,0.6200948,6.1036043,1.9040134,-2.481793,0.16679025,0.23240995
0.50331503,5.459894,0.6279068,6.189846,1.913816,-2.4911828,0.31196368,0.24005878
0.5008354,6.0016923,0.68057656,6.2371435,1.8881822,-2.508481,0.35045075,0.22507203
0.53687334,9.823353,0.6593263,6.3712444,1.8756666,-2.4986186,0.15775788,0.31268448
0.53806484,9.825584,0.6497321,6.5008254,1.7759373,-2.4017212,0.37418282,0.18210173
0.5127343,8.121078,0.582145,6.578908,1.7706807,-2.3986654,0.32804668,0.17107433
0.5249525,8.061893,0.5757737,6.5853615,1.7999012,-2.380495,0.3033334,0.5187831
0.60256696,7.807638,0.5706651,6.59953,1.7944388,-2.454207,0.4511361,0.33321702
0.62993515,7.3499637,0.6000459,6.3756084,1.8084645,-2.4208333,0.3701085,0.14974552
0.647341,8.064713,0.59358764,6.3910694,1.7950373,-2.440331,0.2375052,0.25879693
0.6311358,9.41728,0.6284175,6.3961215,1.8023498,-2.4049835,0.5236199,0.3449223
0.72550285,9.800362,0.5934446,6.3776593,1.7981696,-2.3742967,0.40396547,0.6585896
0.94967985,9.256897,0.55450785,6.3048325,1.7393391,-2.2966197,1.2237105,0.7389331
0.55987865,3.548029,0.546046,6.370055,1.7663538,-2.2995515,0.96968114,0.5286461
1.5916337,4.5838156,0.5426035,6.306262,1.7878344,-2.3028567,0.50064325,0.29762483
0.6487305,2.5894322,0.56720066,6.226712,1.8075092,-2.3719664,0.5476147,0.6245899
0.6529373,3.80122,0.54890597,6.2095065,1.8493397,-2.38263,0.5601727,0.59691465
0.52883446,4.411699,0.5779731,6.255025,1.8553467,-2.398003,0.748428,0.5055994
0.6232422,5.011924,0.59153605,6.2954917,1.881274,-2.4514642,0.45542777,0.58347535
0.5511917,8.62854,0.6045599,6.3106475,1.864203,-2.4196963,0.4518186,0.44990516
0.5472893,8.847742,0.560513,6.369425,1.8691192,-2.4078987,0.56796443,0.2846825
0.5180176,7.411161,0.5448353,6.4087124,1.8763163,-2.4196913,1.3644488,0.31556946
0.5140533,4.5346737,0.5750506,6.376164,1.8951609,-2.4840112,1.6058574,0.5578966
0.5152195,4.9406624,0.59956455,6.3562174,1.8830211,-2.4882486,1.9235277,0.63288784
0.62444425,6.9661727,0.55443525,6.35985,1.9179215,-2.4405198,2.7775202,0.71001005
0.5491231,7.528214,0.55870485,6.389876,1.9332368,-2.519981,1.7127743,0.34848225
0.5173109,8.401015,0.56485176,6.4283853,1.9446847,-2.5006483,0.21275139,0.10962647
0.5355675,9.652682,0.58626735,6.505881,1.9380105,-2.5449042,0.30615544,0.1825844
0.5562001,8.295069,0.5709044,6.5932713,1.9023697,-2.4991531,0.20158696,0.17183518
0.5569353,9.922778,0.59875035,6.637617,1.8640134,-2.5078497,0.34383512,0.2746787
0.5587835,9.946241,0.5771787,6.652509,1.8487263,-2.4839761,1.4790177,0.51187766
0.55765927,9.237796,0.52945733,6.6401253,1.8786838,-2.4808884,1.1370153,0.55391383
0.5994397,9.737062,0.51421857,6.680913,1.8820558,-2.4696412,0.8411914,0.6120391
0.6510904,9.002855,0.48070598,6.5386534,1.9000986,-2.4655793,0.48073208,0.5729017
0.6963402,7.5500226,0.4550147,6.545289,1.8914514,-2.4630647,0.5425178,0.5722821
1.0979742,9.9811325,0.6419525,6.241777,1.5606699,-2.1342041,1.3945165,0.5527233
1.2212377,2.7588782,0.64560556,6.1554995,1.5722136,-2.1021576,1.0434415,0.62495327
1.251971,5.7087116,0.62827003,6.213653,1.553261,-2.1009483,0.33623612,0.61827254
1.4079101,8.731277,0.6617074,6.2100277,1.5568728,-2.13175,0.9646354,0.49929965
0.99980974,6.0697823,0.6602988,6.1902423,1.5261745,-2.1306667,1.6704226,0.47172093
1.0299541,9.644571,0.63032985,6.2585754,1.5110197,-2.0364718,2.3040328,0.6164855
0.9064508,2.5905669,0.612802,6.2647676,1.5056975,-2.0249238,1.74839,0.86021507
1.1834996,2.5377457,0.61092305,6.3326116,1.489625,-2.0666494,1.6519737,0.26867235
1.3085577,2.9180958,0.5993347,6.3866286,1.4277005,-2.009676,0.35564566,0.2706675
1.3096642,2.0774465,0.61258197,6.3706484,1.4205089,-2.0257747,0.3895496,0.4659351
2.591708,2.062805,0.6457937,6.2569246,1.4224117,-1.9838208,0.073044896,0.33778894
2.7758844,9.1238575,0.66955614,6.2150545,1.4030254,-1.9739231,0.31484473,0.2795807
2.624373,9.831802,0.69289017,6.2909207,1.409246,-1.9808446,0.44921768,0.40028632
2.1108983,5.4779844,0.6970887,6.2620616,1.4112368,-2.0377064,0.51417136,0.5349809
0.7658357,4.882744,0.7318697,6.276866,1.3832829,-2.0096111,2.0382807,0.61798286
0.8186499,4.0193086,0.75540376,6.27696,1.3537765,-1.9648006,2.0814023,0.5858035
0.9916464,2.7276406,0.7590151,6.0819235,1.3598197,-1.9059697,1.7029634,0.658044
1.057797,7.1031284,0.7679987,6.0508633,1.3687928,-1.9015156,0.3857975,-0.012949288
1.818285,3.5313108,0.79091346,6.0672693,1.2864077,-1.828123,0.046383023,0.09518731
1.6267431,2.7242837,0.81603456,6.05677,1.2922819,-1.8583478,0.021066904,0.30210233
1.4050236,2.1197255,0.8208108,6.0174494,1.2652164,-1.8648189,0.6989682,0.39168376
0.7763122,2.0156686,0.8109286,6.0900598,1.2640104,-1.8680587,0.30151522,-0.079028994
0.72819996,2.3455992,0.8208468,6.1187735,1.2263896,-1.8624756,-0.031119525,-0.14575008
0.6030994,2.4505308,0.8564037,6.11467,1.2051723,-1.8211186,0.46783864,0.12176365
0.6637577,2.16918,0.8751097,6.0407596,1.2076654,-1.8051633,0.36298358,0.3935563
0.78338397,3.5896525,0.87845945,5.954217,1.2324388,-1.7624397,0.36161518,0.37539095
2.5670063,4.9530034,0.9809623,5.9751368,1.2255332,-1.8006687,0.4953581,0.6691425
1.1475396,3.3034053,0.92323637,5.9714184,1.2235043,-1.8206851,0.81960416,0.6063565
2.7201953,8.488637,0.94587576,5.9562454,1.2284262,-1.7787347,1.012486,0.68124115
1.2661064,3.7873573,0.9851229,5.850342,1.2291925,-1.8121843,0.5256885,0.541633
0.82243586,3.9808393,1.0005744,5.8457937,1.2340424,-1.8421435,1.015162,0.5401654
1.7110807,2.7286408,1.0131378,5.846596,1.2287126,-1.8671036,0.7675611,0.48445702
1.9116154,4.8511696,1.0241039,5.8898306,1.1926668,-1.8596107,0.45047283,0.34262443
0.6720998,2.8444517,0.98660886,5.9822154,1.2419615,-1.8954216,0.39932203,0.34451365
0.67535734,4.839562,1.0001104,5.891921,1.2308476,-1.7898612,0.5210421,0.49542654
0.8873147,2.8620105,0.9195087,5.921729,1.2625613,-1.8235838,0.994094,0.5486007
2.8957713,4.763345,0.9344567,5.8865905,1.2527304,-1.8593056,0.69009984,0.48064625
2.9589086,3.118637,1.0349662,5.753435,1.2333724,-1.782265,0.9050436,0.5832505
2.0333452,5.8799,1.0575857,5.761573,1.227474,-1.8267033,0.6092746,0.30226696
2.0277786,3.436648,0.9878247,5.747219,1.2301133,-1.8528794,0.4330442,0.20516682
2.12082,4.5766077,0.97605634,5.6383266,1.307848,-1.8701789,0.24619281,0.30685335
1.069319,3.8096948,1.0141025,5.638953,1.3275702,-1.931678,0.47618258,0.303114
0.7636775,2.4407191,0.9757798,5.757353,1.3042502,-1.8793384,0.60798633,0.2788149
0.7928443,2.073423,0.9569056,5.7637043,1.3154614,-1.9332037,0.9108373,0.5294676
1.0909134,2.0504215,0.949558,5.812977,1.3139033,-1.9254723,0.9347956,0.4789232
1.9994918,3.9618046,0.9772563,5.762062,1.3181367,-1.9574279,0.88297176,0.4453805
0.7918327,4.796274,0.9771619,5.895749,1.304568,-1.8330271,0.7177352,0.5622282
0.87473357,4.5496826,0.9105804,5.900282,1.3259454,-1.8704841,0.516431,0.34245896
0.96713895,3.7044697,0.90907264,5.8681507,1.3277428,-1.9185052,0.60324204,0.43234086
2.6152422,5.1346245,0.9286425,5.896059,1.2807112,-1.8249149,0.59043694,0.4212091
1.0499426,8.821001,0.9910178,5.862813,1.2497845,-1.8309293,0.6836295,0.36925542
0.9470064,6.4897213,0.9375659,5.8554864,1.2525833,-1.8370969,0.15724778,-0.2734005
2.7419786,7.3252373,0.9852259,5.7807064,1.2404575,-1.8366598,-0.014646292,-0.20979899
2.8789287,7.1543984,0.9907267,5.805172,1.2718825,-1.8962195,-0.16825497,-0.36280802
2.0557246,6.73226,0.91819406,5.8165655,1.2560465,-1.7842526,-0.17181891,-0.25738883
2.863576,6.0850673,0.96025276,5.8098507,1.2532082,-1.8382957,-0.14254826,-0.48214024
2.9558396,5.2897425,0.9640167,5.7814097,1.2887783,-1.7985992,-0.1426397,-0.23479691
2.9939888,5.7694263,0.9658947,5.939356,1.2282228,-1.8048493,0.054870963,-0.18392554
2.4723918,3.377936,0.9556439,6.029768,1.1645033,-1.8059932,-0.05765122,-0.40725136
2.708633,6.295668,0.9019482,5.958891,1.2102807,-1.8528433,0.054266095,-0.15347189
2.5631933,4.224804,0.9722278,5.892028,1.2274055,-1.8351622,-0.006411314,-0.2538482
1.9827578,4.1817646,1.005014,5.8889713,1.2505007,-1.8395267,-0.0053610206,-0.2638209
1.833033,6.2591796,0.9514425,5.879157,1.2335317,-1.8511362,-0.024357438,-0.29294538
2.018095,6.2233987,0.93675554,5.9163594,1.2352402,-1.7890211,0.06634736,0.075528264
1.6152606,7.348536,0.8752904,5.9796753,1.2486444,-1.8525367,0.3039689,0.012653947
1.3444996,5.2134547,0.8651774,5.9573045,1.2648904,-1.8350812,0.112939715,0.11314452
2.0176494,5.344638,0.8750454,5.9614024,1.256829,-1.8202162,0.21926427,0.09770727
1.2397413,3.6455498,0.87801945,6.0219336,1.2329154,-1.8221483,0.07352555,-0.13266051
2.1744542,9.397633,0.8869374,5.9657755,1.257436,-1.841331,0.12086773,-0.19299361
2.6809115,8.586134,0.9272671,5.8941965,1.2796674,-1.8273052,0.053885818,-0.014387846
1.0490098,7.3247056,0.89976025,5.8763165,1.2952573,-1.8247635,-0.050300956,-0.015095681
1.0922489,7.461974,0.8930502,5.822534,1.2964473,-1.8212197,0.21377099,-0.09697136
2.073441,7.075845,0.9012575,5.780946,1.29374,-1.8586597,0.11582589,-0.23289257
1.8817892,4.5352025,0.8994453,5.744303,1.3322947,-1.847305,0.0021982193,-0.1834563
2.6970387,5.091419,0.9521723,5.737095,1.3110995,-1.8722224,0.1440326,-0.039053887
2.2250233,5.282362,0.9123306,5.7366757,1.3244183,-1.8526652,0.10785806,0.12743759
1.6733351,5.263918,0.9285855,5.7358975,1.319061,-1.8925449,0.16443217,0.07340741
1.7474618,6.432213,0.9721408,5.7392597,1.3363359,-1.915591,0.25141227,0.05077362
2.4214277,5.1867704,0.9622408,5.609387,1.4110768,-1.9762439,0.036163926,0.105071425
2.2892137,3.0387688,1.0110583,5.6283,1.4049642,-2.0126247,0.39889526,0.121792495
2.1690989,7.9844847,0.9744406,5.65582,1.4103179,-1.9406614,0.9778894,0.5108576
2.574128,8.3138075,1.0093718,5.6229944,1.4213657,-2.0103226,1.5706224,0.5263901
2.5272222,7.098434,1.0625775,5.5566387,1.4117274,-2.0129313,1.1929765,0.554831
1.1897833,5.62107,1.0359035,5.5455656,1.4105196,-2.0165858,1.4791191,0.50316954
2.622315,6.313136,1.051331,5.550078,1.4105341,-2.0100422,2.48891,0.56773305
2.9549549,8.149981,1.02843,5.558708,1.4245255,-1.989342,2.7365139,0.77967143
2.97079,8.521835,1.0421398,5.5100307,1.407737,-1.9782472,2.5625927,0.55123115
2.9668896,3.5892396,1.0416751,5.536325,1.3757,-1.9735324,2.312254,0.65593374
2.4246502,5.679888,1.0862131,5.4422245,1.412283,-1.9748839,1.0209608,0.4497913
2.1130698,8.5013485,1.0593591,5.3802595,1.4598148,-1.978436,1.1837487,0.5623081
2.6717424,3.0162468,1.1005952,5.4009027,1.4469507,-2.0258768,1.0114474,0.51458
2.1023135,4.9779854,1.0904837,5.4048367,1.4291608,-2.0151691,0.77336407,0.45955932
1.9196049,2.3376849,1.0962341,5.3883147,1.4068084,-2.01124,0.7444296,0.49260527
1.4030318,2.046462,1.0988576,5.397912,1.4114995,-2.008214,0.4794762,0.35953414
2.1536884,9.796682,1.1267426,5.340487,1.4171886,-1.9785775,0.81951714,0.47479236
1.2598144,2.8189583,1.0651529,5.35306,1.3837101,-1.8794105,0.78977704,0.44389743
2.6473958,5.059176,1.1312985,5.4190154,1.3287203,-1.9385623,1.067627,0.6553087
2.9459562,3.3440037,1.1707428,5.267105,1.4108179,-1.9316902,0.9030081,0.73302937
2.6645854,2.8625329,1.1691284,5.4217296,1.372889,-1.9442134,0.91608906,0.7383256
2.1391542,2.1670642,1.1310055,5.4712563,1.3706603,-2.0181112,1.6149182,0.46382624
2.105829,7.315642,1.1368833,5.4489,1.3566413,-1.9813186,1.6959639,0.55886984
1.7278557,9.840762,1.1153979,5.429749,1.3574314,-1.9280022,0.5848825,0.28106856
2.6989074,9.262432,1.1071215,5.4320765,1.375319,-1.9402943,0.3101256,0.05846727
2.6408746,5.7573156,1.0898566,5.42725,1.3597736,-1.9295695,0.06368601,0.08106923
2.6806517,5.005269,1.0660651,5.4904637,1.3510773,-1.904979,0.12665892,-0.14597899
2.6895542,4.5910206,1.0945613,5.5716085,1.3183827,-1.8916221,0.030813456,-0.025877088
2.132255,9.892956,1.157923,5.4484634,1.2809145,-1.8757999,0.40493596,-0.067249775
2.9801788,9.216316,1.1448977,5.5039244,1.3036184,-1.9433099,0.33593178,0.03957945
0.7251346,7.882535,1.1519663,5.499751,1.3581328,-1.9587224,0.3908049,0.28655976
0.68509287,7.77494,1.1235354,5.5578637,1.3964372,-2.0077085,0.26461947,0.21914625
0.5052561,4.4242287,1.1283369,5.6092997,1.3993406,-2.0248313,0.28966188,0.3605079
0.57413244,2.0892885,1.1049829,5.5235915,1.3964412,-2.0127053,0.57195985,0.4807145
1.3244721,6.608606,1.0119956,5.6843677,1.3631322,-2.0032113,0.45922172,0.16596413
2.3096805,8.773864,0.9969629,5.6486206,1.3667638,-1.9248194,0.49308097,0.33849198
1.9129769,2.1607463,1.03895,5.6381426,1.302774,-1.8999193,0.44283676,0.29685193
1.7209562,9.504974,0.97174406,5.6602826,1.2803833,-1.775302,0.49928272,0.24105567
1.7663018,5.0418997,0.94706666,5.7477913,1.1962161,-1.6618563,0.6086935,0.75609016
2.1346316,4.6877027,0.97440267,5.8353243,1.1774778,-1.6905537,1.8827541,0.8225287
2.6477547,8.702164,1.036242,5.7368875,1.178477,-1.6907597,0.9207833,0.5237825
2.3912568,8.776092,1.0633831,5.692082,1.1575501,-1.7055904,0.6485385,0.14168346
2.3355503,7.0206327,1.094717,5.696766,1.162776,-1.7439559,0.69452333,0.28163648
2.2021403,2.4952202,1.072274,5.6401415,1.1507361,-1.7121325,0.45702016,0.38943255
2.1027226,4.818223,1.072604,5.760709,1.152767,-1.7387269,0.27909327,0.30036116
1.5365951,3.4145904,1.1094682,5.799798,1.153455,-1.772616,0.44867146,0.48305106
0.86212933,6.5495443,1.1145658,5.7327995,1.2059588,-1.7813995,0.555689,0.62550116
2.9740567,4.028842,1.0838752,5.7439833,1.2153776,-1.7859473,0.7569866,0.5718061
2.41621,6.787089,1.0412579,5.731616,1.1827404,-1.8008684,0.77193356,0.37434793
1.2764609,6.496144,1.0452576,5.793105,1.172323,-1.7863103,0.49355984,0.35619205
1.111724,3.5696843,1.0651064,5.8116207,1.1617253,-1.8131814,0.475554,0.27999443
1.166745,3.7120323,1.079829,5.7929688,1.1581726,-1.8074682,0.33197796,0.24157906
0.96089923,4.4164066,1.0829124,5.742424,1.1653092,-1.7751656,0.45781744,0.09608674
2.2065706,3.2582843,1.0188947,5.722877,1.1915329,-1.7791728,0.23582482,-0.009973586
1.8893628,4.331766,1.0599272,5.7561007,1.1863673,-1.7778753,0.3513037,0.3847726
1.8290598,3.9770408,1.0345864,5.757927,1.1592684,-1.7465093,0.50414443,0.33109212
2.638314,7.2747293,0.9996102,5.8193636,1.2009091,-1.7813936,0.6496192,0.32681262
2.4384542,2.0885918,1.0205464,5.8139954,1.1595478,-1.7813919,0.15823066,-0.2920211
1.8811553,3.7513776,0.98758435,5.8419876,1.1617048,-1.7418784,-0.19369882,-0.3767592
1.9097278,3.7812066,0.98486924,5.840109,1.1853173,-1.7678602,-0.12896961,-0.37448922
1.9757544,2.9015808,0.9883449,5.8036604,1.1872671,-1.7192664,-0.08365542,-0.41304138
2.4437182,8.539789,0.9649074,5.9568105,1.1940978,-1.7343102,-0.0361591,-0.40333408
2.1921122,2.041732,0.9641812,5.9042826,1.115561,-1.7307438,-0.10802901,-0.3661152
2.7076302,6.749715,1.091264,5.8805184,1.1418481,-1.7909203,0.12718046,-0.20322001
0.9442545,3.1120665,1.0481982,5.937626,1.0946593,-1.7664855,0.39180815,0.13522804
2.1077015,4.9749594,1.0513146,5.8620815,1.0853395,-1.671279,1.5355239,0.4289044
2.1614654,4.3377867,1.0110497,5.9511847,1.0674188,-1.660707,0.7211673,0.3977924
1.0755181,6.1090918,1.0035868,5.993309,1.0664618,-1.6503592,0.76272404,0.5460428
2.2150211,6.6201673,1.0174766,5.949001,1.061043,-1.6661245,1.0477064,0.42508012
1.6829101,4.7541695,1.0430117,5.894743,1.0454047,-1.6583337,2.7280388,0.592065
1.7868569,4.812828,1.049948,5.8816156,1.1197886,-1.6633706,1.9483194,0.6795794
1.4787749,4.1993494,1.148433,5.823138,1.0685904,-1.6663607,2.1243036,0.5057707
1.5425125,6.465299,1.0086288,5.952198,1.1007724,-1.6989136,2.296881,0.4881739
1.9046712,5.9647536,1.0488026,5.8571796,1.1173666,-1.7309642,1.0196359,0.303114
2.1964688,5.9616537,1.0585799,5.852893,1.1038527,-1.7101102,0.66818607,0.32341802
1.2236073,6.990003,1.0738189,5.8265476,1.1305552,-1.7076786,0.736956,0.38994956
2.1005669,7.2358885,1.0802681,5.8384256,1.1106408,-1.7001874,0.3145107,0.42495012
2.8448632,7.644545,1.068337,5.8795495,1.0828054,-1.7268599,0.34881067,-0.15987042
1.4492884,4.075287,1.0571518,5.8911953,1.0763967,-1.7060999,0.34436452,0.21089756
1.650448,4.5548654,1.0211563,5.9973664,1.0587697,-1.7133577,0.29516125,0.19012839
1.7836922,4.602252,1.0218358,5.970954,1.0508592,-1.7067333,0.19724965,0.15727001
1.3280399,4.2968607,1.0135624,6.063001,1.0392976,-1.6965528,0.14135897,-0.15873161
1.3447132,2.6800776,0.9900249,6.0321827,1.0506935,-1.6451433,0.07843876,0.18623263
0.99682987,2.6502686,0.92015445,6.0716014,1.0630946,-1.6785384,0.3594563,0.37030506
2.219203,2.3921752,0.90615773,6.085746,1.0560505,-1.6269643,0.1966914,0.34178323
2.0248537,2.1256485,0.90914345,6.10247,1.0514681,-1.657357,0.47121394,0.40280557
2.0050335,2.9055088,0.9157412,6.066827,1.0826957,-1.6863365,1.6776068,0.56111026
1.5097291,7.558342,0.89233685,6.073328,1.1087053,-1.68867,1.7377598,0.5167643
2.5163562,6.156922,0.9015579,6.0679755,1.1261468,-1.6973221,1.7693415,0.40077472
1.9170171,6.293759,0.9144131,6.1068234,1.1213429,-1.725349,2.6356614,0.63383925
2.8276165,4.9173465,0.92099714,6.1152606,1.105113,-1.7364604,2.5845387,0.6416366
0.8644152,4.4056892,0.9366629,6.198144,1.0472112,-1.7037101,0.213112,0.46215916
2.9350696,6.1497755,0.8854084,6.1177874,1.0628147,-1.5943404,0.20790482,-0.07908553
1.6591269,6.046547,0.8021331,6.1642094,1.0970273,-1.6206069,0.29323828,0.022634268
2.649268,8.437503,0.7606995,6.1923466,1.1128073,-1.6461415,0.4201157,0.23484051
1.9432535,5.181328,0.75195146,6.198284,1.1245127,-1.6903099,0.33885717,0.18151826
1.0362387,3.874506,0.79105425,6.229621,1.1436024,-1.7109091,0.6354592,0.25528198
1.3196652,8.123329,0.7921488,6.2459226,1.1267192,-1.6868814,0.7005433,0.5950142
1.4852011,7.5860796,0.82886267,6.252054,1.0623734,-1.6388747,0.60047626,0.31077814
1.3189397,4.2789135,0.8387054,6.2618656,1.0693083,-1.6767266,0.32972336,0.32425153
1.1166481,7.245767,0.84525144,6.264905,1.058228,-1.6837997,0.30672133,0.17785037
1.2232898,9.246679,0.84005785,6.299345,1.1030364,-1.7622528,0.3305192,0.10802102
1.5823538,2.0408175,0.8020079,6.26041,1.1068137,-1.7143953,0.07186043,0.0246799
1.3736475,2.0616024,0.8035785,6.195421,1.1315277,-1.7139711,0.22385645,0.15286678
1.5209363,2.1677537,0.7740066,6.2369537,1.1420693,-1.7362365,0.28665137,0.38598967
0.6368028,2.5925999,0.8575113,6.136572,1.191431,-1.7674501,0.518834,0.35595524
0.70824766,3.0982697,0.8745862,6.1811934,1.1762111,-1.7608833,0.26310527,0.40633714
0.688751,4.1834784,0.9153079,6.159816,1.1362553,-1.7886535,0.46097183,0.31556982
1.9161618,3.4870243,0.84951806,6.2479973,1.1125042,-1.781587,0.40033948,0.3475331
0.86510366,2.2570333,0.9180101,6.0702844,1.1681974,-1.7703884,0.33154488,0.39030278
2.973093,2.3936522,0.92203844,5.9030466,1.1405437,-1.7374287,0.38701785,0.28319
1.3212943,6.7745423,1.0345917,5.8309374,1.1113226,-1.6848389,0.3439709,0.28864193
1.505412,4.654151,1.0264459,5.847065,1.1155276,-1.7025028,0.3162855,0.195229
2.5163617,5.774583,1.0886087,5.826645,1.1048579,-1.7150645,0.19668949,0.13536435
2.5963416,4.8666444,1.12622,5.7091475,1.1162686,-1.7251862,0.30696142,0.34804994
2.6935012,4.941992,1.0995121,5.674862,1.1223185,-1.7278602,0.3825791,0.15501213
2.635184,9.429693,1.1067791,5.7201977,1.1111021,-1.6676683,0.65399516,0.17462647
1.0861404,2.3092794,1.1045618,5.7041883,1.0956593,-1.6750654,0.2474699,0.21072656
2.663932,6.7538295,1.0600662,5.7331877,1.111177,-1.7015396,0.22346282,0.23542154
1.8019801,5.033139,1.0666106,5.7765236,1.1500633,-1.7102908,0.5391792,0.39796746
2.1433995,9.823544,1.0778546,5.7742014,1.2001269,-1.7812558,1.2426059,0.49722028
1.7373462,2.5014029,1.0038075,5.807289,1.2083533,-1.7998352,1.5604074,0.5719069
1.7061555,2.1793602,0.72116923,6.3724394,1.0071428,-1.6112186,1.5209291,0.58269954
2.5572643,4.585683,0.73059225,6.597864,0.99413896,-1.6623367,2.7056746,0.6063757
1.7439804,6.7373157,0.71479154,6.59921,1.0198953,-1.6691964,2.7856467,0.9011593
2.0467863,4.1115894,0.7095281,6.479557,1.0024633,-1.6151122,2.954756,0.5969651
0.7917395,5.134946,0.7558973,6.566004,1.0592282,-1.6865078,1.5528698,0.6472566
0.84096044,3.219668,0.7363913,6.5683904,1.0797434,-1.662737,0.867386,0.5434735
0.768968,3.25384,0.751711,6.4692926,1.0798242,-1.6984558,0.55678844,0.5441606
0.65128016,2.2309682,0.70477605,6.48547,1.0807939,-1.6396487,0.6049969,0.50105953
0.63592017,3.026565,0.7538624,6.474162,1.0645561,-1.6261097,0.48303246,0.3388394
0.67359006,3.2693896,0.7122196,6.524907,1.0719774,-1.6256952,0.25475574,0.36448205
0.79727733,3.543494,0.7323961,6.544158,1.0235,-1.6410718,0.3277502,0.15559906
0.8115484,4.209052,0.71519494,6.618188,1.0547757,-1.6739317,0.22963953,0.24335021
0.86037344,5.3088827,0.73672795,6.550048,1.0451708,-1.6695096,0.25853503,0.18401706
0.8880316,7.9280376,0.74571645,6.5870557,1.0499868,-1.6693665,0.13295949,0.21822464
0.85433614,6.8429437,0.7402587,6.5442314,1.0741916,-1.7245564,0.22529113,0.06184125
0.9104283,4.0048513,0.71320057,6.5491805,1.097801,-1.728888,0.27092123,0.27981198
1.2082808,4.356249,0.5900525,6.5165377,1.1116209,-1.7221389,0.2990725,0.29623854
2.2727926,3.8936706,0.7567606,6.4745855,1.0255215,-1.6249692,0.6263114,0.4246474
2.0834777,8.627849,0.67834496,6.456333,0.9947109,-1.5602844,0.66255677,0.50119066
1.7479963,4.6972218,0.672068,6.495027,1.0302911,-1.6127999,1.162277,0.43749595
1.0978405,6.1037865,0.70854104,6.4592757,1.0055394,-1.5923492,0.35783386,0.42322028
2.9136612,8.129636,0.7536166,6.537323,0.9687104,-1.6095988,0.13145387,0.11158079
2.9020295,6.855694,0.7379036,6.5721755,0.9790418,-1.5991693,0.20753634,0.099199355
2.969407,7.4328427,0.62298346,6.6000338,0.9814284,-1.5881371,0.25023282,0.09291607
1.7313884,3.158492,0.7141408,6.5878906,1.0092535,-1.642645,0.15427244,0.2680087
2.218379,3.1952336,0.71542096,6.534861,1.0253069,-1.6615517,0.29277372,0.19406867
2.900371,6.4269037,0.7141156,6.555692,1.0329671,-1.691823,0.36724937,0.38794768
2.1935492,4.989162,0.69702744,6.4023447,1.0352817,-1.6465118,0.46572697,0.28717506
1.4948134,4.0855055,0.7423661,6.448786,1.0115151,-1.6095347,0.29675138,0.2728113
0.94148743,3.8067834,0.83785725,6.310035,0.9972851,-1.6173537,0.15455163,0.121534824
0.85575974,2.419805,0.8259566,6.307833,0.9832494,-1.5866532,0.3357247,0.23352557
2.7897568,9.722306,0.8967016,6.2487364,0.9941609,-1.6030048,2.1265793,0.48499668
1.9971936,6.36241,0.90609,6.220026,0.99014735,-1.5805452,2.4573784,0.6060914
1.4802529,3.8854365,0.8728447,6.3163824,0.98462653,-1.615259,2.569817,0.62754536
1.159225,7.2498913,0.833266,6.36631,0.98365736,-1.6144116,2.2201805,0.59648883
2.020342,9.237919,0.8523202,6.3376236,1.0095098,-1.6128464,2.4035497,0.4195426
2.7084339,7.539137,0.8349904,6.254892,1.0178046,-1.5939853,2.8539712,0.68057406
1.8337834,6.1400914,0.8268969,6.2139997,1.0276215,-1.5939182,2.7798305,0.4773671
2.0805025,9.695,0.7979659,6.3164663,1.0034325,-1.5818095,2.2861338,0.7252054
2.1072898,9.721437,0.7803259,6.320937,1.0124655,-1.564707,2.9396865,0.7506232
1.596325,4.353798,0.77297544,6.39614,0.99681044,-1.5653988,2.6202009,0.72178435
2.470061,6.3868313,0.8284309,6.3229394,0.9736011,-1.5945454,2.9352043,0.661844
1.2363551,7.2941265,0.78329086,6.3429456,1.0182734,-1.60314,2.854558,0.6156106
1.2742087,4.5382977,0.7057507,6.550215,1.0408659,-1.6107309,2.6182196,0.70970726
1.9461602,6.658299,0.6676116,6.567709,1.0605447,-1.7020783,2.488663,0.58106625
2.604525,8.319164,0.8133589,6.3739843,1.0879955,-1.6991558,2.9625826,0.5564425
1.2785627,9.542227,0.7857107,6.3318205,1.0232015,-1.648933,1.2974958,0.4521377
1.261805,3.6525323,0.81112623,6.279028,0.9914267,-1.5672832,0.640244,0.43487698
2.0018065,5.6243777,0.8418145,6.228463,0.99470615,-1.6075978,0.90387356,0.50904727
1.5345012,9.474432,0.847399,6.4255347,0.96477795,-1.6444341,1.5635123,0.5054822
1.2204819,8.96069,0.79618216,6.438606,0.9641514,-1.5445185,1.1509326,0.49256128
1.334183,3.2296743,0.69782114,6.5084867,1.0033464,-1.527559,0.7927371,0.5832653
1.0421252,7.0369067,0.7085446,6.518546,0.984112,-1.5736859,1.9053774,0.5918826
0.9265808,6.873454,0.7333572,6.6422844,0.99025726,-1.6235337,1.691689,0.53946304
0.69760877,5.998486,0.67004025,6.766597,1.0119617,-1.557601,0.59783673,0.46907377
0.684691,5.1931014,0.6469524,6.808383,1.0323839,-1.600047,0.4582622,0.3961717
0.6839494,5.24785,0.59888864,6.8220654,1.0390325,-1.5882967,0.2703719,0.38664913
0.5928965,3.6717277,0.592124,6.8117657,1.0937064,-1.6138477,0.39121437,0.6109507
0.63777,4.1150494,0.5769255,6.875059,1.082206,-1.6882398,0.65462255,0.3678217
0.6935726,4.1794367,0.56338334,6.882042,1.0611668,-1.643934,0.31049716,0.28834498
0.7113738,5.2496977,0.55350566,6.87949,1.0568852,-1.6587995,0.27893043,0.40808773
0.64354616,3.8761873,0.4566219,7.0334873,1.0517008,-1.6347381,0.17359042,0.4078411
0.76015675,3.9714003,0.4821993,6.9564586,1.0458596,-1.663128,0.14418495,-0.076274335
0.7833275,6.52914,0.52276087,6.949929,1.0864713,-1.7071269,0.13965666,0.022885442
0.744891,4.6937265,0.476784,7.0143766,1.0727293,-1.7102027,0.17964971,0.035291433
0.70793474,3.9743805,0.48649335,6.9886703,1.0716476,-1.6637137,0.07072282,0.101899385
0.68160194,3.8373995,0.496521,6.99786,1.088229,-1.7255082,0.03816831,-0.027314574
0.7108358,4.0702844,0.5428202,6.9325066,1.0817494,-1.7320006,0.224653,0.003561139
0.6616811,3.9156182,0.53071356,6.901235,1.1077008,-1.7189525,0.036123633,0.11883551
0.77512884,4.6859827,0.45888948,7.022607,1.1012223,-1.7301158,0.061440825,-0.00046896935
0.6126774,4.641699,0.5167413,6.9584064,1.1652973,-1.7971003,0.013019562,0.06624812
0.6052859,5.307623,0.52204776,6.995529,1.1643503,-1.7566679,0.2611407,0.40702796
0.5735285,5.1444054,0.5303397,7.0482836,1.1535008,-1.7539926,0.5166626,0.4593557
0.57056046,4.099463,0.48047638,7.0490227,1.1267874,-1.7077155,0.4551885,0.18941152
0.5923986,3.9260669,0.45876253,7.059437,1.0852902,-1.6898553,-0.02221924,0.0016149282
0.67718226,3.9304686,0.4495958,6.9455633,1.1063104,-1.6839398,0.08324587,0.24388844
0.72458047,3.950955,0.46207488,6.909274,1.0766647,-1.6620466,0.43550634,0.16210353
0.7662737,4.63266,0.5611844,6.8799987,1.0643542,-1.6547494,1.0280826,0.516876
0.6484234,4.5069723,0.45982432,7.100501,1.0630639,-1.6778111,1.1178696,0.516696
0.56388986,4.439165,0.52962494,7.109615,1.0871277,-1.6973655,0.9377681,0.4141395
0.5550734,4.1829414,0.48059797,7.1113505,1.1062672,-1.6651886,0.27192533,0.4024918
0.55769205,2.5006711,0.48390675,7.1217237,1.049202,-1.6812699,0.41056037,0.3455181
0.55822,2.5941474,0.4970621,7.0147295,1.0679255,-1.6455162,0.07242787,0.3925501
0.56466883,2.4355416,0.5159228,6.948831,1.0476179,-1.667432,-0.0475564,-0.24144042
0.57016844,2.5070426,0.5012264,7.022547,1.0400503,-1.6800523,-0.053351343,-0.19793788
0.5806504,2.9413524,0.50649905,7.068532,1.003139,-1.6568029,-0.049177587,-0.22338498
0.5322345,3.0475423,0.5600246,6.9636483,0.9996419,-1.6073748,0.10060811,-0.28322285
0.63887507,2.7286339,0.47087216,7.033453,1.0107398,-1.6112993,-0.08590537,-0.1836836
0.5886171,3.421899,0.50244725,7.007639,1.0087368,-1.6100693,0.023105383,0.2306763
0.5615119,3.7001238,0.5430927,7.0250373,1.0085161,-1.5951331,0.03623295,-0.057675302
0.55548584,2.918232,0.5855392,6.9588633,1.0171938,-1.6540971,0.122682214,0.15970069
0.53401583,3.792329,0.579128,6.959675,1.0255101,-1.6280233,0.28080416,0.06745905
0.5925092,4.20654,0.57121754,6.9720707,1.0190244,-1.6015776,1.1373513,0.46559513
0.588957,4.4708176,0.5596757,6.980874,1.0635791,-1.6163232,1.2184641,0.55980384
0.5772488,5.0002584,0.5291846,7.1639547,1.0479126,-1.6250782,1.1812146,0.6915755
0.6635424,4.8709173,0.47812438,7.1322994,1.0636878,-1.659645,1.6824615,0.56573546
0.67203045,6.8104515,0.48226607,7.1729503,1.0453317,-1.6702187,0.74450696,0.48605442
0.6361499,6.0591674,0.42660296,7.2363057,1.0423782,-1.6273468,0.17208803,0.33971465
0.64581287,6.895135,0.43530715,7.315816,1.0284019,-1.5948968,0.39296985,0.2032088
0.6397697,5.864893,0.40792847,7.289998,1.0040972,-1.5947249,0.3776462,0.29391277
0.61911047,5.2489796,0.40533352,7.324414,0.99893975,-1.5626402,0.18771517,0.17113376
0.62975615,5.7707863,0.3971603,7.291665,0.9961505,-1.5559804,0.25819767,0.37845695
0.5859112,4.817299,0.39322782,7.289041,0.992542,-1.5780654,0.46917486,0.38925052
0.60782945,4.690931,0.433576,7.277193,1.0131803,-1.6089296,0.42577147,0.4144181
0.58362883,4.4935827,0.40459478,7.4037504,0.99719644,-1.5891571,0.42661738,0.26447976
0.5858734,4.5069346,0.38125193,7.447486,0.9600055,-1.6065358,0.39311087,0.26365423
0.520929,3.5569918,0.34004116,7.384225,1.018548,-1.5508428,0.21371675,0.469137
0.5124221,3.2488933,0.37690842,7.371221,0.951329,-1.5661694,0.43151605,0.4718963
0.5675901,4.897378,0.43158913,7.39857,0.97676516,-1.5591588,0.54206324,0.44473445
0.5181056,5.867402,0.56592274,7.4066653,0.94127345,-1.6153209,0.9579935,0.30218387
0.5559647,7.303264,0.6487086,7.3915677,0.94971156,-1.5734283,0.83390284,0.5121013
0.5157393,7.0691805,0.67167735,7.4095035,0.92069197,-1.5333139,0.6864296,0.35480082
0.50882065,6.7434206,0.65929556,7.423533,0.9273133,-1.5098865,0.9196303,0.58554757
0.5445296,5.605586,0.54857874,7.330755,0.9101336,-1.537015,0.8212594,0.54434395
0.59168863,5.621524,0.59006906,7.2745767,0.8775747,-1.5057411,0.84036136,0.39952618
0.5872488,6.0998964,0.65007114,7.2942057,0.8735633,-1.4947153,0.7392763,0.3762262
0.5302723,6.1086135,0.66035867,7.2919464,0.88191676,-1.4659696,0.2658733,0.31582785
0.57514775,6.2734575,0.675576,7.3247724,0.83790016,-1.4706261,0.46195388,0.33958775
0.5687823,6.2727394,0.6872765,7.272308,0.8423276,-1.453152,0.64888656,0.31429923
0.51860434,5.1720753,0.69007325,7.222506,0.84065914,-1.4508994,0.7338129,0.4626217
0.50021815,4.721884,0.7601932,7.1927204,0.8233328,-1.4482715,0.83534825,0.5440482
0.50051814,4.792983,0.80427957,7.216333,0.80293274,-1.4204905,0.68873286,0.45030558
0.5009233,5.077036,0.83078694,7.247329,0.8117125,-1.4837089,0.61297643,0.31083667
0.5017306,5.5719967,0.8678162,7.218341,0.8131721,-1.4105318,0.5175872,0.56029415
0.5047675,5.6631036,0.83316004,7.2288504,0.7920234,-1.4148743,1.481087,0.42996776
0.500896,5.5630665,0.85287404,7.235522,0.7861252,-1.4202089,0.5911881,0.48950243
0.50116765,5.635499,0.8495114,7.2098484,0.75797033,-1.4065385,0.6296612,0.34528154
0.5130435,5.8832083,0.8372712,7.2581673,0.77657175,-1.3927985,1.0354359,0.4223675
0.53390706,5.555344,0.7593951,7.243366,0.8016658,-1.3871615,0.38376653,0.28885877
0.5263397,5.3736453,0.7372711,7.347813,0.81359434,-1.4552755,0.61171985,0.31208384
0.52898026,5.627097,0.73965335,7.358287,0.81954527,-1.4501064,1.1738663,0.5253165
0.5684411,5.040207,0.6970818,7.2040067,0.83129096,-1.4286404,1.7579467,0.47495234
0.57146794,5.4506044,0.7440944,7.2938232,0.81160355,-1.4784193,0.82777023,0.5252936
0.55659676,5.5635166,0.70912004,7.2582383,0.81927085,-1.4106005,0.6619252,0.5385238
0.58499855,5.540056,0.70932066,7.270591,0.82772326,-1.4328778,0.7200291,0.62075555
0.579089,6.3870983,0.759742,7.251514,0.82400036,-1.4894524,0.83795345,0.34762007
0.59067243,7.82417,0.7190349,7.271161,0.83984756,-1.3921998,0.7674674,0.46236634
0.5937259,7.2576866,0.7248409,7.37379,0.81098104,-1.4007311,1.5180302,0.51516986
0.59463406,6.9271736,0.77424526,7.3055778,0.7932701,-1.4911969,0.6886835,0.52034307
0.59553874,6.4736238,0.6240735,7.3137918,0.85301304,-1.4081037,0.906891,0.4638155
0.61317635,6.144647,0.64947414,7.2771473,0.8479755,-1.4881394,1.1402531,0.50064254
0.61987096,6.1682673,0.6648654,7.287406,0.83791184,-1.494596,0.8033494,0.40082794
0.594278,5.349289,0.6550541,7.1973586,0.81287885,-1.3766003,0.7570441,0.40754986
0.5849451,5.322565,0.7876054,7.028022,0.7897668,-1.4672067,0.29288125,-0.04826978
0.66833633,4.1024857,0.77920043,6.9187727,0.83808804,-1.4827578,0.13296187,0.037893713
0.6576092,4.2175074,0.82129884,6.792845,0.7844889,-1.3906538,0.24550247,0.23820895
0.72310627,5.3984528,0.8001653,6.819601,0.79636407,-1.3972006,0.06961441,0.10524762
0.72617036,6.573499,0.77911854,6.8947263,0.7961128,-1.4126025,0.22287786,-0.034662366
0.72076964,5.5273805,0.767014,6.924534,0.79848003,-1.3829262,0.33354998,0.3536191
0.692858,4.1546764,0.7075951,6.8600993,0.7881491,-1.3614604,0.76406264,0.43540633
0.7297799,2.1753159,0.67035604,6.851348,0.80816555,-1.3875811,0.64355886,0.49623382
0.71448135,2.9229398,0.62228703,6.7496967,0.8072767,-1.3583447,0.6635634,0.4671042
0.9944781,4.044773,0.5890132,6.7158146,0.83494973,-1.3352652,0.59168255,0.6227391
1.5064434,2.4584894,0.5757501,6.655859,0.8820131,-1.4214635,0.7765385,0.65205824
0.9844291,2.655077,0.576409,6.6863604,0.8641994,-1.3540213,0.55409,0.4794755
2.1133308,3.2983603,0.60917664,6.665919,0.832031,-1.4604802,0.32622993,0.46485305
1.21099,6.5228086,0.6310688,6.667099,0.9155438,-1.5231858,0.24400938,0.030800879
1.5206339,4.6760507,0.614696,6.6350007,0.9215224,-1.5273172,0.14180863,0.04185319
1.5042473,7.7751484,0.6332804,6.6299276,0.9179778,-1.5256747,0.21672904,0.14208448
1.3160009,8.973217,0.64009213,6.596943,0.9771066,-1.5343146,0.5390897,0.26273602
1.0979521,3.961803,0.6688876,6.5991616,0.956007,-1.542517,0.73956776,0.5246594
0.860409,3.0027163,0.68640447,6.532474,0.9448359,-1.5308115,0.7783288,0.2504769
0.9117408,2.6613867,0.69934034,6.53418,0.92816997,-1.5080961,0.7140037,0.3161409
1.8558887,2.0289857,0.74911475,6.378201,0.8933289,-1.4897423,0.5083363,0.45066804
1.3413733,3.703477,0.8151226,6.3786116,0.9125378,-1.4871209,0.7857033,0.6163428
1.6467184,2.798772,0.84808636,6.383128,0.921417,-1.5160257,1.0362649,0.55968356
1.217644,2.7713706,0.8512567,6.3153625,0.94395685,-1.5187359,2.8876023,0.60722995
1.2015908,5.282195,0.7717838,6.3247404,1.0131497,-1.5523994,2.8222818,0.69517994
2.1108966,4.8545628,0.80898,6.2755265,1.0164576,-1.6026185,1.8685498,0.6194713
1.6391201,4.725179,0.85101604,6.284418,1.0027444,-1.6012213,0.8562465,0.6393341
1.2856556,3.3822103,0.8079823,6.277524,1.0204244,-1.6015556,1.1780739,0.5724052
2.6938243,7.412306,0.7181277,6.373436,1.0664067,-1.6096408,1.139293,0.5119362
2.2204514,4.183687,0.7137773,6.505435,1.0740807,-1.6573192,1.116142,0.6413145
1.1796622,7.334474,0.7998427,6.3826447,1.0393035,-1.6788822,1.3114543,0.44826663
1.7867241,8.963064,0.7914851,6.2812614,1.090445,-1.6479752,1.2489767,0.64616
2.0257769,7.3664346,0.789716,6.2897673,1.1177595,-1.7140374,2.7557712,0.49594516
1.3951638,4.014866,0.81663084,6.2519274,1.1052549,-1.6541859,0.87344384,0.57617176
1.4226607,6.4752526,0.80656385,6.2555437,1.0814142,-1.6940703,1.1888611,0.5351522
1.1753237,3.8596141,0.7811911,6.1547413,1.1496382,-1.700482,1.6070976,0.5586289
1.50225,8.107115,0.77481234,6.1354218,1.1392734,-1.6286597,0.7689518,0.6125916
2.4440753,3.5920305,0.78418946,6.1653404,1.1521778,-1.6804414,1.4327884,0.59705377
2.6862319,8.507311,0.7976537,6.156244,1.1651142,-1.6723152,1.3150456,0.53127015
1.1685643,7.8738866,0.7334777,6.1772833,1.2088108,-1.7499367,1.7372513,0.49600005
2.476398,3.1615286,0.80690193,6.1503243,1.1498601,-1.7352697,0.74572134,0.62561107
1.8729805,9.507828,0.9037039,6.0974674,1.1157122,-1.7051964,2.8148313,0.7270192
2.6607642,3.6836963,0.91100204,6.1605587,1.1290524,-1.727254,2.4573934,0.70418775
1.9708207,8.5434,0.8409827,6.228526,1.12587,-1.722774,1.8917594,0.5498793
1.7843642,2.9833984,0.83647203,6.2305946,1.1354342,-1.7394843,1.5115325,0.5388969
1.6031873,7.856453,0.81926394,6.1973996,1.137177,-1.7223732,0.72056484,0.61179113
1.7686453,2.8375826,0.7397076,6.2527237,1.1589878,-1.7079654,0.87740004,0.3374647
1.0305946,4.1519513,0.7289889,6.2914414,1.1911342,-1.7504122,1.534158,0.48610973
1.0007758,4.386508,0.7238977,6.3482914,1.1442773,-1.7618568,1.8278687,0.5944835
0.94014764,5.689667,0.8129077,6.345725,1.1388414,-1.7575375,2.0997176,0.69456434
0.87943256,6.835741,0.7929332,6.383148,1.1343772,-1.7568433,2.6379395,0.63994336
1.2516927,5.6195345,0.7885721,6.3048544,1.131454,-1.7565067,2.8353047,0.7105063
1.1405,4.3250346,0.845983,6.2820916,1.0902586,-1.694289,2.632591,0.548439
2.1054006,5.264413,0.87321305,6.1683893,1.0807359,-1.6791352,1.6227403,0.577343
1.2351885,5.981355,0.8706064,6.118378,1.0673082,-1.5974507,1.6823611,0.31145638
2.456026,6.167457,0.8955772,6.118024,1.0526512,-1.620541,2.665807,0.6138669
1.30195,3.0506606,0.8933058,6.212665,1.0378435,-1.6014371,0.46394038,0.7480153
1.9948351,3.1977434,1.0738091,5.1040335,1.8301351,-2.4572144,0.08417344,-0.044802964
1.1796589,3.3240802,1.0740211,4.9872065,1.8662903,-2.4523149,0.1085614,0.3366958
2.6865168,7.016622,1.0877051,5.0040665,1.8643253,-2.4610004,-0.008730292,-0.17654717
2.5918007,8.56052,1.0993567,4.9761195,1.8795714,-2.4791698,0.035140157,-0.28414565
1.691639,3.7537599,1.1142514,4.98933,1.8954015,-2.5227985,-0.042604566,-0.0953556
2.1757336,4.554242,1.0524266,5.100074,1.9455667,-2.5317988,-0.04848969,-0.08436477
2.2141304,6.913644,1.0164242,5.0966935,1.9524305,-2.537989,0.079392195,-0.1332604
1.4264147,6.449339,1.0369763,4.9558997,1.9549284,-2.5124424,0.1277703,-0.06563455
0.8661623,3.63832,1.0617597,4.931624,1.9495564,-2.5497584,0.0052193403,-0.14989978
1.8473607,4.5214653,1.0583041,4.8832636,1.9455049,-2.5163333,0.1785407,-0.26309818
2.7375836,5.909604,1.0840151,4.830764,1.908834,-2.4000149,0.18028748,0.1443209
2.57681,6.34842,1.068924,4.857186,1.9090972,-2.4383588,0.3481841,0.094533384
0.6022162,7.7249885,1.1286457,4.85995,1.9127367,-2.4738681,0.06593394,-0.019827455
2.1497808,3.0964627,1.1259925,4.875654,1.9067023,-2.5267742,0.2931732,0.22961998
1.9349184,8.363199,1.1287808,4.7385516,1.9063921,-2.4499063,0.36455977,0.24247444
0.76997375,6.5652723,1.0901048,4.8215256,1.8982971,-2.4606547,0.3863181,0.32345623
1.6008875,2.895123,1.104898,4.8214326,1.9123237,-2.4578214,0.49266624,0.36476207
1.5235306,2.4678295,1.1022861,4.823684,1.9056869,-2.4392123,0.7830049,0.61527133
1.7353085,4.923877,1.073503,4.9014897,1.8706884,-2.4642038,0.9883412,0.3187853
1.2558925,2.3188243,1.0493963,4.976055,1.8691454,-2.4643333,0.17315102,0.17085016
2.176955,6.7933636,1.045459,4.964009,1.8759043,-2.408579,0.37399757,0.21158904
2.2188644,3.8780262,1.0884814,4.963636,1.8550858,-2.4085512,0.31692183,0.37114978
2.2945564,2.3808556,1.0890136,5.0167775,1.9202569,-2.5319815,1.6113393,0.42046285
1.4276292,8.913097,1.1388273,4.7966194,1.9220724,-2.5402043,0.45620084,0.4410349
1.2885337,2.8747268,1.0950067,4.7946525,1.9259183,-2.4650197,0.47354805,0.25613993
1.3755958,2.7149653,1.0736814,4.9033904,1.9782937,-2.488069,0.562652,0.75668406
1.0637574,9.90846,1.0510092,4.9230204,1.9443779,-2.4510453,1.4168355,0.64989567
1.2712792,9.711498,1.0283813,4.9302187,1.9420183,-2.4985044,1.1416893,0.35896182
1.2257451,9.452675,1.0416255,4.944091,1.941864,-2.5740333,0.6075797,0.15335417
0.7873231,4.45753,1.0508921,4.985805,1.9769158,-2.5360994,0.11878812,0.36821532
2.6523612,7.9724727,1.015001,5.0264826,1.9965858,-2.5402908,0.78499746,0.59689593
2.178031,3.433378,1.0262513,5.039017,1.926842,-2.515218,1.3315902,0.5361539
2.1104045,2.8809123,1.0323131,5.077813,1.9467988,-2.545297,0.50216484,0.5774342
0.67066574,9.223482,1.0393555,5.207135,1.9633539,-2.5408049,0.53909266,0.27552694
1.5670371,9.575668,0.9763632,5.063039,1.9503393,-2.5153816,0.41475844,0.36057585
1.9166813,2.721231,1.0310726,4.9816084,1.9350574,-2.5040655,0.39659715,0.20453167
2.3270345,5.085433,1.035068,4.9554768,1.9353335,-2.4950967,0.24372911,0.22962087
0.6822098,5.62491,1.0675986,5.027871,1.8792763,-2.4484334,0.3162322,0.36765623
2.0542958,7.0206437,1.0666955,5.0079803,1.8357553,-2.4025207,0.4756086,0.2420761
1.686086,4.6621466,1.0656207,4.976817,1.8047009,-2.378106,0.5267304,0.23680192
1.5399138,3.8489995,1.0571094,4.9734125,1.8066711,-2.3519368,0.09120762,-0.13933772
1.6530792,2.7653463,1.0794134,4.982135,1.8091857,-2.3228097,-0.05487436,-0.13556811
2.9090765,5.3988123,1.1824145,4.9204464,1.7666147,-2.3769922,0.036646724,0.08134371
1.8016974,3.0512037,1.1677275,4.8883977,1.757062,-2.3622541,0.18434322,0.31619316
1.4924171,3.025213,1.1896241,4.887464,1.7331839,-2.3554597,0.21480608,0.14610696
0.88148993,4.0512896,1.1722345,4.8761134,1.7401161,-2.354111,0.12194955,0.06488907
1.0286512,4.693678,1.1532731,4.923914,1.7387958,-2.355623,0.101976156,0.106275916
2.8891053,9.933376,1.1542764,4.924824,1.7283423,-2.3084934,0.1715852,-0.24857807
1.8797808,9.9232855,1.187721,4.9324737,1.7299247,-2.329517,0.09309983,-0.23909575
2.7111287,8.404542,1.1895742,4.8570285,1.7302575,-2.2668052,0.17171419,-0.20833784
2.881737,7.1237154,1.1493087,4.999244,1.7598197,-2.3380294,0.047253728,0.17881727
0.9156053,4.4317164,1.1068282,4.9622445,1.7853005,-2.359064,0.040678263,-0.23604926
2.8108785,5.732007,1.0863247,5.123569,1.7779531,-2.340141,0.023328543,-0.25419295
1.1350055,4.1418285,1.1010818,4.928293,1.7971089,-2.3933568,0.06855869,-0.17652705
2.4227622,2.5769477,1.114222,4.9784837,1.7918563,-2.3550434,0.09356499,0.0030664206
1.6311542,3.0079577,1.1373081,4.9092913,1.7868788,-2.3546407,-0.07895589,-0.3250093
2.681187,8.724584,1.1512411,4.8671875,1.8018081,-2.3739522,-0.22419584,-0.45329452
2.3598392,6.240827,1.1503587,4.902156,1.7840936,-2.366984,0.08477402,0.22796446
1.775838,3.932242,1.1761537,4.7965584,1.741998,-2.2953763,0.15094697,-0.10751104
2.1743293,2.2821746,1.204448,4.779791,1.7484803,-2.3447158,0.17485261,0.3518945
2.4141345,2.109271,1.2304711,4.8346567,1.7461832,-2.3505847,0.38502777,0.47809172
1.3917816,2.2413645,1.1806841,4.8276567,1.7925775,-2.423162,0.18134713,0.09076345
1.8365269,3.2305312,1.1844647,4.8699365,1.7831366,-2.4224823,0.11885178,-0.1672276
2.442462,2.9082537,1.1916103,4.9224405,1.7882452,-2.3865669,-0.059585214,0.042480946
2.7364125,6.4037213,1.153424,4.902533,1.7542584,-2.3426242,0.072291374,-0.10967198
2.773648,2.4068365,1.1557202,4.8552356,1.765141,-2.337769,0.028110504,-0.2832821
1.7267799,3.0967436,1.1807055,4.8631935,1.7489872,-2.3303466,0.0024900436,-0.22392282
2.542326,3.9388094,1.1838651,4.7246842,1.7475433,-2.2831411,-0.02021563,-0.20662051
2.4911492,8.374653,1.1679835,4.833996,1.7519755,-2.2869856,0.12860358,-0.005428612
2.4470534,7.7512107,1.1715302,4.792136,1.7503581,-2.2687504,0.1326195,-0.110715866
2.286929,2.1470337,1.224457,4.788857,1.7421453,-2.334921,0.122678995,-0.09897408
2.4081776,7.7027593,1.1946723,4.7789774,1.7323203,-2.2909217,0.12256658,-0.23090473
2.3562381,6.005802,1.1671028,4.7757454,1.7645433,-2.3446777,0.0260005,-0.27982956
2.7403858,9.205959,1.1364968,4.9349136,1.767308,-2.3446667,0.16498542,-0.40801883
2.8143916,8.401575,1.1400454,4.905719,1.793366,-2.3750687,0.14627874,-0.41075984
0.68477523,6.5846934,1.1228783,4.9899726,1.7986653,-2.4038787,0.24540603,-0.33991805
2.871125,7.5467706,1.1253288,5.0082884,1.7815676,-2.3940034,-0.0830012,-0.34408158
2.5592084,5.7938433,1.1314642,4.9725666,1.8014739,-2.370698,-0.2616148,-0.3853429
2.434638,5.913993,1.1176338,5.001831,1.8117571,-2.376383,-0.27420914,-0.16101438
1.9167839,9.782402,1.11797,4.9461184,1.8584886,-2.368641,-0.24202794,-0.47143245
2.1375828,6.72692,1.1094644,4.971801,1.8363798,-2.473074,-0.034172595,-0.4258833
2.2747514,7.5049996,1.0748012,4.959035,1.8175235,-2.3923907,0.22916424,-0.0024054646
1.4639678,4.428716,1.1097388,4.9728136,1.8062134,-2.3550777,0.26853967,-0.037109554
1.4291384,2.7159982,1.090488,5.0022697,1.7845361,-2.3804786,0.5637044,0.3636139
1.5507305,2.682767,1.097146,4.9304276,1.8535521,-2.4549074,0.2139523,0.12112492
1.7624774,3.5653934,1.124599,4.90372,1.8662016,-2.480276,0.56061625,0.25740814
1.7862195,7.295163,1.1205091,4.9188356,1.8644309,-2.4793575,0.5018287,0.40472877
1.5170006,7.069345,1.1125388,4.9298763,1.8294122,-2.5211687,0.36591423,0.28047884
1.787073,6.2092195,1.091043,4.930041,1.7825801,-2.3241603,2.7418666,0.33241355
1.3538795,9.858722,1.130209,4.9311304,1.7564948,-2.3488097,2.9814408,0.80176437
1.1563549,6.5292764,1.1098728,4.95749,1.7990735,-2.403394,2.9793184,0.57525194
1.856098,7.3029733,1.1016521,4.9609385,1.8010843,-2.4169626,2.900185,0.58068895
2.161416,5.108782,1.0979819,5.0339937,1.7800004,-2.4134154,2.346693,0.47343063
1.2325745,7.5481853,1.1125939,4.9413033,1.7849946,-2.3285317,1.9885294,0.4446063
1.7052052,8.870915,1.1274126,4.8962865,1.7129583,-2.2496176,1.8876288,0.64212227
2.1606064,7.303011,1.1327505,4.9339848,1.6937428,-2.2157567,2.1884506,0.47304928
1.4562228,5.7965145,1.177494,4.9234424,1.6978102,-2.2630568,1.1168499,0.6131495
1.1655078,4.737403,1.1103938,4.9491763,1.7060652,-2.2547975,0.9315119,0.5525675
1.6645145,9.160349,1.1833084,4.829328,1.70275,-2.1990294,1.1300001,0.5299684
1.329894,7.4792933,1.1481037,4.9005284,1.6972833,-2.2315278,1.0010037,0.5264231
2.2720041,2.9182715,1.1722913,4.9275002,1.6784847,-2.2685971,1.4039638,0.5619979
2.1772032,2.8788626,1.1923134,4.9026513,1.6700907,-2.2308595,1.1987331,0.6281525
2.3682592,2.9125857,1.1410675,4.970372,1.7096462,-2.2338119,1.1253464,0.6477852
2.390166,2.83817,1.1360018,5.006078,1.6833768,-2.2348156,0.60879004,0.39079273
1.3177032,6.9652467,1.1194508,4.975286,1.7016876,-2.2773383,0.26252198,0.20634538
1.3564091,5.0293837,1.0901005,5.062621,1.7277396,-2.2856185,0.24451911,0.15820003
1.7464103,9.709717,1.0816665,5.1605277,1.7124248,-2.2715704,1.1290715,0.07092953
1.3836036,9.119347,1.0815108,5.093358,1.6948376,-2.2726974,2.931594,0.6991601
2.0353396,8.2097,1.101574,5.0172634,1.6800153,-2.2218733,0.36250925,0.56064117
1.9985878,7.653268,1.124121,5.1275373,1.6494064,-2.2217348,0.33060205,0.10661763
2.7323635,5.7788777,1.0936725,5.128954,1.6675215,-2.2687242,0.14285445,-0.032114506
2.6717672,7.8545403,1.1510603,5.073523,1.6450231,-2.1853826,0.16813338,-0.029009998
2.5429394,5.296738,1.0872328,5.077613,1.6884878,-2.282429,0.036789775,-0.34252113
2.5790133,8.000706,1.0660324,5.229453,1.7043545,-2.282078,0.11592448,0.12499905
1.3490943,4.6272135,1.0584755,5.246192,1.6749544,-2.2676206,-0.13977867,-0.4176557
2.6540735,5.089082,1.0478094,5.2465854,1.6811066,-2.2563138,-0.025834441,-0.48894647
2.242918,5.58838,1.0490122,5.2847004,1.6625459,-2.2541323,-0.04369825,-0.41417962
1.9867389,3.0674973,1.0256238,5.2882986,1.6706953,-2.2891817,-0.010920823,-0.44471127
1.6360883,3.8530006,1.0150084,5.271261,1.6743951,-2.2795348,-0.07769841,-0.27396077
1.2995465,4.316226,1.0168674,5.184008,1.7111273,-2.2378552,-0.03456539,-0.050030887
1.3946542,5.388527,0.9897928,5.2553735,1.7243147,-2.2369075,-0.0067194104,-0.15598571
1.0228038,4.4332414,0.96951425,5.2257147,1.7136569,-2.2850366,0.045786023,-0.20687664
1.5804536,8.018194,0.9730611,5.238817,1.7016912,-2.2562408,0.18217778,0.09282178
2.6363084,8.384696,0.9932225,5.2403965,1.6992309,-2.2147813,0.11975157,-0.055776387
2.4454212,3.6840734,1.0079217,5.150532,1.7520533,-2.2433271,0.331877,0.15936655
2.4477403,9.779083,1.0910454,5.1448174,1.7200212,-2.2642462,0.22478366,0.07690972
2.0793695,8.33477,1.0590091,5.2095737,1.7122793,-2.3405473,0.20603955,-0.1239956
2.6223502,8.427969,1.0387683,5.251122,1.6973143,-2.3018787,0.060923934,-0.17485768
2.7007673,9.223015,1.0689464,5.2679234,1.6630721,-2.250902,0.11676991,-0.15008128
1.2771869,8.548234,1.0595465,5.1373434,1.6439326,-2.1720114,0.20429397,0.049280286
1.5111697,6.920046,1.0457273,5.127619,1.6586218,-2.2445111,0.2137078,-0.10522193
1.9505131,9.955206,1.1105697,5.098098,1.6677163,-2.197588,-0.05552125,-0.08628991
1.6052098,2.1133475,1.1134815,5.0852776,1.6444056,-2.2475262,-0.016145527,0.042170346
1.029346,9.918278,1.1458094,5.064104,1.6815314,-2.2775645,0.19047892,-0.14923674
1.0994053,2.8298223,1.1138914,5.0001497,1.6914034,-2.2666824,-0.04380423,-0.4227612
1.0585217,3.419967,1.0958319,5.1187983,1.6746776,-2.2828803,-0.12597728,-0.20040247
1.1555659,4.051632,1.0854702,5.103538,1.6410851,-2.2553244,0.019851208,-0.2551951
1.2969346,8.333275,1.0994501,5.0978537,1.6463532,-2.2625537,0.026971698,-0.38745177
2.0272174,3.1491182,1.1045923,5.101125,1.6720243,-2.2723072,-0.093728185,-0.28755912
2.1507373,6.7171006,1.0990777,5.129913,1.6946452,-2.278825,0.21106064,0.40078467
1.8416474,2.296428,1.0184863,5.1390467,1.7282844,-2.2780292,0.87779045,0.3388152
2.483741,9.858094,1.0208595,5.1382008,1.7424128,-2.272037,0.5631038,0.4101385
0.8947546,8.629091,1.0654886,5.1719975,1.7307098,-2.3303058,0.39677274,0.51005495
0.94282925,8.13386,1.1052442,5.1404967,1.7228217,-2.3490086,0.5528871,0.29203296
1.068933,8.581417,1.0969701,5.1668944,1.7025788,-2.3326218,0.29979527,0.1060189
0.90351814,5.7651014,1.0501008,5.13874,1.7341249,-2.3307254,0.33052075,-0.07625854
1.1922437,4.986491,1.065562,5.110892,1.7233839,-2.333076,-0.08979547,-0.20641083
2.1224754,3.311329,1.040849,5.069338,1.7399518,-2.2565289,-0.061846733,-0.35530666
2.6373076,9.43852,1.056081,5.1406493,1.743371,-2.3125129,0.015539169,-0.31837383
2.6887398,9.25239,1.0591483,5.122465,1.7379789,-2.2952378,0.105571866,-0.20955348
2.4209657,6.295874,1.0417409,5.214408,1.7532351,-2.2998095,0.10845482,0.22950208
2.1540005,7.212057,1.06305,5.1010795,1.7480423,-2.3476133,0.056378722,-0.3368507
1.7511896,7.827377,1.0942111,5.088461,1.7506516,-2.3196144,0.07328081,-0.28245986
2.4059777,6.4154096,1.0934155,5.098952,1.7197392,-2.3195672,0.10593355,-0.16493466
1.4520133,6.483853,1.0655587,5.0773582,1.7279754,-2.2853112,0.050136805,-0.05617869
1.1198334,2.3648565,1.0428209,5.168301,1.7187383,-2.2929616,0.08309317,-0.03528431
2.7023187,5.159931,1.0335197,5.1693954,1.7107334,-2.3075163,-0.011324406,-0.30497512
2.7806811,9.519374,1.040128,5.148607,1.6942775,-2.242435,0.05867982,-0.323823
2.3295708,8.505495,1.050019,5.2392073,1.6606989,-2.1813717,0.031295657,-0.40011978
2.689882,5.651146,1.0107517,5.2544565,1.6398394,-2.2086148,0.013030291,-0.43810135
2.589447,3.6240103,1.0103283,5.3409653,1.6870437,-2.2153957,0.17406249,0.57810795
2.092124,2.720761,1.0539494,5.300519,1.6339417,-2.226157,2.7853692,0.5732026
2.2283702,4.5563006,1.0649498,5.363107,1.591511,-2.1698081,2.458675,0.64368546
0.77850556,7.545848,1.0563369,5.3639593,1.6030004,-2.2134893,2.3150227,0.6023121
0.8459068,8.182182,1.0614862,5.350321,1.6192758,-2.1885054,1.4861493,0.44428635
2.433374,8.282436,1.0654001,5.301081,1.6396887,-2.2189283,1.4322526,0.5358747
2.4156008,3.8805208,1.0454404,5.4036627,1.6035571,-2.1809187,1.4441776,0.57147646
0.9584893,4.1749644,1.0470042,5.361979,1.596174,-2.1628234,0.42582023,0.59157276
1.8717217,8.582985,1.0241699,5.3567715,1.5959923,-2.1343865,1.2149053,0.6321671
1.8445218,2.3100169,1.0254238,5.28757,1.6022038,-2.1460438,1.2150741,0.57757866
2.5004294,2.904354,1.041975,5.3136616,1.6341233,-2.159457,0.8113204,0.71023035
1.2039015,2.8877876,1.0065525,5.3279786,1.6156824,-2.170003,1.0042412,0.48179293
1.9963021,2.745934,1.0356698,5.3218184,1.6143718,-2.2026174,0.742494,0.51994646
1.392062,4.1147976,1.0702801,5.364168,1.5895023,-2.2088525,0.5693531,0.5156231
2.8736684,6.172303,1.0638793,5.285714,1.5608106,-2.1343598,0.6794605,0.50390816
1.1426753,6.0447655,1.0719461,5.257947,1.5887992,-2.1535609,0.70568895,0.50156784
2.6713643,3.374443,1.0705712,5.2477508,1.5821152,-2.1298811,0.67550814,0.3674562
2.4234376,4.9928837,1.0824552,5.2676344,1.5814865,-2.1481442,0.46199596,0.5505295
1.9391034,3.6111374,1.0817912,5.3191214,1.5819747,-2.1936715,1.5387678,0.54998565
1.8071253,2.2045643,1.0337846,5.4129124,1.578382,-2.1623998,0.6798222,0.6248406
1.0050702,2.2343237,1.0497665,5.3774004,1.5474265,-2.1421843,0.8556708,0.4045483
0.61357945,3.1409461,1.0570719,5.4264975,1.5430398,-2.088339,1.0523062,0.42049748
0.6346724,5.260786,1.1051548,5.411902,1.5414526,-2.086926,1.3721678,0.48233235
2.6824627,2.7358654,1.077558,5.4012604,1.5326493,-2.1344829,1.5375135,0.577368
2.3652937,6.123259,1.0062556,5.437546,1.5532706,-2.1614392,2.4676766,0.4463153
2.927759,3.8691611,1.01443,5.4451585,1.562664,-2.151868,2.1786957,0.6346717
2.117095,7.8410654,1.0260143,5.453389,1.5883486,-2.1722727,0.5418824,0.3410222
1.7265154,3.6783493,1.0230811,5.3387365,1.5834093,-2.1697981,0.30217302,-0.010515153
1.8549097,4.209461,1.0616221,5.256273,1.6019773,-2.1764503,0.108228326,0.107673645
1.2665359,4.2887034,1.1017151,5.1805954,1.5878942,-2.2008657,0.15431356,-0.0809347
0.9814561,3.734675,1.0966904,5.197613,1.5995059,-2.1890643,0.13746417,0.052242875
1.9595487,3.3064528,1.0837331,5.222517,1.5944881,-2.18196,0.14766777,0.1503945
1.6341231,2.94822,1.058497,5.1567097,1.6286194,-2.1746082,0.17032635,0.3403749
1.3314154,2.6289575,1.0596514,5.2202716,1.634332,-2.2171535,0.19593358,0.014461875
2.0442421,3.2086208,1.0291295,5.241478,1.6191266,-2.222465,0.24415493,-0.019220024
1.930891,5.185892,1.0228095,5.2248263,1.6612046,-2.169023,0.054400206,-0.007666886
1.4761581,2.2153492,1.0305221,5.1913853,1.7191706,-2.2547731,0.009738684,0.110227704
1.4463158,2.636233,1.0586607,5.1142673,1.7307487,-2.3095999,0.16125762,0.035431683
1.9448308,2.7356174,1.0655942,5.1458693,1.7220254,-2.277378,0.012546182,-0.29244223
1.9418232,7.438028,1.0326004,5.1649456,1.7282503,-2.3119302,0.30053198,-0.09026548
1.9761151,8.384975,0.99071145,5.4680142,1.625973,-2.248733,0.60273504,0.19987488
1.9717807,3.405294,0.97406006,5.3937697,1.6150558,-2.1905065,1.0228283,0.58577347
2.3940892,3.731761,1.043061,5.3798003,1.5908899,-2.1311727,0.6754613,0.5689416
2.6095312,5.1906595,1.0002894,5.495551,1.6040382,-2.1750479,1.0508692,0.6616609
1.7204139,5.6934156,0.9580717,5.503309,1.6106005,-2.2007918,1.2333901,0.55795574
1.9836266,5.1082315,0.9511287,5.5060043,1.6329148,-2.1790137,1.4708335,0.5623926
0.9426098,2.3923945,0.9175223,5.5571837,1.640516,-2.1832082,2.22642,0.6310439
2.0562124,3.795247,0.9148501,5.5350637,1.6532049,-2.2022,2.7557557,0.53418946
1.672992,6.517022,0.92719316,5.544276,1.6625974,-2.246281,2.300711,0.6935551
2.474914,4.7090664,0.9283285,5.569559,1.6646914,-2.2623096,1.2250926,0.6430316
2.4367096,4.241124,0.9564208,5.466783,1.6718724,-2.274168,0.53100204,0.44315314
0.6449085,4.912472,0.93239474,5.5100865,1.6846428,-2.2341204,0.67579985,0.4904852
0.51043206,5.2192693,0.95600843,5.6176863,1.698278,-2.3120017,1.2380152,0.49128973
0.69452953,8.129538,0.9249437,5.6373854,1.7100313,-2.267138,0.7705262,0.4484223
0.6986228,8.375752,0.9360864,5.582143,1.6894503,-2.3151655,0.9269618,0.4420191
0.6950905,9.124766,0.9477148,5.610418,1.6881492,-2.2081218,0.6794995,0.5707964
0.67390335,9.3289,0.949244,5.758167,1.683994,-2.3065875,0.42432308,0.4331882
0.7863264,9.771572,0.9431038,5.7664104,1.6800454,-2.353007,0.5231277,0.4150576
0.7267035,9.397196,1.0280845,5.6157875,1.6766145,-2.2550614,0.553689,0.46638668
0.66137755,9.01529,1.0237637,5.6820383,1.6320019,-2.2669652,0.68348825,0.46290553
0.6139728,9.356918,1.0119786,5.602814,1.6467297,-2.2153988,1.0392628,0.3401953
0.72668004,3.896542,0.92234373,5.6457586,1.6496344,-2.1659408,0.9733045,0.60563266
0.7255757,9.002529,0.939957,5.6764827,1.6354389,-2.1567245,0.45747614,0.6003318
0.82063365,7.050526,0.891289,5.66967,1.5614974,-2.1455083,0.5034559,0.34249884
0.78529334,2.7579682,0.94519234,5.662649,1.5262575,-2.1341777,0.32037032,0.31907964
0.61021096,3.157075,0.9625441,5.6151524,1.5663764,-2.147592,0.21139371,-0.008508086
1.2119167,8.120478,0.96425056,5.598019,1.548919,-2.187275,0.12887025,-0.14999393
1.2745138,2.08053,0.9436481,5.5327125,1.5591655,-2.157796,-0.11081731,-0.1260013
0.5900886,2.1895645,0.98455477,5.5367713,1.5448761,-2.126392,0.03610611,-0.12935498
1.1555594,2.6523695,0.987867,5.5012584,1.5240941,-2.0882616,-0.10868466,-0.17678142
2.7705884,8.989478,0.95323825,5.708557,1.5144353,-2.1854033,-0.07930994,-0.19212532
2.7577083,7.423726,0.9039562,5.7155895,1.4438312,-2.0441902,-0.111276865,-0.37327558
1.7704337,4.207288,0.9823191,5.6401157,1.4055054,-2.0204358,-0.1111539,-0.4568496
2.9089856,8.955257,1.0047264,5.6009264,1.3736663,-1.9288027,0.15497744,-0.49204537
1.7335982,7.0623474,1.0457525,5.5057716,1.3707082,-1.9244127,0.097334504,0.4012754
2.8638036,2.5869582,1.0694764,5.553364,1.3709519,-1.9208832,-0.13941193,-0.19176525
2.8943527,2.6212692,1.0594358,5.5541553,1.3410547,-1.9203603,-0.08295065,-0.39630777
2.6487486,4.395342,1.0588074,5.5339503,1.3498657,-1.9349637,-0.1626628,-0.429648
2.8580394,5.9596596,1.0364785,5.5909877,1.4029312,-1.9496213,-0.05884677,-0.02832359
2.7674677,3.7650273,1.0152726,5.616707,1.3625419,-1.9204237,0.00357306,-0.034014523
2.3308105,9.640357,1.0162935,5.5927653,1.3574839,-1.934232,0.1337533,-0.11344695
2.1348467,8.465793,1.0133946,5.654704,1.3571641,-1.9859164,0.07286847,-0.1683805
1.2798831,3.2179155,1.0279155,5.6914697,1.3463275,-1.9782624,0.17065299,-0.11323181
1.5681262,4.018138,1.0279813,5.7216434,1.3465595,-1.9686565,0.21521544,0.40654647
1.63951,4.0576143,0.9559529,5.7320805,1.3503911,-1.9691566,0.16167498,0.17576891
0.9158412,5.5680604,0.94945955,5.742364,1.3593564,-1.9588311,0.10881388,-0.19617432
2.8652182,8.255325,0.94374204,5.8022003,1.3657975,-1.9705628,0.17823744,-0.23255321
2.7845695,7.226803,0.9550276,5.752783,1.35922,-1.9370215,0.10392165,-0.030308366
2.9239757,6.62544,0.96089983,5.7269607,1.3569534,-1.9646163,0.119531035,0.05348867
2.523981,6.332448,0.9648564,5.7539463,1.331341,-1.9548004,0.10715151,-0.2724992
2.5719664,5.396964,0.9450668,5.6698427,1.3599939,-1.9544398,0.08536267,0.022164106
1.2834362,3.1568873,1.0094202,5.645577,1.3379982,-1.9440955,0.26410806,0.22385591
2.056686,2.6835594,1.0166912,5.689171,1.3065133,-1.9419076,0.53532684,0.12117505
1.4226139,9.602665,0.9997499,5.695596,1.3218486,-1.9168792,0.4604894,0.19448543
2.4145894,2.1574538,1.0026522,5.832782,1.3117244,-1.9614352,0.08749175,0.011315167
1.343225,2.065033,1.0029359,5.6901617,1.2839034,-1.8558496,0.16064799,0.12707114
2.631627,2.0638824,0.9875777,5.6907916,1.296973,-1.7922685,0.3684864,0.15111291
2.2738652,9.923027,1.0154679,5.5949335,1.3133345,-1.8585644,0.27484882,0.17702293
1.7962328,2.3886032,0.9235239,5.720057,1.3067768,-1.8844961,0.28542042,0.105952024
2.5216599,2.1001592,0.93743014,5.755048,1.3522439,-1.9222026,0.051970363,0.09833056
2.409316,8.984414,0.9368353,5.8051367,1.3546934,-1.9200319,0.18200827,0.29985857
2.261909,8.954638,0.9533144,5.7382145,1.3566628,-1.9173436,0.09004235,-0.1966387
1.0114688,7.5470705,0.95414233,5.790281,1.36606,-1.9528546,0.30520475,0.19000381
1.3817576,6.5897436,0.9188945,5.768961,1.3738763,-1.9494619,0.45500648,0.19023758
2.748412,6.3802876,0.90594304,5.7786007,1.3708832,-1.9290464,0.21199083,0.028366387
2.7630913,8.969095,0.94535434,5.8047576,1.3823519,-1.9730978,0.256312,0.34716982
0.8702219,2.2465127,1.0008416,5.657638,1.3717551,-1.9774961,0.7068852,0.33539963
2.7885573,2.7241096,0.9849595,5.775236,1.3580878,-1.965257,0.19620645,0.23990458
1.041028,6.3990154,0.91129947,5.7949815,1.3361754,-1.9305992,0.22744095,0.13660777
1.0149128,6.5038176,0.8990288,5.819448,1.3205755,-1.8762249,0.20184565,-0.0076806545
1.9885008,3.6035738,0.91996956,5.95334,1.3113129,-1.9045533,0.19996607,0.03808713
2.780479,6.8016825,0.81640196,6.1212816,1.3130474,-1.9036868,0.28185344,0.39257884
0.8484805,3.7579675,0.7864194,6.17305,1.3246186,-1.9117672,0.21476674,0.37720656
0.937462,3.4755757,0.8119534,6.1433434,1.3099453,-1.936672,0.67544985,0.5871153
1.4476568,7.764792,0.75230384,6.1430826,1.3360226,-1.8838621,1.5044403,0.5969324
1.5906695,7.2044306,0.84070814,5.9708757,1.3420522,-1.8787588,2.6493168,0.6070608
0.9467566,6.691253,0.8343917,6.0930014,1.2788742,-1.8851926,2.7742014,0.8067398
1.8645198,6.4827585,0.86102223,6.045745,1.2899718,-1.9257433,2.6582797,0.63478863
1.7659956,3.8262863,0.8407147,6.0415897,1.2747176,-1.8740764,2.4496305,0.6166024
2.7149107,5.4629583,0.84097195,6.0377975,1.2558999,-1.7625647,0.60710216,0.38603544
2.3926275,5.4054875,0.7019708,6.02461,1.2757354,-1.7299129,0.7831875,0.593539
1.4530134,7.0573635,0.76353264,6.079175,1.2177067,-1.7446802,0.4816383,0.5318427
1.3358419,8.552586,0.7305095,6.2639008,1.1715407,-1.7099552,1.0320055,0.508634
2.155792,2.2059803,0.7025926,6.331437,1.1546981,-1.7403718,0.6448883,0.50386095
0.94923353,8.093688,0.7119689,6.407427,1.1818793,-1.7121222,0.7214916,0.5631268
0.9283449,8.033251,0.72722006,6.399851,1.1697276,-1.7077,0.7525766,0.6020386
1.0258272,3.6124837,0.7609198,6.2333546,1.2016871,-1.7271657,1.0574315,0.51557076
1.9776422,6.878222,0.76109934,6.1475396,1.1679869,-1.7235291,1.4331648,0.33140898
1.5023835,8.453585,0.7970233,6.22404,1.1693509,-1.7741302,0.41561246,0.37215126
1.3916187,7.014907,0.79685116,6.231996,1.153899,-1.7681961,0.34435177,0.3200493
1.081597,5.143858,0.7928512,6.2422447,1.1633079,-1.7857792,0.5085795,0.29470968
2.2115707,6.305486,0.81464267,6.1952276,1.1670051,-1.7229232,0.25426865,0.33997828
2.212876,4.2976313,0.8731892,6.0539875,1.165699,-1.7206434,0.60229135,0.60896957
1.9266847,4.3438005,0.87779593,5.991708,1.1844189,-1.7253634,1.0803859,0.509372
2.4344652,6.69286,0.8534324,5.954566,1.1809397,-1.6924689,1.6508796,0.4823203
2.0139663,8.179081,0.9161233,6.004648,1.1768689,-1.7424179,1.2642403,0.46938556
2.5015438,7.0095654,0.8775803,5.9588184,1.2115734,-1.7319205,0.85773087,0.56920326
1.4399852,9.450317,0.88482046,5.9934435,1.2047207,-1.7547143,1.0282648,0.38331878
2.6505399,4.428566,0.8794621,6.008953,1.2285378,-1.8124785,0.9633328,0.45999813
2.0542955,7.1506376,0.89610326,6.0678186,1.2196774,-1.8507268,1.1270866,0.43099022
2.3545437,4.442464,0.9538965,5.9426394,1.2069128,-1.7646741,0.5626843,0.6370287
2.3305488,2.4952054,0.8999456,5.966936,1.2077045,-1.7495613,0.4917903,0.4538052
1.3205688,8.76383,0.8995844,5.9167757,1.2373173,-1.7847793,0.97400236,0.40599966
2.3325474,7.4037313,0.9146359,5.8957357,1.2562954,-1.8300935,1.0894101,0.4131316
2.1411967,6.340488,0.94038796,5.8998957,1.2671797,-1.8478328,0.8043455,0.480447
1.3360496,7.4653864,0.91961145,5.921846,1.2545111,-1.8405372,1.4524477,0.5831008
1.2983959,4.747045,0.91632605,5.964031,1.2072299,-1.8450885,2.146371,0.4584161
1.9681792,7.342674,0.8988085,5.8649416,1.2383862,-1.8155965,1.2402296,0.4653331
1.538419,5.454541,0.99682164,5.92811,1.2177937,-1.8162143,0.9458362,0.6272471
2.2239633,3.491231,1.0671971,5.7473106,1.1918166,-1.8237704,0.95596325,0.4536165
1.6459118,7.044089,1.0121922,5.8119907,1.1924491,-1.8352952,0.68400276,0.32884765
1.6480367,3.2627435,1.019561,5.8656683,1.1806834,-1.8435223,0.5948875,0.3237865
1.9332397,2.5385256,0.98987114,5.7359953,1.2044196,-1.7586709,0.74374735,0.36616457
2.1224823,7.6010838,0.9780793,5.740112,1.2080038,-1.7710834,1.7082381,0.5563239
1.5663451,8.435502,0.9593911,5.9319153,1.2382724,-1.8645235,2.4919991,0.57165515
1.3454657,5.02258,1.0375965,5.815877,1.2544053,-1.9091167,2.8281868,0.62884414
1.8102489,6.1180973,1.0431285,5.6520123,1.275909,-1.876427,2.196401,0.59203804
2.323249,5.5989456,1.0251012,5.639797,1.2843356,-1.847555,1.0933802,0.54987943
2.1897197,6.369764,0.99924946,5.7369967,1.2407413,-1.7604823,1.306165,0.48174644
2.5055983,8.623205,0.9904907,5.7047925,1.2459986,-1.7293298,1.1893909,0.45056295
2.1090682,6.047513,0.9748862,5.6943426,1.2271197,-1.7250857,1.0313282,0.6504245
2.3730605,5.368823,1.0526743,5.5812817,1.2481151,-1.7306467,0.9547299,0.6679708
2.265997,2.4176168,1.0212915,5.5772862,1.2550151,-1.746253,0.5710311,0.7121167
2.2756433,3.6565263,1.0250232,5.6907234,1.2479739,-1.7849662,0.7281567,0.5996022
2.7246907,4.0183396,0.98632526,5.741103,1.2573614,-1.7440265,0.82727575,0.6151018
2.2816913,3.2160013,1.0054085,5.768989,1.1937859,-1.7378087,0.60094476,0.35393214
1.6241742,2.4990413,0.9657812,5.817342,1.2039058,-1.8008864,0.30944252,0.40926135
2.5719812,2.3072076,0.97433543,5.8505163,1.1874857,-1.7794701,0.24561751,0.30488068
2.3665395,3.4096835,1.0292857,5.8425465,1.1752424,-1.8033515,0.23334444,0.4048301
0.9148618,6.8252993,1.0357685,5.825902,1.1999066,-1.8067319,0.46100926,0.3121742
2.8053505,4.7915444,0.995049,5.81619,1.2292092,-1.7974651,0.35026217,0.34997898
1.3273448,8.881916,0.9893551,5.883213,1.2172775,-1.8102462,0.3974402,0.22145736
2.131048,2.4139779,1.0050695,5.7080355,1.2857363,-1.8277189,0.16137993,0.23993504
1.5919384,2.1142924,0.954697,5.7209516,1.3056483,-1.8505222,0.16919911,0.23560226
1.866558,2.5194945,0.9895135,5.759511,1.2909505,-1.9198048,0.17622578,0.20090389
1.8444824,8.84804,1.021246,5.7338457,1.2789831,-1.9090096,0.17903137,-0.24605727
2.19241,3.2719502,1.0276012,5.774715,1.2748325,-1.9200201,0.23065805,0.07437295
1.0444117,3.3803828,1.0377307,5.6391816,1.328227,-1.958181,0.22420752,0.15044188
1.119519,8.791722,1.1028779,5.615253,1.3056772,-1.9300828,0.18996346,0.037671983
2.8807385,4.4863853,1.0075455,5.6822567,1.3169296,-1.9543564,0.27299523,0.3171305
1.4433945,7.2398887,0.96349144,5.700016,1.3345337,-1.8979034,0.26369226,0.20093304
1.5615861,2.2755451,0.9653864,5.7342806,1.3183029,-1.9002765,0.39975524,0.33908367
1.6893773,7.9458947,0.97836053,5.683349,1.3230462,-1.8495922,0.28039408,0.27747965
1.3628607,7.9638023,1.0126295,5.654469,1.2849157,-1.8683646,0.5582615,0.53213143
1.4591744,7.8002167,1.0042231,5.6851187,1.3355587,-1.9101694,1.2917492,0.52395904
1.2474198,5.1508603,0.99677324,5.692703,1.3167632,-1.9004264,0.72613835,0.47433263
1.6287473,3.7954745,0.9900136,5.802928,1.2937105,-1.9105704,1.2474413,0.5084907
1.9863183,2.0487847,0.96967626,5.8552513,1.3056877,-1.8862338,1.2918458,0.62499976
2.3544798,9.201847,0.922557,5.831256,1.3255394,-1.8692305,0.8054737,0.34210336
2.2802615,8.7787485,0.8941835,5.878014,1.3450904,-1.9166138,1.748503,0.47790068
1.4003041,7.6008983,0.92365575,5.839577,1.3471353,-1.9025747,0.26235652,0.48712695
2.2432005,6.920982,0.9250121,5.771455,1.3570774,-1.89206,0.1798749,0.07674974
1.8598032,6.508785,0.9310732,5.8127146,1.3550406,-1.961576,0.17271149,0.026447654
0.9254314,4.142647,0.9307871,5.8490667,1.357063,-1.9297458,0.24189568,0.31004375
2.9016857,7.7648287,0.9113865,5.835984,1.3385913,-1.9093696,0.34864855,0.36644924
2.8444417,4.472474,0.84342325,5.955464,1.358525,-1.907702,0.5272472,0.44406247
1.8323026,2.7251434,0.82420754,5.923835,1.3498962,-1.9077821,0.30878842,0.42156625
1.6436166,4.2646437,0.8504517,5.890849,1.340045,-1.8863945,0.5344107,0.24527001
1.2125758,9.51573,0.8697152,5.896189,1.3802686,-1.9384989,0.14348423,0.18740046
2.6225092,9.477757,0.8680341,5.951235,1.3451135,-1.9399884,0.3941337,0.24952126
1.5690925,6.7767863,0.8964453,5.9007277,1.3899252,-1.9515519,0.7725254,0.5919392
1.3109398,7.96109,0.89919186,5.893403,1.3870006,-1.9749544,0.96956325,0.45733458
1.2831174,8.418741,0.86339045,5.800926,1.4089973,-1.9231697,0.7419765,0.48247492
1.2445121,8.054127,0.89671564,5.7988143,1.3960145,-2.0058951,0.7600275,0.5353193
1.1828004,9.206096,0.88370156,5.85307,1.4206688,-2.0127707,1.0746131,0.42654788
1.5542285,7.635754,0.8815994,5.8259153,1.4623702,-2.01094,1.1466527,0.60495543
1.4360589,7.480531,0.83013415,5.7946286,1.4926863,-2.019608,1.1185162,0.50136304
2.8313787,7.377423,0.82653,5.6917543,1.4994013,-2.012273,1.3571041,0.49613762
2.5991685,7.758469,0.8056612,5.783802,1.4846282,-1.9733902,0.8128327,0.49347246
2.6060064,5.364893,0.81280684,5.859003,1.4265482,-1.9658107,0.8538598,0.55348825
1.3455923,9.439766,0.8118334,6.00052,1.3525832,-1.9591007,0.94229054,0.35460496
1.4217565,6.6086807,0.8811995,5.9264083,1.3420846,-1.8791139,0.89899087,0.57689846
1.2271584,6.5420346,0.8828211,5.828576,1.3407822,-1.8906181,1.0656171,0.66576266
1.3038352,7.268634,0.8998492,5.8387403,1.336689,-1.8994683,1.1606097,0.40372294
1.2152247,7.896258,0.966346,5.7668138,1.3328991,-1.8658305,1.1392062,0.4450724
1.392865,6.5357685,1.0318458,5.7015333,1.3012161,-1.8785254,0.44161844,0.34046376
1.1514603,6.139628,0.98494947,5.681414,1.334749,-1.8614526,0.5934316,0.5151837
2.5755746,5.9933605,1.0150423,5.617108,1.3356302,-1.8399136,0.5711764,0.41905487
2.0471816,6.3468385,1.021158,5.609161,1.2718151,-1.7909591,2.2515996,0.51096344
1.5464725,7.8180065,1.0637844,5.5866103,1.2731724,-1.7895889,0.1911776,0.42639148
1.5955139,2.553422,1.0414002,5.7010946,1.2311761,-1.7636642,0.5793737,0.5163932
0.8412892,2.8895001,1.0514617,5.6573963,1.2555537,-1.7512112,0.55440164,0.47793627
1.6952419,7.4087853,0.9999063,5.662707,1.2715571,-1.8015264,0.65920293,0.4943118
1.5412552,7.326481,0.944443,5.758298,1.2650719,-1.789275,1.1664922,0.5835091
2.6595469,2.4488144,0.98026323,5.674283,1.2651536,-1.7678776,0.52310896,0.57829547
1.2514691,2.3589406,1.0127649,5.6728425,1.240582,-1.7956979,2.710918,0.72273254
1.2207611,8.836905,1.0283332,5.7386847,1.2434263,-1.813911,2.5559745,0.5471593
1.2820976,7.9405456,1.0292463,5.7098637,1.2108257,-1.7914736,1.9467983,0.65005314
2.3285623,8.627634,1.0231593,5.7305236,1.2189488,-1.7639673,1.2891979,0.535697
2.7281227,5.6238966,1.035111,5.683484,1.2260604,-1.7667975,0.4421817,0.19047582
2.5602672,9.94762,1.0613375,5.6596403,1.2601016,-1.8078737,0.46216536,0.31984758
2.7543263,2.1348233,1.0238395,5.6696315,1.2576356,-1.8263232,0.57043684,0.49367887
1.8942344,5.957234,0.99527574,5.6213474,1.1919615,-1.7316861,0.29802942,0.23386079
1.8471891,4.2520676,1.0033171,5.731572,1.2085106,-1.757395,0.18929076,0.17093635
2.3802898,6.220619,1.0186808,5.752426,1.1800959,-1.7623988,0.30623126,0.20922536
1.1149518,3.0297203,1.0149553,5.765908,1.1641862,-1.7323301,0.10959518,0.06129992
0.9627149,2.7339916,0.9978347,5.8297415,1.153789,-1.7392051,0.3642087,0.3774069
1.3509122,6.617736,1.0195475,5.7789335,1.1801248,-1.7476633,0.452451,0.34273052
2.5419934,5.594122,1.0108318,5.724882,1.1759942,-1.7459502,0.074827194,-0.11578345
1.7694798,5.79108,1.0216153,5.732434,1.1858974,-1.7724452,0.021086931,-0.23225123
1.2180516,2.087507,0.46699476,7.0345335,0.46309233,-1.0105467,0.5727657,0.44879282
1.159075,2.435496,0.42194355,7.1295996,0.44833374,-1.0025085,0.36990976,0.4655465
2.055804,2.6158664,0.5605303,6.9937496,0.42531037,-1.0603137,1.1747992,0.6770146
2.8196402,3.7996206,0.7950654,6.856138,0.50935745,-1.0574822,0.59633505,0.35280085
2.7492073,2.994425,0.70155215,6.740183,0.50901675,-1.0747159,0.17672336,0.23565364
1.7856576,7.129053,0.7579322,6.7361803,0.51543164,-1.0905395,0.28623164,0.16494912
1.965199,8.240198,0.8061427,6.7451305,0.5363498,-1.173763,0.337579,0.24513972
1.4524632,2.6007915,0.80877995,6.828572,0.4757588,-1.1083066,0.38356674,0.22461927
1.8714805,7.1335254,0.7532172,6.831047,0.50140715,-1.1010742,0.32600713,0.30512464
1.665147,7.5383434,0.7703483,6.8064446,0.5513861,-1.1365181,0.3287654,0.20942402
2.4743328,7.083635,0.6284106,6.803031,0.5491147,-1.0845675,0.6869309,0.09275508
2.1535244,2.6218677,0.62822413,6.8052077,0.57557416,-1.1018088,0.6734029,0.6203331
1.6001152,2.4517486,0.7161213,6.666338,0.5666356,-1.0780988,2.3269327,0.68079984
1.5915403,4.168127,0.8110907,6.6808176,0.58879566,-1.1367713,2.405698,0.5957869
1.6619601,2.1384587,0.7871263,6.5337725,0.5909231,-1.1763465,2.344211,0.60799503
1.7115738,2.027893,0.8499255,6.5727787,0.59065723,-1.1068816,0.88663125,0.65918946
1.6967525,2.6323879,0.78389645,6.556079,0.5808735,-1.1431575,0.7436602,0.5239967
0.9809803,2.3491194,0.88329625,6.6372323,0.58182263,-1.1858048,0.87838244,0.531845
0.9820074,3.7216578,0.8885945,6.7116394,0.5931392,-1.1657548,0.47453094,0.5818317
0.9701152,3.7625937,0.8063841,6.818124,0.59442806,-1.1871912,1.1440477,0.49882317
1.2199298,4.123477,0.768129,6.792218,0.5417125,-1.1430827,0.9899634,0.5304524
1.1420726,2.9265952,0.82979774,6.720964,0.5479157,-1.1217933,1.3240697,0.54775405
2.5477197,3.9990497,0.83036554,6.7085943,0.5395887,-1.140187,1.5555866,0.5765281
1.8278269,6.211417,0.8518362,6.795968,0.5385933,-1.1599865,1.5649965,0.58375084
1.5822651,6.086388,0.81847954,6.853241,0.53799915,-1.1312681,0.76909375,0.45145452
1.5293398,2.4189186,0.8167112,6.736415,0.54515004,-1.193873,0.81260574,0.42331946
1.2554924,2.5299325,0.77301216,6.835651,0.5243745,-1.1850014,0.6484685,0.4220807
1.416521,2.8394022,0.6763115,6.8143787,0.57602596,-1.1633416,0.6274209,0.4708079
1.2560053,2.2918172,0.64077663,6.7689123,0.5716121,-1.1205275,1.18658,0.5923195
2.541593,3.1718106,0.52319264,6.845591,0.57006216,-1.0873196,0.3563707,0.34389865
2.106412,5.793892,0.5858686,6.8504677,0.5539286,-1.1120006,0.42663062,0.44354308
1.9537226,2.7515106,0.6256585,6.808579,0.57417464,-1.1283805,0.8465347,0.4747938
1.40833,2.3082557,0.634238,6.791409,0.61205816,-1.17796,0.5568061,0.41061032
1.5327859,3.6285872,0.7229862,6.814699,0.6103313,-1.2208459,2.3683186,0.6034646
1.6672627,5.0846987,0.7235646,6.831605,0.5932045,-1.2034739,0.83623433,0.6125612
1.6076744,2.8052897,0.64356637,6.806155,0.5846789,-1.1510522,0.8597251,0.54179907
1.5652373,3.1399484,0.64340806,6.708045,0.647666,-1.1883621,1.3857076,0.51124144
1.0148236,2.8385828,0.5938319,6.776177,0.66783404,-1.1982089,0.2474978,0.52133656
1.559817,2.218741,0.582253,6.8645577,0.65892506,-1.2898533,1.3421929,0.6381124
1.5250776,2.756033,0.54914844,6.8841352,0.65668774,-1.1797569,1.3580217,0.57690644
1.2279725,2.3143368,0.54675865,6.9043255,0.6542804,-1.2929544,1.0489974,0.4320233
2.5960174,2.2145994,0.69111884,6.962739,0.61426187,-1.3143387,1.1616945,0.5449816
1.1381712,2.3851936,0.6728592,6.9036317,0.6387818,-1.2938852,1.0369155,0.6030657
0.7735499,2.5734248,0.6032474,6.900018,0.6229954,-1.2096081,1.0158253,0.59720373
0.63418937,2.44312,0.7358737,6.872798,0.57149076,-1.1544926,0.27312505,0.24701822
1.4425516,2.0271235,0.6661265,6.817849,0.5252068,-1.1414199,0.64060557,0.3575346
1.617177,2.1061409,0.6405616,6.787593,0.54402876,-1.0966392,0.29583704,0.48200142
1.3939812,2.2755773,0.6652409,6.7262354,0.55648494,-1.1075947,0.8137934,0.6498904
1.9329145,2.2821147,0.66513443,6.699008,0.5807266,-1.1148255,1.5534282,0.52521837
1.6585777,3.128605,0.748821,6.664306,0.58266187,-1.1540061,1.8545599,0.4985019
2.0844202,2.7120662,0.65890443,6.820848,0.5515325,-1.1271198,0.5451039,0.38773018
2.3043864,3.4515028,0.6830318,6.8046427,0.5436957,-1.175094,0.1862632,0.3234949
2.3424985,4.1991525,0.68563104,6.8486156,0.54328823,-1.1437635,0.6036782,0.33395386
1.4391468,2.2931907,0.54537654,6.8291645,0.5445652,-1.126993,0.70366704,0.3390953
2.1110587,6.601458,0.57245433,6.8670435,0.5892303,-1.1485609,0.8986461,0.4512527
2.3345494,6.97377,0.53953326,6.9162645,0.60470223,-1.1483626,0.6188127,0.5523412
2.2912474,6.686541,0.52593124,6.8975215,0.5836432,-1.1313004,1.5232296,0.49919796
1.6911051,3.4513268,0.561857,6.906002,0.5629518,-1.1373255,1.5139756,0.44550192
1.68711,3.01307,0.5112767,6.836175,0.6066117,-1.1092694,0.9164331,0.6591059
2.3302083,5.4765015,0.5531982,6.904735,0.5361843,-1.0616131,1.3941143,0.6050942
2.1717844,6.3083143,0.5282042,6.8939924,0.51358294,-1.0592963,0.9381205,0.49109685
1.5750188,7.5354176,0.57397676,6.897816,0.54950523,-1.0828738,0.8864255,0.47915614
2.4879243,7.443556,0.5636301,6.8526,0.5463135,-1.0794487,1.5980506,0.47354114
2.3807712,6.4143486,0.58555794,6.8135834,0.55106926,-1.0906316,1.5283923,0.5906184
2.099565,4.781167,0.67164326,6.920558,0.5064831,-1.1090343,1.7596889,0.5541705
1.5211554,5.655542,0.7112794,6.932563,0.4994483,-1.1245055,1.4029424,0.47385806
1.3561239,5.3195667,0.6845603,6.880031,0.52934957,-1.0653155,0.62974083,0.5570303
1.138166,5.288175,0.71052146,6.9864492,0.5401943,-1.1527393,1.2875252,0.48858213
1.2707776,6.3092256,0.68600047,7.012538,0.54213834,-1.122613,1.4665987,0.5994487
2.3382049,5.211393,0.5276036,6.9083514,0.5421603,-1.1313648,1.1420124,0.43731207
2.4372914,7.464377,0.54473615,6.9478674,0.5558796,-1.134563,1.295155,0.4951234
2.6356435,2.7073214,0.56337476,6.8442106,0.55997825,-1.0996373,1.3569782,0.5314851
2.7678025,2.7276542,0.58729196,6.8690147,0.527612,-1.1088595,0.5272138,0.54299605
1.6795971,5.7861166,0.5665349,6.8800554,0.51216793,-1.0644717,0.47440362,0.119136274
1.8908863,5.417512,0.51512074,6.967214,0.51779175,-1.0748713,0.97782373,0.5638617
2.574675,6.539948,0.5107565,6.9848213,0.53118515,-1.0676332,2.4551158,0.5619153
1.8879573,8.3693695,0.53206956,6.9764376,0.5347247,-1.0928156,2.4408886,0.52987576
2.313982,7.8788285,0.5431495,6.9366045,0.5926771,-1.1752949,2.1980288,0.52181864
1.5642438,7.8516192,0.62683105,7.0913935,0.52525735,-1.1716683,2.563604,0.50796556
1.5572059,4.038045,0.63102937,6.9442005,0.51527166,-1.1493387,2.8402398,0.8346925
1.1856077,4.8822126,0.786679,6.8619165,0.5497165,-1.2025895,0.7497935,0.48944134
0.987052,4.186906,0.8465233,6.893923,0.52741337,-1.097466,0.72982514,0.51671064
0.9070935,4.0153303,0.73770905,7.065573,0.53349376,-1.1324705,1.0603683,0.49513197
0.91546303,4.7211876,0.78723264,7.060569,0.50496864,-1.1244088,0.9876692,0.5545237
0.8621076,3.7634273,0.7114129,7.042909,0.52986217,-1.1288304,0.69531596,0.39866817
0.8235841,3.9334407,0.6359298,7.1428475,0.5136223,-1.1054342,0.5998856,0.5114076
0.82146114,3.6092763,0.6405413,7.1319423,0.53547144,-1.1510785,0.31621587,0.5001073
0.8368223,3.1686156,0.69079196,7.0772386,0.54248,-1.1834961,0.51790774,0.48666692
0.8475039,2.582968,0.6857672,7.0127325,0.5482333,-1.1568465,0.7737732,0.49445617
0.9304131,3.4230785,0.7286823,7.023118,0.54206824,-1.1891074,1.6514087,0.5668973
0.88805914,2.6864443,0.71935964,7.0258384,0.52408934,-1.2142797,1.2897315,0.5864823
0.6979462,2.9501061,0.7708192,7.1086,0.5569093,-1.1990461,1.4133573,0.5179678
0.6397726,2.428502,0.7328608,7.130876,0.56475735,-1.1834009,0.75036967,0.52533245
0.73791337,2.8240163,0.77178216,6.9926324,0.54505444,-1.1909305,0.7659937,0.57332945
0.82900465,2.2910504,0.70717883,6.9856234,0.5665622,-1.2266955,0.48960614,0.29477453
0.7311847,2.570456,0.6034031,7.0341578,0.5758693,-1.20296,0.52845097,0.3443395
0.7236701,2.8369372,0.6774024,6.9409904,0.58043957,-1.1107056,0.6882818,0.49808127
0.834988,3.0002384,0.68983984,6.969842,0.56347585,-1.1419473,1.4588497,0.4694507
0.7859523,2.7593052,0.6298442,7.008311,0.560395,-1.1565639,1.5905423,0.51851106
2.9549663,2.944253,0.62125766,6.9503584,0.53891087,-1.1758916,0.45242107,0.49439454
2.5129187,3.246446,0.5881498,6.871767,0.5893495,-1.1795301,0.32480776,0.16915727
2.117343,2.395415,0.5689995,6.7987094,0.60140514,-1.1756827,0.45605218,0.36213136
2.0030122,2.1501226,0.55939436,6.8742924,0.5603359,-1.1785065,0.29479325,0.34615564
1.9617779,6.4492283,0.4865272,6.9452486,0.5725081,-1.1954803,-0.12598228,-0.37664783
1.8409756,2.5740745,0.67608476,6.9735265,0.51748896,-1.182756,-0.071529746,-0.36327553
2.4222913,8.607506,0.6981684,6.8523555,0.50996065,-1.0963187,0.19159913,-0.3470006
2.8403986,8.183281,0.6310749,6.9207993,0.4863994,-1.0546077,-0.071748614,-0.46957627
1.8686007,7.069141,0.611325,7.0032234,0.45968866,-1.045769,-0.06371689,-0.16251928
2.1589694,4.054395,0.5728793,7.063522,0.48293686,-1.1418085,0.21101594,-0.047475815
2.1121464,4.5939064,0.49591315,7.055581,0.49220848,-1.108258,0.31905663,0.29951525
1.3584011,5.3071632,0.54678035,7.1512117,0.4830494,-1.1226014,0.24284458,-0.075700045
1.4080571,6.3361144,0.4824865,7.1331553,0.49511123,-1.1143148,0.29182172,-0.07398769
1.2849056,6.5450573,0.5478914,7.0512757,0.5057576,-1.0886933,0.018313885,-0.009263992
1.5961478,4.712471,0.48227787,7.0490546,0.5174353,-1.0682609,0.52905524,0.19442439
1.7553598,5.736001,0.50530386,7.0769386,0.45619965,-1.0147371,0.5297408,0.22176063
2.3189888,5.232548,0.51759076,6.930337,0.44781685,-1.0106096,0.62282395,0.2921871
2.407244,5.785274,0.56218183,7.0172234,0.43972373,-0.9944892,0.8597721,0.6073078
1.9052289,7.791407,0.5835638,7.00066,0.42105484,-0.970289,1.6603091,0.6417453
1.2798929,3.2883253,0.5672723,7.049748,0.38988733,-0.89453745,1.6879117,0.5625596
1.1093678,3.1898687,0.5424411,7.0522594,0.383435,-0.92706895,1.7637303,0.677542
1.2953769,2.1767468,0.6657107,7.065682,0.34809828,-1.012939,1.1645613,0.5069401
1.1804247,3.4651175,0.7302811,7.089706,0.37204123,-1.0291425,2.0612502,0.54241395
1.5518565,3.5291169,0.7329054,7.0102477,0.37486887,-0.9806409,1.09379,0.55118585
1.2058364,2.151407,0.78055,6.891466,0.37518024,-0.9370928,0.8163564,0.5928762
1.3909769,2.0475647,0.76045203,6.9063034,0.35518336,-0.9279306,1.0380747,0.6629226
1.5268726,3.3158062,0.66548836,6.8724775,0.38036895,-0.9377291,0.7832123,0.55198157
2.2760124,5.984125,0.7011454,6.897049,0.3809502,-0.9177625,0.7866322,0.44373238
2.924355,7.1826572,0.66713953,7.0242305,0.38080406,-0.97414446,1.3218117,0.21055788
2.369288,7.3074436,0.7636442,6.9331493,0.38061738,-0.98104095,1.4972908,0.49134636
2.2114642,6.2137623,0.7260971,6.9755473,0.36687374,-0.98226357,1.5735164,0.49346375
2.0019789,3.8462625,0.7606833,6.9914646,0.36175132,-0.99736214,0.9351176,0.5141945
1.679919,3.7283888,0.6926409,6.947916,0.38372397,-0.98644066,1.2400684,0.57469845
2.0389218,6.25486,0.70515513,6.9298677,0.41836357,-0.97731876,1.1592512,0.41960305
2.075234,5.6785436,0.6926117,6.9687147,0.3850448,-0.97805023,1.0058825,0.48684478
2.149778,4.7773457,0.7596868,6.923134,0.37798142,-0.95638466,0.37685096,0.50907695
2.3937368,5.7146406,0.73866844,6.9965353,0.36395812,-0.9910321,1.7777214,0.47469598
2.236882,5.6789484,0.71194696,6.9732175,0.31883574,-0.91389036,1.1829641,0.6566248
2.26299,4.730385,0.69292283,6.9522285,0.31174326,-0.85875416,1.1407664,0.49264824
1.8668859,4.3421154,0.8229971,6.8959255,0.32903576,-0.87898827,0.5800475,0.5654541
2.0027895,4.5328245,0.65728307,6.984891,0.34827828,-0.8750799,0.46668553,0.048576176
1.8330126,4.404066,0.675233,6.978874,0.3523407,-0.93264174,0.33546913,0.07501656
1.7078551,6.015283,0.75497675,6.954423,0.3558464,-0.9618864,0.20568955,0.08399916
1.8042886,6.5526967,0.77263594,7.030628,0.383492,-0.97504807,0.4890797,0.224186
1.1539295,6.3950906,0.7855941,7.077651,0.37627578,-0.9692347,0.47148526,0.35988116
1.1904399,6.5547404,0.7284552,7.11808,0.38749623,-1.0031028,0.3231696,0.096168995
1.1734649,5.9674034,0.7184222,7.145296,0.39737606,-1.0060555,0.36245835,0.34704697
0.9768211,4.996662,0.71511793,7.155767,0.3945899,-0.99724627,0.6311563,0.46260452
1.0717535,5.3531294,0.6979511,7.1268415,0.3938551,-0.9669838,0.65906453,0.51603675
1.2600834,2.388943,0.5511919,7.0440836,0.37592816,-0.96095324,0.9139043,0.5842563
1.6477776,2.7430477,0.55511856,7.0989175,0.35058475,-0.9306774,0.56590176,0.58902454
2.1001117,4.6356463,0.70963407,7.068026,0.32388306,-0.9569297,0.55098736,0.4519316
1.8499917,9.14171,0.5990455,7.178425,0.32325363,-0.9101069,1.3902125,0.4369172
1.8743962,6.9303207,0.65778446,7.188074,0.28845143,-0.8885453,1.0952392,0.3908738
2.150742,9.400948,0.61920524,7.3345,0.22600436,-0.8625245,0.93854463,0.39483118
0.9523872,2.0721188,0.46796262,7.252375,0.18301058,-0.7695792,0.84271646,0.51799977
0.89025664,2.0824862,0.6383358,7.1807923,0.20716834,-0.7592735,1.0445781,0.53230965
0.93518764,2.1088688,0.68477595,7.1806192,0.21121669,-0.79766655,0.47927213,0.3142779
0.9096533,2.2973273,0.7700877,7.2110543,0.21507287,-0.7887144,0.19173801,0.21245688
0.8574754,2.3410401,0.89086294,7.233209,0.14118528,-0.7976978,0.51543,0.48503256
1.0729733,3.1700501,0.8615751,7.110665,0.14567232,-0.75277305,0.5112207,0.37936604
0.93078893,2.5036788,0.7464962,7.1309404,0.18006253,-0.7489064,0.6281917,0.5194279
0.97131985,2.1682644,0.7323592,7.1941547,0.17691469,-0.7584176,0.6303446,0.39800453
1.0092568,2.091526,0.65372705,7.145078,0.19757819,-0.7653489,0.5975851,0.5365112
1.8477869,2.1275783,0.47593594,7.2173495,0.18184233,-0.74738,0.6319134,0.51336396
1.440839,2.0723827,0.37159944,7.2147293,0.18746448,-0.7561555,0.73750603,0.47058308
1.0767314,2.1186364,0.35958374,7.249166,0.24191117,-0.7387209,0.7683799,0.5827279
1.2607881,2.076466,0.37966168,7.3900094,0.19355345,-0.7762792,0.6844603,0.69917274
2.6816704,2.230022,0.64839697,7.2498927,0.16903901,-0.8164327,0.79745436,0.57909966
1.1973095,4.5509033,0.677722,7.312683,0.17209506,-0.74717236,2.352833,0.564744
1.1236372,2.322498,0.65222144,7.257458,0.21327496,-0.89142156,2.6830542,0.57550466
2.2634606,2.836655,0.51467204,7.3188314,0.20715499,-0.8801043,2.1180084,0.5372627
2.7215848,9.068762,0.40453577,7.3111463,0.2570789,-0.83928657,0.7276627,0.49957114
2.1678705,9.504879,0.41122806,7.288579,0.24965739,-0.8077619,2.0451906,0.5304177
2.1416998,3.605576,0.3885014,7.322758,0.20975971,-0.8297684,2.052103,0.5892191
2.2404783,7.357472,0.4285226,7.2857914,0.24100399,-0.8432641,2.2982392,0.5156107
2.5519707,6.3113074,0.47860372,7.2750287,0.27492833,-0.86089563,1.9549334,0.59751666
2.2982607,7.606979,0.4640051,7.251863,0.25612593,-0.8956816,2.0460794,0.59404993
2.5971212,6.565275,0.4766171,7.207874,0.32206082,-0.9283736,0.83516,0.5467775
2.6537566,6.8252487,0.36224842,7.2650857,0.3099265,-0.87540126,0.6274358,0.5671154
2.6047642,8.788652,0.3508922,7.3123403,0.3442166,-0.8786409,2.0167992,0.546337
2.1648183,9.048462,0.33492327,7.2808433,0.33633447,-0.9239085,2.5064971,0.58874774
2.7171507,8.745031,0.26013303,7.2582235,0.3663454,-0.93108606,2.3012843,0.49940228
2.4555712,7.311473,0.28394222,7.318532,0.37277985,-0.93665934,0.8665838,0.47075385
1.5776676,3.5251772,0.3105154,7.310198,0.3594346,-0.945703,0.830758,0.45449322
1.4047923,3.3655982,0.25457215,7.3369026,0.32278395,-0.8677161,1.0564954,0.56446564
1.4447193,3.798952,0.37452602,7.2932773,0.29621792,-0.8572664,1.0452363,0.6231817
1.9332466,3.0662045,0.36467624,7.3224416,0.2862985,-0.8629613,0.87216234,0.61536205
1.8901055,4.2522383,0.30639625,7.249856,0.28426623,-0.81807995,0.85788274,0.56055903
1.9755592,6.6874075,0.37849247,7.370365,0.25833917,-0.81803465,0.3558048,0.40814537
2.0838563,3.4690876,0.38118517,7.2401485,0.23881388,-0.8115182,1.189769,0.5154487
1.8982999,4.4451885,0.2849115,7.3301353,0.21845174,-0.7881403,0.40333438,0.4104678
1.8740754,3.4643188,0.32634747,7.32941,0.22202253,-0.7909107,0.48415482,0.5774921
2.004799,3.1122103,0.32934117,7.275453,0.22121572,-0.7786989,0.556056,0.4371751
1.8171476,2.8981318,0.2870915,7.295381,0.20044017,-0.78891206,0.28323042,0.45067835
1.285219,2.9467854,0.292297,7.3516803,0.26061964,-0.802969,0.33843267,0.43272293
1.3387247,2.7792861,0.35147548,7.326666,0.2471633,-0.84675026,0.41133285,0.19925535
1.4920716,2.6740613,0.40754795,7.2569375,0.26849198,-0.84120345,0.44928348,0.41828984
1.1621177,2.2281294,0.4757414,7.2087326,0.2581377,-0.8428755,0.5271963,0.41265142
1.2336392,2.5631883,0.5184003,7.4313993,0.21805811,-0.8670666,0.43315065,0.30384064
1.318284,5.8161297,0.49597335,7.5255017,0.22172737,-0.8656719,0.5733273,0.26809096
0.9976386,8.499836,0.7949214,5.8703547,1.6318727,-2.2445166,0.29138994,0.028722525
1.1486428,9.358013,0.81875336,5.8076353,1.6361594,-2.208615,0.22313428,0.27014428
1.032332,3.459844,0.8390088,5.7887607,1.6038396,-2.2130184,0.10528135,0.19596124
1.0989769,2.377783,0.8525069,5.670882,1.6129255,-2.187812,0.3401904,0.41880572
0.9343116,2.1261015,0.86802983,5.683743,1.5962958,-2.1491036,0.07634699,0.25510746
0.67809963,2.6111956,0.87295985,5.6599374,1.5907083,-2.2210646,0.22458375,0.20408446
1.7934207,3.7897067,0.8047497,5.6470575,1.6666546,-2.2451115,0.21994054,0.22933781
0.84879136,2.4739964,0.8903898,5.5986023,1.6376886,-2.2518039,0.22113967,0.1629206
1.0422347,2.6989362,0.86033225,5.5973244,1.6547906,-2.1952114,0.85284853,0.42700696
1.68836,3.1808593,0.8507997,5.6152506,1.6841393,-2.2289941,0.3653518,0.45039463
2.6099415,2.1711292,0.88183117,5.4482746,1.7461076,-2.3054762,0.6314275,0.40068877
2.7401347,6.401848,0.8937104,5.539528,1.7573352,-2.282535,0.4348513,0.44239438
2.5679154,5.5577316,0.84174013,5.593918,1.7389584,-2.3129034,0.7106297,0.40116662
1.9831858,3.5429912,0.81582904,5.685398,1.732302,-2.248501,1.1505556,0.6978214
0.5856523,2.335789,0.84564877,5.6431484,1.6749322,-2.2393062,0.43553305,0.5710249
0.6607449,2.8682106,0.8541279,5.6098137,1.7036924,-2.277649,0.622195,0.45081466
0.77181697,2.5537777,0.8835058,5.6137056,1.6923234,-2.2029536,0.5693176,0.5087422
0.9867457,4.4547215,0.85957026,5.623679,1.7008171,-2.3112614,0.5203645,0.3011248
0.8549279,2.7749388,0.8753567,5.6284866,1.6777651,-2.2707794,0.76043236,0.4834628
1.5857835,9.201379,0.9100293,5.5870843,1.6909635,-2.2911549,0.73275363,0.4154905
1.3303341,3.0448647,0.9128938,5.571955,1.6760845,-2.2735696,0.6238626,0.44691944
0.53320336,4.1886826,0.94789064,5.6661196,1.7218595,-2.3127928,0.6007217,0.47406173
0.5295677,3.199502,0.9450654,5.571719,1.6950648,-2.3404698,0.74204564,0.3790089
0.5417652,3.355091,0.9664235,5.597884,1.6862919,-2.298952,1.4629323,0.5183319
2.931476,6.445475,0.92183566,5.449703,1.77091,-2.325522,2.3685584,0.6130918
2.8120353,3.0089972,0.9236506,5.4200764,1.8217647,-2.3726783,1.4677393,0.55789316
0.5736921,3.738931,0.8855225,5.473633,1.8266783,-2.3557398,0.46878612,0.49085003
0.6173623,2.9375005,0.87623346,5.5753603,1.8140824,-2.422213,0.39988053,0.16789639
0.7087801,5.511079,0.88578606,5.5577564,1.7984223,-2.393891,0.36190915,0.100323915
0.90501046,4.8649783,0.8271698,5.527053,1.7942755,-2.380818,0.04525709,0.11154431
1.994849,7.3561587,0.8702253,5.482006,1.8003695,-2.3382554,0.09123719,-0.11407125
1.8102987,2.7907858,0.9422312,5.483726,1.8039823,-2.39443,0.15569687,-0.00899902
1.6437548,7.1389246,0.9076332,5.4546766,1.8121295,-2.4689038,0.11119747,-0.16728088
1.4866447,2.452293,0.90987194,5.4654717,1.8409338,-2.4199438,-0.1509726,-0.18877512
2.3282175,2.5645683,0.8955002,5.4574785,1.8415046,-2.4212527,-0.019691944,-0.04740703
2.0431273,7.131108,0.86390424,5.53475,1.8590908,-2.3989143,-0.09583527,0.027300358
2.1394596,9.547447,0.86520886,5.5439763,1.8113561,-2.3739557,0.5146313,0.39780098
1.5478736,8.501315,0.85320926,5.5363684,1.8172352,-2.3880763,0.7247298,0.3565979
0.86405313,5.77803,0.9077635,5.422573,1.7726474,-2.3676918,0.6326196,0.42679065
1.0092576,6.0083923,0.89170015,5.466211,1.7312956,-2.31419,0.37254143,0.51699877
1.0988258,7.3907757,0.87321997,5.3549604,1.7873611,-2.2631426,0.47566235,0.27642322
1.060132,8.418877,0.8492247,5.3172507,1.8845742,-2.3705032,0.28916097,0.30743337
1.121001,3.9756846,0.8470545,5.357423,1.8895843,-2.3488474,0.2893957,0.5284405
0.5455271,4.0334787,0.91673553,5.282256,1.8747818,-2.3695068,0.44155586,0.59420395
0.5359885,3.8929377,0.983809,5.2360997,1.8665118,-2.4083974,0.4636916,0.64796007
0.5942856,9.525963,1.0375957,5.2474613,1.9150536,-2.4069414,1.0190439,0.6458411
0.59456325,9.533683,1.0385122,5.258227,1.9228272,-2.464174,0.9824617,0.5228646
0.5979826,9.372715,1.0209394,5.247165,1.9160483,-2.462806,0.5846168,0.5895102
0.5480163,8.871729,1.0282464,5.429186,1.8852994,-2.5191388,0.6101402,0.44004512
0.58743566,4.8724113,1.0230074,5.3667693,1.8615682,-2.5186045,1.4107928,0.44459212
0.516821,6.405062,0.99511325,5.4033647,1.8819385,-2.4423385,0.6681467,0.5138316
0.53845704,7.2396607,1.0396087,5.2109194,1.8961618,-2.447998,0.48059702,0.4185999
0.586391,5.3534517,1.052069,5.1083984,1.8960235,-2.458591,0.2827716,0.33286327
1.8003979,6.8371377,1.0758977,4.988392,1.9089816,-2.5052233,0.20601857,0.017579377
1.3152826,8.915649,1.0553584,4.9531446,1.9396448,-2.5328443,0.17377138,-0.14787054
1.1929839,2.318758,1.0703161,4.974117,1.9076724,-2.5598347,0.18167853,-0.13872534
1.340662,2.2900999,1.0672417,5.00579,1.9065545,-2.4778485,0.029123068,0.22919512
2.463241,3.7382615,1.0504088,4.9802074,1.9051692,-2.4667125,-0.021903455,-0.20960975
2.424953,8.455672,1.0030622,5.094996,1.9414678,-2.4808278,-0.051437557,-0.34966516
2.884487,6.6420135,1.0279732,4.9800386,1.9669299,-2.4792383,0.03699565,-0.17902261
2.4893575,6.814366,0.9664545,4.980958,1.9843724,-2.4895287,-0.17648846,-0.4088605
2.4778943,8.934305,0.9857297,5.006503,1.9906065,-2.5971775,0.18565679,-0.29096016
1.019129,8.805641,0.9846312,5.091022,1.9908159,-2.6410363,0.3661164,0.12139666
1.1986263,4.3214064,0.9384471,5.224201,1.9958305,-2.575018,0.16617787,0.24257708
0.61737037,2.1961055,0.94593716,5.2082524,1.9932375,-2.598297,0.2605834,0.28744888
1.453021,4.738373,0.9163815,5.2158175,1.9865949,-2.5348313,0.5160991,0.3506503
1.2181655,9.337881,0.8775196,5.181073,1.9977877,-2.5082002,0.82553554,0.3636232
0.6909816,9.466686,0.8884609,5.3217087,1.9948492,-2.5355983,0.46884274,0.18340445
0.7583648,5.420891,0.91604817,5.3105183,1.9226782,-2.528056,0.58262086,0.40700686
1.3772527,6.625832,0.8937957,5.3259335,1.9200513,-2.4738882,0.39998913,0.36472094
1.5821807,9.32336,0.87090373,5.381205,1.9190912,-2.4843774,0.36057746,0.14864504
1.3803024,3.1163204,0.90101814,5.3874826,1.9063263,-2.4759982,0.26105332,0.45308745
2.0499382,5.3290567,0.87046313,5.3761444,1.9265468,-2.4610553,0.18274152,0.22387803
1.8585901,4.097417,0.90884995,5.3532515,1.8995574,-2.4865959,0.13077605,0.13506728
1.3252833,7.480849,0.90959406,5.3329287,1.9061174,-2.5138326,0.37560713,0.35184526
1.7635787,8.363922,0.8946004,5.3032365,1.9164188,-2.4681172,0.5042794,0.3986568
0.93090296,7.9779086,0.90935993,5.337035,1.9140565,-2.456297,0.4275174,0.6070397
0.94853556,5.345353,0.89887285,5.3894463,1.9174299,-2.4586918,0.85131454,0.5769279
2.3667378,9.089607,0.8732693,5.4360332,1.9010141,-2.485525,0.8362392,0.4119805
1.2031609,9.951665,0.8895614,5.3896885,1.9262459,-2.4905586,0.7277863,0.5890641
0.84928846,9.853083,0.9514576,5.2668533,1.9253125,-2.4749084,0.7646723,0.6526216
1.0901113,2.5075622,0.9014046,5.391194,1.9369371,-2.4733646,0.7986834,0.6813644
2.201725,2.0356221,0.8984804,5.280777,1.9058778,-2.4050446,0.47240627,0.77071214
2.3632166,2.022525,0.9052415,5.335765,1.9169059,-2.4010987,0.8344139,0.7228739
2.4895527,2.126059,0.9327247,5.285079,1.8928301,-2.3858037,0.70524013,0.5694072
2.6254401,9.514828,0.8866819,5.2836432,1.8895104,-2.373612,0.93771887,0.50894165
2.8542671,9.201,0.88595104,5.351585,1.8471105,-2.406977,0.46934474,0.03021276
2.8801484,7.555116,0.92645764,5.3610277,1.8265336,-2.371977,0.5331583,0.4540934
0.676618,3.6977005,0.9262593,5.3555174,1.8263645,-2.3852117,0.53544366,0.5194036
0.725278,6.0389943,0.92874527,5.349255,1.8243625,-2.3384411,0.59005904,0.5265777
1.0492277,5.853053,0.9414215,5.338684,1.8388817,-2.369842,0.20950186,0.36802447
0.8244141,2.696775,0.94928813,5.328253,1.8302104,-2.3712668,0.97514737,0.819667
1.2178497,7.827504,0.9053869,5.290962,1.8850002,-2.3910527,0.94853616,0.79726815
0.7811285,2.6338415,0.91555405,5.271094,1.8827422,-2.3604674,1.6046121,0.7772957
2.00039,2.2020433,0.9135276,5.363744,1.8649521,-2.429449,1.6594067,0.7043464
1.2650802,6.0972695,0.86789644,5.4074144,1.9048965,-2.5158718,2.5599673,0.7488885
2.6288013,5.8178296,0.8431897,5.410763,1.9827332,-2.557278,0.8164438,0.43314672
0.6189276,4.4763107,0.8713367,5.422637,1.9708631,-2.5521648,0.4207617,0.44719374
1.008448,9.421236,0.84552145,5.4052095,1.9706323,-2.558694,0.44783735,0.3298216
0.93604195,8.825656,0.8634553,5.4289837,1.9524372,-2.5409164,0.19203997,0.20560354
2.193128,4.918214,0.9191327,5.4357724,1.9382877,-2.5565677,0.2750094,0.24754572
0.78707945,9.828548,0.9182812,5.424799,1.9254553,-2.556977,0.3944633,0.21893692
1.105525,5.9186487,0.8484113,5.416482,1.9292142,-2.5782807,0.24629247,0.14056712
0.7127329,4.1620483,0.8410616,5.462262,1.9747818,-2.5519903,0.182253,0.34688067
1.397392,8.146738,0.8735721,5.4715414,1.9377046,-2.5297532,0.44621122,0.27297533
1.8068936,9.780361,0.8471222,5.474166,1.9386029,-2.4791512,0.5864599,0.43968242
0.8605913,9.692144,0.7976327,5.5231266,1.897773,-2.4095268,0.7382089,0.509943
1.875715,3.8889,0.7743275,5.5669518,1.9080405,-2.3814988,0.713238,0.47451627
0.9199882,7.92207,0.77499366,5.563698,1.8948896,-2.4712033,0.7286602,0.57522833
0.82851064,8.427177,0.7613301,5.5457964,1.9677424,-2.4953346,0.6858196,0.6578721
1.6544042,9.83477,0.7637677,5.5921264,1.995678,-2.5122976,0.57443464,0.22069216
2.4210925,8.149216,0.75071967,5.5818057,1.9904172,-2.5191736,0.70618105,0.42510623
2.189172,8.912277,0.71955204,5.666792,1.9907148,-2.5088747,0.4243549,0.042609572
1.7896495,2.1307597,0.72880125,5.6510506,1.9946923,-2.5142722,0.3837,0.5551615
0.7199688,2.0987508,0.7141408,5.694853,1.9927623,-2.511669,0.35181844,0.48813117
0.73189723,2.3065577,0.6928632,5.675865,1.9842594,-2.510787,0.3592745,0.42177904
2.716623,3.6344397,0.72140706,5.606168,1.9765558,-2.4374259,0.43776023,0.51169515
1.1277037,8.435695,0.707566,5.616021,1.9094748,-2.4331522,0.66377544,0.59858084
0.95695186,9.201593,0.7434015,5.5724688,1.9549863,-2.4318976,0.6633936,0.53069973
1.2584419,8.8931465,0.71163917,5.5688577,1.9627838,-2.4550679,0.5727956,0.20908803
1.4848931,9.252109,0.7614498,5.7484117,1.8872387,-2.4936242,0.56198204,0.060548663
0.9036714,3.7544327,0.75786185,5.7265415,1.9199831,-2.5146942,0.0343796,-0.05244881
0.94235295,3.0586967,0.73201895,5.7633743,1.9295652,-2.5145736,-0.025878072,-0.044849575
1.0269716,6.214685,0.7178564,5.651825,1.9199822,-2.4939353,0.005707264,-0.14625496
1.439253,6.236211,0.7142123,5.738709,1.9386373,-2.4786487,0.019129395,-0.07686919
2.4328454,5.318012,0.7132733,5.7896833,1.9418535,-2.4797306,-0.071722925,0.0023161173
2.173975,4.946564,0.7211982,5.7102346,1.9296224,-2.4703016,0.22040308,0.012224376
0.71563864,6.4456553,0.76367295,5.6472263,1.9319031,-2.5099537,0.19986498,-0.07470101
0.8671925,7.743482,0.75133586,5.6601152,1.9321764,-2.4843237,0.21190464,0.11501205
1.1449711,2.4102168,0.7725972,5.624824,1.9417238,-2.4923072,0.059781075,0.20492339
1.3191695,5.249548,0.7595351,5.6270227,1.9386094,-2.4967668,0.35497785,0.14658034
1.7829831,4.08591,0.7763351,5.6815677,1.9286892,-2.508486,0.16644537,0.16251981
0.5727618,2.4604716,0.77960956,5.6989994,1.923377,-2.5060637,0.15663898,0.21272993
1.231967,2.6300862,0.76039124,5.75202,1.9456422,-2.5455024,0.25505877,0.30010974
0.59008664,3.6451578,0.7736664,5.694278,1.935008,-2.5330539,0.2444973,0.34310699
0.5568566,5.897893,0.82302856,5.7078304,1.933603,-2.5346782,0.39003825,0.4333663
0.57596135,5.9408426,0.8189266,5.679541,1.9611871,-2.5328896,0.5103773,0.4763139
0.53139955,7.0080104,0.8923223,5.485547,1.9608505,-2.5532658,0.7428119,0.63654435
0.5280266,3.4285522,0.9071405,5.542925,1.9065418,-2.5344188,0.9420835,0.7394023
0.6994567,2.1812978,0.9078212,5.4207773,1.9136083,-2.4436772,0.8560387,0.5976174
1.0756074,9.670004,0.86672974,5.4573536,1.9199057,-2.4809756,0.66482735,0.5780597
0.98007536,5.4054403,0.88401294,5.409606,1.8700116,-2.4200335,1.0649202,0.61663747
1.2544277,8.100405,0.8640425,5.4258137,1.8717606,-2.389342,0.92944026,0.5702512
0.8818051,4.6269116,0.8894578,5.311346,1.8724802,-2.3457468,0.55677164,0.5290247
0.85338223,9.581625,0.88700664,5.2558756,1.9154706,-2.3711119,0.57694924,0.54253006
0.86407536,7.930735,0.9129962,5.284402,1.8610446,-2.3883667,0.9888096,0.5623033
0.8443854,8.183531,0.9535532,5.201234,1.8460803,-2.3613281,0.942732,0.56705034
2.9738522,8.323849,1.0431881,5.1088567,1.8471458,-2.370395,1.982295,0.49430436
1.053016,6.436665,1.0262165,5.1639385,1.7883365,-2.404858,1.082289,0.48360193
2.6709135,3.0212283,1.0321097,5.1295004,1.7988267,-2.3965552,0.5510467,0.3289652
2.4107003,8.665017,1.0141985,5.2252626,1.8155887,-2.400121,0.49338508,0.34804392
1.1717201,7.2974043,1.010577,5.2452407,1.8156807,-2.4090128,0.24262881,0.32044107
1.8350533,2.5496974,1.0474918,5.178587,1.7998893,-2.4376197,0.23916793,0.10030031
1.5665054,2.7265542,1.022779,5.0856295,1.8635147,-2.4564068,0.15496492,0.111284494
0.94516796,7.671681,1.0065205,5.0734963,1.8627253,-2.4599254,0.32320547,0.12311512
0.8374047,2.5339122,1.0040791,5.067378,1.8684177,-2.4374185,0.36950743,0.3117193
2.1864738,4.7619953,0.9566221,5.1606493,1.8708749,-2.4099758,0.48689187,0.5833819
2.627593,5.399741,0.9840183,5.137123,1.8198934,-2.4221892,2.6789582,0.51705766
0.8967664,6.0239096,0.89037824,5.3638043,1.8123231,-2.4019635,1.7597055,0.5055413
1.6025559,9.252001,0.8967285,5.2312355,1.8888264,-2.3972247,1.6284304,0.53405714
2.6158762,2.318971,0.91743445,5.3797836,1.8684847,-2.3857558,0.49574077,0.5961814
2.9108796,4.404871,0.92964077,5.3910465,1.8202295,-2.4256847,1.0533922,0.48698592
0.6496296,4.307378,1.0010962,5.3016143,1.8100231,-2.4231362,1.9870129,0.50006056
0.6177025,5.872866,1.0333905,5.206891,1.8650331,-2.4150805,1.3694708,0.63509715
0.62398404,8.496786,1.0577617,5.247547,1.8737631,-2.4293616,1.446459,0.461478
0.68187386,9.327166,1.0214727,5.221749,1.8967171,-2.4491258,1.2443485,0.5485575
0.66712517,8.616121,1.018651,5.1349964,1.911047,-2.4566453,1.1508226,0.59677696
0.740276,8.638681,1.0070968,5.0683594,1.9125903,-2.414792,0.5894345,0.36130542
1.6000595,8.518246,1.0024424,5.015046,1.9036145,-2.4449778,0.45373368,0.32541585
1.3045026,3.6464448,1.0343659,5.1021,1.918711,-2.5432997,0.50353944,0.2811445
1.5651194,9.295355,1.003911,4.9863663,1.9815192,-2.594589,0.8502319,0.26599205
1.1092775,9.791264,1.0444419,4.9800434,1.9907503,-2.5891118,0.35270262,0.3669324
1.3604656,9.871475,1.0363348,4.9231987,1.9800203,-2.5227015,0.69354093,0.51602244
1.9911768,6.4065633,1.0850348,4.924597,1.9449868,-2.5207417,0.7904732,0.52149403
2.8906083,2.760045,1.0843775,4.892673,1.971947,-2.5352936,0.24040818,0.5195718
2.9069319,6.7438245,1.0770342,4.9152255,1.9714665,-2.5402126,1.0710793,0.5686952
0.7599959,7.8135166,1.0971234,4.798744,1.9789233,-2.5346432,0.393605,-0.04989165
1.1742928,8.081839,1.0993624,4.806616,1.9792669,-2.5861323,0.18952501,0.14241022
2.107398,9.284637,1.1242142,4.78884,1.9693091,-2.5560162,0.29677355,-0.2568835
2.4207919,6.3842745,1.0686545,4.979808,1.9765627,-2.5275023,-0.07624215,-0.2989027
2.0091958,9.939638,1.0723903,4.820919,1.9864922,-2.558805,0.1376307,-0.10897666
2.0476735,2.0690882,1.0423851,4.777663,1.9862223,-2.5248907,0.4094578,0.38292795
1.5226071,2.171505,1.0305777,4.8694077,1.9754386,-2.4464905,0.40515125,0.50976825
2.8813746,9.574118,1.0169477,4.9197364,1.9646745,-2.4865417,0.24718893,0.42963374
1.5568238,8.846407,1.0498221,4.880628,1.9614439,-2.4276273,0.58933187,0.41524673
2.1437676,4.553222,0.98990417,4.877196,1.9629691,-2.4198895,0.3474853,0.3464737
2.9280047,5.960223,1.076551,4.90848,1.9469292,-2.5227382,0.43924952,0.3174919
1.3570759,5.75023,1.0919926,4.796685,1.9352634,-2.457449,0.28453255,0.14275384
1.9105449,4.0265217,1.0702355,4.981369,1.9231963,-2.4748878,0.62352526,0.42987913
0.5900347,5.9263077,1.0789568,4.967189,1.9186239,-2.4944181,0.43508446,0.43102288
1.8382254,2.6653728,1.0857048,4.8937354,1.8931897,-2.4869382,1.4767604,0.5079737
2.5331087,6.022109,1.0524018,5.1233377,1.8961728,-2.4336634,0.6392627,0.5356988
0.8789052,4.5721397,1.0372553,4.9103026,1.9031115,-2.428704,0.89070237,0.64156866
1.3453505,7.6247425,1.0915592,4.897432,1.8688428,-2.363911,0.8144051,0.6382041
2.7385862,2.584582,1.1010635,4.822701,1.897572,-2.384783,0.7067306,0.65778553
2.446203,2.4253123,1.0950003,4.7062383,1.9052777,-2.382038,1.3885183,0.69700146
2.0166588,6.834532,1.118537,4.725623,1.8959005,-2.3397465,1.3136597,0.71934354
2.946116,2.7873685,1.1915131,4.489617,1.8476486,-2.3221872,1.325613,0.39667845
0.7821357,4.865127,1.221761,4.5015078,1.9102521,-2.3880026,0.31489646,0.5880953
0.7710707,6.2046366,1.2261128,4.473509,1.9309256,-2.4460092,0.99086654,0.511292
0.5855908,5.3317995,0.8877233,5.969425,1.4755478,-2.0823193,0.7572366,0.5566987
2.1754217,3.9727728,0.85556746,5.968784,1.473037,-2.0761404,0.34795618,0.519096
0.9581821,5.6651897,0.78086495,5.947502,1.4838178,-2.0971658,2.0547037,0.64382267
2.3156047,6.6258693,0.7885531,5.8259406,1.4969275,-2.028794,0.3302797,0.46415043
2.5261934,3.7543736,0.7687526,5.901335,1.489908,-2.007442,0.56209445,0.5177313
2.6829739,4.428301,0.74923265,5.914051,1.4705467,-1.9997813,0.67909694,0.52892363
0.86224806,7.605219,0.8380492,5.979439,1.422394,-1.9542102,0.6430448,0.5758538
1.0050476,3.3914723,0.82639015,5.9802647,1.4117777,-1.9928077,1.2611604,0.6156852
1.911476,5.474395,0.799965,5.957151,1.4012175,-1.9482831,0.72671306,0.4474848
1.8039305,4.5230513,0.8132409,5.960162,1.4437237,-1.9544816,0.661245,0.61439097
2.2626786,4.4489207,0.87306416,5.820706,1.4105875,-1.9479463,0.23571384,0.2616467
0.98625565,8.629744,0.86569786,5.8505254,1.4376915,-2.0300663,0.4058118,0.15616643
1.8670694,2.873715,0.864514,5.8486605,1.4354782,-2.0801663,0.49392796,0.15567404
0.74325997,2.6646302,0.8550601,5.9088125,1.4547215,-2.077125,0.4965737,0.3376764
2.2006588,8.849102,0.808939,5.9381,1.4664593,-2.0890372,0.25559616,0.34647274
0.8116151,5.819914,0.77661407,5.999777,1.5628011,-2.155289,0.20442677,0.16805857
0.79204243,5.9144135,0.7772176,5.9562216,1.5660207,-2.159823,0.14619386,0.025332272
0.754519,7.9333444,0.7067075,6.025384,1.5984185,-2.1925368,0.09821701,0.0029791594
0.70471805,5.3742266,0.7229041,5.991601,1.626086,-2.1818874,0.038781047,-0.04016322
0.83016443,5.8128667,0.7326696,6.009236,1.6042101,-2.1741714,0.061051607,0.044702947
0.9716129,8.342451,0.7347574,5.9859333,1.5686538,-2.1719413,0.29093134,0.05455768
0.78477985,3.7360902,0.8112829,5.875281,1.5664089,-2.1622953,-0.0009569526,-0.1398251
1.4583687,5.21264,0.8068447,5.84369,1.5470822,-2.1558442,0.0073006153,-0.16669703
2.1424942,5.7791214,0.8473673,5.8579717,1.5530484,-2.1713736,0.2882687,0.030295491
2.0166419,6.5945277,0.84538007,5.873138,1.5427744,-2.1372576,0.18958986,-0.17425632
2.3939211,8.313869,0.8210423,5.92389,1.52248,-2.1160958,0.2969898,-0.17265993
2.346745,2.834494,0.80091,5.9659967,1.4981844,-2.0604358,-0.09471744,-0.33136284
2.1956267,8.129509,0.7458303,5.963089,1.4847469,-2.0469608,-0.06566179,-0.14444974
0.87352806,7.5469384,0.8110565,5.951563,1.509387,-2.1249907,0.1687764,-0.16903204
1.1900852,3.3053768,0.7861155,5.9368024,1.5283251,-2.096306,0.12020445,0.123129904
1.0256071,6.0122705,0.7819867,5.929877,1.518017,-2.1485527,0.13336277,0.013846397
1.1796257,3.165203,0.7836071,5.9902534,1.5048361,-2.1306763,0.1442678,0.03312391
0.6167132,3.734253,0.85710263,6.042829,1.5429118,-2.2191179,0.17111433,0.22149098
0.6092575,5.323498,0.8191149,6.01025,1.5329354,-2.1503892,0.27357697,0.33771235
0.5920686,3.3440127,0.8484802,5.987835,1.5101025,-2.1105943,0.08446741,0.15361792
1.493924,4.643985,0.7929251,5.97007,1.5311756,-2.1320503,0.16471577,0.21514136
1.2783356,5.3387337,0.7931335,5.932175,1.5396416,-2.1235783,0.342561,0.13722718
2.4911015,3.41951,0.7762828,5.9289746,1.5684664,-2.1310134,0.20235157,0.2306149
0.85547864,3.6698103,0.783149,5.945619,1.5745022,-2.188226,0.52975845,0.37894112
0.7561662,4.39458,0.7583535,5.9070196,1.6184042,-2.1712651,0.5334903,0.48481643
0.82570744,4.889516,0.7510272,5.9706326,1.5978525,-2.133999,0.45368493,0.46585464
0.68804985,6.888807,0.76871693,5.981996,1.6750586,-2.1988268,0.66734636,0.5792328
0.7383762,6.526419,0.7468798,5.9284644,1.6702533,-2.2389054,0.42428052,0.2730353
0.7434389,8.436487,0.76309645,5.9568543,1.662065,-2.230105,0.49210787,0.37078476
0.73157257,7.380308,0.7864995,5.952588,1.6732748,-2.268811,0.3750434,0.34570318
0.88846385,8.073748,0.7767024,5.9652777,1.6687608,-2.2653182,0.3807006,0.15258962
1.0915726,2.456013,0.6972678,6.0179996,1.7064099,-2.2548351,-0.03561616,-0.14166468
0.8384831,9.824564,0.6938236,6.0011635,1.7366104,-2.3128343,0.051116586,-0.088297814
0.81136036,9.414709,0.72208726,6.1800833,1.7226605,-2.3269527,0.24605453,0.327138
0.72588396,9.449072,0.7413577,6.089567,1.7195401,-2.2926297,0.4482851,0.59575355
0.7489457,9.368292,0.72099566,6.075275,1.7440839,-2.2660544,0.8000109,0.60420454
0.71533066,2.7928183,0.7572825,6.012398,1.6840672,-2.2678738,0.95366395,0.58926475
0.8328909,9.964462,0.7656052,5.9878654,1.6865535,-2.2725463,1.1341028,0.5857965
0.82685417,8.809133,0.7756672,5.991735,1.7186406,-2.2773018,0.89557815,0.6768621
0.6459538,8.695411,0.79439926,5.9557424,1.7052457,-2.2295158,0.7552742,0.42179394
0.68649673,9.088207,0.84272647,5.8384857,1.7005787,-2.2967105,0.25558496,0.16144598
0.66546893,7.6589856,0.8238597,5.8567796,1.7178783,-2.3421855,0.26609635,0.07767868
0.633411,5.651726,0.79665697,5.853708,1.7298625,-2.3263764,0.20193005,0.038843155
0.5617137,3.966845,0.7849963,6.009769,1.704833,-2.3657975,0.3401822,0.22831845
0.5298554,3.2859564,0.78930485,5.985734,1.6630032,-2.3200655,0.23614538,0.051932752
0.5589564,7.0655174,0.80990696,6.0774755,1.6671474,-2.3076713,0.33071065,0.29075682
0.5094261,8.594288,0.84407854,6.0584383,1.706991,-2.321795,0.4065472,0.43308425
0.5452347,9.289946,0.81320167,6.078499,1.7387121,-2.3454747,0.4042871,0.31852382
0.5140816,8.45467,0.84728694,6.020913,1.7463915,-2.3623872,0.21393383,0.10554993
0.57661754,8.409256,0.8375503,5.99907,1.7149506,-2.34144,0.21616495,-0.08330876
0.58785933,8.1284895,0.842118,5.8844824,1.732522,-2.312843,0.34703135,0.070156634
0.57288826,9.157431,0.8308966,5.9335127,1.7709625,-2.3097444,0.44703948,0.32480407
0.58722174,9.559235,0.8208072,5.972149,1.7972486,-2.3730483,0.47507024,0.22601753
0.56966734,8.661058,0.80852807,6.0015965,1.8040943,-2.3846607,0.4177369,0.54860854
0.53352416,8.173616,0.80848575,5.922743,1.8409061,-2.395889,1.6309481,0.40575218
0.56864023,4.2445426,0.79924726,5.7912045,1.8416181,-2.3593433,1.0145056,0.50275135
0.5143708,3.1554613,0.7813523,5.8202057,1.8911264,-2.4132006,1.4567704,0.7236583
2.8154128,5.0345817,0.7144555,5.655511,1.8971474,-2.3934402,0.88114774,0.6307328
0.8134134,5.00442,0.734952,5.7160025,1.9023175,-2.4111621,1.2229776,0.6569246
0.91562927,6.183464,0.68751895,5.7266173,1.9217136,-2.4696128,1.5356958,0.66293037
1.0407369,8.978794,0.7035146,5.8230777,1.958276,-2.5201042,0.5749605,0.5907537
0.9879027,9.094357,0.70050573,5.8098288,1.891593,-2.4612694,0.70692,0.68678033
0.65839124,3.6398623,0.7069113,5.808585,1.8783777,-2.4381778,0.738289,0.56992435
1.1209092,3.381216,0.72334754,5.771296,1.9251611,-2.4219608,0.666865,0.5629647
1.0380365,7.4248543,0.76601624,5.6321735,1.8890374,-2.406209,1.0426052,0.616577
1.0581617,8.804079,0.7813877,5.632633,1.8756509,-2.4174259,1.1164083,0.5606084
1.135751,9.351841,0.71952796,5.603918,1.9334457,-2.4432013,0.8767128,0.5775491
1.1784581,8.975147,0.7632481,5.5140386,1.9284511,-2.4155679,0.23054814,0.37119275
1.0292265,9.609707,0.7861271,5.6000195,1.8892176,-2.4382234,0.7581575,0.42885244
0.9335942,4.5998864,0.7846221,5.7694707,1.858124,-2.4939399,0.4721024,0.41378498
0.8366612,9.940024,0.77352667,5.821024,1.8688207,-2.4693246,0.34278738,0.25871664
0.74142814,9.923447,0.81189513,5.8373384,1.8593988,-2.4644203,0.35066557,0.29005432
0.71043426,8.914146,0.7671461,5.8881145,1.8521967,-2.479054,0.5055889,0.16265595
0.6056332,4.900331,0.7698277,5.9121943,1.7924399,-2.460408,0.20632505,0.24831259
0.6341024,7.640018,0.7882011,5.926867,1.8032889,-2.4404511,0.49157882,0.22828275
0.6311096,6.79946,0.733953,5.9666786,1.812793,-2.4440036,0.041730642,0.26023513
0.79441375,6.794116,0.7410159,5.917947,1.820008,-2.4266267,0.30282402,0.034839153
0.75731635,9.522023,0.76571786,5.9615126,1.8184016,-2.4280298,0.1772114,0.176768
0.71907663,9.625769,0.7792094,5.9084682,1.8041542,-2.4018044,0.63707817,0.40570986
0.70456874,9.471168,0.7115902,5.932062,1.866776,-2.4200997,0.6540443,0.35333216
0.70892906,4.707899,0.67511225,5.9660187,1.8496289,-2.410414,0.91178906,0.52464056
0.7610624,8.566868,0.69424176,5.999814,1.8613691,-2.4599104,0.3962673,0.20562977
0.87302923,7.3597407,0.70454276,5.9313736,1.8706901,-2.4975271,0.20283544,0.25118685
0.5815726,3.2053604,0.69780076,5.9026704,1.8920088,-2.480042,0.28965318,0.26158231
0.7522476,5.6304665,0.69411683,5.880888,1.9122531,-2.5007,0.48079693,0.5015354
0.719107,9.187841,0.7114129,5.869007,1.9366779,-2.471346,0.6289561,0.615782
0.8065007,2.9761264,0.69824815,5.8356075,1.933728,-2.500774,1.1147206,0.70854473
0.81264216,7.6345916,0.71600676,5.805181,1.9573503,-2.511591,1.0085084,0.61147666
0.70411044,4.001051,0.7197362,5.8048706,1.9330802,-2.4914365,0.56064034,0.49856734
0.9340805,5.9354515,0.7636504,5.731326,1.8998868,-2.5019796,0.6878507,0.46552777
2.7194536,4.598068,0.74371266,5.785412,1.9039402,-2.4722426,1.4326956,0.6535704
0.66815263,6.1249304,0.73740244,5.797538,1.9312706,-2.4815636,2.6758912,0.5918697
0.58281153,3.166302,0.78110623,5.762123,1.9189868,-2.5045578,0.4107468,0.5067203
0.6514463,5.6038094,0.79417396,5.717962,1.9351761,-2.4820304,1.4752774,0.7602041
0.8863876,9.276552,0.8550582,5.710208,1.8479095,-2.4880056,2.2800775,0.42956507
0.8462463,6.6138163,0.8570174,5.6873736,1.8445332,-2.4820392,1.872097,0.59233713
1.4626131,9.987326,0.8114574,5.68577,1.8360918,-2.422216,2.686693,0.4762116
0.768288,7.889178,0.79940355,5.682604,1.8450055,-2.3675976,1.7111695,0.52437806
0.7512963,7.871458,0.80630577,5.613717,1.8695924,-2.3742414,1.6157203,0.63012075
0.87070304,8.964399,0.79969144,5.719134,1.852205,-2.4780521,2.673206,0.5480461
2.3328152,7.1160126,0.798277,5.708975,1.8254223,-2.4486191,1.9538372,0.49445385
0.7419803,4.4750776,0.8023071,5.632574,1.8482907,-2.4197464,0.85704803,0.6143173
0.6207297,6.0415382,0.8364458,5.6907673,1.8462377,-2.464144,1.0335195,0.53413475
0.83437884,3.6138482,0.85617256,5.6954737,1.8307567,-2.4572668,0.2781576,0.48083532
0.51188296,4.0489745,0.83407354,5.7098236,1.8660507,-2.4463377,0.36844838,0.37395775
0.5034077,6.096091,0.8540733,5.7151794,1.8400581,-2.379232,0.29570627,0.3965162
0.5011058,2.2083762,0.86381435,5.68079,1.7851052,-2.3427815,0.38544643,0.40252453
0.5015069,4.3123903,0.8196347,5.7619524,1.7856681,-2.3315496,0.41604757,0.51615703
2.0852613,6.767949,0.74175596,5.729768,1.7681384,-2.3116443,0.4959991,0.46772993
2.1372616,7.071814,0.73444545,5.8270874,1.7394783,-2.317558,0.15702605,0.07475752
0.9038681,3.6565316,0.763324,5.754984,1.7511165,-2.32646,0.19034696,0.16591305
2.1100075,5.040392,0.77070034,5.833147,1.7531092,-2.3518703,0.15894616,-0.100385815
0.6629077,5.0989904,0.7722442,5.821838,1.7425056,-2.3263261,0.23531032,-0.18682498
0.6059906,6.52292,0.80594563,5.9863663,1.7257814,-2.3212357,0.3367256,0.39087927
0.7488872,8.345798,0.7299286,5.909363,1.7456167,-2.264112,0.41601825,0.27339762
0.7398007,9.181403,0.78900945,5.8734875,1.7073476,-2.2843504,0.46773195,0.32185656
0.7664763,7.572854,0.78827703,5.8755493,1.7100573,-2.3273864,0.7165711,0.009843051
0.7936029,8.591343,0.79803777,5.9262285,1.6868987,-2.319263,0.6945392,-0.005110085
0.9837383,9.674805,0.76442194,5.9423695,1.7257102,-2.3622968,2.989114,0.7417915
1.3985204,8.974022,0.7464025,5.7867413,1.7716827,-2.31521,1.9526393,0.62117684
1.7737029,5.2995615,0.7197734,5.7538795,1.8163404,-2.3233924,1.1552012,0.36413682
1.49672,6.049663,0.69895446,5.795925,1.8266814,-2.3020601,1.3005724,0.71414864
1.4056468,3.852169,0.7134104,5.8383675,1.8391714,-2.3396585,0.9091152,0.47465038
0.54344106,4.958391,0.79483366,5.699839,1.8483994,-2.3565626,0.66787314,0.5730368
0.55166364,4.7252855,0.8054967,5.7504816,1.8575497,-2.4243722,0.893751,0.5551133
0.5546194,4.2070436,0.82470775,5.7710295,1.8530862,-2.4191332,0.030754566,0.2658329
0.6055493,4.439521,0.7844095,5.7141247,1.8377206,-2.3963418,0.18281186,0.2490856
0.574214,5.6370955,0.78942704,5.76829,1.8598993,-2.42467,0.18438995,-0.016811073
0.64158493,5.013408,0.7874316,5.770031,1.8897011,-2.528175,0.23138607,0.13230753
1.231465,4.4567976,0.7416706,5.891094,1.9050546,-2.5118353,0.136168,0.20408213
1.4306928,9.854515,0.68794954,5.940703,1.878679,-2.5314808,0.08060384,0.020074785
1.2333481,2.9272313,0.71795666,5.848448,1.8451262,-2.4730153,0.04950106,-0.11435154
0.5162005,3.6782632,0.7247138,5.9242907,1.8587053,-2.465169,-0.005233407,-0.028300554
1.6167645,3.4508867,0.6767354,6.0076547,1.9016068,-2.4645479,-0.009349346,-0.09334916
1.0188642,6.67937,0.68558776,5.748884,1.9087818,-2.4095938,0.046595693,0.00015640259
1.4560447,2.3598866,0.69231033,5.717253,1.8436573,-2.4126616,0.2653545,0.14020622
1.1205337,6.911873,0.6905302,5.8353057,1.8325815,-2.377396,0.1833725,0.22221136
1.4107518,2.2223425,0.7013874,5.9968095,1.7370427,-2.385838,0.23201716,0.2503401
1.2445756,9.672494,0.68108463,6.049392,1.7546761,-2.3717217,0.27979767,0.054811716
1.5583929,9.842226,0.6448896,6.0602913,1.760119,-2.324654,0.4379239,0.23853815
1.0002954,9.614564,0.6367905,6.1757627,1.7308524,-2.309059,0.44198775,0.37888455
2.4629521,9.162022,0.6644156,6.1866527,1.722887,-2.2972097,0.54766667,0.52326167
1.3362951,3.935042,0.6014478,6.3296986,1.7122359,-2.3183038,0.87521935,0.43578184
1.4435034,9.19393,0.51058054,6.3234196,1.6883998,-2.2840748,2.0489717,0.5089538
1.4512684,9.596109,0.4450829,6.4824705,1.772572,-2.3110576,2.6966503,0.87125134
1.1103364,9.409758,0.44795918,6.418217,1.7865391,-2.3227787,2.9111555,0.9262209
1.0522733,5.7738805,0.4722855,6.4865294,1.775486,-2.3461013,2.5016632,0.810092
0.77696055,4.3237743,0.46723008,6.514639,1.7978046,-2.3814998,2.498395,0.3185575
0.91508037,3.2347536,0.47985458,6.4310207,1.837249,-2.40458,2.2394783,0.31102777
0.81898,9.36894,0.46807837,6.519339,1.8058453,-2.3680058,1.4612179,0.56918025
0.8121691,9.29921,0.52718925,6.435278,1.8062596,-2.3712814,0.78371227,0.6169598
1.041954,7.977976,0.46633184,6.4531927,1.8239269,-2.3641412,0.26335692,0.4579506
1.0134226,8.24988,0.4250939,6.4173784,1.8279216,-2.3393803,0.33861494,0.40366828
0.749578,4.5526257,0.49096107,6.4350986,1.7922406,-2.3833265,0.37092483,0.40446234
0.78473634,8.19829,0.48032308,6.4983244,1.7765782,-2.3568873,0.21537352,0.35108066
0.786922,7.4882503,0.50018406,6.5491004,1.7292087,-2.3439627,0.22881854,0.2504419
0.7974131,9.406483,0.51940024,6.523416,1.7725418,-2.3490732,0.1667248,0.10100412
0.7004547,9.627552,0.61093867,6.3691106,1.7598829,-2.3941932,0.1198163,-0.0030561388
0.83140606,8.507433,0.6029742,6.308052,1.7532024,-2.4009867,0.25545704,0.23794752
0.7567861,6.8871565,0.59952617,6.208989,1.7705078,-2.3445644,0.46416116,0.24637872
0.7947081,8.840934,0.58532906,6.193634,1.7734315,-2.3004918,0.61457753,0.41171342
1.2977638,6.609403,0.58540547,6.260051,1.7576525,-2.3542933,0.21132708,-0.027549326
2.6014974,9.175804,0.60754085,6.2354593,1.7743769,-2.3507636,-0.012066901,-0.17694718
2.5327942,7.5094166,0.59048164,6.16303,1.7841828,-2.3199635,0.059179664,0.21460438
2.187227,5.654791,0.5780269,6.2828946,1.7304351,-2.3467073,0.08215916,0.12502712
2.8402576,5.30897,0.55668354,6.2947283,1.7088284,-2.2664242,0.7450644,0.4288295
0.60215443,6.441984,0.5517334,6.3627405,1.7304878,-2.297324,0.13386035,0.13928968
0.66623056,2.7149725,0.51993775,6.3683515,1.7188816,-2.3032591,0.12590265,0.21650243
0.6136153,6.8395443,0.5517807,6.463073,1.7291098,-2.3125715,-0.042149544,-0.39080197
0.5872929,6.3957987,0.49610782,6.5352077,1.7007086,-2.287639,-0.07902914,-0.3057372
0.5571968,7.2192435,0.5222399,6.547553,1.7532461,-2.3165095,-0.1635508,-0.356107
0.57853127,5.1036158,0.5133252,6.6156397,1.7557755,-2.3828986,-0.057380557,-0.32366285
0.55413073,2.3143759,0.45286584,6.6036654,1.7612126,-2.337031,-0.10543901,-0.27210864
1.3976909,3.6541948,0.45253575,6.4874935,1.8190281,-2.3674588,0.07561576,-0.29117262
2.032613,9.244677,0.47741103,6.5562305,1.7400572,-2.3482618,-0.034431815,-0.23981202
0.9666175,3.2846146,0.4600991,6.591238,1.7339666,-2.3214784,-0.08148193,-0.21130028
0.5042065,4.3516245,0.4648224,6.6855392,1.7304082,-2.374057,-0.05855757,-0.27062932
0.50539243,5.4898605,0.5429702,6.6324635,1.6892345,-2.352015,0.09496033,0.0076369643
0.522674,4.9980645,0.5562917,6.6265173,1.727109,-2.4299579,0.2420994,0.005290985
0.52062637,4.486848,0.53812075,6.61493,1.7659109,-2.4213421,0.25171542,0.48248565
0.54391724,4.5021667,0.49148273,6.5500765,1.7773161,-2.3519309,0.9705876,0.53073144
0.55836076,2.6612282,0.49190497,6.4705997,1.7621286,-2.3232303,0.5795417,0.7376734
0.6898119,3.4463491,0.44951248,6.507016,1.7678218,-2.3134868,0.8486043,0.5393889
0.832485,8.659857,0.47830427,6.5471916,1.752666,-2.31361,1.3340037,0.6859199
0.73720086,3.306909,0.46240902,6.474785,1.7465651,-2.3200989,0.39829195,0.568424
2.0309477,7.4331126,0.9133885,5.68707,1.6170254,-2.223903,0.04744315,-0.15391356
0.697497,5.716943,0.9415424,5.6205864,1.580775,-2.187847,0.06636858,-0.1629098
0.61855793,7.2547784,0.9883151,5.616636,1.5894077,-2.1686773,0.10442603,-0.120361656
0.5705668,4.8190603,0.97870016,5.6002235,1.5996835,-2.187665,0.07807231,-0.02360937
0.86850524,5.702693,0.97253907,5.56074,1.6153963,-2.2633185,0.2834245,-0.054522455
1.0536647,5.510785,0.8742955,5.564585,1.6259899,-2.208602,0.1330949,0.21092969
2.3651783,3.56958,0.91009545,5.541134,1.6515372,-2.2314813,0.22592282,0.24486458
1.9772005,4.264882,0.94817317,5.5569677,1.6031756,-2.2119145,0.38444233,0.31590545
2.098959,4.9302998,0.9735997,5.474373,1.5788825,-2.1986594,0.39629626,0.336635
0.9907309,8.545919,1.0054007,5.4077497,1.5871198,-2.152437,0.41034317,0.28789657
0.95467603,8.370624,0.9998869,5.4177837,1.5964842,-2.1911333,0.6230538,0.26692307
1.9177072,8.667097,1.0146191,5.3639545,1.6006522,-2.141315,0.600188,0.4204707
2.5426257,5.0295143,0.92734814,5.3892636,1.6127007,-2.12978,0.66352475,0.47092104
1.9100085,2.4055996,0.9729217,5.484301,1.5964878,-2.1310008,0.32236814,0.46401143
1.4489753,3.8823392,1.0318699,5.4100566,1.567414,-2.202128,0.22758257,0.300631
1.2455522,2.481286,1.0186217,5.373272,1.5866785,-2.2286465,0.27452433,-0.025844038
1.0538905,2.520183,1.0139301,5.35441,1.5894482,-2.2480392,0.23651445,0.037527025
1.8100529,3.6602907,1.0003526,5.370424,1.6312277,-2.197975,0.09455609,0.1247952
2.6296535,3.1816287,0.99897075,5.345271,1.6331944,-2.1809094,0.16142166,0.25534463
0.9012984,5.2018137,1.0289986,5.380724,1.589504,-2.161339,0.18372595,0.29129136
1.1676512,5.5735493,0.95164037,5.6228156,1.6084039,-2.210371,0.13040423,0.015180588
2.9133775,6.635265,0.91834843,5.550437,1.6188917,-2.2090957,0.3082149,0.060364366
2.7536068,9.26297,0.9193498,5.557124,1.6131959,-2.167612,0.23272324,-0.21965367
2.7741737,5.8271923,0.90825105,5.583499,1.5975902,-2.159236,0.17836547,-0.0932681
2.5867274,5.385285,0.885674,5.6641927,1.5432076,-2.1303074,0.06302118,0.0027355552
1.5677023,6.1043053,0.9042493,5.671777,1.5152872,-2.10993,0.11829734,0.26315695
1.1903579,9.94298,0.9138495,5.657438,1.5276442,-2.109027,0.7218449,0.36768478
1.9622431,2.6876223,0.92300117,5.6619635,1.5571756,-2.1459196,1.1866663,0.6066004
1.9487768,3.6873486,0.8927252,5.680584,1.5370095,-2.0762358,0.77577674,0.61147106
2.1155336,2.7819753,0.9107683,5.717186,1.4956462,-2.0437741,0.5992702,0.546893
1.6021365,7.9189887,0.9214835,5.7375565,1.4861081,-2.055583,0.696411,0.465757
2.1696563,4.469157,0.9030602,5.666641,1.5065901,-2.102585,2.236001,0.5760076
1.0105803,5.2979283,0.95103335,5.580964,1.5227513,-2.1246212,2.845506,0.6653888
1.995611,2.4852133,0.99735665,5.509214,1.5217679,-2.12815,1.4378989,0.45884383
2.0830126,8.329691,0.9991652,5.5232844,1.5212405,-2.1047287,1.763804,0.48467594
1.5127275,7.5256324,1.0035272,5.602647,1.5133722,-2.120901,2.0382009,0.6302315
2.7139142,3.262064,1.0147026,5.6044254,1.4718778,-2.1326308,2.3600004,0.6937709
2.3802724,5.100936,1.0118537,5.5913434,1.4646218,-2.1065495,2.284122,0.67059803
1.6801214,6.9438987,1.0061731,5.4748926,1.4809697,-2.032141,1.6855631,0.40628242
1.8467895,9.564543,1.0283127,5.498252,1.4495356,-2.0145314,1.1682565,0.3527243
1.5630933,9.621439,1.077414,5.475485,1.4080997,-2.0104847,2.068831,0.59244776
1.4782324,6.763986,1.049932,5.441963,1.40839,-1.9869835,2.28767,0.653857
2.406586,7.549159,1.0938988,5.436043,1.4045787,-2.0039606,2.0600688,0.5484693
1.6874533,5.5793753,1.1032329,5.437875,1.4166789,-1.9958631,2.4220042,0.5316814
2.552753,4.480113,1.0913725,5.3946657,1.4293747,-2.073351,1.1163299,0.57126737
2.2871041,3.1316757,1.1243773,5.3623767,1.47879,-2.084532,0.7563869,0.6613176
2.8770978,3.4256234,1.1451287,5.3349953,1.4682586,-2.031637,0.5832623,0.33536005
1.0378458,8.860577,1.101733,5.3211317,1.5121622,-2.0993733,0.6025642,0.17501241
1.8703086,3.7483792,1.1117971,5.2218456,1.5222156,-2.133964,0.26764762,0.24535722
2.2584798,3.3853168,1.0934749,5.22431,1.5355778,-2.0894308,0.4117055,0.23747563
2.1847908,5.0665946,1.0623801,5.2392254,1.5426159,-2.0993176,0.3360684,0.25042433
2.0690076,5.1719055,1.0678802,5.2571764,1.5260804,-2.079946,0.2673043,0.29286695
2.3390934,3.497501,1.0764313,5.339638,1.573817,-2.0886703,0.48601758,0.7284461
2.114702,9.200268,1.0267959,5.3217497,1.5294433,-2.0678267,0.39919174,0.33302605
0.91923904,2.6205688,1.0278878,5.3785787,1.4692101,-2.069239,0.22700262,0.17785704
0.7398154,2.4017556,1.0284371,5.564591,1.491823,-2.1338687,0.18852282,-0.01617521
0.72726715,3.697043,1.0319748,5.5559173,1.4670188,-1.9708102,0.3498559,0.39699602
0.5285768,3.4440742,1.0386047,5.5859766,1.4481113,-1.9939103,0.45746827,0.39805508
0.51255065,3.6208436,1.0888767,5.652132,1.408494,-2.0301611,0.4553876,0.44798887
0.54911536,3.555296,1.1212575,5.5921335,1.4041045,-1.9984857,0.4181925,0.53755987
0.5104281,3.4043236,1.1065238,5.612008,1.3913765,-1.9748456,0.6099386,0.42216152
0.5111611,3.3181465,1.1194797,5.6121655,1.3947175,-1.9715958,0.6047281,0.4740908
0.5518359,3.6996627,1.1215711,5.556694,1.4173787,-2.0008967,0.75168204,0.6126437
0.71014756,3.1589236,1.0823848,5.47797,1.4214272,-2.02114,0.75086546,0.60163105
0.7889005,2.9541516,1.1131096,5.4240284,1.4023304,-2.0106707,0.68994534,0.5204587
0.87160003,2.9080505,1.0462644,5.4436483,1.4157078,-1.9857637,1.1199265,0.5639422
1.2482891,4.8405313,1.0361068,5.4372454,1.4369919,-1.9488645,0.7375748,0.6501988
2.406274,2.4342082,0.9179064,5.6458874,1.5304902,-2.0222592,0.7605225,0.74976015
0.9284017,7.8139715,0.9493561,5.646655,1.4785843,-2.0838642,2.5849698,0.7551278
0.90256834,7.1498885,0.95287275,5.6250777,1.5118167,-2.0849662,2.7741895,0.6453279
0.8243056,5.70612,0.932655,5.626111,1.5269637,-2.1530595,2.763646,0.5434599
0.78178865,5.9390516,0.9461577,5.76206,1.519777,-2.0790617,2.8017647,0.7277763
2.422739,7.376506,0.92434514,5.7253513,1.5170639,-2.0870192,2.8512425,0.8113558
0.791538,7.352995,0.864346,5.7607203,1.5875711,-2.098068,2.8867826,0.75627375
1.0673825,5.3467426,0.8400079,5.9311275,1.5919697,-2.2292447,2.9636457,0.8307216
1.1076598,5.693741,0.8150611,5.8910294,1.5982552,-2.2269907,2.9057143,0.7569325
0.93654406,9.579089,0.82556224,5.9728804,1.6409683,-2.2207937,2.967439,0.61583304
0.8754751,8.980211,0.83336747,6.052594,1.5550876,-2.203871,2.737128,0.64350724
0.989722,8.924113,0.79819703,6.067007,1.5370238,-2.1900733,2.700613,0.61611235
2.1392708,9.78072,0.7502434,6.1007643,1.4972324,-2.1872215,2.4982905,0.7120683
1.4498553,7.34701,0.7279861,6.0963945,1.467567,-2.060367,0.93646646,0.36659443
1.2243173,5.080476,0.77366304,5.9520345,1.4717872,-2.0287583,0.7713715,0.5424212
0.9889511,4.9264727,0.7552272,5.9984245,1.4725859,-2.053893,0.3149339,0.3623268
1.3918405,2.7847805,0.7297634,5.957491,1.4766872,-2.0323966,0.5903988,0.32105118
0.7693729,3.400761,0.71320486,6.085823,1.424629,-2.0195634,0.5880339,0.43727422
0.86741483,2.311313,0.7664921,6.112439,1.4157419,-2.0201468,0.84845364,0.38261914
1.7675655,5.4748616,0.71214676,6.137371,1.3965466,-1.9416401,0.9495925,0.3499745
1.9589636,5.340216,0.73309684,6.057302,1.4249485,-1.9858159,1.8398621,0.24069
1.240865,2.9180474,0.77457833,6.0611405,1.4053907,-1.9519742,0.18342257,0.46057618
2.2385113,5.2033043,0.76008487,5.9523983,1.4038689,-1.9500321,2.0097916,0.6082475
1.697671,8.711673,0.80674076,6.046329,1.3835189,-2.002409,2.237029,0.5684428
1.7458913,8.992176,0.70122194,6.056798,1.3927372,-1.9114178,1.3913925,0.5975517
1.6188964,9.68881,0.70396984,6.184379,1.3915188,-1.9588428,2.963927,0.6533662
1.0747979,7.789696,0.7009809,6.192732,1.395561,-1.9149588,1.6149511,0.4174598
1.0031068,7.122624,0.7212281,6.2320647,1.3093643,-1.8794055,0.8134731,0.3826133
1.0071645,7.027324,0.6744462,6.3071537,1.3268931,-1.8519106,1.259012,0.5378314
1.178972,5.4016867,0.6864407,6.3631945,1.311954,-1.901887,0.6867063,0.56917894
1.1250005,8.431103,0.70389867,6.2575464,1.3136122,-1.9319732,2.520415,0.50131214
1.4355242,8.457049,0.6392313,6.273516,1.3240907,-1.861903,2.2603533,0.51519847
1.541558,7.7424316,0.6477765,6.3895397,1.3364186,-1.9081217,1.4264028,0.45159936
2.2116246,3.7242107,0.71954167,6.2519913,1.2881386,-1.9462303,1.6554048,0.52354693
0.99520934,2.6183295,0.7340721,6.21369,1.3369751,-1.941857,2.1957734,0.71555007
0.96163315,5.522558,0.7222196,6.1353865,1.3387747,-1.8786474,0.9344685,0.29440725
2.0171173,9.957115,0.70878863,6.1353498,1.3242133,-1.8513756,0.64238024,0.32636732
1.0931826,2.0236135,0.7245822,6.1538334,1.3162148,-1.8678508,0.93395114,0.49627197
1.9216851,9.861158,0.72766614,6.1791754,1.3203859,-1.879334,0.72071075,0.41781378
1.1093495,4.12177,0.73807216,6.2001305,1.2581561,-1.8603314,1.1999371,0.37262344
1.3902736,6.943189,0.7372446,6.1984196,1.2669835,-1.8257427,0.32447052,0.45507652
2.124283,7.412305,0.7630608,6.136865,1.2966058,-1.8901567,0.32790124,0.31785434
2.6022496,8.264538,0.77404857,6.167924,1.2931626,-1.8677682,0.47031462,0.3988517
1.0416,8.461516,0.73312783,6.2403326,1.2955556,-1.86414,0.49803662,0.4158966
1.8010399,5.8243265,0.6464863,6.2959304,1.3106573,-1.9057167,0.5759183,0.25016558
2.0439634,2.2262924,0.6401999,6.505862,1.2507389,-1.8855166,0.006307602,-0.34284556
1.7701004,2.7577577,0.61636305,6.539913,1.3200195,-1.8876197,-0.17943084,-0.0023956299
2.5029845,2.7853866,0.5346166,6.563699,1.2891445,-1.9008485,-0.074928045,-0.38096085
2.1308758,6.571737,0.54219973,6.5924077,1.2898083,-1.8965601,0.006507516,-0.4722272
1.1781261,6.5416393,0.54831266,6.503092,1.2558863,-1.8637885,0.014675021,-0.36183596
1.3538896,6.780889,0.5733452,6.5088787,1.2758353,-1.8586205,0.100363135,-0.2312805
1.1791861,5.6547265,0.57454586,6.6052074,1.2675853,-1.8659391,0.018841863,-0.10767704
1.5036526,4.0864754,0.56668735,6.546045,1.2399206,-1.8122618,0.051305294,0.25164795
2.343127,4.768035,0.568735,6.4922004,1.2916985,-1.8160105,0.08979607,0.18552011
1.1811574,6.089614,0.5079324,6.597385,1.2966793,-1.7928298,0.007437825,0.084365666
0.9943191,6.6204014,0.6028185,6.623703,1.2463384,-1.8341035,0.35818875,0.3158003
0.8941623,4.247752,0.4977839,6.5964994,1.2474368,-1.7861785,0.3258897,0.4318211
1.230336,5.841632,0.46822023,6.6116066,1.2904115,-1.7843249,0.22699642,0.5546504
1.0693772,8.683552,0.44099796,6.7694902,1.2932832,-1.8580441,0.37180364,0.5603001
1.1001104,5.991912,0.43774712,6.7621574,1.2998827,-1.9086454,0.7354796,0.35484755
1.1813538,7.468273,0.41116405,6.7347326,1.3114033,-1.8655791,0.56953156,0.5423918
1.267425,8.994026,0.3929093,6.753037,1.3303165,-1.8667085,1.3147628,0.5443741
1.0090425,6.8626623,0.35962296,6.789544,1.3570898,-1.8662512,0.23681676,0.5283166
1.0285304,6.132776,0.37475502,6.7748966,1.3623521,-1.870904,0.17264259,0.3384251
1.0165894,5.1642237,0.3695004,6.8260765,1.3184052,-1.913585,0.17116737,0.24628806
1.4827856,4.7312574,0.3317455,6.8103657,1.3897707,-1.9777299,0.13151968,0.0499807
1.5036783,4.0981283,0.32277215,6.956756,1.3884077,-1.9834964,0.13623857,-0.021897256
1.7064514,8.514762,0.35298848,6.823805,1.3736565,-1.9728949,0.09156501,0.009497523
2.119829,9.528179,0.4069816,6.7471237,1.4252796,-1.9751886,0.120788574,-0.14683652
1.5214661,4.71243,0.42794025,6.731887,1.4464679,-1.987414,0.047199726,0.29542357
1.0795832,2.674261,0.4450159,6.660413,1.4546728,-2.0257401,0.16583848,0.16346133
1.7912428,9.596058,0.44638062,6.6604223,1.4328878,-2.0248127,0.16660523,0.16531801
1.5786476,9.964305,0.4594978,6.644661,1.4441848,-2.0132926,0.3706926,0.13797528
1.6426159,9.88004,0.51196074,6.5304704,1.4101214,-1.9764017,0.7144594,0.4433862
1.0760218,5.7973957,0.5611479,6.5159206,1.4063466,-1.9963828,0.7588935,0.46316922
1.0626969,6.918795,0.5036044,6.612465,1.3803401,-1.9594679,0.21520567,0.36059034
0.8440161,7.2564235,0.5415299,6.6185484,1.3775363,-1.9512835,0.24867785,0.4649467
1.3519782,4.070814,0.55902815,6.647049,1.3551383,-1.980555,0.609962,0.47629893
1.3588644,7.9604516,0.5587014,6.621854,1.3126714,-1.9425888,1.1165504,0.49527025
1.08542,3.3693378,0.563632,6.550434,1.3070235,-1.9018596,0.20286119,0.42680138
0.98858076,4.3350396,0.49393034,6.465113,1.3951619,-1.9012866,0.22941995,0.49936056
1.1298711,5.3473434,0.43334603,6.5429173,1.4231575,-1.9857539,0.25659716,0.49949068
1.8726513,2.5740175,0.45833778,6.578885,1.4144454,-1.9130483,0.2427684,0.5518918
1.9027259,2.7952585,0.44197512,6.705419,1.3605838,-1.9102374,0.16914356,0.30066633
1.0225723,9.008871,0.4035561,6.7731147,1.3697183,-1.9342183,0.19129264,-0.015413821
0.9920807,9.630884,0.35137343,6.8860655,1.3583808,-1.9071827,0.046815872,0.034822702
1.0317172,7.324557,0.339175,6.7903614,1.4379802,-1.9506758,0.079172134,0.10339248
1.4308026,7.5209756,0.34746373,6.828688,1.4118712,-1.9755536,0.0928576,0.13347739
1.4682555,7.558665,0.39481735,6.634961,1.4725657,-1.9784123,0.51149416,0.49710262
0.8996847,8.808675,0.4394734,6.709288,1.4803979,-2.0772169,0.6579294,0.48126024
0.9069073,9.144558,0.49261224,6.6897345,1.4455333,-2.0716329,0.3780328,0.326715
0.9460827,5.412287,0.4352057,6.754314,1.4353697,-2.0190742,0.38188338,0.4470824
1.1471784,9.437758,0.46611798,6.6672363,1.4383333,-2.0343037,0.47493672,0.50469494
1.10528,8.5670805,0.44396496,6.7032094,1.4080143,-2.005793,0.3544166,0.5142175
1.1232326,8.865577,0.4327432,6.685255,1.4150097,-1.9971517,0.6962528,0.43089736
1.1144931,3.7148433,0.47941458,6.601984,1.4314888,-2.010318,0.5949073,0.40270364
0.93179166,8.132759,0.49847817,6.611373,1.4376099,-2.014179,0.1403619,0.4014387
0.7852104,6.129598,0.5077505,6.6055613,1.4503069,-2.0360184,0.50375736,0.3182521
0.8818735,8.066797,0.5192559,6.582923,1.5053105,-2.043697,0.5257118,0.52317786
0.8156682,9.647396,0.55633116,6.6110725,1.4542527,-2.0052357,0.5802318,0.43852997
0.8106997,9.791271,0.55758095,6.5631475,1.4584568,-1.9890783,0.8967949,0.5389364
0.8897691,7.7344093,0.57532465,6.6020603,1.4628353,-2.082169,0.9433788,0.5813973
1.3184285,6.799414,0.5229912,6.4533696,1.5120301,-2.0732322,0.7318696,0.5579233
1.0473883,6.420918,0.5691328,6.416758,1.5078359,-2.061533,0.34479237,0.5288205
0.6624955,3.4864998,0.5674927,6.5208306,1.4731076,-2.0689836,0.36481798,0.25218177
0.7601381,4.3064327,0.58321667,6.4748206,1.4893382,-2.091363,0.32480168,0.45704985
0.7729476,2.9726677,0.5863097,6.39548,1.5147629,-2.0986004,0.28723574,0.23955983
0.56965375,3.9141731,0.5901835,6.4830847,1.542804,-2.1173003,0.27887952,0.5443425
0.56767523,4.2557735,0.5709623,6.5176697,1.551451,-2.1339836,0.6997862,0.56274223
0.5935607,5.8859606,0.57526255,6.4528413,1.5692012,-2.0935218,0.30722892,0.35010844
1.2046944,3.9261048,0.57184434,6.4659395,1.5754099,-2.20677,0.0429672,-0.17157641
1.2903773,7.2266603,0.502596,6.422368,1.6077974,-2.1999674,0.037395,-0.1598571
0.95083314,4.343232,0.49374557,6.449396,1.6224675,-2.1771557,0.04346502,-0.29082036
0.88175786,7.5479155,0.52915645,6.4405184,1.6274743,-2.2153192,0.07385957,-0.24316189
0.86577135,8.724832,0.5205021,6.4269867,1.6677444,-2.253633,-0.04842764,-0.28841066
1.6818746,3.2593489,0.51042557,6.484007,1.658706,-2.2767878,-0.05222702,-0.22633356
1.0113382,4.740609,0.57603717,6.408568,1.6527493,-2.2795882,0.039658427,-0.19580466
0.80858195,8.426436,0.5968832,6.364793,1.6762931,-2.2607775,-0.05149293,0.008984327
0.9965701,7.3763995,0.56927216,6.407423,1.6499555,-2.2802014,0.27567875,-0.056329817
0.9103209,9.433945,0.5413759,6.428524,1.6461456,-2.2449796,0.57897997,0.38411462
0.7663253,8.7209425,0.6076803,6.4152,1.6310077,-2.2603438,0.40885127,0.35484874
0.7311512,9.604967,0.6158092,6.459059,1.6451538,-2.269574,0.35441756,0.20179796
0.65257716,9.008379,0.6380619,6.496908,1.6459603,-2.2656186,0.36053908,0.028003812
0.6065015,8.666057,0.62927496,6.5583477,1.6427557,-2.2754185,0.11067748,0.056224585
0.57285917,8.552406,0.66185737,6.559049,1.6416938,-2.2826517,0.39150703,0.20045769
0.5453739,8.922417,0.6678766,6.5659914,1.6436915,-2.2644804,0.8290504,0.4070167
0.580466,9.441919,0.63204384,6.5645075,1.6573036,-2.2404127,0.36733055,0.49167264
0.63140696,8.707223,0.65787077,6.4707284,1.6788392,-2.2854095,0.4250449,0.3332399
0.6657108,9.605417,0.6108835,6.4499493,1.6749499,-2.281709,0.37119985,0.23186815
0.68232644,9.867229,0.6166761,6.451223,1.6920946,-2.2776546,0.35120893,0.19770825
0.5999289,7.770949,0.5974841,6.5107765,1.7075462,-2.3506281,0.42311907,0.23163784
0.62467426,8.23665,0.59531677,6.4800863,1.6987643,-2.336512,0.28901625,0.2283464
0.64057934,3.8905993,0.5638745,6.42698,1.7089806,-2.3270411,0.48419738,0.2698344
