1.9899223,7.1377096,1.5879874,7.170988,0.1211617,-0.7874682,1.028347,-0.24272716
2.738681,8.093332,1.6123548,7.2520084,0.12435627,-0.7812233,1.3245502,0.02948606
2.5708022,2.9074893,1.5421426,7.2516246,0.14392853,-0.8502784,0.8420105,0.4248194
0.98959893,2.7001784,1.7271004,7.140848,0.12887573,-0.83020496,0.5771235,0.26620138
2.9129045,2.7796664,1.7530959,7.012541,0.09014225,-0.80646324,1.3365662,0.48458904
2.4017406,4.666263,1.6077435,7.2230544,0.113324404,-0.7270894,0.22005808,-0.11415821
2.2509751,4.088874,1.7374849,7.192669,0.11280584,-0.82498074,0.8720499,0.36081618
2.0426326,6.353926,1.6486969,7.3289204,0.092639446,-0.8217082,1.0296273,0.3821503
2.6128395,6.679763,1.6207845,7.362863,0.074184656,-0.8045285,1.8654308,0.4708829
2.5570786,2.4497874,1.6561832,7.2880597,0.07907176,-0.7721088,0.82540286,0.4103335
1.7493035,3.131441,1.6884203,7.306499,0.06568432,-0.74739313,0.70378995,0.44691896
2.173612,3.6293206,1.671196,7.2937474,0.031392097,-0.6937127,0.58530736,0.3695128
1.1779224,2.0483868,1.6167109,7.2780333,0.048179626,-0.68023944,1.8008473,0.38923222
1.0991952,2.0865476,1.5691504,7.2908654,0.01777649,-0.698833,1.6811202,0.2264167
2.114567,2.080408,1.581882,7.5485463,-0.04716444,-0.6567261,2.487391,0.887197
2.8127012,4.829923,1.4608374,7.555052,0.017224789,-0.63117766,2.3414125,0.9484925
2.8516963,4.2947607,1.4465461,7.5204225,0.018078804,-0.6641388,0.7422551,-0.46942636
2.8901105,3.5556881,1.4045117,7.5648856,-0.0037913322,-0.7012546,0.31487477,-0.1209217
1.7445941,4.458131,1.506001,7.591293,-0.0040135384,-0.7014494,0.23226249,-0.37338492
1.8896332,5.7066607,1.5287013,7.59401,-0.015283227,-0.68078876,0.32623017,0.52405334
2.9576817,5.129813,1.5141478,7.5515985,-0.0057747364,-0.6749506,0.9528527,-0.14236999
2.195209,4.900429,1.4372663,7.5370893,-0.012176752,-0.6667726,0.88028634,0.31925964
2.45552,4.69505,1.3179059,7.6937,-0.01721251,-0.64830613,0.8322463,0.3481952
2.8663995,5.1300697,1.1687126,7.6650796,-0.0026011467,-0.61700153,0.49081683,0.34538686
2.8658702,2.8879662,1.1523683,7.7135563,-0.0392344,-0.53694105,0.4896897,0.7031425
2.9276729,4.392784,1.1659458,7.7406588,-0.037560225,-0.56020594,0.5317364,0.6482363
2.1910393,8.033308,1.1662903,7.757833,0.046878338,-0.6288574,2.166359,0.5715805
2.7148225,7.831608,1.1193223,7.6967955,0.026011467,-0.66793156,1.1787333,0.2768222
2.5969534,8.327719,1.3446903,7.650959,0.040045023,-0.6598809,0.68219435,0.40861845
2.2315469,6.9321194,1.2907202,7.6858635,0.00801301,-0.67170525,1.2205861,0.24473524
2.7553895,5.9211464,1.3051329,7.6233144,0.021135807,-0.61123013,1.9243197,0.54493546
2.2820752,4.996253,1.3247318,7.617264,-0.008142114,-0.62208223,2.1235933,0.36559844
2.1927862,6.185659,1.392097,7.6709948,0.014032364,-0.732584,2.7185845,0.8690089
2.0347767,5.7263527,1.2663214,7.7302876,0.0052011013,-0.6662142,2.6936004,0.29903388
1.8554425,5.2745504,1.2414112,7.7664084,0.0017552376,-0.651165,2.7460344,0.016023993
1.6742191,5.8628106,1.4244645,7.649084,0.017653704,-0.6940496,0.44565535,-0.034796476
2.2830443,6.309837,1.3813007,7.7066164,0.038028,-0.7289486,2.0200205,0.29529303
2.1556284,4.4020786,1.3679259,7.5885816,0.0066924095,-0.6850903,2.2495677,0.63081
1.7690967,3.568412,1.3103471,7.5838447,0.011859179,-0.5951295,1.90814,0.56603646
2.2132328,3.6854987,1.5597153,7.400649,-0.02456212,-0.646631,1.5173104,0.57583296
2.044315,2.0894487,1.5449278,7.3380837,-0.031076789,-0.6497953,2.0209775,0.52889013
2.3888237,2.227408,1.4311211,7.3706627,0.00781846,-0.60391855,0.9620671,0.16076213
2.7430637,3.3378801,1.3768532,7.5628266,0.014895916,-0.6145518,-0.15937018,0.07273269
1.8770087,3.3743484,1.3221891,7.846718,-0.03876686,-0.62847805,0.58509374,0.52952385
2.9610953,4.911956,1.2045801,7.788688,-0.05755675,-0.54712486,0.5207027,0.4322617
2.921754,5.925601,1.1567786,7.8358774,-0.046514392,-0.5933595,-0.088549435,-0.46277878
2.8544483,2.202919,1.1402917,7.8630843,-0.035583615,-0.5677328,-0.5496974,-0.21969736
2.6401236,6.5713944,1.1826468,7.786356,-0.041041493,-0.5810766,1.7881994,0.8777602
2.3071795,2.1542137,1.0310755,7.7544384,-0.04077387,-0.57353806,0.6642957,0.73939013
2.2195435,2.2174728,1.2810135,7.6762905,-0.059841275,-0.5859666,2.9299796,0.75290895
2.1781113,2.0849545,1.3501649,7.7128325,-0.068546414,-0.60854435,2.4530802,0.3499747
1.8286256,2.0532787,1.3256662,7.6964912,-0.050661683,-0.600574,-0.3276692,0.32984376
1.3975542,2.7151227,1.2775493,7.7840233,-0.04572594,-0.5318935,-0.4034059,-0.43008566
1.7810386,3.4092622,1.3035188,7.673489,-0.07177007,-0.533689,-0.18703473,-0.042295933
2.2769113,2.6385658,1.3249583,7.623994,-0.007044673,-0.5567298,-0.12056321,0.006173432
2.5494843,5.550292,1.539871,7.4590335,-0.022576332,-0.59127116,2.5578213,0.7660947
1.867246,2.587193,1.4270961,7.422518,-0.005406022,-0.6275151,2.061918,0.48641044
2.9152966,2.8162289,1.3740206,7.3784533,-0.005989909,-0.63951707,2.3593512,0.5471463
2.8085895,3.2149777,1.6966615,7.6219783,-0.078885436,-0.68650675,0.8659277,0.5156536
2.4334667,4.705929,1.8268249,7.451666,-0.088368654,-0.6865127,1.2453744,0.28018904
2.395612,3.409038,1.7676854,7.481997,-0.07410264,-0.6515324,0.79466295,0.33259428
2.0567203,3.894643,1.6576803,7.560378,-0.07333958,-0.62948084,2.110787,0.5250921
1.1667342,3.489575,1.6570561,7.5088835,-0.07142651,-0.5585258,2.3871045,-0.11883807
2.5592985,2.8924727,1.4714892,7.642391,-0.102559805,-0.5760248,0.95601153,-0.13467672
2.7068353,2.2501938,1.3736725,7.5926538,-0.08417678,-0.5551739,0.93982744,0.38797975
2.295044,2.3232937,1.3262396,7.495033,-0.004111886,-0.5569527,1.5116525,0.4540215
2.9633725,2.218159,1.2362401,7.4701047,-0.0061911345,-0.5792651,0.5863147,0.881001
2.9626904,4.5377884,1.018096,7.6139274,0.08871603,-0.6854069,0.77772164,0.3326977
2.687772,3.101945,1.1668606,7.513766,0.07197046,-0.7164035,1.6189847,0.74544215
2.1434622,5.0364714,1.3472455,7.5288725,0.08575201,-0.70820236,2.373336,0.25151336
2.2942743,6.906351,1.2858267,7.7224054,0.08135915,-0.7128377,1.767678,0.43078482
2.9811475,8.442093,1.2117224,7.7548456,-0.0145664215,-0.58893085,1.5738795,0.41471285
2.5738232,5.4614615,1.192843,7.6948385,0.0042819977,-0.6586971,2.936017,0.6270678
2.53962,4.898285,1.4523535,7.551797,0.028937817,-0.70174885,1.5158384,0.97127414
1.8828038,5.6733174,1.4628139,7.5154653,0.072304964,-0.7254286,0.94859505,-0.36366838
1.6277415,6.041406,1.4299002,7.5866666,0.031219482,-0.66546345,1.0884755,-0.41219765
2.649789,6.3501253,1.2535558,7.6304836,0.06838608,-0.69284344,1.1120069,0.9966544
2.463903,2.9540534,1.1796927,7.711178,0.055532694,-0.65872264,1.1380987,0.94426453
2.405601,2.8105426,0.96278095,7.737188,0.08649945,-0.6793382,1.1103361,0.6630012
1.8805948,3.2546644,1.0437016,7.847576,0.06332922,-0.680202,1.9570796,0.91688466
1.6762061,4.8228073,0.9306772,8.066903,0.06258774,-0.64173937,1.5078707,0.9147167
2.1283348,5.7160892,0.9712931,7.9963465,0.055639744,-0.6839764,2.8865287,0.84837747
2.0154839,2.84126,0.7017597,7.981167,0.07662845,-0.6718669,2.1465182,0.98655117
1.7672606,3.4503236,0.773252,7.966822,0.055596113,-0.6709745,2.530156,0.7117108
2.1771865,4.8083677,0.900887,7.975398,0.033398867,-0.6747029,2.7429583,0.59978664
2.7237635,8.658236,0.93430424,7.917617,0.02725792,-0.6777551,1.5803242,0.6926472
2.6287184,5.5210447,0.60849667,7.9159956,0.054896355,-0.6988702,2.0643096,0.54551613
2.8023946,6.0091906,0.6083344,7.846014,0.073125124,-0.65944195,1.3678586,0.69687986
1.7738254,4.704941,0.89167166,7.9221487,0.08482432,-0.69993114,0.92032135,0.7288594
2.4573371,5.065322,0.82079005,7.920452,0.06685138,-0.6910114,1.2610815,0.7484162
2.4089987,9.2047615,0.97129416,7.9489155,0.06011176,-0.7036052,2.610478,0.726176
2.0769823,8.214277,1.0975611,7.8418846,0.033453226,-0.69245744,1.4641597,0.40648675
1.8000363,3.9436471,1.1087122,7.732882,0.104329586,-0.7194655,0.17394865,0.76033294
2.6137555,5.6342783,1.0581551,7.710875,0.064013004,-0.67200446,1.8994305,0.6851704
2.1249616,7.87408,1.037982,7.759838,0.06590819,-0.742156,1.3017147,0.73059475
2.5125973,6.726409,1.058147,7.777983,0.038295984,-0.7119267,2.4846582,0.4187709
2.1934445,8.057749,1.1909246,7.7826734,0.0049655437,-0.70981693,1.5607119,0.6199025
2.0408745,4.0383673,1.3382215,7.5869217,0.00365901,-0.6180458,1.5513983,0.54290533
1.8417716,4.0648413,1.343982,7.6732025,0.0006287098,-0.59235835,1.5772145,0.4108441
1.7420309,3.325098,1.3351395,7.672607,-0.06877816,-0.58311987,0.382084,0.582932
2.5651593,4.202483,1.260912,7.6663637,-0.063406825,-0.5185838,1.6235132,0.6300838
2.1442564,4.9432535,1.3504472,7.682021,-0.015247226,-0.5532892,1.156409,0.43275058
2.8832781,4.4770317,1.251636,7.7500067,-0.11324346,-0.51214314,1.9616754,0.06181276
2.7946954,3.030033,1.3044288,7.853558,-0.16924083,-0.42512345,1.578557,0.054724216
2.7639844,3.9742403,1.4521236,7.8733473,-0.212587,-0.43129826,1.3313332,0.083818674
2.6813653,3.8847375,1.2392776,7.905515,-0.21392047,-0.3982842,0.766767,0.014562428
2.2700045,2.919935,1.2974095,8.00639,-0.23303068,-0.40705538,0.85549676,0.11957395
2.0352354,3.4157977,1.295032,8.068857,-0.2463429,-0.4555235,0.65756595,-0.06738967
2.233695,3.9389577,1.2242217,8.050781,-0.21757138,-0.41581917,1.2937908,0.8291559
1.4016304,3.2015162,1.1682751,8.144136,-0.18820047,-0.37319565,2.4762099,0.83741856
2.1173034,4.1275864,0.50770223,8.184761,-0.13915467,-0.51580715,0.14818835,0.35263753
1.8732845,2.805643,0.8940506,8.214614,-0.18348074,-0.48838854,0.17050147,0.24983752
2.0708666,5.379594,1.0013735,8.071763,-0.17245603,-0.44656897,0.10500741,-0.053892374
1.5709488,4.8709717,1.1330893,8.102585,-0.1682806,-0.44863677,2.447973,0.13166463
2.3266904,4.5533504,1.2466087,7.8812633,-0.1413039,-0.46917868,2.3330004,0.59357285
2.1799955,2.800951,1.2496336,7.7882414,-0.1635902,-0.44729543,0.72760546,0.80307853
2.1911273,3.4572883,1.4610186,7.736957,-0.15780103,-0.51362014,2.5581691,0.78290653
2.4520636,5.9150486,1.5822079,7.7590923,-0.14975405,-0.5415263,1.8298814,0.3089596
2.2857223,6.048456,1.6075737,7.7543283,-0.15408409,-0.50673366,2.4355576,0.5095912
1.1347418,3.5552597,1.6769488,7.7686024,-0.15534079,-0.51252437,1.0803044,0.06109029
1.1990706,3.2212105,1.680433,7.7291856,-0.18723738,-0.52079654,1.9827974,0.0747745
1.831802,2.9580123,1.6622422,7.713885,-0.16117346,-0.46576214,1.7399263,0.3865018
1.7000979,2.1648664,1.5738668,7.513574,-0.14268172,-0.44360256,0.8816714,0.14424527
2.2147727,2.3633132,1.6471958,7.4753675,-0.11842203,-0.64901257,0.4128698,-0.30285934
2.2365668,3.0677342,1.5022128,7.7324085,-0.019225478,-0.62882113,0.0019913912,0.9214071
2.4492693,7.903798,1.6425645,6.040003,0.8105624,-1.4849162,0.8923739,0.429793
2.3538048,5.4240446,1.6355398,6.056547,0.8207061,-1.510292,1.5997531,0.65687954
2.8669634,5.890829,1.5857091,6.134978,0.7469597,-1.4269748,2.4762955,0.2660616
1.2288189,3.2173872,1.6795382,6.068096,0.7704706,-1.4004385,2.5581076,0.36300272
0.77593035,4.0159783,1.736645,6.096842,0.73676014,-1.4469075,2.744618,0.10093111
1.0499027,4.4486237,1.7408352,6.096061,0.74066734,-1.4267074,2.4188604,0.44591165
1.2555442,4.7783737,1.8381307,6.0064783,0.6895437,-1.3698924,0.86033833,-0.36552536
0.9484192,4.5679965,1.8380306,6.008812,0.7218826,-1.4276651,2.1492457,-0.40419936
2.416878,5.2513885,1.8599055,5.97668,0.71989465,-1.3704791,0.15528166,-0.42763335
2.3402247,7.875123,1.8946078,5.9815598,0.65609026,-1.3697766,0.6107503,-0.40604487
1.8683231,3.48327,1.8719769,5.916699,0.6714642,-1.3911486,0.61584985,-0.3844506
1.3327777,2.7721758,1.8966823,5.959956,0.63166,-1.3168435,0.1226629,-0.34647173
2.184491,2.091519,1.891293,5.992189,0.63399315,-1.2993584,0.3449824,-0.3071333
0.7991079,2.9036207,1.8591926,6.0542145,0.65087414,-1.3194991,0.108137846,-0.3040891
1.6977205,2.788658,1.815485,6.080249,0.64619756,-1.3456337,1.1035802,0.55937004
0.8809277,2.3690975,1.8573389,6.1445174,0.62865925,-1.287246,2.1088822,0.8170079
0.52030826,2.4338505,1.8456564,6.156195,0.641129,-1.3352659,0.36793852,0.46439743
1.0157335,2.4782455,1.8351588,6.141754,0.6498151,-1.3303685,1.1798532,0.28808832
0.89320165,5.8903227,1.8059552,6.2418804,0.63611627,-1.2803023,2.5995023,0.39332914
1.2346783,6.5202265,1.7917101,6.0609922,0.6388347,-1.305598,1.7409825,-0.20262909
2.262991,2.611306,1.8143332,6.066613,0.6320095,-1.3052852,2.3665867,-0.1108011
2.1742368,9.326734,1.9420042,6.0317307,0.59803224,-1.2851622,2.4048078,0.51620674
2.379362,6.6850243,1.8571796,6.039641,0.5889993,-1.2197278,1.1247668,0.08152479
2.608057,9.198902,1.8634801,6.11292,0.5667534,-1.1557856,1.9285665,0.09836304
1.8218962,9.501092,1.9122148,6.073,0.5842438,-1.2552434,1.9161489,-0.20994365
2.2818308,9.625167,1.9025073,6.2487307,0.53990054,-1.2584426,2.4661481,-0.13247526
2.3276792,8.7389145,1.8428025,6.259714,0.53488374,-1.2352781,1.553782,0.47594476
2.1874323,6.316846,1.8769941,6.345006,0.5348642,-1.187221,0.65557337,0.74130976
1.7721124,4.263083,1.8400025,6.367427,0.53065896,-1.1512876,1.4915416,0.9672332
2.3417783,4.5063086,1.775384,6.5144978,0.5029683,-1.1617455,1.5385709,0.92217803
1.9350342,3.8088927,1.7269185,6.5250506,0.51336527,-1.1895514,1.1747987,0.9456099
1.9748828,7.818666,1.6103928,6.618802,0.48453116,-1.136548,1.7987082,0.82395375
2.7233832,8.249072,1.5980141,6.76277,0.49942994,-1.1754985,2.2175064,0.73285615
1.5590268,3.8109999,1.5643153,6.566576,0.51866937,-1.1621761,0.9069048,0.5339606
1.4932926,7.567231,1.6224303,6.544592,0.5406759,-1.1661325,0.90230894,0.16729873
2.5583436,6.4295883,1.6295707,6.3735323,0.5818832,-1.2741959,1.3297453,0.06249982
1.2832353,4.470251,1.7083764,6.46707,0.576437,-1.2655821,0.6134081,0.32835686
0.73868746,3.55174,1.7038889,6.438202,0.59183717,-1.3199008,1.2955356,0.21371758
0.6963141,3.6012177,1.7364235,6.367885,0.636394,-1.3116442,2.0380185,0.5077319
0.9694432,4.412203,1.6824017,6.349103,0.6550522,-1.3025169,0.4799105,0.06157261
1.0138626,7.4063005,1.7061484,6.327235,0.6431384,-1.3042198,1.1208434,-0.29580337
2.0513823,7.372979,1.6047897,6.436839,0.65002894,-1.3102924,0.7159213,0.057351112
1.7659241,6.3910418,1.6391952,6.3783436,0.61088276,-1.250909,1.1495674,-0.03502682
2.6205842,5.9565463,1.6675715,6.4067554,0.62270594,-1.2640232,0.17022276,-0.28403237
2.925763,7.226946,1.729697,6.249571,0.5849793,-1.2485723,0.59470975,0.4997939
2.8892875,6.878703,1.702971,6.2630267,0.58510065,-1.2421355,1.6056368,0.004992485
2.2908368,2.5671265,1.6631181,6.3124933,0.61724854,-1.2758825,2.0536306,0.55217075
1.9075257,3.3292134,1.7565689,6.2838554,0.58643985,-1.2320955,1.1049683,0.17467487
2.1239495,6.474549,1.7813754,6.349413,0.5349624,-1.2402627,1.1127951,0.26318252
1.8262807,6.73547,1.7071416,6.3933535,0.51515055,-1.1657965,1.200535,0.09951651
2.1265664,5.7975388,1.7124949,6.408563,0.49859905,-1.16026,1.2783935,0.11517763
2.7220404,6.417051,1.758811,6.41177,0.49136806,-1.1287608,1.7313516,0.010415435
1.9460404,8.200476,1.737505,6.382653,0.5014341,-1.1696441,1.7474918,0.42423725
1.2793468,7.144315,1.7773504,6.4001355,0.48735237,-1.1232508,2.0667975,-0.034320474
2.9102106,7.513349,1.8026099,6.4152718,0.46063566,-1.0965943,1.953115,-0.0712018
2.574226,6.985573,1.8434877,6.3194656,0.43318415,-1.0175993,0.6443492,0.2294088
2.9493723,6.9885187,1.8903496,6.218195,0.46010017,-1.0687219,0.50400627,-0.058306336
2.9272735,4.645776,1.8611906,6.2203016,0.445817,-1.1190956,2.0500867,-0.0041990876
2.8657815,7.2146716,1.9897037,6.181649,0.44882822,-1.170084,1.2915816,0.08764064
1.5674025,6.242737,1.9877357,6.179808,0.47577834,-1.1822373,2.334692,0.19855607
1.700239,5.4801664,1.953877,6.2211123,0.46200037,-1.1349746,2.8140316,0.15887415
2.244285,9.644625,1.881136,6.219302,0.47064805,-1.15838,2.289769,-0.060988307
2.4992085,3.1061025,1.901187,6.367543,0.4663012,-1.2145804,1.8459344,0.31779498
1.5041335,2.6834433,1.8646092,6.28796,0.5074909,-1.1763916,1.331022,0.061199963
2.4626358,2.7759666,1.8466964,6.3702,0.43734002,-1.1105871,1.0929163,0.45598578
1.6881318,2.8486443,1.8376257,6.4313393,0.4310038,-1.085079,2.1324496,0.24515337
2.437339,9.633228,1.7082562,6.4385266,0.44067907,-1.0054729,1.6908655,-0.012959212
2.958547,9.930257,1.7453697,6.4999757,0.3705647,-0.98892164,0.8143605,-0.061116487
2.5524197,9.67704,1.9069133,6.556276,0.32907367,-0.92476034,2.0962605,0.05246401
2.072763,7.778156,1.8893895,6.4098215,0.3583269,-1.0199937,2.1352255,0.04786527
2.3063593,4.2166586,1.9849033,6.395123,0.3734269,-1.0469463,0.60587096,0.109374404
2.9988701,2.5442047,1.9962039,6.370239,0.37540746,-1.0745509,0.4830581,-0.004586786
2.7116284,2.5695553,1.9344809,6.3492136,0.3807695,-1.0800531,0.58974206,-0.04567033
2.947606,5.2441564,1.9572041,6.375927,0.37372017,-1.0506899,0.47943783,0.1355626
2.5299394,3.7632627,1.910243,6.423073,0.36212373,-0.989835,0.44770682,-0.46289003
2.5556161,7.095751,1.831116,6.44135,0.38999248,-1.0785003,0.93679214,0.6314995
1.6064402,5.2775126,1.8149676,6.6451297,0.3197446,-1.0473585,1.9301074,0.34618676
0.54762155,2.7633862,1.8300018,6.743053,0.34642744,-1.0478995,0.8068856,-0.3836695
0.624424,2.5404243,1.9529197,6.4691315,0.42718887,-1.1473485,1.4426901,0.38546026
1.4989756,3.2334065,1.9488969,6.4339027,0.40834475,-1.160125,1.1061733,0.24519849
1.6374702,5.6477947,1.8553185,6.3857546,0.46630454,-1.1462076,0.98797417,0.55051494
1.9583466,7.3966484,1.8726032,6.373343,0.48247242,-1.1845433,1.7633767,0.32885104
1.9111418,5.8734355,1.8115475,6.307918,0.54334307,-1.1908289,1.7838254,0.43613267
2.0117698,4.9178896,1.8444538,6.280669,0.52132344,-1.2222731,1.8581555,0.4347688
1.8662028,8.87736,1.7801099,6.453226,0.51543045,-1.2070131,1.4812505,0.16112995
2.6306334,8.769495,1.7896438,6.2874274,0.53851366,-1.1733634,1.6493337,0.098855376
2.556476,9.450309,1.8690605,6.245175,0.51012707,-1.16312,0.9586991,-0.1278851
2.1111188,8.424669,1.8328421,6.360161,0.45787168,-1.1355475,1.1281474,-0.22369313
2.0697517,7.877973,1.8014531,6.378026,0.4601817,-1.124024,1.9147656,0.07609546
2.4893732,8.729001,1.7429805,6.3505096,0.51826215,-1.1604613,0.7003069,0.26176167
2.342416,3.1001017,1.780776,6.3274546,0.5338254,-1.1935542,0.2409718,-0.013029337
2.5692823,3.4834952,1.7519984,6.3612437,0.5437596,-1.1915839,0.13835657,-0.076045156
2.166371,4.140516,1.7042704,6.508345,0.5161259,-1.1885443,-0.21525896,-0.1565463
2.2707045,6.275749,1.6948762,6.440585,0.5247736,-1.2140129,0.3988948,0.19873339
2.1512551,8.042152,1.6501722,6.5022936,0.53349805,-1.2367318,0.883453,0.52985156
0.7631435,3.503737,1.7264996,6.544901,0.5442939,-1.2669842,0.63716984,-0.028506696
1.5838685,3.6640706,1.6844239,6.5994673,0.532125,-1.2152177,0.5087509,-0.08684403
2.5562878,7.3297796,1.532356,6.5377254,0.5472424,-1.1658607,-0.32027125,-0.4248495
2.5050592,8.667433,1.5363345,6.79206,0.5484512,-1.1773465,-0.7861134,-0.23965824
1.9972074,2.0974455,1.4861276,6.7320204,0.5468862,-1.1602418,-0.67071724,0.034462452
2.767429,2.501217,1.4806061,6.7896857,0.555722,-1.1737736,-0.6313102,0.036881268
1.9505575,7.029536,1.4152963,6.8066635,0.5157652,-1.1943521,0.13616574,0.46229827
2.2952247,9.793694,1.4423554,6.883865,0.49522233,-1.0937293,0.72134674,0.31722045
2.7230535,9.90252,1.419929,6.915165,0.48086905,-1.1280215,0.04920435,0.23528284
2.9901514,8.151598,1.4692466,6.836194,0.49803734,-1.1482508,-0.054053962,0.2661606
1.4713835,8.437891,1.4872985,6.8535404,0.49498105,-1.1563835,1.141931,0.33625913
2.3595703,8.693144,1.4115102,6.887933,0.5127194,-1.2201687,1.076572,0.5062933
2.3142803,7.624407,1.4232202,6.784134,0.5175328,-1.1995919,1.8202462,0.44834888
2.1097457,6.7449656,1.4014692,6.745032,0.56764865,-1.170522,1.9752882,0.42343128
1.0201508,4.5427055,1.5321593,6.692248,0.5869272,-1.2506878,0.47363913,0.12152016
1.2836952,3.562101,1.5424583,6.722309,0.5412767,-1.2723594,1.3382318,0.2967958
2.0189946,2.408794,1.4923229,6.711749,0.58538365,-1.2656374,1.9116523,0.97222006
1.7837362,9.721287,1.3761115,6.891173,0.57835054,-1.2246712,2.9022121,0.4804299
1.0985916,8.94067,1.3698275,6.8702946,0.6084297,-1.2599301,2.8395936,-0.09649554
2.7920797,6.000515,1.403574,6.851923,0.5730896,-1.2079673,0.41065204,0.7738931
1.7837071,6.2205067,1.4755743,6.70476,0.5715189,-1.1701891,0.6434034,0.6346359
2.6553912,4.8110204,1.3474813,6.73682,0.54817986,-1.1678338,1.2985747,0.60814095
2.668107,3.240265,1.273879,6.930745,0.538306,-1.1854427,1.3637846,0.6751728
1.6842049,7.377168,1.3166342,6.9621315,0.5063467,-1.1757131,1.2679248,0.7835629
1.2648876,4.481264,1.4107399,6.9798975,0.47506475,-1.1185143,1.1371047,0.9245273
1.2102813,3.890161,1.3787262,7.0508103,0.47822762,-1.1651883,1.3378208,0.5157988
1.764828,5.2132244,1.4201498,6.941435,0.49879003,-1.1688716,0.8522147,0.5565065
1.6349114,6.2011404,1.4564509,6.8586836,0.57857275,-1.2267461,1.4944987,0.5871459
1.9573007,7.600044,1.3398626,6.778263,0.59735966,-1.2480934,1.250464,0.80415606
1.8167086,5.504179,1.3972964,6.7866764,0.60341334,-1.2693121,2.0152223,0.6035378
0.92106175,3.7216897,0.4544406,7.795565,0.7848432,-1.3953857,1.173871,0.91052675
0.86681354,3.8459783,0.49574518,7.8237047,0.76112485,-1.3730898,0.6433433,0.73315334
2.132619,4.4422646,0.44205654,7.7746344,0.781029,-1.370739,0.57260346,0.7385056
1.9526706,9.902852,0.4772681,7.784445,0.79603577,-1.365042,0.14160657,0.7862606
1.8503338,5.9253416,0.40494883,7.7802916,0.7655077,-1.392511,0.47962415,0.78831744
2.7793014,5.0446787,0.43501866,7.8320084,0.692502,-1.348241,0.65694773,0.41674238
2.2446868,6.3228407,0.36324704,7.8789396,0.697443,-1.3702998,-0.066441834,0.10611725
2.4279072,7.9675727,0.3220569,7.9192524,0.7695465,-1.3439355,-0.07221848,0.39138448
2.7574852,7.780662,0.20453918,8.021082,0.77720165,-1.3369129,-0.09010321,0.41164458
2.42881,7.5517774,0.12336111,7.977666,0.807055,-1.3143017,-0.43762785,0.5922365
2.3429859,7.8842926,0.1264615,8.148514,0.7953522,-1.3873181,-0.19339252,0.6185739
2.741744,9.873379,0.24849224,8.089758,0.8235719,-1.3800504,-0.35760188,0.5497365
2.0233607,9.512937,0.2761333,7.915909,0.83981943,-1.3986886,-0.25132608,0.5362345
1.917657,9.863322,0.28332877,7.924344,0.8141494,-1.3922203,-0.06266564,0.40812033
1.7979879,9.029571,0.22189939,7.8960443,0.82268596,-1.3447478,-0.10358006,0.71661735
1.7188517,6.924095,0.3313372,7.9046087,0.8181608,-1.3849475,1.2360213,0.8668072
1.1289371,5.9400377,0.32564735,8.015257,0.7891195,-1.3791139,1.1360443,0.71698785
1.0536327,9.502846,0.39053702,8.060995,0.78140163,-1.3514647,1.3407168,0.7212045
0.88125455,6.7419744,0.3679899,8.048842,0.76947737,-1.3534266,0.7064655,0.78988373
0.6359363,5.4548,0.5119777,8.157742,0.75918293,-1.3121148,0.16833377,0.64094293
0.7041497,6.899685,0.5433185,8.156574,0.6980338,-1.3345568,0.23944211,0.44365513
0.7938327,7.516203,0.5384536,8.044572,0.6766422,-1.3026034,2.8857722,0.5417502
0.7944356,8.932751,0.53066945,8.13785,0.7444668,-1.3243171,2.4785347,0.42192674
0.78332394,9.260342,0.54884386,8.249411,0.6587155,-1.2659507,1.6891482,0.63290083
0.7961838,8.654636,0.59440625,8.234659,0.67135715,-1.2975526,2.2225456,0.8041382
0.7708087,9.002924,0.6623919,8.278885,0.68238044,-1.3320434,1.5916133,0.82209826
0.75423217,8.286766,0.5469254,8.216061,0.7243397,-1.3478708,1.5397537,0.5046277
0.7229965,8.282557,0.5736644,8.2477665,0.74046516,-1.341362,-0.19103193,-0.10651684
0.7043099,5.48624,0.52316904,8.226278,0.71002245,-1.2898092,-0.5111084,0.10585225
0.6714432,5.0418267,0.5206878,8.169794,0.67334795,-1.3012984,-0.2885304,-0.24789149
0.72908616,5.4033737,0.5206044,8.248165,0.7032418,-1.3238386,-0.4671492,-0.47025928
0.71116316,5.629595,0.49956465,8.247298,0.673928,-1.2868001,-0.47839975,-0.42506233
0.737874,5.757848,0.5119065,8.230448,0.673933,-1.2739617,-0.6858587,-0.44294435
0.7106677,5.240698,0.53150916,8.306437,0.6248131,-1.2689004,-0.2729692,-0.39737105
0.69036055,6.5022078,0.4995849,8.448731,0.6237371,-1.2080302,-0.6542975,0.546855
0.7343124,6.014234,0.36557817,8.216707,0.6172478,-1.1378245,-0.41700596,0.35802883
0.7433286,5.957489,0.3608173,8.441181,0.6068618,-1.2078254,-0.3752603,0.26557875
1.0302343,8.844541,-0.012027979,8.632474,0.59135723,-1.1963922,0.27240658,0.36356902
1.0637171,9.31691,-0.04764718,8.683847,0.60152173,-1.1323997,-0.35107714,0.61729336
0.985594,5.3243947,0.04668176,8.484213,0.56651664,-1.1601329,-0.18397278,0.09668088
1.2488387,6.3272285,0.14208472,8.382153,0.5485339,-1.1887532,0.4899218,0.41654134
1.3648205,9.195406,0.065149546,8.615505,0.5183971,-1.1847193,0.24576426,0.47135735
1.0644181,7.2395334,0.037512302,8.602016,0.51984906,-1.1549487,1.4177151,0.6258359
1.2117777,9.635363,0.045976162,8.425416,0.5699489,-1.2117823,0.5067314,0.49493504
0.90535116,9.219519,0.0891633,8.7017145,0.5382407,-1.1647664,0.1612575,0.47031653
0.93173635,9.850395,0.09243262,8.567876,0.52773976,-1.0881827,0.09615779,0.35472238
0.88494444,9.832656,0.09239423,8.70474,0.58308125,-1.1510432,0.06215167,0.29413605
0.8798544,9.6336155,0.15348494,8.761659,0.5492532,-1.1635566,0.42218924,0.13159412
0.91296256,9.695426,0.20519567,8.721856,0.5488453,-1.1558392,-0.30117846,0.03371018
0.9711775,9.490765,0.18984175,8.620277,0.55737376,-1.1714934,-0.38013893,-0.08748993
1.0595429,9.703596,0.184219,8.4665785,0.58494425,-1.2027645,-0.21811503,-0.11122388
1.0500393,9.766766,0.16956711,8.519266,0.57053375,-1.1857388,-0.24004644,0.37007445
1.0603954,9.568735,0.08789706,8.454149,0.56273603,-1.1292593,0.8686193,0.49903488
1.1152015,9.534456,0.14573884,8.405809,0.5517621,-1.1110656,1.6949463,0.92515516
1.3363377,8.113532,0.02478385,8.416109,0.56154585,-1.1606158,2.2090633,0.61259604
1.2979019,9.25634,0.12374854,8.403088,0.56663775,-1.1574583,-0.52206886,-0.2877066
1.4462183,9.2301655,0.102656245,8.463257,0.5404823,-1.1298476,-0.55307746,-0.32866427
1.400372,7.848273,0.029520392,8.330992,0.6037495,-1.1395359,-0.7853195,-0.16314182
1.6284958,7.3889513,0.07794559,8.29734,0.56966496,-1.1230807,-0.8106379,-0.26475495
1.6299949,4.3425794,0.06692457,8.250859,0.5315616,-1.0702904,-0.96079284,-0.33909318
1.306633,3.393024,0.061721206,8.353744,0.5194926,-1.0426722,-0.76268315,0.42212176
1.2710744,3.787834,-0.035899043,8.384777,0.4887259,-1.0642912,-0.8699078,-0.37868112
1.7158582,6.1370273,0.040399313,8.489668,0.44418216,-1.0874459,-0.8583944,-0.34618264
1.3779197,5.735757,0.091918826,8.482732,0.45497155,-1.0653119,-0.6839597,-0.3610889
1.553667,7.9007225,-0.107138395,8.601944,0.45341992,-1.0504643,-0.11518717,-0.1985622
1.2715704,9.611904,-0.17008805,8.84395,0.48341274,-1.067202,-0.6887113,-0.2078946
1.1338148,9.575829,-0.12769389,8.85998,0.5171256,-1.0770261,-0.87876177,-0.14468
0.99270046,9.51461,-0.29309106,9.089185,0.5733888,-1.1438844,-0.7305026,0.29022646
0.999156,9.728718,-0.17794764,9.0008545,0.6031871,-1.1077588,-0.7918475,0.47346973
1.0880458,6.3268595,-0.08911896,8.912923,0.47900343,-1.1358032,-0.37682676,0.3517382
0.9681556,6.632369,0.05785656,8.722097,0.46518588,-1.1136277,-0.48437172,-0.34016356
0.9243394,7.4097466,0.16246057,8.753667,0.46853137,-1.1537364,-0.2205174,-0.236368
0.8462048,7.284874,0.0695374,8.801943,0.4685638,-1.016912,-0.18146259,0.102419674
0.8986589,8.877987,-0.04431498,8.929537,0.49551725,-1.1625965,0.20350873,0.09830433
0.8464878,7.8840528,-0.1304627,9.0336075,0.4992349,-1.0884638,0.30165398,0.22992253
0.84680307,7.536234,-0.1624071,8.998331,0.5592058,-1.128113,0.10502374,0.7154863
0.86677116,7.2608113,-0.09113085,9.007322,0.53612447,-1.1417077,0.05289364,0.578194
0.8657609,7.9821377,-0.07445717,8.95537,0.5580499,-1.1533338,-0.064525545,0.004998684
0.81807756,7.7915807,-0.18485081,9.043982,0.6098125,-1.1457857,0.28955042,0.77426875
0.79086685,7.86532,-0.13804281,9.035149,0.617856,-1.1413867,0.17876256,0.93141305
0.6484983,6.8244267,0.04104042,9.034786,0.5656905,-1.1376139,2.5300906,0.9195303
0.76083004,7.384785,0.057636738,8.934661,0.566818,-1.1254513,0.42592418,0.6864294
0.76313585,8.084509,0.0971005,8.859148,0.5585747,-1.1634858,0.91755414,0.7610246
0.78758115,8.281769,0.14458013,8.972416,0.5139437,-1.1600182,0.7764075,0.74149644
0.78859794,8.614477,0.05017829,9.033244,0.5162208,-1.1407809,0.91386914,0.73887587
0.808847,7.978134,0.09410906,8.956924,0.54336286,-1.1574895,0.72685087,0.76829004
0.83474773,8.101863,0.072172165,8.889898,0.51398635,-1.1688979,0.8392204,0.56713986
0.8001462,8.622256,0.13315439,8.834831,0.55595684,-1.1590228,0.60626006,0.5448189
0.83812636,7.030265,0.07864785,8.889507,0.5446582,-1.1784654,0.68568814,0.52895117
0.81863296,6.994399,0.10304785,8.866576,0.51198745,-1.1499071,0.10498917,0.5866363
0.7500447,6.8074136,0.11084628,8.782495,0.52344537,-1.065815,0.17953503,0.6746007
0.72327393,6.998505,0.1652478,8.906605,0.47617292,-1.0990237,0.6750221,0.39131582
0.73170054,8.310818,0.13626254,9.014118,0.46911407,-1.0449932,1.3338428,0.28153938
0.74554884,9.220602,0.033011198,9.236994,0.46802235,-1.1069573,2.7407122,0.2673201
0.7624508,8.56822,0.08616996,9.222123,0.46885753,-1.0942168,1.9526732,0.8863907
0.7613156,9.499023,0.07355726,9.176246,0.46113014,-1.0552163,1.7204435,0.5035738
0.7693517,9.340858,0.18598771,9.166114,0.4436853,-1.1013951,0.21672344,0.38472664
0.83442265,8.901028,0.12621355,9.141529,0.42467117,-1.123579,0.42243874,0.43139875
0.8477426,9.314569,0.041219234,9.052439,0.49008274,-1.1271569,0.2930286,0.60176754
0.86372745,9.625994,-0.024856806,9.109186,0.50516057,-1.0955447,0.4221933,0.78036237
0.8326967,9.624857,-0.12358987,9.182314,0.5005822,-1.0468318,0.15928769,0.3226732
0.81802964,8.877055,-0.06331408,9.174757,0.41901875,-1.0604417,0.30951893,0.46639597
0.7880758,7.332515,-0.13661909,9.2664,0.41030264,-1.013203,0.113682985,0.35798573
0.7889909,7.8734965,-0.11402261,9.247975,0.4235916,-1.0302298,0.77963674,0.6241636
0.74894804,7.529024,-0.16450226,9.289658,0.48681545,-1.0280302,0.01704669,0.5952804
0.750395,7.9925256,-0.10738355,9.448332,0.474231,-1.0962348,0.5741093,0.61846066
0.7354173,8.273878,-0.17251158,9.3751545,0.5096483,-1.0740709,0.7186457,0.8875561
0.7602359,8.474884,-0.037507653,9.35672,0.52158475,-1.0909541,-0.05363089,0.9369545
0.7684256,8.277823,-0.014230847,9.413219,0.43992233,-1.1014378,0.04431224,0.6988394
0.76634026,8.981544,-0.056427002,9.505608,0.37753677,-1.0247226,0.55329704,0.53469455
0.7705096,8.326635,-0.038980126,9.410904,0.35719466,-1.025837,1.2422719,0.8426511
0.7678257,7.712811,0.008366585,9.301905,0.37785792,-0.98482466,0.75841415,0.63078547
0.7728748,7.2520485,0.06762338,9.141525,0.41313195,-0.99589276,0.3630339,0.68281674
0.80995095,8.878874,-0.074441314,9.19962,0.41032052,-1.0348231,2.6170068,0.7053329
0.8113545,8.5462055,-0.013363361,9.164207,0.43915534,-1.047981,2.7390504,0.64170647
0.78947955,9.4888115,0.0299505,9.153721,0.45866227,-1.0661206,2.1729317,0.71792424
0.73164624,9.502573,0.3321005,9.066519,0.55594444,-1.1697689,2.5677295,0.6023519
0.70315075,9.37117,0.34609854,8.971273,0.5472784,-1.1814959,2.7505028,0.6109494
0.72487134,9.456712,0.434641,8.931887,0.53453517,-1.2331898,2.9121249,0.78224325
0.7488323,9.710872,0.27429414,8.989262,0.5968566,-1.2678534,2.8057144,0.74211764
0.74393404,9.829559,0.24921894,8.992534,0.5794363,-1.239857,2.8995564,0.50545156
0.7210003,8.821131,0.24719667,9.067864,0.55933523,-1.2130182,0.33461547,0.3629787
0.65815115,7.6975284,0.21428633,9.033936,0.5577674,-1.2120996,0.33394766,0.37553
0.642285,6.766335,0.2452271,9.030494,0.5821748,-1.194868,1.7450321,0.4951371
0.5967112,6.9815264,0.31285644,9.034282,0.6266906,-1.2795744,0.2757424,0.45908123
1.0837297,7.7646484,1.7839189,5.6140776,0.99804616,-1.6534243,0.13608992,0.062539995
2.1550198,4.358231,1.7985268,5.5372734,0.9594426,-1.618382,0.8639232,-0.23949844
2.3691604,8.27771,1.8248129,5.6194134,0.9530759,-1.6673023,0.16667831,-0.019735634
2.3560896,8.235145,1.8627887,5.469227,0.93803334,-1.6240535,0.25596046,-0.20482162
2.5147183,7.085362,1.9109578,5.458754,0.97068286,-1.7140484,0.6643977,0.33071142
2.45751,6.694304,1.8640316,5.408001,0.9887786,-1.6747609,1.4143026,-0.013240039
1.6992712,3.918804,1.8108926,5.403866,0.9897814,-1.6746511,0.26460087,-0.22425723
2.0863857,8.207577,1.8668315,5.3228035,1.0327566,-1.6926222,0.06451595,-0.46223867
1.6933281,4.822446,1.9584775,5.3854403,0.9798548,-1.6755521,1.4558053,0.9456117
2.7684975,4.86062,1.9626186,5.02932,0.9738085,-1.6841936,2.3612664,-0.124756575
2.480279,8.555321,1.9634907,5.3514547,0.92302966,-1.6146902,0.39819312,0.2843709
2.892193,8.90089,1.9594662,5.410629,0.9302585,-1.5652785,0.4876654,-0.1299662
1.6812122,6.2070384,1.9612963,5.227072,0.91514134,-1.5794938,0.9752965,0.07745916
2.5904555,6.8692045,1.9664831,5.217366,0.9385941,-1.6224498,2.6003475,0.014449477
1.3780179,4.6225805,1.9894495,5.2168856,0.947767,-1.6188731,1.8574157,-0.2448478
2.8618946,5.212923,1.9427252,5.196309,0.92733,-1.5850899,0.5631733,-0.40534532
2.4705782,5.3320208,1.9091098,5.434218,0.92958665,-1.6069086,-0.4651404,-0.044896483
2.9975233,5.7395678,1.9111168,5.348606,0.9486747,-1.5667588,-0.11267024,-0.26016772
2.9955623,5.4646125,1.8923001,5.437305,0.8815508,-1.5824624,1.1639967,-0.47136393
2.2740273,6.0718117,1.94697,5.4720116,0.9284098,-1.5880333,-0.5863793,-0.3914084
0.8054916,5.424679,1.92781,5.5527935,0.93216825,-1.5866005,1.433497,0.88735425
0.8821672,3.3358688,1.9500089,5.4882307,0.9287014,-1.5410116,2.3995163,0.91114855
1.3884573,5.4769907,1.9498391,5.4820166,0.8953445,-1.5399823,2.9720736,0.7926607
1.616675,5.2765055,1.9339459,5.5236635,0.8158853,-1.576716,2.625695,-0.040120363
1.5532764,5.288788,1.9256864,5.5052814,0.81540656,-1.5392764,0.97608054,0.13417822
1.9684342,8.313489,1.8650947,5.551124,0.8085213,-1.4114783,1.8616276,0.19853687
2.7600772,6.4260125,1.8550472,5.587722,0.85399246,-1.3978354,1.6672974,0.060037613
1.5434498,7.489574,1.8556044,5.5493937,0.86290884,-1.4440348,1.4187057,0.4428122
1.7667391,7.4235034,1.8259203,5.647271,0.8046775,-1.4669985,1.0950508,0.05338013
1.7256936,4.3938065,1.9088013,5.645981,0.83495283,-1.4873157,2.3025773,0.15951312
1.3971419,5.2805443,1.9015112,5.564389,0.79287505,-1.5019437,2.4073966,0.0873965
2.6178384,4.4802513,1.7946053,5.701972,0.80392766,-1.5608844,2.9263375,0.23975551
1.4576116,7.8884864,1.7502031,5.777914,0.82732105,-1.469735,1.9235957,0.2466051
1.6054863,8.895383,1.7436013,5.8586726,0.81950307,-1.4656057,0.89173996,0.05929005
1.4101965,6.0445805,1.7704496,5.7708435,0.8680272,-1.4880688,1.9598336,0.20936292
2.37739,7.273025,1.7764981,5.729665,0.8997333,-1.5988113,1.6124659,0.12348533
1.3357165,8.167044,1.7933731,5.6593146,0.85584927,-1.5099103,1.7795551,0.2976573
2.8452842,5.000929,1.8083203,5.762502,0.8326514,-1.5085133,0.69513524,0.35226172
1.0433887,2.8639064,1.8501742,5.7010407,0.8160777,-1.478821,1.98612,-0.22099227
2.2272682,7.7525973,1.8421364,5.7488985,0.8446579,-1.555247,1.7963533,0.3619721
1.0780133,5.6023293,1.8033631,5.806219,0.83211446,-1.5017647,1.1769619,0.19771612
1.035897,4.158104,1.7897766,5.7796335,0.8346448,-1.5128039,1.0925009,0.44732386
1.218283,6.9990654,1.7692127,5.7925415,0.84681034,-1.5551268,1.8619573,0.1925345
1.8628459,6.979718,1.7920077,5.7269783,0.867594,-1.5453193,2.3691869,0.0274449
2.009297,7.869096,1.7825935,5.646708,0.8732381,-1.5495484,2.956682,0.16669333
2.314891,6.726469,1.840349,5.61604,0.86598206,-1.5486455,2.7505343,0.28802425
2.4862733,9.60158,1.865046,5.742983,0.83675027,-1.5191593,2.9489248,0.59581697
2.592376,9.437487,1.8991659,5.710477,0.816648,-1.4562789,-0.14475805,0.63308716
2.3513174,9.197128,1.8686583,5.736446,0.85965896,-1.5229181,1.5758886,0.41880417
2.5280817,9.334741,1.8748469,5.6242867,0.8503916,-1.5652444,1.4303527,-0.010540575
2.6299956,2.720859,1.8744879,5.5008,0.9168079,-1.6085074,-0.22819549,-0.21404487
2.6425757,9.206362,1.895592,5.552162,0.91750383,-1.6317829,-0.047317684,-0.19790912
2.6185746,9.027337,1.9036183,5.395755,0.9344926,-1.5903772,0.54098904,-0.25031796
1.614459,3.0427532,1.908329,5.3473635,0.92422605,-1.6163352,1.6852729,-0.14470005
1.7294644,4.095256,1.9612875,5.324079,0.9196031,-1.6133438,2.3452446,0.45149994
2.6049483,4.436638,1.9191191,5.361389,0.9239516,-1.6112833,1.9658263,0.65572107
2.6851373,4.685376,1.9080646,5.4986506,0.9017093,-1.5733376,0.95313287,0.07439989
1.9785451,5.045762,1.8829882,5.4899654,0.8827107,-1.5122846,0.88867867,0.3747443
2.388392,2.5046723,1.8858199,5.3914547,0.88067126,-1.5048273,1.4932647,0.2667697
2.012097,2.308611,1.9518969,5.3969975,0.92207503,-1.5493786,0.44594228,-0.23683769
2.0901155,5.5613003,1.937345,5.244486,0.9393401,-1.5836134,1.2872739,-0.3228705
1.664985,5.4806223,1.9339423,5.35391,0.9331186,-1.6138308,1.5306661,0.29398155
2.253336,7.308242,1.9116287,5.3520575,0.94494295,-1.6201534,2.6463885,0.32948637
1.7093825,9.624685,1.8609846,5.38684,0.9249921,-1.5734822,2.1448715,0.27393872
1.8750595,9.929666,1.8474214,5.4131985,0.89217496,-1.4901066,2.3827188,-0.35190687
1.5090923,7.813566,1.9228454,5.440772,0.85415435,-1.5437667,0.46544135,-0.40678144
2.202817,9.313675,1.8663354,5.4959927,0.8401413,-1.4780774,2.601876,-0.3370215
2.4872508,8.1920805,1.9309857,5.6035013,0.80282164,-1.4466333,2.6381788,0.56793904
2.6646657,7.0846004,1.9346232,5.540312,0.77896786,-1.4214938,1.0124867,-0.16591644
2.1534517,7.7391987,1.9350839,5.6004066,0.7711148,-1.3842623,0.4497434,-0.4235961
2.3624861,5.1760416,1.9868093,5.544041,0.7605808,-1.4550319,2.2269015,0.024490893
2.585211,6.3943763,1.9704382,5.4625626,0.8026707,-1.5274439,2.531103,0.17722619
2.748958,4.7138414,1.9867916,5.465994,0.7704165,-1.424021,0.7790674,-0.14230296
1.8698603,4.313822,1.8963819,5.7195196,0.8326082,-1.5162011,1.4047716,-0.060618043
1.9658028,4.4212427,1.8174808,5.7305055,0.8410394,-1.4902229,2.462838,-0.23103967
0.91065806,2.7017922,1.8926911,5.7181697,0.84066105,-1.552495,2.415982,0.6616658
2.5749717,8.429045,1.8500042,5.8251953,0.7874639,-1.4367151,1.5442514,0.53069663
2.4681027,9.663219,1.7988281,5.8208003,0.77826357,-1.3931526,1.8170688,-0.037587047
2.4656072,9.084449,1.7917776,5.854716,0.7582445,-1.4003782,1.8280723,-0.08870882
1.2765942,6.480433,1.8076015,5.821846,0.78080654,-1.4206128,2.2585862,0.29658246
2.8393872,8.576576,1.7899878,5.8325396,0.7792218,-1.4143784,1.2734916,0.2297396
2.1947918,9.313896,1.8195207,5.8703094,0.7675452,-1.4068512,1.0964906,-0.026656747
2.4291847,9.225273,1.7734199,5.838007,0.7857654,-1.3867142,1.2515483,0.00453645
2.6072822,9.804077,1.7238436,5.907886,0.7573943,-1.369036,2.4551375,0.26036674
1.7814723,3.5707488,1.797178,5.79362,0.7725196,-1.4474797,1.0642071,-0.33764678
2.198246,3.650877,1.8772016,5.720517,0.77423596,-1.485692,0.19850326,-0.39674085
2.031064,6.77835,1.948215,5.6588483,0.7679663,-1.4864391,0.19070363,-0.09701139
1.1378907,6.5821357,1.9564991,5.5424085,0.7672808,-1.4576213,1.8464327,-0.015797079
1.3593415,7.2890296,1.9448116,5.432521,0.8344526,-1.5685135,1.673908,0.013351798
2.2087722,9.857164,1.9760177,5.3353634,0.8657515,-1.5063977,2.311811,0.13316107
2.4580445,7.080872,1.9830933,5.376452,0.8374541,-1.5183208,2.5256202,0.013118267
1.8802959,6.634159,1.9659367,5.374299,0.8710966,-1.5986357,2.2103877,0.30285025
1.0520878,6.9965186,1.9164836,5.3794556,0.9170139,-1.6723747,1.4472842,0.16923666
1.038562,5.7060905,1.9404547,5.478359,0.91781855,-1.6466305,1.0764053,0.17233318
0.81197137,6.0687733,1.9340789,5.4749756,0.9319763,-1.5727543,1.551816,0.061392486
2.8154178,7.0380154,1.9372425,5.5390015,0.9174175,-1.5760837,1.5082762,0.19739926
1.6408656,7.132311,1.9638767,5.3903275,0.87978864,-1.5266739,1.1792877,0.0028152466
2.2633388,9.071064,1.9569156,5.5179043,0.82759476,-1.527568,0.93700564,0.29896796
1.9671407,7.604698,1.9451821,5.5294724,0.8182576,-1.4815233,0.8997474,0.20905417
2.2279043,6.2659636,1.9802766,5.477371,0.8520806,-1.5559218,1.5510356,-0.08177513
1.2078161,3.8408885,1.969279,5.3610554,0.83741903,-1.520521,2.4000664,0.18462688
0.81226754,4.215414,1.9626713,5.5737786,0.8266213,-1.54283,0.73012984,-0.12737423
0.9342258,3.5500357,1.9641523,5.5599966,0.82399964,-1.4993677,2.2912662,-0.121023476
2.1597013,7.1903415,1.9356875,5.672065,0.8299556,-1.5636345,2.1741936,0.4797163
1.6501938,9.710041,1.8928137,5.652439,0.8375144,-1.5494133,2.2745955,-0.2591792
2.207083,4.127502,1.8538575,5.624943,0.80247235,-1.4536207,2.4668322,0.18405783
2.3691492,8.726137,1.9092846,5.615243,0.8078656,-1.4981637,2.959682,0.13439447
2.510512,7.2773924,1.9325912,5.69485,0.7779534,-1.4454391,2.8993092,0.23684168
2.297618,9.074777,1.9124959,5.69019,0.73109174,-1.4840038,2.8493016,0.151443
2.2339737,8.515512,1.8920748,5.7461605,0.7196896,-1.279932,2.8918204,0.24668133
1.7024204,9.009562,1.8676612,5.6932077,0.72447896,-1.3428748,1.7349012,0.27871984
1.2652857,4.0262136,1.863214,5.7013745,0.78099346,-1.4699781,2.7965744,0.2832234
2.767467,5.7245855,1.8161504,5.6629343,0.77337503,-1.4527135,2.661526,0.018850923
2.3870711,7.4036736,1.8359106,5.753275,0.7956457,-1.4371623,2.7467363,0.33320808
1.6301113,5.644354,1.7382858,5.9659524,0.743202,-1.3919059,1.7410889,0.24903023
1.6097481,6.7935004,1.7606983,5.9520826,0.77577424,-1.4134916,2.2671707,0.34462345
1.4939713,6.535921,1.776278,5.9879518,0.7852173,-1.5319343,2.2366636,-0.017712772
1.8632724,5.882865,1.6712894,6.0307713,0.7859328,-1.4787837,2.2575414,0.36088574
1.4260492,9.652847,1.792561,5.899465,0.73431396,-1.4649835,1.8203211,0.08467996
1.4628736,2.2520812,1.859792,5.7806206,0.81086445,-1.5174161,0.17222834,0.1283027
2.5696907,2.6277232,1.893147,5.68706,0.7972312,-1.4207017,-0.13133997,-0.025719821
1.0786036,5.623409,1.901267,5.7387304,0.7906091,-1.4122808,0.023950696,-0.37879163
1.1296457,7.908726,1.8699543,5.8274198,0.7600577,-1.4807764,0.6406301,-0.06245488
1.419888,4.8459387,1.8545144,5.7961526,0.7369683,-1.3966473,0.16789937,-0.16357315
1.333378,3.6328897,1.9143806,5.6973515,0.7389579,-1.3680689,0.28688848,-0.004018128
2.8081276,8.584305,1.9769876,5.952859,0.5151005,-1.1497083,2.333895,-0.20407343
2.7901044,8.865643,1.9238548,6.19462,0.5273545,-1.1363944,0.9116298,-0.31580025
2.9683247,8.701907,1.9858489,6.187068,0.47313666,-1.0721917,1.3156497,0.026937485
2.2826605,9.894844,1.9966853,6.1692924,0.39663935,-1.004576,2.416581,-0.022291154
2.0720756,3.6632977,1.9868758,6.237254,0.44467115,-1.044484,2.1659703,0.14797187
1.9461054,5.539856,1.9362912,6.2519026,0.458601,-1.1698844,2.8772242,0.04639411
1.8881743,2.1166573,1.9011765,6.1673536,0.45885897,-1.1645143,2.8194437,0.27891332
2.711683,6.067397,1.9643707,6.115839,0.46227837,-1.1977646,2.6175237,-0.24593496
2.135686,5.6391606,1.9780378,6.1777873,0.45881772,-1.09448,1.9128633,-0.12708691
2.3178043,7.355433,1.9778485,6.181991,0.45709682,-1.1291878,1.3376582,0.08127892
2.9201727,7.693544,1.8752732,6.224273,0.453202,-1.0308527,1.0536735,0.012668014
2.42139,6.1402745,1.7880998,6.347229,0.43813014,-1.0603366,1.4748521,-0.1308836
1.9897938,3.7906306,1.8809321,6.408385,0.4038496,-1.0524564,1.4925933,-0.16990307
2.6345077,7.5402093,1.8816738,6.3277893,0.42348385,-1.0796968,0.7084515,0.0740819
2.6270113,8.75977,1.8876183,6.4502573,0.42421627,-1.082565,0.85433245,0.1770913
2.8353078,8.453602,1.7433829,6.5052867,0.40549827,-1.0109239,1.9359148,-0.0028086305
1.6138148,8.62762,1.7099643,6.568798,0.45073485,-1.0293292,2.057961,-0.2352421
2.6393988,5.4534006,1.6863527,6.5796776,0.47258544,-1.2053516,1.6019287,0.6590644
1.8313012,5.7719116,1.7158885,6.626261,0.479959,-1.145504,0.9897436,0.6468849
1.8459792,3.6917348,1.7684963,6.499919,0.4738896,-1.2178838,0.80253446,0.3473673
2.0343947,6.1422496,1.6907287,6.5066233,0.4897294,-1.2050264,0.75097466,0.25819707
1.4674441,7.0345354,1.7603798,6.495468,0.48744345,-1.1597373,2.9681408,0.44694728
1.4112692,5.058955,1.7520666,6.450639,0.50378275,-1.1733954,2.9689584,0.5615319
1.2348642,4.1041737,1.7189536,6.452625,0.5253935,-1.1826437,2.9765356,0.36721593
1.761966,5.17362,1.7353923,6.3681755,0.55067396,-1.2158744,0.71412766,0.22026718
2.2874331,7.9802985,1.7394965,6.323453,0.5583844,-1.3060817,1.341944,0.18463969
2.1427965,4.3532524,1.8249636,6.246164,0.6052649,-1.3282561,0.6930028,-0.3546955
2.291747,4.912524,1.7592762,6.2777243,0.5998423,-1.3167601,0.5457587,-0.3194501
2.8065653,3.4989352,1.8459151,6.060956,0.6083927,-1.2686732,0.29400408,0.2596537
2.6330466,2.9713247,1.9278555,6.1160364,0.5714705,-1.2670119,0.23574793,-0.34780702
1.8691792,6.0486393,1.9314232,6.082805,0.55053973,-1.2560728,0.27179372,-0.37228477
2.86792,5.0918016,1.9330068,6.0765576,0.5410783,-1.1654209,1.2632861,0.25534523
2.6568773,4.546074,1.9503086,5.9771366,0.52210045,-1.1880362,2.105231,0.08763158
2.9597075,7.816215,1.8965702,6.0458097,0.52608323,-1.2189386,0.9893855,-0.08099389
2.756063,5.515659,1.9995184,6.1895065,0.48615336,-1.2085791,0.67586803,0.093587995
2.7491257,3.5253983,1.9946816,6.1020603,0.4701357,-1.2076318,0.9695604,0.1586324
2.6122432,6.440339,1.9961782,5.9872465,0.54243255,-1.1986482,0.19150293,-0.42530274
2.6398065,8.012787,1.9606524,6.069175,0.54871297,-1.180665,1.6451542,0.49096346
1.4133523,6.197268,1.964844,6.0643215,0.49947357,-1.2380481,0.8529159,-0.25589478
2.9003496,7.844617,1.8739815,6.108697,0.56419206,-1.2648613,0.5134475,-0.25298876
1.4898758,5.767171,1.9527323,6.1074715,0.59852934,-1.3275423,1.5130484,0.5288384
1.6455528,5.820221,1.9239511,6.111917,0.56653,-1.2985339,0.7570231,-0.2173459
1.8222874,4.773162,1.9286435,6.136436,0.6028569,-1.3320754,0.42541087,0.25953597
2.164403,6.4394917,1.8941295,6.0389504,0.56763005,-1.1916922,1.5656166,0.5263891
2.527083,8.082127,1.8931041,6.1202817,0.55907154,-1.2687564,1.7012565,0.15499747
2.2829752,7.954527,1.9765692,6.0440245,0.5949364,-1.2690558,1.8229797,0.47307646
2.6320739,8.301079,1.9567628,6.045613,0.57290506,-1.2143977,1.1519935,0.6210122
2.40792,5.546038,1.9466431,6.050415,0.5938506,-1.2792552,1.3561981,0.3335557
2.1460514,6.915086,1.9483414,5.953574,0.6302533,-1.2750403,1.2853663,-0.08157915
2.118095,4.4696655,1.9861033,5.874813,0.6484046,-1.3189702,0.76078284,-0.018779099
2.5975814,6.9833317,1.9443936,5.9060245,0.65676,-1.3270622,2.665476,0.40730834
1.1503971,7.4575295,1.863539,5.9973054,0.6529434,-1.2913939,1.5937171,0.025776029
2.130383,6.1030498,1.8508465,6.0543623,0.650877,-1.3111246,1.7795999,0.6116204
2.5707526,6.9285655,1.825532,6.1172867,0.6345916,-1.3303041,0.26831913,0.19433749
2.7248814,8.035543,1.823905,6.1162567,0.65255475,-1.34118,0.6727258,0.13488829
2.7616653,7.2754416,1.8254609,6.137811,0.64376736,-1.3356028,1.1415856,0.42888594
2.6033742,7.3204737,1.8827589,6.0715904,0.64295244,-1.3622687,0.70794785,0.0030021071
2.621047,7.0203047,1.836443,6.068784,0.62792325,-1.3451865,0.88093483,0.37466228
1.7704241,7.6278152,1.8138311,6.2524366,0.585865,-1.2765217,0.742736,0.22240508
2.1477442,6.614342,1.7675452,6.2327857,0.5686171,-1.2658627,2.9587164,0.5357528
1.7780268,6.793119,1.810549,6.2208776,0.5702393,-1.2304647,1.2724156,0.32241625
1.7926521,6.0865097,1.74755,6.242934,0.58140326,-1.2758656,1.4687111,0.16932285
1.4945908,8.956289,1.7708054,6.375251,0.5630238,-1.3047535,1.5187654,0.38094258
2.1103494,5.3336043,1.7546744,6.1308427,0.55878067,-1.1753786,0.63474834,0.069592535
1.4284022,2.7005243,1.8105049,6.2375097,0.5680585,-1.203224,0.900458,0.38785088
1.8382928,2.1896074,1.8526709,6.1489983,0.5888417,-1.2297916,0.19528365,0.0002799034
1.6102979,6.501846,1.7536335,6.2322044,0.55081177,-1.1971452,2.149888,0.19827819
1.5862594,2.769319,1.7371702,6.265937,0.50141835,-1.1457,2.2140617,0.17042589
2.06502,8.44412,1.7994597,6.3661585,0.49807477,-1.1953533,2.0259461,-0.18549827
1.6700468,7.4982605,1.8321133,6.3446045,0.48126888,-1.0755147,1.2817996,0.09005493
1.1486108,4.9554615,1.8681247,6.346089,0.4874785,-1.1796803,1.3874917,-0.016133249
2.4663525,7.2303333,1.840694,6.339744,0.47366738,-1.1523939,1.1201346,0.61105525
2.377729,4.3078194,1.8136137,6.35598,0.49957943,-1.1793648,0.32317805,-0.044621825
2.0260253,6.0668526,1.8082874,6.358574,0.5299747,-1.2203604,1.3084304,0.12881625
2.370946,3.0120864,1.8177121,6.2485547,0.5331979,-1.1756704,2.1185346,0.4991656
1.9490825,8.680416,1.8255115,6.2592125,0.5407183,-1.227307,1.6682298,0.6125884
2.9101832,4.977454,1.817589,6.252163,0.5537622,-1.2139018,-0.32919532,0.011034131
2.03409,4.085803,1.7389283,6.3539753,0.5676117,-1.2627075,0.7388718,-0.17780331
1.604051,5.7629876,1.7513862,6.287613,0.57278705,-1.2530504,0.4022194,-0.038755268
2.6601934,2.677272,1.7326963,6.28299,0.58466554,-1.2403831,0.64280343,0.15676755
1.1625168,2.5741765,1.7336392,6.1475353,0.6175835,-1.2710111,0.50983083,-0.073743254
0.68335235,2.80587,1.8878996,6.0446396,0.6171143,-1.2934284,1.2392144,0.21665847
2.3988113,2.7606847,1.9389758,6.056953,0.575881,-1.2942728,0.069034934,0.25624728
1.2623467,7.5530133,1.970659,5.9053297,0.60546494,-1.2819345,1.8104744,-0.3890036
1.229928,5.2739964,1.9413526,5.9164844,0.6144073,-1.276415,2.8530521,0.24767631
1.2470735,4.0236063,1.9307325,6.128709,0.57243943,-1.3305244,1.3373599,0.049975753
2.224339,4.84904,1.8729622,6.0902085,0.622926,-1.2657554,1.6575172,0.19355232
0.95182526,3.9550695,1.9129996,6.0361986,0.6262865,-1.3474027,0.8814815,-0.12616074
1.9468718,4.2403784,1.9431059,5.812379,0.66895247,-1.3719172,0.8860005,0.3445294
2.2305863,4.7972436,1.9199376,5.946179,0.65296674,-1.3825707,1.0271719,0.39472413
1.6830482,5.222908,1.9478605,5.9573574,0.67985487,-1.380019,1.1878095,0.3085131
1.9110504,4.9808316,1.8851652,5.9825935,0.685133,-1.3524251,1.0591352,0.39313972
1.3959982,4.2435493,1.8974526,6.11108,0.6376331,-1.3299072,0.45176637,0.06791192
1.061808,3.3208158,1.9055243,6.117792,0.59831166,-1.268544,2.5152154,-0.15173131
2.3457983,7.012136,1.9185648,6.117352,0.6026318,-1.3119246,2.509723,-0.32137758
0.9982042,3.6587822,1.7692418,6.252809,0.5685377,-1.3274119,2.1183982,-0.13214591
1.7395157,3.648136,1.9284754,5.9800706,0.6020467,-1.2426636,2.9074397,-0.104169905
1.6719093,3.448739,1.9299681,5.9651294,0.5905144,-1.3076141,2.8858519,0.50214183
1.458949,6.5276675,1.9547045,5.9606185,0.553293,-1.2668763,2.6682587,-0.43469578
1.7500827,7.1286216,1.9455879,6.0142145,0.59015465,-1.2529259,2.735441,-0.24369502
1.5729688,2.7948608,1.9315193,5.9946985,0.55685306,-1.2628782,2.876572,-0.07216865
1.6045988,7.674539,1.9672089,6.0037813,0.5280595,-1.2075837,2.9020257,0.11322409
1.9844959,5.0159063,1.9535248,5.99911,0.52625513,-1.2276053,2.6859221,-0.28604358
1.3300984,2.7107525,1.9650149,6.026598,0.52792525,-1.2691901,2.3595984,-0.26128343
1.3822334,4.0555973,1.9830494,6.038033,0.5189264,-1.1632252,1.601728,0.041946292
1.2266219,6.5424895,1.987983,6.126207,0.5068569,-1.1767502,2.0268848,-0.33518985
1.2018119,7.4382925,1.9898493,6.1831694,0.5093434,-1.2147465,1.8548613,0.5157895
1.7943993,5.256345,1.977834,6.1606293,0.51452947,-1.1799946,2.7068272,0.37461454
2.368866,5.136182,1.9826317,6.18108,0.4429586,-1.1481388,2.5946538,-0.3252989
1.0887592,4.4078817,1.9986272,6.390703,0.4311123,-1.1915419,2.348921,0.137398
0.9717827,4.775817,1.9232383,6.5492687,0.4020307,-1.090588,2.5732176,0.5567852
2.46369,4.590797,1.8372085,6.531712,0.35834312,-1.120216,2.6889205,-0.26499027
1.8269465,9.187325,1.8145838,6.5557756,0.412534,-1.0724283,2.922198,0.43509305
1.7951651,5.004051,1.8231225,6.560862,0.40860033,-1.1558273,2.8036282,0.10286951
2.619425,6.3341913,1.8364992,6.2940493,0.41039586,-1.0685942,2.8566132,0.13422757
1.608395,4.572263,1.8028975,6.480032,0.3892262,-1.0537645,1.9506669,0.0071861744
1.9829696,8.935552,1.8783472,6.5804615,0.3830006,-1.0409763,0.9504875,0.34252787
2.4155345,8.17531,1.8236744,6.4197874,0.4527526,-1.0962498,1.8847535,0.05035937
1.5337497,4.301097,1.8299646,6.3623238,0.49695802,-1.1117452,0.800228,0.1936019
1.5554137,2.8179736,1.9182558,6.334306,0.4294088,-1.1325502,0.60693574,0.22703403
1.2061869,2.7455328,1.9419186,6.370348,0.4081912,-1.1431271,0.44470537,-0.043634355
2.5812588,3.8031027,1.9400218,6.422593,0.40779996,-1.1103239,0.5720823,-0.09770006
2.8614528,2.754572,1.8844802,6.322752,0.3967061,-1.080608,2.1134336,0.1304338
2.727403,9.638758,1.8352742,6.3644466,0.45622325,-1.0481248,2.5072012,0.116883814
2.6812735,9.55295,1.8291297,6.323085,0.4526422,-1.0600145,2.210514,0.21335483
0.65887904,5.36679,1.5568435,5.71727,1.1140504,-1.7922095,2.1891894,-0.121171504
0.5477652,5.9795475,1.5605445,6.08088,1.1113758,-1.7827253,2.0679898,0.63775134
0.5613876,4.5739574,1.5099134,6.0505805,1.0858226,-1.7297018,0.9984672,0.055090725
0.60379684,4.911276,1.5209875,6.0675144,1.0724831,-1.7228816,-0.06904203,-0.15409744
0.76458615,6.1973534,1.5673022,5.8327694,1.0500281,-1.743623,1.1742303,-0.404643
0.905526,6.144363,1.6475759,5.7393737,1.0727406,-1.7643548,1.3345757,-0.17349195
0.8754087,2.782435,1.6441469,5.674978,1.0628905,-1.7567122,0.65753233,0.4339465
0.7007301,4.967101,1.7050838,5.647968,1.0481045,-1.7281628,0.75093555,-0.14188993
2.8028054,8.907587,1.6411078,5.7659,1.0773323,-1.726491,0.16188455,0.43627644
2.86079,7.1653733,1.673861,5.721282,1.0832236,-1.7990243,0.401536,0.4923724
2.6325002,3.7481723,1.4892697,6.002533,1.0430179,-1.670853,-0.4385847,-0.43484253
2.3709161,7.333149,1.4887662,5.9919996,1.0417986,-1.6907791,-0.5496924,-0.36301547
2.0890164,7.7696133,1.4816132,5.966916,1.0525758,-1.7039545,-0.21223068,-0.28242916
2.4273703,4.7165165,1.5218003,6.0240817,1.003062,-1.6949062,-0.44006622,-0.19878551
1.73168,6.9197745,1.5274067,5.7875566,1.0644617,-1.7073352,0.7667873,0.15556073
1.0074378,5.7686644,1.5751867,5.7903824,1.061444,-1.7100726,-0.0101876855,-0.026089728
2.3610902,9.074577,1.6047645,5.7855477,1.0657191,-1.7425745,-0.010393202,0.03773135
1.5144823,9.033233,1.6611891,5.5618935,1.0807652,-1.7842231,2.8684888,0.065979004
1.0549822,7.533558,1.6822672,5.465048,1.0825591,-1.7606119,2.0948231,-0.31159925
1.4317794,7.4019027,1.6902547,5.495671,1.107466,-1.7669802,0.7609552,-0.30317867
1.1481228,9.021597,1.717813,5.393841,1.0906286,-1.7147342,1.3479705,-0.36180425
0.89076895,4.233118,1.7371273,5.490157,1.106875,-1.8453279,1.7782719,0.29135513
0.63687766,4.050974,1.8648286,5.333829,1.0739589,-1.8351601,1.9949119,0.17875707
0.58027637,6.061571,1.8649185,5.4057617,1.1082354,-1.8175005,1.4361379,0.13971287
0.66812396,5.489542,1.8473935,5.3963003,1.0820687,-1.7253126,1.6398094,0.22064531
0.75100225,4.574604,1.8629589,5.4366875,1.0709901,-1.7645653,0.89125407,0.63643813
2.4049723,8.060835,1.840157,5.40686,1.0786266,-1.7658886,0.67685366,0.29550004
1.4346755,6.600499,1.7874298,5.3248177,1.0737145,-1.7564865,1.157716,0.50482094
1.767603,8.475029,1.7540674,5.3323727,1.0937293,-1.7850001,1.65327,0.2422347
1.5411398,9.538246,1.7687976,5.343849,1.0851593,-1.698405,1.0287876,0.05837357
1.5190405,2.3129146,1.8053756,5.325263,1.1151655,-1.8680536,0.35927057,-0.14227724
1.8116288,3.3348064,1.7591696,5.4069734,1.1402509,-1.8469568,1.4186339,0.051396966
2.611551,6.932106,1.7627544,5.4047356,1.1109884,-1.8087921,-0.07987356,-0.2120119
2.2814085,8.789224,1.7127736,5.426322,1.1055565,-1.8021357,0.15617454,-0.13063288
2.4181542,7.501711,1.7197404,5.4765286,1.1508591,-1.8477566,0.049209118,-0.03181094
2.2166543,9.371986,1.7231684,5.4496756,1.1560895,-1.8278136,0.233688,-0.24149185
2.3797545,2.9183738,1.642041,5.3698573,1.1464489,-1.7087255,-0.090617,-0.20502809
2.9351618,2.7638607,1.6445951,5.36605,1.163672,-1.8273736,0.21614683,0.70258904
2.9763544,3.7770126,1.5712662,5.3259487,1.2045515,-1.8711656,0.13451338,-0.08372158
2.8878999,6.6715546,1.5594702,5.45399,1.2672343,-1.9756051,0.58335984,-0.0748592
2.7951384,4.6483808,1.5473349,5.5434976,1.2525535,-1.8814328,2.7700486,0.90214145
2.8919597,9.399834,1.5224135,5.532748,1.2789707,-1.9163538,0.13257003,0.6145339
2.7440593,9.921249,1.5343664,5.5446854,1.3186533,-1.8845992,0.69138,-0.11598554
2.7301962,7.3832493,1.5565495,5.334034,1.3165061,-1.9779048,-0.19601238,-0.17457786
2.5929298,9.304011,1.5133543,5.4801927,1.3372836,-1.9384199,0.41838956,0.3628561
0.8397754,6.6254954,1.5288472,5.567004,1.2951155,-1.9122413,1.299994,0.3905983
0.7161815,8.4360485,1.522161,5.431921,1.354995,-1.9952799,2.4476924,-0.07149431
1.475558,8.704411,1.4858146,5.5640287,1.3371387,-2.009344,1.6492317,0.13558894
1.1543803,9.575941,1.4840908,5.546613,1.2970614,-1.9965379,1.9174516,0.45810103
1.1672018,5.7699537,1.489747,5.4281044,1.3181801,-1.9563591,1.0292845,0.3622223
1.185388,3.6976664,1.5164866,5.5655246,1.2841141,-1.8746976,2.0220451,0.7031108
1.9193447,6.3311105,1.5376196,5.4274673,1.2778378,-1.9141955,1.7193873,0.31901413
1.6346056,5.133031,1.5453081,5.4460373,1.2676427,-1.8982128,1.2692688,0.36515284
1.7965931,4.69321,1.5247364,5.4985104,1.2638955,-1.9008212,2.950499,0.9929558
1.6642444,9.956572,1.522305,5.5283365,1.2422097,-1.8934516,2.9679213,0.12240064
2.5479932,9.179955,1.5488219,5.5214176,1.2743566,-1.9362357,2.9833663,0.048571408
2.2416332,8.931126,1.5244639,5.461057,1.2644112,-1.853788,-0.07107204,0.5767143
1.832279,7.6833224,1.5264237,5.422472,1.2864938,-1.8881595,2.4788296,0.33918452
1.5725641,5.6016483,1.533117,5.378542,1.2623653,-1.9086955,0.28325403,0.31228268
1.5187224,8.05818,1.6154699,5.349651,1.2317252,-1.9128647,1.2233758,0.12491441
2.2208014,5.691037,1.6480193,5.2606926,1.2587476,-1.9173512,1.1824913,0.3047294
1.8441517,4.034354,1.6572537,5.1906595,1.3106034,-1.9636614,0.9634713,0.22514749
2.0408554,4.682081,1.6097832,5.1839294,1.3050103,-1.9298654,0.17972374,0.24252433
2.7985523,5.5234585,1.7072225,5.0577126,1.2498031,-1.9032731,0.52831507,-0.2118026
2.6359046,5.698832,1.7723091,4.993228,1.2412889,-1.9648017,0.14836967,-0.04212737
2.022122,3.0332603,1.7731304,5.055961,1.243267,-1.8784153,1.5601969,-0.17636517
1.8934273,9.621335,1.8069127,5.1088023,1.184833,-1.8655692,0.8592253,-0.22908032
2.4635613,8.39986,1.7813575,5.1061807,1.1824477,-1.8106979,1.6508496,-0.28850448
1.8072264,3.8654482,1.7794008,5.1164193,1.1859887,-1.8338697,-0.41910255,-0.46236134
2.7926795,6.3645973,1.7885988,5.068609,1.2353854,-1.8476256,-0.40536928,-0.332514
1.0564935,2.8498755,1.7836671,5.198551,1.2395017,-1.8781515,-0.47726774,-0.24049067
1.15095,9.498438,1.7318141,5.3659782,1.2420671,-1.9525458,0.33305943,0.16428626
0.78506327,2.2504592,1.7474341,5.147892,1.2832472,-1.937887,0.5575783,-0.1575023
1.1883435,2.2131107,1.7506783,5.116006,1.2681665,-1.9914997,0.5363885,-0.033623397
1.9819752,6.850114,1.7446227,4.976886,1.290833,-1.9364805,0.93731904,-0.044291854
1.7905186,6.0696025,1.7996621,4.986099,1.2158656,-1.9110479,1.356386,-0.06188363
2.342193,8.142006,1.8101766,5.045882,1.2143657,-1.845908,2.2125385,0.2259388
2.5261028,7.470986,1.8481188,5.025915,1.2073867,-1.8692583,0.19635344,-0.25979933
1.866467,4.4564238,1.936435,4.947432,1.1657722,-1.8091942,0.40509224,-0.48176575
2.6825752,9.261501,1.9074497,4.9839697,1.1531689,-1.8361411,0.94144154,-0.48763907
1.8322415,2.2899194,1.9075165,5.021471,1.132971,-1.8124433,-0.064824104,-0.12833744
1.7942374,6.005645,1.7994833,5.195319,1.121299,-1.7854044,-0.12726325,-0.26833224
1.7063066,7.2149053,1.854347,5.175006,1.1445069,-1.8125522,0.7534573,-0.24612388
2.307208,7.0417843,1.8533199,4.983925,1.1756411,-1.8380673,1.2459111,-0.13860884
2.417142,2.5846145,1.8484895,4.8839245,1.1939719,-1.8083165,0.8326882,0.091211736
1.3573236,4.019433,1.8481619,4.986355,1.2286744,-1.9314637,0.023252487,-0.28238365
1.2950556,6.882701,1.8532729,4.963636,1.2307911,-1.8828319,-0.08426589,-0.3438875
2.4571924,8.645607,1.8108277,4.997944,1.2248075,-1.9174631,1.1601028,-0.39481434
1.4891331,6.101202,1.8131928,4.986248,1.2440252,-1.9372712,0.3704574,-0.19521278
1.6124365,8.740522,1.7434764,5.0646877,1.2668526,-1.9098248,2.944497,-0.13375121
2.3720686,2.2087407,1.7066054,5.056409,1.3197331,-1.8676727,-0.30384845,-0.13426211
1.5817549,9.4554205,1.8112907,4.961196,1.259985,-2.004627,2.6647744,0.26428616
1.5767429,8.891064,1.8429341,4.95144,1.2420871,-1.8568592,2.0179965,-0.10241467
1.3009405,6.3175216,1.8528457,4.852909,1.24109,-1.9078686,0.3349315,-0.34201533
1.2880098,6.3585367,1.9058392,4.7113013,1.2370975,-1.8882263,1.4390461,0.14846855
2.270927,6.244573,1.9121892,4.6530657,1.2360253,-1.855262,1.8396013,0.24504232
0.94550896,6.6875515,1.929728,4.7511587,1.2438169,-1.8820119,2.020742,0.04469472
2.4325929,7.688957,1.9235556,4.8605614,1.2202997,-1.8746969,0.7354866,-0.14339471
2.2713883,7.608715,1.8693557,4.912763,1.2259507,-1.9236052,0.9911182,-0.12772554
2.4613118,5.0770607,1.8321612,4.8601513,1.2341986,-1.8625963,0.4761678,-0.32169816
2.338883,3.1645546,1.9138267,4.9556293,1.2118752,-1.8616446,-0.54503053,-0.4211151
2.5027947,5.0058002,1.9056525,4.8874464,1.2121899,-1.9049859,-0.3103183,-0.30582726
2.386805,6.679883,1.9062014,4.9067235,1.2118034,-1.8681859,0.29106104,-0.3499714
2.3956876,8.162556,1.8767083,4.846573,1.1956675,-1.832093,0.7512828,-0.39973736
2.382236,8.204084,1.9119508,4.9125476,1.1975605,-1.8977306,0.52833927,-0.30291653
0.9933908,4.350499,1.9630435,4.8395433,1.1811807,-1.8984559,1.1194077,-0.21482486
0.92631686,6.943635,1.9331491,4.791849,1.2173398,-1.8787698,1.8292959,0.023835301
1.7872432,6.7906113,1.9173155,4.721437,1.2690923,-1.8683248,0.965791,0.65983534
2.6474402,2.5269608,1.9074233,4.67441,1.2738218,-1.967699,1.0045993,-0.295398
2.9976506,4.2559967,1.911859,4.6586733,1.2343347,-1.9622302,0.8729451,-0.13841608
2.4031818,4.2501497,1.9359608,4.6061664,1.3058836,-1.9621907,0.27279508,-0.111917496
2.2828,6.860612,1.9944665,4.574715,1.2900486,-1.9942726,2.4483576,-0.20395285
2.3709834,9.809151,1.9918451,4.476542,1.3314974,-1.9909534,0.7633076,-0.3197537
1.5432857,6.3316245,1.9895828,4.4065037,1.2898715,-1.99746,2.5521905,-0.20241779
1.376781,7.5824056,1.9922979,4.4014306,1.2769837,-1.9142892,1.613055,-0.16632059
1.3230497,6.863217,1.9444911,4.376582,1.2860358,-1.9482803,1.3536408,-0.28158104
1.9252672,2.891581,1.9493673,4.3872848,1.378128,-2.1058059,1.8103824,0.03804648
2.5634058,2.8277025,1.9426329,4.2663455,1.4328487,-2.1155243,1.9501791,0.497189
2.6365042,4.2296247,1.952589,4.289776,1.4356344,-2.0802996,1.7792234,0.029171884
1.3386934,7.2775955,1.9587328,4.2570925,1.4967482,-2.1508026,2.2205071,0.30389202
1.2223098,5.91074,1.8597517,4.3859334,1.4818769,-2.0952754,1.1117804,-0.44725543
0.84622926,6.861412,1.9247558,4.4120836,1.466613,-2.2264874,1.3996103,0.046527147
1.171657,8.613625,1.8751714,4.4080777,1.5007901,-2.1639788,-0.057440102,-0.19200581
2.5422907,9.899944,1.898437,4.362155,1.5091834,-2.174747,2.4567444,0.114899874
1.1602777,9.876043,1.8547676,4.376068,1.4794049,-2.0939372,2.9602628,-0.07612556
1.3535922,4.7636614,1.9669664,5.7471824,0.7211988,-1.4419873,2.230762,0.31428003
1.8280013,6.001302,1.9659722,5.756386,0.6990619,-1.4232477,2.1074035,0.09021318
2.730534,4.5757394,1.9985151,5.751069,0.64892197,-1.3167903,0.557055,-0.348143
1.4063866,4.1911325,1.9714816,5.7885127,0.667675,-1.3118625,0.6871766,-0.41260433
2.596043,3.3176699,1.967993,5.8247137,0.69088125,-1.3987938,1.218566,-0.29437834
1.5956972,4.3196383,1.8641486,5.900385,0.69789314,-1.3931663,1.2964327,-0.286784
2.5651743,8.690689,1.904561,5.882099,0.6811559,-1.3780749,1.484669,0.12590629
2.6942883,8.22319,1.8015242,6.0566664,0.71801496,-1.3833356,0.37399507,0.06759572
1.8026199,8.89102,1.8024521,6.0776415,0.71280885,-1.4303265,0.5450822,-0.4435278
2.0863824,7.185419,1.7852817,5.932154,0.6960933,-1.3529563,2.2044594,-0.3892999
2.0506914,6.5159283,1.8465338,5.9269085,0.73662186,-1.3354895,0.4212494,0.040441036
2.7311518,8.74758,1.8558502,5.897852,0.6975901,-1.344732,0.99529874,-0.044046044
2.2749481,8.723724,1.8214619,5.823675,0.71583796,-1.2847259,0.7453253,0.06220877
2.4554448,3.7016997,1.8549447,5.992186,0.6418898,-1.2979556,1.5293643,0.19741917
2.6699314,9.184401,1.9157596,5.9069557,0.603925,-1.2749408,1.547437,0.013516307
2.1950564,3.9788728,1.9689288,5.977044,0.5909891,-1.3230203,1.0979242,0.07182461
1.9701381,2.595061,1.9359345,5.833828,0.6259978,-1.3226197,2.1329603,0.45162666
1.9050997,2.1638978,1.950427,5.845051,0.6335466,-1.314586,1.0911572,0.6087681
1.8467978,2.4908643,1.9949346,5.7838755,0.6286793,-1.304526,1.8648512,0.35710192
2.2306848,8.786965,1.9664853,5.892702,0.6228359,-1.3381798,2.4942296,0.195678
1.5606494,4.046253,1.8633876,6.100524,0.6323986,-1.3112147,0.8631551,-0.046821386
2.3377275,8.764209,1.8500872,6.071995,0.623225,-1.2862465,1.146908,0.2702484
2.655921,8.142054,1.8002036,6.1872725,0.60742307,-1.3185015,0.8583437,0.2982645
2.4912906,7.574639,1.7484379,6.223929,0.6266842,-1.3023473,0.44471776,0.19452095
2.6275218,5.0085564,1.7944131,6.1002607,0.60075545,-1.2752752,1.6485944,0.19899803
2.7585006,5.849201,1.7756407,6.106681,0.61818624,-1.2769468,1.0512567,0.47411335
2.7955525,7.1737223,1.7101493,6.2115464,0.6117096,-1.3131919,1.1424503,-0.21656898
2.5910554,7.9561787,1.7547584,6.1224537,0.65391564,-1.3048346,0.8609985,0.34683645
1.742625,3.989699,1.793514,6.1135454,0.6531284,-1.2908635,1.4373007,0.39024484
1.5367925,6.459382,1.7699516,6.0761366,0.6688285,-1.3400521,0.2569673,-0.007886052
1.4925032,5.6864643,1.8116236,6.1188126,0.65655494,-1.3485973,2.080493,-0.37231526
1.0923278,4.18449,1.8832979,6.046453,0.68070173,-1.3436269,0.26291037,0.11739814
1.6921186,4.4857745,1.9039207,6.0252137,0.61237025,-1.2146599,2.3440511,0.54196453
2.1932764,6.2868886,1.9205117,5.9691505,0.59874797,-1.2476301,2.5342612,0.55379117
2.1139395,5.5188665,1.9119732,5.9679375,0.61037135,-1.2918981,2.6743965,0.44524276
1.4750749,5.424452,1.9233935,5.9700294,0.6260581,-1.3236539,2.973183,0.31767195
1.2558448,6.298118,1.8764646,6.0262055,0.613183,-1.3254461,2.9952235,0.361709
2.7010238,9.664997,1.7664361,6.095501,0.6125989,-1.3035576,2.7443037,-0.2732867
2.3148596,9.36743,1.78738,6.0936217,0.61939,-1.2549274,2.503173,0.4669143
2.3260255,7.173975,1.7316539,6.139655,0.6264014,-1.2617345,2.1277993,0.58937585
2.4014645,9.402683,1.7937036,6.172386,0.6247554,-1.2780093,2.0949626,-0.02850154
1.0796753,4.7749643,1.808445,6.178747,0.59491277,-1.2790391,1.2472997,-0.036165953
1.1694803,4.5129576,1.7570124,6.363898,0.6216097,-1.3579862,1.849402,0.27684045
0.9897287,4.040818,1.7761159,6.416527,0.5761583,-1.3361459,1.9883821,0.019286394
0.6750127,4.7966805,1.7735536,6.4943676,0.5444119,-1.189337,1.2739928,-0.1402739
0.63180304,4.735869,1.7775464,6.573244,0.5625174,-1.3656063,2.7845619,0.36408448
0.5781626,3.4279594,1.7533348,6.452551,0.5604353,-1.1771281,1.3652163,0.2803499
0.6862207,4.1412153,1.8374434,6.351923,0.5430789,-1.2794006,1.5672631,0.33752888
2.34975,2.8397484,1.7985168,6.2996507,0.55468965,-1.2929449,0.83687484,0.37628078
1.7746639,3.8383384,1.7617283,6.3589706,0.5202222,-1.2011402,1.3167222,0.57057
2.6043935,8.956499,1.6658983,6.4941926,0.5665579,-1.2240627,0.6753243,0.6108663
1.6737454,6.5408754,1.7825952,6.3959446,0.57035565,-1.2835495,1.2522786,0.15488261
1.6470096,7.6124725,1.8728299,6.1908355,0.56395817,-1.2281123,2.4280877,0.05699122
2.0119634,3.9068437,1.9141388,6.1194353,0.5337026,-1.2270105,2.043386,0.39495993
2.418076,3.5983057,1.9383898,6.085286,0.50278115,-1.1935539,1.7159138,0.021066725
1.9613951,6.4521832,1.9843669,5.9826117,0.5174961,-1.2077234,1.6168618,0.15072334
1.8525407,5.2716146,1.9819117,5.993488,0.53027153,-1.1562164,1.6950502,0.28552836
2.2231271,3.611506,1.9093523,6.0095177,0.53661203,-1.1759834,1.0167956,0.3177864
2.6591554,4.8503704,1.8555932,6.070767,0.5433135,-1.1759298,2.4303427,0.19532067
2.9738941,5.435152,1.8691473,6.117571,0.556561,-1.2159966,1.0330801,0.2913484
2.9861417,5.14402,1.9384613,6.084775,0.5270369,-1.2465792,0.45635962,-0.13987821
2.558472,5.571929,1.9446397,6.0789266,0.5276561,-1.1535208,0.90629125,-0.02773869
2.7398105,7.9894166,1.9441605,6.1328764,0.5549612,-1.2014651,0.77873886,0.44716918
2.9835784,4.151367,1.901933,6.0547104,0.55493546,-1.2437472,0.8391504,-0.07165313
2.984089,5.090316,1.9074554,6.2605524,0.48852563,-1.1322825,0.5853567,0.22343904
1.706588,6.5562935,1.9844222,6.1835084,0.44312,-1.1561154,1.304349,-0.007088542
2.8160026,4.652745,1.9149961,6.244427,0.43526316,-1.131151,2.689707,0.055342555
2.0971193,8.886002,1.8753014,6.113926,0.5002601,-1.1063929,2.755203,-0.060849518
2.4185758,3.3749833,1.8159919,6.2237854,0.50161123,-1.1238298,1.1593626,0.19276011
2.210506,5.5113783,1.8270037,6.3007407,0.44376397,-1.133311,1.3100808,-0.04809463
2.0147567,7.541308,1.8709857,6.3433623,0.44497037,-1.101671,2.3885581,0.1984334
2.2370431,4.839183,1.8872077,6.4087477,0.4238093,-1.1208369,1.5758572,0.40012336
2.2922513,5.213154,1.8747458,6.367506,0.41132712,-1.0954506,1.5010872,-0.22021165
2.0520477,6.9889326,1.9647427,6.2524824,0.44497204,-1.1332537,1.0405145,-0.15536231
2.36041,3.0628357,1.973449,6.2380486,0.44819593,-1.1344452,0.3565364,-0.4094726
2.10486,2.438398,1.9558148,6.2299094,0.47346497,-1.148724,0.3124113,-0.3673491
2.330268,4.4438877,1.9482794,6.271508,0.48273897,-1.1393098,0.92117345,-0.09584123
2.3483224,6.102696,1.9484885,6.2471485,0.44436884,-1.144825,1.79771,0.20925093
1.5546815,4.9212074,1.8845685,6.345278,0.46683645,-1.1271583,0.8321755,0.12820578
1.2029076,7.3869367,1.9103563,6.467225,0.44645,-1.1862178,0.7525438,0.11978692
1.9523342,4.618621,1.8799255,6.5540714,0.43169904,-1.1837368,1.0404699,0.37956893
2.4080083,7.4362392,1.8237967,6.4802303,0.5139072,-1.2036957,1.3745482,0.41602927
1.8854831,5.693946,1.7897973,6.369202,0.4884212,-1.199547,1.3705599,0.2831462
2.2472453,7.534403,1.7762258,6.4563365,0.46606493,-1.1634632,1.3221695,0.36727595
2.2147663,6.9943247,1.8220911,6.487667,0.46606135,-1.124893,2.2170057,0.25536966
2.107478,9.256786,1.8231032,6.2742004,0.4946823,-1.0947747,0.7841896,0.17566037
1.5240145,2.5504065,1.8360066,6.4136105,0.46780968,-1.1304213,1.0110593,0.27446795
2.0074594,8.817837,1.7438993,6.383977,0.43781638,-1.0513268,2.1677113,0.2400124
2.9768372,8.190354,1.7001593,6.4535613,0.45235896,-1.1119974,1.4004443,0.3092144
1.9517529,7.801256,1.8090672,6.1804857,0.48993015,-1.1676202,0.80473876,0.026962698
2.7515557,6.5603576,1.9453554,6.053223,0.47212434,-1.1379923,2.7195837,-0.3463765
2.8358624,6.321328,1.9392807,6.066793,0.48322344,-1.1114364,1.5978606,-0.44190246
2.629452,5.5614405,1.9790254,6.2079096,0.46969724,-1.2014139,0.69676197,0.08083731
1.5381572,3.1948068,1.9662576,6.0814314,0.48913026,-1.1210171,2.5533574,0.56299984
1.2812316,2.853861,1.9430704,6.163497,0.47336292,-1.2216501,2.7156005,0.2161066
1.6389197,5.702813,1.8860607,6.151922,0.56676245,-1.2962532,1.7680049,0.43769187
2.286974,7.25046,1.9012494,6.088743,0.56950045,-1.2828538,1.3219371,0.37534857
2.3935366,8.006474,1.933897,6.131607,0.5485339,-1.2707379,1.6023805,0.360986
2.105679,5.448573,1.9480791,6.1806355,0.52264524,-1.2254355,1.26443,0.3131274
2.128748,5.858289,1.9545949,6.229649,0.5060749,-1.2141905,1.8646703,0.073527336
2.1031222,5.976197,1.974766,6.2486134,0.49190187,-1.2274301,0.5507802,0.39994836
1.6956122,4.087101,1.9551802,6.177254,0.4939909,-1.1423581,1.1622376,0.36194348
2.267971,9.227957,1.8679845,6.2098875,0.4851954,-1.1524746,1.3868976,0.013457239
1.8029561,2.2655768,1.9880672,6.242256,0.475945,-1.2058637,0.57853115,0.04268968
2.026969,2.3072882,1.9810681,6.260806,0.39247298,-1.1404343,0.67472935,-0.14210802
1.6279494,2.321322,1.9753392,6.3928604,0.41037655,-1.0777898,1.8571951,0.5963298
1.3227799,3.8754616,1.9634514,6.4495564,0.41717625,-1.1404402,1.7474394,0.5400399
2.0875602,2.8922718,1.8520975,6.511544,0.39442968,-1.1144003,1.4407372,0.44942737
1.7477123,2.9961078,1.8495324,6.5468044,0.35774446,-1.0214202,1.1079016,0.5170641
2.0122414,3.2162728,1.8477495,6.5604043,0.33418632,-0.971395,1.3509507,0.27201575
2.0724988,5.454334,1.8618965,6.688694,0.29566026,-1.0114341,1.206342,0.14960068
2.3895123,4.142564,1.890414,6.5615416,0.31500626,-1.0227084,0.9301394,0.48495173
2.588624,3.98729,1.8493235,6.6015654,0.31532764,-0.9269843,1.1590464,-0.32807836
2.7306695,9.14303,1.7974472,6.6276603,0.30084968,-0.9748645,2.040039,0.095715284
2.683441,5.350381,1.8096609,6.669347,0.2916932,-0.9083772,2.1161404,-0.23149431
2.3164682,6.1539083,1.8146896,6.59565,0.30469012,-0.97035956,1.8682077,-0.49596953
1.9478244,8.083092,1.9480577,6.532549,0.2721715,-0.9362006,2.102317,-0.49850944
1.9656594,4.5110865,1.944633,6.645465,0.24770832,-0.93470526,1.3165705,-0.36455566
2.092524,2.0477815,1.9181726,6.6471057,0.23508835,-0.93343544,1.6245275,0.44605815
1.3874705,2.11699,1.9170148,6.585843,0.26448917,-0.9557555,0.88335454,-0.1782167
2.5032125,3.305974,1.9439442,6.555496,0.2617514,-0.9704585,1.9861884,0.5052992
2.4847515,3.7634583,1.9063494,6.5805855,0.23166561,-0.91832256,2.20521,0.19043052
1.8080666,2.0264049,1.8513939,6.5914483,0.2858789,-0.87303734,1.36499,0.46039945
2.847073,5.9502916,1.8404064,6.680851,0.24640846,-0.8390887,1.5321002,0.29669356
2.608003,6.7959757,1.8640113,6.6986017,0.24140525,-0.90740085,1.7490177,-0.35956568
2.2068553,5.9566092,0.6477487,7.7837095,0.49030924,-1.0553981,-0.7417127,-0.32348472
2.7421398,8.038898,0.65755415,7.740052,0.46565557,-1.0420407,0.2193278,0.3264314
1.7971318,6.877333,0.65153456,7.699782,0.43202972,-1.0224369,2.838554,0.9979471
2.790793,6.336699,0.6730865,7.6684875,0.4419062,-1.0581962,2.7720096,0.9964069
2.6366131,7.2860913,0.67044735,7.700494,0.42481875,-1.0577288,2.7270916,0.9867798
1.5554914,6.103749,0.6795442,7.860045,0.3901639,-1.0736277,2.0717692,0.46464825
1.3920112,7.9918566,0.7832309,7.8845654,0.42139983,-1.0568645,1.121021,0.66156745
1.3060364,3.4546509,0.7922175,7.950054,0.33654094,-0.96782947,0.29661632,0.72517216
1.0579153,4.428052,0.956635,7.877665,0.33083248,-0.9673517,0.42625797,0.6547117
1.0231986,5.555327,0.9361297,7.829538,0.3272097,-0.96653986,0.7665374,0.6396923
1.244996,5.3501177,0.9144882,7.7401233,0.31513977,-1.0040646,1.9044852,0.63680923
1.0671017,5.879276,0.94349813,7.84303,0.3236115,-1.0434855,0.687623,0.5142896
1.5032905,9.134306,0.77895117,7.953743,0.3020358,-0.94577885,0.3971448,0.42831683
1.8360451,6.434371,0.6855004,7.8756843,0.28045797,-0.9310863,0.6045532,0.35396147
1.6068614,6.131251,0.76039314,7.91665,0.2794516,-0.89951444,1.1377685,0.66097355
1.8380895,4.8775578,0.7304349,7.850631,0.2633505,-0.87986946,2.2932696,0.8177868
1.950134,4.145211,0.71670485,7.797094,0.30720448,-0.91191363,0.08561933,0.7547457
1.8063078,8.619682,0.7034426,7.80616,0.2955234,-0.8990102,0.8862183,0.5582069
1.4861345,7.5943794,0.7682742,7.8008885,0.29846454,-0.8845849,1.0868886,0.5555756
2.4599166,9.478707,0.704566,7.7651806,0.29814124,-0.8563881,-0.20682174,0.50551987
1.6963524,7.805525,0.6352432,7.900448,0.31598186,-0.9009011,-0.24705368,0.02443266
1.6477127,7.105665,0.8134239,7.993721,0.32494617,-0.92342997,0.9077449,0.67869246
2.6981912,6.531763,0.32083428,8.069805,0.33089113,-0.96098804,2.0792181,0.870466
1.6857419,8.954275,0.3238616,8.238908,0.31292725,-0.89531016,1.4519188,0.97450507
2.4411922,8.893977,0.45864892,8.12011,0.26439166,-0.8663478,-0.011289179,0.893114
2.633088,9.494299,0.49638677,8.231766,0.1953857,-0.8354106,0.0171026,0.67424357
1.8436825,7.0687804,0.5902834,8.197678,0.16846108,-0.794209,0.06817067,0.336554
1.7288331,3.7466671,0.60711217,8.07168,0.20677829,-0.85138345,0.50431144,0.53178596
1.295095,5.5558567,0.6722865,8.0064125,0.22092962,-0.84815407,-0.18108839,0.36840916
1.3240813,2.9168494,0.6278856,7.9725914,0.19432068,-0.8236723,-0.12117988,0.09434646
1.6753871,7.3699155,0.76486397,8.067482,0.20696187,-0.851069,0.2294277,0.29657835
1.2003828,6.753429,0.85074115,8.06481,0.24602056,-0.90922785,0.2841308,0.053082705
0.9798396,7.3096547,0.90262413,8.01526,0.2825768,-0.86349463,1.0332148,0.91511095
1.0126985,8.171211,0.9048444,7.9392385,0.31983757,-0.89279747,0.9789227,-0.015269518
1.1034453,6.076273,0.8652153,7.941455,0.32201123,-0.9299557,-0.4184432,-0.19249722
1.1815075,6.1631336,0.8397696,7.9168262,0.29811835,-0.91372514,-0.056746483,-0.21139506
1.065518,5.2520876,0.79235756,7.9509363,0.23449445,-0.86108804,0.056812644,-0.19193137
1.0937717,6.145778,0.7638185,7.9740157,0.27319407,-0.91398764,0.019112587,0.18035895
0.9813576,6.260351,0.7677944,8.027597,0.3267603,-0.862854,0.45758104,0.46965873
0.97269166,6.449669,0.8290465,8.048693,0.32646632,-0.9416375,0.1246984,0.23304981
0.93367803,6.268452,0.6978257,8.100282,0.32809377,-0.93039536,0.09061241,0.2112974
1.1890602,5.8602715,0.72280645,7.9799724,0.3412707,-0.95124745,0.5106826,0.3994925
1.2521142,6.2366505,0.80531025,7.9431367,0.31895924,-0.95690155,-0.04197389,0.17727959
1.4214487,7.568128,0.5968647,8.020177,0.31448936,-0.8840232,-0.31610423,0.20603812
1.332802,7.6279683,0.5701091,8.077942,0.33035183,-0.9323063,-0.114548445,0.15606803
1.3551221,6.7462025,0.6899376,7.9999757,0.3310535,-0.95257044,0.18094647,0.41797233
1.2386036,8.608858,0.6692183,7.9803095,0.3575952,-1.0421538,0.2591008,0.45180833
1.227489,6.1837406,0.7457826,7.8618174,0.34736276,-0.8847008,0.67048657,0.411965
1.311332,5.4698577,0.7596116,7.859271,0.34219718,-0.8924153,0.30483937,0.9303839
1.3934737,7.6828527,0.7646363,7.843759,0.32560325,-0.95479226,1.9215424,0.6768075
1.2261634,8.969543,0.6805358,7.978896,0.33650994,-0.96556735,2.1848934,0.6733172
1.4599965,8.947628,0.7044498,7.7908025,0.36422253,-0.99235034,2.8562505,0.66716766
1.5976542,7.232707,0.6360327,7.8489866,0.39394855,-0.9652953,2.182938,0.7579893
2.2411735,7.72922,0.8173723,7.711868,0.35684443,-0.97543025,0.4305663,0.9205961
2.877291,6.5005856,0.78743553,7.535583,0.33223534,-0.94961977,2.0865903,0.74277663
2.3702986,6.0751057,0.8841319,7.774236,0.32651854,-0.9503875,0.44406176,0.9149854
1.6942102,5.1600685,0.70587564,7.771491,0.33912373,-0.9686403,0.8445864,0.78588736
2.0225286,3.6447988,0.6827791,7.768615,0.32353783,-0.96588945,1.0838621,0.60092854
1.0946113,3.6527843,0.80884576,7.8312583,0.32093072,-0.9714694,1.1546385,0.747751
1.192272,3.410162,0.7830272,7.8467627,0.28461003,-0.9044156,0.31910968,0.75648654
1.1933744,5.223878,0.86796284,7.8280416,0.28265023,-0.8791375,2.7302282,0.89085424
1.3611901,5.6677637,0.77526593,7.8229203,0.3009286,-0.89141226,2.9410353,0.8061882
1.8768662,7.8802977,0.5902084,7.8105707,0.33188677,-0.9198353,2.9945557,0.8030993
1.4217631,8.141489,0.6049069,7.8535132,0.3406725,-0.91391444,2.8521056,0.7868743
1.7022506,7.6692147,0.5919843,8.09939,0.24430108,-0.8469806,2.755635,0.9109243
1.4510995,4.920025,0.53547204,8.123939,0.23626137,-0.87460303,0.4380052,0.4991709
1.4460816,8.310543,0.54993105,8.19161,0.26794934,-0.86800814,0.5560162,0.74792695
1.8232257,7.0137815,0.44663203,8.044796,0.31634808,-0.911839,0.5256214,0.64636195
1.4635692,9.045026,0.57450914,8.052098,0.27671862,-0.8583138,0.34022892,0.379501
1.7529194,7.143298,0.4228251,8.168612,0.29683733,-0.9098427,-0.19770002,0.0558666
2.1238298,9.60512,0.43528056,8.10497,0.3055296,-0.906667,-0.6217896,0.07391602
2.8146229,8.545259,0.31614256,8.188221,0.34278846,-0.92145777,-0.66177523,0.05439484
1.9465575,8.684813,0.16523123,8.167323,0.3923223,-0.97196674,-0.5093758,0.14204031
2.163673,8.1081505,0.23444366,7.9314218,0.39719748,-0.9241576,-0.71484923,0.23655146
2.4500432,7.560865,0.35533082,7.932674,0.36781716,-0.9393935,-0.71603894,-0.12151545
2.1481965,9.534018,0.47613943,7.934613,0.34920287,-0.9264622,-0.100722134,0.15194762
2.1462631,6.7503424,0.66271734,7.7984424,0.3574984,-1.0521863,0.2884953,0.100198746
2.527462,5.538185,0.6952307,7.7455244,0.37543416,-1.0039101,1.5281918,0.6375208
2.7239912,7.4445486,0.6085539,7.896401,0.39120007,-0.98399687,0.5016413,0.7575836
2.8694572,7.7676077,0.6191323,7.588344,0.4123447,-0.94887066,0.73928964,0.85997474
2.5257423,7.7061605,0.6604278,7.6251106,0.4040947,-0.944134,0.9784397,0.8250067
2.8366864,4.581343,0.39573097,7.8548794,0.33673525,-0.92860985,0.12085533,0.737705
2.911759,6.791488,0.48870134,7.9370317,0.30780983,-0.9276712,1.3188775,0.8181317
2.5011172,6.9953146,0.6173122,7.9098434,0.28535557,-0.9274175,1.2714164,0.7248707
2.6048973,7.603346,0.63798547,7.957076,0.25518322,-0.9048028,1.3134944,0.748894
1.6869695,3.6226258,0.58882654,7.9872994,0.28916192,-0.85707307,0.40911043,0.68527365
1.7331464,4.2937512,0.5514116,8.081095,0.29108715,-0.9638343,0.565065,0.5715916
1.4495046,4.670969,0.47727513,8.202643,0.27843595,-0.93965364,0.6562997,0.53829277
1.3646142,7.9000206,0.4271822,8.292841,0.2996316,-0.92943954,0.48449528,0.5728046
1.1582439,8.850878,0.53729594,8.176151,0.3169906,-0.9197948,1.3452387,0.64119244
1.2397476,8.969173,0.51627254,8.13179,0.3217349,-0.94241595,1.2028224,0.6482421
1.3663862,5.248065,0.52653646,8.075621,0.33359122,-0.9085331,0.15030205,0.7113279
1.2755172,7.9436316,0.49967515,8.129498,0.3315637,-0.9168787,0.85648966,0.7199967
1.197355,8.39809,0.58591115,8.081421,0.33266783,-0.9254718,1.7636893,0.7855203
1.1970859,7.637117,0.57986903,8.091595,0.35131836,-0.88109946,1.1787341,0.8018688
1.2321999,5.427945,0.53384733,8.038153,0.27844715,-0.82456684,0.6698823,0.59676075
1.4825397,6.8514853,0.55150306,8.068338,0.286175,-0.90595627,0.49028194,0.42760885
1.805866,6.0834007,0.70446277,8.064695,0.25468206,-0.9157691,-0.04321134,0.6103724
1.5005519,8.776545,0.6212683,7.975523,0.2500341,-0.9061706,2.7527766,0.44817114
1.5640464,8.500813,0.8207998,8.089687,0.25901008,-0.94759893,1.3131177,0.8031254
2.7520804,7.4860334,0.5314791,7.9082303,0.28065395,-0.8546419,1.3325782,0.91942966
2.8691711,8.451687,0.7115158,7.8705688,0.2355659,-0.82411575,1.2691641,0.880319
2.0563035,8.467164,0.74300206,8.01308,0.15630841,-0.8257437,2.5311258,0.44251788
1.3384194,9.680712,0.7684158,8.26147,0.14946938,-0.7607291,1.7389367,0.8878894
1.4079651,9.443331,0.724035,8.278183,0.12579274,-0.77589417,2.6778953,0.7690474
1.3967105,7.290178,0.6477983,8.312241,0.1373148,-0.7907851,1.8334408,0.81209886
1.4878132,7.963122,0.34793282,8.316482,0.15650892,-0.78595304,0.64525914,0.6273794
1.8208144,8.373709,0.4261515,8.150568,0.19056487,-0.783097,2.5693622,0.5883461
1.8558242,8.444554,0.59964705,8.124859,0.14711714,-0.7719507,1.1081147,0.69231844
2.587832,8.212961,0.6063795,8.184467,0.090776205,-0.7443578,1.2112122,0.78569996
1.994465,8.312122,0.45379627,8.180714,0.11215973,-0.6552732,0.3382051,0.75143087
2.2656555,6.4907947,0.4057455,8.084803,0.098065615,-0.6827197,1.6711266,0.893788
2.5613935,5.7097673,0.37702036,8.111075,0.090194225,-0.656405,0.7195518,0.95856416
2.220827,7.272588,0.54081535,8.012669,0.07883835,-0.6559968,0.5133312,0.5583596
2.2983465,6.7834005,0.5166929,8.194653,0.088033915,-0.6673758,0.21404183,0.7270893
2.691161,6.701978,0.23985362,8.260218,0.06372285,-0.60891056,0.41537118,0.84324026
2.4809473,7.2103844,0.20966244,8.404479,0.06122613,-0.6502228,0.13706863,0.83477414
1.6751084,5.74536,0.0807724,8.50794,0.086299896,-0.6436076,0.31104124,0.6066567
1.5546765,8.545328,0.21307456,8.550085,0.07484102,-0.66160274,0.36976993,0.6344776
1.2825811,9.21771,0.7400472,8.411948,0.04706359,-0.67843103,0.05799544,0.17959684
1.2571204,6.6861644,0.62528634,8.44784,0.038990736,-0.7250526,2.9159791,0.7289071
1.2446795,6.9941597,0.7554345,8.349413,0.084522724,-0.7265239,2.362183,0.6872618
1.2700706,7.8574886,0.6555245,8.309679,0.09537864,-0.7525258,1.1615493,0.7978897
1.078109,6.5847826,0.7201804,8.228661,0.15210152,-0.7519448,0.7521746,0.80507135
1.0836434,5.1404696,0.74244595,8.193287,0.12193155,-0.75328064,1.8699017,0.5815971
2.470944,8.0287075,1.3199384,6.3070865,1.0014794,-1.7090788,2.5824013,0.4796965
0.51970243,2.3101866,1.2441807,6.4271374,1.0520699,-1.7180616,1.6220453,0.21061105
0.5238056,2.8817334,1.3842313,6.240581,1.0738456,-1.7179437,1.4463401,0.7338176
1.185378,2.741283,1.3390353,5.9840565,1.1384885,-1.7220854,0.6960615,0.8834691
1.0902417,6.4202695,1.3009822,6.0077066,1.1564927,-1.7251931,1.9645007,0.7997725
1.1339414,9.236228,1.3231387,6.1936684,1.1465828,-1.7712177,0.9351076,0.8982836
1.0839365,8.517797,1.2830045,6.2655897,1.108268,-1.7070981,0.89136195,-0.38623095
1.0374027,7.5968995,1.311388,6.1986,1.1037762,-1.7753135,0.095294,-0.25644726
0.8200536,7.8388352,1.4075527,6.2019453,1.1051242,-1.7973648,0.36417007,-0.43871137
0.91190517,9.860569,1.3686976,6.111819,1.1032307,-1.8055882,0.62302244,0.083581805
0.82749724,6.4082036,1.4225156,6.089637,1.1137488,-1.7581474,0.452888,-0.24426365
0.67410225,5.9475617,1.4207768,6.179188,1.0861576,-1.6929582,0.35705495,-0.30295283
0.63549584,5.8302855,1.3925171,6.2222013,1.0874572,-1.7036204,1.6267772,0.3508219
0.72618306,7.8234425,1.4072351,6.121898,1.1141553,-1.7727766,2.2530448,-0.03364128
0.84147114,8.029125,1.3182831,6.1396904,1.1038957,-1.7098321,-0.02292943,0.110939145
2.616315,9.477642,1.2961864,6.104678,1.1292264,-1.7900395,0.18930662,0.048360705
1.4136953,9.690731,1.3022046,6.103213,1.1347919,-1.7618291,0.058639884,0.3982787
2.844053,9.176392,1.2806067,6.1506395,1.1157749,-1.6911424,0.13291824,0.15971535
2.52869,7.03956,1.3222506,6.1424007,1.098633,-1.7499888,0.6754333,0.29178166
2.7027466,3.2389774,1.3128629,6.0956526,1.1035492,-1.722344,0.825976,0.48439205
0.7108905,5.123956,1.3469448,6.03993,1.12182,-1.7220895,0.542802,0.6501148
1.6150743,4.4861116,1.3149059,6.128267,1.128438,-1.6966286,-0.016334593,0.18706083
1.6380916,7.0864396,1.227036,6.131339,1.139091,-1.7167192,-0.1219486,0.03630209
1.7481899,4.3614426,1.2908034,6.258402,1.1197577,-1.7818767,-0.36120063,-0.07134199
1.6482053,8.946106,1.3497558,6.2383566,1.0992618,-1.759911,-0.21413589,-0.30924404
1.3499277,8.835459,1.306406,6.0327673,1.1050603,-1.6582959,0.12070167,-0.0034576654
0.6876272,4.235547,1.3586497,6.2142677,1.1010985,-1.7674036,0.13047361,0.0060605407
0.55531234,5.127515,1.4473457,6.237379,1.0821795,-1.7210951,0.46738768,0.40229273
0.84457976,8.725542,1.4401684,6.2029257,1.0674572,-1.7798859,0.10244906,-0.41269362
0.85427547,8.0965805,1.3566654,6.1599483,1.0906124,-1.6826993,2.2049773,0.040005565
0.8843494,8.941196,1.3084078,6.194451,1.0690968,-1.6967974,2.9677908,0.6556971
0.98454446,8.403646,1.3926904,6.1715803,1.0187635,-1.6879659,2.8869548,-0.08489901
1.0090127,9.541413,1.4417725,6.080536,1.0126758,-1.6139563,1.7674372,-0.053439736
1.0738811,9.755573,1.4747918,6.124819,0.97184443,-1.6207047,2.5410047,0.8065648
0.87391686,2.1741784,1.4658945,6.1201735,0.9650934,-1.634354,2.532641,0.21091521
1.1142159,4.0985427,1.4364591,6.0648947,1.0025709,-1.6145813,2.7329907,0.30374658
0.87922674,4.1464972,1.464416,6.088024,1.001373,-1.6170197,1.2744777,0.9051261
1.5509853,3.2422428,1.4286506,6.2120132,0.9589896,-1.5906221,2.133707,0.8900063
1.694527,3.1558776,1.3681197,6.1978865,0.9607539,-1.5962384,1.8483291,0.82171345
2.7002938,3.437817,1.2647624,6.3550587,0.99860525,-1.6267259,1.2100275,0.8861228
2.785681,7.645228,1.2010627,6.3193893,0.9920504,-1.6053758,-0.35547554,0.24170768
1.0667689,5.7431264,1.1880825,6.392539,1.0257916,-1.5219524,-0.64382607,0.07265842
2.3482454,4.169351,1.0869877,6.416061,1.0157876,-1.5395612,-0.5498359,0.18650365
2.4607296,3.8574924,1.1251297,6.4160204,1.0480423,-1.5585184,-0.9423036,-0.18516028
1.5609934,8.807344,1.1953852,6.453957,1.0270817,-1.6014566,-0.6966475,0.0015464425
1.764632,9.570078,1.2079809,6.4513497,0.99758863,-1.5697592,-0.14113861,-0.32221556
2.3627956,9.309406,1.1241038,6.5673904,0.9652622,-1.4928908,0.24297786,-0.16688707
1.8865012,5.564868,1.0963659,6.56511,0.9712951,-1.502716,-0.8714217,-0.20652479
1.993248,9.212182,1.2075589,6.4776382,0.9487343,-1.5106463,-0.51231027,-0.28758273
2.4852405,7.777821,1.2207985,6.3999147,0.9848335,-1.5508528,-0.2846641,0.28244448
2.106589,6.9298882,1.1429882,6.6165304,0.93382645,-1.5368738,-0.34641105,0.48774207
2.8273773,7.854566,1.159287,6.549053,0.9648342,-1.545212,-0.3656475,-0.16106743
2.9743166,7.5085783,1.1631532,6.520298,0.9859514,-1.59453,-0.44956172,0.15540576
2.366313,6.0771756,1.1985209,6.499429,0.9738946,-1.4762781,-0.5793159,-0.09317219
2.2702208,6.6614294,1.2738194,6.522772,0.8672371,-1.4712551,-0.37612295,-0.12514889
2.165687,8.314799,1.2496934,6.522814,0.87220764,-1.4904754,-0.16742194,0.080575824
2.4299154,4.5005713,1.2481556,6.5804873,0.908972,-1.5499868,-0.110192,0.048848808
1.9075742,4.292753,1.2757154,6.4714947,0.87625766,-1.5385722,0.29458725,0.17019397
1.969741,9.955198,1.2732131,6.5365458,0.8662622,-1.5004147,0.4206586,0.37874007
1.7608844,4.757717,1.3088117,6.4455605,0.92101216,-1.5588108,2.5756507,0.3756116
1.0909221,7.1711283,1.2563169,6.451914,0.92102027,-1.4853604,0.9646205,0.9359938
2.8002193,9.686171,1.258631,6.391344,0.9002216,-1.4938407,0.55116725,0.07943815
1.949549,8.690313,1.2813704,6.3297853,0.93458295,-1.567792,1.2917268,0.8258586
1.1615531,9.314926,1.3992622,6.332118,0.87921953,-1.4582088,0.736223,0.11340189
2.3172507,6.5605574,1.4019465,6.3277435,0.8633683,-1.548053,1.8075495,0.430575
1.4156413,6.760771,1.4266348,6.3356004,0.8689246,-1.5814201,0.21001744,0.4230175
1.4827347,5.5280643,1.4607005,6.3471947,0.894305,-1.6046016,0.46913886,0.26298797
1.3143834,8.472109,1.4290307,6.3946867,0.8641827,-1.5466932,1.6139693,0.732481
1.0478413,4.7868032,1.3131359,6.36812,0.8516824,-1.4383616,0.7915709,0.68643236
2.2396653,4.45212,1.2535567,6.496479,0.8773413,-1.4459585,0.2195704,0.42666012
1.3238893,8.746859,1.3048134,6.3719645,0.9123728,-1.4986535,0.0030810833,0.19143641
2.410688,8.837572,1.3995287,6.261142,0.9313712,-1.4875891,-0.27640098,-0.37490374
2.885387,7.1984105,1.3506329,6.433818,0.89396477,-1.4962056,0.3556193,0.64421487
1.2194822,7.2698526,1.3360007,6.423319,0.89611936,-1.5247524,1.5515761,0.4078349
1.6268109,8.659159,1.3618746,6.3401318,0.88696384,-1.5356178,1.45703,0.4340235
1.6627598,8.310682,1.4057505,6.4159164,0.84473825,-1.491741,2.5092435,0.4333918
2.0157504,6.5632606,1.3634875,6.4687953,0.82411623,-1.4807961,2.7030778,0.4513955
1.2104309,7.424312,1.3841729,6.4043145,0.82066345,-1.4941819,2.5463016,0.37106466
1.166398,6.125921,1.3671994,6.4675727,0.84202147,-1.5254798,1.6923015,0.33945382
0.9632957,8.988705,1.3296516,6.4880466,0.87483954,-1.4993291,1.0828574,0.40046346
1.5388789,6.712728,1.3332746,6.55848,0.8062577,-1.5102322,0.4881271,0.38892674
1.0469954,5.4499187,1.4944472,6.321665,0.89576936,-1.5530137,-0.08711648,-0.30059928
1.2735643,4.867072,1.4433997,6.3306665,0.89773893,-1.5384965,-0.24958688,-0.27726108
2.9445643,5.936122,1.300106,6.2403774,0.97092104,-1.6016232,0.095173955,-0.35644493
2.4948478,8.736954,1.3555682,6.1636033,0.951571,-1.5401093,-0.1495778,-0.107102215
1.6978368,8.433197,1.2840626,6.298895,0.91934085,-1.5458485,2.5352254,0.51868534
1.6172057,9.152395,1.3487184,6.3142977,0.93749356,-1.5086772,2.3431847,0.5527377
1.084573,7.287031,1.326149,6.3667016,0.92248774,-1.481622,1.597554,0.25916368
0.9525144,3.8343494,1.3762755,6.3416643,0.9489634,-1.6181835,1.044816,0.43008637
1.3034841,5.364791,1.4422045,6.13303,0.9488561,-1.5770264,1.0682607,0.5992291
1.1832763,5.968187,1.4719503,6.116455,0.9592266,-1.6430038,0.53135,0.23244393
2.4830892,5.6091495,1.4815049,6.0910473,0.9744539,-1.6342776,0.56671166,0.39055395
1.8695998,5.0491686,1.4688532,6.041482,0.97524023,-1.5985397,0.5365479,0.51367164
1.0336039,6.7354164,1.5013139,6.125949,0.9349618,-1.6294711,1.5146966,0.08273327
0.8048912,7.640701,1.5309484,6.1183476,0.9300926,-1.5496253,2.8730352,0.25641286
1.8654623,7.938099,1.5512514,6.1048756,0.9122186,-1.6167028,2.8047884,0.0072621703
1.0227618,7.6564865,1.5990269,6.016797,0.8924093,-1.5570887,2.6657124,-0.09693867
2.432388,6.872259,1.5985179,5.8260984,0.9362223,-1.5769775,-0.13714653,-0.32104802
2.5497212,6.218871,1.5927546,5.849612,0.978492,-1.6650878,0.9596827,0.28967905
2.4680371,8.093976,1.5473394,5.8838344,0.96342254,-1.6574289,2.1291213,0.49378562
1.2799687,7.871006,1.6103225,5.8178234,0.96239924,-1.6583133,2.1443439,0.27996886
1.9525068,7.102356,1.6438303,5.8306265,0.97855663,-1.6302061,1.2191746,0.46317393
2.0695362,6.8651915,1.6333997,5.738492,1.0011141,-1.6871743,1.705486,0.10074729
1.0043824,7.333566,1.6624281,5.6933565,1.0096345,-1.638174,1.4777894,0.10860729
1.5698442,5.623231,1.6264064,5.622254,1.0503807,-1.7610288,2.083739,0.40430152
1.6961294,3.2830448,1.6841636,5.5481763,1.0508225,-1.7241203,2.2652218,0.47902006
2.1110356,8.197466,1.675838,5.6063156,1.0399339,-1.7256138,1.4203501,0.50703526
1.3079684,5.785485,1.7237706,5.584091,1.0073376,-1.699811,1.5464919,0.2766853
1.260874,4.8700557,1.6269052,5.7208858,1.0051005,-1.6826289,0.72826076,0.07834959
2.1058884,4.882743,1.5601254,5.8505955,1.0054328,-1.6689575,-0.117566764,-0.1603575
1.7733644,4.6829615,1.6112237,5.8293586,1.0025561,-1.7064369,0.61943316,0.31501907
1.7263263,6.856794,1.5846746,5.828924,0.993006,-1.6447052,0.5354054,0.124958515
0.9652281,5.696264,1.6512494,5.8781214,0.9777379,-1.628981,0.31804514,0.03293723
2.1557984,6.409016,1.5978885,5.836649,0.98454547,-1.6607172,2.4768913,0.2561546
1.1575279,8.810516,1.5883355,5.963481,0.9962251,-1.7071936,0.4894482,0.27953517
0.9663623,9.841094,1.5291104,5.916642,0.9984734,-1.58374,1.7964752,0.36553323
1.5245477,9.718347,1.4975872,5.9210777,0.98892903,-1.6929579,2.4601374,0.2154935
2.755302,6.1031322,1.480391,5.9185476,0.9841263,-1.5742383,1.3347383,0.48606265
2.259583,8.086296,1.505868,5.9410877,0.9835496,-1.644809,0.9513968,0.022521615
1.1152109,6.9087915,1.539602,5.94391,0.9655218,-1.616626,0.85009086,0.15562332
1.6986334,6.8065305,1.48453,6.020857,0.95927334,-1.6151718,0.7043376,0.49659467
2.9824457,7.063713,1.5118458,6.0663424,0.9283085,-1.5469775,2.4883943,0.5469297
2.99351,8.142157,1.4129763,6.195903,0.9642074,-1.6432564,0.63325477,0.36175048
1.9402936,3.0228028,1.4900575,6.1577716,0.9710052,-1.6410704,-0.28093463,0.14166433
0.65537995,3.6209748,1.4894958,6.0725,0.9921565,-1.6419649,1.4238703,0.13454938
2.9368212,6.1688943,1.3134739,7.4391294,0.07736564,-0.66990304,0.21691704,0.30576044
2.872846,3.2996602,1.2227118,7.5632386,0.07112455,-0.68771935,-0.2277624,-0.08908397
2.8463006,3.103127,1.3526673,7.495848,0.08429146,-0.6684146,-0.15950596,0.63484824
2.316358,3.7362316,1.3868771,7.5071173,0.047030687,-0.6679807,0.11445272,-0.30516076
2.7405128,3.4960935,1.3780742,7.547033,0.024553299,-0.6646056,0.58182657,0.587764
2.061514,3.387138,1.4890544,7.5323324,0.025073528,-0.69178724,1.9707799,0.64032793
2.148839,3.0496998,1.3754561,7.477638,0.07438302,-0.70563793,2.5614462,0.7096617
2.4318962,6.2339563,1.4073629,7.5179753,0.0790813,-0.68974066,0.3356912,0.83885634
2.7195072,7.151535,1.4777968,7.5448914,0.04430437,-0.74610305,0.9642035,0.0696044
2.8354552,8.217664,1.5081799,7.4643555,0.057293415,-0.7188201,0.8658917,0.50549173
2.5314794,5.0798073,1.5250704,7.3517666,0.11038804,-0.740345,0.4059564,0.25834024
2.794837,3.1164033,1.3129485,7.3642926,0.09358072,-0.72147036,0.2611674,0.2600882
2.5180929,3.1157074,1.4184189,7.3932104,0.04382968,-0.7140274,1.5074394,0.42151308
2.5391493,5.692009,1.4485974,7.4694386,0.04976487,-0.7396512,1.2118332,0.25330043
2.3995094,4.890442,1.3683474,7.612792,0.058310986,-0.6948643,0.37466168,0.11853576
2.6024683,5.5677986,1.3220868,7.574397,0.059762,-0.6975436,0.036306143,-0.05116707
2.6784308,3.3725011,1.1976957,7.629516,0.013631821,-0.6848111,0.54565275,0.1600275
2.3988714,2.1237624,1.2880721,7.6827755,0.01654172,-0.7190895,0.0963012,0.3893268
1.5543122,4.205415,1.369287,7.629554,-0.013868809,-0.67226577,1.26788,0.49394494
2.7183433,4.9596605,1.2478871,7.5626016,0.06028986,-0.7400098,0.8008814,0.75861406
2.5298913,2.5643766,1.1473894,7.5559754,0.11483526,-0.7150779,0.9368762,0.69722605
2.2242951,2.3525949,1.1029258,7.589923,0.09206557,-0.71656466,0.5395503,0.64418924
2.741506,5.9138756,1.1993446,7.712485,0.069373846,-0.70372486,2.1113203,0.7318754
2.6161964,7.6283293,1.2257023,7.795743,0.06867528,-0.75067854,1.3519833,0.5903585
2.6735244,6.750934,1.0392966,7.719016,0.095769644,-0.7343168,2.0614555,0.6852926
2.7170188,4.939193,0.98587465,7.623098,0.103055716,-0.7292137,2.643677,0.9674641
2.1213026,3.4535818,0.89159787,7.836365,0.080507755,-0.7494731,2.4084084,0.54034567
2.0690112,4.171623,0.91200054,7.8246365,0.10507202,-0.7397609,2.4903297,0.8274143
1.2963128,7.2354326,1.3025622,7.8529124,0.15784931,-0.78045726,0.5008414,0.6587632
1.2975309,8.491987,1.3239164,7.8444676,0.16037822,-0.81697464,2.5059402,0.8923805
2.1602173,6.352308,1.2063036,7.7392454,0.12580323,-0.8175812,2.843951,0.98186207
2.0652068,8.031134,1.2054343,7.472408,0.16892886,-0.79834056,2.9984765,0.3387931
2.5502732,7.391963,1.2079649,7.470725,0.18637705,-0.8727839,0.68511045,0.35046148
1.9814223,6.2140884,1.256238,7.433608,0.20774317,-0.85971785,2.179663,0.53635144
1.687184,4.6928616,1.3056171,7.4253635,0.19978452,-0.85596204,2.4502335,0.7160773
2.0886133,4.8574505,1.3194692,7.5140786,0.22686815,-0.8590584,0.6152427,0.83785045
2.70929,9.1164,1.2971821,7.4980683,0.19736814,-0.88648415,2.413764,0.75891197
2.1103292,5.06181,1.145566,7.5268345,0.17827749,-0.78982496,1.5282724,0.27658606
2.2510712,6.464807,1.2123015,7.4642835,0.15038276,-0.787699,1.7393408,0.4714079
2.21592,6.8248677,1.290391,7.608612,0.15979528,-0.82673264,2.8487833,0.77013075
1.8179618,5.7723684,1.1635716,7.6233845,0.18230605,-0.7692373,1.0411417,0.8950101
2.0642931,5.006057,1.2625289,7.5694194,0.1442194,-0.779727,0.758703,0.6063925
2.087707,4.634856,1.249491,7.460001,0.13403153,-0.7926643,1.4649048,0.5238637
2.7494774,3.4926348,1.1837451,7.427204,0.1543982,-0.76201105,0.13392556,0.510991
1.9253929,4.6164207,1.0552564,7.5381036,0.18113065,-0.74902797,0.07319677,0.6288929
2.676724,6.3049054,1.0421557,7.648513,0.19260192,-0.78475595,-0.44649887,0.16626596
2.6155164,2.83207,1.0445547,7.5747914,0.18714619,-0.78962207,-0.6466589,-0.3054842
2.3484442,8.824463,1.137645,7.581981,0.18523932,-0.83654165,0.32002437,-0.25619572
2.2814102,9.074869,1.1655922,7.523191,0.18800354,-0.74032164,0.40446734,0.65739584
2.7172782,9.062042,1.2030609,7.6494403,0.17342162,-0.8992512,1.5259488,0.8510208
2.5889614,9.503397,1.232584,7.821697,0.17093778,-0.8177972,1.8048463,0.86928713
2.5669742,9.22777,1.1734886,7.7477126,0.16670966,-0.86843157,1.3961523,0.8629154
2.5317855,8.736881,0.81422794,7.705238,0.19927025,-0.8864229,1.4702048,0.40376616
2.6911852,7.405729,0.7297512,7.7732363,0.18391275,-0.80433893,2.0852938,0.5978812
1.8552363,4.9339805,0.8484659,7.9183016,0.18732333,-0.7454319,0.37437022,0.7241914
2.4124143,3.8549516,0.8512521,7.8650627,0.100076675,-0.62966776,0.5025054,0.88389635
2.2983577,3.5225751,1.0418739,7.7042966,0.08039904,-0.62167835,0.47607505,0.9477333
2.4903097,9.115915,1.1396694,7.870244,0.02239585,-0.6379211,2.8032587,0.25247633
2.5960824,6.9003134,1.1093628,7.731054,0.016569376,-0.65098643,2.9540462,0.50210595
2.2160034,7.0005913,1.2341669,7.6459427,0.010705233,-0.6604409,2.6319005,0.6307492
2.117384,7.301116,1.302916,7.7286816,0.023557901,-0.69697666,2.2682228,0.35823727
1.5432554,3.1508205,1.361932,7.6960354,0.068246126,-0.77670145,1.9267404,0.5829277
0.8200114,3.0260615,1.3670654,7.705075,0.067374706,-0.72774696,2.7660055,0.58215165
1.6579351,3.2965145,1.341084,7.6871085,0.06393075,-0.7535186,2.32111,0.46758705
1.8709645,3.644434,1.2293932,7.515662,0.1187973,-0.78305435,0.9958316,0.62681794
1.7214224,6.2691083,1.2179179,7.667664,0.094079256,-0.7778628,2.1447344,0.45470673
1.7339277,5.924635,1.2089338,7.690156,0.1196332,-0.8160987,2.162073,0.6980119
1.3469896,4.8931417,1.2418034,7.6014752,0.18741012,-0.8395405,2.0185103,0.6528429
1.1694257,5.0435696,1.121655,7.680669,0.20956469,-0.86633825,1.5117319,0.60917413
2.1647816,4.127412,0.94988275,7.8299556,0.18641233,-0.86185074,0.88065267,0.6233996
1.7604779,4.6304927,1.0513296,7.654902,0.18509126,-0.8062434,0.929978,0.667119
2.0909479,4.288064,1.0622294,7.5583997,0.17307162,-0.7606821,2.0518153,0.59356356
2.328618,3.7696514,1.155462,7.435681,0.18253875,-0.8004222,1.8729525,0.61610496
2.5087771,5.2783384,1.1731625,7.4246507,0.1799221,-0.81989455,2.079143,0.66164684
2.4696748,5.1725483,1.1963646,7.482499,0.1664815,-0.7795267,0.6813109,0.60174036
2.0020604,2.7871728,1.1814096,7.4881945,0.14268947,-0.74573755,0.6721587,0.78879356
2.5345845,3.6589103,1.1929488,7.4684296,0.13806295,-0.74833584,1.9652076,0.80977476
2.4917107,4.8110657,1.1044471,7.5014925,0.15665603,-0.698143,2.5963547,0.5680989
2.574446,2.2612464,1.0657663,7.461153,0.09296918,-0.63955593,1.7732279,0.7897377
2.448607,5.5682015,1.2685108,7.4430194,0.09465337,-0.6617625,1.7868736,0.829108
2.8711739,6.6873174,1.3256626,7.6089296,0.086835146,-0.76257896,2.9741378,0.81849015
2.7361379,5.7080874,1.2745934,7.451478,0.0981164,-0.75946784,2.916109,0.88616514
2.761214,3.7397943,1.0811641,7.555839,0.15031695,-0.7227869,2.0981963,0.68237805
2.2754362,5.6526127,1.0615587,7.5758977,0.123621464,-0.6962099,2.5629733,0.7395201
2.4166229,4.1590214,1.192322,7.546861,0.11026406,-0.73945093,1.2287488,0.7888478
2.2724524,2.097312,1.2910404,7.394224,0.12058425,-0.7213299,2.6886463,0.8044622
2.0760672,2.1207712,1.4017949,7.364959,0.1120379,-0.7677088,2.57346,0.5320678
2.3947687,3.8911297,1.3556976,7.235325,0.12602234,-0.73632145,2.7168698,0.6199112
2.5186427,4.6741943,1.3490391,7.3334084,0.17013478,-0.7872195,2.6476867,0.65098286
2.5712159,8.884476,1.4670374,7.305542,0.17426753,-0.8276787,2.4184194,0.59104586
2.758072,8.369314,1.5224423,7.2792296,0.17248034,-0.81652474,0.87800205,0.76789427
2.8408265,6.925046,1.2194314,7.420861,0.14400005,-0.8115504,1.7663176,0.34236223
2.7605686,9.381662,1.3898456,7.408455,0.14233565,-0.75823736,1.5260954,0.732998
1.4430231,4.1756506,1.3670337,7.3989077,0.13983202,-0.8121009,1.1028087,0.61990154
1.5356979,3.8435817,1.2819831,7.60894,0.13940167,-0.81657887,1.1850133,0.6754155
1.2327034,4.3324304,1.3787785,7.471043,0.16337585,-0.81491685,2.4341547,0.5726019
1.399394,3.8805456,1.4957943,7.44106,0.114466906,-0.81260395,0.55589247,0.60899043
1.2585859,4.739706,1.4103241,7.6547112,0.08566761,-0.7549014,0.93903303,0.6392274
1.3253025,5.10476,1.5597193,7.66062,0.05952859,-0.76276827,1.922461,0.6644691
1.6944249,6.080803,1.5356824,7.663473,0.030822039,-0.76515913,2.7494345,0.82390785
1.8929534,7.1315866,1.4987748,7.778783,-0.0563004,-0.7147324,2.2294607,0.24055183
2.9718313,7.6351504,1.8736262,7.739743,-0.22053707,-0.5232763,2.5786157,0.052734137
2.5174952,5.1971054,1.859164,7.768496,-0.1878066,-0.5328939,1.9789503,0.44162798
2.1087341,5.640213,1.7724125,7.684388,-0.19672811,-0.5433314,1.8591871,0.31366253
2.0754366,5.218706,1.6510262,7.871896,-0.22201991,-0.48818254,1.9325204,0.17157298
2.4676375,3.263115,1.5109491,7.7851152,-0.20908844,-0.39971447,1.0838606,0.34032142
2.3009493,2.8001797,1.5210073,7.8468313,-0.15621376,-0.5294056,1.2728686,0.20701998
2.3882601,8.496751,1.4509363,7.8821154,-0.15949881,-0.51926565,1.6560886,-0.39246774
1.9480596,8.629198,1.4973984,8.097044,-0.13822854,-0.5933528,2.2268329,0.59066653
1.823514,8.230787,1.2678158,8.089989,-0.11529207,-0.58715796,1.9509196,0.38795626
2.0464818,9.447998,1.1602433,8.118084,-0.12207997,-0.56300426,2.0548828,0.35796088
2.3300247,9.264547,1.128272,8.129093,-0.09528577,-0.5677514,2.1349835,-0.0773499
2.216466,5.794963,1.5629992,7.8870864,-0.09282458,-0.57583904,1.6784315,0.9417136
2.6359007,6.091817,1.0873563,7.8647413,-0.0838002,-0.47480965,1.05075,0.8081163
2.5619137,6.3259845,0.9949491,7.920086,-0.08894253,-0.492867,1.8604541,0.8141458
2.966221,2.7100937,0.83311486,7.840366,-0.09184325,-0.49369907,1.7989397,0.5743325
2.2626586,5.823758,0.7734791,7.9721575,-0.06474376,-0.5543208,0.50995135,0.58015597
2.8239164,4.6326475,0.66625154,8.052681,-0.0830642,-0.5671017,2.46694,0.7535393
2.5034873,7.2562623,0.8397906,8.192236,-0.15614486,-0.5483706,2.422857,0.41263574
2.134235,6.5169244,1.0472105,8.155945,-0.193447,-0.4640596,2.695304,0.68349504
2.8308966,3.1637683,0.97552884,8.1558895,-0.24272096,-0.44093585,0.31340885,0.03441006
2.3217087,2.5534437,1.0137889,8.226492,-0.24505007,-0.43672967,0.9938525,0.36421895
1.9321088,2.514532,0.978907,8.247594,-0.29271472,-0.4139638,2.0873365,0.25239414
1.6036768,2.7606554,0.9679942,8.252328,-0.28516865,-0.29102564,1.5465355,0.8717681
1.7301947,2.4048772,0.85476327,8.262254,-0.306849,-0.30517626,0.7139616,0.8669027
1.5775434,6.9463944,1.0169404,6.834213,0.8749988,-1.4551489,-0.31615007,0.09061873
1.5660754,5.3658032,1.0782695,6.9708147,0.82359576,-1.468688,-0.01716441,0.5149591
1.1571616,5.0782075,1.045428,6.911304,0.8464205,-1.4445698,-0.002382338,0.31980908
2.3648062,8.070092,1.0311627,7.000674,0.85916996,-1.480964,1.5219569,0.38200277
2.7882845,8.177219,1.0894964,6.742945,0.88383293,-1.4598194,1.9155197,0.9846504
2.823204,7.2155004,1.0199196,6.7428327,0.90449643,-1.5174048,2.159818,0.97256374
2.2023432,7.391015,1.0953543,6.7187834,0.91769457,-1.4910784,1.6624396,0.94673944
2.5614665,8.026024,1.0901952,6.590518,0.89298105,-1.45704,1.5200584,0.91253877
2.8276422,7.6793766,1.083708,6.702176,0.87137127,-1.4856243,1.654568,0.40803027
2.3066375,2.9494412,1.049861,6.7069693,0.8628156,-1.4399371,0.2749251,0.38959217
2.5081906,2.614481,1.1375744,6.7605343,0.8572886,-1.4737453,-0.29140854,0.55493236
1.7585778,3.583358,1.1413717,6.7942076,0.8675277,-1.4305494,-0.40326142,0.61274993
2.359684,8.647993,1.0924225,6.7938313,0.8697045,-1.4440451,-0.37293673,0.78600824
2.0625157,5.747263,1.0952206,6.739769,0.83634686,-1.4476147,0.19085753,0.62678087
1.1420412,8.941456,1.1421509,6.779174,0.840148,-1.4548827,0.7002289,0.18898255
0.9677957,7.3926983,1.2284615,6.7185497,0.8346772,-1.4441626,0.7475102,0.5566189
1.174639,6.9655523,1.1726797,6.7851734,0.8214328,-1.4997628,0.5112115,0.49016178
1.037797,7.53545,1.1770048,6.772335,0.8706536,-1.5056825,2.0496798,0.5830269
2.2497063,6.227292,1.1543312,6.73065,0.8428948,-1.5022433,0.32075357,0.075282216
2.0262575,9.878473,1.1608236,6.761287,0.81543946,-1.4728321,0.24552107,0.24194402
1.0196338,3.2628229,1.1960769,6.7935576,0.8215687,-1.4384215,0.5764493,0.30383068
0.8111526,3.577299,1.312784,6.8277273,0.7976365,-1.4539421,0.61420417,0.46453685
0.64706105,2.4702823,1.2861967,6.6817594,0.8137524,-1.4295598,0.5523634,0.4985988
0.8051317,2.7937489,1.2694771,6.730737,0.79832554,-1.4687281,0.680066,0.54407334
1.2412971,9.810904,1.270714,6.736328,0.79758334,-1.4246345,1.1325724,0.29622537
1.4569812,8.782511,1.2647803,6.6321416,0.8209505,-1.4708623,0.4979298,0.4269668
2.1230993,5.7870817,1.2586412,6.545678,0.8457289,-1.5163648,0.60990596,0.3718499
1.4437566,6.581437,1.2936649,6.5733137,0.8826771,-1.5507522,0.019548297,0.35551226
2.889715,5.490303,1.1489305,6.703147,0.88554287,-1.4980373,-0.033914745,0.48015285
2.4426808,5.6993423,1.1642697,6.579594,0.88244534,-1.5297135,0.22916567,0.04333031
1.2029208,4.848501,1.2622056,6.5450687,0.8860316,-1.5675142,0.00792706,0.16322517
1.632403,8.376622,1.2647834,6.450837,0.8933232,-1.5435019,0.13962317,0.0778231
1.4284006,9.291311,1.2952294,6.5025654,0.88657284,-1.5500711,2.2090404,0.13220596
1.0799298,9.529384,1.2967753,6.4851847,0.89690256,-1.5518153,2.45929,0.036857247
1.445696,5.105057,1.3678229,6.318957,0.96648645,-1.542016,-0.4674039,0.07156801
1.3571157,6.7606645,1.3181114,6.2375755,0.98730826,-1.5185516,-0.79981506,-0.16332662
2.4107924,3.7379606,1.3689723,6.1148195,1.0101314,-1.588969,-0.64267284,-0.3138509
2.4321039,6.378254,1.3978186,6.1788464,1.0118885,-1.5915916,-0.7928623,-0.11800718
1.7724446,5.549829,1.4412174,6.0681653,1.0086982,-1.6087346,-0.29605752,-0.40729874
1.2633715,2.6358447,1.4371502,6.085598,0.9834945,-1.6495135,-0.22125292,-0.07846999
1.5261626,6.913231,1.446775,6.129059,0.9655392,-1.6382966,0.26216173,0.020318806
2.615168,6.011238,1.4826427,6.007456,0.9408946,-1.5555043,0.91927195,-0.046727836
1.4679539,8.859585,1.4878249,6.064099,0.95413876,-1.5705135,0.76335764,0.49947798
1.752495,8.170756,1.4754891,6.0314264,0.95376945,-1.656898,1.0242584,-0.17971507
1.7201486,8.779377,1.4794934,6.0786343,0.9408901,-1.5503473,2.1350093,0.4232669
1.9792104,7.565827,1.5130706,6.0900793,0.9059491,-1.5516909,1.8297124,0.08580428
1.2233725,8.359279,1.5497847,5.956603,0.8899889,-1.5351937,1.3456337,0.15723157
1.8820828,4.4914937,1.5419092,6.011553,0.92054796,-1.5789008,1.2877989,0.24707144
2.028009,9.301489,1.5357122,5.992334,0.9395683,-1.5483757,0.8173938,-0.06556749
2.1663103,7.3103437,1.5273395,5.893017,0.952641,-1.5760856,0.42605186,0.57865465
1.601994,9.933966,1.5535285,5.893897,0.97751164,-1.654377,2.8878455,0.71149254
1.9579557,9.2425995,1.5508723,5.959075,0.97619915,-1.6415067,-0.018586397,-0.15113464
1.7809719,4.2259035,1.5557885,5.923605,0.9715998,-1.6525164,2.2109811,0.12036145
2.776824,5.5731707,1.577559,5.812058,1.029362,-1.6577535,1.0403287,0.603129
2.8064384,3.2630506,1.5180309,5.76861,1.0333269,-1.6586094,0.4233662,-0.24965793
1.3874656,8.597326,1.5194833,5.82162,1.0690591,-1.7265497,2.8437681,0.6221144
2.431037,8.856392,1.4945993,5.781742,1.0832343,-1.7143701,2.411263,0.20712233
1.3946681,7.133529,1.42209,5.8914347,1.0941579,-1.7602488,0.9805646,0.5282458
1.1360476,7.3214173,1.4090438,5.7860365,1.1980212,-1.8648952,0.2307899,0.107613444
1.036385,8.823866,1.4597564,5.7972717,1.1455052,-1.8403009,0.7528839,-0.05107367
2.8131843,6.3879857,1.5431943,5.722268,1.1458862,-1.8214202,1.4012029,0.30949265
1.3508378,5.177324,1.4424677,5.918145,1.169869,-1.835007,2.891145,0.22603917
1.1607736,6.883459,1.413171,5.889591,1.2155492,-1.9088432,1.6888504,0.3211367
1.1086612,4.1170197,1.3993917,5.9675875,1.1805644,-1.8965356,2.571136,0.36428374
1.2883508,9.2570915,1.396615,5.942108,1.2010558,-1.8763986,2.0855737,0.43824148
1.3576059,6.177853,1.3698986,5.9096236,1.1774452,-1.745594,2.0867798,0.5100138
1.0359455,6.5004234,1.317421,6.1029034,1.1434436,-1.7260821,0.29488218,0.53382814
1.25451,8.085544,1.3531122,6.1016545,1.1326694,-1.7777295,0.47874856,0.56283784
1.0983945,7.3008924,1.3280971,6.2674227,1.1076739,-1.7636341,-0.547343,-0.30477044
1.151932,6.9146943,1.2809548,6.249791,1.1255488,-1.7208335,-0.021616757,0.18359041
1.8686688,5.1965837,1.2697167,6.188518,1.0926473,-1.6642256,-0.5331259,0.04180634
2.1727707,9.326327,1.2784405,6.1114464,1.1292918,-1.6130517,-0.8464384,0.009393752
2.8797867,8.2486725,1.2840366,6.1442556,1.1137981,-1.6783304,0.16293585,-0.14450476
2.6330876,8.13888,1.3296013,6.1199756,1.0919135,-1.6547687,-0.80277836,-0.2944253
2.0537734,8.283134,1.3236144,6.115663,1.1110401,-1.6512184,-0.80116874,-0.28165233
1.8672822,7.8434606,1.3179786,6.111604,1.1136127,-1.6913834,-0.62836266,-0.15794027
1.4558289,8.316029,1.2969363,6.1563225,1.0918257,-1.6586928,-0.06918323,0.5006498
2.7026844,2.795075,1.2688289,6.112203,1.0855389,-1.6496202,0.48480058,0.60745525
2.9277859,5.547388,1.2673202,6.087366,1.1228013,-1.6903784,0.31126797,0.7221377
2.4359589,8.814159,1.289124,6.107135,1.1230185,-1.7543458,2.3519015,0.65044105
1.5201814,6.5979004,1.2896447,6.0247564,1.144686,-1.7476202,2.8981411,0.52735186
2.5499628,6.4419622,1.3812523,6.0446997,1.1496401,-1.7987372,2.9167898,0.8442807
2.6870997,4.6607094,1.334208,5.988389,1.1206264,-1.7709765,1.453929,0.652388
2.4406247,5.2003655,1.4269588,6.013322,1.126888,-1.7678256,1.1334999,0.7591169
1.987125,9.598796,1.4081798,5.911767,1.1245942,-1.7547,0.7919915,0.07590693
1.9766524,2.2605867,1.4653769,5.8477454,1.1183448,-1.7874783,0.65496063,-0.11970091
0.5108357,2.6771476,1.5389743,5.9941444,1.1314683,-1.8309443,-0.20983368,-0.20264241
0.5125998,2.8591743,1.5703213,5.88045,1.0993578,-1.7535383,-0.028245986,0.19453645
1.6963992,3.2851186,1.5303159,5.874444,1.1442037,-1.7704095,0.446635,0.05738002
1.888992,3.5656188,1.5679677,5.676014,1.1439524,-1.6717675,-0.7556902,0.15294784
2.687234,4.5315523,1.5457859,5.7132993,1.1263623,-1.8037765,-0.5509679,-0.18469104
2.400782,9.964793,1.4065695,5.915694,1.1284323,-1.8095208,-0.3647312,0.016532063
1.6136434,2.1702566,1.4167552,5.9446106,1.1445975,-1.7615819,1.7822993,0.5948669
2.5683262,9.087066,1.3423877,6.0011277,1.1425889,-1.7791376,2.7158403,0.6006105
1.4481677,9.81233,1.4034734,5.7819614,1.1640165,-1.773515,2.7192156,0.5889956
1.4721473,7.59727,1.4784594,5.7135143,1.2222347,-1.8524249,2.2584562,0.43026638
1.6182042,7.7057285,1.4614811,5.74788,1.2195826,-1.8920885,0.9322032,0.71956444
0.9574714,8.990152,1.4253454,5.7870526,1.2558563,-1.8732672,1.7863569,-0.2019532
0.8624575,9.230972,1.4417534,5.7449827,1.2643614,-1.8612506,1.7250509,0.668761
1.2096589,3.5973434,1.470329,5.6329184,1.2931964,-1.9523003,0.19030869,0.194107
1.223043,2.621465,1.4736054,5.5303326,1.3439288,-2.0034273,0.4718616,0.16675842
0.95690906,2.83912,1.3946338,5.741442,1.2947557,-1.9674333,1.0404141,0.6807673
2.1166186,5.4317446,1.3407176,5.843112,1.3008258,-1.9655378,1.0677855,0.35873437
2.4921541,6.969978,1.3294277,5.953294,1.2958767,-1.8884029,1.4773345,0.5035105
1.5320356,4.776334,1.2906413,5.9491715,1.2890775,-1.8955289,0.7548857,0.47493422
2.1129305,5.125847,1.3158174,6.013564,1.2521472,-1.9289345,0.13804328,0.31417972
0.95083946,5.125063,1.3103614,5.992878,1.2400928,-1.86152,0.51669884,0.40618706
1.0074972,6.9218445,1.3283741,6.168227,1.2362423,-1.9064591,-0.41905344,0.23707384
0.6451976,7.678602,1.3397527,6.2230616,1.2287838,-1.8750563,-0.1412822,-0.1138317
0.6771327,7.606737,1.274056,6.1875815,1.2420766,-1.888951,0.24966824,-0.02460447
0.65284956,7.6458697,1.2880123,6.2378297,1.2562177,-1.901877,0.19306242,-0.13344607
0.7411787,8.244273,1.3083549,6.267975,1.1672513,-1.8797363,0.39900303,-0.04929492
0.6676001,7.594792,1.3416834,6.256899,1.1714249,-1.7900126,0.4762174,-0.081691444
0.72132933,6.903927,1.2983618,6.358921,1.1350205,-1.8867874,0.041208625,-0.1121071
0.8594965,8.612383,1.348077,6.346092,1.0945082,-1.8307583,0.23781168,-0.24305078
0.7876698,8.495632,1.2745283,6.400016,1.1107671,-1.7979792,0.3180008,-0.18393385
0.65942,8.55653,1.2067637,6.485769,1.139657,-1.7381418,0.24963129,0.12063086
0.90026575,6.235224,1.2310729,6.2281,1.1618137,-1.8218536,0.311947,0.33770156
0.8146424,6.083561,1.2032745,6.313258,1.1455486,-1.74401,0.18284917,0.27545965
0.7569417,7.065541,1.209085,6.30834,1.1866362,-1.730458,-0.0604468,0.50394166
0.7937452,6.8825293,1.2129946,6.2957067,1.202913,-1.7329946,-0.6241137,0.07018608
0.8654959,8.434921,1.234999,6.288682,1.1887867,-1.8170105,-0.33379495,-0.49430996
0.8844639,6.9219394,1.2454023,6.2993903,1.2441618,-1.8056198,0.15742433,0.8394537
0.8404853,4.928917,1.213162,6.1177516,1.2817268,-1.8944174,0.11997414,0.50411785
2.7139924,7.310759,1.0945213,6.3344393,1.2747424,-1.9413266,2.242892,0.55884767
1.347708,9.054263,1.4930949,6.655899,0.60113025,-1.2931349,2.7120507,0.57841563
1.6632087,5.725795,1.5038593,6.603526,0.63336825,-1.3318574,0.21620584,0.40766364
1.9782009,5.9058046,1.4614275,6.6494794,0.61760116,-1.2753036,0.7270931,0.6439755
2.3206575,5.620729,1.4251251,6.6185684,0.6342437,-1.2844473,1.2271307,0.5780623
2.0527105,5.4522657,1.4074271,6.6577063,0.62088656,-1.2717179,1.3977337,0.59950304
1.4698381,8.89348,1.3918955,6.7379127,0.64665985,-1.3256869,1.7235172,0.2482099
1.1074705,9.549774,1.4229147,6.8463345,0.634743,-1.3076352,1.4530573,-0.016367942
1.1541357,9.877615,1.4073458,6.722548,0.6727152,-1.3455853,1.5494576,-0.38031578
1.5859168,6.3258204,1.2826922,6.7261143,0.6764412,-1.3473405,0.86741924,0.26841265
2.033318,8.305277,1.3409853,6.730149,0.6879668,-1.3451117,0.24105382,0.54662824
1.2283827,7.108335,1.4227104,6.5573106,0.7150128,-1.4229794,2.2202106,0.26523983
0.98261106,5.847871,1.4390845,6.583433,0.7982695,-1.4033883,2.8894446,0.988135
2.740578,6.0077987,1.3773639,6.691824,0.73356175,-1.3905034,2.1616457,0.6525371
2.27786,9.010542,1.4598927,6.54739,0.7046881,-1.3671652,1.0549278,0.8575554
2.2156045,5.59099,1.3828278,6.504674,0.7218237,-1.3168842,0.90604305,0.2292499
2.3700953,3.714214,1.3910723,6.5208626,0.6864698,-1.2808263,1.2141907,0.7616744
1.5347866,3.853825,1.4532938,6.583394,0.708884,-1.3313942,0.8669388,0.63086796
1.4828851,8.457449,1.5125322,6.4058704,0.7251065,-1.3691287,2.102748,-0.03340119
2.1685033,9.148107,1.50211,6.357489,0.73960996,-1.3683562,2.6938262,0.61680174
2.8252668,7.521562,1.3894577,6.581861,0.7400017,-1.3987867,0.78313136,0.4831106
2.6349635,8.7132225,1.3736639,6.546747,0.7384076,-1.3184105,0.4359573,0.72744846
1.7247345,3.4590294,1.3701739,6.4638443,0.7304404,-1.3109169,0.73579097,0.41210413
1.9339888,6.585839,1.4437792,6.5497665,0.70481634,-1.322736,-0.023184538,0.06326181
1.8638557,2.2575822,1.4699416,6.4507484,0.7583301,-1.3981357,0.0714345,0.15654707
2.251157,9.841784,1.412473,6.4823117,0.7238381,-1.3980886,-0.058773875,0.29982018
2.7151415,9.5622,1.4238234,6.4031897,0.7171347,-1.3236612,2.7846575,0.7259426
1.6281096,2.906472,1.3933465,6.5074964,0.70255256,-1.3560326,2.780202,0.6384381
1.605046,6.2875614,1.4550002,6.531184,0.69856644,-1.3619065,2.6664367,0.6393117
1.6853195,7.7389865,1.4191277,6.4691706,0.6953869,-1.3340417,2.2266552,0.544446
2.4353905,6.014382,1.5091069,6.486371,0.66978097,-1.3271301,1.9503314,0.5480617
1.8671161,7.930655,1.4518874,6.554118,0.6394417,-1.2502697,1.3370628,0.55444026
1.7374476,3.2358274,1.5150244,6.551496,0.6375458,-1.2693468,-0.27316773,-0.056377947
2.4386292,9.836668,1.5701411,6.411028,0.63161206,-1.3280206,0.1211077,0.098424196
2.2244792,6.6562123,1.5717828,6.4793506,0.6876035,-1.3566897,-0.0540213,-0.21222645
2.3706806,4.440642,1.562264,6.3619804,0.68222,-1.3740819,2.1348472,0.29698086
1.0083401,7.359767,1.6122105,6.3521447,0.7211859,-1.466285,0.954031,0.26053965
2.1370928,7.4229217,1.6386294,6.1936703,0.7550807,-1.396834,2.1685429,0.3034234
2.8259754,9.148804,1.6298947,6.1565223,0.71476173,-1.4055524,2.6985247,-0.11187124
2.08564,9.055281,1.6786911,6.213992,0.7221081,-1.3979886,2.482931,0.6593578
1.6309416,7.987419,1.661735,6.158614,0.7390404,-1.3769138,1.4560716,0.01334393
2.7158117,7.726427,1.7756064,6.1490765,0.6798961,-1.4284204,1.6656859,0.7499131
2.2171147,4.1557875,1.7446299,6.2246857,0.67263436,-1.388153,1.3355143,0.84127676
1.8250028,4.158786,1.7183201,6.1607113,0.6813693,-1.3828515,1.2046993,0.54345
2.1857355,7.2290893,1.7188661,6.1859474,0.66237354,-1.3515043,0.90844023,0.42140722
2.1286526,4.0888844,1.6955326,6.052244,0.69003034,-1.31277,2.4285092,0.5141692
1.7756107,5.8488626,1.7880049,5.9135923,0.69125843,-1.3504443,2.412632,0.43940848
2.4362698,6.0392056,1.8154752,5.7286487,0.74443626,-1.3628447,2.0665472,0.21958345
1.4517925,7.1849275,1.9685841,5.571919,0.73166466,-1.370449,2.203616,0.1636889
2.290751,5.877323,1.9755316,5.594027,0.77683663,-1.4600269,2.1225536,0.256472
2.0495894,4.791629,1.964998,5.5903225,0.7590275,-1.462023,1.4509809,-0.073890686
2.2226954,9.074579,1.9098649,5.626334,0.7883067,-1.3584327,1.2119191,-0.21486259
2.9533668,9.978764,1.8749006,5.6644363,0.7526355,-1.3783075,1.0550158,-0.039100766
2.5806637,6.565841,1.949379,5.7583747,0.7358725,-1.4196012,1.0224891,-0.058416963
2.6467168,3.751845,1.9330168,5.713823,0.7671106,-1.4227778,0.22244358,0.2147795
2.0548754,7.0634685,1.9249129,5.700036,0.7663226,-1.4383678,0.62392247,-0.45950133
2.4601815,8.546694,1.9320259,5.786232,0.7470958,-1.387219,1.8814349,-0.28203624
2.7417347,2.1744962,1.8103826,5.6869717,0.76611876,-1.371077,1.7415507,0.23181957
1.8222952,2.6431608,1.8158627,5.743355,0.8030851,-1.4527607,1.9205377,0.5001575
1.7203048,9.059757,1.7938333,5.71686,0.83952284,-1.4977484,2.4818568,0.46736372
1.9699532,3.2646632,1.850966,5.7278013,0.8207269,-1.5345874,2.6776648,0.32846308
1.2646753,7.0662456,1.8823471,5.614444,0.7855859,-1.5222783,2.204506,-0.15531027
2.5309212,5.333751,1.936527,5.6000237,0.8052492,-1.4288354,1.8624582,0.4920336
2.762482,9.288998,1.9299951,5.4996653,0.8038955,-1.4146032,1.7782431,-0.08530286
2.3939147,4.669803,1.9893112,5.4905868,0.816278,-1.5259061,0.912801,0.23006392
2.094992,4.647434,1.9793062,5.5599895,0.77938914,-1.4826989,1.3382812,-0.01701793
1.9669795,4.1071043,1.9781268,5.527581,0.80679345,-1.530102,1.1860125,0.38874578
1.4778042,4.6793056,1.9696238,5.48993,0.8235228,-1.5110421,0.683424,-0.013713181
1.4699211,2.1050515,1.9633875,5.505141,0.81516385,-1.5504262,2.5646572,0.040091872
0.75079346,6.1795554,1.9848931,5.5424395,0.81456494,-1.5144114,1.5354996,-0.13047352
2.238393,5.972911,1.9609566,5.6478486,0.77981067,-1.4851066,1.2358768,-0.3835839
2.4658096,6.2605653,1.9507692,5.6392455,0.7743254,-1.4886193,1.2150052,-0.3760863
2.7069278,8.392342,1.9470243,5.5761375,0.78966355,-1.4034312,0.6455599,0.19882762
2.1566758,6.57885,1.9950063,5.5186214,0.781574,-1.4629395,1.3498676,0.028761983
1.873301,9.410061,1.965687,5.495818,0.83249474,-1.4944348,1.9188106,0.26183844
1.6392328,7.9504623,1.9765804,5.452075,0.84316254,-1.4755614,1.4997985,0.22368193
1.7899845,4.82645,1.9836838,5.4073763,0.8394916,-1.4596429,1.667995,-0.13583189
2.65741,4.9155397,1.9549541,5.418099,0.82578397,-1.5124085,0.99408233,0.073602736
2.0926604,7.6461716,1.952385,5.631666,0.8277042,-1.4725467,0.014101148,-0.41714612
2.833304,8.942054,1.9417541,5.5100975,0.8543198,-1.4855294,-0.03440094,-0.43889588
2.5945916,9.577264,1.882689,5.7835183,0.81878114,-1.5000018,1.95785,0.105464816
1.2195895,8.6956,1.9424596,5.660398,0.7778015,-1.5024482,1.5081606,0.37573755
1.5617889,8.425872,1.8786719,5.7658205,0.7866204,-1.5090277,1.8701861,-0.062020034
1.5811609,6.8498187,1.8662453,5.7199764,0.7751491,-1.4631994,1.5680621,0.52644897
1.5751756,6.2185183,1.9534624,5.698351,0.74340415,-1.3709825,2.5547981,0.09208161
1.6511685,6.0655594,1.9381752,5.643173,0.7810273,-1.4856975,1.9024813,0.38207996
2.6737041,6.8610306,1.9950571,5.5503454,0.74857545,-1.4248586,0.87794363,-0.2794155
2.8303895,2.8510184,1.9576521,5.4390507,0.7780371,-1.4085004,1.0447118,-0.028972179
2.7100747,3.721384,1.9376171,5.459034,0.8138559,-1.424897,1.8864315,0.21177417
1.4240985,7.7856464,1.9437151,5.4805484,0.78536415,-1.4526551,2.3447955,-0.18725699
1.5538607,8.402977,1.9630075,5.499793,0.79013467,-1.4532126,2.3589606,-0.042173207
1.8774681,4.6183376,1.9854794,5.622978,0.7435086,-1.4063714,2.462943,0.17650294
1.7687988,4.7125344,1.9831316,5.7289414,0.712507,-1.3876092,1.9041922,0.17506152
1.2610357,6.2861843,1.9633093,5.744271,0.7215524,-1.4191986,2.0314527,0.4116603
2.0585082,8.487154,1.9810095,5.723074,0.71594334,-1.3949937,2.0453882,-0.47590134
2.1357963,7.439597,1.9353204,5.6966057,0.6980772,-1.3489312,1.1014786,-0.20826322
1.6710917,6.4597077,1.9135289,5.791685,0.6951363,-1.4209338,2.9979103,-0.027236164
1.9821488,6.5423565,1.9633589,5.748859,0.68510556,-1.3932177,2.99037,-0.120810926
2.1694942,5.994749,1.9927135,5.923362,0.6295352,-1.3840754,0.44868207,-0.35559687
2.0771255,6.261158,1.9918683,5.871065,0.6413059,-1.3861039,2.2403753,-0.33384553
2.2863758,9.312148,1.9824231,5.736001,0.63579535,-1.278723,1.5424893,-0.26393402
1.7377992,5.744795,1.9363875,5.89886,0.6595535,-1.2903317,0.9497223,-0.3229403
2.2311091,7.1822896,1.8702097,5.9241967,0.672323,-1.3434532,2.3402092,-0.40538257
1.8945736,9.207649,1.9095275,5.855323,0.6944096,-1.3495591,1.3964918,-0.3070594
1.896541,8.484893,1.8109362,5.8779926,0.7462075,-1.3841245,2.6729789,0.662434
2.7255087,8.885563,1.8475115,5.886261,0.73477316,-1.4268098,0.8041953,0.5521643
2.5493188,8.076502,1.8672919,5.75502,0.7537801,-1.3725926,0.4786831,-0.14197716
1.6692066,2.4471483,1.8198719,5.899402,0.76879764,-1.4583861,0.1328491,0.2920121
1.4528315,8.41861,1.8878329,5.8477855,0.7745106,-1.4612514,0.184551,-0.038488925
1.1778846,9.084377,1.8907292,5.8447857,0.75135636,-1.384139,2.0746381,0.18546224
2.2868447,3.9510083,1.9454556,5.7849464,0.68443775,-1.347623,2.0976846,0.22629112
2.2401206,5.828375,1.9553361,5.8010597,0.6593237,-1.3520765,2.967437,0.4387014
2.4483464,4.5222864,1.9193199,5.9107027,0.645231,-1.3220053,1.6984208,0.5557895
2.3684378,4.8886356,1.9304075,5.776063,0.64848566,-1.3236895,2.2765744,0.282565
2.1654682,7.0011196,1.9499266,5.8977394,0.6307776,-1.2854328,2.2958748,0.24448031
1.5788713,6.552593,1.9193828,5.9205995,0.63155675,-1.2418802,2.3718927,0.08122194
1.8759428,5.7932673,1.9213624,5.973354,0.6359587,-1.325222,1.9481819,0.3507346
2.0699139,8.7459,1.8604159,5.925451,0.65791917,-1.3312984,2.0291696,0.147349
2.9188845,7.686989,1.7376881,5.978869,0.68567514,-1.3476266,1.9159234,-0.044641823
2.857491,7.869099,1.7490525,6.021944,0.65572953,-1.2647263,0.8922869,0.26791775
2.5366967,7.7636857,1.7460017,6.055355,0.6889453,-1.3053782,1.4009652,-0.053658128
2.6267874,9.590422,1.7622757,6.1072216,0.66541076,-1.3024688,2.4070432,0.5006759
1.8692858,2.19157,1.7601929,6.101888,0.62191415,-1.2872518,2.3124075,0.44289637
2.7386632,7.655853,1.7733607,6.0315623,0.6132808,-1.2955867,2.4721646,-0.07634348
1.2409959,5.578707,1.8489857,6.138659,0.585027,-1.2891295,2.723948,-0.43840978
0.87074363,4.958353,1.8620095,6.1995983,0.649889,-1.4019424,2.1770344,-0.31369668
2.7908792,7.9410458,0.89509463,7.232473,0.6174865,-1.2531044,0.32071352,0.48128736
2.9920106,7.5347695,1.0025711,7.1133986,0.7117121,-1.2270877,-0.8802881,0.60069966
2.9663727,4.4588337,1.0173502,7.1201324,0.72042704,-1.4098318,-0.8357042,-0.10367221
1.1781526,6.7057824,1.1495113,6.919874,0.735456,-1.36853,-0.29175782,-0.25945544
1.0148146,7.7486835,1.2641897,7.005965,0.71249557,-1.3530455,-0.24307066,-0.27683738
1.0328748,7.189677,1.2535825,6.953158,0.7268462,-1.4124031,0.06001234,-0.39723253
1.1338863,8.745549,1.2003107,6.927128,0.7803595,-1.3685136,-0.93595487,-0.48528698
1.4163628,2.2357228,1.1277728,6.8854,0.77841735,-1.3492115,-0.80390906,0.44708753
2.8774824,3.8689482,1.0145848,6.883386,0.8300128,-1.3907886,0.017627478,0.61415005
1.8007283,4.493002,1.0128679,6.903954,0.7786963,-1.4143331,1.4239197,0.6095052
2.076436,5.6562967,1.1408136,6.7140713,0.8561468,-1.4269533,1.6823914,0.68620706
1.79579,8.571754,1.1727686,6.6269846,0.8517289,-1.4392307,0.66726017,0.5853381
1.1358027,8.970579,1.1788073,6.678857,0.86201406,-1.4411004,1.3513734,0.6419587
1.1417441,7.0151296,1.2771959,6.604331,0.84427357,-1.4339669,2.572376,0.94095516
1.6568778,8.673357,1.1335597,6.6222825,0.8832567,-1.4291693,2.164337,0.6329198
2.9542584,7.8727255,1.0845566,6.8979588,0.8278706,-1.4502758,1.5210109,0.837703
2.5882745,6.130793,1.0650167,6.8640747,0.82253647,-1.4697578,1.207725,0.71970785
2.3305206,6.8880653,1.0831985,6.77747,0.861886,-1.5220062,0.79667056,0.78739715
2.1821008,3.8559155,1.0174084,6.9691744,0.8128629,-1.4559535,0.5123067,0.6961874
2.62868,8.567375,1.1298022,7.024276,0.7872782,-1.4666244,-0.6912946,0.06784004
1.1789714,4.3393955,1.1474624,6.861808,0.8132026,-1.4309034,-0.50716376,-0.44704914
2.2880154,9.555843,1.2154098,6.650159,0.88507986,-1.4931953,-0.69175124,0.31212425
2.381547,8.947094,1.1567144,6.756058,0.896651,-1.4462482,-0.96794987,0.28009832
1.7379045,9.955368,1.2643538,6.630283,0.8358567,-1.4908245,2.1251583,0.34649718
1.6152842,3.3721611,1.2388232,6.616775,0.89232826,-1.4917649,0.36458194,0.21730793
1.1169362,7.777774,1.2932932,6.602111,0.8807721,-1.4814279,0.6514292,0.33711815
0.8188651,5.365555,1.4218554,6.543646,0.8170178,-1.4913752,-0.041455448,0.44338787
2.092123,7.449948,1.3360772,6.548053,0.8487036,-1.500468,0.8510927,0.401343
1.1326581,8.316988,1.3987851,6.428048,0.8160076,-1.5197358,0.94620705,0.26449752
1.321209,9.956823,1.3970501,6.532621,0.819901,-1.4440997,2.1328943,0.19042999
1.0424955,9.802174,1.3916054,6.5397577,0.81791973,-1.4535266,0.13838768,-0.21767733
1.2817068,2.3035553,1.2864511,6.670876,0.80430055,-1.4579124,0.036705494,0.015735865
1.3042363,6.8676157,1.187684,6.813785,0.8374164,-1.4279873,-0.2810669,-0.23156816
1.1863817,3.6839561,1.1826649,6.811278,0.82352304,-1.4653134,0.31625962,0.23382705
2.2546177,8.907339,1.1921067,6.628454,0.80937624,-1.453501,-0.22602737,-0.3812331
2.0155034,8.699048,1.3452351,6.3752832,0.8012767,-1.4212887,2.9335473,0.47836024
1.2300129,9.31523,1.3384264,6.448571,0.785239,-1.3692746,2.9665036,0.30696893
2.2911963,6.6372566,1.4437208,6.444991,0.7505083,-1.4129187,2.4296093,0.42161292
1.6573656,8.823454,1.4330916,6.5306225,0.73145485,-1.406981,0.24797785,0.63723373
2.8339825,4.8295193,1.4525871,6.447259,0.7033417,-1.3707991,-0.6524333,-0.3631832
2.9738023,2.119162,1.5648482,6.4646244,0.6709299,-1.3429227,-0.7460221,-0.11088541
2.9755516,9.995588,1.5958724,6.5034075,0.7028277,-1.3964217,-0.56084174,-0.24226338
2.1978066,9.015753,1.6431482,6.285573,0.642678,-1.3052921,0.7260778,0.11568409
1.7503293,7.2728715,1.708358,6.3221116,0.6387453,-1.2819207,0.2586856,-0.4412919
2.5593967,7.5483165,1.7204008,6.3364654,0.6275544,-1.279746,0.0055565834,0.38879895
2.5048947,8.389488,1.7259393,6.249942,0.632143,-1.2849873,0.83290124,0.5645069
1.9543397,8.769373,1.6806571,6.2016935,0.63739276,-1.2875164,2.1881888,0.55501676
2.3862088,2.5245647,1.7531843,6.324856,0.5717983,-1.24793,0.67855954,-0.042078912
2.3037453,3.111024,1.7300153,6.347085,0.5481036,-1.2420391,0.40566635,-0.43592188
2.280844,9.274731,1.6170864,6.462754,0.6217115,-1.2247679,0.7664714,0.7351258
1.4237955,3.4703531,1.5315228,6.585801,0.61725163,-1.2690609,0.84337544,-0.11079794
1.3064485,9.770948,1.5471511,6.572948,0.6020639,-1.2771349,1.2170722,-0.30023748
1.2084708,4.0603685,1.677135,6.53875,0.5633521,-1.2781675,2.6589813,0.2928533
1.0267389,4.499873,1.5354552,6.541242,0.6483331,-1.2905543,1.903245,0.3764838
1.2723267,6.8906007,1.5761786,6.5272,0.63599825,-1.2822742,2.823972,0.4600157
1.4747714,7.1044807,1.6280315,6.4988403,0.60580826,-1.2111586,-0.011143267,0.5971966
2.344412,3.602344,1.4284358,6.608429,0.64150643,-1.2831712,1.0058589,0.63700545
2.2790532,7.62103,1.34727,6.686584,0.61226726,-1.2383319,0.73334396,0.2792319
2.1481953,4.0596123,1.3423953,6.7254095,0.61774945,-1.3067605,0.9594809,0.6494801
1.8683696,8.784203,1.3752913,6.8409977,0.6055739,-1.33285,1.2060213,0.55796623
1.8739885,9.274677,1.3629377,6.6971292,0.60957575,-1.3295753,1.155251,0.44978476
2.7735305,5.7880926,1.375036,6.700924,0.6118727,-1.297456,1.8561776,0.70784605
1.6866494,5.587358,1.3738899,6.6683474,0.68275,-1.3252641,2.271495,0.8525524
2.5594373,7.6416435,1.3484161,6.682591,0.6755674,-1.3170716,2.0773926,0.78077734
2.080359,6.2394004,1.4330835,6.665365,0.63878894,-1.2907062,-0.09103656,0.26494294
1.9047537,5.3106546,1.5296865,6.6831717,0.6101601,-1.2881684,1.5196795,0.7947662
1.3329748,5.196566,1.4723763,6.668233,0.57383966,-1.1686182,2.1631718,0.6233221
1.813415,7.733732,1.4600909,6.6091356,0.5352416,-1.154804,1.9302022,0.7416061
2.488791,2.5115805,1.4774017,6.585517,0.56098247,-1.2024386,1.4412842,0.38214135
1.7941897,2.780809,1.4695694,6.588044,0.5952189,-1.2152297,0.57667315,0.8295287
2.6953244,6.9464407,1.6034803,6.4866076,0.5981691,-1.1947027,1.5259697,0.9144211
2.405508,6.283884,1.6129198,6.394515,0.5839362,-1.2630854,1.6547382,0.6417601
1.8332285,5.7447305,1.6863656,6.3687077,0.56746864,-1.2685602,0.8987919,0.27454138
2.277037,6.9726005,1.6879163,6.2278686,0.59274316,-1.2252605,1.9605231,0.5941309
2.4367046,7.665714,1.7865531,6.2443776,0.5267639,-1.2378161,1.878315,0.086351514
2.9362154,7.3149004,1.9079204,6.1903677,0.5294788,-1.1587152,0.70682967,0.38627195
2.4530087,8.764799,1.8305686,6.282738,0.5084784,-1.211611,1.3551767,0.1465503
2.1690578,7.868971,1.904994,6.248011,0.49576688,-1.2195851,0.8253046,0.32698607
2.603711,4.6063585,1.877183,6.192322,0.540498,-1.2114527,2.1216846,-0.16141748
2.751675,9.878885,1.8236792,6.2022586,0.57306695,-1.2163737,2.095255,-0.13762116
2.3191748,9.898651,1.8952758,6.2152047,0.5420971,-1.1946914,1.878063,-0.08526987
2.3419592,8.938938,1.8499484,6.167656,0.56529737,-1.2127465,1.2699485,0.48642635
2.0898385,8.503197,1.8423285,6.2906303,0.5235789,-1.20526,2.0014331,0.7943187
2.315115,3.8601832,1.7715003,6.285173,0.54502034,-1.1415102,0.9287014,0.4740634
1.5460333,8.483248,1.8987861,6.2475786,0.5439012,-1.1962686,2.3833258,0.23391575
1.4991195,6.8996,1.9095252,6.2254987,0.54515505,-1.233125,2.19069,-0.35460562
1.3661015,5.8758793,1.9362526,6.1401854,0.48281908,-1.1865714,2.066358,-0.46415782
1.1914077,7.982855,1.9553463,6.2939916,0.47528148,-1.2354844,1.9908359,0.2549212
2.5544615,8.96661,1.894239,6.3911834,0.47313714,-1.1406968,1.7173648,0.08544582
2.7906797,7.9206467,1.8648248,6.433002,0.44476604,-1.1400044,1.4736543,0.30962962
2.6786308,7.5600543,1.8338635,6.3848157,0.45206094,-1.1028368,1.0290995,0.05133736
2.8200908,7.4016438,1.7748477,6.3948402,0.46524262,-1.1426744,1.9953167,0.48318112
2.3416386,7.8804064,1.9765215,6.264292,0.51068306,-1.1668174,1.4210289,-0.01590857
2.6821432,4.1834507,1.8984957,6.241294,0.49198723,-1.159741,2.1934733,0.7455814
2.8908634,3.9696527,1.97837,6.181256,0.47507668,-1.1733545,2.7168841,-0.30050436
1.432473,4.8912134,1.9631603,6.189295,0.46367717,-1.1655366,2.2798524,0.086526036
2.5087395,6.187278,1.9913015,6.149207,0.44978452,-1.1062059,1.7190616,-0.2554304
2.1453848,3.8009663,1.945813,6.1303396,0.46440005,-1.1362649,0.91407657,-0.15757662
1.5287368,6.0208015,1.9972453,6.2116394,0.45781708,-1.1490562,2.0476055,-0.1804457
2.331339,9.281797,1.9894261,6.1772175,0.45134544,-1.0952697,2.0814385,-0.12446517
2.1844058,3.9346442,1.9601021,6.194809,0.42702174,-1.0930663,1.4232588,0.34392214
1.1153512,6.034056,1.9550881,6.4076805,0.4543414,-1.1299292,2.2503748,0.4859836
0.9996875,5.7391725,1.9419873,6.234971,0.5372665,-1.15188,2.3040023,-0.3630651
1.7284855,7.1583476,1.9624228,6.112562,0.5137894,-1.2399713,2.668714,-0.28070492
2.9587703,9.388159,1.9668834,6.1204953,0.51688313,-1.1993127,2.2513626,-0.20203215
2.2670383,6.6700325,1.948986,5.9552813,0.5511577,-1.2208135,2.9822545,-0.24957079
2.4048753,6.245612,1.9543118,5.9158344,0.5625291,-1.2266991,2.202597,0.0031181574
2.6091561,4.749612,1.9887638,5.929616,0.56297684,-1.236292,1.6451647,0.1699177
2.5259407,7.807583,1.8902481,6.1142206,0.5512836,-1.2330375,2.2274935,-0.20138651
2.4224372,3.4804797,1.855586,6.2872076,0.54350543,-1.194278,0.7442715,-0.040837765
2.7448735,8.61241,1.9343038,6.1625843,0.5410104,-1.1932787,0.30753422,0.09795159
2.0445273,5.244579,1.9222085,6.108121,0.5302365,-1.1846578,2.7270582,-0.44470546
2.0918765,2.1365724,1.7992725,6.178914,0.5200441,-1.1435902,2.6325705,-0.17845118
2.164041,9.723848,1.9288316,6.187086,0.569391,-1.3153393,1.2820117,0.29763985
2.6558194,7.5925627,1.9125457,6.1105943,0.6807606,-1.3500705,1.8613157,0.110904336
1.9509319,7.540195,1.9121466,6.0768595,0.60244703,-1.3581405,1.6997342,0.23527622
2.3261113,3.7640638,1.9075229,6.0295963,0.63509226,-1.2907116,-0.04589331,-0.28102028
1.7228733,2.6962695,1.8633409,6.040019,0.63612366,-1.3052148,0.8111087,-0.25669193
1.8165778,2.7411475,1.8807921,6.039469,0.6387327,-1.3160667,1.4366331,0.7527642
2.2333527,9.147182,1.8885429,5.905207,0.64805937,-1.3126321,1.2843006,0.0021418333
2.2344651,2.7520833,1.7990203,5.9146595,0.68119025,-1.2961657,1.5801566,0.22389376
2.6938617,7.915666,1.8621805,5.9776487,0.6769078,-1.373749,1.1191165,0.15623868
2.4780025,8.950247,1.9787033,5.9876585,0.6661029,-1.3314741,1.0122488,0.26002413
1.4393554,2.7629945,1.9838588,5.8682384,0.6483991,-1.4208809,0.49011827,0.023648798
2.0764503,6.4863944,1.959877,5.85868,0.6575148,-1.2824748,0.5717151,0.15528113
1.5930637,6.28938,1.8937235,4.889492,1.2254541,-1.9010266,1.1380243,0.08662385
2.239437,7.008923,1.8630338,4.8335752,1.2330062,-1.9025481,1.0534315,0.2986623
0.9427235,7.121438,1.8876746,4.9084377,1.2135658,-1.8844688,2.2028399,-0.16618907
1.0171604,7.149208,1.8426695,5.0226483,1.1902206,-1.8678448,2.5492554,0.4022488
1.4680185,2.788197,1.8092754,4.8952904,1.2326665,-1.9120005,2.3279128,0.14666492
2.2458727,8.780741,1.7625318,5.061964,1.2864301,-1.9102657,2.57916,0.38027114
2.4485588,4.5261393,1.6582046,5.156382,1.3372188,-1.9306468,2.5025113,0.42903256
1.0584657,5.958684,1.5885215,5.263741,1.3764997,-2.0094686,1.7631061,0.7003561
1.577963,4.0091653,1.6341562,5.2253456,1.3620701,-2.006298,1.1607568,0.6165532
1.655542,4.660079,1.6132128,5.0838623,1.3903623,-2.0502408,1.555269,0.5280578
1.7324499,7.039156,1.6238954,5.150593,1.3838575,-2.0061774,1.6251976,0.6018567
1.3802016,8.1625,1.6221981,5.1591325,1.3405523,-2.0090094,2.677258,0.42020547
2.9650583,9.201567,1.6323755,5.254778,1.3323457,-1.9923344,1.4870586,0.22998047
2.7082443,5.2508717,1.6266315,5.119694,1.3578806,-1.979649,0.75134826,0.2935263
2.0993686,5.7414665,1.6360946,5.1064506,1.360492,-1.9597038,-0.032734394,0.14456147
1.9396037,7.2657423,1.6595273,5.1462584,1.3508737,-1.9876826,-0.39220065,-0.46923465
1.0845577,4.0149603,1.660471,5.034787,1.3707795,-2.0314693,0.1493591,-0.46254018
1.670461,4.126381,1.6767225,5.0511947,1.3392854,-1.9775968,0.1875453,-0.43482447
2.1499486,8.447426,1.7184734,4.993239,1.3380075,-2.0000272,2.5257866,0.68457997
1.5566278,9.297819,1.6610823,4.9554234,1.3463826,-1.9996192,2.4684947,0.58143616
0.8079877,8.690601,1.6691861,4.9930134,1.4315937,-2.0748134,-0.1515947,0.17278254
2.3718436,2.0525377,1.6718397,4.9393773,1.4359317,-2.0245616,0.20119011,0.039787054
2.2530255,9.113424,1.5705051,5.2608924,1.4298711,-2.1215696,0.7304777,0.23088253
0.78042275,5.0166383,1.5686164,5.29794,1.4535301,-2.119629,0.6007712,0.61102843
0.6804931,5.7455854,1.574548,5.3085265,1.4644308,-2.1376538,0.33991516,-0.397706
0.7796558,7.7805824,1.5438399,5.323697,1.4608183,-2.1347837,-0.1480785,-0.2949277
1.1576033,6.5984,1.5583854,5.1580825,1.4888477,-2.1962073,1.0257139,-0.111533284
1.2960277,8.024387,1.5325842,5.1466527,1.5643442,-2.2001953,0.6259233,0.45336795
1.2923172,6.9624476,1.4414423,5.190221,1.5596628,-2.2000184,1.9330537,0.48440987
2.7225378,6.4367366,1.4047079,5.1848373,1.5801156,-2.172651,0.5151341,0.25122952
2.8317745,6.886759,1.4296246,5.2279234,1.5922265,-2.2260876,0.48652768,-0.06472701
2.5557065,7.372359,1.4601088,5.1184473,1.6253874,-2.215362,-0.8926445,-0.13225347
2.5976562,8.920347,1.4597769,5.1727715,1.5923774,-2.2195628,-0.3559301,-0.14036968
2.5169191,2.4125605,1.4352782,5.209541,1.6142619,-2.2707224,-0.35795194,0.01984471
2.5943346,6.490201,1.4751053,5.011876,1.6056635,-2.2448385,-0.6535698,-0.38271755
2.483532,4.691387,1.4755225,5.1031322,1.573132,-2.1863468,-0.45702034,-0.08827335
0.94156075,6.2640905,1.5656576,5.0539637,1.505904,-2.1837182,0.18166447,0.2858405
1.788444,8.028557,1.6096759,4.9241076,1.46313,-2.1814287,0.13503098,-0.37509117
1.8080285,3.978569,1.6168475,4.9792733,1.5081391,-2.1584067,0.3784753,-0.056639522
0.8415817,6.7749763,1.6172006,5.0284867,1.5044539,-2.2085,0.6259254,0.09258723
0.87646925,5.3061395,1.6269321,5.0873976,1.4744501,-2.1342611,0.5068904,0.004030466
1.9160352,7.424827,1.6883912,4.9082146,1.4320197,-2.1549184,2.4735265,0.19682163
1.5952965,5.567315,1.7213888,4.8972216,1.4379752,-2.0642934,1.4666352,0.300965
0.6852254,6.120938,1.751431,4.8851953,1.4298878,-2.0748575,1.5676286,0.44642246
0.7330789,6.154703,1.7427907,4.947076,1.4262304,-2.141569,2.1570997,0.06756359
1.7153517,8.640715,1.702935,4.9534254,1.4187119,-2.0773554,0.6911745,-0.096895546
2.399481,4.9668536,1.6535423,4.926959,1.475899,-2.1634395,0.28814304,0.4013685
2.2598524,4.1019683,1.6231608,4.8489904,1.5023046,-2.1600785,0.31603253,-0.08079779
1.9449384,7.8916645,1.62569,4.8385086,1.5244608,-2.1889489,0.30816865,-0.042918682
1.4637136,6.6752744,1.6461668,4.798046,1.572248,-2.234253,0.5899081,-0.11566979
2.2532516,3.3568127,1.615479,4.706066,1.5820653,-2.2912254,0.0695951,0.17734718
2.3807323,7.20326,1.6104555,4.7771845,1.5778456,-2.253946,2.7528908,0.47138143
2.247302,8.922552,1.6077728,4.7714763,1.5949745,-2.1929734,1.252768,0.107129574
1.7829417,5.0425005,1.5537,4.8385005,1.5865705,-2.251043,0.31675243,-0.19087374
1.3815465,6.7501473,1.5614057,4.7762403,1.6367087,-2.2506478,0.0018478632,-0.028211355
0.6339888,7.6091824,1.5662079,4.87302,1.6418993,-2.279801,0.30986333,-0.44599867
0.5957076,6.6865196,1.6194599,4.9220066,1.5898802,-2.2733498,1.0803461,-0.41324043
0.66948295,8.904953,1.6289687,4.91824,1.5948412,-2.288815,1.2272496,-0.4158381
0.67750096,9.688665,1.6389952,4.866831,1.6391313,-2.2494063,0.06479204,-0.41301012
0.6868031,9.569859,1.5837975,4.869404,1.6375573,-2.2459028,1.1970117,0.28188384
0.7834543,9.640637,1.5691934,4.8823504,1.6477554,-2.2374742,1.1011145,0.15776789
0.830878,7.003451,1.6232984,4.6869345,1.6259887,-2.2918997,0.9825933,0.089241385
0.79832023,5.691904,1.6036303,4.822621,1.6198459,-2.2876139,0.24003887,0.034502685
2.828149,6.6063137,1.567142,4.7634735,1.637248,-2.2897391,0.9544673,0.10158932
1.4683968,5.6435738,1.5590675,4.8288407,1.6160848,-2.2648218,1.6151807,0.42938447
0.9718015,5.8268447,1.5384827,4.8865776,1.6392169,-2.2671003,0.7410003,0.38943177
1.1107875,8.381338,1.4971313,4.9605546,1.6283319,-2.249583,0.6486697,0.39778173
1.3787162,2.39241,1.452621,5.0768547,1.6102993,-2.2341614,0.48255372,0.41290832
1.6577328,2.1742005,1.4497936,5.1369104,1.5904841,-2.1827202,0.47411036,0.23394126
2.6417065,9.8870125,1.4343276,5.0573215,1.6151047,-2.147333,0.08172655,0.21349466
2.145319,8.015476,1.419812,5.096437,1.6523843,-2.1982908,-0.08122575,-0.26598164
0.8714037,9.956415,1.4530478,5.2498755,1.6560841,-2.2980635,-0.26877916,-0.2501568
0.8296566,4.9428635,1.4347472,5.203246,1.6846926,-2.2682257,-0.27237087,-0.27330858
0.73303103,9.578009,1.4041424,5.2736616,1.6536088,-2.304903,0.34000564,-0.29494822
0.75293446,9.342716,1.4068158,5.34693,1.6559362,-2.3101554,-0.08044827,-0.49729562
1.0070671,8.974683,1.4042106,5.3917294,1.669276,-2.3245392,-0.07901847,-0.44553304
1.0622094,8.910393,1.3633053,5.342615,1.6364586,-2.2916737,-0.5526564,-0.44792238
0.842755,8.944049,1.38942,5.4601364,1.6700859,-2.3050961,0.22953355,-0.17989504
0.78493583,8.348954,1.3859394,5.524199,1.6128283,-2.289655,-0.22072536,-0.2729377
0.78296393,9.634392,1.3766277,5.53619,1.5790267,-2.211326,-0.5209267,-0.32918197
0.6863027,9.623234,1.3718615,5.5392547,1.5594239,-2.1961083,0.66525877,0.6336309
0.7334521,9.906005,1.402009,5.533994,1.5297058,-2.198426,1.089046,0.7157686
2.9679513,9.374641,1.4247088,5.2752714,1.5504751,-2.1546955,0.18353808,-0.10545766
2.920785,9.4422,1.4321918,5.2805715,1.5547295,-2.2042346,0.12960255,-0.18596834
2.2462244,5.6260347,1.4514058,5.172681,1.5611255,-2.2191253,0.13114858,-0.08339399
1.1374587,8.256006,1.4253149,5.2114506,1.5775383,-2.2135365,0.20193577,-0.29011342
1.5884854,9.269223,1.5095682,5.157873,1.5964398,-2.2342048,-0.16120666,-0.23164117
0.8946623,4.6354504,1.4902258,5.1849213,1.6375964,-2.3156152,-0.095345855,-0.3988341
0.5921836,4.846425,1.5051489,5.11473,1.6236045,-2.3160362,0.166008,-0.44728866
1.9273275,5.8532352,1.5173919,4.890144,1.5920658,-2.218439,-0.19395614,-0.34367335
1.7398921,3.9733622,1.5961082,4.7209454,1.5923638,-2.2186174,-0.18124193,-0.17927366
1.5090674,5.1585093,1.5412197,4.867372,1.6266193,-2.2985942,0.19565403,-0.35944206
1.6500106,3.4336853,1.4928632,4.8676357,1.6868684,-2.3248503,-0.5305955,-0.2555049
1.1601686,4.7712197,1.4853187,4.950292,1.7157373,-2.3120437,-0.119742274,0.1814
1.1258202,7.1513834,1.4230645,5.0514545,1.7033463,-2.3195798,0.4558828,0.21085423
1.3356867,9.160382,1.4668558,4.985023,1.6844647,-2.3255043,0.5239663,0.3071338
2.0180502,9.379543,1.4923594,4.961293,1.6579401,-2.2992086,1.8326802,0.74100363
2.833671,6.1483154,1.4687719,4.913265,1.661191,-2.240543,1.4381211,0.54713416
2.9976673,8.763041,1.4685175,4.9942713,1.6930666,-2.303009,1.7882488,0.24426389
2.6608536,8.954874,1.5171158,4.8574653,1.7414222,-2.3792834,1.3221838,0.616169
2.3355825,6.6574106,1.4739752,4.937787,1.7308018,-2.4136002,1.0952723,0.381863
1.9658426,4.2823706,1.4284732,4.9402313,1.7299106,-2.4152513,1.445982,0.59886765
0.91729236,5.8402214,1.4871199,4.8457003,1.6978092,-2.2430034,1.4897759,0.4157321
2.5226727,8.030208,1.554534,4.9325666,1.6859643,-2.3163285,1.102603,0.5113915
2.9711082,7.7736545,1.5647969,4.8198404,1.6810076,-2.3322282,0.5109513,0.41636443
2.765745,9.9882965,1.5569832,4.8207293,1.6822898,-2.3231516,0.27765453,0.22634006
0.9980773,2.0047066,1.6018682,4.746156,1.6521194,-2.2424088,0.95480704,0.21957964
0.82304,9.975161,1.6378365,4.725433,1.6354506,-2.2358022,1.0293777,0.25813317
1.210574,2.1497998,1.6620357,4.6472726,1.6401851,-2.3656383,2.1188896,0.097301066
0.907914,2.1078882,1.6597211,4.609695,1.6300488,-2.2879107,2.5244675,0.10965496
1.300131,2.1923292,1.6712368,4.6406345,1.6200259,-2.221627,0.40032053,0.70673394
2.8084743,9.922643,1.671529,4.4786797,1.6914537,-2.279511,0.49061167,0.5263567
1.3330194,7.567896,1.577616,4.6352515,1.6790752,-2.3234363,-0.1542821,-0.49143177
1.1016717,8.184626,1.6345701,4.6329775,1.6738744,-2.3660095,0.04390073,-0.49221155
1.9765929,7.9101486,1.6561077,4.5908704,1.6755188,-2.3707838,0.18354404,-0.48971578
2.4574761,5.0108767,1.6494613,4.5438485,1.6790402,-2.3234653,2.5918424,-0.48777848
2.3178196,5.5312247,1.6711707,4.5879645,1.6674309,-2.273075,-0.8260085,-0.4180838
2.3361773,9.299173,1.6621273,4.5150933,1.6831727,-2.3000426,-0.17426395,-0.16346318
1.6919284,8.968938,1.6671994,4.5407844,1.6706166,-2.349128,1.1899235,-0.2095601
2.151654,7.2958145,1.632576,4.697208,1.6283376,-2.3113263,1.0677257,-0.2756676
0.9302592,8.878699,1.6457062,4.6175156,1.6502824,-2.3425074,2.252373,0.0010639429
1.2735169,4.1799917,1.65693,4.6171784,1.636399,-2.278374,1.390161,0.40015054
1.3569136,9.675204,1.6283112,4.6291947,1.6501846,-2.2659907,1.3748014,-0.19893721
0.8176985,9.269861,1.6835766,4.6354284,1.6554408,-2.3501575,2.4046047,-0.33682597
2.2474082,8.707663,1.6595564,4.5045857,1.6659939,-2.360601,0.46825504,-0.32831872
1.5079451,7.3730454,1.0123358,7.461231,0.38002157,-0.9434445,1.4497535,0.7510114
2.13522,7.5481334,0.89533925,7.444272,0.36216617,-0.9617624,1.7515731,0.7607086
2.784583,7.0597734,0.8652096,7.487153,0.34863496,-0.9035473,1.3965936,0.75681186
2.1063619,6.327317,0.85041165,7.6286945,0.35167027,-0.94469833,1.143146,0.7341144
1.9118421,8.353454,0.73501706,7.766669,0.3580556,-1.0514814,2.8197398,0.71907926
1.2816937,8.392574,0.90406203,7.883676,0.34373045,-0.99466896,2.7764647,0.36878026
1.2586939,8.934084,0.7350397,8.012068,0.35793257,-0.96633554,1.9141333,0.86301076
1.3228935,8.421608,0.6796384,8.004193,0.36524725,-0.9516258,0.96787727,0.60706794
1.2224536,7.5157275,0.7150824,8.009111,0.34135056,-0.9650979,0.5194967,0.60723376
1.1735337,8.406042,0.7264309,7.9645133,0.34501123,-0.8848069,0.5790448,0.65404916
1.2180437,7.73252,0.60486317,8.057004,0.3496971,-0.9254689,0.7749641,0.6925075
1.1717054,6.353771,0.61529756,8.05979,0.2999041,-0.8574834,1.0725241,0.75809133
1.171798,5.3735,0.6389617,8.004442,0.2832284,-0.89398694,2.262352,0.6615442
1.1829346,7.662962,0.8047707,7.97633,0.28217053,-0.9236212,2.0747972,0.28741026
0.94180715,4.584197,0.8341162,8.076736,0.26639652,-0.8944838,-0.037148118,0.51424086
0.8345249,5.084119,0.9010737,8.079546,0.27077985,-0.9885118,1.809715,0.47689068
0.85667455,6.2397723,0.9213753,8.241055,0.25051618,-0.9818535,1.7012281,0.534178
0.9891355,5.913728,0.8831842,8.20191,0.2690935,-0.9788332,2.427865,0.91787124
0.8781033,5.971591,0.8764076,8.214025,0.26731634,-0.8362026,1.3337383,0.941988
0.9784225,8.398843,0.9141562,8.076555,0.26797986,-0.82740164,2.7166405,0.41585618
1.0309484,8.540237,0.9225247,8.064663,0.20451093,-0.8557601,1.9554596,0.09309995
1.0559263,8.689947,0.87132716,8.182804,0.19782448,-0.8538444,0.797426,0.15194297
0.98919773,8.19908,0.80700815,8.149606,0.2712772,-0.8706043,0.78624034,-0.010448813
1.0141768,7.2462087,0.6923884,8.301561,0.26328778,-0.87646437,-0.33318025,0.10665482
1.0821779,6.5995107,0.5545685,8.2980995,0.25413227,-0.85558724,-0.18517166,0.21084082
1.4402595,9.265291,0.53482914,8.265789,0.23406911,-0.928699,0.25564992,0.20601434
1.4079709,8.723976,0.3642429,8.260333,0.2940054,-0.87824893,0.22078991,0.16396022
2.0338326,9.104292,0.2651384,8.358135,0.21468616,-0.8391776,0.14809811,0.084223926
1.8018141,5.946378,0.26238763,8.163654,0.12602901,-0.76411843,0.049142838,0.3988558
2.9491692,4.953182,0.3848511,8.196378,0.12815404,-0.759346,0.21512544,0.3128202
2.6384737,4.172159,0.34679353,8.188149,0.13490558,-0.7625301,0.06989992,0.59345686
2.7920012,6.263088,0.33831978,8.15803,0.15174532,-0.7559705,0.0036547184,0.39534628
2.591484,6.2806916,0.23301673,8.0979805,0.17672348,-0.7640648,-0.17396486,0.042826056
2.2714157,5.9713516,0.22579718,8.076299,0.19072151,-0.7687769,-0.44090343,0.08952105
2.7465339,5.4606285,0.21043134,8.185437,0.22304606,-0.8115511,-0.4034822,0.1543237
2.8593235,8.334669,0.31074572,8.105646,0.23231554,-0.8177309,0.54575396,0.53117037
2.9710708,8.636372,0.37956,8.226643,0.22771549,-0.81112576,0.5876484,0.91075504
2.8880396,9.807795,0.5090083,8.19722,0.18018651,-0.7845957,0.009888053,0.7976818
2.8496172,6.5547066,0.3576604,8.061596,0.14666057,-0.80904126,0.29293728,0.52733314
2.8852248,5.895051,0.3197236,8.067225,0.1922009,-0.74299145,-0.006967783,0.37020767
2.858577,5.569338,0.45511866,8.202347,0.112205505,-0.6484344,-0.052870035,0.5979233
2.8173018,9.947531,0.61593616,8.312332,0.110016584,-0.721962,0.2599746,0.49240506
2.6728826,9.85705,0.5488615,8.225159,0.12753105,-0.74664855,-0.07654446,0.490305
2.9551926,8.973897,0.19869494,8.218594,0.13776207,-0.7159014,0.396757,0.68250775
2.2845297,7.108589,0.24431992,8.123461,0.15780115,-0.7477219,0.37513864,0.63093495
2.5233772,8.3267975,0.22997212,8.324969,0.14085412,-0.76068234,0.003119111,0.17797166
2.2078044,8.980297,0.08785856,8.499125,0.13281918,-0.7520089,-0.37443018,0.1293546
1.9720337,6.880543,0.17093742,8.254002,0.18651915,-0.75429916,-0.3859229,-0.013494492
2.0502934,6.223924,0.12632751,8.222684,0.18749881,-0.7633469,-0.44942135,-0.058362484
1.6140157,5.7375956,0.096075654,8.439954,0.17444825,-0.8079903,-0.21912664,-0.2270999
1.53675,6.777534,0.113065004,8.347768,0.25739884,-0.78764296,-0.3342331,0.1362158
1.4146677,5.529105,0.18732393,8.264671,0.27689123,-0.78151464,-0.438093,0.482579
1.2597317,6.600717,0.37002063,8.335385,0.29677558,-0.7992635,-0.7294549,0.4371758
1.3260291,6.4866705,0.30052936,8.417652,0.2203865,-0.78310966,-0.585387,-0.39706916
1.5497668,7.222348,0.18206906,8.412582,0.2366085,-0.8016398,-0.78037906,-0.42532378
1.5203905,8.77978,0.17791724,8.391683,0.22846746,-0.84759116,-0.1913082,-0.06019014
2.2021961,4.259709,0.076076984,8.361099,0.19494772,-0.8131342,-0.13712788,0.17288029
2.39339,4.6555786,0.30127633,7.992556,0.19294572,-0.82335234,-0.691592,-0.297598
2.5545776,4.816893,0.2986946,8.121224,0.22275949,-0.79634833,-0.7639327,-0.10493305
2.4452496,4.6581,0.21207738,8.125324,0.2425127,-0.7761178,-0.6979282,0.5141008
2.3496895,5.4892583,0.20784974,8.227819,0.26682973,-0.8353777,-0.6802056,0.38387674
2.4942958,4.738695,0.07053268,8.155583,0.21694613,-0.7949567,-0.537045,0.34160078
2.4173577,7.1702747,-0.050340474,8.481866,0.15861869,-0.77911377,-0.82521904,-0.0026538372
2.310566,9.663066,0.16066313,8.476138,0.18005657,-0.7269058,-0.8419308,0.034747124
1.8295287,9.05578,0.1347673,8.606863,0.16579127,-0.7289634,-0.8119365,-0.23304272
2.7008631,8.362467,0.06028068,8.562216,0.1695385,-0.78693986,-0.8295972,0.0006374121
1.6918681,5.258544,-0.047725856,8.372553,0.22452784,-0.7833555,-0.49815196,0.21364433
2.364249,7.2509522,0.09264302,8.307581,0.23161244,-0.8241067,-0.32818532,0.071561456
2.2671905,7.6980143,0.18650913,8.229108,0.27340484,-0.82909966,0.70483065,0.7578621
1.5448335,7.6130915,0.23470724,8.302303,0.20159316,-0.7646532,1.394872,0.7309259
1.6337197,6.1073465,0.20543087,8.302374,0.218395,-0.80817366,0.507444,0.8572006
1.7614311,7.0810394,0.2620461,8.339069,0.18864536,-0.8002536,0.92170954,0.84109294
1.6409916,7.380205,0.33375025,8.392689,0.2222116,-0.8575239,0.5298625,0.8323591
2.0340862,8.9839,0.33082795,8.37505,0.2407105,-0.883338,0.9997902,0.7583395
1.6644832,9.033143,0.14692438,8.465952,0.2640586,-0.886003,1.2225335,0.57754874
2.2072506,9.599354,0.15349889,8.422676,0.23689318,-0.86560774,0.22888613,0.6601608
2.1354973,9.596981,0.1882,8.384504,0.2631495,-0.8592732,-0.36448467,0.45907378
1.9564402,9.566784,0.2452519,8.294034,0.29626608,-0.85626817,-0.05673492,0.5429772
2.4361134,9.551685,0.3163936,8.376798,0.2554586,-0.8208983,-0.55388784,0.70034134
2.510087,8.899924,0.04264927,8.249105,0.23470235,-0.7461128,-0.58009803,0.6530343
2.539482,9.675512,0.37876546,8.354691,0.19862938,-0.81052756,0.13364458,0.27599615
2.792254,8.878445,0.07925987,8.320005,0.25552058,-0.77727437,-0.70922184,0.3860911
2.4085824,7.314542,0.20697129,8.266577,0.24539256,-0.8200941,-0.5862094,0.4087745
2.9837122,7.358807,0.15338874,8.237307,0.24608183,-0.8213277,-0.73754615,0.14375168
2.6511796,4.731247,0.19136512,8.187203,0.23014832,-0.80869055,-0.6980072,0.203511
2.719237,8.238728,0.23771405,8.121916,0.23289895,-0.7764158,-0.7846382,0.071835995
2.7243903,8.740847,0.24812758,8.16148,0.21219897,-0.7725313,-0.60437846,0.12066728
2.7432117,9.002151,0.37284386,8.190443,0.19327545,-0.7484083,-0.6530554,-0.11180854
2.9346552,9.875221,0.3234024,8.105031,0.21505785,-0.76255584,-0.49168938,-0.025566936
2.9401417,9.913348,0.4971758,8.186213,0.22043753,-0.7592814,-0.55688846,0.4644829
2.8202727,7.353998,0.41635132,8.019934,0.23666,-0.7803452,-0.41633004,0.552883
2.7971196,7.050365,0.43642938,8.024662,0.2850678,-0.7967305,-0.5473672,0.6879469
2.5705836,4.6043596,0.21442044,7.920513,0.23969674,-0.77051115,-0.58283377,0.5925299
2.8697436,3.9828877,0.5247747,7.830157,0.2420702,-0.80593777,0.6640016,0.948292
2.218476,7.9645786,0.6799998,7.9389052,0.26562977,-0.83478355,0.38486886,0.96129274
2.0024085,8.724022,0.6770905,8.031132,0.25671744,-0.83428884,0.51797295,0.9578531
2.6551404,8.003841,0.8204794,7.9084783,0.21435332,-0.7785125,1.4670997,0.8980664
1.8189845,9.609207,0.82742226,7.9417224,0.20613241,-0.84115124,1.3362863,0.8762164
1.7913046,8.836714,0.91369724,7.9305115,0.2061739,-0.8220396,1.7898962,0.8099383
1.6537179,8.434843,0.8462293,7.8760304,0.22666073,-0.8604281,1.957967,0.6532159
1.7192693,6.845026,0.8253317,7.944554,0.23507357,-0.88031435,1.9114509,0.93281376
1.672616,6.2146707,0.80764675,7.7302504,0.2749486,-0.88052464,0.73639154,0.7816211
1.2633026,3.978717,0.8029398,7.836781,0.25870514,-0.8652532,0.7425846,0.69522023
1.0913262,4.712724,0.81791687,7.862813,0.26968932,-0.85709596,2.1837118,0.6999581
1.0906031,6.732363,1.1443009,7.8311105,0.21297312,-0.89156127,2.2790995,0.5745019
1.0431082,7.576754,1.1005192,7.8083897,0.25910807,-0.8802955,2.4760764,0.46858203
1.1297946,6.4900084,1.0606899,7.8186264,0.30670834,-0.93220377,2.60728,0.72157717
1.3713351,6.5803037,0.788234,7.9914184,0.3037479,-0.9334314,-0.27067232,-0.16339397
1.4946793,5.5479074,0.6698872,7.9154606,0.3516686,-0.93307495,-0.2403835,0.33048403
1.3096095,6.6352234,0.62978506,7.9171467,0.3475511,-0.97894025,0.6589749,0.0027395487
1.4855416,5.974363,0.7422066,7.706836,0.3995893,-0.94498277,-0.28102028,0.07923567
1.5843617,7.3978815,0.77982235,7.6899886,0.39211583,-0.93414783,-0.46432102,0.4055922
1.7577789,6.248862,0.82531357,7.703976,0.3121686,-0.91352415,-0.047660947,0.6430218
1.8548399,4.201044,0.9263936,7.7047067,0.3347714,-0.95739317,0.46517968,0.7151984
1.4710376,5.977237,0.9319265,7.642478,0.31958985,-0.8686862,0.031241894,0.895697
1.2216742,4.1808596,0.9094081,7.744626,0.3280003,-0.9198384,0.26820993,0.7474675
1.7951925,9.73921,0.8253931,7.724856,0.35930395,-0.95644,0.056942344,0.41921914
1.797567,9.883953,0.8081665,7.619664,0.40950775,-0.9633579,-0.767853,0.08641952
2.9294648,4.100196,0.75018966,7.365654,0.43633056,-0.9328706,-0.42103964,-0.1482141
2.899405,6.334899,0.98436654,7.4188795,0.48146033,-1.0149925,-0.87760544,0.26706517
2.5980797,6.984257,0.83384633,7.337221,0.48912096,-1.0346959,-0.67701375,0.11007607
2.2479415,8.295599,0.85415435,7.4544144,0.48326945,-0.9907248,-0.65729946,0.075158834
2.3332253,7.9357147,0.8511126,7.5753617,0.391016,-0.9589174,-0.7319447,-0.1591149
2.752365,7.326344,0.8221365,7.62755,0.40489602,-1.0357593,-0.3953302,-0.2398653
1.72461,6.7068295,1.0550747,7.565908,0.4098959,-1.0676339,-0.17674041,-0.27222967
2.3700366,4.7003746,1.5791659,6.8696375,0.34601068,-0.9745271,0.1791836,-0.19003999
2.4545968,3.676344,1.5620685,6.8487506,0.36055422,-0.95404243,-0.15265423,-0.2300486
2.5112622,7.1639934,1.6664214,6.6353407,0.34159875,-0.99332666,0.41955173,-0.21564609
2.800258,5.297929,1.4702516,6.776102,0.36194134,-0.94567776,0.3478452,-0.10436121
2.969304,6.4326434,1.5117359,6.9529066,0.33379936,-0.9312525,0.36046827,0.058296144
2.4633057,5.035056,1.5637689,6.986392,0.3341372,-0.96727943,-0.25390667,-0.13517672
2.7919827,3.9652452,1.6271107,6.91646,0.29128242,-0.95090246,0.7817093,0.020980775
2.4951663,3.2852948,1.6656165,6.8754234,0.28490496,-1.0163112,0.5477824,0.29585057
1.2913789,4.0158806,1.7734823,6.8595896,0.26767874,-0.9560697,1.0575297,0.18538827
1.9658333,4.0805683,1.7954681,6.8629208,0.24513912,-0.9556966,0.9351419,-0.25922316
2.6034615,8.3707485,1.8829384,6.7025003,0.26786494,-0.9518051,0.77670085,-0.17745906
2.7522602,8.317404,1.96791,6.623643,0.21398783,-0.87350273,1.2019281,-0.0836581
2.8920946,5.4643927,1.9799843,6.5279293,0.24367833,-0.9109893,1.08974,0.15770566
2.886416,5.508568,1.9199953,6.576889,0.28482437,-0.96897316,1.8688481,0.1670273
1.9997568,2.6788337,1.9031062,6.556979,0.29864478,-1.0003512,1.0547092,0.18698806
2.7033074,7.453697,1.9013488,6.631191,0.33392048,-1.0070434,1.7991176,0.08309066
2.6644375,3.590464,1.8687372,6.400879,0.33799887,-0.92673445,2.4029212,0.02580005
2.503561,3.934037,1.9093854,6.4035497,0.30099583,-0.9582536,2.399003,0.22250527
1.3195411,2.8847153,1.9680259,6.42626,0.3373146,-1.0157261,1.3373096,0.5115812
1.0019405,2.7556365,1.9670181,6.4577684,0.37295032,-1.087282,1.4255707,-0.04305911
0.998664,2.9006128,1.8633535,6.396805,0.3874681,-1.0691117,1.2700322,-0.13663703
1.0304677,3.244772,1.884304,6.360692,0.4325447,-1.1395407,2.5505025,0.1194908
1.5489427,4.816152,1.8580506,6.2837725,0.4513104,-1.132668,0.7181405,0.27858937
1.7114195,3.1734455,1.9140112,6.267976,0.47035766,-1.2474165,2.6000001,0.13449812
1.2962912,4.1420517,1.9204538,6.3247232,0.5031147,-1.236827,2.2882297,0.29055625
0.93849236,4.1407366,1.9985547,6.4070864,0.44271708,-1.1909769,2.5976558,0.03459704
1.7083069,3.1492038,1.9600754,6.3859053,0.4395256,-1.1721408,2.352262,0.6148834
1.0626346,3.092098,1.8628433,6.4949274,0.4351771,-1.1246004,0.66145205,-0.10522634
2.4816742,9.562265,1.8618305,6.373365,0.47094488,-1.0897297,2.126663,-0.07403368
1.6952953,6.5586166,1.8326855,6.497196,0.44788027,-1.0763459,2.297943,0.466855
1.8149546,6.980927,1.9147611,6.293197,0.44065714,-1.0928725,1.1581156,-0.33985856
2.0521936,7.183693,1.860004,6.3107142,0.4442544,-1.0937793,1.2971377,-0.051833153
2.2815418,8.575123,1.8330729,6.3766623,0.44541693,-1.1065686,0.42558014,0.07626122
2.1111112,6.5434246,1.8329902,6.42122,0.43998837,-1.1028004,1.0160308,0.15332925
1.6040106,4.83232,1.8189025,6.4416523,0.43687415,-1.1243923,1.1404338,-0.004443705
2.2838836,3.435763,1.7602026,6.4639816,0.4442711,-1.0943568,0.23328364,-0.055175483
2.5339773,7.269689,1.7471445,6.4473,0.4446392,-1.1133213,0.8172327,0.1748358
2.1346192,4.332022,1.7158911,6.508421,0.39675093,-1.0230632,1.2298644,0.26574868
2.817417,5.545814,1.8097172,6.4836035,0.36532426,-1.0009046,0.6952381,0.36163116
2.810475,6.3247433,1.7484567,6.4998035,0.3961749,-1.0444322,1.9531784,0.20429856
2.4956784,6.177456,1.7275739,6.596673,0.4027083,-1.0564989,1.1419377,0.24142438
2.2945054,8.646448,1.6622047,6.728226,0.36865997,-1.0351305,0.47491264,0.29108667
2.618506,8.547725,1.6312101,6.7883186,0.3630767,-1.0220685,0.3856753,-0.27116525
2.5183988,4.893821,1.6398873,6.7862434,0.37480068,-1.005743,0.53166735,0.405769
2.6316195,6.7609468,1.4684792,6.9266233,0.38493276,-1.025104,0.25992203,-0.17726365
2.5177677,3.5716586,1.5406561,6.919546,0.34881186,-1.0190957,0.19270074,-0.059048593
2.8256724,4.378712,1.3792019,7.1375403,0.3294971,-1.0165188,0.23518729,0.2734021
2.2590823,5.316619,1.5254021,6.947867,0.40925217,-1.0677702,-0.27008265,-0.15103358
2.025743,3.1529298,1.5357182,6.945217,0.3950417,-1.0490291,-0.14808083,-0.14398909
1.1190583,4.0817356,1.6426644,6.7984457,0.39781308,-1.0523751,-0.01362294,0.10425526
2.2335887,6.4822564,1.630341,6.776825,0.40388203,-1.0443124,1.264327,0.034671128
2.1886997,3.88098,1.4493508,6.9428782,0.40972543,-1.076413,0.2983781,0.43578887
1.9784684,5.013281,1.325805,7.007905,0.41320014,-1.0100231,2.2308743,0.44045204
2.2154605,6.0409527,1.3950417,7.0290813,0.4238844,-1.0590953,0.62043655,0.8088901
2.4522858,8.172206,1.2677834,7.0327106,0.45520282,-1.0268502,0.44597232,0.5301299
2.4861765,5.5273104,1.2829084,7.068583,0.42016506,-1.0216246,0.47489417,0.03663981
2.907323,6.284295,1.2183254,7.066643,0.46526647,-1.1350048,0.7729342,0.8802706
2.7494118,6.4541655,1.1223536,7.1152096,0.49502206,-1.1156888,2.7302842,0.9470701
2.4810581,8.101656,1.1042242,7.1749077,0.47464228,-1.0829111,2.4688578,0.4002247
2.015214,4.196453,1.1084232,7.154251,0.5090184,-1.0828633,0.5473653,0.97572434
2.1281624,6.0962915,1.1169236,7.3130774,0.5220916,-1.1023725,0.71719086,0.9386202
1.3284875,5.758929,1.1347187,7.288287,0.50466466,-1.086323,-0.0027689338,0.7605294
2.490634,5.254335,1.1395772,7.2273073,0.43965435,-1.1011605,2.55771,0.5995772
2.3378658,6.357612,1.0075276,7.274601,0.44901156,-1.1086342,1.6522436,0.7151265
2.100683,5.667129,1.0023847,7.4950285,0.4535637,-1.0687068,1.2435396,0.7718189
1.5951283,5.743289,0.9428631,7.552307,0.45532823,-1.13251,0.8177669,0.37139165
1.3952342,7.0835433,0.94782114,7.533045,0.44598985,-1.0974667,0.46039093,0.63784325
1.0963902,7.091197,1.0121741,7.591088,0.4216063,-1.0277741,0.67511725,0.37642777
1.6289247,6.566269,0.9874263,7.545652,0.44332814,-1.031656,0.8373877,0.97880757
2.5868745,6.5731277,0.83105206,7.5084558,0.44048762,-1.0969573,-0.01777941,-0.24785554
2.8785708,6.4996147,0.83662343,7.6408443,0.41231084,-1.0085657,-0.77087295,-0.4111526
2.9013562,9.149861,0.7679939,7.677202,0.3802023,-0.9731102,-0.7038311,-0.41566044
2.5669842,7.6557918,0.77757716,7.736823,0.35555983,-0.96999645,-0.8479747,-0.10324156
2.6806448,9.113689,0.8098477,7.787137,0.36520982,-1.0416496,-0.6925693,0.02380848
2.1263325,4.632868,0.7442534,7.60314,0.46063948,-1.0268822,0.4941895,0.22308403
2.1142743,7.612348,0.7545185,7.6466064,0.41203117,-1.0120318,-0.53894114,-0.3802301
2.2040038,5.469304,1.0194721,7.6255455,0.42971468,-1.1031225,-0.515213,-0.4355635
2.4358683,9.972248,0.7635145,7.606611,0.44841623,-1.0623817,-0.36511856,0.02520597
2.0892692,5.434884,0.78021324,7.5899506,0.4552276,-1.0515363,-0.29495418,0.39112914
2.445235,6.7726717,0.8663161,7.627984,0.40491438,-1.0492154,0.24546683,0.87242854
1.8834763,8.281333,0.71401,7.8041005,0.4103558,-0.9904125,1.8841574,0.7789829
1.9446996,8.422968,0.67204666,7.8198013,0.3671453,-0.9771056,2.1838326,0.6121993
1.92031,6.8896403,0.7137073,7.7728148,0.33088136,-0.9792533,2.6376038,0.77250326
2.48669,7.263695,0.7004552,7.707896,0.36553788,-0.99555254,0.08802569,-0.041924715
2.992352,2.344486,0.85938096,7.6196613,0.33229446,-1.0115354,0.0052080154,-0.052669466
2.9516745,3.0198689,0.76853025,7.7138677,0.32937455,-0.94703364,-0.21928084,0.3792684
2.9434466,5.905979,0.7916038,7.7690363,0.32336378,-0.98396516,-0.23923653,0.2590716
1.0181264,4.0679803,0.82677555,7.8662825,0.3214314,-0.9276612,0.010214686,0.13615286
1.2024407,5.005453,0.8454037,7.811436,0.33900785,-0.91271544,-0.7480223,-0.43100035
1.3434114,5.9152784,1.100527,7.662355,0.2854867,-0.8504553,-0.77088463,-0.47093827
1.4141881,2.4606626,1.012666,7.664891,0.23088765,-0.8291912,-0.5707678,-0.48153123
2.7993705,2.3358057,0.9666219,7.628134,0.19392514,-0.8233957,-0.2910254,-0.43066618
1.8944257,2.4164684,1.1051705,7.6171207,0.1746769,-0.8216233,-0.30662572,0.14468706
2.7479732,4.763316,1.1019719,7.5881867,0.14736032,-0.83506393,0.1754334,0.45530033
1.8906242,5.6940928,1.3886855,7.6060667,0.14774656,-0.76678705,1.4046464,0.45031273
1.8945878,7.23896,1.398083,7.676274,0.03521657,-0.72335625,2.7452466,0.29486638
2.557007,8.023905,1.4011908,7.6590047,0.04143524,-0.7246089,2.7871833,0.6067953
2.7245498,5.683365,1.3756349,7.5285845,0.03907633,-0.7321019,2.847098,0.67351615
2.4231613,5.141346,1.3328676,7.446721,0.07231736,-0.7589946,2.9145,0.4391907
1.7482988,3.8051677,1.3709846,7.475912,0.079627275,-0.71702766,2.8964348,0.8646691
2.853195,4.888934,1.3835049,7.4828925,0.1156435,-0.7634096,2.6202757,0.83146226
2.4561846,2.0464547,1.075165,7.472096,0.12049246,-0.7144494,0.7023928,0.90439653
2.7001472,3.9016619,1.2227175,7.53601,0.14464593,-0.79972744,2.6513982,0.89662814
1.7778949,8.551779,1.2497594,7.601062,0.14895582,-0.80138016,2.8417919,0.55897045
1.7616408,6.8938856,1.2418978,7.6687765,0.13279152,-0.76188755,1.672723,0.54873085
1.4434168,5.1522455,1.2806728,7.6592045,0.107584,-0.8314884,1.6997542,0.44696712
1.8897456,5.0979114,1.2708275,7.6066475,0.17313337,-0.81101894,1.1013515,0.45042163
1.6654419,8.261078,1.2352948,7.603855,0.19193625,-0.90200996,2.0505354,0.51229453
1.450307,8.139342,1.3427322,7.539917,0.19955349,-0.8318689,2.959724,0.7023442
1.4526027,5.5346365,1.3072417,7.5133405,0.21952271,-0.82887506,2.43267,0.7010317
2.8965898,7.0258527,1.1365442,7.5236363,0.2093494,-0.85943127,0.5909419,0.68325865
2.1698854,7.3516603,1.1070294,7.60493,0.20407581,-0.8177817,0.67704546,0.5736253
2.8022869,7.2876425,1.1615133,7.476622,0.21441579,-0.8035276,0.4531145,0.5874959
1.8465728,6.636522,1.253998,7.449583,0.17630196,-0.8433511,0.80410314,0.32964778
2.151863,7.447176,1.3294489,7.447432,0.17991233,-0.82353973,1.9385874,0.3470273
2.3174324,6.932435,1.2323866,7.5777206,0.18253636,-0.8372879,2.7173293,0.77627397
2.3754609,6.6789284,1.1473033,7.594994,0.19465303,-0.8312249,0.04339254,0.76567566
2.4181955,4.901878,0.88929546,7.5545855,0.2095766,-0.7980895,-0.18362129,0.31125468
2.9161758,4.147471,0.9069222,7.5639715,0.2087102,-0.82011294,2.3691788,0.50122476
2.3359318,5.2564154,0.81498027,7.711966,0.24695468,-0.84007406,-0.22908586,0.29168856
2.534458,5.9349413,0.8482791,7.6994886,0.24850178,-0.92364,0.13324809,0.39690334
1.8776673,7.650952,0.808414,7.610208,0.3427353,-0.9910836,-0.01297605,0.20714891
2.5967355,8.362796,0.84386957,7.701047,0.2951522,-0.9341986,0.062745094,0.24385256
2.764834,7.4279175,0.83156204,7.696929,0.28859973,-0.90539455,-0.5624359,0.05020845
2.5557349,5.7506933,0.90445745,7.6548643,0.24101853,-0.88449883,-0.4280126,-0.3877681
